<?xml version="1.0" encoding="UTF-8"  standalone="yes"?>
<PcGts xmlns="http://schema.primaresearch.org/PAGE/gts/pagecontent/2019-07-15" xmlns:xsi="http://www.w3.org/2001/XMLSchema-instance" xsi:schemaLocation="http://schema.primaresearch.org/PAGE/gts/pagecontent/2019-07-15 http://schema.primaresearch.org/PAGE/gts/pagecontent/2019-07-15/pagecontent.xsd">
  <Metadata>
	<Creator>escriptorium</Creator>
	<Created>2024-07-13T11:17:30.919577+00:00</Created>
        <LastChange>2024-07-13T11:17:30.919599+00:00</LastChange>
  </Metadata>
  <Page imageFilename="1775-Saemmtliche_Poetische_Werke_Schmieder_Bd_2_VD18_90914287_NEU-302.png" imageWidth="657" imageHeight="1097">
    <TextRegion id="region_1720033364692_6"  custom="structure {type:header;}">
      <Coords points="197,135 197,102 367,98 368,130"/>
    </TextRegion>
    <TextRegion id="region_1720033370919_9"  custom="structure {type:page-number;}">
      <Coords points="455,130 456,110 504,106 506,136"/>
    </TextRegion>
    <TextRegion id="region_1720033385352_12"  custom="structure {type:poem_lg;}">
      <Coords points="59,250 56,136 520,145 513,257 339,254 317,253 311,250 243,251 201,255"/>
    </TextRegion>
    <TextRegion id="region_1720033393654_15"  custom="structure {type:heading;}">
      <Coords points="242,280 246,255 313,255 323,282"/>
    </TextRegion>
    <TextRegion id="region_1720033398744_18"  custom="structure {type:poem_lg;}">
      <Coords points="234,301 231,277 61,272 60,307"/>
    </TextRegion>
    <TextRegion id="region_1720033403955_21"  custom="structure {type:heading;}">
      <Coords points="305,321 293,323 267,322 233,320 238,294 313,295 315,316"/>
    </TextRegion>
    <TextRegion id="region_1720033413916_24"  custom="structure {type:poem_lg;}">
      <Coords points="514,373 508,317 312,319 302,337 60,343 57,370"/>
    </TextRegion>
    <TextRegion id="region_1720033423486_27"  custom="structure {type:heading;}">
      <Coords points="242,398 238,374 325,374 328,398"/>
    </TextRegion>
    <TextRegion id="region_1720033431414_30"  custom="structure {type:poem_lg;}">
      <Coords points="468,563 473,403 373,398 319,401 268,401 239,401 54,395 64,559"/>
    </TextRegion>
    <TextRegion id="region_1720033449015_36"  custom="structure {type:paragraph;}">
      <Coords points="190,615 195,591 403,596 399,624"/>
    </TextRegion>
    <TextRegion id="region_1720033462766_39"  custom="structure {type:drop-capital;}">
      <Coords points="65,646 69,612 112,615 110,633 103,651 89,657"/>
    </TextRegion>
    <TextRegion id="region_1720033493221_42"  custom="structure {type:poem_lg;}">
      <Coords points="105,653 107,642 129,636 469,629 484,739 527,756 525,829 486,958 415,968 71,960 69,656 94,662"/>
    </TextRegion>
    <TextRegion id="region_1720033505090_45"  custom="structure {type:catch-word;}">
      <Coords points="472,984 473,961 498,959 519,964 518,985"/>
    </TextRegion>
  </Page>
</PcGts>
