<?xml version="1.0" encoding="UTF-8"  standalone="yes"?>
<PcGts xmlns="http://schema.primaresearch.org/PAGE/gts/pagecontent/2019-07-15" xmlns:xsi="http://www.w3.org/2001/XMLSchema-instance" xsi:schemaLocation="http://schema.primaresearch.org/PAGE/gts/pagecontent/2019-07-15 http://schema.primaresearch.org/PAGE/gts/pagecontent/2019-07-15/pagecontent.xsd">
  <Metadata>
	<Creator>escriptorium</Creator>
	<Created>2024-07-13T11:17:30.257353+00:00</Created>
        <LastChange>2024-07-13T11:17:30.257380+00:00</LastChange>
  </Metadata>
  <Page imageFilename="1775-Saemmtliche_Poetische_Werke_Schmieder_Bd_2_VD18_90914287_NEU-228.png" imageWidth="657" imageHeight="1097">
    <TextRegion id="region_1720034832143_300"  custom="structure {type:header;}">
      <Coords points="227,135 229,106 379,106 385,140 265,138 235,140"/>
    </TextRegion>
    <TextRegion id="region_1720034843064_303"  custom="structure {type:page-number;}">
      <Coords points="473,137 472,110 526,113 521,140"/>
    </TextRegion>
    <TextRegion id="region_1720034824193_297"  custom="structure {type:heading;}">
      <Coords points="142,175 144,140 461,151 462,179 384,185 206,184 149,186"/>
    </TextRegion>
    <TextRegion id="region_1720034806205_294"  custom="structure {type:drop-capital;}">
      <Coords points="82,220 82,173 132,176 129,201 124,206 123,224"/>
    </TextRegion>
    <TextRegion id="region_1720034798199_291"  custom="structure {type:poem_lg;}">
      <Coords points="77,249 77,304 91,313 538,308 537,188 142,199 130,204 125,209 124,226 124,247"/>
    </TextRegion>
    <TextRegion id="region_1720034772635_288"  custom="structure {type:poem_lg;}">
      <Coords points="70,665 76,318 533,318 524,684 102,682"/>
    </TextRegion>
    <TextRegion id="region_1720034936289_320"  custom="structure {type:drop-capital;}">
      <Coords points="127,753 129,727 150,727 151,735 147,748 148,758 138,759"/>
    </TextRegion>
    <TextRegion id="region_1720034753874_285"  custom="structure {type:poem_lg;}">
      <Coords points="150,743 150,763 125,758 81,754 80,797 286,807 316,819 423,823 478,798 543,794 530,723 157,728"/>
    </TextRegion>
    <TextRegion id="region_1720034729992_282"  custom="structure {type:footnote;}">
      <Coords points="268,874 261,823 84,816 89,869"/>
    </TextRegion>
    <TextRegion id="region_1720034705794_273"  custom="structure {type:signature-mark;}">
      <Coords points="84,979 84,943 385,945 379,995 210,990"/>
    </TextRegion>
    <TextRegion id="region_1720034710437_276"  custom="structure {type:catch-word;}">
      <Coords points="477,988 472,943 539,951 536,988"/>
    </TextRegion>
  </Page>
</PcGts>
