<?xml version="1.0" encoding="UTF-8"  standalone="yes"?>
<PcGts xmlns="http://schema.primaresearch.org/PAGE/gts/pagecontent/2019-07-15" xmlns:xsi="http://www.w3.org/2001/XMLSchema-instance" xsi:schemaLocation="http://schema.primaresearch.org/PAGE/gts/pagecontent/2019-07-15 http://schema.primaresearch.org/PAGE/gts/pagecontent/2019-07-15/pagecontent.xsd">
  <Metadata>
	<Creator>escriptorium</Creator>
	<Created>2024-07-13T11:17:29.851615+00:00</Created>
        <LastChange>2024-07-13T11:17:29.851652+00:00</LastChange>
  </Metadata>
  <Page imageFilename="1775-Saemmtliche_Poetische_Werke_Schmieder_Bd_2_VD18_90914287_NEU-181.png" imageWidth="657" imageHeight="1095">
    <TextRegion id="region_1720035723001_411"  custom="structure {type:page-number;}">
      <Coords points="135,124 134,97 198,90 195,125 155,129"/>
    </TextRegion>
    <TextRegion id="region_1720035734482_414"  custom="structure {type:header;}">
      <Coords points="234,90 238,126 503,122 492,87"/>
    </TextRegion>
    <TextRegion id="region_1720035750002_417"  custom="structure {type:poem_lg;}">
      <Coords points="162,134 493,133 507,215 531,218 526,248 160,247"/>
    </TextRegion>
    <TextRegion id="region_1720035760542_420"  custom="structure {type:drop-capital;}">
      <Coords points="219,296 220,263 183,263 186,297"/>
    </TextRegion>
    <TextRegion id="region_1720035781721_423"  custom="structure {type:poem_lg;}">
      <Coords points="221,298 221,277 231,265 597,266 579,495 311,490 133,494 141,321 209,315"/>
    </TextRegion>
    <TextRegion id="region_1720035831633_428"  custom="structure {type:poem_lg;}">
      <Coords points="164,504 271,497 543,501 585,500 587,541 533,545 542,640 606,641 594,706 465,705 457,727 446,760 152,763 126,762"/>
    </TextRegion>
    <TextRegion id="region_1720035940774_441"  custom="structure {type:catch-word;}">
      <Coords points="544,771 541,750 580,737 598,758 575,770"/>
    </TextRegion>
    <TextRegion id="region_1720035854593_432"  custom="structure {type:footnote;}">
      <Coords points="175,776 595,775 598,973 149,962"/>
    </TextRegion>
  </Page>
</PcGts>
