<?xml version="1.0" encoding="UTF-8"  standalone="yes"?>
<PcGts xmlns="http://schema.primaresearch.org/PAGE/gts/pagecontent/2019-07-15" xmlns:xsi="http://www.w3.org/2001/XMLSchema-instance" xsi:schemaLocation="http://schema.primaresearch.org/PAGE/gts/pagecontent/2019-07-15 http://schema.primaresearch.org/PAGE/gts/pagecontent/2019-07-15/pagecontent.xsd">
  <Metadata>
	<Creator>escriptorium</Creator>
	<Created>2024-07-13T11:17:30.578053+00:00</Created>
        <LastChange>2024-07-13T11:17:30.578086+00:00</LastChange>
  </Metadata>
  <Page imageFilename="1775-Saemmtliche_Poetische_Werke_Schmieder_Bd_2_VD18_90914287_NEU-281.png" imageWidth="657" imageHeight="1097">
    <TextRegion id="region_1720034037719_141"  custom="structure {type:page-number;}">
      <Coords points="197,132 197,97 133,95 145,128"/>
    </TextRegion>
    <TextRegion id="region_1720034045708_144"  custom="structure {type:header;}">
      <Coords points="232,130 234,90 506,104 504,135"/>
    </TextRegion>
    <TextRegion id="region_1720034053967_147"  custom="structure {type:heading;}">
      <Coords points="301,144 302,174 422,177 413,141 312,139"/>
    </TextRegion>
    <TextRegion id="region_1720034065764_150"  custom="structure {type:drop-capital;}">
      <Coords points="179,207 186,167 168,159 142,165 144,206"/>
    </TextRegion>
    <TextRegion id="region_1720034090627_153"  custom="structure {type:poem_lg;}">
      <Coords points="183,211 182,198 191,183 223,182 533,195 570,412 136,409 141,214"/>
    </TextRegion>
    <TextRegion id="region_1720034144568_166"  custom="structure {type:poem_lg;}">
      <Coords points="148,434 124,503 128,683 574,671 595,425 174,418"/>
    </TextRegion>
    <TextRegion id="region_1720034154421_169"  custom="structure {type:catch-word;}">
      <Coords points="520,675 574,676 572,702 517,703 510,681"/>
    </TextRegion>
    <TextRegion id="region_1720034185584_175"  custom="structure {type:footnote;}">
      <Coords points="144,707 155,902 599,919 609,707 158,699"/>
    </TextRegion>
    <TextRegion id="region_1720034195597_178"  custom="structure {type:footnote;}">
      <Coords points="324,960 325,911 145,903 148,953"/>
    </TextRegion>
  </Page>
</PcGts>
