<mets xmlns="http://www.loc.gov/METS/" xmlns:xlink="http://www.w3.org/1999/xlink">
  <fileSec>
    
    <fileGrp USE="image">
      
        <file ID="image1">
          <FLocat xlink:href="1775-Saemmtliche_Poetische_Werke_Schmieder_Bd_2_VD18_90914287_NEU-047.png"/>
        </file>
      
        <file ID="image2">
          <FLocat xlink:href="1775-Saemmtliche_Poetische_Werke_Schmieder_Bd_2_VD18_90914287_NEU-069.png"/>
        </file>
      
        <file ID="image3">
          <FLocat xlink:href="1775-Saemmtliche_Poetische_Werke_Schmieder_Bd_2_VD18_90914287_NEU-181.png"/>
        </file>
      
        <file ID="image4">
          <FLocat xlink:href="1775-Saemmtliche_Poetische_Werke_Schmieder_Bd_2_VD18_90914287_NEU-228.png"/>
        </file>
      
        <file ID="image5">
          <FLocat xlink:href="1775-Saemmtliche_Poetische_Werke_Schmieder_Bd_2_VD18_90914287_NEU-281.png"/>
        </file>
      
        <file ID="image6">
          <FLocat xlink:href="1775-Saemmtliche_Poetische_Werke_Schmieder_Bd_2_VD18_90914287_NEU-302.png"/>
        </file>
      
    </fileGrp>
    
    <fileGrp USE="export">
      
        <file ID="export1">
          <FLocat xlink:href="1775-Saemmtliche_Poetische_Werke_Schmieder_Bd_2_VD18_90914287_NEU-047.xml"/>
        </file>
      
        <file ID="export2">
          <FLocat xlink:href="1775-Saemmtliche_Poetische_Werke_Schmieder_Bd_2_VD18_90914287_NEU-069.xml"/>
        </file>
      
        <file ID="export3">
          <FLocat xlink:href="1775-Saemmtliche_Poetische_Werke_Schmieder_Bd_2_VD18_90914287_NEU-181.xml"/>
        </file>
      
        <file ID="export4">
          <FLocat xlink:href="1775-Saemmtliche_Poetische_Werke_Schmieder_Bd_2_VD18_90914287_NEU-228.xml"/>
        </file>
      
        <file ID="export5">
          <FLocat xlink:href="1775-Saemmtliche_Poetische_Werke_Schmieder_Bd_2_VD18_90914287_NEU-281.xml"/>
        </file>
      
        <file ID="export6">
          <FLocat xlink:href="1775-Saemmtliche_Poetische_Werke_Schmieder_Bd_2_VD18_90914287_NEU-302.xml"/>
        </file>
      
    </fileGrp>
  </fileSec>
  <structMap TYPE="physical">
    <div TYPE="document">
      
      <div TYPE="page">
        <fptr FILEID="image1"/>
        <fptr FILEID="export1"/>
      </div>
      
      <div TYPE="page">
        <fptr FILEID="image2"/>
        <fptr FILEID="export2"/>
      </div>
      
      <div TYPE="page">
        <fptr FILEID="image3"/>
        <fptr FILEID="export3"/>
      </div>
      
      <div TYPE="page">
        <fptr FILEID="image4"/>
        <fptr FILEID="export4"/>
      </div>
      
      <div TYPE="page">
        <fptr FILEID="image5"/>
        <fptr FILEID="export5"/>
      </div>
      
      <div TYPE="page">
        <fptr FILEID="image6"/>
        <fptr FILEID="export6"/>
      </div>
      
    </div>
  </structMap>
</mets>
