<?xml version="1.0" encoding="UTF-8" standalone="yes"?>
<PcGts xmlns="http://schema.primaresearch.org/PAGE/gts/pagecontent/2013-07-15" xmlns:xsi="http://www.w3.org/2001/XMLSchema-instance" xsi:schemaLocation="http://schema.primaresearch.org/PAGE/gts/pagecontent/2013-07-15 http://schema.primaresearch.org/PAGE/gts/pagecontent/2013-07-15/pagecontent.xsd">
    <Metadata>
        <Creator>Transkribus</Creator>
        <Created>2024-06-25T12:28:16.422+02:00</Created>
        <LastChange>2024-06-25T17:08:13.297+02:00</LastChange>
        <TranskribusMetadata docId="2986867" pageId="73468964" pageNr="4" tsid="174060107" status="IN_PROGRESS" userId="241044" imgUrl="https://files.transkribus.eu/Get?id=JPOCRXFRAGJMTLCALXVDBYCI&amp;fileType=view" xmlUrl="https://files.transkribus.eu/Get?id=YZJVZIZLOMIWGHJPWLOVPOAY" imageId="59328063"/>
    </Metadata>
    <Page imageFilename="1789,_Saemmtliche_Poetische_Werke,_Baumeister,_Bd._2,_VD18_80391567-001_Seite_049_Bild_0001.jpg" imageWidth="895" imageHeight="1508" type="content">
        <ReadingOrder>
            <OrderedGroup id="ro_1719329016366" caption="Regions reading order">
                <RegionRefIndexed index="0" regionRef="region_1719311332527_18"/>
                <RegionRefIndexed index="1" regionRef="region_1719311339431_21"/>
                <RegionRefIndexed index="2" regionRef="region_1719311343472_24"/>
                <RegionRefIndexed index="4" regionRef="region_1719311347610_27"/>
                <RegionRefIndexed index="5" regionRef="region_1719311370280_30"/>
                <RegionRefIndexed index="6" regionRef="region_1719311376283_33"/>
            </OrderedGroup>
        </ReadingOrder>
        <TextRegion type="page-number" id="region_1719311332527_18" custom="readingOrder {index:0;} structure {type:page-number;}">
            <Coords points="140,106 189,106 189,144 140,144"/>
        </TextRegion>
        <TextRegion type="footnote-continued" id="region_1719311339431_21" custom="readingOrder {index:1;} structure {type:footnote-continued;}">
            <Coords points="129,151 770,151 770,405 129,405"/>
        </TextRegion>
        <TextRegion type="header" id="region_1719311343472_24" custom="readingOrder {index:2;} structure {type:header;}">
            <Coords points="283,437 619,437 619,497 283,497"/>
        </TextRegion>
        <SeparatorRegion id="Separator_1719311324272_15" custom="readingOrder {index:3;}">
            <Coords points="364,510 528,510 528,546 364,546"/>
        </SeparatorRegion>
        <TextRegion type="header" id="region_1719311347610_27" custom="readingOrder {index:4;} structure {type:header;}">
            <Coords points="225,549 688,549 688,609 225,609"/>
        </TextRegion>
        <TextRegion id="region_1719311370280_30" custom="readingOrder {index:5;} structure {type:poem_lg;}">
            <Coords points="143,632 774,632 774,950 143,950"/>
        </TextRegion>
        <TextRegion id="region_1719311376283_33" custom="readingOrder {index:6;} structure {type:poem_lg;}">
            <Coords points="140,983 769,983 769,1330 140,1330"/>
        </TextRegion>
    </Page>
</PcGts>
