<?xml version="1.0" encoding="UTF-8" standalone="yes"?>
<PcGts xmlns="http://schema.primaresearch.org/PAGE/gts/pagecontent/2013-07-15" xmlns:xsi="http://www.w3.org/2001/XMLSchema-instance" xsi:schemaLocation="http://schema.primaresearch.org/PAGE/gts/pagecontent/2013-07-15 http://schema.primaresearch.org/PAGE/gts/pagecontent/2013-07-15/pagecontent.xsd">
    <Metadata>
        <Creator>Transkribus</Creator>
        <Created>2024-06-25T11:28:03.046+02:00</Created>
        <LastChange>2024-06-25T11:37:30.332+02:00</LastChange>
        <TranskribusMetadata docId="2986867" pageId="73468939" pageNr="2" tsid="174034661" status="IN_PROGRESS" userId="241044" imgUrl="https://files.transkribus.eu/Get?id=LYHQTTASOPYALASQJEVXOHSU&amp;fileType=view" xmlUrl="https://files.transkribus.eu/Get?id=TRYJGIPXRAEUFEWUGYHNCARG" imageId="59328126"/>
    </Metadata>
    <Page imageFilename="1789,_Saemmtliche_Poetische_Werke,_Baumeister,_Bd._1,_VD18_80391559-001_Seite_148_Bild_0001.jpg" imageWidth="896" imageHeight="1506">
        <ReadingOrder>
            <OrderedGroup id="ro_1719329015789" caption="Regions reading order">
                <RegionRefIndexed index="0" regionRef="region_1719307866826_271"/>
                <RegionRefIndexed index="1" regionRef="region_1719307871587_274"/>
                <RegionRefIndexed index="2" regionRef="region_1719308122484_292"/>
                <RegionRefIndexed index="3" regionRef="region_1719307897838_277"/>
                <RegionRefIndexed index="4" regionRef="region_1719307916288_280"/>
                <RegionRefIndexed index="5" regionRef="region_1719308098123_285"/>
            </OrderedGroup>
        </ReadingOrder>
        <TextRegion type="page-number" id="region_1719307866826_271" custom="readingOrder {index:0;} structure {type:page-number;}">
            <Coords points="695,106 749,106 749,140 695,140"/>
        </TextRegion>
        <TextRegion type="paragraph" id="region_1719307871587_274" custom="readingOrder {index:1;} structure {type:paragraph;}">
            <Coords points="121,149 747,149 747,367 121,367"/>
        </TextRegion>
        <TextRegion type="endnote" id="region_1719308122484_292" custom="readingOrder {index:2;} structure {type:endnote;}">
            <Coords points="118,388 766,385 763,1302 513,1301 512,1374 116,1376"/>
        </TextRegion>
        <TextRegion type="paragraph" id="region_1719307897838_277" custom="readingOrder {index:3;} structure {type:paragraph;}">
            <Coords points="743,402 161,402 161,705 743,705"/>
        </TextRegion>
        <TextRegion type="paragraph" id="region_1719307916288_280" custom="readingOrder {index:4;} structure {type:paragraph;}">
            <Coords points="134,734 743,734 742,1291 461,1291 461,1360 134,1358"/>
        </TextRegion>
        <TextRegion type="signature-mark" id="region_1719308098123_285" custom="readingOrder {index:5;} structure {type:signature-mark;}">
            <Coords points="596,1315 641,1315 641,1366 596,1366"/>
        </TextRegion>
    </Page>
</PcGts>
