<?xml version="1.0" encoding="UTF-8" standalone="yes"?>
<PcGts xmlns="http://schema.primaresearch.org/PAGE/gts/pagecontent/2013-07-15" xmlns:xsi="http://www.w3.org/2001/XMLSchema-instance" xsi:schemaLocation="http://schema.primaresearch.org/PAGE/gts/pagecontent/2013-07-15 http://schema.primaresearch.org/PAGE/gts/pagecontent/2013-07-15/pagecontent.xsd">
    <Metadata>
        <Creator>Transkribus</Creator>
        <Created>2024-06-25T11:28:03.001+02:00</Created>
        <LastChange>2024-06-25T11:30:56.493+02:00</LastChange>
        <TranskribusMetadata docId="2986867" pageId="73469011" pageNr="1" tsid="174034528" status="IN_PROGRESS" userId="241044" imgUrl="https://files.transkribus.eu/Get?id=WCSUIHCUBUWHQZHQWIIZLDCS&amp;fileType=view" xmlUrl="https://files.transkribus.eu/Get?id=LSHEEUEQNSEGZQDTXGNFBKAG" imageId="59328024"/>
    </Metadata>
    <Page imageFilename="1789,_Saemmtliche_Poetische_Werke,_Baumeister,_Bd._1,_VD18_80391559-001_Seite_047_Bild_0001.jpg" imageWidth="888" imageHeight="1510" type="content">
        <ReadingOrder>
            <OrderedGroup id="ro_1719329014630" caption="Regions reading order">
                <RegionRefIndexed index="0" regionRef="region_1719307695690_245"/>
                <RegionRefIndexed index="1" regionRef="region_1719307713447_251"/>
                <RegionRefIndexed index="2" regionRef="region_1719307723753_254"/>
                <RegionRefIndexed index="4" regionRef="region_1719307732181_257"/>
            </OrderedGroup>
        </ReadingOrder>
        <TextRegion type="page-number" id="region_1719307695690_245" custom="readingOrder {index:0;} structure {type:page-number;}">
            <Coords points="99,96 276,96 276,139 99,139"/>
        </TextRegion>
        <TextRegion type="paragraph" id="region_1719307713447_251" custom="readingOrder {index:1;} structure {type:paragraph;}">
            <Coords points="95,168 737,168 737,532 95,532"/>
        </TextRegion>
        <TextRegion type="paragraph" id="region_1719307723753_254" custom="readingOrder {index:2;} structure {type:paragraph;}">
            <Coords points="126,572 733,572 733,1055 126,1055"/>
        </TextRegion>
        <SeparatorRegion id="Separator_1719307705958_248" custom="readingOrder {index:3;}">
            <Coords points="108,1092 737,1092 737,1144 108,1144"/>
        </SeparatorRegion>
        <TextRegion type="endnote" id="region_1719307732181_257" custom="readingOrder {index:4;} structure {type:endnote;}">
            <Coords points="108,1326 743,1326 743,1187 108,1187"/>
        </TextRegion>
    </Page>
</PcGts>
