<?xml version="1.0" encoding="UTF-8" standalone="yes"?>
<PcGts xmlns="http://schema.primaresearch.org/PAGE/gts/pagecontent/2013-07-15" xmlns:xsi="http://www.w3.org/2001/XMLSchema-instance" xsi:schemaLocation="http://schema.primaresearch.org/PAGE/gts/pagecontent/2013-07-15 http://schema.primaresearch.org/PAGE/gts/pagecontent/2013-07-15/pagecontent.xsd">
    <Metadata>
        <Creator>Transkribus</Creator>
        <Created>2024-06-25T12:28:16.504+02:00</Created>
        <LastChange>2024-06-25T17:08:47.233+02:00</LastChange>
        <TranskribusMetadata docId="2986867" pageId="73469012" pageNr="5" tsid="174063910" status="IN_PROGRESS" userId="241044" imgUrl="https://files.transkribus.eu/Get?id=DMXTJOANZIJOZIACRYQLSVYK&amp;fileType=view" xmlUrl="https://files.transkribus.eu/Get?id=JONTOUDPTUDHJPVPTAWHWQJL" imageId="59328127"/>
    </Metadata>
    <Page imageFilename="1789,_Saemmtliche_Poetische_Werke,_Baumeister,_Bd._2,_VD18_80391567-001_Seite_059_Bild_0001.jpg" imageWidth="887" imageHeight="1509" type="content">
        <ReadingOrder>
            <OrderedGroup id="ro_1719329016756" caption="Regions reading order">
                <RegionRefIndexed index="0" regionRef="region_1719311434746_52"/>
                <RegionRefIndexed index="1" regionRef="region_1719311439386_55"/>
                <RegionRefIndexed index="3" regionRef="region_1719311445418_58"/>
                <RegionRefIndexed index="4" regionRef="region_1719311448927_61"/>
                <RegionRefIndexed index="5" regionRef="region_1719311465841_67"/>
                <RegionRefIndexed index="6" regionRef="region_1719311461608_64"/>
            </OrderedGroup>
        </ReadingOrder>
        <Relations>
            <Relation type="link">
                <RegionRef regionRef="region_1719311465841_67"/>
                <RegionRef regionRef="region_1719311461608_64"/>
            </Relation>
        </Relations>
        <TextRegion type="page-number" id="region_1719311434746_52" custom="readingOrder {index:0;} structure {type:page-number;}">
            <Coords points="154,101 206,101 206,139 154,139"/>
        </TextRegion>
        <TextRegion id="region_1719311439386_55" custom="readingOrder {index:1;} structure {type:poem_lg;}">
            <Coords points="131,154 775,154 775,531 131,531"/>
        </TextRegion>
        <SeparatorRegion id="Separator_1719311475844_70" custom="readingOrder {index:2;}">
            <Coords points="331,590 565,590 565,623 331,623"/>
        </SeparatorRegion>
        <TextRegion id="region_1719311445418_58" custom="readingOrder {index:3;} structure {type:poem_lg;}">
            <Coords points="171,649 763,649 763,872 171,872"/>
        </TextRegion>
        <TextRegion type="header" id="region_1719311448927_61" custom="readingOrder {index:4;} structure {type:header;}">
            <Coords points="195,928 707,928 707,969 195,969"/>
        </TextRegion>
        <TextRegion type="drop-capital" id="region_1719311465841_67" custom="readingOrder {index:5;} structure {type:drop-capital;}">
            <Coords points="135,1005 188,1005 188,1072 135,1072"/>
        </TextRegion>
        <TextRegion id="region_1719311461608_64" custom="readingOrder {index:6;} structure {type:poem_lg;}">
            <Coords points="143,1079 192,1078 192,1030 767,1033 767,1327 143,1327"/>
        </TextRegion>
    </Page>
</PcGts>
