<?xml version="1.0" encoding="UTF-8" standalone="yes"?>
<PcGts xmlns="http://schema.primaresearch.org/PAGE/gts/pagecontent/2013-07-15" xmlns:xsi="http://www.w3.org/2001/XMLSchema-instance" xsi:schemaLocation="http://schema.primaresearch.org/PAGE/gts/pagecontent/2013-07-15 http://schema.primaresearch.org/PAGE/gts/pagecontent/2013-07-15/pagecontent.xsd">
    <Metadata>
        <Creator>Transkribus</Creator>
        <Created>2024-06-25T11:28:03.081+02:00</Created>
        <LastChange>2024-06-25T11:43:07.955+02:00</LastChange>
        <TranskribusMetadata docId="2986867" pageId="73468962" pageNr="3" tsid="174034663" status="IN_PROGRESS" userId="241044" imgUrl="https://files.transkribus.eu/Get?id=PKZBZRWOOQQTESNDZMDPCLKP&amp;fileType=view" xmlUrl="https://files.transkribus.eu/Get?id=UZJTBOJDSPDZAXJGXZJBHEBN" imageId="59328061"/>
    </Metadata>
    <Page imageFilename="1789,_Saemmtliche_Poetische_Werke,_Baumeister,_Bd._1,_VD18_80391559-001_Seite_181_Bild_0001.jpg" imageWidth="863" imageHeight="1510" type="content">
        <ReadingOrder>
            <OrderedGroup id="ro_1719329016087" caption="Regions reading order">
                <RegionRefIndexed index="0" regionRef="region_1719308262687_355"/>
                <RegionRefIndexed index="1" regionRef="region_1719308334387_371"/>
                <RegionRefIndexed index="2" regionRef="region_1719308271823_358"/>
                <RegionRefIndexed index="3" regionRef="region_1719308277786_361"/>
                <RegionRefIndexed index="4" regionRef="region_1719308291599_364"/>
                <RegionRefIndexed index="5" regionRef="region_1719308305266_367"/>
            </OrderedGroup>
        </ReadingOrder>
        <TextRegion type="page-number" id="region_1719308262687_355" custom="readingOrder {index:0;} structure {type:page-number;}">
            <Coords points="122,68 195,68 195,110 122,110"/>
        </TextRegion>
        <TextRegion type="endnote" id="region_1719308334387_371" custom="readingOrder {index:1;} structure {type:endnote;}">
            <Coords points="99,111 769,111 769,1310 99,1310"/>
        </TextRegion>
        <TextRegion type="paragraph" id="region_1719308271823_358" custom="readingOrder {index:2;} structure {type:paragraph;}">
            <Coords points="115,118 763,118 763,261 115,261"/>
        </TextRegion>
        <TextRegion type="paragraph" id="region_1719308277786_361" custom="readingOrder {index:3;} structure {type:paragraph;}">
            <Coords points="159,288 760,288 760,538 159,538"/>
        </TextRegion>
        <TextRegion type="paragraph" id="region_1719308291599_364" custom="readingOrder {index:4;} structure {type:paragraph;}">
            <Coords points="112,540 759,540 759,746 112,746"/>
        </TextRegion>
        <TextRegion type="paragraph" id="region_1719308305266_367" custom="readingOrder {index:5;} structure {type:paragraph;}">
            <Coords points="156,751 752,751 752,1296 156,1296"/>
        </TextRegion>
    </Page>
</PcGts>
