<?xml version="1.0" encoding="UTF-8"?>
<alto xmlns:xsi="http://www.w3.org/2001/XMLSchema-instance"
      xmlns="http://www.loc.gov/standards/alto/ns-v4#"
      xsi:schemaLocation="http://www.loc.gov/standards/alto/ns-v4# http://www.loc.gov/standards/alto/v4/alto-4-2.xsd">
  <Description>
    <MeasurementUnit>pixel</MeasurementUnit>
    <sourceImageInformation>
      <fileName>1800,_Poetische_Werke,_Bohn,_Bd._3,_VD18_8046145X_Seite_012_Bild_0001.jpg</fileName>
    </sourceImageInformation>
  </Description>
  <Tags>
    <OtherTag ID="BT1" LABEL="Title" DESCRIPTION="block type Title"/><OtherTag ID="BT2" LABEL="Main" DESCRIPTION="block type Main"/><OtherTag ID="BT3" LABEL="Commentary" DESCRIPTION="block type Commentary"/><OtherTag ID="BT4" LABEL="Illustration" DESCRIPTION="block type Illustration"/><OtherTag ID="BT3096" LABEL="heading" DESCRIPTION="block type heading"/><OtherTag ID="BT3097" LABEL="paragraph" DESCRIPTION="block type paragraph"/><OtherTag ID="BT3098" LABEL="footnote" DESCRIPTION="block type footnote"/>
  </Tags>
  <Layout>
    <Page WIDTH="1769"
          HEIGHT="2776"
          PHYSICAL_IMG_NR="13"
          ID="eSc_dummypage_">
      <PrintSpace HPOS="0"
                  VPOS="0"
                  WIDTH="1769"
                  HEIGHT="2776">
        <TextBlock HPOS="1024"
                   VPOS="404"
                   WIDTH="70"
                   HEIGHT="40"
                   ID="region_1724840355174_596"
                   TAGREFS="BT3096">
          <Shape><Polygon POINTS="1094 444 1024 444 1024 404 1082 404"/></Shape>
        </TextBlock>
        <TextBlock HPOS="476"
                   VPOS="459"
                   WIDTH="1153"
                   HEIGHT="1579"
                   ID="region_1724840365186_599"
                   TAGREFS="BT3097">
          <Shape><Polygon POINTS="1629 2005 476 2038 496 459 1580 459"/></Shape>
        </TextBlock>
        <TextBlock HPOS="458"
                   VPOS="2081"
                   WIDTH="1140"
                   HEIGHT="304"
                   ID="region_1724840372994_602"
                   TAGREFS="BT3098">
          <Shape><Polygon POINTS="1574 2385 458 2385 458 2081 1598 2088"/></Shape>
        </TextBlock>
      </PrintSpace>
    </Page>
  </Layout>
</alto>
