<?xml version="1.0" encoding="UTF-8"?>
<alto xmlns:xsi="http://www.w3.org/2001/XMLSchema-instance"
      xmlns="http://www.loc.gov/standards/alto/ns-v4#"
      xsi:schemaLocation="http://www.loc.gov/standards/alto/ns-v4# http://www.loc.gov/standards/alto/v4/alto-4-2.xsd">
  <Description>
    <MeasurementUnit>pixel</MeasurementUnit>
    <sourceImageInformation>
      <fileName>1800,_Poetische_Werke,_Bohn,_Bd._3,_VD18_8046145X_Seite_055_Bild_0001.jpg</fileName>
    </sourceImageInformation>
  </Description>
  <Tags>
    <OtherTag ID="BT1" LABEL="Title" DESCRIPTION="block type Title"/><OtherTag ID="BT2" LABEL="Main" DESCRIPTION="block type Main"/><OtherTag ID="BT3" LABEL="Commentary" DESCRIPTION="block type Commentary"/><OtherTag ID="BT4" LABEL="Illustration" DESCRIPTION="block type Illustration"/><OtherTag ID="BT3096" LABEL="heading" DESCRIPTION="block type heading"/><OtherTag ID="BT3097" LABEL="paragraph" DESCRIPTION="block type paragraph"/><OtherTag ID="BT3098" LABEL="footnote" DESCRIPTION="block type footnote"/>
  </Tags>
  <Layout>
    <Page WIDTH="1769"
          HEIGHT="2776"
          PHYSICAL_IMG_NR="14"
          ID="eSc_dummypage_">
      <PrintSpace HPOS="0"
                  VPOS="0"
                  WIDTH="1769"
                  HEIGHT="2776">
        <TextBlock HPOS="694"
                   VPOS="429"
                   WIDTH="84"
                   HEIGHT="49"
                   ID="region_1724840551714_624"
                   TAGREFS="BT3096">
          <Shape><Polygon POINTS="778 470 694 478 698 429 775 429"/></Shape>
        </TextBlock>
        <TextBlock HPOS="186"
                   VPOS="484"
                   WIDTH="1133"
                   HEIGHT="171"
                   ID="region_1724840555738_627"
                   TAGREFS="BT3096">
          <Shape><Polygon POINTS="1319 655 233 653 186 484 1272 486"/></Shape>
        </TextBlock>
        <TextBlock HPOS="206"
                   VPOS="663"
                   WIDTH="1145"
                   HEIGHT="1119"
                   ID="region_1724840570462_635"
                   TAGREFS="BT3097">
          <Shape><Polygon POINTS="1351 1781 206 1782 206 663 1332 663"/></Shape>
        </TextBlock>
        <TextBlock HPOS="247"
                   VPOS="1882"
                   WIDTH="987"
                   HEIGHT="573"
                   ID="region_1724840577626_638"
                   TAGREFS="BT3097">
          <Shape><Polygon POINTS="1200 2455 247 2455 247 1882 1234 1883"/></Shape>
        </TextBlock>
      </PrintSpace>
    </Page>
  </Layout>
</alto>
