<?xml version="1.0" encoding="UTF-8"?>
<alto xmlns:xsi="http://www.w3.org/2001/XMLSchema-instance"
      xmlns="http://www.loc.gov/standards/alto/ns-v4#"
      xsi:schemaLocation="http://www.loc.gov/standards/alto/ns-v4# http://www.loc.gov/standards/alto/v4/alto-4-2.xsd">
  <Description>
    <MeasurementUnit>pixel</MeasurementUnit>
    <sourceImageInformation>
      <fileName>1800,_Poetische_Werke,_Bohn,_Bd._1,_VD18_80461433_Seite_207_Bild_0001.jpg</fileName>
    </sourceImageInformation>
  </Description>
  <Tags>
    <OtherTag ID="BT1" LABEL="Title" DESCRIPTION="block type Title"/><OtherTag ID="BT2" LABEL="Main" DESCRIPTION="block type Main"/><OtherTag ID="BT3" LABEL="Commentary" DESCRIPTION="block type Commentary"/><OtherTag ID="BT4" LABEL="Illustration" DESCRIPTION="block type Illustration"/><OtherTag ID="BT3096" LABEL="heading" DESCRIPTION="block type heading"/><OtherTag ID="BT3097" LABEL="paragraph" DESCRIPTION="block type paragraph"/><OtherTag ID="BT3098" LABEL="footnote" DESCRIPTION="block type footnote"/>
  </Tags>
  <Layout>
    <Page WIDTH="1869"
          HEIGHT="2751"
          PHYSICAL_IMG_NR="6"
          ID="eSc_dummypage_">
      <PrintSpace HPOS="0"
                  VPOS="0"
                  WIDTH="1869"
                  HEIGHT="2751">
        <TextBlock HPOS="627"
                   VPOS="384"
                   WIDTH="112"
                   HEIGHT="57"
                   ID="region_1720346703284_465"
                   TAGREFS="BT3096">
          <Shape><Polygon POINTS="739 435 627 441 627 384 735 384"/></Shape>
        </TextBlock>
        <TextBlock HPOS="431"
                   VPOS="461"
                   WIDTH="509"
                   HEIGHT="72"
                   ID="region_1720346707076_468"
                   TAGREFS="BT3096">
          <Shape><Polygon POINTS="940 528 435 533 431 461 940 461"/></Shape>
        </TextBlock>
        <TextBlock HPOS="182"
                   VPOS="536"
                   WIDTH="63"
                   HEIGHT="67"
                   ID="region_1720346711288_471"
                   TAGREFS="BT3097">
          <Shape><Polygon POINTS="245 603 182 603 182 536 245 536"/></Shape>
        </TextBlock>
        <TextBlock HPOS="174"
                   VPOS="541"
                   WIDTH="883"
                   HEIGHT="134"
                   ID="region_1720346716048_474"
                   TAGREFS="BT3097">
          <Shape><Polygon POINTS="1057 675 174 675 175 604 244 606 252 541 1057 542"/></Shape>
        </TextBlock>
        <TextBlock HPOS="492"
                   VPOS="810"
                   WIDTH="406"
                   HEIGHT="72"
                   ID="region_1720346720096_477"
                   TAGREFS="BT3096">
          <Shape><Polygon POINTS="898 869 492 882 496 810 895 810"/></Shape>
        </TextBlock>
        <TextBlock HPOS="185"
                   VPOS="889"
                   WIDTH="49"
                   HEIGHT="57"
                   ID="region_1720346723480_480"
                   TAGREFS="BT3097">
          <Shape><Polygon POINTS="234 946 185 945 185 889 234 890"/></Shape>
        </TextBlock>
        <TextBlock HPOS="183"
                   VPOS="890"
                   WIDTH="1024"
                   HEIGHT="128"
                   ID="region_1720346728347_483"
                   TAGREFS="BT3097">
          <Shape><Polygon POINTS="1207 1018 183 1015 183 954 236 951 242 895 1207 890"/></Shape>
        </TextBlock>
        <TextBlock HPOS="498"
                   VPOS="1164"
                   WIDTH="403"
                   HEIGHT="64"
                   ID="region_1720346731856_486"
                   TAGREFS="BT3096">
          <Shape><Polygon POINTS="901 1228 498 1228 498 1164 883 1164"/></Shape>
        </TextBlock>
        <TextBlock HPOS="191"
                   VPOS="1237"
                   WIDTH="48"
                   HEIGHT="68"
                   ID="region_1720346735412_489"
                   TAGREFS="BT3097">
          <Shape><Polygon POINTS="239 1305 191 1305 191 1237 239 1237"/></Shape>
        </TextBlock>
        <TextBlock HPOS="182"
                   VPOS="1238"
                   WIDTH="1069"
                   HEIGHT="273"
                   ID="region_1720346738680_492"
                   TAGREFS="BT3097">
          <Shape><Polygon POINTS="1248 1511 182 1509 183 1311 243 1307 246 1241 1251 1238"/></Shape>
        </TextBlock>
        <TextBlock HPOS="153"
                   VPOS="1575"
                   WIDTH="1165"
                   HEIGHT="835"
                   ID="region_1720346751144_495"
                   TAGREFS="BT3098">
          <Shape><Polygon POINTS="1318 2410 153 2410 153 1575 1275 1602"/></Shape>
        </TextBlock>
      </PrintSpace>
    </Page>
  </Layout>
</alto>
