<?xml version="1.0" encoding="UTF-8"?>
<alto xmlns:xsi="http://www.w3.org/2001/XMLSchema-instance"
      xmlns="http://www.loc.gov/standards/alto/ns-v4#"
      xsi:schemaLocation="http://www.loc.gov/standards/alto/ns-v4# http://www.loc.gov/standards/alto/v4/alto-4-2.xsd">
  <Description>
    <MeasurementUnit>pixel</MeasurementUnit>
    <sourceImageInformation>
      <fileName>1800,_Poetische_Werke,_Bohn,_Bd._2,_VD18_80461441_Seite_225_Bild_0001.jpg</fileName>
    </sourceImageInformation>
  </Description>
  <Tags>
    <OtherTag ID="BT1" LABEL="Title" DESCRIPTION="block type Title"/><OtherTag ID="BT2" LABEL="Main" DESCRIPTION="block type Main"/><OtherTag ID="BT3" LABEL="Commentary" DESCRIPTION="block type Commentary"/><OtherTag ID="BT4" LABEL="Illustration" DESCRIPTION="block type Illustration"/><OtherTag ID="BT3096" LABEL="heading" DESCRIPTION="block type heading"/><OtherTag ID="BT3097" LABEL="paragraph" DESCRIPTION="block type paragraph"/><OtherTag ID="BT3098" LABEL="footnote" DESCRIPTION="block type footnote"/>
  </Tags>
  <Layout>
    <Page WIDTH="1866"
          HEIGHT="2730"
          PHYSICAL_IMG_NR="8"
          ID="eSc_dummypage_">
      <PrintSpace HPOS="0"
                  VPOS="0"
                  WIDTH="1866"
                  HEIGHT="2730">
        <TextBlock HPOS="708"
                   VPOS="303"
                   WIDTH="118"
                   HEIGHT="102"
                   ID="region_1720777590452_3"
                   TAGREFS="BT3096">
          <Shape><Polygon POINTS="826 393 708 405 708 315 826 303"/></Shape>
        </TextBlock>
        <TextBlock HPOS="585"
                   VPOS="420"
                   WIDTH="401"
                   HEIGHT="64"
                   ID="region_1720777595264_6"
                   TAGREFS="BT3096">
          <Shape><Polygon POINTS="958 484 586 484 585 420 986 421"/></Shape>
        </TextBlock>
        <TextBlock HPOS="295"
                   VPOS="498"
                   WIDTH="817"
                   HEIGHT="810"
                   ID="region_1720777599798_9"
                   TAGREFS="BT3097">
          <Shape><Polygon POINTS="1112 1308 304 1308 295 498 1065 498"/></Shape>
        </TextBlock>
        <TextBlock HPOS="277"
                   VPOS="1430"
                   WIDTH="1024"
                   HEIGHT="288"
                   ID="region_1720777610258_15"
                   TAGREFS="BT3096">
          <Shape><Polygon POINTS="1301 1718 277 1718 277 1430 1301 1430"/></Shape>
        </TextBlock>
        <TextBlock HPOS="208"
                   VPOS="1744"
                   WIDTH="1127"
                   HEIGHT="579"
                   ID="region_1720777618653_21"
                   TAGREFS="BT3097">
          <Shape><Polygon POINTS="1335 2320 208 2323 208 1744 1312 1744"/></Shape>
        </TextBlock>
      </PrintSpace>
    </Page>
  </Layout>
</alto>
