<?xml version="1.0" encoding="UTF-8"?>
<alto xmlns:xsi="http://www.w3.org/2001/XMLSchema-instance"
      xmlns="http://www.loc.gov/standards/alto/ns-v4#"
      xsi:schemaLocation="http://www.loc.gov/standards/alto/ns-v4# http://www.loc.gov/standards/alto/v4/alto-4-2.xsd">
  <Description>
    <MeasurementUnit>pixel</MeasurementUnit>
    <sourceImageInformation>
      <fileName>1800,_Poetische_Werke,_Bohn,_Bd._4,_VD18_80461468_Seite_097_Bild_0001.jpg</fileName>
    </sourceImageInformation>
  </Description>
  <Tags>
    <OtherTag ID="BT1" LABEL="Title" DESCRIPTION="block type Title"/><OtherTag ID="BT2" LABEL="Main" DESCRIPTION="block type Main"/><OtherTag ID="BT3" LABEL="Commentary" DESCRIPTION="block type Commentary"/><OtherTag ID="BT4" LABEL="Illustration" DESCRIPTION="block type Illustration"/><OtherTag ID="BT3096" LABEL="heading" DESCRIPTION="block type heading"/><OtherTag ID="BT3097" LABEL="paragraph" DESCRIPTION="block type paragraph"/><OtherTag ID="BT3098" LABEL="footnote" DESCRIPTION="block type footnote"/>
  </Tags>
  <Layout>
    <Page WIDTH="1839"
          HEIGHT="2753"
          PHYSICAL_IMG_NR="15"
          ID="eSc_dummypage_">
      <PrintSpace HPOS="0"
                  VPOS="0"
                  WIDTH="1839"
                  HEIGHT="2753">
        <TextBlock HPOS="689"
                   VPOS="353"
                   WIDTH="125"
                   HEIGHT="85"
                   ID="region_1724841188798_744"
                   TAGREFS="BT3096">
          <Shape><Polygon POINTS="788 438 689 437 691 353 814 355"/></Shape>
        </TextBlock>
        <TextBlock HPOS="178"
                   VPOS="444"
                   WIDTH="1196"
                   HEIGHT="1968"
                   ID="region_1724841200102_747"
                   TAGREFS="BT3097">
          <Shape><Polygon POINTS="178 450 1374 444 1343 2412 178 2412"/></Shape>
        </TextBlock>
      </PrintSpace>
    </Page>
  </Layout>
</alto>
