<?xml version="1.0" encoding="UTF-8"?>
<alto xmlns:xsi="http://www.w3.org/2001/XMLSchema-instance"
      xmlns="http://www.loc.gov/standards/alto/ns-v4#"
      xsi:schemaLocation="http://www.loc.gov/standards/alto/ns-v4# http://www.loc.gov/standards/alto/v4/alto-4-2.xsd">
  <Description>
    <MeasurementUnit>pixel</MeasurementUnit>
    <sourceImageInformation>
      <fileName>1800,_Poetische_Werke,_Bohn,_Bd._2,_VD18_80461441_Seite_008_Bild_0001.jpg</fileName>
    </sourceImageInformation>
  </Description>
  <Tags>
    <OtherTag ID="BT1" LABEL="Title" DESCRIPTION="block type Title"/><OtherTag ID="BT2" LABEL="Main" DESCRIPTION="block type Main"/><OtherTag ID="BT3" LABEL="Commentary" DESCRIPTION="block type Commentary"/><OtherTag ID="BT4" LABEL="Illustration" DESCRIPTION="block type Illustration"/><OtherTag ID="BT3096" LABEL="heading" DESCRIPTION="block type heading"/><OtherTag ID="BT3097" LABEL="paragraph" DESCRIPTION="block type paragraph"/><OtherTag ID="BT3098" LABEL="footnote" DESCRIPTION="block type footnote"/>
  </Tags>
  <Layout>
    <Page WIDTH="1866"
          HEIGHT="2730"
          PHYSICAL_IMG_NR="3"
          ID="eSc_dummypage_">
      <PrintSpace HPOS="0"
                  VPOS="0"
                  WIDTH="1866"
                  HEIGHT="2730">
        <TextBlock HPOS="1115"
                   VPOS="325"
                   WIDTH="133"
                   HEIGHT="74"
                   ID="region_1718901195308_18"
                   TAGREFS="BT3096">
          <Shape><Polygon POINTS="1209 399 1115 399 1115 331 1248 325"/></Shape>
        </TextBlock>
        <TextBlock HPOS="628"
                   VPOS="413"
                   WIDTH="1105"
                   HEIGHT="1690"
                   ID="region_1718901200578_21"
                   TAGREFS="BT3097">
          <Shape><Polygon POINTS="1733 2095 628 2103 631 413 1721 413"/></Shape>
        </TextBlock>
        <TextBlock HPOS="715"
                   VPOS="2177"
                   WIDTH="672"
                   HEIGHT="71"
                   ID="region_1718901232795_31"
                   TAGREFS="BT3098">
          <Shape><Polygon POINTS="1371 2248 715 2248 715 2177 1387 2177"/></Shape>
        </TextBlock>
        <TextBlock HPOS="714"
                   VPOS="2257"
                   WIDTH="965"
                   HEIGHT="62"
                   ID="region_1718901237071_34"
                   TAGREFS="BT3098">
          <Shape><Polygon POINTS="1662 2319 714 2319 714 2257 1679 2258"/></Shape>
        </TextBlock>
      </PrintSpace>
    </Page>
  </Layout>
</alto>
