<?xml version="1.0" encoding="UTF-8"?>
<alto xmlns:xsi="http://www.w3.org/2001/XMLSchema-instance"
      xmlns="http://www.loc.gov/standards/alto/ns-v4#"
      xsi:schemaLocation="http://www.loc.gov/standards/alto/ns-v4# http://www.loc.gov/standards/alto/v4/alto-4-2.xsd">
  <Description>
    <MeasurementUnit>pixel</MeasurementUnit>
    <sourceImageInformation>
      <fileName>1800,_Poetische_Werke,_Bohn,_Bd._1,_VD18_80461433_Seite_176_Bild_0001.jpg</fileName>
    </sourceImageInformation>
  </Description>
  <Tags>
    <OtherTag ID="BT1" LABEL="Title" DESCRIPTION="block type Title"/><OtherTag ID="BT2" LABEL="Main" DESCRIPTION="block type Main"/><OtherTag ID="BT3" LABEL="Commentary" DESCRIPTION="block type Commentary"/><OtherTag ID="BT4" LABEL="Illustration" DESCRIPTION="block type Illustration"/><OtherTag ID="BT3096" LABEL="heading" DESCRIPTION="block type heading"/><OtherTag ID="BT3097" LABEL="paragraph" DESCRIPTION="block type paragraph"/><OtherTag ID="BT3098" LABEL="footnote" DESCRIPTION="block type footnote"/>
  </Tags>
  <Layout>
    <Page WIDTH="1869"
          HEIGHT="2751"
          PHYSICAL_IMG_NR="5"
          ID="eSc_dummypage_">
      <PrintSpace HPOS="0"
                  VPOS="0"
                  WIDTH="1869"
                  HEIGHT="2751">
        <TextBlock HPOS="685"
                   VPOS="526"
                   WIDTH="1043"
                   HEIGHT="272"
                   ID="region_1720346412645_402"
                   TAGREFS="BT3097">
          <Shape><Polygon POINTS="1728 798 685 797 688 610 759 612 761 531 1728 526"/></Shape>
        </TextBlock>
        <TextBlock HPOS="688"
                   VPOS="531"
                   WIDTH="69"
                   HEIGHT="73"
                   ID="region_1720346408669_399"
                   TAGREFS="BT3097">
          <Shape><Polygon POINTS="757 604 688 604 688 531 757 531"/></Shape>
        </TextBlock>
        <TextBlock HPOS="661"
                   VPOS="1039"
                   WIDTH="1065"
                   HEIGHT="523"
                   ID="region_1720346423117_411"
                   TAGREFS="BT3097">
          <Shape><Polygon POINTS="1726 1561 661 1562 670 1107 739 1107 739 1044 1726 1039"/></Shape>
        </TextBlock>
        <TextBlock HPOS="684"
                   VPOS="1030"
                   WIDTH="52"
                   HEIGHT="68"
                   ID="region_1720346418577_408"
                   TAGREFS="BT3097">
          <Shape><Polygon POINTS="736 1098 686 1098 684 1030 734 1030"/></Shape>
        </TextBlock>
        <TextBlock HPOS="668"
                   VPOS="1767"
                   WIDTH="940"
                   HEIGHT="243"
                   ID="region_1720346454475_420"
                   TAGREFS="BT3097">
          <Shape><Polygon POINTS="1608 2010 676 1999 668 1844 733 1843 735 1776 1608 1767"/></Shape>
        </TextBlock>
        <TextBlock HPOS="671"
                   VPOS="1773"
                   WIDTH="58"
                   HEIGHT="63"
                   ID="region_1720346451456_417"
                   TAGREFS="BT3097">
          <Shape><Polygon POINTS="725 1836 671 1836 672 1773 729 1774"/></Shape>
        </TextBlock>
        <TextBlock HPOS="1161"
                   VPOS="358"
                   WIDTH="96"
                   HEIGHT="76"
                   ID="region_1720346399493_393"
                   TAGREFS="BT3096">
          <Shape><Polygon POINTS="1257 434 1161 434 1161 358 1247 363"/></Shape>
        </TextBlock>
        <TextBlock HPOS="1002"
                   VPOS="456"
                   WIDTH="391"
                   HEIGHT="60"
                   ID="region_1720346405033_396"
                   TAGREFS="BT3096">
          <Shape><Polygon POINTS="1390 516 1002 516 1013 456 1393 456"/></Shape>
        </TextBlock>
        <TextBlock HPOS="870"
                   VPOS="944"
                   WIDTH="667"
                   HEIGHT="82"
                   ID="region_1720346416149_405"
                   TAGREFS="BT3096">
          <Shape><Polygon POINTS="1537 1026 870 1026 870 944 1517 947"/></Shape>
        </TextBlock>
        <TextBlock HPOS="879"
                   VPOS="1681"
                   WIDTH="640"
                   HEIGHT="74"
                   ID="region_1720346448361_414"
                   TAGREFS="BT3096">
          <Shape><Polygon POINTS="1507 1755 879 1755 879 1684 1519 1681"/></Shape>
        </TextBlock>
        <TextBlock HPOS="628"
                   VPOS="2078"
                   WIDTH="1101"
                   HEIGHT="296"
                   ID="region_1720346459325_423"
                   TAGREFS="BT3098">
          <Shape><Polygon POINTS="1711 2373 628 2374 628 2078 1729 2078"/></Shape>
        </TextBlock>
      </PrintSpace>
    </Page>
  </Layout>
</alto>
