<?xml version="1.0" encoding="UTF-8"?>
<alto xmlns:xsi="http://www.w3.org/2001/XMLSchema-instance"
      xmlns="http://www.loc.gov/standards/alto/ns-v4#"
      xsi:schemaLocation="http://www.loc.gov/standards/alto/ns-v4# http://www.loc.gov/standards/alto/v4/alto-4-2.xsd">
  <Description>
    <MeasurementUnit>pixel</MeasurementUnit>
    <sourceImageInformation>
      <fileName>1800,_Poetische_Werke,_Bohn,_Bd._5,_VD18_80461476_Seite_054_Bild_0001.jpg</fileName>
    </sourceImageInformation>
  </Description>
  <Tags>
    <OtherTag ID="BT1" LABEL="Title" DESCRIPTION="block type Title"/><OtherTag ID="BT2" LABEL="Main" DESCRIPTION="block type Main"/><OtherTag ID="BT3" LABEL="Commentary" DESCRIPTION="block type Commentary"/><OtherTag ID="BT4" LABEL="Illustration" DESCRIPTION="block type Illustration"/><OtherTag ID="BT3096" LABEL="heading" DESCRIPTION="block type heading"/><OtherTag ID="BT3097" LABEL="paragraph" DESCRIPTION="block type paragraph"/><OtherTag ID="BT3098" LABEL="footnote" DESCRIPTION="block type footnote"/>
  </Tags>
  <Layout>
    <Page WIDTH="1872"
          HEIGHT="2837"
          PHYSICAL_IMG_NR="17"
          ID="eSc_dummypage_">
      <PrintSpace HPOS="0"
                  VPOS="0"
                  WIDTH="1872"
                  HEIGHT="2837">
        <TextBlock HPOS="1072"
                   VPOS="365"
                   WIDTH="174"
                   HEIGHT="88"
                   ID="region_1724840794398_693"
                   TAGREFS="BT3096">
          <Shape><Polygon POINTS="1246 453 1072 452 1074 365 1217 365"/></Shape>
        </TextBlock>
        <TextBlock HPOS="668"
                   VPOS="890"
                   WIDTH="923"
                   HEIGHT="199"
                   ID="region_1724840797578_696"
                   TAGREFS="BT3096">
          <Shape><Polygon POINTS="1591 1081 668 1089 668 890 1566 890"/></Shape>
        </TextBlock>
        <TextBlock HPOS="890"
                   VPOS="1206"
                   WIDTH="537"
                   HEIGHT="55"
                   ID="region_1724840800479_699"
                   TAGREFS="BT3096">
          <Shape><Polygon POINTS="1427 1261 890 1261 890 1206 1392 1206"/></Shape>
        </TextBlock>
        <TextBlock HPOS="580"
                   VPOS="1282"
                   WIDTH="1174"
                   HEIGHT="1138"
                   ID="region_1724840814694_708"
                   TAGREFS="BT3097">
          <Shape><Polygon POINTS="1754 2417 580 2420 580 1282 1739 1282"/></Shape>
        </TextBlock>
      </PrintSpace>
    </Page>
  </Layout>
</alto>
