<?xml version="1.0" encoding="UTF-8"?>
<alto xmlns:xsi="http://www.w3.org/2001/XMLSchema-instance"
      xmlns="http://www.loc.gov/standards/alto/ns-v4#"
      xsi:schemaLocation="http://www.loc.gov/standards/alto/ns-v4# http://www.loc.gov/standards/alto/v4/alto-4-2.xsd">
  <Description>
    <MeasurementUnit>pixel</MeasurementUnit>
    <sourceImageInformation>
      <fileName>1800,_Poetische_Werke,_Bohn,_Bd._5,_VD18_80461476_Seite_244_Bild_0001.jpg</fileName>
    </sourceImageInformation>
  </Description>
  <Tags>
    <OtherTag ID="BT1" LABEL="Title" DESCRIPTION="block type Title"/><OtherTag ID="BT2" LABEL="Main" DESCRIPTION="block type Main"/><OtherTag ID="BT3" LABEL="Commentary" DESCRIPTION="block type Commentary"/><OtherTag ID="BT4" LABEL="Illustration" DESCRIPTION="block type Illustration"/><OtherTag ID="BT3096" LABEL="heading" DESCRIPTION="block type heading"/><OtherTag ID="BT3097" LABEL="paragraph" DESCRIPTION="block type paragraph"/><OtherTag ID="BT3098" LABEL="footnote" DESCRIPTION="block type footnote"/>
  </Tags>
  <Layout>
    <Page WIDTH="1872"
          HEIGHT="2838"
          PHYSICAL_IMG_NR="18"
          ID="eSc_dummypage_">
      <PrintSpace HPOS="0"
                  VPOS="0"
                  WIDTH="1872"
                  HEIGHT="2838">
        <TextBlock HPOS="1049"
                   VPOS="370"
                   WIDTH="142"
                   HEIGHT="80"
                   ID="region_1720167587995_749"
                   TAGREFS="BT3096">
          <Shape><Polygon POINTS="1191 450 1051 450 1049 391 1140 370 1189 391"/></Shape>
        </TextBlock>
        <TextBlock HPOS="553"
                   VPOS="470"
                   WIDTH="1119"
                   HEIGHT="1036"
                   ID="region_1720167594268_752"
                   TAGREFS="BT3097">
          <Shape><Polygon POINTS="1672 1506 578 1506 553 922 574 470 1668 470"/></Shape>
        </TextBlock>
        <TextBlock HPOS="1066"
                   VPOS="1595"
                   WIDTH="82"
                   HEIGHT="85"
                   ID="region_1720167610327_761"
                   TAGREFS="BT3096">
          <Shape><Polygon POINTS="1148 1680 1066 1680 1066 1609 1108 1595 1148 1609"/></Shape>
        </TextBlock>
        <TextBlock HPOS="974"
                   VPOS="1696"
                   WIDTH="659"
                   HEIGHT="84"
                   ID="region_1720167614316_764"
                   TAGREFS="BT3097">
          <Shape><Polygon POINTS="1633 1780 974 1780 974 1706 1271 1696 1633 1706"/></Shape>
        </TextBlock>
        <TextBlock HPOS="551"
                   VPOS="1788"
                   WIDTH="1105"
                   HEIGHT="612"
                   ID="region_1720167618898_767"
                   TAGREFS="BT3097">
          <Shape><Polygon POINTS="1656 2400 570 2400 551 2122 568 1788 1654 1788"/></Shape>
        </TextBlock>
      </PrintSpace>
    </Page>
  </Layout>
</alto>
