<?xml version="1.0" encoding="UTF-8"  standalone="yes"?>
<PcGts xmlns="http://schema.primaresearch.org/PAGE/gts/pagecontent/2019-07-15" xmlns:xsi="http://www.w3.org/2001/XMLSchema-instance" xsi:schemaLocation="http://schema.primaresearch.org/PAGE/gts/pagecontent/2019-07-15 http://schema.primaresearch.org/PAGE/gts/pagecontent/2019-07-15/pagecontent.xsd">
  <Metadata>
	<Creator>escriptorium</Creator>
	<Created>2024-07-13T10:50:17.992717+00:00</Created>
        <LastChange>2024-07-13T10:50:17.992745+00:00</LastChange>
  </Metadata>
  <Page imageFilename="1782,_Poetische_Werke,_Fleischhauer,_Bd._2,_VD18_89276873-001_Seite_118_Bild_0001.jpg" imageWidth="1191" imageHeight="2021">
    <TextRegion id="region_1719325258865_553"  custom="structure {type:header;}">
      <Coords points="411,191 412,106 729,111 732,189"/>
    </TextRegion>
    <TextRegion id="region_1719325264159_556"  custom="structure {type:page-number;}">
      <Coords points="911,183 913,122 1039,126 1031,193"/>
    </TextRegion>
    <TextRegion id="region_1719325278596_559"  custom="structure {type:poem_lg;}">
      <Coords points="108,551 115,206 1000,207 1028,538"/>
    </TextRegion>
    <TextRegion id="region_1719325287418_562"  custom="structure {type:poem_lg;}">
      <Coords points="118,864 117,665 196,616 1033,633 1033,854"/>
    </TextRegion>
    <TextRegion id="region_1719325351808_581"  custom="structure {type:endnote;}">
      <Coords points="107,987 1066,987 1037,1730 645,1750 116,1744"/>
    </TextRegion>
    <TextRegion id="TextRegion_1719325333640_578"  custom="structure {type:signature-mark;}">
      <Coords points="164,1777 797,1776 777,1851 137,1854 131,1788"/>
    </TextRegion>
    <TextRegion id="region_1719325324600_574"  custom="structure {type:catch-word;}">
      <Coords points="969,1839 943,1801 970,1750 1044,1780 1025,1824"/>
    </TextRegion>
  </Page>
</PcGts>
