<?xml version="1.0" encoding="UTF-8"  standalone="yes"?>
<PcGts xmlns="http://schema.primaresearch.org/PAGE/gts/pagecontent/2019-07-15" xmlns:xsi="http://www.w3.org/2001/XMLSchema-instance" xsi:schemaLocation="http://schema.primaresearch.org/PAGE/gts/pagecontent/2019-07-15 http://schema.primaresearch.org/PAGE/gts/pagecontent/2019-07-15/pagecontent.xsd">
  <Metadata>
	<Creator>escriptorium</Creator>
	<Created>2024-07-13T10:50:15.993715+00:00</Created>
        <LastChange>2024-07-13T10:50:15.993740+00:00</LastChange>
  </Metadata>
  <Page imageFilename="1782,_Poetische_Werke,_Fleischhauer,_Bd._2,_VD18_89276873-001_Seite_028_Bild_0001.jpg" imageWidth="1194" imageHeight="2032">
    <TextRegion id="region_1719323398337_267"  custom="structure {type:header;}">
      <Coords points="743,192 425,192 425,109 743,109"/>
    </TextRegion>
    <TextRegion id="region_1719323401521_270"  custom="structure {type:page-number;}">
      <Coords points="1049,200 935,200 935,118 1049,118"/>
    </TextRegion>
    <TextRegion id="region_1719323466666_283"  custom="structure {type:drop-capital;}">
      <Coords points="220,403 263,402 265,379 271,340 263,327 212,331"/>
    </TextRegion>
    <TextRegion id="region_1719323516953_288"  custom="structure {type:poem_lg;}">
      <Coords points="267,412 266,386 266,372 275,363 799,357 800,399 919,405 932,463 808,477 809,580 141,587 143,419"/>
    </TextRegion>
    <TextRegion id="region_1719323638089_313"  custom="structure {type:endnote;}">
      <Coords points="81,626 1072,626 1072,1796 976,1796 688,1821 651,1802 561,1800 539,1802 106,1834"/>
    </TextRegion>
    <TextRegion id="region_1719323617545_307"  custom="structure {type:signature-mark;}">
      <Coords points="565,1841 645,1841 638,1805 565,1803"/>
    </TextRegion>
    <TextRegion id="region_1719323621529_310"  custom="structure {type:catch-word;}">
      <Coords points="984,1834 1037,1834 1037,1798 984,1798"/>
    </TextRegion>
  </Page>
</PcGts>
