<?xml version="1.0" encoding="UTF-8"  standalone="yes"?>
<PcGts xmlns="http://schema.primaresearch.org/PAGE/gts/pagecontent/2019-07-15" xmlns:xsi="http://www.w3.org/2001/XMLSchema-instance" xsi:schemaLocation="http://schema.primaresearch.org/PAGE/gts/pagecontent/2019-07-15 http://schema.primaresearch.org/PAGE/gts/pagecontent/2019-07-15/pagecontent.xsd">
  <Metadata>
	<Creator>escriptorium</Creator>
	<Created>2024-07-13T10:50:18.616015+00:00</Created>
        <LastChange>2024-07-13T10:50:18.616046+00:00</LastChange>
  </Metadata>
  <Page imageFilename="1782,_Poetische_Werke,_Fleischhauer,_Bd._2,_VD18_89276873-001_Seite_214_Bild_0001.jpg" imageWidth="1190" imageHeight="2038">
    <TextRegion id="TextRegion_1719326177247_697"  custom="structure {type:drop-capital;}">
      <Coords points="102,928 245,925 257,957 240,964 225,999 234,1019 233,1030 175,1025 105,1028"/>
    </TextRegion>
    <TextRegion id="TextRegion_1719326177247_696"  custom="structure {type:poem_lg;}">
      <Coords points="257,957 263,971 349,966 379,951 1020,951 1023,1399 120,1401 105,1028 175,1025 233,1030 234,1019 225,999 240,964"/>
    </TextRegion>
    <TextRegion id="region_1719326125082_689"  custom="structure {type:poem_lg;}">
      <Coords points="129,1795 121,1489 194,1458 611,1453 1015,1469 967,1792 648,1792 423,1791 349,1787 269,1787 241,1793"/>
    </TextRegion>
    <TextRegion id="region_1719326080176_683"  custom="structure {type:signature-mark;}">
      <Coords points="172,1857 177,1801 213,1797 565,1793 605,1816 664,1804 720,1796 740,1848"/>
    </TextRegion>
    <TextRegion id="region_1719326087667_686"  custom="structure {type:catch-word;}">
      <Coords points="907,1856 906,1796 1025,1796 1029,1862"/>
    </TextRegion>
    <TextRegion id="region_1719326005893_668"  custom="structure {type:header;}">
      <Coords points="413,203 414,121 721,120 717,203"/>
    </TextRegion>
    <TextRegion id="region_1719326011991_671"  custom="structure {type:page-number;}">
      <Coords points="909,196 909,140 1038,129 1019,202"/>
    </TextRegion>
    <TextRegion id="region_1719326022883_674"  custom="structure {type:heading;}">
      <Coords points="121,452 130,257 1037,249 1030,444"/>
    </TextRegion>
    <TextRegion id="region_1719326034938_677"  custom="structure {type:poem_lg;}">
      <Coords points="145,789 140,490 1027,481 1019,751"/>
    </TextRegion>
  </Page>
</PcGts>
