<?xml version="1.0" encoding="UTF-8"?>
<alto xmlns:xsi="http://www.w3.org/2001/XMLSchema-instance"
      xmlns="http://www.loc.gov/standards/alto/ns-v4#"
      xsi:schemaLocation="http://www.loc.gov/standards/alto/ns-v4# http://www.loc.gov/standards/alto/v4/alto-4-2.xsd">
  <Description>
    <MeasurementUnit>pixel</MeasurementUnit>
    <sourceImageInformation>
      <fileName>1800,_Poetische_Werke,_Bohn,_Bd._2,_VD18_80461441_Seite_229_Bild_0001.jpg</fileName>
      <fileIdentifier>mets//export_doc2826_bohn_jr_mit_zeilen_alto_202504271216.zip/1800,_Poetische_Werke,_Bohn,_Bd._2,_VD18_80461441_Seite_229_Bild_0001.jpg</fileIdentifier>
    </sourceImageInformation>
  </Description>
  <Tags>
    <OtherTag ID="BT1" LABEL="Title" DESCRIPTION="block type Title"/><OtherTag ID="BT2" LABEL="Main" DESCRIPTION="block type Main"/><OtherTag ID="BT3" LABEL="Commentary" DESCRIPTION="block type Commentary"/><OtherTag ID="BT4" LABEL="Illustration" DESCRIPTION="block type Illustration"/><OtherTag ID="BT4443" LABEL="paragraph" DESCRIPTION="block type paragraph"/><OtherTag ID="BT4444" LABEL="heading" DESCRIPTION="block type heading"/><OtherTag ID="BT4445" LABEL="footnote" DESCRIPTION="block type footnote"/>
  </Tags>
  <Layout>
    <Page WIDTH="1866"
          HEIGHT="2730"
          PHYSICAL_IMG_NR="1"
          ID="eSc_dummypage_">
      <PrintSpace HPOS="0"
                  VPOS="0"
                  WIDTH="1866"
                  HEIGHT="2730">
        <TextBlock HPOS="184.0"
                   VPOS="383.0"
                   WIDTH="1142.0"
                   HEIGHT="518.0"
                   ID="region_1720778272473_58"
                   TAGREFS="BT4443">
          <Shape><Polygon POINTS="1326 899 184 901 188 383 1315 383"/></Shape>
          <TextLine ID="eSc_line_3d2e268f"
                    BASELINE="212 472 1188 474" 
                    HPOS="212.0"
                    VPOS="472.0"
                    WIDTH="976.0"
                    HEIGHT="2.0">
	    <String CONTENT="Da sieht er bald, bestürzt, daß seine Kleider fehlen"
                    HPOS="212.0"
                    VPOS="472.0"
                    WIDTH="976.0"
                    HEIGHT="2.0"></String>
          </TextLine>
          <TextLine ID="eSc_line_e7b59442"
                    BASELINE="211 528 1132 532" 
                    HPOS="211.0"
                    VPOS="528.0"
                    WIDTH="921.0"
                    HEIGHT="4.0">
	    <String CONTENT="Ein Andrer hätte gleich den Dieb vermaledeyt;"
                    HPOS="211.0"
                    VPOS="528.0"
                    WIDTH="921.0"
                    HEIGHT="4.0"></String>
          </TextLine>
          <TextLine ID="eSc_line_c9021909"
                    BASELINE="212 591 1116 599" 
                    HPOS="212.0"
                    VPOS="591.0"
                    WIDTH="904.0"
                    HEIGHT="8.0">
	    <String CONTENT="Er aber sagte nur: der Frevel geht doch weit."
                    HPOS="212.0"
                    VPOS="591.0"
                    WIDTH="904.0"
                    HEIGHT="8.0"></String>
          </TextLine>
          <TextLine ID="eSc_line_992dd555"
                    BASELINE="208 648 1190 651" 
                    HPOS="208.0"
                    VPOS="648.0"
                    WIDTH="982.0"
                    HEIGHT="3.0">
	    <String CONTENT="Mir armenBucklichten mein einzig Kleid zu stehlen ?"
                    HPOS="208.0"
                    VPOS="648.0"
                    WIDTH="982.0"
                    HEIGHT="3.0"></String>
          </TextLine>
          <TextLine ID="eSc_line_74c37f4f"
                    BASELINE="199 712 1220 717" 
                    HPOS="199.0"
                    VPOS="712.0"
                    WIDTH="1021.0"
                    HEIGHT="5.0">
	    <String CONTENT="Dem Schelm gebührt ein Fluch für seine Mauserey;"
                    HPOS="199.0"
                    VPOS="712.0"
                    WIDTH="1021.0"
                    HEIGHT="5.0"></String>
          </TextLine>
          <TextLine ID="eSc_line_5e397f18"
                    BASELINE="215 776 1219 775" 
                    HPOS="215.0"
                    VPOS="775.0"
                    WIDTH="1004.0"
                    HEIGHT="1.0">
	    <String CONTENT="Doch darf der Teufel ihn darum nicht holen;"
                    HPOS="215.0"
                    VPOS="775.0"
                    WIDTH="1004.0"
                    HEIGHT="1.0"></String>
          </TextLine>
          <TextLine ID="eSc_line_f9f6f729"
                    BASELINE="214 832 1280 836" 
                    HPOS="214.0"
                    VPOS="832.0"
                    WIDTH="1066.0"
                    HEIGHT="4.0">
	    <String CONTENT="Nur wünsch ich, daß das Kleid, das er mir gestohlen."
                    HPOS="214.0"
                    VPOS="832.0"
                    WIDTH="1066.0"
                    HEIGHT="4.0"></String>
          </TextLine>
          <TextLine ID="eSc_line_afefabcc"
                    BASELINE="214 894 1212 895" 
                    HPOS="214.0"
                    VPOS="894.0"
                    WIDTH="998.0"
                    HEIGHT="1.0">
	    <String CONTENT="Ihm so gerecht, als mir, an Brust und Ruecken, sey!"
                    HPOS="214.0"
                    VPOS="894.0"
                    WIDTH="998.0"
                    HEIGHT="1.0"></String>
          </TextLine>
        </TextBlock>
        <TextBlock HPOS="697.0"
                   VPOS="312.0"
                   WIDTH="144.0"
                   HEIGHT="61.0"
                   ID="region_1720778268665_55"
                   TAGREFS="BT4443">
          <Shape><Polygon POINTS="841 369 697 373 697 312 812 312"/></Shape>
          <TextLine ID="eSc_line_4c081423"
                    BASELINE="705 369 819 370" 
                    HPOS="705.0"
                    VPOS="369.0"
                    WIDTH="114.0"
                    HEIGHT="1.0">
	    <String CONTENT="211"
                    HPOS="705.0"
                    VPOS="369.0"
                    WIDTH="114.0"
                    HEIGHT="1.0"></String>
          </TextLine>
        </TextBlock>
        <TextBlock HPOS="178.0"
                   VPOS="1115.0"
                   WIDTH="1143.0"
                   HEIGHT="906.0"
                   ID="region_1720778279849_64"
                   TAGREFS="BT4443">
          <Shape><Polygon POINTS="1287 2021 199 2021 178 1115 1321 1118"/></Shape>
          <TextLine ID="eSc_line_71c95589"
                    BASELINE="216 1186 1224 1194" 
                    HPOS="216.0"
                    VPOS="1186.0"
                    WIDTH="1008.0"
                    HEIGHT="8.0">
	    <String CONTENT="Der Dolmetsch, welcher oft mehr Sprachen, als er wußte,"
                    HPOS="216.0"
                    VPOS="1186.0"
                    WIDTH="1008.0"
                    HEIGHT="8.0"></String>
          </TextLine>
          <TextLine ID="eSc_line_0b73636c"
                    BASELINE="209 1243 1103 1251" 
                    HPOS="209.0"
                    VPOS="1243.0"
                    WIDTH="894.0"
                    HEIGHT="8.0">
	    <String CONTENT="Vor seiner Koenigin *) sogleich erklaeren mußte;"
                    HPOS="209.0"
                    VPOS="1243.0"
                    WIDTH="894.0"
                    HEIGHT="8.0"></String>
          </TextLine>
          <TextLine ID="eSc_line_8bf6ba5b"
                    BASELINE="206 1307 1121 1312" 
                    HPOS="206.0"
                    VPOS="1307.0"
                    WIDTH="915.0"
                    HEIGHT="5.0">
	    <String CONTENT="Der schlaue Melson fand durch seine Munterkeit"
                    HPOS="206.0"
                    VPOS="1307.0"
                    WIDTH="915.0"
                    HEIGHT="5.0"></String>
          </TextLine>
          <TextLine ID="eSc_line_e7f8cede"
                    BASELINE="207 1367 931 1366" 
                    HPOS="207.0"
                    VPOS="1366.0"
                    WIDTH="724.0"
                    HEIGHT="1.0">
	    <String CONTENT="Den Rath, den nur der Witz verleiht."
                    HPOS="207.0"
                    VPOS="1366.0"
                    WIDTH="724.0"
                    HEIGHT="1.0"></String>
          </TextLine>
          <TextLine ID="eSc_line_e7f30f78"
                    BASELINE="216 1431 1195 1438" 
                    HPOS="216.0"
                    VPOS="1431.0"
                    WIDTH="979.0"
                    HEIGHT="7.0">
	    <String CONTENT="Einst kommt aus Indien ein schwarzer Abgesandter,"
                    HPOS="216.0"
                    VPOS="1431.0"
                    WIDTH="979.0"
                    HEIGHT="7.0"></String>
          </TextLine>
          <TextLine ID="eSc_line_48d031ff"
                    BASELINE="192 1495 1262 1495" 
                    HPOS="192.0"
                    VPOS="1495.0"
                    WIDTH="1070.0"
                    HEIGHT="0.0">
	    <String CONTENT="Erscheint vor dem Thron, und faengt den Vortrag an,"
                    HPOS="192.0"
                    VPOS="1495.0"
                    WIDTH="1070.0"
                    HEIGHT="0.0"></String>
          </TextLine>
          <TextLine ID="eSc_line_925620f1"
                    BASELINE="209 1552 778 1560" 
                    HPOS="209.0"
                    VPOS="1552.0"
                    WIDTH="569.0"
                    HEIGHT="8.0">
	    <String CONTENT="Den er nicht übersetzen kann;"
                    HPOS="209.0"
                    VPOS="1552.0"
                    WIDTH="569.0"
                    HEIGHT="8.0"></String>
          </TextLine>
          <TextLine ID="eSc_line_d3257b54"
                    BASELINE="209 1613 1204 1612" 
                    HPOS="209.0"
                    VPOS="1612.0"
                    WIDTH="995.0"
                    HEIGHT="1.0">
	    <String CONTENT="Denn seine Sprache war dem Melson unbekannter."
                    HPOS="209.0"
                    VPOS="1612.0"
                    WIDTH="995.0"
                    HEIGHT="1.0"></String>
          </TextLine>
          <TextLine ID="eSc_line_fccb5e35"
                    BASELINE="206 1673 1225 1682" 
                    HPOS="206.0"
                    VPOS="1673.0"
                    WIDTH="1019.0"
                    HEIGHT="9.0">
	    <String CONTENT="Doch hilft die List ihm aus. Ihm winkt die Koenigin."
                    HPOS="206.0"
                    VPOS="1673.0"
                    WIDTH="1019.0"
                    HEIGHT="9.0"></String>
          </TextLine>
          <TextLine ID="eSc_line_8343a832"
                    BASELINE="215 1741 1227 1736" 
                    HPOS="215.0"
                    VPOS="1736.0"
                    WIDTH="1012.0"
                    HEIGHT="5.0">
	    <String CONTENT="Er nähert such, und spricht: Dieß ist der Rede Sinn:"
                    HPOS="215.0"
                    VPOS="1736.0"
                    WIDTH="1012.0"
                    HEIGHT="5.0"></String>
          </TextLine>
          <TextLine ID="eSc_line_5f57b041"
                    BASELINE="264 1836 1261 1835" 
                    HPOS="264.0"
                    VPOS="1835.0"
                    WIDTH="997.0"
                    HEIGHT="1.0">
	    <String CONTENT="Großmaechtigste, dein Rum bringt bis un unsre Graenzen."
                    HPOS="264.0"
                    VPOS="1835.0"
                    WIDTH="997.0"
                    HEIGHT="1.0"></String>
          </TextLine>
          <TextLine ID="eSc_line_4e205532"
                    BASELINE="206 1895 1020 1897" 
                    HPOS="206.0"
                    VPOS="1895.0"
                    WIDTH="814.0"
                    HEIGHT="2.0">
	    <String CONTENT="Nur dich verehrt ein jeder Theil der Welt."
                    HPOS="206.0"
                    VPOS="1895.0"
                    WIDTH="814.0"
                    HEIGHT="2.0"></String>
          </TextLine>
          <TextLine ID="eSc_line_0454b0c3"
                    BASELINE="209 1951 959 1963" 
                    HPOS="209.0"
                    VPOS="1951.0"
                    WIDTH="750.0"
                    HEIGHT="12.0">
	    <String CONTENT="Wo sollte nicht, in Marmor ausgestellt,"
                    HPOS="209.0"
                    VPOS="1951.0"
                    WIDTH="750.0"
                    HEIGHT="12.0"></String>
          </TextLine>
          <TextLine ID="eSc_line_c17d6924"
                    BASELINE="210 2012 1127 2022" 
                    HPOS="210.0"
                    VPOS="2012.0"
                    WIDTH="917.0"
                    HEIGHT="10.0">
	    <String CONTENT="Dein Bild und Lob den spätesten Emkeln glänzen?"
                    HPOS="210.0"
                    VPOS="2012.0"
                    WIDTH="917.0"
                    HEIGHT="10.0"></String>
          </TextLine>
        </TextBlock>
        <TextBlock HPOS="551.0"
                   VPOS="1029.0"
                   WIDTH="367.0"
                   HEIGHT="71.0"
                   ID="region_1720778275832_61"
                   TAGREFS="BT4444">
          <Shape><Polygon POINTS="901 1100 554 1100 551 1029 918 1029"/></Shape>
          <TextLine ID="eSc_line_28f1646c"
                    BASELINE="584 1096 887 1098" 
                    HPOS="584.0"
                    VPOS="1096.0"
                    WIDTH="303.0"
                    HEIGHT="2.0">
	    <String CONTENT="Melson."
                    HPOS="584.0"
                    VPOS="1096.0"
                    WIDTH="303.0"
                    HEIGHT="2.0"></String>
          </TextLine>
        </TextBlock>
        <TextBlock HPOS="184.0"
                   VPOS="2138.0"
                   WIDTH="1116.0"
                   HEIGHT="159.0"
                   ID="region_1720778291749_70"
                   TAGREFS="BT4445">
          <Shape><Polygon POINTS="1300 2297 194 2297 184 2138 1290 2138"/></Shape>
          <TextLine ID="eSc_line_0416bbab"
                    BASELINE="269 2201 1257 2207" 
                    HPOS="269.0"
                    VPOS="2201.0"
                    WIDTH="988.0"
                    HEIGHT="6.0">
	    <String CONTENT="*) Anna von Oesterreich, Gemahlin Koenigs Ludewig des Drey-"
                    HPOS="269.0"
                    VPOS="2201.0"
                    WIDTH="988.0"
                    HEIGHT="6.0"></String>
          </TextLine>
          <TextLine ID="eSc_line_587e927d"
                    BASELINE="200 2246 1257 2252" 
                    HPOS="200.0"
                    VPOS="2246.0"
                    WIDTH="1057.0"
                    HEIGHT="6.0">
	    <String CONTENT="zehnten von Frankreich, und Regentin zur Zeit der Minderjährigkeit"
                    HPOS="200.0"
                    VPOS="2246.0"
                    WIDTH="1057.0"
                    HEIGHT="6.0"></String>
          </TextLine>
          <TextLine ID="eSc_line_2bc56283"
                    BASELINE="203 2288 563 2288" 
                    HPOS="203.0"
                    VPOS="2288.0"
                    WIDTH="360.0"
                    HEIGHT="0.0">
	    <String CONTENT="Ludewigs des Großen"
                    HPOS="203.0"
                    VPOS="2288.0"
                    WIDTH="360.0"
                    HEIGHT="0.0"></String>
          </TextLine>
        </TextBlock>
        <TextBlock HPOS="641.0"
                   VPOS="2309.0"
                   WIDTH="194.0"
                   HEIGHT="69.0"
                   ID="region_1720778294529_73"
                   TAGREFS="BT4443">
          <Shape><Polygon POINTS="813 2362 641 2378 643 2309 835 2309"/></Shape>
          <TextLine ID="eSc_line_7fca251c"
                    BASELINE="670 2359 801 2358" 
                    HPOS="670.0"
                    VPOS="2358.0"
                    WIDTH="131.0"
                    HEIGHT="1.0">
	    <String CONTENT="D 2"
                    HPOS="670.0"
                    VPOS="2358.0"
                    WIDTH="131.0"
                    HEIGHT="1.0"></String>
          </TextLine>
        </TextBlock>
      </PrintSpace>
    </Page>
  </Layout>
</alto>
