<?xml version="1.0" encoding="UTF-8"  standalone="yes"?>
<PcGts xmlns="http://schema.primaresearch.org/PAGE/gts/pagecontent/2019-07-15" xmlns:xsi="http://www.w3.org/2001/XMLSchema-instance" xsi:schemaLocation="http://schema.primaresearch.org/PAGE/gts/pagecontent/2019-07-15 http://schema.primaresearch.org/PAGE/gts/pagecontent/2019-07-15/pagecontent.xsd">
  <Metadata>
	<Creator>escriptorium</Creator>
	<Created>2025-04-28T08:10:02.593913+00:00</Created>
        <LastChange>2025-04-28T08:10:02.593934+00:00</LastChange>
  </Metadata>
  <Page imageFilename="1770,_Saemmtliche_Poetische_Werke,_Trattner,_VD18_12002895_Seite_512_Bild_0001.jpg" imageWidth="1130" imageHeight="1745">
    <TextRegion id="region_1737733556302_1148"  custom="structure {type:paragraph;}">
      <Coords points="440,178 517,181 514,214 438,212"/>
    </TextRegion>
    <TextRegion id="region_1737733567551_1151"  custom="structure {type:paragraph;}">
      <Coords points="588,169 1001,172 1001,221 940,227 584,224"/>
    </TextRegion>
    <TextRegion id="region_1737733604223_1157"  custom="structure {type:paragraph;}">
      <Coords points="442,239 1103,247 1103,293 872,313 903,399 973,406 1015,440 1106,460 1105,582 923,593 1101,622 1071,709 407,705 427,601 435,274"/>
    </TextRegion>
    <TextRegion id="region_1737733637737_1161"  custom="structure {type:paragraph;}">
      <Coords points="474,809 476,773 1106,778 1104,819 769,830 805,854 920,853 911,914 430,906 436,859 660,851 659,826 490,824"/>
    </TextRegion>
    <TextRegion id="region_1737733661515_1169"  custom="structure {type:heading;}">
      <Coords points="490,998 1057,1013 1045,1066 481,1065"/>
    </TextRegion>
    <TextRegion id="region_1737733675451_1172"  custom="structure {type:paragraph;}">
      <Coords points="494,1143 489,1125 502,1111 491,1093 422,1098 428,1161 479,1159 487,1155"/>
    </TextRegion>
    <TextRegion id="region_1737733694319_1175"  custom="structure {type:paragraph;}">
      <Coords points="496,1142 496,1121 573,1117 1102,1116 1094,1167 840,1171 852,1204 890,1207 871,1287 422,1287 424,1192 494,1177"/>
    </TextRegion>
    <TextRegion id="region_1737733717820_1182"  custom="structure {type:footnote;}">
      <Coords points="467,1308 895,1307 1097,1313 1100,1450 765,1448 763,1494 484,1476 495,1346 464,1336"/>
    </TextRegion>
    <TextRegion id="region_1737733731621_1185"  custom="structure {type:paragraph;}">
      <Coords points="992,1473 1066,1472 1059,1520 990,1516"/>
    </TextRegion>
  </Page>
</PcGts>
