<?xml version="1.0" encoding="UTF-8"  standalone="yes"?>
<PcGts xmlns="http://schema.primaresearch.org/PAGE/gts/pagecontent/2019-07-15" xmlns:xsi="http://www.w3.org/2001/XMLSchema-instance" xsi:schemaLocation="http://schema.primaresearch.org/PAGE/gts/pagecontent/2019-07-15 http://schema.primaresearch.org/PAGE/gts/pagecontent/2019-07-15/pagecontent.xsd">
  <Metadata>
	<Creator>escriptorium</Creator>
	<Created>2025-04-28T08:10:02.583721+00:00</Created>
        <LastChange>2025-04-28T08:10:02.583741+00:00</LastChange>
  </Metadata>
  <Page imageFilename="1770,_Saemmtliche_Poetische_Werke,_Trattner,_VD18_12002895_Seite_490_Bild_0001.jpg" imageWidth="1104" imageHeight="1763">
    <TextRegion id="region_1737733491293_1118"  custom="structure {type:paragraph;}">
      <Coords points="411,235 1026,237 1033,287 1087,366 1071,434 1019,428 1068,584 1001,588 980,638 1066,654 1074,693 406,694 397,424"/>
      <TextLine id="eSc_line_a5c8528e" >
        <Baseline points="413,276 1023,274"/>
        <TextEquiv>
          <Unicode></Unicode>
        </TextEquiv>
      </TextLine>
      <TextLine id="eSc_line_9c817fc6" >
        <Baseline points="410,317 1046,315"/>
        <TextEquiv>
          <Unicode></Unicode>
        </TextEquiv>
      </TextLine>
      <TextLine id="eSc_line_8848be8f" >
        <Baseline points="404,362 1075,360"/>
        <TextEquiv>
          <Unicode></Unicode>
        </TextEquiv>
      </TextLine>
      <TextLine id="eSc_line_a5e1fca6" >
        <Baseline points="404,399 1080,396"/>
        <TextEquiv>
          <Unicode></Unicode>
        </TextEquiv>
      </TextLine>
      <TextLine id="eSc_line_eb623e7e" >
        <Baseline points="404,442 1009,437"/>
        <TextEquiv>
          <Unicode></Unicode>
        </TextEquiv>
      </TextLine>
      <TextLine id="eSc_line_35141487" >
        <Baseline points="408,485 1027,481"/>
        <TextEquiv>
          <Unicode></Unicode>
        </TextEquiv>
      </TextLine>
      <TextLine id="eSc_line_87ea3519" >
        <Baseline points="406,522 1034,519"/>
        <TextEquiv>
          <Unicode></Unicode>
        </TextEquiv>
      </TextLine>
      <TextLine id="eSc_line_8c5235ae" >
        <Baseline points="410,563 1046,560"/>
        <TextEquiv>
          <Unicode></Unicode>
        </TextEquiv>
      </TextLine>
      <TextLine id="eSc_line_6d50a5cc" >
        <Baseline points="406,601 989,606"/>
        <TextEquiv>
          <Unicode></Unicode>
        </TextEquiv>
      </TextLine>
      <TextLine id="eSc_line_2b283298" >
        <Baseline points="408,645 959,642"/>
        <TextEquiv>
          <Unicode></Unicode>
        </TextEquiv>
      </TextLine>
      <TextLine id="eSc_line_15596c23" >
        <Baseline points="410,686 1064,681"/>
        <TextEquiv>
          <Unicode></Unicode>
        </TextEquiv>
      </TextLine>
    </TextRegion>
    <TextRegion id="region_1737733467344_1115"  custom="structure {type:paragraph;}">
      <Coords points="498,164 1066,159 1064,214 496,219"/>
      <TextLine id="eSc_line_ee521b4a" >
        <Baseline points="504,206 1066,206"/>
        <TextEquiv>
          <Unicode></Unicode>
        </TextEquiv>
      </TextLine>
    </TextRegion>
    <TextRegion id="region_1737733455120_1112"  custom="structure {type:paragraph;}">
      <Coords points="481,176 408,175 408,212 483,212"/>
    </TextRegion>
    <TextRegion id="region_1737733500570_1121"  custom="structure {type:paragraph;}">
      <Coords points="935,1409 1018,1411 1010,1483 924,1473"/>
    </TextRegion>
  </Page>
</PcGts>
