<?xml version="1.0" encoding="UTF-8"  standalone="yes"?>
<PcGts xmlns="http://schema.primaresearch.org/PAGE/gts/pagecontent/2019-07-15" xmlns:xsi="http://www.w3.org/2001/XMLSchema-instance" xsi:schemaLocation="http://schema.primaresearch.org/PAGE/gts/pagecontent/2019-07-15 http://schema.primaresearch.org/PAGE/gts/pagecontent/2019-07-15/pagecontent.xsd">
  <Metadata>
	<Creator>escriptorium</Creator>
	<Created>2025-04-28T08:10:02.615190+00:00</Created>
        <LastChange>2025-04-28T08:10:02.615210+00:00</LastChange>
  </Metadata>
  <Page imageFilename="1770,_Saemmtliche_Poetische_Werke,_Trattner,_VD18_12002895_Seite_889_Bild_0001.jpg" imageWidth="978" imageHeight="1733">
    <TextRegion id="region_1737734052942_1329"  custom="structure {type:paragraph;}">
      <Coords points="258,163 566,157 568,210 254,208"/>
    </TextRegion>
    <TextRegion id="region_1737734056978_1332"  custom="structure {type:paragraph;}">
      <Coords points="685,162 748,155 777,188 763,207 683,203"/>
    </TextRegion>
    <TextRegion id="region_1737734076469_1335"  custom="structure {type:heading;}">
      <Coords points="218,291 649,288 650,360 769,376 774,471 683,467 677,509 440,518 210,516 188,511 184,477 87,466 92,364 224,369"/>
    </TextRegion>
    <TextRegion id="region_1737734088576_1338"  custom="structure {type:paragraph;}">
      <Coords points="144,614 141,600 152,591 151,565 88,566 96,625 131,629 143,622"/>
    </TextRegion>
    <TextRegion id="region_1737734130272_1346"  custom="structure {type:paragraph;}">
      <Coords points="146,617 144,600 192,590 771,583 783,1471 735,1474 448,1475 404,1470 371,1476 104,1479 90,1068 88,641 121,632 144,634"/>
    </TextRegion>
    <TextRegion id="region_1737734143029_1351"  custom="structure {type:paragraph;}">
      <Coords points="384,1516 462,1520 463,1481 423,1476 407,1474 382,1476 380,1497"/>
    </TextRegion>
    <TextRegion id="region_1737734151737_1355"  custom="structure {type:paragraph;}">
      <Coords points="669,1477 745,1482 745,1514 662,1510"/>
    </TextRegion>
  </Page>
</PcGts>
