<?xml version="1.0" encoding="UTF-8"  standalone="yes"?>
<PcGts xmlns="http://schema.primaresearch.org/PAGE/gts/pagecontent/2019-07-15" xmlns:xsi="http://www.w3.org/2001/XMLSchema-instance" xsi:schemaLocation="http://schema.primaresearch.org/PAGE/gts/pagecontent/2019-07-15 http://schema.primaresearch.org/PAGE/gts/pagecontent/2019-07-15/pagecontent.xsd">
  <Metadata>
	<Creator>escriptorium</Creator>
	<Created>2025-04-28T08:10:02.519853+00:00</Created>
        <LastChange>2025-04-28T08:10:02.519879+00:00</LastChange>
  </Metadata>
  <Page imageFilename="1770,_Saemmtliche_Poetische_Werke,_Trattner,_VD18_12002895_Seite_154_Bild_0001.jpg" imageWidth="1004" imageHeight="1738">
    <TextRegion id="region_1719311780406_162"  custom="structure {type:paragraph;}">
      <Coords points="246,223 926,222 928,643 234,643"/>
      <TextLine id="eSc_line_9b96f535" >
        <Baseline points="296,263 922,268"/>
        <TextEquiv>
          <Unicode></Unicode>
        </TextEquiv>
      </TextLine>
      <TextLine id="eSc_line_b8adbb1c" >
        <Baseline points="255,346 918,350"/>
        <TextEquiv>
          <Unicode></Unicode>
        </TextEquiv>
      </TextLine>
      <TextLine id="eSc_line_115c0b22" >
        <Baseline points="534,307 726,309"/>
        <TextEquiv>
          <Unicode></Unicode>
        </TextEquiv>
      </TextLine>
      <TextLine id="eSc_line_1019f36b" >
        <Baseline points="255,387 920,396"/>
        <TextEquiv>
          <Unicode></Unicode>
        </TextEquiv>
      </TextLine>
      <TextLine id="eSc_line_f37dcfbd" >
        <Baseline points="257,428 932,433"/>
        <TextEquiv>
          <Unicode></Unicode>
        </TextEquiv>
      </TextLine>
      <TextLine id="eSc_line_0d28c266" >
        <Baseline points="252,513 927,517"/>
        <TextEquiv>
          <Unicode></Unicode>
        </TextEquiv>
      </TextLine>
      <TextLine id="eSc_line_38a8e2db" >
        <Baseline points="524,474 648,476"/>
        <TextEquiv>
          <Unicode></Unicode>
        </TextEquiv>
      </TextLine>
      <TextLine id="eSc_line_351244a0" >
        <Baseline points="255,590 922,597"/>
        <TextEquiv>
          <Unicode></Unicode>
        </TextEquiv>
      </TextLine>
      <TextLine id="eSc_line_8f686f41" >
        <Baseline points="529,552 616,554"/>
        <TextEquiv>
          <Unicode></Unicode>
        </TextEquiv>
      </TextLine>
      <TextLine id="eSc_line_1200dcb0" >
        <Baseline points="524,634 609,634"/>
        <TextEquiv>
          <Unicode></Unicode>
        </TextEquiv>
      </TextLine>
    </TextRegion>
    <TextRegion id="region_1719311764671_159"  custom="structure {type:paragraph;}">
      <Coords points="416,208 758,209 758,149 411,149"/>
      <TextLine id="eSc_line_346faf3f" >
        <Baseline points="417,195 753,199"/>
        <TextEquiv>
          <Unicode></Unicode>
        </TextEquiv>
      </TextLine>
    </TextRegion>
    <TextRegion id="region_1719311788804_165"  custom="structure {type:paragraph;}">
      <Coords points="281,672 924,668 922,760 279,764"/>
      <TextLine id="eSc_line_a1335c19" >
        <Baseline points="296,716 918,716"/>
        <TextEquiv>
          <Unicode></Unicode>
        </TextEquiv>
      </TextLine>
      <TextLine id="eSc_line_e8df5dab" >
        <Baseline points="524,757 707,760"/>
        <TextEquiv>
          <Unicode></Unicode>
        </TextEquiv>
      </TextLine>
    </TextRegion>
    <TextRegion id="region_1719311832049_177"  custom="structure {type:footnote;}">
      <Coords points="310,1100 925,1099 925,839 315,838"/>
      <TextLine id="eSc_line_08e89477" >
        <Baseline points="319,872 922,869"/>
        <TextEquiv>
          <Unicode></Unicode>
        </TextEquiv>
      </TextLine>
      <TextLine id="eSc_line_211a102e" >
        <Baseline points="326,904 918,904"/>
        <TextEquiv>
          <Unicode></Unicode>
        </TextEquiv>
      </TextLine>
      <TextLine id="eSc_line_6e8a69d8" >
        <Baseline points="323,931 916,936"/>
        <TextEquiv>
          <Unicode></Unicode>
        </TextEquiv>
      </TextLine>
      <TextLine id="eSc_line_2c1a50df" >
        <Baseline points="321,966 918,968"/>
        <TextEquiv>
          <Unicode></Unicode>
        </TextEquiv>
      </TextLine>
      <TextLine id="eSc_line_6293a2ef" >
        <Baseline points="314,1000 925,1002"/>
        <TextEquiv>
          <Unicode></Unicode>
        </TextEquiv>
      </TextLine>
      <TextLine id="eSc_line_c537f165" >
        <Baseline points="314,1027 918,1034"/>
        <TextEquiv>
          <Unicode></Unicode>
        </TextEquiv>
      </TextLine>
      <TextLine id="eSc_line_b573484a" >
        <Baseline points="321,1064 913,1068"/>
        <TextEquiv>
          <Unicode></Unicode>
        </TextEquiv>
      </TextLine>
      <TextLine id="eSc_line_a6140ee1" >
        <Baseline points="321,1096 378,1094"/>
        <TextEquiv>
          <Unicode></Unicode>
        </TextEquiv>
      </TextLine>
    </TextRegion>
    <TextRegion id="region_1719311836745_180"  custom="structure {type:footnote;}">
      <Coords points="272,1103 913,1103 909,1492 272,1498"/>
      <TextLine id="eSc_line_48f54fd8" >
        <Baseline points="275,1128 909,1130"/>
        <TextEquiv>
          <Unicode></Unicode>
        </TextEquiv>
      </TextLine>
      <TextLine id="eSc_line_3bdb1071" >
        <Baseline points="313,1160 907,1160"/>
        <TextEquiv>
          <Unicode></Unicode>
        </TextEquiv>
      </TextLine>
      <TextLine id="eSc_line_18fcbdbf" >
        <Baseline points="312,1193 913,1193"/>
        <TextEquiv>
          <Unicode></Unicode>
        </TextEquiv>
      </TextLine>
      <TextLine id="eSc_line_5c3a0a0f" >
        <Baseline points="315,1223 907,1225"/>
        <TextEquiv>
          <Unicode></Unicode>
        </TextEquiv>
      </TextLine>
      <TextLine id="eSc_line_e0242c32" >
        <Baseline points="308,1259 905,1261"/>
        <TextEquiv>
          <Unicode></Unicode>
        </TextEquiv>
      </TextLine>
      <TextLine id="eSc_line_39088837" >
        <Baseline points="308,1295 905,1295"/>
        <TextEquiv>
          <Unicode></Unicode>
        </TextEquiv>
      </TextLine>
      <TextLine id="eSc_line_d7f9f6a3" >
        <Baseline points="308,1328 907,1328"/>
        <TextEquiv>
          <Unicode></Unicode>
        </TextEquiv>
      </TextLine>
      <TextLine id="eSc_line_8b7f60f5" >
        <Baseline points="310,1358 903,1360"/>
        <TextEquiv>
          <Unicode></Unicode>
        </TextEquiv>
      </TextLine>
      <TextLine id="eSc_line_8885b68e" >
        <Baseline points="310,1392 907,1396"/>
        <TextEquiv>
          <Unicode></Unicode>
        </TextEquiv>
      </TextLine>
      <TextLine id="eSc_line_e2780d60" >
        <Baseline points="313,1426 903,1426"/>
        <TextEquiv>
          <Unicode></Unicode>
        </TextEquiv>
      </TextLine>
      <TextLine id="eSc_line_cc396b3d" >
        <Baseline points="310,1454 907,1456"/>
        <TextEquiv>
          <Unicode></Unicode>
        </TextEquiv>
      </TextLine>
      <TextLine id="eSc_line_3b8a7009" >
        <Baseline points="313,1489 377,1489"/>
        <TextEquiv>
          <Unicode></Unicode>
        </TextEquiv>
      </TextLine>
    </TextRegion>
    <TextRegion id="region_1719311758707_156"  custom="structure {type:paragraph;}">
      <Coords points="257,159 326,159 326,189 257,189"/>
    </TextRegion>
    <TextRegion id="region_1719311794380_168"  custom="structure {type:paragraph;}">
      <Coords points="785,806 884,806 884,766 785,766"/>
    </TextRegion>
  </Page>
</PcGts>
