<?xml version="1.0" encoding="UTF-8"  standalone="yes"?>
<PcGts xmlns="http://schema.primaresearch.org/PAGE/gts/pagecontent/2019-07-15" xmlns:xsi="http://www.w3.org/2001/XMLSchema-instance" xsi:schemaLocation="http://schema.primaresearch.org/PAGE/gts/pagecontent/2019-07-15 http://schema.primaresearch.org/PAGE/gts/pagecontent/2019-07-15/pagecontent.xsd">
  <Metadata>
	<Creator>escriptorium</Creator>
	<Created>2025-04-28T08:10:02.604168+00:00</Created>
        <LastChange>2025-04-28T08:10:02.604189+00:00</LastChange>
  </Metadata>
  <Page imageFilename="1770,_Saemmtliche_Poetische_Werke,_Trattner,_VD18_12002895_Seite_853_Bild_0001.jpg" imageWidth="1008" imageHeight="1721">
    <TextRegion id="region_1737733812951_1230"  custom="structure {type:paragraph;}">
      <Coords points="208,148 544,154 538,202 204,195"/>
    </TextRegion>
    <TextRegion id="region_1737733816692_1233"  custom="structure {type:paragraph;}">
      <Coords points="632,154 722,154 717,203 631,196"/>
    </TextRegion>
    <TextRegion id="region_1737733832566_1237"  custom="structure {type:paragraph;}">
      <Coords points="84,263 82,219 712,223 718,605 350,604 345,645 42,645 41,274"/>
    </TextRegion>
    <TextRegion id="region_1737733846537_1240"  custom="structure {type:paragraph;}">
      <Coords points="117,672 636,682 638,728 542,732 601,781 569,814 462,819 460,844 169,848 165,815 100,807 115,749 178,739 111,717"/>
    </TextRegion>
    <TextRegion id="region_1737733860242_1243"  custom="structure {type:paragraph;}">
      <Coords points="131,876 642,877 639,926 581,947 563,1008 507,1015 506,1043 189,1053 190,1021 125,1004 116,951 173,956 176,928 113,923"/>
    </TextRegion>
    <TextRegion id="region_1737733880432_1246"  custom="structure {type:paragraph;}">
      <Coords points="90,1073 738,1082 733,1207 675,1207 667,1217 653,1212 644,1207 601,1211 520,1214 284,1214 50,1221 52,1136 90,1129"/>
    </TextRegion>
    <TextRegion id="region_1737733910639_1257"  custom="structure {type:paragraph;}">
      <Coords points="612,1212 640,1209 652,1216 665,1222 688,1223 685,1242 673,1256 604,1250"/>
    </TextRegion>
    <TextRegion id="region_1737733897029_1249"  custom="structure {type:footnote;}">
      <Coords points="97,1368 493,1364 744,1368 741,1339 658,1331 149,1338 100,1339"/>
    </TextRegion>
    <TextRegion id="region_1737733930063_1264"  custom="structure {type:footnote;}">
      <Coords points="96,1374 160,1370 290,1369 395,1367 452,1375 451,1405 389,1399 286,1395 159,1397 92,1402"/>
    </TextRegion>
    <TextRegion id="region_1737733939663_1267"  custom="structure {type:footnote;}">
      <Coords points="98,1408 176,1401 291,1403 357,1402 365,1416 363,1428 203,1433 141,1433 92,1435"/>
    </TextRegion>
  </Page>
</PcGts>
