<?xml version="1.0" encoding="UTF-8"  standalone="yes"?>
<PcGts xmlns="http://schema.primaresearch.org/PAGE/gts/pagecontent/2019-07-15" xmlns:xsi="http://www.w3.org/2001/XMLSchema-instance" xsi:schemaLocation="http://schema.primaresearch.org/PAGE/gts/pagecontent/2019-07-15 http://schema.primaresearch.org/PAGE/gts/pagecontent/2019-07-15/pagecontent.xsd">
  <Metadata>
	<Creator>escriptorium</Creator>
	<Created>2025-04-28T08:10:02.538918+00:00</Created>
        <LastChange>2025-04-28T08:10:02.538943+00:00</LastChange>
  </Metadata>
  <Page imageFilename="1770,_Saemmtliche_Poetische_Werke,_Trattner,_VD18_12002895_Seite_215_Bild_0001.jpg" imageWidth="1031" imageHeight="1741">
    <TextRegion id="region_1719312311056_220"  custom="structure {type:paragraph;}">
      <Coords points="121,162 564,162 564,217 118,223"/>
    </TextRegion>
    <TextRegion id="region_1719312314507_223"  custom="structure {type:paragraph;}">
      <Coords points="612,170 677,166 677,218 607,218"/>
    </TextRegion>
    <TextRegion id="region_1719312318934_226"  custom="structure {type:heading;}">
      <Coords points="141,243 564,245 567,308 141,308"/>
    </TextRegion>
    <TextRegion id="region_1719312459235_265"  custom="structure {type:paragraph;}">
      <Coords points="18,295 81,295 80,363 12,363"/>
    </TextRegion>
    <TextRegion id="region_1719312334851_229"  custom="structure {type:paragraph;}">
      <Coords points="15,369 15,775 697,775 691,321 83,319 82,367"/>
    </TextRegion>
    <TextRegion id="region_1719312378443_235"  custom="structure {type:heading;}">
      <Coords points="127,881 578,884 578,955 120,955"/>
    </TextRegion>
    <TextRegion id="region_1719312468453_268"  custom="structure {type:paragraph;}">
      <Coords points="25,946 91,945 91,1013 22,1013"/>
    </TextRegion>
    <TextRegion id="region_1719312388899_238"  custom="structure {type:paragraph;}">
      <Coords points="29,1020 92,1019 95,975 689,975 687,1132 29,1137"/>
    </TextRegion>
    <TextRegion id="region_1719312393122_241"  custom="structure {type:paragraph;}">
      <Coords points="592,1137 651,1141 653,1176 592,1176"/>
    </TextRegion>
    <TextRegion id="region_1721130943942_717"  custom="structure {type:footnote;}">
      <Coords points="64,1179 690,1184 698,1376 68,1373"/>
    </TextRegion>
    <TextRegion id="region_1721131001736_720"  custom="structure {type:footnote;}">
      <Coords points="68,1375 636,1379 643,1406 68,1407"/>
    </TextRegion>
    <TextRegion id="region_1721131085117_731"  custom="structure {type:footnote;}">
      <Coords points="70,1409 697,1409 697,1476 265,1478 265,1505 76,1505"/>
    </TextRegion>
  </Page>
</PcGts>
