<?xml version="1.0" encoding="UTF-8"  standalone="yes"?>
<PcGts xmlns="http://schema.primaresearch.org/PAGE/gts/pagecontent/2019-07-15" xmlns:xsi="http://www.w3.org/2001/XMLSchema-instance" xsi:schemaLocation="http://schema.primaresearch.org/PAGE/gts/pagecontent/2019-07-15 http://schema.primaresearch.org/PAGE/gts/pagecontent/2019-07-15/pagecontent.xsd">
  <Metadata>
	<Creator>escriptorium</Creator>
	<Created>2025-04-28T08:10:02.507806+00:00</Created>
        <LastChange>2025-04-28T08:10:02.507833+00:00</LastChange>
  </Metadata>
  <Page imageFilename="1770,_Saemmtliche_Poetische_Werke,_Trattner,_VD18_12002895_Seite_035_Bild_0001.jpg" imageWidth="1074" imageHeight="1744">
    <TextRegion id="region_1719303680838_117"  custom="structure {type:paragraph;}">
      <Coords points="243,161 530,161 529,210 243,208"/>
    </TextRegion>
    <TextRegion id="region_1719303696263_120"  custom="structure {type:paragraph;}">
      <Coords points="47,234 718,234 726,418 47,429"/>
    </TextRegion>
    <TextRegion id="region_1719303703022_123"  custom="structure {type:paragraph;}">
      <Coords points="48,433 727,433 727,579 43,579"/>
    </TextRegion>
    <TextRegion id="region_1719303719715_126"  custom="structure {type:paragraph;}">
      <Coords points="46,1053 726,1058 724,591 46,591"/>
    </TextRegion>
    <TextRegion id="region_1719303728772_132"  custom="structure {type:paragraph;}">
      <Coords points="337,1057 421,1059 421,1099 337,1099"/>
    </TextRegion>
    <TextRegion id="region_1719303723455_129"  custom="structure {type:paragraph;}">
      <Coords points="608,1059 673,1059 675,1109 605,1109"/>
    </TextRegion>
    <TextRegion id="region_1719303762428_135"  custom="structure {type:footnote;}">
      <Coords points="38,1116 721,1118 734,1291 38,1291"/>
    </TextRegion>
    <TextRegion id="region_1719304014086_153"  custom="structure {type:paragraph;}">
      <Coords points="38,1300 737,1300 720,1522 38,1529"/>
    </TextRegion>
  </Page>
</PcGts>
