<?xml version="1.0" encoding="UTF-8"  standalone="yes"?>
<PcGts xmlns="http://schema.primaresearch.org/PAGE/gts/pagecontent/2019-07-15" xmlns:xsi="http://www.w3.org/2001/XMLSchema-instance" xsi:schemaLocation="http://schema.primaresearch.org/PAGE/gts/pagecontent/2019-07-15 http://schema.primaresearch.org/PAGE/gts/pagecontent/2019-07-15/pagecontent.xsd">
  <Metadata>
	<Creator>escriptorium</Creator>
	<Created>2025-04-28T08:10:02.638647+00:00</Created>
        <LastChange>2025-04-28T08:10:02.638667+00:00</LastChange>
  </Metadata>
  <Page imageFilename="1770,_Saemmtliche_Poetische_Werke,_Trattner,_VD18_12002895_Seite_909_Bild_0001.jpg" imageWidth="978" imageHeight="1733">
    <TextRegion id="region_1737734500694_1497"  custom="structure {type:paragraph;}">
      <Coords points="262,164 521,165 570,160 570,117 450,111 265,119"/>
    </TextRegion>
    <TextRegion id="region_1737734505425_1500"  custom="structure {type:paragraph;}">
      <Coords points="677,157 760,163 752,118 705,110 673,114"/>
    </TextRegion>
    <TextRegion id="region_1737734527715_1504"  custom="structure {type:paragraph;}">
      <Coords points="84,201 451,185 754,185 746,1254 691,1249 78,1258"/>
    </TextRegion>
    <TextRegion id="region_1737734536276_1508"  custom="structure {type:paragraph;}">
      <Coords points="644,1256 693,1253 715,1271 709,1293 640,1289"/>
    </TextRegion>
    <TextRegion id="region_1737734554554_1513"  custom="structure {type:footnote;}">
      <Coords points="124,1296 466,1298 463,1332 346,1324 311,1327 252,1326 125,1328"/>
    </TextRegion>
    <TextRegion id="region_1737734569912_1516"  custom="structure {type:footnote;}">
      <Coords points="127,1334 190,1331 316,1331 405,1332 465,1336 510,1334 506,1362 383,1358 278,1356 173,1357 124,1360"/>
    </TextRegion>
    <TextRegion id="region_1737734588943_1519"  custom="structure {type:footnote;}">
      <Coords points="126,1367 193,1362 278,1363 359,1366 405,1364 458,1365 628,1367 625,1392 527,1396 507,1389 376,1391 293,1388 226,1391 166,1390 128,1394"/>
    </TextRegion>
    <TextRegion id="region_1737734602339_1522"  custom="structure {type:paragraph;}">
      <Coords points="90,1399 108,1392 125,1400 265,1395 366,1394 490,1394 490,1431 205,1433 88,1436"/>
    </TextRegion>
  </Page>
</PcGts>
