<?xml version="1.0" encoding="UTF-8"  standalone="yes"?>
<PcGts xmlns="http://schema.primaresearch.org/PAGE/gts/pagecontent/2019-07-15" xmlns:xsi="http://www.w3.org/2001/XMLSchema-instance" xsi:schemaLocation="http://schema.primaresearch.org/PAGE/gts/pagecontent/2019-07-15 http://schema.primaresearch.org/PAGE/gts/pagecontent/2019-07-15/pagecontent.xsd">
  <Metadata>
	<Creator>escriptorium</Creator>
	<Created>2025-04-28T08:10:02.573450+00:00</Created>
        <LastChange>2025-04-28T08:10:02.573471+00:00</LastChange>
  </Metadata>
  <Page imageFilename="1770,_Saemmtliche_Poetische_Werke,_Trattner,_VD18_12002895_Seite_378_Bild_0001.jpg" imageWidth="1093" imageHeight="1745">
    <TextRegion id="region_1719312796316_365"  custom="structure {type:paragraph;}">
      <Coords points="369,190 424,190 424,239 369,239"/>
    </TextRegion>
    <TextRegion id="region_1719312804183_368"  custom="structure {type:paragraph;}">
      <Coords points="487,239 919,237 919,181 487,183"/>
    </TextRegion>
    <TextRegion id="region_1719312811141_371"  custom="structure {type:paragraph;}">
      <Coords points="372,254 1041,251 1041,544 363,544"/>
    </TextRegion>
    <TextRegion id="region_1719312840751_377"  custom="structure {type:paragraph;}">
      <Coords points="364,624 1049,618 1045,908 364,908"/>
    </TextRegion>
    <TextRegion id="region_1719312862366_383"  custom="structure {type:heading;}">
      <Coords points="375,1016 1051,1015 1042,1127 375,1126"/>
    </TextRegion>
    <TextRegion id="region_1719312868753_386"  custom="structure {type:paragraph;}">
      <Coords points="376,1161 428,1161 428,1227 370,1227"/>
    </TextRegion>
    <TextRegion id="region_1719312872936_389"  custom="structure {type:paragraph;}">
      <Coords points="365,1230 430,1230 430,1186 1054,1185 1041,1308 365,1307"/>
    </TextRegion>
    <TextRegion id="region_1719312879554_392"  custom="structure {type:paragraph;}">
      <Coords points="922,1338 1009,1337 1003,1385 922,1385"/>
    </TextRegion>
    <TextRegion id="region_1719312885264_395"  custom="structure {type:footnote;}">
      <Coords points="438,1419 1049,1419 1044,1526 438,1529"/>
    </TextRegion>
  </Page>
</PcGts>
