<?xml version="1.0" encoding="UTF-8"  standalone="yes"?>
<PcGts xmlns="http://schema.primaresearch.org/PAGE/gts/pagecontent/2019-07-15" xmlns:xsi="http://www.w3.org/2001/XMLSchema-instance" xsi:schemaLocation="http://schema.primaresearch.org/PAGE/gts/pagecontent/2019-07-15 http://schema.primaresearch.org/PAGE/gts/pagecontent/2019-07-15/pagecontent.xsd">
  <Metadata>
	<Creator>escriptorium</Creator>
	<Created>2025-04-28T08:10:02.489969+00:00</Created>
        <LastChange>2025-04-28T08:10:02.489995+00:00</LastChange>
  </Metadata>
  <Page imageFilename="1770,_Saemmtliche_Poetische_Werke,_Trattner,_VD18_12002895_Seite_019_Bild_0001.jpg" imageWidth="1096" imageHeight="1745">
    <TextRegion id="region_1719303017878_50"  custom="structure {type:paragraph;}">
      <Coords points="122,164 590,165 604,220 122,220"/>
      <TextLine id="eSc_line_051bc6dc" >
        <Baseline points="136,208 594,213"/>
        <TextEquiv>
          <Unicode></Unicode>
        </TextEquiv>
      </TextLine>
    </TextRegion>
    <TextRegion id="region_1719303023624_53"  custom="structure {type:paragraph;}">
      <Coords points="36,249 709,247 715,390 456,390 457,433 36,436"/>
      <TextLine id="eSc_line_4a7c47e1" >
        <Baseline points="48,288 710,283"/>
        <TextEquiv>
          <Unicode></Unicode>
        </TextEquiv>
      </TextLine>
      <TextLine id="eSc_line_3b3bd28b" >
        <Baseline points="43,332 702,332"/>
        <TextEquiv>
          <Unicode></Unicode>
        </TextEquiv>
      </TextLine>
      <TextLine id="eSc_line_47992956" >
        <Baseline points="46,382 702,380"/>
        <TextEquiv>
          <Unicode></Unicode>
        </TextEquiv>
      </TextLine>
      <TextLine id="eSc_line_0ff5b49b" >
        <Baseline points="41,427 448,422"/>
        <TextEquiv>
          <Unicode></Unicode>
        </TextEquiv>
      </TextLine>
    </TextRegion>
    <TextRegion id="region_1719303040224_59"  custom="structure {type:footnote;}">
      <Coords points="77,504 718,504 715,667 77,680"/>
      <TextLine id="eSc_line_2a77f42a" >
        <Baseline points="86,545 702,547"/>
        <TextEquiv>
          <Unicode></Unicode>
        </TextEquiv>
      </TextLine>
      <TextLine id="eSc_line_a5c4a6f5" >
        <Baseline points="87,581 708,579"/>
        <TextEquiv>
          <Unicode></Unicode>
        </TextEquiv>
      </TextLine>
      <TextLine id="eSc_line_9a8af363" >
        <Baseline points="87,624 704,620"/>
        <TextEquiv>
          <Unicode></Unicode>
        </TextEquiv>
      </TextLine>
      <TextLine id="eSc_line_daa608e9" >
        <Baseline points="87,667 267,665"/>
        <TextEquiv>
          <Unicode></Unicode>
        </TextEquiv>
      </TextLine>
    </TextRegion>
    <TextRegion id="region_1719303060179_62"  custom="structure {type:footnote;}">
      <Coords points="731,700 76,701 76,1485 739,1487"/>
      <TextLine id="eSc_line_a8d08204" >
        <Baseline points="128,737 712,739"/>
        <TextEquiv>
          <Unicode></Unicode>
        </TextEquiv>
      </TextLine>
      <TextLine id="eSc_line_e09d500d" >
        <Baseline points="91,777 717,777"/>
        <TextEquiv>
          <Unicode></Unicode>
        </TextEquiv>
      </TextLine>
      <TextLine id="eSc_line_67ba4c1d" >
        <Baseline points="93,819 712,817"/>
        <TextEquiv>
          <Unicode></Unicode>
        </TextEquiv>
      </TextLine>
      <TextLine id="eSc_line_41b1e587" >
        <Baseline points="101,857 712,857"/>
        <TextEquiv>
          <Unicode></Unicode>
        </TextEquiv>
      </TextLine>
      <TextLine id="eSc_line_7c64c95a" >
        <Baseline points="98,899 712,902"/>
        <TextEquiv>
          <Unicode></Unicode>
        </TextEquiv>
      </TextLine>
      <TextLine id="eSc_line_3eb51f31" >
        <Baseline points="103,942 715,942"/>
        <TextEquiv>
          <Unicode></Unicode>
        </TextEquiv>
      </TextLine>
      <TextLine id="eSc_line_97917d12" >
        <Baseline points="98,984 717,984"/>
        <TextEquiv>
          <Unicode></Unicode>
        </TextEquiv>
      </TextLine>
      <TextLine id="eSc_line_3ad5e4bd" >
        <Baseline points="101,1022 712,1027"/>
        <TextEquiv>
          <Unicode></Unicode>
        </TextEquiv>
      </TextLine>
      <TextLine id="eSc_line_47381233" >
        <Baseline points="98,1066 720,1071"/>
        <TextEquiv>
          <Unicode></Unicode>
        </TextEquiv>
      </TextLine>
      <TextLine id="eSc_line_55773de6" >
        <Baseline points="103,1106 715,1104"/>
        <TextEquiv>
          <Unicode></Unicode>
        </TextEquiv>
      </TextLine>
      <TextLine id="eSc_line_0845b7fb" >
        <Baseline points="101,1141 717,1146"/>
        <TextEquiv>
          <Unicode></Unicode>
        </TextEquiv>
      </TextLine>
      <TextLine id="eSc_line_de323aa3" >
        <Baseline points="101,1186 717,1189"/>
        <TextEquiv>
          <Unicode></Unicode>
        </TextEquiv>
      </TextLine>
      <TextLine id="eSc_line_5bdec639" >
        <Baseline points="106,1226 722,1226"/>
        <TextEquiv>
          <Unicode></Unicode>
        </TextEquiv>
      </TextLine>
      <TextLine id="eSc_line_5f654e74" >
        <Baseline points="103,1264 722,1271"/>
        <TextEquiv>
          <Unicode></Unicode>
        </TextEquiv>
      </TextLine>
      <TextLine id="eSc_line_f2941405" >
        <Baseline points="111,1306 720,1314"/>
        <TextEquiv>
          <Unicode></Unicode>
        </TextEquiv>
      </TextLine>
      <TextLine id="eSc_line_ed2c2cc9" >
        <Baseline points="98,1351 732,1356"/>
        <TextEquiv>
          <Unicode></Unicode>
        </TextEquiv>
      </TextLine>
      <TextLine id="eSc_line_5fcc2577" >
        <Baseline points="103,1386 732,1391"/>
        <TextEquiv>
          <Unicode></Unicode>
        </TextEquiv>
      </TextLine>
      <TextLine id="eSc_line_ef531c81" >
        <Baseline points="103,1431 732,1433"/>
        <TextEquiv>
          <Unicode></Unicode>
        </TextEquiv>
      </TextLine>
      <TextLine id="eSc_line_b7c39a5d" >
        <Baseline points="106,1476 732,1473"/>
        <TextEquiv>
          <Unicode></Unicode>
        </TextEquiv>
      </TextLine>
    </TextRegion>
    <TextRegion id="region_1719303031808_56"  custom="structure {type:paragraph;}">
      <Coords points="545,480 670,480 664,430 545,426"/>
    </TextRegion>
    <TextRegion id="region_1719303068682_65"  custom="structure {type:paragraph;}">
      <Coords points="661,1490 699,1490 699,1525 664,1522"/>
    </TextRegion>
  </Page>
</PcGts>
