<?xml version="1.0" encoding="UTF-8"  standalone="yes"?>
<PcGts xmlns="http://schema.primaresearch.org/PAGE/gts/pagecontent/2019-07-15" xmlns:xsi="http://www.w3.org/2001/XMLSchema-instance" xsi:schemaLocation="http://schema.primaresearch.org/PAGE/gts/pagecontent/2019-07-15 http://schema.primaresearch.org/PAGE/gts/pagecontent/2019-07-15/pagecontent.xsd">
  <Metadata>
	<Creator>escriptorium</Creator>
	<Created>2025-04-28T08:10:02.553793+00:00</Created>
        <LastChange>2025-04-28T08:10:02.553819+00:00</LastChange>
  </Metadata>
  <Page imageFilename="1770,_Saemmtliche_Poetische_Werke,_Trattner,_VD18_12002895_Seite_272_Bild_0001.jpg" imageWidth="1061" imageHeight="1742">
    <TextRegion id="region_1737733162662_1012"  custom="structure {type:heading;}">
      <Coords points="487,261 842,255 844,313 996,309 998,360 719,364 723,410 599,414 595,369 316,372 316,324 475,318"/>
      <TextLine id="eSc_line_620ee83a" >
        <Baseline points="496,311 842,303"/>
        <TextEquiv>
          <Unicode></Unicode>
        </TextEquiv>
      </TextLine>
      <TextLine id="eSc_line_8b2fa6fa" >
        <Baseline points="332,363 989,351"/>
        <TextEquiv>
          <Unicode></Unicode>
        </TextEquiv>
      </TextLine>
      <TextLine id="eSc_line_c26059d3" >
        <Baseline points="617,406 709,402"/>
        <TextEquiv>
          <Unicode></Unicode>
        </TextEquiv>
      </TextLine>
    </TextRegion>
    <TextRegion id="region_1737733145266_1009"  custom="structure {type:paragraph;}">
      <Coords points="461,181 906,173 904,220 680,233 462,234"/>
      <TextLine id="eSc_line_4818bf45" >
        <Baseline points="887,218 480,222"/>
        <TextEquiv>
          <Unicode></Unicode>
        </TextEquiv>
      </TextLine>
    </TextRegion>
    <TextRegion id="region_1737733277346_1030"  custom="structure {type:paragraph;}">
      <Coords points="370,458 373,481 365,485 357,486 331,485 320,590 329,734 602,730 602,763 697,762 695,727 1015,723 1001,435 920,430 499,439 377,451"/>
      <TextLine id="eSc_line_5067bb50" >
        <Baseline points="377,473 983,460"/>
        <TextEquiv>
          <Unicode></Unicode>
        </TextEquiv>
      </TextLine>
      <TextLine id="eSc_line_3ef8cb35" >
        <Baseline points="335,517 992,506"/>
        <TextEquiv>
          <Unicode></Unicode>
        </TextEquiv>
      </TextLine>
      <TextLine id="eSc_line_9eb4b297" >
        <Baseline points="648,556 817,554"/>
        <TextEquiv>
          <Unicode></Unicode>
        </TextEquiv>
      </TextLine>
      <TextLine id="eSc_line_65217b66" >
        <Baseline points="329,600 990,584"/>
        <TextEquiv>
          <Unicode></Unicode>
        </TextEquiv>
      </TextLine>
      <TextLine id="eSc_line_7bbe32b3" >
        <Baseline points="333,637 994,635"/>
        <TextEquiv>
          <Unicode></Unicode>
        </TextEquiv>
      </TextLine>
      <TextLine id="eSc_line_5cb2b6fe" >
        <Baseline points="607,676 703,676"/>
        <TextEquiv>
          <Unicode></Unicode>
        </TextEquiv>
      </TextLine>
      <TextLine id="eSc_line_d343bada" >
        <Baseline points="335,727 989,714"/>
        <TextEquiv>
          <Unicode></Unicode>
        </TextEquiv>
      </TextLine>
      <TextLine id="eSc_line_5e505264" >
        <Baseline points="679,757 615,759"/>
        <TextEquiv>
          <Unicode></Unicode>
        </TextEquiv>
      </TextLine>
    </TextRegion>
    <TextRegion id="region_1737733289036_1033"  custom="structure {type:heading;}">
      <Coords points="541,869 797,870 796,926 762,931 768,975 579,978 580,937 540,925"/>
      <TextLine id="eSc_line_35fcc2b3" >
        <Baseline points="552,919 782,915"/>
        <TextEquiv>
          <Unicode></Unicode>
        </TextEquiv>
      </TextLine>
      <TextLine id="eSc_line_4813ed5c" >
        <Baseline points="585,972 760,967"/>
        <TextEquiv>
          <Unicode></Unicode>
        </TextEquiv>
      </TextLine>
    </TextRegion>
    <TextRegion id="region_1737733326619_1039"  custom="structure {type:paragraph;}">
      <Coords points="399,1034 406,1005 964,986 965,1046 836,1060 969,1143 855,1199 897,1283 831,1332 331,1339 331,1048 347,1042 368,1049 391,1050"/>
      <TextLine id="eSc_line_7640dc4f" >
        <Baseline points="402,1040 955,1035"/>
        <TextEquiv>
          <Unicode></Unicode>
        </TextEquiv>
      </TextLine>
      <TextLine id="eSc_line_16082d44" >
        <Baseline points="339,1083 798,1073"/>
        <TextEquiv>
          <Unicode></Unicode>
        </TextEquiv>
      </TextLine>
      <TextLine id="eSc_line_bc995433" >
        <Baseline points="337,1122 859,1112"/>
        <TextEquiv>
          <Unicode></Unicode>
        </TextEquiv>
      </TextLine>
      <TextLine id="eSc_line_71209254" >
        <Baseline points="337,1165 917,1160"/>
        <TextEquiv>
          <Unicode></Unicode>
        </TextEquiv>
      </TextLine>
      <TextLine id="eSc_line_6a0ed2b1" >
        <Baseline points="337,1206 815,1204"/>
        <TextEquiv>
          <Unicode></Unicode>
        </TextEquiv>
      </TextLine>
      <TextLine id="eSc_line_068112aa" >
        <Baseline points="334,1243 832,1238"/>
        <TextEquiv>
          <Unicode></Unicode>
        </TextEquiv>
      </TextLine>
      <TextLine id="eSc_line_c2441ef3" >
        <Baseline points="332,1284 881,1284"/>
        <TextEquiv>
          <Unicode></Unicode>
        </TextEquiv>
      </TextLine>
      <TextLine id="eSc_line_8fd5c9e1" >
        <Baseline points="337,1325 830,1320"/>
        <TextEquiv>
          <Unicode></Unicode>
        </TextEquiv>
      </TextLine>
    </TextRegion>
    <TextRegion id="region_1737733365606_1053"  custom="structure {type:footnote;}">
      <Coords points="368,1449 1008,1449 1003,1490 477,1495 476,1527 390,1523 391,1484 364,1473"/>
      <TextLine id="eSc_line_9627baa3" >
        <Baseline points="377,1477 998,1481"/>
        <TextEquiv>
          <Unicode></Unicode>
        </TextEquiv>
      </TextLine>
      <TextLine id="eSc_line_5ea68b6a" >
        <Baseline points="401,1513 478,1519"/>
        <TextEquiv>
          <Unicode></Unicode>
        </TextEquiv>
      </TextLine>
    </TextRegion>
    <TextRegion id="region_1737733307471_1036"  custom="structure {type:paragraph;}">
      <Coords points="343,1034 354,1041 385,1044 396,1033 401,1014 397,994 407,979 397,970 333,979 330,1007"/>
    </TextRegion>
    <TextRegion id="region_1737733242273_1027"  custom="structure {type:paragraph;}">
      <Coords points="350,484 363,484 370,478 370,463 361,444 378,445 374,412 327,413 330,471 335,483"/>
    </TextRegion>
    <TextRegion id="region_1737733356046_1050"  custom="structure {type:paragraph;}">
      <Coords points="859,1354 946,1361 946,1412 854,1410"/>
    </TextRegion>
    <TextRegion id="region_1737733133937_1006"  custom="structure {type:paragraph;}">
      <Coords points="324,226 408,225 408,188 320,193"/>
    </TextRegion>
  </Page>
</PcGts>
