<mets xmlns="http://www.loc.gov/METS/" xmlns:xlink="http://www.w3.org/1999/xlink">
  <fileSec>
    
    <fileGrp USE="image">
      
        <file ID="image1">
          <FLocat xlink:href="1770,_Saemmtliche_Poetische_Werke,_Trattner,_VD18_12002895_Seite_011_Bild_0001.jpg"/>
        </file>
      
        <file ID="image2">
          <FLocat xlink:href="1770,_Saemmtliche_Poetische_Werke,_Trattner,_VD18_12002895_Seite_019_Bild_0001.jpg"/>
        </file>
      
        <file ID="image3">
          <FLocat xlink:href="1770,_Saemmtliche_Poetische_Werke,_Trattner,_VD18_12002895_Seite_035_Bild_0001.jpg"/>
        </file>
      
        <file ID="image4">
          <FLocat xlink:href="1770,_Saemmtliche_Poetische_Werke,_Trattner,_VD18_12002895_Seite_154_Bild_0001.jpg"/>
        </file>
      
        <file ID="image5">
          <FLocat xlink:href="1770,_Saemmtliche_Poetische_Werke,_Trattner,_VD18_12002895_Seite_215_Bild_0001.jpg"/>
        </file>
      
        <file ID="image6">
          <FLocat xlink:href="1770,_Saemmtliche_Poetische_Werke,_Trattner,_VD18_12002895_Seite_272_Bild_0001.jpg"/>
        </file>
      
        <file ID="image7">
          <FLocat xlink:href="1770,_Saemmtliche_Poetische_Werke,_Trattner,_VD18_12002895_Seite_378_Bild_0001.jpg"/>
        </file>
      
        <file ID="image8">
          <FLocat xlink:href="1770,_Saemmtliche_Poetische_Werke,_Trattner,_VD18_12002895_Seite_490_Bild_0001.jpg"/>
        </file>
      
        <file ID="image9">
          <FLocat xlink:href="1770,_Saemmtliche_Poetische_Werke,_Trattner,_VD18_12002895_Seite_512_Bild_0001.jpg"/>
        </file>
      
        <file ID="image10">
          <FLocat xlink:href="1770,_Saemmtliche_Poetische_Werke,_Trattner,_VD18_12002895_Seite_853_Bild_0001.jpg"/>
        </file>
      
        <file ID="image11">
          <FLocat xlink:href="1770,_Saemmtliche_Poetische_Werke,_Trattner,_VD18_12002895_Seite_889_Bild_0001.jpg"/>
        </file>
      
        <file ID="image12">
          <FLocat xlink:href="1770,_Saemmtliche_Poetische_Werke,_Trattner,_VD18_12002895_Seite_901_Bild_0001.jpg"/>
        </file>
      
        <file ID="image13">
          <FLocat xlink:href="1770,_Saemmtliche_Poetische_Werke,_Trattner,_VD18_12002895_Seite_909_Bild_0001.jpg"/>
        </file>
      
    </fileGrp>
    
    <fileGrp USE="export">
      
        <file ID="export1">
          <FLocat xlink:href="1770,_Saemmtliche_Poetische_Werke,_Trattner,_VD18_12002895_Seite_011_Bild_0001.xml"/>
        </file>
      
        <file ID="export2">
          <FLocat xlink:href="1770,_Saemmtliche_Poetische_Werke,_Trattner,_VD18_12002895_Seite_019_Bild_0001.xml"/>
        </file>
      
        <file ID="export3">
          <FLocat xlink:href="1770,_Saemmtliche_Poetische_Werke,_Trattner,_VD18_12002895_Seite_035_Bild_0001.xml"/>
        </file>
      
        <file ID="export4">
          <FLocat xlink:href="1770,_Saemmtliche_Poetische_Werke,_Trattner,_VD18_12002895_Seite_154_Bild_0001.xml"/>
        </file>
      
        <file ID="export5">
          <FLocat xlink:href="1770,_Saemmtliche_Poetische_Werke,_Trattner,_VD18_12002895_Seite_215_Bild_0001.xml"/>
        </file>
      
        <file ID="export6">
          <FLocat xlink:href="1770,_Saemmtliche_Poetische_Werke,_Trattner,_VD18_12002895_Seite_272_Bild_0001.xml"/>
        </file>
      
        <file ID="export7">
          <FLocat xlink:href="1770,_Saemmtliche_Poetische_Werke,_Trattner,_VD18_12002895_Seite_378_Bild_0001.xml"/>
        </file>
      
        <file ID="export8">
          <FLocat xlink:href="1770,_Saemmtliche_Poetische_Werke,_Trattner,_VD18_12002895_Seite_490_Bild_0001.xml"/>
        </file>
      
        <file ID="export9">
          <FLocat xlink:href="1770,_Saemmtliche_Poetische_Werke,_Trattner,_VD18_12002895_Seite_512_Bild_0001.xml"/>
        </file>
      
        <file ID="export10">
          <FLocat xlink:href="1770,_Saemmtliche_Poetische_Werke,_Trattner,_VD18_12002895_Seite_853_Bild_0001.xml"/>
        </file>
      
        <file ID="export11">
          <FLocat xlink:href="1770,_Saemmtliche_Poetische_Werke,_Trattner,_VD18_12002895_Seite_889_Bild_0001.xml"/>
        </file>
      
        <file ID="export12">
          <FLocat xlink:href="1770,_Saemmtliche_Poetische_Werke,_Trattner,_VD18_12002895_Seite_901_Bild_0001.xml"/>
        </file>
      
        <file ID="export13">
          <FLocat xlink:href="1770,_Saemmtliche_Poetische_Werke,_Trattner,_VD18_12002895_Seite_909_Bild_0001.xml"/>
        </file>
      
    </fileGrp>
  </fileSec>
  <structMap TYPE="physical">
    <div TYPE="document">
      
      <div TYPE="page">
        <fptr FILEID="image1"/>
        <fptr FILEID="export1"/>
      </div>
      
      <div TYPE="page">
        <fptr FILEID="image2"/>
        <fptr FILEID="export2"/>
      </div>
      
      <div TYPE="page">
        <fptr FILEID="image3"/>
        <fptr FILEID="export3"/>
      </div>
      
      <div TYPE="page">
        <fptr FILEID="image4"/>
        <fptr FILEID="export4"/>
      </div>
      
      <div TYPE="page">
        <fptr FILEID="image5"/>
        <fptr FILEID="export5"/>
      </div>
      
      <div TYPE="page">
        <fptr FILEID="image6"/>
        <fptr FILEID="export6"/>
      </div>
      
      <div TYPE="page">
        <fptr FILEID="image7"/>
        <fptr FILEID="export7"/>
      </div>
      
      <div TYPE="page">
        <fptr FILEID="image8"/>
        <fptr FILEID="export8"/>
      </div>
      
      <div TYPE="page">
        <fptr FILEID="image9"/>
        <fptr FILEID="export9"/>
      </div>
      
      <div TYPE="page">
        <fptr FILEID="image10"/>
        <fptr FILEID="export10"/>
      </div>
      
      <div TYPE="page">
        <fptr FILEID="image11"/>
        <fptr FILEID="export11"/>
      </div>
      
      <div TYPE="page">
        <fptr FILEID="image12"/>
        <fptr FILEID="export12"/>
      </div>
      
      <div TYPE="page">
        <fptr FILEID="image13"/>
        <fptr FILEID="export13"/>
      </div>
      
    </div>
  </structMap>
</mets>
