<?xml version="1.0" encoding="UTF-8"?>
<alto xmlns:xsi="http://www.w3.org/2001/XMLSchema-instance"
      xmlns="http://www.loc.gov/standards/alto/ns-v4#"
      xmlns:xs="http://www.w3.org/2001/XMLSchema"
      xmlns:xd="http://www.oxygenxml.com/ns/doc/xsl"
      xmlns:page="http://schema.primaresearch.org/PAGE/gts/pagecontent/2013-07-15"
      xmlns:map="http://www.w3.org/2005/xpath-functions/map"
      xmlns:local="local"
      xsi:schemaLocation="http://www.loc.gov/standards/alto/ns-v4# https://www.loc.gov/standards/alto/v4/alto.xsd">
   <Description>
      <MeasurementUnit>pixel</MeasurementUnit>
      <sourceImageInformation>
         <fileName>1766-71,_Poetische_Werke,_Walthard,_Bd._4_Seite_269_Bild_0001.jpg</fileName>
      </sourceImageInformation>
      <Processing ID="IdOcr">
         <processingDateTime>2024-06-25T17:23:28.681+02:00</processingDateTime>
         <processingSoftware>
            <softwareCreator>READ COOP</softwareCreator>
            <softwareName>Transkribus</softwareName>
         </processingSoftware>
      </Processing>
   </Description>
   <Layout>
      <Page ID="Page1" PHYSICAL_IMG_NR="12" HEIGHT="915" WIDTH="583">
         <TopMargin HEIGHT="0" WIDTH="583" VPOS="0" HPOS="0"/>
         <LeftMargin HEIGHT="915" WIDTH="0" VPOS="0" HPOS="0"/>
         <RightMargin HEIGHT="915" WIDTH="0" VPOS="0" HPOS="583"/>
         <BottomMargin HEIGHT="0" WIDTH="583" VPOS="915" HPOS="0"/>
         <PrintSpace HEIGHT="915" WIDTH="583" VPOS="0" HPOS="0">
            <TextBlock ID="region_1719259076286_204"
                       HEIGHT="16"
                       WIDTH="29"
                       VPOS="111"
                       HPOS="106">
               <Shape>
                  <Polygon POINTS="135,127 106,127 106,111 135,111"/>
               </Shape>
            </TextBlock>
            <TextBlock ID="region_1719259084756_207"
                       HEIGHT="18"
                       WIDTH="174"
                       VPOS="106"
                       HPOS="225">
               <Shape>
                  <Polygon POINTS="225,124 399,124 399,106 225,106"/>
               </Shape>
            </TextBlock>
            <TextBlock ID="region_1719259117415_216"
                       HEIGHT="399"
                       WIDTH="419"
                       VPOS="144"
                       HPOS="111">
               <Shape>
                  <Polygon POINTS="111,144 530,145 530,543 111,542"/>
               </Shape>
            </TextBlock>
            <TextBlock ID="region_1719259142803_221"
                       HEIGHT="38"
                       WIDTH="400"
                       VPOS="146"
                       HPOS="121">
               <Shape>
                  <Polygon POINTS="121,146 521,146 521,184 121,184"/>
               </Shape>
            </TextBlock>
            <TextBlock ID="region_1719259152671_224"
                       HEIGHT="341"
                       WIDTH="403"
                       VPOS="195"
                       HPOS="121">
               <Shape>
                  <Polygon POINTS="121,195 524,195 524,536 121,536"/>
               </Shape>
            </TextBlock>
            <GraphicalElement ID="Separator_1719259095871_210"
                              HEIGHT="14"
                              WIDTH="408"
                              VPOS="129"
                              HPOS="112"/>
            <Illustration ID="Graphic_1719259045666_199"
                          HEIGHT="43"
                          WIDTH="277"
                          VPOS="582"
                          HPOS="169"/>
         </PrintSpace>
      </Page>
   </Layout>
</alto>
