<?xml version="1.0" encoding="UTF-8"?>
<alto xmlns:xsi="http://www.w3.org/2001/XMLSchema-instance"
      xmlns="http://www.loc.gov/standards/alto/ns-v4#"
      xmlns:xs="http://www.w3.org/2001/XMLSchema"
      xmlns:xd="http://www.oxygenxml.com/ns/doc/xsl"
      xmlns:page="http://schema.primaresearch.org/PAGE/gts/pagecontent/2013-07-15"
      xmlns:map="http://www.w3.org/2005/xpath-functions/map"
      xmlns:local="local"
      xsi:schemaLocation="http://www.loc.gov/standards/alto/ns-v4# https://www.loc.gov/standards/alto/v4/alto.xsd">
   <Description>
      <MeasurementUnit>pixel</MeasurementUnit>
      <sourceImageInformation>
         <fileName>1766-71,_Poetische_Werke,_Walthard,_Bd._5_Seite_103_Bild_0001.jpg</fileName>
      </sourceImageInformation>
      <Processing ID="IdOcr">
         <processingDateTime>2024-06-25T17:23:31.618+02:00</processingDateTime>
         <processingSoftware>
            <softwareCreator>READ COOP</softwareCreator>
            <softwareName>Transkribus</softwareName>
         </processingSoftware>
      </Processing>
   </Description>
   <Layout>
      <Page ID="Page1" PHYSICAL_IMG_NR="18" HEIGHT="916" WIDTH="569">
         <TopMargin HEIGHT="0" WIDTH="569" VPOS="0" HPOS="0"/>
         <LeftMargin HEIGHT="916" WIDTH="0" VPOS="0" HPOS="0"/>
         <RightMargin HEIGHT="916" WIDTH="0" VPOS="0" HPOS="569"/>
         <BottomMargin HEIGHT="0" WIDTH="569" VPOS="916" HPOS="0"/>
         <PrintSpace HEIGHT="916" WIDTH="569" VPOS="0" HPOS="0">
            <TextBlock ID="region_1719316639889_708"
                       HEIGHT="19"
                       WIDTH="22"
                       VPOS="115"
                       HPOS="108">
               <Shape>
                  <Polygon POINTS="108,115 130,115 130,134 108,134"/>
               </Shape>
            </TextBlock>
            <TextBlock ID="region_1719316644590_711"
                       HEIGHT="20"
                       WIDTH="315"
                       VPOS="112"
                       HPOS="157">
               <Shape>
                  <Polygon POINTS="157,132 472,132 472,112 157,112"/>
               </Shape>
            </TextBlock>
            <TextBlock ID="region_1719316650421_714"
                       HEIGHT="122"
                       WIDTH="258"
                       VPOS="149"
                       HPOS="144">
               <Shape>
                  <Polygon POINTS="144,149 402,149 402,271 144,271"/>
               </Shape>
            </TextBlock>
            <TextBlock ID="region_1719316655587_717"
                       HEIGHT="93"
                       WIDTH="416"
                       VPOS="287"
                       HPOS="108">
               <Shape>
                  <Polygon POINTS="108,287 524,287 524,380 108,380"/>
               </Shape>
            </TextBlock>
            <TextBlock ID="region_1719316661998_720"
                       HEIGHT="184"
                       WIDTH="419"
                       VPOS="403"
                       HPOS="110">
               <Shape>
                  <Polygon POINTS="110,403 529,403 529,587 110,587"/>
               </Shape>
            </TextBlock>
            <TextBlock ID="region_1719316666709_723"
                       HEIGHT="166"
                       WIDTH="416"
                       VPOS="602"
                       HPOS="109">
               <Shape>
                  <Polygon POINTS="109,602 525,602 525,768 109,768"/>
               </Shape>
            </TextBlock>
            <GraphicalElement ID="Separator_1719316683999_726"
                              HEIGHT="9"
                              WIDTH="406"
                              VPOS="137"
                              HPOS="112"/>
         </PrintSpace>
      </Page>
   </Layout>
</alto>
