<?xml version="1.0" encoding="UTF-8"?>
<alto xmlns:xsi="http://www.w3.org/2001/XMLSchema-instance"
      xmlns="http://www.loc.gov/standards/alto/ns-v4#"
      xmlns:xs="http://www.w3.org/2001/XMLSchema"
      xmlns:xd="http://www.oxygenxml.com/ns/doc/xsl"
      xmlns:page="http://schema.primaresearch.org/PAGE/gts/pagecontent/2013-07-15"
      xmlns:map="http://www.w3.org/2005/xpath-functions/map"
      xmlns:local="local"
      xsi:schemaLocation="http://www.loc.gov/standards/alto/ns-v4# https://www.loc.gov/standards/alto/v4/alto.xsd">
   <Description>
      <MeasurementUnit>pixel</MeasurementUnit>
      <sourceImageInformation>
         <fileName>1766-71,_Poetische_Werke,_Walthard,_Bd._3_Seite_030_Bild_0001.jpg</fileName>
      </sourceImageInformation>
      <Processing ID="IdOcr">
         <processingDateTime>2024-06-25T17:23:27.198+02:00</processingDateTime>
         <processingSoftware>
            <softwareCreator>READ COOP</softwareCreator>
            <softwareName>Transkribus</softwareName>
         </processingSoftware>
      </Processing>
   </Description>
   <Layout>
      <Page ID="Page1" PHYSICAL_IMG_NR="8" HEIGHT="918" WIDTH="586">
         <TopMargin HEIGHT="0" WIDTH="586" VPOS="0" HPOS="0"/>
         <LeftMargin HEIGHT="918" WIDTH="0" VPOS="0" HPOS="0"/>
         <RightMargin HEIGHT="918" WIDTH="0" VPOS="0" HPOS="586"/>
         <BottomMargin HEIGHT="0" WIDTH="586" VPOS="918" HPOS="0"/>
         <PrintSpace HEIGHT="918" WIDTH="586" VPOS="0" HPOS="0">
            <TextBlock ID="region_1718570574099_200"
                       HEIGHT="21"
                       WIDTH="133"
                       VPOS="116"
                       HPOS="177">
               <Shape>
                  <Polygon POINTS="177,116 310,116 310,137 177,137"/>
               </Shape>
            </TextBlock>
            <TextBlock ID="region_1718570577694_203"
                       HEIGHT="17"
                       WIDTH="21"
                       VPOS="121"
                       HPOS="443">
               <Shape>
                  <Polygon POINTS="443,121 464,121 464,138 443,138"/>
               </Shape>
            </TextBlock>
            <TextBlock ID="region_1718570613073_209"
                       HEIGHT="280"
                       WIDTH="395"
                       VPOS="154"
                       HPOS="69">
               <Shape>
                  <Polygon POINTS="464,154 69,154 69,434 464,434"/>
               </Shape>
            </TextBlock>
            <TextBlock ID="region_1718570726278_239"
                       HEIGHT="329"
                       WIDTH="426"
                       VPOS="443"
                       HPOS="39">
               <Shape>
                  <Polygon POINTS="39,443 465,443 465,772 39,772"/>
               </Shape>
            </TextBlock>
            <TextBlock ID="region_1718570628220_212"
                       HEIGHT="95"
                       WIDTH="380"
                       VPOS="453"
                       HPOS="49">
               <Shape>
                  <Polygon POINTS="49,453 429,453 429,548 49,548"/>
               </Shape>
            </TextBlock>
            <TextBlock ID="region_1718570634826_215"
                       HEIGHT="73"
                       WIDTH="376"
                       VPOS="553"
                       HPOS="47">
               <Shape>
                  <Polygon POINTS="47,553 423,553 423,626 47,626"/>
               </Shape>
            </TextBlock>
            <TextBlock ID="region_1718570642824_218"
                       HEIGHT="126"
                       WIDTH="412"
                       VPOS="644"
                       HPOS="51">
               <Shape>
                  <Polygon POINTS="51,644 463,644 463,770 51,770"/>
               </Shape>
            </TextBlock>
            <TextBlock ID="region_1718570651286_221"
                       HEIGHT="16"
                       WIDTH="44"
                       VPOS="773"
                       HPOS="260">
               <Shape>
                  <Polygon POINTS="260,789 304,789 304,773 260,773"/>
               </Shape>
            </TextBlock>
            <GraphicalElement ID="Separator_1718570586908_206"
                              HEIGHT="14"
                              WIDTH="407"
                              VPOS="139"
                              HPOS="51"/>
         </PrintSpace>
      </Page>
   </Layout>
</alto>
