<?xml version="1.0" encoding="UTF-8"?>
<alto xmlns:xsi="http://www.w3.org/2001/XMLSchema-instance"
      xmlns="http://www.loc.gov/standards/alto/ns-v4#"
      xmlns:xs="http://www.w3.org/2001/XMLSchema"
      xmlns:xd="http://www.oxygenxml.com/ns/doc/xsl"
      xmlns:page="http://schema.primaresearch.org/PAGE/gts/pagecontent/2013-07-15"
      xmlns:map="http://www.w3.org/2005/xpath-functions/map"
      xmlns:local="local"
      xsi:schemaLocation="http://www.loc.gov/standards/alto/ns-v4# https://www.loc.gov/standards/alto/v4/alto.xsd">
   <Description>
      <MeasurementUnit>pixel</MeasurementUnit>
      <sourceImageInformation>
         <fileName>1766-71,_Poetische_Werke,_Walthard,_Bd._2_Seite_030_Bild_0001.jpg</fileName>
      </sourceImageInformation>
      <Processing ID="IdOcr">
         <processingDateTime>2024-06-25T17:23:25.091+02:00</processingDateTime>
         <processingSoftware>
            <softwareCreator>READ COOP</softwareCreator>
            <softwareName>Transkribus</softwareName>
         </processingSoftware>
      </Processing>
   </Description>
   <Layout>
      <Page ID="Page1" PHYSICAL_IMG_NR="4" HEIGHT="915" WIDTH="584">
         <TopMargin HEIGHT="0" WIDTH="584" VPOS="0" HPOS="0"/>
         <LeftMargin HEIGHT="915" WIDTH="0" VPOS="0" HPOS="0"/>
         <RightMargin HEIGHT="915" WIDTH="0" VPOS="0" HPOS="584"/>
         <BottomMargin HEIGHT="0" WIDTH="584" VPOS="915" HPOS="0"/>
         <PrintSpace HEIGHT="915" WIDTH="584" VPOS="0" HPOS="0">
            <TextBlock ID="region_1718562513837_466"
                       HEIGHT="21"
                       WIDTH="128"
                       VPOS="111"
                       HPOS="209">
               <Shape>
                  <Polygon POINTS="209,111 337,111 337,132 209,132"/>
               </Shape>
            </TextBlock>
            <TextBlock ID="region_1718562521256_469"
                       HEIGHT="16"
                       WIDTH="21"
                       VPOS="116"
                       HPOS="461">
               <Shape>
                  <Polygon POINTS="461,116 482,116 482,132 461,132"/>
               </Shape>
            </TextBlock>
            <TextBlock ID="region_1718562534493_472"
                       HEIGHT="38"
                       WIDTH="414"
                       VPOS="181"
                       HPOS="67">
               <Shape>
                  <Polygon POINTS="67,181 481,181 481,219 67,219"/>
               </Shape>
            </TextBlock>
            <TextBlock ID="region_1718562543272_475"
                       HEIGHT="52"
                       WIDTH="346"
                       VPOS="236"
                       HPOS="104">
               <Shape>
                  <Polygon POINTS="104,236 450,236 450,288 104,288"/>
               </Shape>
            </TextBlock>
            <TextBlock ID="region_1718562578966_478"
                       HEIGHT="34"
                       WIDTH="26"
                       VPOS="310"
                       HPOS="70">
               <Shape>
                  <Polygon POINTS="70,310 96,310 96,344 70,344"/>
               </Shape>
            </TextBlock>
            <TextBlock ID="region_1718562706709_491"
                       HEIGHT="112"
                       WIDTH="396"
                       VPOS="325"
                       HPOS="68">
               <Shape>
                  <Polygon POINTS="463,437 68,437 69,347 97,347 98,328 464,325"/>
               </Shape>
            </TextBlock>
            <TextBlock ID="region_1718562720643_494"
                       HEIGHT="171"
                       WIDTH="414"
                       VPOS="458"
                       HPOS="66">
               <Shape>
                  <Polygon POINTS="66,629 480,629 480,458 66,458"/>
               </Shape>
            </TextBlock>
            <TextBlock ID="region_1718562725816_497"
                       HEIGHT="111"
                       WIDTH="413"
                       VPOS="649"
                       HPOS="67">
               <Shape>
                  <Polygon POINTS="67,760 480,760 480,649 67,649"/>
               </Shape>
            </TextBlock>
            <TextBlock ID="region_1718562731240_500"
                       HEIGHT="22"
                       WIDTH="35"
                       VPOS="762"
                       HPOS="332">
               <Shape>
                  <Polygon POINTS="332,784 367,784 367,762 332,762"/>
               </Shape>
            </TextBlock>
            <GraphicalElement ID="Separator_1718562859899_513"
                              HEIGHT="16"
                              WIDTH="408"
                              VPOS="134"
                              HPOS="75"/>
         </PrintSpace>
      </Page>
   </Layout>
</alto>
