<?xml version="1.0" encoding="UTF-8"?>
<alto xmlns:xsi="http://www.w3.org/2001/XMLSchema-instance"
      xmlns="http://www.loc.gov/standards/alto/ns-v4#"
      xmlns:xs="http://www.w3.org/2001/XMLSchema"
      xmlns:xd="http://www.oxygenxml.com/ns/doc/xsl"
      xmlns:page="http://schema.primaresearch.org/PAGE/gts/pagecontent/2013-07-15"
      xmlns:map="http://www.w3.org/2005/xpath-functions/map"
      xmlns:local="local"
      xsi:schemaLocation="http://www.loc.gov/standards/alto/ns-v4# https://www.loc.gov/standards/alto/v4/alto.xsd">
   <Description>
      <MeasurementUnit>pixel</MeasurementUnit>
      <sourceImageInformation>
         <fileName>1766-71,_Poetische_Werke,_Walthard,_Bd._4_Seite_270_Bild_0001.jpg</fileName>
      </sourceImageInformation>
      <Processing ID="IdOcr">
         <processingDateTime>2024-06-25T17:23:29.192+02:00</processingDateTime>
         <processingSoftware>
            <softwareCreator>READ COOP</softwareCreator>
            <softwareName>Transkribus</softwareName>
         </processingSoftware>
      </Processing>
   </Description>
   <Layout>
      <Page ID="Page1" PHYSICAL_IMG_NR="13" HEIGHT="923" WIDTH="595">
         <TopMargin HEIGHT="0" WIDTH="595" VPOS="0" HPOS="0"/>
         <LeftMargin HEIGHT="923" WIDTH="0" VPOS="0" HPOS="0"/>
         <RightMargin HEIGHT="923" WIDTH="0" VPOS="0" HPOS="595"/>
         <BottomMargin HEIGHT="0" WIDTH="595" VPOS="923" HPOS="0"/>
         <PrintSpace HEIGHT="923" WIDTH="595" VPOS="0" HPOS="0">
            <TextBlock ID="region_1719259402336_287"
                       HEIGHT="131"
                       WIDTH="303"
                       VPOS="90"
                       HPOS="124">
               <Shape>
                  <Polygon POINTS="124,90 427,90 427,221 124,221"/>
               </Shape>
            </TextBlock>
            <TextBlock ID="region_1719259405457_290"
                       HEIGHT="96"
                       WIDTH="233"
                       VPOS="268"
                       HPOS="160">
               <Shape>
                  <Polygon POINTS="160,268 393,268 393,364 160,364"/>
               </Shape>
            </TextBlock>
            <TextBlock ID="region_1719259411601_293"
                       HEIGHT="36"
                       WIDTH="178"
                       VPOS="409"
                       HPOS="190">
               <Shape>
                  <Polygon POINTS="190,409 368,409 368,445 190,445"/>
               </Shape>
            </TextBlock>
            <TextBlock ID="region_1719259517720_296"
                       HEIGHT="44"
                       WIDTH="423"
                       VPOS="451"
                       HPOS="65">
               <Shape>
                  <Polygon POINTS="65,451 488,451 488,495 65,495"/>
               </Shape>
            </TextBlock>
            <TextBlock ID="region_1719259536742_302"
                       HEIGHT="24"
                       WIDTH="414"
                       VPOS="505"
                       HPOS="70">
               <Shape>
                  <Polygon POINTS="70,505 484,505 484,529 70,529"/>
               </Shape>
            </TextBlock>
            <TextBlock ID="region_1719259542807_305"
                       HEIGHT="30"
                       WIDTH="416"
                       VPOS="539"
                       HPOS="71">
               <Shape>
                  <Polygon POINTS="71,539 487,539 487,569 71,569"/>
               </Shape>
            </TextBlock>
            <TextBlock ID="region_1719259548846_308"
                       HEIGHT="60"
                       WIDTH="417"
                       VPOS="574"
                       HPOS="71">
               <Shape>
                  <Polygon POINTS="71,574 488,574 488,634 71,634"/>
               </Shape>
            </TextBlock>
            <TextBlock ID="region_1719259555995_311"
                       HEIGHT="26"
                       WIDTH="419"
                       VPOS="647"
                       HPOS="72">
               <Shape>
                  <Polygon POINTS="72,647 491,647 491,673 72,673"/>
               </Shape>
            </TextBlock>
            <TextBlock ID="region_1719259560928_314"
                       HEIGHT="29"
                       WIDTH="418"
                       VPOS="676"
                       HPOS="74">
               <Shape>
                  <Polygon POINTS="74,676 492,676 492,705 74,705"/>
               </Shape>
            </TextBlock>
            <TextBlock ID="region_1719259565498_317"
                       HEIGHT="29"
                       WIDTH="419"
                       VPOS="715"
                       HPOS="73">
               <Shape>
                  <Polygon POINTS="73,715 492,715 492,744 73,744"/>
               </Shape>
            </TextBlock>
            <TextBlock ID="region_1719259530848_299"
                       HEIGHT="24"
                       WIDTH="40"
                       VPOS="754"
                       HPOS="369">
               <Shape>
                  <Polygon POINTS="409,778 369,778 369,754 409,754"/>
               </Shape>
            </TextBlock>
            <GraphicalElement ID="Separator_1719259386715_281"
                              HEIGHT="22"
                              WIDTH="394"
                              VPOS="233"
                              HPOS="77"/>
            <GraphicalElement ID="Separator_1719259392540_284"
                              HEIGHT="14"
                              WIDTH="280"
                              VPOS="375"
                              HPOS="137"/>
         </PrintSpace>
      </Page>
   </Layout>
</alto>
