<?xml version="1.0" encoding="UTF-8"?>
<alto xmlns:xsi="http://www.w3.org/2001/XMLSchema-instance"
      xmlns="http://www.loc.gov/standards/alto/ns-v4#"
      xmlns:xs="http://www.w3.org/2001/XMLSchema"
      xmlns:xd="http://www.oxygenxml.com/ns/doc/xsl"
      xmlns:page="http://schema.primaresearch.org/PAGE/gts/pagecontent/2013-07-15"
      xmlns:map="http://www.w3.org/2005/xpath-functions/map"
      xmlns:local="local"
      xsi:schemaLocation="http://www.loc.gov/standards/alto/ns-v4# https://www.loc.gov/standards/alto/v4/alto.xsd">
   <Description>
      <MeasurementUnit>pixel</MeasurementUnit>
      <sourceImageInformation>
         <fileName>1766-71,_Poetische_Werke,_Walthard,_Bd._5_Seite_083_Bild_0001.jpg</fileName>
      </sourceImageInformation>
      <Processing ID="IdOcr">
         <processingDateTime>2024-06-25T17:23:30.935+02:00</processingDateTime>
         <processingSoftware>
            <softwareCreator>READ COOP</softwareCreator>
            <softwareName>Transkribus</softwareName>
         </processingSoftware>
      </Processing>
   </Description>
   <Layout>
      <Page ID="Page1" PHYSICAL_IMG_NR="17" HEIGHT="913" WIDTH="569">
         <TopMargin HEIGHT="0" WIDTH="569" VPOS="0" HPOS="0"/>
         <LeftMargin HEIGHT="913" WIDTH="0" VPOS="0" HPOS="0"/>
         <RightMargin HEIGHT="913" WIDTH="0" VPOS="0" HPOS="569"/>
         <BottomMargin HEIGHT="0" WIDTH="569" VPOS="913" HPOS="0"/>
         <PrintSpace HEIGHT="913" WIDTH="569" VPOS="0" HPOS="0">
            <TextBlock ID="region_1719316450234_657"
                       HEIGHT="19"
                       WIDTH="23"
                       VPOS="104"
                       HPOS="105">
               <Shape>
                  <Polygon POINTS="105,104 128,104 128,123 105,123"/>
               </Shape>
            </TextBlock>
            <TextBlock ID="region_1719316466765_660"
                       HEIGHT="26"
                       WIDTH="318"
                       VPOS="98"
                       HPOS="151">
               <Shape>
                  <Polygon POINTS="151,124 469,124 469,98 151,98"/>
               </Shape>
            </TextBlock>
            <TextBlock ID="region_1719316525687_675"
                       HEIGHT="211"
                       WIDTH="387"
                       VPOS="142"
                       HPOS="121">
               <Shape>
                  <Polygon POINTS="121,142 508,142 508,353 121,353"/>
               </Shape>
            </TextBlock>
            <TextBlock ID="region_1719316538868_681"
                       HEIGHT="254"
                       WIDTH="402"
                       VPOS="359"
                       HPOS="129">
               <Shape>
                  <Polygon POINTS="129,359 531,359 531,613 129,613"/>
               </Shape>
            </TextBlock>
            <TextBlock ID="region_1719316533923_678"
                       HEIGHT="141"
                       WIDTH="396"
                       VPOS="621"
                       HPOS="135">
               <Shape>
                  <Polygon POINTS="135,621 531,621 531,762 135,762"/>
               </Shape>
            </TextBlock>
            <GraphicalElement ID="Separator_1719316556489_684"
                              HEIGHT="16"
                              WIDTH="415"
                              VPOS="125"
                              HPOS="105"/>
         </PrintSpace>
      </Page>
   </Layout>
</alto>
