<?xml version="1.0" encoding="UTF-8"?>
<alto xmlns:xsi="http://www.w3.org/2001/XMLSchema-instance"
      xmlns="http://www.loc.gov/standards/alto/ns-v4#"
      xmlns:xs="http://www.w3.org/2001/XMLSchema"
      xmlns:xd="http://www.oxygenxml.com/ns/doc/xsl"
      xmlns:page="http://schema.primaresearch.org/PAGE/gts/pagecontent/2013-07-15"
      xmlns:map="http://www.w3.org/2005/xpath-functions/map"
      xmlns:local="local"
      xsi:schemaLocation="http://www.loc.gov/standards/alto/ns-v4# https://www.loc.gov/standards/alto/v4/alto.xsd">
   <Description>
      <MeasurementUnit>pixel</MeasurementUnit>
      <sourceImageInformation>
         <fileName>1766-71,_Poetische_Werke,_Walthard,_Bd._5_Seite_173_Bild_0001.jpg</fileName>
      </sourceImageInformation>
      <Processing ID="IdOcr">
         <processingDateTime>2024-06-25T17:23:31.875+02:00</processingDateTime>
         <processingSoftware>
            <softwareCreator>READ COOP</softwareCreator>
            <softwareName>Transkribus</softwareName>
         </processingSoftware>
      </Processing>
   </Description>
   <Layout>
      <Page ID="Page1" PHYSICAL_IMG_NR="19" HEIGHT="914" WIDTH="556">
         <TopMargin HEIGHT="0" WIDTH="556" VPOS="0" HPOS="0"/>
         <LeftMargin HEIGHT="914" WIDTH="0" VPOS="0" HPOS="0"/>
         <RightMargin HEIGHT="914" WIDTH="0" VPOS="0" HPOS="556"/>
         <BottomMargin HEIGHT="0" WIDTH="556" VPOS="914" HPOS="0"/>
         <PrintSpace HEIGHT="914" WIDTH="556" VPOS="0" HPOS="0">
            <TextBlock ID="region_1719316783596_751"
                       HEIGHT="17"
                       WIDTH="33"
                       VPOS="106"
                       HPOS="95">
               <Shape>
                  <Polygon POINTS="95,106 128,106 128,123 95,123"/>
               </Shape>
            </TextBlock>
            <TextBlock ID="region_1719316793617_754"
                       HEIGHT="23"
                       WIDTH="273"
                       VPOS="98"
                       HPOS="170">
               <Shape>
                  <Polygon POINTS="170,121 443,121 443,98 170,98"/>
               </Shape>
            </TextBlock>
            <TextBlock ID="region_1719316816806_760"
                       HEIGHT="206"
                       WIDTH="355"
                       VPOS="141"
                       HPOS="114">
               <Shape>
                  <Polygon POINTS="114,141 469,141 469,347 114,347"/>
               </Shape>
            </TextBlock>
            <TextBlock ID="region_1719316838614_767"
                       HEIGHT="36"
                       WIDTH="160"
                       VPOS="368"
                       HPOS="221">
               <Shape>
                  <Polygon POINTS="221,368 381,368 381,404 221,404"/>
               </Shape>
            </TextBlock>
            <TextBlock ID="region_1719316852583_773"
                       HEIGHT="38"
                       WIDTH="37"
                       VPOS="422"
                       HPOS="95">
               <Shape>
                  <Polygon POINTS="95,422 132,422 132,460 95,460"/>
               </Shape>
            </TextBlock>
            <TextBlock ID="region_1719316857304_776"
                       HEIGHT="118"
                       WIDTH="402"
                       VPOS="436"
                       HPOS="97">
               <Shape>
                  <Polygon POINTS="97,463 97,554 499,554 499,437 134,436 134,463"/>
               </Shape>
            </TextBlock>
            <TextBlock ID="region_1719316846211_770"
                       HEIGHT="27"
                       WIDTH="246"
                       VPOS="574"
                       HPOS="115">
               <Shape>
                  <Polygon POINTS="115,574 361,574 361,601 115,601"/>
               </Shape>
            </TextBlock>
            <TextBlock ID="region_1719316862469_779"
                       HEIGHT="34"
                       WIDTH="292"
                       VPOS="629"
                       HPOS="160">
               <Shape>
                  <Polygon POINTS="160,629 452,629 452,663 160,663"/>
               </Shape>
            </TextBlock>
            <TextBlock ID="region_1719316875705_785"
                       HEIGHT="59"
                       WIDTH="368"
                       VPOS="696"
                       HPOS="98">
               <Shape>
                  <Polygon POINTS="98,697 170,696 171,725 209,725 208,696 466,697 466,755 98,755"/>
               </Shape>
            </TextBlock>
            <TextBlock ID="region_1719316872007_782"
                       HEIGHT="36"
                       WIDTH="24"
                       VPOS="686"
                       HPOS="183">
               <Shape>
                  <Polygon POINTS="183,686 207,686 207,722 183,722"/>
               </Shape>
            </TextBlock>
            <GraphicalElement ID="Separator_1719316749611_740"
                              HEIGHT="17"
                              WIDTH="405"
                              VPOS="122"
                              HPOS="100"/>
         </PrintSpace>
      </Page>
   </Layout>
</alto>
