<?xml version="1.0" encoding="UTF-8"?>
<alto xmlns:xsi="http://www.w3.org/2001/XMLSchema-instance"
      xmlns="http://www.loc.gov/standards/alto/ns-v4#"
      xmlns:xs="http://www.w3.org/2001/XMLSchema"
      xmlns:xd="http://www.oxygenxml.com/ns/doc/xsl"
      xmlns:page="http://schema.primaresearch.org/PAGE/gts/pagecontent/2013-07-15"
      xmlns:map="http://www.w3.org/2005/xpath-functions/map"
      xmlns:local="local"
      xsi:schemaLocation="http://www.loc.gov/standards/alto/ns-v4# https://www.loc.gov/standards/alto/v4/alto.xsd">
   <Description>
      <MeasurementUnit>pixel</MeasurementUnit>
      <sourceImageInformation>
         <fileName>1766-71,_Poetische_Werke,_Walthard,_Bd._4_Seite_267_Bild_0001.jpg</fileName>
      </sourceImageInformation>
      <Processing ID="IdOcr">
         <processingDateTime>2024-06-25T17:23:28.434+02:00</processingDateTime>
         <processingSoftware>
            <softwareCreator>READ COOP</softwareCreator>
            <softwareName>Transkribus</softwareName>
         </processingSoftware>
      </Processing>
   </Description>
   <Layout>
      <Page ID="Page1" PHYSICAL_IMG_NR="11" HEIGHT="917" WIDTH="569">
         <TopMargin HEIGHT="0" WIDTH="569" VPOS="0" HPOS="0"/>
         <LeftMargin HEIGHT="917" WIDTH="0" VPOS="0" HPOS="0"/>
         <RightMargin HEIGHT="917" WIDTH="0" VPOS="0" HPOS="569"/>
         <BottomMargin HEIGHT="0" WIDTH="569" VPOS="917" HPOS="0"/>
         <PrintSpace HEIGHT="917" WIDTH="569" VPOS="0" HPOS="0">
            <TextBlock ID="region_1719258772312_137"
                       HEIGHT="18"
                       WIDTH="34"
                       VPOS="102"
                       HPOS="109">
               <Shape>
                  <Polygon POINTS="109,102 143,102 143,119 110,120"/>
               </Shape>
            </TextBlock>
            <TextBlock ID="region_1719258777947_140"
                       HEIGHT="26"
                       WIDTH="189"
                       VPOS="92"
                       HPOS="225">
               <Shape>
                  <Polygon POINTS="225,92 414,92 414,118 225,118"/>
               </Shape>
            </TextBlock>
            <TextBlock ID="region_1719258853272_166"
                       HEIGHT="630"
                       WIDTH="424"
                       VPOS="134"
                       HPOS="121">
               <Shape>
                  <Polygon POINTS="121,134 545,134 545,764 121,764"/>
               </Shape>
            </TextBlock>
            <TextBlock ID="region_1719258798681_146"
                       HEIGHT="43"
                       WIDTH="386"
                       VPOS="136"
                       HPOS="147">
               <Shape>
                  <Polygon POINTS="147,179 533,179 533,136 147,136"/>
               </Shape>
            </TextBlock>
            <TextBlock ID="region_1719258805427_149"
                       HEIGHT="25"
                       WIDTH="384"
                       VPOS="191"
                       HPOS="132">
               <Shape>
                  <Polygon POINTS="132,191 516,191 516,216 132,216"/>
               </Shape>
            </TextBlock>
            <TextBlock ID="region_1719258811574_152"
                       HEIGHT="412"
                       WIDTH="410"
                       VPOS="231"
                       HPOS="132">
               <Shape>
                  <Polygon POINTS="132,231 542,231 542,643 132,643"/>
               </Shape>
            </TextBlock>
            <TextBlock ID="region_1719258819355_155"
                       HEIGHT="58"
                       WIDTH="395"
                       VPOS="663"
                       HPOS="145">
               <Shape>
                  <Polygon POINTS="540,663 145,663 145,721 540,721"/>
               </Shape>
            </TextBlock>
            <TextBlock ID="region_1719258824874_158"
                       HEIGHT="20"
                       WIDTH="85"
                       VPOS="739"
                       HPOS="139">
               <Shape>
                  <Polygon POINTS="224,759 139,759 139,739 224,739"/>
               </Shape>
            </TextBlock>
            <GraphicalElement ID="Separator_1719258899886_177"
                              HEIGHT="9"
                              WIDTH="416"
                              VPOS="123"
                              HPOS="117"/>
         </PrintSpace>
      </Page>
   </Layout>
</alto>
