<?xml version="1.0" encoding="UTF-8"?>
<alto xmlns:xsi="http://www.w3.org/2001/XMLSchema-instance"
      xmlns="http://www.loc.gov/standards/alto/ns-v4#"
      xmlns:xs="http://www.w3.org/2001/XMLSchema"
      xmlns:xd="http://www.oxygenxml.com/ns/doc/xsl"
      xmlns:page="http://schema.primaresearch.org/PAGE/gts/pagecontent/2013-07-15"
      xmlns:map="http://www.w3.org/2005/xpath-functions/map"
      xmlns:local="local"
      xsi:schemaLocation="http://www.loc.gov/standards/alto/ns-v4# https://www.loc.gov/standards/alto/v4/alto.xsd">
   <Description>
      <MeasurementUnit>pixel</MeasurementUnit>
      <sourceImageInformation>
         <fileName>1766-71,_Poetische_Werke,_Walthard,_Bd._5_Seite_188_Bild_0001.jpg</fileName>
      </sourceImageInformation>
      <Processing ID="IdOcr">
         <processingDateTime>2024-06-25T17:23:32.56+02:00</processingDateTime>
         <processingSoftware>
            <softwareCreator>READ COOP</softwareCreator>
            <softwareName>Transkribus</softwareName>
         </processingSoftware>
      </Processing>
   </Description>
   <Layout>
      <Page ID="Page1" PHYSICAL_IMG_NR="20" HEIGHT="916" WIDTH="569">
         <TopMargin HEIGHT="0" WIDTH="569" VPOS="0" HPOS="0"/>
         <LeftMargin HEIGHT="916" WIDTH="0" VPOS="0" HPOS="0"/>
         <RightMargin HEIGHT="916" WIDTH="0" VPOS="0" HPOS="569"/>
         <BottomMargin HEIGHT="0" WIDTH="569" VPOS="916" HPOS="0"/>
         <PrintSpace HEIGHT="916" WIDTH="569" VPOS="0" HPOS="0">
            <TextBlock ID="region_1719317743396_895"
                       HEIGHT="19"
                       WIDTH="282"
                       VPOS="104"
                       HPOS="117">
               <Shape>
                  <Polygon POINTS="399,123 117,123 117,104 399,104"/>
               </Shape>
            </TextBlock>
            <TextBlock ID="region_1719317759589_903"
                       HEIGHT="18"
                       WIDTH="30"
                       VPOS="108"
                       HPOS="434">
               <Shape>
                  <Polygon POINTS="434,108 464,108 464,126 434,126"/>
               </Shape>
            </TextBlock>
            <TextBlock ID="region_1719317689277_868"
                       HEIGHT="54"
                       WIDTH="266"
                       VPOS="143"
                       HPOS="50">
               <Shape>
                  <Polygon POINTS="50,143 316,143 316,197 50,197"/>
               </Shape>
            </TextBlock>
            <TextBlock ID="region_1719317692552_871"
                       HEIGHT="22"
                       WIDTH="149"
                       VPOS="212"
                       HPOS="69">
               <Shape>
                  <Polygon POINTS="69,212 218,212 218,234 69,234"/>
               </Shape>
            </TextBlock>
            <TextBlock ID="region_1719317696261_874"
                       HEIGHT="34"
                       WIDTH="284"
                       VPOS="257"
                       HPOS="118">
               <Shape>
                  <Polygon POINTS="118,257 402,257 402,291 118,291"/>
               </Shape>
            </TextBlock>
            <TextBlock ID="region_1719317700957_877"
                       HEIGHT="35"
                       WIDTH="31"
                       VPOS="304"
                       HPOS="49">
               <Shape>
                  <Polygon POINTS="49,304 80,304 80,339 49,339"/>
               </Shape>
            </TextBlock>
            <TextBlock ID="region_1719317707275_880"
                       HEIGHT="111"
                       WIDTH="365"
                       VPOS="318"
                       HPOS="53">
               <Shape>
                  <Polygon POINTS="53,342 53,429 418,429 418,319 82,318 82,342"/>
               </Shape>
            </TextBlock>
            <TextBlock ID="region_1719317713188_883"
                       HEIGHT="31"
                       WIDTH="354"
                       VPOS="455"
                       HPOS="83">
               <Shape>
                  <Polygon POINTS="83,455 437,455 437,486 83,486"/>
               </Shape>
            </TextBlock>
            <TextBlock ID="region_1719317720713_886"
                       HEIGHT="33"
                       WIDTH="42"
                       VPOS="500"
                       HPOS="56">
               <Shape>
                  <Polygon POINTS="56,500 98,500 98,533 56,533"/>
               </Shape>
            </TextBlock>
            <TextBlock ID="region_1719317727197_889"
                       HEIGHT="172"
                       WIDTH="414"
                       VPOS="518"
                       HPOS="56">
               <Shape>
                  <Polygon POINTS="56,538 56,690 470,690 470,518 100,518 101,537"/>
               </Shape>
            </TextBlock>
            <TextBlock ID="region_1719317731824_892"
                       HEIGHT="25"
                       WIDTH="262"
                       VPOS="705"
                       HPOS="79">
               <Shape>
                  <Polygon POINTS="79,705 341,705 341,730 79,730"/>
               </Shape>
            </TextBlock>
            <GraphicalElement ID="Separator_1719317769857_906"
                              HEIGHT="13"
                              WIDTH="410"
                              VPOS="127"
                              HPOS="49"/>
         </PrintSpace>
      </Page>
   </Layout>
</alto>
