<?xml version="1.0" encoding="UTF-8"?>
<alto xmlns:xsi="http://www.w3.org/2001/XMLSchema-instance"
      xmlns="http://www.loc.gov/standards/alto/ns-v4#"
      xmlns:xs="http://www.w3.org/2001/XMLSchema"
      xmlns:xd="http://www.oxygenxml.com/ns/doc/xsl"
      xmlns:page="http://schema.primaresearch.org/PAGE/gts/pagecontent/2013-07-15"
      xmlns:map="http://www.w3.org/2005/xpath-functions/map"
      xmlns:local="local"
      xsi:schemaLocation="http://www.loc.gov/standards/alto/ns-v4# https://www.loc.gov/standards/alto/v4/alto.xsd">
   <Description>
      <MeasurementUnit>pixel</MeasurementUnit>
      <sourceImageInformation>
         <fileName>1766-71,_Poetische_Werke,_Walthard,_Bd._2_Seite_015_Bild_0001.jpg</fileName>
      </sourceImageInformation>
      <Processing ID="IdOcr">
         <processingDateTime>2024-06-25T17:23:24.072+02:00</processingDateTime>
         <processingSoftware>
            <softwareCreator>READ COOP</softwareCreator>
            <softwareName>Transkribus</softwareName>
         </processingSoftware>
      </Processing>
   </Description>
   <Layout>
      <Page ID="Page1" PHYSICAL_IMG_NR="2" HEIGHT="915" WIDTH="584">
         <TopMargin HEIGHT="0" WIDTH="584" VPOS="0" HPOS="0"/>
         <LeftMargin HEIGHT="915" WIDTH="0" VPOS="0" HPOS="0"/>
         <RightMargin HEIGHT="915" WIDTH="0" VPOS="0" HPOS="584"/>
         <BottomMargin HEIGHT="0" WIDTH="584" VPOS="915" HPOS="0"/>
         <PrintSpace HEIGHT="915" WIDTH="584" VPOS="0" HPOS="0">
            <TextBlock ID="region_1718562167294_391"
                       HEIGHT="19"
                       WIDTH="22"
                       VPOS="112"
                       HPOS="103">
               <Shape>
                  <Polygon POINTS="125,131 103,131 103,112 125,112"/>
               </Shape>
            </TextBlock>
            <TextBlock ID="region_1718562173995_394"
                       HEIGHT="23"
                       WIDTH="126"
                       VPOS="111"
                       HPOS="244">
               <Shape>
                  <Polygon POINTS="244,111 370,111 370,134 244,134"/>
               </Shape>
            </TextBlock>
            <TextBlock ID="region_1718562184573_397"
                       HEIGHT="267"
                       WIDTH="424"
                       VPOS="145"
                       HPOS="97">
               <Shape>
                  <Polygon POINTS="521,145 97,145 97,412 521,412"/>
               </Shape>
            </TextBlock>
            <TextBlock ID="region_1718562210495_400"
                       HEIGHT="369"
                       WIDTH="422"
                       VPOS="421"
                       HPOS="98">
               <Shape>
                  <Polygon POINTS="98,421 520,421 520,790 98,790"/>
               </Shape>
            </TextBlock>
         </PrintSpace>
      </Page>
   </Layout>
</alto>
