<?xml version="1.0" encoding="UTF-8"?>
<alto xmlns:xsi="http://www.w3.org/2001/XMLSchema-instance"
      xmlns="http://www.loc.gov/standards/alto/ns-v4#"
      xmlns:xs="http://www.w3.org/2001/XMLSchema"
      xmlns:xd="http://www.oxygenxml.com/ns/doc/xsl"
      xmlns:page="http://schema.primaresearch.org/PAGE/gts/pagecontent/2013-07-15"
      xmlns:map="http://www.w3.org/2005/xpath-functions/map"
      xmlns:local="local"
      xsi:schemaLocation="http://www.loc.gov/standards/alto/ns-v4# https://www.loc.gov/standards/alto/v4/alto.xsd">
   <Description>
      <MeasurementUnit>pixel</MeasurementUnit>
      <sourceImageInformation>
         <fileName>1766-71,_Poetische_Werke,_Walthard,_Bd._3_Seite_074_Bild_0001.jpg</fileName>
      </sourceImageInformation>
      <Processing ID="IdOcr">
         <processingDateTime>2024-06-25T17:23:27.925+02:00</processingDateTime>
         <processingSoftware>
            <softwareCreator>READ COOP</softwareCreator>
            <softwareName>Transkribus</softwareName>
         </processingSoftware>
      </Processing>
   </Description>
   <Layout>
      <Page ID="Page1" PHYSICAL_IMG_NR="10" HEIGHT="920" WIDTH="578">
         <TopMargin HEIGHT="0" WIDTH="578" VPOS="0" HPOS="0"/>
         <LeftMargin HEIGHT="920" WIDTH="0" VPOS="0" HPOS="0"/>
         <RightMargin HEIGHT="920" WIDTH="0" VPOS="0" HPOS="578"/>
         <BottomMargin HEIGHT="0" WIDTH="578" VPOS="920" HPOS="0"/>
         <PrintSpace HEIGHT="920" WIDTH="578" VPOS="0" HPOS="0">
            <TextBlock ID="region_1718571060452_324"
                       HEIGHT="22"
                       WIDTH="153"
                       VPOS="109"
                       HPOS="177">
               <Shape>
                  <Polygon POINTS="177,109 330,109 330,131 177,131"/>
               </Shape>
            </TextBlock>
            <TextBlock ID="region_1718571064034_327"
                       HEIGHT="19"
                       WIDTH="24"
                       VPOS="113"
                       HPOS="443">
               <Shape>
                  <Polygon POINTS="443,113 467,113 467,132 443,132"/>
               </Shape>
            </TextBlock>
            <TextBlock ID="region_1718571083106_333"
                       HEIGHT="349"
                       WIDTH="418"
                       VPOS="145"
                       HPOS="52">
               <Shape>
                  <Polygon POINTS="52,145 470,145 470,494 52,494"/>
               </Shape>
            </TextBlock>
            <TextBlock ID="region_1718571215017_351"
                       HEIGHT="296"
                       WIDTH="435"
                       VPOS="501"
                       HPOS="43">
               <Shape>
                  <Polygon POINTS="43,501 478,501 478,762 259,761 260,795 43,797"/>
               </Shape>
            </TextBlock>
            <TextBlock ID="region_1718571204341_345"
                       HEIGHT="118"
                       WIDTH="419"
                       VPOS="510"
                       HPOS="51">
               <Shape>
                  <Polygon POINTS="51,510 470,510 470,628 51,628"/>
               </Shape>
            </TextBlock>
            <TextBlock ID="region_1718571209877_348"
                       HEIGHT="146"
                       WIDTH="417"
                       VPOS="641"
                       HPOS="52">
               <Shape>
                  <Polygon POINTS="52,641 469,641 468,758 253,757 253,787 52,787"/>
               </Shape>
            </TextBlock>
            <TextBlock ID="region_1718571186442_339"
                       HEIGHT="18"
                       WIDTH="24"
                       VPOS="768"
                       HPOS="350">
               <Shape>
                  <Polygon POINTS="350,768 374,768 374,786 350,786"/>
               </Shape>
            </TextBlock>
            <GraphicalElement ID="Separator_1718571071111_330"
                              HEIGHT="12"
                              WIDTH="411"
                              VPOS="135"
                              HPOS="51"/>
         </PrintSpace>
      </Page>
   </Layout>
</alto>
