<?xml version="1.0" encoding="UTF-8"?>
<alto xmlns:xsi="http://www.w3.org/2001/XMLSchema-instance"
      xmlns="http://www.loc.gov/standards/alto/ns-v4#"
      xmlns:xs="http://www.w3.org/2001/XMLSchema"
      xmlns:xd="http://www.oxygenxml.com/ns/doc/xsl"
      xmlns:page="http://schema.primaresearch.org/PAGE/gts/pagecontent/2013-07-15"
      xmlns:map="http://www.w3.org/2005/xpath-functions/map"
      xmlns:local="local"
      xsi:schemaLocation="http://www.loc.gov/standards/alto/ns-v4# https://www.loc.gov/standards/alto/v4/alto.xsd">
   <Description>
      <MeasurementUnit>pixel</MeasurementUnit>
      <sourceImageInformation>
         <fileName>1766-71,_Poetische_Werke,_Walthard,_Bd._4_Seite_274_Bild_0001.jpg</fileName>
      </sourceImageInformation>
      <Processing ID="IdOcr">
         <processingDateTime>2024-06-25T17:23:29.652+02:00</processingDateTime>
         <processingSoftware>
            <softwareCreator>READ COOP</softwareCreator>
            <softwareName>Transkribus</softwareName>
         </processingSoftware>
      </Processing>
   </Description>
   <Layout>
      <Page ID="Page1" PHYSICAL_IMG_NR="14" HEIGHT="923" WIDTH="594">
         <TopMargin HEIGHT="0" WIDTH="594" VPOS="0" HPOS="0"/>
         <LeftMargin HEIGHT="923" WIDTH="0" VPOS="0" HPOS="0"/>
         <RightMargin HEIGHT="923" WIDTH="0" VPOS="0" HPOS="594"/>
         <BottomMargin HEIGHT="0" WIDTH="594" VPOS="923" HPOS="0"/>
         <PrintSpace HEIGHT="923" WIDTH="594" VPOS="0" HPOS="0">
            <TextBlock ID="region_1719259729353_390"
                       HEIGHT="28"
                       WIDTH="424"
                       VPOS="127"
                       HPOS="94">
               <Shape>
                  <Polygon POINTS="94,127 518,127 518,155 94,155"/>
               </Shape>
            </TextBlock>
            <TextBlock ID="region_1719259736182_393"
                       HEIGHT="28"
                       WIDTH="418"
                       VPOS="164"
                       HPOS="96">
               <Shape>
                  <Polygon POINTS="514,164 96,164 96,192 514,192"/>
               </Shape>
            </TextBlock>
            <TextBlock ID="region_1719259743968_396"
                       HEIGHT="26"
                       WIDTH="418"
                       VPOS="200"
                       HPOS="96">
               <Shape>
                  <Polygon POINTS="514,200 96,200 96,226 514,226"/>
               </Shape>
            </TextBlock>
            <TextBlock ID="region_1719259749851_399"
                       HEIGHT="23"
                       WIDTH="421"
                       VPOS="240"
                       HPOS="94">
               <Shape>
                  <Polygon POINTS="515,240 94,240 94,263 515,263"/>
               </Shape>
            </TextBlock>
            <TextBlock ID="region_1719259757540_402"
                       HEIGHT="30"
                       WIDTH="421"
                       VPOS="273"
                       HPOS="94">
               <Shape>
                  <Polygon POINTS="515,273 94,273 94,303 515,303"/>
               </Shape>
            </TextBlock>
            <TextBlock ID="region_1719259762940_405"
                       HEIGHT="28"
                       WIDTH="420"
                       VPOS="309"
                       HPOS="94">
               <Shape>
                  <Polygon POINTS="514,309 94,309 94,337 514,337"/>
               </Shape>
            </TextBlock>
            <TextBlock ID="region_1719259769218_408"
                       HEIGHT="27"
                       WIDTH="419"
                       VPOS="342"
                       HPOS="95">
               <Shape>
                  <Polygon POINTS="514,342 95,342 95,369 514,369"/>
               </Shape>
            </TextBlock>
            <TextBlock ID="region_1719259774116_411"
                       HEIGHT="64"
                       WIDTH="420"
                       VPOS="373"
                       HPOS="94">
               <Shape>
                  <Polygon POINTS="94,373 514,373 514,437 94,437"/>
               </Shape>
            </TextBlock>
            <TextBlock ID="region_1719259780271_414"
                       HEIGHT="37"
                       WIDTH="419"
                       VPOS="440"
                       HPOS="95">
               <Shape>
                  <Polygon POINTS="95,440 514,440 514,477 95,477"/>
               </Shape>
            </TextBlock>
            <TextBlock ID="region_1719259796846_417"
                       HEIGHT="40"
                       WIDTH="205"
                       VPOS="508"
                       HPOS="201">
               <Shape>
                  <Polygon POINTS="201,508 406,508 406,548 201,548"/>
               </Shape>
            </TextBlock>
            <TextBlock ID="region_1719259801956_420"
                       HEIGHT="31"
                       WIDTH="425"
                       VPOS="570"
                       HPOS="90">
               <Shape>
                  <Polygon POINTS="90,570 515,570 515,601 90,601"/>
               </Shape>
            </TextBlock>
            <TextBlock ID="region_1719259805820_423"
                       HEIGHT="26"
                       WIDTH="422"
                       VPOS="604"
                       HPOS="91">
               <Shape>
                  <Polygon POINTS="91,604 513,604 513,630 91,630"/>
               </Shape>
            </TextBlock>
            <TextBlock ID="region_1719259811587_426"
                       HEIGHT="36"
                       WIDTH="424"
                       VPOS="638"
                       HPOS="90">
               <Shape>
                  <Polygon POINTS="90,638 514,638 514,674 90,674"/>
               </Shape>
            </TextBlock>
            <TextBlock ID="region_1719259816204_429"
                       HEIGHT="31"
                       WIDTH="424"
                       VPOS="677"
                       HPOS="91">
               <Shape>
                  <Polygon POINTS="91,677 515,677 515,708 91,708"/>
               </Shape>
            </TextBlock>
            <TextBlock ID="region_1719259824549_432"
                       HEIGHT="25"
                       WIDTH="421"
                       VPOS="715"
                       HPOS="93">
               <Shape>
                  <Polygon POINTS="93,715 514,715 514,740 93,740"/>
               </Shape>
            </TextBlock>
            <Illustration ID="Graphic_1719259715559_382"
                          HEIGHT="32"
                          WIDTH="90"
                          VPOS="86"
                          HPOS="263"/>
         </PrintSpace>
      </Page>
   </Layout>
</alto>
