<?xml version="1.0" encoding="UTF-8"?>
<alto xmlns:xsi="http://www.w3.org/2001/XMLSchema-instance"
      xmlns="http://www.loc.gov/standards/alto/ns-v4#"
      xmlns:xs="http://www.w3.org/2001/XMLSchema"
      xmlns:xd="http://www.oxygenxml.com/ns/doc/xsl"
      xmlns:page="http://schema.primaresearch.org/PAGE/gts/pagecontent/2013-07-15"
      xmlns:map="http://www.w3.org/2005/xpath-functions/map"
      xmlns:local="local"
      xsi:schemaLocation="http://www.loc.gov/standards/alto/ns-v4# https://www.loc.gov/standards/alto/v4/alto.xsd">
   <Description>
      <MeasurementUnit>pixel</MeasurementUnit>
      <sourceImageInformation>
         <fileName>1766-71,_Poetische_Werke,_Walthard,_Bd._5_Seite_195_Bild_0001.jpg</fileName>
      </sourceImageInformation>
      <Processing ID="IdOcr">
         <processingDateTime>2024-06-25T17:23:32.89+02:00</processingDateTime>
         <processingSoftware>
            <softwareCreator>READ COOP</softwareCreator>
            <softwareName>Transkribus</softwareName>
         </processingSoftware>
      </Processing>
   </Description>
   <Layout>
      <Page ID="Page1" PHYSICAL_IMG_NR="21" HEIGHT="915" WIDTH="570">
         <TopMargin HEIGHT="0" WIDTH="570" VPOS="0" HPOS="0"/>
         <LeftMargin HEIGHT="915" WIDTH="0" VPOS="0" HPOS="0"/>
         <RightMargin HEIGHT="915" WIDTH="0" VPOS="0" HPOS="570"/>
         <BottomMargin HEIGHT="0" WIDTH="570" VPOS="915" HPOS="0"/>
         <PrintSpace HEIGHT="915" WIDTH="570" VPOS="0" HPOS="0">
            <TextBlock ID="region_1719318457735_975"
                       HEIGHT="17"
                       WIDTH="30"
                       VPOS="91"
                       HPOS="105">
               <Shape>
                  <Polygon POINTS="105,91 135,91 135,108 105,108"/>
               </Shape>
            </TextBlock>
            <TextBlock ID="region_1719318454229_972"
                       HEIGHT="24"
                       WIDTH="284"
                       VPOS="86"
                       HPOS="176">
               <Shape>
                  <Polygon POINTS="176,86 460,86 460,110 176,110"/>
               </Shape>
            </TextBlock>
            <TextBlock ID="region_1719318464593_978"
                       HEIGHT="152"
                       WIDTH="432"
                       VPOS="127"
                       HPOS="107">
               <Shape>
                  <Polygon POINTS="107,127 539,127 539,279 107,279"/>
               </Shape>
            </TextBlock>
            <TextBlock ID="region_1719318472030_981"
                       HEIGHT="452"
                       WIDTH="409"
                       VPOS="299"
                       HPOS="124">
               <Shape>
                  <Polygon POINTS="124,299 533,299 533,751 124,751"/>
               </Shape>
            </TextBlock>
            <GraphicalElement ID="Separator_1719318489475_984"
                              HEIGHT="12"
                              WIDTH="429"
                              VPOS="112"
                              HPOS="107"/>
         </PrintSpace>
      </Page>
   </Layout>
</alto>
