<?xml version="1.0" encoding="UTF-8"?>
<alto xmlns:xsi="http://www.w3.org/2001/XMLSchema-instance"
      xmlns="http://www.loc.gov/standards/alto/ns-v4#"
      xmlns:xs="http://www.w3.org/2001/XMLSchema"
      xmlns:xd="http://www.oxygenxml.com/ns/doc/xsl"
      xmlns:page="http://schema.primaresearch.org/PAGE/gts/pagecontent/2013-07-15"
      xmlns:map="http://www.w3.org/2005/xpath-functions/map"
      xmlns:local="local"
      xsi:schemaLocation="http://www.loc.gov/standards/alto/ns-v4# https://www.loc.gov/standards/alto/v4/alto.xsd">
   <Description>
      <MeasurementUnit>pixel</MeasurementUnit>
      <sourceImageInformation>
         <fileName>1766-71,_Poetische_Werke,_Walthard,_Bd._5_Seite_044_Bild_0001.jpg</fileName>
      </sourceImageInformation>
      <Processing ID="IdOcr">
         <processingDateTime>2024-06-25T17:23:30.505+02:00</processingDateTime>
         <processingSoftware>
            <softwareCreator>READ COOP</softwareCreator>
            <softwareName>Transkribus</softwareName>
         </processingSoftware>
      </Processing>
   </Description>
   <Layout>
      <Page ID="Page1" PHYSICAL_IMG_NR="16" HEIGHT="915" WIDTH="573">
         <TopMargin HEIGHT="0" WIDTH="573" VPOS="0" HPOS="0"/>
         <LeftMargin HEIGHT="915" WIDTH="0" VPOS="0" HPOS="0"/>
         <RightMargin HEIGHT="915" WIDTH="0" VPOS="0" HPOS="573"/>
         <BottomMargin HEIGHT="0" WIDTH="573" VPOS="915" HPOS="0"/>
         <PrintSpace HEIGHT="915" WIDTH="573" VPOS="0" HPOS="0">
            <TextBlock ID="region_1719316330431_612"
                       HEIGHT="22"
                       WIDTH="191"
                       VPOS="98"
                       HPOS="168">
               <Shape>
                  <Polygon POINTS="168,98 359,98 359,120 168,120"/>
               </Shape>
            </TextBlock>
            <TextBlock ID="region_1719316334043_615"
                       HEIGHT="19"
                       WIDTH="24"
                       VPOS="103"
                       HPOS="448">
               <Shape>
                  <Polygon POINTS="448,103 472,103 472,122 448,122"/>
               </Shape>
            </TextBlock>
            <TextBlock ID="region_1719316345650_618"
                       HEIGHT="224"
                       WIDTH="421"
                       VPOS="135"
                       HPOS="55">
               <Shape>
                  <Polygon POINTS="55,135 476,135 476,359 55,359"/>
               </Shape>
            </TextBlock>
            <TextBlock ID="region_1719316350487_621"
                       HEIGHT="120"
                       WIDTH="290"
                       VPOS="370"
                       HPOS="104">
               <Shape>
                  <Polygon POINTS="104,370 394,370 394,490 104,490"/>
               </Shape>
            </TextBlock>
            <TextBlock ID="region_1719316358144_624"
                       HEIGHT="247"
                       WIDTH="424"
                       VPOS="504"
                       HPOS="55">
               <Shape>
                  <Polygon POINTS="55,751 479,751 479,504 55,504"/>
               </Shape>
            </TextBlock>
            <GraphicalElement ID="Separator_1719316373305_627"
                              HEIGHT="9"
                              WIDTH="412"
                              VPOS="123"
                              HPOS="60"/>
         </PrintSpace>
      </Page>
   </Layout>
</alto>
