<?xml version="1.0" encoding="UTF-8"?>
<alto xmlns:xsi="http://www.w3.org/2001/XMLSchema-instance"
      xmlns="http://www.loc.gov/standards/alto/ns-v4#"
      xmlns:xs="http://www.w3.org/2001/XMLSchema"
      xmlns:xd="http://www.oxygenxml.com/ns/doc/xsl"
      xmlns:page="http://schema.primaresearch.org/PAGE/gts/pagecontent/2013-07-15"
      xmlns:map="http://www.w3.org/2005/xpath-functions/map"
      xmlns:local="local"
      xsi:schemaLocation="http://www.loc.gov/standards/alto/ns-v4# https://www.loc.gov/standards/alto/v4/alto.xsd">
   <Description>
      <MeasurementUnit>pixel</MeasurementUnit>
      <sourceImageInformation>
         <fileName>1766-71,_Poetische_Werke,_Walthard,_Bd._3_Seite_066_Bild_0001.jpg</fileName>
      </sourceImageInformation>
      <Processing ID="IdOcr">
         <processingDateTime>2024-06-25T17:23:27.503+02:00</processingDateTime>
         <processingSoftware>
            <softwareCreator>READ COOP</softwareCreator>
            <softwareName>Transkribus</softwareName>
         </processingSoftware>
      </Processing>
   </Description>
   <Layout>
      <Page ID="Page1" PHYSICAL_IMG_NR="9" HEIGHT="922" WIDTH="576">
         <TopMargin HEIGHT="0" WIDTH="576" VPOS="0" HPOS="0"/>
         <LeftMargin HEIGHT="922" WIDTH="0" VPOS="0" HPOS="0"/>
         <RightMargin HEIGHT="922" WIDTH="0" VPOS="0" HPOS="576"/>
         <BottomMargin HEIGHT="0" WIDTH="576" VPOS="922" HPOS="0"/>
         <PrintSpace HEIGHT="922" WIDTH="576" VPOS="0" HPOS="0">
            <TextBlock ID="region_1718570837929_261"
                       HEIGHT="21"
                       WIDTH="160"
                       VPOS="108"
                       HPOS="176">
               <Shape>
                  <Polygon POINTS="176,108 336,108 336,129 176,129"/>
               </Shape>
            </TextBlock>
            <TextBlock ID="region_1718570841356_264"
                       HEIGHT="16"
                       WIDTH="24"
                       VPOS="114"
                       HPOS="450">
               <Shape>
                  <Polygon POINTS="450,114 474,114 474,130 450,130"/>
               </Shape>
            </TextBlock>
            <TextBlock ID="region_1718570864896_270"
                       HEIGHT="171"
                       WIDTH="394"
                       VPOS="148"
                       HPOS="81">
               <Shape>
                  <Polygon POINTS="81,148 475,148 475,319 81,319"/>
               </Shape>
            </TextBlock>
            <TextBlock ID="region_1718570873062_273"
                       HEIGHT="144"
                       WIDTH="382"
                       VPOS="339"
                       HPOS="97">
               <Shape>
                  <Polygon POINTS="97,339 479,339 479,483 97,483"/>
               </Shape>
            </TextBlock>
            <TextBlock ID="region_1718570879771_276"
                       HEIGHT="144"
                       WIDTH="394"
                       VPOS="498"
                       HPOS="85">
               <Shape>
                  <Polygon POINTS="85,498 479,498 479,642 85,642"/>
               </Shape>
            </TextBlock>
            <TextBlock ID="region_1718570890955_282"
                       HEIGHT="31"
                       WIDTH="45"
                       VPOS="739"
                       HPOS="379">
               <Shape>
                  <Polygon POINTS="379,739 424,739 424,770 379,770"/>
               </Shape>
            </TextBlock>
            <GraphicalElement ID="Separator_1718570854469_267"
                              HEIGHT="19"
                              WIDTH="411"
                              VPOS="129"
                              HPOS="58"/>
            <Illustration ID="Graphic_1718570955774_288"
                          HEIGHT="21"
                          WIDTH="180"
                          VPOS="686"
                          HPOS="181"/>
         </PrintSpace>
      </Page>
   </Layout>
</alto>
