<?xml version="1.0" encoding="UTF-8"?>
<alto xmlns:xsi="http://www.w3.org/2001/XMLSchema-instance"
      xmlns="http://www.loc.gov/standards/alto/ns-v4#"
      xmlns:xs="http://www.w3.org/2001/XMLSchema"
      xmlns:xd="http://www.oxygenxml.com/ns/doc/xsl"
      xmlns:page="http://schema.primaresearch.org/PAGE/gts/pagecontent/2013-07-15"
      xmlns:map="http://www.w3.org/2005/xpath-functions/map"
      xmlns:local="local"
      xsi:schemaLocation="http://www.loc.gov/standards/alto/ns-v4# https://www.loc.gov/standards/alto/v4/alto.xsd">
   <Description>
      <MeasurementUnit>pixel</MeasurementUnit>
      <sourceImageInformation>
         <fileName>1766-71,_Poetische_Werke,_Walthard,_Bd._3_Seite_019_Bild_0001.jpg</fileName>
      </sourceImageInformation>
      <Processing ID="IdOcr">
         <processingDateTime>2024-06-25T17:23:26.625+02:00</processingDateTime>
         <processingSoftware>
            <softwareCreator>READ COOP</softwareCreator>
            <softwareName>Transkribus</softwareName>
         </processingSoftware>
      </Processing>
   </Description>
   <Layout>
      <Page ID="Page1" PHYSICAL_IMG_NR="7" HEIGHT="920" WIDTH="587">
         <TopMargin HEIGHT="0" WIDTH="587" VPOS="0" HPOS="0"/>
         <LeftMargin HEIGHT="920" WIDTH="0" VPOS="0" HPOS="0"/>
         <RightMargin HEIGHT="920" WIDTH="0" VPOS="0" HPOS="587"/>
         <BottomMargin HEIGHT="0" WIDTH="587" VPOS="920" HPOS="0"/>
         <PrintSpace HEIGHT="920" WIDTH="587" VPOS="0" HPOS="0">
            <TextBlock ID="region_1718567730776_92"
                       HEIGHT="18"
                       WIDTH="28"
                       VPOS="117"
                       HPOS="95">
               <Shape>
                  <Polygon POINTS="95,117 123,117 123,135 95,135"/>
               </Shape>
            </TextBlock>
            <TextBlock ID="region_1718567743043_95"
                       HEIGHT="22"
                       WIDTH="273"
                       VPOS="112"
                       HPOS="182">
               <Shape>
                  <Polygon POINTS="182,134 455,134 455,112 182,112"/>
               </Shape>
            </TextBlock>
            <TextBlock ID="region_1718567824959_114"
                       HEIGHT="42"
                       WIDTH="359"
                       VPOS="175"
                       HPOS="123">
               <Shape>
                  <Polygon POINTS="482,175 123,175 123,217 482,217"/>
               </Shape>
            </TextBlock>
            <TextBlock ID="region_1718567836738_117"
                       HEIGHT="120"
                       WIDTH="384"
                       VPOS="237"
                       HPOS="129">
               <Shape>
                  <Polygon POINTS="129,237 513,237 513,357 129,357"/>
               </Shape>
            </TextBlock>
            <TextBlock ID="region_1718567852118_120"
                       HEIGHT="44"
                       WIDTH="31"
                       VPOS="365"
                       HPOS="95">
               <Shape>
                  <Polygon POINTS="95,365 126,365 126,409 95,409"/>
               </Shape>
            </TextBlock>
            <TextBlock ID="region_1718567868169_123"
                       HEIGHT="235"
                       WIDTH="316"
                       VPOS="381"
                       HPOS="96">
               <Shape>
                  <Polygon POINTS="96,410 96,616 412,616 412,381 127,382 127,410"/>
               </Shape>
            </TextBlock>
            <TextBlock ID="region_1718567882961_126"
                       HEIGHT="140"
                       WIDTH="336"
                       VPOS="634"
                       HPOS="96">
               <Shape>
                  <Polygon POINTS="96,774 432,774 432,634 96,634"/>
               </Shape>
            </TextBlock>
            <GraphicalElement ID="Separator_1718567786316_106"
                              HEIGHT="18"
                              WIDTH="408"
                              VPOS="137"
                              HPOS="95"/>
         </PrintSpace>
      </Page>
   </Layout>
</alto>
