<?xml version="1.0" encoding="UTF-8"?>
<alto xmlns:xsi="http://www.w3.org/2001/XMLSchema-instance"
      xmlns="http://www.loc.gov/standards/alto/ns-v4#"
      xmlns:xs="http://www.w3.org/2001/XMLSchema"
      xmlns:xd="http://www.oxygenxml.com/ns/doc/xsl"
      xmlns:page="http://schema.primaresearch.org/PAGE/gts/pagecontent/2013-07-15"
      xmlns:map="http://www.w3.org/2005/xpath-functions/map"
      xmlns:local="local"
      xsi:schemaLocation="http://www.loc.gov/standards/alto/ns-v4# https://www.loc.gov/standards/alto/v4/alto.xsd">
   <Description>
      <MeasurementUnit>pixel</MeasurementUnit>
      <sourceImageInformation>
         <fileName>1766-71,_Poetische_Werke,_Walthard,_Bd._3_Seite_012_Bild_0001.jpg</fileName>
      </sourceImageInformation>
      <Processing ID="IdOcr">
         <processingDateTime>2024-06-25T17:23:26.246+02:00</processingDateTime>
         <processingSoftware>
            <softwareCreator>READ COOP</softwareCreator>
            <softwareName>Transkribus</softwareName>
         </processingSoftware>
      </Processing>
   </Description>
   <Layout>
      <Page ID="Page1" PHYSICAL_IMG_NR="6" HEIGHT="915" WIDTH="585">
         <TopMargin HEIGHT="0" WIDTH="585" VPOS="0" HPOS="0"/>
         <LeftMargin HEIGHT="915" WIDTH="0" VPOS="0" HPOS="0"/>
         <RightMargin HEIGHT="915" WIDTH="0" VPOS="0" HPOS="585"/>
         <BottomMargin HEIGHT="0" WIDTH="585" VPOS="915" HPOS="0"/>
         <PrintSpace HEIGHT="915" WIDTH="585" VPOS="0" HPOS="0">
            <TextBlock ID="region_1718567470863_38"
                       HEIGHT="42"
                       WIDTH="319"
                       VPOS="154"
                       HPOS="105">
               <Shape>
                  <Polygon POINTS="105,154 424,154 424,196 105,196"/>
               </Shape>
            </TextBlock>
            <TextBlock ID="region_1718567487779_41"
                       HEIGHT="34"
                       WIDTH="26"
                       VPOS="222"
                       HPOS="61">
               <Shape>
                  <Polygon POINTS="61,222 87,222 87,256 61,256"/>
               </Shape>
            </TextBlock>
            <TextBlock ID="region_1718567500469_44"
                       HEIGHT="221"
                       WIDTH="413"
                       VPOS="235"
                       HPOS="62">
               <Shape>
                  <Polygon POINTS="475,456 62,456 62,259 90,259 89,236 475,235"/>
               </Shape>
            </TextBlock>
            <TextBlock ID="region_1718567504006_47"
                       HEIGHT="20"
                       WIDTH="73"
                       VPOS="468"
                       HPOS="329">
               <Shape>
                  <Polygon POINTS="329,468 402,468 402,488 329,488"/>
               </Shape>
            </TextBlock>
            <TextBlock ID="region_1718567511110_50"
                       HEIGHT="114"
                       WIDTH="386"
                       VPOS="495"
                       HPOS="57">
               <Shape>
                  <Polygon POINTS="57,495 443,495 443,609 57,609"/>
               </Shape>
            </TextBlock>
            <TextBlock ID="region_1718567521294_53"
                       HEIGHT="18"
                       WIDTH="40"
                       VPOS="626"
                       HPOS="331">
               <Shape>
                  <Polygon POINTS="331,626 371,626 371,644 331,644"/>
               </Shape>
            </TextBlock>
            <TextBlock ID="region_1718567526595_56"
                       HEIGHT="110"
                       WIDTH="412"
                       VPOS="668"
                       HPOS="62">
               <Shape>
                  <Polygon POINTS="62,668 474,668 474,778 62,778"/>
               </Shape>
            </TextBlock>
         </PrintSpace>
      </Page>
   </Layout>
</alto>
