<?xml version="1.0" encoding="UTF-8"?>
<alto xmlns:xsi="http://www.w3.org/2001/XMLSchema-instance"
      xmlns="http://www.loc.gov/standards/alto/ns-v4#"
      xmlns:xs="http://www.w3.org/2001/XMLSchema"
      xmlns:xd="http://www.oxygenxml.com/ns/doc/xsl"
      xmlns:page="http://schema.primaresearch.org/PAGE/gts/pagecontent/2013-07-15"
      xmlns:map="http://www.w3.org/2005/xpath-functions/map"
      xmlns:local="local"
      xsi:schemaLocation="http://www.loc.gov/standards/alto/ns-v4# https://www.loc.gov/standards/alto/v4/alto.xsd">
   <Description>
      <MeasurementUnit>pixel</MeasurementUnit>
      <sourceImageInformation>
         <fileName>1766-71,_Poetische_Werke,_Walthard,_Bd._5_Seite_043_Bild_0001.jpg</fileName>
      </sourceImageInformation>
      <Processing ID="IdOcr">
         <processingDateTime>2024-06-25T17:23:30.268+02:00</processingDateTime>
         <processingSoftware>
            <softwareCreator>READ COOP</softwareCreator>
            <softwareName>Transkribus</softwareName>
         </processingSoftware>
      </Processing>
   </Description>
   <Layout>
      <Page ID="Page1" PHYSICAL_IMG_NR="15" HEIGHT="919" WIDTH="582">
         <TopMargin HEIGHT="0" WIDTH="582" VPOS="0" HPOS="0"/>
         <LeftMargin HEIGHT="919" WIDTH="0" VPOS="0" HPOS="0"/>
         <RightMargin HEIGHT="919" WIDTH="0" VPOS="0" HPOS="582"/>
         <BottomMargin HEIGHT="0" WIDTH="582" VPOS="919" HPOS="0"/>
         <PrintSpace HEIGHT="919" WIDTH="582" VPOS="0" HPOS="0">
            <TextBlock ID="region_1719316174318_564"
                       HEIGHT="19"
                       WIDTH="24"
                       VPOS="111"
                       HPOS="110">
               <Shape>
                  <Polygon POINTS="110,111 134,111 134,130 110,130"/>
               </Shape>
            </TextBlock>
            <TextBlock ID="region_1719316179446_567"
                       HEIGHT="17"
                       WIDTH="316"
                       VPOS="110"
                       HPOS="157">
               <Shape>
                  <Polygon POINTS="157,127 473,127 473,110 157,110"/>
               </Shape>
            </TextBlock>
            <TextBlock ID="region_1719316189171_570"
                       HEIGHT="153"
                       WIDTH="328"
                       VPOS="145"
                       HPOS="145">
               <Shape>
                  <Polygon POINTS="145,145 473,145 473,298 145,298"/>
               </Shape>
            </TextBlock>
            <TextBlock ID="region_1719316193931_573"
                       HEIGHT="185"
                       WIDTH="431"
                       VPOS="308"
                       HPOS="103">
               <Shape>
                  <Polygon POINTS="103,308 534,308 534,493 103,493"/>
               </Shape>
            </TextBlock>
            <TextBlock ID="region_1719316204486_576"
                       HEIGHT="264"
                       WIDTH="426"
                       VPOS="508"
                       HPOS="104">
               <Shape>
                  <Polygon POINTS="104,508 530,508 530,772 104,772"/>
               </Shape>
            </TextBlock>
            <GraphicalElement ID="Separator_1719316214645_579"
                              HEIGHT="12"
                              WIDTH="413"
                              VPOS="132"
                              HPOS="112"/>
         </PrintSpace>
      </Page>
   </Layout>
</alto>
