<?xml version="1.0" encoding="UTF-8"?>
<alto xmlns:xsi="http://www.w3.org/2001/XMLSchema-instance"
      xmlns="http://www.loc.gov/standards/alto/ns-v4#"
      xmlns:xs="http://www.w3.org/2001/XMLSchema"
      xmlns:xd="http://www.oxygenxml.com/ns/doc/xsl"
      xmlns:page="http://schema.primaresearch.org/PAGE/gts/pagecontent/2013-07-15"
      xmlns:map="http://www.w3.org/2005/xpath-functions/map"
      xmlns:local="local"
      xsi:schemaLocation="http://www.loc.gov/standards/alto/ns-v4# https://www.loc.gov/standards/alto/v4/alto.xsd">
   <Description>
      <MeasurementUnit>pixel</MeasurementUnit>
      <sourceImageInformation>
         <fileName>1766-71,_Poetische_Werke,_Walthard,_Bd._2_Seite_010_Bild_0001.jpg</fileName>
      </sourceImageInformation>
      <Processing ID="IdOcr">
         <processingDateTime>2024-06-25T17:23:23.638+02:00</processingDateTime>
         <processingSoftware>
            <softwareCreator>READ COOP</softwareCreator>
            <softwareName>Transkribus</softwareName>
         </processingSoftware>
      </Processing>
   </Description>
   <Layout>
      <Page ID="Page1" PHYSICAL_IMG_NR="1" HEIGHT="915" WIDTH="589">
         <TopMargin HEIGHT="0" WIDTH="589" VPOS="0" HPOS="0"/>
         <LeftMargin HEIGHT="915" WIDTH="0" VPOS="0" HPOS="0"/>
         <RightMargin HEIGHT="915" WIDTH="0" VPOS="0" HPOS="589"/>
         <BottomMargin HEIGHT="0" WIDTH="589" VPOS="915" HPOS="0"/>
         <PrintSpace HEIGHT="915" WIDTH="589" VPOS="0" HPOS="0">
            <TextBlock ID="region_1718561180279_33"
                       HEIGHT="131"
                       WIDTH="391"
                       VPOS="146"
                       HPOS="84">
               <Shape>
                  <Polygon POINTS="84,146 475,146 475,277 84,277"/>
               </Shape>
            </TextBlock>
            <TextBlock ID="region_1718561203425_38"
                       HEIGHT="38"
                       WIDTH="240"
                       VPOS="332"
                       HPOS="149">
               <Shape>
                  <Polygon POINTS="149,332 389,332 389,370 149,370"/>
               </Shape>
            </TextBlock>
            <TextBlock ID="region_1718561207463_41"
                       HEIGHT="27"
                       WIDTH="151"
                       VPOS="405"
                       HPOS="206">
               <Shape>
                  <Polygon POINTS="206,405 357,405 357,432 206,432"/>
               </Shape>
            </TextBlock>
            <TextBlock ID="region_1718561210850_44"
                       HEIGHT="34"
                       WIDTH="109"
                       VPOS="593"
                       HPOS="215">
               <Shape>
                  <Polygon POINTS="215,593 324,593 324,627 215,627"/>
               </Shape>
            </TextBlock>
            <TextBlock ID="region_1718561222819_47"
                       HEIGHT="25"
                       WIDTH="402"
                       VPOS="665"
                       HPOS="79">
               <Shape>
                  <Polygon POINTS="79,665 481,665 481,690 79,690"/>
               </Shape>
            </TextBlock>
            <TextBlock ID="region_1718561235545_50"
                       HEIGHT="27"
                       WIDTH="315"
                       VPOS="727"
                       HPOS="119">
               <Shape>
                  <Polygon POINTS="119,727 434,727 434,754 119,754"/>
               </Shape>
            </TextBlock>
            <GraphicalElement ID="Separator_1718561266824_58"
                              HEIGHT="20"
                              WIDTH="334"
                              VPOS="298"
                              HPOS="112"/>
            <GraphicalElement ID="Separator_1718561271842_61"
                              HEIGHT="22"
                              WIDTH="312"
                              VPOS="379"
                              HPOS="126"/>
            <GraphicalElement ID="Separator_1718561315635_67"
                              HEIGHT="23"
                              WIDTH="335"
                              VPOS="634"
                              HPOS="112"/>
            <GraphicalElement ID="Separator_1718561320730_70"
                              HEIGHT="20"
                              WIDTH="391"
                              VPOS="696"
                              HPOS="84"/>
            <Illustration ID="Image_1718561985812_265"
                          HEIGHT="136"
                          WIDTH="221"
                          VPOS="454"
                          HPOS="170"/>
         </PrintSpace>
      </Page>
   </Layout>
</alto>
