<?xml version="1.0" encoding="UTF-8"?>
<alto xmlns:xsi="http://www.w3.org/2001/XMLSchema-instance"
      xmlns="http://www.loc.gov/standards/alto/ns-v4#"
      xmlns:xs="http://www.w3.org/2001/XMLSchema"
      xmlns:xd="http://www.oxygenxml.com/ns/doc/xsl"
      xmlns:page="http://schema.primaresearch.org/PAGE/gts/pagecontent/2013-07-15"
      xmlns:map="http://www.w3.org/2005/xpath-functions/map"
      xmlns:local="local"
      xsi:schemaLocation="http://www.loc.gov/standards/alto/ns-v4# https://www.loc.gov/standards/alto/v4/alto.xsd">
   <Description>
      <MeasurementUnit>pixel</MeasurementUnit>
      <sourceImageInformation>
         <fileName>1766-71,_Poetische_Werke,_Walthard,_Bd._2_Seite_034_Bild_0001.jpg</fileName>
      </sourceImageInformation>
      <Processing ID="IdOcr">
         <processingDateTime>2024-06-25T17:23:25.345+02:00</processingDateTime>
         <processingSoftware>
            <softwareCreator>READ COOP</softwareCreator>
            <softwareName>Transkribus</softwareName>
         </processingSoftware>
      </Processing>
   </Description>
   <Layout>
      <Page ID="Page1" PHYSICAL_IMG_NR="5" HEIGHT="915" WIDTH="578">
         <TopMargin HEIGHT="0" WIDTH="578" VPOS="0" HPOS="0"/>
         <LeftMargin HEIGHT="915" WIDTH="0" VPOS="0" HPOS="0"/>
         <RightMargin HEIGHT="915" WIDTH="0" VPOS="0" HPOS="578"/>
         <BottomMargin HEIGHT="0" WIDTH="578" VPOS="915" HPOS="0"/>
         <PrintSpace HEIGHT="915" WIDTH="578" VPOS="0" HPOS="0">
            <TextBlock ID="region_1718564722093_751"
                       HEIGHT="21"
                       WIDTH="130"
                       VPOS="106"
                       HPOS="214">
               <Shape>
                  <Polygon POINTS="214,106 344,106 344,127 214,127"/>
               </Shape>
            </TextBlock>
            <TextBlock ID="region_1718564725476_754"
                       HEIGHT="21"
                       WIDTH="25"
                       VPOS="107"
                       HPOS="449">
               <Shape>
                  <Polygon POINTS="449,107 474,107 474,128 449,128"/>
               </Shape>
            </TextBlock>
            <TextBlock ID="region_1718564754110_760"
                       HEIGHT="104"
                       WIDTH="411"
                       VPOS="148"
                       HPOS="64">
               <Shape>
                  <Polygon POINTS="64,252 475,252 475,148 64,148"/>
               </Shape>
            </TextBlock>
            <TextBlock ID="region_1718564807612_766"
                       HEIGHT="112"
                       WIDTH="332"
                       VPOS="324"
                       HPOS="98">
               <Shape>
                  <Polygon POINTS="98,324 430,324 430,436 98,436"/>
               </Shape>
            </TextBlock>
            <TextBlock ID="region_1718564975309_816"
                       HEIGHT="263"
                       WIDTH="448"
                       VPOS="503"
                       HPOS="53">
               <Shape>
                  <Polygon POINTS="53,503 501,503 501,766 53,766"/>
               </Shape>
            </TextBlock>
            <TextBlock ID="region_1718564842325_772"
                       HEIGHT="163"
                       WIDTH="422"
                       VPOS="515"
                       HPOS="66">
               <Shape>
                  <Polygon POINTS="66,515 488,515 488,678 66,678"/>
               </Shape>
            </TextBlock>
            <TextBlock ID="region_1718564859460_775"
                       HEIGHT="56"
                       WIDTH="420"
                       VPOS="701"
                       HPOS="68">
               <Shape>
                  <Polygon POINTS="68,701 488,701 488,757 68,757"/>
               </Shape>
            </TextBlock>
            <TextBlock ID="region_1718564864041_778"
                       HEIGHT="28"
                       WIDTH="38"
                       VPOS="768"
                       HPOS="353">
               <Shape>
                  <Polygon POINTS="353,768 391,768 391,796 353,796"/>
               </Shape>
            </TextBlock>
            <GraphicalElement ID="Separator_1718564740253_757"
                              HEIGHT="18"
                              WIDTH="409"
                              VPOS="128"
                              HPOS="66"/>
            <GraphicalElement ID="Separator_1718564816488_769"
                              HEIGHT="19"
                              WIDTH="258"
                              VPOS="466"
                              HPOS="148"/>
            <Illustration ID="Graphic_1718564795834_763"
                          HEIGHT="25"
                          WIDTH="50"
                          VPOS="278"
                          HPOS="257"/>
         </PrintSpace>
      </Page>
   </Layout>
</alto>
