<?xml version="1.0" encoding="UTF-8"?>
<alto xmlns:xsi="http://www.w3.org/2001/XMLSchema-instance"
      xmlns="http://www.loc.gov/standards/alto/ns-v4#"
      xmlns:xs="http://www.w3.org/2001/XMLSchema"
      xmlns:xd="http://www.oxygenxml.com/ns/doc/xsl"
      xmlns:page="http://schema.primaresearch.org/PAGE/gts/pagecontent/2013-07-15"
      xmlns:map="http://www.w3.org/2005/xpath-functions/map"
      xmlns:local="local"
      xsi:schemaLocation="http://www.loc.gov/standards/alto/ns-v4# https://www.loc.gov/standards/alto/v4/alto.xsd">
   <Description>
      <MeasurementUnit>pixel</MeasurementUnit>
      <sourceImageInformation>
         <fileName>1772f.,_Poetische_Werke,_Walthard,_Bd._1,_VD18_90660072_Seite_012_Bild_0001.jpg</fileName>
      </sourceImageInformation>
      <Processing ID="IdOcr">
         <processingDateTime>2024-06-25T17:23:33.095+02:00</processingDateTime>
         <processingSoftware>
            <softwareCreator>READ COOP</softwareCreator>
            <softwareName>Transkribus</softwareName>
         </processingSoftware>
      </Processing>
   </Description>
   <Layout>
      <Page ID="Page1" PHYSICAL_IMG_NR="22" HEIGHT="1447" WIDTH="800">
         <TopMargin HEIGHT="0" WIDTH="800" VPOS="0" HPOS="0"/>
         <LeftMargin HEIGHT="1447" WIDTH="0" VPOS="0" HPOS="0"/>
         <RightMargin HEIGHT="1447" WIDTH="0" VPOS="0" HPOS="800"/>
         <BottomMargin HEIGHT="0" WIDTH="800" VPOS="1447" HPOS="0"/>
         <PrintSpace HEIGHT="1447" WIDTH="800" VPOS="0" HPOS="0">
            <TextBlock ID="region_1719318596598_1003"
                       HEIGHT="35"
                       WIDTH="38"
                       VPOS="145"
                       HPOS="187">
               <Shape>
                  <Polygon POINTS="187,145 225,145 225,180 187,180"/>
               </Shape>
            </TextBlock>
            <TextBlock ID="region_1719318599795_1006"
                       HEIGHT="47"
                       WIDTH="173"
                       VPOS="133"
                       HPOS="405">
               <Shape>
                  <Polygon POINTS="405,133 578,133 578,180 405,180"/>
               </Shape>
            </TextBlock>
            <TextBlock ID="region_1719318605001_1009"
                       HEIGHT="94"
                       WIDTH="593"
                       VPOS="199"
                       HPOS="190">
               <Shape>
                  <Polygon POINTS="190,199 783,199 783,293 190,293"/>
               </Shape>
            </TextBlock>
            <TextBlock ID="region_1719318607782_1012"
                       HEIGHT="39"
                       WIDTH="75"
                       VPOS="297"
                       HPOS="709">
               <Shape>
                  <Polygon POINTS="709,297 784,297 784,336 709,336"/>
               </Shape>
            </TextBlock>
            <TextBlock ID="region_1719318586264_997"
                       HEIGHT="808"
                       WIDTH="617"
                       VPOS="345"
                       HPOS="173">
               <Shape>
                  <Polygon POINTS="178,345 790,345 784,1123 732,1129 725,1153 173,1153"/>
               </Shape>
            </TextBlock>
            <TextBlock ID="region_1719318621670_1015"
                       HEIGHT="794"
                       WIDTH="290"
                       VPOS="356"
                       HPOS="184">
               <Shape>
                  <Polygon POINTS="184,356 474,356 474,1150 184,1150"/>
               </Shape>
            </TextBlock>
            <TextBlock ID="region_1719318632013_1018"
                       HEIGHT="786"
                       WIDTH="295"
                       VPOS="358"
                       HPOS="489">
               <Shape>
                  <Polygon POINTS="489,1144 723,1143 725,1122 784,1120 783,358 489,358"/>
               </Shape>
            </TextBlock>
            <TextBlock ID="region_1719318590369_1000"
                       HEIGHT="26"
                       WIDTH="43"
                       VPOS="1139"
                       HPOS="735">
               <Shape>
                  <Polygon POINTS="735,1139 778,1139 778,1165 735,1165"/>
               </Shape>
            </TextBlock>
         </PrintSpace>
      </Page>
   </Layout>
</alto>
