<?xml version="1.0" encoding="UTF-8"?>
<alto xmlns:xsi="http://www.w3.org/2001/XMLSchema-instance"
      xmlns="http://www.loc.gov/standards/alto/ns-v4#"
      xmlns:xs="http://www.w3.org/2001/XMLSchema"
      xmlns:xd="http://www.oxygenxml.com/ns/doc/xsl"
      xmlns:page="http://schema.primaresearch.org/PAGE/gts/pagecontent/2013-07-15"
      xmlns:map="http://www.w3.org/2005/xpath-functions/map"
      xmlns:local="local"
      xsi:schemaLocation="http://www.loc.gov/standards/alto/ns-v4# https://www.loc.gov/standards/alto/v4/alto.xsd">
   <Description>
      <MeasurementUnit>pixel</MeasurementUnit>
      <sourceImageInformation>
         <fileName>1772f.,_Poetische_Werke,_Walthard,_Bd._1,_VD18_90660072_Seite_052_Bild_0001.jpg</fileName>
      </sourceImageInformation>
      <Processing ID="IdOcr">
         <processingDateTime>2024-06-25T17:23:34.698+02:00</processingDateTime>
         <processingSoftware>
            <softwareCreator>READ COOP</softwareCreator>
            <softwareName>Transkribus</softwareName>
         </processingSoftware>
      </Processing>
   </Description>
   <Layout>
      <Page ID="Page1" PHYSICAL_IMG_NR="25" HEIGHT="1447" WIDTH="800">
         <TopMargin HEIGHT="0" WIDTH="800" VPOS="0" HPOS="0"/>
         <LeftMargin HEIGHT="1447" WIDTH="0" VPOS="0" HPOS="0"/>
         <RightMargin HEIGHT="1447" WIDTH="0" VPOS="0" HPOS="800"/>
         <BottomMargin HEIGHT="0" WIDTH="800" VPOS="1447" HPOS="0"/>
         <PrintSpace HEIGHT="1447" WIDTH="800" VPOS="0" HPOS="0">
            <TextBlock ID="region_1719319378925_1146"
                       HEIGHT="29"
                       WIDTH="50"
                       VPOS="166"
                       HPOS="159">
               <Shape>
                  <Polygon POINTS="159,166 209,166 209,195 159,195"/>
               </Shape>
            </TextBlock>
            <TextBlock ID="region_1719319390578_1149"
                       HEIGHT="42"
                       WIDTH="281"
                       VPOS="156"
                       HPOS="322">
               <Shape>
                  <Polygon POINTS="603,198 322,198 322,156 603,156"/>
               </Shape>
            </TextBlock>
            <TextBlock ID="region_1719319403496_1153"
                       HEIGHT="212"
                       WIDTH="594"
                       VPOS="215"
                       HPOS="157">
               <Shape>
                  <Polygon POINTS="157,215 751,215 751,427 157,427"/>
               </Shape>
            </TextBlock>
            <TextBlock ID="region_1719319436408_1160"
                       HEIGHT="143"
                       WIDTH="588"
                       VPOS="508"
                       HPOS="168">
               <Shape>
                  <Polygon POINTS="168,651 756,651 756,508 168,508"/>
               </Shape>
            </TextBlock>
            <TextBlock ID="region_1719319441719_1163"
                       HEIGHT="59"
                       WIDTH="60"
                       VPOS="662"
                       HPOS="167">
               <Shape>
                  <Polygon POINTS="167,662 227,662 227,721 167,721"/>
               </Shape>
            </TextBlock>
            <TextBlock ID="region_1719319447531_1166"
                       HEIGHT="336"
                       WIDTH="511"
                       VPOS="659"
                       HPOS="166">
               <Shape>
                  <Polygon POINTS="166,728 166,995 677,995 677,659 231,659 231,728"/>
               </Shape>
            </TextBlock>
            <TextBlock ID="region_1719319452435_1169"
                       HEIGHT="140"
                       WIDTH="575"
                       VPOS="1009"
                       HPOS="169">
               <Shape>
                  <Polygon POINTS="170,1149 744,1149 743,1009 169,1009"/>
               </Shape>
            </TextBlock>
            <TextBlock ID="region_1719319456375_1172"
                       HEIGHT="27"
                       WIDTH="40"
                       VPOS="1151"
                       HPOS="716">
               <Shape>
                  <Polygon POINTS="716,1178 756,1178 756,1151 716,1151"/>
               </Shape>
            </TextBlock>
            <GraphicalElement ID="Separator_1719319420044_1157"
                              HEIGHT="34"
                              WIDTH="592"
                              VPOS="457"
                              HPOS="159"/>
         </PrintSpace>
      </Page>
   </Layout>
</alto>
