<?xml version="1.0" encoding="UTF-8"?>
<alto xmlns:xsi="http://www.w3.org/2001/XMLSchema-instance"
      xmlns="http://www.loc.gov/standards/alto/ns-v4#"
      xmlns:xs="http://www.w3.org/2001/XMLSchema"
      xmlns:xd="http://www.oxygenxml.com/ns/doc/xsl"
      xmlns:page="http://schema.primaresearch.org/PAGE/gts/pagecontent/2013-07-15"
      xmlns:map="http://www.w3.org/2005/xpath-functions/map"
      xmlns:local="local"
      xsi:schemaLocation="http://www.loc.gov/standards/alto/ns-v4# https://www.loc.gov/standards/alto/v4/alto.xsd">
   <Description>
      <MeasurementUnit>pixel</MeasurementUnit>
      <sourceImageInformation>
         <fileName>1772f.,_Poetische_Werke,_Walthard,_Bd._1,_VD18_90660072_Seite_016_Bild_0001.jpg</fileName>
      </sourceImageInformation>
      <Processing ID="IdOcr">
         <processingDateTime>2024-06-25T17:23:33.888+02:00</processingDateTime>
         <processingSoftware>
            <softwareCreator>READ COOP</softwareCreator>
            <softwareName>Transkribus</softwareName>
         </processingSoftware>
      </Processing>
   </Description>
   <Layout>
      <Page ID="Page1" PHYSICAL_IMG_NR="23" HEIGHT="1447" WIDTH="800">
         <TopMargin HEIGHT="0" WIDTH="800" VPOS="0" HPOS="0"/>
         <LeftMargin HEIGHT="1447" WIDTH="0" VPOS="0" HPOS="0"/>
         <RightMargin HEIGHT="1447" WIDTH="0" VPOS="0" HPOS="800"/>
         <BottomMargin HEIGHT="0" WIDTH="800" VPOS="1447" HPOS="0"/>
         <PrintSpace HEIGHT="1447" WIDTH="800" VPOS="0" HPOS="0">
            <TextBlock ID="region_1719318818471_1052"
                       HEIGHT="29"
                       WIDTH="28"
                       VPOS="139"
                       HPOS="182">
               <Shape>
                  <Polygon POINTS="182,139 210,139 210,168 182,168"/>
               </Shape>
            </TextBlock>
            <TextBlock ID="region_1719318822246_1055"
                       HEIGHT="40"
                       WIDTH="163"
                       VPOS="130"
                       HPOS="395">
               <Shape>
                  <Polygon POINTS="395,130 558,130 558,170 395,170"/>
               </Shape>
            </TextBlock>
            <TextBlock ID="region_1719318829256_1058"
                       HEIGHT="177"
                       WIDTH="600"
                       VPOS="193"
                       HPOS="179">
               <Shape>
                  <Polygon POINTS="179,193 779,193 779,370 179,370"/>
               </Shape>
            </TextBlock>
            <TextBlock ID="region_1719318836352_1061"
                       HEIGHT="214"
                       WIDTH="600"
                       VPOS="392"
                       HPOS="180">
               <Shape>
                  <Polygon POINTS="180,392 780,392 780,606 180,606"/>
               </Shape>
            </TextBlock>
            <TextBlock ID="region_1719318854406_1066"
                       HEIGHT="45"
                       WIDTH="424"
                       VPOS="660"
                       HPOS="233">
               <Shape>
                  <Polygon POINTS="233,660 657,660 657,705 233,705"/>
               </Shape>
            </TextBlock>
            <TextBlock ID="region_1719318933651_1085"
                       HEIGHT="51"
                       WIDTH="163"
                       VPOS="1103"
                       HPOS="605">
               <Shape>
                  <Polygon POINTS="605,1103 768,1103 768,1154 605,1154"/>
               </Shape>
            </TextBlock>
            <Illustration ID="Image_1719318898587_1080"
                          HEIGHT="208"
                          WIDTH="265"
                          VPOS="775"
                          HPOS="331"/>
         </PrintSpace>
      </Page>
   </Layout>
</alto>
