<?xml version="1.0" encoding="UTF-8"?>
<alto xmlns:xsi="http://www.w3.org/2001/XMLSchema-instance"
      xmlns="http://www.loc.gov/standards/alto/ns-v4#"
      xmlns:xs="http://www.w3.org/2001/XMLSchema"
      xmlns:xd="http://www.oxygenxml.com/ns/doc/xsl"
      xmlns:page="http://schema.primaresearch.org/PAGE/gts/pagecontent/2013-07-15"
      xmlns:map="http://www.w3.org/2005/xpath-functions/map"
      xmlns:local="local"
      xsi:schemaLocation="http://www.loc.gov/standards/alto/ns-v4# https://www.loc.gov/standards/alto/v4/alto.xsd">
   <Description>
      <MeasurementUnit>pixel</MeasurementUnit>
      <sourceImageInformation>
         <fileName>1772f.,_Poetische_Werke,_Walthard,_Bd._1,_VD18_90660072_Seite_048_Bild_0001.jpg</fileName>
      </sourceImageInformation>
      <Processing ID="IdOcr">
         <processingDateTime>2024-06-25T17:23:34.347+02:00</processingDateTime>
         <processingSoftware>
            <softwareCreator>READ COOP</softwareCreator>
            <softwareName>Transkribus</softwareName>
         </processingSoftware>
      </Processing>
   </Description>
   <Layout>
      <Page ID="Page1" PHYSICAL_IMG_NR="24" HEIGHT="1447" WIDTH="800">
         <TopMargin HEIGHT="0" WIDTH="800" VPOS="0" HPOS="0"/>
         <LeftMargin HEIGHT="1447" WIDTH="0" VPOS="0" HPOS="0"/>
         <RightMargin HEIGHT="1447" WIDTH="0" VPOS="0" HPOS="800"/>
         <BottomMargin HEIGHT="0" WIDTH="800" VPOS="1447" HPOS="0"/>
         <PrintSpace HEIGHT="1447" WIDTH="800" VPOS="0" HPOS="0">
            <TextBlock ID="region_1719319251980_1111"
                       HEIGHT="35"
                       WIDTH="54"
                       VPOS="147"
                       HPOS="147">
               <Shape>
                  <Polygon POINTS="147,147 201,147 201,182 147,182"/>
               </Shape>
            </TextBlock>
            <TextBlock ID="region_1719319257107_1114"
                       HEIGHT="42"
                       WIDTH="280"
                       VPOS="136"
                       HPOS="308">
               <Shape>
                  <Polygon POINTS="588,178 308,178 308,136 588,136"/>
               </Shape>
            </TextBlock>
            <TextBlock ID="region_1719319270759_1118"
                       HEIGHT="273"
                       WIDTH="608"
                       VPOS="197"
                       HPOS="146">
               <Shape>
                  <Polygon POINTS="146,197 754,197 754,470 146,470"/>
               </Shape>
            </TextBlock>
            <TextBlock ID="region_1719319281949_1121"
                       HEIGHT="345"
                       WIDTH="616"
                       VPOS="515"
                       HPOS="147">
               <Shape>
                  <Polygon POINTS="147,515 763,515 763,860 147,860"/>
               </Shape>
            </TextBlock>
            <TextBlock ID="region_1719319288456_1124"
                       HEIGHT="101"
                       WIDTH="403"
                       VPOS="901"
                       HPOS="250">
               <Shape>
                  <Polygon POINTS="250,901 653,901 653,1002 250,1002"/>
               </Shape>
            </TextBlock>
            <TextBlock ID="region_1719319296285_1127"
                       HEIGHT="138"
                       WIDTH="519"
                       VPOS="1025"
                       HPOS="246">
               <Shape>
                  <Polygon POINTS="246,1025 765,1025 765,1163 246,1163"/>
               </Shape>
            </TextBlock>
         </PrintSpace>
      </Page>
   </Layout>
</alto>
