<?xml version="1.0" encoding="UTF-8"?>
<alto xmlns:xsi="http://www.w3.org/2001/XMLSchema-instance"
      xmlns="http://www.loc.gov/standards/alto/ns-v4#"
      xmlns:xs="http://www.w3.org/2001/XMLSchema"
      xmlns:xd="http://www.oxygenxml.com/ns/doc/xsl"
      xmlns:page="http://schema.primaresearch.org/PAGE/gts/pagecontent/2013-07-15"
      xmlns:map="http://www.w3.org/2005/xpath-functions/map"
      xmlns:local="local"
      xsi:schemaLocation="http://www.loc.gov/standards/alto/ns-v4# https://www.loc.gov/standards/alto/v4/alto.xsd">
   <Description>
      <MeasurementUnit>pixel</MeasurementUnit>
      <sourceImageInformation>
         <fileName>1772f.,_Poetische_Werke,_Walthard,_Bd._1,_VD18_90660072_Seite_068_Bild_0001.jpg</fileName>
      </sourceImageInformation>
      <Processing ID="IdOcr">
         <processingDateTime>2024-06-25T17:23:35.139+02:00</processingDateTime>
         <processingSoftware>
            <softwareCreator>READ COOP</softwareCreator>
            <softwareName>Transkribus</softwareName>
         </processingSoftware>
      </Processing>
   </Description>
   <Layout>
      <Page ID="Page1" PHYSICAL_IMG_NR="26" HEIGHT="1447" WIDTH="800">
         <TopMargin HEIGHT="0" WIDTH="800" VPOS="0" HPOS="0"/>
         <LeftMargin HEIGHT="1447" WIDTH="0" VPOS="0" HPOS="0"/>
         <RightMargin HEIGHT="1447" WIDTH="0" VPOS="0" HPOS="800"/>
         <BottomMargin HEIGHT="0" WIDTH="800" VPOS="1447" HPOS="0"/>
         <PrintSpace HEIGHT="1447" WIDTH="800" VPOS="0" HPOS="0">
            <TextBlock ID="region_1719319868996_1291"
                       HEIGHT="42"
                       WIDTH="47"
                       VPOS="112"
                       HPOS="187">
               <Shape>
                  <Polygon POINTS="187,112 234,112 234,154 187,154"/>
               </Shape>
            </TextBlock>
            <TextBlock ID="region_1719319872530_1294"
                       HEIGHT="37"
                       WIDTH="269"
                       VPOS="115"
                       HPOS="351">
               <Shape>
                  <Polygon POINTS="351,115 620,115 620,152 351,152"/>
               </Shape>
            </TextBlock>
            <TextBlock ID="region_1719319876247_1297"
                       HEIGHT="40"
                       WIDTH="280"
                       VPOS="245"
                       HPOS="347">
               <Shape>
                  <Polygon POINTS="347,245 627,245 627,285 347,285"/>
               </Shape>
            </TextBlock>
            <TextBlock ID="region_1719319884242_1300"
                       HEIGHT="36"
                       WIDTH="32"
                       VPOS="306"
                       HPOS="244">
               <Shape>
                  <Polygon POINTS="244,306 276,306 276,342 244,342"/>
               </Shape>
            </TextBlock>
            <TextBlock ID="region_1719319909356_1303"
                       HEIGHT="329"
                       WIDTH="576"
                       VPOS="308"
                       HPOS="194">
               <Shape>
                  <Polygon POINTS="770,308 278,309 278,344 238,344 237,346 194,345 195,637 770,637"/>
               </Shape>
            </TextBlock>
            <TextBlock ID="region_1719319914522_1306"
                       HEIGHT="98"
                       WIDTH="584"
                       VPOS="660"
                       HPOS="190">
               <Shape>
                  <Polygon POINTS="190,758 774,758 774,660 190,660"/>
               </Shape>
            </TextBlock>
            <TextBlock ID="region_1719319919108_1309"
                       HEIGHT="28"
                       WIDTH="53"
                       VPOS="761"
                       HPOS="717">
               <Shape>
                  <Polygon POINTS="770,789 717,789 717,761 770,761"/>
               </Shape>
            </TextBlock>
            <TextBlock ID="region_1719319927693_1312"
                       HEIGHT="311"
                       WIDTH="588"
                       VPOS="803"
                       HPOS="183">
               <Shape>
                  <Polygon POINTS="183,803 771,803 771,1114 183,1114"/>
               </Shape>
            </TextBlock>
            <TextBlock ID="region_1719319959220_1318"
                       HEIGHT="304"
                       WIDTH="289"
                       VPOS="806"
                       HPOS="186">
               <Shape>
                  <Polygon POINTS="186,806 475,806 475,1110 186,1110"/>
               </Shape>
            </TextBlock>
            <TextBlock ID="region_1719319965188_1321"
                       HEIGHT="307"
                       WIDTH="282"
                       VPOS="804"
                       HPOS="486">
               <Shape>
                  <Polygon POINTS="486,804 768,804 768,1111 486,1111"/>
               </Shape>
            </TextBlock>
            <TextBlock ID="region_1719319936692_1315"
                       HEIGHT="18"
                       WIDTH="36"
                       VPOS="1116"
                       HPOS="733">
               <Shape>
                  <Polygon POINTS="733,1134 769,1134 769,1116 733,1116"/>
               </Shape>
            </TextBlock>
            <GraphicalElement ID="Separator_1719319995849_1329"
                              HEIGHT="25"
                              WIDTH="569"
                              VPOS="188"
                              HPOS="189"/>
         </PrintSpace>
      </Page>
   </Layout>
</alto>
