<?xml version="1.0" encoding="UTF-8"?>
<alto xmlns:xsi="http://www.w3.org/2001/XMLSchema-instance"
      xmlns="http://www.loc.gov/standards/alto/ns-v4#"
      xmlns:xs="http://www.w3.org/2001/XMLSchema"
      xmlns:xd="http://www.oxygenxml.com/ns/doc/xsl"
      xmlns:page="http://schema.primaresearch.org/PAGE/gts/pagecontent/2013-07-15"
      xmlns:map="http://www.w3.org/2005/xpath-functions/map"
      xmlns:local="local"
      xsi:schemaLocation="http://www.loc.gov/standards/alto/ns-v4# https://www.loc.gov/standards/alto/v4/alto.xsd">
   <Description>
      <MeasurementUnit>pixel</MeasurementUnit>
      <sourceImageInformation>
         <fileName>1772f.,_Poetische_Werke,_Walthard,_Bd._1,_VD18_90660072_Seite_122_Bild_0001.jpg</fileName>
      </sourceImageInformation>
      <Processing ID="IdOcr">
         <processingDateTime>2024-06-25T17:23:35.616+02:00</processingDateTime>
         <processingSoftware>
            <softwareCreator>READ COOP</softwareCreator>
            <softwareName>Transkribus</softwareName>
         </processingSoftware>
      </Processing>
   </Description>
   <Layout>
      <Page ID="Page1" PHYSICAL_IMG_NR="27" HEIGHT="1447" WIDTH="800">
         <TopMargin HEIGHT="0" WIDTH="800" VPOS="0" HPOS="0"/>
         <LeftMargin HEIGHT="1447" WIDTH="0" VPOS="0" HPOS="0"/>
         <RightMargin HEIGHT="1447" WIDTH="0" VPOS="0" HPOS="800"/>
         <BottomMargin HEIGHT="0" WIDTH="800" VPOS="1447" HPOS="0"/>
         <PrintSpace HEIGHT="1447" WIDTH="800" VPOS="0" HPOS="0">
            <TextBlock ID="region_1719320200476_1374"
                       HEIGHT="31"
                       WIDTH="56"
                       VPOS="148"
                       HPOS="172">
               <Shape>
                  <Polygon POINTS="172,148 228,148 228,179 172,179"/>
               </Shape>
            </TextBlock>
            <TextBlock ID="region_1719320205054_1377"
                       HEIGHT="39"
                       WIDTH="281"
                       VPOS="137"
                       HPOS="316">
               <Shape>
                  <Polygon POINTS="316,176 597,176 597,137 316,137"/>
               </Shape>
            </TextBlock>
            <TextBlock ID="region_1719320211176_1380"
                       HEIGHT="93"
                       WIDTH="588"
                       VPOS="199"
                       HPOS="165">
               <Shape>
                  <Polygon POINTS="165,199 753,199 753,292 165,292"/>
               </Shape>
            </TextBlock>
            <TextBlock ID="region_1719320216256_1383"
                       HEIGHT="168"
                       WIDTH="592"
                       VPOS="325"
                       HPOS="165">
               <Shape>
                  <Polygon POINTS="165,325 757,325 757,493 165,493"/>
               </Shape>
            </TextBlock>
            <TextBlock ID="region_1719320221268_1386"
                       HEIGHT="139"
                       WIDTH="593"
                       VPOS="522"
                       HPOS="163">
               <Shape>
                  <Polygon POINTS="163,522 756,522 756,661 163,661"/>
               </Shape>
            </TextBlock>
            <TextBlock ID="region_1719320228685_1389"
                       HEIGHT="265"
                       WIDTH="585"
                       VPOS="698"
                       HPOS="162">
               <Shape>
                  <Polygon POINTS="162,698 747,698 747,963 162,963"/>
               </Shape>
            </TextBlock>
            <TextBlock ID="region_1719320232847_1392"
                       HEIGHT="30"
                       WIDTH="62"
                       VPOS="965"
                       HPOS="683">
               <Shape>
                  <Polygon POINTS="683,965 745,965 745,995 683,995"/>
               </Shape>
            </TextBlock>
            <TextBlock ID="region_1719320239327_1395"
                       HEIGHT="164"
                       WIDTH="596"
                       VPOS="1007"
                       HPOS="156">
               <Shape>
                  <Polygon POINTS="156,1007 752,1007 752,1171 156,1171"/>
               </Shape>
            </TextBlock>
            <TextBlock ID="region_1719320252789_1398"
                       HEIGHT="144"
                       WIDTH="283"
                       VPOS="1016"
                       HPOS="166">
               <Shape>
                  <Polygon POINTS="166,1016 449,1016 449,1160 166,1160"/>
               </Shape>
            </TextBlock>
            <TextBlock ID="region_1719320258882_1401"
                       HEIGHT="113"
                       WIDTH="286"
                       VPOS="1020"
                       HPOS="461">
               <Shape>
                  <Polygon POINTS="461,1020 747,1020 747,1133 461,1133"/>
               </Shape>
            </TextBlock>
         </PrintSpace>
      </Page>
   </Layout>
</alto>
