<?xml version="1.0" encoding="UTF-8"?>
<alto xmlns:xsi="http://www.w3.org/2001/XMLSchema-instance"
      xmlns="http://www.loc.gov/standards/alto/ns-v4#"
      xmlns:xs="http://www.w3.org/2001/XMLSchema"
      xmlns:xd="http://www.oxygenxml.com/ns/doc/xsl"
      xmlns:page="http://schema.primaresearch.org/PAGE/gts/pagecontent/2013-07-15"
      xmlns:map="http://www.w3.org/2005/xpath-functions/map"
      xmlns:local="local"
      xsi:schemaLocation="http://www.loc.gov/standards/alto/ns-v4# https://www.loc.gov/standards/alto/v4/alto.xsd">
   <Description>
      <MeasurementUnit>pixel</MeasurementUnit>
      <sourceImageInformation>
         <fileName>1772f.,_Poetische_Werke,_Walthard,_Bd._1,_VD18_90660072_Seite_178_Bild_0001.jpg</fileName>
      </sourceImageInformation>
      <Processing ID="IdOcr">
         <processingDateTime>2024-06-25T17:23:35.791+02:00</processingDateTime>
         <processingSoftware>
            <softwareCreator>READ COOP</softwareCreator>
            <softwareName>Transkribus</softwareName>
         </processingSoftware>
      </Processing>
   </Description>
   <Layout>
      <Page ID="Page1" PHYSICAL_IMG_NR="28" HEIGHT="1447" WIDTH="800">
         <TopMargin HEIGHT="0" WIDTH="800" VPOS="0" HPOS="0"/>
         <LeftMargin HEIGHT="1447" WIDTH="0" VPOS="0" HPOS="0"/>
         <RightMargin HEIGHT="1447" WIDTH="0" VPOS="0" HPOS="800"/>
         <BottomMargin HEIGHT="0" WIDTH="800" VPOS="1447" HPOS="0"/>
         <PrintSpace HEIGHT="1447" WIDTH="800" VPOS="0" HPOS="0">
            <TextBlock ID="region_1719320365917_1426"
                       HEIGHT="39"
                       WIDTH="62"
                       VPOS="130"
                       HPOS="188">
               <Shape>
                  <Polygon POINTS="188,130 250,130 250,169 188,169"/>
               </Shape>
            </TextBlock>
            <TextBlock ID="region_1719320369529_1429"
                       HEIGHT="49"
                       WIDTH="274"
                       VPOS="122"
                       HPOS="352">
               <Shape>
                  <Polygon POINTS="352,171 626,171 626,122 352,122"/>
               </Shape>
            </TextBlock>
            <TextBlock ID="region_1719320373864_1432"
                       HEIGHT="268"
                       WIDTH="594"
                       VPOS="184"
                       HPOS="186">
               <Shape>
                  <Polygon POINTS="186,184 780,184 780,452 186,452"/>
               </Shape>
            </TextBlock>
            <TextBlock ID="region_1719320380692_1435"
                       HEIGHT="277"
                       WIDTH="592"
                       VPOS="509"
                       HPOS="187">
               <Shape>
                  <Polygon POINTS="187,509 779,509 779,786 187,786"/>
               </Shape>
            </TextBlock>
            <TextBlock ID="region_1719320405443_1441"
                       HEIGHT="39"
                       WIDTH="51"
                       VPOS="804"
                       HPOS="737">
               <Shape>
                  <Polygon POINTS="737,804 788,804 788,843 737,843"/>
               </Shape>
            </TextBlock>
            <TextBlock ID="region_1719320401204_1438"
                       HEIGHT="238"
                       WIDTH="591"
                       VPOS="870"
                       HPOS="193">
               <Shape>
                  <Polygon POINTS="193,870 784,870 784,1108 193,1108"/>
               </Shape>
            </TextBlock>
            <TextBlock ID="region_1719320410290_1444"
                       HEIGHT="25"
                       WIDTH="115"
                       VPOS="1110"
                       HPOS="666">
               <Shape>
                  <Polygon POINTS="666,1135 781,1135 781,1110 666,1110"/>
               </Shape>
            </TextBlock>
         </PrintSpace>
      </Page>
   </Layout>
</alto>
