<?xml version="1.0" encoding="UTF-8"?>
<alto xmlns:xsi="http://www.w3.org/2001/XMLSchema-instance"
      xmlns="http://www.loc.gov/standards/alto/ns-v4#"
      xsi:schemaLocation="http://www.loc.gov/standards/alto/ns-v4# http://www.loc.gov/standards/alto/v4/alto-4-2.xsd">
  <Description>
    <MeasurementUnit>pixel</MeasurementUnit>
    <sourceImageInformation>
      <fileName>1793,_Saemmtliche_Poetische_Werke,_Schraembl,_Bd._3,_VD18_90245903_Seite_139_Bild_0001.jpg</fileName>
      <fileIdentifier>mets//SchraemblZeilenUnb.zip/1793,_Saemmtliche_Poetische_Werke,_Schraembl,_Bd._3,_VD18_90245903_Seite_139_Bild_0001.jpg</fileIdentifier>
    </sourceImageInformation>
  </Description>
  <Tags>
    <OtherTag ID="BT1" LABEL="Title" DESCRIPTION="block type Title"/><OtherTag ID="BT2" LABEL="Main" DESCRIPTION="block type Main"/><OtherTag ID="BT3" LABEL="Commentary" DESCRIPTION="block type Commentary"/><OtherTag ID="BT4" LABEL="Illustration" DESCRIPTION="block type Illustration"/><OtherTag ID="BT3755" LABEL="header" DESCRIPTION="block type header"/><OtherTag ID="BT3756" LABEL="paragraph" DESCRIPTION="block type paragraph"/><OtherTag ID="BT3757" LABEL="heading" DESCRIPTION="block type heading"/><OtherTag ID="BT3758" LABEL="footnote" DESCRIPTION="block type footnote"/><OtherTag ID="BT3759" LABEL="l-column" DESCRIPTION="block type l-column"/><OtherTag ID="BT3760" LABEL="r-column" DESCRIPTION="block type r-column"/><OtherTag ID="BT3761" LABEL="marginalia" DESCRIPTION="block type marginalia"/><OtherTag ID="BT4125" LABEL="drop-capital" DESCRIPTION="block type drop-capital"/><OtherTag ID="BT4126" LABEL="catch-word" DESCRIPTION="block type catch-word"/><OtherTag ID="BT4127" LABEL="page-number" DESCRIPTION="block type page-number"/><OtherTag ID="BT4128" LABEL="signature-mark" DESCRIPTION="block type signature-mark"/><OtherTag ID="BT4129" LABEL="poem_lg" DESCRIPTION="block type poem_lg"/><OtherTag ID="BT4130" LABEL="endnote" DESCRIPTION="block type endnote"/>
  </Tags>
  <Layout>
    <Page WIDTH="1076"
          HEIGHT="1900"
          PHYSICAL_IMG_NR="110"
          ID="eSc_dummypage_">
      <PrintSpace HPOS="0"
                  VPOS="0"
                  WIDTH="1076"
                  HEIGHT="1900">
        <TextBlock HPOS="296"
                   VPOS="195"
                   WIDTH="80"
                   HEIGHT="39"
                   ID="region_1718558658445_344"
                   TAGREFS="BT3756">
          <Shape><Polygon POINTS="296 234 376 234 376 195 296 195"/></Shape>
          <TextLine ID="eSc_line_02bf579b"
                    BASELINE="308 226 368 227" 
                    HPOS="308"
                    VPOS="226"
                    WIDTH="60"
                    HEIGHT="1">
	    <String CONTENT=""
                    HPOS="308"
                    VPOS="226"
                    WIDTH="60"
                    HEIGHT="1"></String>
          </TextLine>
        </TextBlock>
        <TextBlock HPOS="293"
                   VPOS="281"
                   WIDTH="694"
                   HEIGHT="829"
                   ID="region_1718558711622_351"
                   TAGREFS="BT3756">
          <Shape><Polygon POINTS="293 281 987 281 987 1110 293 1110"/></Shape>
          <TextLine ID="eSc_line_1d74789d"
                    BASELINE="332 313 980 320" 
                    HPOS="332"
                    VPOS="313"
                    WIDTH="648"
                    HEIGHT="7">
	    <String CONTENT=""
                    HPOS="332"
                    VPOS="313"
                    WIDTH="648"
                    HEIGHT="7"></String>
          </TextLine>
          <TextLine ID="eSc_line_b79af288"
                    BASELINE="304 360 984 368" 
                    HPOS="304"
                    VPOS="360"
                    WIDTH="680"
                    HEIGHT="8">
	    <String CONTENT=""
                    HPOS="304"
                    VPOS="360"
                    WIDTH="680"
                    HEIGHT="8"></String>
          </TextLine>
          <TextLine ID="eSc_line_51e51058"
                    BASELINE="296 405 981 413" 
                    HPOS="296"
                    VPOS="405"
                    WIDTH="685"
                    HEIGHT="8">
	    <String CONTENT=""
                    HPOS="296"
                    VPOS="405"
                    WIDTH="685"
                    HEIGHT="8"></String>
          </TextLine>
          <TextLine ID="eSc_line_ae2edfed"
                    BASELINE="303 495 977 504" 
                    HPOS="303"
                    VPOS="495"
                    WIDTH="674"
                    HEIGHT="9">
	    <String CONTENT=""
                    HPOS="303"
                    VPOS="495"
                    WIDTH="674"
                    HEIGHT="9"></String>
          </TextLine>
          <TextLine ID="eSc_line_e6b4a944"
                    BASELINE="580 459 704 456" 
                    HPOS="580"
                    VPOS="456"
                    WIDTH="124"
                    HEIGHT="3">
	    <String CONTENT=""
                    HPOS="580"
                    VPOS="456"
                    WIDTH="124"
                    HEIGHT="3"></String>
          </TextLine>
          <TextLine ID="eSc_line_bad1e4ee"
                    BASELINE="304 541 974 547" 
                    HPOS="304"
                    VPOS="541"
                    WIDTH="670"
                    HEIGHT="6">
	    <String CONTENT=""
                    HPOS="304"
                    VPOS="541"
                    WIDTH="670"
                    HEIGHT="6"></String>
          </TextLine>
          <TextLine ID="eSc_line_70baf1a5"
                    BASELINE="299 636 954 640" 
                    HPOS="299"
                    VPOS="636"
                    WIDTH="655"
                    HEIGHT="4">
	    <String CONTENT=""
                    HPOS="299"
                    VPOS="636"
                    WIDTH="655"
                    HEIGHT="4"></String>
          </TextLine>
          <TextLine ID="eSc_line_3ecd5433"
                    BASELINE="589 590 679 589" 
                    HPOS="589"
                    VPOS="589"
                    WIDTH="90"
                    HEIGHT="1">
	    <String CONTENT=""
                    HPOS="589"
                    VPOS="589"
                    WIDTH="90"
                    HEIGHT="1"></String>
          </TextLine>
          <TextLine ID="eSc_line_0bcf7b71"
                    BASELINE="301 683 981 688" 
                    HPOS="301"
                    VPOS="683"
                    WIDTH="680"
                    HEIGHT="5">
	    <String CONTENT=""
                    HPOS="301"
                    VPOS="683"
                    WIDTH="680"
                    HEIGHT="5"></String>
          </TextLine>
          <TextLine ID="eSc_line_3914a6ec"
                    BASELINE="299 775 978 780" 
                    HPOS="299"
                    VPOS="775"
                    WIDTH="679"
                    HEIGHT="5">
	    <String CONTENT=""
                    HPOS="299"
                    VPOS="775"
                    WIDTH="679"
                    HEIGHT="5"></String>
          </TextLine>
          <TextLine ID="eSc_line_0d14c534"
                    BASELINE="580 730 646 733" 
                    HPOS="580"
                    VPOS="730"
                    WIDTH="66"
                    HEIGHT="3">
	    <String CONTENT=""
                    HPOS="580"
                    VPOS="730"
                    WIDTH="66"
                    HEIGHT="3"></String>
          </TextLine>
          <TextLine ID="eSc_line_ea30c2d5"
                    BASELINE="300 869 978 878" 
                    HPOS="300"
                    VPOS="869"
                    WIDTH="678"
                    HEIGHT="9">
	    <String CONTENT=""
                    HPOS="300"
                    VPOS="869"
                    WIDTH="678"
                    HEIGHT="9"></String>
          </TextLine>
          <TextLine ID="eSc_line_afdc559a"
                    BASELINE="584 825 696 821" 
                    HPOS="584"
                    VPOS="821"
                    WIDTH="112"
                    HEIGHT="4">
	    <String CONTENT=""
                    HPOS="584"
                    VPOS="821"
                    WIDTH="112"
                    HEIGHT="4"></String>
          </TextLine>
          <TextLine ID="eSc_line_ad438c5d"
                    BASELINE="299 913 974 922" 
                    HPOS="299"
                    VPOS="913"
                    WIDTH="675"
                    HEIGHT="9">
	    <String CONTENT=""
                    HPOS="299"
                    VPOS="913"
                    WIDTH="675"
                    HEIGHT="9"></String>
          </TextLine>
          <TextLine ID="eSc_line_3dde374c"
                    BASELINE="297 1006 974 1015" 
                    HPOS="297"
                    VPOS="1006"
                    WIDTH="677"
                    HEIGHT="9">
	    <String CONTENT=""
                    HPOS="297"
                    VPOS="1006"
                    WIDTH="677"
                    HEIGHT="9"></String>
          </TextLine>
          <TextLine ID="eSc_line_04287cc5"
                    BASELINE="580 962 715 962" 
                    HPOS="580"
                    VPOS="962"
                    WIDTH="135"
                    HEIGHT="0">
	    <String CONTENT=""
                    HPOS="580"
                    VPOS="962"
                    WIDTH="135"
                    HEIGHT="0"></String>
          </TextLine>
          <TextLine ID="eSc_line_e79f7c41"
                    BASELINE="300 1049 975 1053" 
                    HPOS="300"
                    VPOS="1049"
                    WIDTH="675"
                    HEIGHT="4">
	    <String CONTENT=""
                    HPOS="300"
                    VPOS="1049"
                    WIDTH="675"
                    HEIGHT="4"></String>
          </TextLine>
          <TextLine ID="eSc_line_685606c9"
                    BASELINE="577 1096 713 1099" 
                    HPOS="577"
                    VPOS="1096"
                    WIDTH="136"
                    HEIGHT="3">
	    <String CONTENT=""
                    HPOS="577"
                    VPOS="1096"
                    WIDTH="136"
                    HEIGHT="3"></String>
          </TextLine>
        </TextBlock>
        <TextBlock HPOS="279"
                   VPOS="1151"
                   WIDTH="717"
                   HEIGHT="376"
                   ID="region_1718558725727_357"
                   TAGREFS="BT3756">
          <Shape><Polygon POINTS="283 1527 996 1525 992 1155 786 1154 619 1157 504 1154 279 1151"/></Shape>
          <TextLine ID="eSc_line_1a331d26"
                    BASELINE="322 1192 982 1198" 
                    HPOS="322"
                    VPOS="1192"
                    WIDTH="660"
                    HEIGHT="6">
	    <String CONTENT=""
                    HPOS="322"
                    VPOS="1192"
                    WIDTH="660"
                    HEIGHT="6"></String>
          </TextLine>
          <TextLine ID="eSc_line_f70f2001"
                    BASELINE="579 1238 718 1241" 
                    HPOS="579"
                    VPOS="1238"
                    WIDTH="139"
                    HEIGHT="3">
	    <String CONTENT=""
                    HPOS="579"
                    VPOS="1238"
                    WIDTH="139"
                    HEIGHT="3"></String>
          </TextLine>
          <TextLine ID="eSc_line_b9082280"
                    BASELINE="296 1286 971 1290" 
                    HPOS="296"
                    VPOS="1286"
                    WIDTH="675"
                    HEIGHT="4">
	    <String CONTENT=""
                    HPOS="296"
                    VPOS="1286"
                    WIDTH="675"
                    HEIGHT="4"></String>
          </TextLine>
          <TextLine ID="eSc_line_13753bea"
                    BASELINE="580 1332 681 1332" 
                    HPOS="580"
                    VPOS="1332"
                    WIDTH="101"
                    HEIGHT="0">
	    <String CONTENT=""
                    HPOS="580"
                    VPOS="1332"
                    WIDTH="101"
                    HEIGHT="0"></String>
          </TextLine>
          <TextLine ID="eSc_line_dce3c002"
                    BASELINE="292 1371 974 1381" 
                    HPOS="292"
                    VPOS="1371"
                    WIDTH="682"
                    HEIGHT="10">
	    <String CONTENT=""
                    HPOS="292"
                    VPOS="1371"
                    WIDTH="682"
                    HEIGHT="10"></String>
          </TextLine>
          <TextLine ID="eSc_line_6ab9f280"
                    BASELINE="573 1421 703 1425" 
                    HPOS="573"
                    VPOS="1421"
                    WIDTH="130"
                    HEIGHT="4">
	    <String CONTENT=""
                    HPOS="573"
                    VPOS="1421"
                    WIDTH="130"
                    HEIGHT="4"></String>
          </TextLine>
          <TextLine ID="eSc_line_0292284f"
                    BASELINE="289 1470 972 1471" 
                    HPOS="289"
                    VPOS="1470"
                    WIDTH="683"
                    HEIGHT="1">
	    <String CONTENT=""
                    HPOS="289"
                    VPOS="1470"
                    WIDTH="683"
                    HEIGHT="1"></String>
          </TextLine>
          <TextLine ID="eSc_line_ca7117e9"
                    BASELINE="575 1518 713 1514" 
                    HPOS="575"
                    VPOS="1514"
                    WIDTH="138"
                    HEIGHT="4">
	    <String CONTENT=""
                    HPOS="575"
                    VPOS="1514"
                    WIDTH="138"
                    HEIGHT="4"></String>
          </TextLine>
        </TextBlock>
        <TextBlock HPOS="521"
                   VPOS="1121"
                   WIDTH="222"
                   HEIGHT="27"
                   ID="region_1718558718198_354"
                   TAGREFS="BT3757">
          <Shape><Polygon POINTS="521 1148 743 1148 743 1121 521 1121"/></Shape>
          <TextLine ID="eSc_line_95a3366a"
                    BASELINE="537 1143 735 1143" 
                    HPOS="537"
                    VPOS="1143"
                    WIDTH="198"
                    HEIGHT="0">
	    <String CONTENT=""
                    HPOS="537"
                    VPOS="1143"
                    WIDTH="198"
                    HEIGHT="0"></String>
          </TextLine>
        </TextBlock>
      </PrintSpace>
    </Page>
  </Layout>
</alto>
