<?xml version="1.0" encoding="UTF-8"?>
<alto xmlns:xsi="http://www.w3.org/2001/XMLSchema-instance"
      xmlns="http://www.loc.gov/standards/alto/ns-v4#"
      xsi:schemaLocation="http://www.loc.gov/standards/alto/ns-v4# http://www.loc.gov/standards/alto/v4/alto-4-2.xsd">
  <Description>
    <MeasurementUnit>pixel</MeasurementUnit>
    <sourceImageInformation>
      <fileName>1793,_Saemmtliche_Poetische_Werke,_Schraembl,_Bd._3,_VD18_90245903_Seite_322_Bild_0001.jpg</fileName>
      <fileIdentifier>mets//SchraemblZeilenUnb.zip/1793,_Saemmtliche_Poetische_Werke,_Schraembl,_Bd._3,_VD18_90245903_Seite_322_Bild_0001.jpg</fileIdentifier>
    </sourceImageInformation>
  </Description>
  <Tags>
    <OtherTag ID="BT1" LABEL="Title" DESCRIPTION="block type Title"/><OtherTag ID="BT2" LABEL="Main" DESCRIPTION="block type Main"/><OtherTag ID="BT3" LABEL="Commentary" DESCRIPTION="block type Commentary"/><OtherTag ID="BT4" LABEL="Illustration" DESCRIPTION="block type Illustration"/><OtherTag ID="BT3755" LABEL="header" DESCRIPTION="block type header"/><OtherTag ID="BT3756" LABEL="paragraph" DESCRIPTION="block type paragraph"/><OtherTag ID="BT3757" LABEL="heading" DESCRIPTION="block type heading"/><OtherTag ID="BT3758" LABEL="footnote" DESCRIPTION="block type footnote"/><OtherTag ID="BT3759" LABEL="l-column" DESCRIPTION="block type l-column"/><OtherTag ID="BT3760" LABEL="r-column" DESCRIPTION="block type r-column"/><OtherTag ID="BT3761" LABEL="marginalia" DESCRIPTION="block type marginalia"/><OtherTag ID="BT4125" LABEL="drop-capital" DESCRIPTION="block type drop-capital"/><OtherTag ID="BT4126" LABEL="catch-word" DESCRIPTION="block type catch-word"/><OtherTag ID="BT4127" LABEL="page-number" DESCRIPTION="block type page-number"/><OtherTag ID="BT4128" LABEL="signature-mark" DESCRIPTION="block type signature-mark"/><OtherTag ID="BT4129" LABEL="poem_lg" DESCRIPTION="block type poem_lg"/><OtherTag ID="BT4130" LABEL="endnote" DESCRIPTION="block type endnote"/>
  </Tags>
  <Layout>
    <Page WIDTH="1089"
          HEIGHT="1894"
          PHYSICAL_IMG_NR="116"
          ID="eSc_dummypage_">
      <PrintSpace HPOS="0"
                  VPOS="0"
                  WIDTH="1089"
                  HEIGHT="1894">
        <TextBlock HPOS="122"
                   VPOS="284"
                   WIDTH="707"
                   HEIGHT="956"
                   ID="region_1720112395409_126"
                   TAGREFS="BT3756">
          <Shape><Polygon POINTS="123 1236 399 1234 420 1239 444 1239 463 1235 661 1233 666 1238 677 1240 692 1238 703 1234 829 1233 822 285 122 284"/></Shape>
          <TextLine ID="eSc_line_8e868811"
                    BASELINE="129 318 805 319" 
                    HPOS="129"
                    VPOS="318"
                    WIDTH="676"
                    HEIGHT="1">
	    <String CONTENT=""
                    HPOS="129"
                    VPOS="318"
                    WIDTH="676"
                    HEIGHT="1"></String>
          </TextLine>
          <TextLine ID="eSc_line_d39424b3"
                    BASELINE="132 362 801 364" 
                    HPOS="132"
                    VPOS="362"
                    WIDTH="669"
                    HEIGHT="2">
	    <String CONTENT=""
                    HPOS="132"
                    VPOS="362"
                    WIDTH="669"
                    HEIGHT="2"></String>
          </TextLine>
          <TextLine ID="eSc_line_8710ca78"
                    BASELINE="128 408 813 408" 
                    HPOS="128"
                    VPOS="408"
                    WIDTH="685"
                    HEIGHT="0">
	    <String CONTENT=""
                    HPOS="128"
                    VPOS="408"
                    WIDTH="685"
                    HEIGHT="0"></String>
          </TextLine>
          <TextLine ID="eSc_line_82900679"
                    BASELINE="132 456 802 452" 
                    HPOS="132"
                    VPOS="452"
                    WIDTH="670"
                    HEIGHT="4">
	    <String CONTENT=""
                    HPOS="132"
                    VPOS="452"
                    WIDTH="670"
                    HEIGHT="4"></String>
          </TextLine>
          <TextLine ID="eSc_line_12e02c2d"
                    BASELINE="129 502 810 499" 
                    HPOS="129"
                    VPOS="499"
                    WIDTH="681"
                    HEIGHT="3">
	    <String CONTENT=""
                    HPOS="129"
                    VPOS="499"
                    WIDTH="681"
                    HEIGHT="3"></String>
          </TextLine>
          <TextLine ID="eSc_line_9a3eee10"
                    BASELINE="128 542 815 543" 
                    HPOS="128"
                    VPOS="542"
                    WIDTH="687"
                    HEIGHT="1">
	    <String CONTENT=""
                    HPOS="128"
                    VPOS="542"
                    WIDTH="687"
                    HEIGHT="1"></String>
          </TextLine>
          <TextLine ID="eSc_line_cacbc507"
                    BASELINE="130 592 812 591" 
                    HPOS="130"
                    VPOS="591"
                    WIDTH="682"
                    HEIGHT="1">
	    <String CONTENT=""
                    HPOS="130"
                    VPOS="591"
                    WIDTH="682"
                    HEIGHT="1"></String>
          </TextLine>
          <TextLine ID="eSc_line_d6d435f0"
                    BASELINE="127 636 805 635" 
                    HPOS="127"
                    VPOS="635"
                    WIDTH="678"
                    HEIGHT="1">
	    <String CONTENT=""
                    HPOS="127"
                    VPOS="635"
                    WIDTH="678"
                    HEIGHT="1"></String>
          </TextLine>
          <TextLine ID="eSc_line_9548fa2c"
                    BASELINE="128 683 804 684" 
                    HPOS="128"
                    VPOS="683"
                    WIDTH="676"
                    HEIGHT="1">
	    <String CONTENT=""
                    HPOS="128"
                    VPOS="683"
                    WIDTH="676"
                    HEIGHT="1"></String>
          </TextLine>
          <TextLine ID="eSc_line_f265c1ab"
                    BASELINE="130 731 811 730" 
                    HPOS="130"
                    VPOS="730"
                    WIDTH="681"
                    HEIGHT="1">
	    <String CONTENT=""
                    HPOS="130"
                    VPOS="730"
                    WIDTH="681"
                    HEIGHT="1"></String>
          </TextLine>
          <TextLine ID="eSc_line_3390aa73"
                    BASELINE="130 775 812 774" 
                    HPOS="130"
                    VPOS="774"
                    WIDTH="682"
                    HEIGHT="1">
	    <String CONTENT=""
                    HPOS="130"
                    VPOS="774"
                    WIDTH="682"
                    HEIGHT="1"></String>
          </TextLine>
          <TextLine ID="eSc_line_1987a642"
                    BASELINE="128 820 815 819" 
                    HPOS="128"
                    VPOS="819"
                    WIDTH="687"
                    HEIGHT="1">
	    <String CONTENT=""
                    HPOS="128"
                    VPOS="819"
                    WIDTH="687"
                    HEIGHT="1"></String>
          </TextLine>
          <TextLine ID="eSc_line_2ec0854b"
                    BASELINE="132 861 810 867" 
                    HPOS="132"
                    VPOS="861"
                    WIDTH="678"
                    HEIGHT="6">
	    <String CONTENT=""
                    HPOS="132"
                    VPOS="861"
                    WIDTH="678"
                    HEIGHT="6"></String>
          </TextLine>
          <TextLine ID="eSc_line_70114fde"
                    BASELINE="130 908 808 911" 
                    HPOS="130"
                    VPOS="908"
                    WIDTH="678"
                    HEIGHT="3">
	    <String CONTENT=""
                    HPOS="130"
                    VPOS="908"
                    WIDTH="678"
                    HEIGHT="3"></String>
          </TextLine>
          <TextLine ID="eSc_line_6a5cfb95"
                    BASELINE="128 956 811 958" 
                    HPOS="128"
                    VPOS="956"
                    WIDTH="683"
                    HEIGHT="2">
	    <String CONTENT=""
                    HPOS="128"
                    VPOS="956"
                    WIDTH="683"
                    HEIGHT="2"></String>
          </TextLine>
          <TextLine ID="eSc_line_63aba441"
                    BASELINE="132 999 812 1004" 
                    HPOS="132"
                    VPOS="999"
                    WIDTH="680"
                    HEIGHT="5">
	    <String CONTENT=""
                    HPOS="132"
                    VPOS="999"
                    WIDTH="680"
                    HEIGHT="5"></String>
          </TextLine>
          <TextLine ID="eSc_line_b7811470"
                    BASELINE="130 1042 805 1049" 
                    HPOS="130"
                    VPOS="1042"
                    WIDTH="675"
                    HEIGHT="7">
	    <String CONTENT=""
                    HPOS="130"
                    VPOS="1042"
                    WIDTH="675"
                    HEIGHT="7"></String>
          </TextLine>
          <TextLine ID="eSc_line_b8d5dcd0"
                    BASELINE="134 1090 809 1094" 
                    HPOS="134"
                    VPOS="1090"
                    WIDTH="675"
                    HEIGHT="4">
	    <String CONTENT=""
                    HPOS="134"
                    VPOS="1090"
                    WIDTH="675"
                    HEIGHT="4"></String>
          </TextLine>
          <TextLine ID="eSc_line_4716b576"
                    BASELINE="130 1137 812 1137" 
                    HPOS="130"
                    VPOS="1137"
                    WIDTH="682"
                    HEIGHT="0">
	    <String CONTENT=""
                    HPOS="130"
                    VPOS="1137"
                    WIDTH="682"
                    HEIGHT="0"></String>
          </TextLine>
          <TextLine ID="eSc_line_4b040df4"
                    BASELINE="128 1183 811 1185" 
                    HPOS="128"
                    VPOS="1183"
                    WIDTH="683"
                    HEIGHT="2">
	    <String CONTENT=""
                    HPOS="128"
                    VPOS="1183"
                    WIDTH="683"
                    HEIGHT="2"></String>
          </TextLine>
          <TextLine ID="eSc_line_3a81ca53"
                    BASELINE="133 1226 812 1229" 
                    HPOS="133"
                    VPOS="1226"
                    WIDTH="679"
                    HEIGHT="3">
	    <String CONTENT=""
                    HPOS="133"
                    VPOS="1226"
                    WIDTH="679"
                    HEIGHT="3"></String>
          </TextLine>
        </TextBlock>
        <TextBlock HPOS="747"
                   VPOS="200"
                   WIDTH="76"
                   HEIGHT="46"
                   ID="region_1720112318678_117"
                   TAGREFS="BT3756">
          <Shape><Polygon POINTS="748 200 747 232 775 246 823 241 817 205"/></Shape>
          <TextLine ID="eSc_line_76318050"
                    BASELINE="753 232 809 233" 
                    HPOS="753"
                    VPOS="232"
                    WIDTH="56"
                    HEIGHT="1">
	    <String CONTENT=""
                    HPOS="753"
                    VPOS="232"
                    WIDTH="56"
                    HEIGHT="1"></String>
          </TextLine>
        </TextBlock>
        <TextBlock HPOS="153"
                   VPOS="1239"
                   WIDTH="664"
                   HEIGHT="289"
                   ID="region_1720112348517_123"
                   TAGREFS="BT3756">
          <Shape><Polygon POINTS="153 1248 156 1511 817 1528 814 1239 659 1249 619 1241 365 1245 193 1241"/></Shape>
          <TextLine ID="eSc_line_26cff23c"
                    BASELINE="164 1271 792 1280" 
                    HPOS="164"
                    VPOS="1271"
                    WIDTH="628"
                    HEIGHT="9">
	    <String CONTENT=""
                    HPOS="164"
                    VPOS="1271"
                    WIDTH="628"
                    HEIGHT="9"></String>
          </TextLine>
          <TextLine ID="eSc_line_23664356"
                    BASELINE="162 1322 805 1321" 
                    HPOS="162"
                    VPOS="1321"
                    WIDTH="643"
                    HEIGHT="1">
	    <String CONTENT=""
                    HPOS="162"
                    VPOS="1321"
                    WIDTH="643"
                    HEIGHT="1"></String>
          </TextLine>
          <TextLine ID="eSc_line_be7bafd1"
                    BASELINE="171 1361 781 1370" 
                    HPOS="171"
                    VPOS="1361"
                    WIDTH="610"
                    HEIGHT="9">
	    <String CONTENT=""
                    HPOS="171"
                    VPOS="1361"
                    WIDTH="610"
                    HEIGHT="9"></String>
          </TextLine>
          <TextLine ID="eSc_line_3066fdfe"
                    BASELINE="174 1411 749 1416" 
                    HPOS="174"
                    VPOS="1411"
                    WIDTH="575"
                    HEIGHT="5">
	    <String CONTENT=""
                    HPOS="174"
                    VPOS="1411"
                    WIDTH="575"
                    HEIGHT="5"></String>
          </TextLine>
          <TextLine ID="eSc_line_84cc8576"
                    BASELINE="166 1450 805 1464" 
                    HPOS="166"
                    VPOS="1450"
                    WIDTH="639"
                    HEIGHT="14">
	    <String CONTENT=""
                    HPOS="166"
                    VPOS="1450"
                    WIDTH="639"
                    HEIGHT="14"></String>
          </TextLine>
          <TextLine ID="eSc_line_95df1377"
                    BASELINE="170 1496 722 1504" 
                    HPOS="170"
                    VPOS="1496"
                    WIDTH="552"
                    HEIGHT="8">
	    <String CONTENT=""
                    HPOS="170"
                    VPOS="1496"
                    WIDTH="552"
                    HEIGHT="8"></String>
          </TextLine>
        </TextBlock>
      </PrintSpace>
    </Page>
  </Layout>
</alto>
