<?xml version="1.0" encoding="UTF-8"?>
<alto xmlns:xsi="http://www.w3.org/2001/XMLSchema-instance"
      xmlns="http://www.loc.gov/standards/alto/ns-v4#"
      xsi:schemaLocation="http://www.loc.gov/standards/alto/ns-v4# http://www.loc.gov/standards/alto/v4/alto-4-2.xsd">
  <Description>
    <MeasurementUnit>pixel</MeasurementUnit>
    <sourceImageInformation>
      <fileName>1793,_Saemmtliche_Poetische_Werke,_Schraembl,_Bd._5,_VD18_9024592X_Seite_127_Bild_0001.jpg</fileName>
      <fileIdentifier>mets//SchraemblZeilenUnb.zip/1793,_Saemmtliche_Poetische_Werke,_Schraembl,_Bd._5,_VD18_9024592X_Seite_127_Bild_0001.jpg</fileIdentifier>
    </sourceImageInformation>
  </Description>
  <Tags>
    <OtherTag ID="BT1" LABEL="Title" DESCRIPTION="block type Title"/><OtherTag ID="BT2" LABEL="Main" DESCRIPTION="block type Main"/><OtherTag ID="BT3" LABEL="Commentary" DESCRIPTION="block type Commentary"/><OtherTag ID="BT4" LABEL="Illustration" DESCRIPTION="block type Illustration"/><OtherTag ID="BT3755" LABEL="header" DESCRIPTION="block type header"/><OtherTag ID="BT3756" LABEL="paragraph" DESCRIPTION="block type paragraph"/><OtherTag ID="BT3757" LABEL="heading" DESCRIPTION="block type heading"/><OtherTag ID="BT3758" LABEL="footnote" DESCRIPTION="block type footnote"/><OtherTag ID="BT3759" LABEL="l-column" DESCRIPTION="block type l-column"/><OtherTag ID="BT3760" LABEL="r-column" DESCRIPTION="block type r-column"/><OtherTag ID="BT3761" LABEL="marginalia" DESCRIPTION="block type marginalia"/><OtherTag ID="BT4125" LABEL="drop-capital" DESCRIPTION="block type drop-capital"/><OtherTag ID="BT4126" LABEL="catch-word" DESCRIPTION="block type catch-word"/><OtherTag ID="BT4127" LABEL="page-number" DESCRIPTION="block type page-number"/><OtherTag ID="BT4128" LABEL="signature-mark" DESCRIPTION="block type signature-mark"/><OtherTag ID="BT4129" LABEL="poem_lg" DESCRIPTION="block type poem_lg"/><OtherTag ID="BT4130" LABEL="endnote" DESCRIPTION="block type endnote"/>
  </Tags>
  <Layout>
    <Page WIDTH="1064"
          HEIGHT="1856"
          PHYSICAL_IMG_NR="127"
          ID="eSc_dummypage_">
      <PrintSpace HPOS="0"
                  VPOS="0"
                  WIDTH="1064"
                  HEIGHT="1856">
        <TextBlock HPOS="293"
                   VPOS="164"
                   WIDTH="76"
                   HEIGHT="33"
                   ID="region_1720168698098_729"
                   TAGREFS="BT3756">
          <Shape><Polygon POINTS="293 164 294 196 369 197 360 169"/></Shape>
          <TextLine ID="eSc_line_b5034f81"
                    BASELINE="299 192 358 188" 
                    HPOS="299"
                    VPOS="188"
                    WIDTH="59"
                    HEIGHT="4">
	    <String CONTENT=""
                    HPOS="299"
                    VPOS="188"
                    WIDTH="59"
                    HEIGHT="4"></String>
          </TextLine>
        </TextBlock>
        <TextBlock HPOS="260"
                   VPOS="243"
                   WIDTH="743"
                   HEIGHT="943"
                   ID="region_1720168714772_732"
                   TAGREFS="BT3756">
          <Shape><Polygon POINTS="295 243 1003 251 987 1186 260 1163 266 396"/></Shape>
          <TextLine ID="eSc_line_847faadd"
                    BASELINE="322 271 985 283" 
                    HPOS="322"
                    VPOS="271"
                    WIDTH="663"
                    HEIGHT="12">
	    <String CONTENT=""
                    HPOS="322"
                    VPOS="271"
                    WIDTH="663"
                    HEIGHT="12"></String>
          </TextLine>
          <TextLine ID="eSc_line_72b54e13"
                    BASELINE="291 318 973 333" 
                    HPOS="291"
                    VPOS="318"
                    WIDTH="682"
                    HEIGHT="15">
	    <String CONTENT=""
                    HPOS="291"
                    VPOS="318"
                    WIDTH="682"
                    HEIGHT="15"></String>
          </TextLine>
          <TextLine ID="eSc_line_c442ad1b"
                    BASELINE="292 368 981 381" 
                    HPOS="292"
                    VPOS="368"
                    WIDTH="689"
                    HEIGHT="13">
	    <String CONTENT=""
                    HPOS="292"
                    VPOS="368"
                    WIDTH="689"
                    HEIGHT="13"></String>
          </TextLine>
          <TextLine ID="eSc_line_4b54439c"
                    BASELINE="293 413 968 427" 
                    HPOS="293"
                    VPOS="413"
                    WIDTH="675"
                    HEIGHT="14">
	    <String CONTENT=""
                    HPOS="293"
                    VPOS="413"
                    WIDTH="675"
                    HEIGHT="14"></String>
          </TextLine>
          <TextLine ID="eSc_line_3e7b842f"
                    BASELINE="292 459 982 470" 
                    HPOS="292"
                    VPOS="459"
                    WIDTH="690"
                    HEIGHT="11">
	    <String CONTENT=""
                    HPOS="292"
                    VPOS="459"
                    WIDTH="690"
                    HEIGHT="11"></String>
          </TextLine>
          <TextLine ID="eSc_line_58bd853a"
                    BASELINE="289 504 985 517" 
                    HPOS="289"
                    VPOS="504"
                    WIDTH="696"
                    HEIGHT="13">
	    <String CONTENT=""
                    HPOS="289"
                    VPOS="504"
                    WIDTH="696"
                    HEIGHT="13"></String>
          </TextLine>
          <TextLine ID="eSc_line_406f2431"
                    BASELINE="289 555 974 562" 
                    HPOS="289"
                    VPOS="555"
                    WIDTH="685"
                    HEIGHT="7">
	    <String CONTENT=""
                    HPOS="289"
                    VPOS="555"
                    WIDTH="685"
                    HEIGHT="7"></String>
          </TextLine>
          <TextLine ID="eSc_line_35ecfa30"
                    BASELINE="285 600 973 610" 
                    HPOS="285"
                    VPOS="600"
                    WIDTH="688"
                    HEIGHT="10">
	    <String CONTENT=""
                    HPOS="285"
                    VPOS="600"
                    WIDTH="688"
                    HEIGHT="10"></String>
          </TextLine>
          <TextLine ID="eSc_line_615d6a5f"
                    BASELINE="286 641 966 651" 
                    HPOS="286"
                    VPOS="641"
                    WIDTH="680"
                    HEIGHT="10">
	    <String CONTENT=""
                    HPOS="286"
                    VPOS="641"
                    WIDTH="680"
                    HEIGHT="10"></String>
          </TextLine>
          <TextLine ID="eSc_line_3525451b"
                    BASELINE="286 689 972 701" 
                    HPOS="286"
                    VPOS="689"
                    WIDTH="686"
                    HEIGHT="12">
	    <String CONTENT=""
                    HPOS="286"
                    VPOS="689"
                    WIDTH="686"
                    HEIGHT="12"></String>
          </TextLine>
          <TextLine ID="eSc_line_c99a3a3e"
                    BASELINE="285 733 971 745" 
                    HPOS="285"
                    VPOS="733"
                    WIDTH="686"
                    HEIGHT="12">
	    <String CONTENT=""
                    HPOS="285"
                    VPOS="733"
                    WIDTH="686"
                    HEIGHT="12"></String>
          </TextLine>
          <TextLine ID="eSc_line_917cb827"
                    BASELINE="284 779 971 793" 
                    HPOS="284"
                    VPOS="779"
                    WIDTH="687"
                    HEIGHT="14">
	    <String CONTENT=""
                    HPOS="284"
                    VPOS="779"
                    WIDTH="687"
                    HEIGHT="14"></String>
          </TextLine>
          <TextLine ID="eSc_line_46278943"
                    BASELINE="275 823 966 840" 
                    HPOS="275"
                    VPOS="823"
                    WIDTH="691"
                    HEIGHT="17">
	    <String CONTENT=""
                    HPOS="275"
                    VPOS="823"
                    WIDTH="691"
                    HEIGHT="17"></String>
          </TextLine>
          <TextLine ID="eSc_line_1b6a32de"
                    BASELINE="285 865 972 884" 
                    HPOS="285"
                    VPOS="865"
                    WIDTH="687"
                    HEIGHT="19">
	    <String CONTENT=""
                    HPOS="285"
                    VPOS="865"
                    WIDTH="687"
                    HEIGHT="19"></String>
          </TextLine>
          <TextLine ID="eSc_line_441ce749"
                    BASELINE="282 918 972 932" 
                    HPOS="282"
                    VPOS="918"
                    WIDTH="690"
                    HEIGHT="14">
	    <String CONTENT=""
                    HPOS="282"
                    VPOS="918"
                    WIDTH="690"
                    HEIGHT="14"></String>
          </TextLine>
          <TextLine ID="eSc_line_2b796e2e"
                    BASELINE="277 959 971 974" 
                    HPOS="277"
                    VPOS="959"
                    WIDTH="694"
                    HEIGHT="15">
	    <String CONTENT=""
                    HPOS="277"
                    VPOS="959"
                    WIDTH="694"
                    HEIGHT="15"></String>
          </TextLine>
          <TextLine ID="eSc_line_dabc5071"
                    BASELINE="278 1007 959 1021" 
                    HPOS="278"
                    VPOS="1007"
                    WIDTH="681"
                    HEIGHT="14">
	    <String CONTENT=""
                    HPOS="278"
                    VPOS="1007"
                    WIDTH="681"
                    HEIGHT="14"></String>
          </TextLine>
          <TextLine ID="eSc_line_47603103"
                    BASELINE="273 1054 767 1063" 
                    HPOS="273"
                    VPOS="1054"
                    WIDTH="494"
                    HEIGHT="9">
	    <String CONTENT=""
                    HPOS="273"
                    VPOS="1054"
                    WIDTH="494"
                    HEIGHT="9"></String>
          </TextLine>
          <TextLine ID="eSc_line_e0e9a929"
                    BASELINE="298 1102 962 1110" 
                    HPOS="298"
                    VPOS="1102"
                    WIDTH="664"
                    HEIGHT="8">
	    <String CONTENT=""
                    HPOS="298"
                    VPOS="1102"
                    WIDTH="664"
                    HEIGHT="8"></String>
          </TextLine>
          <TextLine ID="eSc_line_3c51a754"
                    BASELINE="273 1144 829 1161" 
                    HPOS="273"
                    VPOS="1144"
                    WIDTH="556"
                    HEIGHT="17">
	    <String CONTENT=""
                    HPOS="273"
                    VPOS="1144"
                    WIDTH="556"
                    HEIGHT="17"></String>
          </TextLine>
        </TextBlock>
        <TextBlock HPOS="290"
                   VPOS="1193"
                   WIDTH="684"
                   HEIGHT="159"
                   ID="region_1720168726947_735"
                   TAGREFS="BT3756">
          <Shape><Polygon POINTS="290 1200 303 1339 826 1352 967 1277 974 1202 356 1193"/></Shape>
          <TextLine ID="eSc_line_ef638de4"
                    BASELINE="338 1240 955 1254" 
                    HPOS="338"
                    VPOS="1240"
                    WIDTH="617"
                    HEIGHT="14">
	    <String CONTENT=""
                    HPOS="338"
                    VPOS="1240"
                    WIDTH="617"
                    HEIGHT="14"></String>
          </TextLine>
          <TextLine ID="eSc_line_940bd367"
                    BASELINE="311 1288 836 1292" 
                    HPOS="311"
                    VPOS="1288"
                    WIDTH="525"
                    HEIGHT="4">
	    <String CONTENT=""
                    HPOS="311"
                    VPOS="1288"
                    WIDTH="525"
                    HEIGHT="4"></String>
          </TextLine>
          <TextLine ID="eSc_line_bd8d3b0f"
                    BASELINE="318 1325 702 1328" 
                    HPOS="318"
                    VPOS="1325"
                    WIDTH="384"
                    HEIGHT="3">
	    <String CONTENT=""
                    HPOS="318"
                    VPOS="1325"
                    WIDTH="384"
                    HEIGHT="3"></String>
          </TextLine>
        </TextBlock>
        <TextBlock HPOS="267"
                   VPOS="1394"
                   WIDTH="689"
                   HEIGHT="96"
                   ID="region_1720168749448_741"
                   TAGREFS="BT3758">
          <Shape><Polygon POINTS="279 1403 267 1468 954 1490 956 1408 413 1395 329 1394"/></Shape>
          <TextLine ID="eSc_line_c265a475"
                    BASELINE="293 1430 951 1445" 
                    HPOS="293"
                    VPOS="1430"
                    WIDTH="658"
                    HEIGHT="15">
	    <String CONTENT=""
                    HPOS="293"
                    VPOS="1430"
                    WIDTH="658"
                    HEIGHT="15"></String>
          </TextLine>
          <TextLine ID="eSc_line_84f03c56"
                    BASELINE="279 1466 953 1480" 
                    HPOS="279"
                    VPOS="1466"
                    WIDTH="674"
                    HEIGHT="14">
	    <String CONTENT=""
                    HPOS="279"
                    VPOS="1466"
                    WIDTH="674"
                    HEIGHT="14"></String>
          </TextLine>
        </TextBlock>
      </PrintSpace>
    </Page>
  </Layout>
</alto>
