<?xml version="1.0" encoding="UTF-8"?>
<alto xmlns:xsi="http://www.w3.org/2001/XMLSchema-instance"
      xmlns="http://www.loc.gov/standards/alto/ns-v4#"
      xsi:schemaLocation="http://www.loc.gov/standards/alto/ns-v4# http://www.loc.gov/standards/alto/v4/alto-4-2.xsd">
  <Description>
    <MeasurementUnit>pixel</MeasurementUnit>
    <sourceImageInformation>
      <fileName>1793,_Saemmtliche_Poetische_Werke,_Schraembl,_Bd._5,_VD18_9024592X_Seite_128_Bild_0001.jpg</fileName>
      <fileIdentifier>mets//SchraemblZeilenUnb.zip/1793,_Saemmtliche_Poetische_Werke,_Schraembl,_Bd._5,_VD18_9024592X_Seite_128_Bild_0001.jpg</fileIdentifier>
    </sourceImageInformation>
  </Description>
  <Tags>
    <OtherTag ID="BT1" LABEL="Title" DESCRIPTION="block type Title"/><OtherTag ID="BT2" LABEL="Main" DESCRIPTION="block type Main"/><OtherTag ID="BT3" LABEL="Commentary" DESCRIPTION="block type Commentary"/><OtherTag ID="BT4" LABEL="Illustration" DESCRIPTION="block type Illustration"/><OtherTag ID="BT3755" LABEL="header" DESCRIPTION="block type header"/><OtherTag ID="BT3756" LABEL="paragraph" DESCRIPTION="block type paragraph"/><OtherTag ID="BT3757" LABEL="heading" DESCRIPTION="block type heading"/><OtherTag ID="BT3758" LABEL="footnote" DESCRIPTION="block type footnote"/><OtherTag ID="BT3759" LABEL="l-column" DESCRIPTION="block type l-column"/><OtherTag ID="BT3760" LABEL="r-column" DESCRIPTION="block type r-column"/><OtherTag ID="BT3761" LABEL="marginalia" DESCRIPTION="block type marginalia"/><OtherTag ID="BT4125" LABEL="drop-capital" DESCRIPTION="block type drop-capital"/><OtherTag ID="BT4126" LABEL="catch-word" DESCRIPTION="block type catch-word"/><OtherTag ID="BT4127" LABEL="page-number" DESCRIPTION="block type page-number"/><OtherTag ID="BT4128" LABEL="signature-mark" DESCRIPTION="block type signature-mark"/><OtherTag ID="BT4129" LABEL="poem_lg" DESCRIPTION="block type poem_lg"/><OtherTag ID="BT4130" LABEL="endnote" DESCRIPTION="block type endnote"/>
  </Tags>
  <Layout>
    <Page WIDTH="1073"
          HEIGHT="1850"
          PHYSICAL_IMG_NR="128"
          ID="eSc_dummypage_">
      <PrintSpace HPOS="0"
                  VPOS="0"
                  WIDTH="1073"
                  HEIGHT="1850">
        <TextBlock HPOS="105"
                   VPOS="230"
                   WIDTH="573"
                   HEIGHT="147"
                   ID="region_1720168595480_711"
                   TAGREFS="BT3756">
          <Shape><Polygon POINTS="113 240 105 376 626 377 623 297 678 261 673 230"/></Shape>
          <TextLine ID="eSc_line_ed761a42"
                    BASELINE="115 271 656 262" 
                    HPOS="115"
                    VPOS="262"
                    WIDTH="541"
                    HEIGHT="9">
	    <String CONTENT=""
                    HPOS="115"
                    VPOS="262"
                    WIDTH="541"
                    HEIGHT="9"></String>
          </TextLine>
          <TextLine ID="eSc_line_48454250"
                    BASELINE="115 328 574 319" 
                    HPOS="115"
                    VPOS="319"
                    WIDTH="459"
                    HEIGHT="9">
	    <String CONTENT=""
                    HPOS="115"
                    VPOS="319"
                    WIDTH="459"
                    HEIGHT="9"></String>
          </TextLine>
          <TextLine ID="eSc_line_8afcf7a3"
                    BASELINE="115 362 556 361" 
                    HPOS="115"
                    VPOS="361"
                    WIDTH="441"
                    HEIGHT="1">
	    <String CONTENT=""
                    HPOS="115"
                    VPOS="361"
                    WIDTH="441"
                    HEIGHT="1"></String>
          </TextLine>
        </TextBlock>
        <TextBlock HPOS="65"
                   VPOS="402"
                   WIDTH="716"
                   HEIGHT="446"
                   ID="region_1720168608769_714"
                   TAGREFS="BT3756">
          <Shape><Polygon POINTS="71 421 65 842 781 848 775 402"/></Shape>
          <TextLine ID="eSc_line_075cf165"
                    BASELINE="112 455 755 459" 
                    HPOS="112"
                    VPOS="455"
                    WIDTH="643"
                    HEIGHT="4">
	    <String CONTENT=""
                    HPOS="112"
                    VPOS="455"
                    WIDTH="643"
                    HEIGHT="4"></String>
          </TextLine>
          <TextLine ID="eSc_line_e19f58d3"
                    BASELINE="82 505 760 507" 
                    HPOS="82"
                    VPOS="505"
                    WIDTH="678"
                    HEIGHT="2">
	    <String CONTENT=""
                    HPOS="82"
                    VPOS="505"
                    WIDTH="678"
                    HEIGHT="2"></String>
          </TextLine>
          <TextLine ID="eSc_line_ae5c7c5c"
                    BASELINE="79 546 760 542" 
                    HPOS="79"
                    VPOS="542"
                    WIDTH="681"
                    HEIGHT="4">
	    <String CONTENT=""
                    HPOS="79"
                    VPOS="542"
                    WIDTH="681"
                    HEIGHT="4"></String>
          </TextLine>
          <TextLine ID="eSc_line_cf6baa51"
                    BASELINE="81 594 757 588" 
                    HPOS="81"
                    VPOS="588"
                    WIDTH="676"
                    HEIGHT="6">
	    <String CONTENT=""
                    HPOS="81"
                    VPOS="588"
                    WIDTH="676"
                    HEIGHT="6"></String>
          </TextLine>
          <TextLine ID="eSc_line_14216f69"
                    BASELINE="86 646 766 643" 
                    HPOS="86"
                    VPOS="643"
                    WIDTH="680"
                    HEIGHT="3">
	    <String CONTENT=""
                    HPOS="86"
                    VPOS="643"
                    WIDTH="680"
                    HEIGHT="3"></String>
          </TextLine>
          <TextLine ID="eSc_line_c870ecab"
                    BASELINE="76 693 759 686" 
                    HPOS="76"
                    VPOS="686"
                    WIDTH="683"
                    HEIGHT="7">
	    <String CONTENT=""
                    HPOS="76"
                    VPOS="686"
                    WIDTH="683"
                    HEIGHT="7"></String>
          </TextLine>
          <TextLine ID="eSc_line_12255987"
                    BASELINE="79 731 766 727" 
                    HPOS="79"
                    VPOS="727"
                    WIDTH="687"
                    HEIGHT="4">
	    <String CONTENT=""
                    HPOS="79"
                    VPOS="727"
                    WIDTH="687"
                    HEIGHT="4"></String>
          </TextLine>
          <TextLine ID="eSc_line_49c47f9a"
                    BASELINE="79 779 759 769" 
                    HPOS="79"
                    VPOS="769"
                    WIDTH="680"
                    HEIGHT="10">
	    <String CONTENT=""
                    HPOS="79"
                    VPOS="769"
                    WIDTH="680"
                    HEIGHT="10"></String>
          </TextLine>
          <TextLine ID="eSc_line_c5a5c104"
                    BASELINE="81 821 757 816" 
                    HPOS="81"
                    VPOS="816"
                    WIDTH="676"
                    HEIGHT="5">
	    <String CONTENT=""
                    HPOS="81"
                    VPOS="816"
                    WIDTH="676"
                    HEIGHT="5"></String>
          </TextLine>
        </TextBlock>
        <TextBlock HPOS="689"
                   VPOS="157"
                   WIDTH="73"
                   HEIGHT="35"
                   ID="region_1720168583673_708"
                   TAGREFS="BT3756">
          <Shape><Polygon POINTS="699 160 689 177 706 192 762 190 757 157"/></Shape>
          <TextLine ID="eSc_line_570e627e"
                    BASELINE="706 184 745 182" 
                    HPOS="706"
                    VPOS="182"
                    WIDTH="39"
                    HEIGHT="2">
	    <String CONTENT=""
                    HPOS="706"
                    VPOS="182"
                    WIDTH="39"
                    HEIGHT="2"></String>
          </TextLine>
        </TextBlock>
        <TextBlock HPOS="56"
                   VPOS="880"
                   WIDTH="739"
                   HEIGHT="611"
                   ID="region_1720168620721_717"
                   TAGREFS="BT3758">
          <Shape><Polygon POINTS="56 902 70 1484 375 1491 399 1450 795 1454 778 880"/></Shape>
          <TextLine ID="eSc_line_2e7fad75"
                    BASELINE="81 934 765 928" 
                    HPOS="81"
                    VPOS="928"
                    WIDTH="684"
                    HEIGHT="6">
	    <String CONTENT=""
                    HPOS="81"
                    VPOS="928"
                    WIDTH="684"
                    HEIGHT="6"></String>
          </TextLine>
          <TextLine ID="eSc_line_7d44c389"
                    BASELINE="80 973 764 968" 
                    HPOS="80"
                    VPOS="968"
                    WIDTH="684"
                    HEIGHT="5">
	    <String CONTENT=""
                    HPOS="80"
                    VPOS="968"
                    WIDTH="684"
                    HEIGHT="5"></String>
          </TextLine>
          <TextLine ID="eSc_line_658d04dc"
                    BASELINE="76 1013 765 1006" 
                    HPOS="76"
                    VPOS="1006"
                    WIDTH="689"
                    HEIGHT="7">
	    <String CONTENT=""
                    HPOS="76"
                    VPOS="1006"
                    WIDTH="689"
                    HEIGHT="7"></String>
          </TextLine>
          <TextLine ID="eSc_line_6ec48601"
                    BASELINE="72 1049 772 1045" 
                    HPOS="72"
                    VPOS="1045"
                    WIDTH="700"
                    HEIGHT="4">
	    <String CONTENT=""
                    HPOS="72"
                    VPOS="1045"
                    WIDTH="700"
                    HEIGHT="4"></String>
          </TextLine>
          <TextLine ID="eSc_line_7ec702a8"
                    BASELINE="69 1087 759 1085" 
                    HPOS="69"
                    VPOS="1085"
                    WIDTH="690"
                    HEIGHT="2">
	    <String CONTENT=""
                    HPOS="69"
                    VPOS="1085"
                    WIDTH="690"
                    HEIGHT="2"></String>
          </TextLine>
          <TextLine ID="eSc_line_b07454c4"
                    BASELINE="80 1123 764 1126" 
                    HPOS="80"
                    VPOS="1123"
                    WIDTH="684"
                    HEIGHT="3">
	    <String CONTENT=""
                    HPOS="80"
                    VPOS="1123"
                    WIDTH="684"
                    HEIGHT="3"></String>
          </TextLine>
          <TextLine ID="eSc_line_1090e4ef"
                    BASELINE="85 1168 766 1165" 
                    HPOS="85"
                    VPOS="1165"
                    WIDTH="681"
                    HEIGHT="3">
	    <String CONTENT=""
                    HPOS="85"
                    VPOS="1165"
                    WIDTH="681"
                    HEIGHT="3"></String>
          </TextLine>
          <TextLine ID="eSc_line_09d751d2"
                    BASELINE="78 1202 760 1197" 
                    HPOS="78"
                    VPOS="1197"
                    WIDTH="682"
                    HEIGHT="5">
	    <String CONTENT=""
                    HPOS="78"
                    VPOS="1197"
                    WIDTH="682"
                    HEIGHT="5"></String>
          </TextLine>
          <TextLine ID="eSc_line_066a9ee2"
                    BASELINE="78 1244 769 1239" 
                    HPOS="78"
                    VPOS="1239"
                    WIDTH="691"
                    HEIGHT="5">
	    <String CONTENT=""
                    HPOS="78"
                    VPOS="1239"
                    WIDTH="691"
                    HEIGHT="5"></String>
          </TextLine>
          <TextLine ID="eSc_line_bdbd79ec"
                    BASELINE="82 1287 761 1275" 
                    HPOS="82"
                    VPOS="1275"
                    WIDTH="679"
                    HEIGHT="12">
	    <String CONTENT=""
                    HPOS="82"
                    VPOS="1275"
                    WIDTH="679"
                    HEIGHT="12"></String>
          </TextLine>
          <TextLine ID="eSc_line_9a31ded2"
                    BASELINE="89 1318 756 1318" 
                    HPOS="89"
                    VPOS="1318"
                    WIDTH="667"
                    HEIGHT="0">
	    <String CONTENT=""
                    HPOS="89"
                    VPOS="1318"
                    WIDTH="667"
                    HEIGHT="0"></String>
          </TextLine>
          <TextLine ID="eSc_line_5551de7f"
                    BASELINE="86 1363 772 1352" 
                    HPOS="86"
                    VPOS="1352"
                    WIDTH="686"
                    HEIGHT="11">
	    <String CONTENT=""
                    HPOS="86"
                    VPOS="1352"
                    WIDTH="686"
                    HEIGHT="11"></String>
          </TextLine>
          <TextLine ID="eSc_line_53b92ca5"
                    BASELINE="78 1394 776 1392" 
                    HPOS="78"
                    VPOS="1392"
                    WIDTH="698"
                    HEIGHT="2">
	    <String CONTENT=""
                    HPOS="78"
                    VPOS="1392"
                    WIDTH="698"
                    HEIGHT="2"></String>
          </TextLine>
          <TextLine ID="eSc_line_3f1f549e"
                    BASELINE="87 1437 769 1435" 
                    HPOS="87"
                    VPOS="1435"
                    WIDTH="682"
                    HEIGHT="2">
	    <String CONTENT=""
                    HPOS="87"
                    VPOS="1435"
                    WIDTH="682"
                    HEIGHT="2"></String>
          </TextLine>
          <TextLine ID="eSc_line_ca7b2e99"
                    BASELINE="89 1473 345 1471" 
                    HPOS="89"
                    VPOS="1471"
                    WIDTH="256"
                    HEIGHT="2">
	    <String CONTENT=""
                    HPOS="89"
                    VPOS="1471"
                    WIDTH="256"
                    HEIGHT="2"></String>
          </TextLine>
        </TextBlock>
      </PrintSpace>
    </Page>
  </Layout>
</alto>
