<?xml version="1.0" encoding="UTF-8"?>
<alto xmlns:xsi="http://www.w3.org/2001/XMLSchema-instance"
      xmlns="http://www.loc.gov/standards/alto/ns-v4#"
      xmlns:xs="http://www.w3.org/2001/XMLSchema"
      xmlns:xd="http://www.oxygenxml.com/ns/doc/xsl"
      xmlns:page="http://schema.primaresearch.org/PAGE/gts/pagecontent/2013-07-15"
      xmlns:map="http://www.w3.org/2005/xpath-functions/map"
      xmlns:local="local"
      xsi:schemaLocation="http://www.loc.gov/standards/alto/ns-v4# https://www.loc.gov/standards/alto/v4/alto.xsd">
   <Description>
      <MeasurementUnit>pixel</MeasurementUnit>
      <sourceImageInformation>
         <fileName>1789,_Saemmtliche_Poetische_Werke,_Baumeister,_Bd._2,_VD18_80391567-001_Seite_059_Bild_0001.jpg</fileName>
      </sourceImageInformation>
      <Processing ID="IdOcr">
         <processingDateTime>2024-06-25T17:23:36.859+02:00</processingDateTime>
         <processingSoftware>
            <softwareCreator>READ COOP</softwareCreator>
            <softwareName>Transkribus</softwareName>
         </processingSoftware>
      </Processing>
   </Description>
   <Layout>
      <Page ID="Page1" PHYSICAL_IMG_NR="5" HEIGHT="1509" WIDTH="887">
         <TopMargin HEIGHT="0" WIDTH="887" VPOS="0" HPOS="0"/>
         <LeftMargin HEIGHT="1509" WIDTH="0" VPOS="0" HPOS="0"/>
         <RightMargin HEIGHT="1509" WIDTH="0" VPOS="0" HPOS="887"/>
         <BottomMargin HEIGHT="0" WIDTH="887" VPOS="1509" HPOS="0"/>
         <PrintSpace HEIGHT="1509" WIDTH="887" VPOS="0" HPOS="0">
            <TextBlock ID="region_1719311434746_52"
                       HEIGHT="38"
                       WIDTH="52"
                       VPOS="101"
                       HPOS="154">
               <Shape>
                  <Polygon POINTS="154,101 206,101 206,139 154,139"/>
               </Shape>
            </TextBlock>
            <TextBlock ID="region_1719311439386_55"
                       HEIGHT="377"
                       WIDTH="644"
                       VPOS="154"
                       HPOS="131">
               <Shape>
                  <Polygon POINTS="131,154 775,154 775,531 131,531"/>
               </Shape>
            </TextBlock>
            <TextBlock ID="region_1719311445418_58"
                       HEIGHT="223"
                       WIDTH="592"
                       VPOS="649"
                       HPOS="171">
               <Shape>
                  <Polygon POINTS="171,649 763,649 763,872 171,872"/>
               </Shape>
            </TextBlock>
            <TextBlock ID="region_1719311448927_61"
                       HEIGHT="41"
                       WIDTH="512"
                       VPOS="928"
                       HPOS="195">
               <Shape>
                  <Polygon POINTS="195,928 707,928 707,969 195,969"/>
               </Shape>
            </TextBlock>
            <TextBlock ID="region_1719311465841_67"
                       HEIGHT="67"
                       WIDTH="53"
                       VPOS="1005"
                       HPOS="135">
               <Shape>
                  <Polygon POINTS="135,1005 188,1005 188,1072 135,1072"/>
               </Shape>
            </TextBlock>
            <TextBlock ID="region_1719311461608_64"
                       HEIGHT="297"
                       WIDTH="624"
                       VPOS="1030"
                       HPOS="143">
               <Shape>
                  <Polygon POINTS="143,1079 192,1078 192,1030 767,1033 767,1327 143,1327"/>
               </Shape>
            </TextBlock>
            <GraphicalElement ID="Separator_1719311475844_70"
                              HEIGHT="33"
                              WIDTH="234"
                              VPOS="590"
                              HPOS="331"/>
         </PrintSpace>
      </Page>
   </Layout>
</alto>
