<?xml version="1.0" encoding="UTF-8"?>
<alto xmlns:xsi="http://www.w3.org/2001/XMLSchema-instance"
      xmlns="http://www.loc.gov/standards/alto/ns-v4#"
      xmlns:xs="http://www.w3.org/2001/XMLSchema"
      xmlns:xd="http://www.oxygenxml.com/ns/doc/xsl"
      xmlns:page="http://schema.primaresearch.org/PAGE/gts/pagecontent/2013-07-15"
      xmlns:map="http://www.w3.org/2005/xpath-functions/map"
      xmlns:local="local"
      xsi:schemaLocation="http://www.loc.gov/standards/alto/ns-v4# https://www.loc.gov/standards/alto/v4/alto.xsd">
   <Description>
      <MeasurementUnit>pixel</MeasurementUnit>
      <sourceImageInformation>
         <fileName>1789,_Saemmtliche_Poetische_Werke,_Baumeister,_Bd._1,_VD18_80391559-001_Seite_148_Bild_0001.jpg</fileName>
      </sourceImageInformation>
      <Processing ID="IdOcr">
         <processingDateTime>2024-06-25T17:23:35.939+02:00</processingDateTime>
         <processingSoftware>
            <softwareCreator>READ COOP</softwareCreator>
            <softwareName>Transkribus</softwareName>
         </processingSoftware>
      </Processing>
   </Description>
   <Layout>
      <Page ID="Page1" PHYSICAL_IMG_NR="2" HEIGHT="1506" WIDTH="896">
         <TopMargin HEIGHT="0" WIDTH="896" VPOS="0" HPOS="0"/>
         <LeftMargin HEIGHT="1506" WIDTH="0" VPOS="0" HPOS="0"/>
         <RightMargin HEIGHT="1506" WIDTH="0" VPOS="0" HPOS="896"/>
         <BottomMargin HEIGHT="0" WIDTH="896" VPOS="1506" HPOS="0"/>
         <PrintSpace HEIGHT="1506" WIDTH="896" VPOS="0" HPOS="0">
            <TextBlock ID="region_1719307866826_271"
                       HEIGHT="34"
                       WIDTH="54"
                       VPOS="106"
                       HPOS="695">
               <Shape>
                  <Polygon POINTS="695,106 749,106 749,140 695,140"/>
               </Shape>
            </TextBlock>
            <TextBlock ID="region_1719307871587_274"
                       HEIGHT="218"
                       WIDTH="626"
                       VPOS="149"
                       HPOS="121">
               <Shape>
                  <Polygon POINTS="121,149 747,149 747,367 121,367"/>
               </Shape>
            </TextBlock>
            <TextBlock ID="region_1719308122484_292"
                       HEIGHT="991"
                       WIDTH="650"
                       VPOS="385"
                       HPOS="116">
               <Shape>
                  <Polygon POINTS="118,388 766,385 763,1302 513,1301 512,1374 116,1376"/>
               </Shape>
            </TextBlock>
            <TextBlock ID="region_1719307897838_277"
                       HEIGHT="303"
                       WIDTH="582"
                       VPOS="402"
                       HPOS="161">
               <Shape>
                  <Polygon POINTS="743,402 161,402 161,705 743,705"/>
               </Shape>
            </TextBlock>
            <TextBlock ID="region_1719307916288_280"
                       HEIGHT="626"
                       WIDTH="609"
                       VPOS="734"
                       HPOS="134">
               <Shape>
                  <Polygon POINTS="134,734 743,734 742,1291 461,1291 461,1360 134,1358"/>
               </Shape>
            </TextBlock>
            <TextBlock ID="region_1719308098123_285"
                       HEIGHT="51"
                       WIDTH="45"
                       VPOS="1315"
                       HPOS="596">
               <Shape>
                  <Polygon POINTS="596,1315 641,1315 641,1366 596,1366"/>
               </Shape>
            </TextBlock>
         </PrintSpace>
      </Page>
   </Layout>
</alto>
