<?xml version="1.0" encoding="UTF-8"?>
<alto xmlns:xsi="http://www.w3.org/2001/XMLSchema-instance"
      xmlns="http://www.loc.gov/standards/alto/ns-v4#"
      xmlns:xs="http://www.w3.org/2001/XMLSchema"
      xmlns:xd="http://www.oxygenxml.com/ns/doc/xsl"
      xmlns:page="http://schema.primaresearch.org/PAGE/gts/pagecontent/2013-07-15"
      xmlns:map="http://www.w3.org/2005/xpath-functions/map"
      xmlns:local="local"
      xsi:schemaLocation="http://www.loc.gov/standards/alto/ns-v4# https://www.loc.gov/standards/alto/v4/alto.xsd">
   <Description>
      <MeasurementUnit>pixel</MeasurementUnit>
      <sourceImageInformation>
         <fileName>1789,_Saemmtliche_Poetische_Werke,_Baumeister,_Bd._1,_VD18_80391559-001_Seite_181_Bild_0001.jpg</fileName>
      </sourceImageInformation>
      <Processing ID="IdOcr">
         <processingDateTime>2024-06-25T17:23:36.207+02:00</processingDateTime>
         <processingSoftware>
            <softwareCreator>READ COOP</softwareCreator>
            <softwareName>Transkribus</softwareName>
         </processingSoftware>
      </Processing>
   </Description>
   <Layout>
      <Page ID="Page1" PHYSICAL_IMG_NR="3" HEIGHT="1510" WIDTH="863">
         <TopMargin HEIGHT="0" WIDTH="863" VPOS="0" HPOS="0"/>
         <LeftMargin HEIGHT="1510" WIDTH="0" VPOS="0" HPOS="0"/>
         <RightMargin HEIGHT="1510" WIDTH="0" VPOS="0" HPOS="863"/>
         <BottomMargin HEIGHT="0" WIDTH="863" VPOS="1510" HPOS="0"/>
         <PrintSpace HEIGHT="1510" WIDTH="863" VPOS="0" HPOS="0">
            <TextBlock ID="region_1719308262687_355"
                       HEIGHT="42"
                       WIDTH="73"
                       VPOS="68"
                       HPOS="122">
               <Shape>
                  <Polygon POINTS="122,68 195,68 195,110 122,110"/>
               </Shape>
            </TextBlock>
            <TextBlock ID="region_1719308334387_371"
                       HEIGHT="1199"
                       WIDTH="670"
                       VPOS="111"
                       HPOS="99">
               <Shape>
                  <Polygon POINTS="99,111 769,111 769,1310 99,1310"/>
               </Shape>
            </TextBlock>
            <TextBlock ID="region_1719308271823_358"
                       HEIGHT="143"
                       WIDTH="648"
                       VPOS="118"
                       HPOS="115">
               <Shape>
                  <Polygon POINTS="115,118 763,118 763,261 115,261"/>
               </Shape>
            </TextBlock>
            <TextBlock ID="region_1719308277786_361"
                       HEIGHT="250"
                       WIDTH="601"
                       VPOS="288"
                       HPOS="159">
               <Shape>
                  <Polygon POINTS="159,288 760,288 760,538 159,538"/>
               </Shape>
            </TextBlock>
            <TextBlock ID="region_1719308291599_364"
                       HEIGHT="206"
                       WIDTH="647"
                       VPOS="540"
                       HPOS="112">
               <Shape>
                  <Polygon POINTS="112,540 759,540 759,746 112,746"/>
               </Shape>
            </TextBlock>
            <TextBlock ID="region_1719308305266_367"
                       HEIGHT="545"
                       WIDTH="596"
                       VPOS="751"
                       HPOS="156">
               <Shape>
                  <Polygon POINTS="156,751 752,751 752,1296 156,1296"/>
               </Shape>
            </TextBlock>
         </PrintSpace>
      </Page>
   </Layout>
</alto>
