<?xml version="1.0" encoding="UTF-8"?>
<alto xmlns:xsi="http://www.w3.org/2001/XMLSchema-instance"
      xmlns="http://www.loc.gov/standards/alto/ns-v4#"
      xmlns:xs="http://www.w3.org/2001/XMLSchema"
      xmlns:xd="http://www.oxygenxml.com/ns/doc/xsl"
      xmlns:page="http://schema.primaresearch.org/PAGE/gts/pagecontent/2013-07-15"
      xmlns:map="http://www.w3.org/2005/xpath-functions/map"
      xmlns:local="local"
      xsi:schemaLocation="http://www.loc.gov/standards/alto/ns-v4# https://www.loc.gov/standards/alto/v4/alto.xsd">
   <Description>
      <MeasurementUnit>pixel</MeasurementUnit>
      <sourceImageInformation>
         <fileName>1789,_Saemmtliche_Poetische_Werke,_Baumeister,_Bd._2,_VD18_80391567-001_Seite_049_Bild_0001.jpg</fileName>
      </sourceImageInformation>
      <Processing ID="IdOcr">
         <processingDateTime>2024-06-25T17:23:36.613+02:00</processingDateTime>
         <processingSoftware>
            <softwareCreator>READ COOP</softwareCreator>
            <softwareName>Transkribus</softwareName>
         </processingSoftware>
      </Processing>
   </Description>
   <Layout>
      <Page ID="Page1" PHYSICAL_IMG_NR="4" HEIGHT="1508" WIDTH="895">
         <TopMargin HEIGHT="0" WIDTH="895" VPOS="0" HPOS="0"/>
         <LeftMargin HEIGHT="1508" WIDTH="0" VPOS="0" HPOS="0"/>
         <RightMargin HEIGHT="1508" WIDTH="0" VPOS="0" HPOS="895"/>
         <BottomMargin HEIGHT="0" WIDTH="895" VPOS="1508" HPOS="0"/>
         <PrintSpace HEIGHT="1508" WIDTH="895" VPOS="0" HPOS="0">
            <TextBlock ID="region_1719311332527_18"
                       HEIGHT="38"
                       WIDTH="49"
                       VPOS="106"
                       HPOS="140">
               <Shape>
                  <Polygon POINTS="140,106 189,106 189,144 140,144"/>
               </Shape>
            </TextBlock>
            <TextBlock ID="region_1719311339431_21"
                       HEIGHT="254"
                       WIDTH="641"
                       VPOS="151"
                       HPOS="129">
               <Shape>
                  <Polygon POINTS="129,151 770,151 770,405 129,405"/>
               </Shape>
            </TextBlock>
            <TextBlock ID="region_1719311343472_24"
                       HEIGHT="60"
                       WIDTH="336"
                       VPOS="437"
                       HPOS="283">
               <Shape>
                  <Polygon POINTS="283,437 619,437 619,497 283,497"/>
               </Shape>
            </TextBlock>
            <TextBlock ID="region_1719311347610_27"
                       HEIGHT="60"
                       WIDTH="463"
                       VPOS="549"
                       HPOS="225">
               <Shape>
                  <Polygon POINTS="225,549 688,549 688,609 225,609"/>
               </Shape>
            </TextBlock>
            <TextBlock ID="region_1719311370280_30"
                       HEIGHT="318"
                       WIDTH="631"
                       VPOS="632"
                       HPOS="143">
               <Shape>
                  <Polygon POINTS="143,632 774,632 774,950 143,950"/>
               </Shape>
            </TextBlock>
            <TextBlock ID="region_1719311376283_33"
                       HEIGHT="347"
                       WIDTH="629"
                       VPOS="983"
                       HPOS="140">
               <Shape>
                  <Polygon POINTS="140,983 769,983 769,1330 140,1330"/>
               </Shape>
            </TextBlock>
            <GraphicalElement ID="Separator_1719311324272_15"
                              HEIGHT="36"
                              WIDTH="164"
                              VPOS="510"
                              HPOS="364"/>
         </PrintSpace>
      </Page>
   </Layout>
</alto>
