<?xml version="1.0" encoding="UTF-8"?>
<alto xmlns:xsi="http://www.w3.org/2001/XMLSchema-instance"
      xmlns="http://www.loc.gov/standards/alto/ns-v4#"
      xmlns:xs="http://www.w3.org/2001/XMLSchema"
      xmlns:xd="http://www.oxygenxml.com/ns/doc/xsl"
      xmlns:page="http://schema.primaresearch.org/PAGE/gts/pagecontent/2013-07-15"
      xmlns:map="http://www.w3.org/2005/xpath-functions/map"
      xmlns:local="local"
      xsi:schemaLocation="http://www.loc.gov/standards/alto/ns-v4# https://www.loc.gov/standards/alto/v4/alto.xsd">
   <Description>
      <MeasurementUnit>pixel</MeasurementUnit>
      <sourceImageInformation>
         <fileName>1789,_Saemmtliche_Poetische_Werke,_Baumeister,_Bd._2,_VD18_80391567-001_Seite_273_Bild_0001.jpg</fileName>
      </sourceImageInformation>
      <Processing ID="IdOcr">
         <processingDateTime>2024-06-25T17:23:37.103+02:00</processingDateTime>
         <processingSoftware>
            <softwareCreator>READ COOP</softwareCreator>
            <softwareName>Transkribus</softwareName>
         </processingSoftware>
      </Processing>
   </Description>
   <Layout>
      <Page ID="Page1" PHYSICAL_IMG_NR="6" HEIGHT="1508" WIDTH="882">
         <TopMargin HEIGHT="0" WIDTH="882" VPOS="0" HPOS="0"/>
         <LeftMargin HEIGHT="1508" WIDTH="0" VPOS="0" HPOS="0"/>
         <RightMargin HEIGHT="1508" WIDTH="0" VPOS="0" HPOS="882"/>
         <BottomMargin HEIGHT="0" WIDTH="882" VPOS="1508" HPOS="0"/>
         <PrintSpace HEIGHT="1508" WIDTH="882" VPOS="0" HPOS="0">
            <TextBlock ID="region_1719311598376_96"
                       HEIGHT="43"
                       WIDTH="74"
                       VPOS="82"
                       HPOS="128">
               <Shape>
                  <Polygon POINTS="128,82 202,82 202,125 128,125"/>
               </Shape>
            </TextBlock>
            <TextBlock ID="region_1719311603644_99"
                       HEIGHT="288"
                       WIDTH="629"
                       VPOS="138"
                       HPOS="130">
               <Shape>
                  <Polygon POINTS="130,138 759,138 759,426 130,426"/>
               </Shape>
            </TextBlock>
            <TextBlock ID="region_1719311608709_102"
                       HEIGHT="178"
                       WIDTH="637"
                       VPOS="457"
                       HPOS="130">
               <Shape>
                  <Polygon POINTS="130,457 767,457 767,635 130,635"/>
               </Shape>
            </TextBlock>
            <TextBlock ID="region_1719311614412_105"
                       HEIGHT="51"
                       WIDTH="521"
                       VPOS="666"
                       HPOS="186">
               <Shape>
                  <Polygon POINTS="186,666 707,666 707,717 186,717"/>
               </Shape>
            </TextBlock>
            <TextBlock ID="region_1719311695358_125"
                       HEIGHT="56"
                       WIDTH="51"
                       VPOS="737"
                       HPOS="171">
               <Shape>
                  <Polygon POINTS="171,737 222,737 222,793 171,793"/>
               </Shape>
            </TextBlock>
            <TextBlock ID="region_1719311627005_108"
                       HEIGHT="277"
                       WIDTH="469"
                       VPOS="729"
                       HPOS="170">
               <Shape>
                  <Polygon POINTS="170,795 224,794 223,729 639,732 639,1006 170,1006"/>
               </Shape>
            </TextBlock>
            <TextBlock ID="region_1719311631624_111"
                       HEIGHT="260"
                       WIDTH="549"
                       VPOS="1035"
                       HPOS="164">
               <Shape>
                  <Polygon POINTS="164,1035 713,1035 713,1295 164,1295"/>
               </Shape>
            </TextBlock>
         </PrintSpace>
      </Page>
   </Layout>
</alto>
