<?xml version="1.0" encoding="UTF-8"?>
<alto xmlns:xsi="http://www.w3.org/2001/XMLSchema-instance"
      xmlns="http://www.loc.gov/standards/alto/ns-v4#"
      xmlns:xs="http://www.w3.org/2001/XMLSchema"
      xmlns:xd="http://www.oxygenxml.com/ns/doc/xsl"
      xmlns:page="http://schema.primaresearch.org/PAGE/gts/pagecontent/2013-07-15"
      xmlns:map="http://www.w3.org/2005/xpath-functions/map"
      xmlns:local="local"
      xsi:schemaLocation="http://www.loc.gov/standards/alto/ns-v4# https://www.loc.gov/standards/alto/v4/alto.xsd">
   <Description>
      <MeasurementUnit>pixel</MeasurementUnit>
      <sourceImageInformation>
         <fileName>1789,_Saemmtliche_Poetische_Werke,_Baumeister,_Bd._1,_VD18_80391559-001_Seite_047_Bild_0001.jpg</fileName>
      </sourceImageInformation>
      <Processing ID="IdOcr">
         <processingDateTime>2024-06-25T17:23:35.611+02:00</processingDateTime>
         <processingSoftware>
            <softwareCreator>READ COOP</softwareCreator>
            <softwareName>Transkribus</softwareName>
         </processingSoftware>
      </Processing>
   </Description>
   <Layout>
      <Page ID="Page1" PHYSICAL_IMG_NR="1" HEIGHT="1510" WIDTH="888">
         <TopMargin HEIGHT="0" WIDTH="888" VPOS="0" HPOS="0"/>
         <LeftMargin HEIGHT="1510" WIDTH="0" VPOS="0" HPOS="0"/>
         <RightMargin HEIGHT="1510" WIDTH="0" VPOS="0" HPOS="888"/>
         <BottomMargin HEIGHT="0" WIDTH="888" VPOS="1510" HPOS="0"/>
         <PrintSpace HEIGHT="1510" WIDTH="888" VPOS="0" HPOS="0">
            <TextBlock ID="region_1719307695690_245"
                       HEIGHT="43"
                       WIDTH="177"
                       VPOS="96"
                       HPOS="99">
               <Shape>
                  <Polygon POINTS="99,96 276,96 276,139 99,139"/>
               </Shape>
            </TextBlock>
            <TextBlock ID="region_1719307713447_251"
                       HEIGHT="364"
                       WIDTH="642"
                       VPOS="168"
                       HPOS="95">
               <Shape>
                  <Polygon POINTS="95,168 737,168 737,532 95,532"/>
               </Shape>
            </TextBlock>
            <TextBlock ID="region_1719307723753_254"
                       HEIGHT="483"
                       WIDTH="607"
                       VPOS="572"
                       HPOS="126">
               <Shape>
                  <Polygon POINTS="126,572 733,572 733,1055 126,1055"/>
               </Shape>
            </TextBlock>
            <TextBlock ID="region_1719307732181_257"
                       HEIGHT="139"
                       WIDTH="635"
                       VPOS="1187"
                       HPOS="108">
               <Shape>
                  <Polygon POINTS="108,1326 743,1326 743,1187 108,1187"/>
               </Shape>
            </TextBlock>
            <GraphicalElement ID="Separator_1719307705958_248"
                              HEIGHT="52"
                              WIDTH="629"
                              VPOS="1092"
                              HPOS="108"/>
         </PrintSpace>
      </Page>
   </Layout>
</alto>
