<?xml version="1.0" encoding="UTF-8"?>
<alto xmlns:xsi="http://www.w3.org/2001/XMLSchema-instance"
      xmlns="http://www.loc.gov/standards/alto/ns-v4#"
      xsi:schemaLocation="http://www.loc.gov/standards/alto/ns-v4# http://www.loc.gov/standards/alto/v4/alto-4-2.xsd">
  <Description>
    <MeasurementUnit>pixel</MeasurementUnit>
    <sourceImageInformation>
      <fileName>1800,_Poetische_Werke,_Bohn,_Bd._1,_VD18_80461433_Seite_176_Bild_0001.jpg</fileName>
    </sourceImageInformation>
  </Description>
  <Tags>
    <OtherTag ID="BT1" LABEL="Title" DESCRIPTION="block type Title"/><OtherTag ID="BT2" LABEL="Main" DESCRIPTION="block type Main"/><OtherTag ID="BT3" LABEL="Commentary" DESCRIPTION="block type Commentary"/><OtherTag ID="BT4" LABEL="Illustration" DESCRIPTION="block type Illustration"/><OtherTag ID="BT3205" LABEL="heading" DESCRIPTION="block type heading"/><OtherTag ID="BT3206" LABEL="paragraph" DESCRIPTION="block type paragraph"/><OtherTag ID="BT3207" LABEL="footnote" DESCRIPTION="block type footnote"/>
  </Tags>
  <Layout>
    <Page WIDTH="1869"
          HEIGHT="2751"
          PHYSICAL_IMG_NR="5"
          ID="eSc_dummypage_">
      <PrintSpace HPOS="0"
                  VPOS="0"
                  WIDTH="1869"
                  HEIGHT="2751">
        <TextBlock HPOS="685"
                   VPOS="526"
                   WIDTH="1043"
                   HEIGHT="272"
                   ID="region_1720346412645_402"
                   TAGREFS="BT3206">
          <Shape><Polygon POINTS="1728 798 685 797 688 610 759 612 761 531 1728 526"/></Shape>
          <TextLine ID="eSc_line_2e34bffb"
                    BASELINE="760 596 1639 605" 
                    HPOS="760"
                    VPOS="596"
                    WIDTH="879"
                    HEIGHT="9">
	    <String CONTENT=""
                    HPOS="760"
                    VPOS="596"
                    WIDTH="879"
                    HEIGHT="9"></String>
          </TextLine>
          <TextLine ID="eSc_line_c20df34d"
                    BASELINE="693 663 1712 669" 
                    HPOS="693"
                    VPOS="663"
                    WIDTH="1019"
                    HEIGHT="6">
	    <String CONTENT=""
                    HPOS="693"
                    VPOS="663"
                    WIDTH="1019"
                    HEIGHT="6"></String>
          </TextLine>
          <TextLine ID="eSc_line_5c577920"
                    BASELINE="687 720 1443 736" 
                    HPOS="687"
                    VPOS="720"
                    WIDTH="756"
                    HEIGHT="16">
	    <String CONTENT=""
                    HPOS="687"
                    VPOS="720"
                    WIDTH="756"
                    HEIGHT="16"></String>
          </TextLine>
          <TextLine ID="eSc_line_77a53903"
                    BASELINE="688 787 1371 790" 
                    HPOS="688"
                    VPOS="787"
                    WIDTH="683"
                    HEIGHT="3">
	    <String CONTENT=""
                    HPOS="688"
                    VPOS="787"
                    WIDTH="683"
                    HEIGHT="3"></String>
          </TextLine>
        </TextBlock>
        <TextBlock HPOS="1002"
                   VPOS="456"
                   WIDTH="391"
                   HEIGHT="60"
                   ID="region_1720346405033_396"
                   TAGREFS="BT3205">
          <Shape><Polygon POINTS="1390 516 1002 516 1013 456 1393 456"/></Shape>
          <TextLine ID="eSc_line_3512143c"
                    BASELINE="1034 511 1382 511" 
                    HPOS="1034"
                    VPOS="511"
                    WIDTH="348"
                    HEIGHT="0">
	    <String CONTENT=""
                    HPOS="1034"
                    VPOS="511"
                    WIDTH="348"
                    HEIGHT="0"></String>
          </TextLine>
        </TextBlock>
        <TextBlock HPOS="1161"
                   VPOS="358"
                   WIDTH="96"
                   HEIGHT="76"
                   ID="region_1720346399493_393"
                   TAGREFS="BT3205">
          <Shape><Polygon POINTS="1257 434 1161 434 1161 358 1247 363"/></Shape>
          <TextLine ID="eSc_line_85f7469b"
                    BASELINE="1163 420 1254 421" 
                    HPOS="1163"
                    VPOS="420"
                    WIDTH="91"
                    HEIGHT="1">
	    <String CONTENT=""
                    HPOS="1163"
                    VPOS="420"
                    WIDTH="91"
                    HEIGHT="1"></String>
          </TextLine>
        </TextBlock>
        <TextBlock HPOS="661"
                   VPOS="1039"
                   WIDTH="1065"
                   HEIGHT="523"
                   ID="region_1720346423117_411"
                   TAGREFS="BT3206">
          <Shape><Polygon POINTS="1726 1561 661 1562 670 1107 739 1107 739 1044 1726 1039"/></Shape>
          <TextLine ID="eSc_line_c3f5f064"
                    BASELINE="741 1095 1603 1112" 
                    HPOS="741"
                    VPOS="1095"
                    WIDTH="862"
                    HEIGHT="17">
	    <String CONTENT=""
                    HPOS="741"
                    VPOS="1095"
                    WIDTH="862"
                    HEIGHT="17"></String>
          </TextLine>
          <TextLine ID="eSc_line_5df6cb4f"
                    BASELINE="686 1163 1264 1164" 
                    HPOS="686"
                    VPOS="1163"
                    WIDTH="578"
                    HEIGHT="1">
	    <String CONTENT=""
                    HPOS="686"
                    VPOS="1163"
                    WIDTH="578"
                    HEIGHT="1"></String>
          </TextLine>
          <TextLine ID="eSc_line_bbcfb9a3"
                    BASELINE="677 1222 1370 1226" 
                    HPOS="677"
                    VPOS="1222"
                    WIDTH="693"
                    HEIGHT="4">
	    <String CONTENT=""
                    HPOS="677"
                    VPOS="1222"
                    WIDTH="693"
                    HEIGHT="4"></String>
          </TextLine>
          <TextLine ID="eSc_line_f4981b85"
                    BASELINE="677 1278 1718 1293" 
                    HPOS="677"
                    VPOS="1278"
                    WIDTH="1041"
                    HEIGHT="15">
	    <String CONTENT=""
                    HPOS="677"
                    VPOS="1278"
                    WIDTH="1041"
                    HEIGHT="15"></String>
          </TextLine>
          <TextLine ID="eSc_line_25274805"
                    BASELINE="679 1340 1578 1349" 
                    HPOS="679"
                    VPOS="1340"
                    WIDTH="899"
                    HEIGHT="9">
	    <String CONTENT=""
                    HPOS="679"
                    VPOS="1340"
                    WIDTH="899"
                    HEIGHT="9"></String>
          </TextLine>
          <TextLine ID="eSc_line_d304a44b"
                    BASELINE="689 1400 1617 1412" 
                    HPOS="689"
                    VPOS="1400"
                    WIDTH="928"
                    HEIGHT="12">
	    <String CONTENT=""
                    HPOS="689"
                    VPOS="1400"
                    WIDTH="928"
                    HEIGHT="12"></String>
          </TextLine>
          <TextLine ID="eSc_line_eca555a5"
                    BASELINE="678 1469 1578 1478" 
                    HPOS="678"
                    VPOS="1469"
                    WIDTH="900"
                    HEIGHT="9">
	    <String CONTENT=""
                    HPOS="678"
                    VPOS="1469"
                    WIDTH="900"
                    HEIGHT="9"></String>
          </TextLine>
          <TextLine ID="eSc_line_1a53d352"
                    BASELINE="683 1531 1600 1534" 
                    HPOS="683"
                    VPOS="1531"
                    WIDTH="917"
                    HEIGHT="3">
	    <String CONTENT=""
                    HPOS="683"
                    VPOS="1531"
                    WIDTH="917"
                    HEIGHT="3"></String>
          </TextLine>
        </TextBlock>
        <TextBlock HPOS="870"
                   VPOS="944"
                   WIDTH="667"
                   HEIGHT="82"
                   ID="region_1720346416149_405"
                   TAGREFS="BT3205">
          <Shape><Polygon POINTS="1537 1026 870 1026 870 944 1517 947"/></Shape>
          <TextLine ID="eSc_line_02a99fc7"
                    BASELINE="889 1013 1525 1019" 
                    HPOS="889"
                    VPOS="1013"
                    WIDTH="636"
                    HEIGHT="6">
	    <String CONTENT=""
                    HPOS="889"
                    VPOS="1013"
                    WIDTH="636"
                    HEIGHT="6"></String>
          </TextLine>
        </TextBlock>
        <TextBlock HPOS="879"
                   VPOS="1681"
                   WIDTH="640"
                   HEIGHT="74"
                   ID="region_1720346448361_414"
                   TAGREFS="BT3205">
          <Shape><Polygon POINTS="1507 1755 879 1755 879 1684 1519 1681"/></Shape>
          <TextLine ID="eSc_line_f2f770d6"
                    BASELINE="893 1752 1503 1752" 
                    HPOS="893"
                    VPOS="1752"
                    WIDTH="610"
                    HEIGHT="0">
	    <String CONTENT=""
                    HPOS="893"
                    VPOS="1752"
                    WIDTH="610"
                    HEIGHT="0"></String>
          </TextLine>
        </TextBlock>
        <TextBlock HPOS="668"
                   VPOS="1767"
                   WIDTH="940"
                   HEIGHT="243"
                   ID="region_1720346454475_420"
                   TAGREFS="BT3206">
          <Shape><Polygon POINTS="1608 2010 676 1999 668 1844 733 1843 735 1776 1608 1767"/></Shape>
          <TextLine ID="eSc_line_cc7d77a9"
                    BASELINE="674 1899 1296 1909" 
                    HPOS="674"
                    VPOS="1899"
                    WIDTH="622"
                    HEIGHT="10">
	    <String CONTENT=""
                    HPOS="674"
                    VPOS="1899"
                    WIDTH="622"
                    HEIGHT="10"></String>
          </TextLine>
          <TextLine ID="eSc_line_5cf28c3a"
                    BASELINE="676 1965 1521 1970" 
                    HPOS="676"
                    VPOS="1965"
                    WIDTH="845"
                    HEIGHT="5">
	    <String CONTENT=""
                    HPOS="676"
                    VPOS="1965"
                    WIDTH="845"
                    HEIGHT="5"></String>
          </TextLine>
        </TextBlock>
        <TextBlock HPOS="628"
                   VPOS="2078"
                   WIDTH="1101"
                   HEIGHT="296"
                   ID="region_1720346459325_423"
                   TAGREFS="BT3207">
          <Shape><Polygon POINTS="1711 2373 628 2374 628 2078 1729 2078"/></Shape>
          <TextLine ID="eSc_line_7d88728e"
                    BASELINE="738 2168 1715 2172" 
                    HPOS="738"
                    VPOS="2168"
                    WIDTH="977"
                    HEIGHT="4">
	    <String CONTENT=""
                    HPOS="738"
                    VPOS="2168"
                    WIDTH="977"
                    HEIGHT="4"></String>
          </TextLine>
          <TextLine ID="eSc_line_04bcb0bb"
                    BASELINE="660 2206 1711 2216" 
                    HPOS="660"
                    VPOS="2206"
                    WIDTH="1051"
                    HEIGHT="10">
	    <String CONTENT=""
                    HPOS="660"
                    VPOS="2206"
                    WIDTH="1051"
                    HEIGHT="10"></String>
          </TextLine>
          <TextLine ID="eSc_line_d13f79e4"
                    BASELINE="655 2252 1714 2255" 
                    HPOS="655"
                    VPOS="2252"
                    WIDTH="1059"
                    HEIGHT="3">
	    <String CONTENT=""
                    HPOS="655"
                    VPOS="2252"
                    WIDTH="1059"
                    HEIGHT="3"></String>
          </TextLine>
          <TextLine ID="eSc_line_6ebbef6c"
                    BASELINE="648 2294 1706 2299" 
                    HPOS="648"
                    VPOS="2294"
                    WIDTH="1058"
                    HEIGHT="5">
	    <String CONTENT=""
                    HPOS="648"
                    VPOS="2294"
                    WIDTH="1058"
                    HEIGHT="5"></String>
          </TextLine>
          <TextLine ID="eSc_line_3ddd2c87"
                    BASELINE="647 2334 1046 2341" 
                    HPOS="647"
                    VPOS="2334"
                    WIDTH="399"
                    HEIGHT="7">
	    <String CONTENT=""
                    HPOS="647"
                    VPOS="2334"
                    WIDTH="399"
                    HEIGHT="7"></String>
          </TextLine>
        </TextBlock>
        <TextBlock HPOS="671"
                   VPOS="1773"
                   WIDTH="58"
                   HEIGHT="63"
                   ID="region_1720346451456_417"
                   TAGREFS="BT3206">
          <Shape><Polygon POINTS="725 1836 671 1836 672 1773 729 1774"/></Shape>
        </TextBlock>
        <TextBlock HPOS="684"
                   VPOS="1030"
                   WIDTH="52"
                   HEIGHT="68"
                   ID="region_1720346418577_408"
                   TAGREFS="BT3206">
          <Shape><Polygon POINTS="736 1098 686 1098 684 1030 734 1030"/></Shape>
        </TextBlock>
        <TextBlock HPOS="688"
                   VPOS="531"
                   WIDTH="69"
                   HEIGHT="73"
                   ID="region_1720346408669_399"
                   TAGREFS="BT3206">
          <Shape><Polygon POINTS="757 604 688 604 688 531 757 531"/></Shape>
        </TextBlock>
        <TextBlock ID="eSc_dummyblock_">
          <TextLine ID="eSc_line_fbd168a2"
                    BASELINE="727 1833 1585 1846" 
                    HPOS="727"
                    VPOS="1833"
                    WIDTH="858"
                    HEIGHT="13">
	    <String CONTENT=""
                    HPOS="727"
                    VPOS="1833"
                    WIDTH="858"
                    HEIGHT="13"></String>
          </TextLine>
        </TextBlock>
      </PrintSpace>
    </Page>
  </Layout>
</alto>
