<?xml version="1.0" encoding="UTF-8"?>
<alto xmlns:xsi="http://www.w3.org/2001/XMLSchema-instance"
      xmlns="http://www.loc.gov/standards/alto/ns-v4#"
      xsi:schemaLocation="http://www.loc.gov/standards/alto/ns-v4# http://www.loc.gov/standards/alto/v4/alto-4-2.xsd">
  <Description>
    <MeasurementUnit>pixel</MeasurementUnit>
    <sourceImageInformation>
      <fileName>1800,_Poetische_Werke,_Bohn,_Bd._2,_VD18_80461441_Seite_259_Bild_0001.jpg</fileName>
    </sourceImageInformation>
  </Description>
  <Tags>
    <OtherTag ID="BT1" LABEL="Title" DESCRIPTION="block type Title"/><OtherTag ID="BT2" LABEL="Main" DESCRIPTION="block type Main"/><OtherTag ID="BT3" LABEL="Commentary" DESCRIPTION="block type Commentary"/><OtherTag ID="BT4" LABEL="Illustration" DESCRIPTION="block type Illustration"/><OtherTag ID="BT3205" LABEL="heading" DESCRIPTION="block type heading"/><OtherTag ID="BT3206" LABEL="paragraph" DESCRIPTION="block type paragraph"/><OtherTag ID="BT3207" LABEL="footnote" DESCRIPTION="block type footnote"/>
  </Tags>
  <Layout>
    <Page WIDTH="1866"
          HEIGHT="2730"
          PHYSICAL_IMG_NR="10"
          ID="eSc_dummypage_">
      <PrintSpace HPOS="0"
                  VPOS="0"
                  WIDTH="1866"
                  HEIGHT="2730">
        <TextBlock HPOS="189"
                   VPOS="442"
                   WIDTH="1135"
                   HEIGHT="1601"
                   ID="region_1720778451612_117"
                   TAGREFS="BT3206">
          <Shape><Polygon POINTS="1272 2043 189 2043 189 442 1324 443"/></Shape>
          <TextLine ID="eSc_line_ada569b4"
                    BASELINE="227 514 940 508" 
                    HPOS="227"
                    VPOS="508"
                    WIDTH="713"
                    HEIGHT="6">
	    <String CONTENT=""
                    HPOS="227"
                    VPOS="508"
                    WIDTH="713"
                    HEIGHT="6"></String>
          </TextLine>
          <TextLine ID="eSc_line_ecd6c47c"
                    BASELINE="213 589 1154 575" 
                    HPOS="213"
                    VPOS="575"
                    WIDTH="941"
                    HEIGHT="14">
	    <String CONTENT=""
                    HPOS="213"
                    VPOS="575"
                    WIDTH="941"
                    HEIGHT="14"></String>
          </TextLine>
          <TextLine ID="eSc_line_d93bab68"
                    BASELINE="209 659 1149 644" 
                    HPOS="209"
                    VPOS="644"
                    WIDTH="940"
                    HEIGHT="15">
	    <String CONTENT=""
                    HPOS="209"
                    VPOS="644"
                    WIDTH="940"
                    HEIGHT="15"></String>
          </TextLine>
          <TextLine ID="eSc_line_06e1a7f2"
                    BASELINE="209 728 1014 717" 
                    HPOS="209"
                    VPOS="717"
                    WIDTH="805"
                    HEIGHT="11">
	    <String CONTENT=""
                    HPOS="209"
                    VPOS="717"
                    WIDTH="805"
                    HEIGHT="11"></String>
          </TextLine>
          <TextLine ID="eSc_line_cb4df7ec"
                    BASELINE="213 791 1103 790" 
                    HPOS="213"
                    VPOS="790"
                    WIDTH="890"
                    HEIGHT="1">
	    <String CONTENT=""
                    HPOS="213"
                    VPOS="790"
                    WIDTH="890"
                    HEIGHT="1"></String>
          </TextLine>
          <TextLine ID="eSc_line_c78e02b1"
                    BASELINE="216 863 1069 855" 
                    HPOS="216"
                    VPOS="855"
                    WIDTH="853"
                    HEIGHT="8">
	    <String CONTENT=""
                    HPOS="216"
                    VPOS="855"
                    WIDTH="853"
                    HEIGHT="8"></String>
          </TextLine>
          <TextLine ID="eSc_line_666f1472"
                    BASELINE="221 929 932 927" 
                    HPOS="221"
                    VPOS="927"
                    WIDTH="711"
                    HEIGHT="2">
	    <String CONTENT=""
                    HPOS="221"
                    VPOS="927"
                    WIDTH="711"
                    HEIGHT="2"></String>
          </TextLine>
          <TextLine ID="eSc_line_239f1908"
                    BASELINE="218 1014 1133 996" 
                    HPOS="218"
                    VPOS="996"
                    WIDTH="915"
                    HEIGHT="18">
	    <String CONTENT=""
                    HPOS="218"
                    VPOS="996"
                    WIDTH="915"
                    HEIGHT="18"></String>
          </TextLine>
          <TextLine ID="eSc_line_517b04b8"
                    BASELINE="213 1079 1054 1071" 
                    HPOS="213"
                    VPOS="1071"
                    WIDTH="841"
                    HEIGHT="8">
	    <String CONTENT=""
                    HPOS="213"
                    VPOS="1071"
                    WIDTH="841"
                    HEIGHT="8"></String>
          </TextLine>
          <TextLine ID="eSc_line_52e71b76"
                    BASELINE="213 1136 1176 1128" 
                    HPOS="213"
                    VPOS="1128"
                    WIDTH="963"
                    HEIGHT="8">
	    <String CONTENT=""
                    HPOS="213"
                    VPOS="1128"
                    WIDTH="963"
                    HEIGHT="8"></String>
          </TextLine>
          <TextLine ID="eSc_line_0499a056"
                    BASELINE="210 1220 1080 1204" 
                    HPOS="210"
                    VPOS="1204"
                    WIDTH="870"
                    HEIGHT="16">
	    <String CONTENT=""
                    HPOS="210"
                    VPOS="1204"
                    WIDTH="870"
                    HEIGHT="16"></String>
          </TextLine>
          <TextLine ID="eSc_line_679fb5df"
                    BASELINE="227 1287 1085 1275" 
                    HPOS="227"
                    VPOS="1275"
                    WIDTH="858"
                    HEIGHT="12">
	    <String CONTENT=""
                    HPOS="227"
                    VPOS="1275"
                    WIDTH="858"
                    HEIGHT="12"></String>
          </TextLine>
          <TextLine ID="eSc_line_52ad9f30"
                    BASELINE="212 1355 1115 1352" 
                    HPOS="212"
                    VPOS="1352"
                    WIDTH="903"
                    HEIGHT="3">
	    <String CONTENT=""
                    HPOS="212"
                    VPOS="1352"
                    WIDTH="903"
                    HEIGHT="3"></String>
          </TextLine>
          <TextLine ID="eSc_line_3d5595bf"
                    BASELINE="219 1426 1118 1420" 
                    HPOS="219"
                    VPOS="1420"
                    WIDTH="899"
                    HEIGHT="6">
	    <String CONTENT=""
                    HPOS="219"
                    VPOS="1420"
                    WIDTH="899"
                    HEIGHT="6"></String>
          </TextLine>
          <TextLine ID="eSc_line_5620692a"
                    BASELINE="211 1500 1124 1488" 
                    HPOS="211"
                    VPOS="1488"
                    WIDTH="913"
                    HEIGHT="12">
	    <String CONTENT=""
                    HPOS="211"
                    VPOS="1488"
                    WIDTH="913"
                    HEIGHT="12"></String>
          </TextLine>
          <TextLine ID="eSc_line_6c1a5ce4"
                    BASELINE="214 1562 1031 1550" 
                    HPOS="214"
                    VPOS="1550"
                    WIDTH="817"
                    HEIGHT="12">
	    <String CONTENT=""
                    HPOS="214"
                    VPOS="1550"
                    WIDTH="817"
                    HEIGHT="12"></String>
          </TextLine>
          <TextLine ID="eSc_line_3c578fb8"
                    BASELINE="200 1634 1219 1626" 
                    HPOS="200"
                    VPOS="1626"
                    WIDTH="1019"
                    HEIGHT="8">
	    <String CONTENT=""
                    HPOS="200"
                    VPOS="1626"
                    WIDTH="1019"
                    HEIGHT="8"></String>
          </TextLine>
          <TextLine ID="eSc_line_75032708"
                    BASELINE="219 1701 1118 1698" 
                    HPOS="219"
                    VPOS="1698"
                    WIDTH="899"
                    HEIGHT="3">
	    <String CONTENT=""
                    HPOS="219"
                    VPOS="1698"
                    WIDTH="899"
                    HEIGHT="3"></String>
          </TextLine>
          <TextLine ID="eSc_line_11d924ae"
                    BASELINE="225 1779 1157 1775" 
                    HPOS="225"
                    VPOS="1775"
                    WIDTH="932"
                    HEIGHT="4">
	    <String CONTENT=""
                    HPOS="225"
                    VPOS="1775"
                    WIDTH="932"
                    HEIGHT="4"></String>
          </TextLine>
          <TextLine ID="eSc_line_ce16e3fe"
                    BASELINE="221 1845 1205 1841" 
                    HPOS="221"
                    VPOS="1841"
                    WIDTH="984"
                    HEIGHT="4">
	    <String CONTENT=""
                    HPOS="221"
                    VPOS="1841"
                    WIDTH="984"
                    HEIGHT="4"></String>
          </TextLine>
          <TextLine ID="eSc_line_12c70e9b"
                    BASELINE="231 1915 997 1910" 
                    HPOS="231"
                    VPOS="1910"
                    WIDTH="766"
                    HEIGHT="5">
	    <String CONTENT=""
                    HPOS="231"
                    VPOS="1910"
                    WIDTH="766"
                    HEIGHT="5"></String>
          </TextLine>
          <TextLine ID="eSc_line_4da45636"
                    BASELINE="230 1988 1032 1987" 
                    HPOS="230"
                    VPOS="1987"
                    WIDTH="802"
                    HEIGHT="1">
	    <String CONTENT=""
                    HPOS="230"
                    VPOS="1987"
                    WIDTH="802"
                    HEIGHT="1"></String>
          </TextLine>
        </TextBlock>
        <TextBlock HPOS="668"
                   VPOS="337"
                   WIDTH="140"
                   HEIGHT="77"
                   ID="region_1720778446064_114"
                   TAGREFS="BT3205">
          <Shape><Polygon POINTS="803 391 668 414 668 337 808 337"/></Shape>
          <TextLine ID="eSc_line_e80898fe"
                    BASELINE="690 392 797 390" 
                    HPOS="690"
                    VPOS="390"
                    WIDTH="107"
                    HEIGHT="2">
	    <String CONTENT=""
                    HPOS="690"
                    VPOS="390"
                    WIDTH="107"
                    HEIGHT="2"></String>
          </TextLine>
        </TextBlock>
        <TextBlock HPOS="201"
                   VPOS="2195"
                   WIDTH="1112"
                   HEIGHT="143"
                   ID="region_1720778467437_126"
                   TAGREFS="BT3207">
          <Shape><Polygon POINTS="1313 2338 201 2338 223 2212 1308 2195"/></Shape>
          <TextLine ID="eSc_line_5260ed6e"
                    BASELINE="270 2282 1284 2278" 
                    HPOS="270"
                    VPOS="2278"
                    WIDTH="1014"
                    HEIGHT="4">
	    <String CONTENT=""
                    HPOS="270"
                    VPOS="2278"
                    WIDTH="1014"
                    HEIGHT="4"></String>
          </TextLine>
          <TextLine ID="eSc_line_7ee6a846"
                    BASELINE="233 2326 1138 2324" 
                    HPOS="233"
                    VPOS="2324"
                    WIDTH="905"
                    HEIGHT="2">
	    <String CONTENT=""
                    HPOS="233"
                    VPOS="2324"
                    WIDTH="905"
                    HEIGHT="2"></String>
          </TextLine>
        </TextBlock>
        <TextBlock HPOS="271"
                   VPOS="2345"
                   WIDTH="94"
                   HEIGHT="55"
                   ID="region_1720778458777_120"
                   TAGREFS="BT3205">
          <Shape><Polygon POINTS="271 2345 345 2345 365 2400 271 2398"/></Shape>
          <TextLine ID="eSc_line_18024178"
                    BASELINE="279 2389 333 2389" 
                    HPOS="279"
                    VPOS="2389"
                    WIDTH="54"
                    HEIGHT="0">
	    <String CONTENT=""
                    HPOS="279"
                    VPOS="2389"
                    WIDTH="54"
                    HEIGHT="0"></String>
          </TextLine>
        </TextBlock>
        <TextBlock HPOS="759"
                   VPOS="2346"
                   WIDTH="81"
                   HEIGHT="50"
                   ID="region_1720778462629_123"
                   TAGREFS="BT3205">
          <Shape><Polygon POINTS="840 2393 759 2396 759 2346 824 2346"/></Shape>
          <TextLine ID="eSc_line_354cf3dd"
                    BASELINE="770 2384 817 2386" 
                    HPOS="770"
                    VPOS="2384"
                    WIDTH="47"
                    HEIGHT="2">
	    <String CONTENT=""
                    HPOS="770"
                    VPOS="2384"
                    WIDTH="47"
                    HEIGHT="2"></String>
          </TextLine>
        </TextBlock>
      </PrintSpace>
    </Page>
  </Layout>
</alto>
