<?xml version="1.0" encoding="UTF-8"?>
<alto xmlns:xsi="http://www.w3.org/2001/XMLSchema-instance"
      xmlns="http://www.loc.gov/standards/alto/ns-v4#"
      xsi:schemaLocation="http://www.loc.gov/standards/alto/ns-v4# http://www.loc.gov/standards/alto/v4/alto-4-2.xsd">
  <Description>
    <MeasurementUnit>pixel</MeasurementUnit>
    <sourceImageInformation>
      <fileName>1800,_Poetische_Werke,_Bohn,_Bd._2,_VD18_80461441_Seite_262_Bild_0001.jpg</fileName>
    </sourceImageInformation>
  </Description>
  <Tags>
    <OtherTag ID="BT1" LABEL="Title" DESCRIPTION="block type Title"/><OtherTag ID="BT2" LABEL="Main" DESCRIPTION="block type Main"/><OtherTag ID="BT3" LABEL="Commentary" DESCRIPTION="block type Commentary"/><OtherTag ID="BT4" LABEL="Illustration" DESCRIPTION="block type Illustration"/><OtherTag ID="BT3205" LABEL="heading" DESCRIPTION="block type heading"/><OtherTag ID="BT3206" LABEL="paragraph" DESCRIPTION="block type paragraph"/><OtherTag ID="BT3207" LABEL="footnote" DESCRIPTION="block type footnote"/>
  </Tags>
  <Layout>
    <Page WIDTH="1866"
          HEIGHT="2730"
          PHYSICAL_IMG_NR="4"
          ID="eSc_dummypage_">
      <PrintSpace HPOS="0"
                  VPOS="0"
                  WIDTH="1866"
                  HEIGHT="2730">
        <TextBlock HPOS="554"
                   VPOS="440"
                   WIDTH="1124"
                   HEIGHT="1964"
                   ID="region_1718901407272_104"
                   TAGREFS="BT3206">
          <Shape><Polygon POINTS="1673 2366 554 2404 566 440 1678 446"/></Shape>
          <TextLine ID="eSc_line_14247896"
                    BASELINE="618 520 1467 517" 
                    HPOS="618"
                    VPOS="517"
                    WIDTH="849"
                    HEIGHT="3">
	    <String CONTENT=""
                    HPOS="618"
                    VPOS="517"
                    WIDTH="849"
                    HEIGHT="3"></String>
          </TextLine>
          <TextLine ID="eSc_line_580ca7cb"
                    BASELINE="616 582 1486 582" 
                    HPOS="616"
                    VPOS="582"
                    WIDTH="870"
                    HEIGHT="0">
	    <String CONTENT=""
                    HPOS="616"
                    VPOS="582"
                    WIDTH="870"
                    HEIGHT="0"></String>
          </TextLine>
          <TextLine ID="eSc_line_8e48d2a4"
                    BASELINE="622 653 1530 656" 
                    HPOS="622"
                    VPOS="653"
                    WIDTH="908"
                    HEIGHT="3">
	    <String CONTENT=""
                    HPOS="622"
                    VPOS="653"
                    WIDTH="908"
                    HEIGHT="3"></String>
          </TextLine>
          <TextLine ID="eSc_line_caa5b348"
                    BASELINE="622 725 1445 728" 
                    HPOS="622"
                    VPOS="725"
                    WIDTH="823"
                    HEIGHT="3">
	    <String CONTENT=""
                    HPOS="622"
                    VPOS="725"
                    WIDTH="823"
                    HEIGHT="3"></String>
          </TextLine>
          <TextLine ID="eSc_line_967d166b"
                    BASELINE="614 798 1418 795" 
                    HPOS="614"
                    VPOS="795"
                    WIDTH="804"
                    HEIGHT="3">
	    <String CONTENT=""
                    HPOS="614"
                    VPOS="795"
                    WIDTH="804"
                    HEIGHT="3"></String>
          </TextLine>
          <TextLine ID="eSc_line_c43e99af"
                    BASELINE="612 872 1433 875" 
                    HPOS="612"
                    VPOS="872"
                    WIDTH="821"
                    HEIGHT="3">
	    <String CONTENT=""
                    HPOS="612"
                    VPOS="872"
                    WIDTH="821"
                    HEIGHT="3"></String>
          </TextLine>
          <TextLine ID="eSc_line_b988c223"
                    BASELINE="611 931 1564 939" 
                    HPOS="611"
                    VPOS="931"
                    WIDTH="953"
                    HEIGHT="8">
	    <String CONTENT=""
                    HPOS="611"
                    VPOS="931"
                    WIDTH="953"
                    HEIGHT="8"></String>
          </TextLine>
          <TextLine ID="eSc_line_dce3c8ee"
                    BASELINE="612 1008 1434 1008" 
                    HPOS="612"
                    VPOS="1008"
                    WIDTH="822"
                    HEIGHT="0">
	    <String CONTENT=""
                    HPOS="612"
                    VPOS="1008"
                    WIDTH="822"
                    HEIGHT="0"></String>
          </TextLine>
          <TextLine ID="eSc_line_0e2d1739"
                    BASELINE="618 1074 1476 1078" 
                    HPOS="618"
                    VPOS="1074"
                    WIDTH="858"
                    HEIGHT="4">
	    <String CONTENT=""
                    HPOS="618"
                    VPOS="1074"
                    WIDTH="858"
                    HEIGHT="4"></String>
          </TextLine>
          <TextLine ID="eSc_line_8715966d"
                    BASELINE="617 1144 1521 1141" 
                    HPOS="617"
                    VPOS="1141"
                    WIDTH="904"
                    HEIGHT="3">
	    <String CONTENT=""
                    HPOS="617"
                    VPOS="1141"
                    WIDTH="904"
                    HEIGHT="3"></String>
          </TextLine>
          <TextLine ID="eSc_line_bc649258"
                    BASELINE="679 1353 1506 1356" 
                    HPOS="679"
                    VPOS="1353"
                    WIDTH="827"
                    HEIGHT="3">
	    <String CONTENT=""
                    HPOS="679"
                    VPOS="1353"
                    WIDTH="827"
                    HEIGHT="3"></String>
          </TextLine>
          <TextLine ID="eSc_line_89411d2d"
                    BASELINE="621 1431 1516 1433" 
                    HPOS="621"
                    VPOS="1431"
                    WIDTH="895"
                    HEIGHT="2">
	    <String CONTENT=""
                    HPOS="621"
                    VPOS="1431"
                    WIDTH="895"
                    HEIGHT="2"></String>
          </TextLine>
          <TextLine ID="eSc_line_dd4fbc23"
                    BASELINE="611 1496 1349 1498" 
                    HPOS="611"
                    VPOS="1496"
                    WIDTH="738"
                    HEIGHT="2">
	    <String CONTENT=""
                    HPOS="611"
                    VPOS="1496"
                    WIDTH="738"
                    HEIGHT="2"></String>
          </TextLine>
          <TextLine ID="eSc_line_077f2369"
                    BASELINE="617 1566 1480 1569" 
                    HPOS="617"
                    VPOS="1566"
                    WIDTH="863"
                    HEIGHT="3">
	    <String CONTENT=""
                    HPOS="617"
                    VPOS="1566"
                    WIDTH="863"
                    HEIGHT="3"></String>
          </TextLine>
          <TextLine ID="eSc_line_e84ad0d3"
                    BASELINE="624 1641 1420 1638" 
                    HPOS="624"
                    VPOS="1638"
                    WIDTH="796"
                    HEIGHT="3">
	    <String CONTENT=""
                    HPOS="624"
                    VPOS="1638"
                    WIDTH="796"
                    HEIGHT="3"></String>
          </TextLine>
          <TextLine ID="eSc_line_0216bd06"
                    BASELINE="630 1708 1422 1713" 
                    HPOS="630"
                    VPOS="1708"
                    WIDTH="792"
                    HEIGHT="5">
	    <String CONTENT=""
                    HPOS="630"
                    VPOS="1708"
                    WIDTH="792"
                    HEIGHT="5"></String>
          </TextLine>
          <TextLine ID="eSc_line_fb4f4afd"
                    BASELINE="621 1775 1405 1769" 
                    HPOS="621"
                    VPOS="1769"
                    WIDTH="784"
                    HEIGHT="6">
	    <String CONTENT=""
                    HPOS="621"
                    VPOS="1769"
                    WIDTH="784"
                    HEIGHT="6"></String>
          </TextLine>
          <TextLine ID="eSc_line_08c3865c"
                    BASELINE="633 1849 1436 1844" 
                    HPOS="633"
                    VPOS="1844"
                    WIDTH="803"
                    HEIGHT="5">
	    <String CONTENT=""
                    HPOS="633"
                    VPOS="1844"
                    WIDTH="803"
                    HEIGHT="5"></String>
          </TextLine>
          <TextLine ID="eSc_line_ca800130"
                    BASELINE="644 1925 1623 1916" 
                    HPOS="644"
                    VPOS="1916"
                    WIDTH="979"
                    HEIGHT="9">
	    <String CONTENT=""
                    HPOS="644"
                    VPOS="1916"
                    WIDTH="979"
                    HEIGHT="9"></String>
          </TextLine>
          <TextLine ID="eSc_line_871c0ff2"
                    BASELINE="638 1984 1675 1989" 
                    HPOS="638"
                    VPOS="1984"
                    WIDTH="1037"
                    HEIGHT="5">
	    <String CONTENT=""
                    HPOS="638"
                    VPOS="1984"
                    WIDTH="1037"
                    HEIGHT="5"></String>
          </TextLine>
          <TextLine ID="eSc_line_8c285e70"
                    BASELINE="1240 2054 1349 2054" 
                    HPOS="1240"
                    VPOS="2054"
                    WIDTH="109"
                    HEIGHT="0">
	    <String CONTENT=""
                    HPOS="1240"
                    VPOS="2054"
                    WIDTH="109"
                    HEIGHT="0"></String>
          </TextLine>
          <TextLine ID="eSc_line_0f03bf79"
                    BASELINE="620 2127 1492 2126" 
                    HPOS="620"
                    VPOS="2126"
                    WIDTH="872"
                    HEIGHT="1">
	    <String CONTENT=""
                    HPOS="620"
                    VPOS="2126"
                    WIDTH="872"
                    HEIGHT="1"></String>
          </TextLine>
          <TextLine ID="eSc_line_f1d9aa3d"
                    BASELINE="647 2196 1536 2196" 
                    HPOS="647"
                    VPOS="2196"
                    WIDTH="889"
                    HEIGHT="0">
	    <String CONTENT=""
                    HPOS="647"
                    VPOS="2196"
                    WIDTH="889"
                    HEIGHT="0"></String>
          </TextLine>
          <TextLine ID="eSc_line_c8bf4643"
                    BASELINE="636 2276 1320 2261" 
                    HPOS="636"
                    VPOS="2261"
                    WIDTH="684"
                    HEIGHT="15">
	    <String CONTENT=""
                    HPOS="636"
                    VPOS="2261"
                    WIDTH="684"
                    HEIGHT="15"></String>
          </TextLine>
          <TextLine ID="eSc_line_a2d6c4fe"
                    BASELINE="639 2350 1479 2333" 
                    HPOS="639"
                    VPOS="2333"
                    WIDTH="840"
                    HEIGHT="17">
	    <String CONTENT=""
                    HPOS="639"
                    VPOS="2333"
                    WIDTH="840"
                    HEIGHT="17"></String>
          </TextLine>
        </TextBlock>
        <TextBlock HPOS="1059"
                   VPOS="333"
                   WIDTH="202"
                   HEIGHT="86"
                   ID="region_1718901403520_101"
                   TAGREFS="BT3205">
          <Shape><Polygon POINTS="1225 419 1059 419 1059 335 1261 333"/></Shape>
          <TextLine ID="eSc_line_f4633fea"
                    BASELINE="1090 411 1196 411" 
                    HPOS="1090"
                    VPOS="411"
                    WIDTH="106"
                    HEIGHT="0">
	    <String CONTENT=""
                    HPOS="1090"
                    VPOS="411"
                    WIDTH="106"
                    HEIGHT="0"></String>
          </TextLine>
        </TextBlock>
      </PrintSpace>
    </Page>
  </Layout>
</alto>
