<?xml version="1.0" encoding="UTF-8"?>
<alto xmlns:xsi="http://www.w3.org/2001/XMLSchema-instance"
      xmlns="http://www.loc.gov/standards/alto/ns-v4#"
      xsi:schemaLocation="http://www.loc.gov/standards/alto/ns-v4# http://www.loc.gov/standards/alto/v4/alto-4-2.xsd">
  <Description>
    <MeasurementUnit>pixel</MeasurementUnit>
    <sourceImageInformation>
      <fileName>1800,_Poetische_Werke,_Bohn,_Bd._5,_VD18_80461476_Seite_299_Bild_0001.jpg</fileName>
    </sourceImageInformation>
  </Description>
  <Tags>
    <OtherTag ID="BT1" LABEL="Title" DESCRIPTION="block type Title"/><OtherTag ID="BT2" LABEL="Main" DESCRIPTION="block type Main"/><OtherTag ID="BT3" LABEL="Commentary" DESCRIPTION="block type Commentary"/><OtherTag ID="BT4" LABEL="Illustration" DESCRIPTION="block type Illustration"/><OtherTag ID="BT3205" LABEL="heading" DESCRIPTION="block type heading"/><OtherTag ID="BT3206" LABEL="paragraph" DESCRIPTION="block type paragraph"/><OtherTag ID="BT3207" LABEL="footnote" DESCRIPTION="block type footnote"/>
  </Tags>
  <Layout>
    <Page WIDTH="1872"
          HEIGHT="2838"
          PHYSICAL_IMG_NR="19"
          ID="eSc_dummypage_">
      <PrintSpace HPOS="0"
                  VPOS="0"
                  WIDTH="1872"
                  HEIGHT="2838">
        <TextBlock HPOS="224"
                   VPOS="484"
                   WIDTH="1106"
                   HEIGHT="1964"
                   ID="region_1720167910765_838"
                   TAGREFS="BT3206">
          <Shape><Polygon POINTS="1330 1404 1305 2448 224 2448 226 484 1307 484"/></Shape>
          <TextLine ID="eSc_line_4ea564ff"
                    BASELINE="243 566 1286 563" 
                    HPOS="243"
                    VPOS="563"
                    WIDTH="1043"
                    HEIGHT="3">
	    <String CONTENT=""
                    HPOS="243"
                    VPOS="563"
                    WIDTH="1043"
                    HEIGHT="3"></String>
          </TextLine>
          <TextLine ID="eSc_line_a4477407"
                    BASELINE="242 628 1295 626" 
                    HPOS="242"
                    VPOS="626"
                    WIDTH="1053"
                    HEIGHT="2">
	    <String CONTENT=""
                    HPOS="242"
                    VPOS="626"
                    WIDTH="1053"
                    HEIGHT="2"></String>
          </TextLine>
          <TextLine ID="eSc_line_9ade5ccb"
                    BASELINE="239 694 1288 690" 
                    HPOS="239"
                    VPOS="690"
                    WIDTH="1049"
                    HEIGHT="4">
	    <String CONTENT=""
                    HPOS="239"
                    VPOS="690"
                    WIDTH="1049"
                    HEIGHT="4"></String>
          </TextLine>
          <TextLine ID="eSc_line_d62b2a65"
                    BASELINE="231 760 1296 751" 
                    HPOS="231"
                    VPOS="751"
                    WIDTH="1065"
                    HEIGHT="9">
	    <String CONTENT=""
                    HPOS="231"
                    VPOS="751"
                    WIDTH="1065"
                    HEIGHT="9"></String>
          </TextLine>
          <TextLine ID="eSc_line_cef5a138"
                    BASELINE="238 823 1293 812" 
                    HPOS="238"
                    VPOS="812"
                    WIDTH="1055"
                    HEIGHT="11">
	    <String CONTENT=""
                    HPOS="238"
                    VPOS="812"
                    WIDTH="1055"
                    HEIGHT="11"></String>
          </TextLine>
          <TextLine ID="eSc_line_8dc8b430"
                    BASELINE="235 878 1302 874" 
                    HPOS="235"
                    VPOS="874"
                    WIDTH="1067"
                    HEIGHT="4">
	    <String CONTENT=""
                    HPOS="235"
                    VPOS="874"
                    WIDTH="1067"
                    HEIGHT="4"></String>
          </TextLine>
          <TextLine ID="eSc_line_373455ac"
                    BASELINE="236 947 1286 935" 
                    HPOS="236"
                    VPOS="935"
                    WIDTH="1050"
                    HEIGHT="12">
	    <String CONTENT=""
                    HPOS="236"
                    VPOS="935"
                    WIDTH="1050"
                    HEIGHT="12"></String>
          </TextLine>
          <TextLine ID="eSc_line_8a374202"
                    BASELINE="236 999 1300 999" 
                    HPOS="236"
                    VPOS="999"
                    WIDTH="1064"
                    HEIGHT="0">
	    <String CONTENT=""
                    HPOS="236"
                    VPOS="999"
                    WIDTH="1064"
                    HEIGHT="0"></String>
          </TextLine>
          <TextLine ID="eSc_line_1e7c54e8"
                    BASELINE="240 1055 1306 1057" 
                    HPOS="240"
                    VPOS="1055"
                    WIDTH="1066"
                    HEIGHT="2">
	    <String CONTENT=""
                    HPOS="240"
                    VPOS="1055"
                    WIDTH="1066"
                    HEIGHT="2"></String>
          </TextLine>
          <TextLine ID="eSc_line_a6be34e7"
                    BASELINE="231 1122 1310 1126" 
                    HPOS="231"
                    VPOS="1122"
                    WIDTH="1079"
                    HEIGHT="4">
	    <String CONTENT=""
                    HPOS="231"
                    VPOS="1122"
                    WIDTH="1079"
                    HEIGHT="4"></String>
          </TextLine>
          <TextLine ID="eSc_line_b966e824"
                    BASELINE="232 1182 1310 1180" 
                    HPOS="232"
                    VPOS="1180"
                    WIDTH="1078"
                    HEIGHT="2">
	    <String CONTENT=""
                    HPOS="232"
                    VPOS="1180"
                    WIDTH="1078"
                    HEIGHT="2"></String>
          </TextLine>
          <TextLine ID="eSc_line_94acf533"
                    BASELINE="238 1243 561 1244" 
                    HPOS="238"
                    VPOS="1243"
                    WIDTH="323"
                    HEIGHT="1">
	    <String CONTENT=""
                    HPOS="238"
                    VPOS="1243"
                    WIDTH="323"
                    HEIGHT="1"></String>
          </TextLine>
          <TextLine ID="eSc_line_f05a7167"
                    BASELINE="326 1328 1321 1334" 
                    HPOS="326"
                    VPOS="1328"
                    WIDTH="995"
                    HEIGHT="6">
	    <String CONTENT=""
                    HPOS="326"
                    VPOS="1328"
                    WIDTH="995"
                    HEIGHT="6"></String>
          </TextLine>
          <TextLine ID="eSc_line_ef1ff2bb"
                    BASELINE="231 1387 1298 1387" 
                    HPOS="231"
                    VPOS="1387"
                    WIDTH="1067"
                    HEIGHT="0">
	    <String CONTENT=""
                    HPOS="231"
                    VPOS="1387"
                    WIDTH="1067"
                    HEIGHT="0"></String>
          </TextLine>
          <TextLine ID="eSc_line_1c044a15"
                    BASELINE="246 1448 1306 1448" 
                    HPOS="246"
                    VPOS="1448"
                    WIDTH="1060"
                    HEIGHT="0">
	    <String CONTENT=""
                    HPOS="246"
                    VPOS="1448"
                    WIDTH="1060"
                    HEIGHT="0"></String>
          </TextLine>
          <TextLine ID="eSc_line_dbedc27e"
                    BASELINE="235 1510 348 1510" 
                    HPOS="235"
                    VPOS="1510"
                    WIDTH="113"
                    HEIGHT="0">
	    <String CONTENT=""
                    HPOS="235"
                    VPOS="1510"
                    WIDTH="113"
                    HEIGHT="0"></String>
          </TextLine>
          <TextLine ID="eSc_line_ca340660"
                    BASELINE="370 1582 1308 1578" 
                    HPOS="370"
                    VPOS="1578"
                    WIDTH="938"
                    HEIGHT="4">
	    <String CONTENT=""
                    HPOS="370"
                    VPOS="1578"
                    WIDTH="938"
                    HEIGHT="4"></String>
          </TextLine>
          <TextLine ID="eSc_line_5d1c3a22"
                    BASELINE="863 1640 1023 1633" 
                    HPOS="863"
                    VPOS="1633"
                    WIDTH="160"
                    HEIGHT="7">
	    <String CONTENT=""
                    HPOS="863"
                    VPOS="1633"
                    WIDTH="160"
                    HEIGHT="7"></String>
          </TextLine>
          <TextLine ID="eSc_line_65e315c6"
                    BASELINE="355 1716 1314 1701" 
                    HPOS="355"
                    VPOS="1701"
                    WIDTH="959"
                    HEIGHT="15">
	    <String CONTENT=""
                    HPOS="355"
                    VPOS="1701"
                    WIDTH="959"
                    HEIGHT="15"></String>
          </TextLine>
          <TextLine ID="eSc_line_57c58b6c"
                    BASELINE="843 1763 998 1765" 
                    HPOS="843"
                    VPOS="1763"
                    WIDTH="155"
                    HEIGHT="2">
	    <String CONTENT=""
                    HPOS="843"
                    VPOS="1763"
                    WIDTH="155"
                    HEIGHT="2"></String>
          </TextLine>
          <TextLine ID="eSc_line_34213f5b"
                    BASELINE="302 1845 1294 1839" 
                    HPOS="302"
                    VPOS="1839"
                    WIDTH="992"
                    HEIGHT="6">
	    <String CONTENT=""
                    HPOS="302"
                    VPOS="1839"
                    WIDTH="992"
                    HEIGHT="6"></String>
          </TextLine>
          <TextLine ID="eSc_line_87aa3c75"
                    BASELINE="226 1904 1302 1897" 
                    HPOS="226"
                    VPOS="1897"
                    WIDTH="1076"
                    HEIGHT="7">
	    <String CONTENT=""
                    HPOS="226"
                    VPOS="1897"
                    WIDTH="1076"
                    HEIGHT="7"></String>
          </TextLine>
          <TextLine ID="eSc_line_b837dac3"
                    BASELINE="226 1963 1304 1959" 
                    HPOS="226"
                    VPOS="1959"
                    WIDTH="1078"
                    HEIGHT="4">
	    <String CONTENT=""
                    HPOS="226"
                    VPOS="1959"
                    WIDTH="1078"
                    HEIGHT="4"></String>
          </TextLine>
          <TextLine ID="eSc_line_3b33109f"
                    BASELINE="587 2039 893 2037" 
                    HPOS="587"
                    VPOS="2037"
                    WIDTH="306"
                    HEIGHT="2">
	    <String CONTENT=""
                    HPOS="587"
                    VPOS="2037"
                    WIDTH="306"
                    HEIGHT="2"></String>
          </TextLine>
          <TextLine ID="eSc_line_b4f1cc32"
                    BASELINE="652 2098 1232 2094" 
                    HPOS="652"
                    VPOS="2094"
                    WIDTH="580"
                    HEIGHT="4">
	    <String CONTENT=""
                    HPOS="652"
                    VPOS="2094"
                    WIDTH="580"
                    HEIGHT="4"></String>
          </TextLine>
          <TextLine ID="eSc_line_67bf7e33"
                    BASELINE="358 2164 1292 2154" 
                    HPOS="358"
                    VPOS="2154"
                    WIDTH="934"
                    HEIGHT="10">
	    <String CONTENT=""
                    HPOS="358"
                    VPOS="2154"
                    WIDTH="934"
                    HEIGHT="10"></String>
          </TextLine>
          <TextLine ID="eSc_line_8f87054b"
                    BASELINE="280 2275 1289 2281" 
                    HPOS="280"
                    VPOS="2275"
                    WIDTH="1009"
                    HEIGHT="6">
	    <String CONTENT=""
                    HPOS="280"
                    VPOS="2275"
                    WIDTH="1009"
                    HEIGHT="6"></String>
          </TextLine>
          <TextLine ID="eSc_line_053219a4"
                    BASELINE="854 2219 1022 2221" 
                    HPOS="854"
                    VPOS="2219"
                    WIDTH="168"
                    HEIGHT="2">
	    <String CONTENT=""
                    HPOS="854"
                    VPOS="2219"
                    WIDTH="168"
                    HEIGHT="2"></String>
          </TextLine>
          <TextLine ID="eSc_line_eea229a7"
                    BASELINE="840 2346 1040 2346" 
                    HPOS="840"
                    VPOS="2346"
                    WIDTH="200"
                    HEIGHT="0">
	    <String CONTENT=""
                    HPOS="840"
                    VPOS="2346"
                    WIDTH="200"
                    HEIGHT="0"></String>
          </TextLine>
          <TextLine ID="eSc_line_8d1d3832"
                    BASELINE="361 2419 1222 2422" 
                    HPOS="361"
                    VPOS="2419"
                    WIDTH="861"
                    HEIGHT="3">
	    <String CONTENT=""
                    HPOS="361"
                    VPOS="2419"
                    WIDTH="861"
                    HEIGHT="3"></String>
          </TextLine>
        </TextBlock>
        <TextBlock HPOS="713"
                   VPOS="397"
                   WIDTH="95"
                   HEIGHT="77"
                   ID="region_1720167905753_835"
                   TAGREFS="BT3205">
          <Shape><Polygon POINTS="808 474 713 474 713 410 798 397 808 410"/></Shape>
          <TextLine ID="eSc_line_8a6408ce"
                    BASELINE="722 465 800 468" 
                    HPOS="722"
                    VPOS="465"
                    WIDTH="78"
                    HEIGHT="3">
	    <String CONTENT=""
                    HPOS="722"
                    VPOS="465"
                    WIDTH="78"
                    HEIGHT="3"></String>
          </TextLine>
        </TextBlock>
      </PrintSpace>
    </Page>
  </Layout>
</alto>
