<?xml version="1.0" encoding="UTF-8"?>
<alto xmlns:xsi="http://www.w3.org/2001/XMLSchema-instance"
      xmlns="http://www.loc.gov/standards/alto/ns-v4#"
      xsi:schemaLocation="http://www.loc.gov/standards/alto/ns-v4# http://www.loc.gov/standards/alto/v4/alto-4-2.xsd">
  <Description>
    <MeasurementUnit>pixel</MeasurementUnit>
    <sourceImageInformation>
      <fileName>1800,_Poetische_Werke,_Bohn,_Bd._3,_VD18_8046145X_Seite_202_Bild_0001.jpg</fileName>
    </sourceImageInformation>
  </Description>
  <Tags>
    <OtherTag ID="BT1" LABEL="Title" DESCRIPTION="block type Title"/><OtherTag ID="BT2" LABEL="Main" DESCRIPTION="block type Main"/><OtherTag ID="BT3" LABEL="Commentary" DESCRIPTION="block type Commentary"/><OtherTag ID="BT4" LABEL="Illustration" DESCRIPTION="block type Illustration"/><OtherTag ID="BT3205" LABEL="heading" DESCRIPTION="block type heading"/><OtherTag ID="BT3206" LABEL="paragraph" DESCRIPTION="block type paragraph"/><OtherTag ID="BT3207" LABEL="footnote" DESCRIPTION="block type footnote"/>
  </Tags>
  <Layout>
    <Page WIDTH="1763"
          HEIGHT="2767"
          PHYSICAL_IMG_NR="20"
          ID="eSc_dummypage_">
      <PrintSpace HPOS="0"
                  VPOS="0"
                  WIDTH="1763"
                  HEIGHT="2767">
        <TextBlock HPOS="522"
                   VPOS="448"
                   WIDTH="919"
                   HEIGHT="840"
                   ID="region_1724226397064_146"
                   TAGREFS="BT3206">
          <Shape><Polygon POINTS="1441 990 1434 1288 522 1288 522 448 1434 448"/></Shape>
          <TextLine ID="eSc_line_b32957d2"
                    BASELINE="596 524 1193 524" 
                    HPOS="596"
                    VPOS="524"
                    WIDTH="597"
                    HEIGHT="0">
	    <String CONTENT=""
                    HPOS="596"
                    VPOS="524"
                    WIDTH="597"
                    HEIGHT="0"></String>
          </TextLine>
          <TextLine ID="eSc_line_3f8d5e6b"
                    BASELINE="602 587 1218 589" 
                    HPOS="602"
                    VPOS="587"
                    WIDTH="616"
                    HEIGHT="2">
	    <String CONTENT=""
                    HPOS="602"
                    VPOS="587"
                    WIDTH="616"
                    HEIGHT="2"></String>
          </TextLine>
          <TextLine ID="eSc_line_645d59d8"
                    BASELINE="592 656 1314 652" 
                    HPOS="592"
                    VPOS="652"
                    WIDTH="722"
                    HEIGHT="4">
	    <String CONTENT=""
                    HPOS="592"
                    VPOS="652"
                    WIDTH="722"
                    HEIGHT="4"></String>
          </TextLine>
          <TextLine ID="eSc_line_edd42622"
                    BASELINE="597 704 1425 717" 
                    HPOS="597"
                    VPOS="704"
                    WIDTH="828"
                    HEIGHT="13">
	    <String CONTENT=""
                    HPOS="597"
                    VPOS="704"
                    WIDTH="828"
                    HEIGHT="13"></String>
          </TextLine>
          <TextLine ID="eSc_line_2e658655"
                    BASELINE="585 777 1329 771" 
                    HPOS="585"
                    VPOS="771"
                    WIDTH="744"
                    HEIGHT="6">
	    <String CONTENT=""
                    HPOS="585"
                    VPOS="771"
                    WIDTH="744"
                    HEIGHT="6"></String>
          </TextLine>
          <TextLine ID="eSc_line_a1b56ade"
                    BASELINE="599 840 1293 843" 
                    HPOS="599"
                    VPOS="840"
                    WIDTH="694"
                    HEIGHT="3">
	    <String CONTENT=""
                    HPOS="599"
                    VPOS="840"
                    WIDTH="694"
                    HEIGHT="3"></String>
          </TextLine>
          <TextLine ID="eSc_line_6e240598"
                    BASELINE="636 976 1253 984" 
                    HPOS="636"
                    VPOS="976"
                    WIDTH="617"
                    HEIGHT="8">
	    <String CONTENT=""
                    HPOS="636"
                    VPOS="976"
                    WIDTH="617"
                    HEIGHT="8"></String>
          </TextLine>
          <TextLine ID="eSc_line_32f3a92f"
                    BASELINE="582 1032 1291 1036" 
                    HPOS="582"
                    VPOS="1032"
                    WIDTH="709"
                    HEIGHT="4">
	    <String CONTENT=""
                    HPOS="582"
                    VPOS="1032"
                    WIDTH="709"
                    HEIGHT="4"></String>
          </TextLine>
          <TextLine ID="eSc_line_8a040ba3"
                    BASELINE="580 1093 1401 1104" 
                    HPOS="580"
                    VPOS="1093"
                    WIDTH="821"
                    HEIGHT="11">
	    <String CONTENT=""
                    HPOS="580"
                    VPOS="1093"
                    WIDTH="821"
                    HEIGHT="11"></String>
          </TextLine>
          <TextLine ID="eSc_line_dd1e7d69"
                    BASELINE="567 1149 1268 1156" 
                    HPOS="567"
                    VPOS="1149"
                    WIDTH="701"
                    HEIGHT="7">
	    <String CONTENT=""
                    HPOS="567"
                    VPOS="1149"
                    WIDTH="701"
                    HEIGHT="7"></String>
          </TextLine>
          <TextLine ID="eSc_line_f5f57e28"
                    BASELINE="587 1213 1297 1213" 
                    HPOS="587"
                    VPOS="1213"
                    WIDTH="710"
                    HEIGHT="0">
	    <String CONTENT=""
                    HPOS="587"
                    VPOS="1213"
                    WIDTH="710"
                    HEIGHT="0"></String>
          </TextLine>
          <TextLine ID="eSc_line_6e6c6b14"
                    BASELINE="584 1272 1343 1280" 
                    HPOS="584"
                    VPOS="1272"
                    WIDTH="759"
                    HEIGHT="8">
	    <String CONTENT=""
                    HPOS="584"
                    VPOS="1272"
                    WIDTH="759"
                    HEIGHT="8"></String>
          </TextLine>
        </TextBlock>
        <TextBlock HPOS="972"
                   VPOS="369"
                   WIDTH="135"
                   HEIGHT="72"
                   ID="region_1720166825624_587"
                   TAGREFS="BT3205">
          <Shape><Polygon POINTS="1107 441 989 441 972 403 988 369 1106 369"/></Shape>
          <TextLine ID="eSc_line_9693b54b"
                    BASELINE="986 426 1105 432" 
                    HPOS="986"
                    VPOS="426"
                    WIDTH="119"
                    HEIGHT="6">
	    <String CONTENT=""
                    HPOS="986"
                    VPOS="426"
                    WIDTH="119"
                    HEIGHT="6"></String>
          </TextLine>
        </TextBlock>
        <TextBlock HPOS="545"
                   VPOS="1520"
                   WIDTH="1001"
                   HEIGHT="82"
                   ID="region_1720166875649_603"
                   TAGREFS="BT3207">
          <Shape><Polygon POINTS="1546 1602 545 1602 545 1538 1202 1520 1546 1538"/></Shape>
          <TextLine ID="eSc_line_3a88ef08"
                    BASELINE="562 1590 1545 1593" 
                    HPOS="562"
                    VPOS="1590"
                    WIDTH="983"
                    HEIGHT="3">
	    <String CONTENT=""
                    HPOS="562"
                    VPOS="1590"
                    WIDTH="983"
                    HEIGHT="3"></String>
          </TextLine>
        </TextBlock>
        <TextBlock HPOS="469"
                   VPOS="1621"
                   WIDTH="1121"
                   HEIGHT="785"
                   ID="region_1720166881913_606"
                   TAGREFS="BT3207">
          <Shape><Polygon POINTS="1590 1980 1570 2406 471 2406 469 1621 1568 1621"/></Shape>
          <TextLine ID="eSc_line_00d24de0"
                    BASELINE="552 1674 1549 1676" 
                    HPOS="552"
                    VPOS="1674"
                    WIDTH="997"
                    HEIGHT="2">
	    <String CONTENT=""
                    HPOS="552"
                    VPOS="1674"
                    WIDTH="997"
                    HEIGHT="2"></String>
          </TextLine>
          <TextLine ID="eSc_line_8040834a"
                    BASELINE="482 1716 1558 1721" 
                    HPOS="482"
                    VPOS="1716"
                    WIDTH="1076"
                    HEIGHT="5">
	    <String CONTENT=""
                    HPOS="482"
                    VPOS="1716"
                    WIDTH="1076"
                    HEIGHT="5"></String>
          </TextLine>
          <TextLine ID="eSc_line_2ef04c20"
                    BASELINE="479 1764 1567 1767" 
                    HPOS="479"
                    VPOS="1764"
                    WIDTH="1088"
                    HEIGHT="3">
	    <String CONTENT=""
                    HPOS="479"
                    VPOS="1764"
                    WIDTH="1088"
                    HEIGHT="3"></String>
          </TextLine>
          <TextLine ID="eSc_line_66c89bee"
                    BASELINE="476 1814 885 1805" 
                    HPOS="476"
                    VPOS="1805"
                    WIDTH="409"
                    HEIGHT="9">
	    <String CONTENT=""
                    HPOS="476"
                    VPOS="1805"
                    WIDTH="409"
                    HEIGHT="9"></String>
          </TextLine>
          <TextLine ID="eSc_line_28b5eccf"
                    BASELINE="589 1869 1044 1871" 
                    HPOS="589"
                    VPOS="1869"
                    WIDTH="455"
                    HEIGHT="2">
	    <String CONTENT=""
                    HPOS="589"
                    VPOS="1869"
                    WIDTH="455"
                    HEIGHT="2"></String>
          </TextLine>
          <TextLine ID="eSc_line_b51e302a"
                    BASELINE="588 1920 1024 1922" 
                    HPOS="588"
                    VPOS="1920"
                    WIDTH="436"
                    HEIGHT="2">
	    <String CONTENT=""
                    HPOS="588"
                    VPOS="1920"
                    WIDTH="436"
                    HEIGHT="2"></String>
          </TextLine>
          <TextLine ID="eSc_line_d022ccf3"
                    BASELINE="584 1973 1184 1972" 
                    HPOS="584"
                    VPOS="1972"
                    WIDTH="600"
                    HEIGHT="1">
	    <String CONTENT=""
                    HPOS="584"
                    VPOS="1972"
                    WIDTH="600"
                    HEIGHT="1"></String>
          </TextLine>
          <TextLine ID="eSc_line_75eb720b"
                    BASELINE="1139 2012 1508 2017" 
                    HPOS="1139"
                    VPOS="2012"
                    WIDTH="369"
                    HEIGHT="5">
	    <String CONTENT=""
                    HPOS="1139"
                    VPOS="2012"
                    WIDTH="369"
                    HEIGHT="5"></String>
          </TextLine>
          <TextLine ID="eSc_line_e2a91f81"
                    BASELINE="484 2078 1535 2081" 
                    HPOS="484"
                    VPOS="2078"
                    WIDTH="1051"
                    HEIGHT="3">
	    <String CONTENT=""
                    HPOS="484"
                    VPOS="2078"
                    WIDTH="1051"
                    HEIGHT="3"></String>
          </TextLine>
          <TextLine ID="eSc_line_0bf74f3e"
                    BASELINE="485 2123 1362 2126" 
                    HPOS="485"
                    VPOS="2123"
                    WIDTH="877"
                    HEIGHT="3">
	    <String CONTENT=""
                    HPOS="485"
                    VPOS="2123"
                    WIDTH="877"
                    HEIGHT="3"></String>
          </TextLine>
          <TextLine ID="eSc_line_9ffffc42"
                    BASELINE="556 2192 1200 2197" 
                    HPOS="556"
                    VPOS="2192"
                    WIDTH="644"
                    HEIGHT="5">
	    <String CONTENT=""
                    HPOS="556"
                    VPOS="2192"
                    WIDTH="644"
                    HEIGHT="5"></String>
          </TextLine>
          <TextLine ID="eSc_line_91fd1319"
                    BASELINE="623 2237 1328 2237" 
                    HPOS="623"
                    VPOS="2237"
                    WIDTH="705"
                    HEIGHT="0">
	    <String CONTENT=""
                    HPOS="623"
                    VPOS="2237"
                    WIDTH="705"
                    HEIGHT="0"></String>
          </TextLine>
          <TextLine ID="eSc_line_9586e3c7"
                    BASELINE="631 2277 1478 2283" 
                    HPOS="631"
                    VPOS="2277"
                    WIDTH="847"
                    HEIGHT="6">
	    <String CONTENT=""
                    HPOS="631"
                    VPOS="2277"
                    WIDTH="847"
                    HEIGHT="6"></String>
          </TextLine>
          <TextLine ID="eSc_line_602d3eb5"
                    BASELINE="627 2329 1009 2328" 
                    HPOS="627"
                    VPOS="2328"
                    WIDTH="382"
                    HEIGHT="1">
	    <String CONTENT=""
                    HPOS="627"
                    VPOS="2328"
                    WIDTH="382"
                    HEIGHT="1"></String>
          </TextLine>
          <TextLine ID="eSc_line_5c367b44"
                    BASELINE="1055 2372 1496 2378" 
                    HPOS="1055"
                    VPOS="2372"
                    WIDTH="441"
                    HEIGHT="6">
	    <String CONTENT=""
                    HPOS="1055"
                    VPOS="2372"
                    WIDTH="441"
                    HEIGHT="6"></String>
          </TextLine>
        </TextBlock>
      </PrintSpace>
    </Page>
  </Layout>
</alto>
