<?xml version="1.0" encoding="UTF-8"?>
<alto xmlns:xsi="http://www.w3.org/2001/XMLSchema-instance"
      xmlns="http://www.loc.gov/standards/alto/ns-v4#"
      xsi:schemaLocation="http://www.loc.gov/standards/alto/ns-v4# http://www.loc.gov/standards/alto/v4/alto-4-2.xsd">
  <Description>
    <MeasurementUnit>pixel</MeasurementUnit>
    <sourceImageInformation>
      <fileName>1800,_Poetische_Werke,_Bohn,_Bd._2,_VD18_80461441_Seite_225_Bild_0001.jpg</fileName>
    </sourceImageInformation>
  </Description>
  <Tags>
    <OtherTag ID="BT1" LABEL="Title" DESCRIPTION="block type Title"/><OtherTag ID="BT2" LABEL="Main" DESCRIPTION="block type Main"/><OtherTag ID="BT3" LABEL="Commentary" DESCRIPTION="block type Commentary"/><OtherTag ID="BT4" LABEL="Illustration" DESCRIPTION="block type Illustration"/><OtherTag ID="BT3205" LABEL="heading" DESCRIPTION="block type heading"/><OtherTag ID="BT3206" LABEL="paragraph" DESCRIPTION="block type paragraph"/><OtherTag ID="BT3207" LABEL="footnote" DESCRIPTION="block type footnote"/>
  </Tags>
  <Layout>
    <Page WIDTH="1866"
          HEIGHT="2730"
          PHYSICAL_IMG_NR="8"
          ID="eSc_dummypage_">
      <PrintSpace HPOS="0"
                  VPOS="0"
                  WIDTH="1866"
                  HEIGHT="2730">
        <TextBlock HPOS="295"
                   VPOS="498"
                   WIDTH="817"
                   HEIGHT="810"
                   ID="region_1720777599798_9"
                   TAGREFS="BT3206">
          <Shape><Polygon POINTS="1112 1308 304 1308 295 498 1065 498"/></Shape>
          <TextLine ID="eSc_line_1002a87c"
                    BASELINE="333 574 946 567" 
                    HPOS="333"
                    VPOS="567"
                    WIDTH="613"
                    HEIGHT="7">
	    <String CONTENT=""
                    HPOS="333"
                    VPOS="567"
                    WIDTH="613"
                    HEIGHT="7"></String>
          </TextLine>
          <TextLine ID="eSc_line_10ac9d0c"
                    BASELINE="324 643 995 631" 
                    HPOS="324"
                    VPOS="631"
                    WIDTH="671"
                    HEIGHT="12">
	    <String CONTENT=""
                    HPOS="324"
                    VPOS="631"
                    WIDTH="671"
                    HEIGHT="12"></String>
          </TextLine>
          <TextLine ID="eSc_line_b492e080"
                    BASELINE="319 700 876 686" 
                    HPOS="319"
                    VPOS="686"
                    WIDTH="557"
                    HEIGHT="14">
	    <String CONTENT=""
                    HPOS="319"
                    VPOS="686"
                    WIDTH="557"
                    HEIGHT="14"></String>
          </TextLine>
          <TextLine ID="eSc_line_cd16f9ea"
                    BASELINE="324 758 917 749" 
                    HPOS="324"
                    VPOS="749"
                    WIDTH="593"
                    HEIGHT="9">
	    <String CONTENT=""
                    HPOS="324"
                    VPOS="749"
                    WIDTH="593"
                    HEIGHT="9"></String>
          </TextLine>
          <TextLine ID="eSc_line_3722f7e9"
                    BASELINE="324 816 988 807" 
                    HPOS="324"
                    VPOS="807"
                    WIDTH="664"
                    HEIGHT="9">
	    <String CONTENT=""
                    HPOS="324"
                    VPOS="807"
                    WIDTH="664"
                    HEIGHT="9"></String>
          </TextLine>
          <TextLine ID="eSc_line_1e1c60dc"
                    BASELINE="320 883 1003 862" 
                    HPOS="320"
                    VPOS="862"
                    WIDTH="683"
                    HEIGHT="21">
	    <String CONTENT=""
                    HPOS="320"
                    VPOS="862"
                    WIDTH="683"
                    HEIGHT="21"></String>
          </TextLine>
          <TextLine ID="eSc_line_e8a12b29"
                    BASELINE="320 935 1024 928" 
                    HPOS="320"
                    VPOS="928"
                    WIDTH="704"
                    HEIGHT="7">
	    <String CONTENT=""
                    HPOS="320"
                    VPOS="928"
                    WIDTH="704"
                    HEIGHT="7"></String>
          </TextLine>
          <TextLine ID="eSc_line_549a113a"
                    BASELINE="321 996 1018 986" 
                    HPOS="321"
                    VPOS="986"
                    WIDTH="697"
                    HEIGHT="10">
	    <String CONTENT=""
                    HPOS="321"
                    VPOS="986"
                    WIDTH="697"
                    HEIGHT="10"></String>
          </TextLine>
          <TextLine ID="eSc_line_3ba729f9"
                    BASELINE="383 1112 977 1111" 
                    HPOS="383"
                    VPOS="1111"
                    WIDTH="594"
                    HEIGHT="1">
	    <String CONTENT=""
                    HPOS="383"
                    VPOS="1111"
                    WIDTH="594"
                    HEIGHT="1"></String>
          </TextLine>
          <TextLine ID="eSc_line_a4a64230"
                    BASELINE="326 1180 926 1178" 
                    HPOS="326"
                    VPOS="1178"
                    WIDTH="600"
                    HEIGHT="2">
	    <String CONTENT=""
                    HPOS="326"
                    VPOS="1178"
                    WIDTH="600"
                    HEIGHT="2"></String>
          </TextLine>
          <TextLine ID="eSc_line_c095c024"
                    BASELINE="327 1241 939 1236" 
                    HPOS="327"
                    VPOS="1236"
                    WIDTH="612"
                    HEIGHT="5">
	    <String CONTENT=""
                    HPOS="327"
                    VPOS="1236"
                    WIDTH="612"
                    HEIGHT="5"></String>
          </TextLine>
          <TextLine ID="eSc_line_6f50d152"
                    BASELINE="324 1299 898 1291" 
                    HPOS="324"
                    VPOS="1291"
                    WIDTH="574"
                    HEIGHT="8">
	    <String CONTENT=""
                    HPOS="324"
                    VPOS="1291"
                    WIDTH="574"
                    HEIGHT="8"></String>
          </TextLine>
        </TextBlock>
        <TextBlock HPOS="585"
                   VPOS="420"
                   WIDTH="401"
                   HEIGHT="64"
                   ID="region_1720777595264_6"
                   TAGREFS="BT3205">
          <Shape><Polygon POINTS="958 484 586 484 585 420 986 421"/></Shape>
          <TextLine ID="eSc_line_8253bd79"
                    BASELINE="597 477 955 476" 
                    HPOS="597"
                    VPOS="476"
                    WIDTH="358"
                    HEIGHT="1">
	    <String CONTENT=""
                    HPOS="597"
                    VPOS="476"
                    WIDTH="358"
                    HEIGHT="1"></String>
          </TextLine>
        </TextBlock>
        <TextBlock HPOS="708"
                   VPOS="303"
                   WIDTH="118"
                   HEIGHT="102"
                   ID="region_1720777590452_3"
                   TAGREFS="BT3205">
          <Shape><Polygon POINTS="826 393 708 405 708 315 826 303"/></Shape>
          <TextLine ID="eSc_line_6347fd67"
                    BASELINE="714 381 812 380" 
                    HPOS="714"
                    VPOS="380"
                    WIDTH="98"
                    HEIGHT="1">
	    <String CONTENT=""
                    HPOS="714"
                    VPOS="380"
                    WIDTH="98"
                    HEIGHT="1"></String>
          </TextLine>
        </TextBlock>
        <TextBlock HPOS="277"
                   VPOS="1430"
                   WIDTH="1024"
                   HEIGHT="288"
                   ID="region_1720777610258_15"
                   TAGREFS="BT3205">
          <Shape><Polygon POINTS="1301 1718 277 1718 277 1430 1301 1430"/></Shape>
          <TextLine ID="eSc_line_8d355429"
                    BASELINE="292 1523 1277 1505" 
                    HPOS="292"
                    VPOS="1505"
                    WIDTH="985"
                    HEIGHT="18">
	    <String CONTENT=""
                    HPOS="292"
                    VPOS="1505"
                    WIDTH="985"
                    HEIGHT="18"></String>
          </TextLine>
          <TextLine ID="eSc_line_9e2ae0ee"
                    BASELINE="503 1589 1059 1590" 
                    HPOS="503"
                    VPOS="1589"
                    WIDTH="556"
                    HEIGHT="1">
	    <String CONTENT=""
                    HPOS="503"
                    VPOS="1589"
                    WIDTH="556"
                    HEIGHT="1"></String>
          </TextLine>
          <TextLine ID="eSc_line_4c6db89e"
                    BASELINE="351 1668 1202 1657" 
                    HPOS="351"
                    VPOS="1657"
                    WIDTH="851"
                    HEIGHT="11">
	    <String CONTENT=""
                    HPOS="351"
                    VPOS="1657"
                    WIDTH="851"
                    HEIGHT="11"></String>
          </TextLine>
          <TextLine ID="eSc_line_7a8ee058"
                    BASELINE="549 1709 1000 1708" 
                    HPOS="549"
                    VPOS="1708"
                    WIDTH="451"
                    HEIGHT="1">
	    <String CONTENT=""
                    HPOS="549"
                    VPOS="1708"
                    WIDTH="451"
                    HEIGHT="1"></String>
          </TextLine>
        </TextBlock>
        <TextBlock HPOS="208"
                   VPOS="1744"
                   WIDTH="1127"
                   HEIGHT="579"
                   ID="region_1720777618653_21"
                   TAGREFS="BT3206">
          <Shape><Polygon POINTS="1335 2320 208 2323 208 1744 1312 1744"/></Shape>
          <TextLine ID="eSc_line_dc22860c"
                    BASELINE="253 1814 887 1805" 
                    HPOS="253"
                    VPOS="1805"
                    WIDTH="634"
                    HEIGHT="9">
	    <String CONTENT=""
                    HPOS="253"
                    VPOS="1805"
                    WIDTH="634"
                    HEIGHT="9"></String>
          </TextLine>
          <TextLine ID="eSc_line_76f532b3"
                    BASELINE="253 1875 847 1867" 
                    HPOS="253"
                    VPOS="1867"
                    WIDTH="594"
                    HEIGHT="8">
	    <String CONTENT=""
                    HPOS="253"
                    VPOS="1867"
                    WIDTH="594"
                    HEIGHT="8"></String>
          </TextLine>
          <TextLine ID="eSc_line_246f9c41"
                    BASELINE="252 1940 1300 1923" 
                    HPOS="252"
                    VPOS="1923"
                    WIDTH="1048"
                    HEIGHT="17">
	    <String CONTENT=""
                    HPOS="252"
                    VPOS="1923"
                    WIDTH="1048"
                    HEIGHT="17"></String>
          </TextLine>
          <TextLine ID="eSc_line_c8c33a3a"
                    BASELINE="253 2000 1301 1982" 
                    HPOS="253"
                    VPOS="1982"
                    WIDTH="1048"
                    HEIGHT="18">
	    <String CONTENT=""
                    HPOS="253"
                    VPOS="1982"
                    WIDTH="1048"
                    HEIGHT="18"></String>
          </TextLine>
          <TextLine ID="eSc_line_5a29b8b9"
                    BASELINE="248 2055 1311 2042" 
                    HPOS="248"
                    VPOS="2042"
                    WIDTH="1063"
                    HEIGHT="13">
	    <String CONTENT=""
                    HPOS="248"
                    VPOS="2042"
                    WIDTH="1063"
                    HEIGHT="13"></String>
          </TextLine>
          <TextLine ID="eSc_line_061ff566"
                    BASELINE="252 2116 1092 2110" 
                    HPOS="252"
                    VPOS="2110"
                    WIDTH="840"
                    HEIGHT="6">
	    <String CONTENT=""
                    HPOS="252"
                    VPOS="2110"
                    WIDTH="840"
                    HEIGHT="6"></String>
          </TextLine>
          <TextLine ID="eSc_line_a1a0da32"
                    BASELINE="257 2178 1222 2173" 
                    HPOS="257"
                    VPOS="2173"
                    WIDTH="965"
                    HEIGHT="5">
	    <String CONTENT=""
                    HPOS="257"
                    VPOS="2173"
                    WIDTH="965"
                    HEIGHT="5"></String>
          </TextLine>
          <TextLine ID="eSc_line_9ed90d5c"
                    BASELINE="255 2241 1305 2233" 
                    HPOS="255"
                    VPOS="2233"
                    WIDTH="1050"
                    HEIGHT="8">
	    <String CONTENT=""
                    HPOS="255"
                    VPOS="2233"
                    WIDTH="1050"
                    HEIGHT="8"></String>
          </TextLine>
          <TextLine ID="eSc_line_3dafe725"
                    BASELINE="263 2292 1005 2291" 
                    HPOS="263"
                    VPOS="2291"
                    WIDTH="742"
                    HEIGHT="1">
	    <String CONTENT=""
                    HPOS="263"
                    VPOS="2291"
                    WIDTH="742"
                    HEIGHT="1"></String>
          </TextLine>
        </TextBlock>
      </PrintSpace>
    </Page>
  </Layout>
</alto>
