<?xml version="1.0" encoding="UTF-8"?>
<alto xmlns:xsi="http://www.w3.org/2001/XMLSchema-instance"
      xmlns="http://www.loc.gov/standards/alto/ns-v4#"
      xsi:schemaLocation="http://www.loc.gov/standards/alto/ns-v4# http://www.loc.gov/standards/alto/v4/alto-4-2.xsd">
  <Description>
    <MeasurementUnit>pixel</MeasurementUnit>
    <sourceImageInformation>
      <fileName>1800,_Poetische_Werke,_Bohn,_Bd._4,_VD18_80461468_Seite_097_Bild_0001.jpg</fileName>
    </sourceImageInformation>
  </Description>
  <Tags>
    <OtherTag ID="BT1" LABEL="Title" DESCRIPTION="block type Title"/><OtherTag ID="BT2" LABEL="Main" DESCRIPTION="block type Main"/><OtherTag ID="BT3" LABEL="Commentary" DESCRIPTION="block type Commentary"/><OtherTag ID="BT4" LABEL="Illustration" DESCRIPTION="block type Illustration"/><OtherTag ID="BT3205" LABEL="heading" DESCRIPTION="block type heading"/><OtherTag ID="BT3206" LABEL="paragraph" DESCRIPTION="block type paragraph"/><OtherTag ID="BT3207" LABEL="footnote" DESCRIPTION="block type footnote"/>
  </Tags>
  <Layout>
    <Page WIDTH="1839"
          HEIGHT="2753"
          PHYSICAL_IMG_NR="15"
          ID="eSc_dummypage_">
      <PrintSpace HPOS="0"
                  VPOS="0"
                  WIDTH="1839"
                  HEIGHT="2753">
        <TextBlock HPOS="178"
                   VPOS="444"
                   WIDTH="1196"
                   HEIGHT="1968"
                   ID="region_1724841200102_747"
                   TAGREFS="BT3206">
          <Shape><Polygon POINTS="178 450 1374 444 1343 2412 178 2412"/></Shape>
          <TextLine ID="eSc_line_c827790e"
                    BASELINE="219 521 1282 528" 
                    HPOS="219"
                    VPOS="521"
                    WIDTH="1063"
                    HEIGHT="7">
	    <String CONTENT=""
                    HPOS="219"
                    VPOS="521"
                    WIDTH="1063"
                    HEIGHT="7"></String>
          </TextLine>
          <TextLine ID="eSc_line_f6664735"
                    BASELINE="208 587 1278 594" 
                    HPOS="208"
                    VPOS="587"
                    WIDTH="1070"
                    HEIGHT="7">
	    <String CONTENT=""
                    HPOS="208"
                    VPOS="587"
                    WIDTH="1070"
                    HEIGHT="7"></String>
          </TextLine>
          <TextLine ID="eSc_line_77c5d142"
                    BASELINE="199 654 1269 656" 
                    HPOS="199"
                    VPOS="654"
                    WIDTH="1070"
                    HEIGHT="2">
	    <String CONTENT=""
                    HPOS="199"
                    VPOS="654"
                    WIDTH="1070"
                    HEIGHT="2"></String>
          </TextLine>
          <TextLine ID="eSc_line_baad60a8"
                    BASELINE="215 703 1296 720" 
                    HPOS="215"
                    VPOS="703"
                    WIDTH="1081"
                    HEIGHT="17">
	    <String CONTENT=""
                    HPOS="215"
                    VPOS="703"
                    WIDTH="1081"
                    HEIGHT="17"></String>
          </TextLine>
          <TextLine ID="eSc_line_a842313e"
                    BASELINE="206 772 528 762" 
                    HPOS="206"
                    VPOS="762"
                    WIDTH="322"
                    HEIGHT="10">
	    <String CONTENT=""
                    HPOS="206"
                    VPOS="762"
                    WIDTH="322"
                    HEIGHT="10"></String>
          </TextLine>
          <TextLine ID="eSc_line_2ebe79c7"
                    BASELINE="305 894 1177 909" 
                    HPOS="305"
                    VPOS="894"
                    WIDTH="872"
                    HEIGHT="15">
	    <String CONTENT=""
                    HPOS="305"
                    VPOS="894"
                    WIDTH="872"
                    HEIGHT="15"></String>
          </TextLine>
          <TextLine ID="eSc_line_5bfb7d5a"
                    BASELINE="211 1028 479 1036" 
                    HPOS="211"
                    VPOS="1028"
                    WIDTH="268"
                    HEIGHT="8">
	    <String CONTENT=""
                    HPOS="211"
                    VPOS="1028"
                    WIDTH="268"
                    HEIGHT="8"></String>
          </TextLine>
          <TextLine ID="eSc_line_dd2fc2cd"
                    BASELINE="299 1159 1160 1174" 
                    HPOS="299"
                    VPOS="1159"
                    WIDTH="861"
                    HEIGHT="15">
	    <String CONTENT=""
                    HPOS="299"
                    VPOS="1159"
                    WIDTH="861"
                    HEIGHT="15"></String>
          </TextLine>
          <TextLine ID="eSc_line_9dd93141"
                    BASELINE="300 1220 1097 1235" 
                    HPOS="300"
                    VPOS="1220"
                    WIDTH="797"
                    HEIGHT="15">
	    <String CONTENT=""
                    HPOS="300"
                    VPOS="1220"
                    WIDTH="797"
                    HEIGHT="15"></String>
          </TextLine>
          <TextLine ID="eSc_line_f68691a1"
                    BASELINE="212 1349 529 1350" 
                    HPOS="212"
                    VPOS="1349"
                    WIDTH="317"
                    HEIGHT="1">
	    <String CONTENT=""
                    HPOS="212"
                    VPOS="1349"
                    WIDTH="317"
                    HEIGHT="1"></String>
          </TextLine>
          <TextLine ID="eSc_line_365e8d5b"
                    BASELINE="307 1473 1163 1483" 
                    HPOS="307"
                    VPOS="1473"
                    WIDTH="856"
                    HEIGHT="10">
	    <String CONTENT=""
                    HPOS="307"
                    VPOS="1473"
                    WIDTH="856"
                    HEIGHT="10"></String>
          </TextLine>
          <TextLine ID="eSc_line_1267eef0"
                    BASELINE="308 1538 1235 1557" 
                    HPOS="308"
                    VPOS="1538"
                    WIDTH="927"
                    HEIGHT="19">
	    <String CONTENT=""
                    HPOS="308"
                    VPOS="1538"
                    WIDTH="927"
                    HEIGHT="19"></String>
          </TextLine>
          <TextLine ID="eSc_line_0d66bac5"
                    BASELINE="217 1668 1279 1676" 
                    HPOS="217"
                    VPOS="1668"
                    WIDTH="1062"
                    HEIGHT="8">
	    <String CONTENT=""
                    HPOS="217"
                    VPOS="1668"
                    WIDTH="1062"
                    HEIGHT="8"></String>
          </TextLine>
          <TextLine ID="eSc_line_d2426581"
                    BASELINE="222 1729 1303 1742" 
                    HPOS="222"
                    VPOS="1729"
                    WIDTH="1081"
                    HEIGHT="13">
	    <String CONTENT=""
                    HPOS="222"
                    VPOS="1729"
                    WIDTH="1081"
                    HEIGHT="13"></String>
          </TextLine>
          <TextLine ID="eSc_line_687b5759"
                    BASELINE="441 1850 935 1851" 
                    HPOS="441"
                    VPOS="1850"
                    WIDTH="494"
                    HEIGHT="1">
	    <String CONTENT=""
                    HPOS="441"
                    VPOS="1850"
                    WIDTH="494"
                    HEIGHT="1"></String>
          </TextLine>
          <TextLine ID="eSc_line_011b531c"
                    BASELINE="323 1911 1025 1918" 
                    HPOS="323"
                    VPOS="1911"
                    WIDTH="702"
                    HEIGHT="7">
	    <String CONTENT=""
                    HPOS="323"
                    VPOS="1911"
                    WIDTH="702"
                    HEIGHT="7"></String>
          </TextLine>
          <TextLine ID="eSc_line_52e08171"
                    BASELINE="728 1979 1033 1986" 
                    HPOS="728"
                    VPOS="1979"
                    WIDTH="305"
                    HEIGHT="7">
	    <String CONTENT=""
                    HPOS="728"
                    VPOS="1979"
                    WIDTH="305"
                    HEIGHT="7"></String>
          </TextLine>
          <TextLine ID="eSc_line_44998c7a"
                    BASELINE="216 2107 391 2106" 
                    HPOS="216"
                    VPOS="2106"
                    WIDTH="175"
                    HEIGHT="1">
	    <String CONTENT=""
                    HPOS="216"
                    VPOS="2106"
                    WIDTH="175"
                    HEIGHT="1"></String>
          </TextLine>
          <TextLine ID="eSc_line_7c7f3d8e"
                    BASELINE="351 2229 1158 2232" 
                    HPOS="351"
                    VPOS="2229"
                    WIDTH="807"
                    HEIGHT="3">
	    <String CONTENT=""
                    HPOS="351"
                    VPOS="2229"
                    WIDTH="807"
                    HEIGHT="3"></String>
          </TextLine>
          <TextLine ID="eSc_line_559d7127"
                    BASELINE="363 2285 1127 2290" 
                    HPOS="363"
                    VPOS="2285"
                    WIDTH="764"
                    HEIGHT="5">
	    <String CONTENT=""
                    HPOS="363"
                    VPOS="2285"
                    WIDTH="764"
                    HEIGHT="5"></String>
          </TextLine>
          <TextLine ID="eSc_line_b97cbb5a"
                    BASELINE="1033 2361 1171 2366" 
                    HPOS="1033"
                    VPOS="2361"
                    WIDTH="138"
                    HEIGHT="5">
	    <String CONTENT=""
                    HPOS="1033"
                    VPOS="2361"
                    WIDTH="138"
                    HEIGHT="5"></String>
          </TextLine>
        </TextBlock>
        <TextBlock HPOS="689"
                   VPOS="353"
                   WIDTH="125"
                   HEIGHT="85"
                   ID="region_1724841188798_744"
                   TAGREFS="BT3205">
          <Shape><Polygon POINTS="788 438 689 437 691 353 814 355"/></Shape>
          <TextLine ID="eSc_line_1879fbe9"
                    BASELINE="703 427 782 432" 
                    HPOS="703"
                    VPOS="427"
                    WIDTH="79"
                    HEIGHT="5">
	    <String CONTENT=""
                    HPOS="703"
                    VPOS="427"
                    WIDTH="79"
                    HEIGHT="5"></String>
          </TextLine>
        </TextBlock>
      </PrintSpace>
    </Page>
  </Layout>
</alto>
