<?xml version="1.0" encoding="UTF-8"?>
<alto xmlns:xsi="http://www.w3.org/2001/XMLSchema-instance"
      xmlns="http://www.loc.gov/standards/alto/ns-v4#"
      xsi:schemaLocation="http://www.loc.gov/standards/alto/ns-v4# http://www.loc.gov/standards/alto/v4/alto-4-2.xsd">
  <Description>
    <MeasurementUnit>pixel</MeasurementUnit>
    <sourceImageInformation>
      <fileName>1800,_Poetische_Werke,_Bohn,_Bd._1,_VD18_80461433_Seite_038_Bild_0001.jpg</fileName>
    </sourceImageInformation>
  </Description>
  <Tags>
    <OtherTag ID="BT1" LABEL="Title" DESCRIPTION="block type Title"/><OtherTag ID="BT2" LABEL="Main" DESCRIPTION="block type Main"/><OtherTag ID="BT3" LABEL="Commentary" DESCRIPTION="block type Commentary"/><OtherTag ID="BT4" LABEL="Illustration" DESCRIPTION="block type Illustration"/><OtherTag ID="BT3205" LABEL="heading" DESCRIPTION="block type heading"/><OtherTag ID="BT3206" LABEL="paragraph" DESCRIPTION="block type paragraph"/><OtherTag ID="BT3207" LABEL="footnote" DESCRIPTION="block type footnote"/>
  </Tags>
  <Layout>
    <Page WIDTH="1862"
          HEIGHT="2742"
          PHYSICAL_IMG_NR="2"
          ID="eSc_dummypage_">
      <PrintSpace HPOS="0"
                  VPOS="0"
                  WIDTH="1862"
                  HEIGHT="2742">
        <TextBlock HPOS="630"
                   VPOS="422"
                   WIDTH="1115"
                   HEIGHT="1351"
                   ID="region_1718802446481_225"
                   TAGREFS="BT3206">
          <Shape><Polygon POINTS="1741 1773 648 1773 630 422 1745 430"/></Shape>
          <TextLine ID="eSc_line_69449fbe"
                    BASELINE="680 502 1731 510" 
                    HPOS="680"
                    VPOS="502"
                    WIDTH="1051"
                    HEIGHT="8">
	    <String CONTENT=""
                    HPOS="680"
                    VPOS="502"
                    WIDTH="1051"
                    HEIGHT="8"></String>
          </TextLine>
          <TextLine ID="eSc_line_fc535ba7"
                    BASELINE="685 560 1738 570" 
                    HPOS="685"
                    VPOS="560"
                    WIDTH="1053"
                    HEIGHT="10">
	    <String CONTENT=""
                    HPOS="685"
                    VPOS="560"
                    WIDTH="1053"
                    HEIGHT="10"></String>
          </TextLine>
          <TextLine ID="eSc_line_8557cad2"
                    BASELINE="686 618 1728 635" 
                    HPOS="686"
                    VPOS="618"
                    WIDTH="1042"
                    HEIGHT="17">
	    <String CONTENT=""
                    HPOS="686"
                    VPOS="618"
                    WIDTH="1042"
                    HEIGHT="17"></String>
          </TextLine>
          <TextLine ID="eSc_line_daa6fe6c"
                    BASELINE="680 679 1730 695" 
                    HPOS="680"
                    VPOS="679"
                    WIDTH="1050"
                    HEIGHT="16">
	    <String CONTENT=""
                    HPOS="680"
                    VPOS="679"
                    WIDTH="1050"
                    HEIGHT="16"></String>
          </TextLine>
          <TextLine ID="eSc_line_da045735"
                    BASELINE="688 740 1734 759" 
                    HPOS="688"
                    VPOS="740"
                    WIDTH="1046"
                    HEIGHT="19">
	    <String CONTENT=""
                    HPOS="688"
                    VPOS="740"
                    WIDTH="1046"
                    HEIGHT="19"></String>
          </TextLine>
          <TextLine ID="eSc_line_1303d454"
                    BASELINE="674 807 1732 821" 
                    HPOS="674"
                    VPOS="807"
                    WIDTH="1058"
                    HEIGHT="14">
	    <String CONTENT=""
                    HPOS="674"
                    VPOS="807"
                    WIDTH="1058"
                    HEIGHT="14"></String>
          </TextLine>
          <TextLine ID="eSc_line_ff7dd19e"
                    BASELINE="684 864 1739 881" 
                    HPOS="684"
                    VPOS="864"
                    WIDTH="1055"
                    HEIGHT="17">
	    <String CONTENT=""
                    HPOS="684"
                    VPOS="864"
                    WIDTH="1055"
                    HEIGHT="17"></String>
          </TextLine>
          <TextLine ID="eSc_line_0f9230dc"
                    BASELINE="677 931 1077 931" 
                    HPOS="677"
                    VPOS="931"
                    WIDTH="400"
                    HEIGHT="0">
	    <String CONTENT=""
                    HPOS="677"
                    VPOS="931"
                    WIDTH="400"
                    HEIGHT="0"></String>
          </TextLine>
          <TextLine ID="eSc_line_1c7be9c3"
                    BASELINE="775 991 1590 1002" 
                    HPOS="775"
                    VPOS="991"
                    WIDTH="815"
                    HEIGHT="11">
	    <String CONTENT=""
                    HPOS="775"
                    VPOS="991"
                    WIDTH="815"
                    HEIGHT="11"></String>
          </TextLine>
          <TextLine ID="eSc_line_03187417"
                    BASELINE="779 1044 1734 1056" 
                    HPOS="779"
                    VPOS="1044"
                    WIDTH="955"
                    HEIGHT="12">
	    <String CONTENT=""
                    HPOS="779"
                    VPOS="1044"
                    WIDTH="955"
                    HEIGHT="12"></String>
          </TextLine>
          <TextLine ID="eSc_line_9a3644bc"
                    BASELINE="1335 1105 1530 1108" 
                    HPOS="1335"
                    VPOS="1105"
                    WIDTH="195"
                    HEIGHT="3">
	    <String CONTENT=""
                    HPOS="1335"
                    VPOS="1105"
                    WIDTH="195"
                    HEIGHT="3"></String>
          </TextLine>
          <TextLine ID="eSc_line_0dd80f65"
                    BASELINE="737 1162 1732 1171" 
                    HPOS="737"
                    VPOS="1162"
                    WIDTH="995"
                    HEIGHT="9">
	    <String CONTENT=""
                    HPOS="737"
                    VPOS="1162"
                    WIDTH="995"
                    HEIGHT="9"></String>
          </TextLine>
          <TextLine ID="eSc_line_a0d86d0c"
                    BASELINE="676 1219 1725 1231" 
                    HPOS="676"
                    VPOS="1219"
                    WIDTH="1049"
                    HEIGHT="12">
	    <String CONTENT=""
                    HPOS="676"
                    VPOS="1219"
                    WIDTH="1049"
                    HEIGHT="12"></String>
          </TextLine>
          <TextLine ID="eSc_line_eed6dce7"
                    BASELINE="672 1281 1728 1298" 
                    HPOS="672"
                    VPOS="1281"
                    WIDTH="1056"
                    HEIGHT="17">
	    <String CONTENT=""
                    HPOS="672"
                    VPOS="1281"
                    WIDTH="1056"
                    HEIGHT="17"></String>
          </TextLine>
          <TextLine ID="eSc_line_592ee8c8"
                    BASELINE="658 1343 1728 1358" 
                    HPOS="658"
                    VPOS="1343"
                    WIDTH="1070"
                    HEIGHT="15">
	    <String CONTENT=""
                    HPOS="658"
                    VPOS="1343"
                    WIDTH="1070"
                    HEIGHT="15"></String>
          </TextLine>
          <TextLine ID="eSc_line_b2171386"
                    BASELINE="678 1397 1721 1422" 
                    HPOS="678"
                    VPOS="1397"
                    WIDTH="1043"
                    HEIGHT="25">
	    <String CONTENT=""
                    HPOS="678"
                    VPOS="1397"
                    WIDTH="1043"
                    HEIGHT="25"></String>
          </TextLine>
          <TextLine ID="eSc_line_d2cc7dc2"
                    BASELINE="666 1463 1718 1480" 
                    HPOS="666"
                    VPOS="1463"
                    WIDTH="1052"
                    HEIGHT="17">
	    <String CONTENT=""
                    HPOS="666"
                    VPOS="1463"
                    WIDTH="1052"
                    HEIGHT="17"></String>
          </TextLine>
          <TextLine ID="eSc_line_dea06b4f"
                    BASELINE="661 1529 1721 1538" 
                    HPOS="661"
                    VPOS="1529"
                    WIDTH="1060"
                    HEIGHT="9">
	    <String CONTENT=""
                    HPOS="661"
                    VPOS="1529"
                    WIDTH="1060"
                    HEIGHT="9"></String>
          </TextLine>
          <TextLine ID="eSc_line_e85e655f"
                    BASELINE="663 1588 1728 1603" 
                    HPOS="663"
                    VPOS="1588"
                    WIDTH="1065"
                    HEIGHT="15">
	    <String CONTENT=""
                    HPOS="663"
                    VPOS="1588"
                    WIDTH="1065"
                    HEIGHT="15"></String>
          </TextLine>
          <TextLine ID="eSc_line_25dee802"
                    BASELINE="670 1651 1719 1669" 
                    HPOS="670"
                    VPOS="1651"
                    WIDTH="1049"
                    HEIGHT="18">
	    <String CONTENT=""
                    HPOS="670"
                    VPOS="1651"
                    WIDTH="1049"
                    HEIGHT="18"></String>
          </TextLine>
          <TextLine ID="eSc_line_9e11c31c"
                    BASELINE="662 1710 1721 1726" 
                    HPOS="662"
                    VPOS="1710"
                    WIDTH="1059"
                    HEIGHT="16">
	    <String CONTENT=""
                    HPOS="662"
                    VPOS="1710"
                    WIDTH="1059"
                    HEIGHT="16"></String>
          </TextLine>
          <TextLine ID="eSc_line_6b66c1c3"
                    BASELINE="660 1763 1107 1773" 
                    HPOS="660"
                    VPOS="1763"
                    WIDTH="447"
                    HEIGHT="10">
	    <String CONTENT=""
                    HPOS="660"
                    VPOS="1763"
                    WIDTH="447"
                    HEIGHT="10"></String>
          </TextLine>
        </TextBlock>
        <TextBlock HPOS="1113"
                   VPOS="353"
                   WIDTH="226"
                   HEIGHT="63"
                   ID="region_1718802437585_222"
                   TAGREFS="BT3205">
          <Shape><Polygon POINTS="1339 416 1113 416 1113 353 1323 360"/></Shape>
          <TextLine ID="eSc_line_3765c072"
                    BASELINE="1129 404 1313 405" 
                    HPOS="1129"
                    VPOS="404"
                    WIDTH="184"
                    HEIGHT="1">
	    <String CONTENT=""
                    HPOS="1129"
                    VPOS="404"
                    WIDTH="184"
                    HEIGHT="1"></String>
          </TextLine>
        </TextBlock>
        <TextBlock HPOS="651"
                   VPOS="1782"
                   WIDTH="1082"
                   HEIGHT="338"
                   ID="region_1718802471833_231"
                   TAGREFS="BT3207">
          <Shape><Polygon POINTS="1696 2120 651 2112 653 1788 1733 1782"/></Shape>
          <TextLine ID="eSc_line_433811f7"
                    BASELINE="723 1843 1709 1856" 
                    HPOS="723"
                    VPOS="1843"
                    WIDTH="986"
                    HEIGHT="13">
	    <String CONTENT=""
                    HPOS="723"
                    VPOS="1843"
                    WIDTH="986"
                    HEIGHT="13"></String>
          </TextLine>
          <TextLine ID="eSc_line_b73f579c"
                    BASELINE="664 1895 1713 1907" 
                    HPOS="664"
                    VPOS="1895"
                    WIDTH="1049"
                    HEIGHT="12">
	    <String CONTENT=""
                    HPOS="664"
                    VPOS="1895"
                    WIDTH="1049"
                    HEIGHT="12"></String>
          </TextLine>
          <TextLine ID="eSc_line_3e08904d"
                    BASELINE="660 1946 1477 1959" 
                    HPOS="660"
                    VPOS="1946"
                    WIDTH="817"
                    HEIGHT="13">
	    <String CONTENT=""
                    HPOS="660"
                    VPOS="1946"
                    WIDTH="817"
                    HEIGHT="13"></String>
          </TextLine>
          <TextLine ID="eSc_line_6ac55695"
                    BASELINE="767 2000 1685 2013" 
                    HPOS="767"
                    VPOS="2000"
                    WIDTH="918"
                    HEIGHT="13">
	    <String CONTENT=""
                    HPOS="767"
                    VPOS="2000"
                    WIDTH="918"
                    HEIGHT="13"></String>
          </TextLine>
          <TextLine ID="eSc_line_5bda67dd"
                    BASELINE="763 2060 1621 2061" 
                    HPOS="763"
                    VPOS="2060"
                    WIDTH="858"
                    HEIGHT="1">
	    <String CONTENT=""
                    HPOS="763"
                    VPOS="2060"
                    WIDTH="858"
                    HEIGHT="1"></String>
          </TextLine>
          <TextLine ID="eSc_line_abb5e3f1"
                    BASELINE="1291 2110 1682 2116" 
                    HPOS="1291"
                    VPOS="2110"
                    WIDTH="391"
                    HEIGHT="6">
	    <String CONTENT=""
                    HPOS="1291"
                    VPOS="2110"
                    WIDTH="391"
                    HEIGHT="6"></String>
          </TextLine>
        </TextBlock>
        <TextBlock HPOS="648"
                   VPOS="2131"
                   WIDTH="1063"
                   HEIGHT="245"
                   ID="region_1718802481270_234"
                   TAGREFS="BT3207">
          <Shape><Polygon POINTS="1711 2356 648 2376 652 2131 1711 2131"/></Shape>
          <TextLine ID="eSc_line_964d5402"
                    BASELINE="712 2173 1699 2187" 
                    HPOS="712"
                    VPOS="2173"
                    WIDTH="987"
                    HEIGHT="14">
	    <String CONTENT=""
                    HPOS="712"
                    VPOS="2173"
                    WIDTH="987"
                    HEIGHT="14"></String>
          </TextLine>
          <TextLine ID="eSc_line_5a18a4a9"
                    BASELINE="651 2278 1703 2297" 
                    HPOS="651"
                    VPOS="2278"
                    WIDTH="1052"
                    HEIGHT="19">
	    <String CONTENT=""
                    HPOS="651"
                    VPOS="2278"
                    WIDTH="1052"
                    HEIGHT="19"></String>
          </TextLine>
          <TextLine ID="eSc_line_7326f416"
                    BASELINE="658 2320 1470 2348" 
                    HPOS="658"
                    VPOS="2320"
                    WIDTH="812"
                    HEIGHT="28">
	    <String CONTENT=""
                    HPOS="658"
                    VPOS="2320"
                    WIDTH="812"
                    HEIGHT="28"></String>
          </TextLine>
        </TextBlock>
        <TextBlock ID="eSc_dummyblock_">
          <TextLine ID="eSc_line_46c46e57"
                    BASELINE="648 2227 1704 2241" 
                    HPOS="648"
                    VPOS="2227"
                    WIDTH="1056"
                    HEIGHT="14">
	    <String CONTENT=""
                    HPOS="648"
                    VPOS="2227"
                    WIDTH="1056"
                    HEIGHT="14"></String>
          </TextLine>
        </TextBlock>
      </PrintSpace>
    </Page>
  </Layout>
</alto>
