<?xml version="1.0" encoding="UTF-8"?>
<alto xmlns:xsi="http://www.w3.org/2001/XMLSchema-instance"
      xmlns="http://www.loc.gov/standards/alto/ns-v4#"
      xsi:schemaLocation="http://www.loc.gov/standards/alto/ns-v4# http://www.loc.gov/standards/alto/v4/alto-4-2.xsd">
  <Description>
    <MeasurementUnit>pixel</MeasurementUnit>
    <sourceImageInformation>
      <fileName>1800,_Poetische_Werke,_Bohn,_Bd._2,_VD18_80461441_Seite_229_Bild_0001.jpg</fileName>
    </sourceImageInformation>
  </Description>
  <Tags>
    <OtherTag ID="BT1" LABEL="Title" DESCRIPTION="block type Title"/><OtherTag ID="BT2" LABEL="Main" DESCRIPTION="block type Main"/><OtherTag ID="BT3" LABEL="Commentary" DESCRIPTION="block type Commentary"/><OtherTag ID="BT4" LABEL="Illustration" DESCRIPTION="block type Illustration"/><OtherTag ID="BT3205" LABEL="heading" DESCRIPTION="block type heading"/><OtherTag ID="BT3206" LABEL="paragraph" DESCRIPTION="block type paragraph"/><OtherTag ID="BT3207" LABEL="footnote" DESCRIPTION="block type footnote"/>
  </Tags>
  <Layout>
    <Page WIDTH="1866"
          HEIGHT="2730"
          PHYSICAL_IMG_NR="9"
          ID="eSc_dummypage_">
      <PrintSpace HPOS="0"
                  VPOS="0"
                  WIDTH="1866"
                  HEIGHT="2730">
        <TextBlock HPOS="184"
                   VPOS="383"
                   WIDTH="1142"
                   HEIGHT="518"
                   ID="region_1720778272473_58"
                   TAGREFS="BT3206">
          <Shape><Polygon POINTS="1326 899 184 901 188 383 1315 383"/></Shape>
          <TextLine ID="eSc_line_3d2e268f"
                    BASELINE="212 472 1188 474" 
                    HPOS="212"
                    VPOS="472"
                    WIDTH="976"
                    HEIGHT="2">
	    <String CONTENT=""
                    HPOS="212"
                    VPOS="472"
                    WIDTH="976"
                    HEIGHT="2"></String>
          </TextLine>
          <TextLine ID="eSc_line_e7b59442"
                    BASELINE="211 528 1132 532" 
                    HPOS="211"
                    VPOS="528"
                    WIDTH="921"
                    HEIGHT="4">
	    <String CONTENT=""
                    HPOS="211"
                    VPOS="528"
                    WIDTH="921"
                    HEIGHT="4"></String>
          </TextLine>
          <TextLine ID="eSc_line_c9021909"
                    BASELINE="212 591 1116 599" 
                    HPOS="212"
                    VPOS="591"
                    WIDTH="904"
                    HEIGHT="8">
	    <String CONTENT=""
                    HPOS="212"
                    VPOS="591"
                    WIDTH="904"
                    HEIGHT="8"></String>
          </TextLine>
          <TextLine ID="eSc_line_992dd555"
                    BASELINE="208 648 1190 651" 
                    HPOS="208"
                    VPOS="648"
                    WIDTH="982"
                    HEIGHT="3">
	    <String CONTENT=""
                    HPOS="208"
                    VPOS="648"
                    WIDTH="982"
                    HEIGHT="3"></String>
          </TextLine>
          <TextLine ID="eSc_line_74c37f4f"
                    BASELINE="199 712 1220 717" 
                    HPOS="199"
                    VPOS="712"
                    WIDTH="1021"
                    HEIGHT="5">
	    <String CONTENT=""
                    HPOS="199"
                    VPOS="712"
                    WIDTH="1021"
                    HEIGHT="5"></String>
          </TextLine>
          <TextLine ID="eSc_line_5e397f18"
                    BASELINE="215 776 1219 775" 
                    HPOS="215"
                    VPOS="775"
                    WIDTH="1004"
                    HEIGHT="1">
	    <String CONTENT=""
                    HPOS="215"
                    VPOS="775"
                    WIDTH="1004"
                    HEIGHT="1"></String>
          </TextLine>
          <TextLine ID="eSc_line_f9f6f729"
                    BASELINE="214 832 1280 836" 
                    HPOS="214"
                    VPOS="832"
                    WIDTH="1066"
                    HEIGHT="4">
	    <String CONTENT=""
                    HPOS="214"
                    VPOS="832"
                    WIDTH="1066"
                    HEIGHT="4"></String>
          </TextLine>
          <TextLine ID="eSc_line_afefabcc"
                    BASELINE="214 894 1212 895" 
                    HPOS="214"
                    VPOS="894"
                    WIDTH="998"
                    HEIGHT="1">
	    <String CONTENT=""
                    HPOS="214"
                    VPOS="894"
                    WIDTH="998"
                    HEIGHT="1"></String>
          </TextLine>
        </TextBlock>
        <TextBlock HPOS="697"
                   VPOS="312"
                   WIDTH="144"
                   HEIGHT="61"
                   ID="region_1720778268665_55"
                   TAGREFS="BT3205">
          <Shape><Polygon POINTS="841 369 697 373 697 312 812 312"/></Shape>
          <TextLine ID="eSc_line_4c081423"
                    BASELINE="705 369 819 370" 
                    HPOS="705"
                    VPOS="369"
                    WIDTH="114"
                    HEIGHT="1">
	    <String CONTENT=""
                    HPOS="705"
                    VPOS="369"
                    WIDTH="114"
                    HEIGHT="1"></String>
          </TextLine>
        </TextBlock>
        <TextBlock HPOS="178"
                   VPOS="1115"
                   WIDTH="1143"
                   HEIGHT="906"
                   ID="region_1720778279849_64"
                   TAGREFS="BT3206">
          <Shape><Polygon POINTS="1287 2021 199 2021 178 1115 1321 1118"/></Shape>
          <TextLine ID="eSc_line_71c95589"
                    BASELINE="216 1186 1224 1194" 
                    HPOS="216"
                    VPOS="1186"
                    WIDTH="1008"
                    HEIGHT="8">
	    <String CONTENT=""
                    HPOS="216"
                    VPOS="1186"
                    WIDTH="1008"
                    HEIGHT="8"></String>
          </TextLine>
          <TextLine ID="eSc_line_0b73636c"
                    BASELINE="209 1243 1103 1251" 
                    HPOS="209"
                    VPOS="1243"
                    WIDTH="894"
                    HEIGHT="8">
	    <String CONTENT=""
                    HPOS="209"
                    VPOS="1243"
                    WIDTH="894"
                    HEIGHT="8"></String>
          </TextLine>
          <TextLine ID="eSc_line_8bf6ba5b"
                    BASELINE="206 1307 1121 1312" 
                    HPOS="206"
                    VPOS="1307"
                    WIDTH="915"
                    HEIGHT="5">
	    <String CONTENT=""
                    HPOS="206"
                    VPOS="1307"
                    WIDTH="915"
                    HEIGHT="5"></String>
          </TextLine>
          <TextLine ID="eSc_line_e7f8cede"
                    BASELINE="207 1367 931 1366" 
                    HPOS="207"
                    VPOS="1366"
                    WIDTH="724"
                    HEIGHT="1">
	    <String CONTENT=""
                    HPOS="207"
                    VPOS="1366"
                    WIDTH="724"
                    HEIGHT="1"></String>
          </TextLine>
          <TextLine ID="eSc_line_e7f30f78"
                    BASELINE="216 1431 1195 1438" 
                    HPOS="216"
                    VPOS="1431"
                    WIDTH="979"
                    HEIGHT="7">
	    <String CONTENT=""
                    HPOS="216"
                    VPOS="1431"
                    WIDTH="979"
                    HEIGHT="7"></String>
          </TextLine>
          <TextLine ID="eSc_line_48d031ff"
                    BASELINE="192 1495 1262 1495" 
                    HPOS="192"
                    VPOS="1495"
                    WIDTH="1070"
                    HEIGHT="0">
	    <String CONTENT=""
                    HPOS="192"
                    VPOS="1495"
                    WIDTH="1070"
                    HEIGHT="0"></String>
          </TextLine>
          <TextLine ID="eSc_line_925620f1"
                    BASELINE="209 1552 778 1560" 
                    HPOS="209"
                    VPOS="1552"
                    WIDTH="569"
                    HEIGHT="8">
	    <String CONTENT=""
                    HPOS="209"
                    VPOS="1552"
                    WIDTH="569"
                    HEIGHT="8"></String>
          </TextLine>
          <TextLine ID="eSc_line_d3257b54"
                    BASELINE="209 1613 1204 1612" 
                    HPOS="209"
                    VPOS="1612"
                    WIDTH="995"
                    HEIGHT="1">
	    <String CONTENT=""
                    HPOS="209"
                    VPOS="1612"
                    WIDTH="995"
                    HEIGHT="1"></String>
          </TextLine>
          <TextLine ID="eSc_line_fccb5e35"
                    BASELINE="206 1673 1225 1682" 
                    HPOS="206"
                    VPOS="1673"
                    WIDTH="1019"
                    HEIGHT="9">
	    <String CONTENT=""
                    HPOS="206"
                    VPOS="1673"
                    WIDTH="1019"
                    HEIGHT="9"></String>
          </TextLine>
          <TextLine ID="eSc_line_8343a832"
                    BASELINE="215 1741 1227 1736" 
                    HPOS="215"
                    VPOS="1736"
                    WIDTH="1012"
                    HEIGHT="5">
	    <String CONTENT=""
                    HPOS="215"
                    VPOS="1736"
                    WIDTH="1012"
                    HEIGHT="5"></String>
          </TextLine>
          <TextLine ID="eSc_line_5f57b041"
                    BASELINE="264 1836 1261 1835" 
                    HPOS="264"
                    VPOS="1835"
                    WIDTH="997"
                    HEIGHT="1">
	    <String CONTENT=""
                    HPOS="264"
                    VPOS="1835"
                    WIDTH="997"
                    HEIGHT="1"></String>
          </TextLine>
          <TextLine ID="eSc_line_4e205532"
                    BASELINE="206 1895 1020 1897" 
                    HPOS="206"
                    VPOS="1895"
                    WIDTH="814"
                    HEIGHT="2">
	    <String CONTENT=""
                    HPOS="206"
                    VPOS="1895"
                    WIDTH="814"
                    HEIGHT="2"></String>
          </TextLine>
          <TextLine ID="eSc_line_0454b0c3"
                    BASELINE="209 1951 959 1963" 
                    HPOS="209"
                    VPOS="1951"
                    WIDTH="750"
                    HEIGHT="12">
	    <String CONTENT=""
                    HPOS="209"
                    VPOS="1951"
                    WIDTH="750"
                    HEIGHT="12"></String>
          </TextLine>
          <TextLine ID="eSc_line_c17d6924"
                    BASELINE="210 2012 1127 2022" 
                    HPOS="210"
                    VPOS="2012"
                    WIDTH="917"
                    HEIGHT="10">
	    <String CONTENT=""
                    HPOS="210"
                    VPOS="2012"
                    WIDTH="917"
                    HEIGHT="10"></String>
          </TextLine>
        </TextBlock>
        <TextBlock HPOS="551"
                   VPOS="1029"
                   WIDTH="367"
                   HEIGHT="71"
                   ID="region_1720778275832_61"
                   TAGREFS="BT3205">
          <Shape><Polygon POINTS="901 1100 554 1100 551 1029 918 1029"/></Shape>
          <TextLine ID="eSc_line_28f1646c"
                    BASELINE="584 1096 887 1098" 
                    HPOS="584"
                    VPOS="1096"
                    WIDTH="303"
                    HEIGHT="2">
	    <String CONTENT=""
                    HPOS="584"
                    VPOS="1096"
                    WIDTH="303"
                    HEIGHT="2"></String>
          </TextLine>
        </TextBlock>
        <TextBlock HPOS="184"
                   VPOS="2138"
                   WIDTH="1116"
                   HEIGHT="159"
                   ID="region_1720778291749_70"
                   TAGREFS="BT3207">
          <Shape><Polygon POINTS="1300 2297 194 2297 184 2138 1290 2138"/></Shape>
          <TextLine ID="eSc_line_0416bbab"
                    BASELINE="269 2201 1257 2207" 
                    HPOS="269"
                    VPOS="2201"
                    WIDTH="988"
                    HEIGHT="6">
	    <String CONTENT=""
                    HPOS="269"
                    VPOS="2201"
                    WIDTH="988"
                    HEIGHT="6"></String>
          </TextLine>
          <TextLine ID="eSc_line_587e927d"
                    BASELINE="200 2246 1257 2252" 
                    HPOS="200"
                    VPOS="2246"
                    WIDTH="1057"
                    HEIGHT="6">
	    <String CONTENT=""
                    HPOS="200"
                    VPOS="2246"
                    WIDTH="1057"
                    HEIGHT="6"></String>
          </TextLine>
          <TextLine ID="eSc_line_2bc56283"
                    BASELINE="203 2288 563 2288" 
                    HPOS="203"
                    VPOS="2288"
                    WIDTH="360"
                    HEIGHT="0">
	    <String CONTENT=""
                    HPOS="203"
                    VPOS="2288"
                    WIDTH="360"
                    HEIGHT="0"></String>
          </TextLine>
        </TextBlock>
        <TextBlock HPOS="641"
                   VPOS="2309"
                   WIDTH="194"
                   HEIGHT="69"
                   ID="region_1720778294529_73"
                   TAGREFS="BT3205">
          <Shape><Polygon POINTS="813 2362 641 2378 643 2309 835 2309"/></Shape>
          <TextLine ID="eSc_line_7fca251c"
                    BASELINE="670 2359 801 2358" 
                    HPOS="670"
                    VPOS="2358"
                    WIDTH="131"
                    HEIGHT="1">
	    <String CONTENT=""
                    HPOS="670"
                    VPOS="2358"
                    WIDTH="131"
                    HEIGHT="1"></String>
          </TextLine>
        </TextBlock>
      </PrintSpace>
    </Page>
  </Layout>
</alto>
