<?xml version="1.0" encoding="UTF-8"?>
<alto xmlns:xsi="http://www.w3.org/2001/XMLSchema-instance"
      xmlns="http://www.loc.gov/standards/alto/ns-v4#"
      xsi:schemaLocation="http://www.loc.gov/standards/alto/ns-v4# http://www.loc.gov/standards/alto/v4/alto-4-2.xsd">
  <Description>
    <MeasurementUnit>pixel</MeasurementUnit>
    <sourceImageInformation>
      <fileName>1800,_Poetische_Werke,_Bohn,_Bd._4,_VD18_80461468_Seite_179_Bild_0001.jpg</fileName>
    </sourceImageInformation>
  </Description>
  <Tags>
    <OtherTag ID="BT1" LABEL="Title" DESCRIPTION="block type Title"/><OtherTag ID="BT2" LABEL="Main" DESCRIPTION="block type Main"/><OtherTag ID="BT3" LABEL="Commentary" DESCRIPTION="block type Commentary"/><OtherTag ID="BT4" LABEL="Illustration" DESCRIPTION="block type Illustration"/><OtherTag ID="BT3205" LABEL="heading" DESCRIPTION="block type heading"/><OtherTag ID="BT3206" LABEL="paragraph" DESCRIPTION="block type paragraph"/><OtherTag ID="BT3207" LABEL="footnote" DESCRIPTION="block type footnote"/>
  </Tags>
  <Layout>
    <Page WIDTH="1839"
          HEIGHT="2753"
          PHYSICAL_IMG_NR="12"
          ID="eSc_dummypage_">
      <PrintSpace HPOS="0"
                  VPOS="0"
                  WIDTH="1839"
                  HEIGHT="2753">
        <TextBlock HPOS="163"
                   VPOS="433"
                   WIDTH="1149"
                   HEIGHT="118"
                   ID="region_1720166204193_438"
                   TAGREFS="BT3206">
          <Shape><Polygon POINTS="1312 550 163 551 163 433 1245 433"/></Shape>
          <TextLine ID="eSc_line_d3fde87f"
                    BASELINE="257 496 1236 491" 
                    HPOS="257"
                    VPOS="491"
                    WIDTH="979"
                    HEIGHT="5">
	    <String CONTENT=""
                    HPOS="257"
                    VPOS="491"
                    WIDTH="979"
                    HEIGHT="5"></String>
          </TextLine>
          <TextLine ID="eSc_line_2093cba3"
                    BASELINE="178 547 301 546" 
                    HPOS="178"
                    VPOS="546"
                    WIDTH="123"
                    HEIGHT="1">
	    <String CONTENT=""
                    HPOS="178"
                    VPOS="546"
                    WIDTH="123"
                    HEIGHT="1"></String>
          </TextLine>
        </TextBlock>
        <TextBlock HPOS="161"
                   VPOS="663"
                   WIDTH="75"
                   HEIGHT="82"
                   ID="region_1720166191381_432"
                   TAGREFS="BT3206">
          <Shape><Polygon POINTS="236 744 177 745 161 663 236 665"/></Shape>
          <TextLine ID="eSc_line_7bc54352"
                    BASELINE="232 739 1222 741" 
                    HPOS="232"
                    VPOS="739"
                    WIDTH="990"
                    HEIGHT="2">
	    <String CONTENT=""
                    HPOS="232"
                    VPOS="739"
                    WIDTH="990"
                    HEIGHT="2"></String>
          </TextLine>
        </TextBlock>
        <TextBlock HPOS="403"
                   VPOS="574"
                   WIDTH="599"
                   HEIGHT="67"
                   ID="region_1720166196353_435"
                   TAGREFS="BT3205">
          <Shape><Polygon POINTS="1002 641 407 641 403 574 998 574"/></Shape>
          <TextLine ID="eSc_line_4519b068"
                    BASELINE="418 634 990 636" 
                    HPOS="418"
                    VPOS="634"
                    WIDTH="572"
                    HEIGHT="2">
	    <String CONTENT=""
                    HPOS="418"
                    VPOS="634"
                    WIDTH="572"
                    HEIGHT="2"></String>
          </TextLine>
        </TextBlock>
        <TextBlock HPOS="177"
                   VPOS="655"
                   WIDTH="1140"
                   HEIGHT="1331"
                   ID="region_1720166219061_441"
                   TAGREFS="BT3206">
          <Shape><Polygon POINTS="1221 753 1317 1986 190 1897 177 749 241 750 240 668 1226 655"/></Shape>
          <TextLine ID="eSc_line_323c0377"
                    BASELINE="797 791 921 789" 
                    HPOS="797"
                    VPOS="789"
                    WIDTH="124"
                    HEIGHT="2">
	    <String CONTENT=""
                    HPOS="797"
                    VPOS="789"
                    WIDTH="124"
                    HEIGHT="2"></String>
          </TextLine>
          <TextLine ID="eSc_line_1c937d1c"
                    BASELINE="182 926 701 910" 
                    HPOS="182"
                    VPOS="910"
                    WIDTH="519"
                    HEIGHT="16">
	    <String CONTENT=""
                    HPOS="182"
                    VPOS="910"
                    WIDTH="519"
                    HEIGHT="16"></String>
          </TextLine>
          <TextLine ID="eSc_line_1a37ce3a"
                    BASELINE="187 979 1141 980" 
                    HPOS="187"
                    VPOS="979"
                    WIDTH="954"
                    HEIGHT="1">
	    <String CONTENT=""
                    HPOS="187"
                    VPOS="979"
                    WIDTH="954"
                    HEIGHT="1"></String>
          </TextLine>
          <TextLine ID="eSc_line_d34b3207"
                    BASELINE="181 1043 581 1032" 
                    HPOS="181"
                    VPOS="1032"
                    WIDTH="400"
                    HEIGHT="11">
	    <String CONTENT=""
                    HPOS="181"
                    VPOS="1032"
                    WIDTH="400"
                    HEIGHT="11"></String>
          </TextLine>
          <TextLine ID="eSc_line_0237e83a"
                    BASELINE="185 1097 1229 1104" 
                    HPOS="185"
                    VPOS="1097"
                    WIDTH="1044"
                    HEIGHT="7">
	    <String CONTENT=""
                    HPOS="185"
                    VPOS="1097"
                    WIDTH="1044"
                    HEIGHT="7"></String>
          </TextLine>
          <TextLine ID="eSc_line_0c5fb3fd"
                    BASELINE="806 1163 933 1158" 
                    HPOS="806"
                    VPOS="1158"
                    WIDTH="127"
                    HEIGHT="5">
	    <String CONTENT=""
                    HPOS="806"
                    VPOS="1158"
                    WIDTH="127"
                    HEIGHT="5"></String>
          </TextLine>
          <TextLine ID="eSc_line_b817b4d8"
                    BASELINE="188 1289 1241 1283" 
                    HPOS="188"
                    VPOS="1283"
                    WIDTH="1053"
                    HEIGHT="6">
	    <String CONTENT=""
                    HPOS="188"
                    VPOS="1283"
                    WIDTH="1053"
                    HEIGHT="6"></String>
          </TextLine>
          <TextLine ID="eSc_line_80f816eb"
                    BASELINE="185 1414 1233 1410" 
                    HPOS="185"
                    VPOS="1410"
                    WIDTH="1048"
                    HEIGHT="4">
	    <String CONTENT=""
                    HPOS="185"
                    VPOS="1410"
                    WIDTH="1048"
                    HEIGHT="4"></String>
          </TextLine>
          <TextLine ID="eSc_line_b19b22bf"
                    BASELINE="188 1523 1235 1530" 
                    HPOS="188"
                    VPOS="1523"
                    WIDTH="1047"
                    HEIGHT="7">
	    <String CONTENT=""
                    HPOS="188"
                    VPOS="1523"
                    WIDTH="1047"
                    HEIGHT="7"></String>
          </TextLine>
          <TextLine ID="eSc_line_0bd0e590"
                    BASELINE="780 1470 965 1461" 
                    HPOS="780"
                    VPOS="1461"
                    WIDTH="185"
                    HEIGHT="9">
	    <String CONTENT=""
                    HPOS="780"
                    VPOS="1461"
                    WIDTH="185"
                    HEIGHT="9"></String>
          </TextLine>
          <TextLine ID="eSc_line_fb8eae92"
                    BASELINE="189 1654 1150 1646" 
                    HPOS="189"
                    VPOS="1646"
                    WIDTH="961"
                    HEIGHT="8">
	    <String CONTENT=""
                    HPOS="189"
                    VPOS="1646"
                    WIDTH="961"
                    HEIGHT="8"></String>
          </TextLine>
          <TextLine ID="eSc_line_40a2520a"
                    BASELINE="800 1584 939 1583" 
                    HPOS="800"
                    VPOS="1583"
                    WIDTH="139"
                    HEIGHT="1">
	    <String CONTENT=""
                    HPOS="800"
                    VPOS="1583"
                    WIDTH="139"
                    HEIGHT="1"></String>
          </TextLine>
          <TextLine ID="eSc_line_2bb2c386"
                    BASELINE="196 1773 1231 1778" 
                    HPOS="196"
                    VPOS="1773"
                    WIDTH="1035"
                    HEIGHT="5">
	    <String CONTENT=""
                    HPOS="196"
                    VPOS="1773"
                    WIDTH="1035"
                    HEIGHT="5"></String>
          </TextLine>
          <TextLine ID="eSc_line_72c88b65"
                    BASELINE="190 1832 583 1830" 
                    HPOS="190"
                    VPOS="1830"
                    WIDTH="393"
                    HEIGHT="2">
	    <String CONTENT=""
                    HPOS="190"
                    VPOS="1830"
                    WIDTH="393"
                    HEIGHT="2"></String>
          </TextLine>
          <TextLine ID="eSc_line_77cbbd9c"
                    BASELINE="191 1890 1265 1895" 
                    HPOS="191"
                    VPOS="1890"
                    WIDTH="1074"
                    HEIGHT="5">
	    <String CONTENT=""
                    HPOS="191"
                    VPOS="1890"
                    WIDTH="1074"
                    HEIGHT="5"></String>
          </TextLine>
          <TextLine ID="eSc_line_5f3209c0"
                    BASELINE="801 1941 937 1950" 
                    HPOS="801"
                    VPOS="1941"
                    WIDTH="136"
                    HEIGHT="9">
	    <String CONTENT=""
                    HPOS="801"
                    VPOS="1941"
                    WIDTH="136"
                    HEIGHT="9"></String>
          </TextLine>
        </TextBlock>
        <TextBlock HPOS="635"
                   VPOS="357"
                   WIDTH="157"
                   HEIGHT="45"
                   ID="region_1720166187173_429"
                   TAGREFS="BT3205">
          <Shape><Polygon POINTS="792 399 635 402 635 357 761 357"/></Shape>
          <TextLine ID="eSc_line_7b558aad"
                    BASELINE="646 393 754 388" 
                    HPOS="646"
                    VPOS="388"
                    WIDTH="108"
                    HEIGHT="5">
	    <String CONTENT=""
                    HPOS="646"
                    VPOS="388"
                    WIDTH="108"
                    HEIGHT="5"></String>
          </TextLine>
        </TextBlock>
        <TextBlock HPOS="177"
                   VPOS="2072"
                   WIDTH="1085"
                   HEIGHT="193"
                   ID="region_1720166335573_456"
                   TAGREFS="BT3206">
          <Shape><Polygon POINTS="1262 2265 177 2265 181 2072 1233 2073"/></Shape>
          <TextLine ID="eSc_line_83f9c4f1"
                    BASELINE="661 2110 746 2125" 
                    HPOS="661"
                    VPOS="2110"
                    WIDTH="85"
                    HEIGHT="15">
	    <String CONTENT=""
                    HPOS="661"
                    VPOS="2110"
                    WIDTH="85"
                    HEIGHT="15"></String>
          </TextLine>
          <TextLine ID="eSc_line_4b528367"
                    BASELINE="260 2201 1244 2196" 
                    HPOS="260"
                    VPOS="2196"
                    WIDTH="984"
                    HEIGHT="5">
	    <String CONTENT=""
                    HPOS="260"
                    VPOS="2196"
                    WIDTH="984"
                    HEIGHT="5"></String>
          </TextLine>
          <TextLine ID="eSc_line_e5f3110b"
                    BASELINE="189 2260 1246 2256" 
                    HPOS="189"
                    VPOS="2256"
                    WIDTH="1057"
                    HEIGHT="4">
	    <String CONTENT=""
                    HPOS="189"
                    VPOS="2256"
                    WIDTH="1057"
                    HEIGHT="4"></String>
          </TextLine>
        </TextBlock>
        <TextBlock HPOS="212"
                   VPOS="2313"
                   WIDTH="388"
                   HEIGHT="142"
                   ID="region_1720166601089_496"
                   TAGREFS="BT3207">
          <Shape><Polygon POINTS="600 2433 212 2455 212 2313 600 2313"/></Shape>
          <TextLine ID="eSc_line_f3c39c87"
                    BASELINE="246 2386 583 2384" 
                    HPOS="246"
                    VPOS="2384"
                    WIDTH="337"
                    HEIGHT="2">
	    <String CONTENT=""
                    HPOS="246"
                    VPOS="2384"
                    WIDTH="337"
                    HEIGHT="2"></String>
          </TextLine>
          <TextLine ID="eSc_line_60c89196"
                    BASELINE="228 2436 338 2437" 
                    HPOS="228"
                    VPOS="2436"
                    WIDTH="110"
                    HEIGHT="1">
	    <String CONTENT=""
                    HPOS="228"
                    VPOS="2436"
                    WIDTH="110"
                    HEIGHT="1"></String>
          </TextLine>
        </TextBlock>
        <TextBlock HPOS="748"
                   VPOS="2366"
                   WIDTH="168"
                   HEIGHT="96"
                   ID="region_1720166344593_462"
                   TAGREFS="BT3205">
          <Shape><Polygon POINTS="859 2462 748 2462 748 2371 916 2366"/></Shape>
          <TextLine ID="eSc_line_5c59b638"
                    BASELINE="769 2444 843 2443" 
                    HPOS="769"
                    VPOS="2443"
                    WIDTH="74"
                    HEIGHT="1">
	    <String CONTENT=""
                    HPOS="769"
                    VPOS="2443"
                    WIDTH="74"
                    HEIGHT="1"></String>
          </TextLine>
        </TextBlock>
        <TextBlock ID="eSc_dummyblock_">
          <TextLine ID="eSc_line_a64d0d6b"
                    BASELINE="178 862 698 855" 
                    HPOS="178"
                    VPOS="855"
                    WIDTH="520"
                    HEIGHT="7">
	    <String CONTENT=""
                    HPOS="178"
                    VPOS="855"
                    WIDTH="520"
                    HEIGHT="7"></String>
          </TextLine>
          <TextLine ID="eSc_line_e220efb9"
                    BASELINE="181 1227 594 1216" 
                    HPOS="181"
                    VPOS="1216"
                    WIDTH="413"
                    HEIGHT="11">
	    <String CONTENT=""
                    HPOS="181"
                    VPOS="1216"
                    WIDTH="413"
                    HEIGHT="11"></String>
          </TextLine>
          <TextLine ID="eSc_line_6efecd81"
                    BASELINE="184 1350 623 1339" 
                    HPOS="184"
                    VPOS="1339"
                    WIDTH="439"
                    HEIGHT="11">
	    <String CONTENT=""
                    HPOS="184"
                    VPOS="1339"
                    WIDTH="439"
                    HEIGHT="11"></String>
          </TextLine>
          <TextLine ID="eSc_line_02413867"
                    BASELINE="185 1710 827 1707" 
                    HPOS="185"
                    VPOS="1707"
                    WIDTH="642"
                    HEIGHT="3">
	    <String CONTENT=""
                    HPOS="185"
                    VPOS="1707"
                    WIDTH="642"
                    HEIGHT="3"></String>
          </TextLine>
        </TextBlock>
      </PrintSpace>
    </Page>
  </Layout>
</alto>
