<?xml version="1.0" encoding="UTF-8"?>
<alto xmlns:xsi="http://www.w3.org/2001/XMLSchema-instance"
      xmlns="http://www.loc.gov/standards/alto/ns-v4#"
      xsi:schemaLocation="http://www.loc.gov/standards/alto/ns-v4# http://www.loc.gov/standards/alto/v4/alto-4-2.xsd">
  <Description>
    <MeasurementUnit>pixel</MeasurementUnit>
    <sourceImageInformation>
      <fileName>1800,_Poetische_Werke,_Bohn,_Bd._3,_VD18_8046145X_Seite_055_Bild_0001.jpg</fileName>
    </sourceImageInformation>
  </Description>
  <Tags>
    <OtherTag ID="BT1" LABEL="Title" DESCRIPTION="block type Title"/><OtherTag ID="BT2" LABEL="Main" DESCRIPTION="block type Main"/><OtherTag ID="BT3" LABEL="Commentary" DESCRIPTION="block type Commentary"/><OtherTag ID="BT4" LABEL="Illustration" DESCRIPTION="block type Illustration"/><OtherTag ID="BT3205" LABEL="heading" DESCRIPTION="block type heading"/><OtherTag ID="BT3206" LABEL="paragraph" DESCRIPTION="block type paragraph"/><OtherTag ID="BT3207" LABEL="footnote" DESCRIPTION="block type footnote"/>
  </Tags>
  <Layout>
    <Page WIDTH="1769"
          HEIGHT="2776"
          PHYSICAL_IMG_NR="14"
          ID="eSc_dummypage_">
      <PrintSpace HPOS="0"
                  VPOS="0"
                  WIDTH="1769"
                  HEIGHT="2776">
        <TextBlock HPOS="186"
                   VPOS="484"
                   WIDTH="1133"
                   HEIGHT="171"
                   ID="region_1724840555738_627"
                   TAGREFS="BT3205">
          <Shape><Polygon POINTS="1319 655 233 653 186 484 1272 486"/></Shape>
          <TextLine ID="eSc_line_1f9b238b"
                    BASELINE="225 583 1275 583" 
                    HPOS="225"
                    VPOS="583"
                    WIDTH="1050"
                    HEIGHT="0">
	    <String CONTENT=""
                    HPOS="225"
                    VPOS="583"
                    WIDTH="1050"
                    HEIGHT="0"></String>
          </TextLine>
          <TextLine ID="eSc_line_edc3cdad"
                    BASELINE="548 649 953 651" 
                    HPOS="548"
                    VPOS="649"
                    WIDTH="405"
                    HEIGHT="2">
	    <String CONTENT=""
                    HPOS="548"
                    VPOS="649"
                    WIDTH="405"
                    HEIGHT="2"></String>
          </TextLine>
        </TextBlock>
        <TextBlock HPOS="206"
                   VPOS="663"
                   WIDTH="1145"
                   HEIGHT="1119"
                   ID="region_1724840570462_635"
                   TAGREFS="BT3206">
          <Shape><Polygon POINTS="1351 1781 206 1782 206 663 1332 663"/></Shape>
          <TextLine ID="eSc_line_f0254721"
                    BASELINE="215 740 844 741" 
                    HPOS="215"
                    VPOS="740"
                    WIDTH="629"
                    HEIGHT="1">
	    <String CONTENT=""
                    HPOS="215"
                    VPOS="740"
                    WIDTH="629"
                    HEIGHT="1"></String>
          </TextLine>
          <TextLine ID="eSc_line_aa64baf9"
                    BASELINE="213 796 1272 806" 
                    HPOS="213"
                    VPOS="796"
                    WIDTH="1059"
                    HEIGHT="10">
	    <String CONTENT=""
                    HPOS="213"
                    VPOS="796"
                    WIDTH="1059"
                    HEIGHT="10"></String>
          </TextLine>
          <TextLine ID="eSc_line_81767fa3"
                    BASELINE="217 854 770 861" 
                    HPOS="217"
                    VPOS="854"
                    WIDTH="553"
                    HEIGHT="7">
	    <String CONTENT=""
                    HPOS="217"
                    VPOS="854"
                    WIDTH="553"
                    HEIGHT="7"></String>
          </TextLine>
          <TextLine ID="eSc_line_5bfd1c00"
                    BASELINE="215 915 1278 933" 
                    HPOS="215"
                    VPOS="915"
                    WIDTH="1063"
                    HEIGHT="18">
	    <String CONTENT=""
                    HPOS="215"
                    VPOS="915"
                    WIDTH="1063"
                    HEIGHT="18"></String>
          </TextLine>
          <TextLine ID="eSc_line_4a213780"
                    BASELINE="215 973 884 977" 
                    HPOS="215"
                    VPOS="973"
                    WIDTH="669"
                    HEIGHT="4">
	    <String CONTENT=""
                    HPOS="215"
                    VPOS="973"
                    WIDTH="669"
                    HEIGHT="4"></String>
          </TextLine>
          <TextLine ID="eSc_line_da45623c"
                    BASELINE="218 1034 893 1044" 
                    HPOS="218"
                    VPOS="1034"
                    WIDTH="675"
                    HEIGHT="10">
	    <String CONTENT=""
                    HPOS="218"
                    VPOS="1034"
                    WIDTH="675"
                    HEIGHT="10"></String>
          </TextLine>
          <TextLine ID="eSc_line_d04c16ac"
                    BASELINE="217 1094 1018 1108" 
                    HPOS="217"
                    VPOS="1094"
                    WIDTH="801"
                    HEIGHT="14">
	    <String CONTENT=""
                    HPOS="217"
                    VPOS="1094"
                    WIDTH="801"
                    HEIGHT="14"></String>
          </TextLine>
          <TextLine ID="eSc_line_b35fb0eb"
                    BASELINE="214 1165 865 1169" 
                    HPOS="214"
                    VPOS="1165"
                    WIDTH="651"
                    HEIGHT="4">
	    <String CONTENT=""
                    HPOS="214"
                    VPOS="1165"
                    WIDTH="651"
                    HEIGHT="4"></String>
          </TextLine>
          <TextLine ID="eSc_line_036fed85"
                    BASELINE="215 1225 1097 1236" 
                    HPOS="215"
                    VPOS="1225"
                    WIDTH="882"
                    HEIGHT="11">
	    <String CONTENT=""
                    HPOS="215"
                    VPOS="1225"
                    WIDTH="882"
                    HEIGHT="11"></String>
          </TextLine>
          <TextLine ID="eSc_line_8d1b18d2"
                    BASELINE="213 1289 1211 1296" 
                    HPOS="213"
                    VPOS="1289"
                    WIDTH="998"
                    HEIGHT="7">
	    <String CONTENT=""
                    HPOS="213"
                    VPOS="1289"
                    WIDTH="998"
                    HEIGHT="7"></String>
          </TextLine>
          <TextLine ID="eSc_line_498ea1c3"
                    BASELINE="210 1354 732 1361" 
                    HPOS="210"
                    VPOS="1354"
                    WIDTH="522"
                    HEIGHT="7">
	    <String CONTENT=""
                    HPOS="210"
                    VPOS="1354"
                    WIDTH="522"
                    HEIGHT="7"></String>
          </TextLine>
          <TextLine ID="eSc_line_1ffde81c"
                    BASELINE="272 1476 895 1470" 
                    HPOS="272"
                    VPOS="1470"
                    WIDTH="623"
                    HEIGHT="6">
	    <String CONTENT=""
                    HPOS="272"
                    VPOS="1470"
                    WIDTH="623"
                    HEIGHT="6"></String>
          </TextLine>
          <TextLine ID="eSc_line_0cb5e345"
                    BASELINE="214 1523 759 1524" 
                    HPOS="214"
                    VPOS="1523"
                    WIDTH="545"
                    HEIGHT="1">
	    <String CONTENT=""
                    HPOS="214"
                    VPOS="1523"
                    WIDTH="545"
                    HEIGHT="1"></String>
          </TextLine>
          <TextLine ID="eSc_line_31cb393a"
                    BASELINE="217 1585 1026 1596" 
                    HPOS="217"
                    VPOS="1585"
                    WIDTH="809"
                    HEIGHT="11">
	    <String CONTENT=""
                    HPOS="217"
                    VPOS="1585"
                    WIDTH="809"
                    HEIGHT="11"></String>
          </TextLine>
          <TextLine ID="eSc_line_cb7a869c"
                    BASELINE="225 1657 1253 1659" 
                    HPOS="225"
                    VPOS="1657"
                    WIDTH="1028"
                    HEIGHT="2">
	    <String CONTENT=""
                    HPOS="225"
                    VPOS="1657"
                    WIDTH="1028"
                    HEIGHT="2"></String>
          </TextLine>
          <TextLine ID="eSc_line_491c63c9"
                    BASELINE="218 1717 1092 1717" 
                    HPOS="218"
                    VPOS="1717"
                    WIDTH="874"
                    HEIGHT="0">
	    <String CONTENT=""
                    HPOS="218"
                    VPOS="1717"
                    WIDTH="874"
                    HEIGHT="0"></String>
          </TextLine>
        </TextBlock>
        <TextBlock HPOS="247"
                   VPOS="1882"
                   WIDTH="987"
                   HEIGHT="573"
                   ID="region_1724840577626_638"
                   TAGREFS="BT3206">
          <Shape><Polygon POINTS="1200 2455 247 2455 247 1882 1234 1883"/></Shape>
          <TextLine ID="eSc_line_ee620180"
                    BASELINE="294 1964 847 1972" 
                    HPOS="294"
                    VPOS="1964"
                    WIDTH="553"
                    HEIGHT="8">
	    <String CONTENT=""
                    HPOS="294"
                    VPOS="1964"
                    WIDTH="553"
                    HEIGHT="8"></String>
          </TextLine>
          <TextLine ID="eSc_line_8e8d3f70"
                    BASELINE="351 2030 1061 2034" 
                    HPOS="351"
                    VPOS="2030"
                    WIDTH="710"
                    HEIGHT="4">
	    <String CONTENT=""
                    HPOS="351"
                    VPOS="2030"
                    WIDTH="710"
                    HEIGHT="4"></String>
          </TextLine>
          <TextLine ID="eSc_line_d4d2415f"
                    BASELINE="293 2086 769 2093" 
                    HPOS="293"
                    VPOS="2086"
                    WIDTH="476"
                    HEIGHT="7">
	    <String CONTENT=""
                    HPOS="293"
                    VPOS="2086"
                    WIDTH="476"
                    HEIGHT="7"></String>
          </TextLine>
          <TextLine ID="eSc_line_9cda6634"
                    BASELINE="346 2149 981 2153" 
                    HPOS="346"
                    VPOS="2149"
                    WIDTH="635"
                    HEIGHT="4">
	    <String CONTENT=""
                    HPOS="346"
                    VPOS="2149"
                    WIDTH="635"
                    HEIGHT="4"></String>
          </TextLine>
          <TextLine ID="eSc_line_9bbf0964"
                    BASELINE="300 2212 812 2220" 
                    HPOS="300"
                    VPOS="2212"
                    WIDTH="512"
                    HEIGHT="8">
	    <String CONTENT=""
                    HPOS="300"
                    VPOS="2212"
                    WIDTH="512"
                    HEIGHT="8"></String>
          </TextLine>
          <TextLine ID="eSc_line_130a5d29"
                    BASELINE="330 2278 1134 2279" 
                    HPOS="330"
                    VPOS="2278"
                    WIDTH="804"
                    HEIGHT="1">
	    <String CONTENT=""
                    HPOS="330"
                    VPOS="2278"
                    WIDTH="804"
                    HEIGHT="1"></String>
          </TextLine>
          <TextLine ID="eSc_line_3f24f723"
                    BASELINE="302 2336 979 2337" 
                    HPOS="302"
                    VPOS="2336"
                    WIDTH="677"
                    HEIGHT="1">
	    <String CONTENT=""
                    HPOS="302"
                    VPOS="2336"
                    WIDTH="677"
                    HEIGHT="1"></String>
          </TextLine>
          <TextLine ID="eSc_line_671d54cf"
                    BASELINE="340 2397 1005 2407" 
                    HPOS="340"
                    VPOS="2397"
                    WIDTH="665"
                    HEIGHT="10">
	    <String CONTENT=""
                    HPOS="340"
                    VPOS="2397"
                    WIDTH="665"
                    HEIGHT="10"></String>
          </TextLine>
        </TextBlock>
        <TextBlock HPOS="694"
                   VPOS="429"
                   WIDTH="84"
                   HEIGHT="49"
                   ID="region_1724840551714_624"
                   TAGREFS="BT3205">
          <Shape><Polygon POINTS="778 470 694 478 698 429 775 429"/></Shape>
        </TextBlock>
        <TextBlock ID="eSc_dummyblock_">
          <TextLine ID="eSc_line_227965eb"
                    BASELINE="697 479 783 470" 
                    HPOS="697"
                    VPOS="470"
                    WIDTH="86"
                    HEIGHT="9">
	    <String CONTENT=""
                    HPOS="697"
                    VPOS="470"
                    WIDTH="86"
                    HEIGHT="9"></String>
          </TextLine>
        </TextBlock>
      </PrintSpace>
    </Page>
  </Layout>
</alto>
