<?xml version="1.0" encoding="UTF-8"?>
<alto xmlns:xsi="http://www.w3.org/2001/XMLSchema-instance"
      xmlns="http://www.loc.gov/standards/alto/ns-v4#"
      xsi:schemaLocation="http://www.loc.gov/standards/alto/ns-v4# http://www.loc.gov/standards/alto/v4/alto-4-2.xsd">
  <Description>
    <MeasurementUnit>pixel</MeasurementUnit>
    <sourceImageInformation>
      <fileName>1800,_Poetische_Werke,_Bohn,_Bd._1,_VD18_80461433_Seite_209_Bild_0001.jpg</fileName>
    </sourceImageInformation>
  </Description>
  <Tags>
    <OtherTag ID="BT1" LABEL="Title" DESCRIPTION="block type Title"/><OtherTag ID="BT2" LABEL="Main" DESCRIPTION="block type Main"/><OtherTag ID="BT3" LABEL="Commentary" DESCRIPTION="block type Commentary"/><OtherTag ID="BT4" LABEL="Illustration" DESCRIPTION="block type Illustration"/><OtherTag ID="BT3205" LABEL="heading" DESCRIPTION="block type heading"/><OtherTag ID="BT3206" LABEL="paragraph" DESCRIPTION="block type paragraph"/><OtherTag ID="BT3207" LABEL="footnote" DESCRIPTION="block type footnote"/>
  </Tags>
  <Layout>
    <Page WIDTH="1869"
          HEIGHT="2751"
          PHYSICAL_IMG_NR="7"
          ID="eSc_dummypage_">
      <PrintSpace HPOS="0"
                  VPOS="0"
                  WIDTH="1869"
                  HEIGHT="2751">
        <TextBlock HPOS="155"
                   VPOS="534"
                   WIDTH="998"
                   HEIGHT="398"
                   ID="region_1720347019583_577"
                   TAGREFS="BT3206">
          <Shape><Polygon POINTS="1153 915 357 932 227 784 155 633 156 534 1113 534"/></Shape>
          <TextLine ID="eSc_line_42157fcd"
                    BASELINE="169 589 314 605" 
                    HPOS="169"
                    VPOS="589"
                    WIDTH="145"
                    HEIGHT="16">
	    <String CONTENT=""
                    HPOS="169"
                    VPOS="589"
                    WIDTH="145"
                    HEIGHT="16"></String>
          </TextLine>
          <TextLine ID="eSc_line_c35b25f6"
                    BASELINE="392 604 1056 599" 
                    HPOS="392"
                    VPOS="599"
                    WIDTH="664"
                    HEIGHT="5">
	    <String CONTENT=""
                    HPOS="392"
                    VPOS="599"
                    WIDTH="664"
                    HEIGHT="5"></String>
          </TextLine>
          <TextLine ID="eSc_line_180e470d"
                    BASELINE="374 678 1036 665" 
                    HPOS="374"
                    VPOS="665"
                    WIDTH="662"
                    HEIGHT="13">
	    <String CONTENT=""
                    HPOS="374"
                    VPOS="665"
                    WIDTH="662"
                    HEIGHT="13"></String>
          </TextLine>
          <TextLine ID="eSc_line_1d4b323a"
                    BASELINE="388 733 948 728" 
                    HPOS="388"
                    VPOS="728"
                    WIDTH="560"
                    HEIGHT="5">
	    <String CONTENT=""
                    HPOS="388"
                    VPOS="728"
                    WIDTH="560"
                    HEIGHT="5"></String>
          </TextLine>
          <TextLine ID="eSc_line_528178c2"
                    BASELINE="381 798 1069 790" 
                    HPOS="381"
                    VPOS="790"
                    WIDTH="688"
                    HEIGHT="8">
	    <String CONTENT=""
                    HPOS="381"
                    VPOS="790"
                    WIDTH="688"
                    HEIGHT="8"></String>
          </TextLine>
          <TextLine ID="eSc_line_dddc5432"
                    BASELINE="383 859 1109 850" 
                    HPOS="383"
                    VPOS="850"
                    WIDTH="726"
                    HEIGHT="9">
	    <String CONTENT=""
                    HPOS="383"
                    VPOS="850"
                    WIDTH="726"
                    HEIGHT="9"></String>
          </TextLine>
          <TextLine ID="eSc_line_b45d8c9d"
                    BASELINE="383 919 833 912" 
                    HPOS="383"
                    VPOS="912"
                    WIDTH="450"
                    HEIGHT="7">
	    <String CONTENT=""
                    HPOS="383"
                    VPOS="912"
                    WIDTH="450"
                    HEIGHT="7"></String>
          </TextLine>
        </TextBlock>
        <TextBlock HPOS="382"
                   VPOS="451"
                   WIDTH="597"
                   HEIGHT="68"
                   ID="region_1720347015687_574"
                   TAGREFS="BT3205">
          <Shape><Polygon POINTS="979 510 382 519 382 454 963 451"/></Shape>
          <TextLine ID="eSc_line_ecd6b18e"
                    BASELINE="409 513 981 511" 
                    HPOS="409"
                    VPOS="511"
                    WIDTH="572"
                    HEIGHT="2">
	    <String CONTENT=""
                    HPOS="409"
                    VPOS="511"
                    WIDTH="572"
                    HEIGHT="2"></String>
          </TextLine>
        </TextBlock>
        <TextBlock HPOS="635"
                   VPOS="360"
                   WIDTH="109"
                   HEIGHT="74"
                   ID="region_1720347012894_571"
                   TAGREFS="BT3205">
          <Shape><Polygon POINTS="744 415 635 434 635 360 741 360"/></Shape>
          <TextLine ID="eSc_line_d75e54ca"
                    BASELINE="638 420 725 419" 
                    HPOS="638"
                    VPOS="419"
                    WIDTH="87"
                    HEIGHT="1">
	    <String CONTENT=""
                    HPOS="638"
                    VPOS="419"
                    WIDTH="87"
                    HEIGHT="1"></String>
          </TextLine>
        </TextBlock>
        <TextBlock HPOS="502"
                   VPOS="1101"
                   WIDTH="413"
                   HEIGHT="84"
                   ID="region_1720347027867_583"
                   TAGREFS="BT3205">
          <Shape><Polygon POINTS="903 1178 502 1185 502 1101 915 1101"/></Shape>
          <TextLine ID="eSc_line_24a3bea8"
                    BASELINE="512 1174 892 1164" 
                    HPOS="512"
                    VPOS="1164"
                    WIDTH="380"
                    HEIGHT="10">
	    <String CONTENT=""
                    HPOS="512"
                    VPOS="1164"
                    WIDTH="380"
                    HEIGHT="10"></String>
          </TextLine>
        </TextBlock>
        <TextBlock HPOS="302"
                   VPOS="1198"
                   WIDTH="895"
                   HEIGHT="525"
                   ID="region_1720347037759_586"
                   TAGREFS="BT3206">
          <Shape><Polygon POINTS="1197 1723 302 1723 302 1198 1197 1198"/></Shape>
          <TextLine ID="eSc_line_5cebfe24"
                    BASELINE="333 1276 1068 1270" 
                    HPOS="333"
                    VPOS="1270"
                    WIDTH="735"
                    HEIGHT="6">
	    <String CONTENT=""
                    HPOS="333"
                    VPOS="1270"
                    WIDTH="735"
                    HEIGHT="6"></String>
          </TextLine>
          <TextLine ID="eSc_line_b367e689"
                    BASELINE="338 1343 986 1329" 
                    HPOS="338"
                    VPOS="1329"
                    WIDTH="648"
                    HEIGHT="14">
	    <String CONTENT=""
                    HPOS="338"
                    VPOS="1329"
                    WIDTH="648"
                    HEIGHT="14"></String>
          </TextLine>
          <TextLine ID="eSc_line_ae26a26c"
                    BASELINE="330 1404 1102 1394" 
                    HPOS="330"
                    VPOS="1394"
                    WIDTH="772"
                    HEIGHT="10">
	    <String CONTENT=""
                    HPOS="330"
                    VPOS="1394"
                    WIDTH="772"
                    HEIGHT="10"></String>
          </TextLine>
          <TextLine ID="eSc_line_4a184a78"
                    BASELINE="332 1456 1060 1450" 
                    HPOS="332"
                    VPOS="1450"
                    WIDTH="728"
                    HEIGHT="6">
	    <String CONTENT=""
                    HPOS="332"
                    VPOS="1450"
                    WIDTH="728"
                    HEIGHT="6"></String>
          </TextLine>
          <TextLine ID="eSc_line_17271675"
                    BASELINE="333 1524 1022 1514" 
                    HPOS="333"
                    VPOS="1514"
                    WIDTH="689"
                    HEIGHT="10">
	    <String CONTENT=""
                    HPOS="333"
                    VPOS="1514"
                    WIDTH="689"
                    HEIGHT="10"></String>
          </TextLine>
          <TextLine ID="eSc_line_fe175763"
                    BASELINE="327 1580 1161 1571" 
                    HPOS="327"
                    VPOS="1571"
                    WIDTH="834"
                    HEIGHT="9">
	    <String CONTENT=""
                    HPOS="327"
                    VPOS="1571"
                    WIDTH="834"
                    HEIGHT="9"></String>
          </TextLine>
          <TextLine ID="eSc_line_e905738e"
                    BASELINE="323 1641 971 1631" 
                    HPOS="323"
                    VPOS="1631"
                    WIDTH="648"
                    HEIGHT="10">
	    <String CONTENT=""
                    HPOS="323"
                    VPOS="1631"
                    WIDTH="648"
                    HEIGHT="10"></String>
          </TextLine>
          <TextLine ID="eSc_line_1edde5c9"
                    BASELINE="334 1694 1008 1693" 
                    HPOS="334"
                    VPOS="1693"
                    WIDTH="674"
                    HEIGHT="1">
	    <String CONTENT=""
                    HPOS="334"
                    VPOS="1693"
                    WIDTH="674"
                    HEIGHT="1"></String>
          </TextLine>
        </TextBlock>
        <TextBlock HPOS="520"
                   VPOS="1853"
                   WIDTH="366"
                   HEIGHT="80"
                   ID="region_1720347041351_589"
                   TAGREFS="BT3205">
          <Shape><Polygon POINTS="886 1933 520 1933 520 1853 868 1863"/></Shape>
          <TextLine ID="eSc_line_4dafef0d"
                    BASELINE="569 1929 866 1931" 
                    HPOS="569"
                    VPOS="1929"
                    WIDTH="297"
                    HEIGHT="2">
	    <String CONTENT=""
                    HPOS="569"
                    VPOS="1929"
                    WIDTH="297"
                    HEIGHT="2"></String>
          </TextLine>
        </TextBlock>
        <TextBlock HPOS="137"
                   VPOS="1949"
                   WIDTH="1117"
                   HEIGHT="182"
                   ID="region_1720347053327_592"
                   TAGREFS="BT3206">
          <Shape><Polygon POINTS="1254 2131 137 2131 138 1949 1233 1954"/></Shape>
          <TextLine ID="eSc_line_67640648"
                    BASELINE="198 2023 1228 2028" 
                    HPOS="198"
                    VPOS="2023"
                    WIDTH="1030"
                    HEIGHT="5">
	    <String CONTENT=""
                    HPOS="198"
                    VPOS="2023"
                    WIDTH="1030"
                    HEIGHT="5"></String>
          </TextLine>
          <TextLine ID="eSc_line_f984be9e"
                    BASELINE="187 2089 1225 2101" 
                    HPOS="187"
                    VPOS="2089"
                    WIDTH="1038"
                    HEIGHT="12">
	    <String CONTENT=""
                    HPOS="187"
                    VPOS="2089"
                    WIDTH="1038"
                    HEIGHT="12"></String>
          </TextLine>
        </TextBlock>
        <TextBlock HPOS="164"
                   VPOS="2205"
                   WIDTH="1130"
                   HEIGHT="180"
                   ID="region_1720347056327_595"
                   TAGREFS="BT3207">
          <Shape><Polygon POINTS="1235 2343 164 2385 164 2205 1294 2205"/></Shape>
          <TextLine ID="eSc_line_ce5a600d"
                    BASELINE="256 2296 1241 2286" 
                    HPOS="256"
                    VPOS="2286"
                    WIDTH="985"
                    HEIGHT="10">
	    <String CONTENT=""
                    HPOS="256"
                    VPOS="2286"
                    WIDTH="985"
                    HEIGHT="10"></String>
          </TextLine>
          <TextLine ID="eSc_line_2d146437"
                    BASELINE="205 2328 360 2341" 
                    HPOS="205"
                    VPOS="2328"
                    WIDTH="155"
                    HEIGHT="13">
	    <String CONTENT=""
                    HPOS="205"
                    VPOS="2328"
                    WIDTH="155"
                    HEIGHT="13"></String>
          </TextLine>
        </TextBlock>
        <TextBlock ID="eSc_dummyblock_">
          <TextLine ID="eSc_line_35c2b7b7"
                    BASELINE="187 709 345 736" 
                    HPOS="187"
                    VPOS="709"
                    WIDTH="158"
                    HEIGHT="27">
	    <String CONTENT=""
                    HPOS="187"
                    VPOS="709"
                    WIDTH="158"
                    HEIGHT="27"></String>
          </TextLine>
        </TextBlock>
      </PrintSpace>
    </Page>
  </Layout>
</alto>
