<?xml version="1.0" encoding="UTF-8"?>
<alto xmlns:xsi="http://www.w3.org/2001/XMLSchema-instance"
      xmlns="http://www.loc.gov/standards/alto/ns-v4#"
      xsi:schemaLocation="http://www.loc.gov/standards/alto/ns-v4# http://www.loc.gov/standards/alto/v4/alto-4-2.xsd">
  <Description>
    <MeasurementUnit>pixel</MeasurementUnit>
    <sourceImageInformation>
      <fileName>1800,_Poetische_Werke,_Bohn,_Bd._5,_VD18_80461476_Seite_040_Bild_0001.jpg</fileName>
    </sourceImageInformation>
  </Description>
  <Tags>
    <OtherTag ID="BT1" LABEL="Title" DESCRIPTION="block type Title"/><OtherTag ID="BT2" LABEL="Main" DESCRIPTION="block type Main"/><OtherTag ID="BT3" LABEL="Commentary" DESCRIPTION="block type Commentary"/><OtherTag ID="BT4" LABEL="Illustration" DESCRIPTION="block type Illustration"/><OtherTag ID="BT3205" LABEL="heading" DESCRIPTION="block type heading"/><OtherTag ID="BT3206" LABEL="paragraph" DESCRIPTION="block type paragraph"/><OtherTag ID="BT3207" LABEL="footnote" DESCRIPTION="block type footnote"/>
  </Tags>
  <Layout>
    <Page WIDTH="1872"
          HEIGHT="2837"
          PHYSICAL_IMG_NR="16"
          ID="eSc_dummypage_">
      <PrintSpace HPOS="0"
                  VPOS="0"
                  WIDTH="1872"
                  HEIGHT="2837">
        <TextBlock HPOS="579"
                   VPOS="460"
                   WIDTH="1168"
                   HEIGHT="888"
                   ID="region_1724840723654_665"
                   TAGREFS="BT3206">
          <Shape><Polygon POINTS="1713 1348 579 1348 579 467 1747 460"/></Shape>
          <TextLine ID="eSc_line_dc1a4d6f"
                    BASELINE="640 539 1698 543" 
                    HPOS="640"
                    VPOS="539"
                    WIDTH="1058"
                    HEIGHT="4">
	    <String CONTENT=""
                    HPOS="640"
                    VPOS="539"
                    WIDTH="1058"
                    HEIGHT="4"></String>
          </TextLine>
          <TextLine ID="eSc_line_de0d8aac"
                    BASELINE="638 603 1696 611" 
                    HPOS="638"
                    VPOS="603"
                    WIDTH="1058"
                    HEIGHT="8">
	    <String CONTENT=""
                    HPOS="638"
                    VPOS="603"
                    WIDTH="1058"
                    HEIGHT="8"></String>
          </TextLine>
          <TextLine ID="eSc_line_e421a213"
                    BASELINE="630 670 1711 667" 
                    HPOS="630"
                    VPOS="667"
                    WIDTH="1081"
                    HEIGHT="3">
	    <String CONTENT=""
                    HPOS="630"
                    VPOS="667"
                    WIDTH="1081"
                    HEIGHT="3"></String>
          </TextLine>
          <TextLine ID="eSc_line_a4580af1"
                    BASELINE="630 729 1701 728" 
                    HPOS="630"
                    VPOS="728"
                    WIDTH="1071"
                    HEIGHT="1">
	    <String CONTENT=""
                    HPOS="630"
                    VPOS="728"
                    WIDTH="1071"
                    HEIGHT="1"></String>
          </TextLine>
          <TextLine ID="eSc_line_bbbee4f4"
                    BASELINE="624 792 1706 790" 
                    HPOS="624"
                    VPOS="790"
                    WIDTH="1082"
                    HEIGHT="2">
	    <String CONTENT=""
                    HPOS="624"
                    VPOS="790"
                    WIDTH="1082"
                    HEIGHT="2"></String>
          </TextLine>
          <TextLine ID="eSc_line_ba5389f4"
                    BASELINE="629 849 1716 856" 
                    HPOS="629"
                    VPOS="849"
                    WIDTH="1087"
                    HEIGHT="7">
	    <String CONTENT=""
                    HPOS="629"
                    VPOS="849"
                    WIDTH="1087"
                    HEIGHT="7"></String>
          </TextLine>
          <TextLine ID="eSc_line_1f228bc0"
                    BASELINE="618 919 1269 916" 
                    HPOS="618"
                    VPOS="916"
                    WIDTH="651"
                    HEIGHT="3">
	    <String CONTENT=""
                    HPOS="618"
                    VPOS="916"
                    WIDTH="651"
                    HEIGHT="3"></String>
          </TextLine>
          <TextLine ID="eSc_line_39809d61"
                    BASELINE="716 977 1703 972" 
                    HPOS="716"
                    VPOS="972"
                    WIDTH="987"
                    HEIGHT="5">
	    <String CONTENT=""
                    HPOS="716"
                    VPOS="972"
                    WIDTH="987"
                    HEIGHT="5"></String>
          </TextLine>
          <TextLine ID="eSc_line_6fa23ed7"
                    BASELINE="637 1042 1698 1042" 
                    HPOS="637"
                    VPOS="1042"
                    WIDTH="1061"
                    HEIGHT="0">
	    <String CONTENT=""
                    HPOS="637"
                    VPOS="1042"
                    WIDTH="1061"
                    HEIGHT="0"></String>
          </TextLine>
          <TextLine ID="eSc_line_218d76cc"
                    BASELINE="640 1094 1700 1094" 
                    HPOS="640"
                    VPOS="1094"
                    WIDTH="1060"
                    HEIGHT="0">
	    <String CONTENT=""
                    HPOS="640"
                    VPOS="1094"
                    WIDTH="1060"
                    HEIGHT="0"></String>
          </TextLine>
          <TextLine ID="eSc_line_7dc2947d"
                    BASELINE="624 1161 1704 1162" 
                    HPOS="624"
                    VPOS="1161"
                    WIDTH="1080"
                    HEIGHT="1">
	    <String CONTENT=""
                    HPOS="624"
                    VPOS="1161"
                    WIDTH="1080"
                    HEIGHT="1"></String>
          </TextLine>
          <TextLine ID="eSc_line_5573d002"
                    BASELINE="614 1218 1700 1220" 
                    HPOS="614"
                    VPOS="1218"
                    WIDTH="1086"
                    HEIGHT="2">
	    <String CONTENT=""
                    HPOS="614"
                    VPOS="1218"
                    WIDTH="1086"
                    HEIGHT="2"></String>
          </TextLine>
          <TextLine ID="eSc_line_59c5c098"
                    BASELINE="604 1280 1698 1284" 
                    HPOS="604"
                    VPOS="1280"
                    WIDTH="1094"
                    HEIGHT="4">
	    <String CONTENT=""
                    HPOS="604"
                    VPOS="1280"
                    WIDTH="1094"
                    HEIGHT="4"></String>
          </TextLine>
          <TextLine ID="eSc_line_2ecdf5e5"
                    BASELINE="620 1334 1453 1337" 
                    HPOS="620"
                    VPOS="1334"
                    WIDTH="833"
                    HEIGHT="3">
	    <String CONTENT=""
                    HPOS="620"
                    VPOS="1334"
                    WIDTH="833"
                    HEIGHT="3"></String>
          </TextLine>
        </TextBlock>
        <TextBlock HPOS="1097"
                   VPOS="386"
                   WIDTH="121"
                   HEIGHT="69"
                   ID="region_1724840719286_662"
                   TAGREFS="BT3205">
          <Shape><Polygon POINTS="1207 455 1097 455 1097 386 1218 389"/></Shape>
          <TextLine ID="eSc_line_f8706989"
                    BASELINE="1129 450 1202 449" 
                    HPOS="1129"
                    VPOS="449"
                    WIDTH="73"
                    HEIGHT="1">
	    <String CONTENT=""
                    HPOS="1129"
                    VPOS="449"
                    WIDTH="73"
                    HEIGHT="1"></String>
          </TextLine>
        </TextBlock>
        <TextBlock HPOS="876"
                   VPOS="1509"
                   WIDTH="615"
                   HEIGHT="113"
                   ID="region_1724840726694_668"
                   TAGREFS="BT3205">
          <Shape><Polygon POINTS="1467 1622 876 1622 876 1518 1491 1509"/></Shape>
          <TextLine ID="eSc_line_173265c0"
                    BASELINE="893 1610 1465 1603" 
                    HPOS="893"
                    VPOS="1603"
                    WIDTH="572"
                    HEIGHT="7">
	    <String CONTENT=""
                    HPOS="893"
                    VPOS="1603"
                    WIDTH="572"
                    HEIGHT="7"></String>
          </TextLine>
        </TextBlock>
        <TextBlock HPOS="641"
                   VPOS="1711"
                   WIDTH="1058"
                   HEIGHT="537"
                   ID="region_1724840736528_672"
                   TAGREFS="BT3205">
          <Shape><Polygon POINTS="1682 2248 641 2248 641 1711 1699 1712"/></Shape>
          <TextLine ID="eSc_line_ddff1b61"
                    BASELINE="1119 1797 1201 1799" 
                    HPOS="1119"
                    VPOS="1797"
                    WIDTH="82"
                    HEIGHT="2">
	    <String CONTENT=""
                    HPOS="1119"
                    VPOS="1797"
                    WIDTH="82"
                    HEIGHT="2"></String>
          </TextLine>
          <TextLine ID="eSc_line_7994fb94"
                    BASELINE="957 1915 1392 1911" 
                    HPOS="957"
                    VPOS="1911"
                    WIDTH="435"
                    HEIGHT="4">
	    <String CONTENT=""
                    HPOS="957"
                    VPOS="1911"
                    WIDTH="435"
                    HEIGHT="4"></String>
          </TextLine>
          <TextLine ID="eSc_line_dc3f5467"
                    BASELINE="1132 2005 1196 2008" 
                    HPOS="1132"
                    VPOS="2005"
                    WIDTH="64"
                    HEIGHT="3">
	    <String CONTENT=""
                    HPOS="1132"
                    VPOS="2005"
                    WIDTH="64"
                    HEIGHT="3"></String>
          </TextLine>
          <TextLine ID="eSc_line_36fb6baa"
                    BASELINE="733 2118 1616 2113" 
                    HPOS="733"
                    VPOS="2113"
                    WIDTH="883"
                    HEIGHT="5">
	    <String CONTENT=""
                    HPOS="733"
                    VPOS="2113"
                    WIDTH="883"
                    HEIGHT="5"></String>
          </TextLine>
          <TextLine ID="eSc_line_c46561fc"
                    BASELINE="1069 2207 1259 2214" 
                    HPOS="1069"
                    VPOS="2207"
                    WIDTH="190"
                    HEIGHT="7">
	    <String CONTENT=""
                    HPOS="1069"
                    VPOS="2207"
                    WIDTH="190"
                    HEIGHT="7"></String>
          </TextLine>
        </TextBlock>
        <TextBlock HPOS="767"
                   VPOS="2261"
                   WIDTH="714"
                   HEIGHT="138"
                   ID="region_1724840739198_675"
                   TAGREFS="BT3205">
          <Shape><Polygon POINTS="1456 2399 767 2399 767 2261 1481 2262"/></Shape>
          <TextLine ID="eSc_line_8f2e3770"
                    BASELINE="782 2323 1454 2326" 
                    HPOS="782"
                    VPOS="2323"
                    WIDTH="672"
                    HEIGHT="3">
	    <String CONTENT=""
                    HPOS="782"
                    VPOS="2323"
                    WIDTH="672"
                    HEIGHT="3"></String>
          </TextLine>
          <TextLine ID="eSc_line_303cff49"
                    BASELINE="856 2390 1438 2386" 
                    HPOS="856"
                    VPOS="2386"
                    WIDTH="582"
                    HEIGHT="4">
	    <String CONTENT=""
                    HPOS="856"
                    VPOS="2386"
                    WIDTH="582"
                    HEIGHT="4"></String>
          </TextLine>
        </TextBlock>
      </PrintSpace>
    </Page>
  </Layout>
</alto>
