<?xml version="1.0" encoding="UTF-8"?>
<alto xmlns:xsi="http://www.w3.org/2001/XMLSchema-instance"
      xmlns="http://www.loc.gov/standards/alto/ns-v4#"
      xsi:schemaLocation="http://www.loc.gov/standards/alto/ns-v4# http://www.loc.gov/standards/alto/v4/alto-4-2.xsd">
  <Description>
    <MeasurementUnit>pixel</MeasurementUnit>
    <sourceImageInformation>
      <fileName>1800,_Poetische_Werke,_Bohn,_Bd._2,_VD18_80461441_Seite_008_Bild_0001.jpg</fileName>
    </sourceImageInformation>
  </Description>
  <Tags>
    <OtherTag ID="BT1" LABEL="Title" DESCRIPTION="block type Title"/><OtherTag ID="BT2" LABEL="Main" DESCRIPTION="block type Main"/><OtherTag ID="BT3" LABEL="Commentary" DESCRIPTION="block type Commentary"/><OtherTag ID="BT4" LABEL="Illustration" DESCRIPTION="block type Illustration"/><OtherTag ID="BT3205" LABEL="heading" DESCRIPTION="block type heading"/><OtherTag ID="BT3206" LABEL="paragraph" DESCRIPTION="block type paragraph"/><OtherTag ID="BT3207" LABEL="footnote" DESCRIPTION="block type footnote"/>
  </Tags>
  <Layout>
    <Page WIDTH="1866"
          HEIGHT="2730"
          PHYSICAL_IMG_NR="3"
          ID="eSc_dummypage_">
      <PrintSpace HPOS="0"
                  VPOS="0"
                  WIDTH="1866"
                  HEIGHT="2730">
        <TextBlock HPOS="628"
                   VPOS="413"
                   WIDTH="1105"
                   HEIGHT="1690"
                   ID="region_1718901200578_21"
                   TAGREFS="BT3206">
          <Shape><Polygon POINTS="1733 2095 628 2103 631 413 1721 413"/></Shape>
          <TextLine ID="eSc_line_84a00b7c"
                    BASELINE="656 500 1703 490" 
                    HPOS="656"
                    VPOS="490"
                    WIDTH="1047"
                    HEIGHT="10">
	    <String CONTENT=""
                    HPOS="656"
                    VPOS="490"
                    WIDTH="1047"
                    HEIGHT="10"></String>
          </TextLine>
          <TextLine ID="eSc_line_3a4e9455"
                    BASELINE="654 581 1696 575" 
                    HPOS="654"
                    VPOS="575"
                    WIDTH="1042"
                    HEIGHT="6">
	    <String CONTENT=""
                    HPOS="654"
                    VPOS="575"
                    WIDTH="1042"
                    HEIGHT="6"></String>
          </TextLine>
          <TextLine ID="eSc_line_03081f51"
                    BASELINE="652 663 1706 659" 
                    HPOS="652"
                    VPOS="659"
                    WIDTH="1054"
                    HEIGHT="4">
	    <String CONTENT=""
                    HPOS="652"
                    VPOS="659"
                    WIDTH="1054"
                    HEIGHT="4"></String>
          </TextLine>
          <TextLine ID="eSc_line_504cc4ac"
                    BASELINE="639 744 1700 731" 
                    HPOS="639"
                    VPOS="731"
                    WIDTH="1061"
                    HEIGHT="13">
	    <String CONTENT=""
                    HPOS="639"
                    VPOS="731"
                    WIDTH="1061"
                    HEIGHT="13"></String>
          </TextLine>
          <TextLine ID="eSc_line_0b57bbc9"
                    BASELINE="656 826 1704 810" 
                    HPOS="656"
                    VPOS="810"
                    WIDTH="1048"
                    HEIGHT="16">
	    <String CONTENT=""
                    HPOS="656"
                    VPOS="810"
                    WIDTH="1048"
                    HEIGHT="16"></String>
          </TextLine>
          <TextLine ID="eSc_line_d780c9c6"
                    BASELINE="652 898 1711 892" 
                    HPOS="652"
                    VPOS="892"
                    WIDTH="1059"
                    HEIGHT="6">
	    <String CONTENT=""
                    HPOS="652"
                    VPOS="892"
                    WIDTH="1059"
                    HEIGHT="6"></String>
          </TextLine>
          <TextLine ID="eSc_line_88fa42ea"
                    BASELINE="656 976 1657 972" 
                    HPOS="656"
                    VPOS="972"
                    WIDTH="1001"
                    HEIGHT="4">
	    <String CONTENT=""
                    HPOS="656"
                    VPOS="972"
                    WIDTH="1001"
                    HEIGHT="4"></String>
          </TextLine>
          <TextLine ID="eSc_line_da6dfea6"
                    BASELINE="748 1138 1704 1131" 
                    HPOS="748"
                    VPOS="1131"
                    WIDTH="956"
                    HEIGHT="7">
	    <String CONTENT=""
                    HPOS="748"
                    VPOS="1131"
                    WIDTH="956"
                    HEIGHT="7"></String>
          </TextLine>
          <TextLine ID="eSc_line_df236bcf"
                    BASELINE="663 1221 1708 1213" 
                    HPOS="663"
                    VPOS="1213"
                    WIDTH="1045"
                    HEIGHT="8">
	    <String CONTENT=""
                    HPOS="663"
                    VPOS="1213"
                    WIDTH="1045"
                    HEIGHT="8"></String>
          </TextLine>
          <TextLine ID="eSc_line_15f47721"
                    BASELINE="657 1299 1716 1287" 
                    HPOS="657"
                    VPOS="1287"
                    WIDTH="1059"
                    HEIGHT="12">
	    <String CONTENT=""
                    HPOS="657"
                    VPOS="1287"
                    WIDTH="1059"
                    HEIGHT="12"></String>
          </TextLine>
          <TextLine ID="eSc_line_55d52372"
                    BASELINE="659 1378 1710 1365" 
                    HPOS="659"
                    VPOS="1365"
                    WIDTH="1051"
                    HEIGHT="13">
	    <String CONTENT=""
                    HPOS="659"
                    VPOS="1365"
                    WIDTH="1051"
                    HEIGHT="13"></String>
          </TextLine>
          <TextLine ID="eSc_line_eaa934c4"
                    BASELINE="661 1460 1712 1444" 
                    HPOS="661"
                    VPOS="1444"
                    WIDTH="1051"
                    HEIGHT="16">
	    <String CONTENT=""
                    HPOS="661"
                    VPOS="1444"
                    WIDTH="1051"
                    HEIGHT="16"></String>
          </TextLine>
          <TextLine ID="eSc_line_fbd241ec"
                    BASELINE="652 1531 1720 1530" 
                    HPOS="652"
                    VPOS="1530"
                    WIDTH="1068"
                    HEIGHT="1">
	    <String CONTENT=""
                    HPOS="652"
                    VPOS="1530"
                    WIDTH="1068"
                    HEIGHT="1"></String>
          </TextLine>
          <TextLine ID="eSc_line_06ec65ed"
                    BASELINE="647 1615 1723 1605" 
                    HPOS="647"
                    VPOS="1605"
                    WIDTH="1076"
                    HEIGHT="10">
	    <String CONTENT=""
                    HPOS="647"
                    VPOS="1605"
                    WIDTH="1076"
                    HEIGHT="10"></String>
          </TextLine>
          <TextLine ID="eSc_line_e56c14fe"
                    BASELINE="660 1692 1719 1683" 
                    HPOS="660"
                    VPOS="1683"
                    WIDTH="1059"
                    HEIGHT="9">
	    <String CONTENT=""
                    HPOS="660"
                    VPOS="1683"
                    WIDTH="1059"
                    HEIGHT="9"></String>
          </TextLine>
          <TextLine ID="eSc_line_cade901d"
                    BASELINE="650 1770 1729 1765" 
                    HPOS="650"
                    VPOS="1765"
                    WIDTH="1079"
                    HEIGHT="5">
	    <String CONTENT=""
                    HPOS="650"
                    VPOS="1765"
                    WIDTH="1079"
                    HEIGHT="5"></String>
          </TextLine>
          <TextLine ID="eSc_line_bb30e8e7"
                    BASELINE="656 1853 1691 1846" 
                    HPOS="656"
                    VPOS="1846"
                    WIDTH="1035"
                    HEIGHT="7">
	    <String CONTENT=""
                    HPOS="656"
                    VPOS="1846"
                    WIDTH="1035"
                    HEIGHT="7"></String>
          </TextLine>
          <TextLine ID="eSc_line_331b5076"
                    BASELINE="759 2007 1722 1996" 
                    HPOS="759"
                    VPOS="1996"
                    WIDTH="963"
                    HEIGHT="11">
	    <String CONTENT=""
                    HPOS="759"
                    VPOS="1996"
                    WIDTH="963"
                    HEIGHT="11"></String>
          </TextLine>
          <TextLine ID="eSc_line_f40a209a"
                    BASELINE="655 2084 1714 2077" 
                    HPOS="655"
                    VPOS="2077"
                    WIDTH="1059"
                    HEIGHT="7">
	    <String CONTENT=""
                    HPOS="655"
                    VPOS="2077"
                    WIDTH="1059"
                    HEIGHT="7"></String>
          </TextLine>
        </TextBlock>
        <TextBlock HPOS="1115"
                   VPOS="325"
                   WIDTH="133"
                   HEIGHT="74"
                   ID="region_1718901195308_18"
                   TAGREFS="BT3205">
          <Shape><Polygon POINTS="1209 399 1115 399 1115 331 1248 325"/></Shape>
          <TextLine ID="eSc_line_0e24f2b1"
                    BASELINE="1133 395 1204 392" 
                    HPOS="1133"
                    VPOS="392"
                    WIDTH="71"
                    HEIGHT="3">
	    <String CONTENT=""
                    HPOS="1133"
                    VPOS="392"
                    WIDTH="71"
                    HEIGHT="3"></String>
          </TextLine>
        </TextBlock>
        <TextBlock HPOS="715"
                   VPOS="2177"
                   WIDTH="672"
                   HEIGHT="71"
                   ID="region_1718901232795_31"
                   TAGREFS="BT3207">
          <Shape><Polygon POINTS="1371 2248 715 2248 715 2177 1387 2177"/></Shape>
          <TextLine ID="eSc_line_33b97f08"
                    BASELINE="733 2237 1357 2234" 
                    HPOS="733"
                    VPOS="2234"
                    WIDTH="624"
                    HEIGHT="3">
	    <String CONTENT=""
                    HPOS="733"
                    VPOS="2234"
                    WIDTH="624"
                    HEIGHT="3"></String>
          </TextLine>
        </TextBlock>
        <TextBlock HPOS="714"
                   VPOS="2257"
                   WIDTH="965"
                   HEIGHT="62"
                   ID="region_1718901237071_34"
                   TAGREFS="BT3207">
          <Shape><Polygon POINTS="1662 2319 714 2319 714 2257 1679 2258"/></Shape>
          <TextLine ID="eSc_line_dcda3d6f"
                    BASELINE="733 2311 1645 2311" 
                    HPOS="733"
                    VPOS="2311"
                    WIDTH="912"
                    HEIGHT="0">
	    <String CONTENT=""
                    HPOS="733"
                    VPOS="2311"
                    WIDTH="912"
                    HEIGHT="0"></String>
          </TextLine>
        </TextBlock>
      </PrintSpace>
    </Page>
  </Layout>
</alto>
