<mets xmlns="http://www.loc.gov/METS/" xmlns:xlink="http://www.w3.org/1999/xlink">
  <fileSec>
    
    <fileGrp USE="export">
      
        <file ID="export1">
          <FLocat xlink:href="1800,_Poetische_Werke,_Bohn,_Bd._1,_VD18_80461433_Seite_003_Bild_0001.xml"/>
        </file>
      
        <file ID="export2">
          <FLocat xlink:href="1800,_Poetische_Werke,_Bohn,_Bd._1,_VD18_80461433_Seite_034_Bild_0001.xml"/>
        </file>
      
        <file ID="export3">
          <FLocat xlink:href="1800,_Poetische_Werke,_Bohn,_Bd._1,_VD18_80461433_Seite_038_Bild_0001.xml"/>
        </file>
      
        <file ID="export4">
          <FLocat xlink:href="1800,_Poetische_Werke,_Bohn,_Bd._2,_VD18_80461441_Seite_008_Bild_0001.xml"/>
        </file>
      
        <file ID="export5">
          <FLocat xlink:href="1800,_Poetische_Werke,_Bohn,_Bd._2,_VD18_80461441_Seite_262_Bild_0001.xml"/>
        </file>
      
        <file ID="export6">
          <FLocat xlink:href="1800,_Poetische_Werke,_Bohn,_Bd._1,_VD18_80461433_Seite_176_Bild_0001.xml"/>
        </file>
      
        <file ID="export7">
          <FLocat xlink:href="1800,_Poetische_Werke,_Bohn,_Bd._1,_VD18_80461433_Seite_207_Bild_0001.xml"/>
        </file>
      
        <file ID="export8">
          <FLocat xlink:href="1800,_Poetische_Werke,_Bohn,_Bd._1,_VD18_80461433_Seite_209_Bild_0001.xml"/>
        </file>
      
        <file ID="export9">
          <FLocat xlink:href="1800,_Poetische_Werke,_Bohn,_Bd._2,_VD18_80461441_Seite_225_Bild_0001.xml"/>
        </file>
      
        <file ID="export10">
          <FLocat xlink:href="1800,_Poetische_Werke,_Bohn,_Bd._2,_VD18_80461441_Seite_229_Bild_0001.xml"/>
        </file>
      
        <file ID="export11">
          <FLocat xlink:href="1800,_Poetische_Werke,_Bohn,_Bd._2,_VD18_80461441_Seite_259_Bild_0001.xml"/>
        </file>
      
        <file ID="export12">
          <FLocat xlink:href="1800,_Poetische_Werke,_Bohn,_Bd._4,_VD18_80461468_Seite_152_Bild_0001.xml"/>
        </file>
      
        <file ID="export13">
          <FLocat xlink:href="1800,_Poetische_Werke,_Bohn,_Bd._4,_VD18_80461468_Seite_179_Bild_0001.xml"/>
        </file>
      
        <file ID="export14">
          <FLocat xlink:href="1800,_Poetische_Werke,_Bohn,_Bd._3,_VD18_8046145X_Seite_012_Bild_0001.xml"/>
        </file>
      
        <file ID="export15">
          <FLocat xlink:href="1800,_Poetische_Werke,_Bohn,_Bd._3,_VD18_8046145X_Seite_055_Bild_0001.xml"/>
        </file>
      
        <file ID="export16">
          <FLocat xlink:href="1800,_Poetische_Werke,_Bohn,_Bd._4,_VD18_80461468_Seite_097_Bild_0001.xml"/>
        </file>
      
        <file ID="export17">
          <FLocat xlink:href="1800,_Poetische_Werke,_Bohn,_Bd._5,_VD18_80461476_Seite_040_Bild_0001.xml"/>
        </file>
      
        <file ID="export18">
          <FLocat xlink:href="1800,_Poetische_Werke,_Bohn,_Bd._5,_VD18_80461476_Seite_054_Bild_0001.xml"/>
        </file>
      
        <file ID="export19">
          <FLocat xlink:href="1800,_Poetische_Werke,_Bohn,_Bd._5,_VD18_80461476_Seite_244_Bild_0001.xml"/>
        </file>
      
        <file ID="export20">
          <FLocat xlink:href="1800,_Poetische_Werke,_Bohn,_Bd._5,_VD18_80461476_Seite_299_Bild_0001.xml"/>
        </file>
      
        <file ID="export21">
          <FLocat xlink:href="1800,_Poetische_Werke,_Bohn,_Bd._3,_VD18_8046145X_Seite_202_Bild_0001.xml"/>
        </file>
      
        <file ID="export22">
          <FLocat xlink:href="1800,_Poetische_Werke,_Bohn,_Bd._3,_VD18_8046145X_Seite_251_Bild_0001.xml"/>
        </file>
      
    </fileGrp>
  </fileSec>
  <structMap TYPE="physical">
    <div TYPE="document">
      
      <div TYPE="page">
        
        <fptr FILEID="export1"/>
      </div>
      
      <div TYPE="page">
        
        <fptr FILEID="export2"/>
      </div>
      
      <div TYPE="page">
        
        <fptr FILEID="export3"/>
      </div>
      
      <div TYPE="page">
        
        <fptr FILEID="export4"/>
      </div>
      
      <div TYPE="page">
        
        <fptr FILEID="export5"/>
      </div>
      
      <div TYPE="page">
        
        <fptr FILEID="export6"/>
      </div>
      
      <div TYPE="page">
        
        <fptr FILEID="export7"/>
      </div>
      
      <div TYPE="page">
        
        <fptr FILEID="export8"/>
      </div>
      
      <div TYPE="page">
        
        <fptr FILEID="export9"/>
      </div>
      
      <div TYPE="page">
        
        <fptr FILEID="export10"/>
      </div>
      
      <div TYPE="page">
        
        <fptr FILEID="export11"/>
      </div>
      
      <div TYPE="page">
        
        <fptr FILEID="export12"/>
      </div>
      
      <div TYPE="page">
        
        <fptr FILEID="export13"/>
      </div>
      
      <div TYPE="page">
        
        <fptr FILEID="export14"/>
      </div>
      
      <div TYPE="page">
        
        <fptr FILEID="export15"/>
      </div>
      
      <div TYPE="page">
        
        <fptr FILEID="export16"/>
      </div>
      
      <div TYPE="page">
        
        <fptr FILEID="export17"/>
      </div>
      
      <div TYPE="page">
        
        <fptr FILEID="export18"/>
      </div>
      
      <div TYPE="page">
        
        <fptr FILEID="export19"/>
      </div>
      
      <div TYPE="page">
        
        <fptr FILEID="export20"/>
      </div>
      
      <div TYPE="page">
        
        <fptr FILEID="export21"/>
      </div>
      
      <div TYPE="page">
        
        <fptr FILEID="export22"/>
      </div>
      
    </div>
  </structMap>
</mets>
