<?xml version="1.0" encoding="UTF-8"?>
<alto xmlns:xsi="http://www.w3.org/2001/XMLSchema-instance"
      xmlns="http://www.loc.gov/standards/alto/ns-v4#"
      xsi:schemaLocation="http://www.loc.gov/standards/alto/ns-v4# http://www.loc.gov/standards/alto/v4/alto-4-2.xsd">
  <Description>
    <MeasurementUnit>pixel</MeasurementUnit>
    <sourceImageInformation>
      <fileName>1793,_Saemmtliche_Poetische_Werke,_Schraembl,_Bd._3,_VD18_90245903_Seite_203_Bild_0001.jpg</fileName>
      <fileIdentifier>mets//SchraemblZeilenUnb.zip/1793,_Saemmtliche_Poetische_Werke,_Schraembl,_Bd._3,_VD18_90245903_Seite_203_Bild_0001.jpg</fileIdentifier>
    </sourceImageInformation>
  </Description>
  <Tags>
    <OtherTag ID="BT1" LABEL="Title" DESCRIPTION="block type Title"/><OtherTag ID="BT2" LABEL="Main" DESCRIPTION="block type Main"/><OtherTag ID="BT3" LABEL="Commentary" DESCRIPTION="block type Commentary"/><OtherTag ID="BT4" LABEL="Illustration" DESCRIPTION="block type Illustration"/><OtherTag ID="BT3755" LABEL="header" DESCRIPTION="block type header"/><OtherTag ID="BT3756" LABEL="paragraph" DESCRIPTION="block type paragraph"/><OtherTag ID="BT3757" LABEL="heading" DESCRIPTION="block type heading"/><OtherTag ID="BT3758" LABEL="footnote" DESCRIPTION="block type footnote"/><OtherTag ID="BT3759" LABEL="l-column" DESCRIPTION="block type l-column"/><OtherTag ID="BT3760" LABEL="r-column" DESCRIPTION="block type r-column"/><OtherTag ID="BT3761" LABEL="marginalia" DESCRIPTION="block type marginalia"/><OtherTag ID="BT4125" LABEL="drop-capital" DESCRIPTION="block type drop-capital"/><OtherTag ID="BT4126" LABEL="catch-word" DESCRIPTION="block type catch-word"/><OtherTag ID="BT4127" LABEL="page-number" DESCRIPTION="block type page-number"/><OtherTag ID="BT4128" LABEL="signature-mark" DESCRIPTION="block type signature-mark"/><OtherTag ID="BT4129" LABEL="poem_lg" DESCRIPTION="block type poem_lg"/><OtherTag ID="BT4130" LABEL="endnote" DESCRIPTION="block type endnote"/>
  </Tags>
  <Layout>
    <Page WIDTH="1060"
          HEIGHT="1900"
          PHYSICAL_IMG_NR="114"
          ID="eSc_dummypage_">
      <PrintSpace HPOS="0"
                  VPOS="0"
                  WIDTH="1060"
                  HEIGHT="1900">
        <TextBlock HPOS="304"
                   VPOS="179"
                   WIDTH="86"
                   HEIGHT="47"
                   ID="region_1718561381745_497"
                   TAGREFS="BT3756">
          <Shape><Polygon POINTS="304 226 388 216 390 179 304 179"/></Shape>
          <TextLine ID="eSc_line_f3c3da87"
                    BASELINE="320 215 382 212" 
                    HPOS="320"
                    VPOS="212"
                    WIDTH="62"
                    HEIGHT="3">
	    <String CONTENT=""
                    HPOS="320"
                    VPOS="212"
                    WIDTH="62"
                    HEIGHT="3"></String>
          </TextLine>
        </TextBlock>
        <TextBlock HPOS="281"
                   VPOS="331"
                   WIDTH="740"
                   HEIGHT="545"
                   ID="region_1718561418009_506"
                   TAGREFS="BT3757">
          <Shape><Polygon POINTS="281 876 1021 876 1021 331 281 331"/></Shape>
          <TextLine ID="eSc_line_5d0c4137"
                    BASELINE="488 395 831 395" 
                    HPOS="488"
                    VPOS="395"
                    WIDTH="343"
                    HEIGHT="0">
	    <String CONTENT=""
                    HPOS="488"
                    VPOS="395"
                    WIDTH="343"
                    HEIGHT="0"></String>
          </TextLine>
          <TextLine ID="eSc_line_7a1f3010"
                    BASELINE="405 481 914 477" 
                    HPOS="405"
                    VPOS="477"
                    WIDTH="509"
                    HEIGHT="4">
	    <String CONTENT=""
                    HPOS="405"
                    VPOS="477"
                    WIDTH="509"
                    HEIGHT="4"></String>
          </TextLine>
          <TextLine ID="eSc_line_d6facc7b"
                    BASELINE="456 575 869 573" 
                    HPOS="456"
                    VPOS="573"
                    WIDTH="413"
                    HEIGHT="2">
	    <String CONTENT=""
                    HPOS="456"
                    VPOS="573"
                    WIDTH="413"
                    HEIGHT="2"></String>
          </TextLine>
          <TextLine ID="eSc_line_7d0d7229"
                    BASELINE="615 667 704 666" 
                    HPOS="615"
                    VPOS="666"
                    WIDTH="89"
                    HEIGHT="1">
	    <String CONTENT=""
                    HPOS="615"
                    VPOS="666"
                    WIDTH="89"
                    HEIGHT="1"></String>
          </TextLine>
          <TextLine ID="eSc_line_3dcc2567"
                    BASELINE="312 765 1006 757" 
                    HPOS="312"
                    VPOS="757"
                    WIDTH="694"
                    HEIGHT="8">
	    <String CONTENT=""
                    HPOS="312"
                    VPOS="757"
                    WIDTH="694"
                    HEIGHT="8"></String>
          </TextLine>
          <TextLine ID="eSc_line_ffca8fe0"
                    BASELINE="585 853 742 854" 
                    HPOS="585"
                    VPOS="853"
                    WIDTH="157"
                    HEIGHT="1">
	    <String CONTENT=""
                    HPOS="585"
                    VPOS="853"
                    WIDTH="157"
                    HEIGHT="1"></String>
          </TextLine>
        </TextBlock>
        <TextBlock HPOS="348"
                   VPOS="883"
                   WIDTH="44"
                   HEIGHT="67"
                   ID="region_1718561428969_509"
                   TAGREFS="BT3756">
          <Shape><Polygon POINTS="392 941 351 950 348 883 392 889"/></Shape>
          <TextLine ID="eSc_line_b86dcd63"
                    BASELINE="356 947 1004 941" 
                    HPOS="356"
                    VPOS="941"
                    WIDTH="648"
                    HEIGHT="6">
	    <String CONTENT=""
                    HPOS="356"
                    VPOS="941"
                    WIDTH="648"
                    HEIGHT="6"></String>
          </TextLine>
        </TextBlock>
        <TextBlock HPOS="306"
                   VPOS="918"
                   WIDTH="705"
                   HEIGHT="409"
                   ID="region_1718561463385_514"
                   TAGREFS="BT3756">
          <Shape><Polygon POINTS="308 959 394 958 394 925 397 918 1011 919 1011 1323 306 1327"/></Shape>
          <TextLine ID="eSc_line_5e2b7330"
                    BASELINE="604 989 860 990" 
                    HPOS="604"
                    VPOS="989"
                    WIDTH="256"
                    HEIGHT="1">
	    <String CONTENT=""
                    HPOS="604"
                    VPOS="989"
                    WIDTH="256"
                    HEIGHT="1"></String>
          </TextLine>
          <TextLine ID="eSc_line_3655d628"
                    BASELINE="318 1032 966 1037" 
                    HPOS="318"
                    VPOS="1032"
                    WIDTH="648"
                    HEIGHT="5">
	    <String CONTENT=""
                    HPOS="318"
                    VPOS="1032"
                    WIDTH="648"
                    HEIGHT="5"></String>
          </TextLine>
          <TextLine ID="eSc_line_fe11f0c7"
                    BASELINE="325 1080 899 1081" 
                    HPOS="325"
                    VPOS="1080"
                    WIDTH="574"
                    HEIGHT="1">
	    <String CONTENT=""
                    HPOS="325"
                    VPOS="1080"
                    WIDTH="574"
                    HEIGHT="1"></String>
          </TextLine>
          <TextLine ID="eSc_line_223e822b"
                    BASELINE="325 1123 933 1126" 
                    HPOS="325"
                    VPOS="1123"
                    WIDTH="608"
                    HEIGHT="3">
	    <String CONTENT=""
                    HPOS="325"
                    VPOS="1123"
                    WIDTH="608"
                    HEIGHT="3"></String>
          </TextLine>
          <TextLine ID="eSc_line_8534ac7c"
                    BASELINE="320 1172 875 1174" 
                    HPOS="320"
                    VPOS="1172"
                    WIDTH="555"
                    HEIGHT="2">
	    <String CONTENT=""
                    HPOS="320"
                    VPOS="1172"
                    WIDTH="555"
                    HEIGHT="2"></String>
          </TextLine>
          <TextLine ID="eSc_line_a836d435"
                    BASELINE="313 1216 839 1216" 
                    HPOS="313"
                    VPOS="1216"
                    WIDTH="526"
                    HEIGHT="0">
	    <String CONTENT=""
                    HPOS="313"
                    VPOS="1216"
                    WIDTH="526"
                    HEIGHT="0"></String>
          </TextLine>
          <TextLine ID="eSc_line_143d4710"
                    BASELINE="317 1260 894 1257" 
                    HPOS="317"
                    VPOS="1257"
                    WIDTH="577"
                    HEIGHT="3">
	    <String CONTENT=""
                    HPOS="317"
                    VPOS="1257"
                    WIDTH="577"
                    HEIGHT="3"></String>
          </TextLine>
          <TextLine ID="eSc_line_2de26c4f"
                    BASELINE="324 1307 911 1307" 
                    HPOS="324"
                    VPOS="1307"
                    WIDTH="587"
                    HEIGHT="0">
	    <String CONTENT=""
                    HPOS="324"
                    VPOS="1307"
                    WIDTH="587"
                    HEIGHT="0"></String>
          </TextLine>
        </TextBlock>
      </PrintSpace>
    </Page>
  </Layout>
</alto>
