<?xml version="1.0" encoding="UTF-8"?>
<alto xmlns:xsi="http://www.w3.org/2001/XMLSchema-instance"
      xmlns="http://www.loc.gov/standards/alto/ns-v4#"
      xsi:schemaLocation="http://www.loc.gov/standards/alto/ns-v4# http://www.loc.gov/standards/alto/v4/alto-4-2.xsd">
  <Description>
    <MeasurementUnit>pixel</MeasurementUnit>
    <sourceImageInformation>
      <fileName>1793,_Saemmtliche_Poetische_Werke,_Schraembl,_Bd._3,_VD18_90245903_Seite_292_Bild_0001.jpg</fileName>
      <fileIdentifier>mets//SchraemblZeilenUnb.zip/1793,_Saemmtliche_Poetische_Werke,_Schraembl,_Bd._3,_VD18_90245903_Seite_292_Bild_0001.jpg</fileIdentifier>
    </sourceImageInformation>
  </Description>
  <Tags>
    <OtherTag ID="BT1" LABEL="Title" DESCRIPTION="block type Title"/><OtherTag ID="BT2" LABEL="Main" DESCRIPTION="block type Main"/><OtherTag ID="BT3" LABEL="Commentary" DESCRIPTION="block type Commentary"/><OtherTag ID="BT4" LABEL="Illustration" DESCRIPTION="block type Illustration"/><OtherTag ID="BT3755" LABEL="header" DESCRIPTION="block type header"/><OtherTag ID="BT3756" LABEL="paragraph" DESCRIPTION="block type paragraph"/><OtherTag ID="BT3757" LABEL="heading" DESCRIPTION="block type heading"/><OtherTag ID="BT3758" LABEL="footnote" DESCRIPTION="block type footnote"/><OtherTag ID="BT3759" LABEL="l-column" DESCRIPTION="block type l-column"/><OtherTag ID="BT3760" LABEL="r-column" DESCRIPTION="block type r-column"/><OtherTag ID="BT3761" LABEL="marginalia" DESCRIPTION="block type marginalia"/><OtherTag ID="BT4125" LABEL="drop-capital" DESCRIPTION="block type drop-capital"/><OtherTag ID="BT4126" LABEL="catch-word" DESCRIPTION="block type catch-word"/><OtherTag ID="BT4127" LABEL="page-number" DESCRIPTION="block type page-number"/><OtherTag ID="BT4128" LABEL="signature-mark" DESCRIPTION="block type signature-mark"/><OtherTag ID="BT4129" LABEL="poem_lg" DESCRIPTION="block type poem_lg"/><OtherTag ID="BT4130" LABEL="endnote" DESCRIPTION="block type endnote"/>
  </Tags>
  <Layout>
    <Page WIDTH="1089"
          HEIGHT="1894"
          PHYSICAL_IMG_NR="115"
          ID="eSc_dummypage_">
      <PrintSpace HPOS="0"
                  VPOS="0"
                  WIDTH="1089"
                  HEIGHT="1894">
        <TextBlock HPOS="78"
                   VPOS="284"
                   WIDTH="698"
                   HEIGHT="102"
                   ID="region_1718697345595_381"
                   TAGREFS="BT3758">
          <Shape><Polygon POINTS="770 386 78 386 78 284 776 291"/></Shape>
          <TextLine ID="eSc_line_2bf24d45"
                    BASELINE="81 320 765 322" 
                    HPOS="81"
                    VPOS="320"
                    WIDTH="684"
                    HEIGHT="2">
	    <String CONTENT=""
                    HPOS="81"
                    VPOS="320"
                    WIDTH="684"
                    HEIGHT="2"></String>
          </TextLine>
          <TextLine ID="eSc_line_a7ecdf6c"
                    BASELINE="93 358 607 367" 
                    HPOS="93"
                    VPOS="358"
                    WIDTH="514"
                    HEIGHT="9">
	    <String CONTENT=""
                    HPOS="93"
                    VPOS="358"
                    WIDTH="514"
                    HEIGHT="9"></String>
          </TextLine>
        </TextBlock>
        <TextBlock HPOS="94"
                   VPOS="423"
                   WIDTH="674"
                   HEIGHT="146"
                   ID="region_1718697350797_384"
                   TAGREFS="BT3757">
          <Shape><Polygon POINTS="768 569 94 569 94 423 768 423"/></Shape>
          <TextLine ID="eSc_line_8da35dcc"
                    BASELINE="232 464 637 463" 
                    HPOS="232"
                    VPOS="463"
                    WIDTH="405"
                    HEIGHT="1">
	    <String CONTENT=""
                    HPOS="232"
                    VPOS="463"
                    WIDTH="405"
                    HEIGHT="1"></String>
          </TextLine>
          <TextLine ID="eSc_line_ed1af3fc"
                    BASELINE="130 550 738 560" 
                    HPOS="130"
                    VPOS="550"
                    WIDTH="608"
                    HEIGHT="10">
	    <String CONTENT=""
                    HPOS="130"
                    VPOS="550"
                    WIDTH="608"
                    HEIGHT="10"></String>
          </TextLine>
        </TextBlock>
        <TextBlock HPOS="180"
                   VPOS="603"
                   WIDTH="509"
                   HEIGHT="68"
                   ID="region_1718697355194_387"
                   TAGREFS="BT3757">
          <Shape><Polygon POINTS="689 671 180 671 180 603 689 603"/></Shape>
          <TextLine ID="eSc_line_1c426444"
                    BASELINE="198 643 676 651" 
                    HPOS="198"
                    VPOS="643"
                    WIDTH="478"
                    HEIGHT="8">
	    <String CONTENT=""
                    HPOS="198"
                    VPOS="643"
                    WIDTH="478"
                    HEIGHT="8"></String>
          </TextLine>
        </TextBlock>
        <TextBlock HPOS="84"
                   VPOS="693"
                   WIDTH="716"
                   HEIGHT="445"
                   ID="region_1718697360154_390"
                   TAGREFS="BT3758">
          <Shape><Polygon POINTS="790 1138 84 1122 85 693 800 716"/></Shape>
          <TextLine ID="eSc_line_edeed3a1"
                    BASELINE="131 735 781 748" 
                    HPOS="131"
                    VPOS="735"
                    WIDTH="650"
                    HEIGHT="13">
	    <String CONTENT=""
                    HPOS="131"
                    VPOS="735"
                    WIDTH="650"
                    HEIGHT="13"></String>
          </TextLine>
          <TextLine ID="eSc_line_187cfa12"
                    BASELINE="96 778 781 794" 
                    HPOS="96"
                    VPOS="778"
                    WIDTH="685"
                    HEIGHT="16">
	    <String CONTENT=""
                    HPOS="96"
                    VPOS="778"
                    WIDTH="685"
                    HEIGHT="16"></String>
          </TextLine>
          <TextLine ID="eSc_line_879ad377"
                    BASELINE="101 823 781 836" 
                    HPOS="101"
                    VPOS="823"
                    WIDTH="680"
                    HEIGHT="13">
	    <String CONTENT=""
                    HPOS="101"
                    VPOS="823"
                    WIDTH="680"
                    HEIGHT="13"></String>
          </TextLine>
          <TextLine ID="eSc_line_241ed225"
                    BASELINE="95 868 779 887" 
                    HPOS="95"
                    VPOS="868"
                    WIDTH="684"
                    HEIGHT="19">
	    <String CONTENT=""
                    HPOS="95"
                    VPOS="868"
                    WIDTH="684"
                    HEIGHT="19"></String>
          </TextLine>
          <TextLine ID="eSc_line_0872ea65"
                    BASELINE="94 919 784 930" 
                    HPOS="94"
                    VPOS="919"
                    WIDTH="690"
                    HEIGHT="11">
	    <String CONTENT=""
                    HPOS="94"
                    VPOS="919"
                    WIDTH="690"
                    HEIGHT="11"></String>
          </TextLine>
          <TextLine ID="eSc_line_92aa4426"
                    BASELINE="96 960 780 977" 
                    HPOS="96"
                    VPOS="960"
                    WIDTH="684"
                    HEIGHT="17">
	    <String CONTENT=""
                    HPOS="96"
                    VPOS="960"
                    WIDTH="684"
                    HEIGHT="17"></String>
          </TextLine>
          <TextLine ID="eSc_line_a6784691"
                    BASELINE="93 1007 771 1023" 
                    HPOS="93"
                    VPOS="1007"
                    WIDTH="678"
                    HEIGHT="16">
	    <String CONTENT=""
                    HPOS="93"
                    VPOS="1007"
                    WIDTH="678"
                    HEIGHT="16"></String>
          </TextLine>
          <TextLine ID="eSc_line_168adb4f"
                    BASELINE="96 1053 788 1074" 
                    HPOS="96"
                    VPOS="1053"
                    WIDTH="692"
                    HEIGHT="21">
	    <String CONTENT=""
                    HPOS="96"
                    VPOS="1053"
                    WIDTH="692"
                    HEIGHT="21"></String>
          </TextLine>
          <TextLine ID="eSc_line_c9115598"
                    BASELINE="98 1102 602 1114" 
                    HPOS="98"
                    VPOS="1102"
                    WIDTH="504"
                    HEIGHT="12">
	    <String CONTENT=""
                    HPOS="98"
                    VPOS="1102"
                    WIDTH="504"
                    HEIGHT="12"></String>
          </TextLine>
        </TextBlock>
        <TextBlock HPOS="708"
                   VPOS="203"
                   WIDTH="75"
                   HEIGHT="42"
                   ID="region_1718697331984_375"
                   TAGREFS="BT3756">
          <Shape><Polygon POINTS="783 245 713 245 708 203 783 203"/></Shape>
          <TextLine ID="eSc_line_3590cbb2"
                    BASELINE="720 238 777 232" 
                    HPOS="720"
                    VPOS="232"
                    WIDTH="57"
                    HEIGHT="6">
	    <String CONTENT=""
                    HPOS="720"
                    VPOS="232"
                    WIDTH="57"
                    HEIGHT="6"></String>
          </TextLine>
        </TextBlock>
        <TextBlock HPOS="86"
                   VPOS="1152"
                   WIDTH="705"
                   HEIGHT="83"
                   ID="region_1718697364661_393"
                   TAGREFS="BT3757">
          <Shape><Polygon POINTS="791 1235 100 1211 86 1152 773 1163"/></Shape>
          <TextLine ID="eSc_line_1d295a18"
                    BASELINE="101 1193 779 1208" 
                    HPOS="101"
                    VPOS="1193"
                    WIDTH="678"
                    HEIGHT="15">
	    <String CONTENT=""
                    HPOS="101"
                    VPOS="1193"
                    WIDTH="678"
                    HEIGHT="15"></String>
          </TextLine>
        </TextBlock>
        <TextBlock HPOS="87"
                   VPOS="1246"
                   WIDTH="708"
                   HEIGHT="285"
                   ID="region_1718697372434_396"
                   TAGREFS="BT3758">
          <Shape><Polygon POINTS="785 1531 87 1513 89 1246 795 1258"/></Shape>
          <TextLine ID="eSc_line_0f6d4e94"
                    BASELINE="129 1286 778 1307" 
                    HPOS="129"
                    VPOS="1286"
                    WIDTH="649"
                    HEIGHT="21">
	    <String CONTENT=""
                    HPOS="129"
                    VPOS="1286"
                    WIDTH="649"
                    HEIGHT="21"></String>
          </TextLine>
          <TextLine ID="eSc_line_74828839"
                    BASELINE="100 1329 785 1348" 
                    HPOS="100"
                    VPOS="1329"
                    WIDTH="685"
                    HEIGHT="19">
	    <String CONTENT=""
                    HPOS="100"
                    VPOS="1329"
                    WIDTH="685"
                    HEIGHT="19"></String>
          </TextLine>
          <TextLine ID="eSc_line_52f63eed"
                    BASELINE="95 1378 771 1401" 
                    HPOS="95"
                    VPOS="1378"
                    WIDTH="676"
                    HEIGHT="23">
	    <String CONTENT=""
                    HPOS="95"
                    VPOS="1378"
                    WIDTH="676"
                    HEIGHT="23"></String>
          </TextLine>
          <TextLine ID="eSc_line_59dcc410"
                    BASELINE="100 1426 777 1441" 
                    HPOS="100"
                    VPOS="1426"
                    WIDTH="677"
                    HEIGHT="15">
	    <String CONTENT=""
                    HPOS="100"
                    VPOS="1426"
                    WIDTH="677"
                    HEIGHT="15"></String>
          </TextLine>
          <TextLine ID="eSc_line_49145d68"
                    BASELINE="102 1466 779 1487" 
                    HPOS="102"
                    VPOS="1466"
                    WIDTH="677"
                    HEIGHT="21">
	    <String CONTENT=""
                    HPOS="102"
                    VPOS="1466"
                    WIDTH="677"
                    HEIGHT="21"></String>
          </TextLine>
          <TextLine ID="eSc_line_c87ec995"
                    BASELINE="102 1504 378 1514" 
                    HPOS="102"
                    VPOS="1504"
                    WIDTH="276"
                    HEIGHT="10">
	    <String CONTENT=""
                    HPOS="102"
                    VPOS="1504"
                    WIDTH="276"
                    HEIGHT="10"></String>
          </TextLine>
        </TextBlock>
        <TextBlock HPOS="134"
                   VPOS="1530"
                   WIDTH="647"
                   HEIGHT="58"
                   ID="TextRegion_1718713324901_162"
                   TAGREFS="BT3756">
          <Shape><Polygon POINTS="141 1530 781 1549 781 1588 723 1588 185 1575 134 1563"/></Shape>
          <TextLine ID="eSc_line_7d070a02"
                    BASELINE="145 1555 773 1578" 
                    HPOS="145"
                    VPOS="1555"
                    WIDTH="628"
                    HEIGHT="23">
	    <String CONTENT=""
                    HPOS="145"
                    VPOS="1555"
                    WIDTH="628"
                    HEIGHT="23"></String>
          </TextLine>
        </TextBlock>
      </PrintSpace>
    </Page>
  </Layout>
</alto>
