<?xml version="1.0" encoding="UTF-8"?>
<alto xmlns:xsi="http://www.w3.org/2001/XMLSchema-instance"
      xmlns="http://www.loc.gov/standards/alto/ns-v4#"
      xsi:schemaLocation="http://www.loc.gov/standards/alto/ns-v4# http://www.loc.gov/standards/alto/v4/alto-4-2.xsd">
  <Description>
    <MeasurementUnit>pixel</MeasurementUnit>
    <sourceImageInformation>
      <fileName>1793,_Saemmtliche_Poetische_Werke,_Schraembl,_Bd._1,_VD18_90245881_Seite_258_Bild_0001.jpg</fileName>
      <fileIdentifier>mets//SchraemblZeilenUnb.zip/1793,_Saemmtliche_Poetische_Werke,_Schraembl,_Bd._1,_VD18_90245881_Seite_258_Bild_0001.jpg</fileIdentifier>
    </sourceImageInformation>
  </Description>
  <Tags>
    <OtherTag ID="BT1" LABEL="Title" DESCRIPTION="block type Title"/><OtherTag ID="BT2" LABEL="Main" DESCRIPTION="block type Main"/><OtherTag ID="BT3" LABEL="Commentary" DESCRIPTION="block type Commentary"/><OtherTag ID="BT4" LABEL="Illustration" DESCRIPTION="block type Illustration"/><OtherTag ID="BT3755" LABEL="header" DESCRIPTION="block type header"/><OtherTag ID="BT3756" LABEL="paragraph" DESCRIPTION="block type paragraph"/><OtherTag ID="BT3757" LABEL="heading" DESCRIPTION="block type heading"/><OtherTag ID="BT3758" LABEL="footnote" DESCRIPTION="block type footnote"/><OtherTag ID="BT3759" LABEL="l-column" DESCRIPTION="block type l-column"/><OtherTag ID="BT3760" LABEL="r-column" DESCRIPTION="block type r-column"/><OtherTag ID="BT3761" LABEL="marginalia" DESCRIPTION="block type marginalia"/><OtherTag ID="BT4125" LABEL="drop-capital" DESCRIPTION="block type drop-capital"/><OtherTag ID="BT4126" LABEL="catch-word" DESCRIPTION="block type catch-word"/><OtherTag ID="BT4127" LABEL="page-number" DESCRIPTION="block type page-number"/><OtherTag ID="BT4128" LABEL="signature-mark" DESCRIPTION="block type signature-mark"/><OtherTag ID="BT4129" LABEL="poem_lg" DESCRIPTION="block type poem_lg"/><OtherTag ID="BT4130" LABEL="endnote" DESCRIPTION="block type endnote"/>
  </Tags>
  <Layout>
    <Page WIDTH="1008"
          HEIGHT="1876"
          PHYSICAL_IMG_NR="103"
          ID="eSc_dummypage_">
      <PrintSpace HPOS="0"
                  VPOS="0"
                  WIDTH="1008"
                  HEIGHT="1876">
        <TextBlock HPOS="58"
                   VPOS="389"
                   WIDTH="686"
                   HEIGHT="155"
                   ID="region_1718561916717_596"
                   TAGREFS="BT3758">
          <Shape><Polygon POINTS="58 535 744 544 744 389 58 389"/></Shape>
          <TextLine ID="eSc_line_2fd06c55"
                    BASELINE="71 443 725 442" 
                    HPOS="71"
                    VPOS="442"
                    WIDTH="654"
                    HEIGHT="1">
	    <String CONTENT=""
                    HPOS="71"
                    VPOS="442"
                    WIDTH="654"
                    HEIGHT="1"></String>
          </TextLine>
          <TextLine ID="eSc_line_9cfbabba"
                    BASELINE="326 487 674 492" 
                    HPOS="326"
                    VPOS="487"
                    WIDTH="348"
                    HEIGHT="5">
	    <String CONTENT=""
                    HPOS="326"
                    VPOS="487"
                    WIDTH="348"
                    HEIGHT="5"></String>
          </TextLine>
          <TextLine ID="eSc_line_86c47bd2"
                    BASELINE="249 528 727 528" 
                    HPOS="249"
                    VPOS="528"
                    WIDTH="478"
                    HEIGHT="0">
	    <String CONTENT=""
                    HPOS="249"
                    VPOS="528"
                    WIDTH="478"
                    HEIGHT="0"></String>
          </TextLine>
        </TextBlock>
        <TextBlock HPOS="263"
                   VPOS="303"
                   WIDTH="243"
                   HEIGHT="52"
                   ID="region_1718561787764_568"
                   TAGREFS="BT3757">
          <Shape><Polygon POINTS="263 355 506 355 506 303 263 303"/></Shape>
          <TextLine ID="eSc_line_9ee45008"
                    BASELINE="269 344 499 346" 
                    HPOS="269"
                    VPOS="344"
                    WIDTH="230"
                    HEIGHT="2">
	    <String CONTENT=""
                    HPOS="269"
                    VPOS="344"
                    WIDTH="230"
                    HEIGHT="2"></String>
          </TextLine>
        </TextBlock>
        <TextBlock HPOS="69"
                   VPOS="539"
                   WIDTH="668"
                   HEIGHT="42"
                   ID="region_1718561936357_601"
                   TAGREFS="BT3758">
          <Shape><Polygon POINTS="72 581 737 581 737 546 69 539"/></Shape>
          <TextLine ID="eSc_line_fa599833"
                    BASELINE="81 574 729 571" 
                    HPOS="81"
                    VPOS="571"
                    WIDTH="648"
                    HEIGHT="3">
	    <String CONTENT=""
                    HPOS="81"
                    VPOS="571"
                    WIDTH="648"
                    HEIGHT="3"></String>
          </TextLine>
        </TextBlock>
        <TextBlock HPOS="39"
                   VPOS="587"
                   WIDTH="698"
                   HEIGHT="138"
                   ID="region_1718561972749_609"
                   TAGREFS="BT3758">
          <Shape><Polygon POINTS="39 587 736 595 737 725 40 714"/></Shape>
          <TextLine ID="eSc_line_285d63e7"
                    BASELINE="73 621 732 624" 
                    HPOS="73"
                    VPOS="621"
                    WIDTH="659"
                    HEIGHT="3">
	    <String CONTENT=""
                    HPOS="73"
                    VPOS="621"
                    WIDTH="659"
                    HEIGHT="3"></String>
          </TextLine>
          <TextLine ID="eSc_line_fd9c6dfc"
                    BASELINE="43 661 724 671" 
                    HPOS="43"
                    VPOS="661"
                    WIDTH="681"
                    HEIGHT="10">
	    <String CONTENT=""
                    HPOS="43"
                    VPOS="661"
                    WIDTH="681"
                    HEIGHT="10"></String>
          </TextLine>
          <TextLine ID="eSc_line_713e2d2c"
                    BASELINE="48 704 635 711" 
                    HPOS="48"
                    VPOS="704"
                    WIDTH="587"
                    HEIGHT="7">
	    <String CONTENT=""
                    HPOS="48"
                    VPOS="704"
                    WIDTH="587"
                    HEIGHT="7"></String>
          </TextLine>
        </TextBlock>
        <TextBlock HPOS="660"
                   VPOS="187"
                   WIDTH="69"
                   HEIGHT="34"
                   ID="region_1718561717499_548"
                   TAGREFS="BT3756">
          <Shape><Polygon POINTS="668 221 729 220 723 187 660 188"/></Shape>
          <TextLine ID="eSc_line_78fbddf4"
                    BASELINE="667 211 714 211" 
                    HPOS="667"
                    VPOS="211"
                    WIDTH="47"
                    HEIGHT="0">
	    <String CONTENT=""
                    HPOS="667"
                    VPOS="211"
                    WIDTH="47"
                    HEIGHT="0"></String>
          </TextLine>
        </TextBlock>
        <TextBlock HPOS="33"
                   VPOS="720"
                   WIDTH="744"
                   HEIGHT="280"
                   ID="region_1718562038742_619"
                   TAGREFS="BT3758">
          <Shape><Polygon POINTS="33 991 777 1000 756 732 42 720"/></Shape>
          <TextLine ID="eSc_line_6d5410b5"
                    BASELINE="83 763 741 768" 
                    HPOS="83"
                    VPOS="763"
                    WIDTH="658"
                    HEIGHT="5">
	    <String CONTENT=""
                    HPOS="83"
                    VPOS="763"
                    WIDTH="658"
                    HEIGHT="5"></String>
          </TextLine>
          <TextLine ID="eSc_line_64b219a9"
                    BASELINE="38 798 744 805" 
                    HPOS="38"
                    VPOS="798"
                    WIDTH="706"
                    HEIGHT="7">
	    <String CONTENT=""
                    HPOS="38"
                    VPOS="798"
                    WIDTH="706"
                    HEIGHT="7"></String>
          </TextLine>
          <TextLine ID="eSc_line_81b7e03d"
                    BASELINE="47 849 738 853" 
                    HPOS="47"
                    VPOS="849"
                    WIDTH="691"
                    HEIGHT="4">
	    <String CONTENT=""
                    HPOS="47"
                    VPOS="849"
                    WIDTH="691"
                    HEIGHT="4"></String>
          </TextLine>
          <TextLine ID="eSc_line_29e6d721"
                    BASELINE="337 896 453 897" 
                    HPOS="337"
                    VPOS="896"
                    WIDTH="116"
                    HEIGHT="1">
	    <String CONTENT=""
                    HPOS="337"
                    VPOS="896"
                    WIDTH="116"
                    HEIGHT="1"></String>
          </TextLine>
          <TextLine ID="eSc_line_2051d12b"
                    BASELINE="40 942 764 948" 
                    HPOS="40"
                    VPOS="942"
                    WIDTH="724"
                    HEIGHT="6">
	    <String CONTENT=""
                    HPOS="40"
                    VPOS="942"
                    WIDTH="724"
                    HEIGHT="6"></String>
          </TextLine>
          <TextLine ID="eSc_line_1b1e98f7"
                    BASELINE="231 987 732 989" 
                    HPOS="231"
                    VPOS="987"
                    WIDTH="501"
                    HEIGHT="2">
	    <String CONTENT=""
                    HPOS="231"
                    VPOS="987"
                    WIDTH="501"
                    HEIGHT="2"></String>
          </TextLine>
        </TextBlock>
        <TextBlock HPOS="37"
                   VPOS="999"
                   WIDTH="730"
                   HEIGHT="412"
                   ID="region_1718562162903_640"
                   TAGREFS="BT3758">
          <Shape><Polygon POINTS="37 1397 767 1411 751 1005 43 999"/></Shape>
          <TextLine ID="eSc_line_4f58b8ea"
                    BASELINE="75 1032 738 1039" 
                    HPOS="75"
                    VPOS="1032"
                    WIDTH="663"
                    HEIGHT="7">
	    <String CONTENT=""
                    HPOS="75"
                    VPOS="1032"
                    WIDTH="663"
                    HEIGHT="7"></String>
          </TextLine>
          <TextLine ID="eSc_line_48e8bc2c"
                    BASELINE="49 1126 738 1131" 
                    HPOS="49"
                    VPOS="1126"
                    WIDTH="689"
                    HEIGHT="5">
	    <String CONTENT=""
                    HPOS="49"
                    VPOS="1126"
                    WIDTH="689"
                    HEIGHT="5"></String>
          </TextLine>
          <TextLine ID="eSc_line_0126af54"
                    BASELINE="325 1086 565 1085" 
                    HPOS="325"
                    VPOS="1085"
                    WIDTH="240"
                    HEIGHT="1">
	    <String CONTENT=""
                    HPOS="325"
                    VPOS="1085"
                    WIDTH="240"
                    HEIGHT="1"></String>
          </TextLine>
          <TextLine ID="eSc_line_040cd045"
                    BASELINE="323 1176 569 1174" 
                    HPOS="323"
                    VPOS="1174"
                    WIDTH="246"
                    HEIGHT="2">
	    <String CONTENT=""
                    HPOS="323"
                    VPOS="1174"
                    WIDTH="246"
                    HEIGHT="2"></String>
          </TextLine>
          <TextLine ID="eSc_line_c765bf84"
                    BASELINE="46 1223 723 1217" 
                    HPOS="46"
                    VPOS="1217"
                    WIDTH="677"
                    HEIGHT="6">
	    <String CONTENT=""
                    HPOS="46"
                    VPOS="1217"
                    WIDTH="677"
                    HEIGHT="6"></String>
          </TextLine>
          <TextLine ID="eSc_line_9612e3d0"
                    BASELINE="321 1265 524 1267" 
                    HPOS="321"
                    VPOS="1265"
                    WIDTH="203"
                    HEIGHT="2">
	    <String CONTENT=""
                    HPOS="321"
                    VPOS="1265"
                    WIDTH="203"
                    HEIGHT="2"></String>
          </TextLine>
          <TextLine ID="eSc_line_3792a979"
                    BASELINE="46 1358 580 1355" 
                    HPOS="46"
                    VPOS="1355"
                    WIDTH="534"
                    HEIGHT="3">
	    <String CONTENT=""
                    HPOS="46"
                    VPOS="1355"
                    WIDTH="534"
                    HEIGHT="3"></String>
          </TextLine>
          <TextLine ID="eSc_line_99b9819b"
                    BASELINE="515 1320 734 1324" 
                    HPOS="515"
                    VPOS="1320"
                    WIDTH="219"
                    HEIGHT="4">
	    <String CONTENT=""
                    HPOS="515"
                    VPOS="1320"
                    WIDTH="219"
                    HEIGHT="4"></String>
          </TextLine>
          <TextLine ID="eSc_line_d60e44c5"
                    BASELINE="49 1393 744 1405" 
                    HPOS="49"
                    VPOS="1393"
                    WIDTH="695"
                    HEIGHT="12">
	    <String CONTENT=""
                    HPOS="49"
                    VPOS="1393"
                    WIDTH="695"
                    HEIGHT="12"></String>
          </TextLine>
        </TextBlock>
        <TextBlock HPOS="61"
                   VPOS="1408"
                   WIDTH="692"
                   HEIGHT="98"
                   ID="region_1718562168935_643"
                   TAGREFS="BT3758">
          <Shape><Polygon POINTS="87 1498 753 1506 753 1418 61 1408"/></Shape>
          <TextLine ID="eSc_line_1caea2b5"
                    BASELINE="83 1446 730 1460" 
                    HPOS="83"
                    VPOS="1446"
                    WIDTH="647"
                    HEIGHT="14">
	    <String CONTENT=""
                    HPOS="83"
                    VPOS="1446"
                    WIDTH="647"
                    HEIGHT="14"></String>
          </TextLine>
          <TextLine ID="eSc_line_9fa0ff19"
                    BASELINE="230 1494 473 1492" 
                    HPOS="230"
                    VPOS="1492"
                    WIDTH="243"
                    HEIGHT="2">
	    <String CONTENT=""
                    HPOS="230"
                    VPOS="1492"
                    WIDTH="243"
                    HEIGHT="2"></String>
          </TextLine>
        </TextBlock>
      </PrintSpace>
    </Page>
  </Layout>
</alto>
