<?xml version="1.0" encoding="UTF-8"?>
<alto xmlns:xsi="http://www.w3.org/2001/XMLSchema-instance"
      xmlns="http://www.loc.gov/standards/alto/ns-v4#"
      xsi:schemaLocation="http://www.loc.gov/standards/alto/ns-v4# http://www.loc.gov/standards/alto/v4/alto-4-2.xsd">
  <Description>
    <MeasurementUnit>pixel</MeasurementUnit>
    <sourceImageInformation>
      <fileName>1793,_Saemmtliche_Poetische_Werke,_Schraembl,_Bd._2,_VD18_9024589X_Seite_145_Bild_0001.jpg</fileName>
      <fileIdentifier>mets//SchraemblZeilenUnb.zip/1793,_Saemmtliche_Poetische_Werke,_Schraembl,_Bd._2,_VD18_9024589X_Seite_145_Bild_0001.jpg</fileIdentifier>
    </sourceImageInformation>
  </Description>
  <Tags>
    <OtherTag ID="BT1" LABEL="Title" DESCRIPTION="block type Title"/><OtherTag ID="BT2" LABEL="Main" DESCRIPTION="block type Main"/><OtherTag ID="BT3" LABEL="Commentary" DESCRIPTION="block type Commentary"/><OtherTag ID="BT4" LABEL="Illustration" DESCRIPTION="block type Illustration"/><OtherTag ID="BT3755" LABEL="header" DESCRIPTION="block type header"/><OtherTag ID="BT3756" LABEL="paragraph" DESCRIPTION="block type paragraph"/><OtherTag ID="BT3757" LABEL="heading" DESCRIPTION="block type heading"/><OtherTag ID="BT3758" LABEL="footnote" DESCRIPTION="block type footnote"/><OtherTag ID="BT3759" LABEL="l-column" DESCRIPTION="block type l-column"/><OtherTag ID="BT3760" LABEL="r-column" DESCRIPTION="block type r-column"/><OtherTag ID="BT3761" LABEL="marginalia" DESCRIPTION="block type marginalia"/><OtherTag ID="BT4125" LABEL="drop-capital" DESCRIPTION="block type drop-capital"/><OtherTag ID="BT4126" LABEL="catch-word" DESCRIPTION="block type catch-word"/><OtherTag ID="BT4127" LABEL="page-number" DESCRIPTION="block type page-number"/><OtherTag ID="BT4128" LABEL="signature-mark" DESCRIPTION="block type signature-mark"/><OtherTag ID="BT4129" LABEL="poem_lg" DESCRIPTION="block type poem_lg"/><OtherTag ID="BT4130" LABEL="endnote" DESCRIPTION="block type endnote"/>
  </Tags>
  <Layout>
    <Page WIDTH="1096"
          HEIGHT="1912"
          PHYSICAL_IMG_NR="107"
          ID="eSc_dummypage_">
      <PrintSpace HPOS="0"
                  VPOS="0"
                  WIDTH="1096"
                  HEIGHT="1912">
        <TextBlock HPOS="278"
                   VPOS="206"
                   WIDTH="67"
                   HEIGHT="33"
                   ID="region_1719230912966_346"
                   TAGREFS="BT3756">
          <Shape><Polygon POINTS="343 236 278 239 278 206 345 206"/></Shape>
          <TextLine ID="eSc_line_b48b2cfc"
                    BASELINE="283 233 340 226" 
                    HPOS="283"
                    VPOS="226"
                    WIDTH="57"
                    HEIGHT="7">
	    <String CONTENT=""
                    HPOS="283"
                    VPOS="226"
                    WIDTH="57"
                    HEIGHT="7"></String>
          </TextLine>
        </TextBlock>
        <TextBlock HPOS="318"
                   VPOS="368"
                   WIDTH="638"
                   HEIGHT="260"
                   ID="TextRegion_1720024703630_359"
                   TAGREFS="BT3757">
          <Shape><Polygon POINTS="410 368 819 368 956 476 956 628 318 628 318 476"/></Shape>
          <TextLine ID="eSc_line_522c9973"
                    BASELINE="432 420 818 424" 
                    HPOS="432"
                    VPOS="420"
                    WIDTH="386"
                    HEIGHT="4">
	    <String CONTENT=""
                    HPOS="432"
                    VPOS="420"
                    WIDTH="386"
                    HEIGHT="4"></String>
          </TextLine>
          <TextLine ID="eSc_line_6fb97754"
                    BASELINE="515 511 737 508" 
                    HPOS="515"
                    VPOS="508"
                    WIDTH="222"
                    HEIGHT="3">
	    <String CONTENT=""
                    HPOS="515"
                    VPOS="508"
                    WIDTH="222"
                    HEIGHT="3"></String>
          </TextLine>
          <TextLine ID="eSc_line_f235bdf2"
                    BASELINE="340 603 918 599" 
                    HPOS="340"
                    VPOS="599"
                    WIDTH="578"
                    HEIGHT="4">
	    <String CONTENT=""
                    HPOS="340"
                    VPOS="599"
                    WIDTH="578"
                    HEIGHT="4"></String>
          </TextLine>
        </TextBlock>
        <TextBlock HPOS="268"
                   VPOS="675"
                   WIDTH="721"
                   HEIGHT="597"
                   ID="region_1719230952070_361"
                   TAGREFS="BT3756">
          <Shape><Polygon POINTS="347 757 280 771 268 1272 989 1272 989 675 388 713 388 745"/></Shape>
          <TextLine ID="eSc_line_64940ef7"
                    BASELINE="469 783 659 782" 
                    HPOS="469"
                    VPOS="782"
                    WIDTH="190"
                    HEIGHT="1">
	    <String CONTENT=""
                    HPOS="469"
                    VPOS="782"
                    WIDTH="190"
                    HEIGHT="1"></String>
          </TextLine>
          <TextLine ID="eSc_line_1cc32c91"
                    BASELINE="284 834 980 826" 
                    HPOS="284"
                    VPOS="826"
                    WIDTH="696"
                    HEIGHT="8">
	    <String CONTENT=""
                    HPOS="284"
                    VPOS="826"
                    WIDTH="696"
                    HEIGHT="8"></String>
          </TextLine>
          <TextLine ID="eSc_line_ffc0b0ad"
                    BASELINE="288 880 977 872" 
                    HPOS="288"
                    VPOS="872"
                    WIDTH="689"
                    HEIGHT="8">
	    <String CONTENT=""
                    HPOS="288"
                    VPOS="872"
                    WIDTH="689"
                    HEIGHT="8"></String>
          </TextLine>
          <TextLine ID="eSc_line_a9d9d072"
                    BASELINE="285 927 980 915" 
                    HPOS="285"
                    VPOS="915"
                    WIDTH="695"
                    HEIGHT="12">
	    <String CONTENT=""
                    HPOS="285"
                    VPOS="915"
                    WIDTH="695"
                    HEIGHT="12"></String>
          </TextLine>
          <TextLine ID="eSc_line_a580673c"
                    BASELINE="471 972 650 969" 
                    HPOS="471"
                    VPOS="969"
                    WIDTH="179"
                    HEIGHT="3">
	    <String CONTENT=""
                    HPOS="471"
                    VPOS="969"
                    WIDTH="179"
                    HEIGHT="3"></String>
          </TextLine>
          <TextLine ID="eSc_line_3e4f213c"
                    BASELINE="283 1016 976 1010" 
                    HPOS="283"
                    VPOS="1010"
                    WIDTH="693"
                    HEIGHT="6">
	    <String CONTENT=""
                    HPOS="283"
                    VPOS="1010"
                    WIDTH="693"
                    HEIGHT="6"></String>
          </TextLine>
          <TextLine ID="eSc_line_2ca2681e"
                    BASELINE="289 1064 976 1049" 
                    HPOS="289"
                    VPOS="1049"
                    WIDTH="687"
                    HEIGHT="15">
	    <String CONTENT=""
                    HPOS="289"
                    VPOS="1049"
                    WIDTH="687"
                    HEIGHT="15"></String>
          </TextLine>
          <TextLine ID="eSc_line_ea6c984c"
                    BASELINE="283 1151 970 1147" 
                    HPOS="283"
                    VPOS="1147"
                    WIDTH="687"
                    HEIGHT="4">
	    <String CONTENT=""
                    HPOS="283"
                    VPOS="1147"
                    WIDTH="687"
                    HEIGHT="4"></String>
          </TextLine>
          <TextLine ID="eSc_line_d1c00b40"
                    BASELINE="478 1109 610 1105" 
                    HPOS="478"
                    VPOS="1105"
                    WIDTH="132"
                    HEIGHT="4">
	    <String CONTENT=""
                    HPOS="478"
                    VPOS="1105"
                    WIDTH="132"
                    HEIGHT="4"></String>
          </TextLine>
          <TextLine ID="eSc_line_0794af30"
                    BASELINE="283 1205 977 1190" 
                    HPOS="283"
                    VPOS="1190"
                    WIDTH="694"
                    HEIGHT="15">
	    <String CONTENT=""
                    HPOS="283"
                    VPOS="1190"
                    WIDTH="694"
                    HEIGHT="15"></String>
          </TextLine>
          <TextLine ID="eSc_line_bd6e74d3"
                    BASELINE="477 1247 603 1248" 
                    HPOS="477"
                    VPOS="1247"
                    WIDTH="126"
                    HEIGHT="1">
	    <String CONTENT=""
                    HPOS="477"
                    VPOS="1247"
                    WIDTH="126"
                    HEIGHT="1"></String>
          </TextLine>
        </TextBlock>
        <TextBlock HPOS="274"
                   VPOS="1288"
                   WIDTH="719"
                   HEIGHT="345"
                   ID="region_1719230956373_364"
                   TAGREFS="BT3756">
          <Shape><Polygon POINTS="274 1633 993 1633 993 1288 274 1288"/></Shape>
          <TextLine ID="eSc_line_b463b196"
                    BASELINE="326 1344 978 1336" 
                    HPOS="326"
                    VPOS="1336"
                    WIDTH="652"
                    HEIGHT="8">
	    <String CONTENT=""
                    HPOS="326"
                    VPOS="1336"
                    WIDTH="652"
                    HEIGHT="8"></String>
          </TextLine>
          <TextLine ID="eSc_line_5d79378a"
                    BASELINE="483 1386 806 1382" 
                    HPOS="483"
                    VPOS="1382"
                    WIDTH="323"
                    HEIGHT="4">
	    <String CONTENT=""
                    HPOS="483"
                    VPOS="1382"
                    WIDTH="323"
                    HEIGHT="4"></String>
          </TextLine>
          <TextLine ID="eSc_line_d0cd4979"
                    BASELINE="287 1443 982 1421" 
                    HPOS="287"
                    VPOS="1421"
                    WIDTH="695"
                    HEIGHT="22">
	    <String CONTENT=""
                    HPOS="287"
                    VPOS="1421"
                    WIDTH="695"
                    HEIGHT="22"></String>
          </TextLine>
          <TextLine ID="eSc_line_711f64ed"
                    BASELINE="484 1475 603 1473" 
                    HPOS="484"
                    VPOS="1473"
                    WIDTH="119"
                    HEIGHT="2">
	    <String CONTENT=""
                    HPOS="484"
                    VPOS="1473"
                    WIDTH="119"
                    HEIGHT="2"></String>
          </TextLine>
          <TextLine ID="eSc_line_7fbab2d5"
                    BASELINE="289 1531 977 1514" 
                    HPOS="289"
                    VPOS="1514"
                    WIDTH="688"
                    HEIGHT="17">
	    <String CONTENT=""
                    HPOS="289"
                    VPOS="1514"
                    WIDTH="688"
                    HEIGHT="17"></String>
          </TextLine>
          <TextLine ID="eSc_line_d9513c2c"
                    BASELINE="483 1568 789 1567" 
                    HPOS="483"
                    VPOS="1567"
                    WIDTH="306"
                    HEIGHT="1">
	    <String CONTENT=""
                    HPOS="483"
                    VPOS="1567"
                    WIDTH="306"
                    HEIGHT="1"></String>
          </TextLine>
        </TextBlock>
        <TextBlock HPOS="320"
                   VPOS="682"
                   WIDTH="66"
                   HEIGHT="64"
                   ID="region_1719231140041_384"
                   TAGREFS="BT3756">
          <Shape><Polygon POINTS="320 746 386 740 386 682 320 682"/></Shape>
        </TextBlock>
        <TextBlock ID="eSc_dummyblock_">
          <TextLine ID="eSc_line_1aacb3c0"
                    BASELINE="319 741 974 731" 
                    HPOS="319"
                    VPOS="731"
                    WIDTH="655"
                    HEIGHT="10">
	    <String CONTENT=""
                    HPOS="319"
                    VPOS="731"
                    WIDTH="655"
                    HEIGHT="10"></String>
          </TextLine>
        </TextBlock>
      </PrintSpace>
    </Page>
  </Layout>
</alto>
