<?xml version="1.0" encoding="UTF-8"?>
<alto xmlns:xsi="http://www.w3.org/2001/XMLSchema-instance"
      xmlns="http://www.loc.gov/standards/alto/ns-v4#"
      xsi:schemaLocation="http://www.loc.gov/standards/alto/ns-v4# http://www.loc.gov/standards/alto/v4/alto-4-2.xsd">
  <Description>
    <MeasurementUnit>pixel</MeasurementUnit>
    <sourceImageInformation>
      <fileName>1793,_Saemmtliche_Poetische_Werke,_Schraembl,_Bd._4,_VD18_90245911_Seite_034_Bild_0001.jpg</fileName>
      <fileIdentifier>mets//SchraemblZeilenUnb.zip/1793,_Saemmtliche_Poetische_Werke,_Schraembl,_Bd._4,_VD18_90245911_Seite_034_Bild_0001.jpg</fileIdentifier>
    </sourceImageInformation>
  </Description>
  <Tags>
    <OtherTag ID="BT1" LABEL="Title" DESCRIPTION="block type Title"/><OtherTag ID="BT2" LABEL="Main" DESCRIPTION="block type Main"/><OtherTag ID="BT3" LABEL="Commentary" DESCRIPTION="block type Commentary"/><OtherTag ID="BT4" LABEL="Illustration" DESCRIPTION="block type Illustration"/><OtherTag ID="BT3755" LABEL="header" DESCRIPTION="block type header"/><OtherTag ID="BT3756" LABEL="paragraph" DESCRIPTION="block type paragraph"/><OtherTag ID="BT3757" LABEL="heading" DESCRIPTION="block type heading"/><OtherTag ID="BT3758" LABEL="footnote" DESCRIPTION="block type footnote"/><OtherTag ID="BT3759" LABEL="l-column" DESCRIPTION="block type l-column"/><OtherTag ID="BT3760" LABEL="r-column" DESCRIPTION="block type r-column"/><OtherTag ID="BT3761" LABEL="marginalia" DESCRIPTION="block type marginalia"/><OtherTag ID="BT4125" LABEL="drop-capital" DESCRIPTION="block type drop-capital"/><OtherTag ID="BT4126" LABEL="catch-word" DESCRIPTION="block type catch-word"/><OtherTag ID="BT4127" LABEL="page-number" DESCRIPTION="block type page-number"/><OtherTag ID="BT4128" LABEL="signature-mark" DESCRIPTION="block type signature-mark"/><OtherTag ID="BT4129" LABEL="poem_lg" DESCRIPTION="block type poem_lg"/><OtherTag ID="BT4130" LABEL="endnote" DESCRIPTION="block type endnote"/>
  </Tags>
  <Layout>
    <Page WIDTH="1065"
          HEIGHT="1842"
          PHYSICAL_IMG_NR="119"
          ID="eSc_dummypage_">
      <PrintSpace HPOS="0"
                  VPOS="0"
                  WIDTH="1065"
                  HEIGHT="1842">
        <TextBlock HPOS="48"
                   VPOS="261"
                   WIDTH="717"
                   HEIGHT="436"
                   ID="region_1720170497842_978"
                   TAGREFS="BT3756">
          <Shape><Polygon POINTS="58 267 48 664 720 697 759 624 765 278 649 272 270 268 128 261"/></Shape>
          <TextLine ID="eSc_line_d5bbd1c6"
                    BASELINE="68 298 745 307" 
                    HPOS="68"
                    VPOS="298"
                    WIDTH="677"
                    HEIGHT="9">
	    <String CONTENT=""
                    HPOS="68"
                    VPOS="298"
                    WIDTH="677"
                    HEIGHT="9"></String>
          </TextLine>
          <TextLine ID="eSc_line_c7ddd2d6"
                    BASELINE="67 341 751 353" 
                    HPOS="67"
                    VPOS="341"
                    WIDTH="684"
                    HEIGHT="12">
	    <String CONTENT=""
                    HPOS="67"
                    VPOS="341"
                    WIDTH="684"
                    HEIGHT="12"></String>
          </TextLine>
          <TextLine ID="eSc_line_b17172ff"
                    BASELINE="66 383 748 401" 
                    HPOS="66"
                    VPOS="383"
                    WIDTH="682"
                    HEIGHT="18">
	    <String CONTENT=""
                    HPOS="66"
                    VPOS="383"
                    WIDTH="682"
                    HEIGHT="18"></String>
          </TextLine>
          <TextLine ID="eSc_line_a3be42c4"
                    BASELINE="63 427 751 446" 
                    HPOS="63"
                    VPOS="427"
                    WIDTH="688"
                    HEIGHT="19">
	    <String CONTENT=""
                    HPOS="63"
                    VPOS="427"
                    WIDTH="688"
                    HEIGHT="19"></String>
          </TextLine>
          <TextLine ID="eSc_line_2ee8da48"
                    BASELINE="66 473 750 492" 
                    HPOS="66"
                    VPOS="473"
                    WIDTH="684"
                    HEIGHT="19">
	    <String CONTENT=""
                    HPOS="66"
                    VPOS="473"
                    WIDTH="684"
                    HEIGHT="19"></String>
          </TextLine>
          <TextLine ID="eSc_line_86b1d308"
                    BASELINE="62 527 743 540" 
                    HPOS="62"
                    VPOS="527"
                    WIDTH="681"
                    HEIGHT="13">
	    <String CONTENT=""
                    HPOS="62"
                    VPOS="527"
                    WIDTH="681"
                    HEIGHT="13"></String>
          </TextLine>
          <TextLine ID="eSc_line_33fa8a00"
                    BASELINE="63 571 745 584" 
                    HPOS="63"
                    VPOS="571"
                    WIDTH="682"
                    HEIGHT="13">
	    <String CONTENT=""
                    HPOS="63"
                    VPOS="571"
                    WIDTH="682"
                    HEIGHT="13"></String>
          </TextLine>
          <TextLine ID="eSc_line_c1db8685"
                    BASELINE="64 617 738 629" 
                    HPOS="64"
                    VPOS="617"
                    WIDTH="674"
                    HEIGHT="12">
	    <String CONTENT=""
                    HPOS="64"
                    VPOS="617"
                    WIDTH="674"
                    HEIGHT="12"></String>
          </TextLine>
          <TextLine ID="eSc_line_54a4f33d"
                    BASELINE="60 653 701 675" 
                    HPOS="60"
                    VPOS="653"
                    WIDTH="641"
                    HEIGHT="22">
	    <String CONTENT=""
                    HPOS="60"
                    VPOS="653"
                    WIDTH="641"
                    HEIGHT="22"></String>
          </TextLine>
        </TextBlock>
        <TextBlock HPOS="667"
                   VPOS="196"
                   WIDTH="82"
                   HEIGHT="33"
                   ID="region_1720170449998_972"
                   TAGREFS="BT3756">
          <Shape><Polygon POINTS="672 196 667 225 747 229 749 198"/></Shape>
          <TextLine ID="eSc_line_9fa4eb90"
                    BASELINE="675 218 736 223" 
                    HPOS="675"
                    VPOS="218"
                    WIDTH="61"
                    HEIGHT="5">
	    <String CONTENT=""
                    HPOS="675"
                    VPOS="218"
                    WIDTH="61"
                    HEIGHT="5"></String>
          </TextLine>
        </TextBlock>
        <TextBlock HPOS="37"
                   VPOS="708"
                   WIDTH="718"
                   HEIGHT="488"
                   ID="region_1720170509038_981"
                   TAGREFS="BT3756">
          <Shape><Polygon POINTS="48 711 37 1158 743 1196 755 719 119 708"/></Shape>
          <TextLine ID="eSc_line_aaeb19ee"
                    BASELINE="85 754 737 761" 
                    HPOS="85"
                    VPOS="754"
                    WIDTH="652"
                    HEIGHT="7">
	    <String CONTENT=""
                    HPOS="85"
                    VPOS="754"
                    WIDTH="652"
                    HEIGHT="7"></String>
          </TextLine>
          <TextLine ID="eSc_line_612d0252"
                    BASELINE="59 799 735 812" 
                    HPOS="59"
                    VPOS="799"
                    WIDTH="676"
                    HEIGHT="13">
	    <String CONTENT=""
                    HPOS="59"
                    VPOS="799"
                    WIDTH="676"
                    HEIGHT="13"></String>
          </TextLine>
          <TextLine ID="eSc_line_0222caba"
                    BASELINE="59 843 720 853" 
                    HPOS="59"
                    VPOS="843"
                    WIDTH="661"
                    HEIGHT="10">
	    <String CONTENT=""
                    HPOS="59"
                    VPOS="843"
                    WIDTH="661"
                    HEIGHT="10"></String>
          </TextLine>
          <TextLine ID="eSc_line_c06641e2"
                    BASELINE="57 888 731 898" 
                    HPOS="57"
                    VPOS="888"
                    WIDTH="674"
                    HEIGHT="10">
	    <String CONTENT=""
                    HPOS="57"
                    VPOS="888"
                    WIDTH="674"
                    HEIGHT="10"></String>
          </TextLine>
          <TextLine ID="eSc_line_9614e522"
                    BASELINE="61 931 733 949" 
                    HPOS="61"
                    VPOS="931"
                    WIDTH="672"
                    HEIGHT="18">
	    <String CONTENT=""
                    HPOS="61"
                    VPOS="931"
                    WIDTH="672"
                    HEIGHT="18"></String>
          </TextLine>
          <TextLine ID="eSc_line_ebb2b550"
                    BASELINE="59 971 730 987" 
                    HPOS="59"
                    VPOS="971"
                    WIDTH="671"
                    HEIGHT="16">
	    <String CONTENT=""
                    HPOS="59"
                    VPOS="971"
                    WIDTH="671"
                    HEIGHT="16"></String>
          </TextLine>
          <TextLine ID="eSc_line_fbf8b57c"
                    BASELINE="58 1018 733 1037" 
                    HPOS="58"
                    VPOS="1018"
                    WIDTH="675"
                    HEIGHT="19">
	    <String CONTENT=""
                    HPOS="58"
                    VPOS="1018"
                    WIDTH="675"
                    HEIGHT="19"></String>
          </TextLine>
          <TextLine ID="eSc_line_abe52d2f"
                    BASELINE="58 1069 728 1084" 
                    HPOS="58"
                    VPOS="1069"
                    WIDTH="670"
                    HEIGHT="15">
	    <String CONTENT=""
                    HPOS="58"
                    VPOS="1069"
                    WIDTH="670"
                    HEIGHT="15"></String>
          </TextLine>
          <TextLine ID="eSc_line_2b66dc43"
                    BASELINE="59 1112 721 1133" 
                    HPOS="59"
                    VPOS="1112"
                    WIDTH="662"
                    HEIGHT="21">
	    <String CONTENT=""
                    HPOS="59"
                    VPOS="1112"
                    WIDTH="662"
                    HEIGHT="21"></String>
          </TextLine>
          <TextLine ID="eSc_line_9ce1d179"
                    BASELINE="52 1150 727 1178" 
                    HPOS="52"
                    VPOS="1150"
                    WIDTH="675"
                    HEIGHT="28">
	    <String CONTENT=""
                    HPOS="52"
                    VPOS="1150"
                    WIDTH="675"
                    HEIGHT="28"></String>
          </TextLine>
        </TextBlock>
        <TextBlock HPOS="80"
                   VPOS="1212"
                   WIDTH="648"
                   HEIGHT="69"
                   ID="region_1720170665125_990"
                   TAGREFS="BT3758">
          <Shape><Polygon POINTS="86 1216 80 1232 83 1262 728 1281 726 1225 191 1212"/></Shape>
          <TextLine ID="eSc_line_cf9899b0"
                    BASELINE="82 1252 724 1267" 
                    HPOS="82"
                    VPOS="1252"
                    WIDTH="642"
                    HEIGHT="15">
	    <String CONTENT=""
                    HPOS="82"
                    VPOS="1252"
                    WIDTH="642"
                    HEIGHT="15"></String>
          </TextLine>
        </TextBlock>
        <TextBlock HPOS="81"
                   VPOS="1289"
                   WIDTH="535"
                   HEIGHT="55"
                   ID="region_1720170671724_993"
                   TAGREFS="BT3758">
          <Shape><Polygon POINTS="83 1289 81 1334 615 1344 616 1303"/></Shape>
          <TextLine ID="eSc_line_3fd06951"
                    BASELINE="91 1320 593 1334" 
                    HPOS="91"
                    VPOS="1320"
                    WIDTH="502"
                    HEIGHT="14">
	    <String CONTENT=""
                    HPOS="91"
                    VPOS="1320"
                    WIDTH="502"
                    HEIGHT="14"></String>
          </TextLine>
        </TextBlock>
        <TextBlock HPOS="82"
                   VPOS="1363"
                   WIDTH="656"
                   HEIGHT="130"
                   ID="region_1720170850157_996"
                   TAGREFS="BT3758">
          <Shape><Polygon POINTS="82 1363 82 1408 111 1483 501 1491 622 1493 697 1490 712 1452 738 1384"/></Shape>
          <TextLine ID="eSc_line_9f468fac"
                    BASELINE="91 1403 720 1417" 
                    HPOS="91"
                    VPOS="1403"
                    WIDTH="629"
                    HEIGHT="14">
	    <String CONTENT=""
                    HPOS="91"
                    VPOS="1403"
                    WIDTH="629"
                    HEIGHT="14"></String>
          </TextLine>
          <TextLine ID="eSc_line_b1b25fce"
                    BASELINE="160 1439 291 1448" 
                    HPOS="160"
                    VPOS="1439"
                    WIDTH="131"
                    HEIGHT="9">
	    <String CONTENT=""
                    HPOS="160"
                    VPOS="1439"
                    WIDTH="131"
                    HEIGHT="9"></String>
          </TextLine>
          <TextLine ID="eSc_line_56f7ff9d"
                    BASELINE="111 1476 694 1489" 
                    HPOS="111"
                    VPOS="1476"
                    WIDTH="583"
                    HEIGHT="13">
	    <String CONTENT=""
                    HPOS="111"
                    VPOS="1476"
                    WIDTH="583"
                    HEIGHT="13"></String>
          </TextLine>
        </TextBlock>
        <TextBlock HPOS="78"
                   VPOS="1491"
                   WIDTH="651"
                   HEIGHT="51"
                   ID="region_1720170571765_984"
                   TAGREFS="BT3756">
          <Shape><Polygon POINTS="78 1498 98 1491 149 1495 716 1505 729 1542 80 1526"/></Shape>
          <TextLine ID="eSc_line_6ef9fb5f"
                    BASELINE="91 1516 714 1535" 
                    HPOS="91"
                    VPOS="1516"
                    WIDTH="623"
                    HEIGHT="19">
	    <String CONTENT=""
                    HPOS="91"
                    VPOS="1516"
                    WIDTH="623"
                    HEIGHT="19"></String>
          </TextLine>
        </TextBlock>
      </PrintSpace>
    </Page>
  </Layout>
</alto>
