<?xml version="1.0" encoding="UTF-8"?>
<alto xmlns:xsi="http://www.w3.org/2001/XMLSchema-instance"
      xmlns="http://www.loc.gov/standards/alto/ns-v4#"
      xsi:schemaLocation="http://www.loc.gov/standards/alto/ns-v4# http://www.loc.gov/standards/alto/v4/alto-4-2.xsd">
  <Description>
    <MeasurementUnit>pixel</MeasurementUnit>
    <sourceImageInformation>
      <fileName>1793,_Saemmtliche_Poetische_Werke,_Schraembl,_Bd._1,_VD18_90245881_Seite_174_Bild_0001.jpg</fileName>
      <fileIdentifier>mets//SchraemblZeilenUnb.zip/1793,_Saemmtliche_Poetische_Werke,_Schraembl,_Bd._1,_VD18_90245881_Seite_174_Bild_0001.jpg</fileIdentifier>
    </sourceImageInformation>
  </Description>
  <Tags>
    <OtherTag ID="BT1" LABEL="Title" DESCRIPTION="block type Title"/><OtherTag ID="BT2" LABEL="Main" DESCRIPTION="block type Main"/><OtherTag ID="BT3" LABEL="Commentary" DESCRIPTION="block type Commentary"/><OtherTag ID="BT4" LABEL="Illustration" DESCRIPTION="block type Illustration"/><OtherTag ID="BT3755" LABEL="header" DESCRIPTION="block type header"/><OtherTag ID="BT3756" LABEL="paragraph" DESCRIPTION="block type paragraph"/><OtherTag ID="BT3757" LABEL="heading" DESCRIPTION="block type heading"/><OtherTag ID="BT3758" LABEL="footnote" DESCRIPTION="block type footnote"/><OtherTag ID="BT3759" LABEL="l-column" DESCRIPTION="block type l-column"/><OtherTag ID="BT3760" LABEL="r-column" DESCRIPTION="block type r-column"/><OtherTag ID="BT3761" LABEL="marginalia" DESCRIPTION="block type marginalia"/><OtherTag ID="BT4125" LABEL="drop-capital" DESCRIPTION="block type drop-capital"/><OtherTag ID="BT4126" LABEL="catch-word" DESCRIPTION="block type catch-word"/><OtherTag ID="BT4127" LABEL="page-number" DESCRIPTION="block type page-number"/><OtherTag ID="BT4128" LABEL="signature-mark" DESCRIPTION="block type signature-mark"/><OtherTag ID="BT4129" LABEL="poem_lg" DESCRIPTION="block type poem_lg"/><OtherTag ID="BT4130" LABEL="endnote" DESCRIPTION="block type endnote"/>
  </Tags>
  <Layout>
    <Page WIDTH="1077"
          HEIGHT="1870"
          PHYSICAL_IMG_NR="101"
          ID="eSc_dummypage_">
      <PrintSpace HPOS="0"
                  VPOS="0"
                  WIDTH="1077"
                  HEIGHT="1870">
        <TextBlock HPOS="79"
                   VPOS="261"
                   WIDTH="741"
                   HEIGHT="1138"
                   ID="region_1718552906173_66"
                   TAGREFS="BT3756">
          <Shape><Polygon POINTS="79 261 820 261 820 1399 79 1399"/></Shape>
          <TextLine ID="eSc_line_d4fc4482"
                    BASELINE="88 305 780 293" 
                    HPOS="88"
                    VPOS="293"
                    WIDTH="692"
                    HEIGHT="12">
	    <String CONTENT=""
                    HPOS="88"
                    VPOS="293"
                    WIDTH="692"
                    HEIGHT="12"></String>
          </TextLine>
          <TextLine ID="eSc_line_2abf050b"
                    BASELINE="86 397 788 389" 
                    HPOS="86"
                    VPOS="389"
                    WIDTH="702"
                    HEIGHT="8">
	    <String CONTENT=""
                    HPOS="86"
                    VPOS="389"
                    WIDTH="702"
                    HEIGHT="8"></String>
          </TextLine>
          <TextLine ID="eSc_line_4f458f00"
                    BASELINE="273 343 541 341" 
                    HPOS="273"
                    VPOS="341"
                    WIDTH="268"
                    HEIGHT="2">
	    <String CONTENT=""
                    HPOS="273"
                    VPOS="341"
                    WIDTH="268"
                    HEIGHT="2"></String>
          </TextLine>
          <TextLine ID="eSc_line_d6fc9da2"
                    BASELINE="89 482 785 480" 
                    HPOS="89"
                    VPOS="480"
                    WIDTH="696"
                    HEIGHT="2">
	    <String CONTENT=""
                    HPOS="89"
                    VPOS="480"
                    WIDTH="696"
                    HEIGHT="2"></String>
          </TextLine>
          <TextLine ID="eSc_line_3ee4e164"
                    BASELINE="268 435 518 438" 
                    HPOS="268"
                    VPOS="435"
                    WIDTH="250"
                    HEIGHT="3">
	    <String CONTENT=""
                    HPOS="268"
                    VPOS="435"
                    WIDTH="250"
                    HEIGHT="3"></String>
          </TextLine>
          <TextLine ID="eSc_line_26d425cd"
                    BASELINE="82 578 782 569" 
                    HPOS="82"
                    VPOS="569"
                    WIDTH="700"
                    HEIGHT="9">
	    <String CONTENT=""
                    HPOS="82"
                    VPOS="569"
                    WIDTH="700"
                    HEIGHT="9"></String>
          </TextLine>
          <TextLine ID="eSc_line_e8770bed"
                    BASELINE="276 528 492 523" 
                    HPOS="276"
                    VPOS="523"
                    WIDTH="216"
                    HEIGHT="5">
	    <String CONTENT=""
                    HPOS="276"
                    VPOS="523"
                    WIDTH="216"
                    HEIGHT="5"></String>
          </TextLine>
          <TextLine ID="eSc_line_0e887ac6"
                    BASELINE="87 667 785 663" 
                    HPOS="87"
                    VPOS="663"
                    WIDTH="698"
                    HEIGHT="4">
	    <String CONTENT=""
                    HPOS="87"
                    VPOS="663"
                    WIDTH="698"
                    HEIGHT="4"></String>
          </TextLine>
          <TextLine ID="eSc_line_756db9bb"
                    BASELINE="274 619 581 622" 
                    HPOS="274"
                    VPOS="619"
                    WIDTH="307"
                    HEIGHT="3">
	    <String CONTENT=""
                    HPOS="274"
                    VPOS="619"
                    WIDTH="307"
                    HEIGHT="3"></String>
          </TextLine>
          <TextLine ID="eSc_line_51518061"
                    BASELINE="275 712 537 709" 
                    HPOS="275"
                    VPOS="709"
                    WIDTH="262"
                    HEIGHT="3">
	    <String CONTENT=""
                    HPOS="275"
                    VPOS="709"
                    WIDTH="262"
                    HEIGHT="3"></String>
          </TextLine>
          <TextLine ID="eSc_line_595c85b7"
                    BASELINE="85 760 779 760" 
                    HPOS="85"
                    VPOS="760"
                    WIDTH="694"
                    HEIGHT="0">
	    <String CONTENT=""
                    HPOS="85"
                    VPOS="760"
                    WIDTH="694"
                    HEIGHT="0"></String>
          </TextLine>
          <TextLine ID="eSc_line_9655ed8b"
                    BASELINE="270 803 576 803" 
                    HPOS="270"
                    VPOS="803"
                    WIDTH="306"
                    HEIGHT="0">
	    <String CONTENT=""
                    HPOS="270"
                    VPOS="803"
                    WIDTH="306"
                    HEIGHT="0"></String>
          </TextLine>
          <TextLine ID="eSc_line_7c4076b8"
                    BASELINE="89 856 787 853" 
                    HPOS="89"
                    VPOS="853"
                    WIDTH="698"
                    HEIGHT="3">
	    <String CONTENT=""
                    HPOS="89"
                    VPOS="853"
                    WIDTH="698"
                    HEIGHT="3"></String>
          </TextLine>
          <TextLine ID="eSc_line_e53fee77"
                    BASELINE="276 898 604 896" 
                    HPOS="276"
                    VPOS="896"
                    WIDTH="328"
                    HEIGHT="2">
	    <String CONTENT=""
                    HPOS="276"
                    VPOS="896"
                    WIDTH="328"
                    HEIGHT="2"></String>
          </TextLine>
          <TextLine ID="eSc_line_24ecd02b"
                    BASELINE="89 954 781 948" 
                    HPOS="89"
                    VPOS="948"
                    WIDTH="692"
                    HEIGHT="6">
	    <String CONTENT=""
                    HPOS="89"
                    VPOS="948"
                    WIDTH="692"
                    HEIGHT="6"></String>
          </TextLine>
          <TextLine ID="eSc_line_08906a4f"
                    BASELINE="276 988 669 990" 
                    HPOS="276"
                    VPOS="988"
                    WIDTH="393"
                    HEIGHT="2">
	    <String CONTENT=""
                    HPOS="276"
                    VPOS="988"
                    WIDTH="393"
                    HEIGHT="2"></String>
          </TextLine>
          <TextLine ID="eSc_line_b5b20896"
                    BASELINE="85 1040 788 1037" 
                    HPOS="85"
                    VPOS="1037"
                    WIDTH="703"
                    HEIGHT="3">
	    <String CONTENT=""
                    HPOS="85"
                    VPOS="1037"
                    WIDTH="703"
                    HEIGHT="3"></String>
          </TextLine>
          <TextLine ID="eSc_line_1b54acf4"
                    BASELINE="282 1080 626 1088" 
                    HPOS="282"
                    VPOS="1080"
                    WIDTH="344"
                    HEIGHT="8">
	    <String CONTENT=""
                    HPOS="282"
                    VPOS="1080"
                    WIDTH="344"
                    HEIGHT="8"></String>
          </TextLine>
          <TextLine ID="eSc_line_0c1ab17f"
                    BASELINE="91 1134 778 1132" 
                    HPOS="91"
                    VPOS="1132"
                    WIDTH="687"
                    HEIGHT="2">
	    <String CONTENT=""
                    HPOS="91"
                    VPOS="1132"
                    WIDTH="687"
                    HEIGHT="2"></String>
          </TextLine>
          <TextLine ID="eSc_line_1b1b7b37"
                    BASELINE="278 1175 648 1174" 
                    HPOS="278"
                    VPOS="1174"
                    WIDTH="370"
                    HEIGHT="1">
	    <String CONTENT=""
                    HPOS="278"
                    VPOS="1174"
                    WIDTH="370"
                    HEIGHT="1"></String>
          </TextLine>
          <TextLine ID="eSc_line_e75e905f"
                    BASELINE="88 1226 780 1221" 
                    HPOS="88"
                    VPOS="1221"
                    WIDTH="692"
                    HEIGHT="5">
	    <String CONTENT=""
                    HPOS="88"
                    VPOS="1221"
                    WIDTH="692"
                    HEIGHT="5"></String>
          </TextLine>
          <TextLine ID="eSc_line_4e1cc4a9"
                    BASELINE="285 1268 381 1268" 
                    HPOS="285"
                    VPOS="1268"
                    WIDTH="96"
                    HEIGHT="0">
	    <String CONTENT=""
                    HPOS="285"
                    VPOS="1268"
                    WIDTH="96"
                    HEIGHT="0"></String>
          </TextLine>
          <TextLine ID="eSc_line_37f2377a"
                    BASELINE="91 1315 780 1311" 
                    HPOS="91"
                    VPOS="1311"
                    WIDTH="689"
                    HEIGHT="4">
	    <String CONTENT=""
                    HPOS="91"
                    VPOS="1311"
                    WIDTH="689"
                    HEIGHT="4"></String>
          </TextLine>
          <TextLine ID="eSc_line_741439e4"
                    BASELINE="275 1361 663 1363" 
                    HPOS="275"
                    VPOS="1361"
                    WIDTH="388"
                    HEIGHT="2">
	    <String CONTENT=""
                    HPOS="275"
                    VPOS="1361"
                    WIDTH="388"
                    HEIGHT="2"></String>
          </TextLine>
        </TextBlock>
        <TextBlock HPOS="705"
                   VPOS="166"
                   WIDTH="86"
                   HEIGHT="48"
                   ID="region_1718552880300_60"
                   TAGREFS="BT3756">
          <Shape><Polygon POINTS="705 214 791 214 791 166 705 166"/></Shape>
          <TextLine ID="eSc_line_50bcae7f"
                    BASELINE="710 199 781 204" 
                    HPOS="710"
                    VPOS="199"
                    WIDTH="71"
                    HEIGHT="5">
	    <String CONTENT=""
                    HPOS="710"
                    VPOS="199"
                    WIDTH="71"
                    HEIGHT="5"></String>
          </TextLine>
        </TextBlock>
        <TextBlock HPOS="83"
                   VPOS="1426"
                   WIDTH="713"
                   HEIGHT="124"
                   ID="region_1718552930676_69"
                   TAGREFS="BT3758">
          <Shape><Polygon POINTS="83 1550 557 1547 796 1545 786 1426 83 1430"/></Shape>
          <TextLine ID="eSc_line_9c20d723"
                    BASELINE="117 1470 779 1472" 
                    HPOS="117"
                    VPOS="1470"
                    WIDTH="662"
                    HEIGHT="2">
	    <String CONTENT=""
                    HPOS="117"
                    VPOS="1470"
                    WIDTH="662"
                    HEIGHT="2"></String>
          </TextLine>
          <TextLine ID="eSc_line_743de927"
                    BASELINE="91 1504 784 1505" 
                    HPOS="91"
                    VPOS="1504"
                    WIDTH="693"
                    HEIGHT="1">
	    <String CONTENT=""
                    HPOS="91"
                    VPOS="1504"
                    WIDTH="693"
                    HEIGHT="1"></String>
          </TextLine>
          <TextLine ID="eSc_line_b1859f76"
                    BASELINE="90 1540 234 1538" 
                    HPOS="90"
                    VPOS="1538"
                    WIDTH="144"
                    HEIGHT="2">
	    <String CONTENT=""
                    HPOS="90"
                    VPOS="1538"
                    WIDTH="144"
                    HEIGHT="2"></String>
          </TextLine>
        </TextBlock>
        <TextBlock HPOS="488"
                   VPOS="1568"
                   WIDTH="5"
                   HEIGHT="8"
                   ID="eSc_textblock_f842be10"
                   >
          <Shape><Polygon POINTS="493 1576 493 1568 488 1568 488 1576"/></Shape>
        </TextBlock>
      </PrintSpace>
    </Page>
  </Layout>
</alto>
