<?xml version="1.0" encoding="UTF-8"?>
<alto xmlns:xsi="http://www.w3.org/2001/XMLSchema-instance"
      xmlns="http://www.loc.gov/standards/alto/ns-v4#"
      xsi:schemaLocation="http://www.loc.gov/standards/alto/ns-v4# http://www.loc.gov/standards/alto/v4/alto-4-2.xsd">
  <Description>
    <MeasurementUnit>pixel</MeasurementUnit>
    <sourceImageInformation>
      <fileName>1793,_Saemmtliche_Poetische_Werke,_Schraembl,_Bd._3,_VD18_90245903_Seite_202_Bild_0001.jpg</fileName>
      <fileIdentifier>mets//SchraemblZeilenUnb.zip/1793,_Saemmtliche_Poetische_Werke,_Schraembl,_Bd._3,_VD18_90245903_Seite_202_Bild_0001.jpg</fileIdentifier>
    </sourceImageInformation>
  </Description>
  <Tags>
    <OtherTag ID="BT1" LABEL="Title" DESCRIPTION="block type Title"/><OtherTag ID="BT2" LABEL="Main" DESCRIPTION="block type Main"/><OtherTag ID="BT3" LABEL="Commentary" DESCRIPTION="block type Commentary"/><OtherTag ID="BT4" LABEL="Illustration" DESCRIPTION="block type Illustration"/><OtherTag ID="BT3755" LABEL="header" DESCRIPTION="block type header"/><OtherTag ID="BT3756" LABEL="paragraph" DESCRIPTION="block type paragraph"/><OtherTag ID="BT3757" LABEL="heading" DESCRIPTION="block type heading"/><OtherTag ID="BT3758" LABEL="footnote" DESCRIPTION="block type footnote"/><OtherTag ID="BT3759" LABEL="l-column" DESCRIPTION="block type l-column"/><OtherTag ID="BT3760" LABEL="r-column" DESCRIPTION="block type r-column"/><OtherTag ID="BT3761" LABEL="marginalia" DESCRIPTION="block type marginalia"/><OtherTag ID="BT4125" LABEL="drop-capital" DESCRIPTION="block type drop-capital"/><OtherTag ID="BT4126" LABEL="catch-word" DESCRIPTION="block type catch-word"/><OtherTag ID="BT4127" LABEL="page-number" DESCRIPTION="block type page-number"/><OtherTag ID="BT4128" LABEL="signature-mark" DESCRIPTION="block type signature-mark"/><OtherTag ID="BT4129" LABEL="poem_lg" DESCRIPTION="block type poem_lg"/><OtherTag ID="BT4130" LABEL="endnote" DESCRIPTION="block type endnote"/>
  </Tags>
  <Layout>
    <Page WIDTH="1080"
          HEIGHT="1900"
          PHYSICAL_IMG_NR="113"
          ID="eSc_dummypage_">
      <PrintSpace HPOS="0"
                  VPOS="0"
                  WIDTH="1080"
                  HEIGHT="1900">
        <TextBlock HPOS="110"
                   VPOS="382"
                   WIDTH="671"
                   HEIGHT="196"
                   ID="region_1720112033353_89"
                   TAGREFS="BT3757">
          <Shape><Polygon POINTS="110 402 110 472 214 493 214 578 692 560 713 490 781 452 778 382"/></Shape>
          <TextLine ID="eSc_line_d7c85f1b"
                    BASELINE="118 453 753 456" 
                    HPOS="118"
                    VPOS="453"
                    WIDTH="635"
                    HEIGHT="3">
	    <String CONTENT=""
                    HPOS="118"
                    VPOS="453"
                    WIDTH="635"
                    HEIGHT="3"></String>
          </TextLine>
          <TextLine ID="eSc_line_92924b59"
                    BASELINE="219 544 645 543" 
                    HPOS="219"
                    VPOS="543"
                    WIDTH="426"
                    HEIGHT="1">
	    <String CONTENT=""
                    HPOS="219"
                    VPOS="543"
                    WIDTH="426"
                    HEIGHT="1"></String>
          </TextLine>
        </TextBlock>
        <TextBlock HPOS="121"
                   VPOS="666"
                   WIDTH="57"
                   HEIGHT="61"
                   ID="region_1720112043306_92"
                   TAGREFS="BT3756">
          <Shape><Polygon POINTS="176 727 178 670 121 666 122 723"/></Shape>
          <TextLine ID="eSc_line_d16b5038"
                    BASELINE="126 719 773 723" 
                    HPOS="126"
                    VPOS="719"
                    WIDTH="647"
                    HEIGHT="4">
	    <String CONTENT=""
                    HPOS="126"
                    VPOS="719"
                    WIDTH="647"
                    HEIGHT="4"></String>
          </TextLine>
        </TextBlock>
        <TextBlock HPOS="74"
                   VPOS="677"
                   WIDTH="736"
                   HEIGHT="877"
                   ID="region_1720112062757_95"
                   TAGREFS="BT3756">
          <Shape><Polygon POINTS="178 731 180 693 210 683 788 677 810 1554 74 1536 79 768"/></Shape>
          <TextLine ID="eSc_line_82178681"
                    BASELINE="90 811 772 817" 
                    HPOS="90"
                    VPOS="811"
                    WIDTH="682"
                    HEIGHT="6">
	    <String CONTENT=""
                    HPOS="90"
                    VPOS="811"
                    WIDTH="682"
                    HEIGHT="6"></String>
          </TextLine>
          <TextLine ID="eSc_line_8b1a4411"
                    BASELINE="380 770 556 771" 
                    HPOS="380"
                    VPOS="770"
                    WIDTH="176"
                    HEIGHT="1">
	    <String CONTENT=""
                    HPOS="380"
                    VPOS="770"
                    WIDTH="176"
                    HEIGHT="1"></String>
          </TextLine>
          <TextLine ID="eSc_line_4f6a93b3"
                    BASELINE="90 902 777 907" 
                    HPOS="90"
                    VPOS="902"
                    WIDTH="687"
                    HEIGHT="5">
	    <String CONTENT=""
                    HPOS="90"
                    VPOS="902"
                    WIDTH="687"
                    HEIGHT="5"></String>
          </TextLine>
          <TextLine ID="eSc_line_23282f83"
                    BASELINE="378 856 476 857" 
                    HPOS="378"
                    VPOS="856"
                    WIDTH="98"
                    HEIGHT="1">
	    <String CONTENT=""
                    HPOS="378"
                    VPOS="856"
                    WIDTH="98"
                    HEIGHT="1"></String>
          </TextLine>
          <TextLine ID="eSc_line_1641afe5"
                    BASELINE="91 995 765 1000" 
                    HPOS="91"
                    VPOS="995"
                    WIDTH="674"
                    HEIGHT="5">
	    <String CONTENT=""
                    HPOS="91"
                    VPOS="995"
                    WIDTH="674"
                    HEIGHT="5"></String>
          </TextLine>
          <TextLine ID="eSc_line_af642ac5"
                    BASELINE="384 947 562 951" 
                    HPOS="384"
                    VPOS="947"
                    WIDTH="178"
                    HEIGHT="4">
	    <String CONTENT=""
                    HPOS="384"
                    VPOS="947"
                    WIDTH="178"
                    HEIGHT="4"></String>
          </TextLine>
          <TextLine ID="eSc_line_3e13f118"
                    BASELINE="94 1084 771 1087" 
                    HPOS="94"
                    VPOS="1084"
                    WIDTH="677"
                    HEIGHT="3">
	    <String CONTENT=""
                    HPOS="94"
                    VPOS="1084"
                    WIDTH="677"
                    HEIGHT="3"></String>
          </TextLine>
          <TextLine ID="eSc_line_ff9dc230"
                    BASELINE="378 1041 543 1042" 
                    HPOS="378"
                    VPOS="1041"
                    WIDTH="165"
                    HEIGHT="1">
	    <String CONTENT=""
                    HPOS="378"
                    VPOS="1041"
                    WIDTH="165"
                    HEIGHT="1"></String>
          </TextLine>
          <TextLine ID="eSc_line_c7db49fd"
                    BASELINE="93 1176 603 1176" 
                    HPOS="93"
                    VPOS="1176"
                    WIDTH="510"
                    HEIGHT="0">
	    <String CONTENT=""
                    HPOS="93"
                    VPOS="1176"
                    WIDTH="510"
                    HEIGHT="0"></String>
          </TextLine>
          <TextLine ID="eSc_line_f78534a0"
                    BASELINE="384 1132 478 1131" 
                    HPOS="384"
                    VPOS="1131"
                    WIDTH="94"
                    HEIGHT="1">
	    <String CONTENT=""
                    HPOS="384"
                    VPOS="1131"
                    WIDTH="94"
                    HEIGHT="1"></String>
          </TextLine>
          <TextLine ID="eSc_line_38732203"
                    BASELINE="99 1221 772 1224" 
                    HPOS="99"
                    VPOS="1221"
                    WIDTH="673"
                    HEIGHT="3">
	    <String CONTENT=""
                    HPOS="99"
                    VPOS="1221"
                    WIDTH="673"
                    HEIGHT="3"></String>
          </TextLine>
          <TextLine ID="eSc_line_4d8de97e"
                    BASELINE="95 1310 771 1317" 
                    HPOS="95"
                    VPOS="1310"
                    WIDTH="676"
                    HEIGHT="7">
	    <String CONTENT=""
                    HPOS="95"
                    VPOS="1310"
                    WIDTH="676"
                    HEIGHT="7"></String>
          </TextLine>
          <TextLine ID="eSc_line_0abd332c"
                    BASELINE="387 1270 536 1273" 
                    HPOS="387"
                    VPOS="1270"
                    WIDTH="149"
                    HEIGHT="3">
	    <String CONTENT=""
                    HPOS="387"
                    VPOS="1270"
                    WIDTH="149"
                    HEIGHT="3"></String>
          </TextLine>
          <TextLine ID="eSc_line_628faa8d"
                    BASELINE="96 1404 775 1407" 
                    HPOS="96"
                    VPOS="1404"
                    WIDTH="679"
                    HEIGHT="3">
	    <String CONTENT=""
                    HPOS="96"
                    VPOS="1404"
                    WIDTH="679"
                    HEIGHT="3"></String>
          </TextLine>
          <TextLine ID="eSc_line_71dc05bc"
                    BASELINE="378 1361 525 1358" 
                    HPOS="378"
                    VPOS="1358"
                    WIDTH="147"
                    HEIGHT="3">
	    <String CONTENT=""
                    HPOS="378"
                    VPOS="1358"
                    WIDTH="147"
                    HEIGHT="3"></String>
          </TextLine>
          <TextLine ID="eSc_line_d82d4e64"
                    BASELINE="95 1495 708 1495" 
                    HPOS="95"
                    VPOS="1495"
                    WIDTH="613"
                    HEIGHT="0">
	    <String CONTENT=""
                    HPOS="95"
                    VPOS="1495"
                    WIDTH="613"
                    HEIGHT="0"></String>
          </TextLine>
          <TextLine ID="eSc_line_00feced9"
                    BASELINE="377 1450 582 1449" 
                    HPOS="377"
                    VPOS="1449"
                    WIDTH="205"
                    HEIGHT="1">
	    <String CONTENT=""
                    HPOS="377"
                    VPOS="1449"
                    WIDTH="205"
                    HEIGHT="1"></String>
          </TextLine>
        </TextBlock>
        <TextBlock HPOS="706"
                   VPOS="196"
                   WIDTH="66"
                   HEIGHT="40"
                   ID="region_1720112021283_86"
                   TAGREFS="BT3756">
          <Shape><Polygon POINTS="706 197 707 232 741 236 768 235 772 196"/></Shape>
          <TextLine ID="eSc_line_682ce0e1"
                    BASELINE="716 225 768 227" 
                    HPOS="716"
                    VPOS="225"
                    WIDTH="52"
                    HEIGHT="2">
	    <String CONTENT=""
                    HPOS="716"
                    VPOS="225"
                    WIDTH="52"
                    HEIGHT="2"></String>
          </TextLine>
        </TextBlock>
      </PrintSpace>
    </Page>
  </Layout>
</alto>
