<?xml version="1.0" encoding="UTF-8"?>
<alto xmlns:xsi="http://www.w3.org/2001/XMLSchema-instance"
      xmlns="http://www.loc.gov/standards/alto/ns-v4#"
      xsi:schemaLocation="http://www.loc.gov/standards/alto/ns-v4# http://www.loc.gov/standards/alto/v4/alto-4-2.xsd">
  <Description>
    <MeasurementUnit>pixel</MeasurementUnit>
    <sourceImageInformation>
      <fileName>1793,_Saemmtliche_Poetische_Werke,_Schraembl,_Bd._4,_VD18_90245911_Seite_175_Bild_0001.jpg</fileName>
      <fileIdentifier>mets//SchraemblZeilenUnb.zip/1793,_Saemmtliche_Poetische_Werke,_Schraembl,_Bd._4,_VD18_90245911_Seite_175_Bild_0001.jpg</fileIdentifier>
    </sourceImageInformation>
  </Description>
  <Tags>
    <OtherTag ID="BT1" LABEL="Title" DESCRIPTION="block type Title"/><OtherTag ID="BT2" LABEL="Main" DESCRIPTION="block type Main"/><OtherTag ID="BT3" LABEL="Commentary" DESCRIPTION="block type Commentary"/><OtherTag ID="BT4" LABEL="Illustration" DESCRIPTION="block type Illustration"/><OtherTag ID="BT3755" LABEL="header" DESCRIPTION="block type header"/><OtherTag ID="BT3756" LABEL="paragraph" DESCRIPTION="block type paragraph"/><OtherTag ID="BT3757" LABEL="heading" DESCRIPTION="block type heading"/><OtherTag ID="BT3758" LABEL="footnote" DESCRIPTION="block type footnote"/><OtherTag ID="BT3759" LABEL="l-column" DESCRIPTION="block type l-column"/><OtherTag ID="BT3760" LABEL="r-column" DESCRIPTION="block type r-column"/><OtherTag ID="BT3761" LABEL="marginalia" DESCRIPTION="block type marginalia"/><OtherTag ID="BT4125" LABEL="drop-capital" DESCRIPTION="block type drop-capital"/><OtherTag ID="BT4126" LABEL="catch-word" DESCRIPTION="block type catch-word"/><OtherTag ID="BT4127" LABEL="page-number" DESCRIPTION="block type page-number"/><OtherTag ID="BT4128" LABEL="signature-mark" DESCRIPTION="block type signature-mark"/><OtherTag ID="BT4129" LABEL="poem_lg" DESCRIPTION="block type poem_lg"/><OtherTag ID="BT4130" LABEL="endnote" DESCRIPTION="block type endnote"/>
  </Tags>
  <Layout>
    <Page WIDTH="1065"
          HEIGHT="1842"
          PHYSICAL_IMG_NR="123"
          ID="eSc_dummypage_">
      <PrintSpace HPOS="0"
                  VPOS="0"
                  WIDTH="1065"
                  HEIGHT="1842">
        <TextBlock HPOS="298"
                   VPOS="171"
                   WIDTH="61"
                   HEIGHT="37"
                   ID="region_1720169482127_875"
                   TAGREFS="BT3756">
          <Shape><Polygon POINTS="298 178 300 206 359 208 355 171"/></Shape>
          <TextLine ID="eSc_line_71ebb498"
                    BASELINE="305 202 355 202" 
                    HPOS="305"
                    VPOS="202"
                    WIDTH="50"
                    HEIGHT="0">
	    <String CONTENT=""
                    HPOS="305"
                    VPOS="202"
                    WIDTH="50"
                    HEIGHT="0"></String>
          </TextLine>
        </TextBlock>
        <TextBlock HPOS="329"
                   VPOS="550"
                   WIDTH="94"
                   HEIGHT="66"
                   ID="region_1720169499470_881"
                   TAGREFS="BT3756">
          <Shape><Polygon POINTS="395 614 423 561 388 550 330 556 329 582 354 616"/></Shape>
          <TextLine ID="eSc_line_679d289b"
                    BASELINE="351 610 1043 605" 
                    HPOS="351"
                    VPOS="605"
                    WIDTH="692"
                    HEIGHT="5">
	    <String CONTENT=""
                    HPOS="351"
                    VPOS="605"
                    WIDTH="692"
                    HEIGHT="5"></String>
          </TextLine>
        </TextBlock>
        <TextBlock HPOS="524"
                   VPOS="380"
                   WIDTH="242"
                   HEIGHT="57"
                   ID="region_1720169489827_878"
                   TAGREFS="BT3757">
          <Shape><Polygon POINTS="524 382 526 437 766 435 751 380"/></Shape>
          <TextLine ID="eSc_line_4ea557e4"
                    BASELINE="533 427 756 425" 
                    HPOS="533"
                    VPOS="425"
                    WIDTH="223"
                    HEIGHT="2">
	    <String CONTENT=""
                    HPOS="533"
                    VPOS="425"
                    WIDTH="223"
                    HEIGHT="2"></String>
          </TextLine>
        </TextBlock>
        <TextBlock HPOS="292"
                   VPOS="560"
                   WIDTH="755"
                   HEIGHT="300"
                   ID="region_1720169519426_884"
                   TAGREFS="BT3756">
          <Shape><Polygon POINTS="413 587 408 598 408 614 404 624 293 623 292 860 930 857 1007 652 1047 599 1041 560 422 573"/></Shape>
          <TextLine ID="eSc_line_07fa008e"
                    BASELINE="301 657 877 650" 
                    HPOS="301"
                    VPOS="650"
                    WIDTH="576"
                    HEIGHT="7">
	    <String CONTENT=""
                    HPOS="301"
                    VPOS="650"
                    WIDTH="576"
                    HEIGHT="7"></String>
          </TextLine>
          <TextLine ID="eSc_line_80157bad"
                    BASELINE="304 708 713 700" 
                    HPOS="304"
                    VPOS="700"
                    WIDTH="409"
                    HEIGHT="8">
	    <String CONTENT=""
                    HPOS="304"
                    VPOS="700"
                    WIDTH="409"
                    HEIGHT="8"></String>
          </TextLine>
          <TextLine ID="eSc_line_4ed884ba"
                    BASELINE="301 754 852 746" 
                    HPOS="301"
                    VPOS="746"
                    WIDTH="551"
                    HEIGHT="8">
	    <String CONTENT=""
                    HPOS="301"
                    VPOS="746"
                    WIDTH="551"
                    HEIGHT="8"></String>
          </TextLine>
          <TextLine ID="eSc_line_ba92544c"
                    BASELINE="307 794 898 787" 
                    HPOS="307"
                    VPOS="787"
                    WIDTH="591"
                    HEIGHT="7">
	    <String CONTENT=""
                    HPOS="307"
                    VPOS="787"
                    WIDTH="591"
                    HEIGHT="7"></String>
          </TextLine>
          <TextLine ID="eSc_line_80f2227b"
                    BASELINE="305 840 755 837" 
                    HPOS="305"
                    VPOS="837"
                    WIDTH="450"
                    HEIGHT="3">
	    <String CONTENT=""
                    HPOS="305"
                    VPOS="837"
                    WIDTH="450"
                    HEIGHT="3"></String>
          </TextLine>
        </TextBlock>
        <TextBlock HPOS="289"
                   VPOS="880"
                   WIDTH="726"
                   HEIGHT="310"
                   ID="region_1720169528297_887"
                   TAGREFS="BT3756">
          <Shape><Polygon POINTS="297 899 289 1190 929 1168 1015 1080 989 880"/></Shape>
          <TextLine ID="eSc_line_06a8e69e"
                    BASELINE="335 938 966 924" 
                    HPOS="335"
                    VPOS="924"
                    WIDTH="631"
                    HEIGHT="14">
	    <String CONTENT=""
                    HPOS="335"
                    VPOS="924"
                    WIDTH="631"
                    HEIGHT="14"></String>
          </TextLine>
          <TextLine ID="eSc_line_98ae11c7"
                    BASELINE="310 978 823 973" 
                    HPOS="310"
                    VPOS="973"
                    WIDTH="513"
                    HEIGHT="5">
	    <String CONTENT=""
                    HPOS="310"
                    VPOS="973"
                    WIDTH="513"
                    HEIGHT="5"></String>
          </TextLine>
          <TextLine ID="eSc_line_6cd865fe"
                    BASELINE="313 1026 778 1021" 
                    HPOS="313"
                    VPOS="1021"
                    WIDTH="465"
                    HEIGHT="5">
	    <String CONTENT=""
                    HPOS="313"
                    VPOS="1021"
                    WIDTH="465"
                    HEIGHT="5"></String>
          </TextLine>
          <TextLine ID="eSc_line_84380628"
                    BASELINE="306 1073 919 1065" 
                    HPOS="306"
                    VPOS="1065"
                    WIDTH="613"
                    HEIGHT="8">
	    <String CONTENT=""
                    HPOS="306"
                    VPOS="1065"
                    WIDTH="613"
                    HEIGHT="8"></String>
          </TextLine>
          <TextLine ID="eSc_line_3dc90279"
                    BASELINE="309 1118 964 1104" 
                    HPOS="309"
                    VPOS="1104"
                    WIDTH="655"
                    HEIGHT="14">
	    <String CONTENT=""
                    HPOS="309"
                    VPOS="1104"
                    WIDTH="655"
                    HEIGHT="14"></String>
          </TextLine>
          <TextLine ID="eSc_line_e1674afe"
                    BASELINE="306 1166 752 1160" 
                    HPOS="306"
                    VPOS="1160"
                    WIDTH="446"
                    HEIGHT="6">
	    <String CONTENT=""
                    HPOS="306"
                    VPOS="1160"
                    WIDTH="446"
                    HEIGHT="6"></String>
          </TextLine>
        </TextBlock>
        <TextBlock HPOS="290"
                   VPOS="1199"
                   WIDTH="708"
                   HEIGHT="307"
                   ID="region_1720169537939_890"
                   TAGREFS="BT3756">
          <Shape><Polygon POINTS="310 1228 290 1501 831 1506 970 1431 998 1349 877 1199 350 1214"/></Shape>
          <TextLine ID="eSc_line_3f60e858"
                    BASELINE="339 1256 862 1250" 
                    HPOS="339"
                    VPOS="1250"
                    WIDTH="523"
                    HEIGHT="6">
	    <String CONTENT=""
                    HPOS="339"
                    VPOS="1250"
                    WIDTH="523"
                    HEIGHT="6"></String>
          </TextLine>
          <TextLine ID="eSc_line_103ba944"
                    BASELINE="312 1301 883 1294" 
                    HPOS="312"
                    VPOS="1294"
                    WIDTH="571"
                    HEIGHT="7">
	    <String CONTENT=""
                    HPOS="312"
                    VPOS="1294"
                    WIDTH="571"
                    HEIGHT="7"></String>
          </TextLine>
          <TextLine ID="eSc_line_4567efdb"
                    BASELINE="310 1347 677 1341" 
                    HPOS="310"
                    VPOS="1341"
                    WIDTH="367"
                    HEIGHT="6">
	    <String CONTENT=""
                    HPOS="310"
                    VPOS="1341"
                    WIDTH="367"
                    HEIGHT="6"></String>
          </TextLine>
          <TextLine ID="eSc_line_51e39caf"
                    BASELINE="316 1398 955 1385" 
                    HPOS="316"
                    VPOS="1385"
                    WIDTH="639"
                    HEIGHT="13">
	    <String CONTENT=""
                    HPOS="316"
                    VPOS="1385"
                    WIDTH="639"
                    HEIGHT="13"></String>
          </TextLine>
          <TextLine ID="eSc_line_59f44e8c"
                    BASELINE="319 1446 917 1434" 
                    HPOS="319"
                    VPOS="1434"
                    WIDTH="598"
                    HEIGHT="12">
	    <String CONTENT=""
                    HPOS="319"
                    VPOS="1434"
                    WIDTH="598"
                    HEIGHT="12"></String>
          </TextLine>
          <TextLine ID="eSc_line_f5c0e9ec"
                    BASELINE="307 1491 804 1487" 
                    HPOS="307"
                    VPOS="1487"
                    WIDTH="497"
                    HEIGHT="4">
	    <String CONTENT=""
                    HPOS="307"
                    VPOS="1487"
                    WIDTH="497"
                    HEIGHT="4"></String>
          </TextLine>
        </TextBlock>
      </PrintSpace>
    </Page>
  </Layout>
</alto>
