<?xml version="1.0" encoding="UTF-8"?>
<alto xmlns:xsi="http://www.w3.org/2001/XMLSchema-instance"
      xmlns="http://www.loc.gov/standards/alto/ns-v4#"
      xsi:schemaLocation="http://www.loc.gov/standards/alto/ns-v4# http://www.loc.gov/standards/alto/v4/alto-4-2.xsd">
  <Description>
    <MeasurementUnit>pixel</MeasurementUnit>
    <sourceImageInformation>
      <fileName>1793,_Saemmtliche_Poetische_Werke,_Schraembl,_Bd._4,_VD18_90245911_Seite_183_Bild_0001.jpg</fileName>
      <fileIdentifier>mets//SchraemblZeilenUnb.zip/1793,_Saemmtliche_Poetische_Werke,_Schraembl,_Bd._4,_VD18_90245911_Seite_183_Bild_0001.jpg</fileIdentifier>
    </sourceImageInformation>
  </Description>
  <Tags>
    <OtherTag ID="BT1" LABEL="Title" DESCRIPTION="block type Title"/><OtherTag ID="BT2" LABEL="Main" DESCRIPTION="block type Main"/><OtherTag ID="BT3" LABEL="Commentary" DESCRIPTION="block type Commentary"/><OtherTag ID="BT4" LABEL="Illustration" DESCRIPTION="block type Illustration"/><OtherTag ID="BT3755" LABEL="header" DESCRIPTION="block type header"/><OtherTag ID="BT3756" LABEL="paragraph" DESCRIPTION="block type paragraph"/><OtherTag ID="BT3757" LABEL="heading" DESCRIPTION="block type heading"/><OtherTag ID="BT3758" LABEL="footnote" DESCRIPTION="block type footnote"/><OtherTag ID="BT3759" LABEL="l-column" DESCRIPTION="block type l-column"/><OtherTag ID="BT3760" LABEL="r-column" DESCRIPTION="block type r-column"/><OtherTag ID="BT3761" LABEL="marginalia" DESCRIPTION="block type marginalia"/><OtherTag ID="BT4125" LABEL="drop-capital" DESCRIPTION="block type drop-capital"/><OtherTag ID="BT4126" LABEL="catch-word" DESCRIPTION="block type catch-word"/><OtherTag ID="BT4127" LABEL="page-number" DESCRIPTION="block type page-number"/><OtherTag ID="BT4128" LABEL="signature-mark" DESCRIPTION="block type signature-mark"/><OtherTag ID="BT4129" LABEL="poem_lg" DESCRIPTION="block type poem_lg"/><OtherTag ID="BT4130" LABEL="endnote" DESCRIPTION="block type endnote"/>
  </Tags>
  <Layout>
    <Page WIDTH="1065"
          HEIGHT="1842"
          PHYSICAL_IMG_NR="124"
          ID="eSc_dummypage_">
      <PrintSpace HPOS="0"
                  VPOS="0"
                  WIDTH="1065"
                  HEIGHT="1842">
        <TextBlock HPOS="304"
                   VPOS="154"
                   WIDTH="73"
                   HEIGHT="37"
                   ID="region_1720169146454_841"
                   TAGREFS="BT3756">
          <Shape><Polygon POINTS="304 158 304 191 377 189 370 154"/></Shape>
          <TextLine ID="eSc_line_9248cfb1"
                    BASELINE="313 186 366 184" 
                    HPOS="313"
                    VPOS="184"
                    WIDTH="53"
                    HEIGHT="2">
	    <String CONTENT=""
                    HPOS="313"
                    VPOS="184"
                    WIDTH="53"
                    HEIGHT="2"></String>
          </TextLine>
        </TextBlock>
        <TextBlock HPOS="302"
                   VPOS="238"
                   WIDTH="570"
                   HEIGHT="198"
                   ID="region_1720169181014_847"
                   TAGREFS="BT3756">
          <Shape><Polygon POINTS="303 242 302 342 378 436 868 429 872 241 601 238"/></Shape>
          <TextLine ID="eSc_line_95aeb545"
                    BASELINE="311 272 858 271" 
                    HPOS="311"
                    VPOS="271"
                    WIDTH="547"
                    HEIGHT="1">
	    <String CONTENT=""
                    HPOS="311"
                    VPOS="271"
                    WIDTH="547"
                    HEIGHT="1"></String>
          </TextLine>
          <TextLine ID="eSc_line_396629d3"
                    BASELINE="313 320 842 318" 
                    HPOS="313"
                    VPOS="318"
                    WIDTH="529"
                    HEIGHT="2">
	    <String CONTENT=""
                    HPOS="313"
                    VPOS="318"
                    WIDTH="529"
                    HEIGHT="2"></String>
          </TextLine>
          <TextLine ID="eSc_line_3f2960a3"
                    BASELINE="349 361 779 367" 
                    HPOS="349"
                    VPOS="361"
                    WIDTH="430"
                    HEIGHT="6">
	    <String CONTENT=""
                    HPOS="349"
                    VPOS="361"
                    WIDTH="430"
                    HEIGHT="6"></String>
          </TextLine>
          <TextLine ID="eSc_line_faaa80a6"
                    BASELINE="382 412 841 411" 
                    HPOS="382"
                    VPOS="411"
                    WIDTH="459"
                    HEIGHT="1">
	    <String CONTENT=""
                    HPOS="382"
                    VPOS="411"
                    WIDTH="459"
                    HEIGHT="1"></String>
          </TextLine>
        </TextBlock>
        <TextBlock HPOS="294"
                   VPOS="453"
                   WIDTH="598"
                   HEIGHT="192"
                   ID="region_1720169192637_850"
                   TAGREFS="BT3756">
          <Shape><Polygon POINTS="298 463 294 552 384 645 892 645 878 453 403 459"/></Shape>
          <TextLine ID="eSc_line_d599fc0b"
                    BASELINE="309 489 865 495" 
                    HPOS="309"
                    VPOS="489"
                    WIDTH="556"
                    HEIGHT="6">
	    <String CONTENT=""
                    HPOS="309"
                    VPOS="489"
                    WIDTH="556"
                    HEIGHT="6"></String>
          </TextLine>
          <TextLine ID="eSc_line_078ea6f0"
                    BASELINE="298 542 877 538" 
                    HPOS="298"
                    VPOS="538"
                    WIDTH="579"
                    HEIGHT="4">
	    <String CONTENT=""
                    HPOS="298"
                    VPOS="538"
                    WIDTH="579"
                    HEIGHT="4"></String>
          </TextLine>
          <TextLine ID="eSc_line_f550a208"
                    BASELINE="346 582 781 588" 
                    HPOS="346"
                    VPOS="582"
                    WIDTH="435"
                    HEIGHT="6">
	    <String CONTENT=""
                    HPOS="346"
                    VPOS="582"
                    WIDTH="435"
                    HEIGHT="6"></String>
          </TextLine>
          <TextLine ID="eSc_line_55034d45"
                    BASELINE="383 632 878 630" 
                    HPOS="383"
                    VPOS="630"
                    WIDTH="495"
                    HEIGHT="2">
	    <String CONTENT=""
                    HPOS="383"
                    VPOS="630"
                    WIDTH="495"
                    HEIGHT="2"></String>
          </TextLine>
        </TextBlock>
        <TextBlock HPOS="291"
                   VPOS="664"
                   WIDTH="631"
                   HEIGHT="216"
                   ID="region_1720169202135_853"
                   TAGREFS="BT3756">
          <Shape><Polygon POINTS="297 683 291 785 381 877 818 880 922 664"/></Shape>
          <TextLine ID="eSc_line_2bdafabc"
                    BASELINE="303 714 891 716" 
                    HPOS="303"
                    VPOS="714"
                    WIDTH="588"
                    HEIGHT="2">
	    <String CONTENT=""
                    HPOS="303"
                    VPOS="714"
                    WIDTH="588"
                    HEIGHT="2"></String>
          </TextLine>
          <TextLine ID="eSc_line_6271dafc"
                    BASELINE="301 764 865 757" 
                    HPOS="301"
                    VPOS="757"
                    WIDTH="564"
                    HEIGHT="7">
	    <String CONTENT=""
                    HPOS="301"
                    VPOS="757"
                    WIDTH="564"
                    HEIGHT="7"></String>
          </TextLine>
          <TextLine ID="eSc_line_4bb81b04"
                    BASELINE="344 809 827 806" 
                    HPOS="344"
                    VPOS="806"
                    WIDTH="483"
                    HEIGHT="3">
	    <String CONTENT=""
                    HPOS="344"
                    VPOS="806"
                    WIDTH="483"
                    HEIGHT="3"></String>
          </TextLine>
          <TextLine ID="eSc_line_eb2229df"
                    BASELINE="379 858 761 851" 
                    HPOS="379"
                    VPOS="851"
                    WIDTH="382"
                    HEIGHT="7">
	    <String CONTENT=""
                    HPOS="379"
                    VPOS="851"
                    WIDTH="382"
                    HEIGHT="7"></String>
          </TextLine>
        </TextBlock>
        <TextBlock HPOS="446"
                   VPOS="926"
                   WIDTH="426"
                   HEIGHT="58"
                   ID="region_1720169208646_856"
                   TAGREFS="BT3757">
          <Shape><Polygon POINTS="447 928 446 980 872 984 863 926"/></Shape>
          <TextLine ID="eSc_line_a7f5f03d"
                    BASELINE="458 968 857 970" 
                    HPOS="458"
                    VPOS="968"
                    WIDTH="399"
                    HEIGHT="2">
	    <String CONTENT=""
                    HPOS="458"
                    VPOS="968"
                    WIDTH="399"
                    HEIGHT="2"></String>
          </TextLine>
        </TextBlock>
        <TextBlock HPOS="309"
                   VPOS="1002"
                   WIDTH="72"
                   HEIGHT="79"
                   ID="region_1720169223248_859"
                   TAGREFS="BT3756">
          <Shape><Polygon POINTS="365 1061 365 1075 329 1081 309 1073 310 1039 313 1002 381 1007"/></Shape>
          <TextLine ID="eSc_line_d37441f6"
                    BASELINE="320 1061 783 1068" 
                    HPOS="320"
                    VPOS="1061"
                    WIDTH="463"
                    HEIGHT="7">
	    <String CONTENT=""
                    HPOS="320"
                    VPOS="1061"
                    WIDTH="463"
                    HEIGHT="7"></String>
          </TextLine>
        </TextBlock>
        <TextBlock HPOS="291"
                   VPOS="1020"
                   WIDTH="746"
                   HEIGHT="489"
                   ID="region_1720169248864_862"
                   TAGREFS="BT3756">
          <Shape><Polygon POINTS="384 1020 370 1055 372 1067 371 1079 365 1077 354 1079 335 1089 291 1152 293 1509 1037 1494 1014 1025"/></Shape>
          <TextLine ID="eSc_line_9dedd9c0"
                    BASELINE="341 1110 987 1102" 
                    HPOS="341"
                    VPOS="1102"
                    WIDTH="646"
                    HEIGHT="8">
	    <String CONTENT=""
                    HPOS="341"
                    VPOS="1102"
                    WIDTH="646"
                    HEIGHT="8"></String>
          </TextLine>
          <TextLine ID="eSc_line_ebbecd83"
                    BASELINE="306 1153 729 1154" 
                    HPOS="306"
                    VPOS="1153"
                    WIDTH="423"
                    HEIGHT="1">
	    <String CONTENT=""
                    HPOS="306"
                    VPOS="1153"
                    WIDTH="423"
                    HEIGHT="1"></String>
          </TextLine>
          <TextLine ID="eSc_line_10b45f2a"
                    BASELINE="338 1205 892 1198" 
                    HPOS="338"
                    VPOS="1198"
                    WIDTH="554"
                    HEIGHT="7">
	    <String CONTENT=""
                    HPOS="338"
                    VPOS="1198"
                    WIDTH="554"
                    HEIGHT="7"></String>
          </TextLine>
          <TextLine ID="eSc_line_79650522"
                    BASELINE="309 1249 742 1246" 
                    HPOS="309"
                    VPOS="1246"
                    WIDTH="433"
                    HEIGHT="3">
	    <String CONTENT=""
                    HPOS="309"
                    VPOS="1246"
                    WIDTH="433"
                    HEIGHT="3"></String>
          </TextLine>
          <TextLine ID="eSc_line_1d5c3324"
                    BASELINE="339 1293 1023 1288" 
                    HPOS="339"
                    VPOS="1288"
                    WIDTH="684"
                    HEIGHT="5">
	    <String CONTENT=""
                    HPOS="339"
                    VPOS="1288"
                    WIDTH="684"
                    HEIGHT="5"></String>
          </TextLine>
          <TextLine ID="eSc_line_706615ff"
                    BASELINE="312 1345 857 1338" 
                    HPOS="312"
                    VPOS="1338"
                    WIDTH="545"
                    HEIGHT="7">
	    <String CONTENT=""
                    HPOS="312"
                    VPOS="1338"
                    WIDTH="545"
                    HEIGHT="7"></String>
          </TextLine>
          <TextLine ID="eSc_line_2b65b5be"
                    BASELINE="332 1386 922 1383" 
                    HPOS="332"
                    VPOS="1383"
                    WIDTH="590"
                    HEIGHT="3">
	    <String CONTENT=""
                    HPOS="332"
                    VPOS="1383"
                    WIDTH="590"
                    HEIGHT="3"></String>
          </TextLine>
          <TextLine ID="eSc_line_a3dcb58e"
                    BASELINE="304 1435 743 1429" 
                    HPOS="304"
                    VPOS="1429"
                    WIDTH="439"
                    HEIGHT="6">
	    <String CONTENT=""
                    HPOS="304"
                    VPOS="1429"
                    WIDTH="439"
                    HEIGHT="6"></String>
          </TextLine>
          <TextLine ID="eSc_line_97e62a97"
                    BASELINE="345 1480 993 1466" 
                    HPOS="345"
                    VPOS="1466"
                    WIDTH="648"
                    HEIGHT="14">
	    <String CONTENT=""
                    HPOS="345"
                    VPOS="1466"
                    WIDTH="648"
                    HEIGHT="14"></String>
          </TextLine>
        </TextBlock>
      </PrintSpace>
    </Page>
  </Layout>
</alto>
