<?xml version="1.0" encoding="UTF-8"?>
<alto xmlns:xsi="http://www.w3.org/2001/XMLSchema-instance"
      xmlns="http://www.loc.gov/standards/alto/ns-v4#"
      xsi:schemaLocation="http://www.loc.gov/standards/alto/ns-v4# http://www.loc.gov/standards/alto/v4/alto-4-2.xsd">
  <Description>
    <MeasurementUnit>pixel</MeasurementUnit>
    <sourceImageInformation>
      <fileName>1793,_Saemmtliche_Poetische_Werke,_Schraembl,_Bd._4,_VD18_90245911_Seite_040_Bild_0001.jpg</fileName>
      <fileIdentifier>mets//SchraemblZeilenUnb.zip/1793,_Saemmtliche_Poetische_Werke,_Schraembl,_Bd._4,_VD18_90245911_Seite_040_Bild_0001.jpg</fileIdentifier>
    </sourceImageInformation>
  </Description>
  <Tags>
    <OtherTag ID="BT1" LABEL="Title" DESCRIPTION="block type Title"/><OtherTag ID="BT2" LABEL="Main" DESCRIPTION="block type Main"/><OtherTag ID="BT3" LABEL="Commentary" DESCRIPTION="block type Commentary"/><OtherTag ID="BT4" LABEL="Illustration" DESCRIPTION="block type Illustration"/><OtherTag ID="BT3755" LABEL="header" DESCRIPTION="block type header"/><OtherTag ID="BT3756" LABEL="paragraph" DESCRIPTION="block type paragraph"/><OtherTag ID="BT3757" LABEL="heading" DESCRIPTION="block type heading"/><OtherTag ID="BT3758" LABEL="footnote" DESCRIPTION="block type footnote"/><OtherTag ID="BT3759" LABEL="l-column" DESCRIPTION="block type l-column"/><OtherTag ID="BT3760" LABEL="r-column" DESCRIPTION="block type r-column"/><OtherTag ID="BT3761" LABEL="marginalia" DESCRIPTION="block type marginalia"/><OtherTag ID="BT4125" LABEL="drop-capital" DESCRIPTION="block type drop-capital"/><OtherTag ID="BT4126" LABEL="catch-word" DESCRIPTION="block type catch-word"/><OtherTag ID="BT4127" LABEL="page-number" DESCRIPTION="block type page-number"/><OtherTag ID="BT4128" LABEL="signature-mark" DESCRIPTION="block type signature-mark"/><OtherTag ID="BT4129" LABEL="poem_lg" DESCRIPTION="block type poem_lg"/><OtherTag ID="BT4130" LABEL="endnote" DESCRIPTION="block type endnote"/>
  </Tags>
  <Layout>
    <Page WIDTH="1065"
          HEIGHT="1842"
          PHYSICAL_IMG_NR="120"
          ID="eSc_dummypage_">
      <PrintSpace HPOS="0"
                  VPOS="0"
                  WIDTH="1065"
                  HEIGHT="1842">
        <TextBlock HPOS="97"
                   VPOS="269"
                   WIDTH="720"
                   HEIGHT="120"
                   ID="region_1720171069194_1013"
                   TAGREFS="BT3756">
          <Shape><Polygon POINTS="102 270 97 338 122 382 736 389 817 323 800 269"/></Shape>
          <TextLine ID="eSc_line_4f020d68"
                    BASELINE="115 321 786 321" 
                    HPOS="115"
                    VPOS="321"
                    WIDTH="671"
                    HEIGHT="0">
	    <String CONTENT=""
                    HPOS="115"
                    VPOS="321"
                    WIDTH="671"
                    HEIGHT="0"></String>
          </TextLine>
          <TextLine ID="eSc_line_401a313c"
                    BASELINE="369 364 517 366" 
                    HPOS="369"
                    VPOS="364"
                    WIDTH="148"
                    HEIGHT="2">
	    <String CONTENT=""
                    HPOS="369"
                    VPOS="364"
                    WIDTH="148"
                    HEIGHT="2"></String>
          </TextLine>
        </TextBlock>
        <TextBlock HPOS="130"
                   VPOS="413"
                   WIDTH="659"
                   HEIGHT="106"
                   ID="region_1720171075667_1016"
                   TAGREFS="BT3756">
          <Shape><Polygon POINTS="130 413 146 492 325 519 641 519 777 455 789 413"/></Shape>
          <TextLine ID="eSc_line_770c7d4f"
                    BASELINE="146 462 747 457" 
                    HPOS="146"
                    VPOS="457"
                    WIDTH="601"
                    HEIGHT="5">
	    <String CONTENT=""
                    HPOS="146"
                    VPOS="457"
                    WIDTH="601"
                    HEIGHT="5"></String>
          </TextLine>
          <TextLine ID="eSc_line_b7209079"
                    BASELINE="327 501 573 510" 
                    HPOS="327"
                    VPOS="501"
                    WIDTH="246"
                    HEIGHT="9">
	    <String CONTENT=""
                    HPOS="327"
                    VPOS="501"
                    WIDTH="246"
                    HEIGHT="9"></String>
          </TextLine>
        </TextBlock>
        <TextBlock HPOS="88"
                   VPOS="555"
                   WIDTH="724"
                   HEIGHT="294"
                   ID="region_1720171083942_1019"
                   TAGREFS="BT3756">
          <Shape><Polygon POINTS="88 560 98 832 643 849 803 805 812 555"/></Shape>
          <TextLine ID="eSc_line_865424a0"
                    BASELINE="102 602 790 598" 
                    HPOS="102"
                    VPOS="598"
                    WIDTH="688"
                    HEIGHT="4">
	    <String CONTENT=""
                    HPOS="102"
                    VPOS="598"
                    WIDTH="688"
                    HEIGHT="4"></String>
          </TextLine>
          <TextLine ID="eSc_line_5a3718af"
                    BASELINE="107 641 780 641" 
                    HPOS="107"
                    VPOS="641"
                    WIDTH="673"
                    HEIGHT="0">
	    <String CONTENT=""
                    HPOS="107"
                    VPOS="641"
                    WIDTH="673"
                    HEIGHT="0"></String>
          </TextLine>
          <TextLine ID="eSc_line_d3ac5fc0"
                    BASELINE="102 685 790 692" 
                    HPOS="102"
                    VPOS="685"
                    WIDTH="688"
                    HEIGHT="7">
	    <String CONTENT=""
                    HPOS="102"
                    VPOS="685"
                    WIDTH="688"
                    HEIGHT="7"></String>
          </TextLine>
          <TextLine ID="eSc_line_78b78c80"
                    BASELINE="107 734 777 736" 
                    HPOS="107"
                    VPOS="734"
                    WIDTH="670"
                    HEIGHT="2">
	    <String CONTENT=""
                    HPOS="107"
                    VPOS="734"
                    WIDTH="670"
                    HEIGHT="2"></String>
          </TextLine>
          <TextLine ID="eSc_line_da83ce12"
                    BASELINE="114 780 785 776" 
                    HPOS="114"
                    VPOS="776"
                    WIDTH="671"
                    HEIGHT="4">
	    <String CONTENT=""
                    HPOS="114"
                    VPOS="776"
                    WIDTH="671"
                    HEIGHT="4"></String>
          </TextLine>
          <TextLine ID="eSc_line_57f1c765"
                    BASELINE="107 821 595 829" 
                    HPOS="107"
                    VPOS="821"
                    WIDTH="488"
                    HEIGHT="8">
	    <String CONTENT=""
                    HPOS="107"
                    VPOS="821"
                    WIDTH="488"
                    HEIGHT="8"></String>
          </TextLine>
        </TextBlock>
        <TextBlock HPOS="688"
                   VPOS="162"
                   WIDTH="104"
                   HEIGHT="35"
                   ID="region_1720171060345_1010"
                   TAGREFS="BT3756">
          <Shape><Polygon POINTS="691 162 688 197 792 195 791 164"/></Shape>
          <TextLine ID="eSc_line_6ad16113"
                    BASELINE="701 192 784 188" 
                    HPOS="701"
                    VPOS="188"
                    WIDTH="83"
                    HEIGHT="4">
	    <String CONTENT=""
                    HPOS="701"
                    VPOS="188"
                    WIDTH="83"
                    HEIGHT="4"></String>
          </TextLine>
        </TextBlock>
        <TextBlock HPOS="81"
                   VPOS="871"
                   WIDTH="733"
                   HEIGHT="626"
                   ID="region_1720171091835_1022"
                   TAGREFS="BT3756">
          <Shape><Polygon POINTS="100 872 81 1473 799 1497 814 871"/></Shape>
          <TextLine ID="eSc_line_dcf3c483"
                    BASELINE="138 911 789 919" 
                    HPOS="138"
                    VPOS="911"
                    WIDTH="651"
                    HEIGHT="8">
	    <String CONTENT=""
                    HPOS="138"
                    VPOS="911"
                    WIDTH="651"
                    HEIGHT="8"></String>
          </TextLine>
          <TextLine ID="eSc_line_9826acc0"
                    BASELINE="112 957 797 970" 
                    HPOS="112"
                    VPOS="957"
                    WIDTH="685"
                    HEIGHT="13">
	    <String CONTENT=""
                    HPOS="112"
                    VPOS="957"
                    WIDTH="685"
                    HEIGHT="13"></String>
          </TextLine>
          <TextLine ID="eSc_line_e03a041c"
                    BASELINE="111 1005 781 1011" 
                    HPOS="111"
                    VPOS="1005"
                    WIDTH="670"
                    HEIGHT="6">
	    <String CONTENT=""
                    HPOS="111"
                    VPOS="1005"
                    WIDTH="670"
                    HEIGHT="6"></String>
          </TextLine>
          <TextLine ID="eSc_line_248ac4ec"
                    BASELINE="108 1045 789 1058" 
                    HPOS="108"
                    VPOS="1045"
                    WIDTH="681"
                    HEIGHT="13">
	    <String CONTENT=""
                    HPOS="108"
                    VPOS="1045"
                    WIDTH="681"
                    HEIGHT="13"></String>
          </TextLine>
          <TextLine ID="eSc_line_574d3d33"
                    BASELINE="110 1090 780 1107" 
                    HPOS="110"
                    VPOS="1090"
                    WIDTH="670"
                    HEIGHT="17">
	    <String CONTENT=""
                    HPOS="110"
                    VPOS="1090"
                    WIDTH="670"
                    HEIGHT="17"></String>
          </TextLine>
          <TextLine ID="eSc_line_cf9cab45"
                    BASELINE="107 1141 789 1150" 
                    HPOS="107"
                    VPOS="1141"
                    WIDTH="682"
                    HEIGHT="9">
	    <String CONTENT=""
                    HPOS="107"
                    VPOS="1141"
                    WIDTH="682"
                    HEIGHT="9"></String>
          </TextLine>
          <TextLine ID="eSc_line_576e8e26"
                    BASELINE="106 1180 786 1196" 
                    HPOS="106"
                    VPOS="1180"
                    WIDTH="680"
                    HEIGHT="16">
	    <String CONTENT=""
                    HPOS="106"
                    VPOS="1180"
                    WIDTH="680"
                    HEIGHT="16"></String>
          </TextLine>
          <TextLine ID="eSc_line_1dc480e9"
                    BASELINE="110 1228 782 1238" 
                    HPOS="110"
                    VPOS="1228"
                    WIDTH="672"
                    HEIGHT="10">
	    <String CONTENT=""
                    HPOS="110"
                    VPOS="1228"
                    WIDTH="672"
                    HEIGHT="10"></String>
          </TextLine>
          <TextLine ID="eSc_line_28c8c501"
                    BASELINE="104 1271 791 1283" 
                    HPOS="104"
                    VPOS="1271"
                    WIDTH="687"
                    HEIGHT="12">
	    <String CONTENT=""
                    HPOS="104"
                    VPOS="1271"
                    WIDTH="687"
                    HEIGHT="12"></String>
          </TextLine>
          <TextLine ID="eSc_line_c798319f"
                    BASELINE="104 1323 793 1327" 
                    HPOS="104"
                    VPOS="1323"
                    WIDTH="689"
                    HEIGHT="4">
	    <String CONTENT=""
                    HPOS="104"
                    VPOS="1323"
                    WIDTH="689"
                    HEIGHT="4"></String>
          </TextLine>
          <TextLine ID="eSc_line_d07592d8"
                    BASELINE="107 1372 797 1375" 
                    HPOS="107"
                    VPOS="1372"
                    WIDTH="690"
                    HEIGHT="3">
	    <String CONTENT=""
                    HPOS="107"
                    VPOS="1372"
                    WIDTH="690"
                    HEIGHT="3"></String>
          </TextLine>
          <TextLine ID="eSc_line_d977a0bb"
                    BASELINE="104 1406 780 1419" 
                    HPOS="104"
                    VPOS="1406"
                    WIDTH="676"
                    HEIGHT="13">
	    <String CONTENT=""
                    HPOS="104"
                    VPOS="1406"
                    WIDTH="676"
                    HEIGHT="13"></String>
          </TextLine>
          <TextLine ID="eSc_line_353558ab"
                    BASELINE="101 1457 782 1462" 
                    HPOS="101"
                    VPOS="1457"
                    WIDTH="681"
                    HEIGHT="5">
	    <String CONTENT=""
                    HPOS="101"
                    VPOS="1457"
                    WIDTH="681"
                    HEIGHT="5"></String>
          </TextLine>
        </TextBlock>
      </PrintSpace>
    </Page>
  </Layout>
</alto>
