<?xml version="1.0" encoding="UTF-8"?>
<alto xmlns:xsi="http://www.w3.org/2001/XMLSchema-instance"
      xmlns="http://www.loc.gov/standards/alto/ns-v4#"
      xsi:schemaLocation="http://www.loc.gov/standards/alto/ns-v4# http://www.loc.gov/standards/alto/v4/alto-4-2.xsd">
  <Description>
    <MeasurementUnit>pixel</MeasurementUnit>
    <sourceImageInformation>
      <fileName>1793,_Saemmtliche_Poetische_Werke,_Schraembl,_Bd._1,_VD18_90245881_Seite_270_Bild_0001.jpg</fileName>
      <fileIdentifier>mets//SchraemblZeilenUnb.zip/1793,_Saemmtliche_Poetische_Werke,_Schraembl,_Bd._1,_VD18_90245881_Seite_270_Bild_0001.jpg</fileIdentifier>
    </sourceImageInformation>
  </Description>
  <Tags>
    <OtherTag ID="BT1" LABEL="Title" DESCRIPTION="block type Title"/><OtherTag ID="BT2" LABEL="Main" DESCRIPTION="block type Main"/><OtherTag ID="BT3" LABEL="Commentary" DESCRIPTION="block type Commentary"/><OtherTag ID="BT4" LABEL="Illustration" DESCRIPTION="block type Illustration"/><OtherTag ID="BT3755" LABEL="header" DESCRIPTION="block type header"/><OtherTag ID="BT3756" LABEL="paragraph" DESCRIPTION="block type paragraph"/><OtherTag ID="BT3757" LABEL="heading" DESCRIPTION="block type heading"/><OtherTag ID="BT3758" LABEL="footnote" DESCRIPTION="block type footnote"/><OtherTag ID="BT3759" LABEL="l-column" DESCRIPTION="block type l-column"/><OtherTag ID="BT3760" LABEL="r-column" DESCRIPTION="block type r-column"/><OtherTag ID="BT3761" LABEL="marginalia" DESCRIPTION="block type marginalia"/><OtherTag ID="BT4125" LABEL="drop-capital" DESCRIPTION="block type drop-capital"/><OtherTag ID="BT4126" LABEL="catch-word" DESCRIPTION="block type catch-word"/><OtherTag ID="BT4127" LABEL="page-number" DESCRIPTION="block type page-number"/><OtherTag ID="BT4128" LABEL="signature-mark" DESCRIPTION="block type signature-mark"/><OtherTag ID="BT4129" LABEL="poem_lg" DESCRIPTION="block type poem_lg"/><OtherTag ID="BT4130" LABEL="endnote" DESCRIPTION="block type endnote"/>
  </Tags>
  <Layout>
    <Page WIDTH="1008"
          HEIGHT="1876"
          PHYSICAL_IMG_NR="104"
          ID="eSc_dummypage_">
      <PrintSpace HPOS="0"
                  VPOS="0"
                  WIDTH="1008"
                  HEIGHT="1876">
        <TextBlock HPOS="13"
                   VPOS="274"
                   WIDTH="696"
                   HEIGHT="498"
                   ID="region_1720024251459_274"
                   TAGREFS="BT3758">
          <Shape><Polygon POINTS="17 274 703 276 709 770 331 772 13 768"/></Shape>
          <TextLine ID="eSc_line_011692ce"
                    BASELINE="21 309 693 313" 
                    HPOS="21"
                    VPOS="309"
                    WIDTH="672"
                    HEIGHT="4">
	    <String CONTENT=""
                    HPOS="21"
                    VPOS="309"
                    WIDTH="672"
                    HEIGHT="4"></String>
          </TextLine>
          <TextLine ID="eSc_line_33ece99f"
                    BASELINE="23 355 696 360" 
                    HPOS="23"
                    VPOS="355"
                    WIDTH="673"
                    HEIGHT="5">
	    <String CONTENT=""
                    HPOS="23"
                    VPOS="355"
                    WIDTH="673"
                    HEIGHT="5"></String>
          </TextLine>
          <TextLine ID="eSc_line_15e8d6df"
                    BASELINE="20 399 691 406" 
                    HPOS="20"
                    VPOS="399"
                    WIDTH="671"
                    HEIGHT="7">
	    <String CONTENT=""
                    HPOS="20"
                    VPOS="399"
                    WIDTH="671"
                    HEIGHT="7"></String>
          </TextLine>
          <TextLine ID="eSc_line_d79a88a2"
                    BASELINE="24 441 688 454" 
                    HPOS="24"
                    VPOS="441"
                    WIDTH="664"
                    HEIGHT="13">
	    <String CONTENT=""
                    HPOS="24"
                    VPOS="441"
                    WIDTH="664"
                    HEIGHT="13"></String>
          </TextLine>
          <TextLine ID="eSc_line_855741d3"
                    BASELINE="21 490 688 498" 
                    HPOS="21"
                    VPOS="490"
                    WIDTH="667"
                    HEIGHT="8">
	    <String CONTENT=""
                    HPOS="21"
                    VPOS="490"
                    WIDTH="667"
                    HEIGHT="8"></String>
          </TextLine>
          <TextLine ID="eSc_line_f452bd7d"
                    BASELINE="23 534 693 545" 
                    HPOS="23"
                    VPOS="534"
                    WIDTH="670"
                    HEIGHT="11">
	    <String CONTENT=""
                    HPOS="23"
                    VPOS="534"
                    WIDTH="670"
                    HEIGHT="11"></String>
          </TextLine>
          <TextLine ID="eSc_line_9eb57538"
                    BASELINE="18 584 706 594" 
                    HPOS="18"
                    VPOS="584"
                    WIDTH="688"
                    HEIGHT="10">
	    <String CONTENT=""
                    HPOS="18"
                    VPOS="584"
                    WIDTH="688"
                    HEIGHT="10"></String>
          </TextLine>
          <TextLine ID="eSc_line_1c366294"
                    BASELINE="18 634 705 642" 
                    HPOS="18"
                    VPOS="634"
                    WIDTH="687"
                    HEIGHT="8">
	    <String CONTENT=""
                    HPOS="18"
                    VPOS="634"
                    WIDTH="687"
                    HEIGHT="8"></String>
          </TextLine>
          <TextLine ID="eSc_line_e157db89"
                    BASELINE="26 673 692 689" 
                    HPOS="26"
                    VPOS="673"
                    WIDTH="666"
                    HEIGHT="16">
	    <String CONTENT=""
                    HPOS="26"
                    VPOS="673"
                    WIDTH="666"
                    HEIGHT="16"></String>
          </TextLine>
          <TextLine ID="eSc_line_410c95d6"
                    BASELINE="18 726 696 730" 
                    HPOS="18"
                    VPOS="726"
                    WIDTH="678"
                    HEIGHT="4">
	    <String CONTENT=""
                    HPOS="18"
                    VPOS="726"
                    WIDTH="678"
                    HEIGHT="4"></String>
          </TextLine>
          <TextLine ID="eSc_line_dd58888c"
                    BASELINE="20 755 653 763" 
                    HPOS="20"
                    VPOS="755"
                    WIDTH="633"
                    HEIGHT="8">
	    <String CONTENT=""
                    HPOS="20"
                    VPOS="755"
                    WIDTH="633"
                    HEIGHT="8"></String>
          </TextLine>
        </TextBlock>
        <TextBlock HPOS="628"
                   VPOS="196"
                   WIDTH="69"
                   HEIGHT="39"
                   ID="region_1719230707245_309"
                   TAGREFS="BT3756">
          <Shape><Polygon POINTS="697 235 628 235 628 196 697 196"/></Shape>
          <TextLine ID="eSc_line_040a5f50"
                    BASELINE="632 222 688 225" 
                    HPOS="632"
                    VPOS="222"
                    WIDTH="56"
                    HEIGHT="3">
	    <String CONTENT=""
                    HPOS="632"
                    VPOS="222"
                    WIDTH="56"
                    HEIGHT="3"></String>
          </TextLine>
        </TextBlock>
        <TextBlock HPOS="15"
                   VPOS="773"
                   WIDTH="688"
                   HEIGHT="89"
                   ID="region_1720024261126_277"
                   TAGREFS="BT3758">
          <Shape><Polygon POINTS="15 862 30 773 696 780 703 862"/></Shape>
          <TextLine ID="eSc_line_6461f420"
                    BASELINE="43 805 694 810" 
                    HPOS="43"
                    VPOS="805"
                    WIDTH="651"
                    HEIGHT="5">
	    <String CONTENT=""
                    HPOS="43"
                    VPOS="805"
                    WIDTH="651"
                    HEIGHT="5"></String>
          </TextLine>
          <TextLine ID="eSc_line_fd4ae0ed"
                    BASELINE="27 846 140 846" 
                    HPOS="27"
                    VPOS="846"
                    WIDTH="113"
                    HEIGHT="0">
	    <String CONTENT=""
                    HPOS="27"
                    VPOS="846"
                    WIDTH="113"
                    HEIGHT="0"></String>
          </TextLine>
        </TextBlock>
        <TextBlock HPOS="13"
                   VPOS="865"
                   WIDTH="702"
                   HEIGHT="99"
                   ID="region_1720024270770_280"
                   TAGREFS="BT3758">
          <Shape><Polygon POINTS="43 865 702 872 715 964 13 944"/></Shape>
          <TextLine ID="eSc_line_1af612ab"
                    BASELINE="56 895 698 905" 
                    HPOS="56"
                    VPOS="895"
                    WIDTH="642"
                    HEIGHT="10">
	    <String CONTENT=""
                    HPOS="56"
                    VPOS="895"
                    WIDTH="642"
                    HEIGHT="10"></String>
          </TextLine>
          <TextLine ID="eSc_line_f6d03c39"
                    BASELINE="26 935 694 945" 
                    HPOS="26"
                    VPOS="935"
                    WIDTH="668"
                    HEIGHT="10">
	    <String CONTENT=""
                    HPOS="26"
                    VPOS="935"
                    WIDTH="668"
                    HEIGHT="10"></String>
          </TextLine>
        </TextBlock>
        <TextBlock HPOS="12"
                   VPOS="953"
                   WIDTH="700"
                   HEIGHT="466"
                   ID="region_1720024279602_283"
                   TAGREFS="BT3758">
          <Shape><Polygon POINTS="12 953 712 973 708 1419 14 1382"/></Shape>
          <TextLine ID="eSc_line_20ba2b7e"
                    BASELINE="41 987 554 999" 
                    HPOS="41"
                    VPOS="987"
                    WIDTH="513"
                    HEIGHT="12">
	    <String CONTENT=""
                    HPOS="41"
                    VPOS="987"
                    WIDTH="513"
                    HEIGHT="12"></String>
          </TextLine>
          <TextLine ID="eSc_line_8b26f226"
                    BASELINE="18 1040 698 1043" 
                    HPOS="18"
                    VPOS="1040"
                    WIDTH="680"
                    HEIGHT="3">
	    <String CONTENT=""
                    HPOS="18"
                    VPOS="1040"
                    WIDTH="680"
                    HEIGHT="3"></String>
          </TextLine>
          <TextLine ID="eSc_line_ed890343"
                    BASELINE="15 1121 677 1130" 
                    HPOS="15"
                    VPOS="1121"
                    WIDTH="662"
                    HEIGHT="9">
	    <String CONTENT=""
                    HPOS="15"
                    VPOS="1121"
                    WIDTH="662"
                    HEIGHT="9"></String>
          </TextLine>
          <TextLine ID="eSc_line_e5237293"
                    BASELINE="304 1085 533 1086" 
                    HPOS="304"
                    VPOS="1085"
                    WIDTH="229"
                    HEIGHT="1">
	    <String CONTENT=""
                    HPOS="304"
                    VPOS="1085"
                    WIDTH="229"
                    HEIGHT="1"></String>
          </TextLine>
          <TextLine ID="eSc_line_e9d7ed72"
                    BASELINE="20 1181 694 1180" 
                    HPOS="20"
                    VPOS="1180"
                    WIDTH="674"
                    HEIGHT="1">
	    <String CONTENT=""
                    HPOS="20"
                    VPOS="1180"
                    WIDTH="674"
                    HEIGHT="1"></String>
          </TextLine>
          <TextLine ID="eSc_line_57a9ec1c"
                    BASELINE="22 1246 660 1257" 
                    HPOS="22"
                    VPOS="1246"
                    WIDTH="638"
                    HEIGHT="11">
	    <String CONTENT=""
                    HPOS="22"
                    VPOS="1246"
                    WIDTH="638"
                    HEIGHT="11"></String>
          </TextLine>
          <TextLine ID="eSc_line_34244c38"
                    BASELINE="288 1222 371 1222" 
                    HPOS="288"
                    VPOS="1222"
                    WIDTH="83"
                    HEIGHT="0">
	    <String CONTENT=""
                    HPOS="288"
                    VPOS="1222"
                    WIDTH="83"
                    HEIGHT="0"></String>
          </TextLine>
          <TextLine ID="eSc_line_2762f771"
                    BASELINE="26 1290 689 1309" 
                    HPOS="26"
                    VPOS="1290"
                    WIDTH="663"
                    HEIGHT="19">
	    <String CONTENT=""
                    HPOS="26"
                    VPOS="1290"
                    WIDTH="663"
                    HEIGHT="19"></String>
          </TextLine>
          <TextLine ID="eSc_line_fd4f5fd9"
                    BASELINE="299 1347 442 1346" 
                    HPOS="299"
                    VPOS="1346"
                    WIDTH="143"
                    HEIGHT="1">
	    <String CONTENT=""
                    HPOS="299"
                    VPOS="1346"
                    WIDTH="143"
                    HEIGHT="1"></String>
          </TextLine>
          <TextLine ID="eSc_line_f604c296"
                    BASELINE="387 1386 689 1394" 
                    HPOS="387"
                    VPOS="1386"
                    WIDTH="302"
                    HEIGHT="8">
	    <String CONTENT=""
                    HPOS="387"
                    VPOS="1386"
                    WIDTH="302"
                    HEIGHT="8"></String>
          </TextLine>
        </TextBlock>
        <TextBlock HPOS="49"
                   VPOS="1413"
                   WIDTH="403"
                   HEIGHT="47"
                   ID="region_1720024283869_286"
                   TAGREFS="BT3758">
          <Shape><Polygon POINTS="49 1460 49 1413 451 1419 452 1455"/></Shape>
          <TextLine ID="eSc_line_8af0137a"
                    BASELINE="56 1433 446 1436" 
                    HPOS="56"
                    VPOS="1433"
                    WIDTH="390"
                    HEIGHT="3">
	    <String CONTENT=""
                    HPOS="56"
                    VPOS="1433"
                    WIDTH="390"
                    HEIGHT="3"></String>
          </TextLine>
        </TextBlock>
        <TextBlock HPOS="42"
                   VPOS="1464"
                   WIDTH="397"
                   HEIGHT="37"
                   ID="region_1720024288965_289"
                   TAGREFS="BT3758">
          <Shape><Polygon POINTS="439 1501 439 1466 42 1464 45 1498"/></Shape>
          <TextLine ID="eSc_line_e70393da"
                    BASELINE="47 1483 414 1487" 
                    HPOS="47"
                    VPOS="1483"
                    WIDTH="367"
                    HEIGHT="4">
	    <String CONTENT=""
                    HPOS="47"
                    VPOS="1483"
                    WIDTH="367"
                    HEIGHT="4"></String>
          </TextLine>
        </TextBlock>
      </PrintSpace>
    </Page>
  </Layout>
</alto>
