<?xml version="1.0" encoding="UTF-8"?>
<alto xmlns:xsi="http://www.w3.org/2001/XMLSchema-instance"
      xmlns="http://www.loc.gov/standards/alto/ns-v4#"
      xsi:schemaLocation="http://www.loc.gov/standards/alto/ns-v4# http://www.loc.gov/standards/alto/v4/alto-4-2.xsd">
  <Description>
    <MeasurementUnit>pixel</MeasurementUnit>
    <sourceImageInformation>
      <fileName>1793,_Saemmtliche_Poetische_Werke,_Schraembl,_Bd._4,_VD18_90245911_Seite_184_Bild_0001.jpg</fileName>
      <fileIdentifier>mets//SchraemblZeilenUnb.zip/1793,_Saemmtliche_Poetische_Werke,_Schraembl,_Bd._4,_VD18_90245911_Seite_184_Bild_0001.jpg</fileIdentifier>
    </sourceImageInformation>
  </Description>
  <Tags>
    <OtherTag ID="BT1" LABEL="Title" DESCRIPTION="block type Title"/><OtherTag ID="BT2" LABEL="Main" DESCRIPTION="block type Main"/><OtherTag ID="BT3" LABEL="Commentary" DESCRIPTION="block type Commentary"/><OtherTag ID="BT4" LABEL="Illustration" DESCRIPTION="block type Illustration"/><OtherTag ID="BT3755" LABEL="header" DESCRIPTION="block type header"/><OtherTag ID="BT3756" LABEL="paragraph" DESCRIPTION="block type paragraph"/><OtherTag ID="BT3757" LABEL="heading" DESCRIPTION="block type heading"/><OtherTag ID="BT3758" LABEL="footnote" DESCRIPTION="block type footnote"/><OtherTag ID="BT3759" LABEL="l-column" DESCRIPTION="block type l-column"/><OtherTag ID="BT3760" LABEL="r-column" DESCRIPTION="block type r-column"/><OtherTag ID="BT3761" LABEL="marginalia" DESCRIPTION="block type marginalia"/><OtherTag ID="BT4125" LABEL="drop-capital" DESCRIPTION="block type drop-capital"/><OtherTag ID="BT4126" LABEL="catch-word" DESCRIPTION="block type catch-word"/><OtherTag ID="BT4127" LABEL="page-number" DESCRIPTION="block type page-number"/><OtherTag ID="BT4128" LABEL="signature-mark" DESCRIPTION="block type signature-mark"/><OtherTag ID="BT4129" LABEL="poem_lg" DESCRIPTION="block type poem_lg"/><OtherTag ID="BT4130" LABEL="endnote" DESCRIPTION="block type endnote"/>
  </Tags>
  <Layout>
    <Page WIDTH="1065"
          HEIGHT="1842"
          PHYSICAL_IMG_NR="125"
          ID="eSc_dummypage_">
      <PrintSpace HPOS="0"
                  VPOS="0"
                  WIDTH="1065"
                  HEIGHT="1842">
        <TextBlock HPOS="60"
                   VPOS="249"
                   WIDTH="712"
                   HEIGHT="838"
                   ID="region_1720169047966_816"
                   TAGREFS="BT3756">
          <Shape><Polygon POINTS="68 255 298 249 559 261 752 295 772 1087 60 1080"/></Shape>
          <TextLine ID="eSc_line_777f4c6a"
                    BASELINE="74 291 548 287" 
                    HPOS="74"
                    VPOS="287"
                    WIDTH="474"
                    HEIGHT="4">
	    <String CONTENT=""
                    HPOS="74"
                    VPOS="287"
                    WIDTH="474"
                    HEIGHT="4"></String>
          </TextLine>
          <TextLine ID="eSc_line_c9d07420"
                    BASELINE="106 332 721 331" 
                    HPOS="106"
                    VPOS="331"
                    WIDTH="615"
                    HEIGHT="1">
	    <String CONTENT=""
                    HPOS="106"
                    VPOS="331"
                    WIDTH="615"
                    HEIGHT="1"></String>
          </TextLine>
          <TextLine ID="eSc_line_a6a9fea7"
                    BASELINE="82 375 526 377" 
                    HPOS="82"
                    VPOS="375"
                    WIDTH="444"
                    HEIGHT="2">
	    <String CONTENT=""
                    HPOS="82"
                    VPOS="375"
                    WIDTH="444"
                    HEIGHT="2"></String>
          </TextLine>
          <TextLine ID="eSc_line_1c08cea4"
                    BASELINE="106 432 680 419" 
                    HPOS="106"
                    VPOS="419"
                    WIDTH="574"
                    HEIGHT="13">
	    <String CONTENT=""
                    HPOS="106"
                    VPOS="419"
                    WIDTH="574"
                    HEIGHT="13"></String>
          </TextLine>
          <TextLine ID="eSc_line_22e19248"
                    BASELINE="78 472 523 470" 
                    HPOS="78"
                    VPOS="470"
                    WIDTH="445"
                    HEIGHT="2">
	    <String CONTENT=""
                    HPOS="78"
                    VPOS="470"
                    WIDTH="445"
                    HEIGHT="2"></String>
          </TextLine>
          <TextLine ID="eSc_line_e3c00a35"
                    BASELINE="109 513 682 516" 
                    HPOS="109"
                    VPOS="513"
                    WIDTH="573"
                    HEIGHT="3">
	    <String CONTENT=""
                    HPOS="109"
                    VPOS="513"
                    WIDTH="573"
                    HEIGHT="3"></String>
          </TextLine>
          <TextLine ID="eSc_line_fc43628f"
                    BASELINE="73 560 471 561" 
                    HPOS="73"
                    VPOS="560"
                    WIDTH="398"
                    HEIGHT="1">
	    <String CONTENT=""
                    HPOS="73"
                    VPOS="560"
                    WIDTH="398"
                    HEIGHT="1"></String>
          </TextLine>
          <TextLine ID="eSc_line_34251fb3"
                    BASELINE="111 601 645 607" 
                    HPOS="111"
                    VPOS="601"
                    WIDTH="534"
                    HEIGHT="6">
	    <String CONTENT=""
                    HPOS="111"
                    VPOS="601"
                    WIDTH="534"
                    HEIGHT="6"></String>
          </TextLine>
          <TextLine ID="eSc_line_83c4b354"
                    BASELINE="74 652 469 656" 
                    HPOS="74"
                    VPOS="652"
                    WIDTH="395"
                    HEIGHT="4">
	    <String CONTENT=""
                    HPOS="74"
                    VPOS="652"
                    WIDTH="395"
                    HEIGHT="4"></String>
          </TextLine>
          <TextLine ID="eSc_line_537992a4"
                    BASELINE="116 697 704 703" 
                    HPOS="116"
                    VPOS="697"
                    WIDTH="588"
                    HEIGHT="6">
	    <String CONTENT=""
                    HPOS="116"
                    VPOS="697"
                    WIDTH="588"
                    HEIGHT="6"></String>
          </TextLine>
          <TextLine ID="eSc_line_eaffd953"
                    BASELINE="76 747 471 751" 
                    HPOS="76"
                    VPOS="747"
                    WIDTH="395"
                    HEIGHT="4">
	    <String CONTENT=""
                    HPOS="76"
                    VPOS="747"
                    WIDTH="395"
                    HEIGHT="4"></String>
          </TextLine>
          <TextLine ID="eSc_line_2994bbf1"
                    BASELINE="112 788 680 788" 
                    HPOS="112"
                    VPOS="788"
                    WIDTH="568"
                    HEIGHT="0">
	    <String CONTENT=""
                    HPOS="112"
                    VPOS="788"
                    WIDTH="568"
                    HEIGHT="0"></String>
          </TextLine>
          <TextLine ID="eSc_line_0271e6a8"
                    BASELINE="77 835 559 838" 
                    HPOS="77"
                    VPOS="835"
                    WIDTH="482"
                    HEIGHT="3">
	    <String CONTENT=""
                    HPOS="77"
                    VPOS="835"
                    WIDTH="482"
                    HEIGHT="3"></String>
          </TextLine>
          <TextLine ID="eSc_line_1e540d45"
                    BASELINE="107 885 651 881" 
                    HPOS="107"
                    VPOS="881"
                    WIDTH="544"
                    HEIGHT="4">
	    <String CONTENT=""
                    HPOS="107"
                    VPOS="881"
                    WIDTH="544"
                    HEIGHT="4"></String>
          </TextLine>
          <TextLine ID="eSc_line_8f0fa845"
                    BASELINE="75 927 494 929" 
                    HPOS="75"
                    VPOS="927"
                    WIDTH="419"
                    HEIGHT="2">
	    <String CONTENT=""
                    HPOS="75"
                    VPOS="927"
                    WIDTH="419"
                    HEIGHT="2"></String>
          </TextLine>
          <TextLine ID="eSc_line_d4001f8b"
                    BASELINE="109 974 708 973" 
                    HPOS="109"
                    VPOS="973"
                    WIDTH="599"
                    HEIGHT="1">
	    <String CONTENT=""
                    HPOS="109"
                    VPOS="973"
                    WIDTH="599"
                    HEIGHT="1"></String>
          </TextLine>
          <TextLine ID="eSc_line_f4824235"
                    BASELINE="82 1024 469 1019" 
                    HPOS="82"
                    VPOS="1019"
                    WIDTH="387"
                    HEIGHT="5">
	    <String CONTENT=""
                    HPOS="82"
                    VPOS="1019"
                    WIDTH="387"
                    HEIGHT="5"></String>
          </TextLine>
          <TextLine ID="eSc_line_1b7eda8b"
                    BASELINE="105 1066 755 1067" 
                    HPOS="105"
                    VPOS="1066"
                    WIDTH="650"
                    HEIGHT="1">
	    <String CONTENT=""
                    HPOS="105"
                    VPOS="1066"
                    WIDTH="650"
                    HEIGHT="1"></String>
          </TextLine>
        </TextBlock>
        <TextBlock HPOS="694"
                   VPOS="169"
                   WIDTH="66"
                   HEIGHT="39"
                   ID="region_1720169027839_813"
                   TAGREFS="BT3756">
          <Shape><Polygon POINTS="694 169 694 202 749 208 760 170"/></Shape>
          <TextLine ID="eSc_line_bb9cbef1"
                    BASELINE="696 198 749 198" 
                    HPOS="696"
                    VPOS="198"
                    WIDTH="53"
                    HEIGHT="0">
	    <String CONTENT=""
                    HPOS="696"
                    VPOS="198"
                    WIDTH="53"
                    HEIGHT="0"></String>
          </TextLine>
        </TextBlock>
        <TextBlock HPOS="62"
                   VPOS="1118"
                   WIDTH="711"
                   HEIGHT="242"
                   ID="region_1720169069436_822"
                   TAGREFS="BT3758">
          <Shape><Polygon POINTS="67 1130 62 1350 773 1360 769 1118 110 1123"/></Shape>
          <TextLine ID="eSc_line_1e94705b"
                    BASELINE="98 1153 757 1160" 
                    HPOS="98"
                    VPOS="1153"
                    WIDTH="659"
                    HEIGHT="7">
	    <String CONTENT=""
                    HPOS="98"
                    VPOS="1153"
                    WIDTH="659"
                    HEIGHT="7"></String>
          </TextLine>
          <TextLine ID="eSc_line_c65546f3"
                    BASELINE="72 1187 757 1193" 
                    HPOS="72"
                    VPOS="1187"
                    WIDTH="685"
                    HEIGHT="6">
	    <String CONTENT=""
                    HPOS="72"
                    VPOS="1187"
                    WIDTH="685"
                    HEIGHT="6"></String>
          </TextLine>
          <TextLine ID="eSc_line_0aee45a5"
                    BASELINE="79 1240 762 1235" 
                    HPOS="79"
                    VPOS="1235"
                    WIDTH="683"
                    HEIGHT="5">
	    <String CONTENT=""
                    HPOS="79"
                    VPOS="1235"
                    WIDTH="683"
                    HEIGHT="5"></String>
          </TextLine>
          <TextLine ID="eSc_line_3717db94"
                    BASELINE="75 1270 750 1274" 
                    HPOS="75"
                    VPOS="1270"
                    WIDTH="675"
                    HEIGHT="4">
	    <String CONTENT=""
                    HPOS="75"
                    VPOS="1270"
                    WIDTH="675"
                    HEIGHT="4"></String>
          </TextLine>
          <TextLine ID="eSc_line_a9fef3da"
                    BASELINE="69 1308 747 1316" 
                    HPOS="69"
                    VPOS="1308"
                    WIDTH="678"
                    HEIGHT="8">
	    <String CONTENT=""
                    HPOS="69"
                    VPOS="1308"
                    WIDTH="678"
                    HEIGHT="8"></String>
          </TextLine>
          <TextLine ID="eSc_line_3b703f7a"
                    BASELINE="77 1341 703 1349" 
                    HPOS="77"
                    VPOS="1341"
                    WIDTH="626"
                    HEIGHT="8">
	    <String CONTENT=""
                    HPOS="77"
                    VPOS="1341"
                    WIDTH="626"
                    HEIGHT="8"></String>
          </TextLine>
        </TextBlock>
      </PrintSpace>
    </Page>
  </Layout>
</alto>
