<?xml version="1.0" encoding="UTF-8"?>
<alto xmlns:xsi="http://www.w3.org/2001/XMLSchema-instance"
      xmlns="http://www.loc.gov/standards/alto/ns-v4#"
      xsi:schemaLocation="http://www.loc.gov/standards/alto/ns-v4# http://www.loc.gov/standards/alto/v4/alto-4-2.xsd">
  <Description>
    <MeasurementUnit>pixel</MeasurementUnit>
    <sourceImageInformation>
      <fileName>1793,_Saemmtliche_Poetische_Werke,_Schraembl,_Bd._3,_VD18_90245903_Seite_187_Bild_0001.jpg</fileName>
      <fileIdentifier>mets//SchraemblZeilenUnb.zip/1793,_Saemmtliche_Poetische_Werke,_Schraembl,_Bd._3,_VD18_90245903_Seite_187_Bild_0001.jpg</fileIdentifier>
    </sourceImageInformation>
  </Description>
  <Tags>
    <OtherTag ID="BT1" LABEL="Title" DESCRIPTION="block type Title"/><OtherTag ID="BT2" LABEL="Main" DESCRIPTION="block type Main"/><OtherTag ID="BT3" LABEL="Commentary" DESCRIPTION="block type Commentary"/><OtherTag ID="BT4" LABEL="Illustration" DESCRIPTION="block type Illustration"/><OtherTag ID="BT3755" LABEL="header" DESCRIPTION="block type header"/><OtherTag ID="BT3756" LABEL="paragraph" DESCRIPTION="block type paragraph"/><OtherTag ID="BT3757" LABEL="heading" DESCRIPTION="block type heading"/><OtherTag ID="BT3758" LABEL="footnote" DESCRIPTION="block type footnote"/><OtherTag ID="BT3759" LABEL="l-column" DESCRIPTION="block type l-column"/><OtherTag ID="BT3760" LABEL="r-column" DESCRIPTION="block type r-column"/><OtherTag ID="BT3761" LABEL="marginalia" DESCRIPTION="block type marginalia"/><OtherTag ID="BT4125" LABEL="drop-capital" DESCRIPTION="block type drop-capital"/><OtherTag ID="BT4126" LABEL="catch-word" DESCRIPTION="block type catch-word"/><OtherTag ID="BT4127" LABEL="page-number" DESCRIPTION="block type page-number"/><OtherTag ID="BT4128" LABEL="signature-mark" DESCRIPTION="block type signature-mark"/><OtherTag ID="BT4129" LABEL="poem_lg" DESCRIPTION="block type poem_lg"/><OtherTag ID="BT4130" LABEL="endnote" DESCRIPTION="block type endnote"/>
  </Tags>
  <Layout>
    <Page WIDTH="1060"
          HEIGHT="1900"
          PHYSICAL_IMG_NR="112"
          ID="eSc_dummypage_">
      <PrintSpace HPOS="0"
                  VPOS="0"
                  WIDTH="1060"
                  HEIGHT="1900">
        <TextBlock HPOS="267"
                   VPOS="184"
                   WIDTH="76"
                   HEIGHT="37"
                   ID="region_1718563276135_888"
                   TAGREFS="BT3756">
          <Shape><Polygon POINTS="343 221 267 221 267 184 343 184"/></Shape>
          <TextLine ID="eSc_line_f5e395ce"
                    BASELINE="274 217 341 215" 
                    HPOS="274"
                    VPOS="215"
                    WIDTH="67"
                    HEIGHT="2">
	    <String CONTENT=""
                    HPOS="274"
                    VPOS="215"
                    WIDTH="67"
                    HEIGHT="2"></String>
          </TextLine>
        </TextBlock>
        <TextBlock HPOS="331"
                   VPOS="398"
                   WIDTH="571"
                   HEIGHT="58"
                   ID="region_1718563341744_906"
                   TAGREFS="BT3757">
          <Shape><Polygon POINTS="331 456 902 456 902 398 331 398"/></Shape>
          <TextLine ID="eSc_line_902c0812"
                    BASELINE="341 445 894 444" 
                    HPOS="341"
                    VPOS="444"
                    WIDTH="553"
                    HEIGHT="1">
	    <String CONTENT=""
                    HPOS="341"
                    VPOS="444"
                    WIDTH="553"
                    HEIGHT="1"></String>
          </TextLine>
        </TextBlock>
        <TextBlock HPOS="305"
                   VPOS="543"
                   WIDTH="636"
                   HEIGHT="142"
                   ID="region_1718563347656_909"
                   TAGREFS="BT3756">
          <Shape><Polygon POINTS="305 685 941 685 941 543 305 543"/></Shape>
          <TextLine ID="eSc_line_e602a6f4"
                    BASELINE="323 584 851 587" 
                    HPOS="323"
                    VPOS="584"
                    WIDTH="528"
                    HEIGHT="3">
	    <String CONTENT=""
                    HPOS="323"
                    VPOS="584"
                    WIDTH="528"
                    HEIGHT="3"></String>
          </TextLine>
          <TextLine ID="eSc_line_bed74836"
                    BASELINE="327 630 732 622" 
                    HPOS="327"
                    VPOS="622"
                    WIDTH="405"
                    HEIGHT="8">
	    <String CONTENT=""
                    HPOS="327"
                    VPOS="622"
                    WIDTH="405"
                    HEIGHT="8"></String>
          </TextLine>
          <TextLine ID="eSc_line_a35b9c10"
                    BASELINE="517 674 915 677" 
                    HPOS="517"
                    VPOS="674"
                    WIDTH="398"
                    HEIGHT="3">
	    <String CONTENT=""
                    HPOS="517"
                    VPOS="674"
                    WIDTH="398"
                    HEIGHT="3"></String>
          </TextLine>
        </TextBlock>
        <TextBlock HPOS="308"
                   VPOS="763"
                   WIDTH="60"
                   HEIGHT="58"
                   ID="region_1718563374376_912"
                   TAGREFS="BT3756">
          <Shape><Polygon POINTS="308 763 368 763 365 814 308 821"/></Shape>
          <TextLine ID="eSc_line_b867ced3"
                    BASELINE="310 814 963 816" 
                    HPOS="310"
                    VPOS="814"
                    WIDTH="653"
                    HEIGHT="2">
	    <String CONTENT=""
                    HPOS="310"
                    VPOS="814"
                    WIDTH="653"
                    HEIGHT="2"></String>
          </TextLine>
        </TextBlock>
        <TextBlock HPOS="260"
                   VPOS="777"
                   WIDTH="724"
                   HEIGHT="699"
                   ID="region_1718563395704_915"
                   TAGREFS="BT3756">
          <Shape><Polygon POINTS="270 828 260 1467 976 1476 984 777 372 782 368 800 370 823"/></Shape>
          <TextLine ID="eSc_line_811710ac"
                    BASELINE="272 909 961 907" 
                    HPOS="272"
                    VPOS="907"
                    WIDTH="689"
                    HEIGHT="2">
	    <String CONTENT=""
                    HPOS="272"
                    VPOS="907"
                    WIDTH="689"
                    HEIGHT="2"></String>
          </TextLine>
          <TextLine ID="eSc_line_08eff052"
                    BASELINE="564 861 871 862" 
                    HPOS="564"
                    VPOS="861"
                    WIDTH="307"
                    HEIGHT="1">
	    <String CONTENT=""
                    HPOS="564"
                    VPOS="861"
                    WIDTH="307"
                    HEIGHT="1"></String>
          </TextLine>
          <TextLine ID="eSc_line_4bd2973c"
                    BASELINE="280 1001 960 1001" 
                    HPOS="280"
                    VPOS="1001"
                    WIDTH="680"
                    HEIGHT="0">
	    <String CONTENT=""
                    HPOS="280"
                    VPOS="1001"
                    WIDTH="680"
                    HEIGHT="0"></String>
          </TextLine>
          <TextLine ID="eSc_line_bc587532"
                    BASELINE="562 950 725 953" 
                    HPOS="562"
                    VPOS="950"
                    WIDTH="163"
                    HEIGHT="3">
	    <String CONTENT=""
                    HPOS="562"
                    VPOS="950"
                    WIDTH="163"
                    HEIGHT="3"></String>
          </TextLine>
          <TextLine ID="eSc_line_77796316"
                    BASELINE="274 1095 963 1087" 
                    HPOS="274"
                    VPOS="1087"
                    WIDTH="689"
                    HEIGHT="8">
	    <String CONTENT=""
                    HPOS="274"
                    VPOS="1087"
                    WIDTH="689"
                    HEIGHT="8"></String>
          </TextLine>
          <TextLine ID="eSc_line_525dd134"
                    BASELINE="558 1045 900 1047" 
                    HPOS="558"
                    VPOS="1045"
                    WIDTH="342"
                    HEIGHT="2">
	    <String CONTENT=""
                    HPOS="558"
                    VPOS="1045"
                    WIDTH="342"
                    HEIGHT="2"></String>
          </TextLine>
          <TextLine ID="eSc_line_f78b1298"
                    BASELINE="277 1187 964 1182" 
                    HPOS="277"
                    VPOS="1182"
                    WIDTH="687"
                    HEIGHT="5">
	    <String CONTENT=""
                    HPOS="277"
                    VPOS="1182"
                    WIDTH="687"
                    HEIGHT="5"></String>
          </TextLine>
          <TextLine ID="eSc_line_d1e3558d"
                    BASELINE="563 1135 755 1140" 
                    HPOS="563"
                    VPOS="1135"
                    WIDTH="192"
                    HEIGHT="5">
	    <String CONTENT=""
                    HPOS="563"
                    VPOS="1135"
                    WIDTH="192"
                    HEIGHT="5"></String>
          </TextLine>
          <TextLine ID="eSc_line_04b8235b"
                    BASELINE="272 1279 967 1271" 
                    HPOS="272"
                    VPOS="1271"
                    WIDTH="695"
                    HEIGHT="8">
	    <String CONTENT=""
                    HPOS="272"
                    VPOS="1271"
                    WIDTH="695"
                    HEIGHT="8"></String>
          </TextLine>
          <TextLine ID="eSc_line_8102ddd8"
                    BASELINE="562 1230 796 1228" 
                    HPOS="562"
                    VPOS="1228"
                    WIDTH="234"
                    HEIGHT="2">
	    <String CONTENT=""
                    HPOS="562"
                    VPOS="1228"
                    WIDTH="234"
                    HEIGHT="2"></String>
          </TextLine>
          <TextLine ID="eSc_line_8f29084b"
                    BASELINE="277 1366 937 1364" 
                    HPOS="277"
                    VPOS="1364"
                    WIDTH="660"
                    HEIGHT="2">
	    <String CONTENT=""
                    HPOS="277"
                    VPOS="1364"
                    WIDTH="660"
                    HEIGHT="2"></String>
          </TextLine>
          <TextLine ID="eSc_line_887cb9ea"
                    BASELINE="562 1321 676 1320" 
                    HPOS="562"
                    VPOS="1320"
                    WIDTH="114"
                    HEIGHT="1">
	    <String CONTENT=""
                    HPOS="562"
                    VPOS="1320"
                    WIDTH="114"
                    HEIGHT="1"></String>
          </TextLine>
          <TextLine ID="eSc_line_44319ad7"
                    BASELINE="279 1416 959 1410" 
                    HPOS="279"
                    VPOS="1410"
                    WIDTH="680"
                    HEIGHT="6">
	    <String CONTENT=""
                    HPOS="279"
                    VPOS="1410"
                    WIDTH="680"
                    HEIGHT="6"></String>
          </TextLine>
          <TextLine ID="eSc_line_25286436"
                    BASELINE="557 1459 892 1458" 
                    HPOS="557"
                    VPOS="1458"
                    WIDTH="335"
                    HEIGHT="1">
	    <String CONTENT=""
                    HPOS="557"
                    VPOS="1458"
                    WIDTH="335"
                    HEIGHT="1"></String>
          </TextLine>
        </TextBlock>
      </PrintSpace>
    </Page>
  </Layout>
</alto>
