<?xml version="1.0" encoding="UTF-8"?>
<alto xmlns:xsi="http://www.w3.org/2001/XMLSchema-instance"
      xmlns="http://www.loc.gov/standards/alto/ns-v4#"
      xsi:schemaLocation="http://www.loc.gov/standards/alto/ns-v4# http://www.loc.gov/standards/alto/v4/alto-4-2.xsd">
  <Description>
    <MeasurementUnit>pixel</MeasurementUnit>
    <sourceImageInformation>
      <fileName>1793,_Saemmtliche_Poetische_Werke,_Schraembl,_Bd._2,_VD18_9024589X_Seite_049_Bild_0001.jpg</fileName>
      <fileIdentifier>mets//SchraemblZeilenUnb.zip/1793,_Saemmtliche_Poetische_Werke,_Schraembl,_Bd._2,_VD18_9024589X_Seite_049_Bild_0001.jpg</fileIdentifier>
    </sourceImageInformation>
  </Description>
  <Tags>
    <OtherTag ID="BT1" LABEL="Title" DESCRIPTION="block type Title"/><OtherTag ID="BT2" LABEL="Main" DESCRIPTION="block type Main"/><OtherTag ID="BT3" LABEL="Commentary" DESCRIPTION="block type Commentary"/><OtherTag ID="BT4" LABEL="Illustration" DESCRIPTION="block type Illustration"/><OtherTag ID="BT3755" LABEL="header" DESCRIPTION="block type header"/><OtherTag ID="BT3756" LABEL="paragraph" DESCRIPTION="block type paragraph"/><OtherTag ID="BT3757" LABEL="heading" DESCRIPTION="block type heading"/><OtherTag ID="BT3758" LABEL="footnote" DESCRIPTION="block type footnote"/><OtherTag ID="BT3759" LABEL="l-column" DESCRIPTION="block type l-column"/><OtherTag ID="BT3760" LABEL="r-column" DESCRIPTION="block type r-column"/><OtherTag ID="BT3761" LABEL="marginalia" DESCRIPTION="block type marginalia"/><OtherTag ID="BT4125" LABEL="drop-capital" DESCRIPTION="block type drop-capital"/><OtherTag ID="BT4126" LABEL="catch-word" DESCRIPTION="block type catch-word"/><OtherTag ID="BT4127" LABEL="page-number" DESCRIPTION="block type page-number"/><OtherTag ID="BT4128" LABEL="signature-mark" DESCRIPTION="block type signature-mark"/><OtherTag ID="BT4129" LABEL="poem_lg" DESCRIPTION="block type poem_lg"/><OtherTag ID="BT4130" LABEL="endnote" DESCRIPTION="block type endnote"/>
  </Tags>
  <Layout>
    <Page WIDTH="1096"
          HEIGHT="1912"
          PHYSICAL_IMG_NR="105"
          ID="eSc_dummypage_">
      <PrintSpace HPOS="0"
                  VPOS="0"
                  WIDTH="1096"
                  HEIGHT="1912">
        <TextBlock HPOS="278"
                   VPOS="188"
                   WIDTH="67"
                   HEIGHT="41"
                   ID="region_1718559266639_389"
                   TAGREFS="BT3756">
          <Shape><Polygon POINTS="278 229 345 229 345 188 278 188"/></Shape>
          <TextLine ID="eSc_line_dde01c70"
                    BASELINE="294 225 339 225" 
                    HPOS="294"
                    VPOS="225"
                    WIDTH="45"
                    HEIGHT="0">
	    <String CONTENT=""
                    HPOS="294"
                    VPOS="225"
                    WIDTH="45"
                    HEIGHT="0"></String>
          </TextLine>
        </TextBlock>
        <TextBlock HPOS="365"
                   VPOS="360"
                   WIDTH="550"
                   HEIGHT="250"
                   ID="region_1718559287904_395"
                   TAGREFS="BT3757">
          <Shape><Polygon POINTS="365 610 915 610 915 360 365 360"/></Shape>
          <TextLine ID="eSc_line_c2d7ca08"
                    BASELINE="425 405 860 412" 
                    HPOS="425"
                    VPOS="405"
                    WIDTH="435"
                    HEIGHT="7">
	    <String CONTENT=""
                    HPOS="425"
                    VPOS="405"
                    WIDTH="435"
                    HEIGHT="7"></String>
          </TextLine>
          <TextLine ID="eSc_line_24d56668"
                    BASELINE="523 504 741 507" 
                    HPOS="523"
                    VPOS="504"
                    WIDTH="218"
                    HEIGHT="3">
	    <String CONTENT=""
                    HPOS="523"
                    VPOS="504"
                    WIDTH="218"
                    HEIGHT="3"></String>
          </TextLine>
          <TextLine ID="eSc_line_d1a50ce8"
                    BASELINE="380 596 901 598" 
                    HPOS="380"
                    VPOS="596"
                    WIDTH="521"
                    HEIGHT="2">
	    <String CONTENT=""
                    HPOS="380"
                    VPOS="596"
                    WIDTH="521"
                    HEIGHT="2"></String>
          </TextLine>
        </TextBlock>
        <TextBlock HPOS="282"
                   VPOS="692"
                   WIDTH="715"
                   HEIGHT="91"
                   ID="region_1718559302264_398"
                   TAGREFS="BT3756">
          <Shape><Polygon POINTS="282 774 997 783 994 692 282 692"/></Shape>
          <TextLine ID="eSc_line_a87e2ab7"
                    BASELINE="293 731 986 739" 
                    HPOS="293"
                    VPOS="731"
                    WIDTH="693"
                    HEIGHT="8">
	    <String CONTENT=""
                    HPOS="293"
                    VPOS="731"
                    WIDTH="693"
                    HEIGHT="8"></String>
          </TextLine>
          <TextLine ID="eSc_line_c180fe1a"
                    BASELINE="685 773 941 774" 
                    HPOS="685"
                    VPOS="773"
                    WIDTH="256"
                    HEIGHT="1">
	    <String CONTENT=""
                    HPOS="685"
                    VPOS="773"
                    WIDTH="256"
                    HEIGHT="1"></String>
          </TextLine>
        </TextBlock>
        <TextBlock HPOS="299"
                   VPOS="846"
                   WIDTH="79"
                   HEIGHT="80"
                   ID="TextRegion_1720024787749_385"
                   TAGREFS="BT3756">
          <Shape><Polygon POINTS="327 846 378 850 372 926 299 913"/></Shape>
          <TextLine ID="eSc_line_16e50a3f"
                    BASELINE="325 912 980 920" 
                    HPOS="325"
                    VPOS="912"
                    WIDTH="655"
                    HEIGHT="8">
	    <String CONTENT=""
                    HPOS="325"
                    VPOS="912"
                    WIDTH="655"
                    HEIGHT="8"></String>
          </TextLine>
        </TextBlock>
        <TextBlock HPOS="245"
                   VPOS="840"
                   WIDTH="763"
                   HEIGHT="406"
                   ID="TextRegion_1720024787749_384"
                   TAGREFS="BT3756">
          <Shape><Polygon POINTS="388 840 1008 842 1008 1246 245 1246 264 927 373 927"/></Shape>
          <TextLine ID="eSc_line_d7ed935f"
                    BASELINE="479 967 729 965" 
                    HPOS="479"
                    VPOS="965"
                    WIDTH="250"
                    HEIGHT="2">
	    <String CONTENT=""
                    HPOS="479"
                    VPOS="965"
                    WIDTH="250"
                    HEIGHT="2"></String>
          </TextLine>
          <TextLine ID="eSc_line_65970a81"
                    BASELINE="288 1008 976 1011" 
                    HPOS="288"
                    VPOS="1008"
                    WIDTH="688"
                    HEIGHT="3">
	    <String CONTENT=""
                    HPOS="288"
                    VPOS="1008"
                    WIDTH="688"
                    HEIGHT="3"></String>
          </TextLine>
          <TextLine ID="eSc_line_d472a577"
                    BASELINE="479 1054 711 1060" 
                    HPOS="479"
                    VPOS="1054"
                    WIDTH="232"
                    HEIGHT="6">
	    <String CONTENT=""
                    HPOS="479"
                    VPOS="1054"
                    WIDTH="232"
                    HEIGHT="6"></String>
          </TextLine>
          <TextLine ID="eSc_line_e828fee4"
                    BASELINE="283 1099 972 1102" 
                    HPOS="283"
                    VPOS="1099"
                    WIDTH="689"
                    HEIGHT="3">
	    <String CONTENT=""
                    HPOS="283"
                    VPOS="1099"
                    WIDTH="689"
                    HEIGHT="3"></String>
          </TextLine>
          <TextLine ID="eSc_line_e10c32de"
                    BASELINE="474 1145 699 1152" 
                    HPOS="474"
                    VPOS="1145"
                    WIDTH="225"
                    HEIGHT="7">
	    <String CONTENT=""
                    HPOS="474"
                    VPOS="1145"
                    WIDTH="225"
                    HEIGHT="7"></String>
          </TextLine>
          <TextLine ID="eSc_line_2674256b"
                    BASELINE="282 1196 977 1192" 
                    HPOS="282"
                    VPOS="1192"
                    WIDTH="695"
                    HEIGHT="4">
	    <String CONTENT=""
                    HPOS="282"
                    VPOS="1192"
                    WIDTH="695"
                    HEIGHT="4"></String>
          </TextLine>
          <TextLine ID="eSc_line_aba2f637"
                    BASELINE="482 1238 722 1238" 
                    HPOS="482"
                    VPOS="1238"
                    WIDTH="240"
                    HEIGHT="0">
	    <String CONTENT=""
                    HPOS="482"
                    VPOS="1238"
                    WIDTH="240"
                    HEIGHT="0"></String>
          </TextLine>
        </TextBlock>
        <TextBlock HPOS="272"
                   VPOS="1282"
                   WIDTH="727"
                   HEIGHT="255"
                   ID="region_1718559327744_405"
                   TAGREFS="BT3756">
          <Shape><Polygon POINTS="272 1537 999 1537 999 1282 272 1282"/></Shape>
          <TextLine ID="eSc_line_0508aa1f"
                    BASELINE="319 1332 980 1338" 
                    HPOS="319"
                    VPOS="1332"
                    WIDTH="661"
                    HEIGHT="6">
	    <String CONTENT=""
                    HPOS="319"
                    VPOS="1332"
                    WIDTH="661"
                    HEIGHT="6"></String>
          </TextLine>
          <TextLine ID="eSc_line_555afc03"
                    BASELINE="479 1377 661 1379" 
                    HPOS="479"
                    VPOS="1377"
                    WIDTH="182"
                    HEIGHT="2">
	    <String CONTENT=""
                    HPOS="479"
                    VPOS="1377"
                    WIDTH="182"
                    HEIGHT="2"></String>
          </TextLine>
          <TextLine ID="eSc_line_134b025d"
                    BASELINE="285 1420 978 1430" 
                    HPOS="285"
                    VPOS="1420"
                    WIDTH="693"
                    HEIGHT="10">
	    <String CONTENT=""
                    HPOS="285"
                    VPOS="1420"
                    WIDTH="693"
                    HEIGHT="10"></String>
          </TextLine>
          <TextLine ID="eSc_line_274ecf23"
                    BASELINE="285 1468 977 1475" 
                    HPOS="285"
                    VPOS="1468"
                    WIDTH="692"
                    HEIGHT="7">
	    <String CONTENT=""
                    HPOS="285"
                    VPOS="1468"
                    WIDTH="692"
                    HEIGHT="7"></String>
          </TextLine>
          <TextLine ID="eSc_line_965b263c"
                    BASELINE="468 1519 781 1516" 
                    HPOS="468"
                    VPOS="1516"
                    WIDTH="313"
                    HEIGHT="3">
	    <String CONTENT=""
                    HPOS="468"
                    VPOS="1516"
                    WIDTH="313"
                    HEIGHT="3"></String>
          </TextLine>
        </TextBlock>
      </PrintSpace>
    </Page>
  </Layout>
</alto>
