<?xml version="1.0" encoding="UTF-8"?>
<alto xmlns:xsi="http://www.w3.org/2001/XMLSchema-instance"
      xmlns="http://www.loc.gov/standards/alto/ns-v4#"
      xsi:schemaLocation="http://www.loc.gov/standards/alto/ns-v4# http://www.loc.gov/standards/alto/v4/alto-4-2.xsd">
  <Description>
    <MeasurementUnit>pixel</MeasurementUnit>
    <sourceImageInformation>
      <fileName>1793,_Saemmtliche_Poetische_Werke,_Schraembl,_Bd._5,_VD18_9024592X_Seite_110_Bild_0001.jpg</fileName>
      <fileIdentifier>mets//SchraemblZeilenUnb.zip/1793,_Saemmtliche_Poetische_Werke,_Schraembl,_Bd._5,_VD18_9024592X_Seite_110_Bild_0001.jpg</fileIdentifier>
    </sourceImageInformation>
  </Description>
  <Tags>
    <OtherTag ID="BT1" LABEL="Title" DESCRIPTION="block type Title"/><OtherTag ID="BT2" LABEL="Main" DESCRIPTION="block type Main"/><OtherTag ID="BT3" LABEL="Commentary" DESCRIPTION="block type Commentary"/><OtherTag ID="BT4" LABEL="Illustration" DESCRIPTION="block type Illustration"/><OtherTag ID="BT3755" LABEL="header" DESCRIPTION="block type header"/><OtherTag ID="BT3756" LABEL="paragraph" DESCRIPTION="block type paragraph"/><OtherTag ID="BT3757" LABEL="heading" DESCRIPTION="block type heading"/><OtherTag ID="BT3758" LABEL="footnote" DESCRIPTION="block type footnote"/><OtherTag ID="BT3759" LABEL="l-column" DESCRIPTION="block type l-column"/><OtherTag ID="BT3760" LABEL="r-column" DESCRIPTION="block type r-column"/><OtherTag ID="BT3761" LABEL="marginalia" DESCRIPTION="block type marginalia"/><OtherTag ID="BT4125" LABEL="drop-capital" DESCRIPTION="block type drop-capital"/><OtherTag ID="BT4126" LABEL="catch-word" DESCRIPTION="block type catch-word"/><OtherTag ID="BT4127" LABEL="page-number" DESCRIPTION="block type page-number"/><OtherTag ID="BT4128" LABEL="signature-mark" DESCRIPTION="block type signature-mark"/><OtherTag ID="BT4129" LABEL="poem_lg" DESCRIPTION="block type poem_lg"/><OtherTag ID="BT4130" LABEL="endnote" DESCRIPTION="block type endnote"/>
  </Tags>
  <Layout>
    <Page WIDTH="1073"
          HEIGHT="1850"
          PHYSICAL_IMG_NR="126"
          ID="eSc_dummypage_">
      <PrintSpace HPOS="0"
                  VPOS="0"
                  WIDTH="1073"
                  HEIGHT="1850">
        <TextBlock HPOS="50"
                   VPOS="264"
                   WIDTH="707"
                   HEIGHT="645"
                   ID="region_1720168913549_791"
                   TAGREFS="BT3756">
          <Shape><Polygon POINTS="52 268 50 909 751 904 757 264"/></Shape>
          <TextLine ID="eSc_line_653dcb13"
                    BASELINE="67 307 741 298" 
                    HPOS="67"
                    VPOS="298"
                    WIDTH="674"
                    HEIGHT="9">
	    <String CONTENT=""
                    HPOS="67"
                    VPOS="298"
                    WIDTH="674"
                    HEIGHT="9"></String>
          </TextLine>
          <TextLine ID="eSc_line_5ca23c0e"
                    BASELINE="61 354 744 344" 
                    HPOS="61"
                    VPOS="344"
                    WIDTH="683"
                    HEIGHT="10">
	    <String CONTENT=""
                    HPOS="61"
                    VPOS="344"
                    WIDTH="683"
                    HEIGHT="10"></String>
          </TextLine>
          <TextLine ID="eSc_line_fe1eff22"
                    BASELINE="60 396 739 392" 
                    HPOS="60"
                    VPOS="392"
                    WIDTH="679"
                    HEIGHT="4">
	    <String CONTENT=""
                    HPOS="60"
                    VPOS="392"
                    WIDTH="679"
                    HEIGHT="4"></String>
          </TextLine>
          <TextLine ID="eSc_line_a456de23"
                    BASELINE="60 443 747 439" 
                    HPOS="60"
                    VPOS="439"
                    WIDTH="687"
                    HEIGHT="4">
	    <String CONTENT=""
                    HPOS="60"
                    VPOS="439"
                    WIDTH="687"
                    HEIGHT="4"></String>
          </TextLine>
          <TextLine ID="eSc_line_f2addc08"
                    BASELINE="60 486 744 486" 
                    HPOS="60"
                    VPOS="486"
                    WIDTH="684"
                    HEIGHT="0">
	    <String CONTENT=""
                    HPOS="60"
                    VPOS="486"
                    WIDTH="684"
                    HEIGHT="0"></String>
          </TextLine>
          <TextLine ID="eSc_line_03be0a9e"
                    BASELINE="58 534 739 531" 
                    HPOS="58"
                    VPOS="531"
                    WIDTH="681"
                    HEIGHT="3">
	    <String CONTENT=""
                    HPOS="58"
                    VPOS="531"
                    WIDTH="681"
                    HEIGHT="3"></String>
          </TextLine>
          <TextLine ID="eSc_line_dab25a79"
                    BASELINE="63 584 739 577" 
                    HPOS="63"
                    VPOS="577"
                    WIDTH="676"
                    HEIGHT="7">
	    <String CONTENT=""
                    HPOS="63"
                    VPOS="577"
                    WIDTH="676"
                    HEIGHT="7"></String>
          </TextLine>
          <TextLine ID="eSc_line_7bdf1920"
                    BASELINE="59 628 735 626" 
                    HPOS="59"
                    VPOS="626"
                    WIDTH="676"
                    HEIGHT="2">
	    <String CONTENT=""
                    HPOS="59"
                    VPOS="626"
                    WIDTH="676"
                    HEIGHT="2"></String>
          </TextLine>
          <TextLine ID="eSc_line_e5c8ab42"
                    BASELINE="60 673 741 672" 
                    HPOS="60"
                    VPOS="672"
                    WIDTH="681"
                    HEIGHT="1">
	    <String CONTENT=""
                    HPOS="60"
                    VPOS="672"
                    WIDTH="681"
                    HEIGHT="1"></String>
          </TextLine>
          <TextLine ID="eSc_line_a92a349d"
                    BASELINE="60 718 740 714" 
                    HPOS="60"
                    VPOS="714"
                    WIDTH="680"
                    HEIGHT="4">
	    <String CONTENT=""
                    HPOS="60"
                    VPOS="714"
                    WIDTH="680"
                    HEIGHT="4"></String>
          </TextLine>
          <TextLine ID="eSc_line_c56090c1"
                    BASELINE="60 761 735 759" 
                    HPOS="60"
                    VPOS="759"
                    WIDTH="675"
                    HEIGHT="2">
	    <String CONTENT=""
                    HPOS="60"
                    VPOS="759"
                    WIDTH="675"
                    HEIGHT="2"></String>
          </TextLine>
          <TextLine ID="eSc_line_96de3992"
                    BASELINE="62 813 747 804" 
                    HPOS="62"
                    VPOS="804"
                    WIDTH="685"
                    HEIGHT="9">
	    <String CONTENT=""
                    HPOS="62"
                    VPOS="804"
                    WIDTH="685"
                    HEIGHT="9"></String>
          </TextLine>
          <TextLine ID="eSc_line_4719ed59"
                    BASELINE="65 856 734 850" 
                    HPOS="65"
                    VPOS="850"
                    WIDTH="669"
                    HEIGHT="6">
	    <String CONTENT=""
                    HPOS="65"
                    VPOS="850"
                    WIDTH="669"
                    HEIGHT="6"></String>
          </TextLine>
          <TextLine ID="eSc_line_0707582d"
                    BASELINE="54 900 732 899" 
                    HPOS="54"
                    VPOS="899"
                    WIDTH="678"
                    HEIGHT="1">
	    <String CONTENT=""
                    HPOS="54"
                    VPOS="899"
                    WIDTH="678"
                    HEIGHT="1"></String>
          </TextLine>
        </TextBlock>
        <TextBlock HPOS="691"
                   VPOS="183"
                   WIDTH="62"
                   HEIGHT="39"
                   ID="region_1720168898655_788"
                   TAGREFS="BT3756">
          <Shape><Polygon POINTS="691 192 695 221 753 222 741 183"/></Shape>
          <TextLine ID="eSc_line_3576616b"
                    BASELINE="701 215 741 216" 
                    HPOS="701"
                    VPOS="215"
                    WIDTH="40"
                    HEIGHT="1">
	    <String CONTENT=""
                    HPOS="701"
                    VPOS="215"
                    WIDTH="40"
                    HEIGHT="1"></String>
          </TextLine>
        </TextBlock>
        <TextBlock HPOS="41"
                   VPOS="912"
                   WIDTH="715"
                   HEIGHT="615"
                   ID="region_1720168954885_796"
                   TAGREFS="BT3756">
          <Shape><Polygon POINTS="67 914 142 912 282 913 553 914 746 912 756 1527 41 1509 42 1019"/></Shape>
          <TextLine ID="eSc_line_01783e0b"
                    BASELINE="91 946 740 943" 
                    HPOS="91"
                    VPOS="943"
                    WIDTH="649"
                    HEIGHT="3">
	    <String CONTENT=""
                    HPOS="91"
                    VPOS="943"
                    WIDTH="649"
                    HEIGHT="3"></String>
          </TextLine>
          <TextLine ID="eSc_line_17795d39"
                    BASELINE="61 994 732 996" 
                    HPOS="61"
                    VPOS="994"
                    WIDTH="671"
                    HEIGHT="2">
	    <String CONTENT=""
                    HPOS="61"
                    VPOS="994"
                    WIDTH="671"
                    HEIGHT="2"></String>
          </TextLine>
          <TextLine ID="eSc_line_725f0554"
                    BASELINE="59 1038 735 1035" 
                    HPOS="59"
                    VPOS="1035"
                    WIDTH="676"
                    HEIGHT="3">
	    <String CONTENT=""
                    HPOS="59"
                    VPOS="1035"
                    WIDTH="676"
                    HEIGHT="3"></String>
          </TextLine>
          <TextLine ID="eSc_line_ca0c7bcb"
                    BASELINE="57 1080 738 1085" 
                    HPOS="57"
                    VPOS="1080"
                    WIDTH="681"
                    HEIGHT="5">
	    <String CONTENT=""
                    HPOS="57"
                    VPOS="1080"
                    WIDTH="681"
                    HEIGHT="5"></String>
          </TextLine>
          <TextLine ID="eSc_line_a4960064"
                    BASELINE="55 1123 738 1128" 
                    HPOS="55"
                    VPOS="1123"
                    WIDTH="683"
                    HEIGHT="5">
	    <String CONTENT=""
                    HPOS="55"
                    VPOS="1123"
                    WIDTH="683"
                    HEIGHT="5"></String>
          </TextLine>
          <TextLine ID="eSc_line_479c6c0a"
                    BASELINE="54 1173 739 1176" 
                    HPOS="54"
                    VPOS="1173"
                    WIDTH="685"
                    HEIGHT="3">
	    <String CONTENT=""
                    HPOS="54"
                    VPOS="1173"
                    WIDTH="685"
                    HEIGHT="3"></String>
          </TextLine>
          <TextLine ID="eSc_line_0a0decc2"
                    BASELINE="55 1220 742 1225" 
                    HPOS="55"
                    VPOS="1220"
                    WIDTH="687"
                    HEIGHT="5">
	    <String CONTENT=""
                    HPOS="55"
                    VPOS="1220"
                    WIDTH="687"
                    HEIGHT="5"></String>
          </TextLine>
          <TextLine ID="eSc_line_f367c242"
                    BASELINE="54 1268 740 1268" 
                    HPOS="54"
                    VPOS="1268"
                    WIDTH="686"
                    HEIGHT="0">
	    <String CONTENT=""
                    HPOS="54"
                    VPOS="1268"
                    WIDTH="686"
                    HEIGHT="0"></String>
          </TextLine>
          <TextLine ID="eSc_line_62be24e3"
                    BASELINE="49 1310 738 1317" 
                    HPOS="49"
                    VPOS="1310"
                    WIDTH="689"
                    HEIGHT="7">
	    <String CONTENT=""
                    HPOS="49"
                    VPOS="1310"
                    WIDTH="689"
                    HEIGHT="7"></String>
          </TextLine>
          <TextLine ID="eSc_line_67bfc9fb"
                    BASELINE="60 1354 733 1361" 
                    HPOS="60"
                    VPOS="1354"
                    WIDTH="673"
                    HEIGHT="7">
	    <String CONTENT=""
                    HPOS="60"
                    VPOS="1354"
                    WIDTH="673"
                    HEIGHT="7"></String>
          </TextLine>
          <TextLine ID="eSc_line_5bfe50d2"
                    BASELINE="55 1403 734 1402" 
                    HPOS="55"
                    VPOS="1402"
                    WIDTH="679"
                    HEIGHT="1">
	    <String CONTENT=""
                    HPOS="55"
                    VPOS="1402"
                    WIDTH="679"
                    HEIGHT="1"></String>
          </TextLine>
          <TextLine ID="eSc_line_2746d58a"
                    BASELINE="52 1449 742 1454" 
                    HPOS="52"
                    VPOS="1449"
                    WIDTH="690"
                    HEIGHT="5">
	    <String CONTENT=""
                    HPOS="52"
                    VPOS="1449"
                    WIDTH="690"
                    HEIGHT="5"></String>
          </TextLine>
          <TextLine ID="eSc_line_a1573bdd"
                    BASELINE="49 1497 738 1501" 
                    HPOS="49"
                    VPOS="1497"
                    WIDTH="689"
                    HEIGHT="4">
	    <String CONTENT=""
                    HPOS="49"
                    VPOS="1497"
                    WIDTH="689"
                    HEIGHT="4"></String>
          </TextLine>
        </TextBlock>
      </PrintSpace>
    </Page>
  </Layout>
</alto>
