<?xml version="1.0" encoding="UTF-8"?>
<alto xmlns:xsi="http://www.w3.org/2001/XMLSchema-instance"
      xmlns="http://www.loc.gov/standards/alto/ns-v4#"
      xsi:schemaLocation="http://www.loc.gov/standards/alto/ns-v4# http://www.loc.gov/standards/alto/v4/alto-4-2.xsd">
  <Description>
    <MeasurementUnit>pixel</MeasurementUnit>
    <sourceImageInformation>
      <fileName>1793,_Saemmtliche_Poetische_Werke,_Schraembl,_Bd._4,_VD18_90245911_Seite_016_Bild_0001.jpg</fileName>
      <fileIdentifier>mets//SchraemblZeilenUnb.zip/1793,_Saemmtliche_Poetische_Werke,_Schraembl,_Bd._4,_VD18_90245911_Seite_016_Bild_0001.jpg</fileIdentifier>
    </sourceImageInformation>
  </Description>
  <Tags>
    <OtherTag ID="BT1" LABEL="Title" DESCRIPTION="block type Title"/><OtherTag ID="BT2" LABEL="Main" DESCRIPTION="block type Main"/><OtherTag ID="BT3" LABEL="Commentary" DESCRIPTION="block type Commentary"/><OtherTag ID="BT4" LABEL="Illustration" DESCRIPTION="block type Illustration"/><OtherTag ID="BT3755" LABEL="header" DESCRIPTION="block type header"/><OtherTag ID="BT3756" LABEL="paragraph" DESCRIPTION="block type paragraph"/><OtherTag ID="BT3757" LABEL="heading" DESCRIPTION="block type heading"/><OtherTag ID="BT3758" LABEL="footnote" DESCRIPTION="block type footnote"/><OtherTag ID="BT3759" LABEL="l-column" DESCRIPTION="block type l-column"/><OtherTag ID="BT3760" LABEL="r-column" DESCRIPTION="block type r-column"/><OtherTag ID="BT3761" LABEL="marginalia" DESCRIPTION="block type marginalia"/><OtherTag ID="BT4125" LABEL="drop-capital" DESCRIPTION="block type drop-capital"/><OtherTag ID="BT4126" LABEL="catch-word" DESCRIPTION="block type catch-word"/><OtherTag ID="BT4127" LABEL="page-number" DESCRIPTION="block type page-number"/><OtherTag ID="BT4128" LABEL="signature-mark" DESCRIPTION="block type signature-mark"/><OtherTag ID="BT4129" LABEL="poem_lg" DESCRIPTION="block type poem_lg"/><OtherTag ID="BT4130" LABEL="endnote" DESCRIPTION="block type endnote"/>
  </Tags>
  <Layout>
    <Page WIDTH="1085"
          HEIGHT="1842"
          PHYSICAL_IMG_NR="117"
          ID="eSc_dummypage_">
      <PrintSpace HPOS="0"
                  VPOS="0"
                  WIDTH="1085"
                  HEIGHT="1842">
        <TextBlock HPOS="111"
                   VPOS="429"
                   WIDTH="721"
                   HEIGHT="646"
                   ID="TextRegion_1719230222666_228"
                   TAGREFS="BT3756">
          <Shape><Polygon POINTS="209 432 824 429 832 1075 111 1075 118 490 173 473 187 439"/></Shape>
          <TextLine ID="eSc_line_95cd2c84"
                    BASELINE="133 514 809 514" 
                    HPOS="133"
                    VPOS="514"
                    WIDTH="676"
                    HEIGHT="0">
	    <String CONTENT=""
                    HPOS="133"
                    VPOS="514"
                    WIDTH="676"
                    HEIGHT="0"></String>
          </TextLine>
          <TextLine ID="eSc_line_a9b1c918"
                    BASELINE="132 560 809 563" 
                    HPOS="132"
                    VPOS="560"
                    WIDTH="677"
                    HEIGHT="3">
	    <String CONTENT=""
                    HPOS="132"
                    VPOS="560"
                    WIDTH="677"
                    HEIGHT="3"></String>
          </TextLine>
          <TextLine ID="eSc_line_ddf45f9d"
                    BASELINE="134 608 806 607" 
                    HPOS="134"
                    VPOS="607"
                    WIDTH="672"
                    HEIGHT="1">
	    <String CONTENT=""
                    HPOS="134"
                    VPOS="607"
                    WIDTH="672"
                    HEIGHT="1"></String>
          </TextLine>
          <TextLine ID="eSc_line_55ca4840"
                    BASELINE="136 655 809 656" 
                    HPOS="136"
                    VPOS="655"
                    WIDTH="673"
                    HEIGHT="1">
	    <String CONTENT=""
                    HPOS="136"
                    VPOS="655"
                    WIDTH="673"
                    HEIGHT="1"></String>
          </TextLine>
          <TextLine ID="eSc_line_a7689c59"
                    BASELINE="132 700 816 696" 
                    HPOS="132"
                    VPOS="696"
                    WIDTH="684"
                    HEIGHT="4">
	    <String CONTENT=""
                    HPOS="132"
                    VPOS="696"
                    WIDTH="684"
                    HEIGHT="4"></String>
          </TextLine>
          <TextLine ID="eSc_line_29a40837"
                    BASELINE="128 753 815 743" 
                    HPOS="128"
                    VPOS="743"
                    WIDTH="687"
                    HEIGHT="10">
	    <String CONTENT=""
                    HPOS="128"
                    VPOS="743"
                    WIDTH="687"
                    HEIGHT="10"></String>
          </TextLine>
          <TextLine ID="eSc_line_195bc67d"
                    BASELINE="129 793 814 796" 
                    HPOS="129"
                    VPOS="793"
                    WIDTH="685"
                    HEIGHT="3">
	    <String CONTENT=""
                    HPOS="129"
                    VPOS="793"
                    WIDTH="685"
                    HEIGHT="3"></String>
          </TextLine>
          <TextLine ID="eSc_line_cef28e82"
                    BASELINE="128 840 818 838" 
                    HPOS="128"
                    VPOS="838"
                    WIDTH="690"
                    HEIGHT="2">
	    <String CONTENT=""
                    HPOS="128"
                    VPOS="838"
                    WIDTH="690"
                    HEIGHT="2"></String>
          </TextLine>
          <TextLine ID="eSc_line_a89b3fbf"
                    BASELINE="128 881 814 885" 
                    HPOS="128"
                    VPOS="881"
                    WIDTH="686"
                    HEIGHT="4">
	    <String CONTENT=""
                    HPOS="128"
                    VPOS="881"
                    WIDTH="686"
                    HEIGHT="4"></String>
          </TextLine>
          <TextLine ID="eSc_line_54ae11b2"
                    BASELINE="127 930 819 930" 
                    HPOS="127"
                    VPOS="930"
                    WIDTH="692"
                    HEIGHT="0">
	    <String CONTENT=""
                    HPOS="127"
                    VPOS="930"
                    WIDTH="692"
                    HEIGHT="0"></String>
          </TextLine>
          <TextLine ID="eSc_line_3e4d9910"
                    BASELINE="130 972 817 978" 
                    HPOS="130"
                    VPOS="972"
                    WIDTH="687"
                    HEIGHT="6">
	    <String CONTENT=""
                    HPOS="130"
                    VPOS="972"
                    WIDTH="687"
                    HEIGHT="6"></String>
          </TextLine>
          <TextLine ID="eSc_line_0c766f20"
                    BASELINE="130 1023 814 1027" 
                    HPOS="130"
                    VPOS="1023"
                    WIDTH="684"
                    HEIGHT="4">
	    <String CONTENT=""
                    HPOS="130"
                    VPOS="1023"
                    WIDTH="684"
                    HEIGHT="4"></String>
          </TextLine>
          <TextLine ID="eSc_line_eb3164db"
                    BASELINE="127 1069 321 1069" 
                    HPOS="127"
                    VPOS="1069"
                    WIDTH="194"
                    HEIGHT="0">
	    <String CONTENT=""
                    HPOS="127"
                    VPOS="1069"
                    WIDTH="194"
                    HEIGHT="0"></String>
          </TextLine>
        </TextBlock>
        <TextBlock HPOS="746"
                   VPOS="161"
                   WIDTH="66"
                   HEIGHT="36"
                   ID="region_1719229169667_222"
                   TAGREFS="BT3756">
          <Shape><Polygon POINTS="812 197 746 197 746 161 812 161"/></Shape>
          <TextLine ID="eSc_line_db1386d7"
                    BASELINE="756 189 809 188" 
                    HPOS="756"
                    VPOS="188"
                    WIDTH="53"
                    HEIGHT="1">
	    <String CONTENT=""
                    HPOS="756"
                    VPOS="188"
                    WIDTH="53"
                    HEIGHT="1"></String>
          </TextLine>
        </TextBlock>
        <TextBlock HPOS="149"
                   VPOS="1113"
                   WIDTH="676"
                   HEIGHT="60"
                   ID="region_1719229096897_210"
                   TAGREFS="BT3756">
          <Shape><Polygon POINTS="825 1173 149 1173 149 1113 825 1113"/></Shape>
          <TextLine ID="eSc_line_ade26240"
                    BASELINE="163 1163 814 1158" 
                    HPOS="163"
                    VPOS="1158"
                    WIDTH="651"
                    HEIGHT="5">
	    <String CONTENT=""
                    HPOS="163"
                    VPOS="1158"
                    WIDTH="651"
                    HEIGHT="5"></String>
          </TextLine>
        </TextBlock>
        <TextBlock HPOS="153"
                   VPOS="1244"
                   WIDTH="689"
                   HEIGHT="254"
                   ID="region_1720023906008_132"
                   TAGREFS="BT3758">
          <Shape><Polygon POINTS="153 1244 842 1247 831 1498 178 1484"/></Shape>
          <TextLine ID="eSc_line_1d54ee42"
                    BASELINE="162 1287 817 1290" 
                    HPOS="162"
                    VPOS="1287"
                    WIDTH="655"
                    HEIGHT="3">
	    <String CONTENT=""
                    HPOS="162"
                    VPOS="1287"
                    WIDTH="655"
                    HEIGHT="3"></String>
          </TextLine>
          <TextLine ID="eSc_line_127912b7"
                    BASELINE="245 1332 308 1328" 
                    HPOS="245"
                    VPOS="1328"
                    WIDTH="63"
                    HEIGHT="4">
	    <String CONTENT=""
                    HPOS="245"
                    VPOS="1328"
                    WIDTH="63"
                    HEIGHT="4"></String>
          </TextLine>
          <TextLine ID="eSc_line_66b2cc31"
                    BASELINE="186 1368 817 1371" 
                    HPOS="186"
                    VPOS="1368"
                    WIDTH="631"
                    HEIGHT="3">
	    <String CONTENT=""
                    HPOS="186"
                    VPOS="1368"
                    WIDTH="631"
                    HEIGHT="3"></String>
          </TextLine>
          <TextLine ID="eSc_line_c5444e03"
                    BASELINE="246 1402 321 1407" 
                    HPOS="246"
                    VPOS="1402"
                    WIDTH="75"
                    HEIGHT="5">
	    <String CONTENT=""
                    HPOS="246"
                    VPOS="1402"
                    WIDTH="75"
                    HEIGHT="5"></String>
          </TextLine>
          <TextLine ID="eSc_line_18a8946d"
                    BASELINE="192 1445 756 1449" 
                    HPOS="192"
                    VPOS="1445"
                    WIDTH="564"
                    HEIGHT="4">
	    <String CONTENT=""
                    HPOS="192"
                    VPOS="1445"
                    WIDTH="564"
                    HEIGHT="4"></String>
          </TextLine>
          <TextLine ID="eSc_line_28f26971"
                    BASELINE="490 1487 806 1489" 
                    HPOS="490"
                    VPOS="1487"
                    WIDTH="316"
                    HEIGHT="2">
	    <String CONTENT=""
                    HPOS="490"
                    VPOS="1487"
                    WIDTH="316"
                    HEIGHT="2"></String>
          </TextLine>
        </TextBlock>
        <TextBlock HPOS="129"
                   VPOS="407"
                   WIDTH="58"
                   HEIGHT="66"
                   ID="TextRegion_1719230222666_229"
                   TAGREFS="BT3756">
          <Shape><Polygon POINTS="131 412 187 407 185 423 173 473 129 466"/></Shape>
        </TextBlock>
        <TextBlock ID="eSc_dummyblock_">
          <TextLine ID="eSc_line_32defc7d"
                    BASELINE="143 469 814 472" 
                    HPOS="143"
                    VPOS="469"
                    WIDTH="671"
                    HEIGHT="3">
	    <String CONTENT=""
                    HPOS="143"
                    VPOS="469"
                    WIDTH="671"
                    HEIGHT="3"></String>
          </TextLine>
        </TextBlock>
      </PrintSpace>
    </Page>
  </Layout>
</alto>
