<?xml version="1.0" encoding="UTF-8"?>
<alto xmlns:xsi="http://www.w3.org/2001/XMLSchema-instance"
      xmlns="http://www.loc.gov/standards/alto/ns-v4#"
      xsi:schemaLocation="http://www.loc.gov/standards/alto/ns-v4# http://www.loc.gov/standards/alto/v4/alto-4-2.xsd">
  <Description>
    <MeasurementUnit>pixel</MeasurementUnit>
    <sourceImageInformation>
      <fileName>1793,_Saemmtliche_Poetische_Werke,_Schraembl,_Bd._4,_VD18_90245911_Seite_019_Bild_0001.jpg</fileName>
      <fileIdentifier>mets//SchraemblZeilenUnb.zip/1793,_Saemmtliche_Poetische_Werke,_Schraembl,_Bd._4,_VD18_90245911_Seite_019_Bild_0001.jpg</fileIdentifier>
    </sourceImageInformation>
  </Description>
  <Tags>
    <OtherTag ID="BT1" LABEL="Title" DESCRIPTION="block type Title"/><OtherTag ID="BT2" LABEL="Main" DESCRIPTION="block type Main"/><OtherTag ID="BT3" LABEL="Commentary" DESCRIPTION="block type Commentary"/><OtherTag ID="BT4" LABEL="Illustration" DESCRIPTION="block type Illustration"/><OtherTag ID="BT3755" LABEL="header" DESCRIPTION="block type header"/><OtherTag ID="BT3756" LABEL="paragraph" DESCRIPTION="block type paragraph"/><OtherTag ID="BT3757" LABEL="heading" DESCRIPTION="block type heading"/><OtherTag ID="BT3758" LABEL="footnote" DESCRIPTION="block type footnote"/><OtherTag ID="BT3759" LABEL="l-column" DESCRIPTION="block type l-column"/><OtherTag ID="BT3760" LABEL="r-column" DESCRIPTION="block type r-column"/><OtherTag ID="BT3761" LABEL="marginalia" DESCRIPTION="block type marginalia"/><OtherTag ID="BT4125" LABEL="drop-capital" DESCRIPTION="block type drop-capital"/><OtherTag ID="BT4126" LABEL="catch-word" DESCRIPTION="block type catch-word"/><OtherTag ID="BT4127" LABEL="page-number" DESCRIPTION="block type page-number"/><OtherTag ID="BT4128" LABEL="signature-mark" DESCRIPTION="block type signature-mark"/><OtherTag ID="BT4129" LABEL="poem_lg" DESCRIPTION="block type poem_lg"/><OtherTag ID="BT4130" LABEL="endnote" DESCRIPTION="block type endnote"/>
  </Tags>
  <Layout>
    <Page WIDTH="1077"
          HEIGHT="1842"
          PHYSICAL_IMG_NR="118"
          ID="eSc_dummypage_">
      <PrintSpace HPOS="0"
                  VPOS="0"
                  WIDTH="1077"
                  HEIGHT="1842">
        <TextBlock HPOS="291"
                   VPOS="173"
                   WIDTH="46"
                   HEIGHT="36"
                   ID="region_1720112520087_145"
                   TAGREFS="BT3756">
          <Shape><Polygon POINTS="298 173 291 192 302 209 337 207 332 175"/></Shape>
          <TextLine ID="eSc_line_1821f07e"
                    BASELINE="305 202 326 205" 
                    HPOS="305"
                    VPOS="202"
                    WIDTH="21"
                    HEIGHT="3">
	    <String CONTENT=""
                    HPOS="305"
                    VPOS="202"
                    WIDTH="21"
                    HEIGHT="3"></String>
          </TextLine>
        </TextBlock>
        <TextBlock HPOS="284"
                   VPOS="251"
                   WIDTH="713"
                   HEIGHT="380"
                   ID="region_1720112537249_148"
                   TAGREFS="BT3756">
          <Shape><Polygon POINTS="284 258 287 623 603 631 997 567 986 251 710 251 384 255"/></Shape>
          <TextLine ID="eSc_line_7a34fca0"
                    BASELINE="296 289 973 290" 
                    HPOS="296"
                    VPOS="289"
                    WIDTH="677"
                    HEIGHT="1">
	    <String CONTENT=""
                    HPOS="296"
                    VPOS="289"
                    WIDTH="677"
                    HEIGHT="1"></String>
          </TextLine>
          <TextLine ID="eSc_line_064de1c5"
                    BASELINE="296 337 976 335" 
                    HPOS="296"
                    VPOS="335"
                    WIDTH="680"
                    HEIGHT="2">
	    <String CONTENT=""
                    HPOS="296"
                    VPOS="335"
                    WIDTH="680"
                    HEIGHT="2"></String>
          </TextLine>
          <TextLine ID="eSc_line_cc33c4fa"
                    BASELINE="297 387 984 375" 
                    HPOS="297"
                    VPOS="375"
                    WIDTH="687"
                    HEIGHT="12">
	    <String CONTENT=""
                    HPOS="297"
                    VPOS="375"
                    WIDTH="687"
                    HEIGHT="12"></String>
          </TextLine>
          <TextLine ID="eSc_line_0fd1a421"
                    BASELINE="295 430 979 426" 
                    HPOS="295"
                    VPOS="426"
                    WIDTH="684"
                    HEIGHT="4">
	    <String CONTENT=""
                    HPOS="295"
                    VPOS="426"
                    WIDTH="684"
                    HEIGHT="4"></String>
          </TextLine>
          <TextLine ID="eSc_line_63a890ba"
                    BASELINE="297 475 980 472" 
                    HPOS="297"
                    VPOS="472"
                    WIDTH="683"
                    HEIGHT="3">
	    <String CONTENT=""
                    HPOS="297"
                    VPOS="472"
                    WIDTH="683"
                    HEIGHT="3"></String>
          </TextLine>
          <TextLine ID="eSc_line_d870d024"
                    BASELINE="300 526 977 519" 
                    HPOS="300"
                    VPOS="519"
                    WIDTH="677"
                    HEIGHT="7">
	    <String CONTENT=""
                    HPOS="300"
                    VPOS="519"
                    WIDTH="677"
                    HEIGHT="7"></String>
          </TextLine>
          <TextLine ID="eSc_line_2d832a16"
                    BASELINE="296 567 984 559" 
                    HPOS="296"
                    VPOS="559"
                    WIDTH="688"
                    HEIGHT="8">
	    <String CONTENT=""
                    HPOS="296"
                    VPOS="559"
                    WIDTH="688"
                    HEIGHT="8"></String>
          </TextLine>
          <TextLine ID="eSc_line_39c47bea"
                    BASELINE="299 620 582 612" 
                    HPOS="299"
                    VPOS="612"
                    WIDTH="283"
                    HEIGHT="8">
	    <String CONTENT=""
                    HPOS="299"
                    VPOS="612"
                    WIDTH="283"
                    HEIGHT="8"></String>
          </TextLine>
        </TextBlock>
        <TextBlock HPOS="286"
                   VPOS="655"
                   WIDTH="703"
                   HEIGHT="72"
                   ID="region_1720112547338_151"
                   TAGREFS="BT3756">
          <Shape><Polygon POINTS="296 666 286 727 987 717 989 655"/></Shape>
          <TextLine ID="eSc_line_8a4c8e77"
                    BASELINE="334 707 980 706" 
                    HPOS="334"
                    VPOS="706"
                    WIDTH="646"
                    HEIGHT="1">
	    <String CONTENT=""
                    HPOS="334"
                    VPOS="706"
                    WIDTH="646"
                    HEIGHT="1"></String>
          </TextLine>
        </TextBlock>
        <TextBlock HPOS="347"
                   VPOS="789"
                   WIDTH="658"
                   HEIGHT="330"
                   ID="region_1720112574263_157"
                   TAGREFS="BT3758">
          <Shape><Polygon POINTS="350 806 347 1119 1005 1109 998 789 392 798"/></Shape>
          <TextLine ID="eSc_line_bd921c35"
                    BASELINE="358 839 986 829" 
                    HPOS="358"
                    VPOS="829"
                    WIDTH="628"
                    HEIGHT="10">
	    <String CONTENT=""
                    HPOS="358"
                    VPOS="829"
                    WIDTH="628"
                    HEIGHT="10"></String>
          </TextLine>
          <TextLine ID="eSc_line_959f4d12"
                    BASELINE="363 874 984 866" 
                    HPOS="363"
                    VPOS="866"
                    WIDTH="621"
                    HEIGHT="8">
	    <String CONTENT=""
                    HPOS="363"
                    VPOS="866"
                    WIDTH="621"
                    HEIGHT="8"></String>
          </TextLine>
          <TextLine ID="eSc_line_b42991f7"
                    BASELINE="362 910 989 901" 
                    HPOS="362"
                    VPOS="901"
                    WIDTH="627"
                    HEIGHT="9">
	    <String CONTENT=""
                    HPOS="362"
                    VPOS="901"
                    WIDTH="627"
                    HEIGHT="9"></String>
          </TextLine>
          <TextLine ID="eSc_line_8bb8ab28"
                    BASELINE="363 949 986 939" 
                    HPOS="363"
                    VPOS="939"
                    WIDTH="623"
                    HEIGHT="10">
	    <String CONTENT=""
                    HPOS="363"
                    VPOS="939"
                    WIDTH="623"
                    HEIGHT="10"></String>
          </TextLine>
          <TextLine ID="eSc_line_cb81ffc0"
                    BASELINE="359 987 991 981" 
                    HPOS="359"
                    VPOS="981"
                    WIDTH="632"
                    HEIGHT="6">
	    <String CONTENT=""
                    HPOS="359"
                    VPOS="981"
                    WIDTH="632"
                    HEIGHT="6"></String>
          </TextLine>
          <TextLine ID="eSc_line_03d9e752"
                    BASELINE="359 1029 986 1017" 
                    HPOS="359"
                    VPOS="1017"
                    WIDTH="627"
                    HEIGHT="12">
	    <String CONTENT=""
                    HPOS="359"
                    VPOS="1017"
                    WIDTH="627"
                    HEIGHT="12"></String>
          </TextLine>
          <TextLine ID="eSc_line_b74f14ea"
                    BASELINE="361 1068 990 1062" 
                    HPOS="361"
                    VPOS="1062"
                    WIDTH="629"
                    HEIGHT="6">
	    <String CONTENT=""
                    HPOS="361"
                    VPOS="1062"
                    WIDTH="629"
                    HEIGHT="6"></String>
          </TextLine>
          <TextLine ID="eSc_line_2b13a9f5"
                    BASELINE="363 1107 866 1100" 
                    HPOS="363"
                    VPOS="1100"
                    WIDTH="503"
                    HEIGHT="7">
	    <String CONTENT=""
                    HPOS="363"
                    VPOS="1100"
                    WIDTH="503"
                    HEIGHT="7"></String>
          </TextLine>
        </TextBlock>
        <TextBlock HPOS="318"
                   VPOS="1134"
                   WIDTH="692"
                   HEIGHT="366"
                   ID="region_1720112590596_160"
                   TAGREFS="BT3758">
          <Shape><Polygon POINTS="318 1153 337 1500 1010 1492 1004 1134 352 1147"/></Shape>
          <TextLine ID="eSc_line_cc7a60dd"
                    BASELINE="330 1186 988 1176" 
                    HPOS="330"
                    VPOS="1176"
                    WIDTH="658"
                    HEIGHT="10">
	    <String CONTENT=""
                    HPOS="330"
                    VPOS="1176"
                    WIDTH="658"
                    HEIGHT="10"></String>
          </TextLine>
          <TextLine ID="eSc_line_412293d8"
                    BASELINE="352 1223 990 1217" 
                    HPOS="352"
                    VPOS="1217"
                    WIDTH="638"
                    HEIGHT="6">
	    <String CONTENT=""
                    HPOS="352"
                    VPOS="1217"
                    WIDTH="638"
                    HEIGHT="6"></String>
          </TextLine>
          <TextLine ID="eSc_line_055c49a5"
                    BASELINE="356 1261 996 1254" 
                    HPOS="356"
                    VPOS="1254"
                    WIDTH="640"
                    HEIGHT="7">
	    <String CONTENT=""
                    HPOS="356"
                    VPOS="1254"
                    WIDTH="640"
                    HEIGHT="7"></String>
          </TextLine>
          <TextLine ID="eSc_line_4ba97162"
                    BASELINE="355 1300 993 1294" 
                    HPOS="355"
                    VPOS="1294"
                    WIDTH="638"
                    HEIGHT="6">
	    <String CONTENT=""
                    HPOS="355"
                    VPOS="1294"
                    WIDTH="638"
                    HEIGHT="6"></String>
          </TextLine>
          <TextLine ID="eSc_line_8ef81d4c"
                    BASELINE="358 1340 993 1327" 
                    HPOS="358"
                    VPOS="1327"
                    WIDTH="635"
                    HEIGHT="13">
	    <String CONTENT=""
                    HPOS="358"
                    VPOS="1327"
                    WIDTH="635"
                    HEIGHT="13"></String>
          </TextLine>
          <TextLine ID="eSc_line_ec27dcd2"
                    BASELINE="356 1378 995 1368" 
                    HPOS="356"
                    VPOS="1368"
                    WIDTH="639"
                    HEIGHT="10">
	    <String CONTENT=""
                    HPOS="356"
                    VPOS="1368"
                    WIDTH="639"
                    HEIGHT="10"></String>
          </TextLine>
          <TextLine ID="eSc_line_db7cf414"
                    BASELINE="359 1417 986 1410" 
                    HPOS="359"
                    VPOS="1410"
                    WIDTH="627"
                    HEIGHT="7">
	    <String CONTENT=""
                    HPOS="359"
                    VPOS="1410"
                    WIDTH="627"
                    HEIGHT="7"></String>
          </TextLine>
          <TextLine ID="eSc_line_9fd983f7"
                    BASELINE="356 1459 997 1445" 
                    HPOS="356"
                    VPOS="1445"
                    WIDTH="641"
                    HEIGHT="14">
	    <String CONTENT=""
                    HPOS="356"
                    VPOS="1445"
                    WIDTH="641"
                    HEIGHT="14"></String>
          </TextLine>
          <TextLine ID="eSc_line_3fdbe46c"
                    BASELINE="364 1492 987 1484" 
                    HPOS="364"
                    VPOS="1484"
                    WIDTH="623"
                    HEIGHT="8">
	    <String CONTENT=""
                    HPOS="364"
                    VPOS="1484"
                    WIDTH="623"
                    HEIGHT="8"></String>
          </TextLine>
        </TextBlock>
      </PrintSpace>
    </Page>
  </Layout>
</alto>
