<?xml version="1.0" encoding="UTF-8"?>
<alto xmlns:xsi="http://www.w3.org/2001/XMLSchema-instance"
      xmlns="http://www.loc.gov/standards/alto/ns-v4#"
      xsi:schemaLocation="http://www.loc.gov/standards/alto/ns-v4# http://www.loc.gov/standards/alto/v4/alto-4-2.xsd">
  <Description>
    <MeasurementUnit>pixel</MeasurementUnit>
    <sourceImageInformation>
      <fileName>1782,_Poetische_Werke,_Fleischhauer,_Bd._2,_VD18_89276873-001_Seite_029_Bild_0001.jpg</fileName>
      <fileIdentifier>mets//export_doc3216_fleischahuer_2_alto_202504271704.zip/1782,_Poetische_Werke,_Fleischhauer,_Bd._2,_VD18_89276873-001_Seite_029_Bild_0001.jpg</fileIdentifier>
    </sourceImageInformation>
  </Description>
  <Tags>
    <OtherTag ID="BT1" LABEL="Title" DESCRIPTION="block type Title"/><OtherTag ID="BT2" LABEL="Main" DESCRIPTION="block type Main"/><OtherTag ID="BT3" LABEL="Commentary" DESCRIPTION="block type Commentary"/><OtherTag ID="BT4" LABEL="Illustration" DESCRIPTION="block type Illustration"/><OtherTag ID="BT3755" LABEL="header" DESCRIPTION="block type header"/><OtherTag ID="BT3756" LABEL="paragraph" DESCRIPTION="block type paragraph"/><OtherTag ID="BT3757" LABEL="heading" DESCRIPTION="block type heading"/><OtherTag ID="BT3758" LABEL="footnote" DESCRIPTION="block type footnote"/><OtherTag ID="BT3759" LABEL="l-column" DESCRIPTION="block type l-column"/><OtherTag ID="BT3760" LABEL="r-column" DESCRIPTION="block type r-column"/><OtherTag ID="BT3761" LABEL="marginalia" DESCRIPTION="block type marginalia"/><OtherTag ID="BT4125" LABEL="drop-capital" DESCRIPTION="block type drop-capital"/><OtherTag ID="BT4126" LABEL="catch-word" DESCRIPTION="block type catch-word"/><OtherTag ID="BT4127" LABEL="page-number" DESCRIPTION="block type page-number"/><OtherTag ID="BT4128" LABEL="signature-mark" DESCRIPTION="block type signature-mark"/><OtherTag ID="BT4129" LABEL="poem_lg" DESCRIPTION="block type poem_lg"/><OtherTag ID="BT4130" LABEL="endnote" DESCRIPTION="block type endnote"/>
  </Tags>
  <Layout>
    <Page WIDTH="1217"
          HEIGHT="2040"
          PHYSICAL_IMG_NR="189"
          ID="eSc_dummypage_">
      <PrintSpace HPOS="0"
                  VPOS="0"
                  WIDTH="1217"
                  HEIGHT="2040">
        <TextBlock HPOS="177.0"
                   VPOS="109.0"
                   WIDTH="81.0"
                   HEIGHT="56.0"
                   ID="region_1719324022784_348"
                   TAGREFS="BT3756">
          <Shape><Polygon POINTS="177 165 258 165 258 109 178 109"/></Shape>
          <TextLine ID="eSc_line_0b28cc50"
                    BASELINE="186 156 247 154" 
                    HPOS="186.0"
                    VPOS="154.0"
                    WIDTH="61.0"
                    HEIGHT="2.0">
	    <String CONTENT=""
                    HPOS="186.0"
                    VPOS="154.0"
                    WIDTH="61.0"
                    HEIGHT="2.0"></String>
          </TextLine>
        </TextBlock>
        <TextBlock HPOS="206.0"
                   VPOS="203.0"
                   WIDTH="869.0"
                   HEIGHT="193.0"
                   ID="region_1719324144162_366"
                   TAGREFS="BT3758">
          <Shape><Polygon POINTS="206 386 216 203 1075 222 1063 369 543 366 513 396"/></Shape>
          <TextLine ID="eSc_line_005b600c"
                    BASELINE="225 244 1061 262" 
                    HPOS="225.0"
                    VPOS="244.0"
                    WIDTH="836.0"
                    HEIGHT="18.0">
	    <String CONTENT=""
                    HPOS="225.0"
                    VPOS="244.0"
                    WIDTH="836.0"
                    HEIGHT="18.0"></String>
          </TextLine>
          <TextLine ID="eSc_line_24ac2515"
                    BASELINE="222 286 1062 307" 
                    HPOS="222.0"
                    VPOS="286.0"
                    WIDTH="840.0"
                    HEIGHT="21.0">
	    <String CONTENT=""
                    HPOS="222.0"
                    VPOS="286.0"
                    WIDTH="840.0"
                    HEIGHT="21.0"></String>
          </TextLine>
          <TextLine ID="eSc_line_0ee4243c"
                    BASELINE="220 336 1056 351" 
                    HPOS="220.0"
                    VPOS="336.0"
                    WIDTH="836.0"
                    HEIGHT="15.0">
	    <String CONTENT=""
                    HPOS="220.0"
                    VPOS="336.0"
                    WIDTH="836.0"
                    HEIGHT="15.0"></String>
          </TextLine>
          <TextLine ID="eSc_line_985fa06e"
                    BASELINE="213 375 508 390" 
                    HPOS="213.0"
                    VPOS="375.0"
                    WIDTH="295.0"
                    HEIGHT="15.0">
	    <String CONTENT=""
                    HPOS="213.0"
                    VPOS="375.0"
                    WIDTH="295.0"
                    HEIGHT="15.0"></String>
          </TextLine>
        </TextBlock>
        <TextBlock HPOS="355.0"
                   VPOS="100.0"
                   WIDTH="529.0"
                   HEIGHT="80.0"
                   ID="region_1719324028001_351"
                   TAGREFS="BT3756">
          <Shape><Polygon POINTS="356 170 884 180 884 100 355 100"/></Shape>
          <TextLine ID="eSc_line_63a66ad6"
                    BASELINE="364 157 876 164" 
                    HPOS="364.0"
                    VPOS="157.0"
                    WIDTH="512.0"
                    HEIGHT="7.0">
	    <String CONTENT=""
                    HPOS="364.0"
                    VPOS="157.0"
                    WIDTH="512.0"
                    HEIGHT="7.0"></String>
          </TextLine>
        </TextBlock>
        <TextBlock HPOS="177.0"
                   VPOS="410.0"
                   WIDTH="859.0"
                   HEIGHT="67.0"
                   ID="region_1719324154346_369"
                   TAGREFS="BT3758">
          <Shape><Polygon POINTS="177 460 181 410 1036 424 1034 477"/></Shape>
          <TextLine ID="eSc_line_745a600f"
                    BASELINE="184 448 1025 467" 
                    HPOS="184.0"
                    VPOS="448.0"
                    WIDTH="841.0"
                    HEIGHT="19.0">
	    <String CONTENT=""
                    HPOS="184.0"
                    VPOS="448.0"
                    WIDTH="841.0"
                    HEIGHT="19.0"></String>
          </TextLine>
        </TextBlock>
        <TextBlock HPOS="178.0"
                   VPOS="481.0"
                   WIDTH="893.0"
                   HEIGHT="479.0"
                   ID="region_1719324175234_372"
                   TAGREFS="BT3758">
          <Shape><Polygon POINTS="178 481 1056 489 1071 670 1055 935 200 960"/></Shape>
          <TextLine ID="eSc_line_7660f597"
                    BASELINE="185 521 1054 536" 
                    HPOS="185.0"
                    VPOS="521.0"
                    WIDTH="869.0"
                    HEIGHT="15.0">
	    <String CONTENT=""
                    HPOS="185.0"
                    VPOS="521.0"
                    WIDTH="869.0"
                    HEIGHT="15.0"></String>
          </TextLine>
          <TextLine ID="eSc_line_027fff5f"
                    BASELINE="210 563 1055 583" 
                    HPOS="210.0"
                    VPOS="563.0"
                    WIDTH="845.0"
                    HEIGHT="20.0">
	    <String CONTENT=""
                    HPOS="210.0"
                    VPOS="563.0"
                    WIDTH="845.0"
                    HEIGHT="20.0"></String>
          </TextLine>
          <TextLine ID="eSc_line_47bd5f0e"
                    BASELINE="209 606 1049 626" 
                    HPOS="209.0"
                    VPOS="606.0"
                    WIDTH="840.0"
                    HEIGHT="20.0">
	    <String CONTENT=""
                    HPOS="209.0"
                    VPOS="606.0"
                    WIDTH="840.0"
                    HEIGHT="20.0"></String>
          </TextLine>
          <TextLine ID="eSc_line_2d33ca3f"
                    BASELINE="210 658 1054 672" 
                    HPOS="210.0"
                    VPOS="658.0"
                    WIDTH="844.0"
                    HEIGHT="14.0">
	    <String CONTENT=""
                    HPOS="210.0"
                    VPOS="658.0"
                    WIDTH="844.0"
                    HEIGHT="14.0"></String>
          </TextLine>
          <TextLine ID="eSc_line_0c68fb7e"
                    BASELINE="210 705 1055 721" 
                    HPOS="210.0"
                    VPOS="705.0"
                    WIDTH="845.0"
                    HEIGHT="16.0">
	    <String CONTENT=""
                    HPOS="210.0"
                    VPOS="705.0"
                    WIDTH="845.0"
                    HEIGHT="16.0"></String>
          </TextLine>
          <TextLine ID="eSc_line_52829706"
                    BASELINE="213 751 1046 769" 
                    HPOS="213.0"
                    VPOS="751.0"
                    WIDTH="833.0"
                    HEIGHT="18.0">
	    <String CONTENT=""
                    HPOS="213.0"
                    VPOS="751.0"
                    WIDTH="833.0"
                    HEIGHT="18.0"></String>
          </TextLine>
          <TextLine ID="eSc_line_59eee217"
                    BASELINE="208 789 1047 812" 
                    HPOS="208.0"
                    VPOS="789.0"
                    WIDTH="839.0"
                    HEIGHT="23.0">
	    <String CONTENT=""
                    HPOS="208.0"
                    VPOS="789.0"
                    WIDTH="839.0"
                    HEIGHT="23.0"></String>
          </TextLine>
          <TextLine ID="eSc_line_cd70bd0f"
                    BASELINE="211 848 1051 865" 
                    HPOS="211.0"
                    VPOS="848.0"
                    WIDTH="840.0"
                    HEIGHT="17.0">
	    <String CONTENT=""
                    HPOS="211.0"
                    VPOS="848.0"
                    WIDTH="840.0"
                    HEIGHT="17.0"></String>
          </TextLine>
          <TextLine ID="eSc_line_68383f79"
                    BASELINE="206 899 1040 908" 
                    HPOS="206.0"
                    VPOS="899.0"
                    WIDTH="834.0"
                    HEIGHT="9.0">
	    <String CONTENT=""
                    HPOS="206.0"
                    VPOS="899.0"
                    WIDTH="834.0"
                    HEIGHT="9.0"></String>
          </TextLine>
          <TextLine ID="eSc_line_b56d4084"
                    BASELINE="205 943 472 943" 
                    HPOS="205.0"
                    VPOS="943.0"
                    WIDTH="267.0"
                    HEIGHT="0.0">
	    <String CONTENT=""
                    HPOS="205.0"
                    VPOS="943.0"
                    WIDTH="267.0"
                    HEIGHT="0.0"></String>
          </TextLine>
        </TextBlock>
        <TextBlock HPOS="162.0"
                   VPOS="985.0"
                   WIDTH="895.0"
                   HEIGHT="480.0"
                   ID="region_1719324190857_375"
                   TAGREFS="BT3758">
          <Shape><Polygon POINTS="162 985 1057 987 1057 1429 688 1436 636 1465 168 1465"/></Shape>
          <TextLine ID="eSc_line_90bf90c3"
                    BASELINE="172 1031 1042 1040" 
                    HPOS="172.0"
                    VPOS="1031.0"
                    WIDTH="870.0"
                    HEIGHT="9.0">
	    <String CONTENT=""
                    HPOS="172.0"
                    VPOS="1031.0"
                    WIDTH="870.0"
                    HEIGHT="9.0"></String>
          </TextLine>
          <TextLine ID="eSc_line_e1edf828"
                    BASELINE="199 1074 1039 1083" 
                    HPOS="199.0"
                    VPOS="1074.0"
                    WIDTH="840.0"
                    HEIGHT="9.0">
	    <String CONTENT=""
                    HPOS="199.0"
                    VPOS="1074.0"
                    WIDTH="840.0"
                    HEIGHT="9.0"></String>
          </TextLine>
          <TextLine ID="eSc_line_3ee5a747"
                    BASELINE="199 1117 1048 1129" 
                    HPOS="199.0"
                    VPOS="1117.0"
                    WIDTH="849.0"
                    HEIGHT="12.0">
	    <String CONTENT=""
                    HPOS="199.0"
                    VPOS="1117.0"
                    WIDTH="849.0"
                    HEIGHT="12.0"></String>
          </TextLine>
          <TextLine ID="eSc_line_a22027a4"
                    BASELINE="205 1163 1048 1178" 
                    HPOS="205.0"
                    VPOS="1163.0"
                    WIDTH="843.0"
                    HEIGHT="15.0">
	    <String CONTENT=""
                    HPOS="205.0"
                    VPOS="1163.0"
                    WIDTH="843.0"
                    HEIGHT="15.0"></String>
          </TextLine>
          <TextLine ID="eSc_line_124aec3d"
                    BASELINE="190 1203 1045 1221" 
                    HPOS="190.0"
                    VPOS="1203.0"
                    WIDTH="855.0"
                    HEIGHT="18.0">
	    <String CONTENT=""
                    HPOS="190.0"
                    VPOS="1203.0"
                    WIDTH="855.0"
                    HEIGHT="18.0"></String>
          </TextLine>
          <TextLine ID="eSc_line_acae317e"
                    BASELINE="197 1255 1045 1268" 
                    HPOS="197.0"
                    VPOS="1255.0"
                    WIDTH="848.0"
                    HEIGHT="13.0">
	    <String CONTENT=""
                    HPOS="197.0"
                    VPOS="1255.0"
                    WIDTH="848.0"
                    HEIGHT="13.0"></String>
          </TextLine>
          <TextLine ID="eSc_line_fbd91d2c"
                    BASELINE="197 1304 1043 1322" 
                    HPOS="197.0"
                    VPOS="1304.0"
                    WIDTH="846.0"
                    HEIGHT="18.0">
	    <String CONTENT=""
                    HPOS="197.0"
                    VPOS="1304.0"
                    WIDTH="846.0"
                    HEIGHT="18.0"></String>
          </TextLine>
          <TextLine ID="eSc_line_fc40ba41"
                    BASELINE="194 1351 1031 1369" 
                    HPOS="194.0"
                    VPOS="1351.0"
                    WIDTH="837.0"
                    HEIGHT="18.0">
	    <String CONTENT=""
                    HPOS="194.0"
                    VPOS="1351.0"
                    WIDTH="837.0"
                    HEIGHT="18.0"></String>
          </TextLine>
          <TextLine ID="eSc_line_d7ca2905"
                    BASELINE="197 1399 1037 1411" 
                    HPOS="197.0"
                    VPOS="1399.0"
                    WIDTH="840.0"
                    HEIGHT="12.0">
	    <String CONTENT=""
                    HPOS="197.0"
                    VPOS="1399.0"
                    WIDTH="840.0"
                    HEIGHT="12.0"></String>
          </TextLine>
          <TextLine ID="eSc_line_5352752b"
                    BASELINE="205 1445 649 1448" 
                    HPOS="205.0"
                    VPOS="1445.0"
                    WIDTH="444.0"
                    HEIGHT="3.0">
	    <String CONTENT=""
                    HPOS="205.0"
                    VPOS="1445.0"
                    WIDTH="444.0"
                    HEIGHT="3.0"></String>
          </TextLine>
        </TextBlock>
        <TextBlock HPOS="161.0"
                   VPOS="1481.0"
                   WIDTH="886.0"
                   HEIGHT="296.0"
                   ID="region_1719324211999_378"
                   TAGREFS="BT3758">
          <Shape><Polygon POINTS="161 1481 1045 1497 1047 1743 688 1742 694 1772 513 1777 164 1775"/></Shape>
          <TextLine ID="eSc_line_6c79c423"
                    BASELINE="166 1531 1034 1547" 
                    HPOS="166.0"
                    VPOS="1531.0"
                    WIDTH="868.0"
                    HEIGHT="16.0">
	    <String CONTENT=""
                    HPOS="166.0"
                    VPOS="1531.0"
                    WIDTH="868.0"
                    HEIGHT="16.0"></String>
          </TextLine>
          <TextLine ID="eSc_line_193d4e50"
                    BASELINE="197 1571 1040 1589" 
                    HPOS="197.0"
                    VPOS="1571.0"
                    WIDTH="843.0"
                    HEIGHT="18.0">
	    <String CONTENT=""
                    HPOS="197.0"
                    VPOS="1571.0"
                    WIDTH="843.0"
                    HEIGHT="18.0"></String>
          </TextLine>
          <TextLine ID="eSc_line_f207b887"
                    BASELINE="196 1615 1035 1637" 
                    HPOS="196.0"
                    VPOS="1615.0"
                    WIDTH="839.0"
                    HEIGHT="22.0">
	    <String CONTENT=""
                    HPOS="196.0"
                    VPOS="1615.0"
                    WIDTH="839.0"
                    HEIGHT="22.0"></String>
          </TextLine>
          <TextLine ID="eSc_line_3fd5b047"
                    BASELINE="189 1663 1037 1684" 
                    HPOS="189.0"
                    VPOS="1663.0"
                    WIDTH="848.0"
                    HEIGHT="21.0">
	    <String CONTENT=""
                    HPOS="189.0"
                    VPOS="1663.0"
                    WIDTH="848.0"
                    HEIGHT="21.0"></String>
          </TextLine>
          <TextLine ID="eSc_line_2292db47"
                    BASELINE="187 1707 1038 1729" 
                    HPOS="187.0"
                    VPOS="1707.0"
                    WIDTH="851.0"
                    HEIGHT="22.0">
	    <String CONTENT=""
                    HPOS="187.0"
                    VPOS="1707.0"
                    WIDTH="851.0"
                    HEIGHT="22.0"></String>
          </TextLine>
          <TextLine ID="eSc_line_6d54d853"
                    BASELINE="188 1762 684 1764" 
                    HPOS="188.0"
                    VPOS="1762.0"
                    WIDTH="496.0"
                    HEIGHT="2.0">
	    <String CONTENT=""
                    HPOS="188.0"
                    VPOS="1762.0"
                    WIDTH="496.0"
                    HEIGHT="2.0"></String>
          </TextLine>
        </TextBlock>
        <TextBlock HPOS="973.0"
                   VPOS="1787.0"
                   WIDTH="83.0"
                   HEIGHT="59.0"
                   ID="region_1719324037163_354"
                   TAGREFS="BT3756">
          <Shape><Polygon POINTS="973 1846 1056 1846 1056 1787 973 1787"/></Shape>
          <TextLine ID="eSc_line_9e967578"
                    BASELINE="985 1838 1042 1838" 
                    HPOS="985.0"
                    VPOS="1838.0"
                    WIDTH="57.0"
                    HEIGHT="0.0">
	    <String CONTENT=""
                    HPOS="985.0"
                    VPOS="1838.0"
                    WIDTH="57.0"
                    HEIGHT="0.0"></String>
          </TextLine>
        </TextBlock>
      </PrintSpace>
    </Page>
  </Layout>
</alto>
