<?xml version="1.0" encoding="UTF-8"?>
<alto xmlns:xsi="http://www.w3.org/2001/XMLSchema-instance"
      xmlns="http://www.loc.gov/standards/alto/ns-v4#"
      xsi:schemaLocation="http://www.loc.gov/standards/alto/ns-v4# http://www.loc.gov/standards/alto/v4/alto-4-2.xsd">
  <Description>
    <MeasurementUnit>pixel</MeasurementUnit>
    <sourceImageInformation>
      <fileName>1782,_Poetische_Werke,_Fleischhauer,_Bd._2,_VD18_89276873-001_Seite_070_Bild_0001.jpg</fileName>
      <fileIdentifier>mets//export_doc3216_fleischahuer_2_alto_202504271704.zip/1782,_Poetische_Werke,_Fleischhauer,_Bd._2,_VD18_89276873-001_Seite_070_Bild_0001.jpg</fileIdentifier>
    </sourceImageInformation>
  </Description>
  <Tags>
    <OtherTag ID="BT1" LABEL="Title" DESCRIPTION="block type Title"/><OtherTag ID="BT2" LABEL="Main" DESCRIPTION="block type Main"/><OtherTag ID="BT3" LABEL="Commentary" DESCRIPTION="block type Commentary"/><OtherTag ID="BT4" LABEL="Illustration" DESCRIPTION="block type Illustration"/><OtherTag ID="BT3755" LABEL="header" DESCRIPTION="block type header"/><OtherTag ID="BT3756" LABEL="paragraph" DESCRIPTION="block type paragraph"/><OtherTag ID="BT3757" LABEL="heading" DESCRIPTION="block type heading"/><OtherTag ID="BT3758" LABEL="footnote" DESCRIPTION="block type footnote"/><OtherTag ID="BT3759" LABEL="l-column" DESCRIPTION="block type l-column"/><OtherTag ID="BT3760" LABEL="r-column" DESCRIPTION="block type r-column"/><OtherTag ID="BT3761" LABEL="marginalia" DESCRIPTION="block type marginalia"/><OtherTag ID="BT4125" LABEL="drop-capital" DESCRIPTION="block type drop-capital"/><OtherTag ID="BT4126" LABEL="catch-word" DESCRIPTION="block type catch-word"/><OtherTag ID="BT4127" LABEL="page-number" DESCRIPTION="block type page-number"/><OtherTag ID="BT4128" LABEL="signature-mark" DESCRIPTION="block type signature-mark"/><OtherTag ID="BT4129" LABEL="poem_lg" DESCRIPTION="block type poem_lg"/><OtherTag ID="BT4130" LABEL="endnote" DESCRIPTION="block type endnote"/>
  </Tags>
  <Layout>
    <Page WIDTH="1216"
          HEIGHT="2035"
          PHYSICAL_IMG_NR="191"
          ID="eSc_dummypage_">
      <PrintSpace HPOS="0"
                  VPOS="0"
                  WIDTH="1216"
                  HEIGHT="2035">
        <TextBlock HPOS="169.0"
                   VPOS="221.0"
                   WIDTH="860.0"
                   HEIGHT="117.0"
                   ID="region_1719324511103_430"
                   TAGREFS="BT3757">
          <Shape><Polygon POINTS="176 323 169 221 1029 232 1026 338"/></Shape>
          <TextLine ID="eSc_line_c3700cba"
                    BASELINE="191 290 1003 316" 
                    HPOS="191.0"
                    VPOS="290.0"
                    WIDTH="812.0"
                    HEIGHT="26.0">
	    <String CONTENT=""
                    HPOS="191.0"
                    VPOS="290.0"
                    WIDTH="812.0"
                    HEIGHT="26.0"></String>
          </TextLine>
        </TextBlock>
        <TextBlock HPOS="113.0"
                   VPOS="400.0"
                   WIDTH="134.0"
                   HEIGHT="102.0"
                   ID="TextRegion_1719327368131_898"
                   TAGREFS="BT3756">
          <Shape><Polygon POINTS="113 400 243 402 245 415 247 455 243 488 240 496 238 502 155 500 114 500"/></Shape>
          <TextLine ID="eSc_line_dd42745e"
                    BASELINE="140 496 882 510" 
                    HPOS="140.0"
                    VPOS="496.0"
                    WIDTH="742.0"
                    HEIGHT="14.0">
	    <String CONTENT=""
                    HPOS="140.0"
                    VPOS="496.0"
                    WIDTH="742.0"
                    HEIGHT="14.0"></String>
          </TextLine>
        </TextBlock>
        <TextBlock HPOS="434.0"
                   VPOS="118.0"
                   WIDTH="307.0"
                   HEIGHT="84.0"
                   ID="region_1719324466578_424"
                   TAGREFS="BT3756">
          <Shape><Polygon POINTS="434 202 434 118 741 133 737 202"/></Shape>
          <TextLine ID="eSc_line_46522249"
                    BASELINE="448 189 716 192" 
                    HPOS="448.0"
                    VPOS="189.0"
                    WIDTH="268.0"
                    HEIGHT="3.0">
	    <String CONTENT=""
                    HPOS="448.0"
                    VPOS="189.0"
                    WIDTH="268.0"
                    HEIGHT="3.0"></String>
          </TextLine>
        </TextBlock>
        <TextBlock HPOS="114.0"
                   VPOS="402.0"
                   WIDTH="838.0"
                   HEIGHT="507.0"
                   ID="TextRegion_1719327368130_897"
                   TAGREFS="BT3756">
          <Shape><Polygon POINTS="243 402 952 414 920 909 119 882 114 500 155 500 238 502 240 496 243 488 247 455 245 415"/></Shape>
          <TextLine ID="eSc_line_608b1a60"
                    BASELINE="137 544 822 559" 
                    HPOS="137.0"
                    VPOS="544.0"
                    WIDTH="685.0"
                    HEIGHT="15.0">
	    <String CONTENT=""
                    HPOS="137.0"
                    VPOS="544.0"
                    WIDTH="685.0"
                    HEIGHT="15.0"></String>
          </TextLine>
          <TextLine ID="eSc_line_836a4069"
                    BASELINE="135 589 787 610" 
                    HPOS="135.0"
                    VPOS="589.0"
                    WIDTH="652.0"
                    HEIGHT="21.0">
	    <String CONTENT=""
                    HPOS="135.0"
                    VPOS="589.0"
                    WIDTH="652.0"
                    HEIGHT="21.0"></String>
          </TextLine>
          <TextLine ID="eSc_line_08330e91"
                    BASELINE="141 648 764 659" 
                    HPOS="141.0"
                    VPOS="648.0"
                    WIDTH="623.0"
                    HEIGHT="11.0">
	    <String CONTENT=""
                    HPOS="141.0"
                    VPOS="648.0"
                    WIDTH="623.0"
                    HEIGHT="11.0"></String>
          </TextLine>
          <TextLine ID="eSc_line_72800a3d"
                    BASELINE="134 696 847 721" 
                    HPOS="134.0"
                    VPOS="696.0"
                    WIDTH="713.0"
                    HEIGHT="25.0">
	    <String CONTENT=""
                    HPOS="134.0"
                    VPOS="696.0"
                    WIDTH="713.0"
                    HEIGHT="25.0"></String>
          </TextLine>
          <TextLine ID="eSc_line_631c25a0"
                    BASELINE="132 748 756 767" 
                    HPOS="132.0"
                    VPOS="748.0"
                    WIDTH="624.0"
                    HEIGHT="19.0">
	    <String CONTENT=""
                    HPOS="132.0"
                    VPOS="748.0"
                    WIDTH="624.0"
                    HEIGHT="19.0"></String>
          </TextLine>
          <TextLine ID="eSc_line_43026751"
                    BASELINE="131 802 838 827" 
                    HPOS="131.0"
                    VPOS="802.0"
                    WIDTH="707.0"
                    HEIGHT="25.0">
	    <String CONTENT=""
                    HPOS="131.0"
                    VPOS="802.0"
                    WIDTH="707.0"
                    HEIGHT="25.0"></String>
          </TextLine>
          <TextLine ID="eSc_line_37fd2fcc"
                    BASELINE="136 859 858 874" 
                    HPOS="136.0"
                    VPOS="859.0"
                    WIDTH="722.0"
                    HEIGHT="15.0">
	    <String CONTENT=""
                    HPOS="136.0"
                    VPOS="859.0"
                    WIDTH="722.0"
                    HEIGHT="15.0"></String>
          </TextLine>
        </TextBlock>
        <TextBlock HPOS="957.0"
                   VPOS="139.0"
                   WIDTH="91.0"
                   HEIGHT="80.0"
                   ID="region_1719324499152_427"
                   TAGREFS="BT3756">
          <Shape><Polygon POINTS="957 202 962 146 1022 139 1048 186 1024 219"/></Shape>
          <TextLine ID="eSc_line_40004988"
                    BASELINE="974 197 1023 201" 
                    HPOS="974.0"
                    VPOS="197.0"
                    WIDTH="49.0"
                    HEIGHT="4.0">
	    <String CONTENT=""
                    HPOS="974.0"
                    VPOS="197.0"
                    WIDTH="49.0"
                    HEIGHT="4.0"></String>
          </TextLine>
        </TextBlock>
        <TextBlock HPOS="97.0"
                   VPOS="991.0"
                   WIDTH="762.0"
                   HEIGHT="476.0"
                   ID="region_1719324533534_436"
                   TAGREFS="BT3756">
          <Shape><Polygon POINTS="97 1439 110 991 859 1016 825 1467"/></Shape>
          <TextLine ID="eSc_line_cf17628a"
                    BASELINE="191 1055 757 1070" 
                    HPOS="191.0"
                    VPOS="1055.0"
                    WIDTH="566.0"
                    HEIGHT="15.0">
	    <String CONTENT=""
                    HPOS="191.0"
                    VPOS="1055.0"
                    WIDTH="566.0"
                    HEIGHT="15.0"></String>
          </TextLine>
          <TextLine ID="eSc_line_1ed10c70"
                    BASELINE="125 1105 662 1117" 
                    HPOS="125.0"
                    VPOS="1105.0"
                    WIDTH="537.0"
                    HEIGHT="12.0">
	    <String CONTENT=""
                    HPOS="125.0"
                    VPOS="1105.0"
                    WIDTH="537.0"
                    HEIGHT="12.0"></String>
          </TextLine>
          <TextLine ID="eSc_line_a1aa5000"
                    BASELINE="124 1151 773 1173" 
                    HPOS="124.0"
                    VPOS="1151.0"
                    WIDTH="649.0"
                    HEIGHT="22.0">
	    <String CONTENT=""
                    HPOS="124.0"
                    VPOS="1151.0"
                    WIDTH="649.0"
                    HEIGHT="22.0"></String>
          </TextLine>
          <TextLine ID="eSc_line_6106267e"
                    BASELINE="117 1207 813 1230" 
                    HPOS="117.0"
                    VPOS="1207.0"
                    WIDTH="696.0"
                    HEIGHT="23.0">
	    <String CONTENT=""
                    HPOS="117.0"
                    VPOS="1207.0"
                    WIDTH="696.0"
                    HEIGHT="23.0"></String>
          </TextLine>
          <TextLine ID="eSc_line_6cf2a6d5"
                    BASELINE="115 1263 745 1284" 
                    HPOS="115.0"
                    VPOS="1263.0"
                    WIDTH="630.0"
                    HEIGHT="21.0">
	    <String CONTENT=""
                    HPOS="115.0"
                    VPOS="1263.0"
                    WIDTH="630.0"
                    HEIGHT="21.0"></String>
          </TextLine>
          <TextLine ID="eSc_line_9b6569fa"
                    BASELINE="120 1320 738 1334" 
                    HPOS="120.0"
                    VPOS="1320.0"
                    WIDTH="618.0"
                    HEIGHT="14.0">
	    <String CONTENT=""
                    HPOS="120.0"
                    VPOS="1320.0"
                    WIDTH="618.0"
                    HEIGHT="14.0"></String>
          </TextLine>
          <TextLine ID="eSc_line_97880412"
                    BASELINE="115 1368 716 1385" 
                    HPOS="115.0"
                    VPOS="1368.0"
                    WIDTH="601.0"
                    HEIGHT="17.0">
	    <String CONTENT=""
                    HPOS="115.0"
                    VPOS="1368.0"
                    WIDTH="601.0"
                    HEIGHT="17.0"></String>
          </TextLine>
          <TextLine ID="eSc_line_7703af16"
                    BASELINE="110 1417 746 1437" 
                    HPOS="110.0"
                    VPOS="1417.0"
                    WIDTH="636.0"
                    HEIGHT="20.0">
	    <String CONTENT=""
                    HPOS="110.0"
                    VPOS="1417.0"
                    WIDTH="636.0"
                    HEIGHT="20.0"></String>
          </TextLine>
        </TextBlock>
        <TextBlock HPOS="86.0"
                   VPOS="1555.0"
                   WIDTH="798.0"
                   HEIGHT="241.0"
                   ID="region_1719324575348_439"
                   TAGREFS="BT3756">
          <Shape><Polygon POINTS="96 1784 155 1778 240 1782 740 1796 772 1745 884 1741 861 1563 86 1555"/></Shape>
          <TextLine ID="eSc_line_bba4669d"
                    BASELINE="168 1614 756 1630" 
                    HPOS="168.0"
                    VPOS="1614.0"
                    WIDTH="588.0"
                    HEIGHT="16.0">
	    <String CONTENT=""
                    HPOS="168.0"
                    VPOS="1614.0"
                    WIDTH="588.0"
                    HEIGHT="16.0"></String>
          </TextLine>
          <TextLine ID="eSc_line_5623b00b"
                    BASELINE="97 1658 766 1689" 
                    HPOS="97.0"
                    VPOS="1658.0"
                    WIDTH="669.0"
                    HEIGHT="31.0">
	    <String CONTENT=""
                    HPOS="97.0"
                    VPOS="1658.0"
                    WIDTH="669.0"
                    HEIGHT="31.0"></String>
          </TextLine>
          <TextLine ID="eSc_line_31e3a0af"
                    BASELINE="102 1726 851 1735" 
                    HPOS="102.0"
                    VPOS="1726.0"
                    WIDTH="749.0"
                    HEIGHT="9.0">
	    <String CONTENT=""
                    HPOS="102.0"
                    VPOS="1726.0"
                    WIDTH="749.0"
                    HEIGHT="9.0"></String>
          </TextLine>
          <TextLine ID="eSc_line_3d9c8930"
                    BASELINE="103 1766 729 1790" 
                    HPOS="103.0"
                    VPOS="1766.0"
                    WIDTH="626.0"
                    HEIGHT="24.0">
	    <String CONTENT=""
                    HPOS="103.0"
                    VPOS="1766.0"
                    WIDTH="626.0"
                    HEIGHT="24.0"></String>
          </TextLine>
        </TextBlock>
        <TextBlock HPOS="131.0"
                   VPOS="1782.0"
                   WIDTH="618.0"
                   HEIGHT="74.0"
                   ID="region_1719324606676_442"
                   TAGREFS="BT3756">
          <Shape><Polygon POINTS="143 1838 131 1801 154 1787 170 1782 205 1788 378 1790 534 1794 739 1800 749 1856"/></Shape>
          <TextLine ID="eSc_line_3eccda85"
                    BASELINE="153 1833 729 1841" 
                    HPOS="153.0"
                    VPOS="1833.0"
                    WIDTH="576.0"
                    HEIGHT="8.0">
	    <String CONTENT=""
                    HPOS="153.0"
                    VPOS="1833.0"
                    WIDTH="576.0"
                    HEIGHT="8.0"></String>
          </TextLine>
        </TextBlock>
        <TextBlock HPOS="899.0"
                   VPOS="1787.0"
                   WIDTH="104.0"
                   HEIGHT="73.0"
                   ID="region_1719324616607_445"
                   TAGREFS="BT3756">
          <Shape><Polygon POINTS="903 1851 899 1787 1003 1798 985 1860"/></Shape>
          <TextLine ID="eSc_line_d9d3805c"
                    BASELINE="912 1843 977 1843" 
                    HPOS="912.0"
                    VPOS="1843.0"
                    WIDTH="65.0"
                    HEIGHT="0.0">
	    <String CONTENT=""
                    HPOS="912.0"
                    VPOS="1843.0"
                    WIDTH="65.0"
                    HEIGHT="0.0"></String>
          </TextLine>
        </TextBlock>
      </PrintSpace>
    </Page>
  </Layout>
</alto>
