<?xml version="1.0" encoding="UTF-8"?>
<alto xmlns:xsi="http://www.w3.org/2001/XMLSchema-instance"
      xmlns="http://www.loc.gov/standards/alto/ns-v4#"
      xsi:schemaLocation="http://www.loc.gov/standards/alto/ns-v4# http://www.loc.gov/standards/alto/v4/alto-4-2.xsd">
  <Description>
    <MeasurementUnit>pixel</MeasurementUnit>
    <sourceImageInformation>
      <fileName>1782,_Poetische_Werke,_Fleischhauer,_Bd._3,_VD18_89276881-001_Seite_123_Bild_0001.jpg</fileName>
      <fileIdentifier>mets//export_doc3216_fleischahuer_2_alto_202504271704.zip/1782,_Poetische_Werke,_Fleischhauer,_Bd._3,_VD18_89276881-001_Seite_123_Bild_0001.jpg</fileIdentifier>
    </sourceImageInformation>
  </Description>
  <Tags>
    <OtherTag ID="BT1" LABEL="Title" DESCRIPTION="block type Title"/><OtherTag ID="BT2" LABEL="Main" DESCRIPTION="block type Main"/><OtherTag ID="BT3" LABEL="Commentary" DESCRIPTION="block type Commentary"/><OtherTag ID="BT4" LABEL="Illustration" DESCRIPTION="block type Illustration"/><OtherTag ID="BT3755" LABEL="header" DESCRIPTION="block type header"/><OtherTag ID="BT3756" LABEL="paragraph" DESCRIPTION="block type paragraph"/><OtherTag ID="BT3757" LABEL="heading" DESCRIPTION="block type heading"/><OtherTag ID="BT3758" LABEL="footnote" DESCRIPTION="block type footnote"/><OtherTag ID="BT3759" LABEL="l-column" DESCRIPTION="block type l-column"/><OtherTag ID="BT3760" LABEL="r-column" DESCRIPTION="block type r-column"/><OtherTag ID="BT3761" LABEL="marginalia" DESCRIPTION="block type marginalia"/><OtherTag ID="BT4125" LABEL="drop-capital" DESCRIPTION="block type drop-capital"/><OtherTag ID="BT4126" LABEL="catch-word" DESCRIPTION="block type catch-word"/><OtherTag ID="BT4127" LABEL="page-number" DESCRIPTION="block type page-number"/><OtherTag ID="BT4128" LABEL="signature-mark" DESCRIPTION="block type signature-mark"/><OtherTag ID="BT4129" LABEL="poem_lg" DESCRIPTION="block type poem_lg"/><OtherTag ID="BT4130" LABEL="endnote" DESCRIPTION="block type endnote"/>
  </Tags>
  <Layout>
    <Page WIDTH="1160"
          HEIGHT="2025"
          PHYSICAL_IMG_NR="202"
          ID="eSc_dummypage_">
      <PrintSpace HPOS="0"
                  VPOS="0"
                  WIDTH="1160"
                  HEIGHT="2025">
        <TextBlock HPOS="169.0"
                   VPOS="115.0"
                   WIDTH="86.0"
                   HEIGHT="79.0"
                   ID="region_1720086400293_180"
                   TAGREFS="BT3756">
          <Shape><Polygon POINTS="169 127 174 194 255 173 248 115 194 116"/></Shape>
          <TextLine ID="eSc_line_bfc0395e"
                    BASELINE="180 165 246 162" 
                    HPOS="180.0"
                    VPOS="162.0"
                    WIDTH="66.0"
                    HEIGHT="3.0">
	    <String CONTENT=""
                    HPOS="180.0"
                    VPOS="162.0"
                    WIDTH="66.0"
                    HEIGHT="3.0"></String>
          </TextLine>
        </TextBlock>
        <TextBlock HPOS="174.0"
                   VPOS="202.0"
                   WIDTH="827.0"
                   HEIGHT="120.0"
                   ID="region_1720086425482_186"
                   TAGREFS="BT3756">
          <Shape><Polygon POINTS="174 210 174 322 1001 320 992 202 224 204"/></Shape>
          <TextLine ID="eSc_line_5c566b4d"
                    BASELINE="185 261 980 252" 
                    HPOS="185.0"
                    VPOS="252.0"
                    WIDTH="795.0"
                    HEIGHT="9.0">
	    <String CONTENT=""
                    HPOS="185.0"
                    VPOS="252.0"
                    WIDTH="795.0"
                    HEIGHT="9.0"></String>
          </TextLine>
          <TextLine ID="eSc_line_078faba6"
                    BASELINE="186 305 986 303" 
                    HPOS="186.0"
                    VPOS="303.0"
                    WIDTH="800.0"
                    HEIGHT="2.0">
	    <String CONTENT=""
                    HPOS="186.0"
                    VPOS="303.0"
                    WIDTH="800.0"
                    HEIGHT="2.0"></String>
          </TextLine>
        </TextBlock>
        <TextBlock HPOS="422.0"
                   VPOS="103.0"
                   WIDTH="394.0"
                   HEIGHT="65.0"
                   ID="region_1720086412314_183"
                   TAGREFS="BT3756">
          <Shape><Polygon POINTS="422 105 422 166 816 168 798 103"/></Shape>
          <TextLine ID="eSc_line_377d29fd"
                    BASELINE="429 160 800 156" 
                    HPOS="429.0"
                    VPOS="156.0"
                    WIDTH="371.0"
                    HEIGHT="4.0">
	    <String CONTENT=""
                    HPOS="429.0"
                    VPOS="156.0"
                    WIDTH="371.0"
                    HEIGHT="4.0"></String>
          </TextLine>
        </TextBlock>
        <TextBlock HPOS="174.0"
                   VPOS="488.0"
                   WIDTH="908.0"
                   HEIGHT="251.0"
                   ID="region_1720086447414_192"
                   TAGREFS="BT3756">
          <Shape><Polygon POINTS="174 514 179 739 980 738 1082 656 1046 488 241 496"/></Shape>
          <TextLine ID="eSc_line_3570a100"
                    BASELINE="251 567 1038 564" 
                    HPOS="251.0"
                    VPOS="564.0"
                    WIDTH="787.0"
                    HEIGHT="3.0">
	    <String CONTENT=""
                    HPOS="251.0"
                    VPOS="564.0"
                    WIDTH="787.0"
                    HEIGHT="3.0"></String>
          </TextLine>
          <TextLine ID="eSc_line_e56aebbf"
                    BASELINE="193 618 932 614" 
                    HPOS="193.0"
                    VPOS="614.0"
                    WIDTH="739.0"
                    HEIGHT="4.0">
	    <String CONTENT=""
                    HPOS="193.0"
                    VPOS="614.0"
                    WIDTH="739.0"
                    HEIGHT="4.0"></String>
          </TextLine>
          <TextLine ID="eSc_line_76edd2c2"
                    BASELINE="187 674 1028 675" 
                    HPOS="187.0"
                    VPOS="674.0"
                    WIDTH="841.0"
                    HEIGHT="1.0">
	    <String CONTENT=""
                    HPOS="187.0"
                    VPOS="674.0"
                    WIDTH="841.0"
                    HEIGHT="1.0"></String>
          </TextLine>
          <TextLine ID="eSc_line_19f7d791"
                    BASELINE="188 722 926 726" 
                    HPOS="188.0"
                    VPOS="722.0"
                    WIDTH="738.0"
                    HEIGHT="4.0">
	    <String CONTENT=""
                    HPOS="188.0"
                    VPOS="722.0"
                    WIDTH="738.0"
                    HEIGHT="4.0"></String>
          </TextLine>
        </TextBlock>
        <TextBlock HPOS="474.0"
                   VPOS="392.0"
                   WIDTH="295.0"
                   HEIGHT="71.0"
                   ID="region_1720086433411_189"
                   TAGREFS="BT3757">
          <Shape><Polygon POINTS="474 405 480 463 769 463 756 402 511 392"/></Shape>
          <TextLine ID="eSc_line_f1b8e08a"
                    BASELINE="485 455 752 454" 
                    HPOS="485.0"
                    VPOS="454.0"
                    WIDTH="267.0"
                    HEIGHT="1.0">
	    <String CONTENT=""
                    HPOS="485.0"
                    VPOS="454.0"
                    WIDTH="267.0"
                    HEIGHT="1.0"></String>
          </TextLine>
        </TextBlock>
        <TextBlock HPOS="174.0"
                   VPOS="918.0"
                   WIDTH="946.0"
                   HEIGHT="250.0"
                   ID="region_1720086472875_198"
                   TAGREFS="BT3756">
          <Shape><Polygon POINTS="176 918 174 1168 1120 1163 1098 924"/></Shape>
          <TextLine ID="eSc_line_d1e88a31"
                    BASELINE="258 984 1082 984" 
                    HPOS="258.0"
                    VPOS="984.0"
                    WIDTH="824.0"
                    HEIGHT="0.0">
	    <String CONTENT=""
                    HPOS="258.0"
                    VPOS="984.0"
                    WIDTH="824.0"
                    HEIGHT="0.0"></String>
          </TextLine>
          <TextLine ID="eSc_line_44aacf76"
                    BASELINE="194 1030 910 1033" 
                    HPOS="194.0"
                    VPOS="1030.0"
                    WIDTH="716.0"
                    HEIGHT="3.0">
	    <String CONTENT=""
                    HPOS="194.0"
                    VPOS="1030.0"
                    WIDTH="716.0"
                    HEIGHT="3.0"></String>
          </TextLine>
          <TextLine ID="eSc_line_b1eab601"
                    BASELINE="198 1086 1031 1086" 
                    HPOS="198.0"
                    VPOS="1086.0"
                    WIDTH="833.0"
                    HEIGHT="0.0">
	    <String CONTENT=""
                    HPOS="198.0"
                    VPOS="1086.0"
                    WIDTH="833.0"
                    HEIGHT="0.0"></String>
          </TextLine>
          <TextLine ID="eSc_line_5f41c7f2"
                    BASELINE="200 1141 1049 1142" 
                    HPOS="200.0"
                    VPOS="1141.0"
                    WIDTH="849.0"
                    HEIGHT="1.0">
	    <String CONTENT=""
                    HPOS="200.0"
                    VPOS="1141.0"
                    WIDTH="849.0"
                    HEIGHT="1.0"></String>
          </TextLine>
        </TextBlock>
        <TextBlock HPOS="468.0"
                   VPOS="809.0"
                   WIDTH="337.0"
                   HEIGHT="73.0"
                   ID="region_1720086464293_195"
                   TAGREFS="BT3757">
          <Shape><Polygon POINTS="468 813 472 882 805 882 798 809"/></Shape>
          <TextLine ID="eSc_line_3851aed6"
                    BASELINE="482 867 788 865" 
                    HPOS="482.0"
                    VPOS="865.0"
                    WIDTH="306.0"
                    HEIGHT="2.0">
	    <String CONTENT=""
                    HPOS="482.0"
                    VPOS="865.0"
                    WIDTH="306.0"
                    HEIGHT="2.0"></String>
          </TextLine>
        </TextBlock>
        <TextBlock HPOS="1023.0"
                   VPOS="1746.0"
                   WIDTH="98.0"
                   HEIGHT="86.0"
                   ID="region_1720086528663_215"
                   TAGREFS="BT3756">
          <Shape><Polygon POINTS="1023 1746 1023 1832 1115 1831 1121 1756"/></Shape>
          <TextLine ID="eSc_line_cdd58815"
                    BASELINE="1031 1820 1113 1817" 
                    HPOS="1031.0"
                    VPOS="1817.0"
                    WIDTH="82.0"
                    HEIGHT="3.0">
	    <String CONTENT=""
                    HPOS="1031.0"
                    VPOS="1817.0"
                    WIDTH="82.0"
                    HEIGHT="3.0"></String>
          </TextLine>
        </TextBlock>
      </PrintSpace>
    </Page>
  </Layout>
</alto>
