<?xml version="1.0" encoding="UTF-8"?>
<alto xmlns:xsi="http://www.w3.org/2001/XMLSchema-instance"
      xmlns="http://www.loc.gov/standards/alto/ns-v4#"
      xsi:schemaLocation="http://www.loc.gov/standards/alto/ns-v4# http://www.loc.gov/standards/alto/v4/alto-4-2.xsd">
  <Description>
    <MeasurementUnit>pixel</MeasurementUnit>
    <sourceImageInformation>
      <fileName>1782,_Poetische_Werke,_Fleischhauer,_Bd._2,_VD18_89276873-001_Seite_047_Bild_0001.jpg</fileName>
      <fileIdentifier>mets//export_doc3216_fleischahuer_2_alto_202504271704.zip/1782,_Poetische_Werke,_Fleischhauer,_Bd._2,_VD18_89276873-001_Seite_047_Bild_0001.jpg</fileIdentifier>
    </sourceImageInformation>
  </Description>
  <Tags>
    <OtherTag ID="BT1" LABEL="Title" DESCRIPTION="block type Title"/><OtherTag ID="BT2" LABEL="Main" DESCRIPTION="block type Main"/><OtherTag ID="BT3" LABEL="Commentary" DESCRIPTION="block type Commentary"/><OtherTag ID="BT4" LABEL="Illustration" DESCRIPTION="block type Illustration"/><OtherTag ID="BT3755" LABEL="header" DESCRIPTION="block type header"/><OtherTag ID="BT3756" LABEL="paragraph" DESCRIPTION="block type paragraph"/><OtherTag ID="BT3757" LABEL="heading" DESCRIPTION="block type heading"/><OtherTag ID="BT3758" LABEL="footnote" DESCRIPTION="block type footnote"/><OtherTag ID="BT3759" LABEL="l-column" DESCRIPTION="block type l-column"/><OtherTag ID="BT3760" LABEL="r-column" DESCRIPTION="block type r-column"/><OtherTag ID="BT3761" LABEL="marginalia" DESCRIPTION="block type marginalia"/><OtherTag ID="BT4125" LABEL="drop-capital" DESCRIPTION="block type drop-capital"/><OtherTag ID="BT4126" LABEL="catch-word" DESCRIPTION="block type catch-word"/><OtherTag ID="BT4127" LABEL="page-number" DESCRIPTION="block type page-number"/><OtherTag ID="BT4128" LABEL="signature-mark" DESCRIPTION="block type signature-mark"/><OtherTag ID="BT4129" LABEL="poem_lg" DESCRIPTION="block type poem_lg"/><OtherTag ID="BT4130" LABEL="endnote" DESCRIPTION="block type endnote"/>
  </Tags>
  <Layout>
    <Page WIDTH="1204"
          HEIGHT="2035"
          PHYSICAL_IMG_NR="190"
          ID="eSc_dummypage_">
      <PrintSpace HPOS="0"
                  VPOS="0"
                  WIDTH="1204"
                  HEIGHT="2035">
        <TextBlock HPOS="199.0"
                   VPOS="134.0"
                   WIDTH="97.0"
                   HEIGHT="60.0"
                   ID="region_1719324270185_385"
                   TAGREFS="BT3756">
          <Shape><Polygon POINTS="199 190 206 136 296 134 291 194"/></Shape>
          <TextLine ID="eSc_line_1cc4bc17"
                    BASELINE="217 173 275 175" 
                    HPOS="217.0"
                    VPOS="173.0"
                    WIDTH="58.0"
                    HEIGHT="2.0">
	    <String CONTENT=""
                    HPOS="217.0"
                    VPOS="173.0"
                    WIDTH="58.0"
                    HEIGHT="2.0"></String>
          </TextLine>
        </TextBlock>
        <TextBlock HPOS="198.0"
                   VPOS="218.0"
                   WIDTH="798.0"
                   HEIGHT="340.0"
                   ID="region_1719324297406_391"
                   TAGREFS="BT3756">
          <Shape><Polygon POINTS="201 558 198 263 276 218 889 218 925 367 994 389 996 446 967 537"/></Shape>
          <TextLine ID="eSc_line_69e587e8"
                    BASELINE="280 267 834 262" 
                    HPOS="280.0"
                    VPOS="262.0"
                    WIDTH="554.0"
                    HEIGHT="5.0">
	    <String CONTENT=""
                    HPOS="280.0"
                    VPOS="262.0"
                    WIDTH="554.0"
                    HEIGHT="5.0"></String>
          </TextLine>
          <TextLine ID="eSc_line_d4a4bbb3"
                    BASELINE="216 320 858 317" 
                    HPOS="216.0"
                    VPOS="317.0"
                    WIDTH="642.0"
                    HEIGHT="3.0">
	    <String CONTENT=""
                    HPOS="216.0"
                    VPOS="317.0"
                    WIDTH="642.0"
                    HEIGHT="3.0"></String>
          </TextLine>
          <TextLine ID="eSc_line_4ee764f8"
                    BASELINE="215 375 780 367" 
                    HPOS="215.0"
                    VPOS="367.0"
                    WIDTH="565.0"
                    HEIGHT="8.0">
	    <String CONTENT=""
                    HPOS="215.0"
                    VPOS="367.0"
                    WIDTH="565.0"
                    HEIGHT="8.0"></String>
          </TextLine>
          <TextLine ID="eSc_line_4bd7fa4f"
                    BASELINE="212 431 954 420" 
                    HPOS="212.0"
                    VPOS="420.0"
                    WIDTH="742.0"
                    HEIGHT="11.0">
	    <String CONTENT=""
                    HPOS="212.0"
                    VPOS="420.0"
                    WIDTH="742.0"
                    HEIGHT="11.0"></String>
          </TextLine>
          <TextLine ID="eSc_line_4d008535"
                    BASELINE="214 477 889 473" 
                    HPOS="214.0"
                    VPOS="473.0"
                    WIDTH="675.0"
                    HEIGHT="4.0">
	    <String CONTENT=""
                    HPOS="214.0"
                    VPOS="473.0"
                    WIDTH="675.0"
                    HEIGHT="4.0"></String>
          </TextLine>
          <TextLine ID="eSc_line_b980d020"
                    BASELINE="217 537 788 531" 
                    HPOS="217.0"
                    VPOS="531.0"
                    WIDTH="571.0"
                    HEIGHT="6.0">
	    <String CONTENT=""
                    HPOS="217.0"
                    VPOS="531.0"
                    WIDTH="571.0"
                    HEIGHT="6.0"></String>
          </TextLine>
        </TextBlock>
        <TextBlock HPOS="377.0"
                   VPOS="114.0"
                   WIDTH="544.0"
                   HEIGHT="79.0"
                   ID="region_1719324280137_388"
                   TAGREFS="BT3756">
          <Shape><Polygon POINTS="377 193 379 114 914 114 921 185"/></Shape>
          <TextLine ID="eSc_line_e1d4700d"
                    BASELINE="390 173 902 166" 
                    HPOS="390.0"
                    VPOS="166.0"
                    WIDTH="512.0"
                    HEIGHT="7.0">
	    <String CONTENT=""
                    HPOS="390.0"
                    VPOS="166.0"
                    WIDTH="512.0"
                    HEIGHT="7.0"></String>
          </TextLine>
        </TextBlock>
        <TextBlock HPOS="202.0"
                   VPOS="608.0"
                   WIDTH="841.0"
                   HEIGHT="339.0"
                   ID="region_1719324308448_394"
                   TAGREFS="BT3756">
          <Shape><Polygon POINTS="202 947 204 679 282 614 1041 608 1043 936"/></Shape>
          <TextLine ID="eSc_line_74c2100d"
                    BASELINE="280 664 1007 660" 
                    HPOS="280.0"
                    VPOS="660.0"
                    WIDTH="727.0"
                    HEIGHT="4.0">
	    <String CONTENT=""
                    HPOS="280.0"
                    VPOS="660.0"
                    WIDTH="727.0"
                    HEIGHT="4.0"></String>
          </TextLine>
          <TextLine ID="eSc_line_ae257257"
                    BASELINE="219 723 985 711" 
                    HPOS="219.0"
                    VPOS="711.0"
                    WIDTH="766.0"
                    HEIGHT="12.0">
	    <String CONTENT=""
                    HPOS="219.0"
                    VPOS="711.0"
                    WIDTH="766.0"
                    HEIGHT="12.0"></String>
          </TextLine>
          <TextLine ID="eSc_line_47270d59"
                    BASELINE="216 771 786 764" 
                    HPOS="216.0"
                    VPOS="764.0"
                    WIDTH="570.0"
                    HEIGHT="7.0">
	    <String CONTENT=""
                    HPOS="216.0"
                    VPOS="764.0"
                    WIDTH="570.0"
                    HEIGHT="7.0"></String>
          </TextLine>
          <TextLine ID="eSc_line_52bb2db5"
                    BASELINE="215 823 845 821" 
                    HPOS="215.0"
                    VPOS="821.0"
                    WIDTH="630.0"
                    HEIGHT="2.0">
	    <String CONTENT=""
                    HPOS="215.0"
                    VPOS="821.0"
                    WIDTH="630.0"
                    HEIGHT="2.0"></String>
          </TextLine>
          <TextLine ID="eSc_line_d1e42a8f"
                    BASELINE="218 880 749 875" 
                    HPOS="218.0"
                    VPOS="875.0"
                    WIDTH="531.0"
                    HEIGHT="5.0">
	    <String CONTENT=""
                    HPOS="218.0"
                    VPOS="875.0"
                    WIDTH="531.0"
                    HEIGHT="5.0"></String>
          </TextLine>
          <TextLine ID="eSc_line_c5e26042"
                    BASELINE="215 930 794 921" 
                    HPOS="215.0"
                    VPOS="921.0"
                    WIDTH="579.0"
                    HEIGHT="9.0">
	    <String CONTENT=""
                    HPOS="215.0"
                    VPOS="921.0"
                    WIDTH="579.0"
                    HEIGHT="9.0"></String>
          </TextLine>
        </TextBlock>
        <TextBlock HPOS="202.0"
                   VPOS="989.0"
                   WIDTH="916.0"
                   HEIGHT="242.0"
                   ID="eSc_textblock_ce98e563"
                   TAGREFS="BT3758">
          <Shape><Polygon POINTS="202 990 202 1231 1118 1231 1118 989"/></Shape>
          <TextLine ID="eSc_line_01c0eb72"
                    BASELINE="218 1038 1093 1028" 
                    HPOS="218.0"
                    VPOS="1028.0"
                    WIDTH="875.0"
                    HEIGHT="10.0">
	    <String CONTENT=""
                    HPOS="218.0"
                    VPOS="1028.0"
                    WIDTH="875.0"
                    HEIGHT="10.0"></String>
          </TextLine>
          <TextLine ID="eSc_line_e1f90ff2"
                    BASELINE="255 1083 1089 1074" 
                    HPOS="255.0"
                    VPOS="1074.0"
                    WIDTH="834.0"
                    HEIGHT="9.0">
	    <String CONTENT=""
                    HPOS="255.0"
                    VPOS="1074.0"
                    WIDTH="834.0"
                    HEIGHT="9.0"></String>
          </TextLine>
          <TextLine ID="eSc_line_f4471e40"
                    BASELINE="253 1133 1087 1119" 
                    HPOS="253.0"
                    VPOS="1119.0"
                    WIDTH="834.0"
                    HEIGHT="14.0">
	    <String CONTENT=""
                    HPOS="253.0"
                    VPOS="1119.0"
                    WIDTH="834.0"
                    HEIGHT="14.0"></String>
          </TextLine>
          <TextLine ID="eSc_line_a1d722d5"
                    BASELINE="254 1182 1090 1167" 
                    HPOS="254.0"
                    VPOS="1167.0"
                    WIDTH="836.0"
                    HEIGHT="15.0">
	    <String CONTENT=""
                    HPOS="254.0"
                    VPOS="1167.0"
                    WIDTH="836.0"
                    HEIGHT="15.0"></String>
          </TextLine>
          <TextLine ID="eSc_line_66b197d6"
                    BASELINE="246 1223 886 1214" 
                    HPOS="246.0"
                    VPOS="1214.0"
                    WIDTH="640.0"
                    HEIGHT="9.0">
	    <String CONTENT=""
                    HPOS="246.0"
                    VPOS="1214.0"
                    WIDTH="640.0"
                    HEIGHT="9.0"></String>
          </TextLine>
        </TextBlock>
        <TextBlock HPOS="284.0"
                   VPOS="1262.0"
                   WIDTH="830.0"
                   HEIGHT="283.0"
                   ID="eSc_textblock_76457715"
                   TAGREFS="BT3758">
          <Shape><Polygon POINTS="284 1262 284 1545 1114 1545 1114 1262"/></Shape>
          <TextLine ID="eSc_line_472d0b72"
                    BASELINE="290 1303 1032 1301" 
                    HPOS="290.0"
                    VPOS="1301.0"
                    WIDTH="742.0"
                    HEIGHT="2.0">
	    <String CONTENT=""
                    HPOS="290.0"
                    VPOS="1301.0"
                    WIDTH="742.0"
                    HEIGHT="2.0"></String>
          </TextLine>
          <TextLine ID="eSc_line_d7ea93eb"
                    BASELINE="294 1345 1058 1346" 
                    HPOS="294.0"
                    VPOS="1345.0"
                    WIDTH="764.0"
                    HEIGHT="1.0">
	    <String CONTENT=""
                    HPOS="294.0"
                    VPOS="1345.0"
                    WIDTH="764.0"
                    HEIGHT="1.0"></String>
          </TextLine>
          <TextLine ID="eSc_line_adf86c86"
                    BASELINE="293 1398 1089 1397" 
                    HPOS="293.0"
                    VPOS="1397.0"
                    WIDTH="796.0"
                    HEIGHT="1.0">
	    <String CONTENT=""
                    HPOS="293.0"
                    VPOS="1397.0"
                    WIDTH="796.0"
                    HEIGHT="1.0"></String>
          </TextLine>
          <TextLine ID="eSc_line_250f6549"
                    BASELINE="296 1441 1065 1435" 
                    HPOS="296.0"
                    VPOS="1435.0"
                    WIDTH="769.0"
                    HEIGHT="6.0">
	    <String CONTENT=""
                    HPOS="296.0"
                    VPOS="1435.0"
                    WIDTH="769.0"
                    HEIGHT="6.0"></String>
          </TextLine>
          <TextLine ID="eSc_line_381f0651"
                    BASELINE="291 1489 993 1479" 
                    HPOS="291.0"
                    VPOS="1479.0"
                    WIDTH="702.0"
                    HEIGHT="10.0">
	    <String CONTENT=""
                    HPOS="291.0"
                    VPOS="1479.0"
                    WIDTH="702.0"
                    HEIGHT="10.0"></String>
          </TextLine>
          <TextLine ID="eSc_line_ed93fa08"
                    BASELINE="290 1534 929 1525" 
                    HPOS="290.0"
                    VPOS="1525.0"
                    WIDTH="639.0"
                    HEIGHT="9.0">
	    <String CONTENT=""
                    HPOS="290.0"
                    VPOS="1525.0"
                    WIDTH="639.0"
                    HEIGHT="9.0"></String>
          </TextLine>
        </TextBlock>
        <TextBlock HPOS="244.0"
                   VPOS="1573.0"
                   WIDTH="827.0"
                   HEIGHT="56.0"
                   ID="eSc_textblock_c8d5a98a"
                   TAGREFS="BT3758">
          <Shape><Polygon POINTS="244 1573 244 1629 1071 1629 1071 1573"/></Shape>
          <TextLine ID="eSc_line_8e58d7fa"
                    BASELINE="255 1617 1044 1608" 
                    HPOS="255.0"
                    VPOS="1608.0"
                    WIDTH="789.0"
                    HEIGHT="9.0">
	    <String CONTENT=""
                    HPOS="255.0"
                    VPOS="1608.0"
                    WIDTH="789.0"
                    HEIGHT="9.0"></String>
          </TextLine>
        </TextBlock>
        <TextBlock HPOS="999.0"
                   VPOS="1750.0"
                   WIDTH="119.0"
                   HEIGHT="79.0"
                   ID="region_1719324346208_403"
                   TAGREFS="BT3756">
          <Shape><Polygon POINTS="1002 1829 999 1765 1113 1750 1118 1822"/></Shape>
          <TextLine ID="eSc_line_d1f14676"
                    BASELINE="1007 1816 1106 1813" 
                    HPOS="1007.0"
                    VPOS="1813.0"
                    WIDTH="99.0"
                    HEIGHT="3.0">
	    <String CONTENT=""
                    HPOS="1007.0"
                    VPOS="1813.0"
                    WIDTH="99.0"
                    HEIGHT="3.0"></String>
          </TextLine>
        </TextBlock>
      </PrintSpace>
    </Page>
  </Layout>
</alto>
