<?xml version="1.0" encoding="UTF-8"?>
<alto xmlns:xsi="http://www.w3.org/2001/XMLSchema-instance"
      xmlns="http://www.loc.gov/standards/alto/ns-v4#"
      xsi:schemaLocation="http://www.loc.gov/standards/alto/ns-v4# http://www.loc.gov/standards/alto/v4/alto-4-2.xsd">
  <Description>
    <MeasurementUnit>pixel</MeasurementUnit>
    <sourceImageInformation>
      <fileName>1782,_Poetische_Werke,_Fleischhauer,_Bd._2,_VD18_89276873-001_Seite_299_Bild_0001.jpg</fileName>
      <fileIdentifier>mets//export_doc3216_fleischahuer_2_alto_202504271704.zip/1782,_Poetische_Werke,_Fleischhauer,_Bd._2,_VD18_89276873-001_Seite_299_Bild_0001.jpg</fileIdentifier>
    </sourceImageInformation>
  </Description>
  <Tags>
    <OtherTag ID="BT1" LABEL="Title" DESCRIPTION="block type Title"/><OtherTag ID="BT2" LABEL="Main" DESCRIPTION="block type Main"/><OtherTag ID="BT3" LABEL="Commentary" DESCRIPTION="block type Commentary"/><OtherTag ID="BT4" LABEL="Illustration" DESCRIPTION="block type Illustration"/><OtherTag ID="BT3755" LABEL="header" DESCRIPTION="block type header"/><OtherTag ID="BT3756" LABEL="paragraph" DESCRIPTION="block type paragraph"/><OtherTag ID="BT3757" LABEL="heading" DESCRIPTION="block type heading"/><OtherTag ID="BT3758" LABEL="footnote" DESCRIPTION="block type footnote"/><OtherTag ID="BT3759" LABEL="l-column" DESCRIPTION="block type l-column"/><OtherTag ID="BT3760" LABEL="r-column" DESCRIPTION="block type r-column"/><OtherTag ID="BT3761" LABEL="marginalia" DESCRIPTION="block type marginalia"/><OtherTag ID="BT4125" LABEL="drop-capital" DESCRIPTION="block type drop-capital"/><OtherTag ID="BT4126" LABEL="catch-word" DESCRIPTION="block type catch-word"/><OtherTag ID="BT4127" LABEL="page-number" DESCRIPTION="block type page-number"/><OtherTag ID="BT4128" LABEL="signature-mark" DESCRIPTION="block type signature-mark"/><OtherTag ID="BT4129" LABEL="poem_lg" DESCRIPTION="block type poem_lg"/><OtherTag ID="BT4130" LABEL="endnote" DESCRIPTION="block type endnote"/>
  </Tags>
  <Layout>
    <Page WIDTH="1178"
          HEIGHT="2032"
          PHYSICAL_IMG_NR="197"
          ID="eSc_dummypage_">
      <PrintSpace HPOS="0"
                  VPOS="0"
                  WIDTH="1178"
                  HEIGHT="2032">
        <TextBlock HPOS="174.0"
                   VPOS="120.0"
                   WIDTH="143.0"
                   HEIGHT="75.0"
                   ID="region_1719326494908_739"
                   TAGREFS="BT3756">
          <Shape><Polygon POINTS="310 193 317 120 174 130 195 195"/></Shape>
          <TextLine ID="eSc_line_e93ddc96"
                    BASELINE="208 179 295 176" 
                    HPOS="208.0"
                    VPOS="176.0"
                    WIDTH="87.0"
                    HEIGHT="3.0">
	    <String CONTENT=""
                    HPOS="208.0"
                    VPOS="176.0"
                    WIDTH="87.0"
                    HEIGHT="3.0"></String>
          </TextLine>
        </TextBlock>
        <TextBlock HPOS="178.0"
                   VPOS="214.0"
                   WIDTH="940.0"
                   HEIGHT="1350.0"
                   ID="region_1719326529597_745"
                   TAGREFS="BT3756">
          <Shape><Polygon POINTS="189 1564 178 227 1095 214 1118 1545"/></Shape>
          <TextLine ID="eSc_line_5b60c34a"
                    BASELINE="235 265 1048 254" 
                    HPOS="235.0"
                    VPOS="254.0"
                    WIDTH="813.0"
                    HEIGHT="11.0">
	    <String CONTENT=""
                    HPOS="235.0"
                    VPOS="254.0"
                    WIDTH="813.0"
                    HEIGHT="11.0"></String>
          </TextLine>
          <TextLine ID="eSc_line_adc379d2"
                    BASELINE="384 311 910 303" 
                    HPOS="384.0"
                    VPOS="303.0"
                    WIDTH="526.0"
                    HEIGHT="8.0">
	    <String CONTENT=""
                    HPOS="384.0"
                    VPOS="303.0"
                    WIDTH="526.0"
                    HEIGHT="8.0"></String>
          </TextLine>
          <TextLine ID="eSc_line_b663570b"
                    BASELINE="235 368 1068 360" 
                    HPOS="235.0"
                    VPOS="360.0"
                    WIDTH="833.0"
                    HEIGHT="8.0">
	    <String CONTENT=""
                    HPOS="235.0"
                    VPOS="360.0"
                    WIDTH="833.0"
                    HEIGHT="8.0"></String>
          </TextLine>
          <TextLine ID="eSc_line_5095db26"
                    BASELINE="441 411 877 413" 
                    HPOS="441.0"
                    VPOS="411.0"
                    WIDTH="436.0"
                    HEIGHT="2.0">
	    <String CONTENT=""
                    HPOS="441.0"
                    VPOS="411.0"
                    WIDTH="436.0"
                    HEIGHT="2.0"></String>
          </TextLine>
          <TextLine ID="eSc_line_11a8b200"
                    BASELINE="206 480 761 476" 
                    HPOS="206.0"
                    VPOS="476.0"
                    WIDTH="555.0"
                    HEIGHT="4.0">
	    <String CONTENT=""
                    HPOS="206.0"
                    VPOS="476.0"
                    WIDTH="555.0"
                    HEIGHT="4.0"></String>
          </TextLine>
          <TextLine ID="eSc_line_0f4591d0"
                    BASELINE="212 520 707 518" 
                    HPOS="212.0"
                    VPOS="518.0"
                    WIDTH="495.0"
                    HEIGHT="2.0">
	    <String CONTENT=""
                    HPOS="212.0"
                    VPOS="518.0"
                    WIDTH="495.0"
                    HEIGHT="2.0"></String>
          </TextLine>
          <TextLine ID="eSc_line_71877eaa"
                    BASELINE="205 566 1094 563" 
                    HPOS="205.0"
                    VPOS="563.0"
                    WIDTH="889.0"
                    HEIGHT="3.0">
	    <String CONTENT=""
                    HPOS="205.0"
                    VPOS="563.0"
                    WIDTH="889.0"
                    HEIGHT="3.0"></String>
          </TextLine>
          <TextLine ID="eSc_line_40aaccad"
                    BASELINE="205 618 1091 612" 
                    HPOS="205.0"
                    VPOS="612.0"
                    WIDTH="886.0"
                    HEIGHT="6.0">
	    <String CONTENT=""
                    HPOS="205.0"
                    VPOS="612.0"
                    WIDTH="886.0"
                    HEIGHT="6.0"></String>
          </TextLine>
          <TextLine ID="eSc_line_5117b550"
                    BASELINE="620 658 746 659" 
                    HPOS="620.0"
                    VPOS="658.0"
                    WIDTH="126.0"
                    HEIGHT="1.0">
	    <String CONTENT=""
                    HPOS="620.0"
                    VPOS="658.0"
                    WIDTH="126.0"
                    HEIGHT="1.0"></String>
          </TextLine>
          <TextLine ID="eSc_line_56fbf5d2"
                    BASELINE="210 704 1093 701" 
                    HPOS="210.0"
                    VPOS="701.0"
                    WIDTH="883.0"
                    HEIGHT="3.0">
	    <String CONTENT=""
                    HPOS="210.0"
                    VPOS="701.0"
                    WIDTH="883.0"
                    HEIGHT="3.0"></String>
          </TextLine>
          <TextLine ID="eSc_line_b36054a6"
                    BASELINE="214 747 914 747" 
                    HPOS="214.0"
                    VPOS="747.0"
                    WIDTH="700.0"
                    HEIGHT="0.0">
	    <String CONTENT=""
                    HPOS="214.0"
                    VPOS="747.0"
                    WIDTH="700.0"
                    HEIGHT="0.0"></String>
          </TextLine>
          <TextLine ID="eSc_line_042c531c"
                    BASELINE="214 794 1014 792" 
                    HPOS="214.0"
                    VPOS="792.0"
                    WIDTH="800.0"
                    HEIGHT="2.0">
	    <String CONTENT=""
                    HPOS="214.0"
                    VPOS="792.0"
                    WIDTH="800.0"
                    HEIGHT="2.0"></String>
          </TextLine>
          <TextLine ID="eSc_line_c1cce88e"
                    BASELINE="202 845 1092 836" 
                    HPOS="202.0"
                    VPOS="836.0"
                    WIDTH="890.0"
                    HEIGHT="9.0">
	    <String CONTENT=""
                    HPOS="202.0"
                    VPOS="836.0"
                    WIDTH="890.0"
                    HEIGHT="9.0"></String>
          </TextLine>
          <TextLine ID="eSc_line_15a56ee1"
                    BASELINE="209 885 848 889" 
                    HPOS="209.0"
                    VPOS="885.0"
                    WIDTH="639.0"
                    HEIGHT="4.0">
	    <String CONTENT=""
                    HPOS="209.0"
                    VPOS="885.0"
                    WIDTH="639.0"
                    HEIGHT="4.0"></String>
          </TextLine>
          <TextLine ID="eSc_line_a67d5ec5"
                    BASELINE="218 933 817 936" 
                    HPOS="218.0"
                    VPOS="933.0"
                    WIDTH="599.0"
                    HEIGHT="3.0">
	    <String CONTENT=""
                    HPOS="218.0"
                    VPOS="933.0"
                    WIDTH="599.0"
                    HEIGHT="3.0"></String>
          </TextLine>
          <TextLine ID="eSc_line_e2890df2"
                    BASELINE="214 986 1102 975" 
                    HPOS="214.0"
                    VPOS="975.0"
                    WIDTH="888.0"
                    HEIGHT="11.0">
	    <String CONTENT=""
                    HPOS="214.0"
                    VPOS="975.0"
                    WIDTH="888.0"
                    HEIGHT="11.0"></String>
          </TextLine>
          <TextLine ID="eSc_line_766fb9cf"
                    BASELINE="605 1032 730 1034" 
                    HPOS="605.0"
                    VPOS="1032.0"
                    WIDTH="125.0"
                    HEIGHT="2.0">
	    <String CONTENT=""
                    HPOS="605.0"
                    VPOS="1032.0"
                    WIDTH="125.0"
                    HEIGHT="2.0"></String>
          </TextLine>
          <TextLine ID="eSc_line_940286fa"
                    BASELINE="218 1076 870 1070" 
                    HPOS="218.0"
                    VPOS="1070.0"
                    WIDTH="652.0"
                    HEIGHT="6.0">
	    <String CONTENT=""
                    HPOS="218.0"
                    VPOS="1070.0"
                    WIDTH="652.0"
                    HEIGHT="6.0"></String>
          </TextLine>
          <TextLine ID="eSc_line_62ead3e7"
                    BASELINE="206 1118 1033 1116" 
                    HPOS="206.0"
                    VPOS="1116.0"
                    WIDTH="827.0"
                    HEIGHT="2.0">
	    <String CONTENT=""
                    HPOS="206.0"
                    VPOS="1116.0"
                    WIDTH="827.0"
                    HEIGHT="2.0"></String>
          </TextLine>
          <TextLine ID="eSc_line_34be6a15"
                    BASELINE="221 1162 828 1168" 
                    HPOS="221.0"
                    VPOS="1162.0"
                    WIDTH="607.0"
                    HEIGHT="6.0">
	    <String CONTENT=""
                    HPOS="221.0"
                    VPOS="1162.0"
                    WIDTH="607.0"
                    HEIGHT="6.0"></String>
          </TextLine>
          <TextLine ID="eSc_line_dbf1d549"
                    BASELINE="214 1217 783 1211" 
                    HPOS="214.0"
                    VPOS="1211.0"
                    WIDTH="569.0"
                    HEIGHT="6.0">
	    <String CONTENT=""
                    HPOS="214.0"
                    VPOS="1211.0"
                    WIDTH="569.0"
                    HEIGHT="6.0"></String>
          </TextLine>
          <TextLine ID="eSc_line_56494ecb"
                    BASELINE="211 1260 1040 1247" 
                    HPOS="211.0"
                    VPOS="1247.0"
                    WIDTH="829.0"
                    HEIGHT="13.0">
	    <String CONTENT=""
                    HPOS="211.0"
                    VPOS="1247.0"
                    WIDTH="829.0"
                    HEIGHT="13.0"></String>
          </TextLine>
          <TextLine ID="eSc_line_65d33570"
                    BASELINE="222 1302 1093 1303" 
                    HPOS="222.0"
                    VPOS="1302.0"
                    WIDTH="871.0"
                    HEIGHT="1.0">
	    <String CONTENT=""
                    HPOS="222.0"
                    VPOS="1302.0"
                    WIDTH="871.0"
                    HEIGHT="1.0"></String>
          </TextLine>
          <TextLine ID="eSc_line_8d1d8fab"
                    BASELINE="222 1354 1030 1345" 
                    HPOS="222.0"
                    VPOS="1345.0"
                    WIDTH="808.0"
                    HEIGHT="9.0">
	    <String CONTENT=""
                    HPOS="222.0"
                    VPOS="1345.0"
                    WIDTH="808.0"
                    HEIGHT="9.0"></String>
          </TextLine>
          <TextLine ID="eSc_line_d9fc149f"
                    BASELINE="215 1404 1099 1387" 
                    HPOS="215.0"
                    VPOS="1387.0"
                    WIDTH="884.0"
                    HEIGHT="17.0">
	    <String CONTENT=""
                    HPOS="215.0"
                    VPOS="1387.0"
                    WIDTH="884.0"
                    HEIGHT="17.0"></String>
          </TextLine>
          <TextLine ID="eSc_line_7ce507ec"
                    BASELINE="219 1448 1060 1440" 
                    HPOS="219.0"
                    VPOS="1440.0"
                    WIDTH="841.0"
                    HEIGHT="8.0">
	    <String CONTENT=""
                    HPOS="219.0"
                    VPOS="1440.0"
                    WIDTH="841.0"
                    HEIGHT="8.0"></String>
          </TextLine>
          <TextLine ID="eSc_line_36b43a49"
                    BASELINE="226 1495 1040 1484" 
                    HPOS="226.0"
                    VPOS="1484.0"
                    WIDTH="814.0"
                    HEIGHT="11.0">
	    <String CONTENT=""
                    HPOS="226.0"
                    VPOS="1484.0"
                    WIDTH="814.0"
                    HEIGHT="11.0"></String>
          </TextLine>
          <TextLine ID="eSc_line_55ee6a99"
                    BASELINE="226 1541 896 1538" 
                    HPOS="226.0"
                    VPOS="1538.0"
                    WIDTH="670.0"
                    HEIGHT="3.0">
	    <String CONTENT=""
                    HPOS="226.0"
                    VPOS="1538.0"
                    WIDTH="670.0"
                    HEIGHT="3.0"></String>
          </TextLine>
        </TextBlock>
        <TextBlock HPOS="369.0"
                   VPOS="113.0"
                   WIDTH="554.0"
                   HEIGHT="77.0"
                   ID="region_1719326503269_742"
                   TAGREFS="BT3756">
          <Shape><Polygon POINTS="377 190 369 123 491 113 923 124 915 182"/></Shape>
          <TextLine ID="eSc_line_0131ad6e"
                    BASELINE="387 176 901 169" 
                    HPOS="387.0"
                    VPOS="169.0"
                    WIDTH="514.0"
                    HEIGHT="7.0">
	    <String CONTENT=""
                    HPOS="387.0"
                    VPOS="169.0"
                    WIDTH="514.0"
                    HEIGHT="7.0"></String>
          </TextLine>
        </TextBlock>
        <TextBlock HPOS="968.0"
                   VPOS="1777.0"
                   WIDTH="139.0"
                   HEIGHT="87.0"
                   ID="region_1719326549615_751"
                   TAGREFS="BT3756">
          <Shape><Polygon POINTS="977 1864 968 1779 1097 1777 1107 1861"/></Shape>
          <TextLine ID="eSc_line_f4603853"
                    BASELINE="992 1837 1098 1840" 
                    HPOS="992.0"
                    VPOS="1837.0"
                    WIDTH="106.0"
                    HEIGHT="3.0">
	    <String CONTENT=""
                    HPOS="992.0"
                    VPOS="1837.0"
                    WIDTH="106.0"
                    HEIGHT="3.0"></String>
          </TextLine>
        </TextBlock>
      </PrintSpace>
    </Page>
  </Layout>
</alto>
