<?xml version="1.0" encoding="UTF-8"?>
<alto xmlns:xsi="http://www.w3.org/2001/XMLSchema-instance"
      xmlns="http://www.loc.gov/standards/alto/ns-v4#"
      xsi:schemaLocation="http://www.loc.gov/standards/alto/ns-v4# http://www.loc.gov/standards/alto/v4/alto-4-2.xsd">
  <Description>
    <MeasurementUnit>pixel</MeasurementUnit>
    <sourceImageInformation>
      <fileName>1782,_Poetische_Werke,_Fleischhauer,_Bd._1,_VD18_89276865-001_Seite_161_Bild_0001.jpg</fileName>
      <fileIdentifier>mets//export_doc3216_fleischahuer_2_alto_202504271704.zip/1782,_Poetische_Werke,_Fleischhauer,_Bd._1,_VD18_89276865-001_Seite_161_Bild_0001.jpg</fileIdentifier>
    </sourceImageInformation>
  </Description>
  <Tags>
    <OtherTag ID="BT1" LABEL="Title" DESCRIPTION="block type Title"/><OtherTag ID="BT2" LABEL="Main" DESCRIPTION="block type Main"/><OtherTag ID="BT3" LABEL="Commentary" DESCRIPTION="block type Commentary"/><OtherTag ID="BT4" LABEL="Illustration" DESCRIPTION="block type Illustration"/><OtherTag ID="BT3755" LABEL="header" DESCRIPTION="block type header"/><OtherTag ID="BT3756" LABEL="paragraph" DESCRIPTION="block type paragraph"/><OtherTag ID="BT3757" LABEL="heading" DESCRIPTION="block type heading"/><OtherTag ID="BT3758" LABEL="footnote" DESCRIPTION="block type footnote"/><OtherTag ID="BT3759" LABEL="l-column" DESCRIPTION="block type l-column"/><OtherTag ID="BT3760" LABEL="r-column" DESCRIPTION="block type r-column"/><OtherTag ID="BT3761" LABEL="marginalia" DESCRIPTION="block type marginalia"/><OtherTag ID="BT4125" LABEL="drop-capital" DESCRIPTION="block type drop-capital"/><OtherTag ID="BT4126" LABEL="catch-word" DESCRIPTION="block type catch-word"/><OtherTag ID="BT4127" LABEL="page-number" DESCRIPTION="block type page-number"/><OtherTag ID="BT4128" LABEL="signature-mark" DESCRIPTION="block type signature-mark"/><OtherTag ID="BT4129" LABEL="poem_lg" DESCRIPTION="block type poem_lg"/><OtherTag ID="BT4130" LABEL="endnote" DESCRIPTION="block type endnote"/>
  </Tags>
  <Layout>
    <Page WIDTH="1189"
          HEIGHT="2037"
          PHYSICAL_IMG_NR="185"
          ID="eSc_dummypage_">
      <PrintSpace HPOS="0"
                  VPOS="0"
                  WIDTH="1189"
                  HEIGHT="2037">
        <TextBlock HPOS="198.0"
                   VPOS="112.0"
                   WIDTH="136.0"
                   HEIGHT="77.0"
                   ID="region_1721149577159_287"
                   TAGREFS="BT3756">
          <Shape><Polygon POINTS="198 122 201 189 334 174 309 112"/></Shape>
          <TextLine ID="eSc_line_0c0081b9"
                    BASELINE="207 166 292 166" 
                    HPOS="207.0"
                    VPOS="166.0"
                    WIDTH="85.0"
                    HEIGHT="0.0">
	    <String CONTENT=""
                    HPOS="207.0"
                    VPOS="166.0"
                    WIDTH="85.0"
                    HEIGHT="0.0"></String>
          </TextLine>
        </TextBlock>
        <TextBlock HPOS="162.0"
                   VPOS="199.0"
                   WIDTH="967.0"
                   HEIGHT="1144.0"
                   ID="region_1721149609490_293"
                   TAGREFS="BT3758">
          <Shape><Polygon POINTS="200 209 162 1342 1129 1343 1093 199"/></Shape>
          <TextLine ID="eSc_line_79f642f5"
                    BASELINE="209 254 967 247" 
                    HPOS="209.0"
                    VPOS="247.0"
                    WIDTH="758.0"
                    HEIGHT="7.0">
	    <String CONTENT=""
                    HPOS="209.0"
                    VPOS="247.0"
                    WIDTH="758.0"
                    HEIGHT="7.0"></String>
          </TextLine>
          <TextLine ID="eSc_line_a38c48fa"
                    BASELINE="204 305 976 295" 
                    HPOS="204.0"
                    VPOS="295.0"
                    WIDTH="772.0"
                    HEIGHT="10.0">
	    <String CONTENT=""
                    HPOS="204.0"
                    VPOS="295.0"
                    WIDTH="772.0"
                    HEIGHT="10.0"></String>
          </TextLine>
          <TextLine ID="eSc_line_8d997e8a"
                    BASELINE="210 349 977 342" 
                    HPOS="210.0"
                    VPOS="342.0"
                    WIDTH="767.0"
                    HEIGHT="7.0">
	    <String CONTENT=""
                    HPOS="210.0"
                    VPOS="342.0"
                    WIDTH="767.0"
                    HEIGHT="7.0"></String>
          </TextLine>
          <TextLine ID="eSc_line_fd4cb212"
                    BASELINE="208 396 1081 389" 
                    HPOS="208.0"
                    VPOS="389.0"
                    WIDTH="873.0"
                    HEIGHT="7.0">
	    <String CONTENT=""
                    HPOS="208.0"
                    VPOS="389.0"
                    WIDTH="873.0"
                    HEIGHT="7.0"></String>
          </TextLine>
          <TextLine ID="eSc_line_67279c2b"
                    BASELINE="646 435 755 431" 
                    HPOS="646.0"
                    VPOS="431.0"
                    WIDTH="109.0"
                    HEIGHT="4.0">
	    <String CONTENT=""
                    HPOS="646.0"
                    VPOS="431.0"
                    WIDTH="109.0"
                    HEIGHT="4.0"></String>
          </TextLine>
          <TextLine ID="eSc_line_fa5a0146"
                    BASELINE="210 482 992 477" 
                    HPOS="210.0"
                    VPOS="477.0"
                    WIDTH="782.0"
                    HEIGHT="5.0">
	    <String CONTENT=""
                    HPOS="210.0"
                    VPOS="477.0"
                    WIDTH="782.0"
                    HEIGHT="5.0"></String>
          </TextLine>
          <TextLine ID="eSc_line_f16aeda6"
                    BASELINE="203 530 1024 527" 
                    HPOS="203.0"
                    VPOS="527.0"
                    WIDTH="821.0"
                    HEIGHT="3.0">
	    <String CONTENT=""
                    HPOS="203.0"
                    VPOS="527.0"
                    WIDTH="821.0"
                    HEIGHT="3.0"></String>
          </TextLine>
          <TextLine ID="eSc_line_7b2f6c3b"
                    BASELINE="207 566 1062 572" 
                    HPOS="207.0"
                    VPOS="566.0"
                    WIDTH="855.0"
                    HEIGHT="6.0">
	    <String CONTENT=""
                    HPOS="207.0"
                    VPOS="566.0"
                    WIDTH="855.0"
                    HEIGHT="6.0"></String>
          </TextLine>
          <TextLine ID="eSc_line_ddb49465"
                    BASELINE="206 621 962 615" 
                    HPOS="206.0"
                    VPOS="615.0"
                    WIDTH="756.0"
                    HEIGHT="6.0">
	    <String CONTENT=""
                    HPOS="206.0"
                    VPOS="615.0"
                    WIDTH="756.0"
                    HEIGHT="6.0"></String>
          </TextLine>
          <TextLine ID="eSc_line_651ffb4d"
                    BASELINE="202 671 922 663" 
                    HPOS="202.0"
                    VPOS="663.0"
                    WIDTH="720.0"
                    HEIGHT="8.0">
	    <String CONTENT=""
                    HPOS="202.0"
                    VPOS="663.0"
                    WIDTH="720.0"
                    HEIGHT="8.0"></String>
          </TextLine>
          <TextLine ID="eSc_line_cc3582a3"
                    BASELINE="201 715 969 710" 
                    HPOS="201.0"
                    VPOS="710.0"
                    WIDTH="768.0"
                    HEIGHT="5.0">
	    <String CONTENT=""
                    HPOS="201.0"
                    VPOS="710.0"
                    WIDTH="768.0"
                    HEIGHT="5.0"></String>
          </TextLine>
          <TextLine ID="eSc_line_c4884dd6"
                    BASELINE="202 749 885 743" 
                    HPOS="202.0"
                    VPOS="743.0"
                    WIDTH="683.0"
                    HEIGHT="6.0">
	    <String CONTENT=""
                    HPOS="202.0"
                    VPOS="743.0"
                    WIDTH="683.0"
                    HEIGHT="6.0"></String>
          </TextLine>
          <TextLine ID="eSc_line_96fdfc4d"
                    BASELINE="199 803 920 798" 
                    HPOS="199.0"
                    VPOS="798.0"
                    WIDTH="721.0"
                    HEIGHT="5.0">
	    <String CONTENT=""
                    HPOS="199.0"
                    VPOS="798.0"
                    WIDTH="721.0"
                    HEIGHT="5.0"></String>
          </TextLine>
          <TextLine ID="eSc_line_6bb5502f"
                    BASELINE="203 854 923 842" 
                    HPOS="203.0"
                    VPOS="842.0"
                    WIDTH="720.0"
                    HEIGHT="12.0">
	    <String CONTENT=""
                    HPOS="203.0"
                    VPOS="842.0"
                    WIDTH="720.0"
                    HEIGHT="12.0"></String>
          </TextLine>
          <TextLine ID="eSc_line_177b8d7f"
                    BASELINE="197 906 1079 887" 
                    HPOS="197.0"
                    VPOS="887.0"
                    WIDTH="882.0"
                    HEIGHT="19.0">
	    <String CONTENT=""
                    HPOS="197.0"
                    VPOS="887.0"
                    WIDTH="882.0"
                    HEIGHT="19.0"></String>
          </TextLine>
          <TextLine ID="eSc_line_ec149066"
                    BASELINE="198 946 1003 937" 
                    HPOS="198.0"
                    VPOS="937.0"
                    WIDTH="805.0"
                    HEIGHT="9.0">
	    <String CONTENT=""
                    HPOS="198.0"
                    VPOS="937.0"
                    WIDTH="805.0"
                    HEIGHT="9.0"></String>
          </TextLine>
          <TextLine ID="eSc_line_225065cf"
                    BASELINE="197 997 939 982" 
                    HPOS="197.0"
                    VPOS="982.0"
                    WIDTH="742.0"
                    HEIGHT="15.0">
	    <String CONTENT=""
                    HPOS="197.0"
                    VPOS="982.0"
                    WIDTH="742.0"
                    HEIGHT="15.0"></String>
          </TextLine>
          <TextLine ID="eSc_line_0421cc40"
                    BASELINE="195 1038 1006 1027" 
                    HPOS="195.0"
                    VPOS="1027.0"
                    WIDTH="811.0"
                    HEIGHT="11.0">
	    <String CONTENT=""
                    HPOS="195.0"
                    VPOS="1027.0"
                    WIDTH="811.0"
                    HEIGHT="11.0"></String>
          </TextLine>
          <TextLine ID="eSc_line_1f57d8ae"
                    BASELINE="198 1085 1072 1077" 
                    HPOS="198.0"
                    VPOS="1077.0"
                    WIDTH="874.0"
                    HEIGHT="8.0">
	    <String CONTENT=""
                    HPOS="198.0"
                    VPOS="1077.0"
                    WIDTH="874.0"
                    HEIGHT="8.0"></String>
          </TextLine>
          <TextLine ID="eSc_line_3b466868"
                    BASELINE="193 1135 927 1123" 
                    HPOS="193.0"
                    VPOS="1123.0"
                    WIDTH="734.0"
                    HEIGHT="12.0">
	    <String CONTENT=""
                    HPOS="193.0"
                    VPOS="1123.0"
                    WIDTH="734.0"
                    HEIGHT="12.0"></String>
          </TextLine>
          <TextLine ID="eSc_line_fd71de27"
                    BASELINE="196 1178 912 1166" 
                    HPOS="196.0"
                    VPOS="1166.0"
                    WIDTH="716.0"
                    HEIGHT="12.0">
	    <String CONTENT=""
                    HPOS="196.0"
                    VPOS="1166.0"
                    WIDTH="716.0"
                    HEIGHT="12.0"></String>
          </TextLine>
          <TextLine ID="eSc_line_859b3154"
                    BASELINE="194 1229 992 1215" 
                    HPOS="194.0"
                    VPOS="1215.0"
                    WIDTH="798.0"
                    HEIGHT="14.0">
	    <String CONTENT=""
                    HPOS="194.0"
                    VPOS="1215.0"
                    WIDTH="798.0"
                    HEIGHT="14.0"></String>
          </TextLine>
          <TextLine ID="eSc_line_0758063f"
                    BASELINE="198 1271 995 1255" 
                    HPOS="198.0"
                    VPOS="1255.0"
                    WIDTH="797.0"
                    HEIGHT="16.0">
	    <String CONTENT=""
                    HPOS="198.0"
                    VPOS="1255.0"
                    WIDTH="797.0"
                    HEIGHT="16.0"></String>
          </TextLine>
          <TextLine ID="eSc_line_6d41dfeb"
                    BASELINE="199 1314 972 1306" 
                    HPOS="199.0"
                    VPOS="1306.0"
                    WIDTH="773.0"
                    HEIGHT="8.0">
	    <String CONTENT=""
                    HPOS="199.0"
                    VPOS="1306.0"
                    WIDTH="773.0"
                    HEIGHT="8.0"></String>
          </TextLine>
        </TextBlock>
        <TextBlock HPOS="421.0"
                   VPOS="93.0"
                   WIDTH="460.0"
                   HEIGHT="85.0"
                   ID="region_1721149582601_290"
                   TAGREFS="BT3756">
          <Shape><Polygon POINTS="421 93 421 175 881 178 860 93"/></Shape>
          <TextLine ID="eSc_line_b442ae5e"
                    BASELINE="441 163 849 162" 
                    HPOS="441.0"
                    VPOS="162.0"
                    WIDTH="408.0"
                    HEIGHT="1.0">
	    <String CONTENT=""
                    HPOS="441.0"
                    VPOS="162.0"
                    WIDTH="408.0"
                    HEIGHT="1.0"></String>
          </TextLine>
        </TextBlock>
        <TextBlock HPOS="243.0"
                   VPOS="1402.0"
                   WIDTH="879.0"
                   HEIGHT="203.0"
                   ID="region_1721149619387_296"
                   TAGREFS="BT3758">
          <Shape><Polygon POINTS="243 1419 244 1605 1122 1561 1098 1402"/></Shape>
          <TextLine ID="eSc_line_1ad8e35b"
                    BASELINE="265 1491 1076 1484" 
                    HPOS="265.0"
                    VPOS="1484.0"
                    WIDTH="811.0"
                    HEIGHT="7.0">
	    <String CONTENT=""
                    HPOS="265.0"
                    VPOS="1484.0"
                    WIDTH="811.0"
                    HEIGHT="7.0"></String>
          </TextLine>
          <TextLine ID="eSc_line_cc8de783"
                    BASELINE="291 1535 1079 1528" 
                    HPOS="291.0"
                    VPOS="1528.0"
                    WIDTH="788.0"
                    HEIGHT="7.0">
	    <String CONTENT=""
                    HPOS="291.0"
                    VPOS="1528.0"
                    WIDTH="788.0"
                    HEIGHT="7.0"></String>
          </TextLine>
          <TextLine ID="eSc_line_e4eb1478"
                    BASELINE="310 1581 428 1585" 
                    HPOS="310.0"
                    VPOS="1581.0"
                    WIDTH="118.0"
                    HEIGHT="4.0">
	    <String CONTENT=""
                    HPOS="310.0"
                    VPOS="1581.0"
                    WIDTH="118.0"
                    HEIGHT="4.0"></String>
          </TextLine>
        </TextBlock>
        <TextBlock HPOS="246.0"
                   VPOS="1611.0"
                   WIDTH="854.0"
                   HEIGHT="183.0"
                   ID="region_1721149626246_299"
                   TAGREFS="BT3758">
          <Shape><Polygon POINTS="246 1636 269 1794 1100 1775 1081 1611"/></Shape>
          <TextLine ID="eSc_line_01b52c73"
                    BASELINE="269 1691 343 1688 1075 1678" 
                    HPOS="269.0"
                    VPOS="1678.0"
                    WIDTH="806.0"
                    HEIGHT="13.0">
	    <String CONTENT=""
                    HPOS="269.0"
                    VPOS="1678.0"
                    WIDTH="806.0"
                    HEIGHT="13.0"></String>
          </TextLine>
          <TextLine ID="eSc_line_a8d87f26"
                    BASELINE="304 1738 1066 1726" 
                    HPOS="304.0"
                    VPOS="1726.0"
                    WIDTH="762.0"
                    HEIGHT="12.0">
	    <String CONTENT=""
                    HPOS="304.0"
                    VPOS="1726.0"
                    WIDTH="762.0"
                    HEIGHT="12.0"></String>
          </TextLine>
          <TextLine ID="eSc_line_af23b263"
                    BASELINE="304 1780 1072 1768" 
                    HPOS="304.0"
                    VPOS="1768.0"
                    WIDTH="768.0"
                    HEIGHT="12.0">
	    <String CONTENT=""
                    HPOS="304.0"
                    VPOS="1768.0"
                    WIDTH="768.0"
                    HEIGHT="12.0"></String>
          </TextLine>
        </TextBlock>
        <TextBlock HPOS="986.0"
                   VPOS="1782.0"
                   WIDTH="98.0"
                   HEIGHT="47.0"
                   ID="region_1721149634143_302"
                   TAGREFS="BT3756">
          <Shape><Polygon POINTS="988 1782 986 1829 1084 1828 1080 1786"/></Shape>
          <TextLine ID="eSc_line_df47cfcc"
                    BASELINE="991 1822 1075 1818" 
                    HPOS="991.0"
                    VPOS="1818.0"
                    WIDTH="84.0"
                    HEIGHT="4.0">
	    <String CONTENT=""
                    HPOS="991.0"
                    VPOS="1818.0"
                    WIDTH="84.0"
                    HEIGHT="4.0"></String>
          </TextLine>
        </TextBlock>
      </PrintSpace>
    </Page>
  </Layout>
</alto>
