<?xml version="1.0" encoding="UTF-8"?>
<alto xmlns:xsi="http://www.w3.org/2001/XMLSchema-instance"
      xmlns="http://www.loc.gov/standards/alto/ns-v4#"
      xsi:schemaLocation="http://www.loc.gov/standards/alto/ns-v4# http://www.loc.gov/standards/alto/v4/alto-4-2.xsd">
  <Description>
    <MeasurementUnit>pixel</MeasurementUnit>
    <sourceImageInformation>
      <fileName>1782,_Poetische_Werke,_Fleischhauer,_Bd._2,_VD18_89276873-001_Seite_118_Bild_0001.jpg</fileName>
      <fileIdentifier>mets//export_doc3216_fleischahuer_2_alto_202504271704.zip/1782,_Poetische_Werke,_Fleischhauer,_Bd._2,_VD18_89276873-001_Seite_118_Bild_0001.jpg</fileIdentifier>
    </sourceImageInformation>
  </Description>
  <Tags>
    <OtherTag ID="BT1" LABEL="Title" DESCRIPTION="block type Title"/><OtherTag ID="BT2" LABEL="Main" DESCRIPTION="block type Main"/><OtherTag ID="BT3" LABEL="Commentary" DESCRIPTION="block type Commentary"/><OtherTag ID="BT4" LABEL="Illustration" DESCRIPTION="block type Illustration"/><OtherTag ID="BT3755" LABEL="header" DESCRIPTION="block type header"/><OtherTag ID="BT3756" LABEL="paragraph" DESCRIPTION="block type paragraph"/><OtherTag ID="BT3757" LABEL="heading" DESCRIPTION="block type heading"/><OtherTag ID="BT3758" LABEL="footnote" DESCRIPTION="block type footnote"/><OtherTag ID="BT3759" LABEL="l-column" DESCRIPTION="block type l-column"/><OtherTag ID="BT3760" LABEL="r-column" DESCRIPTION="block type r-column"/><OtherTag ID="BT3761" LABEL="marginalia" DESCRIPTION="block type marginalia"/><OtherTag ID="BT4125" LABEL="drop-capital" DESCRIPTION="block type drop-capital"/><OtherTag ID="BT4126" LABEL="catch-word" DESCRIPTION="block type catch-word"/><OtherTag ID="BT4127" LABEL="page-number" DESCRIPTION="block type page-number"/><OtherTag ID="BT4128" LABEL="signature-mark" DESCRIPTION="block type signature-mark"/><OtherTag ID="BT4129" LABEL="poem_lg" DESCRIPTION="block type poem_lg"/><OtherTag ID="BT4130" LABEL="endnote" DESCRIPTION="block type endnote"/>
  </Tags>
  <Layout>
    <Page WIDTH="1191"
          HEIGHT="2021"
          PHYSICAL_IMG_NR="193"
          ID="eSc_dummypage_">
      <PrintSpace HPOS="0"
                  VPOS="0"
                  WIDTH="1191"
                  HEIGHT="2021">
        <TextBlock HPOS="108.0"
                   VPOS="206.0"
                   WIDTH="920.0"
                   HEIGHT="345.0"
                   ID="region_1719325278596_559"
                   TAGREFS="BT3756">
          <Shape><Polygon POINTS="108 551 115 206 1000 207 1028 538"/></Shape>
          <TextLine ID="eSc_line_a367320f"
                    BASELINE="133 265 957 265" 
                    HPOS="133.0"
                    VPOS="265.0"
                    WIDTH="824.0"
                    HEIGHT="0.0">
	    <String CONTENT=""
                    HPOS="133.0"
                    VPOS="265.0"
                    WIDTH="824.0"
                    HEIGHT="0.0"></String>
          </TextLine>
          <TextLine ID="eSc_line_daa8faec"
                    BASELINE="136 319 797 313" 
                    HPOS="136.0"
                    VPOS="313.0"
                    WIDTH="661.0"
                    HEIGHT="6.0">
	    <String CONTENT=""
                    HPOS="136.0"
                    VPOS="313.0"
                    WIDTH="661.0"
                    HEIGHT="6.0"></String>
          </TextLine>
          <TextLine ID="eSc_line_c1cc1d2d"
                    BASELINE="134 379 1004 369" 
                    HPOS="134.0"
                    VPOS="369.0"
                    WIDTH="870.0"
                    HEIGHT="10.0">
	    <String CONTENT=""
                    HPOS="134.0"
                    VPOS="369.0"
                    WIDTH="870.0"
                    HEIGHT="10.0"></String>
          </TextLine>
          <TextLine ID="eSc_line_a49b93cc"
                    BASELINE="133 423 967 425" 
                    HPOS="133.0"
                    VPOS="423.0"
                    WIDTH="834.0"
                    HEIGHT="2.0">
	    <String CONTENT=""
                    HPOS="133.0"
                    VPOS="423.0"
                    WIDTH="834.0"
                    HEIGHT="2.0"></String>
          </TextLine>
          <TextLine ID="eSc_line_767ab82b"
                    BASELINE="131 474 982 476" 
                    HPOS="131.0"
                    VPOS="474.0"
                    WIDTH="851.0"
                    HEIGHT="2.0">
	    <String CONTENT=""
                    HPOS="131.0"
                    VPOS="474.0"
                    WIDTH="851.0"
                    HEIGHT="2.0"></String>
          </TextLine>
          <TextLine ID="eSc_line_9a8e399d"
                    BASELINE="142 532 800 527" 
                    HPOS="142.0"
                    VPOS="527.0"
                    WIDTH="658.0"
                    HEIGHT="5.0">
	    <String CONTENT=""
                    HPOS="142.0"
                    VPOS="527.0"
                    WIDTH="658.0"
                    HEIGHT="5.0"></String>
          </TextLine>
        </TextBlock>
        <TextBlock HPOS="411.0"
                   VPOS="106.0"
                   WIDTH="321.0"
                   HEIGHT="85.0"
                   ID="region_1719325258865_553"
                   TAGREFS="BT3756">
          <Shape><Polygon POINTS="411 191 412 106 729 111 732 189"/></Shape>
          <TextLine ID="eSc_line_8d3612cd"
                    BASELINE="429 164 694 164" 
                    HPOS="429.0"
                    VPOS="164.0"
                    WIDTH="265.0"
                    HEIGHT="0.0">
	    <String CONTENT=""
                    HPOS="429.0"
                    VPOS="164.0"
                    WIDTH="265.0"
                    HEIGHT="0.0"></String>
          </TextLine>
        </TextBlock>
        <TextBlock HPOS="117.0"
                   VPOS="616.0"
                   WIDTH="916.0"
                   HEIGHT="248.0"
                   ID="region_1719325287418_562"
                   TAGREFS="BT3756">
          <Shape><Polygon POINTS="118 864 117 665 196 616 1033 633 1033 854"/></Shape>
          <TextLine ID="eSc_line_200348aa"
                    BASELINE="190 683 1005 680" 
                    HPOS="190.0"
                    VPOS="680.0"
                    WIDTH="815.0"
                    HEIGHT="3.0">
	    <String CONTENT=""
                    HPOS="190.0"
                    VPOS="680.0"
                    WIDTH="815.0"
                    HEIGHT="3.0"></String>
          </TextLine>
          <TextLine ID="eSc_line_1ea21a55"
                    BASELINE="133 733 630 733" 
                    HPOS="133.0"
                    VPOS="733.0"
                    WIDTH="497.0"
                    HEIGHT="0.0">
	    <String CONTENT=""
                    HPOS="133.0"
                    VPOS="733.0"
                    WIDTH="497.0"
                    HEIGHT="0.0"></String>
          </TextLine>
          <TextLine ID="eSc_line_12e6f80c"
                    BASELINE="137 783 687 785" 
                    HPOS="137.0"
                    VPOS="783.0"
                    WIDTH="550.0"
                    HEIGHT="2.0">
	    <String CONTENT=""
                    HPOS="137.0"
                    VPOS="783.0"
                    WIDTH="550.0"
                    HEIGHT="2.0"></String>
          </TextLine>
          <TextLine ID="eSc_line_678e2435"
                    BASELINE="134 834 686 841" 
                    HPOS="134.0"
                    VPOS="834.0"
                    WIDTH="552.0"
                    HEIGHT="7.0">
	    <String CONTENT=""
                    HPOS="134.0"
                    VPOS="834.0"
                    WIDTH="552.0"
                    HEIGHT="7.0"></String>
          </TextLine>
        </TextBlock>
        <TextBlock HPOS="911.0"
                   VPOS="122.0"
                   WIDTH="128.0"
                   HEIGHT="71.0"
                   ID="region_1719325264159_556"
                   TAGREFS="BT3756">
          <Shape><Polygon POINTS="911 183 913 122 1039 126 1031 193"/></Shape>
          <TextLine ID="eSc_line_20b98774"
                    BASELINE="925 170 1006 171" 
                    HPOS="925.0"
                    VPOS="170.0"
                    WIDTH="81.0"
                    HEIGHT="1.0">
	    <String CONTENT=""
                    HPOS="925.0"
                    VPOS="170.0"
                    WIDTH="81.0"
                    HEIGHT="1.0"></String>
          </TextLine>
        </TextBlock>
        <TextBlock HPOS="123.0"
                   VPOS="1005.0"
                   WIDTH="917.0"
                   HEIGHT="460.0"
                   ID="region_1719325383147_587"
                   TAGREFS="BT3758">
          <Shape><Polygon POINTS="152 1465 153 1101 123 1025 175 1005 1040 1022 1030 1455"/></Shape>
          <TextLine ID="eSc_line_464dc720"
                    BASELINE="152 1074 1009 1074" 
                    HPOS="152.0"
                    VPOS="1074.0"
                    WIDTH="857.0"
                    HEIGHT="0.0">
	    <String CONTENT=""
                    HPOS="152.0"
                    VPOS="1074.0"
                    WIDTH="857.0"
                    HEIGHT="0.0"></String>
          </TextLine>
          <TextLine ID="eSc_line_2542f584"
                    BASELINE="172 1120 1013 1119" 
                    HPOS="172.0"
                    VPOS="1119.0"
                    WIDTH="841.0"
                    HEIGHT="1.0">
	    <String CONTENT=""
                    HPOS="172.0"
                    VPOS="1119.0"
                    WIDTH="841.0"
                    HEIGHT="1.0"></String>
          </TextLine>
          <TextLine ID="eSc_line_41bfe2bd"
                    BASELINE="168 1162 1022 1164" 
                    HPOS="168.0"
                    VPOS="1162.0"
                    WIDTH="854.0"
                    HEIGHT="2.0">
	    <String CONTENT=""
                    HPOS="168.0"
                    VPOS="1162.0"
                    WIDTH="854.0"
                    HEIGHT="2.0"></String>
          </TextLine>
          <TextLine ID="eSc_line_ec56078e"
                    BASELINE="168 1212 1015 1212" 
                    HPOS="168.0"
                    VPOS="1212.0"
                    WIDTH="847.0"
                    HEIGHT="0.0">
	    <String CONTENT=""
                    HPOS="168.0"
                    VPOS="1212.0"
                    WIDTH="847.0"
                    HEIGHT="0.0"></String>
          </TextLine>
          <TextLine ID="eSc_line_eb134653"
                    BASELINE="170 1262 1009 1253" 
                    HPOS="170.0"
                    VPOS="1253.0"
                    WIDTH="839.0"
                    HEIGHT="9.0">
	    <String CONTENT=""
                    HPOS="170.0"
                    VPOS="1253.0"
                    WIDTH="839.0"
                    HEIGHT="9.0"></String>
          </TextLine>
          <TextLine ID="eSc_line_5e219eb4"
                    BASELINE="169 1307 1009 1299" 
                    HPOS="169.0"
                    VPOS="1299.0"
                    WIDTH="840.0"
                    HEIGHT="8.0">
	    <String CONTENT=""
                    HPOS="169.0"
                    VPOS="1299.0"
                    WIDTH="840.0"
                    HEIGHT="8.0"></String>
          </TextLine>
          <TextLine ID="eSc_line_bc3d42cd"
                    BASELINE="173 1344 1009 1352" 
                    HPOS="173.0"
                    VPOS="1344.0"
                    WIDTH="836.0"
                    HEIGHT="8.0">
	    <String CONTENT=""
                    HPOS="173.0"
                    VPOS="1344.0"
                    WIDTH="836.0"
                    HEIGHT="8.0"></String>
          </TextLine>
          <TextLine ID="eSc_line_8297d9d5"
                    BASELINE="172 1400 1015 1397" 
                    HPOS="172.0"
                    VPOS="1397.0"
                    WIDTH="843.0"
                    HEIGHT="3.0">
	    <String CONTENT=""
                    HPOS="172.0"
                    VPOS="1397.0"
                    WIDTH="843.0"
                    HEIGHT="3.0"></String>
          </TextLine>
          <TextLine ID="eSc_line_b741deb9"
                    BASELINE="166 1445 368 1445" 
                    HPOS="166.0"
                    VPOS="1445.0"
                    WIDTH="202.0"
                    HEIGHT="0.0">
	    <String CONTENT=""
                    HPOS="166.0"
                    VPOS="1445.0"
                    WIDTH="202.0"
                    HEIGHT="0.0"></String>
          </TextLine>
        </TextBlock>
        <TextBlock HPOS="224.0"
                   VPOS="1521.0"
                   WIDTH="644.0"
                   HEIGHT="203.0"
                   ID="region_1719325370336_584"
                   TAGREFS="BT3758">
          <Shape><Polygon POINTS="224 1537 225 1700 273 1704 323 1724 868 1718 860 1521 251 1531"/></Shape>
          <TextLine ID="eSc_line_fa7d461b"
                    BASELINE="244 1576 782 1574" 
                    HPOS="244.0"
                    VPOS="1574.0"
                    WIDTH="538.0"
                    HEIGHT="2.0">
	    <String CONTENT=""
                    HPOS="244.0"
                    VPOS="1574.0"
                    WIDTH="538.0"
                    HEIGHT="2.0"></String>
          </TextLine>
          <TextLine ID="eSc_line_31a245c3"
                    BASELINE="238 1624 841 1627" 
                    HPOS="238.0"
                    VPOS="1624.0"
                    WIDTH="603.0"
                    HEIGHT="3.0">
	    <String CONTENT=""
                    HPOS="238.0"
                    VPOS="1624.0"
                    WIDTH="603.0"
                    HEIGHT="3.0"></String>
          </TextLine>
          <TextLine ID="eSc_line_a1862a6c"
                    BASELINE="245 1671 808 1671" 
                    HPOS="245.0"
                    VPOS="1671.0"
                    WIDTH="563.0"
                    HEIGHT="0.0">
	    <String CONTENT=""
                    HPOS="245.0"
                    VPOS="1671.0"
                    WIDTH="563.0"
                    HEIGHT="0.0"></String>
          </TextLine>
          <TextLine ID="eSc_line_09932db8"
                    BASELINE="321 1716 817 1715" 
                    HPOS="321.0"
                    VPOS="1715.0"
                    WIDTH="496.0"
                    HEIGHT="1.0">
	    <String CONTENT=""
                    HPOS="321.0"
                    VPOS="1715.0"
                    WIDTH="496.0"
                    HEIGHT="1.0"></String>
          </TextLine>
        </TextBlock>
        <TextBlock HPOS="131.0"
                   VPOS="1776.0"
                   WIDTH="666.0"
                   HEIGHT="78.0"
                   ID="TextRegion_1719325333640_578"
                   TAGREFS="BT3756">
          <Shape><Polygon POINTS="164 1777 797 1776 777 1851 137 1854 131 1788"/></Shape>
          <TextLine ID="eSc_line_17a04e90"
                    BASELINE="146 1842 755 1840" 
                    HPOS="146.0"
                    VPOS="1840.0"
                    WIDTH="609.0"
                    HEIGHT="2.0">
	    <String CONTENT=""
                    HPOS="146.0"
                    VPOS="1840.0"
                    WIDTH="609.0"
                    HEIGHT="2.0"></String>
          </TextLine>
        </TextBlock>
        <TextBlock HPOS="943.0"
                   VPOS="1750.0"
                   WIDTH="101.0"
                   HEIGHT="89.0"
                   ID="region_1719325324600_574"
                   TAGREFS="BT3756">
          <Shape><Polygon POINTS="969 1839 943 1801 970 1750 1044 1780 1025 1824"/></Shape>
          <TextLine ID="eSc_line_30b53605"
                    BASELINE="959 1823 1015 1817" 
                    HPOS="959.0"
                    VPOS="1817.0"
                    WIDTH="56.0"
                    HEIGHT="6.0">
	    <String CONTENT=""
                    HPOS="959.0"
                    VPOS="1817.0"
                    WIDTH="56.0"
                    HEIGHT="6.0"></String>
          </TextLine>
        </TextBlock>
      </PrintSpace>
    </Page>
  </Layout>
</alto>
