<?xml version="1.0" encoding="UTF-8"?>
<alto xmlns:xsi="http://www.w3.org/2001/XMLSchema-instance"
      xmlns="http://www.loc.gov/standards/alto/ns-v4#"
      xsi:schemaLocation="http://www.loc.gov/standards/alto/ns-v4# http://www.loc.gov/standards/alto/v4/alto-4-2.xsd">
  <Description>
    <MeasurementUnit>pixel</MeasurementUnit>
    <sourceImageInformation>
      <fileName>1782,_Poetische_Werke,_Fleischhauer,_Bd._3,_VD18_89276881-001_Seite_283_Bild_0001.jpg</fileName>
      <fileIdentifier>mets//export_doc3216_fleischahuer_2_alto_202504271704.zip/1782,_Poetische_Werke,_Fleischhauer,_Bd._3,_VD18_89276881-001_Seite_283_Bild_0001.jpg</fileIdentifier>
    </sourceImageInformation>
  </Description>
  <Tags>
    <OtherTag ID="BT1" LABEL="Title" DESCRIPTION="block type Title"/><OtherTag ID="BT2" LABEL="Main" DESCRIPTION="block type Main"/><OtherTag ID="BT3" LABEL="Commentary" DESCRIPTION="block type Commentary"/><OtherTag ID="BT4" LABEL="Illustration" DESCRIPTION="block type Illustration"/><OtherTag ID="BT3755" LABEL="header" DESCRIPTION="block type header"/><OtherTag ID="BT3756" LABEL="paragraph" DESCRIPTION="block type paragraph"/><OtherTag ID="BT3757" LABEL="heading" DESCRIPTION="block type heading"/><OtherTag ID="BT3758" LABEL="footnote" DESCRIPTION="block type footnote"/><OtherTag ID="BT3759" LABEL="l-column" DESCRIPTION="block type l-column"/><OtherTag ID="BT3760" LABEL="r-column" DESCRIPTION="block type r-column"/><OtherTag ID="BT3761" LABEL="marginalia" DESCRIPTION="block type marginalia"/><OtherTag ID="BT4125" LABEL="drop-capital" DESCRIPTION="block type drop-capital"/><OtherTag ID="BT4126" LABEL="catch-word" DESCRIPTION="block type catch-word"/><OtherTag ID="BT4127" LABEL="page-number" DESCRIPTION="block type page-number"/><OtherTag ID="BT4128" LABEL="signature-mark" DESCRIPTION="block type signature-mark"/><OtherTag ID="BT4129" LABEL="poem_lg" DESCRIPTION="block type poem_lg"/><OtherTag ID="BT4130" LABEL="endnote" DESCRIPTION="block type endnote"/>
  </Tags>
  <Layout>
    <Page WIDTH="1177"
          HEIGHT="2029"
          PHYSICAL_IMG_NR="204"
          ID="eSc_dummypage_">
      <PrintSpace HPOS="0"
                  VPOS="0"
                  WIDTH="1177"
                  HEIGHT="2029">
        <TextBlock HPOS="200.0"
                   VPOS="119.0"
                   WIDTH="105.0"
                   HEIGHT="77.0"
                   ID="region_1720085821838_77"
                   TAGREFS="BT3756">
          <Shape><Polygon POINTS="200 134 209 196 305 189 300 119"/></Shape>
          <TextLine ID="eSc_line_2c67ac63"
                    BASELINE="210 175 293 173" 
                    HPOS="210.0"
                    VPOS="173.0"
                    WIDTH="83.0"
                    HEIGHT="2.0">
	    <String CONTENT=""
                    HPOS="210.0"
                    VPOS="173.0"
                    WIDTH="83.0"
                    HEIGHT="2.0"></String>
          </TextLine>
        </TextBlock>
        <TextBlock HPOS="181.0"
                   VPOS="201.0"
                   WIDTH="921.0"
                   HEIGHT="422.0"
                   ID="region_1720085845800_83"
                   TAGREFS="BT3756">
          <Shape><Polygon POINTS="192 213 1102 201 1096 619 181 623"/></Shape>
          <TextLine ID="eSc_line_42e88bfd"
                    BASELINE="215 270 1089 257" 
                    HPOS="215.0"
                    VPOS="257.0"
                    WIDTH="874.0"
                    HEIGHT="13.0">
	    <String CONTENT=""
                    HPOS="215.0"
                    VPOS="257.0"
                    WIDTH="874.0"
                    HEIGHT="13.0"></String>
          </TextLine>
          <TextLine ID="eSc_line_d15377cd"
                    BASELINE="206 323 1084 319" 
                    HPOS="206.0"
                    VPOS="319.0"
                    WIDTH="878.0"
                    HEIGHT="4.0">
	    <String CONTENT=""
                    HPOS="206.0"
                    VPOS="319.0"
                    WIDTH="878.0"
                    HEIGHT="4.0"></String>
          </TextLine>
          <TextLine ID="eSc_line_dde957f5"
                    BASELINE="208 376 1079 378" 
                    HPOS="208.0"
                    VPOS="376.0"
                    WIDTH="871.0"
                    HEIGHT="2.0">
	    <String CONTENT=""
                    HPOS="208.0"
                    VPOS="376.0"
                    WIDTH="871.0"
                    HEIGHT="2.0"></String>
          </TextLine>
          <TextLine ID="eSc_line_f9568316"
                    BASELINE="205 431 1092 432" 
                    HPOS="205.0"
                    VPOS="431.0"
                    WIDTH="887.0"
                    HEIGHT="1.0">
	    <String CONTENT=""
                    HPOS="205.0"
                    VPOS="431.0"
                    WIDTH="887.0"
                    HEIGHT="1.0"></String>
          </TextLine>
          <TextLine ID="eSc_line_2353af32"
                    BASELINE="206 489 1083 489" 
                    HPOS="206.0"
                    VPOS="489.0"
                    WIDTH="877.0"
                    HEIGHT="0.0">
	    <String CONTENT=""
                    HPOS="206.0"
                    VPOS="489.0"
                    WIDTH="877.0"
                    HEIGHT="0.0"></String>
          </TextLine>
          <TextLine ID="eSc_line_fde1c3dd"
                    BASELINE="202 551 1082 548" 
                    HPOS="202.0"
                    VPOS="548.0"
                    WIDTH="880.0"
                    HEIGHT="3.0">
	    <String CONTENT=""
                    HPOS="202.0"
                    VPOS="548.0"
                    WIDTH="880.0"
                    HEIGHT="3.0"></String>
          </TextLine>
          <TextLine ID="eSc_line_fcd1bbac"
                    BASELINE="206 596 930 597" 
                    HPOS="206.0"
                    VPOS="596.0"
                    WIDTH="724.0"
                    HEIGHT="1.0">
	    <String CONTENT=""
                    HPOS="206.0"
                    VPOS="596.0"
                    WIDTH="724.0"
                    HEIGHT="1.0"></String>
          </TextLine>
        </TextBlock>
        <TextBlock HPOS="353.0"
                   VPOS="109.0"
                   WIDTH="617.0"
                   HEIGHT="76.0"
                   ID="region_1720085829280_80"
                   TAGREFS="BT3756">
          <Shape><Polygon POINTS="356 110 353 185 970 171 967 109"/></Shape>
          <TextLine ID="eSc_line_5fe4ab09"
                    BASELINE="356 171 950 160" 
                    HPOS="356.0"
                    VPOS="160.0"
                    WIDTH="594.0"
                    HEIGHT="11.0">
	    <String CONTENT=""
                    HPOS="356.0"
                    VPOS="160.0"
                    WIDTH="594.0"
                    HEIGHT="11.0"></String>
          </TextLine>
        </TextBlock>
        <TextBlock HPOS="166.0"
                   VPOS="696.0"
                   WIDTH="931.0"
                   HEIGHT="732.0"
                   ID="region_1720085857988_86"
                   TAGREFS="BT3756">
          <Shape><Polygon POINTS="168 706 1097 696 1090 1414 166 1428"/></Shape>
          <TextLine ID="eSc_line_461e8b29"
                    BASELINE="257 772 1073 769" 
                    HPOS="257.0"
                    VPOS="769.0"
                    WIDTH="816.0"
                    HEIGHT="3.0">
	    <String CONTENT=""
                    HPOS="257.0"
                    VPOS="769.0"
                    WIDTH="816.0"
                    HEIGHT="3.0"></String>
          </TextLine>
          <TextLine ID="eSc_line_13b492de"
                    BASELINE="202 824 1081 822" 
                    HPOS="202.0"
                    VPOS="822.0"
                    WIDTH="879.0"
                    HEIGHT="2.0">
	    <String CONTENT=""
                    HPOS="202.0"
                    VPOS="822.0"
                    WIDTH="879.0"
                    HEIGHT="2.0"></String>
          </TextLine>
          <TextLine ID="eSc_line_da74ab4a"
                    BASELINE="199 876 1076 876" 
                    HPOS="199.0"
                    VPOS="876.0"
                    WIDTH="877.0"
                    HEIGHT="0.0">
	    <String CONTENT=""
                    HPOS="199.0"
                    VPOS="876.0"
                    WIDTH="877.0"
                    HEIGHT="0.0"></String>
          </TextLine>
          <TextLine ID="eSc_line_beeb620b"
                    BASELINE="199 933 1083 924" 
                    HPOS="199.0"
                    VPOS="924.0"
                    WIDTH="884.0"
                    HEIGHT="9.0">
	    <String CONTENT=""
                    HPOS="199.0"
                    VPOS="924.0"
                    WIDTH="884.0"
                    HEIGHT="9.0"></String>
          </TextLine>
          <TextLine ID="eSc_line_da3621b2"
                    BASELINE="196 977 1080 979" 
                    HPOS="196.0"
                    VPOS="977.0"
                    WIDTH="884.0"
                    HEIGHT="2.0">
	    <String CONTENT=""
                    HPOS="196.0"
                    VPOS="977.0"
                    WIDTH="884.0"
                    HEIGHT="2.0"></String>
          </TextLine>
          <TextLine ID="eSc_line_e915c07b"
                    BASELINE="195 1040 1082 1032" 
                    HPOS="195.0"
                    VPOS="1032.0"
                    WIDTH="887.0"
                    HEIGHT="8.0">
	    <String CONTENT=""
                    HPOS="195.0"
                    VPOS="1032.0"
                    WIDTH="887.0"
                    HEIGHT="8.0"></String>
          </TextLine>
          <TextLine ID="eSc_line_685c8998"
                    BASELINE="199 1090 1077 1085" 
                    HPOS="199.0"
                    VPOS="1085.0"
                    WIDTH="878.0"
                    HEIGHT="5.0">
	    <String CONTENT=""
                    HPOS="199.0"
                    VPOS="1085.0"
                    WIDTH="878.0"
                    HEIGHT="5.0"></String>
          </TextLine>
          <TextLine ID="eSc_line_50a988bc"
                    BASELINE="199 1142 1076 1138" 
                    HPOS="199.0"
                    VPOS="1138.0"
                    WIDTH="877.0"
                    HEIGHT="4.0">
	    <String CONTENT=""
                    HPOS="199.0"
                    VPOS="1138.0"
                    WIDTH="877.0"
                    HEIGHT="4.0"></String>
          </TextLine>
          <TextLine ID="eSc_line_426bc40d"
                    BASELINE="196 1194 1081 1186" 
                    HPOS="196.0"
                    VPOS="1186.0"
                    WIDTH="885.0"
                    HEIGHT="8.0">
	    <String CONTENT=""
                    HPOS="196.0"
                    VPOS="1186.0"
                    WIDTH="885.0"
                    HEIGHT="8.0"></String>
          </TextLine>
          <TextLine ID="eSc_line_1e5db3e3"
                    BASELINE="197 1245 1077 1244" 
                    HPOS="197.0"
                    VPOS="1244.0"
                    WIDTH="880.0"
                    HEIGHT="1.0">
	    <String CONTENT=""
                    HPOS="197.0"
                    VPOS="1244.0"
                    WIDTH="880.0"
                    HEIGHT="1.0"></String>
          </TextLine>
          <TextLine ID="eSc_line_417009ea"
                    BASELINE="190 1302 1071 1299" 
                    HPOS="190.0"
                    VPOS="1299.0"
                    WIDTH="881.0"
                    HEIGHT="3.0">
	    <String CONTENT=""
                    HPOS="190.0"
                    VPOS="1299.0"
                    WIDTH="881.0"
                    HEIGHT="3.0"></String>
          </TextLine>
          <TextLine ID="eSc_line_90f370e4"
                    BASELINE="196 1352 1076 1345" 
                    HPOS="196.0"
                    VPOS="1345.0"
                    WIDTH="880.0"
                    HEIGHT="7.0">
	    <String CONTENT=""
                    HPOS="196.0"
                    VPOS="1345.0"
                    WIDTH="880.0"
                    HEIGHT="7.0"></String>
          </TextLine>
          <TextLine ID="eSc_line_193d34b8"
                    BASELINE="193 1407 879 1399" 
                    HPOS="193.0"
                    VPOS="1399.0"
                    WIDTH="686.0"
                    HEIGHT="8.0">
	    <String CONTENT=""
                    HPOS="193.0"
                    VPOS="1399.0"
                    WIDTH="686.0"
                    HEIGHT="8.0"></String>
          </TextLine>
        </TextBlock>
        <TextBlock HPOS="185.0"
                   VPOS="1558.0"
                   WIDTH="584.0"
                   HEIGHT="51.0"
                   ID="region_1720085904241_95"
                   TAGREFS="BT3758">
          <Shape><Polygon POINTS="185 1564 190 1609 769 1602 763 1558"/></Shape>
          <TextLine ID="eSc_line_1daea5f9"
                    BASELINE="193 1602 756 1594" 
                    HPOS="193.0"
                    VPOS="1594.0"
                    WIDTH="563.0"
                    HEIGHT="8.0">
	    <String CONTENT=""
                    HPOS="193.0"
                    VPOS="1594.0"
                    WIDTH="563.0"
                    HEIGHT="8.0"></String>
          </TextLine>
        </TextBlock>
        <TextBlock HPOS="190.0"
                   VPOS="1608.0"
                   WIDTH="332.0"
                   HEIGHT="44.0"
                   ID="region_1720085919845_98"
                   TAGREFS="BT3758">
          <Shape><Polygon POINTS="190 1618 196 1652 522 1645 511 1608 223 1614"/></Shape>
          <TextLine ID="eSc_line_b1b25d0b"
                    BASELINE="201 1645 513 1641" 
                    HPOS="201.0"
                    VPOS="1641.0"
                    WIDTH="312.0"
                    HEIGHT="4.0">
	    <String CONTENT=""
                    HPOS="201.0"
                    VPOS="1641.0"
                    WIDTH="312.0"
                    HEIGHT="4.0"></String>
          </TextLine>
        </TextBlock>
        <TextBlock HPOS="192.0"
                   VPOS="1646.0"
                   WIDTH="653.0"
                   HEIGHT="50.0"
                   ID="region_1720085952420_101"
                   TAGREFS="BT3758">
          <Shape><Polygon POINTS="192 1666 192 1696 845 1689 840 1646 224 1657"/></Shape>
          <TextLine ID="eSc_line_f9e28677"
                    BASELINE="201 1689 834 1679" 
                    HPOS="201.0"
                    VPOS="1679.0"
                    WIDTH="633.0"
                    HEIGHT="10.0">
	    <String CONTENT=""
                    HPOS="201.0"
                    VPOS="1679.0"
                    WIDTH="633.0"
                    HEIGHT="10.0"></String>
          </TextLine>
        </TextBlock>
        <TextBlock HPOS="194.0"
                   VPOS="1700.0"
                   WIDTH="423.0"
                   HEIGHT="47.0"
                   ID="region_1720085966250_104"
                   TAGREFS="BT3758">
          <Shape><Polygon POINTS="194 1709 195 1747 617 1742 617 1704 338 1700 243 1703"/></Shape>
          <TextLine ID="eSc_line_0f5e30f7"
                    BASELINE="201 1733 583 1737" 
                    HPOS="201.0"
                    VPOS="1733.0"
                    WIDTH="382.0"
                    HEIGHT="4.0">
	    <String CONTENT=""
                    HPOS="201.0"
                    VPOS="1733.0"
                    WIDTH="382.0"
                    HEIGHT="4.0"></String>
          </TextLine>
        </TextBlock>
        <TextBlock HPOS="977.0"
                   VPOS="1429.0"
                   WIDTH="88.0"
                   HEIGHT="54.0"
                   ID="region_1720085866641_89"
                   TAGREFS="BT3756">
          <Shape><Polygon POINTS="978 1434 977 1483 1065 1482 1065 1429"/></Shape>
          <TextLine ID="eSc_line_c5dc9bf9"
                    BASELINE="982 1475 1061 1475" 
                    HPOS="982.0"
                    VPOS="1475.0"
                    WIDTH="79.0"
                    HEIGHT="0.0">
	    <String CONTENT=""
                    HPOS="982.0"
                    VPOS="1475.0"
                    WIDTH="79.0"
                    HEIGHT="0.0"></String>
          </TextLine>
        </TextBlock>
        <TextBlock HPOS="184.0"
                   VPOS="1741.0"
                   WIDTH="571.0"
                   HEIGHT="65.0"
                   ID="region_1720085984685_107"
                   TAGREFS="BT3758">
          <Shape><Polygon POINTS="184 1767 188 1806 232 1804 755 1798 755 1741 582 1749 473 1748 385 1751 223 1756"/></Shape>
          <TextLine ID="eSc_line_939cb024"
                    BASELINE="194 1793 753 1789" 
                    HPOS="194.0"
                    VPOS="1789.0"
                    WIDTH="559.0"
                    HEIGHT="4.0">
	    <String CONTENT=""
                    HPOS="194.0"
                    VPOS="1789.0"
                    WIDTH="559.0"
                    HEIGHT="4.0"></String>
          </TextLine>
        </TextBlock>
        <TextBlock HPOS="183.0"
                   VPOS="1805.0"
                   WIDTH="317.0"
                   HEIGHT="49.0"
                   ID="region_1720086004398_110"
                   TAGREFS="BT3758">
          <Shape><Polygon POINTS="191 1813 183 1854 500 1848 493 1806 370 1806 296 1805 222 1807"/></Shape>
          <TextLine ID="eSc_line_d886b8a5"
                    BASELINE="195 1844 487 1841" 
                    HPOS="195.0"
                    VPOS="1841.0"
                    WIDTH="292.0"
                    HEIGHT="3.0">
	    <String CONTENT=""
                    HPOS="195.0"
                    VPOS="1841.0"
                    WIDTH="292.0"
                    HEIGHT="3.0"></String>
          </TextLine>
        </TextBlock>
      </PrintSpace>
    </Page>
  </Layout>
</alto>
