<?xml version="1.0" encoding="UTF-8"?>
<alto xmlns:xsi="http://www.w3.org/2001/XMLSchema-instance"
      xmlns="http://www.loc.gov/standards/alto/ns-v4#"
      xsi:schemaLocation="http://www.loc.gov/standards/alto/ns-v4# http://www.loc.gov/standards/alto/v4/alto-4-2.xsd">
  <Description>
    <MeasurementUnit>pixel</MeasurementUnit>
    <sourceImageInformation>
      <fileName>1782,_Poetische_Werke,_Fleischhauer,_Bd._2,_VD18_89276873-001_Seite_343_Bild_0001.jpg</fileName>
      <fileIdentifier>mets//export_doc3216_fleischahuer_2_alto_202504271704.zip/1782,_Poetische_Werke,_Fleischhauer,_Bd._2,_VD18_89276873-001_Seite_343_Bild_0001.jpg</fileIdentifier>
    </sourceImageInformation>
  </Description>
  <Tags>
    <OtherTag ID="BT1" LABEL="Title" DESCRIPTION="block type Title"/><OtherTag ID="BT2" LABEL="Main" DESCRIPTION="block type Main"/><OtherTag ID="BT3" LABEL="Commentary" DESCRIPTION="block type Commentary"/><OtherTag ID="BT4" LABEL="Illustration" DESCRIPTION="block type Illustration"/><OtherTag ID="BT3755" LABEL="header" DESCRIPTION="block type header"/><OtherTag ID="BT3756" LABEL="paragraph" DESCRIPTION="block type paragraph"/><OtherTag ID="BT3757" LABEL="heading" DESCRIPTION="block type heading"/><OtherTag ID="BT3758" LABEL="footnote" DESCRIPTION="block type footnote"/><OtherTag ID="BT3759" LABEL="l-column" DESCRIPTION="block type l-column"/><OtherTag ID="BT3760" LABEL="r-column" DESCRIPTION="block type r-column"/><OtherTag ID="BT3761" LABEL="marginalia" DESCRIPTION="block type marginalia"/><OtherTag ID="BT4125" LABEL="drop-capital" DESCRIPTION="block type drop-capital"/><OtherTag ID="BT4126" LABEL="catch-word" DESCRIPTION="block type catch-word"/><OtherTag ID="BT4127" LABEL="page-number" DESCRIPTION="block type page-number"/><OtherTag ID="BT4128" LABEL="signature-mark" DESCRIPTION="block type signature-mark"/><OtherTag ID="BT4129" LABEL="poem_lg" DESCRIPTION="block type poem_lg"/><OtherTag ID="BT4130" LABEL="endnote" DESCRIPTION="block type endnote"/>
  </Tags>
  <Layout>
    <Page WIDTH="1214"
          HEIGHT="2058"
          PHYSICAL_IMG_NR="200"
          ID="eSc_dummypage_">
      <PrintSpace HPOS="0"
                  VPOS="0"
                  WIDTH="1214"
                  HEIGHT="2058">
        <TextBlock HPOS="199.0"
                   VPOS="98.0"
                   WIDTH="121.0"
                   HEIGHT="79.0"
                   ID="region_1719326924883_838"
                   TAGREFS="BT3756">
          <Shape><Polygon POINTS="204 174 199 111 320 98 317 177"/></Shape>
          <TextLine ID="eSc_line_f0b0d35f"
                    BASELINE="211 161 298 161" 
                    HPOS="211.0"
                    VPOS="161.0"
                    WIDTH="87.0"
                    HEIGHT="0.0">
	    <String CONTENT=""
                    HPOS="211.0"
                    VPOS="161.0"
                    WIDTH="87.0"
                    HEIGHT="0.0"></String>
          </TextLine>
        </TextBlock>
        <TextBlock HPOS="195.0"
                   VPOS="193.0"
                   WIDTH="931.0"
                   HEIGHT="234.0"
                   ID="region_1719326946547_844"
                   TAGREFS="BT3756">
          <Shape><Polygon POINTS="195 427 204 204 548 193 1077 205 1126 317 1082 427"/></Shape>
          <TextLine ID="eSc_line_79a3441f"
                    BASELINE="210 248 1053 263" 
                    HPOS="210.0"
                    VPOS="248.0"
                    WIDTH="843.0"
                    HEIGHT="15.0">
	    <String CONTENT=""
                    HPOS="210.0"
                    VPOS="248.0"
                    WIDTH="843.0"
                    HEIGHT="15.0"></String>
          </TextLine>
          <TextLine ID="eSc_line_573bb9d6"
                    BASELINE="212 302 1094 312" 
                    HPOS="212.0"
                    VPOS="302.0"
                    WIDTH="882.0"
                    HEIGHT="10.0">
	    <String CONTENT=""
                    HPOS="212.0"
                    VPOS="302.0"
                    WIDTH="882.0"
                    HEIGHT="10.0"></String>
          </TextLine>
          <TextLine ID="eSc_line_40277194"
                    BASELINE="217 355 1030 360" 
                    HPOS="217.0"
                    VPOS="355.0"
                    WIDTH="813.0"
                    HEIGHT="5.0">
	    <String CONTENT=""
                    HPOS="217.0"
                    VPOS="355.0"
                    WIDTH="813.0"
                    HEIGHT="5.0"></String>
          </TextLine>
          <TextLine ID="eSc_line_ccca4fb5"
                    BASELINE="215 411 940 416" 
                    HPOS="215.0"
                    VPOS="411.0"
                    WIDTH="725.0"
                    HEIGHT="5.0">
	    <String CONTENT=""
                    HPOS="215.0"
                    VPOS="411.0"
                    WIDTH="725.0"
                    HEIGHT="5.0"></String>
          </TextLine>
        </TextBlock>
        <TextBlock HPOS="385.0"
                   VPOS="100.0"
                   WIDTH="551.0"
                   HEIGHT="80.0"
                   ID="region_1719326936052_841"
                   TAGREFS="BT3756">
          <Shape><Polygon POINTS="385 179 385 109 457 100 930 104 936 180"/></Shape>
          <TextLine ID="eSc_line_221c611c"
                    BASELINE="398 157 910 165" 
                    HPOS="398.0"
                    VPOS="157.0"
                    WIDTH="512.0"
                    HEIGHT="8.0">
	    <String CONTENT=""
                    HPOS="398.0"
                    VPOS="157.0"
                    WIDTH="512.0"
                    HEIGHT="8.0"></String>
          </TextLine>
        </TextBlock>
        <TextBlock HPOS="153.0"
                   VPOS="538.0"
                   WIDTH="997.0"
                   HEIGHT="1269.0"
                   ID="region_1719326971086_847"
                   TAGREFS="BT3756">
          <Shape><Polygon POINTS="201 541 1100 538 1150 1177 1110 1749 991 1776 844 1788 153 1807 174 884"/></Shape>
          <TextLine ID="eSc_line_38d48310"
                    BASELINE="243 599 1084 601" 
                    HPOS="243.0"
                    VPOS="599.0"
                    WIDTH="841.0"
                    HEIGHT="2.0">
	    <String CONTENT=""
                    HPOS="243.0"
                    VPOS="599.0"
                    WIDTH="841.0"
                    HEIGHT="2.0"></String>
          </TextLine>
          <TextLine ID="eSc_line_3b7b1400"
                    BASELINE="211 650 1033 660" 
                    HPOS="211.0"
                    VPOS="650.0"
                    WIDTH="822.0"
                    HEIGHT="10.0">
	    <String CONTENT=""
                    HPOS="211.0"
                    VPOS="650.0"
                    WIDTH="822.0"
                    HEIGHT="10.0"></String>
          </TextLine>
          <TextLine ID="eSc_line_67402018"
                    BASELINE="200 705 919 711" 
                    HPOS="200.0"
                    VPOS="705.0"
                    WIDTH="719.0"
                    HEIGHT="6.0">
	    <String CONTENT=""
                    HPOS="200.0"
                    VPOS="705.0"
                    WIDTH="719.0"
                    HEIGHT="6.0"></String>
          </TextLine>
          <TextLine ID="eSc_line_ac5f58c9"
                    BASELINE="206 763 965 770" 
                    HPOS="206.0"
                    VPOS="763.0"
                    WIDTH="759.0"
                    HEIGHT="7.0">
	    <String CONTENT=""
                    HPOS="206.0"
                    VPOS="763.0"
                    WIDTH="759.0"
                    HEIGHT="7.0"></String>
          </TextLine>
          <TextLine ID="eSc_line_f869d85d"
                    BASELINE="203 811 894 814" 
                    HPOS="203.0"
                    VPOS="811.0"
                    WIDTH="691.0"
                    HEIGHT="3.0">
	    <String CONTENT=""
                    HPOS="203.0"
                    VPOS="811.0"
                    WIDTH="691.0"
                    HEIGHT="3.0"></String>
          </TextLine>
          <TextLine ID="eSc_line_fc1729ad"
                    BASELINE="195 866 1009 871" 
                    HPOS="195.0"
                    VPOS="866.0"
                    WIDTH="814.0"
                    HEIGHT="5.0">
	    <String CONTENT=""
                    HPOS="195.0"
                    VPOS="866.0"
                    WIDTH="814.0"
                    HEIGHT="5.0"></String>
          </TextLine>
          <TextLine ID="eSc_line_a38037a1"
                    BASELINE="200 918 1009 922" 
                    HPOS="200.0"
                    VPOS="918.0"
                    WIDTH="809.0"
                    HEIGHT="4.0">
	    <String CONTENT=""
                    HPOS="200.0"
                    VPOS="918.0"
                    WIDTH="809.0"
                    HEIGHT="4.0"></String>
          </TextLine>
          <TextLine ID="eSc_line_cf455b0e"
                    BASELINE="199 971 1037 981" 
                    HPOS="199.0"
                    VPOS="971.0"
                    WIDTH="838.0"
                    HEIGHT="10.0">
	    <String CONTENT=""
                    HPOS="199.0"
                    VPOS="971.0"
                    WIDTH="838.0"
                    HEIGHT="10.0"></String>
          </TextLine>
          <TextLine ID="eSc_line_27f4c244"
                    BASELINE="194 1022 1007 1024" 
                    HPOS="194.0"
                    VPOS="1022.0"
                    WIDTH="813.0"
                    HEIGHT="2.0">
	    <String CONTENT=""
                    HPOS="194.0"
                    VPOS="1022.0"
                    WIDTH="813.0"
                    HEIGHT="2.0"></String>
          </TextLine>
          <TextLine ID="eSc_line_e9e0d808"
                    BASELINE="187 1080 1085 1080" 
                    HPOS="187.0"
                    VPOS="1080.0"
                    WIDTH="898.0"
                    HEIGHT="0.0">
	    <String CONTENT=""
                    HPOS="187.0"
                    VPOS="1080.0"
                    WIDTH="898.0"
                    HEIGHT="0.0"></String>
          </TextLine>
          <TextLine ID="eSc_line_9f3d907e"
                    BASELINE="188 1131 963 1134" 
                    HPOS="188.0"
                    VPOS="1131.0"
                    WIDTH="775.0"
                    HEIGHT="3.0">
	    <String CONTENT=""
                    HPOS="188.0"
                    VPOS="1131.0"
                    WIDTH="775.0"
                    HEIGHT="3.0"></String>
          </TextLine>
          <TextLine ID="eSc_line_eae94fd2"
                    BASELINE="188 1185 1072 1183" 
                    HPOS="188.0"
                    VPOS="1183.0"
                    WIDTH="884.0"
                    HEIGHT="2.0">
	    <String CONTENT=""
                    HPOS="188.0"
                    VPOS="1183.0"
                    WIDTH="884.0"
                    HEIGHT="2.0"></String>
          </TextLine>
          <TextLine ID="eSc_line_76f92737"
                    BASELINE="193 1238 1051 1246" 
                    HPOS="193.0"
                    VPOS="1238.0"
                    WIDTH="858.0"
                    HEIGHT="8.0">
	    <String CONTENT=""
                    HPOS="193.0"
                    VPOS="1238.0"
                    WIDTH="858.0"
                    HEIGHT="8.0"></String>
          </TextLine>
          <TextLine ID="eSc_line_93262b4d"
                    BASELINE="187 1299 1028 1295" 
                    HPOS="187.0"
                    VPOS="1295.0"
                    WIDTH="841.0"
                    HEIGHT="4.0">
	    <String CONTENT=""
                    HPOS="187.0"
                    VPOS="1295.0"
                    WIDTH="841.0"
                    HEIGHT="4.0"></String>
          </TextLine>
          <TextLine ID="eSc_line_bcfef06d"
                    BASELINE="189 1349 1078 1355" 
                    HPOS="189.0"
                    VPOS="1349.0"
                    WIDTH="889.0"
                    HEIGHT="6.0">
	    <String CONTENT=""
                    HPOS="189.0"
                    VPOS="1349.0"
                    WIDTH="889.0"
                    HEIGHT="6.0"></String>
          </TextLine>
          <TextLine ID="eSc_line_5ea0f5a2"
                    BASELINE="179 1406 1042 1402" 
                    HPOS="179.0"
                    VPOS="1402.0"
                    WIDTH="863.0"
                    HEIGHT="4.0">
	    <String CONTENT=""
                    HPOS="179.0"
                    VPOS="1402.0"
                    WIDTH="863.0"
                    HEIGHT="4.0"></String>
          </TextLine>
          <TextLine ID="eSc_line_f3153eef"
                    BASELINE="183 1452 979 1455" 
                    HPOS="183.0"
                    VPOS="1452.0"
                    WIDTH="796.0"
                    HEIGHT="3.0">
	    <String CONTENT=""
                    HPOS="183.0"
                    VPOS="1452.0"
                    WIDTH="796.0"
                    HEIGHT="3.0"></String>
          </TextLine>
          <TextLine ID="eSc_line_a34e6f38"
                    BASELINE="182 1511 1073 1500" 
                    HPOS="182.0"
                    VPOS="1500.0"
                    WIDTH="891.0"
                    HEIGHT="11.0">
	    <String CONTENT=""
                    HPOS="182.0"
                    VPOS="1500.0"
                    WIDTH="891.0"
                    HEIGHT="11.0"></String>
          </TextLine>
          <TextLine ID="eSc_line_6fda76d6"
                    BASELINE="639 1560 795 1560" 
                    HPOS="639.0"
                    VPOS="1560.0"
                    WIDTH="156.0"
                    HEIGHT="0.0">
	    <String CONTENT=""
                    HPOS="639.0"
                    VPOS="1560.0"
                    WIDTH="156.0"
                    HEIGHT="0.0"></String>
          </TextLine>
          <TextLine ID="eSc_line_03f74cc7"
                    BASELINE="182 1620 912 1608" 
                    HPOS="182.0"
                    VPOS="1608.0"
                    WIDTH="730.0"
                    HEIGHT="12.0">
	    <String CONTENT=""
                    HPOS="182.0"
                    VPOS="1608.0"
                    WIDTH="730.0"
                    HEIGHT="12.0"></String>
          </TextLine>
          <TextLine ID="eSc_line_661d42bd"
                    BASELINE="182 1675 915 1668" 
                    HPOS="182.0"
                    VPOS="1668.0"
                    WIDTH="733.0"
                    HEIGHT="7.0">
	    <String CONTENT=""
                    HPOS="182.0"
                    VPOS="1668.0"
                    WIDTH="733.0"
                    HEIGHT="7.0"></String>
          </TextLine>
          <TextLine ID="eSc_line_d2c041a8"
                    BASELINE="183 1723 912 1720" 
                    HPOS="183.0"
                    VPOS="1720.0"
                    WIDTH="729.0"
                    HEIGHT="3.0">
	    <String CONTENT=""
                    HPOS="183.0"
                    VPOS="1720.0"
                    WIDTH="729.0"
                    HEIGHT="3.0"></String>
          </TextLine>
          <TextLine ID="eSc_line_dbd3434c"
                    BASELINE="182 1775 927 1772" 
                    HPOS="182.0"
                    VPOS="1772.0"
                    WIDTH="745.0"
                    HEIGHT="3.0">
	    <String CONTENT=""
                    HPOS="182.0"
                    VPOS="1772.0"
                    WIDTH="745.0"
                    HEIGHT="3.0"></String>
          </TextLine>
        </TextBlock>
        <TextBlock HPOS="990.0"
                   VPOS="1778.0"
                   WIDTH="86.0"
                   HEIGHT="53.0"
                   ID="region_1719326997310_851"
                   TAGREFS="BT3756">
          <Shape><Polygon POINTS="990 1826 991 1783 1032 1778 1076 1793 1076 1831"/></Shape>
          <TextLine ID="eSc_line_fd83e26d"
                    BASELINE="995 1819 1066 1825" 
                    HPOS="995.0"
                    VPOS="1819.0"
                    WIDTH="71.0"
                    HEIGHT="6.0">
	    <String CONTENT=""
                    HPOS="995.0"
                    VPOS="1819.0"
                    WIDTH="71.0"
                    HEIGHT="6.0"></String>
          </TextLine>
        </TextBlock>
      </PrintSpace>
    </Page>
  </Layout>
</alto>
