<?xml version="1.0" encoding="UTF-8"?>
<alto xmlns:xsi="http://www.w3.org/2001/XMLSchema-instance"
      xmlns="http://www.loc.gov/standards/alto/ns-v4#"
      xsi:schemaLocation="http://www.loc.gov/standards/alto/ns-v4# http://www.loc.gov/standards/alto/v4/alto-4-2.xsd">
  <Description>
    <MeasurementUnit>pixel</MeasurementUnit>
    <sourceImageInformation>
      <fileName>1782,_Poetische_Werke,_Fleischhauer,_Bd._2,_VD18_89276873-001_Seite_319_Bild_0001.jpg</fileName>
      <fileIdentifier>mets//export_doc3216_fleischahuer_2_alto_202504271704.zip/1782,_Poetische_Werke,_Fleischhauer,_Bd._2,_VD18_89276873-001_Seite_319_Bild_0001.jpg</fileIdentifier>
    </sourceImageInformation>
  </Description>
  <Tags>
    <OtherTag ID="BT1" LABEL="Title" DESCRIPTION="block type Title"/><OtherTag ID="BT2" LABEL="Main" DESCRIPTION="block type Main"/><OtherTag ID="BT3" LABEL="Commentary" DESCRIPTION="block type Commentary"/><OtherTag ID="BT4" LABEL="Illustration" DESCRIPTION="block type Illustration"/><OtherTag ID="BT3755" LABEL="header" DESCRIPTION="block type header"/><OtherTag ID="BT3756" LABEL="paragraph" DESCRIPTION="block type paragraph"/><OtherTag ID="BT3757" LABEL="heading" DESCRIPTION="block type heading"/><OtherTag ID="BT3758" LABEL="footnote" DESCRIPTION="block type footnote"/><OtherTag ID="BT3759" LABEL="l-column" DESCRIPTION="block type l-column"/><OtherTag ID="BT3760" LABEL="r-column" DESCRIPTION="block type r-column"/><OtherTag ID="BT3761" LABEL="marginalia" DESCRIPTION="block type marginalia"/><OtherTag ID="BT4125" LABEL="drop-capital" DESCRIPTION="block type drop-capital"/><OtherTag ID="BT4126" LABEL="catch-word" DESCRIPTION="block type catch-word"/><OtherTag ID="BT4127" LABEL="page-number" DESCRIPTION="block type page-number"/><OtherTag ID="BT4128" LABEL="signature-mark" DESCRIPTION="block type signature-mark"/><OtherTag ID="BT4129" LABEL="poem_lg" DESCRIPTION="block type poem_lg"/><OtherTag ID="BT4130" LABEL="endnote" DESCRIPTION="block type endnote"/>
  </Tags>
  <Layout>
    <Page WIDTH="1174"
          HEIGHT="2033"
          PHYSICAL_IMG_NR="198"
          ID="eSc_dummypage_">
      <PrintSpace HPOS="0"
                  VPOS="0"
                  WIDTH="1174"
                  HEIGHT="2033">
        <TextBlock HPOS="194.0"
                   VPOS="118.0"
                   WIDTH="111.0"
                   HEIGHT="67.0"
                   ID="region_1719326643434_762"
                   TAGREFS="BT3756">
          <Shape><Polygon POINTS="198 185 194 133 299 118 305 181"/></Shape>
          <TextLine ID="eSc_line_4a43b748"
                    BASELINE="200 170 291 164" 
                    HPOS="200.0"
                    VPOS="164.0"
                    WIDTH="91.0"
                    HEIGHT="6.0">
	    <String CONTENT=""
                    HPOS="200.0"
                    VPOS="164.0"
                    WIDTH="91.0"
                    HEIGHT="6.0"></String>
          </TextLine>
        </TextBlock>
        <TextBlock HPOS="182.0"
                   VPOS="204.0"
                   WIDTH="879.0"
                   HEIGHT="191.0"
                   ID="region_1719326656014_768"
                   TAGREFS="BT3756">
          <Shape><Polygon POINTS="182 385 189 204 1061 222 1016 395"/></Shape>
          <TextLine ID="eSc_line_b34085e1"
                    BASELINE="206 256 1037 266" 
                    HPOS="206.0"
                    VPOS="256.0"
                    WIDTH="831.0"
                    HEIGHT="10.0">
	    <String CONTENT=""
                    HPOS="206.0"
                    VPOS="256.0"
                    WIDTH="831.0"
                    HEIGHT="10.0"></String>
          </TextLine>
          <TextLine ID="eSc_line_f2d411a4"
                    BASELINE="203 317 872 306" 
                    HPOS="203.0"
                    VPOS="306.0"
                    WIDTH="669.0"
                    HEIGHT="11.0">
	    <String CONTENT=""
                    HPOS="203.0"
                    VPOS="306.0"
                    WIDTH="669.0"
                    HEIGHT="11.0"></String>
          </TextLine>
          <TextLine ID="eSc_line_11c4873c"
                    BASELINE="206 371 928 367" 
                    HPOS="206.0"
                    VPOS="367.0"
                    WIDTH="722.0"
                    HEIGHT="4.0">
	    <String CONTENT=""
                    HPOS="206.0"
                    VPOS="367.0"
                    WIDTH="722.0"
                    HEIGHT="4.0"></String>
          </TextLine>
        </TextBlock>
        <TextBlock HPOS="370.0"
                   VPOS="103.0"
                   WIDTH="550.0"
                   HEIGHT="87.0"
                   ID="region_1719326648983_765"
                   TAGREFS="BT3756">
          <Shape><Polygon POINTS="370 187 377 103 920 121 920 190"/></Shape>
          <TextLine ID="eSc_line_ba071e86"
                    BASELINE="387 170 893 173" 
                    HPOS="387.0"
                    VPOS="170.0"
                    WIDTH="506.0"
                    HEIGHT="3.0">
	    <String CONTENT=""
                    HPOS="387.0"
                    VPOS="170.0"
                    WIDTH="506.0"
                    HEIGHT="3.0"></String>
          </TextLine>
        </TextBlock>
        <TextBlock HPOS="176.0"
                   VPOS="449.0"
                   WIDTH="895.0"
                   HEIGHT="715.0"
                   ID="region_1719326668015_771"
                   TAGREFS="BT3756">
          <Shape><Polygon POINTS="176 1164 178 456 1071 449 1062 1164"/></Shape>
          <TextLine ID="eSc_line_52da2b00"
                    BASELINE="257 535 1003 534" 
                    HPOS="257.0"
                    VPOS="534.0"
                    WIDTH="746.0"
                    HEIGHT="1.0">
	    <String CONTENT=""
                    HPOS="257.0"
                    VPOS="534.0"
                    WIDTH="746.0"
                    HEIGHT="1.0"></String>
          </TextLine>
          <TextLine ID="eSc_line_deb769fe"
                    BASELINE="189 592 960 585" 
                    HPOS="189.0"
                    VPOS="585.0"
                    WIDTH="771.0"
                    HEIGHT="7.0">
	    <String CONTENT=""
                    HPOS="189.0"
                    VPOS="585.0"
                    WIDTH="771.0"
                    HEIGHT="7.0"></String>
          </TextLine>
          <TextLine ID="eSc_line_b0d2296c"
                    BASELINE="196 641 1046 641" 
                    HPOS="196.0"
                    VPOS="641.0"
                    WIDTH="850.0"
                    HEIGHT="0.0">
	    <String CONTENT=""
                    HPOS="196.0"
                    VPOS="641.0"
                    WIDTH="850.0"
                    HEIGHT="0.0"></String>
          </TextLine>
          <TextLine ID="eSc_line_a28ac3e9"
                    BASELINE="199 696 945 694" 
                    HPOS="199.0"
                    VPOS="694.0"
                    WIDTH="746.0"
                    HEIGHT="2.0">
	    <String CONTENT=""
                    HPOS="199.0"
                    VPOS="694.0"
                    WIDTH="746.0"
                    HEIGHT="2.0"></String>
          </TextLine>
          <TextLine ID="eSc_line_29e03c67"
                    BASELINE="198 745 993 746" 
                    HPOS="198.0"
                    VPOS="745.0"
                    WIDTH="795.0"
                    HEIGHT="1.0">
	    <String CONTENT=""
                    HPOS="198.0"
                    VPOS="745.0"
                    WIDTH="795.0"
                    HEIGHT="1.0"></String>
          </TextLine>
          <TextLine ID="eSc_line_7a5dcc04"
                    BASELINE="189 801 862 801" 
                    HPOS="189.0"
                    VPOS="801.0"
                    WIDTH="673.0"
                    HEIGHT="0.0">
	    <String CONTENT=""
                    HPOS="189.0"
                    VPOS="801.0"
                    WIDTH="673.0"
                    HEIGHT="0.0"></String>
          </TextLine>
          <TextLine ID="eSc_line_941238c5"
                    BASELINE="194 849 1006 853" 
                    HPOS="194.0"
                    VPOS="849.0"
                    WIDTH="812.0"
                    HEIGHT="4.0">
	    <String CONTENT=""
                    HPOS="194.0"
                    VPOS="849.0"
                    WIDTH="812.0"
                    HEIGHT="4.0"></String>
          </TextLine>
          <TextLine ID="eSc_line_faa9a24b"
                    BASELINE="190 903 1061 908" 
                    HPOS="190.0"
                    VPOS="903.0"
                    WIDTH="871.0"
                    HEIGHT="5.0">
	    <String CONTENT=""
                    HPOS="190.0"
                    VPOS="903.0"
                    WIDTH="871.0"
                    HEIGHT="5.0"></String>
          </TextLine>
          <TextLine ID="eSc_line_e0487a3e"
                    BASELINE="187 959 978 963" 
                    HPOS="187.0"
                    VPOS="959.0"
                    WIDTH="791.0"
                    HEIGHT="4.0">
	    <String CONTENT=""
                    HPOS="187.0"
                    VPOS="959.0"
                    WIDTH="791.0"
                    HEIGHT="4.0"></String>
          </TextLine>
          <TextLine ID="eSc_line_5e844647"
                    BASELINE="186 1011 966 1014" 
                    HPOS="186.0"
                    VPOS="1011.0"
                    WIDTH="780.0"
                    HEIGHT="3.0">
	    <String CONTENT=""
                    HPOS="186.0"
                    VPOS="1011.0"
                    WIDTH="780.0"
                    HEIGHT="3.0"></String>
          </TextLine>
          <TextLine ID="eSc_line_e75a3e39"
                    BASELINE="192 1067 905 1062" 
                    HPOS="192.0"
                    VPOS="1062.0"
                    WIDTH="713.0"
                    HEIGHT="5.0">
	    <String CONTENT=""
                    HPOS="192.0"
                    VPOS="1062.0"
                    WIDTH="713.0"
                    HEIGHT="5.0"></String>
          </TextLine>
          <TextLine ID="eSc_line_657984a4"
                    BASELINE="186 1126 1002 1124" 
                    HPOS="186.0"
                    VPOS="1124.0"
                    WIDTH="816.0"
                    HEIGHT="2.0">
	    <String CONTENT=""
                    HPOS="186.0"
                    VPOS="1124.0"
                    WIDTH="816.0"
                    HEIGHT="2.0"></String>
          </TextLine>
        </TextBlock>
        <TextBlock HPOS="158.0"
                   VPOS="1283.0"
                   WIDTH="920.0"
                   HEIGHT="248.0"
                   ID="region_1719326687063_777"
                   TAGREFS="BT3756">
          <Shape><Polygon POINTS="167 1526 158 1283 1026 1297 1078 1431 1069 1531"/></Shape>
          <TextLine ID="eSc_line_e27b984f"
                    BASELINE="180 1343 973 1351" 
                    HPOS="180.0"
                    VPOS="1343.0"
                    WIDTH="793.0"
                    HEIGHT="8.0">
	    <String CONTENT=""
                    HPOS="180.0"
                    VPOS="1343.0"
                    WIDTH="793.0"
                    HEIGHT="8.0"></String>
          </TextLine>
          <TextLine ID="eSc_line_60236b59"
                    BASELINE="187 1396 980 1394" 
                    HPOS="187.0"
                    VPOS="1394.0"
                    WIDTH="793.0"
                    HEIGHT="2.0">
	    <String CONTENT=""
                    HPOS="187.0"
                    VPOS="1394.0"
                    WIDTH="793.0"
                    HEIGHT="2.0"></String>
          </TextLine>
          <TextLine ID="eSc_line_b9435e14"
                    BASELINE="180 1456 1049 1447" 
                    HPOS="180.0"
                    VPOS="1447.0"
                    WIDTH="869.0"
                    HEIGHT="9.0">
	    <String CONTENT=""
                    HPOS="180.0"
                    VPOS="1447.0"
                    WIDTH="869.0"
                    HEIGHT="9.0"></String>
          </TextLine>
          <TextLine ID="eSc_line_a4d8f6ba"
                    BASELINE="193 1501 1014 1509" 
                    HPOS="193.0"
                    VPOS="1501.0"
                    WIDTH="821.0"
                    HEIGHT="8.0">
	    <String CONTENT=""
                    HPOS="193.0"
                    VPOS="1501.0"
                    WIDTH="821.0"
                    HEIGHT="8.0"></String>
          </TextLine>
        </TextBlock>
        <TextBlock HPOS="507.0"
                   VPOS="1188.0"
                   WIDTH="232.0"
                   HEIGHT="70.0"
                   ID="region_1719326674440_774"
                   TAGREFS="BT3757">
          <Shape><Polygon POINTS="739 1249 736 1188 508 1190 507 1258"/></Shape>
          <TextLine ID="eSc_line_3fac9ab8"
                    BASELINE="519 1243 725 1237" 
                    HPOS="519.0"
                    VPOS="1237.0"
                    WIDTH="206.0"
                    HEIGHT="6.0">
	    <String CONTENT=""
                    HPOS="519.0"
                    VPOS="1237.0"
                    WIDTH="206.0"
                    HEIGHT="6.0"></String>
          </TextLine>
        </TextBlock>
        <TextBlock HPOS="472.0"
                   VPOS="1570.0"
                   WIDTH="280.0"
                   HEIGHT="74.0"
                   ID="region_1719326692649_780"
                   TAGREFS="BT3757">
          <Shape><Polygon POINTS="474 1642 472 1570 749 1571 752 1644"/></Shape>
          <TextLine ID="eSc_line_117208a9"
                    BASELINE="489 1629 722 1629" 
                    HPOS="489.0"
                    VPOS="1629.0"
                    WIDTH="233.0"
                    HEIGHT="0.0">
	    <String CONTENT=""
                    HPOS="489.0"
                    VPOS="1629.0"
                    WIDTH="233.0"
                    HEIGHT="0.0"></String>
          </TextLine>
        </TextBlock>
        <TextBlock HPOS="161.0"
                   VPOS="1668.0"
                   WIDTH="810.0"
                   HEIGHT="147.0"
                   ID="region_1719326698951_783"
                   TAGREFS="BT3756">
          <Shape><Polygon POINTS="161 1815 176 1668 971 1676 949 1799"/></Shape>
          <TextLine ID="eSc_line_3c3348b6"
                    BASELINE="177 1731 934 1736" 
                    HPOS="177.0"
                    VPOS="1731.0"
                    WIDTH="757.0"
                    HEIGHT="5.0">
	    <String CONTENT=""
                    HPOS="177.0"
                    VPOS="1731.0"
                    WIDTH="757.0"
                    HEIGHT="5.0"></String>
          </TextLine>
          <TextLine ID="eSc_line_349ff2ad"
                    BASELINE="189 1787 890 1779" 
                    HPOS="189.0"
                    VPOS="1779.0"
                    WIDTH="701.0"
                    HEIGHT="8.0">
	    <String CONTENT=""
                    HPOS="189.0"
                    VPOS="1779.0"
                    WIDTH="701.0"
                    HEIGHT="8.0"></String>
          </TextLine>
        </TextBlock>
        <TextBlock HPOS="958.0"
                   VPOS="1782.0"
                   WIDTH="108.0"
                   HEIGHT="69.0"
                   ID="region_1719326707830_786"
                   TAGREFS="BT3756">
          <Shape><Polygon POINTS="961 1851 958 1798 980 1782 1066 1796 1061 1848"/></Shape>
          <TextLine ID="eSc_line_53767a61"
                    BASELINE="973 1840 1045 1839" 
                    HPOS="973.0"
                    VPOS="1839.0"
                    WIDTH="72.0"
                    HEIGHT="1.0">
	    <String CONTENT=""
                    HPOS="973.0"
                    VPOS="1839.0"
                    WIDTH="72.0"
                    HEIGHT="1.0"></String>
          </TextLine>
        </TextBlock>
      </PrintSpace>
    </Page>
  </Layout>
</alto>
