<?xml version="1.0" encoding="UTF-8"  standalone="yes"?>
<PcGts xmlns="http://schema.primaresearch.org/PAGE/gts/pagecontent/2019-07-15" xmlns:xsi="http://www.w3.org/2001/XMLSchema-instance" xsi:schemaLocation="http://schema.primaresearch.org/PAGE/gts/pagecontent/2019-07-15 http://schema.primaresearch.org/PAGE/gts/pagecontent/2019-07-15/pagecontent.xsd">
  <Metadata>
	<Creator>escriptorium</Creator>
	<Created>2024-07-13T11:12:49.717705+00:00</Created>
        <LastChange>2024-07-13T11:12:49.717754+00:00</LastChange>
  </Metadata>
  <Page imageFilename="1793,_Saemmtliche_Poetische_Werke,_Schraembl,_Bd._1,_VD18_90245881_Seite_059_Bild_0001.jpg" imageWidth="1076" imageHeight="1876">
    <TextRegion id="region_1718552524354_30"  custom="structure {type:page-number;}">
      <Coords points="272,240 382,240 382,202 272,202"/>
    </TextRegion>
    <TextRegion id="region_1718552568082_36"  custom="structure {type:paragraph;}">
      <Coords points="259,859 987,859 987,281 259,281"/>
    </TextRegion>
    <TextRegion id="region_1718552579387_39"  custom="structure {type:poem_lg;}">
      <Coords points="347,1042 903,1042 903,868 347,868"/>
    </TextRegion>
    <TextRegion id="region_1718552583234_42"  custom="structure {type:paragraph;}">
      <Coords points="277,1261 585,1268 589,1395 981,1397 989,1067 278,1059"/>
    </TextRegion>
    <TextRegion id="region_1719924211492_250"  custom="structure {type:endnote;}">
      <Coords points="254,1563 252,1428 1018,1423 1013,1561"/>
    </TextRegion>
  </Page>
</PcGts>
