<?xml version="1.0" encoding="UTF-8"  standalone="yes"?>
<PcGts xmlns="http://schema.primaresearch.org/PAGE/gts/pagecontent/2019-07-15" xmlns:xsi="http://www.w3.org/2001/XMLSchema-instance" xsi:schemaLocation="http://schema.primaresearch.org/PAGE/gts/pagecontent/2019-07-15 http://schema.primaresearch.org/PAGE/gts/pagecontent/2019-07-15/pagecontent.xsd">
  <Metadata>
	<Creator>escriptorium</Creator>
	<Created>2024-07-13T11:12:53.537151+00:00</Created>
        <LastChange>2024-07-13T11:12:53.537191+00:00</LastChange>
  </Metadata>
  <Page imageFilename="1793,_Saemmtliche_Poetische_Werke,_Schraembl,_Bd._2,_VD18_9024589X_Seite_274_Bild_0001.jpg" imageWidth="1088" imageHeight="1912">
    <TextRegion id="region_1718562325520_703"  custom="structure {type:page-number;}">
      <Coords points="741,228 819,234 818,193 735,193"/>
    </TextRegion>
    <TextRegion id="region_1718562369272_711"  custom="structure {type:endnote;}">
      <Coords points="98,569 823,569 823,278 99,274"/>
    </TextRegion>
    <TextRegion id="region_1718562382289_714"  custom="structure {type:heading;}">
      <Coords points="172,646 760,646 760,595 172,595"/>
    </TextRegion>
    <TextRegion id="region_1718562907189_770"  custom="structure {type:endnote;}">
      <Coords points="93,1523 851,1538 845,673 81,672"/>
    </TextRegion>
    <TextRegion id="region_1718562674659_762"  custom="structure {type:signature-mark;}">
      <Coords points="154,1562 805,1571 795,1541 156,1530"/>
    </TextRegion>
  </Page>
</PcGts>
