<?xml version="1.0" encoding="UTF-8"  standalone="yes"?>
<PcGts xmlns="http://schema.primaresearch.org/PAGE/gts/pagecontent/2019-07-15" xmlns:xsi="http://www.w3.org/2001/XMLSchema-instance" xsi:schemaLocation="http://schema.primaresearch.org/PAGE/gts/pagecontent/2019-07-15 http://schema.primaresearch.org/PAGE/gts/pagecontent/2019-07-15/pagecontent.xsd">
  <Metadata>
	<Creator>escriptorium</Creator>
	<Created>2024-07-13T11:12:54.123906+00:00</Created>
        <LastChange>2024-07-13T11:12:54.123935+00:00</LastChange>
  </Metadata>
  <Page imageFilename="1793,_Saemmtliche_Poetische_Werke,_Schraembl,_Bd._3,_VD18_90245903_Seite_180_Bild_0001.jpg" imageWidth="1080" imageHeight="1900">
    <TextRegion id="region_1720111617686_33"  custom="structure {type:page-number;}">
      <Coords points="706,195 707,230 769,231 769,193"/>
    </TextRegion>
    <TextRegion id="region_1720111636529_36"  custom="structure {type:heading;}">
      <Coords points="120,419 120,462 735,455 734,400"/>
    </TextRegion>
    <TextRegion id="region_1720111648231_39"  custom="structure {type:drop-capital;}">
      <Coords points="171,640 176,585 115,584 122,641"/>
    </TextRegion>
    <TextRegion id="region_1720111674190_42"  custom="structure {type:poem_lg;}">
      <Coords points="78,646 173,646 178,610 732,593 770,883 64,902"/>
    </TextRegion>
    <TextRegion id="region_1720111731590_53"  custom="structure {type:heading;}">
      <Coords points="148,1007 154,1066 718,1063 700,1003"/>
    </TextRegion>
    <TextRegion id="region_1720111738714_56"  custom="structure {type:drop-capital;}">
      <Coords points="207,1183 186,1232 130,1239 123,1176"/>
    </TextRegion>
    <TextRegion id="region_1720111781387_59"  custom="structure {type:poem_lg;}">
      <Coords points="208,1197 196,1214 191,1243 59,1299 107,1401 805,1378 801,1187 416,1179"/>
    </TextRegion>
  </Page>
</PcGts>
