<?xml version="1.0" encoding="UTF-8"  standalone="yes"?>
<PcGts xmlns="http://schema.primaresearch.org/PAGE/gts/pagecontent/2019-07-15" xmlns:xsi="http://www.w3.org/2001/XMLSchema-instance" xsi:schemaLocation="http://schema.primaresearch.org/PAGE/gts/pagecontent/2019-07-15 http://schema.primaresearch.org/PAGE/gts/pagecontent/2019-07-15/pagecontent.xsd">
  <Metadata>
	<Creator>escriptorium</Creator>
	<Created>2024-07-13T11:12:55.415607+00:00</Created>
        <LastChange>2024-07-13T11:12:55.415705+00:00</LastChange>
  </Metadata>
  <Page imageFilename="1793,_Saemmtliche_Poetische_Werke,_Schraembl,_Bd._3,_VD18_90245903_Seite_292_Bild_0001.jpg" imageWidth="1089" imageHeight="1894">
    <TextRegion id="region_1718697331984_375"  custom="structure {type:page-number;}">
      <Coords points="783,245 713,245 708,203 783,203"/>
    </TextRegion>
    <TextRegion id="region_1720023973978_143"  custom="structure {type:endnote;}">
      <Coords points="61,276 58,397 790,399 792,283"/>
    </TextRegion>
    <TextRegion id="region_1718697350797_384"  custom="structure {type:heading;}">
      <Coords points="768,569 94,569 94,423 768,423"/>
    </TextRegion>
    <TextRegion id="region_1718697355194_387"  custom="structure {type:heading;}">
      <Coords points="689,671 180,671 180,603 689,603"/>
    </TextRegion>
    <TextRegion id="region_1720023688192_102"  custom="structure {type:endnote;}">
      <Coords points="806,1156 73,1143 76,674 815,693"/>
    </TextRegion>
    <TextRegion id="region_1718697364661_393"  custom="structure {type:heading;}">
      <Coords points="791,1235 100,1211 86,1152 773,1163"/>
    </TextRegion>
    <TextRegion id="region_1720023677355_99"  custom="structure {type:endnote;}">
      <Coords points="75,1226 819,1246 804,1538 67,1523"/>
    </TextRegion>
    <TextRegion id="TextRegion_1718713324901_162"  custom="structure {type:signature-mark;}">
      <Coords points="141,1530 781,1549 781,1588 723,1588 185,1575 134,1563"/>
    </TextRegion>
  </Page>
</PcGts>
