<?xml version="1.0" encoding="UTF-8"  standalone="yes"?>
<PcGts xmlns="http://schema.primaresearch.org/PAGE/gts/pagecontent/2019-07-15" xmlns:xsi="http://www.w3.org/2001/XMLSchema-instance" xsi:schemaLocation="http://schema.primaresearch.org/PAGE/gts/pagecontent/2019-07-15 http://schema.primaresearch.org/PAGE/gts/pagecontent/2019-07-15/pagecontent.xsd">
  <Metadata>
	<Creator>escriptorium</Creator>
	<Created>2024-07-13T11:12:58.008670+00:00</Created>
        <LastChange>2024-07-13T11:12:58.008717+00:00</LastChange>
  </Metadata>
  <Page imageFilename="1793,_Saemmtliche_Poetische_Werke,_Schraembl,_Bd._4,_VD18_90245911_Seite_168_Bild_0001.jpg" imageWidth="1065" imageHeight="1842">
    <TextRegion id="region_1720171245787_1055"  custom="structure {type:page-number;}">
      <Coords points="694,173 696,208 776,204 765,169"/>
    </TextRegion>
    <TextRegion id="region_1720171286038_1067"  custom="structure {type:heading;}">
      <Coords points="152,375 152,442 673,443 690,374"/>
    </TextRegion>
    <TextRegion id="region_1720171291114_1070"  custom="structure {type:heading;}">
      <Coords points="301,528 304,586 518,584 521,533"/>
    </TextRegion>
    <TextRegion id="region_1720171301326_1073"  custom="structure {type:drop-capital;}">
      <Coords points="162,606 166,660 107,658 116,594"/>
    </TextRegion>
    <TextRegion id="region_1720171322973_1076"  custom="structure {type:poem_lg;}">
      <Coords points="165,629 169,656 165,693 64,707 66,977 806,995 779,619 204,605"/>
    </TextRegion>
    <TextRegion id="region_1720171355743_1083"  custom="structure {type:heading;}">
      <Coords points="291,992 295,1024 551,1030 534,1000"/>
    </TextRegion>
    <TextRegion id="region_1720171453598_1091"  custom="structure {type:heading;}">
      <Coords points="315,1227 315,1254 526,1257 516,1227"/>
    </TextRegion>
    <TextRegion id="region_1720171381662_1087"  custom="structure {type:poem_lg;}">
      <Coords points="59,1031 60,1207 794,1221 783,1039 370,1033"/>
    </TextRegion>
    <TextRegion id="region_1720171468685_1094"  custom="structure {type:poem_lg;}">
      <Coords points="58,1265 47,1531 786,1548 774,1264 106,1253"/>
    </TextRegion>
  </Page>
</PcGts>
