<?xml version="1.0" encoding="UTF-8"  standalone="yes"?>
<PcGts xmlns="http://schema.primaresearch.org/PAGE/gts/pagecontent/2019-07-15" xmlns:xsi="http://www.w3.org/2001/XMLSchema-instance" xsi:schemaLocation="http://schema.primaresearch.org/PAGE/gts/pagecontent/2019-07-15 http://schema.primaresearch.org/PAGE/gts/pagecontent/2019-07-15/pagecontent.xsd">
  <Metadata>
	<Creator>escriptorium</Creator>
	<Created>2024-07-13T11:12:52.458026+00:00</Created>
        <LastChange>2024-07-13T11:12:52.458057+00:00</LastChange>
  </Metadata>
  <Page imageFilename="1793,_Saemmtliche_Poetische_Werke,_Schraembl,_Bd._2,_VD18_9024589X_Seite_131_Bild_0001.jpg" imageWidth="1096" imageHeight="1912">
    <TextRegion id="region_1718561082888_429"  custom="structure {type:page-number;}">
      <Coords points="304,253 360,253 360,208 304,208"/>
    </TextRegion>
    <TextRegion id="region_1718561123696_437"  custom="structure {type:heading;}">
      <Coords points="362,539 941,539 941,457 362,457"/>
    </TextRegion>
    <TextRegion id="TextRegion_1719228894541_164"  custom="structure {type:drop-capital;}">
      <Coords points="345,634 391,636 387,666 374,714 338,713 332,691"/>
    </TextRegion>
    <TextRegion id="TextRegion_1719228894540_163"  custom="structure {type:poem_lg;}">
      <Coords points="391,636 1023,636 1023,1086 276,1086 292,767 372,744 379,716 387,666"/>
    </TextRegion>
    <TextRegion id="region_1718561136704_443"  custom="structure {type:poem_lg;}">
      <Coords points="292,1566 1004,1566 1004,1114 292,1114"/>
    </TextRegion>
  </Page>
</PcGts>
