<?xml version="1.0" encoding="UTF-8"  standalone="yes"?>
<PcGts xmlns="http://schema.primaresearch.org/PAGE/gts/pagecontent/2019-07-15" xmlns:xsi="http://www.w3.org/2001/XMLSchema-instance" xsi:schemaLocation="http://schema.primaresearch.org/PAGE/gts/pagecontent/2019-07-15 http://schema.primaresearch.org/PAGE/gts/pagecontent/2019-07-15/pagecontent.xsd">
  <Metadata>
	<Creator>escriptorium</Creator>
	<Created>2024-07-13T11:13:00.830256+00:00</Created>
        <LastChange>2024-07-13T11:13:00.830297+00:00</LastChange>
  </Metadata>
  <Page imageFilename="1793,_Saemmtliche_Poetische_Werke,_Schraembl,_Bd._5,_VD18_9024592X_Seite_128_Bild_0001.jpg" imageWidth="1073" imageHeight="1850">
    <TextRegion id="region_1720168583673_708"  custom="structure {type:page-number;}">
      <Coords points="699,160 689,177 706,192 762,190 757,157"/>
    </TextRegion>
    <TextRegion id="region_1720168595480_711"  custom="structure {type:poem_lg;}">
      <Coords points="113,240 105,376 626,377 623,297 678,261 673,230"/>
    </TextRegion>
    <TextRegion id="region_1720168608769_714"  custom="structure {type:paragraph;}">
      <Coords points="71,421 65,842 781,848 775,402"/>
    </TextRegion>
    <TextRegion id="region_1720168830781_757"  custom="structure {type:footnote;}">
      <Coords points="40,875 809,861 838,1526 30,1520"/>
    </TextRegion>
  </Page>
</PcGts>
