<?xml version="1.0" encoding="UTF-8"  standalone="yes"?>
<PcGts xmlns="http://schema.primaresearch.org/PAGE/gts/pagecontent/2019-07-15" xmlns:xsi="http://www.w3.org/2001/XMLSchema-instance" xsi:schemaLocation="http://schema.primaresearch.org/PAGE/gts/pagecontent/2019-07-15 http://schema.primaresearch.org/PAGE/gts/pagecontent/2019-07-15/pagecontent.xsd">
  <Metadata>
	<Creator>escriptorium</Creator>
	<Created>2024-07-13T11:12:54.748750+00:00</Created>
        <LastChange>2024-07-13T11:12:54.748780+00:00</LastChange>
  </Metadata>
  <Page imageFilename="1793,_Saemmtliche_Poetische_Werke,_Schraembl,_Bd._3,_VD18_90245903_Seite_202_Bild_0001.jpg" imageWidth="1080" imageHeight="1900">
    <TextRegion id="region_1720112021283_86"  custom="structure {type:page-number;}">
      <Coords points="706,197 707,232 741,236 768,235 772,196"/>
    </TextRegion>
    <TextRegion id="region_1720112033353_89"  custom="structure {type:heading;}">
      <Coords points="110,402 110,472 214,493 214,578 692,560 713,490 781,452 778,382"/>
    </TextRegion>
    <TextRegion id="region_1720112062757_95"  custom="structure {type:poem_lg;}">
      <Coords points="178,731 180,693 210,683 788,677 810,1554 74,1536 79,768"/>
    </TextRegion>
    <TextRegion id="region_1720112043306_92"  custom="structure {type:drop-capital;}">
      <Coords points="176,727 178,670 121,666 122,723"/>
    </TextRegion>
  </Page>
</PcGts>
