<?xml version="1.0" encoding="UTF-8"  standalone="yes"?>
<PcGts xmlns="http://schema.primaresearch.org/PAGE/gts/pagecontent/2019-07-15" xmlns:xsi="http://www.w3.org/2001/XMLSchema-instance" xsi:schemaLocation="http://schema.primaresearch.org/PAGE/gts/pagecontent/2019-07-15 http://schema.primaresearch.org/PAGE/gts/pagecontent/2019-07-15/pagecontent.xsd">
  <Metadata>
	<Creator>escriptorium</Creator>
	<Created>2024-07-13T11:12:59.214351+00:00</Created>
        <LastChange>2024-07-13T11:12:59.214520+00:00</LastChange>
  </Metadata>
  <Page imageFilename="1793,_Saemmtliche_Poetische_Werke,_Schraembl,_Bd._4,_VD18_90245911_Seite_184_Bild_0001.jpg" imageWidth="1065" imageHeight="1842">
    <TextRegion id="region_1720169027839_813"  custom="structure {type:paragraph;}">
      <Coords points="694,169 694,202 749,208 760,170"/>
    </TextRegion>
    <TextRegion id="region_1720169047966_816"  custom="structure {type:poem_lg;}">
      <Coords points="68,255 298,249 559,261 752,295 772,1087 60,1080"/>
    </TextRegion>
    <TextRegion id="region_1720169057487_819"  custom="structure {type:footnote;}">
      <Coords points="35,1105 37,1372 797,1379 789,1100 124,1105"/>
    </TextRegion>
  </Page>
</PcGts>
