<?xml version="1.0" encoding="UTF-8"  standalone="yes"?>
<PcGts xmlns="http://schema.primaresearch.org/PAGE/gts/pagecontent/2019-07-15" xmlns:xsi="http://www.w3.org/2001/XMLSchema-instance" xsi:schemaLocation="http://schema.primaresearch.org/PAGE/gts/pagecontent/2019-07-15 http://schema.primaresearch.org/PAGE/gts/pagecontent/2019-07-15/pagecontent.xsd">
  <Metadata>
	<Creator>escriptorium</Creator>
	<Created>2024-07-13T11:12:57.599590+00:00</Created>
        <LastChange>2024-07-13T11:12:57.599617+00:00</LastChange>
  </Metadata>
  <Page imageFilename="1793,_Saemmtliche_Poetische_Werke,_Schraembl,_Bd._4,_VD18_90245911_Seite_049_Bild_0001.jpg" imageWidth="1077" imageHeight="1842">
    <TextRegion id="region_1718697418697_432"  custom="structure {type:page-number;}">
      <Coords points="334,193 274,193 274,159 334,159"/>
    </TextRegion>
    <TextRegion id="region_1718697430196_438"  custom="structure {type:paragraph;}">
      <Coords points="992,483 258,483 258,245 992,245"/>
    </TextRegion>
    <TextRegion id="region_1718697435953_441"  custom="structure {type:footnote;}">
      <Coords points="1019,1538 242,1538 242,485 1019,485"/>
    </TextRegion>
  </Page>
</PcGts>
