<?xml version="1.0" encoding="UTF-8"  standalone="yes"?>
<PcGts xmlns="http://schema.primaresearch.org/PAGE/gts/pagecontent/2019-07-15" xmlns:xsi="http://www.w3.org/2001/XMLSchema-instance" xsi:schemaLocation="http://schema.primaresearch.org/PAGE/gts/pagecontent/2019-07-15 http://schema.primaresearch.org/PAGE/gts/pagecontent/2019-07-15/pagecontent.xsd">
  <Metadata>
	<Creator>escriptorium</Creator>
	<Created>2024-07-13T11:12:57.167439+00:00</Created>
        <LastChange>2024-07-13T11:12:57.167470+00:00</LastChange>
  </Metadata>
  <Page imageFilename="1793,_Saemmtliche_Poetische_Werke,_Schraembl,_Bd._4,_VD18_90245911_Seite_040_Bild_0001.jpg" imageWidth="1065" imageHeight="1842">
    <TextRegion id="region_1720171060345_1010"  custom="structure {type:page-number;}">
      <Coords points="691,162 688,197 792,195 791,164"/>
    </TextRegion>
    <TextRegion id="region_1720171069194_1013"  custom="structure {type:poem_lg;}">
      <Coords points="102,270 97,338 122,382 736,389 817,323 800,269"/>
    </TextRegion>
    <TextRegion id="region_1720171075667_1016"  custom="structure {type:poem_lg;}">
      <Coords points="130,413 146,492 325,519 641,519 777,455 789,413"/>
    </TextRegion>
    <TextRegion id="region_1720171083942_1019"  custom="structure {type:paragraph;}">
      <Coords points="88,560 98,832 643,849 803,805 812,555"/>
    </TextRegion>
    <TextRegion id="region_1720171091835_1022"  custom="structure {type:paragraph;}">
      <Coords points="100,872 81,1473 799,1497 814,871"/>
    </TextRegion>
  </Page>
</PcGts>
