<?xml version="1.0" encoding="UTF-8"  standalone="yes"?>
<PcGts xmlns="http://schema.primaresearch.org/PAGE/gts/pagecontent/2019-07-15" xmlns:xsi="http://www.w3.org/2001/XMLSchema-instance" xsi:schemaLocation="http://schema.primaresearch.org/PAGE/gts/pagecontent/2019-07-15 http://schema.primaresearch.org/PAGE/gts/pagecontent/2019-07-15/pagecontent.xsd">
  <Metadata>
	<Creator>escriptorium</Creator>
	<Created>2024-07-13T11:12:51.682135+00:00</Created>
        <LastChange>2024-07-13T11:12:51.682169+00:00</LastChange>
  </Metadata>
  <Page imageFilename="1793,_Saemmtliche_Poetische_Werke,_Schraembl,_Bd._1,_VD18_90245881_Seite_270_Bild_0001.jpg" imageWidth="1008" imageHeight="1876">
    <TextRegion id="region_1719230707245_309"  custom="structure {type:page-number;}">
      <Coords points="697,235 628,235 628,196 697,196"/>
    </TextRegion>
    <TextRegion id="region_1719230733228_315"  custom="structure {type:endnote;}">
      <Coords points="727,1505 11,1504 6,268 714,270"/>
    </TextRegion>
  </Page>
</PcGts>
