<?xml version="1.0" encoding="UTF-8"  standalone="yes"?>
<PcGts xmlns="http://schema.primaresearch.org/PAGE/gts/pagecontent/2019-07-15" xmlns:xsi="http://www.w3.org/2001/XMLSchema-instance" xsi:schemaLocation="http://schema.primaresearch.org/PAGE/gts/pagecontent/2019-07-15 http://schema.primaresearch.org/PAGE/gts/pagecontent/2019-07-15/pagecontent.xsd">
  <Metadata>
	<Creator>escriptorium</Creator>
	<Created>2024-07-13T11:12:53.188947+00:00</Created>
        <LastChange>2024-07-13T11:12:53.188986+00:00</LastChange>
  </Metadata>
  <Page imageFilename="1793,_Saemmtliche_Poetische_Werke,_Schraembl,_Bd._2,_VD18_9024589X_Seite_182_Bild_0001.jpg" imageWidth="1084" imageHeight="1912">
    <TextRegion id="region_1720168288155_666"  custom="structure {type:page-number;}">
      <Coords points="708,215 711,247 770,253 776,212"/>
    </TextRegion>
    <TextRegion id="region_1720168297109_669"  custom="structure {type:heading;}">
      <Coords points="163,386 157,444 690,435 700,375"/>
    </TextRegion>
    <TextRegion id="region_1720168307082_672"  custom="structure {type:poem_lg;}">
      <Coords points="113,501 113,666 786,678 754,497"/>
    </TextRegion>
    <TextRegion id="region_1720168316450_675"  custom="structure {type:drop-capital;}">
      <Coords points="193,740 192,793 118,795 122,737"/>
    </TextRegion>
    <TextRegion id="region_1720168337378_678"  custom="structure {type:poem_lg;}">
      <Coords points="195,753 195,801 89,802 82,1138 797,1142 826,848 844,746"/>
    </TextRegion>
    <TextRegion id="region_1720168343664_681"  custom="structure {type:poem_lg;}">
      <Coords points="70,1204 68,1605 762,1608 764,1197"/>
    </TextRegion>
  </Page>
</PcGts>
