<?xml version="1.0" encoding="UTF-8"  standalone="yes"?>
<PcGts xmlns="http://schema.primaresearch.org/PAGE/gts/pagecontent/2019-07-15" xmlns:xsi="http://www.w3.org/2001/XMLSchema-instance" xsi:schemaLocation="http://schema.primaresearch.org/PAGE/gts/pagecontent/2019-07-15 http://schema.primaresearch.org/PAGE/gts/pagecontent/2019-07-15/pagecontent.xsd">
  <Metadata>
	<Creator>escriptorium</Creator>
	<Created>2024-07-13T11:12:51.380403+00:00</Created>
        <LastChange>2024-07-13T11:12:51.380447+00:00</LastChange>
  </Metadata>
  <Page imageFilename="1793,_Saemmtliche_Poetische_Werke,_Schraembl,_Bd._1,_VD18_90245881_Seite_258_Bild_0001.jpg" imageWidth="1008" imageHeight="1876">
    <TextRegion id="region_1718561717499_548"  custom="structure {type:page-number;}">
      <Coords points="668,221 729,220 723,187 660,188"/>
    </TextRegion>
    <TextRegion id="region_1718561787764_568"  custom="structure {type:heading;}">
      <Coords points="263,355 506,355 506,303 263,303"/>
    </TextRegion>
    <TextRegion id="region_1718561807068_571"  custom="structure {type:endnote;}">
      <Coords points="23,371 777,372 814,1525 17,1531"/>
    </TextRegion>
  </Page>
</PcGts>
