<?xml version="1.0" encoding="UTF-8"  standalone="yes"?>
<PcGts xmlns="http://schema.primaresearch.org/PAGE/gts/pagecontent/2019-07-15" xmlns:xsi="http://www.w3.org/2001/XMLSchema-instance" xsi:schemaLocation="http://schema.primaresearch.org/PAGE/gts/pagecontent/2019-07-15 http://schema.primaresearch.org/PAGE/gts/pagecontent/2019-07-15/pagecontent.xsd">
  <Metadata>
	<Creator>escriptorium</Creator>
	<Created>2024-07-13T11:12:54.404845+00:00</Created>
        <LastChange>2024-07-13T11:12:54.404875+00:00</LastChange>
  </Metadata>
  <Page imageFilename="1793,_Saemmtliche_Poetische_Werke,_Schraembl,_Bd._3,_VD18_90245903_Seite_187_Bild_0001.jpg" imageWidth="1060" imageHeight="1900">
    <TextRegion id="region_1718563276135_888"  custom="structure {type:page-number;}">
      <Coords points="343,221 267,221 267,184 343,184"/>
    </TextRegion>
    <TextRegion id="region_1718563341744_906"  custom="structure {type:heading;}">
      <Coords points="331,456 902,456 902,398 331,398"/>
    </TextRegion>
    <TextRegion id="region_1718563347656_909"  custom="structure {type:paragraph;}">
      <Coords points="305,685 941,685 941,543 305,543"/>
    </TextRegion>
    <TextRegion id="region_1718563374376_912"  custom="structure {type:drop-capital;}">
      <Coords points="308,763 368,763 365,814 308,821"/>
    </TextRegion>
    <TextRegion id="region_1718563395704_915"  custom="structure {type:poem_lg;}">
      <Coords points="270,828 260,1467 976,1476 984,777 372,782 368,800 370,823"/>
    </TextRegion>
  </Page>
</PcGts>
