<?xml version="1.0" encoding="UTF-8"  standalone="yes"?>
<PcGts xmlns="http://schema.primaresearch.org/PAGE/gts/pagecontent/2019-07-15" xmlns:xsi="http://www.w3.org/2001/XMLSchema-instance" xsi:schemaLocation="http://schema.primaresearch.org/PAGE/gts/pagecontent/2019-07-15 http://schema.primaresearch.org/PAGE/gts/pagecontent/2019-07-15/pagecontent.xsd">
  <Metadata>
	<Creator>escriptorium</Creator>
	<Created>2024-07-13T11:12:56.872856+00:00</Created>
        <LastChange>2024-07-13T11:12:56.872903+00:00</LastChange>
  </Metadata>
  <Page imageFilename="1793,_Saemmtliche_Poetische_Werke,_Schraembl,_Bd._4,_VD18_90245911_Seite_034_Bild_0001.jpg" imageWidth="1065" imageHeight="1842">
    <TextRegion id="region_1720170449998_972"  custom="structure {type:page-number;}">
      <Coords points="672,196 667,225 747,229 749,198"/>
    </TextRegion>
    <TextRegion id="region_1720170497842_978"  custom="structure {type:paragraph;}">
      <Coords points="58,267 48,664 720,697 759,624 765,278 649,272 270,268 128,261"/>
    </TextRegion>
    <TextRegion id="region_1720170509038_981"  custom="structure {type:paragraph;}">
      <Coords points="48,711 37,1158 743,1196 755,719 119,708"/>
    </TextRegion>
    <TextRegion id="region_1720170631382_987"  custom="structure {type:footnote;}">
      <Coords points="75,1203 70,1484 136,1489 745,1501 770,1206 72,1187"/>
    </TextRegion>
    <TextRegion id="region_1720170571765_984"  custom="structure {type:signature-mark;}">
      <Coords points="78,1498 98,1491 150,1495 716,1505 729,1542 80,1526"/>
    </TextRegion>
  </Page>
</PcGts>
