<?xml version="1.0" encoding="UTF-8"  standalone="yes"?>
<PcGts xmlns="http://schema.primaresearch.org/PAGE/gts/pagecontent/2019-07-15" xmlns:xsi="http://www.w3.org/2001/XMLSchema-instance" xsi:schemaLocation="http://schema.primaresearch.org/PAGE/gts/pagecontent/2019-07-15 http://schema.primaresearch.org/PAGE/gts/pagecontent/2019-07-15/pagecontent.xsd">
  <Metadata>
	<Creator>escriptorium</Creator>
	<Created>2024-07-13T11:12:52.847294+00:00</Created>
        <LastChange>2024-07-13T11:12:52.847312+00:00</LastChange>
  </Metadata>
  <Page imageFilename="1793,_Saemmtliche_Poetische_Werke,_Schraembl,_Bd._2,_VD18_9024589X_Seite_145_Bild_0001.jpg" imageWidth="1096" imageHeight="1912">
    <TextRegion id="region_1719231140041_384"  custom="structure {type:drop-capital;}">
      <Coords points="320,746 386,740 386,682 320,682"/>
    </TextRegion>
    <TextRegion id="TextRegion_1720024703630_359"  custom="structure {type:heading;}">
      <Coords points="410,368 819,368 956,476 956,628 318,628 318,476"/>
    </TextRegion>
    <TextRegion id="region_1719230952070_361"  custom="structure {type:poem_lg;}">
      <Coords points="347,757 280,771 268,1272 989,1272 989,675 388,713 388,745"/>
    </TextRegion>
    <TextRegion id="region_1719230956373_364"  custom="structure {type:poem_lg;}">
      <Coords points="274,1633 993,1633 993,1288 274,1288"/>
    </TextRegion>
    <TextRegion id="region_1719230912966_346"  custom="structure {type:paragraph;}">
      <Coords points="343,236 278,239 278,206 346,206"/>
    </TextRegion>
  </Page>
</PcGts>
