<?xml version="1.0" encoding="UTF-8"  standalone="yes"?>
<PcGts xmlns="http://schema.primaresearch.org/PAGE/gts/pagecontent/2019-07-15" xmlns:xsi="http://www.w3.org/2001/XMLSchema-instance" xsi:schemaLocation="http://schema.primaresearch.org/PAGE/gts/pagecontent/2019-07-15 http://schema.primaresearch.org/PAGE/gts/pagecontent/2019-07-15/pagecontent.xsd">
  <Metadata>
	<Creator>escriptorium</Creator>
	<Created>2024-07-13T11:12:55.983641+00:00</Created>
        <LastChange>2024-07-13T11:12:55.983674+00:00</LastChange>
  </Metadata>
  <Page imageFilename="1793,_Saemmtliche_Poetische_Werke,_Schraembl,_Bd._4,_VD18_90245911_Seite_016_Bild_0001.jpg" imageWidth="1085" imageHeight="1842">
    <TextRegion id="region_1719229169667_222"  custom="structure {type:page-number;}">
      <Coords points="812,197 746,197 746,161 812,161"/>
    </TextRegion>
    <TextRegion id="TextRegion_1719230222666_229"  custom="structure {type:drop-capital;}">
      <Coords points="131,412 187,407 185,423 173,473 129,466"/>
    </TextRegion>
    <TextRegion id="TextRegion_1719230222666_228"  custom="structure {type:paragraph;}">
      <Coords points="209,432 824,429 832,1075 111,1075 118,490 173,473 187,439"/>
    </TextRegion>
    <TextRegion id="region_1719229096897_210"  custom="structure {type:poem_lg;}">
      <Coords points="825,1173 149,1173 149,1113 825,1113"/>
    </TextRegion>
    <TextRegion id="region_1719229093256_207"  custom="structure {type:footnote;}">
      <Coords points="856,1508 145,1508 145,1224 856,1224"/>
    </TextRegion>
  </Page>
</PcGts>
