<?xml version="1.0" encoding="UTF-8"  standalone="yes"?>
<PcGts xmlns="http://schema.primaresearch.org/PAGE/gts/pagecontent/2019-07-15" xmlns:xsi="http://www.w3.org/2001/XMLSchema-instance" xsi:schemaLocation="http://schema.primaresearch.org/PAGE/gts/pagecontent/2019-07-15 http://schema.primaresearch.org/PAGE/gts/pagecontent/2019-07-15/pagecontent.xsd">
  <Metadata>
	<Creator>escriptorium</Creator>
	<Created>2024-07-13T11:12:55.681083+00:00</Created>
        <LastChange>2024-07-13T11:12:55.681134+00:00</LastChange>
  </Metadata>
  <Page imageFilename="1793,_Saemmtliche_Poetische_Werke,_Schraembl,_Bd._3,_VD18_90245903_Seite_322_Bild_0001.jpg" imageWidth="1089" imageHeight="1894">
    <TextRegion id="region_1720112318678_117"  custom="structure {type:page-number;}">
      <Coords points="748,200 747,232 775,246 823,241 817,205"/>
    </TextRegion>
    <TextRegion id="region_1720112332566_120"  custom="structure {type:endnote;}">
      <Coords points="112,277 836,274 858,1562 90,1540"/>
    </TextRegion>
  </Page>
</PcGts>
