<?xml version="1.0" encoding="UTF-8"  standalone="yes"?>
<PcGts xmlns="http://schema.primaresearch.org/PAGE/gts/pagecontent/2019-07-15" xmlns:xsi="http://www.w3.org/2001/XMLSchema-instance" xsi:schemaLocation="http://schema.primaresearch.org/PAGE/gts/pagecontent/2019-07-15 http://schema.primaresearch.org/PAGE/gts/pagecontent/2019-07-15/pagecontent.xsd">
  <Metadata>
	<Creator>escriptorium</Creator>
	<Created>2024-07-13T11:12:59.675531+00:00</Created>
        <LastChange>2024-07-13T11:12:59.675572+00:00</LastChange>
  </Metadata>
  <Page imageFilename="1793,_Saemmtliche_Poetische_Werke,_Schraembl,_Bd._5,_VD18_9024592X_Seite_110_Bild_0001.jpg" imageWidth="1073" imageHeight="1850">
    <TextRegion id="region_1720168898655_788"  custom="structure {type:page-number;}">
      <Coords points="691,192 694,221 753,222 741,183"/>
    </TextRegion>
    <TextRegion id="region_1720168913549_791"  custom="structure {type:paragraph;}">
      <Coords points="52,268 50,909 751,904 757,264"/>
    </TextRegion>
    <TextRegion id="region_1720168954885_796"  custom="structure {type:paragraph;}">
      <Coords points="67,914 142,912 282,913 553,914 746,912 756,1527 41,1509 42,1019"/>
    </TextRegion>
  </Page>
</PcGts>
