<?xml version="1.0" encoding="UTF-8"  standalone="yes"?>
<PcGts xmlns="http://schema.primaresearch.org/PAGE/gts/pagecontent/2019-07-15" xmlns:xsi="http://www.w3.org/2001/XMLSchema-instance" xsi:schemaLocation="http://schema.primaresearch.org/PAGE/gts/pagecontent/2019-07-15 http://schema.primaresearch.org/PAGE/gts/pagecontent/2019-07-15/pagecontent.xsd">
  <Metadata>
	<Creator>escriptorium</Creator>
	<Created>2024-07-13T11:12:56.368255+00:00</Created>
        <LastChange>2024-07-13T11:12:56.368287+00:00</LastChange>
  </Metadata>
  <Page imageFilename="1793,_Saemmtliche_Poetische_Werke,_Schraembl,_Bd._4,_VD18_90245911_Seite_019_Bild_0001.jpg" imageWidth="1077" imageHeight="1842">
    <TextRegion id="region_1720112520087_145"  custom="structure {type:page-number;}">
      <Coords points="298,173 291,192 302,209 337,207 332,175"/>
    </TextRegion>
    <TextRegion id="region_1720112537249_148"  custom="structure {type:paragraph;}">
      <Coords points="284,258 287,623 603,631 997,567 986,251 710,251 384,255"/>
    </TextRegion>
    <TextRegion id="region_1720112547338_151"  custom="structure {type:paragraph;}">
      <Coords points="296,666 286,727 987,717 989,655"/>
    </TextRegion>
    <TextRegion id="region_1720112560533_154"  custom="structure {type:footnote;}">
      <Coords points="270,795 295,1518 1030,1520 1014,771"/>
    </TextRegion>
  </Page>
</PcGts>
