<?xml version="1.0" encoding="UTF-8"  standalone="yes"?>
<PcGts xmlns="http://schema.primaresearch.org/PAGE/gts/pagecontent/2019-07-15" xmlns:xsi="http://www.w3.org/2001/XMLSchema-instance" xsi:schemaLocation="http://schema.primaresearch.org/PAGE/gts/pagecontent/2019-07-15 http://schema.primaresearch.org/PAGE/gts/pagecontent/2019-07-15/pagecontent.xsd">
  <Metadata>
	<Creator>escriptorium</Creator>
	<Created>2024-07-13T11:12:50.769648+00:00</Created>
        <LastChange>2024-07-13T11:12:50.769672+00:00</LastChange>
  </Metadata>
  <Page imageFilename="1793,_Saemmtliche_Poetische_Werke,_Schraembl,_Bd._1,_VD18_90245881_Seite_213_Bild_0001.jpg" imageWidth="1076" imageHeight="1876">
    <TextRegion id="region_1718557281618_187"  custom="structure {type:page-number;}">
      <Coords points="311,187 389,187 389,145 311,145"/>
    </TextRegion>
    <TextRegion id="region_1718557327131_197"  custom="structure {type:heading;}">
      <Coords points="452,331 842,331 842,277 452,277"/>
    </TextRegion>
    <TextRegion id="region_1718557336451_200"  custom="structure {type:endnote;}">
      <Coords points="289,349 1009,363 1009,1176 260,1192"/>
    </TextRegion>
    <TextRegion id="region_1718557451092_218"  custom="structure {type:heading;}">
      <Coords points="339,1253 932,1253 932,1210 339,1210"/>
    </TextRegion>
    <TextRegion id="region_1720023129443_16"  custom="structure {type:endnote;}">
      <Coords points="267,1266 1013,1266 1021,1562 249,1559"/>
    </TextRegion>
  </Page>
</PcGts>
