<?xml version="1.0" encoding="UTF-8" standalone="yes"?>
<trpDocMetadata>
    <docId>2986867</docId>
    <title>Baumeister</title>
    <uploadTimestamp>1719324039346</uploadTimestamp>
    <uploader>st162871@stud.uni-stuttgart.de</uploader>
    <uploaderId>241044</uploaderId>
    <nrOfPages>6</nrOfPages>
    <pageId>73469011</pageId>
    <url>https://files.transkribus.eu/Get?fileType=view&amp;id=WCSUIHCUBUWHQZHQWIIZLDCS</url>
    <thumbUrl>https://files.transkribus.eu/Get?fileType=thumb&amp;id=WCSUIHCUBUWHQZHQWIIZLDCS</thumbUrl>
    <status>0</status>
    <fimgStoreColl>TrpDoc_DEA_2986867</fimgStoreColl>
    <origDocId>0</origDocId>
    <collectionList>
        <colList>
            <colId>362530</colId>
            <colName>st162871@stud.uni-stuttgart.de Collection</colName>
            <description>st162871@stud.uni-stuttgart.de</description>
            <crowdsourcing>false</crowdsourcing>
            <elearning>false</elearning>
            <nrOfDocuments>0</nrOfDocuments>
        </colList>
    </collectionList>
    <mainColId>362530</mainColId>
</trpDocMetadata>
