<mets xmlns="http://www.loc.gov/METS/" xmlns:xlink="http://www.w3.org/1999/xlink">
  <fileSec>
    
    <fileGrp USE="image">
      
        <file ID="image1">
          <FLocat xlink:href="1775-Saemmtliche_Poetische_Werke_Schmieder_Bd_3_VD18_90914295_NEU-197.png"/>
        </file>
      
    </fileGrp>
    
    <fileGrp USE="export">
      
        <file ID="export1">
          <FLocat xlink:href="1775-Saemmtliche_Poetische_Werke_Schmieder_Bd_3_VD18_90914295_NEU-197.xml"/>
        </file>
      
    </fileGrp>
  </fileSec>
  <structMap TYPE="physical">
    <div TYPE="document">
      
      <div TYPE="page">
        <fptr FILEID="image1"/>
        <fptr FILEID="export1"/>
      </div>
      
    </div>
  </structMap>
</mets>
