<?xml version="1.0" encoding="UTF-8"?>
<alto xmlns:xsi="http://www.w3.org/2001/XMLSchema-instance"
      xmlns="http://www.loc.gov/standards/alto/ns-v4#"
      xsi:schemaLocation="http://www.loc.gov/standards/alto/ns-v4# http://www.loc.gov/standards/alto/v4/alto-4-2.xsd">
  <Description>
    <MeasurementUnit>pixel</MeasurementUnit>
    <sourceImageInformation>
      <fileName>0044.jpg</fileName>
      <fileIdentifier>mets//export_doc3115_ronja_alto_202503291249.zip/0044.jpg</fileIdentifier>
    </sourceImageInformation>
  </Description>
  <Tags>
    <OtherTag ID="BT1" LABEL="Title" DESCRIPTION="block type Title"/><OtherTag ID="BT2" LABEL="Main" DESCRIPTION="block type Main"/><OtherTag ID="BT3" LABEL="Commentary" DESCRIPTION="block type Commentary"/><OtherTag ID="BT4" LABEL="Illustration" DESCRIPTION="block type Illustration"/><OtherTag ID="BT4244" LABEL="paragraph" DESCRIPTION="block type paragraph"/><OtherTag ID="BT4245" LABEL="footnote" DESCRIPTION="block type footnote"/><OtherTag ID="BT4246" LABEL="heading" DESCRIPTION="block type heading"/><OtherTag ID="BT4247" LABEL="l-column" DESCRIPTION="block type l-column"/><OtherTag ID="BT4248" LABEL="r-column" DESCRIPTION="block type r-column"/><OtherTag ID="BT4249" LABEL="marginalia" DESCRIPTION="block type marginalia"/><OtherTag ID="BT4250" LABEL="signature-mark" DESCRIPTION="block type signature-mark"/><OtherTag ID="BT4251" LABEL="catch-word" DESCRIPTION="block type catch-word"/><OtherTag ID="BT4252" LABEL="endnote" DESCRIPTION="block type endnote"/>
  </Tags>
  <Layout>
    <Page WIDTH="682"
          HEIGHT="1079"
          PHYSICAL_IMG_NR="18"
          ID="eSc_dummypage_">
      <PrintSpace HPOS="0"
                  VPOS="0"
                  WIDTH="682"
                  HEIGHT="1079">
        <TextBlock HPOS="126.0"
                   VPOS="104.0"
                   WIDTH="68.0"
                   HEIGHT="33.0"
                   ID="region_1718639319211_139"
                   TAGREFS="BT4244">
          <Shape><Polygon POINTS="180 137 126 137 126 104 194 104"/></Shape>
        </TextBlock>
        <TextBlock HPOS="288.0"
                   VPOS="97.0"
                   WIDTH="207.0"
                   HEIGHT="40.0"
                   ID="region_1718639316472_136"
                   TAGREFS="BT4244">
          <Shape><Polygon POINTS="459 137 288 137 288 98 495 97"/></Shape>
        </TextBlock>
        <TextBlock HPOS="205.0"
                   VPOS="144.0"
                   WIDTH="399.0"
                   HEIGHT="64.0"
                   ID="region_1718639322599_142"
                   TAGREFS="BT4246">
          <Shape><Polygon POINTS="541 208 205 208 205 146 604 144"/></Shape>
        </TextBlock>
        <TextBlock HPOS="273.0"
                   VPOS="262.0"
                   WIDTH="229.0"
                   HEIGHT="44.0"
                   ID="region_1718639338883_148"
                   TAGREFS="BT4246">
          <Shape><Polygon POINTS="481 306 273 306 273 265 502 262"/></Shape>
        </TextBlock>
        <TextBlock HPOS="190.0"
                   VPOS="299.0"
                   WIDTH="85.0"
                   HEIGHT="95.0"
                   ID="region_1718639344691_151"
                   TAGREFS="BT4244">
          <Shape><Polygon POINTS="275 394 201 394 190 299 275 301"/></Shape>
        </TextBlock>
        <TextBlock HPOS="189.0"
                   VPOS="306.0"
                   WIDTH="348.0"
                   HEIGHT="523.0"
                   ID="region_1718639350947_154"
                   TAGREFS="BT4244">
          <Shape><Polygon POINTS="536 827 189 829 199 396 231 395 275 396 279 306 537 306"/></Shape>
        </TextBlock>
        <TextBlock HPOS="566.0"
                   VPOS="825.0"
                   WIDTH="65.0"
                   HEIGHT="37.0"
                   ID="region_1718639384801_166"
                   TAGREFS="BT4244">
          <Shape><Polygon POINTS="615 862 566 862 566 830 631 825"/></Shape>
        </TextBlock>
        <TextBlock HPOS="110.0"
                   VPOS="866.0"
                   WIDTH="263.0"
                   HEIGHT="140.0"
                   ID="region_1718639398436_169"
                   TAGREFS="BT4247">
          <Shape><Polygon POINTS="373 1006 121 1006 110 866 373 867"/></Shape>
        </TextBlock>
        <TextBlock HPOS="379.0"
                   VPOS="868.0"
                   WIDTH="260.0"
                   HEIGHT="137.0"
                   ID="region_1718639403744_172"
                   TAGREFS="BT4248">
          <Shape><Polygon POINTS="627 1005 380 1005 379 871 639 868"/></Shape>
        </TextBlock>
      </PrintSpace>
    </Page>
  </Layout>
</alto>
