<?xml version="1.0" encoding="UTF-8"?>
<alto xmlns:xsi="http://www.w3.org/2001/XMLSchema-instance"
      xmlns="http://www.loc.gov/standards/alto/ns-v4#"
      xsi:schemaLocation="http://www.loc.gov/standards/alto/ns-v4# http://www.loc.gov/standards/alto/v4/alto-4-2.xsd">
  <Description>
    <MeasurementUnit>pixel</MeasurementUnit>
    <sourceImageInformation>
      <fileName>0057.jpg</fileName>
      <fileIdentifier>mets//export_doc3115_ronja_alto_202503291249.zip/0057.jpg</fileIdentifier>
    </sourceImageInformation>
  </Description>
  <Tags>
    <OtherTag ID="BT1" LABEL="Title" DESCRIPTION="block type Title"/><OtherTag ID="BT2" LABEL="Main" DESCRIPTION="block type Main"/><OtherTag ID="BT3" LABEL="Commentary" DESCRIPTION="block type Commentary"/><OtherTag ID="BT4" LABEL="Illustration" DESCRIPTION="block type Illustration"/><OtherTag ID="BT4244" LABEL="paragraph" DESCRIPTION="block type paragraph"/><OtherTag ID="BT4245" LABEL="footnote" DESCRIPTION="block type footnote"/><OtherTag ID="BT4246" LABEL="heading" DESCRIPTION="block type heading"/><OtherTag ID="BT4247" LABEL="l-column" DESCRIPTION="block type l-column"/><OtherTag ID="BT4248" LABEL="r-column" DESCRIPTION="block type r-column"/><OtherTag ID="BT4249" LABEL="marginalia" DESCRIPTION="block type marginalia"/><OtherTag ID="BT4250" LABEL="signature-mark" DESCRIPTION="block type signature-mark"/><OtherTag ID="BT4251" LABEL="catch-word" DESCRIPTION="block type catch-word"/><OtherTag ID="BT4252" LABEL="endnote" DESCRIPTION="block type endnote"/>
  </Tags>
  <Layout>
    <Page WIDTH="682"
          HEIGHT="1079"
          PHYSICAL_IMG_NR="16"
          ID="eSc_dummypage_">
      <PrintSpace HPOS="0"
                  VPOS="0"
                  WIDTH="682"
                  HEIGHT="1079">
        <TextBlock HPOS="170.0"
                   VPOS="96.0"
                   WIDTH="215.0"
                   HEIGHT="32.0"
                   ID="region_1718452007346_356"
                   TAGREFS="BT4244">
          <Shape><Polygon POINTS="385 128 171 126 170 96 367 96"/></Shape>
        </TextBlock>
        <TextBlock HPOS="458.0"
                   VPOS="96.0"
                   WIDTH="55.0"
                   HEIGHT="33.0"
                   ID="region_1718452010386_359"
                   TAGREFS="BT4244">
          <Shape><Polygon POINTS="513 129 458 129 458 96 513 96"/></Shape>
        </TextBlock>
        <TextBlock HPOS="37.0"
                   VPOS="138.0"
                   WIDTH="490.0"
                   HEIGHT="262.0"
                   ID="region_1718452014222_362"
                   TAGREFS="BT4244">
          <Shape><Polygon POINTS="527 398 37 400 37 138 519 138"/></Shape>
        </TextBlock>
        <TextBlock HPOS="44.0"
                   VPOS="419.0"
                   WIDTH="489.0"
                   HEIGHT="99.0"
                   ID="region_1718452045970_370"
                   TAGREFS="BT4246">
          <Shape><Polygon POINTS="531 518 44 518 46 419 533 419"/></Shape>
        </TextBlock>
        <TextBlock HPOS="47.0"
                   VPOS="526.0"
                   WIDTH="34.0"
                   HEIGHT="37.0"
                   ID="region_1718452049755_373"
                   TAGREFS="BT4244">
          <Shape><Polygon POINTS="81 563 47 563 47 526 81 526"/></Shape>
        </TextBlock>
        <TextBlock HPOS="40.0"
                   VPOS="523.0"
                   WIDTH="483.0"
                   HEIGHT="173.0"
                   ID="region_1718452056934_376"
                   TAGREFS="BT4244">
          <Shape><Polygon POINTS="523 696 41 696 40 565 79 564 80 523 523 528"/></Shape>
        </TextBlock>
        <TextBlock HPOS="473.0"
                   VPOS="697.0"
                   WIDTH="53.0"
                   HEIGHT="26.0"
                   ID="region_1718452059487_379"
                   TAGREFS="BT4244">
          <Shape><Polygon POINTS="526 723 479 717 473 697 521 699"/></Shape>
        </TextBlock>
        <TextBlock HPOS="62.0"
                   VPOS="724.0"
                   WIDTH="422.0"
                   HEIGHT="252.0"
                   ID="region_1718452076902_382"
                   TAGREFS="BT4244">
          <Shape><Polygon POINTS="484 976 62 976 62 724 484 724"/></Shape>
        </TextBlock>
      </PrintSpace>
    </Page>
  </Layout>
</alto>
