<?xml version="1.0" encoding="UTF-8"?>
<alto xmlns:xsi="http://www.w3.org/2001/XMLSchema-instance"
      xmlns="http://www.loc.gov/standards/alto/ns-v4#"
      xsi:schemaLocation="http://www.loc.gov/standards/alto/ns-v4# http://www.loc.gov/standards/alto/v4/alto-4-2.xsd">
  <Description>
    <MeasurementUnit>pixel</MeasurementUnit>
    <sourceImageInformation>
      <fileName>1757, Poetische Werke, Bohn, Bd. 1, VD18 9033213X_NEU-0016.jpeg</fileName>
      <fileIdentifier>mets//export_doc3115_ronja_alto_202503291249.zip/1757, Poetische Werke, Bohn, Bd. 1, VD18 9033213X_NEU-0016.jpeg</fileIdentifier>
    </sourceImageInformation>
  </Description>
  <Tags>
    <OtherTag ID="BT1" LABEL="Title" DESCRIPTION="block type Title"/><OtherTag ID="BT2" LABEL="Main" DESCRIPTION="block type Main"/><OtherTag ID="BT3" LABEL="Commentary" DESCRIPTION="block type Commentary"/><OtherTag ID="BT4" LABEL="Illustration" DESCRIPTION="block type Illustration"/><OtherTag ID="BT4244" LABEL="paragraph" DESCRIPTION="block type paragraph"/><OtherTag ID="BT4245" LABEL="footnote" DESCRIPTION="block type footnote"/><OtherTag ID="BT4246" LABEL="heading" DESCRIPTION="block type heading"/><OtherTag ID="BT4247" LABEL="l-column" DESCRIPTION="block type l-column"/><OtherTag ID="BT4248" LABEL="r-column" DESCRIPTION="block type r-column"/><OtherTag ID="BT4249" LABEL="marginalia" DESCRIPTION="block type marginalia"/><OtherTag ID="BT4250" LABEL="signature-mark" DESCRIPTION="block type signature-mark"/><OtherTag ID="BT4251" LABEL="catch-word" DESCRIPTION="block type catch-word"/><OtherTag ID="BT4252" LABEL="endnote" DESCRIPTION="block type endnote"/>
  </Tags>
  <Layout>
    <Page WIDTH="1505"
          HEIGHT="2338"
          PHYSICAL_IMG_NR="1"
          ID="eSc_dummypage_">
      <PrintSpace HPOS="0"
                  VPOS="0"
                  WIDTH="1505"
                  HEIGHT="2338">
        <TextBlock HPOS="353.0"
                   VPOS="272.0"
                   WIDTH="107.0"
                   HEIGHT="77.0"
                   ID="region_1718283764334_197"
                   TAGREFS="BT4244">
          <Shape><Polygon POINTS="418 349 353 349 353 299 460 272"/></Shape>
        </TextBlock>
        <TextBlock HPOS="694.0"
                   VPOS="283.0"
                   WIDTH="297.0"
                   HEIGHT="62.0"
                   ID="region_1718283757310_194"
                   TAGREFS="BT4244">
          <Shape><Polygon POINTS="975 345 694 345 694 284 991 283"/></Shape>
        </TextBlock>
        <TextBlock HPOS="347.0"
                   VPOS="388.0"
                   WIDTH="1010.0"
                   HEIGHT="1211.0"
                   ID="region_1718283781730_200"
                   TAGREFS="BT4244">
          <Shape><Polygon POINTS="1357 1591 349 1599 347 388 1343 388"/></Shape>
        </TextBlock>
        <TextBlock HPOS="1196.0"
                   VPOS="1621.0"
                   WIDTH="154.0"
                   HEIGHT="97.0"
                   ID="region_1718283796002_203"
                   TAGREFS="BT4244">
          <Shape><Polygon POINTS="1350 1718 1196 1697 1198 1621 1330 1621"/></Shape>
        </TextBlock>
        <TextBlock HPOS="344.0"
                   VPOS="1755.0"
                   WIDTH="993.0"
                   HEIGHT="285.0"
                   ID="region_1718283949525_229"
                   TAGREFS="BT4245">
          <Shape><Polygon POINTS="1336 2040 357 2040 344 1755 1337 1763"/></Shape>
        </TextBlock>
        <TextBlock HPOS="1215.0"
                   VPOS="2043.0"
                   WIDTH="120.0"
                   HEIGHT="51.0"
                   ID="region_1718283955641_232"
                   TAGREFS="BT4244">
          <Shape><Polygon POINTS="1335 2081 1215 2094 1223 2043 1335 2043"/></Shape>
        </TextBlock>
      </PrintSpace>
    </Page>
  </Layout>
</alto>
