<?xml version="1.0" encoding="UTF-8"?>
<alto xmlns:xsi="http://www.w3.org/2001/XMLSchema-instance"
      xmlns="http://www.loc.gov/standards/alto/ns-v4#"
      xsi:schemaLocation="http://www.loc.gov/standards/alto/ns-v4# http://www.loc.gov/standards/alto/v4/alto-4-2.xsd">
  <Description>
    <MeasurementUnit>pixel</MeasurementUnit>
    <sourceImageInformation>
      <fileName>1757,_Saemtliche_Poetische_Werke,_Bohn,_1._Aufl.,_Bd._3,_VD18_9039674X_Seite_174_Bild_0001.jpg</fileName>
      <fileIdentifier>mets//export_doc3115_ronja_alto_202503291249.zip/1757,_Saemtliche_Poetische_Werke,_Bohn,_1._Aufl.,_Bd._3,_VD18_9039674X_Seite_174_Bild_0001.jpg</fileIdentifier>
    </sourceImageInformation>
  </Description>
  <Tags>
    <OtherTag ID="BT1" LABEL="Title" DESCRIPTION="block type Title"/><OtherTag ID="BT2" LABEL="Main" DESCRIPTION="block type Main"/><OtherTag ID="BT3" LABEL="Commentary" DESCRIPTION="block type Commentary"/><OtherTag ID="BT4" LABEL="Illustration" DESCRIPTION="block type Illustration"/><OtherTag ID="BT4244" LABEL="paragraph" DESCRIPTION="block type paragraph"/><OtherTag ID="BT4245" LABEL="footnote" DESCRIPTION="block type footnote"/><OtherTag ID="BT4246" LABEL="heading" DESCRIPTION="block type heading"/><OtherTag ID="BT4247" LABEL="l-column" DESCRIPTION="block type l-column"/><OtherTag ID="BT4248" LABEL="r-column" DESCRIPTION="block type r-column"/><OtherTag ID="BT4249" LABEL="marginalia" DESCRIPTION="block type marginalia"/><OtherTag ID="BT4250" LABEL="signature-mark" DESCRIPTION="block type signature-mark"/><OtherTag ID="BT4251" LABEL="catch-word" DESCRIPTION="block type catch-word"/><OtherTag ID="BT4252" LABEL="endnote" DESCRIPTION="block type endnote"/>
  </Tags>
  <Layout>
    <Page WIDTH="1147"
          HEIGHT="1920"
          PHYSICAL_IMG_NR="13"
          ID="eSc_dummypage_">
      <PrintSpace HPOS="0"
                  VPOS="0"
                  WIDTH="1147"
                  HEIGHT="1920">
        <TextBlock HPOS="377.0"
                   VPOS="9.0"
                   WIDTH="415.0"
                   HEIGHT="58.0"
                   ID="region_1720870200911_185"
                   TAGREFS="BT4244">
          <Shape><Polygon POINTS="771 67 377 67 377 9 792 10"/></Shape>
        </TextBlock>
        <TextBlock HPOS="966.0"
                   VPOS="14.0"
                   WIDTH="122.0"
                   HEIGHT="50.0"
                   ID="region_1720870279573_211"
                   TAGREFS="BT4244">
          <Shape><Polygon POINTS="1061 64 966 64 966 14 1088 19"/></Shape>
        </TextBlock>
        <TextBlock HPOS="62.0"
                   VPOS="84.0"
                   WIDTH="1057.0"
                   HEIGHT="1529.0"
                   ID="region_1720870209162_188"
                   TAGREFS="BT4244">
          <Shape><Polygon POINTS="1119 1556 1083 1613 921 1601 103 1555 62 84 1101 84"/></Shape>
        </TextBlock>
        <TextBlock HPOS="122.0"
                   VPOS="1609.0"
                   WIDTH="379.0"
                   HEIGHT="32.0"
                   ID="region_1720870228426_197"
                   TAGREFS="BT4245">
          <Shape><Polygon POINTS="501 1641 127 1640 122 1610 499 1609"/></Shape>
        </TextBlock>
        <TextBlock HPOS="127.0"
                   VPOS="1643.0"
                   WIDTH="419.0"
                   HEIGHT="32.0"
                   ID="region_1721041127703_220"
                   TAGREFS="BT4245">
          <Shape><Polygon POINTS="546 1675 127 1675 127 1643 546 1643"/></Shape>
        </TextBlock>
        <TextBlock HPOS="129.0"
                   VPOS="1672.0"
                   WIDTH="764.0"
                   HEIGHT="35.0"
                   ID="region_1721041145415_223"
                   TAGREFS="BT4245">
          <Shape><Polygon POINTS="893 1707 133 1707 129 1672 889 1672"/></Shape>
        </TextBlock>
        <TextBlock HPOS="129.0"
                   VPOS="1710.0"
                   WIDTH="482.0"
                   HEIGHT="33.0"
                   ID="region_1721041151207_226"
                   TAGREFS="BT4245">
          <Shape><Polygon POINTS="611 1743 129 1743 129 1710 611 1710"/></Shape>
        </TextBlock>
        <TextBlock HPOS="121.0"
                   VPOS="1746.0"
                   WIDTH="344.0"
                   HEIGHT="32.0"
                   ID="region_1721041155371_229"
                   TAGREFS="BT4245">
          <Shape><Polygon POINTS="465 1778 121 1778 121 1746 465 1746"/></Shape>
        </TextBlock>
        <TextBlock HPOS="132.0"
                   VPOS="1780.0"
                   WIDTH="392.0"
                   HEIGHT="39.0"
                   ID="region_1721041159607_232"
                   TAGREFS="BT4245">
          <Shape><Polygon POINTS="524 1819 132 1819 132 1780 524 1780"/></Shape>
        </TextBlock>
      </PrintSpace>
    </Page>
  </Layout>
</alto>
