<?xml version="1.0" encoding="UTF-8"?>
<alto xmlns:xsi="http://www.w3.org/2001/XMLSchema-instance"
      xmlns="http://www.loc.gov/standards/alto/ns-v4#"
      xsi:schemaLocation="http://www.loc.gov/standards/alto/ns-v4# http://www.loc.gov/standards/alto/v4/alto-4-2.xsd">
  <Description>
    <MeasurementUnit>pixel</MeasurementUnit>
    <sourceImageInformation>
      <fileName>1757, Poetische Werke, Bohn, Bd. 1, VD18 9033213X_NEU-0027.jpeg</fileName>
      <fileIdentifier>mets//export_doc3115_ronja_alto_202503291249.zip/1757, Poetische Werke, Bohn, Bd. 1, VD18 9033213X_NEU-0027.jpeg</fileIdentifier>
    </sourceImageInformation>
  </Description>
  <Tags>
    <OtherTag ID="BT1" LABEL="Title" DESCRIPTION="block type Title"/><OtherTag ID="BT2" LABEL="Main" DESCRIPTION="block type Main"/><OtherTag ID="BT3" LABEL="Commentary" DESCRIPTION="block type Commentary"/><OtherTag ID="BT4" LABEL="Illustration" DESCRIPTION="block type Illustration"/><OtherTag ID="BT4244" LABEL="paragraph" DESCRIPTION="block type paragraph"/><OtherTag ID="BT4245" LABEL="footnote" DESCRIPTION="block type footnote"/><OtherTag ID="BT4246" LABEL="heading" DESCRIPTION="block type heading"/><OtherTag ID="BT4247" LABEL="l-column" DESCRIPTION="block type l-column"/><OtherTag ID="BT4248" LABEL="r-column" DESCRIPTION="block type r-column"/><OtherTag ID="BT4249" LABEL="marginalia" DESCRIPTION="block type marginalia"/><OtherTag ID="BT4250" LABEL="signature-mark" DESCRIPTION="block type signature-mark"/><OtherTag ID="BT4251" LABEL="catch-word" DESCRIPTION="block type catch-word"/><OtherTag ID="BT4252" LABEL="endnote" DESCRIPTION="block type endnote"/>
  </Tags>
  <Layout>
    <Page WIDTH="1503"
          HEIGHT="2338"
          PHYSICAL_IMG_NR="4"
          ID="eSc_dummypage_">
      <PrintSpace HPOS="0"
                  VPOS="0"
                  WIDTH="1503"
                  HEIGHT="2338">
        <TextBlock HPOS="391.0"
                   VPOS="230.0"
                   WIDTH="456.0"
                   HEIGHT="109.0"
                   ID="region_1718284672571_334"
                   TAGREFS="BT4244">
          <Shape><Polygon POINTS="840 339 391 339 391 244 847 230"/></Shape>
        </TextBlock>
        <TextBlock HPOS="969.0"
                   VPOS="268.0"
                   WIDTH="158.0"
                   HEIGHT="58.0"
                   ID="region_1718284675427_337"
                   TAGREFS="BT4244">
          <Shape><Polygon POINTS="1127 321 969 326 969 268 1109 268"/></Shape>
        </TextBlock>
        <TextBlock HPOS="84.0"
                   VPOS="352.0"
                   WIDTH="1041.0"
                   HEIGHT="1617.0"
                   ID="region_1718284680719_340"
                   TAGREFS="BT4244">
          <Shape><Polygon POINTS="1116 1969 84 1969 93 352 1125 352"/></Shape>
        </TextBlock>
        <TextBlock HPOS="618.0"
                   VPOS="1978.0"
                   WIDTH="167.0"
                   HEIGHT="73.0"
                   ID="region_1718284696279_349"
                   TAGREFS="BT4244">
          <Shape><Polygon POINTS="770 2036 618 2051 618 1978 785 1978"/></Shape>
        </TextBlock>
        <TextBlock HPOS="930.0"
                   VPOS="1978.0"
                   WIDTH="183.0"
                   HEIGHT="67.0"
                   ID="region_1718284701459_352"
                   TAGREFS="BT4244">
          <Shape><Polygon POINTS="1113 2045 930 2023 930 1978 1112 1978"/></Shape>
        </TextBlock>
      </PrintSpace>
    </Page>
  </Layout>
</alto>
