<?xml version="1.0" encoding="UTF-8"?>
<alto xmlns:xsi="http://www.w3.org/2001/XMLSchema-instance"
      xmlns="http://www.loc.gov/standards/alto/ns-v4#"
      xsi:schemaLocation="http://www.loc.gov/standards/alto/ns-v4# http://www.loc.gov/standards/alto/v4/alto-4-2.xsd">
  <Description>
    <MeasurementUnit>pixel</MeasurementUnit>
    <sourceImageInformation>
      <fileName>1764,_Saemtliche_Poetische_Werke,_Bohn,_3._Aufl.,_Bd._3,_VD18_80365043_Seite_181_Bild_0001.jpg</fileName>
      <fileIdentifier>mets//export_doc3115_ronja_alto_202503291249.zip/1764,_Saemtliche_Poetische_Werke,_Bohn,_3._Aufl.,_Bd._3,_VD18_80365043_Seite_181_Bild_0001.jpg</fileIdentifier>
    </sourceImageInformation>
  </Description>
  <Tags>
    <OtherTag ID="BT1" LABEL="Title" DESCRIPTION="block type Title"/><OtherTag ID="BT2" LABEL="Main" DESCRIPTION="block type Main"/><OtherTag ID="BT3" LABEL="Commentary" DESCRIPTION="block type Commentary"/><OtherTag ID="BT4" LABEL="Illustration" DESCRIPTION="block type Illustration"/><OtherTag ID="BT4244" LABEL="paragraph" DESCRIPTION="block type paragraph"/><OtherTag ID="BT4245" LABEL="footnote" DESCRIPTION="block type footnote"/><OtherTag ID="BT4246" LABEL="heading" DESCRIPTION="block type heading"/><OtherTag ID="BT4247" LABEL="l-column" DESCRIPTION="block type l-column"/><OtherTag ID="BT4248" LABEL="r-column" DESCRIPTION="block type r-column"/><OtherTag ID="BT4249" LABEL="marginalia" DESCRIPTION="block type marginalia"/><OtherTag ID="BT4250" LABEL="signature-mark" DESCRIPTION="block type signature-mark"/><OtherTag ID="BT4251" LABEL="catch-word" DESCRIPTION="block type catch-word"/><OtherTag ID="BT4252" LABEL="endnote" DESCRIPTION="block type endnote"/>
  </Tags>
  <Layout>
    <Page WIDTH="949"
          HEIGHT="1500"
          PHYSICAL_IMG_NR="21"
          ID="eSc_dummypage_">
      <PrintSpace HPOS="0"
                  VPOS="0"
                  WIDTH="949"
                  HEIGHT="1500">
        <TextBlock HPOS="334.0"
                   VPOS="127.0"
                   WIDTH="268.0"
                   HEIGHT="47.0"
                   ID="region_1720346214158_333"
                   TAGREFS="BT4244">
          <Shape><Polygon POINTS="602 174 334 174 334 130 595 127"/></Shape>
        </TextBlock>
        <TextBlock HPOS="700.0"
                   VPOS="133.0"
                   WIDTH="84.0"
                   HEIGHT="41.0"
                   ID="region_1720346216518_336"
                   TAGREFS="BT4244">
          <Shape><Polygon POINTS="784 169 700 174 700 133 780 133"/></Shape>
        </TextBlock>
        <TextBlock HPOS="72.0"
                   VPOS="188.0"
                   WIDTH="719.0"
                   HEIGHT="1000.0"
                   ID="region_1720346223262_339"
                   TAGREFS="BT4244">
          <Shape><Polygon POINTS="791 1172 72 1188 72 188 787 188"/></Shape>
        </TextBlock>
        <TextBlock HPOS="452.0"
                   VPOS="1187.0"
                   WIDTH="81.0"
                   HEIGHT="32.0"
                   ID="region_1720346227613_342"
                   TAGREFS="BT4244">
          <Shape><Polygon POINTS="533 1219 452 1219 454 1188 533 1187"/></Shape>
        </TextBlock>
        <TextBlock HPOS="652.0"
                   VPOS="1180.0"
                   WIDTH="124.0"
                   HEIGHT="43.0"
                   ID="region_1720346231834_345"
                   TAGREFS="BT4244">
          <Shape><Polygon POINTS="776 1223 653 1223 652 1180 775 1180"/></Shape>
        </TextBlock>
        <TextBlock HPOS="128.0"
                   VPOS="1237.0"
                   WIDTH="264.0"
                   HEIGHT="33.0"
                   ID="region_1720346241985_351"
                   TAGREFS="BT4247">
          <Shape><Polygon POINTS="392 1266 128 1270 133 1241 372 1237"/></Shape>
        </TextBlock>
        <TextBlock HPOS="140.0"
                   VPOS="1271.0"
                   WIDTH="203.0"
                   HEIGHT="21.0"
                   ID="region_1721040269957_75"
                   TAGREFS="BT4247">
          <Shape><Polygon POINTS="341 1287 140 1292 141 1276 191 1275 343 1271"/></Shape>
        </TextBlock>
        <TextBlock HPOS="123.0"
                   VPOS="1288.0"
                   WIDTH="324.0"
                   HEIGHT="53.0"
                   ID="region_1721040274733_78"
                   TAGREFS="BT4247">
          <Shape><Polygon POINTS="442 1341 123 1341 123 1293 447 1288"/></Shape>
        </TextBlock>
        <TextBlock HPOS="452.0"
                   VPOS="1234.0"
                   WIDTH="322.0"
                   HEIGHT="48.0"
                   ID="region_1720346246569_354"
                   TAGREFS="BT4248">
          <Shape><Polygon POINTS="771 1278 452 1282 455 1238 774 1234"/></Shape>
        </TextBlock>
        <TextBlock HPOS="478.0"
                   VPOS="1285.0"
                   WIDTH="221.0"
                   HEIGHT="27.0"
                   ID="region_1721040302801_89"
                   TAGREFS="BT4248">
          <Shape><Polygon POINTS="699 1312 478 1312 478 1286 699 1285"/></Shape>
        </TextBlock>
      </PrintSpace>
    </Page>
  </Layout>
</alto>
