<?xml version="1.0" encoding="UTF-8"?>
<alto xmlns:xsi="http://www.w3.org/2001/XMLSchema-instance"
      xmlns="http://www.loc.gov/standards/alto/ns-v4#"
      xsi:schemaLocation="http://www.loc.gov/standards/alto/ns-v4# http://www.loc.gov/standards/alto/v4/alto-4-2.xsd">
  <Description>
    <MeasurementUnit>pixel</MeasurementUnit>
    <sourceImageInformation>
      <fileName>1764,_Saemtliche_Poetische_Werke,_Bohn,_3._Aufl.,_Bd._1,_VD18_80365027_Seite_157_Bild_0001.jpg</fileName>
      <fileIdentifier>mets//export_doc3115_ronja_alto_202503291249.zip/1764,_Saemtliche_Poetische_Werke,_Bohn,_3._Aufl.,_Bd._1,_VD18_80365027_Seite_157_Bild_0001.jpg</fileIdentifier>
    </sourceImageInformation>
  </Description>
  <Tags>
    <OtherTag ID="BT1" LABEL="Title" DESCRIPTION="block type Title"/><OtherTag ID="BT2" LABEL="Main" DESCRIPTION="block type Main"/><OtherTag ID="BT3" LABEL="Commentary" DESCRIPTION="block type Commentary"/><OtherTag ID="BT4" LABEL="Illustration" DESCRIPTION="block type Illustration"/><OtherTag ID="BT4244" LABEL="paragraph" DESCRIPTION="block type paragraph"/><OtherTag ID="BT4245" LABEL="footnote" DESCRIPTION="block type footnote"/><OtherTag ID="BT4246" LABEL="heading" DESCRIPTION="block type heading"/><OtherTag ID="BT4247" LABEL="l-column" DESCRIPTION="block type l-column"/><OtherTag ID="BT4248" LABEL="r-column" DESCRIPTION="block type r-column"/><OtherTag ID="BT4249" LABEL="marginalia" DESCRIPTION="block type marginalia"/><OtherTag ID="BT4250" LABEL="signature-mark" DESCRIPTION="block type signature-mark"/><OtherTag ID="BT4251" LABEL="catch-word" DESCRIPTION="block type catch-word"/><OtherTag ID="BT4252" LABEL="endnote" DESCRIPTION="block type endnote"/>
  </Tags>
  <Layout>
    <Page WIDTH="949"
          HEIGHT="1500"
          PHYSICAL_IMG_NR="22"
          ID="eSc_dummypage_">
      <PrintSpace HPOS="0"
                  VPOS="0"
                  WIDTH="949"
                  HEIGHT="1500">
        <TextBlock HPOS="267.0"
                   VPOS="92.0"
                   WIDTH="370.0"
                   HEIGHT="49.0"
                   ID="region_1720164402790_30"
                   TAGREFS="BT4244">
          <Shape><Polygon POINTS="620 141 267 141 267 92 637 93"/></Shape>
        </TextBlock>
        <TextBlock HPOS="709.0"
                   VPOS="94.0"
                   WIDTH="96.0"
                   HEIGHT="57.0"
                   ID="region_1720164415745_39"
                   TAGREFS="BT4244">
          <Shape><Polygon POINTS="779 151 709 151 709 94 805 95"/></Shape>
        </TextBlock>
        <TextBlock HPOS="315.0"
                   VPOS="159.0"
                   WIDTH="293.0"
                   HEIGHT="52.0"
                   ID="region_1720164406584_33"
                   TAGREFS="BT4246">
          <Shape><Polygon POINTS="569 211 315 211 315 163 608 159"/></Shape>
        </TextBlock>
        <TextBlock HPOS="112.0"
                   VPOS="226.0"
                   WIDTH="56.0"
                   HEIGHT="55.0"
                   ID="region_1720164412104_36"
                   TAGREFS="BT4244">
          <Shape><Polygon POINTS="167 281 112 280 113 226 168 227"/></Shape>
        </TextBlock>
        <TextBlock HPOS="105.0"
                   VPOS="218.0"
                   WIDTH="670.0"
                   HEIGHT="269.0"
                   ID="region_1720164449409_54"
                   TAGREFS="BT4244">
          <Shape><Polygon POINTS="775 483 109 487 107 332 105 281 169 283 168 220 775 218"/></Shape>
        </TextBlock>
        <TextBlock HPOS="240.0"
                   VPOS="566.0"
                   WIDTH="437.0"
                   HEIGHT="43.0"
                   ID="region_1720164428637_42"
                   TAGREFS="BT4246">
          <Shape><Polygon POINTS="646 609 240 609 241 566 677 567"/></Shape>
        </TextBlock>
        <TextBlock HPOS="365.0"
                   VPOS="616.0"
                   WIDTH="175.0"
                   HEIGHT="38.0"
                   ID="region_1720164431937_45"
                   TAGREFS="BT4246">
          <Shape><Polygon POINTS="516 654 365 654 365 616 540 619"/></Shape>
        </TextBlock>
        <TextBlock HPOS="131.0"
                   VPOS="666.0"
                   WIDTH="72.0"
                   HEIGHT="59.0"
                   ID="region_1720164434625_48"
                   TAGREFS="BT4244">
          <Shape><Polygon POINTS="203 724 147 725 131 666 203 667"/></Shape>
        </TextBlock>
        <TextBlock HPOS="143.0"
                   VPOS="665.0"
                   WIDTH="567.0"
                   HEIGHT="359.0"
                   ID="region_1720164438941_51"
                   TAGREFS="BT4244">
          <Shape><Polygon POINTS="710 1021 143 1024 145 773 146 728 204 727 203 667 710 665"/></Shape>
        </TextBlock>
        <TextBlock HPOS="329.0"
                   VPOS="1079.0"
                   WIDTH="235.0"
                   HEIGHT="50.0"
                   ID="region_1720164456169_57"
                   TAGREFS="BT4246">
          <Shape><Polygon POINTS="564 1124 329 1129 332 1079 561 1079"/></Shape>
        </TextBlock>
        <TextBlock HPOS="148.0"
                   VPOS="1147.0"
                   WIDTH="61.0"
                   HEIGHT="60.0"
                   ID="region_1720164459448_60"
                   TAGREFS="BT4244">
          <Shape><Polygon POINTS="208 1204 148 1207 149 1150 209 1147"/></Shape>
        </TextBlock>
        <TextBlock HPOS="146.0"
                   VPOS="1133.0"
                   WIDTH="600.0"
                   HEIGHT="116.0"
                   ID="region_1720164463813_63"
                   TAGREFS="BT4244">
          <Shape><Polygon POINTS="739 1224 199 1249 146 1244 147 1208 207 1204 210 1135 746 1133"/></Shape>
        </TextBlock>
        <TextBlock HPOS="702.0"
                   VPOS="1228.0"
                   WIDTH="88.0"
                   HEIGHT="38.0"
                   ID="region_1720164467051_66"
                   TAGREFS="BT4244">
          <Shape><Polygon POINTS="790 1266 705 1266 702 1228 773 1230"/></Shape>
        </TextBlock>
        <TextBlock HPOS="141.0"
                   VPOS="1286.0"
                   WIDTH="325.0"
                   HEIGHT="37.0"
                   ID="region_1720164873840_120"
                   TAGREFS="BT4247">
          <Shape><Polygon POINTS="466 1323 141 1323 141 1286 466 1286"/></Shape>
        </TextBlock>
        <TextBlock HPOS="492.0"
                   VPOS="1286.0"
                   WIDTH="225.0"
                   HEIGHT="33.0"
                   ID="region_1720164886584_123"
                   TAGREFS="BT4248">
          <Shape><Polygon POINTS="717 1319 492 1319 492 1286 717 1286"/></Shape>
        </TextBlock>
      </PrintSpace>
    </Page>
  </Layout>
</alto>
