<?xml version="1.0" encoding="UTF-8"?>
<alto xmlns:xsi="http://www.w3.org/2001/XMLSchema-instance"
      xmlns="http://www.loc.gov/standards/alto/ns-v4#"
      xsi:schemaLocation="http://www.loc.gov/standards/alto/ns-v4# http://www.loc.gov/standards/alto/v4/alto-4-2.xsd">
  <Description>
    <MeasurementUnit>pixel</MeasurementUnit>
    <sourceImageInformation>
      <fileName>1766-71,_Poetische_Werke,_Walthard,_Bd._3_Seite_066_Bild_0001.jpg</fileName>
      <fileIdentifier>mets//export_doc3109_melissa_alto_202503291248.zip/1766-71,_Poetische_Werke,_Walthard,_Bd._3_Seite_066_Bild_0001.jpg</fileIdentifier>
    </sourceImageInformation>
  </Description>
  <Tags>
    <OtherTag ID="BT1" LABEL="Title" DESCRIPTION="block type Title"/><OtherTag ID="BT2" LABEL="Main" DESCRIPTION="block type Main"/><OtherTag ID="BT3" LABEL="Commentary" DESCRIPTION="block type Commentary"/><OtherTag ID="BT4" LABEL="Illustration" DESCRIPTION="block type Illustration"/><OtherTag ID="BT4244" LABEL="paragraph" DESCRIPTION="block type paragraph"/><OtherTag ID="BT4245" LABEL="footnote" DESCRIPTION="block type footnote"/><OtherTag ID="BT4246" LABEL="heading" DESCRIPTION="block type heading"/><OtherTag ID="BT4247" LABEL="l-column" DESCRIPTION="block type l-column"/><OtherTag ID="BT4248" LABEL="r-column" DESCRIPTION="block type r-column"/><OtherTag ID="BT4249" LABEL="marginalia" DESCRIPTION="block type marginalia"/><OtherTag ID="BT4250" LABEL="signature-mark" DESCRIPTION="block type signature-mark"/><OtherTag ID="BT4251" LABEL="catch-word" DESCRIPTION="block type catch-word"/><OtherTag ID="BT4252" LABEL="endnote" DESCRIPTION="block type endnote"/>
  </Tags>
  <Layout>
    <Page WIDTH="576"
          HEIGHT="922"
          PHYSICAL_IMG_NR="157"
          ID="eSc_dummypage_">
      <PrintSpace HPOS="0"
                  VPOS="0"
                  WIDTH="576"
                  HEIGHT="922">
        <TextBlock HPOS="176.0"
                   VPOS="108.0"
                   WIDTH="160.0"
                   HEIGHT="21.0"
                   ID="region_1718570837929_261"
                   TAGREFS="BT4244">
          <Shape><Polygon POINTS="176 108 332 109 336 129 176 129"/></Shape>
        </TextBlock>
        <TextBlock HPOS="450.0"
                   VPOS="114.0"
                   WIDTH="24.0"
                   HEIGHT="16.0"
                   ID="region_1718570841356_264"
                   TAGREFS="BT4244">
          <Shape><Polygon POINTS="450 114 474 114 473 130 450 130"/></Shape>
        </TextBlock>
        <TextBlock HPOS="81.0"
                   VPOS="148.0"
                   WIDTH="394.0"
                   HEIGHT="179.0"
                   ID="region_1718570864896_270"
                   TAGREFS="BT4245">
          <Shape><Polygon POINTS="81 148 475 148 475 319 82 327"/></Shape>
        </TextBlock>
        <TextBlock HPOS="97.0"
                   VPOS="332.0"
                   WIDTH="383.0"
                   HEIGHT="151.0"
                   ID="region_1718570873062_273"
                   TAGREFS="BT4244">
          <Shape><Polygon POINTS="97 339 480 332 479 483 97 483"/></Shape>
        </TextBlock>
        <TextBlock HPOS="85.0"
                   VPOS="492.0"
                   WIDTH="395.0"
                   HEIGHT="150.0"
                   ID="region_1718570879771_276"
                   TAGREFS="BT4245">
          <Shape><Polygon POINTS="85 498 480 492 479 642 85 642"/></Shape>
        </TextBlock>
        <TextBlock HPOS="379.0"
                   VPOS="739.0"
                   WIDTH="45.0"
                   HEIGHT="31.0"
                   ID="region_1718570890955_282"
                   TAGREFS="BT4244">
          <Shape><Polygon POINTS="379 739 424 739 424 770 381 766"/></Shape>
        </TextBlock>
      </PrintSpace>
    </Page>
  </Layout>
</alto>
