<?xml version="1.0" encoding="UTF-8"?>
<alto xmlns:xsi="http://www.w3.org/2001/XMLSchema-instance"
      xmlns="http://www.loc.gov/standards/alto/ns-v4#"
      xsi:schemaLocation="http://www.loc.gov/standards/alto/ns-v4# http://www.loc.gov/standards/alto/v4/alto-4-2.xsd">
  <Description>
    <MeasurementUnit>pixel</MeasurementUnit>
    <sourceImageInformation>
      <fileName>1766-71,_Poetische_Werke,_Walthard,_Bd._2_Seite_016_Bild_0001.jpg</fileName>
      <fileIdentifier>mets//export_doc3109_melissa_alto_202503291248.zip/1766-71,_Poetische_Werke,_Walthard,_Bd._2_Seite_016_Bild_0001.jpg</fileIdentifier>
    </sourceImageInformation>
  </Description>
  <Tags>
    <OtherTag ID="BT1" LABEL="Title" DESCRIPTION="block type Title"/><OtherTag ID="BT2" LABEL="Main" DESCRIPTION="block type Main"/><OtherTag ID="BT3" LABEL="Commentary" DESCRIPTION="block type Commentary"/><OtherTag ID="BT4" LABEL="Illustration" DESCRIPTION="block type Illustration"/><OtherTag ID="BT4244" LABEL="paragraph" DESCRIPTION="block type paragraph"/><OtherTag ID="BT4245" LABEL="footnote" DESCRIPTION="block type footnote"/><OtherTag ID="BT4246" LABEL="heading" DESCRIPTION="block type heading"/><OtherTag ID="BT4247" LABEL="l-column" DESCRIPTION="block type l-column"/><OtherTag ID="BT4248" LABEL="r-column" DESCRIPTION="block type r-column"/><OtherTag ID="BT4249" LABEL="marginalia" DESCRIPTION="block type marginalia"/><OtherTag ID="BT4250" LABEL="signature-mark" DESCRIPTION="block type signature-mark"/><OtherTag ID="BT4251" LABEL="catch-word" DESCRIPTION="block type catch-word"/><OtherTag ID="BT4252" LABEL="endnote" DESCRIPTION="block type endnote"/>
  </Tags>
  <Layout>
    <Page WIDTH="583"
          HEIGHT="915"
          PHYSICAL_IMG_NR="152"
          ID="eSc_dummypage_">
      <PrintSpace HPOS="0"
                  VPOS="0"
                  WIDTH="583"
                  HEIGHT="915">
        <TextBlock HPOS="209.0"
                   VPOS="114.0"
                   WIDTH="134.0"
                   HEIGHT="24.0"
                   ID="region_1718562317036_423"
                   TAGREFS="BT4244">
          <Shape><Polygon POINTS="209 114 338 115 343 138 209 138"/></Shape>
        </TextBlock>
        <TextBlock HPOS="471.0"
                   VPOS="121.0"
                   WIDTH="18.0"
                   HEIGHT="23.0"
                   ID="region_1718562307763_420"
                   TAGREFS="BT4244">
          <Shape><Polygon POINTS="471 121 489 121 489 144 471 144"/></Shape>
        </TextBlock>
        <TextBlock HPOS="67.0"
                   VPOS="147.0"
                   WIDTH="422.0"
                   HEIGHT="94.0"
                   ID="region_1718562330117_426"
                   TAGREFS="BT4244">
          <Shape><Polygon POINTS="67 147 489 147 483 239 67 241"/></Shape>
        </TextBlock>
        <TextBlock HPOS="67.0"
                   VPOS="263.0"
                   WIDTH="417.0"
                   HEIGHT="133.0"
                   ID="region_1718562342350_429"
                   TAGREFS="BT4244">
          <Shape><Polygon POINTS="484 263 67 267 69 396 484 396"/></Shape>
        </TextBlock>
        <TextBlock HPOS="83.0"
                   VPOS="416.0"
                   WIDTH="406.0"
                   HEIGHT="340.0"
                   ID="region_1718562367026_432"
                   TAGREFS="BT4245">
          <Shape><Polygon POINTS="83 416 487 416 489 756 83 751"/></Shape>
        </TextBlock>
        <TextBlock HPOS="63.0"
                   VPOS="758.0"
                   WIDTH="397.0"
                   HEIGHT="36.0"
                   ID="region_1718562373418_435"
                   TAGREFS="BT4245">
          <Shape><Polygon POINTS="63 758 458 769 460 794 63 794"/></Shape>
        </TextBlock>
      </PrintSpace>
    </Page>
  </Layout>
</alto>
