<?xml version="1.0" encoding="UTF-8"?>
<alto xmlns:xsi="http://www.w3.org/2001/XMLSchema-instance"
      xmlns="http://www.loc.gov/standards/alto/ns-v4#"
      xsi:schemaLocation="http://www.loc.gov/standards/alto/ns-v4# http://www.loc.gov/standards/alto/v4/alto-4-2.xsd">
  <Description>
    <MeasurementUnit>pixel</MeasurementUnit>
    <sourceImageInformation>
      <fileName>1770,_Saemmtliche_Poetische_Werke,_Trattner,_VD18_12002895_Seite_019_Bild_0001.jpg</fileName>
      <fileIdentifier>mets//export_doc3109_melissa_alto_202503291248.zip/1770,_Saemmtliche_Poetische_Werke,_Trattner,_VD18_12002895_Seite_019_Bild_0001.jpg</fileIdentifier>
    </sourceImageInformation>
  </Description>
  <Tags>
    <OtherTag ID="BT1" LABEL="Title" DESCRIPTION="block type Title"/><OtherTag ID="BT2" LABEL="Main" DESCRIPTION="block type Main"/><OtherTag ID="BT3" LABEL="Commentary" DESCRIPTION="block type Commentary"/><OtherTag ID="BT4" LABEL="Illustration" DESCRIPTION="block type Illustration"/><OtherTag ID="BT4244" LABEL="paragraph" DESCRIPTION="block type paragraph"/><OtherTag ID="BT4245" LABEL="footnote" DESCRIPTION="block type footnote"/><OtherTag ID="BT4246" LABEL="heading" DESCRIPTION="block type heading"/><OtherTag ID="BT4247" LABEL="l-column" DESCRIPTION="block type l-column"/><OtherTag ID="BT4248" LABEL="r-column" DESCRIPTION="block type r-column"/><OtherTag ID="BT4249" LABEL="marginalia" DESCRIPTION="block type marginalia"/><OtherTag ID="BT4250" LABEL="signature-mark" DESCRIPTION="block type signature-mark"/><OtherTag ID="BT4251" LABEL="catch-word" DESCRIPTION="block type catch-word"/><OtherTag ID="BT4252" LABEL="endnote" DESCRIPTION="block type endnote"/>
  </Tags>
  <Layout>
    <Page WIDTH="1096"
          HEIGHT="1745"
          PHYSICAL_IMG_NR="177"
          ID="eSc_dummypage_">
      <PrintSpace HPOS="0"
                  VPOS="0"
                  WIDTH="1096"
                  HEIGHT="1745">
        <TextBlock HPOS="122.0"
                   VPOS="164.0"
                   WIDTH="482.0"
                   HEIGHT="56.0"
                   ID="region_1719303017878_50"
                   TAGREFS="BT4244">
          <Shape><Polygon POINTS="122 164 595 165 604 220 122 220"/></Shape>
        </TextBlock>
        <TextBlock HPOS="36.0"
                   VPOS="247.0"
                   WIDTH="679.0"
                   HEIGHT="189.0"
                   ID="region_1719303023624_53"
                   TAGREFS="BT4244">
          <Shape><Polygon POINTS="36 249 709 247 715 390 456 390 457 433 36 436"/></Shape>
        </TextBlock>
        <TextBlock HPOS="545.0"
                   VPOS="426.0"
                   WIDTH="125.0"
                   HEIGHT="54.0"
                   ID="region_1719303031808_56"
                   TAGREFS="BT4244">
          <Shape><Polygon POINTS="545 480 670 480 664 430 545 426"/></Shape>
        </TextBlock>
        <TextBlock HPOS="77.0"
                   VPOS="504.0"
                   WIDTH="641.0"
                   HEIGHT="176.0"
                   ID="region_1719303040224_59"
                   TAGREFS="BT4245">
          <Shape><Polygon POINTS="77 504 718 504 715 667 77 680"/></Shape>
        </TextBlock>
        <TextBlock HPOS="76.0"
                   VPOS="700.0"
                   WIDTH="663.0"
                   HEIGHT="787.0"
                   ID="region_1719303060179_62"
                   TAGREFS="BT4245">
          <Shape><Polygon POINTS="731 700 76 701 76 1485 739 1487"/></Shape>
        </TextBlock>
        <TextBlock HPOS="661.0"
                   VPOS="1490.0"
                   WIDTH="38.0"
                   HEIGHT="35.0"
                   ID="region_1719303068682_65"
                   TAGREFS="BT4244">
          <Shape><Polygon POINTS="661 1490 699 1490 699 1525 664 1522"/></Shape>
        </TextBlock>
      </PrintSpace>
    </Page>
  </Layout>
</alto>
