<?xml version="1.0" encoding="UTF-8"?>
<alto xmlns:xsi="http://www.w3.org/2001/XMLSchema-instance"
      xmlns="http://www.loc.gov/standards/alto/ns-v4#"
      xsi:schemaLocation="http://www.loc.gov/standards/alto/ns-v4# http://www.loc.gov/standards/alto/v4/alto-4-2.xsd">
  <Description>
    <MeasurementUnit>pixel</MeasurementUnit>
    <sourceImageInformation>
      <fileName>1770,_Saemmtliche_Poetische_Werke,_Trattner,_VD18_12002895_Seite_011_Bild_0001.jpg</fileName>
      <fileIdentifier>mets//export_doc3109_melissa_alto_202503291248.zip/1770,_Saemmtliche_Poetische_Werke,_Trattner,_VD18_12002895_Seite_011_Bild_0001.jpg</fileIdentifier>
    </sourceImageInformation>
  </Description>
  <Tags>
    <OtherTag ID="BT1" LABEL="Title" DESCRIPTION="block type Title"/><OtherTag ID="BT2" LABEL="Main" DESCRIPTION="block type Main"/><OtherTag ID="BT3" LABEL="Commentary" DESCRIPTION="block type Commentary"/><OtherTag ID="BT4" LABEL="Illustration" DESCRIPTION="block type Illustration"/><OtherTag ID="BT4244" LABEL="paragraph" DESCRIPTION="block type paragraph"/><OtherTag ID="BT4245" LABEL="footnote" DESCRIPTION="block type footnote"/><OtherTag ID="BT4246" LABEL="heading" DESCRIPTION="block type heading"/><OtherTag ID="BT4247" LABEL="l-column" DESCRIPTION="block type l-column"/><OtherTag ID="BT4248" LABEL="r-column" DESCRIPTION="block type r-column"/><OtherTag ID="BT4249" LABEL="marginalia" DESCRIPTION="block type marginalia"/><OtherTag ID="BT4250" LABEL="signature-mark" DESCRIPTION="block type signature-mark"/><OtherTag ID="BT4251" LABEL="catch-word" DESCRIPTION="block type catch-word"/><OtherTag ID="BT4252" LABEL="endnote" DESCRIPTION="block type endnote"/>
  </Tags>
  <Layout>
    <Page WIDTH="1136"
          HEIGHT="1747"
          PHYSICAL_IMG_NR="176"
          ID="eSc_dummypage_">
      <PrintSpace HPOS="0"
                  VPOS="0"
                  WIDTH="1136"
                  HEIGHT="1747">
        <TextBlock HPOS="95.0"
                   VPOS="521.0"
                   WIDTH="675.0"
                   HEIGHT="94.0"
                   ID="region_1719302830194_12"
                   TAGREFS="BT4246">
          <Shape><Polygon POINTS="100 531 768 521 770 613 95 615"/></Shape>
        </TextBlock>
        <TextBlock HPOS="93.0"
                   VPOS="702.0"
                   WIDTH="112.0"
                   HEIGHT="113.0"
                   ID="region_1719302836213_15"
                   TAGREFS="BT4244">
          <Shape><Polygon POINTS="93 702 205 702 205 815 101 814"/></Shape>
        </TextBlock>
        <TextBlock HPOS="93.0"
                   VPOS="687.0"
                   WIDTH="691.0"
                   HEIGHT="730.0"
                   ID="region_1719302846994_18"
                   TAGREFS="BT4244">
          <Shape><Polygon POINTS="768 691 210 687 211 822 93 823 93 1417 784 1417"/></Shape>
        </TextBlock>
        <TextBlock HPOS="363.0"
                   VPOS="1425.0"
                   WIDTH="94.0"
                   HEIGHT="59.0"
                   ID="region_1719302851243_21"
                   TAGREFS="BT4244">
          <Shape><Polygon POINTS="363 1425 449 1427 457 1484 363 1484"/></Shape>
        </TextBlock>
        <TextBlock HPOS="610.0"
                   VPOS="1421.0"
                   WIDTH="106.0"
                   HEIGHT="66.0"
                   ID="region_1719302858171_24"
                   TAGREFS="BT4244">
          <Shape><Polygon POINTS="610 1424 716 1421 713 1481 613 1487"/></Shape>
        </TextBlock>
      </PrintSpace>
    </Page>
  </Layout>
</alto>
