<?xml version="1.0" encoding="UTF-8"?>
<alto xmlns:xsi="http://www.w3.org/2001/XMLSchema-instance"
      xmlns="http://www.loc.gov/standards/alto/ns-v4#"
      xsi:schemaLocation="http://www.loc.gov/standards/alto/ns-v4# http://www.loc.gov/standards/alto/v4/alto-4-2.xsd">
  <Description>
    <MeasurementUnit>pixel</MeasurementUnit>
    <sourceImageInformation>
      <fileName>1770,_Saemmtliche_Poetische_Werke,_Trattner,_VD18_12002895_Seite_490_Bild_0001.jpg</fileName>
      <fileIdentifier>mets//export_doc3109_melissa_alto_202503291248.zip/1770,_Saemmtliche_Poetische_Werke,_Trattner,_VD18_12002895_Seite_490_Bild_0001.jpg</fileIdentifier>
    </sourceImageInformation>
  </Description>
  <Tags>
    <OtherTag ID="BT1" LABEL="Title" DESCRIPTION="block type Title"/><OtherTag ID="BT2" LABEL="Main" DESCRIPTION="block type Main"/><OtherTag ID="BT3" LABEL="Commentary" DESCRIPTION="block type Commentary"/><OtherTag ID="BT4" LABEL="Illustration" DESCRIPTION="block type Illustration"/><OtherTag ID="BT4244" LABEL="paragraph" DESCRIPTION="block type paragraph"/><OtherTag ID="BT4245" LABEL="footnote" DESCRIPTION="block type footnote"/><OtherTag ID="BT4246" LABEL="heading" DESCRIPTION="block type heading"/><OtherTag ID="BT4247" LABEL="l-column" DESCRIPTION="block type l-column"/><OtherTag ID="BT4248" LABEL="r-column" DESCRIPTION="block type r-column"/><OtherTag ID="BT4249" LABEL="marginalia" DESCRIPTION="block type marginalia"/><OtherTag ID="BT4250" LABEL="signature-mark" DESCRIPTION="block type signature-mark"/><OtherTag ID="BT4251" LABEL="catch-word" DESCRIPTION="block type catch-word"/><OtherTag ID="BT4252" LABEL="endnote" DESCRIPTION="block type endnote"/>
  </Tags>
  <Layout>
    <Page WIDTH="1104"
          HEIGHT="1763"
          PHYSICAL_IMG_NR="182"
          ID="eSc_dummypage_">
      <PrintSpace HPOS="0"
                  VPOS="0"
                  WIDTH="1104"
                  HEIGHT="1763">
        <TextBlock HPOS="408.0"
                   VPOS="175.0"
                   WIDTH="75.0"
                   HEIGHT="37.0"
                   ID="region_1737733455120_1112"
                   TAGREFS="BT4244">
          <Shape><Polygon POINTS="481 176 408 175 408 212 483 212"/></Shape>
        </TextBlock>
        <TextBlock HPOS="496.0"
                   VPOS="159.0"
                   WIDTH="570.0"
                   HEIGHT="60.0"
                   ID="region_1737733467344_1115"
                   TAGREFS="BT4244">
          <Shape><Polygon POINTS="498 164 1066 159 1064 214 496 219"/></Shape>
        </TextBlock>
        <TextBlock HPOS="397.0"
                   VPOS="235.0"
                   WIDTH="690.0"
                   HEIGHT="459.0"
                   ID="region_1737733491293_1118"
                   TAGREFS="BT4244">
          <Shape><Polygon POINTS="411 235 1026 237 1033 287 1087 366 1071 434 1019 428 1068 584 1001 588 980 638 1066 654 1074 693 406 694 397 424"/></Shape>
        </TextBlock>
        <TextBlock HPOS="924.0"
                   VPOS="1409.0"
                   WIDTH="94.0"
                   HEIGHT="74.0"
                   ID="region_1737733500570_1121"
                   TAGREFS="BT4244">
          <Shape><Polygon POINTS="935 1409 1018 1411 1010 1483 924 1473"/></Shape>
        </TextBlock>
      </PrintSpace>
    </Page>
  </Layout>
</alto>
