<?xml version="1.0" encoding="UTF-8"?>
<alto xmlns:xsi="http://www.w3.org/2001/XMLSchema-instance"
      xmlns="http://www.loc.gov/standards/alto/ns-v4#"
      xsi:schemaLocation="http://www.loc.gov/standards/alto/ns-v4# http://www.loc.gov/standards/alto/v4/alto-4-2.xsd">
  <Description>
    <MeasurementUnit>pixel</MeasurementUnit>
    <sourceImageInformation>
      <fileName>1770,_Saemmtliche_Poetische_Werke,_Trattner,_VD18_12002895_Seite_512_Bild_0001.jpg</fileName>
      <fileIdentifier>mets//export_doc3109_melissa_alto_202503291248.zip/1770,_Saemmtliche_Poetische_Werke,_Trattner,_VD18_12002895_Seite_512_Bild_0001.jpg</fileIdentifier>
    </sourceImageInformation>
  </Description>
  <Tags>
    <OtherTag ID="BT1" LABEL="Title" DESCRIPTION="block type Title"/><OtherTag ID="BT2" LABEL="Main" DESCRIPTION="block type Main"/><OtherTag ID="BT3" LABEL="Commentary" DESCRIPTION="block type Commentary"/><OtherTag ID="BT4" LABEL="Illustration" DESCRIPTION="block type Illustration"/><OtherTag ID="BT4244" LABEL="paragraph" DESCRIPTION="block type paragraph"/><OtherTag ID="BT4245" LABEL="footnote" DESCRIPTION="block type footnote"/><OtherTag ID="BT4246" LABEL="heading" DESCRIPTION="block type heading"/><OtherTag ID="BT4247" LABEL="l-column" DESCRIPTION="block type l-column"/><OtherTag ID="BT4248" LABEL="r-column" DESCRIPTION="block type r-column"/><OtherTag ID="BT4249" LABEL="marginalia" DESCRIPTION="block type marginalia"/><OtherTag ID="BT4250" LABEL="signature-mark" DESCRIPTION="block type signature-mark"/><OtherTag ID="BT4251" LABEL="catch-word" DESCRIPTION="block type catch-word"/><OtherTag ID="BT4252" LABEL="endnote" DESCRIPTION="block type endnote"/>
  </Tags>
  <Layout>
    <Page WIDTH="1130"
          HEIGHT="1745"
          PHYSICAL_IMG_NR="183"
          ID="eSc_dummypage_">
      <PrintSpace HPOS="0"
                  VPOS="0"
                  WIDTH="1130"
                  HEIGHT="1745">
        <TextBlock HPOS="438.0"
                   VPOS="178.0"
                   WIDTH="79.0"
                   HEIGHT="36.0"
                   ID="region_1737733556302_1148"
                   TAGREFS="BT4244">
          <Shape><Polygon POINTS="440 178 517 181 514 214 438 212"/></Shape>
        </TextBlock>
        <TextBlock HPOS="584.0"
                   VPOS="169.0"
                   WIDTH="417.0"
                   HEIGHT="58.0"
                   ID="region_1737733567551_1151"
                   TAGREFS="BT4244">
          <Shape><Polygon POINTS="588 169 1001 172 1001 221 940 227 584 224"/></Shape>
        </TextBlock>
        <TextBlock HPOS="407.0"
                   VPOS="239.0"
                   WIDTH="699.0"
                   HEIGHT="470.0"
                   ID="region_1737733604223_1157"
                   TAGREFS="BT4244">
          <Shape><Polygon POINTS="442 239 1103 247 1103 293 872 313 903 399 973 406 1015 440 1106 460 1105 582 923 593 1101 622 1071 709 407 705 427 601 435 274"/></Shape>
        </TextBlock>
        <TextBlock HPOS="430.0"
                   VPOS="773.0"
                   WIDTH="676.0"
                   HEIGHT="141.0"
                   ID="region_1737733637737_1161"
                   TAGREFS="BT4244">
          <Shape><Polygon POINTS="474 809 476 773 1106 778 1104 819 769 830 805 854 920 853 911 914 430 906 436 859 660 851 659 826 490 824"/></Shape>
        </TextBlock>
        <TextBlock HPOS="481.0"
                   VPOS="998.0"
                   WIDTH="576.0"
                   HEIGHT="68.0"
                   ID="region_1737733661515_1169"
                   TAGREFS="BT4246">
          <Shape><Polygon POINTS="490 998 1057 1013 1045 1066 481 1065"/></Shape>
        </TextBlock>
        <TextBlock HPOS="422.0"
                   VPOS="1093.0"
                   WIDTH="80.0"
                   HEIGHT="68.0"
                   ID="region_1737733675451_1172"
                   TAGREFS="BT4244">
          <Shape><Polygon POINTS="494 1143 489 1125 502 1111 491 1093 422 1098 428 1161 479 1159 487 1155"/></Shape>
        </TextBlock>
        <TextBlock HPOS="422.0"
                   VPOS="1116.0"
                   WIDTH="680.0"
                   HEIGHT="171.0"
                   ID="region_1737733694319_1175"
                   TAGREFS="BT4244">
          <Shape><Polygon POINTS="496 1142 496 1121 573 1117 1102 1116 1094 1167 840 1171 852 1204 890 1207 871 1287 422 1287 424 1192 494 1177"/></Shape>
        </TextBlock>
        <TextBlock HPOS="464.0"
                   VPOS="1307.0"
                   WIDTH="636.0"
                   HEIGHT="187.0"
                   ID="region_1737733717820_1182"
                   TAGREFS="BT4245">
          <Shape><Polygon POINTS="467 1308 895 1307 1097 1313 1100 1450 765 1448 763 1494 484 1476 495 1346 464 1336"/></Shape>
        </TextBlock>
        <TextBlock HPOS="990.0"
                   VPOS="1472.0"
                   WIDTH="76.0"
                   HEIGHT="48.0"
                   ID="region_1737733731621_1185"
                   TAGREFS="BT4244">
          <Shape><Polygon POINTS="992 1473 1066 1472 1059 1520 990 1516"/></Shape>
        </TextBlock>
      </PrintSpace>
    </Page>
  </Layout>
</alto>
