<?xml version="1.0" encoding="UTF-8"?>
<alto xmlns:xsi="http://www.w3.org/2001/XMLSchema-instance"
      xmlns="http://www.loc.gov/standards/alto/ns-v4#"
      xsi:schemaLocation="http://www.loc.gov/standards/alto/ns-v4# http://www.loc.gov/standards/alto/v4/alto-4-2.xsd">
  <Description>
    <MeasurementUnit>pixel</MeasurementUnit>
    <sourceImageInformation>
      <fileName>1770,_Saemmtliche_Poetische_Werke,_Trattner,_VD18_12002895_Seite_035_Bild_0001.jpg</fileName>
      <fileIdentifier>mets//export_doc3109_melissa_alto_202503291248.zip/1770,_Saemmtliche_Poetische_Werke,_Trattner,_VD18_12002895_Seite_035_Bild_0001.jpg</fileIdentifier>
    </sourceImageInformation>
  </Description>
  <Tags>
    <OtherTag ID="BT1" LABEL="Title" DESCRIPTION="block type Title"/><OtherTag ID="BT2" LABEL="Main" DESCRIPTION="block type Main"/><OtherTag ID="BT3" LABEL="Commentary" DESCRIPTION="block type Commentary"/><OtherTag ID="BT4" LABEL="Illustration" DESCRIPTION="block type Illustration"/><OtherTag ID="BT4244" LABEL="paragraph" DESCRIPTION="block type paragraph"/><OtherTag ID="BT4245" LABEL="footnote" DESCRIPTION="block type footnote"/><OtherTag ID="BT4246" LABEL="heading" DESCRIPTION="block type heading"/><OtherTag ID="BT4247" LABEL="l-column" DESCRIPTION="block type l-column"/><OtherTag ID="BT4248" LABEL="r-column" DESCRIPTION="block type r-column"/><OtherTag ID="BT4249" LABEL="marginalia" DESCRIPTION="block type marginalia"/><OtherTag ID="BT4250" LABEL="signature-mark" DESCRIPTION="block type signature-mark"/><OtherTag ID="BT4251" LABEL="catch-word" DESCRIPTION="block type catch-word"/><OtherTag ID="BT4252" LABEL="endnote" DESCRIPTION="block type endnote"/>
  </Tags>
  <Layout>
    <Page WIDTH="1074"
          HEIGHT="1744"
          PHYSICAL_IMG_NR="178"
          ID="eSc_dummypage_">
      <PrintSpace HPOS="0"
                  VPOS="0"
                  WIDTH="1074"
                  HEIGHT="1744">
        <TextBlock HPOS="243.0"
                   VPOS="161.0"
                   WIDTH="287.0"
                   HEIGHT="49.0"
                   ID="region_1719303680838_117"
                   TAGREFS="BT4244">
          <Shape><Polygon POINTS="243 161 530 161 529 210 243 208"/></Shape>
        </TextBlock>
        <TextBlock HPOS="47.0"
                   VPOS="234.0"
                   WIDTH="679.0"
                   HEIGHT="195.0"
                   ID="region_1719303696263_120"
                   TAGREFS="BT4244">
          <Shape><Polygon POINTS="47 234 718 234 726 418 47 429"/></Shape>
        </TextBlock>
        <TextBlock HPOS="43.0"
                   VPOS="433.0"
                   WIDTH="684.0"
                   HEIGHT="146.0"
                   ID="region_1719303703022_123"
                   TAGREFS="BT4244">
          <Shape><Polygon POINTS="48 433 727 433 727 579 43 579"/></Shape>
        </TextBlock>
        <TextBlock HPOS="46.0"
                   VPOS="591.0"
                   WIDTH="680.0"
                   HEIGHT="467.0"
                   ID="region_1719303719715_126"
                   TAGREFS="BT4244">
          <Shape><Polygon POINTS="46 1053 726 1058 724 591 46 591"/></Shape>
        </TextBlock>
        <TextBlock HPOS="337.0"
                   VPOS="1057.0"
                   WIDTH="84.0"
                   HEIGHT="42.0"
                   ID="region_1719303728772_132"
                   TAGREFS="BT4244">
          <Shape><Polygon POINTS="337 1057 421 1059 421 1099 337 1099"/></Shape>
        </TextBlock>
        <TextBlock HPOS="605.0"
                   VPOS="1059.0"
                   WIDTH="70.0"
                   HEIGHT="50.0"
                   ID="region_1719303723455_129"
                   TAGREFS="BT4244">
          <Shape><Polygon POINTS="608 1059 673 1059 675 1109 605 1109"/></Shape>
        </TextBlock>
        <TextBlock HPOS="38.0"
                   VPOS="1116.0"
                   WIDTH="696.0"
                   HEIGHT="175.0"
                   ID="region_1719303762428_135"
                   TAGREFS="BT4245">
          <Shape><Polygon POINTS="38 1116 721 1118 734 1291 38 1291"/></Shape>
        </TextBlock>
        <TextBlock HPOS="38.0"
                   VPOS="1300.0"
                   WIDTH="699.0"
                   HEIGHT="229.0"
                   ID="region_1719304014086_153"
                   TAGREFS="BT4244">
          <Shape><Polygon POINTS="38 1300 737 1300 720 1522 38 1529"/></Shape>
        </TextBlock>
      </PrintSpace>
    </Page>
  </Layout>
</alto>
