<?xml version="1.0" encoding="UTF-8"?>
<alto xmlns:xsi="http://www.w3.org/2001/XMLSchema-instance"
      xmlns="http://www.loc.gov/standards/alto/ns-v4#"
      xsi:schemaLocation="http://www.loc.gov/standards/alto/ns-v4# http://www.loc.gov/standards/alto/v4/alto-4-2.xsd">
  <Description>
    <MeasurementUnit>pixel</MeasurementUnit>
    <sourceImageInformation>
      <fileName>1771,_Saemtliche_Poetische_Werke,_Bohn,_5._Aufl.,_Bd._2,_VD18_90396766_Seite_032_Bild_0001.jpg</fileName>
      <fileIdentifier>mets//export_doc3115_ronja_alto_202503291249.zip/1771,_Saemtliche_Poetische_Werke,_Bohn,_5._Aufl.,_Bd._2,_VD18_90396766_Seite_032_Bild_0001.jpg</fileIdentifier>
    </sourceImageInformation>
  </Description>
  <Tags>
    <OtherTag ID="BT1" LABEL="Title" DESCRIPTION="block type Title"/><OtherTag ID="BT2" LABEL="Main" DESCRIPTION="block type Main"/><OtherTag ID="BT3" LABEL="Commentary" DESCRIPTION="block type Commentary"/><OtherTag ID="BT4" LABEL="Illustration" DESCRIPTION="block type Illustration"/><OtherTag ID="BT4244" LABEL="paragraph" DESCRIPTION="block type paragraph"/><OtherTag ID="BT4245" LABEL="footnote" DESCRIPTION="block type footnote"/><OtherTag ID="BT4246" LABEL="heading" DESCRIPTION="block type heading"/><OtherTag ID="BT4247" LABEL="l-column" DESCRIPTION="block type l-column"/><OtherTag ID="BT4248" LABEL="r-column" DESCRIPTION="block type r-column"/><OtherTag ID="BT4249" LABEL="marginalia" DESCRIPTION="block type marginalia"/><OtherTag ID="BT4250" LABEL="signature-mark" DESCRIPTION="block type signature-mark"/><OtherTag ID="BT4251" LABEL="catch-word" DESCRIPTION="block type catch-word"/><OtherTag ID="BT4252" LABEL="endnote" DESCRIPTION="block type endnote"/>
  </Tags>
  <Layout>
    <Page WIDTH="1130"
          HEIGHT="2055"
          PHYSICAL_IMG_NR="42"
          ID="eSc_dummypage_">
      <PrintSpace HPOS="0"
                  VPOS="0"
                  WIDTH="1130"
                  HEIGHT="2055">
        <TextBlock HPOS="394.0"
                   VPOS="58.0"
                   WIDTH="303.0"
                   HEIGHT="82.0"
                   ID="r1"
                   TAGREFS="BT4244">
          <Shape><Polygon POINTS="685 140 394 140 394 58 697 59"/></Shape>
        </TextBlock>
        <TextBlock HPOS="959.0"
                   VPOS="81.0"
                   WIDTH="72.0"
                   HEIGHT="73.0"
                   ID="r2"
                   TAGREFS="BT4244">
          <Shape><Polygon POINTS="1031 144 959 154 959 81 1030 81"/></Shape>
        </TextBlock>
        <TextBlock HPOS="34.0"
                   VPOS="155.0"
                   WIDTH="707.0"
                   HEIGHT="193.0"
                   ID="r3"
                   TAGREFS="BT4244">
          <Shape><Polygon POINTS="714 348 34 348 34 155 741 162"/></Shape>
        </TextBlock>
        <TextBlock HPOS="174.0"
                   VPOS="420.0"
                   WIDTH="722.0"
                   HEIGHT="97.0"
                   ID="r4"
                   TAGREFS="BT4246">
          <Shape><Polygon POINTS="881 517 174 517 174 420 896 424"/></Shape>
        </TextBlock>
        <TextBlock HPOS="112.0"
                   VPOS="531.0"
                   WIDTH="71.0"
                   HEIGHT="105.0"
                   ID="r5"
                   TAGREFS="BT4244">
          <Shape><Polygon POINTS="183 636 112 636 123 544 183 531"/></Shape>
        </TextBlock>
        <TextBlock HPOS="109.0"
                   VPOS="532.0"
                   WIDTH="637.0"
                   HEIGHT="492.0"
                   ID="r6"
                   TAGREFS="BT4244">
          <Shape><Polygon POINTS="746 1024 116 1024 109 640 113 637 187 641 184 532 746 534"/></Shape>
        </TextBlock>
        <TextBlock HPOS="47.0"
                   VPOS="1099.0"
                   WIDTH="989.0"
                   HEIGHT="82.0"
                   ID="r7"
                   TAGREFS="BT4246">
          <Shape><Polygon POINTS="1032 1175 47 1181 47 1099 1036 1099"/></Shape>
        </TextBlock>
        <TextBlock HPOS="134.0"
                   VPOS="1208.0"
                   WIDTH="70.0"
                   HEIGHT="83.0"
                   ID="r8"
                   TAGREFS="BT4244">
          <Shape><Polygon POINTS="204 1290 134 1291 134 1209 204 1208"/></Shape>
        </TextBlock>
        <TextBlock HPOS="121.0"
                   VPOS="1203.0"
                   WIDTH="706.0"
                   HEIGHT="537.0"
                   ID="r9"
                   TAGREFS="BT4244">
          <Shape><Polygon POINTS="827 1740 121 1740 126 1330 125 1294 200 1295 202 1204 827 1203"/></Shape>
        </TextBlock>
        <TextBlock HPOS="925.0"
                   VPOS="1785.0"
                   WIDTH="137.0"
                   HEIGHT="96.0"
                   ID="r10"
                   TAGREFS="BT4244">
          <Shape><Polygon POINTS="1062 1881 927 1881 925 1785 1060 1785"/></Shape>
        </TextBlock>
        <TextBlock HPOS="59.0"
                   VPOS="1896.0"
                   WIDTH="901.0"
                   HEIGHT="69.0"
                   ID="r11"
                   TAGREFS="BT4245">
          <Shape><Polygon POINTS="960 1965 59 1965 59 1896 954 1904"/></Shape>
        </TextBlock>
      </PrintSpace>
    </Page>
  </Layout>
</alto>
