<?xml version="1.0" encoding="UTF-8"?>
<alto xmlns:xsi="http://www.w3.org/2001/XMLSchema-instance"
      xmlns="http://www.loc.gov/standards/alto/ns-v4#"
      xsi:schemaLocation="http://www.loc.gov/standards/alto/ns-v4# http://www.loc.gov/standards/alto/v4/alto-4-2.xsd">
  <Description>
    <MeasurementUnit>pixel</MeasurementUnit>
    <sourceImageInformation>
      <fileName>1771,_Saemtliche_Poetische_Werke,_Bohn,_5._Aufl.,_Bd._1,_VD18_90396758_Seite_114_Bild_0001.jpg</fileName>
      <fileIdentifier>mets//export_doc3115_ronja_alto_202503291249.zip/1771,_Saemtliche_Poetische_Werke,_Bohn,_5._Aufl.,_Bd._1,_VD18_90396758_Seite_114_Bild_0001.jpg</fileIdentifier>
    </sourceImageInformation>
  </Description>
  <Tags>
    <OtherTag ID="BT1" LABEL="Title" DESCRIPTION="block type Title"/><OtherTag ID="BT2" LABEL="Main" DESCRIPTION="block type Main"/><OtherTag ID="BT3" LABEL="Commentary" DESCRIPTION="block type Commentary"/><OtherTag ID="BT4" LABEL="Illustration" DESCRIPTION="block type Illustration"/><OtherTag ID="BT4244" LABEL="paragraph" DESCRIPTION="block type paragraph"/><OtherTag ID="BT4245" LABEL="footnote" DESCRIPTION="block type footnote"/><OtherTag ID="BT4246" LABEL="heading" DESCRIPTION="block type heading"/><OtherTag ID="BT4247" LABEL="l-column" DESCRIPTION="block type l-column"/><OtherTag ID="BT4248" LABEL="r-column" DESCRIPTION="block type r-column"/><OtherTag ID="BT4249" LABEL="marginalia" DESCRIPTION="block type marginalia"/><OtherTag ID="BT4250" LABEL="signature-mark" DESCRIPTION="block type signature-mark"/><OtherTag ID="BT4251" LABEL="catch-word" DESCRIPTION="block type catch-word"/><OtherTag ID="BT4252" LABEL="endnote" DESCRIPTION="block type endnote"/>
  </Tags>
  <Layout>
    <Page WIDTH="1146"
          HEIGHT="2055"
          PHYSICAL_IMG_NR="39"
          ID="eSc_dummypage_">
      <PrintSpace HPOS="0"
                  VPOS="0"
                  WIDTH="1146"
                  HEIGHT="2055">
        <TextBlock HPOS="970.0"
                   VPOS="95.0"
                   WIDTH="88.0"
                   HEIGHT="82.0"
                   ID="region_1719330794468_13"
                   TAGREFS="BT4244">
          <Shape><Polygon POINTS="1058 177 976 177 970 95 1052 95"/></Shape>
        </TextBlock>
        <TextBlock HPOS="109.0"
                   VPOS="142.0"
                   WIDTH="859.0"
                   HEIGHT="145.0"
                   ID="region_1719330799194_16"
                   TAGREFS="BT4244">
          <Shape><Polygon POINTS="968 287 118 280 109 142 962 142"/></Shape>
        </TextBlock>
        <TextBlock HPOS="285.0"
                   VPOS="352.0"
                   WIDTH="502.0"
                   HEIGHT="88.0"
                   ID="region_1719330807069_22"
                   TAGREFS="BT4246">
          <Shape><Polygon POINTS="777 440 285 440 295 352 787 352"/></Shape>
        </TextBlock>
        <TextBlock HPOS="97.0"
                   VPOS="445.0"
                   WIDTH="948.0"
                   HEIGHT="164.0"
                   ID="region_1719330812610_25"
                   TAGREFS="BT4244">
          <Shape><Polygon POINTS="1045 609 99 609 97 445 1043 445"/></Shape>
        </TextBlock>
        <TextBlock HPOS="46.0"
                   VPOS="628.0"
                   WIDTH="157.0"
                   HEIGHT="161.0"
                   ID="region_1719330815419_28"
                   TAGREFS="BT4244">
          <Shape><Polygon POINTS="203 789 46 789 55 637 203 628"/></Shape>
        </TextBlock>
        <TextBlock HPOS="31.0"
                   VPOS="615.0"
                   WIDTH="1016.0"
                   HEIGHT="293.0"
                   ID="region_1719330839230_39"
                   TAGREFS="BT4244">
          <Shape><Polygon POINTS="1047 908 238 896 31 896 32 793 210 799 210 615 1047 621"/></Shape>
        </TextBlock>
        <TextBlock HPOS="335.0"
                   VPOS="955.0"
                   WIDTH="394.0"
                   HEIGHT="89.0"
                   ID="region_1719330843158_42"
                   TAGREFS="BT4246">
          <Shape><Polygon POINTS="729 1044 335 1044 337 955 724 971"/></Shape>
        </TextBlock>
        <TextBlock HPOS="48.0"
                   VPOS="1067.0"
                   WIDTH="108.0"
                   HEIGHT="96.0"
                   ID="region_1719330916105_69"
                   TAGREFS="BT4244">
          <Shape><Polygon POINTS="156 1163 48 1163 57 1072 156 1067"/></Shape>
        </TextBlock>
        <TextBlock HPOS="33.0"
                   VPOS="1048.0"
                   WIDTH="1044.0"
                   HEIGHT="387.0"
                   ID="region_1719330848322_45"
                   TAGREFS="BT4244">
          <Shape><Polygon POINTS="1077 1435 38 1433 34 1283 33 1162 155 1170 154 1055 977 1048"/></Shape>
        </TextBlock>
        <TextBlock HPOS="187.0"
                   VPOS="1485.0"
                   WIDTH="706.0"
                   HEIGHT="102.0"
                   ID="region_1719330883742_49"
                   TAGREFS="BT4246">
          <Shape><Polygon POINTS="893 1587 187 1587 198 1496 891 1485"/></Shape>
        </TextBlock>
        <TextBlock HPOS="162.0"
                   VPOS="1594.0"
                   WIDTH="94.0"
                   HEIGHT="90.0"
                   ID="region_1719330885810_52"
                   TAGREFS="BT4244">
          <Shape><Polygon POINTS="256 1684 162 1683 162 1594 256 1595"/></Shape>
        </TextBlock>
        <TextBlock HPOS="156.0"
                   VPOS="1587.0"
                   WIDTH="689.0"
                   HEIGHT="296.0"
                   ID="region_1719330889114_55"
                   TAGREFS="BT4244">
          <Shape><Polygon POINTS="845 1883 165 1883 156 1687 261 1691 258 1632 263 1587 845 1588"/></Shape>
        </TextBlock>
        <TextBlock HPOS="503.0"
                   VPOS="1918.0"
                   WIDTH="90.0"
                   HEIGHT="59.0"
                   ID="region_1719330891482_58"
                   TAGREFS="BT4244">
          <Shape><Polygon POINTS="582 1968 503 1977 503 1918 593 1918"/></Shape>
        </TextBlock>
        <TextBlock HPOS="908.0"
                   VPOS="1884.0"
                   WIDTH="154.0"
                   HEIGHT="106.0"
                   ID="region_1719330893534_61"
                   TAGREFS="BT4244">
          <Shape><Polygon POINTS="1062 1990 908 1990 923 1898 1062 1884"/></Shape>
        </TextBlock>
      </PrintSpace>
    </Page>
  </Layout>
</alto>
