<?xml version="1.0" encoding="UTF-8"?>
<alto xmlns:xsi="http://www.w3.org/2001/XMLSchema-instance"
      xmlns="http://www.loc.gov/standards/alto/ns-v4#"
      xsi:schemaLocation="http://www.loc.gov/standards/alto/ns-v4# http://www.loc.gov/standards/alto/v4/alto-4-2.xsd">
  <Description>
    <MeasurementUnit>pixel</MeasurementUnit>
    <sourceImageInformation>
      <fileName>1771,_Saemtliche_Poetische_Werke,_Bohn,_5._Aufl.,_Bd._1,_VD18_90396758_Seite_156_Bild_0001.jpg</fileName>
      <fileIdentifier>mets//export_doc3115_ronja_alto_202503291249.zip/1771,_Saemtliche_Poetische_Werke,_Bohn,_5._Aufl.,_Bd._1,_VD18_90396758_Seite_156_Bild_0001.jpg</fileIdentifier>
    </sourceImageInformation>
  </Description>
  <Tags>
    <OtherTag ID="BT1" LABEL="Title" DESCRIPTION="block type Title"/><OtherTag ID="BT2" LABEL="Main" DESCRIPTION="block type Main"/><OtherTag ID="BT3" LABEL="Commentary" DESCRIPTION="block type Commentary"/><OtherTag ID="BT4" LABEL="Illustration" DESCRIPTION="block type Illustration"/><OtherTag ID="BT4244" LABEL="paragraph" DESCRIPTION="block type paragraph"/><OtherTag ID="BT4245" LABEL="footnote" DESCRIPTION="block type footnote"/><OtherTag ID="BT4246" LABEL="heading" DESCRIPTION="block type heading"/><OtherTag ID="BT4247" LABEL="l-column" DESCRIPTION="block type l-column"/><OtherTag ID="BT4248" LABEL="r-column" DESCRIPTION="block type r-column"/><OtherTag ID="BT4249" LABEL="marginalia" DESCRIPTION="block type marginalia"/><OtherTag ID="BT4250" LABEL="signature-mark" DESCRIPTION="block type signature-mark"/><OtherTag ID="BT4251" LABEL="catch-word" DESCRIPTION="block type catch-word"/><OtherTag ID="BT4252" LABEL="endnote" DESCRIPTION="block type endnote"/>
  </Tags>
  <Layout>
    <Page WIDTH="1137"
          HEIGHT="2136"
          PHYSICAL_IMG_NR="41"
          ID="eSc_dummypage_">
      <PrintSpace HPOS="0"
                  VPOS="0"
                  WIDTH="1137"
                  HEIGHT="2136">
        <TextBlock HPOS="228.0"
                   VPOS="146.0"
                   WIDTH="545.0"
                   HEIGHT="73.0"
                   ID="region_1719413452512_15"
                   TAGREFS="BT4244">
          <Shape><Polygon POINTS="773 219 228 219 228 146 773 146"/></Shape>
        </TextBlock>
        <TextBlock HPOS="945.0"
                   VPOS="156.0"
                   WIDTH="112.0"
                   HEIGHT="69.0"
                   ID="region_1719413456847_18"
                   TAGREFS="BT4244">
          <Shape><Polygon POINTS="1057 222 945 225 945 156 1035 156"/></Shape>
        </TextBlock>
        <TextBlock HPOS="56.0"
                   VPOS="230.0"
                   WIDTH="804.0"
                   HEIGHT="291.0"
                   ID="region_1719413462199_21"
                   TAGREFS="BT4244">
          <Shape><Polygon POINTS="842 516 56 521 56 239 860 230"/></Shape>
        </TextBlock>
        <TextBlock HPOS="52.0"
                   VPOS="608.0"
                   WIDTH="994.0"
                   HEIGHT="245.0"
                   ID="region_1719413472119_27"
                   TAGREFS="BT4246">
          <Shape><Polygon POINTS="1046 853 52 853 74 621 1046 608"/></Shape>
        </TextBlock>
        <TextBlock HPOS="57.0"
                   VPOS="869.0"
                   WIDTH="83.0"
                   HEIGHT="89.0"
                   ID="region_1719413476323_30"
                   TAGREFS="BT4244">
          <Shape><Polygon POINTS="140 958 57 958 57 869 140 869"/></Shape>
        </TextBlock>
        <TextBlock HPOS="32.0"
                   VPOS="862.0"
                   WIDTH="986.0"
                   HEIGHT="216.0"
                   ID="region_1719413481111_33"
                   TAGREFS="BT4244">
          <Shape><Polygon POINTS="1018 1078 39 1078 34 1033 32 960 145 961 137 864 1018 862"/></Shape>
        </TextBlock>
        <TextBlock HPOS="163.0"
                   VPOS="1146.0"
                   WIDTH="779.0"
                   HEIGHT="105.0"
                   ID="region_1719413495140_36"
                   TAGREFS="BT4246">
          <Shape><Polygon POINTS="922 1251 163 1251 163 1146 942 1146"/></Shape>
        </TextBlock>
        <TextBlock HPOS="170.0"
                   VPOS="1276.0"
                   WIDTH="79.0"
                   HEIGHT="99.0"
                   ID="region_1719413500704_39"
                   TAGREFS="BT4244">
          <Shape><Polygon POINTS="249 1375 172 1375 170 1276 247 1276"/></Shape>
        </TextBlock>
        <TextBlock HPOS="154.0"
                   VPOS="1269.0"
                   WIDTH="807.0"
                   HEIGHT="196.0"
                   ID="region_1719413507736_42"
                   TAGREFS="BT4244">
          <Shape><Polygon POINTS="961 1465 154 1465 155 1372 188 1375 246 1376 242 1269 961 1274"/></Shape>
        </TextBlock>
        <TextBlock HPOS="964.0"
                   VPOS="1433.0"
                   WIDTH="115.0"
                   HEIGHT="89.0"
                   ID="region_1719413511192_45"
                   TAGREFS="BT4244">
          <Shape><Polygon POINTS="1055 1522 964 1522 964 1433 1079 1434"/></Shape>
        </TextBlock>
        <TextBlock HPOS="40.0"
                   VPOS="1536.0"
                   WIDTH="524.0"
                   HEIGHT="525.0"
                   ID="region_1719413518328_48"
                   TAGREFS="BT4247">
          <Shape><Polygon POINTS="564 2054 40 2061 51 1536 564 1537"/></Shape>
        </TextBlock>
        <TextBlock HPOS="571.0"
                   VPOS="1531.0"
                   WIDTH="512.0"
                   HEIGHT="528.0"
                   ID="region_1719413527556_51"
                   TAGREFS="BT4248">
          <Shape><Polygon POINTS="1083 2051 571 2059 571 1539 1071 1531"/></Shape>
        </TextBlock>
      </PrintSpace>
    </Page>
  </Layout>
</alto>
