<?xml version="1.0" encoding="UTF-8"?>
<alto xmlns:xsi="http://www.w3.org/2001/XMLSchema-instance"
      xmlns="http://www.loc.gov/standards/alto/ns-v4#"
      xsi:schemaLocation="http://www.loc.gov/standards/alto/ns-v4# http://www.loc.gov/standards/alto/v4/alto-4-2.xsd">
  <Description>
    <MeasurementUnit>pixel</MeasurementUnit>
    <sourceImageInformation>
      <fileName>1772f.,_Poetische_Werke,_Walthard,_Bd._4,_VD18_90660110_Seite_076_Bild_0001.jpg</fileName>
      <fileIdentifier>mets//export_doc3109_melissa_alto_202503291248.zip/1772f.,_Poetische_Werke,_Walthard,_Bd._4,_VD18_90660110_Seite_076_Bild_0001.jpg</fileIdentifier>
    </sourceImageInformation>
  </Description>
  <Tags>
    <OtherTag ID="BT1" LABEL="Title" DESCRIPTION="block type Title"/><OtherTag ID="BT2" LABEL="Main" DESCRIPTION="block type Main"/><OtherTag ID="BT3" LABEL="Commentary" DESCRIPTION="block type Commentary"/><OtherTag ID="BT4" LABEL="Illustration" DESCRIPTION="block type Illustration"/><OtherTag ID="BT4244" LABEL="paragraph" DESCRIPTION="block type paragraph"/><OtherTag ID="BT4245" LABEL="footnote" DESCRIPTION="block type footnote"/><OtherTag ID="BT4246" LABEL="heading" DESCRIPTION="block type heading"/><OtherTag ID="BT4247" LABEL="l-column" DESCRIPTION="block type l-column"/><OtherTag ID="BT4248" LABEL="r-column" DESCRIPTION="block type r-column"/><OtherTag ID="BT4249" LABEL="marginalia" DESCRIPTION="block type marginalia"/><OtherTag ID="BT4250" LABEL="signature-mark" DESCRIPTION="block type signature-mark"/><OtherTag ID="BT4251" LABEL="catch-word" DESCRIPTION="block type catch-word"/><OtherTag ID="BT4252" LABEL="endnote" DESCRIPTION="block type endnote"/>
  </Tags>
  <Layout>
    <Page WIDTH="800"
          HEIGHT="1420"
          PHYSICAL_IMG_NR="170"
          ID="eSc_dummypage_">
      <PrintSpace HPOS="0"
                  VPOS="0"
                  WIDTH="800"
                  HEIGHT="1420">
        <TextBlock HPOS="198.0"
                   VPOS="141.0"
                   WIDTH="57.0"
                   HEIGHT="41.0"
                   ID="region_1740323025052_386"
                   TAGREFS="BT4244">
          <Shape><Polygon POINTS="204 141 255 143 246 182 198 178"/></Shape>
        </TextBlock>
        <TextBlock HPOS="363.0"
                   VPOS="144.0"
                   WIDTH="243.0"
                   HEIGHT="43.0"
                   ID="region_1740323030208_389"
                   TAGREFS="BT4244">
          <Shape><Polygon POINTS="397 144 606 145 602 187 363 180 367 144"/></Shape>
        </TextBlock>
        <TextBlock HPOS="188.0"
                   VPOS="200.0"
                   WIDTH="526.0"
                   HEIGHT="201.0"
                   ID="region_1740323038525_392"
                   TAGREFS="BT4244">
          <Shape><Polygon POINTS="258 200 714 203 701 284 642 401 189 401 188 231 252 230"/></Shape>
        </TextBlock>
        <TextBlock HPOS="182.0"
                   VPOS="434.0"
                   WIDTH="530.0"
                   HEIGHT="209.0"
                   ID="region_1740323083882_409"
                   TAGREFS="BT4244">
          <Shape><Polygon POINTS="263 434 712 438 655 643 182 639 187 461 246 460"/></Shape>
        </TextBlock>
        <TextBlock HPOS="268.0"
                   VPOS="737.0"
                   WIDTH="404.0"
                   HEIGHT="49.0"
                   ID="region_1740323126524_415"
                   TAGREFS="BT4246">
          <Shape><Polygon POINTS="295 737 672 740 659 786 268 780"/></Shape>
        </TextBlock>
        <TextBlock HPOS="189.0"
                   VPOS="809.0"
                   WIDTH="28.0"
                   HEIGHT="54.0"
                   ID="region_1740323149038_418"
                   TAGREFS="BT4244">
          <Shape><Polygon POINTS="212 815 216 815 217 810 191 809 189 863 216 863 217 853 211 830"/></Shape>
        </TextBlock>
        <TextBlock HPOS="180.0"
                   VPOS="805.0"
                   WIDTH="529.0"
                   HEIGHT="271.0"
                   ID="region_1740323189410_425"
                   TAGREFS="BT4244">
          <Shape><Polygon POINTS="217 816 221 813 238 805 556 810 709 845 702 895 640 971 696 1047 664 1073 180 1076 185 876 200 875 226 871 217 843 214 825"/></Shape>
        </TextBlock>
        <TextBlock HPOS="690.0"
                   VPOS="1096.0"
                   WIDTH="63.0"
                   HEIGHT="39.0"
                   ID="region_1740323283278_465"
                   TAGREFS="BT4244">
          <Shape><Polygon POINTS="691 1096 753 1105 748 1135 690 1131"/></Shape>
        </TextBlock>
      </PrintSpace>
    </Page>
  </Layout>
</alto>
