<?xml version="1.0" encoding="UTF-8"?>
<alto xmlns:xsi="http://www.w3.org/2001/XMLSchema-instance"
      xmlns="http://www.loc.gov/standards/alto/ns-v4#"
      xsi:schemaLocation="http://www.loc.gov/standards/alto/ns-v4# http://www.loc.gov/standards/alto/v4/alto-4-2.xsd">
  <Description>
    <MeasurementUnit>pixel</MeasurementUnit>
    <sourceImageInformation>
      <fileName>1772f.,_Poetische_Werke,_Walthard,_Bd._1,_VD18_90660072_Seite_012_Bild_0001.jpg</fileName>
      <fileIdentifier>mets//export_doc3109_melissa_alto_202503291248.zip/1772f.,_Poetische_Werke,_Walthard,_Bd._1,_VD18_90660072_Seite_012_Bild_0001.jpg</fileIdentifier>
    </sourceImageInformation>
  </Description>
  <Tags>
    <OtherTag ID="BT1" LABEL="Title" DESCRIPTION="block type Title"/><OtherTag ID="BT2" LABEL="Main" DESCRIPTION="block type Main"/><OtherTag ID="BT3" LABEL="Commentary" DESCRIPTION="block type Commentary"/><OtherTag ID="BT4" LABEL="Illustration" DESCRIPTION="block type Illustration"/><OtherTag ID="BT4244" LABEL="paragraph" DESCRIPTION="block type paragraph"/><OtherTag ID="BT4245" LABEL="footnote" DESCRIPTION="block type footnote"/><OtherTag ID="BT4246" LABEL="heading" DESCRIPTION="block type heading"/><OtherTag ID="BT4247" LABEL="l-column" DESCRIPTION="block type l-column"/><OtherTag ID="BT4248" LABEL="r-column" DESCRIPTION="block type r-column"/><OtherTag ID="BT4249" LABEL="marginalia" DESCRIPTION="block type marginalia"/><OtherTag ID="BT4250" LABEL="signature-mark" DESCRIPTION="block type signature-mark"/><OtherTag ID="BT4251" LABEL="catch-word" DESCRIPTION="block type catch-word"/><OtherTag ID="BT4252" LABEL="endnote" DESCRIPTION="block type endnote"/>
  </Tags>
  <Layout>
    <Page WIDTH="800"
          HEIGHT="1447"
          PHYSICAL_IMG_NR="164"
          ID="eSc_dummypage_">
      <PrintSpace HPOS="0"
                  VPOS="0"
                  WIDTH="800"
                  HEIGHT="1447">
        <TextBlock HPOS="189.0"
                   VPOS="146.0"
                   WIDTH="35.0"
                   HEIGHT="33.0"
                   ID="region_1719318596598_1003"
                   TAGREFS="BT4244">
          <Shape><Polygon POINTS="191 150 220 146 224 179 189 178"/></Shape>
        </TextBlock>
        <TextBlock HPOS="405.0"
                   VPOS="133.0"
                   WIDTH="171.0"
                   HEIGHT="41.0"
                   ID="region_1719318599795_1006"
                   TAGREFS="BT4244">
          <Shape><Polygon POINTS="405 133 560 134 576 174 408 172"/></Shape>
        </TextBlock>
        <TextBlock HPOS="188.0"
                   VPOS="199.0"
                   WIDTH="595.0"
                   HEIGHT="103.0"
                   ID="region_1719318605001_1009"
                   TAGREFS="BT4244">
          <Shape><Polygon POINTS="190 199 783 199 783 297 188 302"/></Shape>
        </TextBlock>
        <TextBlock HPOS="709.0"
                   VPOS="300.0"
                   WIDTH="78.0"
                   HEIGHT="36.0"
                   ID="region_1719318607782_1012"
                   TAGREFS="BT4244">
          <Shape><Polygon POINTS="712 300 787 300 784 336 709 336"/></Shape>
        </TextBlock>
        <TextBlock HPOS="184.0"
                   VPOS="356.0"
                   WIDTH="299.0"
                   HEIGHT="359.0"
                   ID="TextRegion_1720985413742_92"
                   TAGREFS="BT4247">
          <Shape><Polygon POINTS="184 356 482 356 483 707 184 715"/></Shape>
        </TextBlock>
        <TextBlock HPOS="185.0"
                   VPOS="719.0"
                   WIDTH="298.0"
                   HEIGHT="438.0"
                   ID="TextRegion_1720985413741_91"
                   TAGREFS="BT4247">
          <Shape><Polygon POINTS="185 719 483 719 482 1150 191 1157"/></Shape>
        </TextBlock>
        <TextBlock HPOS="489.0"
                   VPOS="358.0"
                   WIDTH="295.0"
                   HEIGHT="786.0"
                   ID="region_1719318632013_1018"
                   TAGREFS="BT4248">
          <Shape><Polygon POINTS="489 1144 723 1143 725 1122 784 1120 783 358 489 358"/></Shape>
        </TextBlock>
        <TextBlock HPOS="735.0"
                   VPOS="1139.0"
                   WIDTH="45.0"
                   HEIGHT="26.0"
                   ID="region_1719318590369_1000"
                   TAGREFS="BT4244">
          <Shape><Polygon POINTS="735 1139 778 1139 780 1165 735 1165"/></Shape>
        </TextBlock>
      </PrintSpace>
    </Page>
  </Layout>
</alto>
