<?xml version="1.0" encoding="UTF-8"?>
<alto xmlns:xsi="http://www.w3.org/2001/XMLSchema-instance"
      xmlns="http://www.loc.gov/standards/alto/ns-v4#"
      xsi:schemaLocation="http://www.loc.gov/standards/alto/ns-v4# http://www.loc.gov/standards/alto/v4/alto-4-2.xsd">
  <Description>
    <MeasurementUnit>pixel</MeasurementUnit>
    <sourceImageInformation>
      <fileName>1772f.,_Poetische_Werke,_Walthard,_Bd._2,_VD18_90660080_Seite_134_Bild_0001.jpg</fileName>
      <fileIdentifier>mets//export_doc3109_melissa_alto_202503291248.zip/1772f.,_Poetische_Werke,_Walthard,_Bd._2,_VD18_90660080_Seite_134_Bild_0001.jpg</fileIdentifier>
    </sourceImageInformation>
  </Description>
  <Tags>
    <OtherTag ID="BT1" LABEL="Title" DESCRIPTION="block type Title"/><OtherTag ID="BT2" LABEL="Main" DESCRIPTION="block type Main"/><OtherTag ID="BT3" LABEL="Commentary" DESCRIPTION="block type Commentary"/><OtherTag ID="BT4" LABEL="Illustration" DESCRIPTION="block type Illustration"/><OtherTag ID="BT4244" LABEL="paragraph" DESCRIPTION="block type paragraph"/><OtherTag ID="BT4245" LABEL="footnote" DESCRIPTION="block type footnote"/><OtherTag ID="BT4246" LABEL="heading" DESCRIPTION="block type heading"/><OtherTag ID="BT4247" LABEL="l-column" DESCRIPTION="block type l-column"/><OtherTag ID="BT4248" LABEL="r-column" DESCRIPTION="block type r-column"/><OtherTag ID="BT4249" LABEL="marginalia" DESCRIPTION="block type marginalia"/><OtherTag ID="BT4250" LABEL="signature-mark" DESCRIPTION="block type signature-mark"/><OtherTag ID="BT4251" LABEL="catch-word" DESCRIPTION="block type catch-word"/><OtherTag ID="BT4252" LABEL="endnote" DESCRIPTION="block type endnote"/>
  </Tags>
  <Layout>
    <Page WIDTH="800"
          HEIGHT="1446"
          PHYSICAL_IMG_NR="168"
          ID="eSc_dummypage_">
      <PrintSpace HPOS="0"
                  VPOS="0"
                  WIDTH="800"
                  HEIGHT="1446">
        <TextBlock HPOS="184.0"
                   VPOS="186.0"
                   WIDTH="65.0"
                   HEIGHT="36.0"
                   ID="region_1740322296656_120"
                   TAGREFS="BT4244">
          <Shape><Polygon POINTS="184 187 249 186 246 222 184 220"/></Shape>
        </TextBlock>
        <TextBlock HPOS="296.0"
                   VPOS="173.0"
                   WIDTH="335.0"
                   HEIGHT="39.0"
                   ID="region_1740322302656_123"
                   TAGREFS="BT4244">
          <Shape><Polygon POINTS="304 212 623 211 631 198 625 173 296 178"/></Shape>
        </TextBlock>
        <TextBlock HPOS="180.0"
                   VPOS="228.0"
                   WIDTH="585.0"
                   HEIGHT="339.0"
                   ID="region_1740322314085_126"
                   TAGREFS="BT4244">
          <Shape><Polygon POINTS="181 240 765 228 752 567 180 567"/></Shape>
        </TextBlock>
        <TextBlock HPOS="273.0"
                   VPOS="626.0"
                   WIDTH="390.0"
                   HEIGHT="59.0"
                   ID="region_1740322323894_129"
                   TAGREFS="BT4246">
          <Shape><Polygon POINTS="285 631 662 626 663 676 273 685"/></Shape>
        </TextBlock>
        <TextBlock HPOS="189.0"
                   VPOS="695.0"
                   WIDTH="36.0"
                   HEIGHT="72.0"
                   ID="region_1740322338774_132"
                   TAGREFS="BT4244">
          <Shape><Polygon POINTS="189 695 225 695 222 703 214 706 213 758 203 767 197 767 192 766 189 765"/></Shape>
        </TextBlock>
        <TextBlock HPOS="181.0"
                   VPOS="685.0"
                   WIDTH="558.0"
                   HEIGHT="284.0"
                   ID="region_1740322360093_135"
                   TAGREFS="BT4244">
          <Shape><Polygon POINTS="188 766 194 768 207 768 215 763 218 710 229 698 626 685 597 754 612 802 739 817 731 848 676 862 624 948 181 969"/></Shape>
        </TextBlock>
        <TextBlock HPOS="675.0"
                   VPOS="943.0"
                   WIDTH="93.0"
                   HEIGHT="39.0"
                   ID="region_1740322467290_179"
                   TAGREFS="BT4244">
          <Shape><Polygon POINTS="686 943 768 947 763 982 675 975"/></Shape>
        </TextBlock>
        <TextBlock HPOS="178.0"
                   VPOS="994.0"
                   WIDTH="291.0"
                   HEIGHT="166.0"
                   ID="region_1740322483492_185"
                   TAGREFS="BT4247">
          <Shape><Polygon POINTS="205 1002 469 994 467 1157 178 1160 186 1031"/></Shape>
        </TextBlock>
        <TextBlock HPOS="473.0"
                   VPOS="989.0"
                   WIDTH="295.0"
                   HEIGHT="168.0"
                   ID="region_1740322495050_188"
                   TAGREFS="BT4248">
          <Shape><Polygon POINTS="479 994 768 989 760 1137 712 1137 712 1148 473 1157"/></Shape>
        </TextBlock>
        <TextBlock HPOS="715.0"
                   VPOS="1138.0"
                   WIDTH="48.0"
                   HEIGHT="23.0"
                   ID="region_1740322474113_182"
                   TAGREFS="BT4244">
          <Shape><Polygon POINTS="723 1138 758 1138 763 1158 715 1161"/></Shape>
        </TextBlock>
      </PrintSpace>
    </Page>
  </Layout>
</alto>
