<?xml version="1.0" encoding="UTF-8"?>
<alto xmlns:xsi="http://www.w3.org/2001/XMLSchema-instance"
      xmlns="http://www.loc.gov/standards/alto/ns-v4#"
      xsi:schemaLocation="http://www.loc.gov/standards/alto/ns-v4# http://www.loc.gov/standards/alto/v4/alto-4-2.xsd">
  <Description>
    <MeasurementUnit>pixel</MeasurementUnit>
    <sourceImageInformation>
      <fileName>1775-Saemmtliche_Poetische_Werke_Schmieder_Bd_1_VD18_90914260_NEU-033.png</fileName>
      <fileIdentifier>mets//export_doc3108_lena_alto_202503291248.zip/1775-Saemmtliche_Poetische_Werke_Schmieder_Bd_1_VD18_90914260_NEU-033.png</fileIdentifier>
    </sourceImageInformation>
  </Description>
  <Tags>
    <OtherTag ID="BT1" LABEL="Title" DESCRIPTION="block type Title"/><OtherTag ID="BT2" LABEL="Main" DESCRIPTION="block type Main"/><OtherTag ID="BT3" LABEL="Commentary" DESCRIPTION="block type Commentary"/><OtherTag ID="BT4" LABEL="Illustration" DESCRIPTION="block type Illustration"/><OtherTag ID="BT4244" LABEL="paragraph" DESCRIPTION="block type paragraph"/><OtherTag ID="BT4245" LABEL="footnote" DESCRIPTION="block type footnote"/><OtherTag ID="BT4246" LABEL="heading" DESCRIPTION="block type heading"/><OtherTag ID="BT4247" LABEL="l-column" DESCRIPTION="block type l-column"/><OtherTag ID="BT4248" LABEL="r-column" DESCRIPTION="block type r-column"/><OtherTag ID="BT4249" LABEL="marginalia" DESCRIPTION="block type marginalia"/><OtherTag ID="BT4250" LABEL="signature-mark" DESCRIPTION="block type signature-mark"/><OtherTag ID="BT4251" LABEL="catch-word" DESCRIPTION="block type catch-word"/><OtherTag ID="BT4252" LABEL="endnote" DESCRIPTION="block type endnote"/>
  </Tags>
  <Layout>
    <Page WIDTH="658"
          HEIGHT="1096"
          PHYSICAL_IMG_NR="75"
          ID="eSc_dummypage_">
      <PrintSpace HPOS="0"
                  VPOS="0"
                  WIDTH="658"
                  HEIGHT="1096">
        <TextBlock HPOS="182.0"
                   VPOS="89.0"
                   WIDTH="221.0"
                   HEIGHT="32.0"
                   ID="region_1718620836723_78"
                   TAGREFS="BT4244">
          <Shape><Polygon POINTS="182 121 403 121 403 89 182 89"/></Shape>
        </TextBlock>
        <TextBlock HPOS="453.0"
                   VPOS="84.0"
                   WIDTH="84.0"
                   HEIGHT="35.0"
                   ID="region_1718620825066_75"
                   TAGREFS="BT4244">
          <Shape><Polygon POINTS="453 119 537 119 537 84 453 84"/></Shape>
        </TextBlock>
        <TextBlock HPOS="63.0"
                   VPOS="127.0"
                   WIDTH="474.0"
                   HEIGHT="452.0"
                   ID="region_1718620845163_81"
                   TAGREFS="BT4244">
          <Shape><Polygon POINTS="535 572 63 579 63 127 537 127"/></Shape>
        </TextBlock>
        <TextBlock HPOS="480.0"
                   VPOS="575.0"
                   WIDTH="48.0"
                   HEIGHT="22.0"
                   ID="region_1718620848539_84"
                   TAGREFS="BT4244">
          <Shape><Polygon POINTS="528 597 483 597 480 581 507 577 524 575 528 581"/></Shape>
        </TextBlock>
        <TextBlock HPOS="108.0"
                   VPOS="606.0"
                   WIDTH="423.0"
                   HEIGHT="81.0"
                   ID="region_1718620865627_90"
                   TAGREFS="BT4245">
          <Shape><Polygon POINTS="112 687 529 684 531 610 108 606"/></Shape>
        </TextBlock>
        <TextBlock HPOS="93.0"
                   VPOS="691.0"
                   WIDTH="438.0"
                   HEIGHT="241.0"
                   ID="region_1718620868802_93"
                   TAGREFS="BT4245">
          <Shape><Polygon POINTS="93 926 116 925 181 931 266 932 324 932 524 928 531 691 94 691"/></Shape>
        </TextBlock>
        <TextBlock HPOS="96.0"
                   VPOS="929.0"
                   WIDTH="263.0"
                   HEIGHT="36.0"
                   ID="region_1718620872387_96"
                   TAGREFS="BT4244">
          <Shape><Polygon POINTS="102 962 359 965 356 939 269 940 261 938 175 935 113 929 96 932"/></Shape>
        </TextBlock>
      </PrintSpace>
    </Page>
  </Layout>
</alto>
