<?xml version="1.0" encoding="UTF-8"?>
<alto xmlns:xsi="http://www.w3.org/2001/XMLSchema-instance"
      xmlns="http://www.loc.gov/standards/alto/ns-v4#"
      xsi:schemaLocation="http://www.loc.gov/standards/alto/ns-v4# http://www.loc.gov/standards/alto/v4/alto-4-2.xsd">
  <Description>
    <MeasurementUnit>pixel</MeasurementUnit>
    <sourceImageInformation>
      <fileName>1775-Saemmtliche_Poetische_Werke_Schmieder_Bd_2_VD18_90914287_NEU-281.png</fileName>
      <fileIdentifier>mets//export_doc3108_lena_alto_202503291248.zip/1775-Saemmtliche_Poetische_Werke_Schmieder_Bd_2_VD18_90914287_NEU-281.png</fileIdentifier>
    </sourceImageInformation>
  </Description>
  <Tags>
    <OtherTag ID="BT1" LABEL="Title" DESCRIPTION="block type Title"/><OtherTag ID="BT2" LABEL="Main" DESCRIPTION="block type Main"/><OtherTag ID="BT3" LABEL="Commentary" DESCRIPTION="block type Commentary"/><OtherTag ID="BT4" LABEL="Illustration" DESCRIPTION="block type Illustration"/><OtherTag ID="BT4244" LABEL="paragraph" DESCRIPTION="block type paragraph"/><OtherTag ID="BT4245" LABEL="footnote" DESCRIPTION="block type footnote"/><OtherTag ID="BT4246" LABEL="heading" DESCRIPTION="block type heading"/><OtherTag ID="BT4247" LABEL="l-column" DESCRIPTION="block type l-column"/><OtherTag ID="BT4248" LABEL="r-column" DESCRIPTION="block type r-column"/><OtherTag ID="BT4249" LABEL="marginalia" DESCRIPTION="block type marginalia"/><OtherTag ID="BT4250" LABEL="signature-mark" DESCRIPTION="block type signature-mark"/><OtherTag ID="BT4251" LABEL="catch-word" DESCRIPTION="block type catch-word"/><OtherTag ID="BT4252" LABEL="endnote" DESCRIPTION="block type endnote"/>
  </Tags>
  <Layout>
    <Page WIDTH="657"
          HEIGHT="1097"
          PHYSICAL_IMG_NR="92"
          ID="eSc_dummypage_">
      <PrintSpace HPOS="0"
                  VPOS="0"
                  WIDTH="657"
                  HEIGHT="1097">
        <TextBlock HPOS="133.0"
                   VPOS="95.0"
                   WIDTH="64.0"
                   HEIGHT="37.0"
                   ID="region_1720034037719_141"
                   TAGREFS="BT4244">
          <Shape><Polygon POINTS="197 132 197 97 133 95 145 128"/></Shape>
        </TextBlock>
        <TextBlock HPOS="232.0"
                   VPOS="90.0"
                   WIDTH="274.0"
                   HEIGHT="45.0"
                   ID="region_1720034045708_144"
                   TAGREFS="BT4244">
          <Shape><Polygon POINTS="232 130 234 90 506 104 504 135"/></Shape>
        </TextBlock>
        <TextBlock HPOS="301.0"
                   VPOS="139.0"
                   WIDTH="121.0"
                   HEIGHT="38.0"
                   ID="region_1720034053967_147"
                   TAGREFS="BT4246">
          <Shape><Polygon POINTS="301 144 302 174 422 177 413 141 312 139"/></Shape>
        </TextBlock>
        <TextBlock HPOS="142.0"
                   VPOS="159.0"
                   WIDTH="44.0"
                   HEIGHT="48.0"
                   ID="region_1720034065764_150"
                   TAGREFS="BT4244">
          <Shape><Polygon POINTS="179 207 186 167 168 159 142 165 144 206"/></Shape>
        </TextBlock>
        <TextBlock HPOS="136.0"
                   VPOS="182.0"
                   WIDTH="434.0"
                   HEIGHT="230.0"
                   ID="region_1720034090627_153"
                   TAGREFS="BT4244">
          <Shape><Polygon POINTS="183 211 182 198 191 183 223 182 533 195 570 412 136 409 141 214"/></Shape>
        </TextBlock>
        <TextBlock HPOS="124.0"
                   VPOS="418.0"
                   WIDTH="471.0"
                   HEIGHT="265.0"
                   ID="region_1720034144568_166"
                   TAGREFS="BT4244">
          <Shape><Polygon POINTS="148 434 124 503 128 683 574 671 595 425 174 418"/></Shape>
        </TextBlock>
        <TextBlock HPOS="510.0"
                   VPOS="675.0"
                   WIDTH="64.0"
                   HEIGHT="28.0"
                   ID="region_1720034154421_169"
                   TAGREFS="BT4244">
          <Shape><Polygon POINTS="520 675 574 676 572 702 517 703 510 681"/></Shape>
        </TextBlock>
        <TextBlock HPOS="153.0"
                   VPOS="705.0"
                   WIDTH="437.0"
                   HEIGHT="201.0"
                   ID="region_1720034169453_172"
                   TAGREFS="BT4245">
          <Shape><Polygon POINTS="174 900 153 705 590 713 571 906"/></Shape>
        </TextBlock>
        <TextBlock HPOS="151.0"
                   VPOS="905.0"
                   WIDTH="168.0"
                   HEIGHT="27.0"
                   ID="region_1720034202972_181"
                   TAGREFS="BT4245">
          <Shape><Polygon POINTS="151 927 153 905 319 912 317 932"/></Shape>
        </TextBlock>
        <TextBlock HPOS="151.0"
                   VPOS="929.0"
                   WIDTH="163.0"
                   HEIGHT="26.0"
                   ID="region_1720034208141_184"
                   TAGREFS="BT4245">
          <Shape><Polygon POINTS="314 955 311 934 163 929 154 930 151 936 152 950"/></Shape>
        </TextBlock>
      </PrintSpace>
    </Page>
  </Layout>
</alto>
