<?xml version="1.0" encoding="UTF-8"?>
<alto xmlns:xsi="http://www.w3.org/2001/XMLSchema-instance"
      xmlns="http://www.loc.gov/standards/alto/ns-v4#"
      xsi:schemaLocation="http://www.loc.gov/standards/alto/ns-v4# http://www.loc.gov/standards/alto/v4/alto-4-2.xsd">
  <Description>
    <MeasurementUnit>pixel</MeasurementUnit>
    <sourceImageInformation>
      <fileName>1775-Saemmtliche_Poetische_Werke_Schmieder_Bd_2_VD18_90914287_NEU-069.png</fileName>
      <fileIdentifier>mets//export_doc3108_lena_alto_202503291248.zip/1775-Saemmtliche_Poetische_Werke_Schmieder_Bd_2_VD18_90914287_NEU-069.png</fileIdentifier>
    </sourceImageInformation>
  </Description>
  <Tags>
    <OtherTag ID="BT1" LABEL="Title" DESCRIPTION="block type Title"/><OtherTag ID="BT2" LABEL="Main" DESCRIPTION="block type Main"/><OtherTag ID="BT3" LABEL="Commentary" DESCRIPTION="block type Commentary"/><OtherTag ID="BT4" LABEL="Illustration" DESCRIPTION="block type Illustration"/><OtherTag ID="BT4244" LABEL="paragraph" DESCRIPTION="block type paragraph"/><OtherTag ID="BT4245" LABEL="footnote" DESCRIPTION="block type footnote"/><OtherTag ID="BT4246" LABEL="heading" DESCRIPTION="block type heading"/><OtherTag ID="BT4247" LABEL="l-column" DESCRIPTION="block type l-column"/><OtherTag ID="BT4248" LABEL="r-column" DESCRIPTION="block type r-column"/><OtherTag ID="BT4249" LABEL="marginalia" DESCRIPTION="block type marginalia"/><OtherTag ID="BT4250" LABEL="signature-mark" DESCRIPTION="block type signature-mark"/><OtherTag ID="BT4251" LABEL="catch-word" DESCRIPTION="block type catch-word"/><OtherTag ID="BT4252" LABEL="endnote" DESCRIPTION="block type endnote"/>
  </Tags>
  <Layout>
    <Page WIDTH="657"
          HEIGHT="1095"
          PHYSICAL_IMG_NR="89"
          ID="eSc_dummypage_">
      <PrintSpace HPOS="0"
                  VPOS="0"
                  WIDTH="657"
                  HEIGHT="1095">
        <TextBlock HPOS="143.0"
                   VPOS="99.0"
                   WIDTH="43.0"
                   HEIGHT="32.0"
                   ID="region_1720036321107_556"
                   TAGREFS="BT4244">
          <Shape><Polygon POINTS="147 128 143 101 186 99 186 131"/></Shape>
        </TextBlock>
        <TextBlock HPOS="235.0"
                   VPOS="99.0"
                   WIDTH="275.0"
                   HEIGHT="37.0"
                   ID="region_1720036352111_559"
                   TAGREFS="BT4244">
          <Shape><Polygon POINTS="237 130 235 99 510 103 507 131 465 136 366 133 258 133"/></Shape>
        </TextBlock>
        <TextBlock HPOS="146.0"
                   VPOS="138.0"
                   WIDTH="459.0"
                   HEIGHT="183.0"
                   ID="region_1720036372116_562"
                   TAGREFS="BT4244">
          <Shape><Polygon POINTS="147 145 146 308 225 321 565 321 605 287 595 138 449 141 232 141 157 139"/></Shape>
        </TextBlock>
        <TextBlock HPOS="142.0"
                   VPOS="345.0"
                   WIDTH="469.0"
                   HEIGHT="208.0"
                   ID="region_1720036386211_565"
                   TAGREFS="BT4244">
          <Shape><Polygon POINTS="143 353 142 500 202 553 551 548 611 486 601 345 186 345"/></Shape>
        </TextBlock>
        <TextBlock HPOS="139.0"
                   VPOS="571.0"
                   WIDTH="467.0"
                   HEIGHT="157.0"
                   ID="region_1720036399088_568"
                   TAGREFS="BT4244">
          <Shape><Polygon POINTS="139 591 140 691 216 728 514 726 606 665 603 571 165 576"/></Shape>
        </TextBlock>
        <TextBlock HPOS="141.0"
                   VPOS="755.0"
                   WIDTH="475.0"
                   HEIGHT="187.0"
                   ID="region_1720036412035_571"
                   TAGREFS="BT4244">
          <Shape><Polygon POINTS="141 767 141 888 209 940 506 942 616 868 597 755 167 761"/></Shape>
        </TextBlock>
        <TextBlock HPOS="554.0"
                   VPOS="943.0"
                   WIDTH="44.0"
                   HEIGHT="36.0"
                   ID="region_1720036417027_574"
                   TAGREFS="BT4244">
          <Shape><Polygon POINTS="554 975 554 943 598 945 594 979"/></Shape>
        </TextBlock>
      </PrintSpace>
    </Page>
  </Layout>
</alto>
