<?xml version="1.0" encoding="UTF-8"?>
<alto xmlns:xsi="http://www.w3.org/2001/XMLSchema-instance"
      xmlns="http://www.loc.gov/standards/alto/ns-v4#"
      xsi:schemaLocation="http://www.loc.gov/standards/alto/ns-v4# http://www.loc.gov/standards/alto/v4/alto-4-2.xsd">
  <Description>
    <MeasurementUnit>pixel</MeasurementUnit>
    <sourceImageInformation>
      <fileName>1775-Saemmtliche_Poetische_Werke_Schmieder_Bd_1_VD18_90914260_NEU-194.png</fileName>
      <fileIdentifier>mets//export_doc3108_lena_alto_202503291248.zip/1775-Saemmtliche_Poetische_Werke_Schmieder_Bd_1_VD18_90914260_NEU-194.png</fileIdentifier>
    </sourceImageInformation>
  </Description>
  <Tags>
    <OtherTag ID="BT1" LABEL="Title" DESCRIPTION="block type Title"/><OtherTag ID="BT2" LABEL="Main" DESCRIPTION="block type Main"/><OtherTag ID="BT3" LABEL="Commentary" DESCRIPTION="block type Commentary"/><OtherTag ID="BT4" LABEL="Illustration" DESCRIPTION="block type Illustration"/><OtherTag ID="BT4244" LABEL="paragraph" DESCRIPTION="block type paragraph"/><OtherTag ID="BT4245" LABEL="footnote" DESCRIPTION="block type footnote"/><OtherTag ID="BT4246" LABEL="heading" DESCRIPTION="block type heading"/><OtherTag ID="BT4247" LABEL="l-column" DESCRIPTION="block type l-column"/><OtherTag ID="BT4248" LABEL="r-column" DESCRIPTION="block type r-column"/><OtherTag ID="BT4249" LABEL="marginalia" DESCRIPTION="block type marginalia"/><OtherTag ID="BT4250" LABEL="signature-mark" DESCRIPTION="block type signature-mark"/><OtherTag ID="BT4251" LABEL="catch-word" DESCRIPTION="block type catch-word"/><OtherTag ID="BT4252" LABEL="endnote" DESCRIPTION="block type endnote"/>
  </Tags>
  <Layout>
    <Page WIDTH="658"
          HEIGHT="1096"
          PHYSICAL_IMG_NR="86"
          ID="eSc_dummypage_">
      <PrintSpace HPOS="0"
                  VPOS="0"
                  WIDTH="658"
                  HEIGHT="1096">
        <TextBlock HPOS="134.0"
                   VPOS="87.0"
                   WIDTH="59.0"
                   HEIGHT="34.0"
                   ID="region_1719339136740_1289"
                   TAGREFS="BT4244">
          <Shape><Polygon POINTS="193 121 191 87 134 89 144 119"/></Shape>
        </TextBlock>
        <TextBlock HPOS="239.0"
                   VPOS="79.0"
                   WIDTH="298.0"
                   HEIGHT="38.0"
                   ID="region_1719339150451_1292"
                   TAGREFS="BT4244">
          <Shape><Polygon POINTS="239 113 241 79 537 83 534 116 350 113 274 117"/></Shape>
        </TextBlock>
        <TextBlock HPOS="139.0"
                   VPOS="124.0"
                   WIDTH="469.0"
                   HEIGHT="312.0"
                   ID="region_1719339181397_1295"
                   TAGREFS="BT4244">
          <Shape><Polygon POINTS="140 131 167 124 239 124 330 128 352 124 398 125 445 126 507 126 560 126 603 124 608 276 607 425 531 432 400 428 139 436"/></Shape>
        </TextBlock>
        <TextBlock HPOS="548.0"
                   VPOS="434.0"
                   WIDTH="59.0"
                   HEIGHT="30.0"
                   ID="region_1719339189491_1298"
                   TAGREFS="BT4244">
          <Shape><Polygon POINTS="548 464 551 435 579 434 607 434 606 463"/></Shape>
        </TextBlock>
        <TextBlock HPOS="153.0"
                   VPOS="483.0"
                   WIDTH="453.0"
                   HEIGHT="250.0"
                   ID="region_1719339243798_1304"
                   TAGREFS="BT4245">
          <Shape><Polygon POINTS="163 487 227 486 244 484 483 483 605 486 606 724 425 732 168 733 153 708"/></Shape>
        </TextBlock>
        <TextBlock HPOS="184.0"
                   VPOS="734.0"
                   WIDTH="358.0"
                   HEIGHT="37.0"
                   ID="region_1719339294401_1309"
                   TAGREFS="BT4245">
          <Shape><Polygon POINTS="184 742 186 771 542 763 540 734 407 739 365 739 257 741 226 738"/></Shape>
        </TextBlock>
        <TextBlock HPOS="162.0"
                   VPOS="774.0"
                   WIDTH="445.0"
                   HEIGHT="156.0"
                   ID="region_1719339320877_1312"
                   TAGREFS="BT4245">
          <Shape><Polygon POINTS="162 781 162 930 326 926 407 926 413 929 429 929 443 927 503 927 605 922 607 774 252 777"/></Shape>
        </TextBlock>
        <TextBlock HPOS="558.0"
                   VPOS="935.0"
                   WIDTH="53.0"
                   HEIGHT="27.0"
                   ID="region_1719339336183_1315"
                   TAGREFS="BT4244">
          <Shape><Polygon POINTS="558 957 562 936 579 935 603 939 611 950 603 962"/></Shape>
        </TextBlock>
      </PrintSpace>
    </Page>
  </Layout>
</alto>
