<?xml version="1.0" encoding="UTF-8"?>
<alto xmlns:xsi="http://www.w3.org/2001/XMLSchema-instance"
      xmlns="http://www.loc.gov/standards/alto/ns-v4#"
      xsi:schemaLocation="http://www.loc.gov/standards/alto/ns-v4# http://www.loc.gov/standards/alto/v4/alto-4-2.xsd">
  <Description>
    <MeasurementUnit>pixel</MeasurementUnit>
    <sourceImageInformation>
      <fileName>1775-Saemmtliche_Poetische_Werke_Schmieder_Bd_1_VD18_90914260_NEU-187.png</fileName>
      <fileIdentifier>mets//export_doc3108_lena_alto_202503291248.zip/1775-Saemmtliche_Poetische_Werke_Schmieder_Bd_1_VD18_90914260_NEU-187.png</fileIdentifier>
    </sourceImageInformation>
  </Description>
  <Tags>
    <OtherTag ID="BT1" LABEL="Title" DESCRIPTION="block type Title"/><OtherTag ID="BT2" LABEL="Main" DESCRIPTION="block type Main"/><OtherTag ID="BT3" LABEL="Commentary" DESCRIPTION="block type Commentary"/><OtherTag ID="BT4" LABEL="Illustration" DESCRIPTION="block type Illustration"/><OtherTag ID="BT4244" LABEL="paragraph" DESCRIPTION="block type paragraph"/><OtherTag ID="BT4245" LABEL="footnote" DESCRIPTION="block type footnote"/><OtherTag ID="BT4246" LABEL="heading" DESCRIPTION="block type heading"/><OtherTag ID="BT4247" LABEL="l-column" DESCRIPTION="block type l-column"/><OtherTag ID="BT4248" LABEL="r-column" DESCRIPTION="block type r-column"/><OtherTag ID="BT4249" LABEL="marginalia" DESCRIPTION="block type marginalia"/><OtherTag ID="BT4250" LABEL="signature-mark" DESCRIPTION="block type signature-mark"/><OtherTag ID="BT4251" LABEL="catch-word" DESCRIPTION="block type catch-word"/><OtherTag ID="BT4252" LABEL="endnote" DESCRIPTION="block type endnote"/>
  </Tags>
  <Layout>
    <Page WIDTH="658"
          HEIGHT="1096"
          PHYSICAL_IMG_NR="84"
          ID="eSc_dummypage_">
      <PrintSpace HPOS="0"
                  VPOS="0"
                  WIDTH="658"
                  HEIGHT="1096">
        <TextBlock HPOS="140.0"
                   VPOS="91.0"
                   WIDTH="304.0"
                   HEIGHT="38.0"
                   ID="region_1719337361989_1085"
                   TAGREFS="BT4244">
          <Shape><Polygon POINTS="140 129 141 91 444 93 443 129"/></Shape>
        </TextBlock>
        <TextBlock HPOS="484.0"
                   VPOS="92.0"
                   WIDTH="65.0"
                   HEIGHT="42.0"
                   ID="region_1719337367865_1088"
                   TAGREFS="BT4244">
          <Shape><Polygon POINTS="484 124 484 95 549 92 539 134"/></Shape>
        </TextBlock>
        <TextBlock HPOS="210.0"
                   VPOS="136.0"
                   WIDTH="205.0"
                   HEIGHT="48.0"
                   ID="region_1719337376975_1091"
                   TAGREFS="BT4246">
          <Shape><Polygon POINTS="415 182 408 143 298 136 210 137 217 184"/></Shape>
        </TextBlock>
        <TextBlock HPOS="99.0"
                   VPOS="193.0"
                   WIDTH="66.0"
                   HEIGHT="56.0"
                   ID="TextRegion_1719337415422_1099"
                   TAGREFS="BT4244">
          <Shape><Polygon POINTS="99 193 155 193 157 222 165 228 162 249 99 247"/></Shape>
        </TextBlock>
        <TextBlock HPOS="99.0"
                   VPOS="193.0"
                   WIDTH="435.0"
                   HEIGHT="174.0"
                   ID="TextRegion_1719337415422_1098"
                   TAGREFS="BT4244">
          <Shape><Polygon POINTS="155 193 534 199 513 363 100 367 99 247 162 249 165 228 157 222"/></Shape>
        </TextBlock>
        <TextBlock HPOS="74.0"
                   VPOS="405.0"
                   WIDTH="476.0"
                   HEIGHT="47.0"
                   ID="region_1719337478380_1110"
                   TAGREFS="BT4246">
          <Shape><Polygon POINTS="74 451 82 409 271 411 350 405 550 411 550 452"/></Shape>
        </TextBlock>
        <TextBlock HPOS="80.0"
                   VPOS="464.0"
                   WIDTH="52.0"
                   HEIGHT="51.0"
                   ID="TextRegion_1719337596363_1133"
                   TAGREFS="BT4244">
          <Shape><Polygon POINTS="80 465 122 464 125 474 132 491 130 509 105 515 80 513"/></Shape>
        </TextBlock>
        <TextBlock HPOS="80.0"
                   VPOS="458.0"
                   WIDTH="484.0"
                   HEIGHT="177.0"
                   ID="TextRegion_1719337596363_1134"
                   TAGREFS="BT4244">
          <Shape><Polygon POINTS="122 464 564 458 559 635 80 623 80 513 105 515 130 509 132 491 125 474"/></Shape>
        </TextBlock>
        <TextBlock HPOS="282.0"
                   VPOS="639.0"
                   WIDTH="66.0"
                   HEIGHT="32.0"
                   ID="region_1719337500446_1116"
                   TAGREFS="BT4244">
          <Shape><Polygon POINTS="347 670 348 643 287 639 282 671"/></Shape>
        </TextBlock>
        <TextBlock HPOS="477.0"
                   VPOS="642.0"
                   WIDTH="84.0"
                   HEIGHT="34.0"
                   ID="region_1719337508815_1119"
                   TAGREFS="BT4244">
          <Shape><Polygon POINTS="477 671 478 642 561 645 558 676"/></Shape>
        </TextBlock>
        <TextBlock HPOS="96.0"
                   VPOS="712.0"
                   WIDTH="460.0"
                   HEIGHT="114.0"
                   ID="region_1719337554058_1128"
                   TAGREFS="BT4245">
          <Shape><Polygon POINTS="553 818 556 715 467 712 96 719 102 826"/></Shape>
        </TextBlock>
        <TextBlock HPOS="105.0"
                   VPOS="836.0"
                   WIDTH="462.0"
                   HEIGHT="137.0"
                   ID="region_1719337530539_1125"
                   TAGREFS="BT4245">
          <Shape><Polygon POINTS="105 972 108 836 562 838 567 973"/></Shape>
        </TextBlock>
      </PrintSpace>
    </Page>
  </Layout>
</alto>
