<?xml version="1.0" encoding="UTF-8"?>
<alto xmlns:xsi="http://www.w3.org/2001/XMLSchema-instance"
      xmlns="http://www.loc.gov/standards/alto/ns-v4#"
      xsi:schemaLocation="http://www.loc.gov/standards/alto/ns-v4# http://www.loc.gov/standards/alto/v4/alto-4-2.xsd">
  <Description>
    <MeasurementUnit>pixel</MeasurementUnit>
    <sourceImageInformation>
      <fileName>1775-Saemmtliche_Poetische_Werke_Schmieder_Bd_3_VD18_90914295_NEU-004.png</fileName>
      <fileIdentifier>mets//export_doc3108_lena_alto_202503291248.zip/1775-Saemmtliche_Poetische_Werke_Schmieder_Bd_3_VD18_90914295_NEU-004.png</fileIdentifier>
    </sourceImageInformation>
  </Description>
  <Tags>
    <OtherTag ID="BT1" LABEL="Title" DESCRIPTION="block type Title"/><OtherTag ID="BT2" LABEL="Main" DESCRIPTION="block type Main"/><OtherTag ID="BT3" LABEL="Commentary" DESCRIPTION="block type Commentary"/><OtherTag ID="BT4" LABEL="Illustration" DESCRIPTION="block type Illustration"/><OtherTag ID="BT4244" LABEL="paragraph" DESCRIPTION="block type paragraph"/><OtherTag ID="BT4245" LABEL="footnote" DESCRIPTION="block type footnote"/><OtherTag ID="BT4246" LABEL="heading" DESCRIPTION="block type heading"/><OtherTag ID="BT4247" LABEL="l-column" DESCRIPTION="block type l-column"/><OtherTag ID="BT4248" LABEL="r-column" DESCRIPTION="block type r-column"/><OtherTag ID="BT4249" LABEL="marginalia" DESCRIPTION="block type marginalia"/><OtherTag ID="BT4250" LABEL="signature-mark" DESCRIPTION="block type signature-mark"/><OtherTag ID="BT4251" LABEL="catch-word" DESCRIPTION="block type catch-word"/><OtherTag ID="BT4252" LABEL="endnote" DESCRIPTION="block type endnote"/>
  </Tags>
  <Layout>
    <Page WIDTH="649"
          HEIGHT="1102"
          PHYSICAL_IMG_NR="94"
          ID="eSc_dummypage_">
      <PrintSpace HPOS="0"
                  VPOS="0"
                  WIDTH="649"
                  HEIGHT="1102">
        <TextBlock HPOS="193.0"
                   VPOS="241.0"
                   WIDTH="205.0"
                   HEIGHT="55.0"
                   ID="region_1719906681932_8"
                   TAGREFS="BT4246">
          <Shape><Polygon POINTS="198 296 193 252 395 241 398 286"/></Shape>
        </TextBlock>
        <TextBlock HPOS="81.0"
                   VPOS="310.0"
                   WIDTH="72.0"
                   HEIGHT="91.0"
                   ID="region_1719906718847_11"
                   TAGREFS="BT4244">
          <Shape><Polygon POINTS="81 315 84 393 125 401 152 387 153 356 140 343 148 319 133 310"/></Shape>
        </TextBlock>
        <TextBlock HPOS="77.0"
                   VPOS="306.0"
                   WIDTH="461.0"
                   HEIGHT="502.0"
                   ID="region_1719906753945_14"
                   TAGREFS="BT4244">
          <Shape><Polygon POINTS="151 322 143 339 159 363 158 390 125 405 78 399 77 808 538 785 525 306 272 317"/></Shape>
        </TextBlock>
        <TextBlock HPOS="289.0"
                   VPOS="801.0"
                   WIDTH="54.0"
                   HEIGHT="19.0"
                   ID="region_1719906809492_24"
                   TAGREFS="BT4244">
          <Shape><Polygon POINTS="291 819 289 802 343 801 342 820"/></Shape>
        </TextBlock>
        <TextBlock HPOS="486.0"
                   VPOS="787.0"
                   WIDTH="46.0"
                   HEIGHT="23.0"
                   ID="region_1719906817944_27"
                   TAGREFS="BT4244">
          <Shape><Polygon POINTS="486 810 492 787 532 789 529 810"/></Shape>
        </TextBlock>
        <TextBlock HPOS="92.0"
                   VPOS="827.0"
                   WIDTH="454.0"
                   HEIGHT="119.0"
                   ID="region_1719906832446_30"
                   TAGREFS="BT4245">
          <Shape><Polygon POINTS="104 928 92 837 546 827 544 946 316 944 306 924"/></Shape>
        </TextBlock>
        <TextBlock HPOS="556.0"
                   VPOS="869.0"
                   WIDTH="22.0"
                   HEIGHT="1.0"
                   ID="eSc_textblock_17dde364"
                   >
          <Shape><Polygon POINTS="578 870 578 869 556 869 556 870"/></Shape>
        </TextBlock>
      </PrintSpace>
    </Page>
  </Layout>
</alto>
