<?xml version="1.0" encoding="UTF-8"?>
<alto xmlns:xsi="http://www.w3.org/2001/XMLSchema-instance"
      xmlns="http://www.loc.gov/standards/alto/ns-v4#"
      xsi:schemaLocation="http://www.loc.gov/standards/alto/ns-v4# http://www.loc.gov/standards/alto/v4/alto-4-2.xsd">
  <Description>
    <MeasurementUnit>pixel</MeasurementUnit>
    <sourceImageInformation>
      <fileName>1775-Saemmtliche_Poetische_Werke_Schmieder_Bd_1_VD18_90914260_NEU-089.png</fileName>
      <fileIdentifier>mets//export_doc3108_lena_alto_202503291248.zip/1775-Saemmtliche_Poetische_Werke_Schmieder_Bd_1_VD18_90914260_NEU-089.png</fileIdentifier>
    </sourceImageInformation>
  </Description>
  <Tags>
    <OtherTag ID="BT1" LABEL="Title" DESCRIPTION="block type Title"/><OtherTag ID="BT2" LABEL="Main" DESCRIPTION="block type Main"/><OtherTag ID="BT3" LABEL="Commentary" DESCRIPTION="block type Commentary"/><OtherTag ID="BT4" LABEL="Illustration" DESCRIPTION="block type Illustration"/><OtherTag ID="BT4244" LABEL="paragraph" DESCRIPTION="block type paragraph"/><OtherTag ID="BT4245" LABEL="footnote" DESCRIPTION="block type footnote"/><OtherTag ID="BT4246" LABEL="heading" DESCRIPTION="block type heading"/><OtherTag ID="BT4247" LABEL="l-column" DESCRIPTION="block type l-column"/><OtherTag ID="BT4248" LABEL="r-column" DESCRIPTION="block type r-column"/><OtherTag ID="BT4249" LABEL="marginalia" DESCRIPTION="block type marginalia"/><OtherTag ID="BT4250" LABEL="signature-mark" DESCRIPTION="block type signature-mark"/><OtherTag ID="BT4251" LABEL="catch-word" DESCRIPTION="block type catch-word"/><OtherTag ID="BT4252" LABEL="endnote" DESCRIPTION="block type endnote"/>
  </Tags>
  <Layout>
    <Page WIDTH="658"
          HEIGHT="1096"
          PHYSICAL_IMG_NR="79"
          ID="eSc_dummypage_">
      <PrintSpace HPOS="0"
                  VPOS="0"
                  WIDTH="658"
                  HEIGHT="1096">
        <TextBlock HPOS="174.0"
                   VPOS="79.0"
                   WIDTH="232.0"
                   HEIGHT="35.0"
                   ID="region_1718627434756_774"
                   TAGREFS="BT4244">
          <Shape><Polygon POINTS="406 114 174 114 174 79 406 79"/></Shape>
        </TextBlock>
        <TextBlock HPOS="486.0"
                   VPOS="84.0"
                   WIDTH="47.0"
                   HEIGHT="31.0"
                   ID="region_1718627437644_777"
                   TAGREFS="BT4244">
          <Shape><Polygon POINTS="533 115 486 115 486 84 533 84"/></Shape>
        </TextBlock>
        <TextBlock HPOS="71.0"
                   VPOS="122.0"
                   WIDTH="467.0"
                   HEIGHT="368.0"
                   ID="region_1718627445436_780"
                   TAGREFS="BT4244">
          <Shape><Polygon POINTS="71 122 535 122 538 484 71 490"/></Shape>
        </TextBlock>
        <TextBlock HPOS="486.0"
                   VPOS="491.0"
                   WIDTH="47.0"
                   HEIGHT="23.0"
                   ID="region_1718627462587_785"
                   TAGREFS="BT4244">
          <Shape><Polygon POINTS="486 514 533 514 533 491 486 491"/></Shape>
        </TextBlock>
        <TextBlock HPOS="106.0"
                   VPOS="532.0"
                   WIDTH="435.0"
                   HEIGHT="87.0"
                   ID="region_1718627492850_799"
                   TAGREFS="BT4245">
          <Shape><Polygon POINTS="106 613 541 619 538 532 106 532"/></Shape>
        </TextBlock>
        <TextBlock HPOS="86.0"
                   VPOS="626.0"
                   WIDTH="456.0"
                   HEIGHT="108.0"
                   ID="region_1718627497635_802"
                   TAGREFS="BT4245">
          <Shape><Polygon POINTS="86 734 541 728 542 626 92 626"/></Shape>
        </TextBlock>
        <TextBlock HPOS="105.0"
                   VPOS="741.0"
                   WIDTH="433.0"
                   HEIGHT="194.0"
                   ID="region_1718627512123_805"
                   TAGREFS="BT4245">
          <Shape><Polygon POINTS="105 925 168 930 180 935 193 931 191 929 249 930 260 934 271 934 279 930 492 929 517 925 538 741 113 741"/></Shape>
        </TextBlock>
        <TextBlock HPOS="90.0"
                   VPOS="933.0"
                   WIDTH="258.0"
                   HEIGHT="33.0"
                   ID="region_1718627487980_796"
                   TAGREFS="BT4244">
          <Shape><Polygon POINTS="348 966 90 961 96 935 103 933 116 936 160 936 188 939 192 937 224 938 252 947 292 948 323 934 341 935"/></Shape>
        </TextBlock>
        <TextBlock HPOS="492.0"
                   VPOS="934.0"
                   WIDTH="45.0"
                   HEIGHT="26.0"
                   ID="region_1718627485235_793"
                   TAGREFS="BT4244">
          <Shape><Polygon POINTS="492 960 537 960 530 938 503 934"/></Shape>
        </TextBlock>
      </PrintSpace>
    </Page>
  </Layout>
</alto>
