<?xml version="1.0" encoding="UTF-8"?>
<alto xmlns:xsi="http://www.w3.org/2001/XMLSchema-instance"
      xmlns="http://www.loc.gov/standards/alto/ns-v4#"
      xsi:schemaLocation="http://www.loc.gov/standards/alto/ns-v4# http://www.loc.gov/standards/alto/v4/alto-4-2.xsd">
  <Description>
    <MeasurementUnit>pixel</MeasurementUnit>
    <sourceImageInformation>
      <fileName>1775-Saemmtliche_Poetische_Werke_Schmieder_Bd_1_VD18_90914260_NEU-048.png</fileName>
      <fileIdentifier>mets//export_doc3108_lena_alto_202503291248.zip/1775-Saemmtliche_Poetische_Werke_Schmieder_Bd_1_VD18_90914260_NEU-048.png</fileIdentifier>
    </sourceImageInformation>
  </Description>
  <Tags>
    <OtherTag ID="BT1" LABEL="Title" DESCRIPTION="block type Title"/><OtherTag ID="BT2" LABEL="Main" DESCRIPTION="block type Main"/><OtherTag ID="BT3" LABEL="Commentary" DESCRIPTION="block type Commentary"/><OtherTag ID="BT4" LABEL="Illustration" DESCRIPTION="block type Illustration"/><OtherTag ID="BT4244" LABEL="paragraph" DESCRIPTION="block type paragraph"/><OtherTag ID="BT4245" LABEL="footnote" DESCRIPTION="block type footnote"/><OtherTag ID="BT4246" LABEL="heading" DESCRIPTION="block type heading"/><OtherTag ID="BT4247" LABEL="l-column" DESCRIPTION="block type l-column"/><OtherTag ID="BT4248" LABEL="r-column" DESCRIPTION="block type r-column"/><OtherTag ID="BT4249" LABEL="marginalia" DESCRIPTION="block type marginalia"/><OtherTag ID="BT4250" LABEL="signature-mark" DESCRIPTION="block type signature-mark"/><OtherTag ID="BT4251" LABEL="catch-word" DESCRIPTION="block type catch-word"/><OtherTag ID="BT4252" LABEL="endnote" DESCRIPTION="block type endnote"/>
  </Tags>
  <Layout>
    <Page WIDTH="658"
          HEIGHT="1096"
          PHYSICAL_IMG_NR="78"
          ID="eSc_dummypage_">
      <PrintSpace HPOS="0"
                  VPOS="0"
                  WIDTH="658"
                  HEIGHT="1096">
        <TextBlock HPOS="111.0"
                   VPOS="78.0"
                   WIDTH="29.0"
                   HEIGHT="36.0"
                   ID="region_1718647435017_144"
                   TAGREFS="BT4244">
          <Shape><Polygon POINTS="140 114 111 114 111 78 140 78"/></Shape>
        </TextBlock>
        <TextBlock HPOS="145.0"
                   VPOS="71.0"
                   WIDTH="413.0"
                   HEIGHT="50.0"
                   ID="TextRegion_1718647508709_168"
                   TAGREFS="BT4244">
          <Shape><Polygon POINTS="145 71 558 71 558 121 148 117"/></Shape>
        </TextBlock>
        <TextBlock HPOS="145.0"
                   VPOS="121.0"
                   WIDTH="417.0"
                   HEIGHT="161.0"
                   ID="TextRegion_1718647508707_167"
                   TAGREFS="BT4246">
          <Shape><Polygon POINTS="145 121 562 128 558 282 145 282"/></Shape>
        </TextBlock>
        <TextBlock HPOS="118.0"
                   VPOS="301.0"
                   WIDTH="35.0"
                   HEIGHT="59.0"
                   ID="TextRegion_1718647607907_183"
                   TAGREFS="BT4244">
          <Shape><Polygon POINTS="118 307 149 301 150 317 153 341 152 354 131 359 119 360 119 358"/></Shape>
        </TextBlock>
        <TextBlock HPOS="149.0"
                   VPOS="301.0"
                   WIDTH="381.0"
                   HEIGHT="177.0"
                   ID="TextRegion_1718647607907_182"
                   TAGREFS="BT4244">
          <Shape><Polygon POINTS="155 309 158 302 530 301 530 478 152 478 149 388 157 373 159 355 159 338 151 317"/></Shape>
        </TextBlock>
        <TextBlock HPOS="540.0"
                   VPOS="458.0"
                   WIDTH="43.0"
                   HEIGHT="41.0"
                   ID="region_1718647457466_156"
                   TAGREFS="BT4244">
          <Shape><Polygon POINTS="540 499 583 499 583 458 540 458"/></Shape>
        </TextBlock>
        <TextBlock HPOS="130.0"
                   VPOS="513.0"
                   WIDTH="467.0"
                   HEIGHT="454.0"
                   ID="region_1718647465690_159"
                   TAGREFS="BT4245">
          <Shape><Polygon POINTS="597 967 130 962 130 513 595 513"/></Shape>
        </TextBlock>
      </PrintSpace>
    </Page>
  </Layout>
</alto>
