<?xml version="1.0" encoding="UTF-8"?>
<alto xmlns:xsi="http://www.w3.org/2001/XMLSchema-instance"
      xmlns="http://www.loc.gov/standards/alto/ns-v4#"
      xsi:schemaLocation="http://www.loc.gov/standards/alto/ns-v4# http://www.loc.gov/standards/alto/v4/alto-4-2.xsd">
  <Description>
    <MeasurementUnit>pixel</MeasurementUnit>
    <sourceImageInformation>
      <fileName>1775-Saemmtliche_Poetische_Werke_Schmieder_Bd_1_VD18_90914260_NEU-196.png</fileName>
      <fileIdentifier>mets//export_doc3108_lena_alto_202503291248.zip/1775-Saemmtliche_Poetische_Werke_Schmieder_Bd_1_VD18_90914260_NEU-196.png</fileIdentifier>
    </sourceImageInformation>
  </Description>
  <Tags>
    <OtherTag ID="BT1" LABEL="Title" DESCRIPTION="block type Title"/><OtherTag ID="BT2" LABEL="Main" DESCRIPTION="block type Main"/><OtherTag ID="BT3" LABEL="Commentary" DESCRIPTION="block type Commentary"/><OtherTag ID="BT4" LABEL="Illustration" DESCRIPTION="block type Illustration"/><OtherTag ID="BT4244" LABEL="paragraph" DESCRIPTION="block type paragraph"/><OtherTag ID="BT4245" LABEL="footnote" DESCRIPTION="block type footnote"/><OtherTag ID="BT4246" LABEL="heading" DESCRIPTION="block type heading"/><OtherTag ID="BT4247" LABEL="l-column" DESCRIPTION="block type l-column"/><OtherTag ID="BT4248" LABEL="r-column" DESCRIPTION="block type r-column"/><OtherTag ID="BT4249" LABEL="marginalia" DESCRIPTION="block type marginalia"/><OtherTag ID="BT4250" LABEL="signature-mark" DESCRIPTION="block type signature-mark"/><OtherTag ID="BT4251" LABEL="catch-word" DESCRIPTION="block type catch-word"/><OtherTag ID="BT4252" LABEL="endnote" DESCRIPTION="block type endnote"/>
  </Tags>
  <Layout>
    <Page WIDTH="658"
          HEIGHT="1096"
          PHYSICAL_IMG_NR="87"
          ID="eSc_dummypage_">
      <PrintSpace HPOS="0"
                  VPOS="0"
                  WIDTH="658"
                  HEIGHT="1096">
        <TextBlock HPOS="141.0"
                   VPOS="91.0"
                   WIDTH="50.0"
                   HEIGHT="38.0"
                   ID="region_1718624170844_500"
                   TAGREFS="BT4244">
          <Shape><Polygon POINTS="141 129 191 129 191 91 141 91"/></Shape>
        </TextBlock>
        <TextBlock HPOS="241.0"
                   VPOS="93.0"
                   WIDTH="288.0"
                   HEIGHT="30.0"
                   ID="region_1718624176244_503"
                   TAGREFS="BT4244">
          <Shape><Polygon POINTS="241 123 529 123 529 93 241 93"/></Shape>
        </TextBlock>
        <TextBlock HPOS="183.0"
                   VPOS="134.0"
                   WIDTH="378.0"
                   HEIGHT="51.0"
                   ID="region_1718624179900_506"
                   TAGREFS="BT4246">
          <Shape><Polygon POINTS="183 185 561 185 561 134 183 134"/></Shape>
        </TextBlock>
        <TextBlock HPOS="141.0"
                   VPOS="197.0"
                   WIDTH="45.0"
                   HEIGHT="46.0"
                   ID="region_1718624188892_512"
                   TAGREFS="BT4244">
          <Shape><Polygon POINTS="186 223 181 243 144 243 141 197 180 199"/></Shape>
        </TextBlock>
        <TextBlock HPOS="124.0"
                   VPOS="186.0"
                   WIDTH="487.0"
                   HEIGHT="161.0"
                   ID="region_1718624185044_509"
                   TAGREFS="BT4244">
          <Shape><Polygon POINTS="185 211 192 229 187 247 137 252 124 347 611 347 611 186 186 201"/></Shape>
        </TextBlock>
        <TextBlock HPOS="557.0"
                   VPOS="351.0"
                   WIDTH="42.0"
                   HEIGHT="26.0"
                   ID="region_1718624191268_515"
                   TAGREFS="BT4244">
          <Shape><Polygon POINTS="557 377 599 377 599 351 557 351"/></Shape>
        </TextBlock>
        <TextBlock HPOS="151.0"
                   VPOS="414.0"
                   WIDTH="450.0"
                   HEIGHT="253.0"
                   ID="region_1718624196948_518"
                   TAGREFS="BT4245">
          <Shape><Polygon POINTS="151 667 601 667 601 414 151 414"/></Shape>
        </TextBlock>
        <TextBlock HPOS="150.0"
                   VPOS="692.0"
                   WIDTH="448.0"
                   HEIGHT="110.0"
                   ID="region_1718624202596_521"
                   TAGREFS="BT4245">
          <Shape><Polygon POINTS="150 802 598 802 598 692 150 692"/></Shape>
        </TextBlock>
        <TextBlock HPOS="158.0"
                   VPOS="821.0"
                   WIDTH="441.0"
                   HEIGHT="150.0"
                   ID="region_1718624207292_524"
                   TAGREFS="BT4245">
          <Shape><Polygon POINTS="158 971 599 971 599 821 166 825"/></Shape>
        </TextBlock>
      </PrintSpace>
    </Page>
  </Layout>
</alto>
