<?xml version="1.0" encoding="UTF-8"?>
<alto xmlns:xsi="http://www.w3.org/2001/XMLSchema-instance"
      xmlns="http://www.loc.gov/standards/alto/ns-v4#"
      xsi:schemaLocation="http://www.loc.gov/standards/alto/ns-v4# http://www.loc.gov/standards/alto/v4/alto-4-2.xsd">
  <Description>
    <MeasurementUnit>pixel</MeasurementUnit>
    <sourceImageInformation>
      <fileName>1782,_Poetische_Werke,_Fleischhauer,_Bd._2,_VD18_89276873-001_Seite_214_Bild_0001.jpg</fileName>
      <fileIdentifier>mets//export_doc3108_lena_alto_202503291248.zip/1782,_Poetische_Werke,_Fleischhauer,_Bd._2,_VD18_89276873-001_Seite_214_Bild_0001.jpg</fileIdentifier>
    </sourceImageInformation>
  </Description>
  <Tags>
    <OtherTag ID="BT1" LABEL="Title" DESCRIPTION="block type Title"/><OtherTag ID="BT2" LABEL="Main" DESCRIPTION="block type Main"/><OtherTag ID="BT3" LABEL="Commentary" DESCRIPTION="block type Commentary"/><OtherTag ID="BT4" LABEL="Illustration" DESCRIPTION="block type Illustration"/><OtherTag ID="BT4244" LABEL="paragraph" DESCRIPTION="block type paragraph"/><OtherTag ID="BT4245" LABEL="footnote" DESCRIPTION="block type footnote"/><OtherTag ID="BT4246" LABEL="heading" DESCRIPTION="block type heading"/><OtherTag ID="BT4247" LABEL="l-column" DESCRIPTION="block type l-column"/><OtherTag ID="BT4248" LABEL="r-column" DESCRIPTION="block type r-column"/><OtherTag ID="BT4249" LABEL="marginalia" DESCRIPTION="block type marginalia"/><OtherTag ID="BT4250" LABEL="signature-mark" DESCRIPTION="block type signature-mark"/><OtherTag ID="BT4251" LABEL="catch-word" DESCRIPTION="block type catch-word"/><OtherTag ID="BT4252" LABEL="endnote" DESCRIPTION="block type endnote"/>
  </Tags>
  <Layout>
    <Page WIDTH="1190"
          HEIGHT="2038"
          PHYSICAL_IMG_NR="141"
          ID="eSc_dummypage_">
      <PrintSpace HPOS="0"
                  VPOS="0"
                  WIDTH="1190"
                  HEIGHT="2038">
        <TextBlock HPOS="102.0"
                   VPOS="925.0"
                   WIDTH="155.0"
                   HEIGHT="105.0"
                   ID="TextRegion_1719326177247_697"
                   TAGREFS="BT4244">
          <Shape><Polygon POINTS="102 928 245 925 257 957 240 964 225 999 234 1019 233 1030 175 1025 105 1028"/></Shape>
        </TextBlock>
        <TextBlock HPOS="105.0"
                   VPOS="951.0"
                   WIDTH="918.0"
                   HEIGHT="450.0"
                   ID="TextRegion_1719326177247_696"
                   TAGREFS="BT4244">
          <Shape><Polygon POINTS="257 957 263 971 349 966 379 951 1020 951 1023 1399 120 1401 105 1028 175 1025 233 1030 234 1019 225 999 240 964"/></Shape>
        </TextBlock>
        <TextBlock HPOS="121.0"
                   VPOS="1453.0"
                   WIDTH="894.0"
                   HEIGHT="342.0"
                   ID="region_1719326125082_689"
                   TAGREFS="BT4244">
          <Shape><Polygon POINTS="129 1795 121 1489 194 1458 611 1453 1015 1469 967 1792 648 1792 423 1791 349 1787 269 1787 241 1793"/></Shape>
        </TextBlock>
        <TextBlock HPOS="172.0"
                   VPOS="1793.0"
                   WIDTH="568.0"
                   HEIGHT="64.0"
                   ID="region_1719326080176_683"
                   TAGREFS="BT4244">
          <Shape><Polygon POINTS="172 1857 177 1801 213 1797 565 1793 605 1816 664 1804 720 1796 740 1848"/></Shape>
        </TextBlock>
        <TextBlock HPOS="906.0"
                   VPOS="1796.0"
                   WIDTH="123.0"
                   HEIGHT="66.0"
                   ID="region_1719326087667_686"
                   TAGREFS="BT4244">
          <Shape><Polygon POINTS="907 1856 906 1796 1025 1796 1029 1862"/></Shape>
        </TextBlock>
        <TextBlock HPOS="413.0"
                   VPOS="120.0"
                   WIDTH="308.0"
                   HEIGHT="83.0"
                   ID="region_1719326005893_668"
                   TAGREFS="BT4244">
          <Shape><Polygon POINTS="413 203 414 121 721 120 717 203"/></Shape>
        </TextBlock>
        <TextBlock HPOS="909.0"
                   VPOS="129.0"
                   WIDTH="129.0"
                   HEIGHT="73.0"
                   ID="region_1719326011991_671"
                   TAGREFS="BT4244">
          <Shape><Polygon POINTS="909 196 909 140 1038 129 1019 202"/></Shape>
        </TextBlock>
        <TextBlock HPOS="121.0"
                   VPOS="249.0"
                   WIDTH="916.0"
                   HEIGHT="203.0"
                   ID="region_1719326022883_674"
                   TAGREFS="BT4246">
          <Shape><Polygon POINTS="121 452 130 257 1037 249 1030 444"/></Shape>
        </TextBlock>
        <TextBlock HPOS="140.0"
                   VPOS="481.0"
                   WIDTH="887.0"
                   HEIGHT="308.0"
                   ID="region_1719326034938_677"
                   TAGREFS="BT4244">
          <Shape><Polygon POINTS="145 789 140 490 1027 481 1019 751"/></Shape>
        </TextBlock>
      </PrintSpace>
    </Page>
  </Layout>
</alto>
