<?xml version="1.0" encoding="UTF-8"?>
<alto xmlns:xsi="http://www.w3.org/2001/XMLSchema-instance"
      xmlns="http://www.loc.gov/standards/alto/ns-v4#"
      xsi:schemaLocation="http://www.loc.gov/standards/alto/ns-v4# http://www.loc.gov/standards/alto/v4/alto-4-2.xsd">
  <Description>
    <MeasurementUnit>pixel</MeasurementUnit>
    <sourceImageInformation>
      <fileName>1782,_Poetische_Werke,_Fleischhauer,_Bd._1,_VD18_89276865-001_Seite_161_Bild_0001.jpg</fileName>
      <fileIdentifier>mets//export_doc3108_lena_alto_202503291248.zip/1782,_Poetische_Werke,_Fleischhauer,_Bd._1,_VD18_89276865-001_Seite_161_Bild_0001.jpg</fileIdentifier>
    </sourceImageInformation>
  </Description>
  <Tags>
    <OtherTag ID="BT1" LABEL="Title" DESCRIPTION="block type Title"/><OtherTag ID="BT2" LABEL="Main" DESCRIPTION="block type Main"/><OtherTag ID="BT3" LABEL="Commentary" DESCRIPTION="block type Commentary"/><OtherTag ID="BT4" LABEL="Illustration" DESCRIPTION="block type Illustration"/><OtherTag ID="BT4244" LABEL="paragraph" DESCRIPTION="block type paragraph"/><OtherTag ID="BT4245" LABEL="footnote" DESCRIPTION="block type footnote"/><OtherTag ID="BT4246" LABEL="heading" DESCRIPTION="block type heading"/><OtherTag ID="BT4247" LABEL="l-column" DESCRIPTION="block type l-column"/><OtherTag ID="BT4248" LABEL="r-column" DESCRIPTION="block type r-column"/><OtherTag ID="BT4249" LABEL="marginalia" DESCRIPTION="block type marginalia"/><OtherTag ID="BT4250" LABEL="signature-mark" DESCRIPTION="block type signature-mark"/><OtherTag ID="BT4251" LABEL="catch-word" DESCRIPTION="block type catch-word"/><OtherTag ID="BT4252" LABEL="endnote" DESCRIPTION="block type endnote"/>
  </Tags>
  <Layout>
    <Page WIDTH="1189"
          HEIGHT="2037"
          PHYSICAL_IMG_NR="131"
          ID="eSc_dummypage_">
      <PrintSpace HPOS="0"
                  VPOS="0"
                  WIDTH="1189"
                  HEIGHT="2037">
        <TextBlock HPOS="198.0"
                   VPOS="112.0"
                   WIDTH="136.0"
                   HEIGHT="78.0"
                   ID="region_1721149577159_287"
                   TAGREFS="BT4244">
          <Shape><Polygon POINTS="198 122 201 190 334 174 309 112"/></Shape>
        </TextBlock>
        <TextBlock HPOS="421.0"
                   VPOS="93.0"
                   WIDTH="460.0"
                   HEIGHT="85.0"
                   ID="region_1721149582601_290"
                   TAGREFS="BT4244">
          <Shape><Polygon POINTS="421 93 421 175 881 178 860 93"/></Shape>
        </TextBlock>
        <TextBlock HPOS="162.0"
                   VPOS="199.0"
                   WIDTH="967.0"
                   HEIGHT="1144.0"
                   ID="region_1721149609490_293"
                   TAGREFS="BT4245">
          <Shape><Polygon POINTS="200 209 162 1342 1129 1343 1093 199"/></Shape>
        </TextBlock>
        <TextBlock HPOS="243.0"
                   VPOS="1402.0"
                   WIDTH="879.0"
                   HEIGHT="203.0"
                   ID="region_1721149619387_296"
                   TAGREFS="BT4245">
          <Shape><Polygon POINTS="243 1419 244 1605 1122 1561 1098 1402"/></Shape>
        </TextBlock>
        <TextBlock HPOS="246.0"
                   VPOS="1611.0"
                   WIDTH="854.0"
                   HEIGHT="183.0"
                   ID="region_1721149626246_299"
                   TAGREFS="BT4245">
          <Shape><Polygon POINTS="246 1636 269 1794 1100 1775 1081 1611"/></Shape>
        </TextBlock>
        <TextBlock HPOS="985.0"
                   VPOS="1782.0"
                   WIDTH="99.0"
                   HEIGHT="47.0"
                   ID="region_1721149634143_302"
                   TAGREFS="BT4244">
          <Shape><Polygon POINTS="988 1782 985 1829 1084 1828 1080 1786"/></Shape>
        </TextBlock>
      </PrintSpace>
    </Page>
  </Layout>
</alto>
