<?xml version="1.0" encoding="UTF-8"?>
<alto xmlns:xsi="http://www.w3.org/2001/XMLSchema-instance"
      xmlns="http://www.loc.gov/standards/alto/ns-v4#"
      xsi:schemaLocation="http://www.loc.gov/standards/alto/ns-v4# http://www.loc.gov/standards/alto/v4/alto-4-2.xsd">
  <Description>
    <MeasurementUnit>pixel</MeasurementUnit>
    <sourceImageInformation>
      <fileName>1782,_Poetische_Werke,_Fleischhauer,_Bd._2,_VD18_89276873-001_Seite_047_Bild_0001.jpg</fileName>
      <fileIdentifier>mets//export_doc3108_lena_alto_202503291248.zip/1782,_Poetische_Werke,_Fleischhauer,_Bd._2,_VD18_89276873-001_Seite_047_Bild_0001.jpg</fileIdentifier>
    </sourceImageInformation>
  </Description>
  <Tags>
    <OtherTag ID="BT1" LABEL="Title" DESCRIPTION="block type Title"/><OtherTag ID="BT2" LABEL="Main" DESCRIPTION="block type Main"/><OtherTag ID="BT3" LABEL="Commentary" DESCRIPTION="block type Commentary"/><OtherTag ID="BT4" LABEL="Illustration" DESCRIPTION="block type Illustration"/><OtherTag ID="BT4244" LABEL="paragraph" DESCRIPTION="block type paragraph"/><OtherTag ID="BT4245" LABEL="footnote" DESCRIPTION="block type footnote"/><OtherTag ID="BT4246" LABEL="heading" DESCRIPTION="block type heading"/><OtherTag ID="BT4247" LABEL="l-column" DESCRIPTION="block type l-column"/><OtherTag ID="BT4248" LABEL="r-column" DESCRIPTION="block type r-column"/><OtherTag ID="BT4249" LABEL="marginalia" DESCRIPTION="block type marginalia"/><OtherTag ID="BT4250" LABEL="signature-mark" DESCRIPTION="block type signature-mark"/><OtherTag ID="BT4251" LABEL="catch-word" DESCRIPTION="block type catch-word"/><OtherTag ID="BT4252" LABEL="endnote" DESCRIPTION="block type endnote"/>
  </Tags>
  <Layout>
    <Page WIDTH="1204"
          HEIGHT="2035"
          PHYSICAL_IMG_NR="136"
          ID="eSc_dummypage_">
      <PrintSpace HPOS="0"
                  VPOS="0"
                  WIDTH="1204"
                  HEIGHT="2035">
        <TextBlock HPOS="199.0"
                   VPOS="134.0"
                   WIDTH="97.0"
                   HEIGHT="60.0"
                   ID="region_1719324270185_385"
                   TAGREFS="BT4244">
          <Shape><Polygon POINTS="199 190 206 136 296 134 291 194"/></Shape>
        </TextBlock>
        <TextBlock HPOS="377.0"
                   VPOS="114.0"
                   WIDTH="544.0"
                   HEIGHT="79.0"
                   ID="region_1719324280137_388"
                   TAGREFS="BT4244">
          <Shape><Polygon POINTS="377 193 379 114 914 114 921 185"/></Shape>
        </TextBlock>
        <TextBlock HPOS="198.0"
                   VPOS="218.0"
                   WIDTH="798.0"
                   HEIGHT="340.0"
                   ID="region_1719324297406_391"
                   TAGREFS="BT4244">
          <Shape><Polygon POINTS="201 558 198 263 276 218 889 218 925 367 994 389 996 446 967 537"/></Shape>
        </TextBlock>
        <TextBlock HPOS="202.0"
                   VPOS="608.0"
                   WIDTH="841.0"
                   HEIGHT="339.0"
                   ID="region_1719324308448_394"
                   TAGREFS="BT4244">
          <Shape><Polygon POINTS="202 947 204 679 282 614 1041 608 1043 936"/></Shape>
        </TextBlock>
        <TextBlock HPOS="999.0"
                   VPOS="1750.0"
                   WIDTH="119.0"
                   HEIGHT="79.0"
                   ID="region_1719324346208_403"
                   TAGREFS="BT4244">
          <Shape><Polygon POINTS="1002 1829 999 1765 1113 1750 1118 1822"/></Shape>
        </TextBlock>
        <TextBlock HPOS="202.0"
                   VPOS="989.0"
                   WIDTH="916.0"
                   HEIGHT="242.0"
                   ID="eSc_textblock_ce98e563"
                   TAGREFS="BT4245">
          <Shape><Polygon POINTS="202 989 202 1231 1118 1231 1118 989"/></Shape>
        </TextBlock>
        <TextBlock HPOS="284.0"
                   VPOS="1262.0"
                   WIDTH="830.0"
                   HEIGHT="283.0"
                   ID="eSc_textblock_76457715"
                   TAGREFS="BT4245">
          <Shape><Polygon POINTS="284 1262 284 1545 1114 1545 1114 1262"/></Shape>
        </TextBlock>
        <TextBlock HPOS="244.0"
                   VPOS="1573.0"
                   WIDTH="827.0"
                   HEIGHT="56.0"
                   ID="eSc_textblock_c8d5a98a"
                   TAGREFS="BT4245">
          <Shape><Polygon POINTS="244 1575 244 1629 1071 1629 1071 1573"/></Shape>
        </TextBlock>
      </PrintSpace>
    </Page>
  </Layout>
</alto>
