<?xml version="1.0" encoding="UTF-8"?>
<alto xmlns:xsi="http://www.w3.org/2001/XMLSchema-instance"
      xmlns="http://www.loc.gov/standards/alto/ns-v4#"
      xsi:schemaLocation="http://www.loc.gov/standards/alto/ns-v4# http://www.loc.gov/standards/alto/v4/alto-4-2.xsd">
  <Description>
    <MeasurementUnit>pixel</MeasurementUnit>
    <sourceImageInformation>
      <fileName>1782,_Poetische_Werke,_Fleischhauer,_Bd._1,_VD18_89276865-001_Seite_025_Bild_0001.jpg</fileName>
      <fileIdentifier>mets//export_doc3108_lena_alto_202503291248.zip/1782,_Poetische_Werke,_Fleischhauer,_Bd._1,_VD18_89276865-001_Seite_025_Bild_0001.jpg</fileIdentifier>
    </sourceImageInformation>
  </Description>
  <Tags>
    <OtherTag ID="BT1" LABEL="Title" DESCRIPTION="block type Title"/><OtherTag ID="BT2" LABEL="Main" DESCRIPTION="block type Main"/><OtherTag ID="BT3" LABEL="Commentary" DESCRIPTION="block type Commentary"/><OtherTag ID="BT4" LABEL="Illustration" DESCRIPTION="block type Illustration"/><OtherTag ID="BT4244" LABEL="paragraph" DESCRIPTION="block type paragraph"/><OtherTag ID="BT4245" LABEL="footnote" DESCRIPTION="block type footnote"/><OtherTag ID="BT4246" LABEL="heading" DESCRIPTION="block type heading"/><OtherTag ID="BT4247" LABEL="l-column" DESCRIPTION="block type l-column"/><OtherTag ID="BT4248" LABEL="r-column" DESCRIPTION="block type r-column"/><OtherTag ID="BT4249" LABEL="marginalia" DESCRIPTION="block type marginalia"/><OtherTag ID="BT4250" LABEL="signature-mark" DESCRIPTION="block type signature-mark"/><OtherTag ID="BT4251" LABEL="catch-word" DESCRIPTION="block type catch-word"/><OtherTag ID="BT4252" LABEL="endnote" DESCRIPTION="block type endnote"/>
  </Tags>
  <Layout>
    <Page WIDTH="1176"
          HEIGHT="2039"
          PHYSICAL_IMG_NR="129"
          ID="eSc_dummypage_">
      <PrintSpace HPOS="0"
                  VPOS="0"
                  WIDTH="1176"
                  HEIGHT="2039">
        <TextBlock HPOS="183.0"
                   VPOS="138.0"
                   WIDTH="103.0"
                   HEIGHT="53.0"
                   ID="region_1721149105960_209"
                   TAGREFS="BT4244">
          <Shape><Polygon POINTS="187 140 183 191 286 191 278 138"/></Shape>
        </TextBlock>
        <TextBlock HPOS="491.0"
                   VPOS="121.0"
                   WIDTH="286.0"
                   HEIGHT="71.0"
                   ID="region_1721149113833_212"
                   TAGREFS="BT4244">
          <Shape><Polygon POINTS="496 123 491 192 777 188 773 121"/></Shape>
        </TextBlock>
        <TextBlock HPOS="189.0"
                   VPOS="221.0"
                   WIDTH="916.0"
                   HEIGHT="111.0"
                   ID="region_1721149125914_215"
                   TAGREFS="BT4244">
          <Shape><Polygon POINTS="189 230 195 332 963 326 1105 257 1074 221 256 226"/></Shape>
        </TextBlock>
        <TextBlock HPOS="208.0"
                   VPOS="367.0"
                   WIDTH="845.0"
                   HEIGHT="460.0"
                   ID="region_1721149140524_218"
                   TAGREFS="BT4244">
          <Shape><Polygon POINTS="216 385 208 820 1053 827 1034 367"/></Shape>
        </TextBlock>
        <TextBlock HPOS="168.0"
                   VPOS="868.0"
                   WIDTH="932.0"
                   HEIGHT="395.0"
                   ID="region_1721149270795_221"
                   TAGREFS="BT4244">
          <Shape><Polygon POINTS="170 868 168 1256 1086 1263 1100 868"/></Shape>
        </TextBlock>
        <TextBlock HPOS="207.0"
                   VPOS="1291.0"
                   WIDTH="901.0"
                   HEIGHT="197.0"
                   ID="region_1721149293116_224"
                   TAGREFS="BT4244">
          <Shape><Polygon POINTS="230 1291 207 1461 600 1459 627 1486 958 1488 1108 1400 1062 1291"/></Shape>
        </TextBlock>
        <TextBlock HPOS="991.0"
                   VPOS="1493.0"
                   WIDTH="89.0"
                   HEIGHT="64.0"
                   ID="region_1721149301403_227"
                   TAGREFS="BT4244">
          <Shape><Polygon POINTS="995 1496 991 1557 1080 1550 1074 1493"/></Shape>
        </TextBlock>
        <TextBlock HPOS="198.0"
                   VPOS="1612.0"
                   WIDTH="932.0"
                   HEIGHT="190.0"
                   ID="region_1721149315675_230"
                   TAGREFS="BT4245">
          <Shape><Polygon POINTS="199 1612 198 1783 737 1802 899 1755 1130 1752 1087 1615"/></Shape>
        </TextBlock>
        <TextBlock HPOS="971.0"
                   VPOS="1766.0"
                   WIDTH="122.0"
                   HEIGHT="49.0"
                   ID="region_1721149345289_234"
                   TAGREFS="BT4244">
          <Shape><Polygon POINTS="971 1767 973 1809 1093 1815 1078 1766"/></Shape>
        </TextBlock>
      </PrintSpace>
    </Page>
  </Layout>
</alto>
