<?xml version="1.0" encoding="UTF-8"?>
<alto xmlns:xsi="http://www.w3.org/2001/XMLSchema-instance"
      xmlns="http://www.loc.gov/standards/alto/ns-v4#"
      xsi:schemaLocation="http://www.loc.gov/standards/alto/ns-v4# http://www.loc.gov/standards/alto/v4/alto-4-2.xsd">
  <Description>
    <MeasurementUnit>pixel</MeasurementUnit>
    <sourceImageInformation>
      <fileName>1789,_Saemmtliche_Poetische_Werke,_Baumeister,_Bd._1,_VD18_80391559-001_Seite_098_Bild_0001.jpg</fileName>
      <fileIdentifier>mets//export_doc3109_melissa_alto_202503291248.zip/1789,_Saemmtliche_Poetische_Werke,_Baumeister,_Bd._1,_VD18_80391559-001_Seite_098_Bild_0001.jpg</fileIdentifier>
    </sourceImageInformation>
  </Description>
  <Tags>
    <OtherTag ID="BT1" LABEL="Title" DESCRIPTION="block type Title"/><OtherTag ID="BT2" LABEL="Main" DESCRIPTION="block type Main"/><OtherTag ID="BT3" LABEL="Commentary" DESCRIPTION="block type Commentary"/><OtherTag ID="BT4" LABEL="Illustration" DESCRIPTION="block type Illustration"/><OtherTag ID="BT4244" LABEL="paragraph" DESCRIPTION="block type paragraph"/><OtherTag ID="BT4245" LABEL="footnote" DESCRIPTION="block type footnote"/><OtherTag ID="BT4246" LABEL="heading" DESCRIPTION="block type heading"/><OtherTag ID="BT4247" LABEL="l-column" DESCRIPTION="block type l-column"/><OtherTag ID="BT4248" LABEL="r-column" DESCRIPTION="block type r-column"/><OtherTag ID="BT4249" LABEL="marginalia" DESCRIPTION="block type marginalia"/><OtherTag ID="BT4250" LABEL="signature-mark" DESCRIPTION="block type signature-mark"/><OtherTag ID="BT4251" LABEL="catch-word" DESCRIPTION="block type catch-word"/><OtherTag ID="BT4252" LABEL="endnote" DESCRIPTION="block type endnote"/>
  </Tags>
  <Layout>
    <Page WIDTH="904"
          HEIGHT="1505"
          PHYSICAL_IMG_NR="194"
          ID="eSc_dummypage_">
      <PrintSpace HPOS="0"
                  VPOS="0"
                  WIDTH="904"
                  HEIGHT="1505">
        <TextBlock HPOS="688.0"
                   VPOS="99.0"
                   WIDTH="81.0"
                   HEIGHT="51.0"
                   ID="region_1737728422292_484"
                   TAGREFS="BT4244">
          <Shape><Polygon POINTS="692 99 688 150 769 138 760 101"/></Shape>
        </TextBlock>
        <TextBlock HPOS="136.0"
                   VPOS="204.0"
                   WIDTH="635.0"
                   HEIGHT="221.0"
                   ID="region_1737728439287_487"
                   TAGREFS="BT4246">
          <Shape><Polygon POINTS="157 209 727 204 722 259 500 310 765 364 771 391 759 403 136 425 153 354 369 317 146 269"/></Shape>
        </TextBlock>
        <TextBlock HPOS="132.0"
                   VPOS="593.0"
                   WIDTH="51.0"
                   HEIGHT="50.0"
                   ID="region_1737728463251_490"
                   TAGREFS="BT4244">
          <Shape><Polygon POINTS="136 642 183 643 178 634 177 603 183 600 182 594 132 593"/></Shape>
        </TextBlock>
        <TextBlock HPOS="124.0"
                   VPOS="605.0"
                   WIDTH="635.0"
                   HEIGHT="420.0"
                   ID="region_1737728485819_493"
                   TAGREFS="BT4244">
          <Shape><Polygon POINTS="186 644 180 631 183 615 254 607 679 605 751 676 759 1021 124 1025 131 650"/></Shape>
        </TextBlock>
        <TextBlock HPOS="108.0"
                   VPOS="1059.0"
                   WIDTH="659.0"
                   HEIGHT="268.0"
                   ID="region_1737728504096_496"
                   TAGREFS="BT4244">
          <Shape><Polygon POINTS="172 1059 767 1059 765 1098 640 1117 761 1135 751 1286 674 1310 108 1327 121 1138 490 1118 162 1101"/></Shape>
        </TextBlock>
      </PrintSpace>
    </Page>
  </Layout>
</alto>
