<?xml version="1.0" encoding="UTF-8"?>
<alto xmlns:xsi="http://www.w3.org/2001/XMLSchema-instance"
      xmlns="http://www.loc.gov/standards/alto/ns-v4#"
      xsi:schemaLocation="http://www.loc.gov/standards/alto/ns-v4# http://www.loc.gov/standards/alto/v4/alto-4-2.xsd">
  <Description>
    <MeasurementUnit>pixel</MeasurementUnit>
    <sourceImageInformation>
      <fileName>1789,_Saemmtliche_Poetische_Werke,_Baumeister,_Bd._2,_VD18_80391567-001_Seite_049_Bild_0001.jpg</fileName>
      <fileIdentifier>mets//export_doc3109_melissa_alto_202503291248.zip/1789,_Saemmtliche_Poetische_Werke,_Baumeister,_Bd._2,_VD18_80391567-001_Seite_049_Bild_0001.jpg</fileIdentifier>
    </sourceImageInformation>
  </Description>
  <Tags>
    <OtherTag ID="BT1" LABEL="Title" DESCRIPTION="block type Title"/><OtherTag ID="BT2" LABEL="Main" DESCRIPTION="block type Main"/><OtherTag ID="BT3" LABEL="Commentary" DESCRIPTION="block type Commentary"/><OtherTag ID="BT4" LABEL="Illustration" DESCRIPTION="block type Illustration"/><OtherTag ID="BT4244" LABEL="paragraph" DESCRIPTION="block type paragraph"/><OtherTag ID="BT4245" LABEL="footnote" DESCRIPTION="block type footnote"/><OtherTag ID="BT4246" LABEL="heading" DESCRIPTION="block type heading"/><OtherTag ID="BT4247" LABEL="l-column" DESCRIPTION="block type l-column"/><OtherTag ID="BT4248" LABEL="r-column" DESCRIPTION="block type r-column"/><OtherTag ID="BT4249" LABEL="marginalia" DESCRIPTION="block type marginalia"/><OtherTag ID="BT4250" LABEL="signature-mark" DESCRIPTION="block type signature-mark"/><OtherTag ID="BT4251" LABEL="catch-word" DESCRIPTION="block type catch-word"/><OtherTag ID="BT4252" LABEL="endnote" DESCRIPTION="block type endnote"/>
  </Tags>
  <Layout>
    <Page WIDTH="895"
          HEIGHT="1508"
          PHYSICAL_IMG_NR="200"
          ID="eSc_dummypage_">
      <PrintSpace HPOS="0"
                  VPOS="0"
                  WIDTH="895"
                  HEIGHT="1508">
        <TextBlock HPOS="139.0"
                   VPOS="106.0"
                   WIDTH="50.0"
                   HEIGHT="39.0"
                   ID="region_1719311332527_18"
                   TAGREFS="BT4244">
          <Shape><Polygon POINTS="140 106 189 106 189 144 139 145"/></Shape>
        </TextBlock>
        <TextBlock HPOS="129.0"
                   VPOS="151.0"
                   WIDTH="641.0"
                   HEIGHT="97.0"
                   ID="TextRegion_1721132769075_1262"
                   TAGREFS="BT4245">
          <Shape><Polygon POINTS="129 151 770 151 767 229 547 223 281 225 279 241 157 239 156 246 129 248"/></Shape>
        </TextBlock>
        <TextBlock HPOS="129.0"
                   VPOS="248.0"
                   WIDTH="641.0"
                   HEIGHT="169.0"
                   ID="TextRegion_1721132859590_1272"
                   TAGREFS="BT4245">
          <Shape><Polygon POINTS="129 281 131 282 188 283 188 252 188 248 770 248 770 414 131 417"/></Shape>
        </TextBlock>
        <TextBlock HPOS="283.0"
                   VPOS="437.0"
                   WIDTH="337.0"
                   HEIGHT="64.0"
                   ID="region_1719311343472_24"
                   TAGREFS="BT4246">
          <Shape><Polygon POINTS="283 437 619 437 620 501 283 497"/></Shape>
        </TextBlock>
        <TextBlock HPOS="225.0"
                   VPOS="549.0"
                   WIDTH="469.0"
                   HEIGHT="63.0"
                   ID="region_1719311347610_27"
                   TAGREFS="BT4246">
          <Shape><Polygon POINTS="225 549 688 549 694 612 225 609"/></Shape>
        </TextBlock>
        <TextBlock HPOS="143.0"
                   VPOS="632.0"
                   WIDTH="53.0"
                   HEIGHT="61.0"
                   ID="TextRegion_1721132634367_1229"
                   TAGREFS="BT4244">
          <Shape><Polygon POINTS="143 632 183 632 196 660 190 693 143 693"/></Shape>
        </TextBlock>
        <TextBlock HPOS="139.0"
                   VPOS="632.0"
                   WIDTH="635.0"
                   HEIGHT="323.0"
                   ID="TextRegion_1721132634367_1228"
                   TAGREFS="BT4244">
          <Shape><Polygon POINTS="195 635 774 632 774 950 139 955 144 698 192 697 199 657"/></Shape>
        </TextBlock>
        <TextBlock HPOS="140.0"
                   VPOS="983.0"
                   WIDTH="643.0"
                   HEIGHT="347.0"
                   ID="region_1719311376283_33"
                   TAGREFS="BT4244">
          <Shape><Polygon POINTS="140 983 783 984 769 1330 140 1330"/></Shape>
        </TextBlock>
      </PrintSpace>
    </Page>
  </Layout>
</alto>
