<?xml version="1.0" encoding="UTF-8"?>
<alto xmlns:xsi="http://www.w3.org/2001/XMLSchema-instance"
      xmlns="http://www.loc.gov/standards/alto/ns-v4#"
      xsi:schemaLocation="http://www.loc.gov/standards/alto/ns-v4# http://www.loc.gov/standards/alto/v4/alto-4-2.xsd">
  <Description>
    <MeasurementUnit>pixel</MeasurementUnit>
    <sourceImageInformation>
      <fileName>1789,_Saemmtliche_Poetische_Werke,_Baumeister,_Bd._1,_VD18_80391559-001_Seite_042_Bild_0001.jpg</fileName>
      <fileIdentifier>mets//export_doc3109_melissa_alto_202503291248.zip/1789,_Saemmtliche_Poetische_Werke,_Baumeister,_Bd._1,_VD18_80391559-001_Seite_042_Bild_0001.jpg</fileIdentifier>
    </sourceImageInformation>
  </Description>
  <Tags>
    <OtherTag ID="BT1" LABEL="Title" DESCRIPTION="block type Title"/><OtherTag ID="BT2" LABEL="Main" DESCRIPTION="block type Main"/><OtherTag ID="BT3" LABEL="Commentary" DESCRIPTION="block type Commentary"/><OtherTag ID="BT4" LABEL="Illustration" DESCRIPTION="block type Illustration"/><OtherTag ID="BT4244" LABEL="paragraph" DESCRIPTION="block type paragraph"/><OtherTag ID="BT4245" LABEL="footnote" DESCRIPTION="block type footnote"/><OtherTag ID="BT4246" LABEL="heading" DESCRIPTION="block type heading"/><OtherTag ID="BT4247" LABEL="l-column" DESCRIPTION="block type l-column"/><OtherTag ID="BT4248" LABEL="r-column" DESCRIPTION="block type r-column"/><OtherTag ID="BT4249" LABEL="marginalia" DESCRIPTION="block type marginalia"/><OtherTag ID="BT4250" LABEL="signature-mark" DESCRIPTION="block type signature-mark"/><OtherTag ID="BT4251" LABEL="catch-word" DESCRIPTION="block type catch-word"/><OtherTag ID="BT4252" LABEL="endnote" DESCRIPTION="block type endnote"/>
  </Tags>
  <Layout>
    <Page WIDTH="862"
          HEIGHT="1488"
          PHYSICAL_IMG_NR="190"
          ID="eSc_dummypage_">
      <PrintSpace HPOS="0"
                  VPOS="0"
                  WIDTH="862"
                  HEIGHT="1488">
        <TextBlock HPOS="176.0"
                   VPOS="262.0"
                   WIDTH="488.0"
                   HEIGHT="200.0"
                   ID="region_1737727703953_184"
                   TAGREFS="BT4246">
          <Shape><Polygon POINTS="282 263 296 329 350 336 351 379 176 405 182 462 664 448 626 397 498 380 491 342 542 308 540 262"/></Shape>
        </TextBlock>
        <TextBlock HPOS="98.0"
                   VPOS="510.0"
                   WIDTH="54.0"
                   HEIGHT="45.0"
                   ID="region_1737729112729_680"
                   TAGREFS="BT4244">
          <Shape><Polygon POINTS="108 511 152 510 148 529 141 555 98 555"/></Shape>
        </TextBlock>
        <TextBlock HPOS="76.0"
                   VPOS="510.0"
                   WIDTH="649.0"
                   HEIGHT="422.0"
                   ID="region_1737727718505_187"
                   TAGREFS="BT4244">
          <Shape><Polygon POINTS="101 574 144 556 151 525 721 510 725 883 258 883 254 925 76 932"/></Shape>
        </TextBlock>
        <TextBlock HPOS="69.0"
                   VPOS="982.0"
                   WIDTH="670.0"
                   HEIGHT="326.0"
                   ID="region_1737727876526_190"
                   TAGREFS="BT4244">
          <Shape><Polygon POINTS="130 1021 134 982 739 982 711 1303 69 1308 86 1034"/></Shape>
        </TextBlock>
        <TextBlock HPOS="348.0"
                   VPOS="1312.0"
                   WIDTH="102.0"
                   HEIGHT="48.0"
                   ID="region_1737727885189_193"
                   TAGREFS="BT4244">
          <Shape><Polygon POINTS="350 1312 450 1314 448 1360 348 1348"/></Shape>
        </TextBlock>
      </PrintSpace>
    </Page>
  </Layout>
</alto>
