<?xml version="1.0" encoding="UTF-8"?>
<alto xmlns:xsi="http://www.w3.org/2001/XMLSchema-instance"
      xmlns="http://www.loc.gov/standards/alto/ns-v4#"
      xsi:schemaLocation="http://www.loc.gov/standards/alto/ns-v4# http://www.loc.gov/standards/alto/v4/alto-4-2.xsd">
  <Description>
    <MeasurementUnit>pixel</MeasurementUnit>
    <sourceImageInformation>
      <fileName>1789,_Saemmtliche_Poetische_Werke,_Baumeister,_Bd._1,_VD18_80391559-001_Seite_402_Bild_0001.jpg</fileName>
      <fileIdentifier>mets//export_doc3109_melissa_alto_202503291248.zip/1789,_Saemmtliche_Poetische_Werke,_Baumeister,_Bd._1,_VD18_80391559-001_Seite_402_Bild_0001.jpg</fileIdentifier>
    </sourceImageInformation>
  </Description>
  <Tags>
    <OtherTag ID="BT1" LABEL="Title" DESCRIPTION="block type Title"/><OtherTag ID="BT2" LABEL="Main" DESCRIPTION="block type Main"/><OtherTag ID="BT3" LABEL="Commentary" DESCRIPTION="block type Commentary"/><OtherTag ID="BT4" LABEL="Illustration" DESCRIPTION="block type Illustration"/><OtherTag ID="BT4244" LABEL="paragraph" DESCRIPTION="block type paragraph"/><OtherTag ID="BT4245" LABEL="footnote" DESCRIPTION="block type footnote"/><OtherTag ID="BT4246" LABEL="heading" DESCRIPTION="block type heading"/><OtherTag ID="BT4247" LABEL="l-column" DESCRIPTION="block type l-column"/><OtherTag ID="BT4248" LABEL="r-column" DESCRIPTION="block type r-column"/><OtherTag ID="BT4249" LABEL="marginalia" DESCRIPTION="block type marginalia"/><OtherTag ID="BT4250" LABEL="signature-mark" DESCRIPTION="block type signature-mark"/><OtherTag ID="BT4251" LABEL="catch-word" DESCRIPTION="block type catch-word"/><OtherTag ID="BT4252" LABEL="endnote" DESCRIPTION="block type endnote"/>
  </Tags>
  <Layout>
    <Page WIDTH="1003"
          HEIGHT="1474"
          PHYSICAL_IMG_NR="199"
          ID="eSc_dummypage_">
      <PrintSpace HPOS="0"
                  VPOS="0"
                  WIDTH="1003"
                  HEIGHT="1474">
        <TextBlock HPOS="659.0"
                   VPOS="75.0"
                   WIDTH="80.0"
                   HEIGHT="44.0"
                   ID="region_1737728948669_619"
                   TAGREFS="BT4244">
          <Shape><Polygon POINTS="659 75 664 119 739 119 736 77"/></Shape>
        </TextBlock>
        <TextBlock HPOS="326.0"
                   VPOS="133.0"
                   WIDTH="208.0"
                   HEIGHT="51.0"
                   ID="region_1737728953866_622"
                   TAGREFS="BT4246">
          <Shape><Polygon POINTS="326 133 332 184 530 182 534 135"/></Shape>
        </TextBlock>
        <TextBlock HPOS="104.0"
                   VPOS="206.0"
                   WIDTH="71.0"
                   HEIGHT="51.0"
                   ID="region_1737728969179_625"
                   TAGREFS="BT4244">
          <Shape><Polygon POINTS="168 252 165 248 166 212 175 206 104 209 113 256 159 254 171 257"/></Shape>
        </TextBlock>
        <TextBlock HPOS="109.0"
                   VPOS="218.0"
                   WIDTH="647.0"
                   HEIGHT="721.0"
                   ID="region_1737728995263_628"
                   TAGREFS="BT4244">
          <Shape><Polygon POINTS="174 258 167 246 171 231 219 218 685 219 747 254 756 895 652 889 650 935 301 939 299 891 115 895 109 262"/></Shape>
        </TextBlock>
        <TextBlock HPOS="111.0"
                   VPOS="961.0"
                   WIDTH="638.0"
                   HEIGHT="349.0"
                   ID="region_1737729010094_631"
                   TAGREFS="BT4245">
          <Shape><Polygon POINTS="157 961 749 967 745 1304 405 1310 113 1310 111 1009 153 1009"/></Shape>
        </TextBlock>
      </PrintSpace>
    </Page>
  </Layout>
</alto>
