<?xml version="1.0" encoding="UTF-8"?>
<alto xmlns:xsi="http://www.w3.org/2001/XMLSchema-instance"
      xmlns="http://www.loc.gov/standards/alto/ns-v4#"
      xsi:schemaLocation="http://www.loc.gov/standards/alto/ns-v4# http://www.loc.gov/standards/alto/v4/alto-4-2.xsd">
  <Description>
    <MeasurementUnit>pixel</MeasurementUnit>
    <sourceImageInformation>
      <fileName>1793,_Saemmtliche_Poetische_Werke,_Schraembl,_Bd._1,_VD18_90245881_Seite_059_Bild_0001.jpg</fileName>
      <fileIdentifier>mets//export_doc3108_lena_alto_202503291248.zip/1793,_Saemmtliche_Poetische_Werke,_Schraembl,_Bd._1,_VD18_90245881_Seite_059_Bild_0001.jpg</fileIdentifier>
    </sourceImageInformation>
  </Description>
  <Tags>
    <OtherTag ID="BT1" LABEL="Title" DESCRIPTION="block type Title"/><OtherTag ID="BT2" LABEL="Main" DESCRIPTION="block type Main"/><OtherTag ID="BT3" LABEL="Commentary" DESCRIPTION="block type Commentary"/><OtherTag ID="BT4" LABEL="Illustration" DESCRIPTION="block type Illustration"/><OtherTag ID="BT4244" LABEL="paragraph" DESCRIPTION="block type paragraph"/><OtherTag ID="BT4245" LABEL="footnote" DESCRIPTION="block type footnote"/><OtherTag ID="BT4246" LABEL="heading" DESCRIPTION="block type heading"/><OtherTag ID="BT4247" LABEL="l-column" DESCRIPTION="block type l-column"/><OtherTag ID="BT4248" LABEL="r-column" DESCRIPTION="block type r-column"/><OtherTag ID="BT4249" LABEL="marginalia" DESCRIPTION="block type marginalia"/><OtherTag ID="BT4250" LABEL="signature-mark" DESCRIPTION="block type signature-mark"/><OtherTag ID="BT4251" LABEL="catch-word" DESCRIPTION="block type catch-word"/><OtherTag ID="BT4252" LABEL="endnote" DESCRIPTION="block type endnote"/>
  </Tags>
  <Layout>
    <Page WIDTH="1076"
          HEIGHT="1876"
          PHYSICAL_IMG_NR="100"
          ID="eSc_dummypage_">
      <PrintSpace HPOS="0"
                  VPOS="0"
                  WIDTH="1076"
                  HEIGHT="1876">
        <TextBlock HPOS="272.0"
                   VPOS="202.0"
                   WIDTH="110.0"
                   HEIGHT="38.0"
                   ID="region_1718552524354_30"
                   TAGREFS="BT4244">
          <Shape><Polygon POINTS="272 240 382 240 382 202 272 202"/></Shape>
        </TextBlock>
        <TextBlock HPOS="259.0"
                   VPOS="281.0"
                   WIDTH="728.0"
                   HEIGHT="578.0"
                   ID="region_1718552568082_36"
                   TAGREFS="BT4244">
          <Shape><Polygon POINTS="259 859 987 859 987 281 259 281"/></Shape>
        </TextBlock>
        <TextBlock HPOS="347.0"
                   VPOS="868.0"
                   WIDTH="556.0"
                   HEIGHT="174.0"
                   ID="region_1718552579387_39"
                   TAGREFS="BT4244">
          <Shape><Polygon POINTS="347 1042 903 1042 903 868 347 868"/></Shape>
        </TextBlock>
        <TextBlock HPOS="277.0"
                   VPOS="1059.0"
                   WIDTH="712.0"
                   HEIGHT="338.0"
                   ID="region_1718552583234_42"
                   TAGREFS="BT4244">
          <Shape><Polygon POINTS="277 1261 585 1268 589 1395 981 1397 989 1067 278 1059"/></Shape>
        </TextBlock>
        <TextBlock HPOS="268.0"
                   VPOS="1435.0"
                   WIDTH="724.0"
                   HEIGHT="115.0"
                   ID="region_1718552663530_47"
                   TAGREFS="BT4245">
          <Shape><Polygon POINTS="268 1550 992 1550 992 1435 268 1435"/></Shape>
        </TextBlock>
      </PrintSpace>
    </Page>
  </Layout>
</alto>
