<?xml version="1.0" encoding="UTF-8"?>
<alto xmlns:xsi="http://www.w3.org/2001/XMLSchema-instance"
      xmlns="http://www.loc.gov/standards/alto/ns-v4#"
      xsi:schemaLocation="http://www.loc.gov/standards/alto/ns-v4# http://www.loc.gov/standards/alto/v4/alto-4-2.xsd">
  <Description>
    <MeasurementUnit>pixel</MeasurementUnit>
    <sourceImageInformation>
      <fileName>1793,_Saemmtliche_Poetische_Werke,_Schraembl,_Bd._5,_VD18_9024592X_Seite_128_Bild_0001.jpg</fileName>
      <fileIdentifier>mets//export_doc3108_lena_alto_202503291248.zip/1793,_Saemmtliche_Poetische_Werke,_Schraembl,_Bd._5,_VD18_9024592X_Seite_128_Bild_0001.jpg</fileIdentifier>
    </sourceImageInformation>
  </Description>
  <Tags>
    <OtherTag ID="BT1" LABEL="Title" DESCRIPTION="block type Title"/><OtherTag ID="BT2" LABEL="Main" DESCRIPTION="block type Main"/><OtherTag ID="BT3" LABEL="Commentary" DESCRIPTION="block type Commentary"/><OtherTag ID="BT4" LABEL="Illustration" DESCRIPTION="block type Illustration"/><OtherTag ID="BT4244" LABEL="paragraph" DESCRIPTION="block type paragraph"/><OtherTag ID="BT4245" LABEL="footnote" DESCRIPTION="block type footnote"/><OtherTag ID="BT4246" LABEL="heading" DESCRIPTION="block type heading"/><OtherTag ID="BT4247" LABEL="l-column" DESCRIPTION="block type l-column"/><OtherTag ID="BT4248" LABEL="r-column" DESCRIPTION="block type r-column"/><OtherTag ID="BT4249" LABEL="marginalia" DESCRIPTION="block type marginalia"/><OtherTag ID="BT4250" LABEL="signature-mark" DESCRIPTION="block type signature-mark"/><OtherTag ID="BT4251" LABEL="catch-word" DESCRIPTION="block type catch-word"/><OtherTag ID="BT4252" LABEL="endnote" DESCRIPTION="block type endnote"/>
  </Tags>
  <Layout>
    <Page WIDTH="1073"
          HEIGHT="1850"
          PHYSICAL_IMG_NR="128"
          ID="eSc_dummypage_">
      <PrintSpace HPOS="0"
                  VPOS="0"
                  WIDTH="1073"
                  HEIGHT="1850">
        <TextBlock HPOS="689.0"
                   VPOS="157.0"
                   WIDTH="73.0"
                   HEIGHT="35.0"
                   ID="region_1720168583673_708"
                   TAGREFS="BT4244">
          <Shape><Polygon POINTS="699 160 689 177 706 192 762 190 757 157"/></Shape>
        </TextBlock>
        <TextBlock HPOS="105.0"
                   VPOS="230.0"
                   WIDTH="573.0"
                   HEIGHT="147.0"
                   ID="region_1720168595480_711"
                   TAGREFS="BT4244">
          <Shape><Polygon POINTS="113 240 105 376 626 377 623 297 678 261 673 230"/></Shape>
        </TextBlock>
        <TextBlock HPOS="65.0"
                   VPOS="402.0"
                   WIDTH="716.0"
                   HEIGHT="446.0"
                   ID="region_1720168608769_714"
                   TAGREFS="BT4244">
          <Shape><Polygon POINTS="71 421 65 842 781 848 775 402"/></Shape>
        </TextBlock>
        <TextBlock HPOS="56.0"
                   VPOS="880.0"
                   WIDTH="739.0"
                   HEIGHT="611.0"
                   ID="region_1720168620721_717"
                   TAGREFS="BT4245">
          <Shape><Polygon POINTS="56 902 70 1484 375 1491 399 1450 795 1454 778 880"/></Shape>
        </TextBlock>
      </PrintSpace>
    </Page>
  </Layout>
</alto>
