<?xml version="1.0" encoding="UTF-8"?>
<alto xmlns:xsi="http://www.w3.org/2001/XMLSchema-instance"
      xmlns="http://www.loc.gov/standards/alto/ns-v4#"
      xsi:schemaLocation="http://www.loc.gov/standards/alto/ns-v4# http://www.loc.gov/standards/alto/v4/alto-4-2.xsd">
  <Description>
    <MeasurementUnit>pixel</MeasurementUnit>
    <sourceImageInformation>
      <fileName>1793,_Saemmtliche_Poetische_Werke,_Schraembl,_Bd._2,_VD18_9024589X_Seite_131_Bild_0001.jpg</fileName>
      <fileIdentifier>mets//export_doc3108_lena_alto_202503291248.zip/1793,_Saemmtliche_Poetische_Werke,_Schraembl,_Bd._2,_VD18_9024589X_Seite_131_Bild_0001.jpg</fileIdentifier>
    </sourceImageInformation>
  </Description>
  <Tags>
    <OtherTag ID="BT1" LABEL="Title" DESCRIPTION="block type Title"/><OtherTag ID="BT2" LABEL="Main" DESCRIPTION="block type Main"/><OtherTag ID="BT3" LABEL="Commentary" DESCRIPTION="block type Commentary"/><OtherTag ID="BT4" LABEL="Illustration" DESCRIPTION="block type Illustration"/><OtherTag ID="BT4244" LABEL="paragraph" DESCRIPTION="block type paragraph"/><OtherTag ID="BT4245" LABEL="footnote" DESCRIPTION="block type footnote"/><OtherTag ID="BT4246" LABEL="heading" DESCRIPTION="block type heading"/><OtherTag ID="BT4247" LABEL="l-column" DESCRIPTION="block type l-column"/><OtherTag ID="BT4248" LABEL="r-column" DESCRIPTION="block type r-column"/><OtherTag ID="BT4249" LABEL="marginalia" DESCRIPTION="block type marginalia"/><OtherTag ID="BT4250" LABEL="signature-mark" DESCRIPTION="block type signature-mark"/><OtherTag ID="BT4251" LABEL="catch-word" DESCRIPTION="block type catch-word"/><OtherTag ID="BT4252" LABEL="endnote" DESCRIPTION="block type endnote"/>
  </Tags>
  <Layout>
    <Page WIDTH="1096"
          HEIGHT="1912"
          PHYSICAL_IMG_NR="106"
          ID="eSc_dummypage_">
      <PrintSpace HPOS="0"
                  VPOS="0"
                  WIDTH="1096"
                  HEIGHT="1912">
        <TextBlock HPOS="304.0"
                   VPOS="208.0"
                   WIDTH="56.0"
                   HEIGHT="45.0"
                   ID="region_1718561082888_429"
                   TAGREFS="BT4244">
          <Shape><Polygon POINTS="304 253 360 253 360 208 304 208"/></Shape>
        </TextBlock>
        <TextBlock HPOS="362.0"
                   VPOS="457.0"
                   WIDTH="579.0"
                   HEIGHT="82.0"
                   ID="region_1718561123696_437"
                   TAGREFS="BT4246">
          <Shape><Polygon POINTS="362 539 941 539 941 457 362 457"/></Shape>
        </TextBlock>
        <TextBlock HPOS="332.0"
                   VPOS="634.0"
                   WIDTH="59.0"
                   HEIGHT="80.0"
                   ID="TextRegion_1719228894541_164"
                   TAGREFS="BT4244">
          <Shape><Polygon POINTS="345 634 391 636 387 667 374 714 338 713 332 691"/></Shape>
        </TextBlock>
        <TextBlock HPOS="276.0"
                   VPOS="636.0"
                   WIDTH="747.0"
                   HEIGHT="450.0"
                   ID="TextRegion_1719228894540_163"
                   TAGREFS="BT4244">
          <Shape><Polygon POINTS="391 636 1023 636 1023 1086 276 1086 292 767 372 744 379 716 387 666"/></Shape>
        </TextBlock>
        <TextBlock HPOS="292.0"
                   VPOS="1114.0"
                   WIDTH="712.0"
                   HEIGHT="452.0"
                   ID="region_1718561136704_443"
                   TAGREFS="BT4244">
          <Shape><Polygon POINTS="292 1566 1004 1566 1004 1114 292 1114"/></Shape>
        </TextBlock>
      </PrintSpace>
    </Page>
  </Layout>
</alto>
