<?xml version="1.0" encoding="UTF-8"?>
<alto xmlns:xsi="http://www.w3.org/2001/XMLSchema-instance"
      xmlns="http://www.loc.gov/standards/alto/ns-v4#"
      xsi:schemaLocation="http://www.loc.gov/standards/alto/ns-v4# http://www.loc.gov/standards/alto/v4/alto-4-2.xsd">
  <Description>
    <MeasurementUnit>pixel</MeasurementUnit>
    <sourceImageInformation>
      <fileName>1793,_Saemmtliche_Poetische_Werke,_Schraembl,_Bd._1,_VD18_90245881_Seite_213_Bild_0001.jpg</fileName>
      <fileIdentifier>mets//export_doc3108_lena_alto_202503291248.zip/1793,_Saemmtliche_Poetische_Werke,_Schraembl,_Bd._1,_VD18_90245881_Seite_213_Bild_0001.jpg</fileIdentifier>
    </sourceImageInformation>
  </Description>
  <Tags>
    <OtherTag ID="BT1" LABEL="Title" DESCRIPTION="block type Title"/><OtherTag ID="BT2" LABEL="Main" DESCRIPTION="block type Main"/><OtherTag ID="BT3" LABEL="Commentary" DESCRIPTION="block type Commentary"/><OtherTag ID="BT4" LABEL="Illustration" DESCRIPTION="block type Illustration"/><OtherTag ID="BT4244" LABEL="paragraph" DESCRIPTION="block type paragraph"/><OtherTag ID="BT4245" LABEL="footnote" DESCRIPTION="block type footnote"/><OtherTag ID="BT4246" LABEL="heading" DESCRIPTION="block type heading"/><OtherTag ID="BT4247" LABEL="l-column" DESCRIPTION="block type l-column"/><OtherTag ID="BT4248" LABEL="r-column" DESCRIPTION="block type r-column"/><OtherTag ID="BT4249" LABEL="marginalia" DESCRIPTION="block type marginalia"/><OtherTag ID="BT4250" LABEL="signature-mark" DESCRIPTION="block type signature-mark"/><OtherTag ID="BT4251" LABEL="catch-word" DESCRIPTION="block type catch-word"/><OtherTag ID="BT4252" LABEL="endnote" DESCRIPTION="block type endnote"/>
  </Tags>
  <Layout>
    <Page WIDTH="1076"
          HEIGHT="1876"
          PHYSICAL_IMG_NR="102"
          ID="eSc_dummypage_">
      <PrintSpace HPOS="0"
                  VPOS="0"
                  WIDTH="1076"
                  HEIGHT="1876">
        <TextBlock HPOS="311.0"
                   VPOS="145.0"
                   WIDTH="78.0"
                   HEIGHT="42.0"
                   ID="region_1718557281618_187"
                   TAGREFS="BT4244">
          <Shape><Polygon POINTS="311 187 389 187 389 145 311 145"/></Shape>
        </TextBlock>
        <TextBlock HPOS="452.0"
                   VPOS="277.0"
                   WIDTH="390.0"
                   HEIGHT="54.0"
                   ID="region_1718557327131_197"
                   TAGREFS="BT4246">
          <Shape><Polygon POINTS="452 331 842 331 842 277 452 277"/></Shape>
        </TextBlock>
        <TextBlock HPOS="295.0"
                   VPOS="369.0"
                   WIDTH="696.0"
                   HEIGHT="102.0"
                   ID="region_1718557365795_204"
                   TAGREFS="BT4245">
          <Shape><Polygon POINTS="305 458 991 471 991 369 295 369"/></Shape>
        </TextBlock>
        <TextBlock HPOS="292.0"
                   VPOS="468.0"
                   WIDTH="703.0"
                   HEIGHT="141.0"
                   ID="region_1718557380899_208"
                   TAGREFS="BT4245">
          <Shape><Polygon POINTS="297 529 292 599 451 608 709 609 801 591 994 574 995 485 328 468"/></Shape>
        </TextBlock>
        <TextBlock HPOS="287.0"
                   VPOS="613.0"
                   WIDTH="709.0"
                   HEIGHT="557.0"
                   ID="region_1718557429243_212"
                   TAGREFS="BT4245">
          <Shape><Polygon POINTS="290 615 996 613 996 1170 287 1169"/></Shape>
        </TextBlock>
        <TextBlock HPOS="339.0"
                   VPOS="1210.0"
                   WIDTH="593.0"
                   HEIGHT="43.0"
                   ID="region_1718557451092_218"
                   TAGREFS="BT4246">
          <Shape><Polygon POINTS="339 1253 932 1253 932 1210 339 1210"/></Shape>
        </TextBlock>
        <TextBlock HPOS="271.0"
                   VPOS="1286.0"
                   WIDTH="727.0"
                   HEIGHT="249.0"
                   ID="region_1718557460340_221"
                   TAGREFS="BT4245">
          <Shape><Polygon POINTS="271 1535 996 1535 998 1290 291 1286"/></Shape>
        </TextBlock>
      </PrintSpace>
    </Page>
  </Layout>
</alto>
