<?xml version="1.0" encoding="UTF-8"?>
<alto xmlns:xsi="http://www.w3.org/2001/XMLSchema-instance"
      xmlns="http://www.loc.gov/standards/alto/ns-v4#"
      xsi:schemaLocation="http://www.loc.gov/standards/alto/ns-v4# http://www.loc.gov/standards/alto/v4/alto-4-2.xsd">
  <Description>
    <MeasurementUnit>pixel</MeasurementUnit>
    <sourceImageInformation>
      <fileName>1793,_Saemmtliche_Poetische_Werke,_Schraembl,_Bd._4,_VD18_90245911_Seite_175_Bild_0001.jpg</fileName>
      <fileIdentifier>mets//export_doc3108_lena_alto_202503291248.zip/1793,_Saemmtliche_Poetische_Werke,_Schraembl,_Bd._4,_VD18_90245911_Seite_175_Bild_0001.jpg</fileIdentifier>
    </sourceImageInformation>
  </Description>
  <Tags>
    <OtherTag ID="BT1" LABEL="Title" DESCRIPTION="block type Title"/><OtherTag ID="BT2" LABEL="Main" DESCRIPTION="block type Main"/><OtherTag ID="BT3" LABEL="Commentary" DESCRIPTION="block type Commentary"/><OtherTag ID="BT4" LABEL="Illustration" DESCRIPTION="block type Illustration"/><OtherTag ID="BT4244" LABEL="paragraph" DESCRIPTION="block type paragraph"/><OtherTag ID="BT4245" LABEL="footnote" DESCRIPTION="block type footnote"/><OtherTag ID="BT4246" LABEL="heading" DESCRIPTION="block type heading"/><OtherTag ID="BT4247" LABEL="l-column" DESCRIPTION="block type l-column"/><OtherTag ID="BT4248" LABEL="r-column" DESCRIPTION="block type r-column"/><OtherTag ID="BT4249" LABEL="marginalia" DESCRIPTION="block type marginalia"/><OtherTag ID="BT4250" LABEL="signature-mark" DESCRIPTION="block type signature-mark"/><OtherTag ID="BT4251" LABEL="catch-word" DESCRIPTION="block type catch-word"/><OtherTag ID="BT4252" LABEL="endnote" DESCRIPTION="block type endnote"/>
  </Tags>
  <Layout>
    <Page WIDTH="1065"
          HEIGHT="1842"
          PHYSICAL_IMG_NR="123"
          ID="eSc_dummypage_">
      <PrintSpace HPOS="0"
                  VPOS="0"
                  WIDTH="1065"
                  HEIGHT="1842">
        <TextBlock HPOS="298.0"
                   VPOS="171.0"
                   WIDTH="61.0"
                   HEIGHT="37.0"
                   ID="region_1720169482127_875"
                   TAGREFS="BT4244">
          <Shape><Polygon POINTS="298 178 300 206 359 208 355 171"/></Shape>
        </TextBlock>
        <TextBlock HPOS="524.0"
                   VPOS="380.0"
                   WIDTH="242.0"
                   HEIGHT="57.0"
                   ID="region_1720169489827_878"
                   TAGREFS="BT4246">
          <Shape><Polygon POINTS="524 382 526 437 766 435 751 380"/></Shape>
        </TextBlock>
        <TextBlock HPOS="329.0"
                   VPOS="550.0"
                   WIDTH="94.0"
                   HEIGHT="66.0"
                   ID="region_1720169499470_881"
                   TAGREFS="BT4244">
          <Shape><Polygon POINTS="395 614 423 561 388 550 330 556 329 582 354 616"/></Shape>
        </TextBlock>
        <TextBlock HPOS="292.0"
                   VPOS="560.0"
                   WIDTH="755.0"
                   HEIGHT="300.0"
                   ID="region_1720169519426_884"
                   TAGREFS="BT4244">
          <Shape><Polygon POINTS="413 587 408 598 408 614 404 624 293 623 292 860 930 857 1007 652 1047 599 1041 560 422 573"/></Shape>
        </TextBlock>
        <TextBlock HPOS="289.0"
                   VPOS="880.0"
                   WIDTH="726.0"
                   HEIGHT="310.0"
                   ID="region_1720169528297_887"
                   TAGREFS="BT4244">
          <Shape><Polygon POINTS="297 899 289 1190 929 1168 1015 1080 989 880"/></Shape>
        </TextBlock>
        <TextBlock HPOS="290.0"
                   VPOS="1199.0"
                   WIDTH="708.0"
                   HEIGHT="307.0"
                   ID="region_1720169537939_890"
                   TAGREFS="BT4244">
          <Shape><Polygon POINTS="310 1228 290 1501 831 1506 970 1431 998 1349 877 1199 350 1214"/></Shape>
        </TextBlock>
      </PrintSpace>
    </Page>
  </Layout>
</alto>
