<?xml version="1.0" encoding="UTF-8"?>
<alto xmlns:xsi="http://www.w3.org/2001/XMLSchema-instance"
      xmlns="http://www.loc.gov/standards/alto/ns-v4#"
      xsi:schemaLocation="http://www.loc.gov/standards/alto/ns-v4# http://www.loc.gov/standards/alto/v4/alto-4-2.xsd">
  <Description>
    <MeasurementUnit>pixel</MeasurementUnit>
    <sourceImageInformation>
      <fileName>1800,_Poetische_Werke,_Bohn,_Bd._1,_VD18_80461433_Seite_038_Bild_0001.jpg</fileName>
      <fileIdentifier>mets//export_doc3115_ronja_alto_202503291249.zip/1800,_Poetische_Werke,_Bohn,_Bd._1,_VD18_80461433_Seite_038_Bild_0001.jpg</fileIdentifier>
    </sourceImageInformation>
  </Description>
  <Tags>
    <OtherTag ID="BT1" LABEL="Title" DESCRIPTION="block type Title"/><OtherTag ID="BT2" LABEL="Main" DESCRIPTION="block type Main"/><OtherTag ID="BT3" LABEL="Commentary" DESCRIPTION="block type Commentary"/><OtherTag ID="BT4" LABEL="Illustration" DESCRIPTION="block type Illustration"/><OtherTag ID="BT4244" LABEL="paragraph" DESCRIPTION="block type paragraph"/><OtherTag ID="BT4245" LABEL="footnote" DESCRIPTION="block type footnote"/><OtherTag ID="BT4246" LABEL="heading" DESCRIPTION="block type heading"/><OtherTag ID="BT4247" LABEL="l-column" DESCRIPTION="block type l-column"/><OtherTag ID="BT4248" LABEL="r-column" DESCRIPTION="block type r-column"/><OtherTag ID="BT4249" LABEL="marginalia" DESCRIPTION="block type marginalia"/><OtherTag ID="BT4250" LABEL="signature-mark" DESCRIPTION="block type signature-mark"/><OtherTag ID="BT4251" LABEL="catch-word" DESCRIPTION="block type catch-word"/><OtherTag ID="BT4252" LABEL="endnote" DESCRIPTION="block type endnote"/>
  </Tags>
  <Layout>
    <Page WIDTH="1862"
          HEIGHT="2742"
          PHYSICAL_IMG_NR="53"
          ID="eSc_dummypage_">
      <PrintSpace HPOS="0"
                  VPOS="0"
                  WIDTH="1862"
                  HEIGHT="2742">
        <TextBlock HPOS="1113.0"
                   VPOS="353.0"
                   WIDTH="226.0"
                   HEIGHT="63.0"
                   ID="region_1718802437585_222"
                   TAGREFS="BT4244">
          <Shape><Polygon POINTS="1339 416 1113 416 1113 353 1323 360"/></Shape>
        </TextBlock>
        <TextBlock HPOS="630.0"
                   VPOS="422.0"
                   WIDTH="1115.0"
                   HEIGHT="1351.0"
                   ID="region_1718802446481_225"
                   TAGREFS="BT4244">
          <Shape><Polygon POINTS="1741 1773 648 1773 630 422 1745 430"/></Shape>
        </TextBlock>
        <TextBlock HPOS="651.0"
                   VPOS="1782.0"
                   WIDTH="1082.0"
                   HEIGHT="338.0"
                   ID="region_1718802471833_231"
                   TAGREFS="BT4245">
          <Shape><Polygon POINTS="1696 2120 651 2112 653 1788 1733 1782"/></Shape>
        </TextBlock>
        <TextBlock HPOS="648.0"
                   VPOS="2131.0"
                   WIDTH="1063.0"
                   HEIGHT="245.0"
                   ID="region_1718802481270_234"
                   TAGREFS="BT4245">
          <Shape><Polygon POINTS="1711 2356 648 2376 652 2131 1711 2131"/></Shape>
        </TextBlock>
      </PrintSpace>
    </Page>
  </Layout>
</alto>
