<?xml version="1.0" encoding="UTF-8"?>
<alto xmlns:xsi="http://www.w3.org/2001/XMLSchema-instance"
      xmlns="http://www.loc.gov/standards/alto/ns-v4#"
      xsi:schemaLocation="http://www.loc.gov/standards/alto/ns-v4# http://www.loc.gov/standards/alto/v4/alto-4-2.xsd">
  <Description>
    <MeasurementUnit>pixel</MeasurementUnit>
    <sourceImageInformation>
      <fileName>1800,_Poetische_Werke,_Bohn,_Bd._5,_VD18_80461476_Seite_244_Bild_0001.jpg</fileName>
      <fileIdentifier>mets//export_doc3115_ronja_alto_202503291249.zip/1800,_Poetische_Werke,_Bohn,_Bd._5,_VD18_80461476_Seite_244_Bild_0001.jpg</fileIdentifier>
    </sourceImageInformation>
  </Description>
  <Tags>
    <OtherTag ID="BT1" LABEL="Title" DESCRIPTION="block type Title"/><OtherTag ID="BT2" LABEL="Main" DESCRIPTION="block type Main"/><OtherTag ID="BT3" LABEL="Commentary" DESCRIPTION="block type Commentary"/><OtherTag ID="BT4" LABEL="Illustration" DESCRIPTION="block type Illustration"/><OtherTag ID="BT4244" LABEL="paragraph" DESCRIPTION="block type paragraph"/><OtherTag ID="BT4245" LABEL="footnote" DESCRIPTION="block type footnote"/><OtherTag ID="BT4246" LABEL="heading" DESCRIPTION="block type heading"/><OtherTag ID="BT4247" LABEL="l-column" DESCRIPTION="block type l-column"/><OtherTag ID="BT4248" LABEL="r-column" DESCRIPTION="block type r-column"/><OtherTag ID="BT4249" LABEL="marginalia" DESCRIPTION="block type marginalia"/><OtherTag ID="BT4250" LABEL="signature-mark" DESCRIPTION="block type signature-mark"/><OtherTag ID="BT4251" LABEL="catch-word" DESCRIPTION="block type catch-word"/><OtherTag ID="BT4252" LABEL="endnote" DESCRIPTION="block type endnote"/>
  </Tags>
  <Layout>
    <Page WIDTH="1872"
          HEIGHT="2838"
          PHYSICAL_IMG_NR="69"
          ID="eSc_dummypage_">
      <PrintSpace HPOS="0"
                  VPOS="0"
                  WIDTH="1872"
                  HEIGHT="2838">
        <TextBlock HPOS="1049.0"
                   VPOS="370.0"
                   WIDTH="142.0"
                   HEIGHT="80.0"
                   ID="region_1720167587995_749"
                   TAGREFS="BT4244">
          <Shape><Polygon POINTS="1191 450 1051 450 1049 391 1140 370 1189 391"/></Shape>
        </TextBlock>
        <TextBlock HPOS="553.0"
                   VPOS="470.0"
                   WIDTH="1119.0"
                   HEIGHT="1036.0"
                   ID="region_1720167594268_752"
                   TAGREFS="BT4244">
          <Shape><Polygon POINTS="1672 1506 578 1506 553 922 574 470 1668 470"/></Shape>
        </TextBlock>
        <TextBlock HPOS="1066.0"
                   VPOS="1595.0"
                   WIDTH="82.0"
                   HEIGHT="85.0"
                   ID="region_1720167610327_761"
                   TAGREFS="BT4246">
          <Shape><Polygon POINTS="1148 1680 1066 1680 1066 1609 1108 1595 1148 1609"/></Shape>
        </TextBlock>
        <TextBlock HPOS="974.0"
                   VPOS="1696.0"
                   WIDTH="659.0"
                   HEIGHT="84.0"
                   ID="region_1720167614316_764"
                   TAGREFS="BT4244">
          <Shape><Polygon POINTS="1633 1780 974 1780 974 1706 1271 1696 1633 1706"/></Shape>
        </TextBlock>
        <TextBlock HPOS="551.0"
                   VPOS="1788.0"
                   WIDTH="1105.0"
                   HEIGHT="612.0"
                   ID="region_1720167618898_767"
                   TAGREFS="BT4244">
          <Shape><Polygon POINTS="1656 2400 570 2400 551 2122 568 1788 1654 1788"/></Shape>
        </TextBlock>
      </PrintSpace>
    </Page>
  </Layout>
</alto>
