<?xml version="1.0" encoding="UTF-8"?>
<alto xmlns:xsi="http://www.w3.org/2001/XMLSchema-instance"
      xmlns="http://www.loc.gov/standards/alto/ns-v4#"
      xsi:schemaLocation="http://www.loc.gov/standards/alto/ns-v4# http://www.loc.gov/standards/alto/v4/alto-4-2.xsd">
  <Description>
    <MeasurementUnit>pixel</MeasurementUnit>
    <sourceImageInformation>
      <fileName>1800,_Poetische_Werke,_Bohn,_Bd._3,_VD18_8046145X_Seite_012_Bild_0001.jpg</fileName>
      <fileIdentifier>mets//export_doc3115_ronja_alto_202503291249.zip/1800,_Poetische_Werke,_Bohn,_Bd._3,_VD18_8046145X_Seite_012_Bild_0001.jpg</fileIdentifier>
    </sourceImageInformation>
  </Description>
  <Tags>
    <OtherTag ID="BT1" LABEL="Title" DESCRIPTION="block type Title"/><OtherTag ID="BT2" LABEL="Main" DESCRIPTION="block type Main"/><OtherTag ID="BT3" LABEL="Commentary" DESCRIPTION="block type Commentary"/><OtherTag ID="BT4" LABEL="Illustration" DESCRIPTION="block type Illustration"/><OtherTag ID="BT4244" LABEL="paragraph" DESCRIPTION="block type paragraph"/><OtherTag ID="BT4245" LABEL="footnote" DESCRIPTION="block type footnote"/><OtherTag ID="BT4246" LABEL="heading" DESCRIPTION="block type heading"/><OtherTag ID="BT4247" LABEL="l-column" DESCRIPTION="block type l-column"/><OtherTag ID="BT4248" LABEL="r-column" DESCRIPTION="block type r-column"/><OtherTag ID="BT4249" LABEL="marginalia" DESCRIPTION="block type marginalia"/><OtherTag ID="BT4250" LABEL="signature-mark" DESCRIPTION="block type signature-mark"/><OtherTag ID="BT4251" LABEL="catch-word" DESCRIPTION="block type catch-word"/><OtherTag ID="BT4252" LABEL="endnote" DESCRIPTION="block type endnote"/>
  </Tags>
  <Layout>
    <Page WIDTH="1769"
          HEIGHT="2776"
          PHYSICAL_IMG_NR="64"
          ID="eSc_dummypage_">
      <PrintSpace HPOS="0"
                  VPOS="0"
                  WIDTH="1769"
                  HEIGHT="2776">
        <TextBlock HPOS="1024.0"
                   VPOS="404.0"
                   WIDTH="70.0"
                   HEIGHT="40.0"
                   ID="region_1724840355174_596"
                   TAGREFS="BT4244">
          <Shape><Polygon POINTS="1094 444 1024 444 1024 404 1082 404"/></Shape>
        </TextBlock>
        <TextBlock HPOS="476.0"
                   VPOS="459.0"
                   WIDTH="1153.0"
                   HEIGHT="1579.0"
                   ID="region_1724840365186_599"
                   TAGREFS="BT4244">
          <Shape><Polygon POINTS="1629 2005 476 2038 496 459 1580 459"/></Shape>
        </TextBlock>
        <TextBlock HPOS="458.0"
                   VPOS="2081.0"
                   WIDTH="1140.0"
                   HEIGHT="304.0"
                   ID="region_1724840372994_602"
                   TAGREFS="BT4245">
          <Shape><Polygon POINTS="1574 2385 458 2385 458 2081 1598 2088"/></Shape>
        </TextBlock>
      </PrintSpace>
    </Page>
  </Layout>
</alto>
