<?xml version="1.0" encoding="UTF-8"?>
<alto xmlns:xsi="http://www.w3.org/2001/XMLSchema-instance"
      xmlns="http://www.loc.gov/standards/alto/ns-v4#"
      xsi:schemaLocation="http://www.loc.gov/standards/alto/ns-v4# http://www.loc.gov/standards/alto/v4/alto-4-2.xsd">
  <Description>
    <MeasurementUnit>pixel</MeasurementUnit>
    <sourceImageInformation>
      <fileName>1800,_Poetische_Werke,_Bohn,_Bd._3,_VD18_8046145X_Seite_055_Bild_0001.jpg</fileName>
      <fileIdentifier>mets//export_doc3115_ronja_alto_202503291249.zip/1800,_Poetische_Werke,_Bohn,_Bd._3,_VD18_8046145X_Seite_055_Bild_0001.jpg</fileIdentifier>
    </sourceImageInformation>
  </Description>
  <Tags>
    <OtherTag ID="BT1" LABEL="Title" DESCRIPTION="block type Title"/><OtherTag ID="BT2" LABEL="Main" DESCRIPTION="block type Main"/><OtherTag ID="BT3" LABEL="Commentary" DESCRIPTION="block type Commentary"/><OtherTag ID="BT4" LABEL="Illustration" DESCRIPTION="block type Illustration"/><OtherTag ID="BT4244" LABEL="paragraph" DESCRIPTION="block type paragraph"/><OtherTag ID="BT4245" LABEL="footnote" DESCRIPTION="block type footnote"/><OtherTag ID="BT4246" LABEL="heading" DESCRIPTION="block type heading"/><OtherTag ID="BT4247" LABEL="l-column" DESCRIPTION="block type l-column"/><OtherTag ID="BT4248" LABEL="r-column" DESCRIPTION="block type r-column"/><OtherTag ID="BT4249" LABEL="marginalia" DESCRIPTION="block type marginalia"/><OtherTag ID="BT4250" LABEL="signature-mark" DESCRIPTION="block type signature-mark"/><OtherTag ID="BT4251" LABEL="catch-word" DESCRIPTION="block type catch-word"/><OtherTag ID="BT4252" LABEL="endnote" DESCRIPTION="block type endnote"/>
  </Tags>
  <Layout>
    <Page WIDTH="1769"
          HEIGHT="2776"
          PHYSICAL_IMG_NR="65"
          ID="eSc_dummypage_">
      <PrintSpace HPOS="0"
                  VPOS="0"
                  WIDTH="1769"
                  HEIGHT="2776">
        <TextBlock HPOS="694.0"
                   VPOS="429.0"
                   WIDTH="84.0"
                   HEIGHT="49.0"
                   ID="region_1724840551714_624"
                   TAGREFS="BT4244">
          <Shape><Polygon POINTS="778 470 694 478 698 429 775 429"/></Shape>
        </TextBlock>
        <TextBlock HPOS="186.0"
                   VPOS="484.0"
                   WIDTH="1133.0"
                   HEIGHT="171.0"
                   ID="region_1724840555738_627"
                   TAGREFS="BT4246">
          <Shape><Polygon POINTS="1319 655 233 653 186 484 1272 486"/></Shape>
        </TextBlock>
        <TextBlock HPOS="206.0"
                   VPOS="663.0"
                   WIDTH="1145.0"
                   HEIGHT="1119.0"
                   ID="region_1724840570462_635"
                   TAGREFS="BT4244">
          <Shape><Polygon POINTS="1351 1781 206 1782 206 663 1332 663"/></Shape>
        </TextBlock>
        <TextBlock HPOS="247.0"
                   VPOS="1882.0"
                   WIDTH="987.0"
                   HEIGHT="573.0"
                   ID="region_1724840577626_638"
                   TAGREFS="BT4244">
          <Shape><Polygon POINTS="1200 2455 247 2455 247 1882 1234 1883"/></Shape>
        </TextBlock>
      </PrintSpace>
    </Page>
  </Layout>
</alto>
