<?xml version="1.0" encoding="UTF-8"?>
<alto xmlns:xsi="http://www.w3.org/2001/XMLSchema-instance"
      xmlns="http://www.loc.gov/standards/alto/ns-v4#"
      xsi:schemaLocation="http://www.loc.gov/standards/alto/ns-v4# http://www.loc.gov/standards/alto/v4/alto-4-2.xsd">
  <Description>
    <MeasurementUnit>pixel</MeasurementUnit>
    <sourceImageInformation>
      <fileName>1793,_Saemmtliche_Poetische_Werke,_Schraembl,_Bd._4,_VD18_90245911_Seite_183_Bild_0001.jpg</fileName>
      <fileIdentifier>mets//export_doc3108_lena_alto_202503291248.zip/1793,_Saemmtliche_Poetische_Werke,_Schraembl,_Bd._4,_VD18_90245911_Seite_183_Bild_0001.jpg</fileIdentifier>
    </sourceImageInformation>
  </Description>
  <Tags>
    <OtherTag ID="BT1" LABEL="Title" DESCRIPTION="block type Title"/><OtherTag ID="BT2" LABEL="Main" DESCRIPTION="block type Main"/><OtherTag ID="BT3" LABEL="Commentary" DESCRIPTION="block type Commentary"/><OtherTag ID="BT4" LABEL="Illustration" DESCRIPTION="block type Illustration"/><OtherTag ID="BT4244" LABEL="paragraph" DESCRIPTION="block type paragraph"/><OtherTag ID="BT4245" LABEL="footnote" DESCRIPTION="block type footnote"/><OtherTag ID="BT4246" LABEL="heading" DESCRIPTION="block type heading"/><OtherTag ID="BT4247" LABEL="l-column" DESCRIPTION="block type l-column"/><OtherTag ID="BT4248" LABEL="r-column" DESCRIPTION="block type r-column"/><OtherTag ID="BT4249" LABEL="marginalia" DESCRIPTION="block type marginalia"/><OtherTag ID="BT4250" LABEL="signature-mark" DESCRIPTION="block type signature-mark"/><OtherTag ID="BT4251" LABEL="catch-word" DESCRIPTION="block type catch-word"/><OtherTag ID="BT4252" LABEL="endnote" DESCRIPTION="block type endnote"/>
  </Tags>
  <Layout>
    <Page WIDTH="1065"
          HEIGHT="1842"
          PHYSICAL_IMG_NR="124"
          ID="eSc_dummypage_">
      <PrintSpace HPOS="0"
                  VPOS="0"
                  WIDTH="1065"
                  HEIGHT="1842">
        <TextBlock HPOS="302.0"
                   VPOS="238.0"
                   WIDTH="570.0"
                   HEIGHT="198.0"
                   ID="region_1720169181014_847"
                   TAGREFS="BT4244">
          <Shape><Polygon POINTS="303 242 302 342 378 436 868 429 872 241 601 238"/></Shape>
        </TextBlock>
        <TextBlock HPOS="294.0"
                   VPOS="453.0"
                   WIDTH="598.0"
                   HEIGHT="192.0"
                   ID="region_1720169192637_850"
                   TAGREFS="BT4244">
          <Shape><Polygon POINTS="298 463 294 552 384 645 892 645 878 453 403 459"/></Shape>
        </TextBlock>
        <TextBlock HPOS="291.0"
                   VPOS="664.0"
                   WIDTH="631.0"
                   HEIGHT="216.0"
                   ID="region_1720169202135_853"
                   TAGREFS="BT4244">
          <Shape><Polygon POINTS="297 683 291 785 381 877 818 880 922 664"/></Shape>
        </TextBlock>
        <TextBlock HPOS="291.0"
                   VPOS="1020.0"
                   WIDTH="746.0"
                   HEIGHT="489.0"
                   ID="region_1720169248864_862"
                   TAGREFS="BT4244">
          <Shape><Polygon POINTS="384 1020 370 1055 372 1067 371 1079 365 1077 354 1079 335 1089 291 1152 293 1509 1037 1494 1014 1025"/></Shape>
        </TextBlock>
        <TextBlock HPOS="309.0"
                   VPOS="1002.0"
                   WIDTH="72.0"
                   HEIGHT="79.0"
                   ID="region_1720169223248_859"
                   TAGREFS="BT4244">
          <Shape><Polygon POINTS="365 1061 365 1075 329 1081 309 1073 310 1039 313 1002 381 1007"/></Shape>
        </TextBlock>
        <TextBlock HPOS="446.0"
                   VPOS="926.0"
                   WIDTH="426.0"
                   HEIGHT="58.0"
                   ID="region_1720169208646_856"
                   TAGREFS="BT4246">
          <Shape><Polygon POINTS="447 928 446 980 872 984 863 926"/></Shape>
        </TextBlock>
        <TextBlock HPOS="304.0"
                   VPOS="154.0"
                   WIDTH="73.0"
                   HEIGHT="37.0"
                   ID="region_1720169146454_841"
                   TAGREFS="BT4244">
          <Shape><Polygon POINTS="304 158 304 191 377 189 370 154"/></Shape>
        </TextBlock>
      </PrintSpace>
    </Page>
  </Layout>
</alto>
