<mets xmlns="http://www.loc.gov/METS/" xmlns:xlink="http://www.w3.org/1999/xlink">
  <fileSec>
    
    <fileGrp USE="export">
      
        <file ID="export1">
          <FLocat xlink:href="1793,_Saemmtliche_Poetische_Werke,_Schraembl,_Bd._1,_VD18_90245881_Seite_059_Bild_0001.xml"/>
        </file>
      
        <file ID="export2">
          <FLocat xlink:href="1793,_Saemmtliche_Poetische_Werke,_Schraembl,_Bd._1,_VD18_90245881_Seite_213_Bild_0001.xml"/>
        </file>
      
        <file ID="export3">
          <FLocat xlink:href="1793,_Saemmtliche_Poetische_Werke,_Schraembl,_Bd._1,_VD18_90245881_Seite_258_Bild_0001.xml"/>
        </file>
      
        <file ID="export4">
          <FLocat xlink:href="1793,_Saemmtliche_Poetische_Werke,_Schraembl,_Bd._2,_VD18_9024589X_Seite_049_Bild_0001.xml"/>
        </file>
      
        <file ID="export5">
          <FLocat xlink:href="1793,_Saemmtliche_Poetische_Werke,_Schraembl,_Bd._2,_VD18_9024589X_Seite_131_Bild_0001.xml"/>
        </file>
      
        <file ID="export6">
          <FLocat xlink:href="1793,_Saemmtliche_Poetische_Werke,_Schraembl,_Bd._2,_VD18_9024589X_Seite_145_Bild_0001.xml"/>
        </file>
      
        <file ID="export7">
          <FLocat xlink:href="1793,_Saemmtliche_Poetische_Werke,_Schraembl,_Bd._2,_VD18_9024589X_Seite_274_Bild_0001.xml"/>
        </file>
      
        <file ID="export8">
          <FLocat xlink:href="1793,_Saemmtliche_Poetische_Werke,_Schraembl,_Bd._3,_VD18_90245903_Seite_139_Bild_0001.xml"/>
        </file>
      
        <file ID="export9">
          <FLocat xlink:href="1793,_Saemmtliche_Poetische_Werke,_Schraembl,_Bd._3,_VD18_90245903_Seite_203_Bild_0001.xml"/>
        </file>
      
        <file ID="export10">
          <FLocat xlink:href="1793,_Saemmtliche_Poetische_Werke,_Schraembl,_Bd._3,_VD18_90245903_Seite_292_Bild_0001.xml"/>
        </file>
      
        <file ID="export11">
          <FLocat xlink:href="1793,_Saemmtliche_Poetische_Werke,_Schraembl,_Bd._3,_VD18_90245903_Seite_322_Bild_0001.xml"/>
        </file>
      
        <file ID="export12">
          <FLocat xlink:href="1793,_Saemmtliche_Poetische_Werke,_Schraembl,_Bd._4,_VD18_90245911_Seite_034_Bild_0001.xml"/>
        </file>
      
        <file ID="export13">
          <FLocat xlink:href="1793,_Saemmtliche_Poetische_Werke,_Schraembl,_Bd._4,_VD18_90245911_Seite_183_Bild_0001.xml"/>
        </file>
      
        <file ID="export14">
          <FLocat xlink:href="1793,_Saemmtliche_Poetische_Werke,_Schraembl,_Bd._5,_VD18_9024592X_Seite_110_Bild_0001.xml"/>
        </file>
      
        <file ID="export15">
          <FLocat xlink:href="1793,_Saemmtliche_Poetische_Werke,_Schraembl,_Bd._5,_VD18_9024592X_Seite_127_Bild_0001.xml"/>
        </file>
      
        <file ID="export16">
          <FLocat xlink:href="1793,_Saemmtliche_Poetische_Werke,_Schraembl,_Bd._5,_VD18_9024592X_Seite_128_Bild_0001.xml"/>
        </file>
      
    </fileGrp>
  </fileSec>
  <structMap TYPE="physical">
    <div TYPE="document">
      
      <div TYPE="page">
        
        <fptr FILEID="export1"/>
      </div>
      
      <div TYPE="page">
        
        <fptr FILEID="export2"/>
      </div>
      
      <div TYPE="page">
        
        <fptr FILEID="export3"/>
      </div>
      
      <div TYPE="page">
        
        <fptr FILEID="export4"/>
      </div>
      
      <div TYPE="page">
        
        <fptr FILEID="export5"/>
      </div>
      
      <div TYPE="page">
        
        <fptr FILEID="export6"/>
      </div>
      
      <div TYPE="page">
        
        <fptr FILEID="export7"/>
      </div>
      
      <div TYPE="page">
        
        <fptr FILEID="export8"/>
      </div>
      
      <div TYPE="page">
        
        <fptr FILEID="export9"/>
      </div>
      
      <div TYPE="page">
        
        <fptr FILEID="export10"/>
      </div>
      
      <div TYPE="page">
        
        <fptr FILEID="export11"/>
      </div>
      
      <div TYPE="page">
        
        <fptr FILEID="export12"/>
      </div>
      
      <div TYPE="page">
        
        <fptr FILEID="export13"/>
      </div>
      
      <div TYPE="page">
        
        <fptr FILEID="export14"/>
      </div>
      
      <div TYPE="page">
        
        <fptr FILEID="export15"/>
      </div>
      
      <div TYPE="page">
        
        <fptr FILEID="export16"/>
      </div>
      
    </div>
  </structMap>
</mets>
