<?xml version="1.0" encoding="UTF-8"?>
<alto xmlns:xsi="http://www.w3.org/2001/XMLSchema-instance"
      xmlns="http://www.loc.gov/standards/alto/ns-v4#"
      xsi:schemaLocation="http://www.loc.gov/standards/alto/ns-v4# http://www.loc.gov/standards/alto/v4/alto-4-2.xsd">
  <Description>
    <MeasurementUnit>pixel</MeasurementUnit>
    <sourceImageInformation>
      <fileName>1775-Saemmtliche_Poetische_Werke_Schmieder_Bd_1_VD18_90914260_NEU-190.png</fileName>
      <fileIdentifier>mets//export_doc3108_lena_alto_202503291248.zip/1775-Saemmtliche_Poetische_Werke_Schmieder_Bd_1_VD18_90914260_NEU-190.png</fileIdentifier>
    </sourceImageInformation>
  </Description>
  <Tags>
    <OtherTag ID="BT1" LABEL="Title" DESCRIPTION="block type Title"/><OtherTag ID="BT2" LABEL="Main" DESCRIPTION="block type Main"/><OtherTag ID="BT3" LABEL="Commentary" DESCRIPTION="block type Commentary"/><OtherTag ID="BT4" LABEL="Illustration" DESCRIPTION="block type Illustration"/><OtherTag ID="BT4244" LABEL="paragraph" DESCRIPTION="block type paragraph"/><OtherTag ID="BT4245" LABEL="footnote" DESCRIPTION="block type footnote"/><OtherTag ID="BT4246" LABEL="heading" DESCRIPTION="block type heading"/><OtherTag ID="BT4247" LABEL="l-column" DESCRIPTION="block type l-column"/><OtherTag ID="BT4248" LABEL="r-column" DESCRIPTION="block type r-column"/><OtherTag ID="BT4249" LABEL="marginalia" DESCRIPTION="block type marginalia"/><OtherTag ID="BT4250" LABEL="signature-mark" DESCRIPTION="block type signature-mark"/><OtherTag ID="BT4251" LABEL="catch-word" DESCRIPTION="block type catch-word"/><OtherTag ID="BT4252" LABEL="endnote" DESCRIPTION="block type endnote"/>
  </Tags>
  <Layout>
    <Page WIDTH="658"
          HEIGHT="1096"
          PHYSICAL_IMG_NR="85"
          ID="eSc_dummypage_">
      <PrintSpace HPOS="0"
                  VPOS="0"
                  WIDTH="658"
                  HEIGHT="1096">
        <TextBlock HPOS="125.0"
                   VPOS="91.0"
                   WIDTH="54.0"
                   HEIGHT="32.0"
                   ID="region_1719337968666_1166"
                   TAGREFS="BT4244">
          <Shape><Polygon POINTS="125 93 127 123 179 119 177 91"/></Shape>
        </TextBlock>
        <TextBlock HPOS="214.0"
                   VPOS="86.0"
                   WIDTH="306.0"
                   HEIGHT="35.0"
                   ID="region_1719337981632_1169"
                   TAGREFS="BT4244">
          <Shape><Polygon POINTS="214 118 216 86 520 91 518 121"/></Shape>
        </TextBlock>
        <TextBlock HPOS="139.0"
                   VPOS="131.0"
                   WIDTH="452.0"
                   HEIGHT="137.0"
                   ID="region_1719338003018_1172"
                   TAGREFS="BT4244">
          <Shape><Polygon POINTS="139 264 144 131 507 131 504 157 591 166 590 217 482 228 468 268"/></Shape>
        </TextBlock>
        <TextBlock HPOS="190.0"
                   VPOS="279.0"
                   WIDTH="343.0"
                   HEIGHT="45.0"
                   ID="region_1719338153590_1185"
                   TAGREFS="BT4246">
          <Shape><Polygon POINTS="190 315 194 284 205 282 221 283 226 286 247 286 259 283 275 283 289 285 348 285 358 282 369 282 375 285 404 279 423 280 431 285 477 281 506 284 515 282 533 283 524 322 466 324 410 324 327 320 205 322"/></Shape>
        </TextBlock>
        <TextBlock HPOS="124.0"
                   VPOS="317.0"
                   WIDTH="57.0"
                   HEIGHT="54.0"
                   ID="TextRegion_1719338291090_1201"
                   TAGREFS="BT4244">
          <Shape><Polygon POINTS="126 326 147 319 173 317 179 321 173 336 173 341 181 347 180 356 175 371 141 370 124 367"/></Shape>
        </TextBlock>
        <TextBlock HPOS="120.0"
                   VPOS="321.0"
                   WIDTH="482.0"
                   HEIGHT="218.0"
                   ID="TextRegion_1719338291090_1200"
                   TAGREFS="BT4244">
          <Shape><Polygon POINTS="179 321 185 325 216 323 229 324 234 326 249 325 275 324 286 326 325 325 347 326 394 326 413 328 429 326 437 328 464 327 602 324 579 539 323 538 183 537 138 536 120 532 124 367 141 370 175 371 180 356 181 347 173 341 173 336"/></Shape>
        </TextBlock>
        <TextBlock HPOS="179.0"
                   VPOS="549.0"
                   WIDTH="360.0"
                   HEIGHT="47.0"
                   ID="region_1719338376294_1211"
                   TAGREFS="BT4246">
          <Shape><Polygon POINTS="179 591 179 550 248 554 270 555 281 550 292 549 295 555 361 555 379 551 412 553 442 555 450 552 468 551 498 552 539 558 536 596 481 590 448 591 296 591 263 587"/></Shape>
        </TextBlock>
        <TextBlock HPOS="186.0"
                   VPOS="592.0"
                   WIDTH="391.0"
                   HEIGHT="95.0"
                   ID="region_1719338417133_1214"
                   TAGREFS="BT4244">
          <Shape><Polygon POINTS="265 616 267 592 281 592 288 597 315 597 326 594 334 594 340 597 458 597 471 594 504 597 512 625 498 647 577 657 576 687 310 686 303 661 186 655 197 617"/></Shape>
        </TextBlock>
        <TextBlock HPOS="125.0"
                   VPOS="685.0"
                   WIDTH="56.0"
                   HEIGHT="51.0"
                   ID="TextRegion_1719338548430_1234"
                   TAGREFS="BT4244">
          <Shape><Polygon POINTS="129 686 170 685 171 700 181 716 175 736 125 736"/></Shape>
        </TextBlock>
        <TextBlock HPOS="119.0"
                   VPOS="684.0"
                   WIDTH="481.0"
                   HEIGHT="165.0"
                   ID="TextRegion_1719338548430_1235"
                   TAGREFS="BT4244">
          <Shape><Polygon POINTS="175 684 300 684 306 691 346 691 353 690 368 689 404 689 440 693 538 690 551 689 594 692 600 848 119 849 125 736 175 736 181 716 173 698"/></Shape>
        </TextBlock>
        <TextBlock HPOS="557.0"
                   VPOS="850.0"
                   WIDTH="34.0"
                   HEIGHT="24.0"
                   ID="region_1719338470628_1220"
                   TAGREFS="BT4244">
          <Shape><Polygon POINTS="561 851 591 850 587 872 557 874"/></Shape>
        </TextBlock>
        <TextBlock HPOS="141.0"
                   VPOS="869.0"
                   WIDTH="453.0"
                   HEIGHT="116.0"
                   ID="region_1719338503295_1225"
                   TAGREFS="BT4245">
          <Shape><Polygon POINTS="594 877 592 985 343 979 141 973 151 869 545 878"/></Shape>
        </TextBlock>
      </PrintSpace>
    </Page>
  </Layout>
</alto>
