<?xml version="1.0" encoding="UTF-8"?>
<alto xmlns:xsi="http://www.w3.org/2001/XMLSchema-instance"
      xmlns="http://www.loc.gov/standards/alto/ns-v4#"
      xsi:schemaLocation="http://www.loc.gov/standards/alto/ns-v4# http://www.loc.gov/standards/alto/v4/alto-4-2.xsd">
  <Description>
    <MeasurementUnit>pixel</MeasurementUnit>
    <sourceImageInformation>
      <fileName>1775-Saemmtliche_Poetische_Werke_Schmieder_Bd_3_VD18_90914295_NEU-012.png</fileName>
      <fileIdentifier>mets//export_doc3108_lena_alto_202503291248.zip/1775-Saemmtliche_Poetische_Werke_Schmieder_Bd_3_VD18_90914295_NEU-012.png</fileIdentifier>
    </sourceImageInformation>
  </Description>
  <Tags>
    <OtherTag ID="BT1" LABEL="Title" DESCRIPTION="block type Title"/><OtherTag ID="BT2" LABEL="Main" DESCRIPTION="block type Main"/><OtherTag ID="BT3" LABEL="Commentary" DESCRIPTION="block type Commentary"/><OtherTag ID="BT4" LABEL="Illustration" DESCRIPTION="block type Illustration"/><OtherTag ID="BT4244" LABEL="paragraph" DESCRIPTION="block type paragraph"/><OtherTag ID="BT4245" LABEL="footnote" DESCRIPTION="block type footnote"/><OtherTag ID="BT4246" LABEL="heading" DESCRIPTION="block type heading"/><OtherTag ID="BT4247" LABEL="l-column" DESCRIPTION="block type l-column"/><OtherTag ID="BT4248" LABEL="r-column" DESCRIPTION="block type r-column"/><OtherTag ID="BT4249" LABEL="marginalia" DESCRIPTION="block type marginalia"/><OtherTag ID="BT4250" LABEL="signature-mark" DESCRIPTION="block type signature-mark"/><OtherTag ID="BT4251" LABEL="catch-word" DESCRIPTION="block type catch-word"/><OtherTag ID="BT4252" LABEL="endnote" DESCRIPTION="block type endnote"/>
  </Tags>
  <Layout>
    <Page WIDTH="649"
          HEIGHT="1102"
          PHYSICAL_IMG_NR="96"
          ID="eSc_dummypage_">
      <PrintSpace HPOS="0"
                  VPOS="0"
                  WIDTH="649"
                  HEIGHT="1102">
        <TextBlock HPOS="217.0"
                   VPOS="102.0"
                   WIDTH="129.0"
                   HEIGHT="31.0"
                   ID="region_1719907086224_72"
                   TAGREFS="BT4244">
          <Shape><Polygon POINTS="346 130 343 102 217 103 234 133"/></Shape>
        </TextBlock>
        <TextBlock HPOS="469.0"
                   VPOS="103.0"
                   WIDTH="48.0"
                   HEIGHT="23.0"
                   ID="region_1719907073058_69"
                   TAGREFS="BT4244">
          <Shape><Polygon POINTS="474 126 469 103 517 103 514 124"/></Shape>
        </TextBlock>
        <TextBlock HPOS="66.0"
                   VPOS="139.0"
                   WIDTH="457.0"
                   HEIGHT="275.0"
                   ID="region_1719907099636_75"
                   TAGREFS="BT4244">
          <Shape><Polygon POINTS="68 144 523 139 523 402 66 414"/></Shape>
        </TextBlock>
        <TextBlock HPOS="456.0"
                   VPOS="398.0"
                   WIDTH="62.0"
                   HEIGHT="23.0"
                   ID="region_1719907111057_78"
                   TAGREFS="BT4244">
          <Shape><Polygon POINTS="456 419 458 398 518 402 516 421"/></Shape>
        </TextBlock>
        <TextBlock HPOS="69.0"
                   VPOS="428.0"
                   WIDTH="454.0"
                   HEIGHT="221.0"
                   ID="region_1719907170487_93"
                   TAGREFS="BT4245">
          <Shape><Polygon POINTS="523 635 519 428 70 437 69 630 69 649"/></Shape>
        </TextBlock>
        <TextBlock HPOS="72.0"
                   VPOS="634.0"
                   WIDTH="462.0"
                   HEIGHT="161.0"
                   ID="region_1719907161064_90"
                   TAGREFS="BT4245">
          <Shape><Polygon POINTS="74 795 72 652 522 634 534 784"/></Shape>
        </TextBlock>
        <TextBlock HPOS="69.0"
                   VPOS="788.0"
                   WIDTH="455.0"
                   HEIGHT="63.0"
                   ID="region_1719907151123_87"
                   TAGREFS="BT4245">
          <Shape><Polygon POINTS="524 821 516 788 99 799 69 851"/></Shape>
        </TextBlock>
        <TextBlock HPOS="92.0"
                   VPOS="832.0"
                   WIDTH="441.0"
                   HEIGHT="115.0"
                   ID="region_1719907142033_84"
                   TAGREFS="BT4245">
          <Shape><Polygon POINTS="92 947 100 853 521 832 533 947"/></Shape>
        </TextBlock>
      </PrintSpace>
    </Page>
  </Layout>
</alto>
