<?xml version="1.0" encoding="UTF-8"?>
<alto xmlns:xsi="http://www.w3.org/2001/XMLSchema-instance"
      xmlns="http://www.loc.gov/standards/alto/ns-v4#"
      xsi:schemaLocation="http://www.loc.gov/standards/alto/ns-v4# http://www.loc.gov/standards/alto/v4/alto-4-2.xsd">
  <Description>
    <MeasurementUnit>pixel</MeasurementUnit>
    <sourceImageInformation>
      <fileName>1775-Saemmtliche_Poetische_Werke_Schmieder_Bd_1_VD18_90914260_NEU-013.png</fileName>
      <fileIdentifier>mets//export_doc3108_lena_alto_202503291248.zip/1775-Saemmtliche_Poetische_Werke_Schmieder_Bd_1_VD18_90914260_NEU-013.png</fileIdentifier>
    </sourceImageInformation>
  </Description>
  <Tags>
    <OtherTag ID="BT1" LABEL="Title" DESCRIPTION="block type Title"/><OtherTag ID="BT2" LABEL="Main" DESCRIPTION="block type Main"/><OtherTag ID="BT3" LABEL="Commentary" DESCRIPTION="block type Commentary"/><OtherTag ID="BT4" LABEL="Illustration" DESCRIPTION="block type Illustration"/><OtherTag ID="BT4244" LABEL="paragraph" DESCRIPTION="block type paragraph"/><OtherTag ID="BT4245" LABEL="footnote" DESCRIPTION="block type footnote"/><OtherTag ID="BT4246" LABEL="heading" DESCRIPTION="block type heading"/><OtherTag ID="BT4247" LABEL="l-column" DESCRIPTION="block type l-column"/><OtherTag ID="BT4248" LABEL="r-column" DESCRIPTION="block type r-column"/><OtherTag ID="BT4249" LABEL="marginalia" DESCRIPTION="block type marginalia"/><OtherTag ID="BT4250" LABEL="signature-mark" DESCRIPTION="block type signature-mark"/><OtherTag ID="BT4251" LABEL="catch-word" DESCRIPTION="block type catch-word"/><OtherTag ID="BT4252" LABEL="endnote" DESCRIPTION="block type endnote"/>
  </Tags>
  <Layout>
    <Page WIDTH="658"
          HEIGHT="1096"
          PHYSICAL_IMG_NR="73"
          ID="eSc_dummypage_">
      <PrintSpace HPOS="0"
                  VPOS="0"
                  WIDTH="658"
                  HEIGHT="1096">
        <TextBlock HPOS="72.0"
                   VPOS="77.0"
                   WIDTH="468.0"
                   HEIGHT="100.0"
                   ID="TextRegion_1718626849852_645"
                   TAGREFS="BT4246">
          <Shape><Polygon POINTS="72 77 540 77 540 137 364 177 253 177 72 137"/></Shape>
        </TextBlock>
        <TextBlock HPOS="105.0"
                   VPOS="181.0"
                   WIDTH="412.0"
                   HEIGHT="49.0"
                   ID="region_1718626661562_595"
                   TAGREFS="BT4246">
          <Shape><Polygon POINTS="517 230 105 230 105 181 517 181"/></Shape>
        </TextBlock>
        <TextBlock HPOS="77.0"
                   VPOS="253.0"
                   WIDTH="62.0"
                   HEIGHT="94.0"
                   ID="region_1718626668563_598"
                   TAGREFS="BT4244">
          <Shape><Polygon POINTS="139 347 78 347 77 253 137 254"/></Shape>
        </TextBlock>
        <TextBlock HPOS="59.0"
                   VPOS="255.0"
                   WIDTH="483.0"
                   HEIGHT="695.0"
                   ID="region_1718626683291_601"
                   TAGREFS="BT4244">
          <Shape><Polygon POINTS="76 350 145 350 142 290 138 264 143 255 540 258 542 942 59 950"/></Shape>
        </TextBlock>
        <TextBlock HPOS="473.0"
                   VPOS="946.0"
                   WIDTH="60.0"
                   HEIGHT="32.0"
                   ID="region_1718626685883_604"
                   TAGREFS="BT4244">
          <Shape><Polygon POINTS="533 974 475 978 473 946 526 949"/></Shape>
        </TextBlock>
      </PrintSpace>
    </Page>
  </Layout>
</alto>
