<?xml version="1.0" encoding="UTF-8"?>
<alto xmlns:xsi="http://www.w3.org/2001/XMLSchema-instance"
      xmlns="http://www.loc.gov/standards/alto/ns-v4#"
      xsi:schemaLocation="http://www.loc.gov/standards/alto/ns-v4# http://www.loc.gov/standards/alto/v4/alto-4-2.xsd">
  <Description>
    <MeasurementUnit>pixel</MeasurementUnit>
    <sourceImageInformation>
      <fileName>1775-Saemmtliche_Poetische_Werke_Schmieder_Bd_1_VD18_90914260_NEU-161.png</fileName>
      <fileIdentifier>mets//export_doc3108_lena_alto_202503291248.zip/1775-Saemmtliche_Poetische_Werke_Schmieder_Bd_1_VD18_90914260_NEU-161.png</fileIdentifier>
    </sourceImageInformation>
  </Description>
  <Tags>
    <OtherTag ID="BT1" LABEL="Title" DESCRIPTION="block type Title"/><OtherTag ID="BT2" LABEL="Main" DESCRIPTION="block type Main"/><OtherTag ID="BT3" LABEL="Commentary" DESCRIPTION="block type Commentary"/><OtherTag ID="BT4" LABEL="Illustration" DESCRIPTION="block type Illustration"/><OtherTag ID="BT4244" LABEL="paragraph" DESCRIPTION="block type paragraph"/><OtherTag ID="BT4245" LABEL="footnote" DESCRIPTION="block type footnote"/><OtherTag ID="BT4246" LABEL="heading" DESCRIPTION="block type heading"/><OtherTag ID="BT4247" LABEL="l-column" DESCRIPTION="block type l-column"/><OtherTag ID="BT4248" LABEL="r-column" DESCRIPTION="block type r-column"/><OtherTag ID="BT4249" LABEL="marginalia" DESCRIPTION="block type marginalia"/><OtherTag ID="BT4250" LABEL="signature-mark" DESCRIPTION="block type signature-mark"/><OtherTag ID="BT4251" LABEL="catch-word" DESCRIPTION="block type catch-word"/><OtherTag ID="BT4252" LABEL="endnote" DESCRIPTION="block type endnote"/>
  </Tags>
  <Layout>
    <Page WIDTH="658"
          HEIGHT="1096"
          PHYSICAL_IMG_NR="82"
          ID="eSc_dummypage_">
      <PrintSpace HPOS="0"
                  VPOS="0"
                  WIDTH="658"
                  HEIGHT="1096">
        <TextBlock HPOS="152.0"
                   VPOS="83.0"
                   WIDTH="238.0"
                   HEIGHT="36.0"
                   ID="region_1719328433859_950"
                   TAGREFS="BT4244">
          <Shape><Polygon POINTS="152 119 152 85 390 83 389 116"/></Shape>
        </TextBlock>
        <TextBlock HPOS="471.0"
                   VPOS="87.0"
                   WIDTH="51.0"
                   HEIGHT="29.0"
                   ID="region_1719328439943_953"
                   TAGREFS="BT4244">
          <Shape><Polygon POINTS="473 116 471 89 521 87 522 115"/></Shape>
        </TextBlock>
        <TextBlock HPOS="49.0"
                   VPOS="127.0"
                   WIDTH="438.0"
                   HEIGHT="116.0"
                   ID="region_1719328451959_956"
                   TAGREFS="BT4244">
          <Shape><Polygon POINTS="49 243 49 127 487 129 487 239"/></Shape>
        </TextBlock>
        <TextBlock HPOS="50.0"
                   VPOS="248.0"
                   WIDTH="478.0"
                   HEIGHT="112.0"
                   ID="region_1719328462184_959"
                   TAGREFS="BT4244">
          <Shape><Polygon POINTS="53 360 50 252 112 248 515 248 528 354"/></Shape>
        </TextBlock>
        <TextBlock HPOS="261.0"
                   VPOS="359.0"
                   WIDTH="53.0"
                   HEIGHT="31.0"
                   ID="region_1719328474846_962"
                   TAGREFS="BT4244">
          <Shape><Polygon POINTS="261 386 261 359 314 362 309 390"/></Shape>
        </TextBlock>
        <TextBlock HPOS="463.0"
                   VPOS="358.0"
                   WIDTH="62.0"
                   HEIGHT="26.0"
                   ID="region_1719328482515_965"
                   TAGREFS="BT4244">
          <Shape><Polygon POINTS="466 382 463 359 493 358 525 360 523 384"/></Shape>
        </TextBlock>
        <TextBlock HPOS="89.0"
                   VPOS="387.0"
                   WIDTH="435.0"
                   HEIGHT="111.0"
                   ID="region_1719328602740_977"
                   TAGREFS="BT4245">
          <Shape><Polygon POINTS="89 492 90 394 120 389 250 391 267 398 296 398 322 397 338 392 415 387 524 396 523 495 422 498 370 498 238 496"/></Shape>
        </TextBlock>
        <TextBlock HPOS="66.0"
                   VPOS="502.0"
                   WIDTH="465.0"
                   HEIGHT="380.0"
                   ID="region_1719328577008_974"
                   TAGREFS="BT4245">
          <Shape><Polygon POINTS="530 877 441 882 395 881 355 882 271 879 66 866 67 502 394 502 531 507"/></Shape>
        </TextBlock>
        <TextBlock HPOS="66.0"
                   VPOS="883.0"
                   WIDTH="468.0"
                   HEIGHT="98.0"
                   ID="region_1719328539863_971"
                   TAGREFS="BT4245">
          <Shape><Polygon POINTS="73 981 66 883 282 884 522 886 534 975"/></Shape>
        </TextBlock>
      </PrintSpace>
    </Page>
  </Layout>
</alto>
