<?xml version="1.0" encoding="UTF-8"?>
<alto xmlns:xsi="http://www.w3.org/2001/XMLSchema-instance"
      xmlns="http://www.loc.gov/standards/alto/ns-v4#"
      xsi:schemaLocation="http://www.loc.gov/standards/alto/ns-v4# http://www.loc.gov/standards/alto/v4/alto-4-2.xsd">
  <Description>
    <MeasurementUnit>pixel</MeasurementUnit>
    <sourceImageInformation>
      <fileName>1775-Saemmtliche_Poetische_Werke_Schmieder_Bd_2_VD18_90914287_NEU-302.png</fileName>
      <fileIdentifier>mets//export_doc3108_lena_alto_202503291248.zip/1775-Saemmtliche_Poetische_Werke_Schmieder_Bd_2_VD18_90914287_NEU-302.png</fileIdentifier>
    </sourceImageInformation>
  </Description>
  <Tags>
    <OtherTag ID="BT1" LABEL="Title" DESCRIPTION="block type Title"/><OtherTag ID="BT2" LABEL="Main" DESCRIPTION="block type Main"/><OtherTag ID="BT3" LABEL="Commentary" DESCRIPTION="block type Commentary"/><OtherTag ID="BT4" LABEL="Illustration" DESCRIPTION="block type Illustration"/><OtherTag ID="BT4244" LABEL="paragraph" DESCRIPTION="block type paragraph"/><OtherTag ID="BT4245" LABEL="footnote" DESCRIPTION="block type footnote"/><OtherTag ID="BT4246" LABEL="heading" DESCRIPTION="block type heading"/><OtherTag ID="BT4247" LABEL="l-column" DESCRIPTION="block type l-column"/><OtherTag ID="BT4248" LABEL="r-column" DESCRIPTION="block type r-column"/><OtherTag ID="BT4249" LABEL="marginalia" DESCRIPTION="block type marginalia"/><OtherTag ID="BT4250" LABEL="signature-mark" DESCRIPTION="block type signature-mark"/><OtherTag ID="BT4251" LABEL="catch-word" DESCRIPTION="block type catch-word"/><OtherTag ID="BT4252" LABEL="endnote" DESCRIPTION="block type endnote"/>
  </Tags>
  <Layout>
    <Page WIDTH="657"
          HEIGHT="1097"
          PHYSICAL_IMG_NR="93"
          ID="eSc_dummypage_">
      <PrintSpace HPOS="0"
                  VPOS="0"
                  WIDTH="657"
                  HEIGHT="1097">
        <TextBlock HPOS="197.0"
                   VPOS="98.0"
                   WIDTH="171.0"
                   HEIGHT="37.0"
                   ID="region_1720033364692_6"
                   TAGREFS="BT4244">
          <Shape><Polygon POINTS="197 135 197 102 367 98 368 130"/></Shape>
        </TextBlock>
        <TextBlock HPOS="455.0"
                   VPOS="106.0"
                   WIDTH="51.0"
                   HEIGHT="30.0"
                   ID="region_1720033370919_9"
                   TAGREFS="BT4244">
          <Shape><Polygon POINTS="455 130 456 110 504 106 506 136"/></Shape>
        </TextBlock>
        <TextBlock HPOS="56.0"
                   VPOS="136.0"
                   WIDTH="464.0"
                   HEIGHT="121.0"
                   ID="region_1720033385352_12"
                   TAGREFS="BT4244">
          <Shape><Polygon POINTS="59 250 56 136 520 145 513 257 339 254 317 253 311 250 243 251 201 255"/></Shape>
        </TextBlock>
        <TextBlock HPOS="242.0"
                   VPOS="255.0"
                   WIDTH="81.0"
                   HEIGHT="27.0"
                   ID="region_1720033393654_15"
                   TAGREFS="BT4246">
          <Shape><Polygon POINTS="242 280 246 255 313 255 323 282"/></Shape>
        </TextBlock>
        <TextBlock HPOS="60.0"
                   VPOS="272.0"
                   WIDTH="174.0"
                   HEIGHT="35.0"
                   ID="region_1720033398744_18"
                   TAGREFS="BT4244">
          <Shape><Polygon POINTS="234 301 231 277 61 272 60 307"/></Shape>
        </TextBlock>
        <TextBlock HPOS="233.0"
                   VPOS="294.0"
                   WIDTH="82.0"
                   HEIGHT="29.0"
                   ID="region_1720033403955_21"
                   TAGREFS="BT4246">
          <Shape><Polygon POINTS="305 321 293 323 267 322 233 320 238 294 313 295 315 316"/></Shape>
        </TextBlock>
        <TextBlock HPOS="57.0"
                   VPOS="317.0"
                   WIDTH="457.0"
                   HEIGHT="56.0"
                   ID="region_1720033413916_24"
                   TAGREFS="BT4244">
          <Shape><Polygon POINTS="514 373 508 317 312 319 302 337 60 343 57 370"/></Shape>
        </TextBlock>
        <TextBlock HPOS="238.0"
                   VPOS="374.0"
                   WIDTH="90.0"
                   HEIGHT="24.0"
                   ID="region_1720033423486_27"
                   TAGREFS="BT4246">
          <Shape><Polygon POINTS="242 398 238 374 325 374 328 398"/></Shape>
        </TextBlock>
        <TextBlock HPOS="54.0"
                   VPOS="395.0"
                   WIDTH="419.0"
                   HEIGHT="168.0"
                   ID="region_1720033431414_30"
                   TAGREFS="BT4244">
          <Shape><Polygon POINTS="468 563 473 403 373 398 319 401 268 401 239 401 54 395 64 559"/></Shape>
        </TextBlock>
        <TextBlock HPOS="190.0"
                   VPOS="591.0"
                   WIDTH="213.0"
                   HEIGHT="33.0"
                   ID="region_1720033449015_36"
                   TAGREFS="BT4246">
          <Shape><Polygon POINTS="190 615 195 591 403 596 399 624"/></Shape>
        </TextBlock>
        <TextBlock HPOS="65.0"
                   VPOS="612.0"
                   WIDTH="47.0"
                   HEIGHT="45.0"
                   ID="region_1720033462766_39"
                   TAGREFS="BT4244">
          <Shape><Polygon POINTS="65 646 69 612 112 615 110 633 103 651 89 657"/></Shape>
        </TextBlock>
        <TextBlock HPOS="69.0"
                   VPOS="629.0"
                   WIDTH="458.0"
                   HEIGHT="339.0"
                   ID="region_1720033493221_42"
                   TAGREFS="BT4244">
          <Shape><Polygon POINTS="105 653 107 642 129 636 469 629 484 739 527 756 525 829 486 958 415 968 71 960 69 656 94 662"/></Shape>
        </TextBlock>
        <TextBlock HPOS="472.0"
                   VPOS="959.0"
                   WIDTH="47.0"
                   HEIGHT="26.0"
                   ID="region_1720033505090_45"
                   TAGREFS="BT4244">
          <Shape><Polygon POINTS="472 984 473 961 498 959 519 964 518 985"/></Shape>
        </TextBlock>
      </PrintSpace>
    </Page>
  </Layout>
</alto>
