<?xml version="1.0" encoding="UTF-8"?>
<alto xmlns:xsi="http://www.w3.org/2001/XMLSchema-instance"
      xmlns="http://www.loc.gov/standards/alto/ns-v4#"
      xsi:schemaLocation="http://www.loc.gov/standards/alto/ns-v4# http://www.loc.gov/standards/alto/v4/alto-4-2.xsd">
  <Description>
    <MeasurementUnit>pixel</MeasurementUnit>
    <sourceImageInformation>
      <fileName>1775-Saemmtliche_Poetische_Werke_Schmieder_Bd_1_VD18_90914260_NEU-040.png</fileName>
      <fileIdentifier>mets//export_doc3108_lena_alto_202503291248.zip/1775-Saemmtliche_Poetische_Werke_Schmieder_Bd_1_VD18_90914260_NEU-040.png</fileIdentifier>
    </sourceImageInformation>
  </Description>
  <Tags>
    <OtherTag ID="BT1" LABEL="Title" DESCRIPTION="block type Title"/><OtherTag ID="BT2" LABEL="Main" DESCRIPTION="block type Main"/><OtherTag ID="BT3" LABEL="Commentary" DESCRIPTION="block type Commentary"/><OtherTag ID="BT4" LABEL="Illustration" DESCRIPTION="block type Illustration"/><OtherTag ID="BT4244" LABEL="paragraph" DESCRIPTION="block type paragraph"/><OtherTag ID="BT4245" LABEL="footnote" DESCRIPTION="block type footnote"/><OtherTag ID="BT4246" LABEL="heading" DESCRIPTION="block type heading"/><OtherTag ID="BT4247" LABEL="l-column" DESCRIPTION="block type l-column"/><OtherTag ID="BT4248" LABEL="r-column" DESCRIPTION="block type r-column"/><OtherTag ID="BT4249" LABEL="marginalia" DESCRIPTION="block type marginalia"/><OtherTag ID="BT4250" LABEL="signature-mark" DESCRIPTION="block type signature-mark"/><OtherTag ID="BT4251" LABEL="catch-word" DESCRIPTION="block type catch-word"/><OtherTag ID="BT4252" LABEL="endnote" DESCRIPTION="block type endnote"/>
  </Tags>
  <Layout>
    <Page WIDTH="658"
          HEIGHT="1096"
          PHYSICAL_IMG_NR="76"
          ID="eSc_dummypage_">
      <PrintSpace HPOS="0"
                  VPOS="0"
                  WIDTH="658"
                  HEIGHT="1096">
        <TextBlock HPOS="119.0"
                   VPOS="93.0"
                   WIDTH="114.0"
                   HEIGHT="32.0"
                   ID="region_1719227230892_51"
                   TAGREFS="BT4244">
          <Shape><Polygon POINTS="233 125 119 125 119 93 233 93"/></Shape>
        </TextBlock>
        <TextBlock HPOS="284.0"
                   VPOS="87.0"
                   WIDTH="130.0"
                   HEIGHT="36.0"
                   ID="region_1719227235331_54"
                   TAGREFS="BT4244">
          <Shape><Polygon POINTS="414 123 284 123 284 87 414 87"/></Shape>
        </TextBlock>
        <TextBlock HPOS="115.0"
                   VPOS="134.0"
                   WIDTH="471.0"
                   HEIGHT="504.0"
                   ID="region_1719227246244_57"
                   TAGREFS="BT4244">
          <Shape><Polygon POINTS="115 638 584 620 586 134 115 134"/></Shape>
        </TextBlock>
        <TextBlock HPOS="185.0"
                   VPOS="633.0"
                   WIDTH="314.0"
                   HEIGHT="115.0"
                   ID="region_1719227253428_60"
                   TAGREFS="BT4244">
          <Shape><Polygon POINTS="185 748 499 741 489 633 189 643"/></Shape>
        </TextBlock>
        <TextBlock HPOS="125.0"
                   VPOS="748.0"
                   WIDTH="490.0"
                   HEIGHT="162.0"
                   ID="region_1719227257060_63"
                   TAGREFS="BT4244">
          <Shape><Polygon POINTS="129 861 400 865 430 910 611 908 615 748 125 757"/></Shape>
        </TextBlock>
        <TextBlock HPOS="150.0"
                   VPOS="915.0"
                   WIDTH="442.0"
                   HEIGHT="65.0"
                   ID="region_1719227265644_66"
                   TAGREFS="BT4245">
          <Shape><Polygon POINTS="156 980 589 970 592 915 150 923"/></Shape>
        </TextBlock>
      </PrintSpace>
    </Page>
  </Layout>
</alto>
