<?xml version="1.0" encoding="UTF-8"?>
<alto xmlns:xsi="http://www.w3.org/2001/XMLSchema-instance"
      xmlns="http://www.loc.gov/standards/alto/ns-v4#"
      xsi:schemaLocation="http://www.loc.gov/standards/alto/ns-v4# http://www.loc.gov/standards/alto/v4/alto-4-2.xsd">
  <Description>
    <MeasurementUnit>pixel</MeasurementUnit>
    <sourceImageInformation>
      <fileName>0012.jpg</fileName>
    </sourceImageInformation>
  </Description>
  <Tags>
    <OtherTag ID="BT1" LABEL="Title" DESCRIPTION="block type Title"/><OtherTag ID="BT2" LABEL="Main" DESCRIPTION="block type Main"/><OtherTag ID="BT3" LABEL="Commentary" DESCRIPTION="block type Commentary"/><OtherTag ID="BT4" LABEL="Illustration" DESCRIPTION="block type Illustration"/><OtherTag ID="BT3614" LABEL="header" DESCRIPTION="block type header"/><OtherTag ID="BT3615" LABEL="paragraph" DESCRIPTION="block type paragraph"/><OtherTag ID="BT3616" LABEL="heading" DESCRIPTION="block type heading"/><OtherTag ID="BT3617" LABEL="footnote" DESCRIPTION="block type footnote"/><OtherTag ID="BT3618" LABEL="l-column" DESCRIPTION="block type l-column"/><OtherTag ID="BT3619" LABEL="r-column" DESCRIPTION="block type r-column"/><OtherTag ID="BT3620" LABEL="marginalia" DESCRIPTION="block type marginalia"/>
  </Tags>
  <Layout>
    <Page WIDTH="682"
          HEIGHT="1079"
          PHYSICAL_IMG_NR="14"
          ID="eSc_dummypage_">
      <PrintSpace HPOS="0"
                  VPOS="0"
                  WIDTH="682"
                  HEIGHT="1079">
        <TextBlock HPOS="115"
                   VPOS="98"
                   WIDTH="56"
                   HEIGHT="36"
                   ID="region_1718377882694_37"
                   TAGREFS="BT3615">
          <Shape><Polygon POINTS="171 134 129 134 115 98 171 100"/></Shape>
        </TextBlock>
        <TextBlock HPOS="315"
                   VPOS="94"
                   WIDTH="161"
                   HEIGHT="35"
                   ID="region_1718377886093_40"
                   TAGREFS="BT3615">
          <Shape><Polygon POINTS="454 129 315 129 315 94 476 95"/></Shape>
        </TextBlock>
        <TextBlock HPOS="125.0"
                   VPOS="141.0"
                   WIDTH="511.0"
                   HEIGHT="631.0"
                   ID="region_1718377893837_43"
                   TAGREFS="BT3615">
          <Shape><Polygon POINTS="636 765 136 772 125 141 624 141"/></Shape>
        </TextBlock>
        <TextBlock HPOS="544"
                   VPOS="770"
                   WIDTH="99"
                   HEIGHT="34"
                   ID="region_1718377915452_55"
                   TAGREFS="BT3615">
          <Shape><Polygon POINTS="640 804 544 804 547 770 643 770"/></Shape>
        </TextBlock>
        <TextBlock HPOS="138.0"
                   VPOS="824.0"
                   WIDTH="245.0"
                   HEIGHT="148.0"
                   ID="region_1718451336772_49"
                   TAGREFS="BT3618">
          <Shape><Polygon POINTS="383 966 144 972 138 824 383 824"/></Shape>
        </TextBlock>
        <TextBlock HPOS="387.0"
                   VPOS="818.0"
                   WIDTH="261.0"
                   HEIGHT="147.0"
                   ID="region_1718451343720_52"
                   TAGREFS="BT3619">
          <Shape><Polygon POINTS="639 965 387 965 387 820 648 818"/></Shape>
        </TextBlock>
        <TextBlock HPOS="566"
                   VPOS="966"
                   WIDTH="62"
                   HEIGHT="23"
                   ID="region_1718451306956_45"
                   TAGREFS="BT3615">
          <Shape><Polygon POINTS="628 989 575 986 566 966 628 966"/></Shape>
        </TextBlock>
      </PrintSpace>
    </Page>
  </Layout>
</alto>
