<?xml version="1.0" encoding="UTF-8"?>
<alto xmlns:xsi="http://www.w3.org/2001/XMLSchema-instance"
      xmlns="http://www.loc.gov/standards/alto/ns-v4#"
      xsi:schemaLocation="http://www.loc.gov/standards/alto/ns-v4# http://www.loc.gov/standards/alto/v4/alto-4-2.xsd">
  <Description>
    <MeasurementUnit>pixel</MeasurementUnit>
    <sourceImageInformation>
      <fileName>0018.jpg</fileName>
    </sourceImageInformation>
  </Description>
  <Tags>
    <OtherTag ID="BT1" LABEL="Title" DESCRIPTION="block type Title"/><OtherTag ID="BT2" LABEL="Main" DESCRIPTION="block type Main"/><OtherTag ID="BT3" LABEL="Commentary" DESCRIPTION="block type Commentary"/><OtherTag ID="BT4" LABEL="Illustration" DESCRIPTION="block type Illustration"/><OtherTag ID="BT3614" LABEL="header" DESCRIPTION="block type header"/><OtherTag ID="BT3615" LABEL="paragraph" DESCRIPTION="block type paragraph"/><OtherTag ID="BT3616" LABEL="heading" DESCRIPTION="block type heading"/><OtherTag ID="BT3617" LABEL="footnote" DESCRIPTION="block type footnote"/><OtherTag ID="BT3618" LABEL="l-column" DESCRIPTION="block type l-column"/><OtherTag ID="BT3619" LABEL="r-column" DESCRIPTION="block type r-column"/><OtherTag ID="BT3620" LABEL="marginalia" DESCRIPTION="block type marginalia"/>
  </Tags>
  <Layout>
    <Page WIDTH="682"
          HEIGHT="1079"
          PHYSICAL_IMG_NR="15"
          ID="eSc_dummypage_">
      <PrintSpace HPOS="0"
                  VPOS="0"
                  WIDTH="682"
                  HEIGHT="1079">
        <TextBlock HPOS="145"
                   VPOS="93"
                   WIDTH="76"
                   HEIGHT="36"
                   ID="region_1718451683451_135"
                   TAGREFS="BT3615">
          <Shape><Polygon POINTS="221 129 149 129 145 93 221 95"/></Shape>
        </TextBlock>
        <TextBlock HPOS="305"
                   VPOS="88"
                   WIDTH="165"
                   HEIGHT="41"
                   ID="region_1718451686523_138"
                   TAGREFS="BT3615">
          <Shape><Polygon POINTS="453 129 305 129 305 88 470 91"/></Shape>
        </TextBlock>
        <TextBlock HPOS="152.0"
                   VPOS="139.0"
                   WIDTH="486.0"
                   HEIGHT="821.0"
                   ID="region_1718451692683_141"
                   TAGREFS="BT3615">
          <Shape><Polygon POINTS="638 954 152 960 154 139 634 139"/></Shape>
        </TextBlock>
        <TextBlock HPOS="567"
                   VPOS="957"
                   WIDTH="80"
                   HEIGHT="37"
                   ID="region_1718451715895_150"
                   TAGREFS="BT3615">
          <Shape><Polygon POINTS="647 994 567 993 567 959 635 957"/></Shape>
        </TextBlock>
      </PrintSpace>
    </Page>
  </Layout>
</alto>
