<?xml version="1.0" encoding="UTF-8"?>
<alto xmlns:xsi="http://www.w3.org/2001/XMLSchema-instance"
      xmlns="http://www.loc.gov/standards/alto/ns-v4#"
      xsi:schemaLocation="http://www.loc.gov/standards/alto/ns-v4# http://www.loc.gov/standards/alto/v4/alto-4-2.xsd">
  <Description>
    <MeasurementUnit>pixel</MeasurementUnit>
    <sourceImageInformation>
      <fileName>0049.jpg</fileName>
    </sourceImageInformation>
  </Description>
  <Tags>
    <OtherTag ID="BT1" LABEL="Title" DESCRIPTION="block type Title"/><OtherTag ID="BT2" LABEL="Main" DESCRIPTION="block type Main"/><OtherTag ID="BT3" LABEL="Commentary" DESCRIPTION="block type Commentary"/><OtherTag ID="BT4" LABEL="Illustration" DESCRIPTION="block type Illustration"/><OtherTag ID="BT3614" LABEL="header" DESCRIPTION="block type header"/><OtherTag ID="BT3615" LABEL="paragraph" DESCRIPTION="block type paragraph"/><OtherTag ID="BT3616" LABEL="heading" DESCRIPTION="block type heading"/><OtherTag ID="BT3617" LABEL="footnote" DESCRIPTION="block type footnote"/><OtherTag ID="BT3618" LABEL="l-column" DESCRIPTION="block type l-column"/><OtherTag ID="BT3619" LABEL="r-column" DESCRIPTION="block type r-column"/><OtherTag ID="BT3620" LABEL="marginalia" DESCRIPTION="block type marginalia"/>
  </Tags>
  <Layout>
    <Page WIDTH="682"
          HEIGHT="1079"
          PHYSICAL_IMG_NR="19"
          ID="eSc_dummypage_">
      <PrintSpace HPOS="0"
                  VPOS="0"
                  WIDTH="682"
                  HEIGHT="1079">
        <TextBlock HPOS="236"
                   VPOS="95"
                   WIDTH="161"
                   HEIGHT="36"
                   ID="region_1718640049665_316"
                   TAGREFS="BT3615">
          <Shape><Polygon POINTS="386 131 236 131 236 96 397 95"/></Shape>
        </TextBlock>
        <TextBlock HPOS="504"
                   VPOS="88"
                   WIDTH="58"
                   HEIGHT="51"
                   ID="region_1718640052001_319"
                   TAGREFS="BT3615">
          <Shape><Polygon POINTS="543 139 504 139 504 88 562 95"/></Shape>
        </TextBlock>
        <TextBlock HPOS="61.0"
                   VPOS="147.0"
                   WIDTH="338.0"
                   HEIGHT="64.0"
                   ID="region_1718640056301_322"
                   TAGREFS="BT3615">
          <Shape><Polygon POINTS="388 211 61 211 61 148 399 147"/></Shape>
        </TextBlock>
        <TextBlock HPOS="67.0"
                   VPOS="224.0"
                   WIDTH="34.0"
                   HEIGHT="32.0"
                   ID="region_1718640059953_325"
                   TAGREFS="BT3615">
          <Shape><Polygon POINTS="101 256 67 256 67 224 101 224"/></Shape>
        </TextBlock>
        <TextBlock HPOS="68.0"
                   VPOS="219.0"
                   WIDTH="241.0"
                   HEIGHT="87.0"
                   ID="region_1718640063937_328"
                   TAGREFS="BT3618">
          <Shape><Polygon POINTS="309 306 68 306 68 220 68 259 99 260 99 219 309 220"/></Shape>
        </TextBlock>
        <TextBlock HPOS="308.0"
                   VPOS="219.0"
                   WIDTH="242.0"
                   HEIGHT="85.0"
                   ID="region_1718640068425_331"
                   TAGREFS="BT3619">
          <Shape><Polygon POINTS="550 304 308 304 308 219 550 219"/></Shape>
        </TextBlock>
        <TextBlock HPOS="210.0"
                   VPOS="332.0"
                   WIDTH="208.0"
                   HEIGHT="47.0"
                   ID="region_1718640084609_337"
                   TAGREFS="BT3616">
          <Shape><Polygon POINTS="408 378 210 379 210 336 418 332"/></Shape>
        </TextBlock>
        <TextBlock HPOS="69.0"
                   VPOS="378.0"
                   WIDTH="44.0"
                   HEIGHT="54.0"
                   ID="region_1718640087133_340"
                   TAGREFS="BT3615">
          <Shape><Polygon POINTS="113 432 69 432 69 378 113 378"/></Shape>
        </TextBlock>
        <TextBlock HPOS="63.0"
                   VPOS="384.0"
                   WIDTH="487.0"
                   HEIGHT="172.0"
                   ID="region_1718640092513_343"
                   TAGREFS="BT3615">
          <Shape><Polygon POINTS="550 556 67 554 63 433 83 433 115 432 109 384 545 388"/></Shape>
        </TextBlock>
        <TextBlock HPOS="152.0"
                   VPOS="582.0"
                   WIDTH="355.0"
                   HEIGHT="39.0"
                   ID="region_1718640107120_349"
                   TAGREFS="BT3616">
          <Shape><Polygon POINTS="482 621 152 621 152 587 507 582"/></Shape>
        </TextBlock>
        <TextBlock HPOS="75.0"
                   VPOS="630.0"
                   WIDTH="59.0"
                   HEIGHT="47.0"
                   ID="region_1718640110105_352"
                   TAGREFS="BT3615">
          <Shape><Polygon POINTS="134 677 75 677 75 630 134 630"/></Shape>
        </TextBlock>
        <TextBlock HPOS="72.0"
                   VPOS="626.0"
                   WIDTH="441.0"
                   HEIGHT="132.0"
                   ID="region_1718640113813_355"
                   TAGREFS="BT3615">
          <Shape><Polygon POINTS="513 758 72 758 72 678 135 676 136 681 135 629 513 626"/></Shape>
        </TextBlock>
        <TextBlock HPOS="145.0"
                   VPOS="791.0"
                   WIDTH="367.0"
                   HEIGHT="46.0"
                   ID="region_1718640139793_361"
                   TAGREFS="BT3616">
          <Shape><Polygon POINTS="512 828 145 837 145 791 509 791"/></Shape>
        </TextBlock>
        <TextBlock HPOS="121.0"
                   VPOS="836.0"
                   WIDTH="48.0"
                   HEIGHT="49.0"
                   ID="region_1718640142392_364"
                   TAGREFS="BT3615">
          <Shape><Polygon POINTS="169 884 125 885 121 837 166 836"/></Shape>
        </TextBlock>
        <TextBlock HPOS="120.0"
                   VPOS="835.0"
                   WIDTH="370.0"
                   HEIGHT="139.0"
                   ID="region_1718640145668_367"
                   TAGREFS="BT3615">
          <Shape><Polygon POINTS="490 974 120 974 120 914 120 888 169 886 166 835 490 836"/></Shape>
        </TextBlock>
        <TextBlock HPOS="509"
                   VPOS="950"
                   WIDTH="84"
                   HEIGHT="35"
                   ID="region_1718640148360_370"
                   TAGREFS="BT3615">
          <Shape><Polygon POINTS="571 985 509 985 509 950 593 967"/></Shape>
        </TextBlock>
      </PrintSpace>
    </Page>
  </Layout>
</alto>
