<?xml version="1.0" encoding="UTF-8"?>
<alto xmlns:xsi="http://www.w3.org/2001/XMLSchema-instance"
      xmlns="http://www.loc.gov/standards/alto/ns-v4#"
      xsi:schemaLocation="http://www.loc.gov/standards/alto/ns-v4# http://www.loc.gov/standards/alto/v4/alto-4-2.xsd">
  <Description>
    <MeasurementUnit>pixel</MeasurementUnit>
    <sourceImageInformation>
      <fileName>0053.jpg</fileName>
    </sourceImageInformation>
  </Description>
  <Tags>
    <OtherTag ID="BT1" LABEL="Title" DESCRIPTION="block type Title"/><OtherTag ID="BT2" LABEL="Main" DESCRIPTION="block type Main"/><OtherTag ID="BT3" LABEL="Commentary" DESCRIPTION="block type Commentary"/><OtherTag ID="BT4" LABEL="Illustration" DESCRIPTION="block type Illustration"/><OtherTag ID="BT3614" LABEL="header" DESCRIPTION="block type header"/><OtherTag ID="BT3615" LABEL="paragraph" DESCRIPTION="block type paragraph"/><OtherTag ID="BT3616" LABEL="heading" DESCRIPTION="block type heading"/><OtherTag ID="BT3617" LABEL="footnote" DESCRIPTION="block type footnote"/><OtherTag ID="BT3618" LABEL="l-column" DESCRIPTION="block type l-column"/><OtherTag ID="BT3619" LABEL="r-column" DESCRIPTION="block type r-column"/><OtherTag ID="BT3620" LABEL="marginalia" DESCRIPTION="block type marginalia"/>
  </Tags>
  <Layout>
    <Page WIDTH="810"
          HEIGHT="1179"
          PHYSICAL_IMG_NR="9"
          ID="eSc_dummypage_">
      <PrintSpace HPOS="0"
                  VPOS="0"
                  WIDTH="810"
                  HEIGHT="1179">
        <TextBlock HPOS="218"
                   VPOS="112"
                   WIDTH="156"
                   HEIGHT="49"
                   ID="region_1718373694616_276"
                   TAGREFS="BT3615">
          <Shape><Polygon POINTS="374 161 218 161 218 112 366 116"/></Shape>
        </TextBlock>
        <TextBlock HPOS="493"
                   VPOS="108"
                   WIDTH="76"
                   HEIGHT="51"
                   ID="region_1718373698082_279"
                   TAGREFS="BT3615">
          <Shape><Polygon POINTS="569 152 493 159 493 108 563 108"/></Shape>
        </TextBlock>
        <TextBlock HPOS="40.0"
                   VPOS="173.0"
                   WIDTH="539.0"
                   HEIGHT="125.0"
                   ID="region_1718373703862_282"
                   TAGREFS="BT3616">
          <Shape><Polygon POINTS="579 291 40 298 40 173 569 173"/></Shape>
        </TextBlock>
        <TextBlock HPOS="52.0"
                   VPOS="304.0"
                   WIDTH="64.0"
                   HEIGHT="66.0"
                   ID="region_1718373714226_288"
                   TAGREFS="BT3615">
          <Shape><Polygon POINTS="114 370 52 367 52 304 116 309"/></Shape>
        </TextBlock>
        <TextBlock HPOS="53.0"
                   VPOS="301.0"
                   WIDTH="560.0"
                   HEIGHT="430.0"
                   ID="region_1718373710562_285"
                   TAGREFS="BT3615">
          <Shape><Polygon POINTS="613 681 397 731 54 725 53 370 116 373 116 318 116 313 585 301"/></Shape>
        </TextBlock>
        <TextBlock HPOS="493"
                   VPOS="723"
                   WIDTH="84"
                   HEIGHT="35"
                   ID="region_1718373725782_294"
                   TAGREFS="BT3615">
          <Shape><Polygon POINTS="577 758 493 753 493 723 556 723"/></Shape>
        </TextBlock>
        <TextBlock HPOS="110.0"
                   VPOS="787.0"
                   WIDTH="37.0"
                   HEIGHT="40.0"
                   ID="region_1718373743981_300"
                   TAGREFS="BT3615">
          <Shape><Polygon POINTS="147 827 110 825 110 788 147 787"/></Shape>
        </TextBlock>
        <TextBlock HPOS="109.0"
                   VPOS="787.0"
                   WIDTH="358.0"
                   HEIGHT="222.0"
                   ID="region_1718373741001_297"
                   TAGREFS="BT3615">
          <Shape><Polygon POINTS="467 1009 117 1009 109 820 145 827 147 789 463 787"/></Shape>
        </TextBlock>
        <TextBlock HPOS="285"
                   VPOS="1011"
                   WIDTH="73"
                   HEIGHT="33"
                   ID="region_1718373751445_306"
                   TAGREFS="BT3615">
          <Shape><Polygon POINTS="355 1044 285 1044 285 1011 358 1022"/></Shape>
        </TextBlock>
        <TextBlock HPOS="482"
                   VPOS="1010"
                   WIDTH="88"
                   HEIGHT="32"
                   ID="region_1718373754161_309"
                   TAGREFS="BT3615">
          <Shape><Polygon POINTS="569 1042 482 1032 482 1010 570 1010"/></Shape>
        </TextBlock>
      </PrintSpace>
    </Page>
  </Layout>
</alto>
