<?xml version="1.0" encoding="UTF-8"?>
<alto xmlns:xsi="http://www.w3.org/2001/XMLSchema-instance"
      xmlns="http://www.loc.gov/standards/alto/ns-v4#"
      xsi:schemaLocation="http://www.loc.gov/standards/alto/ns-v4# http://www.loc.gov/standards/alto/v4/alto-4-2.xsd">
  <Description>
    <MeasurementUnit>pixel</MeasurementUnit>
    <sourceImageInformation>
      <fileName>0057.jpg</fileName>
    </sourceImageInformation>
  </Description>
  <Tags>
    <OtherTag ID="BT1" LABEL="Title" DESCRIPTION="block type Title"/><OtherTag ID="BT2" LABEL="Main" DESCRIPTION="block type Main"/><OtherTag ID="BT3" LABEL="Commentary" DESCRIPTION="block type Commentary"/><OtherTag ID="BT4" LABEL="Illustration" DESCRIPTION="block type Illustration"/><OtherTag ID="BT3614" LABEL="header" DESCRIPTION="block type header"/><OtherTag ID="BT3615" LABEL="paragraph" DESCRIPTION="block type paragraph"/><OtherTag ID="BT3616" LABEL="heading" DESCRIPTION="block type heading"/><OtherTag ID="BT3617" LABEL="footnote" DESCRIPTION="block type footnote"/><OtherTag ID="BT3618" LABEL="l-column" DESCRIPTION="block type l-column"/><OtherTag ID="BT3619" LABEL="r-column" DESCRIPTION="block type r-column"/><OtherTag ID="BT3620" LABEL="marginalia" DESCRIPTION="block type marginalia"/>
  </Tags>
  <Layout>
    <Page WIDTH="682"
          HEIGHT="1079"
          PHYSICAL_IMG_NR="16"
          ID="eSc_dummypage_">
      <PrintSpace HPOS="0"
                  VPOS="0"
                  WIDTH="682"
                  HEIGHT="1079">
        <TextBlock HPOS="170"
                   VPOS="96"
                   WIDTH="215"
                   HEIGHT="32"
                   ID="region_1718452007346_356"
                   TAGREFS="BT3615">
          <Shape><Polygon POINTS="385 128 170 126 170 96 367 96"/></Shape>
        </TextBlock>
        <TextBlock HPOS="458"
                   VPOS="96"
                   WIDTH="55"
                   HEIGHT="33"
                   ID="region_1718452010386_359"
                   TAGREFS="BT3615">
          <Shape><Polygon POINTS="513 129 458 129 458 96 513 96"/></Shape>
        </TextBlock>
        <TextBlock HPOS="37.0"
                   VPOS="138.0"
                   WIDTH="490.0"
                   HEIGHT="262.0"
                   ID="region_1718452014222_362"
                   TAGREFS="BT3615">
          <Shape><Polygon POINTS="527 398 37 400 37 138 519 138"/></Shape>
        </TextBlock>
        <TextBlock HPOS="44.0"
                   VPOS="419.0"
                   WIDTH="489.0"
                   HEIGHT="99.0"
                   ID="region_1718452045970_370"
                   TAGREFS="BT3616">
          <Shape><Polygon POINTS="531 518 44 518 46 419 533 419"/></Shape>
        </TextBlock>
        <TextBlock HPOS="47.0"
                   VPOS="526.0"
                   WIDTH="34.0"
                   HEIGHT="37.0"
                   ID="region_1718452049755_373"
                   TAGREFS="BT3615">
          <Shape><Polygon POINTS="81 563 47 563 47 526 81 526"/></Shape>
        </TextBlock>
        <TextBlock HPOS="40.0"
                   VPOS="523.0"
                   WIDTH="483.0"
                   HEIGHT="173.0"
                   ID="region_1718452056934_376"
                   TAGREFS="BT3615">
          <Shape><Polygon POINTS="523 696 41 696 40 565 79 564 80 523 523 528"/></Shape>
        </TextBlock>
        <TextBlock HPOS="473"
                   VPOS="697"
                   WIDTH="53"
                   HEIGHT="26"
                   ID="region_1718452059487_379"
                   TAGREFS="BT3615">
          <Shape><Polygon POINTS="526 723 479 717 473 697 521 698"/></Shape>
        </TextBlock>
        <TextBlock HPOS="62.0"
                   VPOS="724.0"
                   WIDTH="422.0"
                   HEIGHT="252.0"
                   ID="region_1718452076902_382"
                   TAGREFS="BT3615">
          <Shape><Polygon POINTS="484 976 62 976 62 724 484 724"/></Shape>
        </TextBlock>
      </PrintSpace>
    </Page>
  </Layout>
</alto>
