<?xml version="1.0" encoding="UTF-8"?>
<alto xmlns:xsi="http://www.w3.org/2001/XMLSchema-instance"
      xmlns="http://www.loc.gov/standards/alto/ns-v4#"
      xsi:schemaLocation="http://www.loc.gov/standards/alto/ns-v4# http://www.loc.gov/standards/alto/v4/alto-4-2.xsd">
  <Description>
    <MeasurementUnit>pixel</MeasurementUnit>
    <sourceImageInformation>
      <fileName>0314.jpg</fileName>
    </sourceImageInformation>
  </Description>
  <Tags>
    <OtherTag ID="BT1" LABEL="Title" DESCRIPTION="block type Title"/><OtherTag ID="BT2" LABEL="Main" DESCRIPTION="block type Main"/><OtherTag ID="BT3" LABEL="Commentary" DESCRIPTION="block type Commentary"/><OtherTag ID="BT4" LABEL="Illustration" DESCRIPTION="block type Illustration"/><OtherTag ID="BT3614" LABEL="header" DESCRIPTION="block type header"/><OtherTag ID="BT3615" LABEL="paragraph" DESCRIPTION="block type paragraph"/><OtherTag ID="BT3616" LABEL="heading" DESCRIPTION="block type heading"/><OtherTag ID="BT3617" LABEL="footnote" DESCRIPTION="block type footnote"/><OtherTag ID="BT3618" LABEL="l-column" DESCRIPTION="block type l-column"/><OtherTag ID="BT3619" LABEL="r-column" DESCRIPTION="block type r-column"/><OtherTag ID="BT3620" LABEL="marginalia" DESCRIPTION="block type marginalia"/>
  </Tags>
  <Layout>
    <Page WIDTH="810"
          HEIGHT="1179"
          PHYSICAL_IMG_NR="10"
          ID="eSc_dummypage_">
      <PrintSpace HPOS="0"
                  VPOS="0"
                  WIDTH="810"
                  HEIGHT="1179">
        <TextBlock HPOS="231"
                   VPOS="125"
                   WIDTH="55"
                   HEIGHT="32"
                   ID="region_1719934316846_508"
                   TAGREFS="BT3615">
          <Shape><Polygon POINTS="286 154 231 157 231 125 276 125"/></Shape>
        </TextBlock>
        <TextBlock HPOS="330"
                   VPOS="119"
                   WIDTH="305"
                   HEIGHT="44"
                   ID="region_1719934314258_505"
                   TAGREFS="BT3615">
          <Shape><Polygon POINTS="623 163 330 163 330 121 635 119"/></Shape>
        </TextBlock>
        <TextBlock HPOS="216.0"
                   VPOS="176.0"
                   WIDTH="545.0"
                   HEIGHT="668.0"
                   ID="region_1719934321282_511"
                   TAGREFS="BT3615">
          <Shape><Polygon POINTS="761 844 216 841 224 176 721 176"/></Shape>
        </TextBlock>
        <TextBlock HPOS="642"
                   VPOS="845"
                   WIDTH="75"
                   HEIGHT="36"
                   ID="region_1719934335194_520"
                   TAGREFS="BT3615">
          <Shape><Polygon POINTS="717 881 642 881 642 845 716 850"/></Shape>
        </TextBlock>
        <TextBlock HPOS="262.0"
                   VPOS="893.0"
                   WIDTH="204.0"
                   HEIGHT="23.0"
                   ID="region_1719934357786_526"
                   TAGREFS="BT3617">
          <Shape><Polygon POINTS="466 916 262 916 262 893 466 893"/></Shape>
        </TextBlock>
        <TextBlock HPOS="259.0"
                   VPOS="917.0"
                   WIDTH="208.0"
                   HEIGHT="21.0"
                   ID="region_1719934364410_529"
                   TAGREFS="BT3617">
          <Shape><Polygon POINTS="467 938 259 938 259 917 467 917"/></Shape>
        </TextBlock>
        <TextBlock HPOS="258.0"
                   VPOS="939.0"
                   WIDTH="208.0"
                   HEIGHT="20.0"
                   ID="region_1719934369598_532"
                   TAGREFS="BT3617">
          <Shape><Polygon POINTS="466 959 258 959 258 939 466 939"/></Shape>
        </TextBlock>
        <TextBlock HPOS="260.0"
                   VPOS="960.0"
                   WIDTH="145.0"
                   HEIGHT="14.0"
                   ID="region_1719934373266_535"
                   TAGREFS="BT3617">
          <Shape><Polygon POINTS="405 974 260 974 260 960 405 960"/></Shape>
        </TextBlock>
        <TextBlock HPOS="258.0"
                   VPOS="976.0"
                   WIDTH="455.0"
                   HEIGHT="62.0"
                   ID="region_1719934380542_538"
                   TAGREFS="BT3617">
          <Shape><Polygon POINTS="711 1038 258 1038 260 976 713 976"/></Shape>
        </TextBlock>
      </PrintSpace>
    </Page>
  </Layout>
</alto>
