<?xml version="1.0" encoding="UTF-8"?>
<alto xmlns:xsi="http://www.w3.org/2001/XMLSchema-instance"
      xmlns="http://www.loc.gov/standards/alto/ns-v4#"
      xsi:schemaLocation="http://www.loc.gov/standards/alto/ns-v4# http://www.loc.gov/standards/alto/v4/alto-4-2.xsd">
  <Description>
    <MeasurementUnit>pixel</MeasurementUnit>
    <sourceImageInformation>
      <fileName>1757,_Saemtliche_Poetische_Werke,_Bohn,_1._Aufl.,_Bd._2,_VD18_90396731_Seite_171_Bild_0001.jpg</fileName>
    </sourceImageInformation>
  </Description>
  <Tags>
    <OtherTag ID="BT1" LABEL="Title" DESCRIPTION="block type Title"/><OtherTag ID="BT2" LABEL="Main" DESCRIPTION="block type Main"/><OtherTag ID="BT3" LABEL="Commentary" DESCRIPTION="block type Commentary"/><OtherTag ID="BT4" LABEL="Illustration" DESCRIPTION="block type Illustration"/><OtherTag ID="BT3614" LABEL="header" DESCRIPTION="block type header"/><OtherTag ID="BT3615" LABEL="paragraph" DESCRIPTION="block type paragraph"/><OtherTag ID="BT3616" LABEL="heading" DESCRIPTION="block type heading"/><OtherTag ID="BT3617" LABEL="footnote" DESCRIPTION="block type footnote"/><OtherTag ID="BT3618" LABEL="l-column" DESCRIPTION="block type l-column"/><OtherTag ID="BT3619" LABEL="r-column" DESCRIPTION="block type r-column"/><OtherTag ID="BT3620" LABEL="marginalia" DESCRIPTION="block type marginalia"/>
  </Tags>
  <Layout>
    <Page WIDTH="1153"
          HEIGHT="1919"
          PHYSICAL_IMG_NR="11"
          ID="eSc_dummypage_">
      <PrintSpace HPOS="0"
                  VPOS="0"
                  WIDTH="1153"
                  HEIGHT="1919">
        <TextBlock HPOS="123"
                   VPOS="6"
                   WIDTH="104"
                   HEIGHT="60"
                   ID="region_1720345099553_3"
                   TAGREFS="BT3615">
          <Shape><Polygon POINTS="227 51 123 66 123 6 223 6"/></Shape>
        </TextBlock>
        <TextBlock HPOS="386"
                   VPOS="-3"
                   WIDTH="520"
                   HEIGHT="68"
                   ID="region_1720345104228_6"
                   TAGREFS="BT3615">
          <Shape><Polygon POINTS="906 64 386 65 386 -3 893 -3"/></Shape>
        </TextBlock>
        <TextBlock HPOS="121.0"
                   VPOS="82.0"
                   WIDTH="836.0"
                   HEIGHT="191.0"
                   ID="region_1720345109236_9"
                   TAGREFS="BT3615">
          <Shape><Polygon POINTS="957 269 121 273 121 82 941 82"/></Shape>
        </TextBlock>
        <TextBlock HPOS="458.0"
                   VPOS="344.0"
                   WIDTH="356.0"
                   HEIGHT="76.0"
                   ID="region_1720345112972_12"
                   TAGREFS="BT3616">
          <Shape><Polygon POINTS="794 420 458 420 458 345 814 344"/></Shape>
        </TextBlock>
        <TextBlock HPOS="124.0"
                   VPOS="420.0"
                   WIDTH="114.0"
                   HEIGHT="96.0"
                   ID="region_1720345117380_15"
                   TAGREFS="BT3615">
          <Shape><Polygon POINTS="238 516 136 516 124 420 238 427"/></Shape>
        </TextBlock>
        <TextBlock HPOS="111.0"
                   VPOS="423.0"
                   WIDTH="985.0"
                   HEIGHT="952.0"
                   ID="region_1720345123496_18"
                   TAGREFS="BT3615">
          <Shape><Polygon POINTS="1096 1364 111 1375 129 625 129 522 242 521 241 423 1075 432"/></Shape>
        </TextBlock>
        <TextBlock HPOS="990"
                   VPOS="1374"
                   WIDTH="114"
                   HEIGHT="39"
                   ID="region_1720345134536_21"
                   TAGREFS="BT3615">
          <Shape><Polygon POINTS="1104 1412 990 1413 990 1374 1087 1374"/></Shape>
        </TextBlock>
        <TextBlock HPOS="111.0"
                   VPOS="1418.0"
                   WIDTH="986.0"
                   HEIGHT="176.0"
                   ID="region_1720345141152_24"
                   TAGREFS="BT3617">
          <Shape><Polygon POINTS="1097 1594 117 1594 111 1418 1091 1418"/></Shape>
        </TextBlock>
        <TextBlock HPOS="107.0"
                   VPOS="1600.0"
                   WIDTH="982.0"
                   HEIGHT="69.0"
                   ID="region_1721040649665_146"
                   TAGREFS="BT3617">
          <Shape><Polygon POINTS="1089 1669 107 1669 107 1600 1089 1600"/></Shape>
        </TextBlock>
        <TextBlock HPOS="90.0"
                   VPOS="1669.0"
                   WIDTH="1005.0"
                   HEIGHT="178.0"
                   ID="region_1721040652773_149"
                   TAGREFS="BT3617">
          <Shape><Polygon POINTS="1095 1847 90 1847 90 1669 1095 1669"/></Shape>
        </TextBlock>
      </PrintSpace>
    </Page>
  </Layout>
</alto>
