<?xml version="1.0" encoding="UTF-8"?>
<alto xmlns:xsi="http://www.w3.org/2001/XMLSchema-instance"
      xmlns="http://www.loc.gov/standards/alto/ns-v4#"
      xsi:schemaLocation="http://www.loc.gov/standards/alto/ns-v4# http://www.loc.gov/standards/alto/v4/alto-4-2.xsd">
  <Description>
    <MeasurementUnit>pixel</MeasurementUnit>
    <sourceImageInformation>
      <fileName>1757, Poetische Werke, Bohn, Bd. 1, VD18 9033213X_NEU-0018.jpeg</fileName>
    </sourceImageInformation>
  </Description>
  <Tags>
    <OtherTag ID="BT1" LABEL="Title" DESCRIPTION="block type Title"/><OtherTag ID="BT2" LABEL="Main" DESCRIPTION="block type Main"/><OtherTag ID="BT3" LABEL="Commentary" DESCRIPTION="block type Commentary"/><OtherTag ID="BT4" LABEL="Illustration" DESCRIPTION="block type Illustration"/><OtherTag ID="BT3614" LABEL="header" DESCRIPTION="block type header"/><OtherTag ID="BT3615" LABEL="paragraph" DESCRIPTION="block type paragraph"/><OtherTag ID="BT3616" LABEL="heading" DESCRIPTION="block type heading"/><OtherTag ID="BT3617" LABEL="footnote" DESCRIPTION="block type footnote"/><OtherTag ID="BT3618" LABEL="l-column" DESCRIPTION="block type l-column"/><OtherTag ID="BT3619" LABEL="r-column" DESCRIPTION="block type r-column"/><OtherTag ID="BT3620" LABEL="marginalia" DESCRIPTION="block type marginalia"/>
  </Tags>
  <Layout>
    <Page WIDTH="1505"
          HEIGHT="2338"
          PHYSICAL_IMG_NR="3"
          ID="eSc_dummypage_">
      <PrintSpace HPOS="0"
                  VPOS="0"
                  WIDTH="1505"
                  HEIGHT="2338">
        <TextBlock HPOS="372"
                   VPOS="270"
                   WIDTH="130"
                   HEIGHT="71"
                   ID="region_1718957345059_72"
                   TAGREFS="BT3615">
          <Shape><Polygon POINTS="478 341 372 341 372 272 502 270"/></Shape>
        </TextBlock>
        <TextBlock HPOS="702"
                   VPOS="245"
                   WIDTH="371"
                   HEIGHT="107"
                   ID="region_1718957348597_75"
                   TAGREFS="BT3615">
          <Shape><Polygon POINTS="1015 352 702 352 702 261 1073 245"/></Shape>
        </TextBlock>
        <TextBlock HPOS="340.0"
                   VPOS="375.0"
                   WIDTH="1020.0"
                   HEIGHT="290.0"
                   ID="region_1718957355181_78"
                   TAGREFS="BT3615">
          <Shape><Polygon POINTS="1360 665 340 664 360 375 1360 375"/></Shape>
        </TextBlock>
        <TextBlock HPOS="1185"
                   VPOS="665"
                   WIDTH="194"
                   HEIGHT="73"
                   ID="region_1718957362078_81"
                   TAGREFS="BT3615">
          <Shape><Polygon POINTS="1357 738 1185 738 1185 665 1379 673"/></Shape>
        </TextBlock>
        <TextBlock HPOS="369.0"
                   VPOS="760.0"
                   WIDTH="970.0"
                   HEIGHT="1273.0"
                   ID="region_1718957429294_93"
                   TAGREFS="BT3615">
          <Shape><Polygon POINTS="1339 2033 369 2016 401 760 1339 760"/></Shape>
        </TextBlock>
        <TextBlock HPOS="1162"
                   VPOS="2034"
                   WIDTH="159"
                   HEIGHT="69"
                   ID="region_1718957412262_89"
                   TAGREFS="BT3615">
          <Shape><Polygon POINTS="1320 2093 1162 2103 1168 2034 1321 2036"/></Shape>
        </TextBlock>
      </PrintSpace>
    </Page>
  </Layout>
</alto>
