<?xml version="1.0" encoding="UTF-8"?>
<alto xmlns:xsi="http://www.w3.org/2001/XMLSchema-instance"
      xmlns="http://www.loc.gov/standards/alto/ns-v4#"
      xsi:schemaLocation="http://www.loc.gov/standards/alto/ns-v4# http://www.loc.gov/standards/alto/v4/alto-4-2.xsd">
  <Description>
    <MeasurementUnit>pixel</MeasurementUnit>
    <sourceImageInformation>
      <fileName>1757, Poetische Werke, Bohn, Bd. 1, VD18 9033213X_NEU-0015.jpeg</fileName>
    </sourceImageInformation>
  </Description>
  <Tags>
    <OtherTag ID="BT1" LABEL="Title" DESCRIPTION="block type Title"/><OtherTag ID="BT2" LABEL="Main" DESCRIPTION="block type Main"/><OtherTag ID="BT3" LABEL="Commentary" DESCRIPTION="block type Commentary"/><OtherTag ID="BT4" LABEL="Illustration" DESCRIPTION="block type Illustration"/><OtherTag ID="BT3614" LABEL="header" DESCRIPTION="block type header"/><OtherTag ID="BT3615" LABEL="paragraph" DESCRIPTION="block type paragraph"/><OtherTag ID="BT3616" LABEL="heading" DESCRIPTION="block type heading"/><OtherTag ID="BT3617" LABEL="footnote" DESCRIPTION="block type footnote"/><OtherTag ID="BT3618" LABEL="l-column" DESCRIPTION="block type l-column"/><OtherTag ID="BT3619" LABEL="r-column" DESCRIPTION="block type r-column"/><OtherTag ID="BT3620" LABEL="marginalia" DESCRIPTION="block type marginalia"/>
  </Tags>
  <Layout>
    <Page WIDTH="1505"
          HEIGHT="2338"
          PHYSICAL_IMG_NR="0"
          ID="eSc_dummypage_">
      <PrintSpace HPOS="0"
                  VPOS="0"
                  WIDTH="1505"
                  HEIGHT="2338">
        <TextBlock HPOS="443"
                   VPOS="276"
                   WIDTH="462"
                   HEIGHT="114"
                   ID="region_1718282684709_42"
                   TAGREFS="BT3615">
          <Shape><Polygon POINTS="871 390 443 390 443 280 905 276"/></Shape>
        </TextBlock>
        <TextBlock HPOS="172.0"
                   VPOS="457.0"
                   WIDTH="184.0"
                   HEIGHT="212.0"
                   ID="region_1718282692063_45"
                   TAGREFS="BT3615">
          <Shape><Polygon POINTS="356 669 172 669 172 457 356 457"/></Shape>
        </TextBlock>
        <TextBlock HPOS="145.0"
                   VPOS="486.0"
                   WIDTH="1030.0"
                   HEIGHT="1415.0"
                   ID="region_1718282728796_64"
                   TAGREFS="BT3615">
          <Shape><Polygon POINTS="1175 1877 175 1901 145 675 354 671 352 486 1129 506"/></Shape>
        </TextBlock>
        <TextBlock HPOS="640"
                   VPOS="1901"
                   WIDTH="196"
                   HEIGHT="79"
                   ID="region_1718282927495_77"
                   TAGREFS="BT3615">
          <Shape><Polygon POINTS="791 1980 640 1980 640 1901 836 1903"/></Shape>
        </TextBlock>
        <TextBlock HPOS="954"
                   VPOS="1897"
                   WIDTH="236"
                   HEIGHT="78"
                   ID="region_1718282923404_74"
                   TAGREFS="BT3615">
          <Shape><Polygon POINTS="1160 1975 954 1975 954 1897 1190 1898"/></Shape>
        </TextBlock>
        <TextBlock HPOS="176.0"
                   VPOS="1987.0"
                   WIDTH="1018.0"
                   HEIGHT="139.0"
                   ID="region_1718282935284_80"
                   TAGREFS="BT3617">
          <Shape><Polygon POINTS="1175 2126 176 2115 176 1987 1194 1987"/></Shape>
        </TextBlock>
        <TextBlock HPOS="1400"
                   VPOS="1192"
                   WIDTH="55"
                   HEIGHT="513"
                   ID="eSc_textblock_364de1a8"
                   >
          <Shape><Polygon POINTS="1455 1705 1455 1192 1400 1192 1400 1705"/></Shape>
        </TextBlock>
      </PrintSpace>
    </Page>
  </Layout>
</alto>
