<?xml version="1.0" encoding="UTF-8"?>
<alto xmlns:xsi="http://www.w3.org/2001/XMLSchema-instance"
      xmlns="http://www.loc.gov/standards/alto/ns-v4#"
      xsi:schemaLocation="http://www.loc.gov/standards/alto/ns-v4# http://www.loc.gov/standards/alto/v4/alto-4-2.xsd">
  <Description>
    <MeasurementUnit>pixel</MeasurementUnit>
    <sourceImageInformation>
      <fileName>1757, Poetische Werke, Bohn, Bd. 2, VD18 90332148_NEU-0023.jpeg</fileName>
    </sourceImageInformation>
  </Description>
  <Tags>
    <OtherTag ID="BT1" LABEL="Title" DESCRIPTION="block type Title"/><OtherTag ID="BT2" LABEL="Main" DESCRIPTION="block type Main"/><OtherTag ID="BT3" LABEL="Commentary" DESCRIPTION="block type Commentary"/><OtherTag ID="BT4" LABEL="Illustration" DESCRIPTION="block type Illustration"/><OtherTag ID="BT3614" LABEL="header" DESCRIPTION="block type header"/><OtherTag ID="BT3615" LABEL="paragraph" DESCRIPTION="block type paragraph"/><OtherTag ID="BT3616" LABEL="heading" DESCRIPTION="block type heading"/><OtherTag ID="BT3617" LABEL="footnote" DESCRIPTION="block type footnote"/><OtherTag ID="BT3618" LABEL="l-column" DESCRIPTION="block type l-column"/><OtherTag ID="BT3619" LABEL="r-column" DESCRIPTION="block type r-column"/><OtherTag ID="BT3620" LABEL="marginalia" DESCRIPTION="block type marginalia"/>
  </Tags>
  <Layout>
    <Page WIDTH="1574"
          HEIGHT="2338"
          PHYSICAL_IMG_NR="6"
          ID="eSc_dummypage_">
      <PrintSpace HPOS="0"
                  VPOS="0"
                  WIDTH="1574"
                  HEIGHT="2338">
        <TextBlock HPOS="413"
                   VPOS="266"
                   WIDTH="282"
                   HEIGHT="93"
                   ID="region_1718288365353_277"
                   TAGREFS="BT3615">
          <Shape><Polygon POINTS="695 359 413 359 413 266 677 269"/></Shape>
        </TextBlock>
        <TextBlock HPOS="951"
                   VPOS="299"
                   WIDTH="89"
                   HEIGHT="59"
                   ID="region_1718288372890_283"
                   TAGREFS="BT3615">
          <Shape><Polygon POINTS="1033 358 951 357 955 299 1040 299"/></Shape>
        </TextBlock>
        <TextBlock HPOS="68.0"
                   VPOS="367.0"
                   WIDTH="952.0"
                   HEIGHT="128.0"
                   ID="region_1718288370246_280"
                   TAGREFS="BT3616">
          <Shape><Polygon POINTS="1020 495 68 495 68 367 1020 367"/></Shape>
        </TextBlock>
        <TextBlock HPOS="107.0"
                   VPOS="500.0"
                   WIDTH="916.0"
                   HEIGHT="126.0"
                   ID="region_1718288377542_286"
                   TAGREFS="BT3615">
          <Shape><Polygon POINTS="1023 626 107 626 107 500 1023 500"/></Shape>
        </TextBlock>
        <TextBlock HPOS="86.0"
                   VPOS="659.0"
                   WIDTH="66.0"
                   HEIGHT="94.0"
                   ID="region_1718288381638_289"
                   TAGREFS="BT3615">
          <Shape><Polygon POINTS="152 753 86 753 86 659 152 659"/></Shape>
        </TextBlock>
        <TextBlock HPOS="60.0"
                   VPOS="660.0"
                   WIDTH="978.0"
                   HEIGHT="938.0"
                   ID="region_1718288385366_292"
                   TAGREFS="BT3615">
          <Shape><Polygon POINTS="1029 1598 60 1598 62 793 63 770 157 766 153 661 1038 660"/></Shape>
        </TextBlock>
        <TextBlock HPOS="610"
                   VPOS="1607"
                   WIDTH="137"
                   HEIGHT="51"
                   ID="region_1718288408730_306"
                   TAGREFS="BT3615">
          <Shape><Polygon POINTS="747 1658 614 1654 610 1607 743 1611"/></Shape>
        </TextBlock>
        <TextBlock HPOS="952"
                   VPOS="1604"
                   WIDTH="112"
                   HEIGHT="71"
                   ID="region_1718288417658_309"
                   TAGREFS="BT3615">
          <Shape><Polygon POINTS="1064 1675 952 1675 960 1610 1064 1604"/></Shape>
        </TextBlock>
        <TextBlock HPOS="71.0"
                   VPOS="1721.0"
                   WIDTH="1038.0"
                   HEIGHT="373.0"
                   ID="region_1718288433278_312"
                   TAGREFS="BT3617">
          <Shape><Polygon POINTS="1077 2080 71 2094 71 1721 1109 1721"/></Shape>
        </TextBlock>
      </PrintSpace>
    </Page>
  </Layout>
</alto>
