<?xml version="1.0" encoding="UTF-8"?>
<alto xmlns:xsi="http://www.w3.org/2001/XMLSchema-instance"
      xmlns="http://www.loc.gov/standards/alto/ns-v4#"
      xsi:schemaLocation="http://www.loc.gov/standards/alto/ns-v4# http://www.loc.gov/standards/alto/v4/alto-4-2.xsd">
  <Description>
    <MeasurementUnit>pixel</MeasurementUnit>
    <sourceImageInformation>
      <fileName>1764,_Saemtliche_Poetische_Werke,_Bohn,_3._Aufl.,_Bd._3,_VD18_80365043_Seite_181_Bild_0001.jpg</fileName>
    </sourceImageInformation>
  </Description>
  <Tags>
    <OtherTag ID="BT1" LABEL="Title" DESCRIPTION="block type Title"/><OtherTag ID="BT2" LABEL="Main" DESCRIPTION="block type Main"/><OtherTag ID="BT3" LABEL="Commentary" DESCRIPTION="block type Commentary"/><OtherTag ID="BT4" LABEL="Illustration" DESCRIPTION="block type Illustration"/><OtherTag ID="BT3614" LABEL="header" DESCRIPTION="block type header"/><OtherTag ID="BT3615" LABEL="paragraph" DESCRIPTION="block type paragraph"/><OtherTag ID="BT3616" LABEL="heading" DESCRIPTION="block type heading"/><OtherTag ID="BT3617" LABEL="footnote" DESCRIPTION="block type footnote"/><OtherTag ID="BT3618" LABEL="l-column" DESCRIPTION="block type l-column"/><OtherTag ID="BT3619" LABEL="r-column" DESCRIPTION="block type r-column"/><OtherTag ID="BT3620" LABEL="marginalia" DESCRIPTION="block type marginalia"/>
  </Tags>
  <Layout>
    <Page WIDTH="949"
          HEIGHT="1500"
          PHYSICAL_IMG_NR="21"
          ID="eSc_dummypage_">
      <PrintSpace HPOS="0"
                  VPOS="0"
                  WIDTH="949"
                  HEIGHT="1500">
        <TextBlock HPOS="334"
                   VPOS="127"
                   WIDTH="268"
                   HEIGHT="47"
                   ID="region_1720346214158_333"
                   TAGREFS="BT3615">
          <Shape><Polygon POINTS="602 174 334 174 334 130 595 127"/></Shape>
        </TextBlock>
        <TextBlock HPOS="700"
                   VPOS="133"
                   WIDTH="84"
                   HEIGHT="41"
                   ID="region_1720346216518_336"
                   TAGREFS="BT3615">
          <Shape><Polygon POINTS="784 169 700 174 700 133 780 133"/></Shape>
        </TextBlock>
        <TextBlock HPOS="72.0"
                   VPOS="188.0"
                   WIDTH="719.0"
                   HEIGHT="1000.0"
                   ID="region_1720346223262_339"
                   TAGREFS="BT3615">
          <Shape><Polygon POINTS="791 1172 72 1188 72 188 787 188"/></Shape>
        </TextBlock>
        <TextBlock HPOS="452"
                   VPOS="1187"
                   WIDTH="81"
                   HEIGHT="32"
                   ID="region_1720346227613_342"
                   TAGREFS="BT3615">
          <Shape><Polygon POINTS="533 1219 452 1219 454 1188 533 1187"/></Shape>
        </TextBlock>
        <TextBlock HPOS="652"
                   VPOS="1180"
                   WIDTH="124"
                   HEIGHT="43"
                   ID="region_1720346231834_345"
                   TAGREFS="BT3615">
          <Shape><Polygon POINTS="776 1223 653 1223 652 1180 775 1180"/></Shape>
        </TextBlock>
        <TextBlock HPOS="128"
                   VPOS="1237"
                   WIDTH="264"
                   HEIGHT="34"
                   ID="region_1720346241985_351"
                   TAGREFS="BT3618">
          <Shape><Polygon POINTS="392 1266 128 1271 133 1241 372 1237"/></Shape>
        </TextBlock>
        <TextBlock HPOS="140"
                   VPOS="1271"
                   WIDTH="203"
                   HEIGHT="21"
                   ID="region_1721040269957_75"
                   TAGREFS="BT3618">
          <Shape><Polygon POINTS="341 1287 140 1292 141 1276 343 1271"/></Shape>
        </TextBlock>
        <TextBlock HPOS="123"
                   VPOS="1288"
                   WIDTH="324"
                   HEIGHT="53"
                   ID="region_1721040274733_78"
                   TAGREFS="BT3618">
          <Shape><Polygon POINTS="442 1341 123 1341 123 1293 447 1288"/></Shape>
        </TextBlock>
        <TextBlock HPOS="452"
                   VPOS="1234"
                   WIDTH="322"
                   HEIGHT="48"
                   ID="region_1720346246569_354"
                   TAGREFS="BT3619">
          <Shape><Polygon POINTS="771 1278 452 1282 455 1238 774 1234"/></Shape>
        </TextBlock>
        <TextBlock HPOS="478"
                   VPOS="1285"
                   WIDTH="221"
                   HEIGHT="27"
                   ID="region_1721040302801_89"
                   TAGREFS="BT3619">
          <Shape><Polygon POINTS="699 1312 478 1312 478 1286 699 1285"/></Shape>
        </TextBlock>
      </PrintSpace>
    </Page>
  </Layout>
</alto>
