<?xml version="1.0" encoding="UTF-8"?>
<alto xmlns:xsi="http://www.w3.org/2001/XMLSchema-instance"
      xmlns="http://www.loc.gov/standards/alto/ns-v4#"
      xsi:schemaLocation="http://www.loc.gov/standards/alto/ns-v4# http://www.loc.gov/standards/alto/v4/alto-4-2.xsd">
  <Description>
    <MeasurementUnit>pixel</MeasurementUnit>
    <sourceImageInformation>
      <fileName>1764,_Saemtliche_Poetische_Werke,_Bohn,_3._Aufl.,_Bd._3,_VD18_80365043_Seite_171_Bild_0001.jpg</fileName>
    </sourceImageInformation>
  </Description>
  <Tags>
    <OtherTag ID="BT1" LABEL="Title" DESCRIPTION="block type Title"/><OtherTag ID="BT2" LABEL="Main" DESCRIPTION="block type Main"/><OtherTag ID="BT3" LABEL="Commentary" DESCRIPTION="block type Commentary"/><OtherTag ID="BT4" LABEL="Illustration" DESCRIPTION="block type Illustration"/><OtherTag ID="BT3614" LABEL="header" DESCRIPTION="block type header"/><OtherTag ID="BT3615" LABEL="paragraph" DESCRIPTION="block type paragraph"/><OtherTag ID="BT3616" LABEL="heading" DESCRIPTION="block type heading"/><OtherTag ID="BT3617" LABEL="footnote" DESCRIPTION="block type footnote"/><OtherTag ID="BT3618" LABEL="l-column" DESCRIPTION="block type l-column"/><OtherTag ID="BT3619" LABEL="r-column" DESCRIPTION="block type r-column"/><OtherTag ID="BT3620" LABEL="marginalia" DESCRIPTION="block type marginalia"/>
  </Tags>
  <Layout>
    <Page WIDTH="949"
          HEIGHT="1500"
          PHYSICAL_IMG_NR="20"
          ID="eSc_dummypage_">
      <PrintSpace HPOS="0"
                  VPOS="0"
                  WIDTH="949"
                  HEIGHT="1500">
        <TextBlock HPOS="285"
                   VPOS="125"
                   WIDTH="269"
                   HEIGHT="37"
                   ID="region_1720345939258_248"
                   TAGREFS="BT3615">
          <Shape><Polygon POINTS="552 158 285 162 285 131 554 125"/></Shape>
        </TextBlock>
        <TextBlock HPOS="693"
                   VPOS="100"
                   WIDTH="69"
                   HEIGHT="62"
                   ID="region_1720345942178_251"
                   TAGREFS="BT3615">
          <Shape><Polygon POINTS="762 162 693 162 693 100 762 100"/></Shape>
        </TextBlock>
        <TextBlock HPOS="74.0"
                   VPOS="177.0"
                   WIDTH="721.0"
                   HEIGHT="988.0"
                   ID="region_1720345946766_254"
                   TAGREFS="BT3615">
          <Shape><Polygon POINTS="795 1060 677 1098 605 1146 163 1165 118 1128 80 811 74 192 764 177"/></Shape>
        </TextBlock>
        <TextBlock HPOS="451"
                   VPOS="1155"
                   WIDTH="68"
                   HEIGHT="33"
                   ID="region_1720345965502_269"
                   TAGREFS="BT3615">
          <Shape><Polygon POINTS="519 1188 451 1188 451 1155 519 1155"/></Shape>
        </TextBlock>
        <TextBlock HPOS="721"
                   VPOS="1130"
                   WIDTH="82"
                   HEIGHT="60"
                   ID="region_1720345967895_272"
                   TAGREFS="BT3615">
          <Shape><Polygon POINTS="803 1190 721 1190 721 1130 803 1130"/></Shape>
        </TextBlock>
        <TextBlock HPOS="142"
                   VPOS="1214"
                   WIDTH="292"
                   HEIGHT="42"
                   ID="region_1720345999326_278"
                   TAGREFS="BT3618">
          <Shape><Polygon POINTS="434 1244 142 1256 151 1222 430 1214"/></Shape>
        </TextBlock>
        <TextBlock HPOS="122"
                   VPOS="1247"
                   WIDTH="337"
                   HEIGHT="57"
                   ID="region_1721039929843_30"
                   TAGREFS="BT3618">
          <Shape><Polygon POINTS="447 1286 122 1304 123 1260 459 1247"/></Shape>
        </TextBlock>
        <TextBlock HPOS="136"
                   VPOS="1309"
                   WIDTH="280"
                   HEIGHT="38"
                   ID="region_1721039989914_35"
                   TAGREFS="BT3618">
          <Shape><Polygon POINTS="400 1338 136 1347 137 1310 416 1309"/></Shape>
        </TextBlock>
        <TextBlock HPOS="467"
                   VPOS="1202"
                   WIDTH="329"
                   HEIGHT="55"
                   ID="region_1720346008534_281"
                   TAGREFS="BT3619">
          <Shape><Polygon POINTS="796 1250 470 1257 467 1202 793 1202"/></Shape>
        </TextBlock>
        <TextBlock HPOS="486"
                   VPOS="1256"
                   WIDTH="250"
                   HEIGHT="21"
                   ID="region_1721040033866_43"
                   TAGREFS="BT3619">
          <Shape><Polygon POINTS="736 1277 486 1277 486 1256 736 1256"/></Shape>
        </TextBlock>
        <TextBlock HPOS="486"
                   VPOS="1279"
                   WIDTH="308"
                   HEIGHT="23"
                   ID="region_1721040038582_46"
                   TAGREFS="BT3619">
          <Shape><Polygon POINTS="794 1295 486 1302 489 1279 787 1279"/></Shape>
        </TextBlock>
        <TextBlock HPOS="489"
                   VPOS="1300"
                   WIDTH="250"
                   HEIGHT="28"
                   ID="region_1721040041114_49"
                   TAGREFS="BT3619">
          <Shape><Polygon POINTS="736 1328 489 1328 489 1303 739 1300"/></Shape>
        </TextBlock>
      </PrintSpace>
    </Page>
  </Layout>
</alto>
