<?xml version="1.0" encoding="UTF-8"?>
<alto xmlns:xsi="http://www.w3.org/2001/XMLSchema-instance"
      xmlns="http://www.loc.gov/standards/alto/ns-v4#"
      xsi:schemaLocation="http://www.loc.gov/standards/alto/ns-v4# http://www.loc.gov/standards/alto/v4/alto-4-2.xsd">
  <Description>
    <MeasurementUnit>pixel</MeasurementUnit>
    <sourceImageInformation>
      <fileName>1769,_Saemtliche_Poetische_Werke,_Bohn,_4._Aufl.,_Bd._2,_VD18_90481100_Seite_260_Bild_0001.jpg</fileName>
    </sourceImageInformation>
  </Description>
  <Tags>
    <OtherTag ID="BT1" LABEL="Title" DESCRIPTION="block type Title"/><OtherTag ID="BT2" LABEL="Main" DESCRIPTION="block type Main"/><OtherTag ID="BT3" LABEL="Commentary" DESCRIPTION="block type Commentary"/><OtherTag ID="BT4" LABEL="Illustration" DESCRIPTION="block type Illustration"/><OtherTag ID="BT3614" LABEL="header" DESCRIPTION="block type header"/><OtherTag ID="BT3615" LABEL="paragraph" DESCRIPTION="block type paragraph"/><OtherTag ID="BT3616" LABEL="heading" DESCRIPTION="block type heading"/><OtherTag ID="BT3617" LABEL="footnote" DESCRIPTION="block type footnote"/><OtherTag ID="BT3618" LABEL="l-column" DESCRIPTION="block type l-column"/><OtherTag ID="BT3619" LABEL="r-column" DESCRIPTION="block type r-column"/><OtherTag ID="BT3620" LABEL="marginalia" DESCRIPTION="block type marginalia"/>
  </Tags>
  <Layout>
    <Page WIDTH="1873"
          HEIGHT="2869"
          PHYSICAL_IMG_NR="48"
          ID="eSc_dummypage_">
      <PrintSpace HPOS="0"
                  VPOS="0"
                  WIDTH="1873"
                  HEIGHT="2869">
        <TextBlock HPOS="647"
                   VPOS="517"
                   WIDTH="114"
                   HEIGHT="71"
                   ID="region_1724838838146_175"
                   TAGREFS="BT3615">
          <Shape><Polygon POINTS="751 588 647 588 647 520 761 517"/></Shape>
        </TextBlock>
        <TextBlock HPOS="627.0"
                   VPOS="2142.0"
                   WIDTH="554.0"
                   HEIGHT="133.0"
                   ID="region_1724838867657_187"
                   TAGREFS="BT3618">
          <Shape><Polygon POINTS="1181 2269 627 2275 653 2142 1181 2142"/></Shape>
        </TextBlock>
        <TextBlock HPOS="652.0"
                   VPOS="2276.0"
                   WIDTH="513.0"
                   HEIGHT="52.0"
                   ID="region_1724838993402_218"
                   TAGREFS="BT3618">
          <Shape><Polygon POINTS="1165 2328 652 2326 690 2276 1165 2276"/></Shape>
        </TextBlock>
        <TextBlock HPOS="933"
                   VPOS="508"
                   WIDTH="550"
                   HEIGHT="70"
                   ID="region_1724838841849_178"
                   TAGREFS="BT3615">
          <Shape><Polygon POINTS="1434 578 933 578 933 508 1483 509"/></Shape>
        </TextBlock>
        <TextBlock HPOS="629.0"
                   VPOS="610.0"
                   WIDTH="1054.0"
                   HEIGHT="1446.0"
                   ID="region_1724838849053_181"
                   TAGREFS="BT3615">
          <Shape><Polygon POINTS="1683 2056 629 2055 640 610 1683 610"/></Shape>
        </TextBlock>
        <TextBlock HPOS="1581"
                   VPOS="2062"
                   WIDTH="142"
                   HEIGHT="40"
                   ID="region_1724838852178_184"
                   TAGREFS="BT3615">
          <Shape><Polygon POINTS="1705 2102 1581 2102 1583 2062 1723 2062"/></Shape>
        </TextBlock>
        <TextBlock HPOS="1188.0"
                   VPOS="2142.0"
                   WIDTH="543.0"
                   HEIGHT="179.0"
                   ID="region_1724838871769_190"
                   TAGREFS="BT3619">
          <Shape><Polygon POINTS="1705 2321 1189 2321 1188 2142 1731 2145"/></Shape>
        </TextBlock>
        <TextBlock HPOS="1568"
                   VPOS="2327"
                   WIDTH="158"
                   HEIGHT="37"
                   ID="region_1724838877157_193"
                   TAGREFS="BT3615">
          <Shape><Polygon POINTS="1726 2363 1568 2364 1568 2327 1697 2327"/></Shape>
        </TextBlock>
      </PrintSpace>
    </Page>
  </Layout>
</alto>
