<?xml version="1.0" encoding="UTF-8"?>
<alto xmlns:xsi="http://www.w3.org/2001/XMLSchema-instance"
      xmlns="http://www.loc.gov/standards/alto/ns-v4#"
      xsi:schemaLocation="http://www.loc.gov/standards/alto/ns-v4# http://www.loc.gov/standards/alto/v4/alto-4-2.xsd">
  <Description>
    <MeasurementUnit>pixel</MeasurementUnit>
    <sourceImageInformation>
      <fileName>1769,_Saemtliche_Poetische_Werke,_Bohn,_4._Aufl.,_Bd._2,_VD18_90481100_Seite_042_Bild_0001.jpg</fileName>
    </sourceImageInformation>
  </Description>
  <Tags>
    <OtherTag ID="BT1" LABEL="Title" DESCRIPTION="block type Title"/><OtherTag ID="BT2" LABEL="Main" DESCRIPTION="block type Main"/><OtherTag ID="BT3" LABEL="Commentary" DESCRIPTION="block type Commentary"/><OtherTag ID="BT4" LABEL="Illustration" DESCRIPTION="block type Illustration"/><OtherTag ID="BT3614" LABEL="header" DESCRIPTION="block type header"/><OtherTag ID="BT3615" LABEL="paragraph" DESCRIPTION="block type paragraph"/><OtherTag ID="BT3616" LABEL="heading" DESCRIPTION="block type heading"/><OtherTag ID="BT3617" LABEL="footnote" DESCRIPTION="block type footnote"/><OtherTag ID="BT3618" LABEL="l-column" DESCRIPTION="block type l-column"/><OtherTag ID="BT3619" LABEL="r-column" DESCRIPTION="block type r-column"/><OtherTag ID="BT3620" LABEL="marginalia" DESCRIPTION="block type marginalia"/>
  </Tags>
  <Layout>
    <Page WIDTH="1873"
          HEIGHT="2869"
          PHYSICAL_IMG_NR="30"
          ID="eSc_dummypage_">
      <PrintSpace HPOS="0"
                  VPOS="0"
                  WIDTH="1873"
                  HEIGHT="2869">
        <TextBlock HPOS="610"
                   VPOS="519"
                   WIDTH="113"
                   HEIGHT="65"
                   ID="region_1719566179450_159"
                   TAGREFS="BT3615">
          <Shape><Polygon POINTS="690 584 610 584 610 529 723 519"/></Shape>
        </TextBlock>
        <TextBlock HPOS="860"
                   VPOS="504"
                   WIDTH="548"
                   HEIGHT="82"
                   ID="region_1719566182853_162"
                   TAGREFS="BT3615">
          <Shape><Polygon POINTS="1384 586 860 586 860 515 1408 504"/></Shape>
        </TextBlock>
        <TextBlock HPOS="582.0"
                   VPOS="614.0"
                   WIDTH="1066.0"
                   HEIGHT="1010.0"
                   ID="region_1719566188712_165"
                   TAGREFS="BT3615">
          <Shape><Polygon POINTS="1648 1624 593 1622 582 614 1625 614"/></Shape>
        </TextBlock>
        <TextBlock HPOS="1554"
                   VPOS="1644"
                   WIDTH="119"
                   HEIGHT="90"
                   ID="region_1719566198612_174"
                   TAGREFS="BT3615">
          <Shape><Polygon POINTS="1660 1734 1554 1734 1554 1657 1673 1644"/></Shape>
        </TextBlock>
        <TextBlock HPOS="579.0"
                   VPOS="1757.0"
                   WIDTH="529.0"
                   HEIGHT="615.0"
                   ID="region_1719566209957_180"
                   TAGREFS="BT3618">
          <Shape><Polygon POINTS="1108 2372 579 2371 609 1757 1108 1757"/></Shape>
        </TextBlock>
        <TextBlock HPOS="1115.0"
                   VPOS="1769.0"
                   WIDTH="564.0"
                   HEIGHT="597.0"
                   ID="region_1719566215993_183"
                   TAGREFS="BT3619">
          <Shape><Polygon POINTS="1656 2358 1115 2366 1123 1772 1679 1769"/></Shape>
        </TextBlock>
        <TextBlock HPOS="1528"
                   VPOS="2365"
                   WIDTH="96"
                   HEIGHT="42"
                   ID="region_1719566307629_195"
                   TAGREFS="BT3615">
          <Shape><Polygon POINTS="1624 2407 1528 2400 1528 2365 1619 2365"/></Shape>
        </TextBlock>
      </PrintSpace>
    </Page>
  </Layout>
</alto>
