<?xml version="1.0" encoding="UTF-8"?>
<alto xmlns:xsi="http://www.w3.org/2001/XMLSchema-instance"
      xmlns="http://www.loc.gov/standards/alto/ns-v4#"
      xsi:schemaLocation="http://www.loc.gov/standards/alto/ns-v4# http://www.loc.gov/standards/alto/v4/alto-4-2.xsd">
  <Description>
    <MeasurementUnit>pixel</MeasurementUnit>
    <sourceImageInformation>
      <fileName>1769,_Saemtliche_Poetische_Werke,_Bohn,_4._Aufl.,_Bd._2,_VD18_90481100_Seite_282_Bild_0001.jpg</fileName>
    </sourceImageInformation>
  </Description>
  <Tags>
    <OtherTag ID="BT1" LABEL="Title" DESCRIPTION="block type Title"/><OtherTag ID="BT2" LABEL="Main" DESCRIPTION="block type Main"/><OtherTag ID="BT3" LABEL="Commentary" DESCRIPTION="block type Commentary"/><OtherTag ID="BT4" LABEL="Illustration" DESCRIPTION="block type Illustration"/><OtherTag ID="BT3614" LABEL="header" DESCRIPTION="block type header"/><OtherTag ID="BT3615" LABEL="paragraph" DESCRIPTION="block type paragraph"/><OtherTag ID="BT3616" LABEL="heading" DESCRIPTION="block type heading"/><OtherTag ID="BT3617" LABEL="footnote" DESCRIPTION="block type footnote"/><OtherTag ID="BT3618" LABEL="l-column" DESCRIPTION="block type l-column"/><OtherTag ID="BT3619" LABEL="r-column" DESCRIPTION="block type r-column"/><OtherTag ID="BT3620" LABEL="marginalia" DESCRIPTION="block type marginalia"/>
  </Tags>
  <Layout>
    <Page WIDTH="1873"
          HEIGHT="2869"
          PHYSICAL_IMG_NR="49"
          ID="eSc_dummypage_">
      <PrintSpace HPOS="0"
                  VPOS="0"
                  WIDTH="1873"
                  HEIGHT="2869">
        <TextBlock HPOS="639"
                   VPOS="557"
                   WIDTH="117"
                   HEIGHT="59"
                   ID="region_1724839070454_234"
                   TAGREFS="BT3615">
          <Shape><Polygon POINTS="736 616 639 616 639 561 756 557"/></Shape>
        </TextBlock>
        <TextBlock HPOS="901"
                   VPOS="552"
                   WIDTH="527"
                   HEIGHT="66"
                   ID="region_1724839067942_231"
                   TAGREFS="BT3615">
          <Shape><Polygon POINTS="1401 618 901 618 901 552 1428 552"/></Shape>
        </TextBlock>
        <TextBlock HPOS="640.0"
                   VPOS="654.0"
                   WIDTH="894.0"
                   HEIGHT="698.0"
                   ID="region_1724839083258_237"
                   TAGREFS="BT3615">
          <Shape><Polygon POINTS="1510 1352 640 1352 640 654 1534 654"/></Shape>
        </TextBlock>
        <TextBlock HPOS="1051.0"
                   VPOS="1381.0"
                   WIDTH="263.0"
                   HEIGHT="61.0"
                   ID="region_1724839087011_240"
                   TAGREFS="BT3616">
          <Shape><Polygon POINTS="1256 1442 1051 1442 1051 1383 1314 1381"/></Shape>
        </TextBlock>
        <TextBlock HPOS="642.0"
                   VPOS="1445.0"
                   WIDTH="992.0"
                   HEIGHT="242.0"
                   ID="region_1724839090734_243"
                   TAGREFS="BT3615">
          <Shape><Polygon POINTS="1600 1687 642 1687 642 1445 1634 1445"/></Shape>
        </TextBlock>
        <TextBlock HPOS="1040.0"
                   VPOS="1690.0"
                   WIDTH="233.0"
                   HEIGHT="56.0"
                   ID="region_1724839094210_246"
                   TAGREFS="BT3616">
          <Shape><Polygon POINTS="1248 1746 1040 1746 1040 1690 1273 1699"/></Shape>
        </TextBlock>
        <TextBlock HPOS="623.0"
                   VPOS="1763.0"
                   WIDTH="960.0"
                   HEIGHT="256.0"
                   ID="region_1724839098386_249"
                   TAGREFS="BT3615">
          <Shape><Polygon POINTS="1544 2019 623 2019 623 1763 1583 1768"/></Shape>
        </TextBlock>
        <TextBlock HPOS="1062.0"
                   VPOS="2025.0"
                   WIDTH="215.0"
                   HEIGHT="56.0"
                   ID="region_1724839100950_252"
                   TAGREFS="BT3616">
          <Shape><Polygon POINTS="1256 2081 1062 2081 1062 2025 1277 2031"/></Shape>
        </TextBlock>
        <TextBlock HPOS="631.0"
                   VPOS="2095.0"
                   WIDTH="909.0"
                   HEIGHT="234.0"
                   ID="region_1724839104090_255"
                   TAGREFS="BT3615">
          <Shape><Polygon POINTS="1487 2329 631 2329 631 2095 1540 2099"/></Shape>
        </TextBlock>
        <TextBlock HPOS="1549"
                   VPOS="2324"
                   WIDTH="168"
                   HEIGHT="76"
                   ID="region_1724839105998_258"
                   TAGREFS="BT3615">
          <Shape><Polygon POINTS="1696 2400 1549 2400 1549 2324 1717 2326"/></Shape>
        </TextBlock>
      </PrintSpace>
    </Page>
  </Layout>
</alto>
