<?xml version="1.0" encoding="UTF-8"?>
<alto xmlns:xsi="http://www.w3.org/2001/XMLSchema-instance"
      xmlns="http://www.loc.gov/standards/alto/ns-v4#"
      xsi:schemaLocation="http://www.loc.gov/standards/alto/ns-v4# http://www.loc.gov/standards/alto/v4/alto-4-2.xsd">
  <Description>
    <MeasurementUnit>pixel</MeasurementUnit>
    <sourceImageInformation>
      <fileName>1769,_Saemtliche_Poetische_Werke,_Bohn,_4._Aufl.,_Bd._3,_VD18_90481127_Seite_240_Bild_0001.jpg</fileName>
    </sourceImageInformation>
  </Description>
  <Tags>
    <OtherTag ID="BT1" LABEL="Title" DESCRIPTION="block type Title"/><OtherTag ID="BT2" LABEL="Main" DESCRIPTION="block type Main"/><OtherTag ID="BT3" LABEL="Commentary" DESCRIPTION="block type Commentary"/><OtherTag ID="BT4" LABEL="Illustration" DESCRIPTION="block type Illustration"/><OtherTag ID="BT3614" LABEL="header" DESCRIPTION="block type header"/><OtherTag ID="BT3615" LABEL="paragraph" DESCRIPTION="block type paragraph"/><OtherTag ID="BT3616" LABEL="heading" DESCRIPTION="block type heading"/><OtherTag ID="BT3617" LABEL="footnote" DESCRIPTION="block type footnote"/><OtherTag ID="BT3618" LABEL="l-column" DESCRIPTION="block type l-column"/><OtherTag ID="BT3619" LABEL="r-column" DESCRIPTION="block type r-column"/><OtherTag ID="BT3620" LABEL="marginalia" DESCRIPTION="block type marginalia"/>
  </Tags>
  <Layout>
    <Page WIDTH="1971"
          HEIGHT="2897"
          PHYSICAL_IMG_NR="36"
          ID="eSc_dummypage_">
      <PrintSpace HPOS="0"
                  VPOS="0"
                  WIDTH="1971"
                  HEIGHT="2897">
        <TextBlock HPOS="812"
                   VPOS="589"
                   WIDTH="100"
                   HEIGHT="71"
                   ID="region_1724840129059_539"
                   TAGREFS="BT3615">
          <Shape><Polygon POINTS="912 643 812 660 812 589 912 589"/></Shape>
        </TextBlock>
        <TextBlock HPOS="765.0"
                   VPOS="2092.0"
                   WIDTH="532.0"
                   HEIGHT="317.0"
                   ID="region_1724840152682_551"
                   TAGREFS="BT3618">
          <Shape><Polygon POINTS="1297 2409 765 2408 775 2092 1297 2092"/></Shape>
        </TextBlock>
        <TextBlock HPOS="1142"
                   VPOS="573"
                   WIDTH="420"
                   HEIGHT="75"
                   ID="region_1724840131398_542"
                   TAGREFS="BT3615">
          <Shape><Polygon POINTS="1534 648 1142 648 1145 573 1562 574"/></Shape>
        </TextBlock>
        <TextBlock HPOS="781.0"
                   VPOS="675.0"
                   WIDTH="852.0"
                   HEIGHT="1304.0"
                   ID="region_1724840138059_545"
                   TAGREFS="BT3615">
          <Shape><Polygon POINTS="1633 1975 781 1979 781 675 1617 675"/></Shape>
        </TextBlock>
        <TextBlock HPOS="1700"
                   VPOS="2014"
                   WIDTH="134"
                   HEIGHT="50"
                   ID="region_1724840145553_548"
                   TAGREFS="BT3615">
          <Shape><Polygon POINTS="1814 2064 1700 2064 1700 2014 1834 2016"/></Shape>
        </TextBlock>
        <TextBlock HPOS="1308.0"
                   VPOS="2092.0"
                   WIDTH="550.0"
                   HEIGHT="305.0"
                   ID="region_1724840157118_554"
                   TAGREFS="BT3619">
          <Shape><Polygon POINTS="1858 2397 1308 2387 1308 2092 1838 2092"/></Shape>
        </TextBlock>
      </PrintSpace>
    </Page>
  </Layout>
</alto>
