<?xml version="1.0" encoding="UTF-8"?>
<alto xmlns:xsi="http://www.w3.org/2001/XMLSchema-instance"
      xmlns="http://www.loc.gov/standards/alto/ns-v4#"
      xsi:schemaLocation="http://www.loc.gov/standards/alto/ns-v4# http://www.loc.gov/standards/alto/v4/alto-4-2.xsd">
  <Description>
    <MeasurementUnit>pixel</MeasurementUnit>
    <sourceImageInformation>
      <fileName>1769,_Saemtliche_Poetische_Werke,_Bohn,_4._Aufl.,_Bd._3,_VD18_90481127_Seite_008_Bild_0001.jpg</fileName>
    </sourceImageInformation>
  </Description>
  <Tags>
    <OtherTag ID="BT1" LABEL="Title" DESCRIPTION="block type Title"/><OtherTag ID="BT2" LABEL="Main" DESCRIPTION="block type Main"/><OtherTag ID="BT3" LABEL="Commentary" DESCRIPTION="block type Commentary"/><OtherTag ID="BT4" LABEL="Illustration" DESCRIPTION="block type Illustration"/><OtherTag ID="BT3614" LABEL="header" DESCRIPTION="block type header"/><OtherTag ID="BT3615" LABEL="paragraph" DESCRIPTION="block type paragraph"/><OtherTag ID="BT3616" LABEL="heading" DESCRIPTION="block type heading"/><OtherTag ID="BT3617" LABEL="footnote" DESCRIPTION="block type footnote"/><OtherTag ID="BT3618" LABEL="l-column" DESCRIPTION="block type l-column"/><OtherTag ID="BT3619" LABEL="r-column" DESCRIPTION="block type r-column"/><OtherTag ID="BT3620" LABEL="marginalia" DESCRIPTION="block type marginalia"/>
  </Tags>
  <Layout>
    <Page WIDTH="1971"
          HEIGHT="2897"
          PHYSICAL_IMG_NR="32"
          ID="eSc_dummypage_">
      <PrintSpace HPOS="0"
                  VPOS="0"
                  WIDTH="1971"
                  HEIGHT="2897">
        <TextBlock HPOS="766"
                   VPOS="504"
                   WIDTH="82"
                   HEIGHT="50"
                   ID="region_1724839489978_342"
                   TAGREFS="BT3615">
          <Shape><Polygon POINTS="838 554 766 554 769 511 848 504"/></Shape>
        </TextBlock>
        <TextBlock HPOS="709.0"
                   VPOS="1396.0"
                   WIDTH="551.0"
                   HEIGHT="977.0"
                   ID="region_1724839526542_360"
                   TAGREFS="BT3618">
          <Shape><Polygon POINTS="1260 2371 709 2373 729 1396 1260 1396"/></Shape>
        </TextBlock>
        <TextBlock HPOS="1116"
                   VPOS="486"
                   WIDTH="330"
                   HEIGHT="87"
                   ID="region_1724839492854_345"
                   TAGREFS="BT3615">
          <Shape><Polygon POINTS="1431 573 1116 573 1116 486 1446 487"/></Shape>
        </TextBlock>
        <TextBlock HPOS="784.0"
                   VPOS="586.0"
                   WIDTH="1010.0"
                   HEIGHT="78.0"
                   ID="region_1724839499406_348"
                   TAGREFS="BT3615">
          <Shape><Polygon POINTS="1793 664 784 664 785 586 1794 586"/></Shape>
        </TextBlock>
        <TextBlock HPOS="758.0"
                   VPOS="676.0"
                   WIDTH="1075.0"
                   HEIGHT="358.0"
                   ID="region_1724839504142_351"
                   TAGREFS="BT3615">
          <Shape><Polygon POINTS="1817 1034 758 1034 758 676 1833 677"/></Shape>
        </TextBlock>
        <TextBlock HPOS="1688"
                   VPOS="1047"
                   WIDTH="128"
                   HEIGHT="57"
                   ID="region_1724839506590_354"
                   TAGREFS="BT3615">
          <Shape><Polygon POINTS="1800 1104 1688 1104 1691 1047 1816 1049"/></Shape>
        </TextBlock>
        <TextBlock HPOS="779.0"
                   VPOS="1129.0"
                   WIDTH="1046.0"
                   HEIGHT="246.0"
                   ID="region_1724839510790_357"
                   TAGREFS="BT3615">
          <Shape><Polygon POINTS="1798 1375 779 1375 779 1129 1825 1130"/></Shape>
        </TextBlock>
        <TextBlock HPOS="1285.0"
                   VPOS="1392.0"
                   WIDTH="527.0"
                   HEIGHT="967.0"
                   ID="region_1724839531038_363"
                   TAGREFS="BT3619">
          <Shape><Polygon POINTS="1812 2350 1286 2359 1285 1392 1812 1392"/></Shape>
        </TextBlock>
        <TextBlock HPOS="1655"
                   VPOS="2356"
                   WIDTH="136"
                   HEIGHT="47"
                   ID="region_1724839533758_366"
                   TAGREFS="BT3615">
          <Shape><Polygon POINTS="1788 2403 1666 2403 1655 2360 1791 2356"/></Shape>
        </TextBlock>
      </PrintSpace>
    </Page>
  </Layout>
</alto>
