<?xml version="1.0" encoding="UTF-8"?>
<alto xmlns:xsi="http://www.w3.org/2001/XMLSchema-instance"
      xmlns="http://www.loc.gov/standards/alto/ns-v4#"
      xsi:schemaLocation="http://www.loc.gov/standards/alto/ns-v4# http://www.loc.gov/standards/alto/v4/alto-4-2.xsd">
  <Description>
    <MeasurementUnit>pixel</MeasurementUnit>
    <sourceImageInformation>
      <fileName>1769,_Saemtliche_Poetische_Werke,_Bohn,_4._Aufl.,_Bd._1,_VD18_90481097_Seite_049_Bild_0001.jpg</fileName>
    </sourceImageInformation>
  </Description>
  <Tags>
    <OtherTag ID="BT1" LABEL="Title" DESCRIPTION="block type Title"/><OtherTag ID="BT2" LABEL="Main" DESCRIPTION="block type Main"/><OtherTag ID="BT3" LABEL="Commentary" DESCRIPTION="block type Commentary"/><OtherTag ID="BT4" LABEL="Illustration" DESCRIPTION="block type Illustration"/><OtherTag ID="BT3614" LABEL="header" DESCRIPTION="block type header"/><OtherTag ID="BT3615" LABEL="paragraph" DESCRIPTION="block type paragraph"/><OtherTag ID="BT3616" LABEL="heading" DESCRIPTION="block type heading"/><OtherTag ID="BT3617" LABEL="footnote" DESCRIPTION="block type footnote"/><OtherTag ID="BT3618" LABEL="l-column" DESCRIPTION="block type l-column"/><OtherTag ID="BT3619" LABEL="r-column" DESCRIPTION="block type r-column"/><OtherTag ID="BT3620" LABEL="marginalia" DESCRIPTION="block type marginalia"/>
  </Tags>
  <Layout>
    <Page WIDTH="1857"
          HEIGHT="2880"
          PHYSICAL_IMG_NR="25"
          ID="eSc_dummypage_">
      <PrintSpace HPOS="0"
                  VPOS="0"
                  WIDTH="1857"
                  HEIGHT="2880">
        <TextBlock HPOS="401.0"
                   VPOS="1327.0"
                   WIDTH="584.0"
                   HEIGHT="200.0"
                   ID="region_1719558534390_25"
                   TAGREFS="BT3616">
          <Shape><Polygon POINTS="967 1527 401 1527 403 1329 985 1327"/></Shape>
        </TextBlock>
        <TextBlock HPOS="156.0"
                   VPOS="1499.0"
                   WIDTH="143.0"
                   HEIGHT="189.0"
                   ID="region_1719558537455_28"
                   TAGREFS="BT3615">
          <Shape><Polygon POINTS="299 1688 175 1688 156 1499 293 1505"/></Shape>
        </TextBlock>
        <TextBlock HPOS="142.0"
                   VPOS="1570.0"
                   WIDTH="1089.0"
                   HEIGHT="368.0"
                   ID="region_1719558542978_31"
                   TAGREFS="BT3615">
          <Shape><Polygon POINTS="1217 1938 142 1938 167 1724 170 1693 296 1685 299 1575 1231 1570"/></Shape>
        </TextBlock>
        <TextBlock HPOS="1067"
                   VPOS="1942"
                   WIDTH="132"
                   HEIGHT="54"
                   ID="region_1719558671414_59"
                   TAGREFS="BT3615">
          <Shape><Polygon POINTS="1069 1942 1199 1942 1197 1996 1067 1996"/></Shape>
        </TextBlock>
        <TextBlock HPOS="161.0"
                   VPOS="2018.0"
                   WIDTH="1015.0"
                   HEIGHT="149.0"
                   ID="region_1719558547910_34"
                   TAGREFS="BT3616">
          <Shape><Polygon POINTS="1168 2167 161 2167 169 2018 1176 2018"/></Shape>
        </TextBlock>
        <TextBlock HPOS="280.0"
                   VPOS="2187.0"
                   WIDTH="73.0"
                   HEIGHT="114.0"
                   ID="region_1719558551742_37"
                   TAGREFS="BT3615">
          <Shape><Polygon POINTS="353 2297 280 2301 280 2191 353 2187"/></Shape>
        </TextBlock>
        <TextBlock HPOS="288.0"
                   VPOS="2203.0"
                   WIDTH="700.0"
                   HEIGHT="200.0"
                   ID="region_1719558556570_40"
                   TAGREFS="BT3615">
          <Shape><Polygon POINTS="980 2403 429 2391 288 2363 288 2301 359 2294 360 2203 988 2205"/></Shape>
        </TextBlock>
        <TextBlock HPOS="219"
                   VPOS="2384"
                   WIDTH="175"
                   HEIGHT="64"
                   ID="region_1719558564402_49"
                   TAGREFS="BT3617">
          <Shape><Polygon POINTS="394 2448 221 2448 219 2384 385 2388"/></Shape>
        </TextBlock>
        <TextBlock HPOS="662"
                   VPOS="2400"
                   WIDTH="112"
                   HEIGHT="57"
                   ID="region_1719558558682_43"
                   TAGREFS="BT3615">
          <Shape><Polygon POINTS="774 2457 664 2437 662 2400 761 2400"/></Shape>
        </TextBlock>
        <TextBlock HPOS="1090"
                   VPOS="2361"
                   WIDTH="171"
                   HEIGHT="103"
                   ID="region_1719558561454_46"
                   TAGREFS="BT3615">
          <Shape><Polygon POINTS="1232 2464 1090 2464 1090 2385 1261 2361"/></Shape>
        </TextBlock>
      </PrintSpace>
    </Page>
  </Layout>
</alto>
