<?xml version="1.0" encoding="UTF-8"?>
<alto xmlns:xsi="http://www.w3.org/2001/XMLSchema-instance"
      xmlns="http://www.loc.gov/standards/alto/ns-v4#"
      xsi:schemaLocation="http://www.loc.gov/standards/alto/ns-v4# http://www.loc.gov/standards/alto/v4/alto-4-2.xsd">
  <Description>
    <MeasurementUnit>pixel</MeasurementUnit>
    <sourceImageInformation>
      <fileName>1769,_Saemtliche_Poetische_Werke,_Bohn,_4._Aufl.,_Bd._3,_VD18_90481127_Seite_052_Bild_0001.jpg</fileName>
    </sourceImageInformation>
  </Description>
  <Tags>
    <OtherTag ID="BT1" LABEL="Title" DESCRIPTION="block type Title"/><OtherTag ID="BT2" LABEL="Main" DESCRIPTION="block type Main"/><OtherTag ID="BT3" LABEL="Commentary" DESCRIPTION="block type Commentary"/><OtherTag ID="BT4" LABEL="Illustration" DESCRIPTION="block type Illustration"/><OtherTag ID="BT3614" LABEL="header" DESCRIPTION="block type header"/><OtherTag ID="BT3615" LABEL="paragraph" DESCRIPTION="block type paragraph"/><OtherTag ID="BT3616" LABEL="heading" DESCRIPTION="block type heading"/><OtherTag ID="BT3617" LABEL="footnote" DESCRIPTION="block type footnote"/><OtherTag ID="BT3618" LABEL="l-column" DESCRIPTION="block type l-column"/><OtherTag ID="BT3619" LABEL="r-column" DESCRIPTION="block type r-column"/><OtherTag ID="BT3620" LABEL="marginalia" DESCRIPTION="block type marginalia"/>
  </Tags>
  <Layout>
    <Page WIDTH="1971"
          HEIGHT="2897"
          PHYSICAL_IMG_NR="34"
          ID="eSc_dummypage_">
      <PrintSpace HPOS="0"
                  VPOS="0"
                  WIDTH="1971"
                  HEIGHT="2897">
        <TextBlock HPOS="749"
                   VPOS="548"
                   WIDTH="94"
                   HEIGHT="57"
                   ID="region_1724839773762_428"
                   TAGREFS="BT3615">
          <Shape><Polygon POINTS="814 605 749 605 749 548 843 549"/></Shape>
        </TextBlock>
        <TextBlock HPOS="1121"
                   VPOS="533"
                   WIDTH="330"
                   HEIGHT="82"
                   ID="region_1724839776494_431"
                   TAGREFS="BT3615">
          <Shape><Polygon POINTS="1437 615 1121 615 1121 533 1451 533"/></Shape>
        </TextBlock>
        <TextBlock HPOS="729.0"
                   VPOS="649.0"
                   WIDTH="1014.0"
                   HEIGHT="314.0"
                   ID="region_1724839780926_434"
                   TAGREFS="BT3615">
          <Shape><Polygon POINTS="1665 963 729 963 729 649 1743 657"/></Shape>
        </TextBlock>
        <TextBlock HPOS="814.0"
                   VPOS="1036.0"
                   WIDTH="671.0"
                   HEIGHT="71.0"
                   ID="region_1724839783957_437"
                   TAGREFS="BT3616">
          <Shape><Polygon POINTS="1475 1107 814 1107 814 1037 1485 1036"/></Shape>
        </TextBlock>
        <TextBlock HPOS="760.0"
                   VPOS="1118.0"
                   WIDTH="1067.0"
                   HEIGHT="567.0"
                   ID="region_1724839787954_440"
                   TAGREFS="BT3615">
          <Shape><Polygon POINTS="1789 1685 760 1685 760 1118 1827 1121"/></Shape>
        </TextBlock>
        <TextBlock HPOS="804.0"
                   VPOS="1867.0"
                   WIDTH="859.0"
                   HEIGHT="544.0"
                   ID="region_1724839798578_446"
                   TAGREFS="BT3615">
          <Shape><Polygon POINTS="1629 2411 804 2411 804 1867 1663 1877"/></Shape>
        </TextBlock>
        <TextBlock HPOS="1656"
                   VPOS="1754"
                   WIDTH="159"
                   HEIGHT="73"
                   ID="region_1724839793894_443"
                   TAGREFS="BT3615">
          <Shape><Polygon POINTS="1805 1827 1656 1827 1656 1756 1815 1754"/></Shape>
        </TextBlock>
        <TextBlock HPOS="1675"
                   VPOS="2368"
                   WIDTH="144"
                   HEIGHT="84"
                   ID="region_1724839800974_449"
                   TAGREFS="BT3615">
          <Shape><Polygon POINTS="1797 2452 1675 2452 1675 2368 1819 2368"/></Shape>
        </TextBlock>
      </PrintSpace>
    </Page>
  </Layout>
</alto>
