<?xml version="1.0" encoding="UTF-8"?>
<alto xmlns:xsi="http://www.w3.org/2001/XMLSchema-instance"
      xmlns="http://www.loc.gov/standards/alto/ns-v4#"
      xsi:schemaLocation="http://www.loc.gov/standards/alto/ns-v4# http://www.loc.gov/standards/alto/v4/alto-4-2.xsd">
  <Description>
    <MeasurementUnit>pixel</MeasurementUnit>
    <sourceImageInformation>
      <fileName>1769,_Saemtliche_Poetische_Werke,_Bohn,_4._Aufl.,_Bd._1,_VD18_90481097_Seite_073_Bild_0001.jpg</fileName>
    </sourceImageInformation>
  </Description>
  <Tags>
    <OtherTag ID="BT1" LABEL="Title" DESCRIPTION="block type Title"/><OtherTag ID="BT2" LABEL="Main" DESCRIPTION="block type Main"/><OtherTag ID="BT3" LABEL="Commentary" DESCRIPTION="block type Commentary"/><OtherTag ID="BT4" LABEL="Illustration" DESCRIPTION="block type Illustration"/><OtherTag ID="BT3614" LABEL="header" DESCRIPTION="block type header"/><OtherTag ID="BT3615" LABEL="paragraph" DESCRIPTION="block type paragraph"/><OtherTag ID="BT3616" LABEL="heading" DESCRIPTION="block type heading"/><OtherTag ID="BT3617" LABEL="footnote" DESCRIPTION="block type footnote"/><OtherTag ID="BT3618" LABEL="l-column" DESCRIPTION="block type l-column"/><OtherTag ID="BT3619" LABEL="r-column" DESCRIPTION="block type r-column"/><OtherTag ID="BT3620" LABEL="marginalia" DESCRIPTION="block type marginalia"/>
  </Tags>
  <Layout>
    <Page WIDTH="1857"
          HEIGHT="2881"
          PHYSICAL_IMG_NR="26"
          ID="eSc_dummypage_">
      <PrintSpace HPOS="0"
                  VPOS="0"
                  WIDTH="1857"
                  HEIGHT="2881">
        <TextBlock HPOS="469"
                   VPOS="562"
                   WIDTH="432"
                   HEIGHT="87"
                   ID="region_1719559077824_133"
                   TAGREFS="BT3615">
          <Shape><Polygon POINTS="901 649 469 626 481 562 901 562"/></Shape>
        </TextBlock>
        <TextBlock HPOS="1118"
                   VPOS="567"
                   WIDTH="81"
                   HEIGHT="80"
                   ID="region_1719559080004_136"
                   TAGREFS="BT3615">
          <Shape><Polygon POINTS="1199 647 1118 647 1118 567 1199 569"/></Shape>
        </TextBlock>
        <TextBlock HPOS="185.0"
                   VPOS="649.0"
                   WIDTH="1053.0"
                   HEIGHT="548.0"
                   ID="region_1719559089280_139"
                   TAGREFS="BT3615">
          <Shape><Polygon POINTS="1238 1197 187 1197 185 649 1236 649"/></Shape>
        </TextBlock>
        <TextBlock HPOS="648"
                   VPOS="1211"
                   WIDTH="143"
                   HEIGHT="67"
                   ID="region_1719559091960_142"
                   TAGREFS="BT3615">
          <Shape><Polygon POINTS="791 1278 656 1278 648 1211 783 1211"/></Shape>
        </TextBlock>
        <TextBlock HPOS="1081"
                   VPOS="1219"
                   WIDTH="188"
                   HEIGHT="72"
                   ID="region_1719559094319_145"
                   TAGREFS="BT3615">
          <Shape><Polygon POINTS="1232 1291 1081 1291 1083 1219 1269 1222"/></Shape>
        </TextBlock>
        <TextBlock HPOS="173.0"
                   VPOS="1385.0"
                   WIDTH="524.0"
                   HEIGHT="1062.0"
                   ID="region_1719559117084_151"
                   TAGREFS="BT3618">
          <Shape><Polygon POINTS="697 2447 187 2447 173 1385 697 1394"/></Shape>
        </TextBlock>
        <TextBlock HPOS="700.0"
                   VPOS="1367.0"
                   WIDTH="570.0"
                   HEIGHT="1088.0"
                   ID="region_1719559124752_154"
                   TAGREFS="BT3619">
          <Shape><Polygon POINTS="1235 2455 708 2452 700 1395 1270 1367"/></Shape>
        </TextBlock>
      </PrintSpace>
    </Page>
  </Layout>
</alto>
