<?xml version="1.0" encoding="UTF-8"?>
<alto xmlns:xsi="http://www.w3.org/2001/XMLSchema-instance"
      xmlns="http://www.loc.gov/standards/alto/ns-v4#"
      xsi:schemaLocation="http://www.loc.gov/standards/alto/ns-v4# http://www.loc.gov/standards/alto/v4/alto-4-2.xsd">
  <Description>
    <MeasurementUnit>pixel</MeasurementUnit>
    <sourceImageInformation>
      <fileName>1771,_Saemtliche_Poetische_Werke,_Bohn,_5._Aufl.,_Bd._3,_VD18_90396774_Seite_047_Bild_0001.jpg</fileName>
    </sourceImageInformation>
  </Description>
  <Tags>
    <OtherTag ID="BT1" LABEL="Title" DESCRIPTION="block type Title"/><OtherTag ID="BT2" LABEL="Main" DESCRIPTION="block type Main"/><OtherTag ID="BT3" LABEL="Commentary" DESCRIPTION="block type Commentary"/><OtherTag ID="BT4" LABEL="Illustration" DESCRIPTION="block type Illustration"/><OtherTag ID="BT3614" LABEL="header" DESCRIPTION="block type header"/><OtherTag ID="BT3615" LABEL="paragraph" DESCRIPTION="block type paragraph"/><OtherTag ID="BT3616" LABEL="heading" DESCRIPTION="block type heading"/><OtherTag ID="BT3617" LABEL="footnote" DESCRIPTION="block type footnote"/><OtherTag ID="BT3618" LABEL="l-column" DESCRIPTION="block type l-column"/><OtherTag ID="BT3619" LABEL="r-column" DESCRIPTION="block type r-column"/><OtherTag ID="BT3620" LABEL="marginalia" DESCRIPTION="block type marginalia"/>
  </Tags>
  <Layout>
    <Page WIDTH="1134"
          HEIGHT="2065"
          PHYSICAL_IMG_NR="46"
          ID="eSc_dummypage_">
      <PrintSpace HPOS="0"
                  VPOS="0"
                  WIDTH="1134"
                  HEIGHT="2065">
        <TextBlock HPOS="123"
                   VPOS="58"
                   WIDTH="90"
                   HEIGHT="69"
                   ID="region_1719492029148_159"
                   TAGREFS="BT3615">
          <Shape><Polygon POINTS="213 121 123 127 123 58 200 58"/></Shape>
        </TextBlock>
        <TextBlock HPOS="417"
                   VPOS="41"
                   WIDTH="387"
                   HEIGHT="81"
                   ID="region_1719492031988_162"
                   TAGREFS="BT3615">
          <Shape><Polygon POINTS="804 122 422 122 417 41 799 41"/></Shape>
        </TextBlock>
        <TextBlock HPOS="367.0"
                   VPOS="143.0"
                   WIDTH="528.0"
                   HEIGHT="92.0"
                   ID="region_1719492083156_183"
                   TAGREFS="BT3616">
          <Shape><Polygon POINTS="895 234 367 235 367 143 882 143"/></Shape>
        </TextBlock>
        <TextBlock HPOS="139.0"
                   VPOS="261.0"
                   WIDTH="100.0"
                   HEIGHT="86.0"
                   ID="region_1719492085863_186"
                   TAGREFS="BT3615">
          <Shape><Polygon POINTS="239 347 139 347 139 261 239 261"/></Shape>
        </TextBlock>
        <TextBlock HPOS="123.0"
                   VPOS="252.0"
                   WIDTH="967.0"
                   HEIGHT="992.0"
                   ID="region_1719492091688_189"
                   TAGREFS="BT3615">
          <Shape><Polygon POINTS="1090 1244 123 1244 124 417 135 348 245 351 243 258 1070 252"/></Shape>
        </TextBlock>
        <TextBlock HPOS="280.0"
                   VPOS="1346.0"
                   WIDTH="695.0"
                   HEIGHT="84.0"
                   ID="region_1719492107372_201"
                   TAGREFS="BT3616">
          <Shape><Polygon POINTS="953 1430 280 1430 280 1346 975 1350"/></Shape>
        </TextBlock>
        <TextBlock HPOS="131.0"
                   VPOS="1459.0"
                   WIDTH="88.0"
                   HEIGHT="103.0"
                   ID="region_1719492145639_204"
                   TAGREFS="BT3615">
          <Shape><Polygon POINTS="219 1561 131 1562 131 1460 219 1459"/></Shape>
        </TextBlock>
        <TextBlock HPOS="122.0"
                   VPOS="1433.0"
                   WIDTH="929.0"
                   HEIGHT="458.0"
                   ID="region_1719492149315_207"
                   TAGREFS="BT3615">
          <Shape><Polygon POINTS="1005 1888 122 1891 123 1672 129 1561 222 1563 215 1440 1051 1433"/></Shape>
        </TextBlock>
        <TextBlock HPOS="1037"
                   VPOS="1856"
                   WIDTH="56"
                   HEIGHT="76"
                   ID="region_1719492161556_213"
                   TAGREFS="BT3615">
          <Shape><Polygon POINTS="1093 1932 1037 1932 1037 1856 1093 1856"/></Shape>
        </TextBlock>
      </PrintSpace>
    </Page>
  </Layout>
</alto>
