<?xml version="1.0" encoding="UTF-8"?>
<alto xmlns:xsi="http://www.w3.org/2001/XMLSchema-instance"
      xmlns="http://www.loc.gov/standards/alto/ns-v4#"
      xsi:schemaLocation="http://www.loc.gov/standards/alto/ns-v4# http://www.loc.gov/standards/alto/v4/alto-4-2.xsd">
  <Description>
    <MeasurementUnit>pixel</MeasurementUnit>
    <sourceImageInformation>
      <fileName>1771,_Saemtliche_Poetische_Werke,_Bohn,_5._Aufl.,_Bd._2,_VD18_90396766_Seite_088_Bild_0001.jpg</fileName>
    </sourceImageInformation>
  </Description>
  <Tags>
    <OtherTag ID="BT1" LABEL="Title" DESCRIPTION="block type Title"/><OtherTag ID="BT2" LABEL="Main" DESCRIPTION="block type Main"/><OtherTag ID="BT3" LABEL="Commentary" DESCRIPTION="block type Commentary"/><OtherTag ID="BT4" LABEL="Illustration" DESCRIPTION="block type Illustration"/><OtherTag ID="BT3614" LABEL="header" DESCRIPTION="block type header"/><OtherTag ID="BT3615" LABEL="paragraph" DESCRIPTION="block type paragraph"/><OtherTag ID="BT3616" LABEL="heading" DESCRIPTION="block type heading"/><OtherTag ID="BT3617" LABEL="footnote" DESCRIPTION="block type footnote"/><OtherTag ID="BT3618" LABEL="l-column" DESCRIPTION="block type l-column"/><OtherTag ID="BT3619" LABEL="r-column" DESCRIPTION="block type r-column"/><OtherTag ID="BT3620" LABEL="marginalia" DESCRIPTION="block type marginalia"/>
  </Tags>
  <Layout>
    <Page WIDTH="1157"
          HEIGHT="2058"
          PHYSICAL_IMG_NR="44"
          ID="eSc_dummypage_">
      <PrintSpace HPOS="0"
                  VPOS="0"
                  WIDTH="1157"
                  HEIGHT="2058">
        <TextBlock HPOS="386"
                   VPOS="73"
                   WIDTH="304"
                   HEIGHT="65"
                   ID="region_1719482233445_148"
                   TAGREFS="BT3615">
          <Shape><Polygon POINTS="690 138 386 138 386 73 672 73"/></Shape>
        </TextBlock>
        <TextBlock HPOS="977"
                   VPOS="82"
                   WIDTH="74"
                   HEIGHT="81"
                   ID="region_1719482236124_151"
                   TAGREFS="BT3615">
          <Shape><Polygon POINTS="1051 163 993 158 977 82 1051 82"/></Shape>
        </TextBlock>
        <TextBlock HPOS="109.0"
                   VPOS="160.0"
                   WIDTH="839.0"
                   HEIGHT="1012.0"
                   ID="region_1719482247597_154"
                   TAGREFS="BT3615">
          <Shape><Polygon POINTS="948 1165 115 1172 109 160 897 160"/></Shape>
        </TextBlock>
        <TextBlock HPOS="130.0"
                   VPOS="1217.0"
                   WIDTH="651.0"
                   HEIGHT="102.0"
                   ID="region_1719482253481_157"
                   TAGREFS="BT3615">
          <Shape><Polygon POINTS="757 1319 130 1319 154 1217 781 1217"/></Shape>
        </TextBlock>
        <TextBlock HPOS="88.0"
                   VPOS="1372.0"
                   WIDTH="926.0"
                   HEIGHT="175.0"
                   ID="region_1719482258261_160"
                   TAGREFS="BT3616">
          <Shape><Polygon POINTS="1014 1538 93 1547 88 1372 992 1372"/></Shape>
        </TextBlock>
        <TextBlock HPOS="211.0"
                   VPOS="1553.0"
                   WIDTH="76.0"
                   HEIGHT="95.0"
                   ID="region_1719482261101_163"
                   TAGREFS="BT3615">
          <Shape><Polygon POINTS="286 1648 211 1645 212 1553 287 1556"/></Shape>
        </TextBlock>
        <TextBlock HPOS="211.0"
                   VPOS="1552.0"
                   WIDTH="547.0"
                   HEIGHT="151.0"
                   ID="region_1719482264200_166"
                   TAGREFS="BT3615">
          <Shape><Polygon POINTS="758 1700 313 1703 211 1700 211 1647 290 1652 287 1552 758 1555"/></Shape>
        </TextBlock>
        <TextBlock HPOS="536"
                   VPOS="1698"
                   WIDTH="92"
                   HEIGHT="43"
                   ID="region_1719482266444_169"
                   TAGREFS="BT3615">
          <Shape><Polygon POINTS="617 1741 542 1741 536 1698 628 1705"/></Shape>
        </TextBlock>
        <TextBlock HPOS="948"
                   VPOS="1674"
                   WIDTH="103"
                   HEIGHT="60"
                   ID="region_1719482269644_172"
                   TAGREFS="BT3615">
          <Shape><Polygon POINTS="1051 1734 951 1734 948 1674 1048 1674"/></Shape>
        </TextBlock>
        <TextBlock HPOS="94.0"
                   VPOS="1749.0"
                   WIDTH="458.0"
                   HEIGHT="233.0"
                   ID="region_1719482294340_183"
                   TAGREFS="BT3618">
          <Shape><Polygon POINTS="552 1970 100 1982 94 1749 552 1749"/></Shape>
        </TextBlock>
        <TextBlock HPOS="561.0"
                   VPOS="1755.0"
                   WIDTH="480.0"
                   HEIGHT="217.0"
                   ID="region_1719482297872_186"
                   TAGREFS="BT3619">
          <Shape><Polygon POINTS="1041 1972 561 1972 561 1755 1041 1755"/></Shape>
        </TextBlock>
      </PrintSpace>
    </Page>
  </Layout>
</alto>
