<?xml version="1.0" encoding="UTF-8"?>
<alto xmlns:xsi="http://www.w3.org/2001/XMLSchema-instance"
      xmlns="http://www.loc.gov/standards/alto/ns-v4#"
      xsi:schemaLocation="http://www.loc.gov/standards/alto/ns-v4# http://www.loc.gov/standards/alto/v4/alto-4-2.xsd">
  <Description>
    <MeasurementUnit>pixel</MeasurementUnit>
    <sourceImageInformation>
      <fileName>1771,_Saemtliche_Poetische_Werke,_Bohn,_5._Aufl.,_Bd._1,_VD18_90396758_Seite_032_Bild_0001.jpg</fileName>
    </sourceImageInformation>
  </Description>
  <Tags>
    <OtherTag ID="BT1" LABEL="Title" DESCRIPTION="block type Title"/><OtherTag ID="BT2" LABEL="Main" DESCRIPTION="block type Main"/><OtherTag ID="BT3" LABEL="Commentary" DESCRIPTION="block type Commentary"/><OtherTag ID="BT4" LABEL="Illustration" DESCRIPTION="block type Illustration"/><OtherTag ID="BT3614" LABEL="header" DESCRIPTION="block type header"/><OtherTag ID="BT3615" LABEL="paragraph" DESCRIPTION="block type paragraph"/><OtherTag ID="BT3616" LABEL="heading" DESCRIPTION="block type heading"/><OtherTag ID="BT3617" LABEL="footnote" DESCRIPTION="block type footnote"/><OtherTag ID="BT3618" LABEL="l-column" DESCRIPTION="block type l-column"/><OtherTag ID="BT3619" LABEL="r-column" DESCRIPTION="block type r-column"/><OtherTag ID="BT3620" LABEL="marginalia" DESCRIPTION="block type marginalia"/>
  </Tags>
  <Layout>
    <Page WIDTH="1187"
          HEIGHT="2055"
          PHYSICAL_IMG_NR="38"
          ID="eSc_dummypage_">
      <PrintSpace HPOS="0"
                  VPOS="0"
                  WIDTH="1187"
                  HEIGHT="2055">
        <TextBlock HPOS="258.0"
                   VPOS="63.0"
                   WIDTH="681.0"
                   HEIGHT="177.0"
                   ID="region_1719251603515_69"
                   TAGREFS="BT3616">
          <Shape><Polygon POINTS="939 240 311 232 258 199 259 63 937 63"/></Shape>
        </TextBlock>
        <TextBlock HPOS="81.0"
                   VPOS="221.0"
                   WIDTH="199.0"
                   HEIGHT="240.0"
                   ID="region_1719251606771_72"
                   TAGREFS="BT3615">
          <Shape><Polygon POINTS="279 461 86 461 81 221 280 221"/></Shape>
        </TextBlock>
        <TextBlock HPOS="80.0"
                   VPOS="254.0"
                   WIDTH="1037.0"
                   HEIGHT="898.0"
                   ID="region_1719251614879_75"
                   TAGREFS="BT3615">
          <Shape><Polygon POINTS="1117 1152 87 1152 80 460 122 463 281 465 280 254 1112 260"/></Shape>
        </TextBlock>
        <TextBlock HPOS="984"
                   VPOS="1155"
                   WIDTH="118"
                   HEIGHT="55"
                   ID="region_1719251620043_78"
                   TAGREFS="BT3615">
          <Shape><Polygon POINTS="1102 1210 986 1210 984 1155 1100 1155"/></Shape>
        </TextBlock>
        <TextBlock HPOS="92.0"
                   VPOS="1225.0"
                   WIDTH="982.0"
                   HEIGHT="164.0"
                   ID="region_1719251631155_81"
                   TAGREFS="BT3616">
          <Shape><Polygon POINTS="1074 1389 180 1342 92 1389 92 1225 1074 1225"/></Shape>
        </TextBlock>
        <TextBlock HPOS="190.0"
                   VPOS="1354.0"
                   WIDTH="74.0"
                   HEIGHT="123.0"
                   ID="region_1719251633747_84"
                   TAGREFS="BT3615">
          <Shape><Polygon POINTS="257 1476 190 1477 191 1354 264 1354"/></Shape>
        </TextBlock>
        <TextBlock HPOS="178.0"
                   VPOS="1383.0"
                   WIDTH="662.0"
                   HEIGHT="508.0"
                   ID="region_1719251639271_87"
                   TAGREFS="BT3615">
          <Shape><Polygon POINTS="840 1891 185 1889 178 1479 262 1476 267 1387 307 1393 840 1383"/></Shape>
        </TextBlock>
        <TextBlock HPOS="72"
                   VPOS="1894"
                   WIDTH="282"
                   HEIGHT="83"
                   ID="region_1719251648676_96"
                   TAGREFS="BT3615">
          <Shape><Polygon POINTS="354 1977 72 1971 73 1894 352 1894"/></Shape>
        </TextBlock>
        <TextBlock HPOS="689"
                   VPOS="1894"
                   WIDTH="84"
                   HEIGHT="65"
                   ID="region_1719251645684_93"
                   TAGREFS="BT3615">
          <Shape><Polygon POINTS="773 1959 689 1952 689 1894 758 1894"/></Shape>
        </TextBlock>
        <TextBlock HPOS="986"
                   VPOS="1888"
                   WIDTH="128"
                   HEIGHT="85"
                   ID="region_1719251641727_90"
                   TAGREFS="BT3615">
          <Shape><Polygon POINTS="1114 1973 986 1948 986 1888 1091 1888"/></Shape>
        </TextBlock>
      </PrintSpace>
    </Page>
  </Layout>
</alto>
