<?xml version="1.0" encoding="UTF-8"?>
<alto xmlns:xsi="http://www.w3.org/2001/XMLSchema-instance"
      xmlns="http://www.loc.gov/standards/alto/ns-v4#"
      xsi:schemaLocation="http://www.loc.gov/standards/alto/ns-v4# http://www.loc.gov/standards/alto/v4/alto-4-2.xsd">
  <Description>
    <MeasurementUnit>pixel</MeasurementUnit>
    <sourceImageInformation>
      <fileName>1771,_Saemtliche_Poetische_Werke,_Bohn,_5._Aufl.,_Bd._1,_VD18_90396758_Seite_143_Bild_0001.jpg</fileName>
    </sourceImageInformation>
  </Description>
  <Tags>
    <OtherTag ID="BT1" LABEL="Title" DESCRIPTION="block type Title"/><OtherTag ID="BT2" LABEL="Main" DESCRIPTION="block type Main"/><OtherTag ID="BT3" LABEL="Commentary" DESCRIPTION="block type Commentary"/><OtherTag ID="BT4" LABEL="Illustration" DESCRIPTION="block type Illustration"/><OtherTag ID="BT3614" LABEL="header" DESCRIPTION="block type header"/><OtherTag ID="BT3615" LABEL="paragraph" DESCRIPTION="block type paragraph"/><OtherTag ID="BT3616" LABEL="heading" DESCRIPTION="block type heading"/><OtherTag ID="BT3617" LABEL="footnote" DESCRIPTION="block type footnote"/><OtherTag ID="BT3618" LABEL="l-column" DESCRIPTION="block type l-column"/><OtherTag ID="BT3619" LABEL="r-column" DESCRIPTION="block type r-column"/><OtherTag ID="BT3620" LABEL="marginalia" DESCRIPTION="block type marginalia"/>
  </Tags>
  <Layout>
    <Page WIDTH="1194"
          HEIGHT="2044"
          PHYSICAL_IMG_NR="40"
          ID="eSc_dummypage_">
      <PrintSpace HPOS="0"
                  VPOS="0"
                  WIDTH="1194"
                  HEIGHT="2044">
        <TextBlock HPOS="107"
                   VPOS="51"
                   WIDTH="102"
                   HEIGHT="72"
                   ID="region_1719331634818_232"
                   TAGREFS="BT3615">
          <Shape><Polygon POINTS="209 123 121 114 107 51 209 51"/></Shape>
        </TextBlock>
        <TextBlock HPOS="347"
                   VPOS="23"
                   WIDTH="599"
                   HEIGHT="92"
                   ID="region_1719331673481_244"
                   TAGREFS="BT3615">
          <Shape><Polygon POINTS="946 115 349 115 347 23 907 33"/></Shape>
        </TextBlock>
        <TextBlock HPOS="518.0"
                   VPOS="144.0"
                   WIDTH="238.0"
                   HEIGHT="66.0"
                   ID="region_1719331679701_247"
                   TAGREFS="BT3616">
          <Shape><Polygon POINTS="734 210 518 205 518 144 756 149"/></Shape>
        </TextBlock>
        <TextBlock HPOS="115.0"
                   VPOS="225.0"
                   WIDTH="98.0"
                   HEIGHT="94.0"
                   ID="region_1719331640581_235"
                   TAGREFS="BT3615">
          <Shape><Polygon POINTS="213 319 129 319 115 227 213 225"/></Shape>
        </TextBlock>
        <TextBlock HPOS="94.0"
                   VPOS="215.0"
                   WIDTH="1016.0"
                   HEIGHT="365.0"
                   ID="region_1719331685181_250"
                   TAGREFS="BT3615">
          <Shape><Polygon POINTS="1110 580 94 580 101 375 97 323 220 323 219 215 1110 226"/></Shape>
        </TextBlock>
        <TextBlock HPOS="391.0"
                   VPOS="640.0"
                   WIDTH="470.0"
                   HEIGHT="94.0"
                   ID="region_1719331689141_253"
                   TAGREFS="BT3616">
          <Shape><Polygon POINTS="839 734 391 734 391 640 861 655"/></Shape>
        </TextBlock>
        <TextBlock HPOS="96.0"
                   VPOS="743.0"
                   WIDTH="99.0"
                   HEIGHT="96.0"
                   ID="region_1719331643837_238"
                   TAGREFS="BT3615">
          <Shape><Polygon POINTS="195 839 118 839 96 743 195 747"/></Shape>
        </TextBlock>
        <TextBlock HPOS="108.0"
                   VPOS="739.0"
                   WIDTH="1002.0"
                   HEIGHT="221.0"
                   ID="region_1719331693425_256"
                   TAGREFS="BT3615">
          <Shape><Polygon POINTS="1107 960 108 960 111 846 139 842 192 845 193 739 1110 743"/></Shape>
        </TextBlock>
        <TextBlock HPOS="90.0"
                   VPOS="997.0"
                   WIDTH="1031.0"
                   HEIGHT="135.0"
                   ID="region_1719331698877_259"
                   TAGREFS="BT3615">
          <Shape><Polygon POINTS="1117 1132 90 1132 94 997 1121 997"/></Shape>
        </TextBlock>
        <TextBlock HPOS="96.0"
                   VPOS="1155.0"
                   WIDTH="108.0"
                   HEIGHT="90.0"
                   ID="region_1719331646949_241"
                   TAGREFS="BT3615">
          <Shape><Polygon POINTS="204 1245 104 1245 96 1155 204 1155"/></Shape>
        </TextBlock>
        <TextBlock HPOS="102.0"
                   VPOS="1139.0"
                   WIDTH="979.0"
                   HEIGHT="214.0"
                   ID="region_1719331702597_262"
                   TAGREFS="BT3615">
          <Shape><Polygon POINTS="1081 1353 108 1353 105 1307 102 1246 210 1249 211 1151 1081 1139"/></Shape>
        </TextBlock>
        <TextBlock HPOS="969"
                   VPOS="1382"
                   WIDTH="173"
                   HEIGHT="76"
                   ID="region_1719331704961_265"
                   TAGREFS="BT3615">
          <Shape><Polygon POINTS="1120 1458 969 1458 970 1391 1142 1382"/></Shape>
        </TextBlock>
        <TextBlock HPOS="108.0"
                   VPOS="1468.0"
                   WIDTH="493.0"
                   HEIGHT="445.0"
                   ID="region_1719331723365_271"
                   TAGREFS="BT3618">
          <Shape><Polygon POINTS="588 1913 108 1913 108 1468 601 1478"/></Shape>
        </TextBlock>
        <TextBlock HPOS="613.0"
                   VPOS="1473.0"
                   WIDTH="527.0"
                   HEIGHT="425.0"
                   ID="region_1719331727397_274"
                   TAGREFS="BT3619">
          <Shape><Polygon POINTS="1140 1898 615 1898 613 1473 1138 1473"/></Shape>
        </TextBlock>
        <TextBlock HPOS="959"
                   VPOS="1893"
                   WIDTH="159"
                   HEIGHT="66"
                   ID="region_1719331729569_277"
                   TAGREFS="BT3615">
          <Shape><Polygon POINTS="1110 1951 959 1959 959 1893 1118 1893"/></Shape>
        </TextBlock>
      </PrintSpace>
    </Page>
  </Layout>
</alto>
