<?xml version="1.0" encoding="UTF-8"?>
<alto xmlns:xsi="http://www.w3.org/2001/XMLSchema-instance"
      xmlns="http://www.loc.gov/standards/alto/ns-v4#"
      xsi:schemaLocation="http://www.loc.gov/standards/alto/ns-v4# http://www.loc.gov/standards/alto/v4/alto-4-2.xsd">
  <Description>
    <MeasurementUnit>pixel</MeasurementUnit>
    <sourceImageInformation>
      <fileName>1771,_Saemtliche_Poetische_Werke,_Bohn,_5._Aufl.,_Bd._1,_VD18_90396758_Seite_031_Bild_0001.jpg</fileName>
    </sourceImageInformation>
  </Description>
  <Tags>
    <OtherTag ID="BT1" LABEL="Title" DESCRIPTION="block type Title"/><OtherTag ID="BT2" LABEL="Main" DESCRIPTION="block type Main"/><OtherTag ID="BT3" LABEL="Commentary" DESCRIPTION="block type Commentary"/><OtherTag ID="BT4" LABEL="Illustration" DESCRIPTION="block type Illustration"/><OtherTag ID="BT3614" LABEL="header" DESCRIPTION="block type header"/><OtherTag ID="BT3615" LABEL="paragraph" DESCRIPTION="block type paragraph"/><OtherTag ID="BT3616" LABEL="heading" DESCRIPTION="block type heading"/><OtherTag ID="BT3617" LABEL="footnote" DESCRIPTION="block type footnote"/><OtherTag ID="BT3618" LABEL="l-column" DESCRIPTION="block type l-column"/><OtherTag ID="BT3619" LABEL="r-column" DESCRIPTION="block type r-column"/><OtherTag ID="BT3620" LABEL="marginalia" DESCRIPTION="block type marginalia"/>
  </Tags>
  <Layout>
    <Page WIDTH="1218"
          HEIGHT="2050"
          PHYSICAL_IMG_NR="37"
          ID="eSc_dummypage_">
      <PrintSpace HPOS="0"
                  VPOS="0"
                  WIDTH="1218"
                  HEIGHT="2050">
        <TextBlock HPOS="114"
                   VPOS="44"
                   WIDTH="186"
                   HEIGHT="84"
                   ID="region_1719251190438_3"
                   TAGREFS="BT3615">
          <Shape><Polygon POINTS="300 128 114 128 114 46 287 44"/></Shape>
        </TextBlock>
        <TextBlock HPOS="353"
                   VPOS="42"
                   WIDTH="649"
                   HEIGHT="81"
                   ID="region_1719251197069_6"
                   TAGREFS="BT3615">
          <Shape><Polygon POINTS="1002 123 353 123 353 42 990 42"/></Shape>
        </TextBlock>
        <TextBlock HPOS="80.0"
                   VPOS="141.0"
                   WIDTH="1069.0"
                   HEIGHT="1315.0"
                   ID="region_1719251208869_9"
                   TAGREFS="BT3615">
          <Shape><Polygon POINTS="1149 1440 80 1456 80 144 1120 141"/></Shape>
        </TextBlock>
        <TextBlock HPOS="215.0"
                   VPOS="1461.0"
                   WIDTH="571.0"
                   HEIGHT="111.0"
                   ID="region_1719251228385_18"
                   TAGREFS="BT3616">
          <Shape><Polygon POINTS="786 1572 215 1572 221 1473 786 1461"/></Shape>
        </TextBlock>
        <TextBlock HPOS="778"
                   VPOS="1560"
                   WIDTH="348"
                   HEIGHT="134"
                   ID="region_1719251233409_21"
                   TAGREFS="BT3615">
          <Shape><Polygon POINTS="1126 1677 778 1694 798 1560 1104 1560"/></Shape>
        </TextBlock>
        <TextBlock HPOS="69.0"
                   VPOS="1707.0"
                   WIDTH="516.0"
                   HEIGHT="192.0"
                   ID="region_1719251308273_35"
                   TAGREFS="BT3618">
          <Shape><Polygon POINTS="585 1899 69 1899 69 1707 585 1707"/></Shape>
        </TextBlock>
        <TextBlock HPOS="603.0"
                   VPOS="1704.0"
                   WIDTH="519.0"
                   HEIGHT="180.0"
                   ID="region_1719251320862_38"
                   TAGREFS="BT3619">
          <Shape><Polygon POINTS="1117 1884 603 1884 608 1704 1122 1704"/></Shape>
        </TextBlock>
        <TextBlock HPOS="941"
                   VPOS="1897"
                   WIDTH="173"
                   HEIGHT="92"
                   ID="region_1719251280461_31"
                   TAGREFS="BT3615">
          <Shape><Polygon POINTS="1111 1989 941 1970 941 1897 1114 1897"/></Shape>
        </TextBlock>
      </PrintSpace>
    </Page>
  </Layout>
</alto>
