<?xml version="1.0" encoding="UTF-8" standalone="yes"?>
<PcGts xmlns="http://schema.primaresearch.org/PAGE/gts/pagecontent/2013-07-15" xmlns:xsi="http://www.w3.org/2001/XMLSchema-instance" xsi:schemaLocation="http://schema.primaresearch.org/PAGE/gts/pagecontent/2013-07-15 http://schema.primaresearch.org/PAGE/gts/pagecontent/2013-07-15/pagecontent.xsd">
    <Metadata>
        <Creator>Transkribus</Creator>
        <Created>2024-06-25T13:49:06.935+02:00</Created>
        <LastChange>2024-06-25T17:17:30.650+02:00</LastChange>
        <TranskribusMetadata docId="2986766" pageId="73470041" pageNr="15" tsid="174066697" status="IN_PROGRESS" userId="241044" imgUrl="https://files.transkribus.eu/Get?id=MAPYRQUYTSKKXKYABCAHBIBC&amp;fileType=view" xmlUrl="https://files.transkribus.eu/Get?id=NQLAQMTQYANUHDPSCFTDMZIT" imageId="59329218"/>
    </Metadata>
    <Page imageFilename="1766-71,_Poetische_Werke,_Walthard,_Bd._5_Seite_043_Bild_0001.jpg" imageWidth="582" imageHeight="919" type="content">
        <ReadingOrder>
            <OrderedGroup id="ro_1719329010175" caption="Regions reading order">
                <RegionRefIndexed index="0" regionRef="region_1719316174318_564"/>
                <RegionRefIndexed index="1" regionRef="region_1719316179446_567"/>
                <RegionRefIndexed index="3" regionRef="region_1719316189171_570"/>
                <RegionRefIndexed index="4" regionRef="region_1719316193931_573"/>
                <RegionRefIndexed index="5" regionRef="region_1719316204486_576"/>
            </OrderedGroup>
        </ReadingOrder>
        <TextRegion type="page-number" id="region_1719316174318_564" custom="readingOrder {index:0;} structure {type:page-number;}">
            <Coords points="110,111 134,111 134,130 110,130"/>
        </TextRegion>
        <TextRegion type="header" id="region_1719316179446_567" custom="readingOrder {index:1;} structure {type:header;}">
            <Coords points="157,127 473,127 473,110 157,110"/>
        </TextRegion>
        <SeparatorRegion id="Separator_1719316214645_579" custom="readingOrder {index:2;}">
            <Coords points="112,132 525,132 525,144 112,144"/>
        </SeparatorRegion>
        <TextRegion id="region_1719316189171_570" custom="readingOrder {index:3;} structure {type:poem_lg;}">
            <Coords points="145,145 473,145 473,298 145,298"/>
        </TextRegion>
        <TextRegion type="paragraph" id="region_1719316193931_573" custom="readingOrder {index:4;} structure {type:paragraph;}">
            <Coords points="103,308 534,308 534,493 103,493"/>
        </TextRegion>
        <TextRegion id="region_1719316204486_576" custom="readingOrder {index:5;} structure {type:poem_lg;}">
            <Coords points="104,508 530,508 530,772 104,772"/>
        </TextRegion>
    </Page>
</PcGts>
