<?xml version="1.0" encoding="UTF-8" standalone="yes"?>
<PcGts xmlns="http://schema.primaresearch.org/PAGE/gts/pagecontent/2013-07-15" xmlns:xsi="http://www.w3.org/2001/XMLSchema-instance" xsi:schemaLocation="http://schema.primaresearch.org/PAGE/gts/pagecontent/2013-07-15 http://schema.primaresearch.org/PAGE/gts/pagecontent/2013-07-15/pagecontent.xsd">
    <Metadata>
        <Creator>Transkribus</Creator>
        <Created>2024-06-25T13:49:06.970+02:00</Created>
        <LastChange>2024-06-25T17:16:42.071+02:00</LastChange>
        <TranskribusMetadata docId="2986766" pageId="73470043" pageNr="16" tsid="174066932" status="IN_PROGRESS" userId="241044" imgUrl="https://files.transkribus.eu/Get?id=TQTEXLQDIUZHQDVNKHYQLPCI&amp;fileType=view" xmlUrl="https://files.transkribus.eu/Get?id=GSZYNTQUZJOZUOGSPWWLSOTD" imageId="59329220"/>
    </Metadata>
    <Page imageFilename="1766-71,_Poetische_Werke,_Walthard,_Bd._5_Seite_044_Bild_0001.jpg" imageWidth="573" imageHeight="915" type="content">
        <ReadingOrder>
            <OrderedGroup id="ro_1719329010452" caption="Regions reading order">
                <RegionRefIndexed index="0" regionRef="region_1719316330431_612"/>
                <RegionRefIndexed index="1" regionRef="region_1719316334043_615"/>
                <RegionRefIndexed index="3" regionRef="region_1719316345650_618"/>
                <RegionRefIndexed index="4" regionRef="region_1719316350487_621"/>
                <RegionRefIndexed index="5" regionRef="region_1719316358144_624"/>
            </OrderedGroup>
        </ReadingOrder>
        <TextRegion type="header" id="region_1719316330431_612" custom="readingOrder {index:0;} structure {type:header;}">
            <Coords points="168,98 359,98 359,120 168,120"/>
        </TextRegion>
        <TextRegion type="page-number" id="region_1719316334043_615" custom="readingOrder {index:1;} structure {type:page-number;}">
            <Coords points="448,103 472,103 472,122 448,122"/>
        </TextRegion>
        <SeparatorRegion id="Separator_1719316373305_627" custom="readingOrder {index:2;}">
            <Coords points="60,132 472,132 60,123"/>
        </SeparatorRegion>
        <TextRegion id="region_1719316345650_618" custom="readingOrder {index:3;} structure {type:poem_lg;}">
            <Coords points="55,135 476,135 476,359 55,359"/>
        </TextRegion>
        <TextRegion id="region_1719316350487_621" custom="readingOrder {index:4;} structure {type:poem_lg;}">
            <Coords points="104,370 394,370 394,490 104,490"/>
        </TextRegion>
        <TextRegion type="paragraph" id="region_1719316358144_624" custom="readingOrder {index:5;} structure {type:paragraph;}">
            <Coords points="55,751 479,751 479,504 55,504"/>
        </TextRegion>
    </Page>
</PcGts>
