<?xml version="1.0" encoding="UTF-8" standalone="yes"?>
<PcGts xmlns="http://schema.primaresearch.org/PAGE/gts/pagecontent/2013-07-15" xmlns:xsi="http://www.w3.org/2001/XMLSchema-instance" xsi:schemaLocation="http://schema.primaresearch.org/PAGE/gts/pagecontent/2013-07-15 http://schema.primaresearch.org/PAGE/gts/pagecontent/2013-07-15/pagecontent.xsd">
    <Metadata>
        <Creator>Transkribus</Creator>
        <Created>2024-06-16T20:01:11.813+02:00</Created>
        <LastChange>2024-06-24T21:48:51.370+02:00</LastChange>
        <TranskribusMetadata docId="2986766" pageId="73470037" pageNr="8" tsid="174036796" status="IN_PROGRESS" userId="241044" imgUrl="https://files.transkribus.eu/Get?id=DVNOHGJEHJJLYJBLQZVKRWVA&amp;fileType=view" xmlUrl="https://files.transkribus.eu/Get?id=FISRSRUTCGXUSELUZDVQUEKR" imageId="59329214"/>
    </Metadata>
    <Page imageFilename="1766-71,_Poetische_Werke,_Walthard,_Bd._3_Seite_030_Bild_0001.jpg" imageWidth="586" imageHeight="918" type="content">
        <ReadingOrder>
            <OrderedGroup id="ro_1719329007119" caption="Regions reading order">
                <RegionRefIndexed index="0" regionRef="region_1718570574099_200"/>
                <RegionRefIndexed index="1" regionRef="region_1718570577694_203"/>
                <RegionRefIndexed index="3" regionRef="region_1718570613073_209"/>
                <RegionRefIndexed index="4" regionRef="region_1718570726278_239"/>
                <RegionRefIndexed index="5" regionRef="region_1718570628220_212"/>
                <RegionRefIndexed index="6" regionRef="region_1718570634826_215"/>
                <RegionRefIndexed index="7" regionRef="region_1718570642824_218"/>
                <RegionRefIndexed index="8" regionRef="region_1718570651286_221"/>
            </OrderedGroup>
        </ReadingOrder>
        <TextRegion type="header" id="region_1718570574099_200" custom="readingOrder {index:0;} structure {type:header;}">
            <Coords points="177,116 310,116 310,137 177,137"/>
        </TextRegion>
        <TextRegion type="page-number" id="region_1718570577694_203" custom="readingOrder {index:1;} structure {type:page-number;}">
            <Coords points="443,121 464,121 464,138 443,138"/>
        </TextRegion>
        <SeparatorRegion id="Separator_1718570586908_206" custom="readingOrder {index:2;}">
            <Coords points="51,139 458,139 458,153 51,153"/>
        </SeparatorRegion>
        <TextRegion type="footnote-continued" id="region_1718570613073_209" custom="readingOrder {index:3;} structure {type:footnote-continued;}">
            <Coords points="464,154 69,154 69,434 464,434"/>
        </TextRegion>
        <TextRegion type="endnote" id="region_1718570726278_239" custom="readingOrder {index:4;} structure {type:endnote;}">
            <Coords points="39,443 465,443 465,772 39,772"/>
        </TextRegion>
        <TextRegion type="paragraph" id="region_1718570628220_212" custom="readingOrder {index:5;} structure {type:paragraph;}">
            <Coords points="49,453 429,453 429,548 49,548"/>
        </TextRegion>
        <TextRegion type="paragraph" id="region_1718570634826_215" custom="readingOrder {index:6;} structure {type:paragraph;}">
            <Coords points="47,553 423,553 423,626 47,626"/>
        </TextRegion>
        <TextRegion type="paragraph" id="region_1718570642824_218" custom="readingOrder {index:7;} structure {type:paragraph;}">
            <Coords points="51,644 463,644 463,770 51,770"/>
        </TextRegion>
        <TextRegion type="signature-mark" id="region_1718570651286_221" custom="readingOrder {index:8;} structure {type:signature-mark;}">
            <Coords points="260,789 304,789 304,773 260,773"/>
        </TextRegion>
    </Page>
</PcGts>
