<?xml version="1.0" encoding="UTF-8" standalone="yes"?>
<PcGts xmlns="http://schema.primaresearch.org/PAGE/gts/pagecontent/2013-07-15" xmlns:xsi="http://www.w3.org/2001/XMLSchema-instance" xsi:schemaLocation="http://schema.primaresearch.org/PAGE/gts/pagecontent/2013-07-15 http://schema.primaresearch.org/PAGE/gts/pagecontent/2013-07-15/pagecontent.xsd">
    <Metadata>
        <Creator>Transkribus</Creator>
        <Created>2024-06-16T20:01:11.718+02:00</Created>
        <LastChange>2024-06-25T17:14:12.108+02:00</LastChange>
        <TranskribusMetadata docId="2986766" pageId="73469587" pageNr="6" tsid="174064221" status="IN_PROGRESS" userId="241044" imgUrl="https://files.transkribus.eu/Get?id=FNUIKIFBJOORLHXNHEYGBNNH&amp;fileType=view" xmlUrl="https://files.transkribus.eu/Get?id=SNCMXZXIZDIFSKMHBCAOILIE" imageId="59329227"/>
    </Metadata>
    <Page imageFilename="1766-71,_Poetische_Werke,_Walthard,_Bd._3_Seite_012_Bild_0001.jpg" imageWidth="585" imageHeight="915" type="content">
        <ReadingOrder>
            <OrderedGroup id="ro_1719329006147" caption="Regions reading order">
                <RegionRefIndexed index="0" regionRef="region_1718567470863_38"/>
                <RegionRefIndexed index="1" regionRef="region_1718567487779_41"/>
                <RegionRefIndexed index="2" regionRef="region_1718567500469_44"/>
                <RegionRefIndexed index="3" regionRef="region_1718567504006_47"/>
                <RegionRefIndexed index="4" regionRef="region_1718567511110_50"/>
                <RegionRefIndexed index="5" regionRef="region_1718567521294_53"/>
                <RegionRefIndexed index="6" regionRef="region_1718567526595_56"/>
            </OrderedGroup>
        </ReadingOrder>
        <Relations>
            <Relation type="link">
                <RegionRef regionRef="region_1718567500469_44"/>
                <RegionRef regionRef="region_1718567487779_41"/>
            </Relation>
        </Relations>
        <TextRegion type="heading" id="region_1718567470863_38" custom="readingOrder {index:0;} structure {type:heading;}">
            <Coords points="105,154 424,154 424,196 105,196"/>
        </TextRegion>
        <TextRegion type="drop-capital" id="region_1718567487779_41" custom="readingOrder {index:1;} structure {type:drop-capital;}">
            <Coords points="61,222 87,222 87,256 61,256"/>
        </TextRegion>
        <TextRegion id="region_1718567500469_44" custom="readingOrder {index:2;} structure {type:poem_lg;}">
            <Coords points="475,456 62,456 62,259 90,259 89,236 475,235"/>
        </TextRegion>
        <TextRegion type="catch-word" id="region_1718567504006_47" custom="readingOrder {index:3;} structure {type:catch-word;}">
            <Coords points="329,468 402,468 402,488 329,488"/>
        </TextRegion>
        <TextRegion id="region_1718567511110_50" custom="readingOrder {index:4;} structure {type:poem_lg;}">
            <Coords points="57,495 443,495 443,609 57,609"/>
        </TextRegion>
        <TextRegion type="signature-mark" id="region_1718567521294_53" custom="readingOrder {index:5;} structure {type:signature-mark;}">
            <Coords points="331,626 371,626 371,644 331,644"/>
        </TextRegion>
        <TextRegion type="footnote" id="region_1718567526595_56" custom="readingOrder {index:6;} structure {type:footnote;}">
            <Coords points="62,668 474,668 474,778 62,778"/>
        </TextRegion>
    </Page>
</PcGts>
