<?xml version="1.0" encoding="UTF-8" standalone="yes"?>
<PcGts xmlns="http://schema.primaresearch.org/PAGE/gts/pagecontent/2013-07-15" xmlns:xsi="http://www.w3.org/2001/XMLSchema-instance" xsi:schemaLocation="http://schema.primaresearch.org/PAGE/gts/pagecontent/2013-07-15 http://schema.primaresearch.org/PAGE/gts/pagecontent/2013-07-15/pagecontent.xsd">
    <Metadata>
        <Creator>Transkribus</Creator>
        <Created>2024-06-16T20:01:11.954+02:00</Created>
        <LastChange>2024-06-24T22:01:32.531+02:00</LastChange>
        <TranskribusMetadata docId="2986766" pageId="73470134" pageNr="11" tsid="174036809" status="IN_PROGRESS" userId="241044" imgUrl="https://files.transkribus.eu/Get?id=IQJVSMZPRGEEIQGUCYNRBIBI&amp;fileType=view" xmlUrl="https://files.transkribus.eu/Get?id=WNFBRWJPBYFYRFKAJHGOJFLV" imageId="59329115"/>
    </Metadata>
    <Page imageFilename="1766-71,_Poetische_Werke,_Walthard,_Bd._4_Seite_267_Bild_0001.jpg" imageWidth="569" imageHeight="917" type="content">
        <ReadingOrder>
            <OrderedGroup id="ro_1719329008299" caption="Regions reading order">
                <RegionRefIndexed index="0" regionRef="region_1719258772312_137"/>
                <RegionRefIndexed index="1" regionRef="region_1719258777947_140"/>
                <RegionRefIndexed index="3" regionRef="region_1719258853272_166"/>
                <RegionRefIndexed index="4" regionRef="region_1719258798681_146"/>
                <RegionRefIndexed index="5" regionRef="region_1719258805427_149"/>
                <RegionRefIndexed index="6" regionRef="region_1719258811574_152"/>
                <RegionRefIndexed index="7" regionRef="region_1719258819355_155"/>
                <RegionRefIndexed index="8" regionRef="region_1719258824874_158"/>
            </OrderedGroup>
        </ReadingOrder>
        <TextRegion type="page-number" id="region_1719258772312_137" custom="readingOrder {index:0;} structure {type:page-number;}">
            <Coords points="109,102 143,102 143,119 110,120"/>
        </TextRegion>
        <TextRegion type="header" id="region_1719258777947_140" custom="readingOrder {index:1;} structure {type:header;}">
            <Coords points="225,92 414,92 414,118 225,118"/>
        </TextRegion>
        <SeparatorRegion id="Separator_1719258899886_177" custom="readingOrder {index:2;}">
            <Coords points="117,123 533,123 533,132 117,132"/>
        </SeparatorRegion>
        <TextRegion type="endnote" id="region_1719258853272_166" custom="readingOrder {index:3;} structure {type:endnote;}">
            <Coords points="121,134 545,134 545,764 121,764"/>
        </TextRegion>
        <TextRegion type="footnote-continued" id="region_1719258798681_146" custom="readingOrder {index:4;} structure {type:footnote-continued;}">
            <Coords points="147,179 533,179 533,136 147,136"/>
        </TextRegion>
        <TextRegion type="paragraph" id="region_1719258805427_149" custom="readingOrder {index:5;} structure {type:paragraph;}">
            <Coords points="132,191 516,191 516,216 132,216"/>
        </TextRegion>
        <TextRegion type="paragraph" id="region_1719258811574_152" custom="readingOrder {index:6;} structure {type:paragraph;}">
            <Coords points="132,231 542,231 542,643 132,643"/>
        </TextRegion>
        <TextRegion type="paragraph" id="region_1719258819355_155" custom="readingOrder {index:7;} structure {type:paragraph;}">
            <Coords points="540,663 145,663 145,721 540,721"/>
        </TextRegion>
        <TextRegion type="paragraph" id="region_1719258824874_158" custom="readingOrder {index:8;} structure {type:paragraph;}">
            <Coords points="224,759 139,759 139,739 224,739"/>
        </TextRegion>
    </Page>
</PcGts>
