<?xml version="1.0" encoding="UTF-8" standalone="yes"?>
<PcGts xmlns="http://schema.primaresearch.org/PAGE/gts/pagecontent/2013-07-15" xmlns:xsi="http://www.w3.org/2001/XMLSchema-instance" xsi:schemaLocation="http://schema.primaresearch.org/PAGE/gts/pagecontent/2013-07-15 http://schema.primaresearch.org/PAGE/gts/pagecontent/2013-07-15/pagecontent.xsd">
    <Metadata>
        <Creator>Transkribus</Creator>
        <Created>2024-06-16T20:01:11.557+02:00</Created>
        <LastChange>2024-06-16T21:03:02.771+02:00</LastChange>
        <TranskribusMetadata docId="2986766" pageId="73469584" pageNr="3" tsid="174036790" status="IN_PROGRESS" userId="241044" imgUrl="https://files.transkribus.eu/Get?id=RBXAMLVGFRDCWDFLXPQSBMTG&amp;fileType=view" xmlUrl="https://files.transkribus.eu/Get?id=LJCHNCJELTYEWIWNTVYMCUFL" imageId="59329204"/>
    </Metadata>
    <Page imageFilename="1766-71,_Poetische_Werke,_Walthard,_Bd._2_Seite_016_Bild_0001.jpg" imageWidth="583" imageHeight="915" type="content">
        <ReadingOrder>
            <OrderedGroup id="ro_1719329004500" caption="Regions reading order">
                <RegionRefIndexed index="0" regionRef="region_1718562317036_423"/>
                <RegionRefIndexed index="1" regionRef="region_1718562307763_420"/>
                <RegionRefIndexed index="2" regionRef="region_1718562330117_426"/>
                <RegionRefIndexed index="3" regionRef="region_1718562342350_429"/>
                <RegionRefIndexed index="4" regionRef="region_1718562367026_432"/>
                <RegionRefIndexed index="5" regionRef="region_1718562373418_435"/>
            </OrderedGroup>
        </ReadingOrder>
        <TextRegion type="header" id="region_1718562317036_423" custom="readingOrder {index:0;} structure {type:header;}">
            <Coords points="209,114 343,114 343,138 209,138"/>
        </TextRegion>
        <TextRegion type="page-number" id="region_1718562307763_420" custom="readingOrder {index:1;} structure {type:page-number;}">
            <Coords points="471,121 489,121 489,144 471,144"/>
        </TextRegion>
        <TextRegion type="paragraph" id="region_1718562330117_426" custom="readingOrder {index:2;} structure {type:paragraph;}">
            <Coords points="67,147 489,147 489,241 67,241"/>
        </TextRegion>
        <TextRegion type="paragraph" id="region_1718562342350_429" custom="readingOrder {index:3;} structure {type:paragraph;}">
            <Coords points="484,269 69,269 69,396 484,396"/>
        </TextRegion>
        <TextRegion type="footnote-continued" id="region_1718562367026_432" custom="readingOrder {index:4;} structure {type:footnote-continued;}">
            <Coords points="83,416 487,416 487,751 83,751"/>
        </TextRegion>
        <TextRegion type="footnote" id="region_1718562373418_435" custom="readingOrder {index:5;} structure {type:footnote;}">
            <Coords points="63,758 460,758 460,794 63,794"/>
        </TextRegion>
    </Page>
</PcGts>
