<?xml version="1.0" encoding="UTF-8" standalone="yes"?>
<PcGts xmlns="http://schema.primaresearch.org/PAGE/gts/pagecontent/2013-07-15" xmlns:xsi="http://www.w3.org/2001/XMLSchema-instance" xsi:schemaLocation="http://schema.primaresearch.org/PAGE/gts/pagecontent/2013-07-15 http://schema.primaresearch.org/PAGE/gts/pagecontent/2013-07-15/pagecontent.xsd">
    <Metadata>
        <Creator>Transkribus</Creator>
        <Created>2024-06-25T13:49:06.998+02:00</Created>
        <LastChange>2024-06-25T13:57:03.693+02:00</LastChange>
        <TranskribusMetadata docId="2986766" pageId="73470144" pageNr="17" tsid="174036818" status="IN_PROGRESS" userId="241044" imgUrl="https://files.transkribus.eu/Get?id=PTWYVIBMFPUVTNVHMVWIATOR&amp;fileType=view" xmlUrl="https://files.transkribus.eu/Get?id=RFIPHQZSUHYAVAFIGXAMYJUD" imageId="59329125"/>
    </Metadata>
    <Page imageFilename="1766-71,_Poetische_Werke,_Walthard,_Bd._5_Seite_083_Bild_0001.jpg" imageWidth="569" imageHeight="913" type="content">
        <ReadingOrder>
            <OrderedGroup id="ro_1719329010703" caption="Regions reading order">
                <RegionRefIndexed index="0" regionRef="region_1719316450234_657"/>
                <RegionRefIndexed index="1" regionRef="region_1719316466765_660"/>
                <RegionRefIndexed index="3" regionRef="region_1719316525687_675"/>
                <RegionRefIndexed index="4" regionRef="region_1719316538868_681"/>
                <RegionRefIndexed index="5" regionRef="region_1719316533923_678"/>
            </OrderedGroup>
        </ReadingOrder>
        <TextRegion type="page-number" id="region_1719316450234_657" custom="readingOrder {index:0;} structure {type:page-number;}">
            <Coords points="105,104 128,104 128,123 105,123"/>
        </TextRegion>
        <TextRegion type="header" id="region_1719316466765_660" custom="readingOrder {index:1;} structure {type:header;}">
            <Coords points="151,124 469,124 469,98 151,98"/>
        </TextRegion>
        <SeparatorRegion id="Separator_1719316556489_684" custom="readingOrder {index:2;}">
            <Coords points="105,125 520,125 520,141 105,141"/>
        </SeparatorRegion>
        <TextRegion type="endnote" id="region_1719316525687_675" custom="readingOrder {index:3;} structure {type:endnote;}">
            <Coords points="121,142 508,142 508,353 121,353"/>
        </TextRegion>
        <TextRegion type="footnote" id="region_1719316538868_681" custom="readingOrder {index:4;} structure {type:footnote;}">
            <Coords points="129,359 531,359 531,613 129,613"/>
        </TextRegion>
        <TextRegion type="endnote" id="region_1719316533923_678" custom="readingOrder {index:5;} structure {type:endnote;}">
            <Coords points="135,621 531,621 531,762 135,762"/>
        </TextRegion>
    </Page>
</PcGts>
