<?xml version="1.0" encoding="UTF-8" standalone="yes"?>
<PcGts xmlns="http://schema.primaresearch.org/PAGE/gts/pagecontent/2013-07-15" xmlns:xsi="http://www.w3.org/2001/XMLSchema-instance" xsi:schemaLocation="http://schema.primaresearch.org/PAGE/gts/pagecontent/2013-07-15 http://schema.primaresearch.org/PAGE/gts/pagecontent/2013-07-15/pagecontent.xsd">
    <Metadata>
        <Creator>Transkribus</Creator>
        <Created>2024-06-16T20:01:11.242+02:00</Created>
        <LastChange>2024-06-25T17:13:33.533+02:00</LastChange>
        <TranskribusMetadata docId="2986766" pageId="73470075" pageNr="1" tsid="174061146" status="IN_PROGRESS" userId="241044" imgUrl="https://files.transkribus.eu/Get?id=CAYWIXZREBYDKXWCNMSFWLZP&amp;fileType=view" xmlUrl="https://files.transkribus.eu/Get?id=VSSZQILVQVLKDTCDJOGHRKHI" imageId="59328585"/>
    </Metadata>
    <Page imageFilename="1766-71,_Poetische_Werke,_Walthard,_Bd._2_Seite_010_Bild_0001.jpg" imageWidth="589" imageHeight="915" type="title">
        <ReadingOrder>
            <OrderedGroup id="ro_1719329002913" caption="Regions reading order">
                <RegionRefIndexed index="0" regionRef="region_1718561180279_33"/>
                <RegionRefIndexed index="2" regionRef="region_1718561203425_38"/>
                <RegionRefIndexed index="4" regionRef="region_1718561207463_41"/>
                <RegionRefIndexed index="6" regionRef="region_1718561210850_44"/>
                <RegionRefIndexed index="8" regionRef="region_1718561222819_47"/>
                <RegionRefIndexed index="10" regionRef="region_1718561235545_50"/>
            </OrderedGroup>
        </ReadingOrder>
        <TextRegion type="heading" id="region_1718561180279_33" custom="readingOrder {index:0;} structure {type:heading;}">
            <Coords points="84,146 475,146 475,277 84,277"/>
        </TextRegion>
        <SeparatorRegion id="Separator_1718561266824_58" custom="readingOrder {index:1;}">
            <Coords points="112,298 446,298 446,318 112,318"/>
        </SeparatorRegion>
        <TextRegion type="heading" id="region_1718561203425_38" custom="readingOrder {index:2;} structure {type:heading;}">
            <Coords points="149,332 389,332 389,370 149,370"/>
        </TextRegion>
        <SeparatorRegion id="Separator_1718561271842_61" custom="readingOrder {index:3;}">
            <Coords points="126,379 438,379 438,401 126,401"/>
        </SeparatorRegion>
        <TextRegion type="heading" id="region_1718561207463_41" custom="readingOrder {index:4;} structure {type:heading;}">
            <Coords points="206,405 357,405 357,432 206,432"/>
        </TextRegion>
        <ImageRegion id="Image_1718561985812_265" custom="readingOrder {index:5;}">
            <Coords points="170,454 391,454 391,590 170,590"/>
        </ImageRegion>
        <TextRegion type="heading" id="region_1718561210850_44" custom="readingOrder {index:6;} structure {type:heading;}">
            <Coords points="215,593 324,593 324,627 215,627"/>
        </TextRegion>
        <SeparatorRegion id="Separator_1718561315635_67" custom="readingOrder {index:7;}">
            <Coords points="112,634 447,634 447,657 112,657"/>
        </SeparatorRegion>
        <TextRegion type="heading" id="region_1718561222819_47" custom="readingOrder {index:8;} structure {type:heading;}">
            <Coords points="79,665 481,665 481,690 79,690"/>
        </TextRegion>
        <SeparatorRegion id="Separator_1718561320730_70" custom="readingOrder {index:9;}">
            <Coords points="84,696 475,696 475,716 84,716"/>
        </SeparatorRegion>
        <TextRegion type="heading" id="region_1718561235545_50" custom="readingOrder {index:10;} structure {type:heading;}">
            <Coords points="119,727 434,727 434,754 119,754"/>
        </TextRegion>
    </Page>
</PcGts>
