<?xml version="1.0" encoding="UTF-8" standalone="yes"?>
<PcGts xmlns="http://schema.primaresearch.org/PAGE/gts/pagecontent/2013-07-15" xmlns:xsi="http://www.w3.org/2001/XMLSchema-instance" xsi:schemaLocation="http://schema.primaresearch.org/PAGE/gts/pagecontent/2013-07-15 http://schema.primaresearch.org/PAGE/gts/pagecontent/2013-07-15/pagecontent.xsd">
    <Metadata>
        <Creator>Transkribus</Creator>
        <Created>2024-06-25T13:49:07.169+02:00</Created>
        <LastChange>2024-06-25T14:33:13.981+02:00</LastChange>
        <TranskribusMetadata docId="2986766" pageId="73470151" pageNr="22" tsid="174036825" status="IN_PROGRESS" userId="241044" imgUrl="https://files.transkribus.eu/Get?id=NCFWSOFWCMAHISULGCWXRAHP&amp;fileType=view" xmlUrl="https://files.transkribus.eu/Get?id=ENSGPWHZDQUXARGPUACSKRYD" imageId="59329272"/>
    </Metadata>
    <Page imageFilename="1772f.,_Poetische_Werke,_Walthard,_Bd._1,_VD18_90660072_Seite_012_Bild_0001.jpg" imageWidth="800" imageHeight="1447" type="content">
        <ReadingOrder>
            <OrderedGroup id="ro_1719329013037" caption="Regions reading order">
                <RegionRefIndexed index="0" regionRef="region_1719318596598_1003"/>
                <RegionRefIndexed index="1" regionRef="region_1719318599795_1006"/>
                <RegionRefIndexed index="2" regionRef="region_1719318605001_1009"/>
                <RegionRefIndexed index="3" regionRef="region_1719318607782_1012"/>
                <RegionRefIndexed index="4" regionRef="region_1719318586264_997"/>
                <RegionRefIndexed index="5" regionRef="region_1719318621670_1015"/>
                <RegionRefIndexed index="6" regionRef="region_1719318632013_1018"/>
                <RegionRefIndexed index="7" regionRef="region_1719318590369_1000"/>
            </OrderedGroup>
        </ReadingOrder>
        <TextRegion type="page-number" id="region_1719318596598_1003" custom="readingOrder {index:0;} structure {type:page-number;}">
            <Coords points="187,145 225,145 225,180 187,180"/>
        </TextRegion>
        <TextRegion type="header" id="region_1719318599795_1006" custom="readingOrder {index:1;} structure {type:header;}">
            <Coords points="405,133 578,133 578,180 405,180"/>
        </TextRegion>
        <TextRegion type="paragraph" id="region_1719318605001_1009" custom="readingOrder {index:2;} structure {type:paragraph;}">
            <Coords points="190,199 783,199 783,293 190,293"/>
        </TextRegion>
        <TextRegion type="catch-word" id="region_1719318607782_1012" custom="readingOrder {index:3;} structure {type:catch-word;}">
            <Coords points="709,297 784,297 784,336 709,336"/>
        </TextRegion>
        <TextRegion type="footnote" id="region_1719318586264_997" custom="readingOrder {index:4;} structure {type:footnote;}">
            <Coords points="178,345 790,345 784,1123 732,1129 725,1153 173,1153"/>
        </TextRegion>
        <TextRegion id="region_1719318621670_1015" custom="readingOrder {index:5;} structure {type:column;}">
            <Coords points="184,356 474,356 474,1150 184,1150"/>
        </TextRegion>
        <TextRegion id="region_1719318632013_1018" custom="readingOrder {index:6;} structure {type:column;}">
            <Coords points="489,1144 723,1143 725,1122 784,1120 783,358 489,358"/>
        </TextRegion>
        <TextRegion type="catch-word" id="region_1719318590369_1000" custom="readingOrder {index:7;} structure {type:catch-word;}">
            <Coords points="735,1139 778,1139 778,1165 735,1165"/>
        </TextRegion>
    </Page>
</PcGts>
