<?xml version="1.0" encoding="UTF-8" standalone="yes"?>
<PcGts xmlns="http://schema.primaresearch.org/PAGE/gts/pagecontent/2013-07-15" xmlns:xsi="http://www.w3.org/2001/XMLSchema-instance" xsi:schemaLocation="http://schema.primaresearch.org/PAGE/gts/pagecontent/2013-07-15 http://schema.primaresearch.org/PAGE/gts/pagecontent/2013-07-15/pagecontent.xsd">
    <Metadata>
        <Creator>Transkribus</Creator>
        <Created>2024-06-25T13:49:07.328+02:00</Created>
        <LastChange>2024-06-25T17:22:40.300+02:00</LastChange>
        <TranskribusMetadata docId="2986766" pageId="73470174" pageNr="27" tsid="174068406" status="IN_PROGRESS" userId="241044" imgUrl="https://files.transkribus.eu/Get?id=VGHKNRGROUWPDEGNEPRKXUMR&amp;fileType=view" xmlUrl="https://files.transkribus.eu/Get?id=RLKBENVQOOHSYGPLBCGEWSOH" imageId="59329311"/>
    </Metadata>
    <Page imageFilename="1772f.,_Poetische_Werke,_Walthard,_Bd._1,_VD18_90660072_Seite_122_Bild_0001.jpg" imageWidth="800" imageHeight="1447" type="content">
        <ReadingOrder>
            <OrderedGroup id="ro_1719329015580" caption="Regions reading order">
                <RegionRefIndexed index="0" regionRef="region_1719320200476_1374"/>
                <RegionRefIndexed index="1" regionRef="region_1719320205054_1377"/>
                <RegionRefIndexed index="2" regionRef="region_1719320211176_1380"/>
                <RegionRefIndexed index="3" regionRef="region_1719320216256_1383"/>
                <RegionRefIndexed index="4" regionRef="region_1719320221268_1386"/>
                <RegionRefIndexed index="5" regionRef="region_1719320228685_1389"/>
                <RegionRefIndexed index="6" regionRef="region_1719320232847_1392"/>
                <RegionRefIndexed index="7" regionRef="region_1719320239327_1395"/>
                <RegionRefIndexed index="8" regionRef="region_1719320252789_1398"/>
                <RegionRefIndexed index="9" regionRef="region_1719320258882_1401"/>
            </OrderedGroup>
        </ReadingOrder>
        <TextRegion type="page-number" id="region_1719320200476_1374" custom="readingOrder {index:0;} structure {type:page-number;}">
            <Coords points="172,148 228,148 228,179 172,179"/>
        </TextRegion>
        <TextRegion type="header" id="region_1719320205054_1377" custom="readingOrder {index:1;} structure {type:header;}">
            <Coords points="316,176 597,176 597,137 316,137"/>
        </TextRegion>
        <TextRegion type="paragraph" id="region_1719320211176_1380" custom="readingOrder {index:2;} structure {type:paragraph;}">
            <Coords points="165,199 753,199 753,292 165,292"/>
        </TextRegion>
        <TextRegion id="region_1719320216256_1383" custom="readingOrder {index:3;} structure {type:poem_lg;}">
            <Coords points="165,325 757,325 757,493 165,493"/>
        </TextRegion>
        <TextRegion id="region_1719320221268_1386" custom="readingOrder {index:4;} structure {type:poem_lg;}">
            <Coords points="163,522 756,522 756,661 163,661"/>
        </TextRegion>
        <TextRegion id="region_1719320228685_1389" custom="readingOrder {index:5;} structure {type:poem_lg;}">
            <Coords points="162,698 747,698 747,963 162,963"/>
        </TextRegion>
        <TextRegion type="catch-word" id="region_1719320232847_1392" custom="readingOrder {index:6;} structure {type:catch-word;}">
            <Coords points="683,965 745,965 745,995 683,995"/>
        </TextRegion>
        <TextRegion type="footnote" id="region_1719320239327_1395" custom="readingOrder {index:7;} structure {type:footnote;}">
            <Coords points="156,1007 752,1007 752,1171 156,1171"/>
        </TextRegion>
        <TextRegion id="region_1719320252789_1398" custom="readingOrder {index:8;} structure {type:column;}">
            <Coords points="166,1016 449,1016 449,1160 166,1160"/>
        </TextRegion>
        <TextRegion id="region_1719320258882_1401" custom="readingOrder {index:9;} structure {type:column;}">
            <Coords points="461,1020 747,1020 747,1133 461,1133"/>
        </TextRegion>
    </Page>
</PcGts>
