<?xml version="1.0" encoding="UTF-8" standalone="yes"?>
<PcGts xmlns="http://schema.primaresearch.org/PAGE/gts/pagecontent/2013-07-15" xmlns:xsi="http://www.w3.org/2001/XMLSchema-instance" xsi:schemaLocation="http://schema.primaresearch.org/PAGE/gts/pagecontent/2013-07-15 http://schema.primaresearch.org/PAGE/gts/pagecontent/2013-07-15/pagecontent.xsd">
    <Metadata>
        <Creator>Transkribus</Creator>
        <Created>2024-06-25T13:49:07.303+02:00</Created>
        <LastChange>2024-06-25T17:22:20.064+02:00</LastChange>
        <TranskribusMetadata docId="2986766" pageId="73470171" pageNr="26" tsid="174068404" status="IN_PROGRESS" userId="241044" imgUrl="https://files.transkribus.eu/Get?id=GFZLSPAZMENLVSEKYVGSDMHM&amp;fileType=view" xmlUrl="https://files.transkribus.eu/Get?id=BJIXPPDKQNCWMHWJBAOWXEYQ" imageId="59329308"/>
    </Metadata>
    <Page imageFilename="1772f.,_Poetische_Werke,_Walthard,_Bd._1,_VD18_90660072_Seite_068_Bild_0001.jpg" imageWidth="800" imageHeight="1447" type="content">
        <ReadingOrder>
            <OrderedGroup id="ro_1719329015000" caption="Regions reading order">
                <RegionRefIndexed index="0" regionRef="region_1719319868996_1291"/>
                <RegionRefIndexed index="1" regionRef="region_1719319872530_1294"/>
                <RegionRefIndexed index="3" regionRef="region_1719319876247_1297"/>
                <RegionRefIndexed index="4" regionRef="region_1719319884242_1300"/>
                <RegionRefIndexed index="5" regionRef="region_1719319909356_1303"/>
                <RegionRefIndexed index="6" regionRef="region_1719319914522_1306"/>
                <RegionRefIndexed index="7" regionRef="region_1719319919108_1309"/>
                <RegionRefIndexed index="8" regionRef="region_1719319927693_1312"/>
                <RegionRefIndexed index="9" regionRef="region_1719319959220_1318"/>
                <RegionRefIndexed index="10" regionRef="region_1719319965188_1321"/>
                <RegionRefIndexed index="11" regionRef="region_1719319936692_1315"/>
            </OrderedGroup>
        </ReadingOrder>
        <TextRegion type="page-number" id="region_1719319868996_1291" custom="readingOrder {index:0;} structure {type:page-number;}">
            <Coords points="187,112 234,112 234,154 187,154"/>
        </TextRegion>
        <TextRegion type="header" id="region_1719319872530_1294" custom="readingOrder {index:1;} structure {type:header;}">
            <Coords points="351,115 620,115 620,152 351,152"/>
        </TextRegion>
        <SeparatorRegion id="Separator_1719319995849_1329" custom="readingOrder {index:2;}">
            <Coords points="189,188 758,188 758,213 189,213"/>
        </SeparatorRegion>
        <TextRegion type="header" id="region_1719319876247_1297" custom="readingOrder {index:3;} structure {type:header;}">
            <Coords points="347,245 627,245 627,285 347,285"/>
        </TextRegion>
        <TextRegion type="drop-capital" id="region_1719319884242_1300" custom="readingOrder {index:4;} structure {type:drop-capital;}">
            <Coords points="244,306 276,306 276,342 244,342"/>
        </TextRegion>
        <TextRegion id="region_1719319909356_1303" custom="readingOrder {index:5;} structure {type:poem_lg;}">
            <Coords points="770,308 278,309 278,344 238,344 237,346 194,345 195,637 770,637"/>
        </TextRegion>
        <TextRegion id="region_1719319914522_1306" custom="readingOrder {index:6;} structure {type:poem_lg;}">
            <Coords points="190,758 774,758 774,660 190,660"/>
        </TextRegion>
        <TextRegion type="catch-word" id="region_1719319919108_1309" custom="readingOrder {index:7;} structure {type:catch-word;}">
            <Coords points="770,789 717,789 717,761 770,761"/>
        </TextRegion>
        <TextRegion type="footnote" id="region_1719319927693_1312" custom="readingOrder {index:8;} structure {type:footnote;}">
            <Coords points="183,803 771,803 771,1114 183,1114"/>
        </TextRegion>
        <TextRegion id="region_1719319959220_1318" custom="readingOrder {index:9;} structure {type:column;}">
            <Coords points="186,806 475,806 475,1110 186,1110"/>
        </TextRegion>
        <TextRegion id="region_1719319965188_1321" custom="readingOrder {index:10;} structure {type:column;}">
            <Coords points="486,804 768,804 768,1111 486,1111"/>
        </TextRegion>
        <TextRegion type="catch-word" id="region_1719319936692_1315" custom="readingOrder {index:11;} structure {type:catch-word;}">
            <Coords points="733,1134 769,1134 769,1116 733,1116"/>
        </TextRegion>
    </Page>
</PcGts>
