<?xml version="1.0" encoding="UTF-8"?>
<alto xmlns:xsi="http://www.w3.org/2001/XMLSchema-instance"
      xmlns="http://www.loc.gov/standards/alto/ns-v4#"
      xsi:schemaLocation="http://www.loc.gov/standards/alto/ns-v4# http://www.loc.gov/standards/alto/v4/alto-4-2.xsd">
  <Description>
    <MeasurementUnit>pixel</MeasurementUnit>
    <sourceImageInformation>
      <fileName>0014.jpg</fileName>
      <fileIdentifier>mets//export_doc3115_ronja_alto_202503291249.zip/0014.jpg</fileIdentifier>
    </sourceImageInformation>
  </Description>
  <Tags>
    <OtherTag ID="BT1" LABEL="Title" DESCRIPTION="block type Title"/><OtherTag ID="BT2" LABEL="Main" DESCRIPTION="block type Main"/><OtherTag ID="BT3" LABEL="Commentary" DESCRIPTION="block type Commentary"/><OtherTag ID="BT4" LABEL="Illustration" DESCRIPTION="block type Illustration"/><OtherTag ID="BT4244" LABEL="paragraph" DESCRIPTION="block type paragraph"/><OtherTag ID="BT4245" LABEL="footnote" DESCRIPTION="block type footnote"/><OtherTag ID="BT4246" LABEL="heading" DESCRIPTION="block type heading"/><OtherTag ID="BT4247" LABEL="l-column" DESCRIPTION="block type l-column"/><OtherTag ID="BT4248" LABEL="r-column" DESCRIPTION="block type r-column"/><OtherTag ID="BT4249" LABEL="marginalia" DESCRIPTION="block type marginalia"/><OtherTag ID="BT4250" LABEL="signature-mark" DESCRIPTION="block type signature-mark"/><OtherTag ID="BT4251" LABEL="catch-word" DESCRIPTION="block type catch-word"/><OtherTag ID="BT4252" LABEL="endnote" DESCRIPTION="block type endnote"/>
  </Tags>
  <Layout>
    <Page WIDTH="810"
          HEIGHT="1179"
          PHYSICAL_IMG_NR="8"
          ID="eSc_dummypage_">
      <PrintSpace HPOS="0"
                  VPOS="0"
                  WIDTH="810"
                  HEIGHT="1179">
        <TextBlock HPOS="206.0"
                   VPOS="135.0"
                   WIDTH="47.0"
                   HEIGHT="39.0"
                   ID="region_1718290180771_683"
                   TAGREFS="BT4244">
          <Shape><Polygon POINTS="253 174 206 174 218 141 253 135"/></Shape>
        </TextBlock>
        <TextBlock HPOS="390.0"
                   VPOS="131.0"
                   WIDTH="159.0"
                   HEIGHT="43.0"
                   ID="region_1718290178632_680"
                   TAGREFS="BT4244">
          <Shape><Polygon POINTS="532 174 390 174 390 133 549 131"/></Shape>
        </TextBlock>
        <TextBlock HPOS="207.0"
                   VPOS="185.0"
                   WIDTH="545.0"
                   HEIGHT="393.0"
                   ID="region_1718290185207_686"
                   TAGREFS="BT4244">
          <Shape><Polygon POINTS="732 578 207 578 214 187 752 185"/></Shape>
        </TextBlock>
        <TextBlock HPOS="611.0"
                   VPOS="583.0"
                   WIDTH="109.0"
                   HEIGHT="35.0"
                   ID="region_1718290188744_689"
                   TAGREFS="BT4244">
          <Shape><Polygon POINTS="720 618 611 618 611 583 720 583"/></Shape>
        </TextBlock>
        <TextBlock HPOS="239.0"
                   VPOS="645.0"
                   WIDTH="481.0"
                   HEIGHT="66.0"
                   ID="region_1718290321652_706"
                   TAGREFS="BT4245">
          <Shape><Polygon POINTS="720 708 239 711 239 645 720 645"/></Shape>
        </TextBlock>
        <TextBlock HPOS="221.0"
                   VPOS="715.0"
                   WIDTH="492.0"
                   HEIGHT="43.0"
                   ID="region_1718290338031_709"
                   TAGREFS="BT4245">
          <Shape><Polygon POINTS="713 758 221 758 221 715 713 715"/></Shape>
        </TextBlock>
        <TextBlock HPOS="222.0"
                   VPOS="764.0"
                   WIDTH="118.0"
                   HEIGHT="24.0"
                   ID="region_1718290341315_712"
                   TAGREFS="BT4245">
          <Shape><Polygon POINTS="340 788 222 788 222 764 340 764"/></Shape>
        </TextBlock>
        <TextBlock HPOS="223.0"
                   VPOS="789.0"
                   WIDTH="505.0"
                   HEIGHT="246.0"
                   ID="region_1718290345488_715"
                   TAGREFS="BT4245">
          <Shape><Polygon POINTS="728 1035 223 1035 223 789 728 789"/></Shape>
        </TextBlock>
        <TextBlock HPOS="650.0"
                   VPOS="1037.0"
                   WIDTH="76.0"
                   HEIGHT="24.0"
                   ID="region_1718290199972_695"
                   TAGREFS="BT4244">
          <Shape><Polygon POINTS="724 1061 650 1061 665 1037 726 1037"/></Shape>
        </TextBlock>
      </PrintSpace>
    </Page>
  </Layout>
</alto>
