<?xml version="1.0" encoding="UTF-8"?>
<alto xmlns:xsi="http://www.w3.org/2001/XMLSchema-instance"
      xmlns="http://www.loc.gov/standards/alto/ns-v4#"
      xsi:schemaLocation="http://www.loc.gov/standards/alto/ns-v4# http://www.loc.gov/standards/alto/v4/alto-4-2.xsd">
  <Description>
    <MeasurementUnit>pixel</MeasurementUnit>
    <sourceImageInformation>
      <fileName>0036.jpg</fileName>
      <fileIdentifier>mets//export_doc3115_ronja_alto_202503291249.zip/0036.jpg</fileIdentifier>
    </sourceImageInformation>
  </Description>
  <Tags>
    <OtherTag ID="BT1" LABEL="Title" DESCRIPTION="block type Title"/><OtherTag ID="BT2" LABEL="Main" DESCRIPTION="block type Main"/><OtherTag ID="BT3" LABEL="Commentary" DESCRIPTION="block type Commentary"/><OtherTag ID="BT4" LABEL="Illustration" DESCRIPTION="block type Illustration"/><OtherTag ID="BT4244" LABEL="paragraph" DESCRIPTION="block type paragraph"/><OtherTag ID="BT4245" LABEL="footnote" DESCRIPTION="block type footnote"/><OtherTag ID="BT4246" LABEL="heading" DESCRIPTION="block type heading"/><OtherTag ID="BT4247" LABEL="l-column" DESCRIPTION="block type l-column"/><OtherTag ID="BT4248" LABEL="r-column" DESCRIPTION="block type r-column"/><OtherTag ID="BT4249" LABEL="marginalia" DESCRIPTION="block type marginalia"/><OtherTag ID="BT4250" LABEL="signature-mark" DESCRIPTION="block type signature-mark"/><OtherTag ID="BT4251" LABEL="catch-word" DESCRIPTION="block type catch-word"/><OtherTag ID="BT4252" LABEL="endnote" DESCRIPTION="block type endnote"/>
  </Tags>
  <Layout>
    <Page WIDTH="682"
          HEIGHT="1079"
          PHYSICAL_IMG_NR="17"
          ID="eSc_dummypage_">
      <PrintSpace HPOS="0"
                  VPOS="0"
                  WIDTH="682"
                  HEIGHT="1079">
        <TextBlock HPOS="141.0"
                   VPOS="103.0"
                   WIDTH="47.0"
                   HEIGHT="34.0"
                   ID="region_1718527882632_117"
                   TAGREFS="BT4244">
          <Shape><Polygon POINTS="188 137 141 136 151 103 188 103"/></Shape>
        </TextBlock>
        <TextBlock HPOS="291.0"
                   VPOS="90.0"
                   WIDTH="194.0"
                   HEIGHT="40.0"
                   ID="region_1718527880107_114"
                   TAGREFS="BT4244">
          <Shape><Polygon POINTS="474 130 291 130 291 94 485 90"/></Shape>
        </TextBlock>
        <TextBlock HPOS="191.0"
                   VPOS="133.0"
                   WIDTH="335.0"
                   HEIGHT="211.0"
                   ID="region_1718527888506_120"
                   TAGREFS="BT4244">
          <Shape><Polygon POINTS="514 344 193 344 191 135 526 133"/></Shape>
        </TextBlock>
        <TextBlock HPOS="144.0"
                   VPOS="347.0"
                   WIDTH="485.0"
                   HEIGHT="17.0"
                   ID="region_1718527900029_126"
                   TAGREFS="BT4249">
          <Shape><Polygon POINTS="628 364 144 364 145 347 629 347"/></Shape>
        </TextBlock>
        <TextBlock HPOS="187.0"
                   VPOS="366.0"
                   WIDTH="417.0"
                   HEIGHT="39.0"
                   ID="region_1718527904429_129"
                   TAGREFS="BT4246">
          <Shape><Polygon POINTS="596 405 187 405 187 367 604 366"/></Shape>
        </TextBlock>
        <TextBlock HPOS="150.0"
                   VPOS="418.0"
                   WIDTH="54.0"
                   HEIGHT="40.0"
                   ID="region_1718527921249_135"
                   TAGREFS="BT4244">
          <Shape><Polygon POINTS="204 456 150 458 150 420 204 418"/></Shape>
        </TextBlock>
        <TextBlock HPOS="150.0"
                   VPOS="416.0"
                   WIDTH="494.0"
                   HEIGHT="125.0"
                   ID="region_1718528144705_183"
                   TAGREFS="BT4244">
          <Shape><Polygon POINTS="644 541 152 541 150 461 205 458 204 416 643 416"/></Shape>
        </TextBlock>
        <TextBlock HPOS="208.0"
                   VPOS="551.0"
                   WIDTH="30.0"
                   HEIGHT="31.0"
                   ID="region_1718527928440_141"
                   TAGREFS="BT4244">
          <Shape><Polygon POINTS="237 580 208 582 208 552 238 551"/></Shape>
        </TextBlock>
        <TextBlock HPOS="198.0"
                   VPOS="549.0"
                   WIDTH="430.0"
                   HEIGHT="117.0"
                   ID="region_1718527925996_138"
                   TAGREFS="BT4244">
          <Shape><Polygon POINTS="628 666 200 664 198 586 238 586 239 549 628 553"/></Shape>
        </TextBlock>
        <TextBlock HPOS="155.0"
                   VPOS="672.0"
                   WIDTH="492.0"
                   HEIGHT="15.0"
                   ID="region_1718527933572_144"
                   TAGREFS="BT4249">
          <Shape><Polygon POINTS="647 687 155 687 155 672 647 672"/></Shape>
        </TextBlock>
        <TextBlock HPOS="316.0"
                   VPOS="692.0"
                   WIDTH="181.0"
                   HEIGHT="41.0"
                   ID="region_1718527945436_147"
                   TAGREFS="BT4246">
          <Shape><Polygon POINTS="489 733 316 733 317 692 497 694"/></Shape>
        </TextBlock>
        <TextBlock HPOS="172.0"
                   VPOS="742.0"
                   WIDTH="50.0"
                   HEIGHT="41.0"
                   ID="region_1718527948506_150"
                   TAGREFS="BT4244">
          <Shape><Polygon POINTS="222 783 184 783 172 742 222 742"/></Shape>
        </TextBlock>
        <TextBlock HPOS="171.0"
                   VPOS="737.0"
                   WIDTH="422.0"
                   HEIGHT="237.0"
                   ID="region_1718527953472_153"
                   TAGREFS="BT4244">
          <Shape><Polygon POINTS="593 974 176 974 171 786 199 784 222 784 221 737 585 739"/></Shape>
        </TextBlock>
        <TextBlock HPOS="600.0"
                   VPOS="947.0"
                   WIDTH="53.0"
                   HEIGHT="41.0"
                   ID="region_1718527959327_159"
                   TAGREFS="BT4244">
          <Shape><Polygon POINTS="653 988 600 988 600 947 643 947"/></Shape>
        </TextBlock>
      </PrintSpace>
    </Page>
  </Layout>
</alto>
