<?xml version="1.0" encoding="UTF-8"?>
<alto xmlns:xsi="http://www.w3.org/2001/XMLSchema-instance"
      xmlns="http://www.loc.gov/standards/alto/ns-v4#"
      xsi:schemaLocation="http://www.loc.gov/standards/alto/ns-v4# http://www.loc.gov/standards/alto/v4/alto-4-2.xsd">
  <Description>
    <MeasurementUnit>pixel</MeasurementUnit>
    <sourceImageInformation>
      <fileName>1757, Poetische Werke, Bohn, Bd. 2, VD18 90332148_NEU-0018.jpeg</fileName>
      <fileIdentifier>mets//export_doc3115_ronja_alto_202503291249.zip/1757, Poetische Werke, Bohn, Bd. 2, VD18 90332148_NEU-0018.jpeg</fileIdentifier>
    </sourceImageInformation>
  </Description>
  <Tags>
    <OtherTag ID="BT1" LABEL="Title" DESCRIPTION="block type Title"/><OtherTag ID="BT2" LABEL="Main" DESCRIPTION="block type Main"/><OtherTag ID="BT3" LABEL="Commentary" DESCRIPTION="block type Commentary"/><OtherTag ID="BT4" LABEL="Illustration" DESCRIPTION="block type Illustration"/><OtherTag ID="BT4244" LABEL="paragraph" DESCRIPTION="block type paragraph"/><OtherTag ID="BT4245" LABEL="footnote" DESCRIPTION="block type footnote"/><OtherTag ID="BT4246" LABEL="heading" DESCRIPTION="block type heading"/><OtherTag ID="BT4247" LABEL="l-column" DESCRIPTION="block type l-column"/><OtherTag ID="BT4248" LABEL="r-column" DESCRIPTION="block type r-column"/><OtherTag ID="BT4249" LABEL="marginalia" DESCRIPTION="block type marginalia"/><OtherTag ID="BT4250" LABEL="signature-mark" DESCRIPTION="block type signature-mark"/><OtherTag ID="BT4251" LABEL="catch-word" DESCRIPTION="block type catch-word"/><OtherTag ID="BT4252" LABEL="endnote" DESCRIPTION="block type endnote"/>
  </Tags>
  <Layout>
    <Page WIDTH="1574"
          HEIGHT="2338"
          PHYSICAL_IMG_NR="5"
          ID="eSc_dummypage_">
      <PrintSpace HPOS="0"
                  VPOS="0"
                  WIDTH="1574"
                  HEIGHT="2338">
        <TextBlock HPOS="429.0"
                   VPOS="246.0"
                   WIDTH="124.0"
                   HEIGHT="68.0"
                   ID="region_1718287440835_89"
                   TAGREFS="BT4244">
          <Shape><Polygon POINTS="553 305 429 314 429 246 529 246"/></Shape>
        </TextBlock>
        <TextBlock HPOS="683.0"
                   VPOS="238.0"
                   WIDTH="550.0"
                   HEIGHT="92.0"
                   ID="region_1718287444658_92"
                   TAGREFS="BT4244">
          <Shape><Polygon POINTS="1195 330 683 330 683 238 1233 242"/></Shape>
        </TextBlock>
        <TextBlock HPOS="478.0"
                   VPOS="338.0"
                   WIDTH="898.0"
                   HEIGHT="102.0"
                   ID="region_1718287448661_95"
                   TAGREFS="BT4246">
          <Shape><Polygon POINTS="1376 440 478 429 486 338 1376 338"/></Shape>
        </TextBlock>
        <TextBlock HPOS="440.0"
                   VPOS="462.0"
                   WIDTH="112.0"
                   HEIGHT="115.0"
                   ID="region_1718287466753_99"
                   TAGREFS="BT4244">
          <Shape><Polygon POINTS="552 577 440 575 440 462 552 464"/></Shape>
        </TextBlock>
        <TextBlock HPOS="349.0"
                   VPOS="465.0"
                   WIDTH="1063.0"
                   HEIGHT="1536.0"
                   ID="region_1718287585569_131"
                   TAGREFS="BT4244">
          <Shape><Polygon POINTS="1382 1957 438 2001 349 781 436 587 551 588 550 465 1412 465"/></Shape>
        </TextBlock>
        <TextBlock HPOS="1285.0"
                   VPOS="1992.0"
                   WIDTH="166.0"
                   HEIGHT="61.0"
                   ID="region_1718287530249_124"
                   TAGREFS="BT4244">
          <Shape><Polygon POINTS="1405 2053 1285 2053 1285 1992 1451 2004"/></Shape>
        </TextBlock>
      </PrintSpace>
    </Page>
  </Layout>
</alto>
