<?xml version="1.0" encoding="UTF-8"?>
<alto xmlns:xsi="http://www.w3.org/2001/XMLSchema-instance"
      xmlns="http://www.loc.gov/standards/alto/ns-v4#"
      xsi:schemaLocation="http://www.loc.gov/standards/alto/ns-v4# http://www.loc.gov/standards/alto/v4/alto-4-2.xsd">
  <Description>
    <MeasurementUnit>pixel</MeasurementUnit>
    <sourceImageInformation>
      <fileName>1766-71,_Poetische_Werke,_Walthard,_Bd._4_Seite_269_Bild_0001.jpg</fileName>
      <fileIdentifier>mets//export_doc3109_melissa_alto_202503291248.zip/1766-71,_Poetische_Werke,_Walthard,_Bd._4_Seite_269_Bild_0001.jpg</fileIdentifier>
    </sourceImageInformation>
  </Description>
  <Tags>
    <OtherTag ID="BT1" LABEL="Title" DESCRIPTION="block type Title"/><OtherTag ID="BT2" LABEL="Main" DESCRIPTION="block type Main"/><OtherTag ID="BT3" LABEL="Commentary" DESCRIPTION="block type Commentary"/><OtherTag ID="BT4" LABEL="Illustration" DESCRIPTION="block type Illustration"/><OtherTag ID="BT4244" LABEL="paragraph" DESCRIPTION="block type paragraph"/><OtherTag ID="BT4245" LABEL="footnote" DESCRIPTION="block type footnote"/><OtherTag ID="BT4246" LABEL="heading" DESCRIPTION="block type heading"/><OtherTag ID="BT4247" LABEL="l-column" DESCRIPTION="block type l-column"/><OtherTag ID="BT4248" LABEL="r-column" DESCRIPTION="block type r-column"/><OtherTag ID="BT4249" LABEL="marginalia" DESCRIPTION="block type marginalia"/><OtherTag ID="BT4250" LABEL="signature-mark" DESCRIPTION="block type signature-mark"/><OtherTag ID="BT4251" LABEL="catch-word" DESCRIPTION="block type catch-word"/><OtherTag ID="BT4252" LABEL="endnote" DESCRIPTION="block type endnote"/>
  </Tags>
  <Layout>
    <Page WIDTH="583"
          HEIGHT="915"
          PHYSICAL_IMG_NR="159"
          ID="eSc_dummypage_">
      <PrintSpace HPOS="0"
                  VPOS="0"
                  WIDTH="583"
                  HEIGHT="915">
        <TextBlock HPOS="104.0"
                   VPOS="111.0"
                   WIDTH="31.0"
                   HEIGHT="19.0"
                   ID="region_1719259076286_204"
                   TAGREFS="BT4244">
          <Shape><Polygon POINTS="135 127 104 130 106 111 135 111"/></Shape>
        </TextBlock>
        <TextBlock HPOS="225.0"
                   VPOS="101.0"
                   WIDTH="174.0"
                   HEIGHT="23.0"
                   ID="region_1719259084756_207"
                   TAGREFS="BT4244">
          <Shape><Polygon POINTS="225 124 399 124 399 101 225 106"/></Shape>
        </TextBlock>
        <TextBlock HPOS="121.0"
                   VPOS="146.0"
                   WIDTH="404.0"
                   HEIGHT="38.0"
                   ID="region_1719259142803_221"
                   TAGREFS="BT4245">
          <Shape><Polygon POINTS="121 146 521 146 525 178 121 184"/></Shape>
        </TextBlock>
        <TextBlock HPOS="116.0"
                   VPOS="195.0"
                   WIDTH="408.0"
                   HEIGHT="96.0"
                   ID="TextRegion_1720863169430_215"
                   TAGREFS="BT4245">
          <Shape><Polygon POINTS="116 198 524 195 524 291 121 291"/></Shape>
        </TextBlock>
        <TextBlock HPOS="188.0"
                   VPOS="296.0"
                   WIDTH="302.0"
                   HEIGHT="74.0"
                   ID="TextRegion_1720863193302_220"
                   TAGREFS="BT4244">
          <Shape><Polygon POINTS="188 296 432 297 490 370 188 370"/></Shape>
        </TextBlock>
        <TextBlock HPOS="131.0"
                   VPOS="373.0"
                   WIDTH="393.0"
                   HEIGHT="66.0"
                   ID="TextRegion_1720863200611_225"
                   TAGREFS="BT4245">
          <Shape><Polygon POINTS="133 376 524 373 524 439 131 436"/></Shape>
        </TextBlock>
        <TextBlock HPOS="144.0"
                   VPOS="441.0"
                   WIDTH="356.0"
                   HEIGHT="98.0"
                   ID="TextRegion_1720863200611_224"
                   TAGREFS="BT4244">
          <Shape><Polygon POINTS="145 441 500 443 500 539 144 530"/></Shape>
        </TextBlock>
      </PrintSpace>
    </Page>
  </Layout>
</alto>
