<?xml version="1.0" encoding="UTF-8"?>
<alto xmlns:xsi="http://www.w3.org/2001/XMLSchema-instance"
      xmlns="http://www.loc.gov/standards/alto/ns-v4#"
      xsi:schemaLocation="http://www.loc.gov/standards/alto/ns-v4# http://www.loc.gov/standards/alto/v4/alto-4-2.xsd">
  <Description>
    <MeasurementUnit>pixel</MeasurementUnit>
    <sourceImageInformation>
      <fileName>1766-71,_Poetische_Werke,_Walthard,_Bd._2_Seite_030_Bild_0001.jpg</fileName>
      <fileIdentifier>mets//export_doc3109_melissa_alto_202503291248.zip/1766-71,_Poetische_Werke,_Walthard,_Bd._2_Seite_030_Bild_0001.jpg</fileIdentifier>
    </sourceImageInformation>
  </Description>
  <Tags>
    <OtherTag ID="BT1" LABEL="Title" DESCRIPTION="block type Title"/><OtherTag ID="BT2" LABEL="Main" DESCRIPTION="block type Main"/><OtherTag ID="BT3" LABEL="Commentary" DESCRIPTION="block type Commentary"/><OtherTag ID="BT4" LABEL="Illustration" DESCRIPTION="block type Illustration"/><OtherTag ID="BT4244" LABEL="paragraph" DESCRIPTION="block type paragraph"/><OtherTag ID="BT4245" LABEL="footnote" DESCRIPTION="block type footnote"/><OtherTag ID="BT4246" LABEL="heading" DESCRIPTION="block type heading"/><OtherTag ID="BT4247" LABEL="l-column" DESCRIPTION="block type l-column"/><OtherTag ID="BT4248" LABEL="r-column" DESCRIPTION="block type r-column"/><OtherTag ID="BT4249" LABEL="marginalia" DESCRIPTION="block type marginalia"/><OtherTag ID="BT4250" LABEL="signature-mark" DESCRIPTION="block type signature-mark"/><OtherTag ID="BT4251" LABEL="catch-word" DESCRIPTION="block type catch-word"/><OtherTag ID="BT4252" LABEL="endnote" DESCRIPTION="block type endnote"/>
  </Tags>
  <Layout>
    <Page WIDTH="584"
          HEIGHT="915"
          PHYSICAL_IMG_NR="153"
          ID="eSc_dummypage_">
      <PrintSpace HPOS="0"
                  VPOS="0"
                  WIDTH="584"
                  HEIGHT="915">
        <TextBlock HPOS="209.0"
                   VPOS="111.0"
                   WIDTH="130.0"
                   HEIGHT="23.0"
                   ID="region_1718562513837_466"
                   TAGREFS="BT4244">
          <Shape><Polygon POINTS="209 111 339 114 337 134 209 134"/></Shape>
        </TextBlock>
        <TextBlock HPOS="461.0"
                   VPOS="116.0"
                   WIDTH="24.0"
                   HEIGHT="18.0"
                   ID="region_1718562521256_469"
                   TAGREFS="BT4244">
          <Shape><Polygon POINTS="461 116 482 116 485 134 461 132"/></Shape>
        </TextBlock>
        <TextBlock HPOS="67.0"
                   VPOS="181.0"
                   WIDTH="415.0"
                   HEIGHT="38.0"
                   ID="region_1718562534493_472"
                   TAGREFS="BT4246">
          <Shape><Polygon POINTS="67 181 482 181 481 219 67 219"/></Shape>
        </TextBlock>
        <TextBlock HPOS="104.0"
                   VPOS="236.0"
                   WIDTH="346.0"
                   HEIGHT="52.0"
                   ID="region_1718562543272_475"
                   TAGREFS="BT4244">
          <Shape><Polygon POINTS="104 236 450 236 450 288 109 285"/></Shape>
        </TextBlock>
        <TextBlock HPOS="70.0"
                   VPOS="310.0"
                   WIDTH="26.0"
                   HEIGHT="34.0"
                   ID="region_1718562578966_478"
                   TAGREFS="BT4244">
          <Shape><Polygon POINTS="72 311 96 310 96 344 70 344"/></Shape>
        </TextBlock>
        <TextBlock HPOS="68.0"
                   VPOS="325.0"
                   WIDTH="400.0"
                   HEIGHT="118.0"
                   ID="region_1718562706709_491"
                   TAGREFS="BT4244">
          <Shape><Polygon POINTS="468 443 68 437 69 347 97 347 98 328 464 325"/></Shape>
        </TextBlock>
        <TextBlock HPOS="66.0"
                   VPOS="458.0"
                   WIDTH="414.0"
                   HEIGHT="173.0"
                   ID="region_1718562720643_494"
                   TAGREFS="BT4244">
          <Shape><Polygon POINTS="66 629 467 631 480 458 66 458"/></Shape>
        </TextBlock>
        <TextBlock HPOS="67.0"
                   VPOS="649.0"
                   WIDTH="413.0"
                   HEIGHT="112.0"
                   ID="region_1718562725816_497"
                   TAGREFS="BT4244">
          <Shape><Polygon POINTS="67 760 475 761 480 649 67 649"/></Shape>
        </TextBlock>
        <TextBlock HPOS="332.0"
                   VPOS="764.0"
                   WIDTH="35.0"
                   HEIGHT="20.0"
                   ID="region_1718562731240_500"
                   TAGREFS="BT4244">
          <Shape><Polygon POINTS="332 784 367 784 364 768 332 764"/></Shape>
        </TextBlock>
      </PrintSpace>
    </Page>
  </Layout>
</alto>
