<?xml version="1.0" encoding="UTF-8"?>
<alto xmlns:xsi="http://www.w3.org/2001/XMLSchema-instance"
      xmlns="http://www.loc.gov/standards/alto/ns-v4#"
      xsi:schemaLocation="http://www.loc.gov/standards/alto/ns-v4# http://www.loc.gov/standards/alto/v4/alto-4-2.xsd">
  <Description>
    <MeasurementUnit>pixel</MeasurementUnit>
    <sourceImageInformation>
      <fileName>1766-71,_Poetische_Werke,_Walthard,_Bd._5_Seite_195_Bild_0001.jpg</fileName>
      <fileIdentifier>mets//export_doc3109_melissa_alto_202503291248.zip/1766-71,_Poetische_Werke,_Walthard,_Bd._5_Seite_195_Bild_0001.jpg</fileIdentifier>
    </sourceImageInformation>
  </Description>
  <Tags>
    <OtherTag ID="BT1" LABEL="Title" DESCRIPTION="block type Title"/><OtherTag ID="BT2" LABEL="Main" DESCRIPTION="block type Main"/><OtherTag ID="BT3" LABEL="Commentary" DESCRIPTION="block type Commentary"/><OtherTag ID="BT4" LABEL="Illustration" DESCRIPTION="block type Illustration"/><OtherTag ID="BT4244" LABEL="paragraph" DESCRIPTION="block type paragraph"/><OtherTag ID="BT4245" LABEL="footnote" DESCRIPTION="block type footnote"/><OtherTag ID="BT4246" LABEL="heading" DESCRIPTION="block type heading"/><OtherTag ID="BT4247" LABEL="l-column" DESCRIPTION="block type l-column"/><OtherTag ID="BT4248" LABEL="r-column" DESCRIPTION="block type r-column"/><OtherTag ID="BT4249" LABEL="marginalia" DESCRIPTION="block type marginalia"/><OtherTag ID="BT4250" LABEL="signature-mark" DESCRIPTION="block type signature-mark"/><OtherTag ID="BT4251" LABEL="catch-word" DESCRIPTION="block type catch-word"/><OtherTag ID="BT4252" LABEL="endnote" DESCRIPTION="block type endnote"/>
  </Tags>
  <Layout>
    <Page WIDTH="570"
          HEIGHT="915"
          PHYSICAL_IMG_NR="163"
          ID="eSc_dummypage_">
      <PrintSpace HPOS="0"
                  VPOS="0"
                  WIDTH="570"
                  HEIGHT="915">
        <TextBlock HPOS="111.0"
                   VPOS="91.0"
                   WIDTH="30.0"
                   HEIGHT="17.0"
                   ID="region_1719318457735_975"
                   TAGREFS="BT4244">
          <Shape><Polygon POINTS="114 92 141 91 141 108 111 108"/></Shape>
        </TextBlock>
        <TextBlock HPOS="176.0"
                   VPOS="86.0"
                   WIDTH="284.0"
                   HEIGHT="24.0"
                   ID="region_1719318454229_972"
                   TAGREFS="BT4244">
          <Shape><Polygon POINTS="176 86 454 86 460 110 176 110"/></Shape>
        </TextBlock>
        <TextBlock HPOS="107.0"
                   VPOS="126.0"
                   WIDTH="430.0"
                   HEIGHT="153.0"
                   ID="region_1719318464593_978"
                   TAGREFS="BT4244">
          <Shape><Polygon POINTS="107 126 537 128 534 277 107 279"/></Shape>
        </TextBlock>
        <TextBlock HPOS="124.0"
                   VPOS="299.0"
                   WIDTH="409.0"
                   HEIGHT="452.0"
                   ID="region_1719318472030_981"
                   TAGREFS="BT4245">
          <Shape><Polygon POINTS="124 299 533 299 533 751 144 750"/></Shape>
        </TextBlock>
      </PrintSpace>
    </Page>
  </Layout>
</alto>
