<?xml version="1.0" encoding="UTF-8"?>
<alto xmlns:xsi="http://www.w3.org/2001/XMLSchema-instance"
      xmlns="http://www.loc.gov/standards/alto/ns-v4#"
      xsi:schemaLocation="http://www.loc.gov/standards/alto/ns-v4# http://www.loc.gov/standards/alto/v4/alto-4-2.xsd">
  <Description>
    <MeasurementUnit>pixel</MeasurementUnit>
    <sourceImageInformation>
      <fileName>1766-71,_Poetische_Werke,_Walthard,_Bd._5_Seite_173_Bild_0001.jpg</fileName>
      <fileIdentifier>mets//export_doc3109_melissa_alto_202503291248.zip/1766-71,_Poetische_Werke,_Walthard,_Bd._5_Seite_173_Bild_0001.jpg</fileIdentifier>
    </sourceImageInformation>
  </Description>
  <Tags>
    <OtherTag ID="BT1" LABEL="Title" DESCRIPTION="block type Title"/><OtherTag ID="BT2" LABEL="Main" DESCRIPTION="block type Main"/><OtherTag ID="BT3" LABEL="Commentary" DESCRIPTION="block type Commentary"/><OtherTag ID="BT4" LABEL="Illustration" DESCRIPTION="block type Illustration"/><OtherTag ID="BT4244" LABEL="paragraph" DESCRIPTION="block type paragraph"/><OtherTag ID="BT4245" LABEL="footnote" DESCRIPTION="block type footnote"/><OtherTag ID="BT4246" LABEL="heading" DESCRIPTION="block type heading"/><OtherTag ID="BT4247" LABEL="l-column" DESCRIPTION="block type l-column"/><OtherTag ID="BT4248" LABEL="r-column" DESCRIPTION="block type r-column"/><OtherTag ID="BT4249" LABEL="marginalia" DESCRIPTION="block type marginalia"/><OtherTag ID="BT4250" LABEL="signature-mark" DESCRIPTION="block type signature-mark"/><OtherTag ID="BT4251" LABEL="catch-word" DESCRIPTION="block type catch-word"/><OtherTag ID="BT4252" LABEL="endnote" DESCRIPTION="block type endnote"/>
  </Tags>
  <Layout>
    <Page WIDTH="556"
          HEIGHT="914"
          PHYSICAL_IMG_NR="161"
          ID="eSc_dummypage_">
      <PrintSpace HPOS="0"
                  VPOS="0"
                  WIDTH="556"
                  HEIGHT="914">
        <TextBlock HPOS="95.0"
                   VPOS="106.0"
                   WIDTH="33.0"
                   HEIGHT="17.0"
                   ID="region_1719316783596_751"
                   TAGREFS="BT4244">
          <Shape><Polygon POINTS="95 106 128 106 128 123 97 122"/></Shape>
        </TextBlock>
        <TextBlock HPOS="100.0"
                   VPOS="697.0"
                   WIDTH="71.0"
                   HEIGHT="27.0"
                   ID="region_1737552857480_913"
                   TAGREFS="BT4244">
          <Shape><Polygon POINTS="100 697 171 701 169 724 100 722"/></Shape>
        </TextBlock>
        <TextBlock HPOS="170.0"
                   VPOS="95.0"
                   WIDTH="273.0"
                   HEIGHT="26.0"
                   ID="region_1719316793617_754"
                   TAGREFS="BT4244">
          <Shape><Polygon POINTS="170 121 443 119 443 95 172 101"/></Shape>
        </TextBlock>
        <TextBlock HPOS="114.0"
                   VPOS="141.0"
                   WIDTH="355.0"
                   HEIGHT="206.0"
                   ID="region_1719316816806_760"
                   TAGREFS="BT4245">
          <Shape><Polygon POINTS="114 141 469 141 449 344 114 347"/></Shape>
        </TextBlock>
        <TextBlock HPOS="221.0"
                   VPOS="368.0"
                   WIDTH="166.0"
                   HEIGHT="36.0"
                   ID="region_1719316838614_767"
                   TAGREFS="BT4246">
          <Shape><Polygon POINTS="221 368 387 368 381 404 221 404"/></Shape>
        </TextBlock>
        <TextBlock HPOS="95.0"
                   VPOS="422.0"
                   WIDTH="37.0"
                   HEIGHT="38.0"
                   ID="region_1719316852583_773"
                   TAGREFS="BT4244">
          <Shape><Polygon POINTS="99 425 132 422 132 460 95 460"/></Shape>
        </TextBlock>
        <TextBlock HPOS="97.0"
                   VPOS="436.0"
                   WIDTH="402.0"
                   HEIGHT="118.0"
                   ID="region_1719316857304_776"
                   TAGREFS="BT4244">
          <Shape><Polygon POINTS="97 463 101 554 499 554 499 437 134 436 134 463"/></Shape>
        </TextBlock>
        <TextBlock HPOS="115.0"
                   VPOS="574.0"
                   WIDTH="246.0"
                   HEIGHT="27.0"
                   ID="region_1719316846211_770"
                   TAGREFS="BT4245">
          <Shape><Polygon POINTS="115 574 361 574 361 601 120 600"/></Shape>
        </TextBlock>
        <TextBlock HPOS="160.0"
                   VPOS="629.0"
                   WIDTH="292.0"
                   HEIGHT="34.0"
                   ID="region_1719316862469_779"
                   TAGREFS="BT4246">
          <Shape><Polygon POINTS="160 629 452 629 452 663 165 662"/></Shape>
        </TextBlock>
        <TextBlock HPOS="180.0"
                   VPOS="693.0"
                   WIDTH="286.0"
                   HEIGHT="62.0"
                   ID="TextRegion_1737552804206_897"
                   TAGREFS="BT4244">
          <Shape><Polygon POINTS="208 699 464 693 466 755 180 755 181 731 208 725"/></Shape>
        </TextBlock>
        <TextBlock HPOS="183.0"
                   VPOS="686.0"
                   WIDTH="24.0"
                   HEIGHT="36.0"
                   ID="region_1719316872007_782"
                   TAGREFS="BT4244">
          <Shape><Polygon POINTS="183 686 207 686 207 722 183 719"/></Shape>
        </TextBlock>
      </PrintSpace>
    </Page>
  </Layout>
</alto>
