<?xml version="1.0" encoding="UTF-8"?>
<alto xmlns:xsi="http://www.w3.org/2001/XMLSchema-instance"
      xmlns="http://www.loc.gov/standards/alto/ns-v4#"
      xsi:schemaLocation="http://www.loc.gov/standards/alto/ns-v4# http://www.loc.gov/standards/alto/v4/alto-4-2.xsd">
  <Description>
    <MeasurementUnit>pixel</MeasurementUnit>
    <sourceImageInformation>
      <fileName>1766-71,_Poetische_Werke,_Walthard,_Bd._5_Seite_044_Bild_0001.jpg</fileName>
      <fileIdentifier>mets//export_doc3109_melissa_alto_202503291248.zip/1766-71,_Poetische_Werke,_Walthard,_Bd._5_Seite_044_Bild_0001.jpg</fileIdentifier>
    </sourceImageInformation>
  </Description>
  <Tags>
    <OtherTag ID="BT1" LABEL="Title" DESCRIPTION="block type Title"/><OtherTag ID="BT2" LABEL="Main" DESCRIPTION="block type Main"/><OtherTag ID="BT3" LABEL="Commentary" DESCRIPTION="block type Commentary"/><OtherTag ID="BT4" LABEL="Illustration" DESCRIPTION="block type Illustration"/><OtherTag ID="BT4244" LABEL="paragraph" DESCRIPTION="block type paragraph"/><OtherTag ID="BT4245" LABEL="footnote" DESCRIPTION="block type footnote"/><OtherTag ID="BT4246" LABEL="heading" DESCRIPTION="block type heading"/><OtherTag ID="BT4247" LABEL="l-column" DESCRIPTION="block type l-column"/><OtherTag ID="BT4248" LABEL="r-column" DESCRIPTION="block type r-column"/><OtherTag ID="BT4249" LABEL="marginalia" DESCRIPTION="block type marginalia"/><OtherTag ID="BT4250" LABEL="signature-mark" DESCRIPTION="block type signature-mark"/><OtherTag ID="BT4251" LABEL="catch-word" DESCRIPTION="block type catch-word"/><OtherTag ID="BT4252" LABEL="endnote" DESCRIPTION="block type endnote"/>
  </Tags>
  <Layout>
    <Page WIDTH="573"
          HEIGHT="915"
          PHYSICAL_IMG_NR="160"
          ID="eSc_dummypage_">
      <PrintSpace HPOS="0"
                  VPOS="0"
                  WIDTH="573"
                  HEIGHT="915">
        <TextBlock HPOS="168.0"
                   VPOS="97.0"
                   WIDTH="193.0"
                   HEIGHT="23.0"
                   ID="region_1719316330431_612"
                   TAGREFS="BT4244">
          <Shape><Polygon POINTS="168 98 361 97 359 120 168 120"/></Shape>
        </TextBlock>
        <TextBlock HPOS="448.0"
                   VPOS="103.0"
                   WIDTH="24.0"
                   HEIGHT="19.0"
                   ID="region_1719316334043_615"
                   TAGREFS="BT4244">
          <Shape><Polygon POINTS="448 103 472 103 471 120 448 122"/></Shape>
        </TextBlock>
        <TextBlock HPOS="55.0"
                   VPOS="137.0"
                   WIDTH="421.0"
                   HEIGHT="117.0"
                   ID="TextRegion_1720863689423_323"
                   TAGREFS="BT4244">
          <Shape><Polygon POINTS="55 137 476 137 476 254 60 252"/></Shape>
        </TextBlock>
        <TextBlock HPOS="55.0"
                   VPOS="261.0"
                   WIDTH="421.0"
                   HEIGHT="98.0"
                   ID="TextRegion_1720863689422_322"
                   TAGREFS="BT4244">
          <Shape><Polygon POINTS="59 270 476 261 476 359 55 359"/></Shape>
        </TextBlock>
        <TextBlock HPOS="104.0"
                   VPOS="370.0"
                   WIDTH="290.0"
                   HEIGHT="120.0"
                   ID="region_1719316350487_621"
                   TAGREFS="BT4244">
          <Shape><Polygon POINTS="104 370 394 370 385 488 104 490"/></Shape>
        </TextBlock>
        <TextBlock HPOS="55.0"
                   VPOS="504.0"
                   WIDTH="424.0"
                   HEIGHT="247.0"
                   ID="region_1719316358144_624"
                   TAGREFS="BT4244">
          <Shape><Polygon POINTS="55 751 479 751 479 504 58 512"/></Shape>
        </TextBlock>
      </PrintSpace>
    </Page>
  </Layout>
</alto>
