<?xml version="1.0" encoding="UTF-8"?>
<alto xmlns:xsi="http://www.w3.org/2001/XMLSchema-instance"
      xmlns="http://www.loc.gov/standards/alto/ns-v4#"
      xsi:schemaLocation="http://www.loc.gov/standards/alto/ns-v4# http://www.loc.gov/standards/alto/v4/alto-4-2.xsd">
  <Description>
    <MeasurementUnit>pixel</MeasurementUnit>
    <sourceImageInformation>
      <fileName>1766-71,_Poetische_Werke,_Walthard,_Bd._3_Seite_019_Bild_0001.jpg</fileName>
      <fileIdentifier>mets//export_doc3109_melissa_alto_202503291248.zip/1766-71,_Poetische_Werke,_Walthard,_Bd._3_Seite_019_Bild_0001.jpg</fileIdentifier>
    </sourceImageInformation>
  </Description>
  <Tags>
    <OtherTag ID="BT1" LABEL="Title" DESCRIPTION="block type Title"/><OtherTag ID="BT2" LABEL="Main" DESCRIPTION="block type Main"/><OtherTag ID="BT3" LABEL="Commentary" DESCRIPTION="block type Commentary"/><OtherTag ID="BT4" LABEL="Illustration" DESCRIPTION="block type Illustration"/><OtherTag ID="BT4244" LABEL="paragraph" DESCRIPTION="block type paragraph"/><OtherTag ID="BT4245" LABEL="footnote" DESCRIPTION="block type footnote"/><OtherTag ID="BT4246" LABEL="heading" DESCRIPTION="block type heading"/><OtherTag ID="BT4247" LABEL="l-column" DESCRIPTION="block type l-column"/><OtherTag ID="BT4248" LABEL="r-column" DESCRIPTION="block type r-column"/><OtherTag ID="BT4249" LABEL="marginalia" DESCRIPTION="block type marginalia"/><OtherTag ID="BT4250" LABEL="signature-mark" DESCRIPTION="block type signature-mark"/><OtherTag ID="BT4251" LABEL="catch-word" DESCRIPTION="block type catch-word"/><OtherTag ID="BT4252" LABEL="endnote" DESCRIPTION="block type endnote"/>
  </Tags>
  <Layout>
    <Page WIDTH="587"
          HEIGHT="920"
          PHYSICAL_IMG_NR="155"
          ID="eSc_dummypage_">
      <PrintSpace HPOS="0"
                  VPOS="0"
                  WIDTH="587"
                  HEIGHT="920">
        <TextBlock HPOS="95.0"
                   VPOS="117.0"
                   WIDTH="28.0"
                   HEIGHT="18.0"
                   ID="region_1718567730776_92"
                   TAGREFS="BT4244">
          <Shape><Polygon POINTS="95 117 119 118 123 135 95 135"/></Shape>
        </TextBlock>
        <TextBlock HPOS="177.0"
                   VPOS="112.0"
                   WIDTH="278.0"
                   HEIGHT="25.0"
                   ID="region_1718567743043_95"
                   TAGREFS="BT4244">
          <Shape><Polygon POINTS="177 137 455 134 455 112 182 112"/></Shape>
        </TextBlock>
        <TextBlock HPOS="123.0"
                   VPOS="175.0"
                   WIDTH="359.0"
                   HEIGHT="41.0"
                   ID="region_1718567824959_114"
                   TAGREFS="BT4246">
          <Shape><Polygon POINTS="482 175 123 175 123 216 479 215"/></Shape>
        </TextBlock>
        <TextBlock HPOS="129.0"
                   VPOS="233.0"
                   WIDTH="384.0"
                   HEIGHT="124.0"
                   ID="region_1718567836738_117"
                   TAGREFS="BT4244">
          <Shape><Polygon POINTS="129 237 505 233 513 357 129 357"/></Shape>
        </TextBlock>
        <TextBlock HPOS="95.0"
                   VPOS="366.0"
                   WIDTH="32.0"
                   HEIGHT="43.0"
                   ID="region_1718567852118_120"
                   TAGREFS="BT4244">
          <Shape><Polygon POINTS="100 366 125 366 127 386 122 407 95 409"/></Shape>
        </TextBlock>
        <TextBlock HPOS="96.0"
                   VPOS="381.0"
                   WIDTH="316.0"
                   HEIGHT="235.0"
                   ID="region_1718567868169_123"
                   TAGREFS="BT4244">
          <Shape><Polygon POINTS="96 413 96 616 412 616 412 381 131 384 127 393 126 412"/></Shape>
        </TextBlock>
        <TextBlock HPOS="96.0"
                   VPOS="634.0"
                   WIDTH="336.0"
                   HEIGHT="140.0"
                   ID="region_1718567882961_126"
                   TAGREFS="BT4244">
          <Shape><Polygon POINTS="96 774 424 773 432 634 96 634"/></Shape>
        </TextBlock>
      </PrintSpace>
    </Page>
  </Layout>
</alto>
