<?xml version="1.0" encoding="UTF-8"?>
<alto xmlns:xsi="http://www.w3.org/2001/XMLSchema-instance"
      xmlns="http://www.loc.gov/standards/alto/ns-v4#"
      xsi:schemaLocation="http://www.loc.gov/standards/alto/ns-v4# http://www.loc.gov/standards/alto/v4/alto-4-2.xsd">
  <Description>
    <MeasurementUnit>pixel</MeasurementUnit>
    <sourceImageInformation>
      <fileName>1769,_Saemtliche_Poetische_Werke,_Bohn,_4._Aufl.,_Bd._2,_VD18_90481100_Seite_027_Bild_0001.jpg</fileName>
      <fileIdentifier>mets//export_doc3115_ronja_alto_202503291249.zip/1769,_Saemtliche_Poetische_Werke,_Bohn,_4._Aufl.,_Bd._2,_VD18_90481100_Seite_027_Bild_0001.jpg</fileIdentifier>
    </sourceImageInformation>
  </Description>
  <Tags>
    <OtherTag ID="BT1" LABEL="Title" DESCRIPTION="block type Title"/><OtherTag ID="BT2" LABEL="Main" DESCRIPTION="block type Main"/><OtherTag ID="BT3" LABEL="Commentary" DESCRIPTION="block type Commentary"/><OtherTag ID="BT4" LABEL="Illustration" DESCRIPTION="block type Illustration"/><OtherTag ID="BT4244" LABEL="paragraph" DESCRIPTION="block type paragraph"/><OtherTag ID="BT4245" LABEL="footnote" DESCRIPTION="block type footnote"/><OtherTag ID="BT4246" LABEL="heading" DESCRIPTION="block type heading"/><OtherTag ID="BT4247" LABEL="l-column" DESCRIPTION="block type l-column"/><OtherTag ID="BT4248" LABEL="r-column" DESCRIPTION="block type r-column"/><OtherTag ID="BT4249" LABEL="marginalia" DESCRIPTION="block type marginalia"/><OtherTag ID="BT4250" LABEL="signature-mark" DESCRIPTION="block type signature-mark"/><OtherTag ID="BT4251" LABEL="catch-word" DESCRIPTION="block type catch-word"/><OtherTag ID="BT4252" LABEL="endnote" DESCRIPTION="block type endnote"/>
  </Tags>
  <Layout>
    <Page WIDTH="1873"
          HEIGHT="2869"
          PHYSICAL_IMG_NR="29"
          ID="eSc_dummypage_">
      <PrintSpace HPOS="0"
                  VPOS="0"
                  WIDTH="1873"
                  HEIGHT="2869">
        <TextBlock HPOS="572.0"
                   VPOS="510.0"
                   WIDTH="324.0"
                   HEIGHT="81.0"
                   ID="region_1719563715697_511"
                   TAGREFS="BT4244">
          <Shape><Polygon POINTS="861 591 574 591 572 510 896 511"/></Shape>
        </TextBlock>
        <TextBlock HPOS="1165.0"
                   VPOS="511.0"
                   WIDTH="83.0"
                   HEIGHT="87.0"
                   ID="region_1719563721597_514"
                   TAGREFS="BT4244">
          <Shape><Polygon POINTS="1248 594 1165 598 1165 511 1232 511"/></Shape>
        </TextBlock>
        <TextBlock HPOS="354.0"
                   VPOS="615.0"
                   WIDTH="754.0"
                   HEIGHT="87.0"
                   ID="region_1719563725801_517"
                   TAGREFS="BT4246">
          <Shape><Polygon POINTS="1083 702 354 702 354 615 1108 621"/></Shape>
        </TextBlock>
        <TextBlock HPOS="194.0"
                   VPOS="742.0"
                   WIDTH="108.0"
                   HEIGHT="132.0"
                   ID="region_1719563729729_520"
                   TAGREFS="BT4244">
          <Shape><Polygon POINTS="302 872 210 874 194 745 302 742"/></Shape>
        </TextBlock>
        <TextBlock HPOS="209.0"
                   VPOS="722.0"
                   WIDTH="1068.0"
                   HEIGHT="1459.0"
                   ID="region_1719563737385_523"
                   TAGREFS="BT4244">
          <Shape><Polygon POINTS="1276 2181 212 2181 213 934 209 882 305 882 302 741 1277 722"/></Shape>
        </TextBlock>
        <TextBlock HPOS="695.0"
                   VPOS="2194.0"
                   WIDTH="190.0"
                   HEIGHT="55.0"
                   ID="region_1719563741353_526"
                   TAGREFS="BT4244">
          <Shape><Polygon POINTS="885 2244 725 2249 695 2194 822 2196"/></Shape>
        </TextBlock>
        <TextBlock HPOS="1170.0"
                   VPOS="2191.0"
                   WIDTH="133.0"
                   HEIGHT="60.0"
                   ID="region_1719563743797_529"
                   TAGREFS="BT4244">
          <Shape><Polygon POINTS="1272 2251 1170 2250 1170 2191 1303 2199"/></Shape>
        </TextBlock>
        <TextBlock HPOS="195.0"
                   VPOS="2282.0"
                   WIDTH="560.0"
                   HEIGHT="157.0"
                   ID="region_1719563755921_535"
                   TAGREFS="BT4247">
          <Shape><Polygon POINTS="755 2425 195 2439 224 2282 755 2282"/></Shape>
        </TextBlock>
        <TextBlock HPOS="760.0"
                   VPOS="2274.0"
                   WIDTH="526.0"
                   HEIGHT="139.0"
                   ID="region_1719563759729_538"
                   TAGREFS="BT4248">
          <Shape><Polygon POINTS="1286 2413 760 2409 760 2274 1286 2278"/></Shape>
        </TextBlock>
      </PrintSpace>
    </Page>
  </Layout>
</alto>
