<?xml version="1.0" encoding="UTF-8"?>
<alto xmlns:xsi="http://www.w3.org/2001/XMLSchema-instance"
      xmlns="http://www.loc.gov/standards/alto/ns-v4#"
      xsi:schemaLocation="http://www.loc.gov/standards/alto/ns-v4# http://www.loc.gov/standards/alto/v4/alto-4-2.xsd">
  <Description>
    <MeasurementUnit>pixel</MeasurementUnit>
    <sourceImageInformation>
      <fileName>1769,_Saemtliche_Poetische_Werke,_Bohn,_4._Aufl.,_Bd._3,_VD18_90481127_Seite_100_Bild_0001.jpg</fileName>
      <fileIdentifier>mets//export_doc3115_ronja_alto_202503291249.zip/1769,_Saemtliche_Poetische_Werke,_Bohn,_4._Aufl.,_Bd._3,_VD18_90481127_Seite_100_Bild_0001.jpg</fileIdentifier>
    </sourceImageInformation>
  </Description>
  <Tags>
    <OtherTag ID="BT1" LABEL="Title" DESCRIPTION="block type Title"/><OtherTag ID="BT2" LABEL="Main" DESCRIPTION="block type Main"/><OtherTag ID="BT3" LABEL="Commentary" DESCRIPTION="block type Commentary"/><OtherTag ID="BT4" LABEL="Illustration" DESCRIPTION="block type Illustration"/><OtherTag ID="BT4244" LABEL="paragraph" DESCRIPTION="block type paragraph"/><OtherTag ID="BT4245" LABEL="footnote" DESCRIPTION="block type footnote"/><OtherTag ID="BT4246" LABEL="heading" DESCRIPTION="block type heading"/><OtherTag ID="BT4247" LABEL="l-column" DESCRIPTION="block type l-column"/><OtherTag ID="BT4248" LABEL="r-column" DESCRIPTION="block type r-column"/><OtherTag ID="BT4249" LABEL="marginalia" DESCRIPTION="block type marginalia"/><OtherTag ID="BT4250" LABEL="signature-mark" DESCRIPTION="block type signature-mark"/><OtherTag ID="BT4251" LABEL="catch-word" DESCRIPTION="block type catch-word"/><OtherTag ID="BT4252" LABEL="endnote" DESCRIPTION="block type endnote"/>
  </Tags>
  <Layout>
    <Page WIDTH="1971"
          HEIGHT="2897"
          PHYSICAL_IMG_NR="35"
          ID="eSc_dummypage_">
      <PrintSpace HPOS="0"
                  VPOS="0"
                  WIDTH="1971"
                  HEIGHT="2897">
        <TextBlock HPOS="696.0"
                   VPOS="529.0"
                   WIDTH="90.0"
                   HEIGHT="72.0"
                   ID="region_1724839911438_475"
                   TAGREFS="BT4244">
          <Shape><Polygon POINTS="781 587 696 601 696 529 786 529"/></Shape>
        </TextBlock>
        <TextBlock HPOS="771.0"
                   VPOS="743.0"
                   WIDTH="715.0"
                   HEIGHT="1427.0"
                   ID="region_1724839937302_487"
                   TAGREFS="BT4244">
          <Shape><Polygon POINTS="1486 2170 771 2170 791 910 778 875 901 873 896 747 1486 743"/></Shape>
        </TextBlock>
        <TextBlock HPOS="810.0"
                   VPOS="740.0"
                   WIDTH="85.0"
                   HEIGHT="123.0"
                   ID="region_1724839925642_484"
                   TAGREFS="BT4244">
          <Shape><Polygon POINTS="895 863 813 863 810 740 892 740"/></Shape>
        </TextBlock>
        <TextBlock HPOS="1018.0"
                   VPOS="525.0"
                   WIDTH="412.0"
                   HEIGHT="75.0"
                   ID="region_1724839914006_478"
                   TAGREFS="BT4244">
          <Shape><Polygon POINTS="1411 600 1018 600 1018 525 1430 525"/></Shape>
        </TextBlock>
        <TextBlock HPOS="1046.0"
                   VPOS="624.0"
                   WIDTH="378.0"
                   HEIGHT="89.0"
                   ID="region_1724839917685_481"
                   TAGREFS="BT4246">
          <Shape><Polygon POINTS="1392 713 1046 713 1046 625 1424 624"/></Shape>
        </TextBlock>
        <TextBlock HPOS="1599.0"
                   VPOS="2148.0"
                   WIDTH="125.0"
                   HEIGHT="49.0"
                   ID="region_1724839949525_493"
                   TAGREFS="BT4244">
          <Shape><Polygon POINTS="1701 2197 1599 2197 1599 2149 1724 2148"/></Shape>
        </TextBlock>
        <TextBlock HPOS="650.0"
                   VPOS="2231.0"
                   WIDTH="1121.0"
                   HEIGHT="159.0"
                   ID="region_1724839947342_490"
                   TAGREFS="BT4245">
          <Shape><Polygon POINTS="1734 2390 650 2390 650 2237 1771 2231"/></Shape>
        </TextBlock>
      </PrintSpace>
    </Page>
  </Layout>
</alto>
