<?xml version="1.0" encoding="UTF-8"?>
<alto xmlns:xsi="http://www.w3.org/2001/XMLSchema-instance"
      xmlns="http://www.loc.gov/standards/alto/ns-v4#"
      xsi:schemaLocation="http://www.loc.gov/standards/alto/ns-v4# http://www.loc.gov/standards/alto/v4/alto-4-2.xsd">
  <Description>
    <MeasurementUnit>pixel</MeasurementUnit>
    <sourceImageInformation>
      <fileName>1769,_Saemtliche_Poetische_Werke,_Bohn,_4._Aufl.,_Bd._3,_VD18_90481127_Seite_031_Bild_0001.jpg</fileName>
      <fileIdentifier>mets//export_doc3115_ronja_alto_202503291249.zip/1769,_Saemtliche_Poetische_Werke,_Bohn,_4._Aufl.,_Bd._3,_VD18_90481127_Seite_031_Bild_0001.jpg</fileIdentifier>
    </sourceImageInformation>
  </Description>
  <Tags>
    <OtherTag ID="BT1" LABEL="Title" DESCRIPTION="block type Title"/><OtherTag ID="BT2" LABEL="Main" DESCRIPTION="block type Main"/><OtherTag ID="BT3" LABEL="Commentary" DESCRIPTION="block type Commentary"/><OtherTag ID="BT4" LABEL="Illustration" DESCRIPTION="block type Illustration"/><OtherTag ID="BT4244" LABEL="paragraph" DESCRIPTION="block type paragraph"/><OtherTag ID="BT4245" LABEL="footnote" DESCRIPTION="block type footnote"/><OtherTag ID="BT4246" LABEL="heading" DESCRIPTION="block type heading"/><OtherTag ID="BT4247" LABEL="l-column" DESCRIPTION="block type l-column"/><OtherTag ID="BT4248" LABEL="r-column" DESCRIPTION="block type r-column"/><OtherTag ID="BT4249" LABEL="marginalia" DESCRIPTION="block type marginalia"/><OtherTag ID="BT4250" LABEL="signature-mark" DESCRIPTION="block type signature-mark"/><OtherTag ID="BT4251" LABEL="catch-word" DESCRIPTION="block type catch-word"/><OtherTag ID="BT4252" LABEL="endnote" DESCRIPTION="block type endnote"/>
  </Tags>
  <Layout>
    <Page WIDTH="1971"
          HEIGHT="2897"
          PHYSICAL_IMG_NR="33"
          ID="eSc_dummypage_">
      <PrintSpace HPOS="0"
                  VPOS="0"
                  WIDTH="1971"
                  HEIGHT="2897">
        <TextBlock HPOS="569.0"
                   VPOS="530.0"
                   WIDTH="323.0"
                   HEIGHT="66.0"
                   ID="region_1724839651786_392"
                   TAGREFS="BT4244">
          <Shape><Polygon POINTS="879 596 569 596 569 530 892 535"/></Shape>
        </TextBlock>
        <TextBlock HPOS="189.0"
                   VPOS="1602.0"
                   WIDTH="543.0"
                   HEIGHT="777.0"
                   ID="region_1724839668974_404"
                   TAGREFS="BT4247">
          <Shape><Polygon POINTS="732 2371 189 2379 201 1603 732 1602"/></Shape>
        </TextBlock>
        <TextBlock HPOS="1098.0"
                   VPOS="549.0"
                   WIDTH="159.0"
                   HEIGHT="50.0"
                   ID="region_1724839654017_395"
                   TAGREFS="BT4244">
          <Shape><Polygon POINTS="1257 599 1098 599 1098 550 1244 549"/></Shape>
        </TextBlock>
        <TextBlock HPOS="199.0"
                   VPOS="630.0"
                   WIDTH="1108.0"
                   HEIGHT="832.0"
                   ID="region_1724839657406_398"
                   TAGREFS="BT4244">
          <Shape><Polygon POINTS="1307 1442 199 1462 199 630 1306 630"/></Shape>
        </TextBlock>
        <TextBlock HPOS="1149.0"
                   VPOS="1471.0"
                   WIDTH="125.0"
                   HEIGHT="69.0"
                   ID="region_1724839659705_401"
                   TAGREFS="BT4244">
          <Shape><Polygon POINTS="1257 1540 1149 1532 1150 1471 1274 1471"/></Shape>
        </TextBlock>
        <TextBlock HPOS="754.0"
                   VPOS="1590.0"
                   WIDTH="555.0"
                   HEIGHT="785.0"
                   ID="region_1724839672334_407"
                   TAGREFS="BT4248">
          <Shape><Polygon POINTS="1309 2372 754 2375 754 1590 1283 1590"/></Shape>
        </TextBlock>
      </PrintSpace>
    </Page>
  </Layout>
</alto>
