<?xml version="1.0" encoding="UTF-8"?>
<alto xmlns:xsi="http://www.w3.org/2001/XMLSchema-instance"
      xmlns="http://www.loc.gov/standards/alto/ns-v4#"
      xsi:schemaLocation="http://www.loc.gov/standards/alto/ns-v4# http://www.loc.gov/standards/alto/v4/alto-4-2.xsd">
  <Description>
    <MeasurementUnit>pixel</MeasurementUnit>
    <sourceImageInformation>
      <fileName>1770,_Saemmtliche_Poetische_Werke,_Trattner,_VD18_12002895_Seite_901_Bild_0001.jpg</fileName>
      <fileIdentifier>mets//export_doc3109_melissa_alto_202503291248.zip/1770,_Saemmtliche_Poetische_Werke,_Trattner,_VD18_12002895_Seite_901_Bild_0001.jpg</fileIdentifier>
    </sourceImageInformation>
  </Description>
  <Tags>
    <OtherTag ID="BT1" LABEL="Title" DESCRIPTION="block type Title"/><OtherTag ID="BT2" LABEL="Main" DESCRIPTION="block type Main"/><OtherTag ID="BT3" LABEL="Commentary" DESCRIPTION="block type Commentary"/><OtherTag ID="BT4" LABEL="Illustration" DESCRIPTION="block type Illustration"/><OtherTag ID="BT4244" LABEL="paragraph" DESCRIPTION="block type paragraph"/><OtherTag ID="BT4245" LABEL="footnote" DESCRIPTION="block type footnote"/><OtherTag ID="BT4246" LABEL="heading" DESCRIPTION="block type heading"/><OtherTag ID="BT4247" LABEL="l-column" DESCRIPTION="block type l-column"/><OtherTag ID="BT4248" LABEL="r-column" DESCRIPTION="block type r-column"/><OtherTag ID="BT4249" LABEL="marginalia" DESCRIPTION="block type marginalia"/><OtherTag ID="BT4250" LABEL="signature-mark" DESCRIPTION="block type signature-mark"/><OtherTag ID="BT4251" LABEL="catch-word" DESCRIPTION="block type catch-word"/><OtherTag ID="BT4252" LABEL="endnote" DESCRIPTION="block type endnote"/>
  </Tags>
  <Layout>
    <Page WIDTH="978"
          HEIGHT="1733"
          PHYSICAL_IMG_NR="185"
          ID="eSc_dummypage_">
      <PrintSpace HPOS="0"
                  VPOS="0"
                  WIDTH="978"
                  HEIGHT="1733">
        <TextBlock HPOS="253.0"
                   VPOS="157.0"
                   WIDTH="318.0"
                   HEIGHT="51.0"
                   ID="region_1737734263220_1410"
                   TAGREFS="BT4244">
          <Shape><Polygon POINTS="273 157 566 160 571 208 253 207 253 158"/></Shape>
        </TextBlock>
        <TextBlock HPOS="672.0"
                   VPOS="161.0"
                   WIDTH="79.0"
                   HEIGHT="52.0"
                   ID="region_1737734268670_1413"
                   TAGREFS="BT4244">
          <Shape><Polygon POINTS="672 199 672 161 750 163 751 213"/></Shape>
        </TextBlock>
        <TextBlock HPOS="64.0"
                   VPOS="226.0"
                   WIDTH="691.0"
                   HEIGHT="149.0"
                   ID="region_1737734280360_1416"
                   TAGREFS="BT4244">
          <Shape><Polygon POINTS="71 226 754 237 755 325 308 327 302 375 64 370"/></Shape>
        </TextBlock>
        <TextBlock HPOS="74.0"
                   VPOS="395.0"
                   WIDTH="692.0"
                   HEIGHT="216.0"
                   ID="region_1737734298700_1422"
                   TAGREFS="BT4244">
          <Shape><Polygon POINTS="117 395 766 397 754 569 353 571 357 610 74 611 79 433 120 434"/></Shape>
        </TextBlock>
        <TextBlock HPOS="77.0"
                   VPOS="647.0"
                   WIDTH="487.0"
                   HEIGHT="182.0"
                   ID="region_1737734309654_1425"
                   TAGREFS="BT4244">
          <Shape><Polygon POINTS="139 647 507 648 501 700 464 714 554 772 564 816 89 829 77 690 122 683 120 652"/></Shape>
        </TextBlock>
        <TextBlock HPOS="76.0"
                   VPOS="849.0"
                   WIDTH="447.0"
                   HEIGHT="190.0"
                   ID="region_1737734330186_1429"
                   TAGREFS="BT4244">
          <Shape><Polygon POINTS="118 849 523 851 506 904 453 922 523 947 519 983 429 999 432 1039 76 1038 84 896 124 887"/></Shape>
        </TextBlock>
        <TextBlock HPOS="71.0"
                   VPOS="1054.0"
                   WIDTH="700.0"
                   HEIGHT="137.0"
                   ID="region_1737734339040_1432"
                   TAGREFS="BT4244">
          <Shape><Polygon POINTS="130 1054 771 1064 763 1146 441 1154 433 1185 71 1191 74 1100 120 1097"/></Shape>
        </TextBlock>
        <TextBlock HPOS="77.0"
                   VPOS="1216.0"
                   WIDTH="696.0"
                   HEIGHT="142.0"
                   ID="region_1737734357124_1435"
                   TAGREFS="BT4244">
          <Shape><Polygon POINTS="88 1216 773 1225 765 1273 552 1277 542 1309 434 1318 438 1358 80 1345 91 1297 364 1297 360 1271 77 1268"/></Shape>
        </TextBlock>
        <TextBlock HPOS="637.0"
                   VPOS="1345.0"
                   WIDTH="104.0"
                   HEIGHT="52.0"
                   ID="region_1737734360455_1438"
                   TAGREFS="BT4244">
          <Shape><Polygon POINTS="639 1345 741 1348 731 1397 637 1392"/></Shape>
        </TextBlock>
        <TextBlock HPOS="124.0"
                   VPOS="1392.0"
                   WIDTH="454.0"
                   HEIGHT="38.0"
                   ID="region_1737734375585_1441"
                   TAGREFS="BT4245">
          <Shape><Polygon POINTS="132 1396 209 1392 444 1392 578 1398 578 1430 410 1426 373 1421 182 1422 132 1426 124 1410"/></Shape>
        </TextBlock>
        <TextBlock HPOS="128.0"
                   VPOS="1428.0"
                   WIDTH="332.0"
                   HEIGHT="32.0"
                   ID="region_1737734396498_1444"
                   TAGREFS="BT4245">
          <Shape><Polygon POINTS="130 1434 183 1428 326 1429 372 1428 403 1430 460 1438 455 1458 437 1460 403 1456 359 1460 334 1455 183 1455 128 1460"/></Shape>
        </TextBlock>
        <TextBlock HPOS="127.0"
                   VPOS="1460.0"
                   WIDTH="362.0"
                   HEIGHT="37.0"
                   ID="region_1737734415428_1447"
                   TAGREFS="BT4245">
          <Shape><Polygon POINTS="130 1466 175 1462 240 1460 322 1460 369 1463 414 1460 452 1463 489 1465 487 1496 355 1489 337 1497 306 1490 169 1494 127 1493"/></Shape>
        </TextBlock>
      </PrintSpace>
    </Page>
  </Layout>
</alto>
