<?xml version="1.0" encoding="UTF-8"?>
<alto xmlns:xsi="http://www.w3.org/2001/XMLSchema-instance"
      xmlns="http://www.loc.gov/standards/alto/ns-v4#"
      xsi:schemaLocation="http://www.loc.gov/standards/alto/ns-v4# http://www.loc.gov/standards/alto/v4/alto-4-2.xsd">
  <Description>
    <MeasurementUnit>pixel</MeasurementUnit>
    <sourceImageInformation>
      <fileName>1770,_Saemmtliche_Poetische_Werke,_Trattner,_VD18_12002895_Seite_154_Bild_0001.jpg</fileName>
      <fileIdentifier>mets//export_doc3109_melissa_alto_202503291248.zip/1770,_Saemmtliche_Poetische_Werke,_Trattner,_VD18_12002895_Seite_154_Bild_0001.jpg</fileIdentifier>
    </sourceImageInformation>
  </Description>
  <Tags>
    <OtherTag ID="BT1" LABEL="Title" DESCRIPTION="block type Title"/><OtherTag ID="BT2" LABEL="Main" DESCRIPTION="block type Main"/><OtherTag ID="BT3" LABEL="Commentary" DESCRIPTION="block type Commentary"/><OtherTag ID="BT4" LABEL="Illustration" DESCRIPTION="block type Illustration"/><OtherTag ID="BT4244" LABEL="paragraph" DESCRIPTION="block type paragraph"/><OtherTag ID="BT4245" LABEL="footnote" DESCRIPTION="block type footnote"/><OtherTag ID="BT4246" LABEL="heading" DESCRIPTION="block type heading"/><OtherTag ID="BT4247" LABEL="l-column" DESCRIPTION="block type l-column"/><OtherTag ID="BT4248" LABEL="r-column" DESCRIPTION="block type r-column"/><OtherTag ID="BT4249" LABEL="marginalia" DESCRIPTION="block type marginalia"/><OtherTag ID="BT4250" LABEL="signature-mark" DESCRIPTION="block type signature-mark"/><OtherTag ID="BT4251" LABEL="catch-word" DESCRIPTION="block type catch-word"/><OtherTag ID="BT4252" LABEL="endnote" DESCRIPTION="block type endnote"/>
  </Tags>
  <Layout>
    <Page WIDTH="1004"
          HEIGHT="1738"
          PHYSICAL_IMG_NR="179"
          ID="eSc_dummypage_">
      <PrintSpace HPOS="0"
                  VPOS="0"
                  WIDTH="1004"
                  HEIGHT="1738">
        <TextBlock HPOS="257.0"
                   VPOS="159.0"
                   WIDTH="69.0"
                   HEIGHT="30.0"
                   ID="region_1719311758707_156"
                   TAGREFS="BT4244">
          <Shape><Polygon POINTS="257 159 326 159 326 189 257 189"/></Shape>
        </TextBlock>
        <TextBlock HPOS="411.0"
                   VPOS="149.0"
                   WIDTH="347.0"
                   HEIGHT="60.0"
                   ID="region_1719311764671_159"
                   TAGREFS="BT4244">
          <Shape><Polygon POINTS="416 208 758 209 758 149 411 149"/></Shape>
        </TextBlock>
        <TextBlock HPOS="234.0"
                   VPOS="222.0"
                   WIDTH="694.0"
                   HEIGHT="421.0"
                   ID="region_1719311780406_162"
                   TAGREFS="BT4244">
          <Shape><Polygon POINTS="246 223 926 222 928 643 234 643"/></Shape>
        </TextBlock>
        <TextBlock HPOS="279.0"
                   VPOS="668.0"
                   WIDTH="645.0"
                   HEIGHT="96.0"
                   ID="region_1719311788804_165"
                   TAGREFS="BT4244">
          <Shape><Polygon POINTS="281 672 924 668 922 760 279 764"/></Shape>
        </TextBlock>
        <TextBlock HPOS="785.0"
                   VPOS="766.0"
                   WIDTH="99.0"
                   HEIGHT="40.0"
                   ID="region_1719311794380_168"
                   TAGREFS="BT4244">
          <Shape><Polygon POINTS="785 806 884 806 884 766 785 766"/></Shape>
        </TextBlock>
        <TextBlock HPOS="310.0"
                   VPOS="838.0"
                   WIDTH="615.0"
                   HEIGHT="262.0"
                   ID="region_1719311832049_177"
                   TAGREFS="BT4245">
          <Shape><Polygon POINTS="310 1100 925 1099 925 839 315 838"/></Shape>
        </TextBlock>
        <TextBlock HPOS="272.0"
                   VPOS="1103.0"
                   WIDTH="641.0"
                   HEIGHT="395.0"
                   ID="region_1719311836745_180"
                   TAGREFS="BT4245">
          <Shape><Polygon POINTS="272 1103 913 1103 909 1492 272 1498"/></Shape>
        </TextBlock>
      </PrintSpace>
    </Page>
  </Layout>
</alto>
