<?xml version="1.0" encoding="UTF-8"?>
<alto xmlns:xsi="http://www.w3.org/2001/XMLSchema-instance"
      xmlns="http://www.loc.gov/standards/alto/ns-v4#"
      xsi:schemaLocation="http://www.loc.gov/standards/alto/ns-v4# http://www.loc.gov/standards/alto/v4/alto-4-2.xsd">
  <Description>
    <MeasurementUnit>pixel</MeasurementUnit>
    <sourceImageInformation>
      <fileName>1770,_Saemmtliche_Poetische_Werke,_Trattner,_VD18_12002895_Seite_909_Bild_0001.jpg</fileName>
      <fileIdentifier>mets//export_doc3109_melissa_alto_202503291248.zip/1770,_Saemmtliche_Poetische_Werke,_Trattner,_VD18_12002895_Seite_909_Bild_0001.jpg</fileIdentifier>
    </sourceImageInformation>
  </Description>
  <Tags>
    <OtherTag ID="BT1" LABEL="Title" DESCRIPTION="block type Title"/><OtherTag ID="BT2" LABEL="Main" DESCRIPTION="block type Main"/><OtherTag ID="BT3" LABEL="Commentary" DESCRIPTION="block type Commentary"/><OtherTag ID="BT4" LABEL="Illustration" DESCRIPTION="block type Illustration"/><OtherTag ID="BT4244" LABEL="paragraph" DESCRIPTION="block type paragraph"/><OtherTag ID="BT4245" LABEL="footnote" DESCRIPTION="block type footnote"/><OtherTag ID="BT4246" LABEL="heading" DESCRIPTION="block type heading"/><OtherTag ID="BT4247" LABEL="l-column" DESCRIPTION="block type l-column"/><OtherTag ID="BT4248" LABEL="r-column" DESCRIPTION="block type r-column"/><OtherTag ID="BT4249" LABEL="marginalia" DESCRIPTION="block type marginalia"/><OtherTag ID="BT4250" LABEL="signature-mark" DESCRIPTION="block type signature-mark"/><OtherTag ID="BT4251" LABEL="catch-word" DESCRIPTION="block type catch-word"/><OtherTag ID="BT4252" LABEL="endnote" DESCRIPTION="block type endnote"/>
  </Tags>
  <Layout>
    <Page WIDTH="978"
          HEIGHT="1733"
          PHYSICAL_IMG_NR="186"
          ID="eSc_dummypage_">
      <PrintSpace HPOS="0"
                  VPOS="0"
                  WIDTH="978"
                  HEIGHT="1733">
        <TextBlock HPOS="262.0"
                   VPOS="111.0"
                   WIDTH="308.0"
                   HEIGHT="54.0"
                   ID="region_1737734500694_1497"
                   TAGREFS="BT4244">
          <Shape><Polygon POINTS="262 164 521 165 570 160 570 117 450 111 265 119"/></Shape>
        </TextBlock>
        <TextBlock HPOS="673.0"
                   VPOS="110.0"
                   WIDTH="87.0"
                   HEIGHT="53.0"
                   ID="region_1737734505425_1500"
                   TAGREFS="BT4244">
          <Shape><Polygon POINTS="677 157 760 163 752 118 705 110 673 114"/></Shape>
        </TextBlock>
        <TextBlock HPOS="78.0"
                   VPOS="185.0"
                   WIDTH="676.0"
                   HEIGHT="1073.0"
                   ID="region_1737734527715_1504"
                   TAGREFS="BT4244">
          <Shape><Polygon POINTS="84 201 451 185 754 185 746 1254 691 1249 78 1258"/></Shape>
        </TextBlock>
        <TextBlock HPOS="640.0"
                   VPOS="1253.0"
                   WIDTH="75.0"
                   HEIGHT="40.0"
                   ID="region_1737734536276_1508"
                   TAGREFS="BT4244">
          <Shape><Polygon POINTS="644 1256 693 1253 715 1271 709 1293 640 1289"/></Shape>
        </TextBlock>
        <TextBlock HPOS="124.0"
                   VPOS="1296.0"
                   WIDTH="342.0"
                   HEIGHT="36.0"
                   ID="region_1737734554554_1513"
                   TAGREFS="BT4245">
          <Shape><Polygon POINTS="124 1296 466 1298 463 1332 346 1324 311 1327 252 1326 125 1328"/></Shape>
        </TextBlock>
        <TextBlock HPOS="124.0"
                   VPOS="1331.0"
                   WIDTH="386.0"
                   HEIGHT="31.0"
                   ID="region_1737734569912_1516"
                   TAGREFS="BT4245">
          <Shape><Polygon POINTS="127 1334 190 1331 316 1331 405 1332 465 1336 510 1334 506 1362 383 1358 278 1356 173 1357 124 1360"/></Shape>
        </TextBlock>
        <TextBlock HPOS="126.0"
                   VPOS="1362.0"
                   WIDTH="502.0"
                   HEIGHT="38.0"
                   ID="region_1737734588943_1519"
                   TAGREFS="BT4245">
          <Shape><Polygon POINTS="126 1367 193 1362 278 1363 359 1366 405 1364 458 1365 628 1366 628 1400 527 1396 507 1389 376 1391 293 1388 226 1391 166 1390 128 1394"/></Shape>
        </TextBlock>
        <TextBlock HPOS="88.0"
                   VPOS="1392.0"
                   WIDTH="402.0"
                   HEIGHT="44.0"
                   ID="region_1737734602339_1522"
                   TAGREFS="BT4244">
          <Shape><Polygon POINTS="90 1399 108 1392 125 1400 265 1395 366 1394 490 1394 490 1431 205 1433 88 1436"/></Shape>
        </TextBlock>
      </PrintSpace>
    </Page>
  </Layout>
</alto>
