<?xml version="1.0" encoding="UTF-8"?>
<alto xmlns:xsi="http://www.w3.org/2001/XMLSchema-instance"
      xmlns="http://www.loc.gov/standards/alto/ns-v4#"
      xsi:schemaLocation="http://www.loc.gov/standards/alto/ns-v4# http://www.loc.gov/standards/alto/v4/alto-4-2.xsd">
  <Description>
    <MeasurementUnit>pixel</MeasurementUnit>
    <sourceImageInformation>
      <fileName>1770,_Saemmtliche_Poetische_Werke,_Trattner,_VD18_12002895_Seite_853_Bild_0001.jpg</fileName>
      <fileIdentifier>mets//export_doc3109_melissa_alto_202503291248.zip/1770,_Saemmtliche_Poetische_Werke,_Trattner,_VD18_12002895_Seite_853_Bild_0001.jpg</fileIdentifier>
    </sourceImageInformation>
  </Description>
  <Tags>
    <OtherTag ID="BT1" LABEL="Title" DESCRIPTION="block type Title"/><OtherTag ID="BT2" LABEL="Main" DESCRIPTION="block type Main"/><OtherTag ID="BT3" LABEL="Commentary" DESCRIPTION="block type Commentary"/><OtherTag ID="BT4" LABEL="Illustration" DESCRIPTION="block type Illustration"/><OtherTag ID="BT4244" LABEL="paragraph" DESCRIPTION="block type paragraph"/><OtherTag ID="BT4245" LABEL="footnote" DESCRIPTION="block type footnote"/><OtherTag ID="BT4246" LABEL="heading" DESCRIPTION="block type heading"/><OtherTag ID="BT4247" LABEL="l-column" DESCRIPTION="block type l-column"/><OtherTag ID="BT4248" LABEL="r-column" DESCRIPTION="block type r-column"/><OtherTag ID="BT4249" LABEL="marginalia" DESCRIPTION="block type marginalia"/><OtherTag ID="BT4250" LABEL="signature-mark" DESCRIPTION="block type signature-mark"/><OtherTag ID="BT4251" LABEL="catch-word" DESCRIPTION="block type catch-word"/><OtherTag ID="BT4252" LABEL="endnote" DESCRIPTION="block type endnote"/>
  </Tags>
  <Layout>
    <Page WIDTH="1008"
          HEIGHT="1721"
          PHYSICAL_IMG_NR="188"
          ID="eSc_dummypage_">
      <PrintSpace HPOS="0"
                  VPOS="0"
                  WIDTH="1008"
                  HEIGHT="1721">
        <TextBlock HPOS="204.0"
                   VPOS="148.0"
                   WIDTH="340.0"
                   HEIGHT="54.0"
                   ID="region_1737733812951_1230"
                   TAGREFS="BT4244">
          <Shape><Polygon POINTS="208 148 544 154 538 202 204 195"/></Shape>
        </TextBlock>
        <TextBlock HPOS="631.0"
                   VPOS="154.0"
                   WIDTH="91.0"
                   HEIGHT="49.0"
                   ID="region_1737733816692_1233"
                   TAGREFS="BT4244">
          <Shape><Polygon POINTS="632 154 722 154 717 203 631 196"/></Shape>
        </TextBlock>
        <TextBlock HPOS="41.0"
                   VPOS="219.0"
                   WIDTH="677.0"
                   HEIGHT="426.0"
                   ID="region_1737733832566_1237"
                   TAGREFS="BT4244">
          <Shape><Polygon POINTS="84 263 82 219 712 223 718 605 350 604 345 645 42 645 41 274"/></Shape>
        </TextBlock>
        <TextBlock HPOS="100.0"
                   VPOS="672.0"
                   WIDTH="538.0"
                   HEIGHT="176.0"
                   ID="region_1737733846537_1240"
                   TAGREFS="BT4244">
          <Shape><Polygon POINTS="117 672 636 682 638 728 542 732 601 781 569 814 462 819 460 844 169 848 165 815 100 807 115 749 178 739 111 717"/></Shape>
        </TextBlock>
        <TextBlock HPOS="113.0"
                   VPOS="876.0"
                   WIDTH="529.0"
                   HEIGHT="177.0"
                   ID="region_1737733860242_1243"
                   TAGREFS="BT4244">
          <Shape><Polygon POINTS="131 876 642 877 639 926 581 947 563 1008 507 1015 506 1043 189 1053 190 1021 125 1004 116 951 173 956 176 928 113 923"/></Shape>
        </TextBlock>
        <TextBlock HPOS="50.0"
                   VPOS="1073.0"
                   WIDTH="688.0"
                   HEIGHT="148.0"
                   ID="region_1737733880432_1246"
                   TAGREFS="BT4244">
          <Shape><Polygon POINTS="90 1073 738 1082 733 1207 675 1207 667 1217 653 1212 644 1207 601 1211 520 1214 284 1214 50 1221 52 1136 90 1129"/></Shape>
        </TextBlock>
        <TextBlock HPOS="604.0"
                   VPOS="1209.0"
                   WIDTH="84.0"
                   HEIGHT="47.0"
                   ID="region_1737733910639_1257"
                   TAGREFS="BT4244">
          <Shape><Polygon POINTS="612 1212 640 1209 652 1216 665 1222 688 1223 685 1242 673 1256 604 1250"/></Shape>
        </TextBlock>
        <TextBlock HPOS="97.0"
                   VPOS="1331.0"
                   WIDTH="647.0"
                   HEIGHT="37.0"
                   ID="region_1737733897029_1249"
                   TAGREFS="BT4245">
          <Shape><Polygon POINTS="97 1368 493 1364 744 1368 741 1339 658 1331 149 1338 100 1339"/></Shape>
        </TextBlock>
        <TextBlock HPOS="92.0"
                   VPOS="1367.0"
                   WIDTH="360.0"
                   HEIGHT="38.0"
                   ID="region_1737733930063_1264"
                   TAGREFS="BT4245">
          <Shape><Polygon POINTS="96 1374 160 1370 290 1369 395 1367 452 1375 451 1405 389 1399 286 1395 159 1397 92 1402"/></Shape>
        </TextBlock>
        <TextBlock HPOS="92.0"
                   VPOS="1401.0"
                   WIDTH="273.0"
                   HEIGHT="34.0"
                   ID="region_1737733939663_1267"
                   TAGREFS="BT4245">
          <Shape><Polygon POINTS="98 1408 176 1401 291 1403 357 1402 365 1416 363 1428 203 1433 141 1433 92 1435"/></Shape>
        </TextBlock>
      </PrintSpace>
    </Page>
  </Layout>
</alto>
