<?xml version="1.0" encoding="UTF-8"?>
<alto xmlns:xsi="http://www.w3.org/2001/XMLSchema-instance"
      xmlns="http://www.loc.gov/standards/alto/ns-v4#"
      xsi:schemaLocation="http://www.loc.gov/standards/alto/ns-v4# http://www.loc.gov/standards/alto/v4/alto-4-2.xsd">
  <Description>
    <MeasurementUnit>pixel</MeasurementUnit>
    <sourceImageInformation>
      <fileName>1770,_Saemmtliche_Poetische_Werke,_Trattner,_VD18_12002895_Seite_272_Bild_0001.jpg</fileName>
      <fileIdentifier>mets//export_doc3109_melissa_alto_202503291248.zip/1770,_Saemmtliche_Poetische_Werke,_Trattner,_VD18_12002895_Seite_272_Bild_0001.jpg</fileIdentifier>
    </sourceImageInformation>
  </Description>
  <Tags>
    <OtherTag ID="BT1" LABEL="Title" DESCRIPTION="block type Title"/><OtherTag ID="BT2" LABEL="Main" DESCRIPTION="block type Main"/><OtherTag ID="BT3" LABEL="Commentary" DESCRIPTION="block type Commentary"/><OtherTag ID="BT4" LABEL="Illustration" DESCRIPTION="block type Illustration"/><OtherTag ID="BT4244" LABEL="paragraph" DESCRIPTION="block type paragraph"/><OtherTag ID="BT4245" LABEL="footnote" DESCRIPTION="block type footnote"/><OtherTag ID="BT4246" LABEL="heading" DESCRIPTION="block type heading"/><OtherTag ID="BT4247" LABEL="l-column" DESCRIPTION="block type l-column"/><OtherTag ID="BT4248" LABEL="r-column" DESCRIPTION="block type r-column"/><OtherTag ID="BT4249" LABEL="marginalia" DESCRIPTION="block type marginalia"/><OtherTag ID="BT4250" LABEL="signature-mark" DESCRIPTION="block type signature-mark"/><OtherTag ID="BT4251" LABEL="catch-word" DESCRIPTION="block type catch-word"/><OtherTag ID="BT4252" LABEL="endnote" DESCRIPTION="block type endnote"/>
  </Tags>
  <Layout>
    <Page WIDTH="1061"
          HEIGHT="1742"
          PHYSICAL_IMG_NR="180"
          ID="eSc_dummypage_">
      <PrintSpace HPOS="0"
                  VPOS="0"
                  WIDTH="1061"
                  HEIGHT="1742">
        <TextBlock HPOS="320.0"
                   VPOS="188.0"
                   WIDTH="88.0"
                   HEIGHT="38.0"
                   ID="region_1737733133937_1006"
                   TAGREFS="BT4244">
          <Shape><Polygon POINTS="324 226 408 225 408 188 320 193"/></Shape>
        </TextBlock>
        <TextBlock HPOS="461.0"
                   VPOS="173.0"
                   WIDTH="445.0"
                   HEIGHT="61.0"
                   ID="region_1737733145266_1009"
                   TAGREFS="BT4244">
          <Shape><Polygon POINTS="461 181 906 173 904 220 680 233 462 234"/></Shape>
        </TextBlock>
        <TextBlock HPOS="316.0"
                   VPOS="255.0"
                   WIDTH="682.0"
                   HEIGHT="159.0"
                   ID="region_1737733162662_1012"
                   TAGREFS="BT4246">
          <Shape><Polygon POINTS="487 261 842 255 844 313 996 309 998 360 719 364 723 410 599 414 595 369 316 372 316 324 475 318"/></Shape>
        </TextBlock>
        <TextBlock HPOS="327.0"
                   VPOS="412.0"
                   WIDTH="51.0"
                   HEIGHT="72.0"
                   ID="region_1737733242273_1027"
                   TAGREFS="BT4244">
          <Shape><Polygon POINTS="350 484 363 484 370 478 370 463 361 444 378 445 374 412 327 413 330 471 335 483"/></Shape>
        </TextBlock>
        <TextBlock HPOS="320.0"
                   VPOS="430.0"
                   WIDTH="695.0"
                   HEIGHT="333.0"
                   ID="region_1737733277346_1030"
                   TAGREFS="BT4244">
          <Shape><Polygon POINTS="370 458 373 481 365 485 357 486 331 485 320 590 329 734 602 730 602 763 697 762 695 727 1015 723 1001 435 920 430 499 439 377 451"/></Shape>
        </TextBlock>
        <TextBlock HPOS="540.0"
                   VPOS="869.0"
                   WIDTH="257.0"
                   HEIGHT="109.0"
                   ID="region_1737733289036_1033"
                   TAGREFS="BT4246">
          <Shape><Polygon POINTS="541 869 797 870 796 926 762 931 768 975 579 978 580 937 540 925"/></Shape>
        </TextBlock>
        <TextBlock HPOS="330.0"
                   VPOS="970.0"
                   WIDTH="77.0"
                   HEIGHT="74.0"
                   ID="region_1737733307471_1036"
                   TAGREFS="BT4244">
          <Shape><Polygon POINTS="343 1034 354 1041 385 1044 396 1033 401 1014 397 994 407 979 397 970 333 979 330 1007"/></Shape>
        </TextBlock>
        <TextBlock HPOS="331.0"
                   VPOS="986.0"
                   WIDTH="638.0"
                   HEIGHT="353.0"
                   ID="region_1737733326619_1039"
                   TAGREFS="BT4244">
          <Shape><Polygon POINTS="399 1034 406 1005 964 986 965 1046 836 1060 969 1143 821 1186 897 1283 831 1332 331 1339 331 1048 347 1042 368 1049 391 1050"/></Shape>
        </TextBlock>
        <TextBlock HPOS="854.0"
                   VPOS="1354.0"
                   WIDTH="92.0"
                   HEIGHT="58.0"
                   ID="region_1737733356046_1050"
                   TAGREFS="BT4244">
          <Shape><Polygon POINTS="859 1354 946 1361 946 1412 854 1410"/></Shape>
        </TextBlock>
        <TextBlock HPOS="364.0"
                   VPOS="1449.0"
                   WIDTH="644.0"
                   HEIGHT="78.0"
                   ID="region_1737733365606_1053"
                   TAGREFS="BT4245">
          <Shape><Polygon POINTS="368 1449 1008 1449 1003 1490 477 1495 476 1527 390 1523 391 1484 364 1473"/></Shape>
        </TextBlock>
      </PrintSpace>
    </Page>
  </Layout>
</alto>
