<?xml version="1.0" encoding="UTF-8"?>
<alto xmlns:xsi="http://www.w3.org/2001/XMLSchema-instance"
      xmlns="http://www.loc.gov/standards/alto/ns-v4#"
      xsi:schemaLocation="http://www.loc.gov/standards/alto/ns-v4# http://www.loc.gov/standards/alto/v4/alto-4-2.xsd">
  <Description>
    <MeasurementUnit>pixel</MeasurementUnit>
    <sourceImageInformation>
      <fileName>1771,_Saemtliche_Poetische_Werke,_Bohn,_5._Aufl.,_Bd._2,_VD18_90396766_Seite_065_Bild_0001.jpg</fileName>
      <fileIdentifier>mets//export_doc3115_ronja_alto_202503291249.zip/1771,_Saemtliche_Poetische_Werke,_Bohn,_5._Aufl.,_Bd._2,_VD18_90396766_Seite_065_Bild_0001.jpg</fileIdentifier>
    </sourceImageInformation>
  </Description>
  <Tags>
    <OtherTag ID="BT1" LABEL="Title" DESCRIPTION="block type Title"/><OtherTag ID="BT2" LABEL="Main" DESCRIPTION="block type Main"/><OtherTag ID="BT3" LABEL="Commentary" DESCRIPTION="block type Commentary"/><OtherTag ID="BT4" LABEL="Illustration" DESCRIPTION="block type Illustration"/><OtherTag ID="BT4244" LABEL="paragraph" DESCRIPTION="block type paragraph"/><OtherTag ID="BT4245" LABEL="footnote" DESCRIPTION="block type footnote"/><OtherTag ID="BT4246" LABEL="heading" DESCRIPTION="block type heading"/><OtherTag ID="BT4247" LABEL="l-column" DESCRIPTION="block type l-column"/><OtherTag ID="BT4248" LABEL="r-column" DESCRIPTION="block type r-column"/><OtherTag ID="BT4249" LABEL="marginalia" DESCRIPTION="block type marginalia"/><OtherTag ID="BT4250" LABEL="signature-mark" DESCRIPTION="block type signature-mark"/><OtherTag ID="BT4251" LABEL="catch-word" DESCRIPTION="block type catch-word"/><OtherTag ID="BT4252" LABEL="endnote" DESCRIPTION="block type endnote"/>
  </Tags>
  <Layout>
    <Page WIDTH="1147"
          HEIGHT="2055"
          PHYSICAL_IMG_NR="43"
          ID="eSc_dummypage_">
      <PrintSpace HPOS="0"
                  VPOS="0"
                  WIDTH="1147"
                  HEIGHT="2055">
        <TextBlock HPOS="109.0"
                   VPOS="70.0"
                   WIDTH="82.0"
                   HEIGHT="71.0"
                   ID="region_1719481428106_6"
                   TAGREFS="BT4244">
          <Shape><Polygon POINTS="190 141 109 141 116 77 191 70"/></Shape>
        </TextBlock>
        <TextBlock HPOS="365.0"
                   VPOS="38.0"
                   WIDTH="517.0"
                   HEIGHT="96.0"
                   ID="region_1719481431323_9"
                   TAGREFS="BT4244">
          <Shape><Polygon POINTS="882 134 365 134 365 38 882 38"/></Shape>
        </TextBlock>
        <TextBlock HPOS="90.0"
                   VPOS="153.0"
                   WIDTH="875.0"
                   HEIGHT="358.0"
                   ID="region_1719481436419_12"
                   TAGREFS="BT4244">
          <Shape><Polygon POINTS="965 511 100 511 90 156 965 153"/></Shape>
        </TextBlock>
        <TextBlock HPOS="85.0"
                   VPOS="613.0"
                   WIDTH="1027.0"
                   HEIGHT="166.0"
                   ID="region_1719481442707_15"
                   TAGREFS="BT4246">
          <Shape><Polygon POINTS="1112 779 85 779 106 625 1112 613"/></Shape>
        </TextBlock>
        <TextBlock HPOS="119.0"
                   VPOS="794.0"
                   WIDTH="78.0"
                   HEIGHT="94.0"
                   ID="region_1719481446515_18"
                   TAGREFS="BT4244">
          <Shape><Polygon POINTS="197 888 119 888 119 794 197 794"/></Shape>
        </TextBlock>
        <TextBlock HPOS="111.0"
                   VPOS="790.0"
                   WIDTH="1003.0"
                   HEIGHT="625.0"
                   ID="region_1719481452811_21"
                   TAGREFS="BT4244">
          <Shape><Polygon POINTS="1113 1415 111 1414 118 954 117 896 199 889 197 795 1114 790"/></Shape>
        </TextBlock>
        <TextBlock HPOS="100.0"
                   VPOS="1449.0"
                   WIDTH="907.0"
                   HEIGHT="187.0"
                   ID="region_1719481459639_24"
                   TAGREFS="BT4244">
          <Shape><Polygon POINTS="960 1624 100 1636 101 1453 1007 1449"/></Shape>
        </TextBlock>
        <TextBlock HPOS="1016.0"
                   VPOS="1596.0"
                   WIDTH="87.0"
                   HEIGHT="84.0"
                   ID="region_1719481462167_27"
                   TAGREFS="BT4244">
          <Shape><Polygon POINTS="1103 1680 1016 1679 1016 1596 1103 1597"/></Shape>
        </TextBlock>
        <TextBlock HPOS="122.0"
                   VPOS="1731.0"
                   WIDTH="495.0"
                   HEIGHT="231.0"
                   ID="region_1719481483311_33"
                   TAGREFS="BT4247">
          <Shape><Polygon POINTS="615 1962 122 1951 122 1731 617 1731"/></Shape>
        </TextBlock>
        <TextBlock HPOS="628.0"
                   VPOS="1720.0"
                   WIDTH="480.0"
                   HEIGHT="241.0"
                   ID="region_1719481488171_36"
                   TAGREFS="BT4248">
          <Shape><Polygon POINTS="1108 1961 628 1957 628 1720 1108 1724"/></Shape>
        </TextBlock>
      </PrintSpace>
    </Page>
  </Layout>
</alto>
