<?xml version="1.0" encoding="UTF-8"?>
<alto xmlns:xsi="http://www.w3.org/2001/XMLSchema-instance"
      xmlns="http://www.loc.gov/standards/alto/ns-v4#"
      xsi:schemaLocation="http://www.loc.gov/standards/alto/ns-v4# http://www.loc.gov/standards/alto/v4/alto-4-2.xsd">
  <Description>
    <MeasurementUnit>pixel</MeasurementUnit>
    <sourceImageInformation>
      <fileName>1772f.,_Poetische_Werke,_Walthard,_Bd._1,_VD18_90660072_Seite_048_Bild_0001.jpg</fileName>
      <fileIdentifier>mets//export_doc3109_melissa_alto_202503291248.zip/1772f.,_Poetische_Werke,_Walthard,_Bd._1,_VD18_90660072_Seite_048_Bild_0001.jpg</fileIdentifier>
    </sourceImageInformation>
  </Description>
  <Tags>
    <OtherTag ID="BT1" LABEL="Title" DESCRIPTION="block type Title"/><OtherTag ID="BT2" LABEL="Main" DESCRIPTION="block type Main"/><OtherTag ID="BT3" LABEL="Commentary" DESCRIPTION="block type Commentary"/><OtherTag ID="BT4" LABEL="Illustration" DESCRIPTION="block type Illustration"/><OtherTag ID="BT4244" LABEL="paragraph" DESCRIPTION="block type paragraph"/><OtherTag ID="BT4245" LABEL="footnote" DESCRIPTION="block type footnote"/><OtherTag ID="BT4246" LABEL="heading" DESCRIPTION="block type heading"/><OtherTag ID="BT4247" LABEL="l-column" DESCRIPTION="block type l-column"/><OtherTag ID="BT4248" LABEL="r-column" DESCRIPTION="block type r-column"/><OtherTag ID="BT4249" LABEL="marginalia" DESCRIPTION="block type marginalia"/><OtherTag ID="BT4250" LABEL="signature-mark" DESCRIPTION="block type signature-mark"/><OtherTag ID="BT4251" LABEL="catch-word" DESCRIPTION="block type catch-word"/><OtherTag ID="BT4252" LABEL="endnote" DESCRIPTION="block type endnote"/>
  </Tags>
  <Layout>
    <Page WIDTH="800"
          HEIGHT="1447"
          PHYSICAL_IMG_NR="166"
          ID="eSc_dummypage_">
      <PrintSpace HPOS="0"
                  VPOS="0"
                  WIDTH="800"
                  HEIGHT="1447">
        <TextBlock HPOS="147.0"
                   VPOS="147.0"
                   WIDTH="54.0"
                   HEIGHT="35.0"
                   ID="region_1719319251980_1111"
                   TAGREFS="BT4244">
          <Shape><Polygon POINTS="155 149 201 147 201 182 147 182"/></Shape>
        </TextBlock>
        <TextBlock HPOS="311.0"
                   VPOS="135.0"
                   WIDTH="277.0"
                   HEIGHT="46.0"
                   ID="region_1719319257107_1114"
                   TAGREFS="BT4244">
          <Shape><Polygon POINTS="588 171 311 181 323 135 588 136"/></Shape>
        </TextBlock>
        <TextBlock HPOS="152.0"
                   VPOS="197.0"
                   WIDTH="602.0"
                   HEIGHT="273.0"
                   ID="region_1719319270759_1118"
                   TAGREFS="BT4244">
          <Shape><Polygon POINTS="152 199 754 197 754 470 160 468"/></Shape>
        </TextBlock>
        <TextBlock HPOS="147.0"
                   VPOS="506.0"
                   WIDTH="616.0"
                   HEIGHT="354.0"
                   ID="TextRegion_1720986586438_122"
                   TAGREFS="BT4244">
          <Shape><Polygon POINTS="147 515 754 506 763 815 634 815 634 858 634 860 168 857"/></Shape>
        </TextBlock>
        <TextBlock HPOS="643.0"
                   VPOS="824.0"
                   WIDTH="129.0"
                   HEIGHT="45.0"
                   ID="TextRegion_1720986586437_121"
                   TAGREFS="BT4244">
          <Shape><Polygon POINTS="643 824 772 824 763 855 643 869 643 867"/></Shape>
        </TextBlock>
        <TextBlock HPOS="250.0"
                   VPOS="901.0"
                   WIDTH="403.0"
                   HEIGHT="101.0"
                   ID="region_1719319288456_1124"
                   TAGREFS="BT4245">
          <Shape><Polygon POINTS="250 901 653 901 643 998 250 1002"/></Shape>
        </TextBlock>
        <TextBlock HPOS="244.0"
                   VPOS="1021.0"
                   WIDTH="399.0"
                   HEIGHT="107.0"
                   ID="TextRegion_1720986620506_131"
                   TAGREFS="BT4245">
          <Shape><Polygon POINTS="246 1021 623 1024 643 1092 611 1109 591 1127 244 1128"/></Shape>
        </TextBlock>
        <TextBlock HPOS="687.0"
                   VPOS="1134.0"
                   WIDTH="83.0"
                   HEIGHT="30.0"
                   ID="TextRegion_1720986620506_130"
                   TAGREFS="BT4244">
          <Shape><Polygon POINTS="696 1134 770 1135 770 1164 703 1164 687 1158"/></Shape>
        </TextBlock>
      </PrintSpace>
    </Page>
  </Layout>
</alto>
