<?xml version="1.0" encoding="UTF-8"?>
<alto xmlns:xsi="http://www.w3.org/2001/XMLSchema-instance"
      xmlns="http://www.loc.gov/standards/alto/ns-v4#"
      xsi:schemaLocation="http://www.loc.gov/standards/alto/ns-v4# http://www.loc.gov/standards/alto/v4/alto-4-2.xsd">
  <Description>
    <MeasurementUnit>pixel</MeasurementUnit>
    <sourceImageInformation>
      <fileName>1772f.,_Poetische_Werke,_Walthard,_Bd._1,_VD18_90660072_Seite_016_Bild_0001.jpg</fileName>
      <fileIdentifier>mets//export_doc3109_melissa_alto_202503291248.zip/1772f.,_Poetische_Werke,_Walthard,_Bd._1,_VD18_90660072_Seite_016_Bild_0001.jpg</fileIdentifier>
    </sourceImageInformation>
  </Description>
  <Tags>
    <OtherTag ID="BT1" LABEL="Title" DESCRIPTION="block type Title"/><OtherTag ID="BT2" LABEL="Main" DESCRIPTION="block type Main"/><OtherTag ID="BT3" LABEL="Commentary" DESCRIPTION="block type Commentary"/><OtherTag ID="BT4" LABEL="Illustration" DESCRIPTION="block type Illustration"/><OtherTag ID="BT4244" LABEL="paragraph" DESCRIPTION="block type paragraph"/><OtherTag ID="BT4245" LABEL="footnote" DESCRIPTION="block type footnote"/><OtherTag ID="BT4246" LABEL="heading" DESCRIPTION="block type heading"/><OtherTag ID="BT4247" LABEL="l-column" DESCRIPTION="block type l-column"/><OtherTag ID="BT4248" LABEL="r-column" DESCRIPTION="block type r-column"/><OtherTag ID="BT4249" LABEL="marginalia" DESCRIPTION="block type marginalia"/><OtherTag ID="BT4250" LABEL="signature-mark" DESCRIPTION="block type signature-mark"/><OtherTag ID="BT4251" LABEL="catch-word" DESCRIPTION="block type catch-word"/><OtherTag ID="BT4252" LABEL="endnote" DESCRIPTION="block type endnote"/>
  </Tags>
  <Layout>
    <Page WIDTH="800"
          HEIGHT="1447"
          PHYSICAL_IMG_NR="165"
          ID="eSc_dummypage_">
      <PrintSpace HPOS="0"
                  VPOS="0"
                  WIDTH="800"
                  HEIGHT="1447">
        <TextBlock HPOS="182.0"
                   VPOS="139.0"
                   WIDTH="28.0"
                   HEIGHT="29.0"
                   ID="region_1719318818471_1052"
                   TAGREFS="BT4244">
          <Shape><Polygon POINTS="182 139 210 139 208 167 182 168"/></Shape>
        </TextBlock>
        <TextBlock HPOS="395.0"
                   VPOS="130.0"
                   WIDTH="163.0"
                   HEIGHT="40.0"
                   ID="region_1719318822246_1055"
                   TAGREFS="BT4244">
          <Shape><Polygon POINTS="395 130 546 132 558 170 406 170"/></Shape>
        </TextBlock>
        <TextBlock HPOS="179.0"
                   VPOS="193.0"
                   WIDTH="604.0"
                   HEIGHT="177.0"
                   ID="region_1719318829256_1058"
                   TAGREFS="BT4244">
          <Shape><Polygon POINTS="179 193 779 193 783 357 179 370"/></Shape>
        </TextBlock>
        <TextBlock HPOS="180.0"
                   VPOS="396.0"
                   WIDTH="600.0"
                   HEIGHT="210.0"
                   ID="region_1719318836352_1061"
                   TAGREFS="BT4244">
          <Shape><Polygon POINTS="186 402 745 396 780 606 180 606"/></Shape>
        </TextBlock>
        <TextBlock HPOS="230.0"
                   VPOS="660.0"
                   WIDTH="427.0"
                   HEIGHT="45.0"
                   ID="region_1719318854406_1066"
                   TAGREFS="BT4244">
          <Shape><Polygon POINTS="233 660 657 660 657 705 230 701"/></Shape>
        </TextBlock>
        <TextBlock HPOS="605.0"
                   VPOS="1103.0"
                   WIDTH="163.0"
                   HEIGHT="51.0"
                   ID="region_1719318933651_1085"
                   TAGREFS="BT4244">
          <Shape><Polygon POINTS="605 1103 753 1103 768 1154 605 1154"/></Shape>
        </TextBlock>
      </PrintSpace>
    </Page>
  </Layout>
</alto>
