<?xml version="1.0" encoding="UTF-8"?>
<alto xmlns:xsi="http://www.w3.org/2001/XMLSchema-instance"
      xmlns="http://www.loc.gov/standards/alto/ns-v4#"
      xsi:schemaLocation="http://www.loc.gov/standards/alto/ns-v4# http://www.loc.gov/standards/alto/v4/alto-4-2.xsd">
  <Description>
    <MeasurementUnit>pixel</MeasurementUnit>
    <sourceImageInformation>
      <fileName>1772f.,_Poetische_Werke,_Walthard,_Bd._5,_VD18_90660129_Seite_052_Bild_0001.jpg</fileName>
      <fileIdentifier>mets//export_doc3109_melissa_alto_202503291248.zip/1772f.,_Poetische_Werke,_Walthard,_Bd._5,_VD18_90660129_Seite_052_Bild_0001.jpg</fileIdentifier>
    </sourceImageInformation>
  </Description>
  <Tags>
    <OtherTag ID="BT1" LABEL="Title" DESCRIPTION="block type Title"/><OtherTag ID="BT2" LABEL="Main" DESCRIPTION="block type Main"/><OtherTag ID="BT3" LABEL="Commentary" DESCRIPTION="block type Commentary"/><OtherTag ID="BT4" LABEL="Illustration" DESCRIPTION="block type Illustration"/><OtherTag ID="BT4244" LABEL="paragraph" DESCRIPTION="block type paragraph"/><OtherTag ID="BT4245" LABEL="footnote" DESCRIPTION="block type footnote"/><OtherTag ID="BT4246" LABEL="heading" DESCRIPTION="block type heading"/><OtherTag ID="BT4247" LABEL="l-column" DESCRIPTION="block type l-column"/><OtherTag ID="BT4248" LABEL="r-column" DESCRIPTION="block type r-column"/><OtherTag ID="BT4249" LABEL="marginalia" DESCRIPTION="block type marginalia"/><OtherTag ID="BT4250" LABEL="signature-mark" DESCRIPTION="block type signature-mark"/><OtherTag ID="BT4251" LABEL="catch-word" DESCRIPTION="block type catch-word"/><OtherTag ID="BT4252" LABEL="endnote" DESCRIPTION="block type endnote"/>
  </Tags>
  <Layout>
    <Page WIDTH="800"
          HEIGHT="1458"
          PHYSICAL_IMG_NR="174"
          ID="eSc_dummypage_">
      <PrintSpace HPOS="0"
                  VPOS="0"
                  WIDTH="800"
                  HEIGHT="1458">
        <TextBlock HPOS="184.0"
                   VPOS="179.0"
                   WIDTH="52.0"
                   HEIGHT="40.0"
                   ID="region_1740324159944_764"
                   TAGREFS="BT4244">
          <Shape><Polygon POINTS="190 179 236 182 231 219 184 215"/></Shape>
        </TextBlock>
        <TextBlock HPOS="272.0"
                   VPOS="167.0"
                   WIDTH="429.0"
                   HEIGHT="44.0"
                   ID="region_1740324164706_767"
                   TAGREFS="BT4244">
          <Shape><Polygon POINTS="287 168 701 167 690 209 272 211"/></Shape>
        </TextBlock>
        <TextBlock HPOS="313.0"
                   VPOS="233.0"
                   WIDTH="389.0"
                   HEIGHT="140.0"
                   ID="region_1740324182818_770"
                   TAGREFS="BT4244">
          <Shape><Polygon POINTS="313 233 702 236 699 273 532 285 544 332 664 340 661 369 313 373 321 298"/></Shape>
        </TextBlock>
        <TextBlock HPOS="165.0"
                   VPOS="381.0"
                   WIDTH="619.0"
                   HEIGHT="244.0"
                   ID="region_1740324197092_773"
                   TAGREFS="BT4244">
          <Shape><Polygon POINTS="244 382 784 381 776 592 303 590 291 619 165 625 178 415 219 417"/></Shape>
        </TextBlock>
        <TextBlock HPOS="168.0"
                   VPOS="632.0"
                   WIDTH="607.0"
                   HEIGHT="308.0"
                   ID="region_1740324220218_776"
                   TAGREFS="BT4244">
          <Shape><Polygon POINTS="243 634 775 632 764 926 477 931 444 940 168 938 169 670 240 672"/></Shape>
        </TextBlock>
        <TextBlock HPOS="679.0"
                   VPOS="932.0"
                   WIDTH="89.0"
                   HEIGHT="33.0"
                   ID="region_1740324227517_779"
                   TAGREFS="BT4244">
          <Shape><Polygon POINTS="692 932 768 934 764 965 679 964"/></Shape>
        </TextBlock>
        <TextBlock HPOS="204.0"
                   VPOS="986.0"
                   WIDTH="130.0"
                   HEIGHT="27.0"
                   ID="region_1740324287077_799"
                   TAGREFS="BT4247">
          <Shape><Polygon POINTS="204 986 334 986 334 1012 204 1013"/></Shape>
        </TextBlock>
        <TextBlock HPOS="208.0"
                   VPOS="1011.0"
                   WIDTH="255.0"
                   HEIGHT="32.0"
                   ID="region_1740324315767_802"
                   TAGREFS="BT4247">
          <Shape><Polygon POINTS="211 1014 318 1014 428 1011 463 1015 460 1035 439 1038 410 1039 404 1038 239 1037 223 1043 216 1039 208 1038"/></Shape>
        </TextBlock>
        <TextBlock HPOS="201.0"
                   VPOS="1039.0"
                   WIDTH="259.0"
                   HEIGHT="27.0"
                   ID="region_1740324335746_805"
                   TAGREFS="BT4247">
          <Shape><Polygon POINTS="208 1042 223 1047 241 1044 252 1039 403 1039 422 1041 460 1041 459 1064 444 1066 201 1065 202 1057"/></Shape>
        </TextBlock>
        <TextBlock HPOS="170.0"
                   VPOS="1070.0"
                   WIDTH="296.0"
                   HEIGHT="98.0"
                   ID="region_1740324257886_785"
                   TAGREFS="BT4247">
          <Shape><Polygon POINTS="191 1070 463 1070 466 1165 170 1168 172 1097 187 1093"/></Shape>
        </TextBlock>
        <TextBlock HPOS="472.0"
                   VPOS="980.0"
                   WIDTH="296.0"
                   HEIGHT="176.0"
                   ID="region_1740324359810_808"
                   TAGREFS="BT4248">
          <Shape><Polygon POINTS="475 1156 627 1152 712 1151 757 1151 768 980 472 982"/></Shape>
        </TextBlock>
        <TextBlock HPOS="689.0"
                   VPOS="1153.0"
                   WIDTH="70.0"
                   HEIGHT="28.0"
                   ID="region_1740324371879_811"
                   TAGREFS="BT4244">
          <Shape><Polygon POINTS="689 1159 709 1153 754 1156 759 1161 757 1178 689 1181 691 1167"/></Shape>
        </TextBlock>
      </PrintSpace>
    </Page>
  </Layout>
</alto>
