<?xml version="1.0" encoding="UTF-8"?>
<alto xmlns:xsi="http://www.w3.org/2001/XMLSchema-instance"
      xmlns="http://www.loc.gov/standards/alto/ns-v4#"
      xsi:schemaLocation="http://www.loc.gov/standards/alto/ns-v4# http://www.loc.gov/standards/alto/v4/alto-4-2.xsd">
  <Description>
    <MeasurementUnit>pixel</MeasurementUnit>
    <sourceImageInformation>
      <fileName>1772f.,_Poetische_Werke,_Walthard,_Bd._5,_VD18_90660129_Seite_044_Bild_0001.jpg</fileName>
      <fileIdentifier>mets//export_doc3109_melissa_alto_202503291248.zip/1772f.,_Poetische_Werke,_Walthard,_Bd._5,_VD18_90660129_Seite_044_Bild_0001.jpg</fileIdentifier>
    </sourceImageInformation>
  </Description>
  <Tags>
    <OtherTag ID="BT1" LABEL="Title" DESCRIPTION="block type Title"/><OtherTag ID="BT2" LABEL="Main" DESCRIPTION="block type Main"/><OtherTag ID="BT3" LABEL="Commentary" DESCRIPTION="block type Commentary"/><OtherTag ID="BT4" LABEL="Illustration" DESCRIPTION="block type Illustration"/><OtherTag ID="BT4244" LABEL="paragraph" DESCRIPTION="block type paragraph"/><OtherTag ID="BT4245" LABEL="footnote" DESCRIPTION="block type footnote"/><OtherTag ID="BT4246" LABEL="heading" DESCRIPTION="block type heading"/><OtherTag ID="BT4247" LABEL="l-column" DESCRIPTION="block type l-column"/><OtherTag ID="BT4248" LABEL="r-column" DESCRIPTION="block type r-column"/><OtherTag ID="BT4249" LABEL="marginalia" DESCRIPTION="block type marginalia"/><OtherTag ID="BT4250" LABEL="signature-mark" DESCRIPTION="block type signature-mark"/><OtherTag ID="BT4251" LABEL="catch-word" DESCRIPTION="block type catch-word"/><OtherTag ID="BT4252" LABEL="endnote" DESCRIPTION="block type endnote"/>
  </Tags>
  <Layout>
    <Page WIDTH="800"
          HEIGHT="1458"
          PHYSICAL_IMG_NR="173"
          ID="eSc_dummypage_">
      <PrintSpace HPOS="0"
                  VPOS="0"
                  WIDTH="800"
                  HEIGHT="1458">
        <TextBlock HPOS="170.0"
                   VPOS="154.0"
                   WIDTH="50.0"
                   HEIGHT="57.0"
                   ID="region_1740325241519_1179"
                   TAGREFS="BT4244">
          <Shape><Polygon POINTS="170 154 218 154 220 202 173 211"/></Shape>
        </TextBlock>
        <TextBlock HPOS="251.0"
                   VPOS="161.0"
                   WIDTH="430.0"
                   HEIGHT="39.0"
                   ID="region_1740325245158_1182"
                   TAGREFS="BT4244">
          <Shape><Polygon POINTS="273 162 681 161 675 199 251 200"/></Shape>
        </TextBlock>
        <TextBlock HPOS="176.0"
                   VPOS="224.0"
                   WIDTH="597.0"
                   HEIGHT="68.0"
                   ID="region_1740325250439_1185"
                   TAGREFS="BT4244">
          <Shape><Polygon POINTS="177 224 773 226 765 264 538 292 176 290"/></Shape>
        </TextBlock>
        <TextBlock HPOS="171.0"
                   VPOS="315.0"
                   WIDTH="602.0"
                   HEIGHT="99.0"
                   ID="region_1740325256815_1188"
                   TAGREFS="BT4244">
          <Shape><Polygon POINTS="259 315 773 316 767 386 518 395 502 414 171 414 173 346 236 346"/></Shape>
        </TextBlock>
        <TextBlock HPOS="252.0"
                   VPOS="431.0"
                   WIDTH="515.0"
                   HEIGHT="239.0"
                   ID="region_1740325268741_1191"
                   TAGREFS="BT4244">
          <Shape><Polygon POINTS="309 431 767 431 760 642 365 642 359 661 252 670 256 459 307 466"/></Shape>
        </TextBlock>
        <TextBlock HPOS="162.0"
                   VPOS="674.0"
                   WIDTH="598.0"
                   HEIGHT="409.0"
                   ID="region_1740325288727_1194"
                   TAGREFS="BT4244">
          <Shape><Polygon POINTS="254 674 760 680 753 1073 429 1080 162 1083 166 714 241 684"/></Shape>
        </TextBlock>
        <TextBlock HPOS="681.0"
                   VPOS="1080.0"
                   WIDTH="88.0"
                   HEIGHT="36.0"
                   ID="region_1740325294214_1197"
                   TAGREFS="BT4244">
          <Shape><Polygon POINTS="690 1080 769 1080 752 1116 681 1109"/></Shape>
        </TextBlock>
        <TextBlock HPOS="193.0"
                   VPOS="1124.0"
                   WIDTH="263.0"
                   HEIGHT="42.0"
                   ID="region_1740325299765_1200"
                   TAGREFS="BT4247">
          <Shape><Polygon POINTS="198 1129 456 1124 454 1166 193 1166"/></Shape>
        </TextBlock>
        <TextBlock HPOS="456.0"
                   VPOS="1115.0"
                   WIDTH="300.0"
                   HEIGHT="77.0"
                   ID="region_1740325306716_1203"
                   TAGREFS="BT4248">
          <Shape><Polygon POINTS="456 1186 466 1143 487 1145 499 1115 756 1127 750 1163 676 1166 675 1192"/></Shape>
        </TextBlock>
      </PrintSpace>
    </Page>
  </Layout>
</alto>
