<?xml version="1.0" encoding="UTF-8"?>
<alto xmlns:xsi="http://www.w3.org/2001/XMLSchema-instance"
      xmlns="http://www.loc.gov/standards/alto/ns-v4#"
      xsi:schemaLocation="http://www.loc.gov/standards/alto/ns-v4# http://www.loc.gov/standards/alto/v4/alto-4-2.xsd">
  <Description>
    <MeasurementUnit>pixel</MeasurementUnit>
    <sourceImageInformation>
      <fileName>1772f.,_Poetische_Werke,_Walthard,_Bd._4,_VD18_90660110_Seite_179_Bild_0001.jpg</fileName>
      <fileIdentifier>mets//export_doc3109_melissa_alto_202503291248.zip/1772f.,_Poetische_Werke,_Walthard,_Bd._4,_VD18_90660110_Seite_179_Bild_0001.jpg</fileIdentifier>
    </sourceImageInformation>
  </Description>
  <Tags>
    <OtherTag ID="BT1" LABEL="Title" DESCRIPTION="block type Title"/><OtherTag ID="BT2" LABEL="Main" DESCRIPTION="block type Main"/><OtherTag ID="BT3" LABEL="Commentary" DESCRIPTION="block type Commentary"/><OtherTag ID="BT4" LABEL="Illustration" DESCRIPTION="block type Illustration"/><OtherTag ID="BT4244" LABEL="paragraph" DESCRIPTION="block type paragraph"/><OtherTag ID="BT4245" LABEL="footnote" DESCRIPTION="block type footnote"/><OtherTag ID="BT4246" LABEL="heading" DESCRIPTION="block type heading"/><OtherTag ID="BT4247" LABEL="l-column" DESCRIPTION="block type l-column"/><OtherTag ID="BT4248" LABEL="r-column" DESCRIPTION="block type r-column"/><OtherTag ID="BT4249" LABEL="marginalia" DESCRIPTION="block type marginalia"/><OtherTag ID="BT4250" LABEL="signature-mark" DESCRIPTION="block type signature-mark"/><OtherTag ID="BT4251" LABEL="catch-word" DESCRIPTION="block type catch-word"/><OtherTag ID="BT4252" LABEL="endnote" DESCRIPTION="block type endnote"/>
  </Tags>
  <Layout>
    <Page WIDTH="800"
          HEIGHT="1420"
          PHYSICAL_IMG_NR="172"
          ID="eSc_dummypage_">
      <PrintSpace HPOS="0"
                  VPOS="0"
                  WIDTH="800"
                  HEIGHT="1420">
        <TextBlock HPOS="100.0"
                   VPOS="258.0"
                   WIDTH="455.0"
                   HEIGHT="48.0"
                   ID="region_1740323704809_668"
                   TAGREFS="BT4246">
          <Shape><Polygon POINTS="100 291 126 258 555 260 544 306 112 304"/></Shape>
        </TextBlock>
        <TextBlock HPOS="39.0"
                   VPOS="321.0"
                   WIDTH="79.0"
                   HEIGHT="65.0"
                   ID="region_1740323715925_671"
                   TAGREFS="BT4244">
          <Shape><Polygon POINTS="105 337 118 333 108 321 39 327 47 341 64 386 95 386"/></Shape>
        </TextBlock>
        <TextBlock HPOS="37.0"
                   VPOS="324.0"
                   WIDTH="539.0"
                   HEIGHT="140.0"
                   ID="region_1740323732827_674"
                   TAGREFS="BT4244">
          <Shape><Polygon POINTS="111 337 181 324 490 332 495 359 576 364 566 407 489 410 491 464 37 463 40 393 98 392"/></Shape>
        </TextBlock>
        <TextBlock HPOS="553.0"
                   VPOS="460.0"
                   WIDTH="55.0"
                   HEIGHT="36.0"
                   ID="region_1740323738557_677"
                   TAGREFS="BT4244">
          <Shape><Polygon POINTS="557 462 608 460 608 496 553 492"/></Shape>
        </TextBlock>
        <TextBlock HPOS="46.0"
                   VPOS="506.0"
                   WIDTH="286.0"
                   HEIGHT="583.0"
                   ID="region_1740323770339_680"
                   TAGREFS="BT4247">
          <Shape><Polygon POINTS="65 507 320 506 332 1089 51 1083 46 530 65 525"/></Shape>
        </TextBlock>
        <TextBlock HPOS="329.0"
                   VPOS="509.0"
                   WIDTH="298.0"
                   HEIGHT="583.0"
                   ID="region_1740323862114_692"
                   TAGREFS="BT4248">
          <Shape><Polygon POINTS="563 1092 627 1092 615 509 329 510 342 1089"/></Shape>
        </TextBlock>
        <TextBlock HPOS="553.0"
                   VPOS="1093.0"
                   WIDTH="70.0"
                   HEIGHT="22.0"
                   ID="region_1740323836755_686"
                   TAGREFS="BT4244">
          <Shape><Polygon POINTS="563 1093 623 1096 622 1115 553 1114 555 1096"/></Shape>
        </TextBlock>
        <TextBlock HPOS="73.0"
                   VPOS="1101.0"
                   WIDTH="403.0"
                   HEIGHT="51.0"
                   ID="region_1740323881935_701"
                   TAGREFS="BT4246">
          <Shape><Polygon POINTS="75 1101 476 1111 468 1152 73 1145"/></Shape>
        </TextBlock>
      </PrintSpace>
    </Page>
  </Layout>
</alto>
