<?xml version="1.0" encoding="UTF-8"?>
<alto xmlns:xsi="http://www.w3.org/2001/XMLSchema-instance"
      xmlns="http://www.loc.gov/standards/alto/ns-v4#"
      xsi:schemaLocation="http://www.loc.gov/standards/alto/ns-v4# http://www.loc.gov/standards/alto/v4/alto-4-2.xsd">
  <Description>
    <MeasurementUnit>pixel</MeasurementUnit>
    <sourceImageInformation>
      <fileName>1772f.,_Poetische_Werke,_Walthard,_Bd._5,_VD18_90660129_Seite_107_Bild_0001.jpg</fileName>
      <fileIdentifier>mets//export_doc3109_melissa_alto_202503291248.zip/1772f.,_Poetische_Werke,_Walthard,_Bd._5,_VD18_90660129_Seite_107_Bild_0001.jpg</fileIdentifier>
    </sourceImageInformation>
  </Description>
  <Tags>
    <OtherTag ID="BT1" LABEL="Title" DESCRIPTION="block type Title"/><OtherTag ID="BT2" LABEL="Main" DESCRIPTION="block type Main"/><OtherTag ID="BT3" LABEL="Commentary" DESCRIPTION="block type Commentary"/><OtherTag ID="BT4" LABEL="Illustration" DESCRIPTION="block type Illustration"/><OtherTag ID="BT4244" LABEL="paragraph" DESCRIPTION="block type paragraph"/><OtherTag ID="BT4245" LABEL="footnote" DESCRIPTION="block type footnote"/><OtherTag ID="BT4246" LABEL="heading" DESCRIPTION="block type heading"/><OtherTag ID="BT4247" LABEL="l-column" DESCRIPTION="block type l-column"/><OtherTag ID="BT4248" LABEL="r-column" DESCRIPTION="block type r-column"/><OtherTag ID="BT4249" LABEL="marginalia" DESCRIPTION="block type marginalia"/><OtherTag ID="BT4250" LABEL="signature-mark" DESCRIPTION="block type signature-mark"/><OtherTag ID="BT4251" LABEL="catch-word" DESCRIPTION="block type catch-word"/><OtherTag ID="BT4252" LABEL="endnote" DESCRIPTION="block type endnote"/>
  </Tags>
  <Layout>
    <Page WIDTH="800"
          HEIGHT="1458"
          PHYSICAL_IMG_NR="175"
          ID="eSc_dummypage_">
      <PrintSpace HPOS="0"
                  VPOS="0"
                  WIDTH="800"
                  HEIGHT="1458">
        <TextBlock HPOS="147.0"
                   VPOS="170.0"
                   WIDTH="358.0"
                   HEIGHT="43.0"
                   ID="region_1740324628792_976"
                   TAGREFS="BT4244">
          <Shape><Polygon POINTS="161 170 505 172 494 213 147 208"/></Shape>
        </TextBlock>
        <TextBlock HPOS="578.0"
                   VPOS="179.0"
                   WIDTH="50.0"
                   HEIGHT="43.0"
                   ID="region_1740324639046_982"
                   TAGREFS="BT4244">
          <Shape><Polygon POINTS="585 179 628 182 617 222 578 218"/></Shape>
        </TextBlock>
        <TextBlock HPOS="268.0"
                   VPOS="282.0"
                   WIDTH="142.0"
                   HEIGHT="43.0"
                   ID="region_1740324655371_988"
                   TAGREFS="BT4246">
          <Shape><Polygon POINTS="273 282 410 282 408 323 268 325"/></Shape>
        </TextBlock>
        <TextBlock HPOS="51.0"
                   VPOS="340.0"
                   WIDTH="71.0"
                   HEIGHT="59.0"
                   ID="region_1740324666533_991"
                   TAGREFS="BT4244">
          <Shape><Polygon POINTS="53 340 122 341 121 348 116 352 106 399 66 396 51 347"/></Shape>
        </TextBlock>
        <TextBlock HPOS="50.0"
                   VPOS="342.0"
                   WIDTH="584.0"
                   HEIGHT="373.0"
                   ID="region_1740324698318_994"
                   TAGREFS="BT4244">
          <Shape><Polygon POINTS="122 349 135 342 634 346 630 676 492 676 491 715 396 709 399 674 54 672 50 409 109 409"/></Shape>
        </TextBlock>
        <TextBlock HPOS="560.0"
                   VPOS="703.0"
                   WIDTH="74.0"
                   HEIGHT="38.0"
                   ID="region_1740324744929_1012"
                   TAGREFS="BT4244">
          <Shape><Polygon POINTS="577 703 634 711 632 741 560 739 563 709"/></Shape>
        </TextBlock>
        <TextBlock HPOS="53.0"
                   VPOS="748.0"
                   WIDTH="287.0"
                   HEIGHT="376.0"
                   ID="region_1740324737008_1009"
                   TAGREFS="BT4247">
          <Shape><Polygon POINTS="53 748 337 754 340 1124 58 1120"/></Shape>
        </TextBlock>
        <TextBlock HPOS="345.0"
                   VPOS="752.0"
                   WIDTH="288.0"
                   HEIGHT="359.0"
                   ID="region_1740324766336_1015"
                   TAGREFS="BT4248">
          <Shape><Polygon POINTS="345 752 627 758 633 1106 616 1104 599 1102 564 1101 541 1102 462 1108 409 1111 348 1107"/></Shape>
        </TextBlock>
        <TextBlock HPOS="545.0"
                   VPOS="1104.0"
                   WIDTH="90.0"
                   HEIGHT="22.0"
                   ID="region_1740324785550_1021"
                   TAGREFS="BT4244">
          <Shape><Polygon POINTS="550 1104 599 1104 635 1110 632 1126 545 1124"/></Shape>
        </TextBlock>
        <TextBlock HPOS="86.0"
                   VPOS="1126.0"
                   WIDTH="385.0"
                   HEIGHT="38.0"
                   ID="region_1740324776719_1018"
                   TAGREFS="BT4244">
          <Shape><Polygon POINTS="93 1126 469 1127 471 1164 86 1160"/></Shape>
        </TextBlock>
      </PrintSpace>
    </Page>
  </Layout>
</alto>
