<?xml version="1.0" encoding="UTF-8"?>
<alto xmlns:xsi="http://www.w3.org/2001/XMLSchema-instance"
      xmlns="http://www.loc.gov/standards/alto/ns-v4#"
      xsi:schemaLocation="http://www.loc.gov/standards/alto/ns-v4# http://www.loc.gov/standards/alto/v4/alto-4-2.xsd">
  <Description>
    <MeasurementUnit>pixel</MeasurementUnit>
    <sourceImageInformation>
      <fileName>1775-Saemmtliche_Poetische_Werke_Schmieder_Bd_1_VD18_90914260_NEU-170.png</fileName>
      <fileIdentifier>mets//export_doc3108_lena_alto_202503291248.zip/1775-Saemmtliche_Poetische_Werke_Schmieder_Bd_1_VD18_90914260_NEU-170.png</fileIdentifier>
    </sourceImageInformation>
  </Description>
  <Tags>
    <OtherTag ID="BT1" LABEL="Title" DESCRIPTION="block type Title"/><OtherTag ID="BT2" LABEL="Main" DESCRIPTION="block type Main"/><OtherTag ID="BT3" LABEL="Commentary" DESCRIPTION="block type Commentary"/><OtherTag ID="BT4" LABEL="Illustration" DESCRIPTION="block type Illustration"/><OtherTag ID="BT4244" LABEL="paragraph" DESCRIPTION="block type paragraph"/><OtherTag ID="BT4245" LABEL="footnote" DESCRIPTION="block type footnote"/><OtherTag ID="BT4246" LABEL="heading" DESCRIPTION="block type heading"/><OtherTag ID="BT4247" LABEL="l-column" DESCRIPTION="block type l-column"/><OtherTag ID="BT4248" LABEL="r-column" DESCRIPTION="block type r-column"/><OtherTag ID="BT4249" LABEL="marginalia" DESCRIPTION="block type marginalia"/><OtherTag ID="BT4250" LABEL="signature-mark" DESCRIPTION="block type signature-mark"/><OtherTag ID="BT4251" LABEL="catch-word" DESCRIPTION="block type catch-word"/><OtherTag ID="BT4252" LABEL="endnote" DESCRIPTION="block type endnote"/>
  </Tags>
  <Layout>
    <Page WIDTH="658"
          HEIGHT="1096"
          PHYSICAL_IMG_NR="83"
          ID="eSc_dummypage_">
      <PrintSpace HPOS="0"
                  VPOS="0"
                  WIDTH="658"
                  HEIGHT="1096">
        <TextBlock HPOS="136.0"
                   VPOS="102.0"
                   WIDTH="50.0"
                   HEIGHT="28.0"
                   ID="region_1719336961453_1025"
                   TAGREFS="BT4244">
          <Shape><Polygon POINTS="136 126 137 102 186 102 184 130"/></Shape>
        </TextBlock>
        <TextBlock HPOS="264.0"
                   VPOS="96.0"
                   WIDTH="231.0"
                   HEIGHT="31.0"
                   ID="region_1719336973818_1028"
                   TAGREFS="BT4244">
          <Shape><Polygon POINTS="264 123 266 96 495 98 494 127"/></Shape>
        </TextBlock>
        <TextBlock HPOS="138.0"
                   VPOS="137.0"
                   WIDTH="470.0"
                   HEIGHT="112.0"
                   ID="region_1719336983548_1031"
                   TAGREFS="BT4244">
          <Shape><Polygon POINTS="138 249 138 143 190 137 608 137 600 247"/></Shape>
        </TextBlock>
        <TextBlock HPOS="556.0"
                   VPOS="254.0"
                   WIDTH="47.0"
                   HEIGHT="25.0"
                   ID="region_1719336989169_1034"
                   TAGREFS="BT4244">
          <Shape><Polygon POINTS="556 279 556 254 603 255 601 279"/></Shape>
        </TextBlock>
        <TextBlock HPOS="147.0"
                   VPOS="294.0"
                   WIDTH="456.0"
                   HEIGHT="442.0"
                   ID="region_1719337114343_1046"
                   TAGREFS="BT4245">
          <Shape><Polygon POINTS="147 736 150 300 603 294 600 733"/></Shape>
        </TextBlock>
        <TextBlock HPOS="210.0"
                   VPOS="741.0"
                   WIDTH="183.0"
                   HEIGHT="30.0"
                   ID="region_1719337070457_1043"
                   TAGREFS="BT4245">
          <Shape><Polygon POINTS="213 769 210 741 388 745 393 771"/></Shape>
        </TextBlock>
        <TextBlock HPOS="153.0"
                   VPOS="777.0"
                   WIDTH="438.0"
                   HEIGHT="203.0"
                   ID="region_1719337061014_1040"
                   TAGREFS="BT4245">
          <Shape><Polygon POINTS="153 785 155 972 587 980 591 777"/></Shape>
        </TextBlock>
      </PrintSpace>
    </Page>
  </Layout>
</alto>
