<?xml version="1.0" encoding="UTF-8"?>
<alto xmlns:xsi="http://www.w3.org/2001/XMLSchema-instance"
      xmlns="http://www.loc.gov/standards/alto/ns-v4#"
      xsi:schemaLocation="http://www.loc.gov/standards/alto/ns-v4# http://www.loc.gov/standards/alto/v4/alto-4-2.xsd">
  <Description>
    <MeasurementUnit>pixel</MeasurementUnit>
    <sourceImageInformation>
      <fileName>1775-Saemmtliche_Poetische_Werke_Schmieder_Bd_1_VD18_90914260_NEU-045.png</fileName>
      <fileIdentifier>mets//export_doc3108_lena_alto_202503291248.zip/1775-Saemmtliche_Poetische_Werke_Schmieder_Bd_1_VD18_90914260_NEU-045.png</fileIdentifier>
    </sourceImageInformation>
  </Description>
  <Tags>
    <OtherTag ID="BT1" LABEL="Title" DESCRIPTION="block type Title"/><OtherTag ID="BT2" LABEL="Main" DESCRIPTION="block type Main"/><OtherTag ID="BT3" LABEL="Commentary" DESCRIPTION="block type Commentary"/><OtherTag ID="BT4" LABEL="Illustration" DESCRIPTION="block type Illustration"/><OtherTag ID="BT4244" LABEL="paragraph" DESCRIPTION="block type paragraph"/><OtherTag ID="BT4245" LABEL="footnote" DESCRIPTION="block type footnote"/><OtherTag ID="BT4246" LABEL="heading" DESCRIPTION="block type heading"/><OtherTag ID="BT4247" LABEL="l-column" DESCRIPTION="block type l-column"/><OtherTag ID="BT4248" LABEL="r-column" DESCRIPTION="block type r-column"/><OtherTag ID="BT4249" LABEL="marginalia" DESCRIPTION="block type marginalia"/><OtherTag ID="BT4250" LABEL="signature-mark" DESCRIPTION="block type signature-mark"/><OtherTag ID="BT4251" LABEL="catch-word" DESCRIPTION="block type catch-word"/><OtherTag ID="BT4252" LABEL="endnote" DESCRIPTION="block type endnote"/>
  </Tags>
  <Layout>
    <Page WIDTH="658"
          HEIGHT="1096"
          PHYSICAL_IMG_NR="77"
          ID="eSc_dummypage_">
      <PrintSpace HPOS="0"
                  VPOS="0"
                  WIDTH="658"
                  HEIGHT="1096">
        <TextBlock HPOS="200.0"
                   VPOS="70.0"
                   WIDTH="229.0"
                   HEIGHT="41.0"
                   ID="region_1718646016478_16"
                   TAGREFS="BT4244">
          <Shape><Polygon POINTS="429 111 200 111 200 70 429 70"/></Shape>
        </TextBlock>
        <TextBlock HPOS="522.0"
                   VPOS="70.0"
                   WIDTH="33.0"
                   HEIGHT="31.0"
                   ID="region_1718646020339_19"
                   TAGREFS="BT4244">
          <Shape><Polygon POINTS="555 101 522 101 522 70 555 70"/></Shape>
        </TextBlock>
        <TextBlock HPOS="133.0"
                   VPOS="122.0"
                   WIDTH="31.0"
                   HEIGHT="35.0"
                   ID="region_1718646703247_54"
                   TAGREFS="BT4244">
          <Shape><Polygon POINTS="133 157 163 154 164 122 133 122"/></Shape>
        </TextBlock>
        <TextBlock HPOS="76.0"
                   VPOS="116.0"
                   WIDTH="505.0"
                   HEIGHT="228.0"
                   ID="region_1718646027149_22"
                   TAGREFS="BT4244">
          <Shape><Polygon POINTS="581 344 76 344 81 176 164 170 165 127 581 116"/></Shape>
        </TextBlock>
        <TextBlock HPOS="140.0"
                   VPOS="376.0"
                   WIDTH="32.0"
                   HEIGHT="33.0"
                   ID="region_1718646776240_72"
                   TAGREFS="BT4244">
          <Shape><Polygon POINTS="168 409 144 406 140 376 172 377"/></Shape>
        </TextBlock>
        <TextBlock HPOS="95.0"
                   VPOS="364.0"
                   WIDTH="496.0"
                   HEIGHT="232.0"
                   ID="region_1718646033726_25"
                   TAGREFS="BT4244">
          <Shape><Polygon POINTS="580 589 98 596 95 435 169 422 174 370 591 364"/></Shape>
        </TextBlock>
        <TextBlock HPOS="509.0"
                   VPOS="594.0"
                   WIDTH="65.0"
                   HEIGHT="26.0"
                   ID="region_1718646056317_28"
                   TAGREFS="BT4244">
          <Shape><Polygon POINTS="574 620 509 620 510 594 572 599"/></Shape>
        </TextBlock>
        <TextBlock HPOS="119.0"
                   VPOS="651.0"
                   WIDTH="367.0"
                   HEIGHT="129.0"
                   ID="region_1718646068628_34"
                   TAGREFS="BT4245">
          <Shape><Polygon POINTS="486 780 119 780 119 651 486 651"/></Shape>
        </TextBlock>
        <TextBlock HPOS="118.0"
                   VPOS="798.0"
                   WIDTH="397.0"
                   HEIGHT="122.0"
                   ID="region_1718646072181_37"
                   TAGREFS="BT4245">
          <Shape><Polygon POINTS="515 909 128 920 118 807 510 798"/></Shape>
        </TextBlock>
        <TextBlock HPOS="313.0"
                   VPOS="928.0"
                   WIDTH="67.0"
                   HEIGHT="35.0"
                   ID="region_1718646074893_40"
                   TAGREFS="BT4244">
          <Shape><Polygon POINTS="380 963 313 963 313 928 380 928"/></Shape>
        </TextBlock>
        <TextBlock HPOS="512.0"
                   VPOS="926.0"
                   WIDTH="71.0"
                   HEIGHT="30.0"
                   ID="region_1718646077870_43"
                   TAGREFS="BT4244">
          <Shape><Polygon POINTS="582 953 515 956 512 926 583 926"/></Shape>
        </TextBlock>
      </PrintSpace>
    </Page>
  </Layout>
</alto>
