<?xml version="1.0" encoding="UTF-8"?>
<alto xmlns:xsi="http://www.w3.org/2001/XMLSchema-instance"
      xmlns="http://www.loc.gov/standards/alto/ns-v4#"
      xsi:schemaLocation="http://www.loc.gov/standards/alto/ns-v4# http://www.loc.gov/standards/alto/v4/alto-4-2.xsd">
  <Description>
    <MeasurementUnit>pixel</MeasurementUnit>
    <sourceImageInformation>
      <fileName>1775-Saemmtliche_Poetische_Werke_Schmieder_Bd_1_VD18_90914260_NEU-160.png</fileName>
      <fileIdentifier>mets//export_doc3108_lena_alto_202503291248.zip/1775-Saemmtliche_Poetische_Werke_Schmieder_Bd_1_VD18_90914260_NEU-160.png</fileIdentifier>
    </sourceImageInformation>
  </Description>
  <Tags>
    <OtherTag ID="BT1" LABEL="Title" DESCRIPTION="block type Title"/><OtherTag ID="BT2" LABEL="Main" DESCRIPTION="block type Main"/><OtherTag ID="BT3" LABEL="Commentary" DESCRIPTION="block type Commentary"/><OtherTag ID="BT4" LABEL="Illustration" DESCRIPTION="block type Illustration"/><OtherTag ID="BT4244" LABEL="paragraph" DESCRIPTION="block type paragraph"/><OtherTag ID="BT4245" LABEL="footnote" DESCRIPTION="block type footnote"/><OtherTag ID="BT4246" LABEL="heading" DESCRIPTION="block type heading"/><OtherTag ID="BT4247" LABEL="l-column" DESCRIPTION="block type l-column"/><OtherTag ID="BT4248" LABEL="r-column" DESCRIPTION="block type r-column"/><OtherTag ID="BT4249" LABEL="marginalia" DESCRIPTION="block type marginalia"/><OtherTag ID="BT4250" LABEL="signature-mark" DESCRIPTION="block type signature-mark"/><OtherTag ID="BT4251" LABEL="catch-word" DESCRIPTION="block type catch-word"/><OtherTag ID="BT4252" LABEL="endnote" DESCRIPTION="block type endnote"/>
  </Tags>
  <Layout>
    <Page WIDTH="658"
          HEIGHT="1096"
          PHYSICAL_IMG_NR="81"
          ID="eSc_dummypage_">
      <PrintSpace HPOS="0"
                  VPOS="0"
                  WIDTH="658"
                  HEIGHT="1096">
        <TextBlock HPOS="125.0"
                   VPOS="71.0"
                   WIDTH="57.0"
                   HEIGHT="28.0"
                   ID="region_1718626919115_657"
                   TAGREFS="BT4244">
          <Shape><Polygon POINTS="125 99 182 99 182 71 125 71"/></Shape>
        </TextBlock>
        <TextBlock HPOS="248.0"
                   VPOS="71.0"
                   WIDTH="242.0"
                   HEIGHT="36.0"
                   ID="region_1718626930354_660"
                   TAGREFS="BT4244">
          <Shape><Polygon POINTS="248 107 490 107 490 71 248 71"/></Shape>
        </TextBlock>
        <TextBlock HPOS="113.0"
                   VPOS="113.0"
                   WIDTH="489.0"
                   HEIGHT="331.0"
                   ID="region_1718626937563_663"
                   TAGREFS="BT4244">
          <Shape><Polygon POINTS="113 444 602 444 602 113 113 113"/></Shape>
        </TextBlock>
        <TextBlock HPOS="118.0"
                   VPOS="449.0"
                   WIDTH="476.0"
                   HEIGHT="119.0"
                   ID="region_1718626942555_666"
                   TAGREFS="BT4244">
          <Shape><Polygon POINTS="118 568 594 560 577 457 123 449"/></Shape>
        </TextBlock>
        <TextBlock HPOS="532.0"
                   VPOS="567.0"
                   WIDTH="53.0"
                   HEIGHT="24.0"
                   ID="region_1718626944633_669"
                   TAGREFS="BT4244">
          <Shape><Polygon POINTS="532 591 585 591 581 567 533 567"/></Shape>
        </TextBlock>
        <TextBlock HPOS="134.0"
                   VPOS="608.0"
                   WIDTH="447.0"
                   HEIGHT="88.0"
                   ID="region_1718626965777_684"
                   TAGREFS="BT4245">
          <Shape><Polygon POINTS="134 687 239 688 243 693 251 692 256 689 294 690 298 694 337 694 365 689 579 696 581 614 142 608"/></Shape>
        </TextBlock>
        <TextBlock HPOS="134.0"
                   VPOS="690.0"
                   WIDTH="447.0"
                   HEIGHT="169.0"
                   ID="region_1718626962664_681"
                   TAGREFS="BT4245">
          <Shape><Polygon POINTS="149 842 250 834 265 852 553 859 581 837 572 706 489 699 443 697 357 695 351 699 134 690"/></Shape>
        </TextBlock>
        <TextBlock HPOS="120.0"
                   VPOS="846.0"
                   WIDTH="454.0"
                   HEIGHT="112.0"
                   ID="region_1718626959449_678"
                   TAGREFS="BT4245">
          <Shape><Polygon POINTS="120 950 274 958 291 938 574 940 574 862 249 856 239 847 121 846"/></Shape>
        </TextBlock>
        <TextBlock HPOS="507.0"
                   VPOS="944.0"
                   WIDTH="66.0"
                   HEIGHT="25.0"
                   ID="region_1718626955130_675"
                   TAGREFS="BT4244">
          <Shape><Polygon POINTS="515 969 573 966 566 944 507 944"/></Shape>
        </TextBlock>
      </PrintSpace>
    </Page>
  </Layout>
</alto>
