<?xml version="1.0" encoding="UTF-8"?>
<alto xmlns:xsi="http://www.w3.org/2001/XMLSchema-instance"
      xmlns="http://www.loc.gov/standards/alto/ns-v4#"
      xsi:schemaLocation="http://www.loc.gov/standards/alto/ns-v4# http://www.loc.gov/standards/alto/v4/alto-4-2.xsd">
  <Description>
    <MeasurementUnit>pixel</MeasurementUnit>
    <sourceImageInformation>
      <fileName>1775-Saemmtliche_Poetische_Werke_Schmieder_Bd_1_VD18_90914260_NEU-144.png</fileName>
      <fileIdentifier>mets//export_doc3108_lena_alto_202503291248.zip/1775-Saemmtliche_Poetische_Werke_Schmieder_Bd_1_VD18_90914260_NEU-144.png</fileIdentifier>
    </sourceImageInformation>
  </Description>
  <Tags>
    <OtherTag ID="BT1" LABEL="Title" DESCRIPTION="block type Title"/><OtherTag ID="BT2" LABEL="Main" DESCRIPTION="block type Main"/><OtherTag ID="BT3" LABEL="Commentary" DESCRIPTION="block type Commentary"/><OtherTag ID="BT4" LABEL="Illustration" DESCRIPTION="block type Illustration"/><OtherTag ID="BT4244" LABEL="paragraph" DESCRIPTION="block type paragraph"/><OtherTag ID="BT4245" LABEL="footnote" DESCRIPTION="block type footnote"/><OtherTag ID="BT4246" LABEL="heading" DESCRIPTION="block type heading"/><OtherTag ID="BT4247" LABEL="l-column" DESCRIPTION="block type l-column"/><OtherTag ID="BT4248" LABEL="r-column" DESCRIPTION="block type r-column"/><OtherTag ID="BT4249" LABEL="marginalia" DESCRIPTION="block type marginalia"/><OtherTag ID="BT4250" LABEL="signature-mark" DESCRIPTION="block type signature-mark"/><OtherTag ID="BT4251" LABEL="catch-word" DESCRIPTION="block type catch-word"/><OtherTag ID="BT4252" LABEL="endnote" DESCRIPTION="block type endnote"/>
  </Tags>
  <Layout>
    <Page WIDTH="658"
          HEIGHT="1096"
          PHYSICAL_IMG_NR="80"
          ID="eSc_dummypage_">
      <PrintSpace HPOS="0"
                  VPOS="0"
                  WIDTH="658"
                  HEIGHT="1096">
        <TextBlock HPOS="121.0"
                   VPOS="86.0"
                   WIDTH="54.0"
                   HEIGHT="28.0"
                   ID="region_1718621452805_227"
                   TAGREFS="BT4244">
          <Shape><Polygon POINTS="121 114 175 114 175 86 121 86"/></Shape>
        </TextBlock>
        <TextBlock HPOS="247.0"
                   VPOS="79.0"
                   WIDTH="231.0"
                   HEIGHT="37.0"
                   ID="region_1718621457853_230"
                   TAGREFS="BT4244">
          <Shape><Polygon POINTS="247 116 478 116 478 79 247 79"/></Shape>
        </TextBlock>
        <TextBlock HPOS="144.0"
                   VPOS="125.0"
                   WIDTH="446.0"
                   HEIGHT="65.0"
                   ID="region_1718621463573_233"
                   TAGREFS="BT4244">
          <Shape><Polygon POINTS="144 190 590 190 590 125 144 125"/></Shape>
        </TextBlock>
        <TextBlock HPOS="176.0"
                   VPOS="219.0"
                   WIDTH="30.0"
                   HEIGHT="28.0"
                   ID="region_1718621473685_239"
                   TAGREFS="BT4244">
          <Shape><Polygon POINTS="203 247 176 247 179 219 206 219"/></Shape>
        </TextBlock>
        <TextBlock HPOS="134.0"
                   VPOS="213.0"
                   WIDTH="468.0"
                   HEIGHT="213.0"
                   ID="region_1718621469877_236"
                   TAGREFS="BT4244">
          <Shape><Polygon POINTS="207 221 204 262 150 271 134 426 602 426 602 213"/></Shape>
        </TextBlock>
        <TextBlock HPOS="543.0"
                   VPOS="444.0"
                   WIDTH="52.0"
                   HEIGHT="32.0"
                   ID="region_1718621740309_266"
                   TAGREFS="BT4244">
          <Shape><Polygon POINTS="543 476 595 476 595 444 543 444"/></Shape>
        </TextBlock>
        <TextBlock HPOS="145.0"
                   VPOS="500.0"
                   WIDTH="450.0"
                   HEIGHT="169.0"
                   ID="region_1718621759544_272"
                   TAGREFS="BT4245">
          <Shape><Polygon POINTS="145 669 595 669 595 500 145 500"/></Shape>
        </TextBlock>
        <TextBlock HPOS="149.0"
                   VPOS="684.0"
                   WIDTH="447.0"
                   HEIGHT="164.0"
                   ID="region_1718621765087_275"
                   TAGREFS="BT4245">
          <Shape><Polygon POINTS="149 848 596 848 596 684 150 684"/></Shape>
        </TextBlock>
        <TextBlock HPOS="148.0"
                   VPOS="863.0"
                   WIDTH="447.0"
                   HEIGHT="90.0"
                   ID="region_1718621770447_278"
                   TAGREFS="BT4245">
          <Shape><Polygon POINTS="148 943 595 953 595 863 148 863"/></Shape>
        </TextBlock>
      </PrintSpace>
    </Page>
  </Layout>
</alto>
