<?xml version="1.0" encoding="UTF-8"?>
<alto xmlns:xsi="http://www.w3.org/2001/XMLSchema-instance"
      xmlns="http://www.loc.gov/standards/alto/ns-v4#"
      xsi:schemaLocation="http://www.loc.gov/standards/alto/ns-v4# http://www.loc.gov/standards/alto/v4/alto-4-2.xsd">
  <Description>
    <MeasurementUnit>pixel</MeasurementUnit>
    <sourceImageInformation>
      <fileName>1775-Saemmtliche_Poetische_Werke_Schmieder_Bd_3_VD18_90914295_NEU-173.png</fileName>
      <fileIdentifier>mets//export_doc3108_lena_alto_202503291248.zip/1775-Saemmtliche_Poetische_Werke_Schmieder_Bd_3_VD18_90914295_NEU-173.png</fileIdentifier>
    </sourceImageInformation>
  </Description>
  <Tags>
    <OtherTag ID="BT1" LABEL="Title" DESCRIPTION="block type Title"/><OtherTag ID="BT2" LABEL="Main" DESCRIPTION="block type Main"/><OtherTag ID="BT3" LABEL="Commentary" DESCRIPTION="block type Commentary"/><OtherTag ID="BT4" LABEL="Illustration" DESCRIPTION="block type Illustration"/><OtherTag ID="BT4244" LABEL="paragraph" DESCRIPTION="block type paragraph"/><OtherTag ID="BT4245" LABEL="footnote" DESCRIPTION="block type footnote"/><OtherTag ID="BT4246" LABEL="heading" DESCRIPTION="block type heading"/><OtherTag ID="BT4247" LABEL="l-column" DESCRIPTION="block type l-column"/><OtherTag ID="BT4248" LABEL="r-column" DESCRIPTION="block type r-column"/><OtherTag ID="BT4249" LABEL="marginalia" DESCRIPTION="block type marginalia"/><OtherTag ID="BT4250" LABEL="signature-mark" DESCRIPTION="block type signature-mark"/><OtherTag ID="BT4251" LABEL="catch-word" DESCRIPTION="block type catch-word"/><OtherTag ID="BT4252" LABEL="endnote" DESCRIPTION="block type endnote"/>
  </Tags>
  <Layout>
    <Page WIDTH="650"
          HEIGHT="1102"
          PHYSICAL_IMG_NR="98"
          ID="eSc_dummypage_">
      <PrintSpace HPOS="0"
                  VPOS="0"
                  WIDTH="650"
                  HEIGHT="1102">
        <TextBlock HPOS="141.0"
                   VPOS="95.0"
                   WIDTH="44.0"
                   HEIGHT="35.0"
                   ID="region_1720089114676_606"
                   TAGREFS="BT4244">
          <Shape><Polygon POINTS="141 98 142 126 185 130 185 95"/></Shape>
        </TextBlock>
        <TextBlock HPOS="274.0"
                   VPOS="94.0"
                   WIDTH="199.0"
                   HEIGHT="35.0"
                   ID="region_1720089126622_609"
                   TAGREFS="BT4244">
          <Shape><Polygon POINTS="274 94 275 125 473 129 459 95"/></Shape>
        </TextBlock>
        <TextBlock HPOS="132.0"
                   VPOS="136.0"
                   WIDTH="415.0"
                   HEIGHT="116.0"
                   ID="region_1720089144206_612"
                   TAGREFS="BT4244">
          <Shape><Polygon POINTS="135 138 132 251 547 252 535 136"/></Shape>
        </TextBlock>
        <TextBlock HPOS="133.0"
                   VPOS="263.0"
                   WIDTH="408.0"
                   HEIGHT="218.0"
                   ID="region_1720089169275_615"
                   TAGREFS="BT4244">
          <Shape><Polygon POINTS="133 263 133 473 150 477 541 481 527 265 261 263"/></Shape>
        </TextBlock>
        <TextBlock HPOS="535.0"
                   VPOS="480.0"
                   WIDTH="46.0"
                   HEIGHT="33.0"
                   ID="region_1720089180394_618"
                   TAGREFS="BT4244">
          <Shape><Polygon POINTS="536 485 535 511 581 513 577 484 551 480"/></Shape>
        </TextBlock>
        <TextBlock HPOS="135.0"
                   VPOS="512.0"
                   WIDTH="443.0"
                   HEIGHT="36.0"
                   ID="region_1720089232842_624"
                   TAGREFS="BT4245">
          <Shape><Polygon POINTS="137 515 135 537 218 535 268 536 302 538 578 548 576 522 309 517 199 512"/></Shape>
        </TextBlock>
        <TextBlock HPOS="135.0"
                   VPOS="541.0"
                   WIDTH="452.0"
                   HEIGHT="106.0"
                   ID="region_1720089272221_627"
                   TAGREFS="BT4245">
          <Shape><Polygon POINTS="137 544 135 640 408 641 587 647 584 550 490 549 447 548 376 548 333 545 269 544 258 541 180 541"/></Shape>
        </TextBlock>
        <TextBlock HPOS="172.0"
                   VPOS="644.0"
                   WIDTH="406.0"
                   HEIGHT="110.0"
                   ID="region_1720089375425_632"
                   TAGREFS="BT4245">
          <Shape><Polygon POINTS="172 646 172 668 211 670 213 742 395 743 406 752 578 754 557 656 348 648 261 644"/></Shape>
        </TextBlock>
        <TextBlock HPOS="155.0"
                   VPOS="747.0"
                   WIDTH="423.0"
                   HEIGHT="71.0"
                   ID="region_1720089404239_635"
                   TAGREFS="BT4245">
          <Shape><Polygon POINTS="158 750 155 818 241 818 244 797 576 804 578 756 326 755 248 747 165 747"/></Shape>
        </TextBlock>
        <TextBlock HPOS="169.0"
                   VPOS="820.0"
                   WIDTH="415.0"
                   HEIGHT="136.0"
                   ID="region_1720089425477_638"
                   TAGREFS="BT4245">
          <Shape><Polygon POINTS="169 823 171 923 340 934 364 954 584 956 576 829 410 825 264 820 217 822 185 822"/></Shape>
        </TextBlock>
      </PrintSpace>
    </Page>
  </Layout>
</alto>
