<?xml version="1.0" encoding="UTF-8"?>
<alto xmlns:xsi="http://www.w3.org/2001/XMLSchema-instance"
      xmlns="http://www.loc.gov/standards/alto/ns-v4#"
      xsi:schemaLocation="http://www.loc.gov/standards/alto/ns-v4# http://www.loc.gov/standards/alto/v4/alto-4-2.xsd">
  <Description>
    <MeasurementUnit>pixel</MeasurementUnit>
    <sourceImageInformation>
      <fileName>1775-Saemmtliche_Poetische_Werke_Schmieder_Bd_3_VD18_90914295_NEU-006.png</fileName>
      <fileIdentifier>mets//export_doc3108_lena_alto_202503291248.zip/1775-Saemmtliche_Poetische_Werke_Schmieder_Bd_3_VD18_90914295_NEU-006.png</fileIdentifier>
    </sourceImageInformation>
  </Description>
  <Tags>
    <OtherTag ID="BT1" LABEL="Title" DESCRIPTION="block type Title"/><OtherTag ID="BT2" LABEL="Main" DESCRIPTION="block type Main"/><OtherTag ID="BT3" LABEL="Commentary" DESCRIPTION="block type Commentary"/><OtherTag ID="BT4" LABEL="Illustration" DESCRIPTION="block type Illustration"/><OtherTag ID="BT4244" LABEL="paragraph" DESCRIPTION="block type paragraph"/><OtherTag ID="BT4245" LABEL="footnote" DESCRIPTION="block type footnote"/><OtherTag ID="BT4246" LABEL="heading" DESCRIPTION="block type heading"/><OtherTag ID="BT4247" LABEL="l-column" DESCRIPTION="block type l-column"/><OtherTag ID="BT4248" LABEL="r-column" DESCRIPTION="block type r-column"/><OtherTag ID="BT4249" LABEL="marginalia" DESCRIPTION="block type marginalia"/><OtherTag ID="BT4250" LABEL="signature-mark" DESCRIPTION="block type signature-mark"/><OtherTag ID="BT4251" LABEL="catch-word" DESCRIPTION="block type catch-word"/><OtherTag ID="BT4252" LABEL="endnote" DESCRIPTION="block type endnote"/>
  </Tags>
  <Layout>
    <Page WIDTH="649"
          HEIGHT="1102"
          PHYSICAL_IMG_NR="95"
          ID="eSc_dummypage_">
      <PrintSpace HPOS="0"
                  VPOS="0"
                  WIDTH="649"
                  HEIGHT="1102">
        <TextBlock HPOS="242.0"
                   VPOS="89.0"
                   WIDTH="132.0"
                   HEIGHT="39.0"
                   ID="region_1719906862941_36"
                   TAGREFS="BT4244">
          <Shape><Polygon POINTS="248 128 242 93 367 89 374 119"/></Shape>
        </TextBlock>
        <TextBlock HPOS="489.0"
                   VPOS="91.0"
                   WIDTH="38.0"
                   HEIGHT="24.0"
                   ID="region_1719906869706_39"
                   TAGREFS="BT4244">
          <Shape><Polygon POINTS="493 115 489 93 527 91 524 114"/></Shape>
        </TextBlock>
        <TextBlock HPOS="96.0"
                   VPOS="132.0"
                   WIDTH="429.0"
                   HEIGHT="42.0"
                   ID="region_1719906885833_42"
                   TAGREFS="BT4244">
          <Shape><Polygon POINTS="525 156 523 136 409 132 96 137 99 174"/></Shape>
        </TextBlock>
        <TextBlock HPOS="308.0"
                   VPOS="165.0"
                   WIDTH="45.0"
                   HEIGHT="22.0"
                   ID="region_1719906895329_45"
                   TAGREFS="BT4244">
          <Shape><Polygon POINTS="309 187 308 168 353 165 349 187"/></Shape>
        </TextBlock>
        <TextBlock HPOS="489.0"
                   VPOS="158.0"
                   WIDTH="38.0"
                   HEIGHT="23.0"
                   ID="region_1719906902333_48"
                   TAGREFS="BT4244">
          <Shape><Polygon POINTS="489 181 490 158 527 160 526 179"/></Shape>
        </TextBlock>
        <TextBlock HPOS="82.0"
                   VPOS="190.0"
                   WIDTH="452.0"
                   HEIGHT="423.0"
                   ID="region_1719906938894_51"
                   TAGREFS="BT4245">
          <Shape><Polygon POINTS="82 204 148 198 527 190 534 592 383 591 371 610 88 613"/></Shape>
        </TextBlock>
        <TextBlock HPOS="86.0"
                   VPOS="610.0"
                   WIDTH="452.0"
                   HEIGHT="330.0"
                   ID="region_1719906956652_54"
                   TAGREFS="BT4245">
          <Shape><Polygon POINTS="86 628 535 610 538 920 96 940"/></Shape>
        </TextBlock>
        <TextBlock HPOS="514.0"
                   VPOS="924.0"
                   WIDTH="28.0"
                   HEIGHT="22.0"
                   ID="region_1719906965773_57"
                   TAGREFS="BT4244">
          <Shape><Polygon POINTS="514 946 515 926 524 924 542 928 540 941"/></Shape>
        </TextBlock>
      </PrintSpace>
    </Page>
  </Layout>
</alto>
