<?xml version="1.0" encoding="UTF-8"?>
<alto xmlns:xsi="http://www.w3.org/2001/XMLSchema-instance"
      xmlns="http://www.loc.gov/standards/alto/ns-v4#"
      xsi:schemaLocation="http://www.loc.gov/standards/alto/ns-v4# http://www.loc.gov/standards/alto/v4/alto-4-2.xsd">
  <Description>
    <MeasurementUnit>pixel</MeasurementUnit>
    <sourceImageInformation>
      <fileName>1782,_Poetische_Werke,_Fleischhauer,_Bd._3,_VD18_89276881-001_Seite_247_Bild_0001.jpg</fileName>
      <fileIdentifier>mets//export_doc3108_lena_alto_202503291248.zip/1782,_Poetische_Werke,_Fleischhauer,_Bd._3,_VD18_89276881-001_Seite_247_Bild_0001.jpg</fileIdentifier>
    </sourceImageInformation>
  </Description>
  <Tags>
    <OtherTag ID="BT1" LABEL="Title" DESCRIPTION="block type Title"/><OtherTag ID="BT2" LABEL="Main" DESCRIPTION="block type Main"/><OtherTag ID="BT3" LABEL="Commentary" DESCRIPTION="block type Commentary"/><OtherTag ID="BT4" LABEL="Illustration" DESCRIPTION="block type Illustration"/><OtherTag ID="BT4244" LABEL="paragraph" DESCRIPTION="block type paragraph"/><OtherTag ID="BT4245" LABEL="footnote" DESCRIPTION="block type footnote"/><OtherTag ID="BT4246" LABEL="heading" DESCRIPTION="block type heading"/><OtherTag ID="BT4247" LABEL="l-column" DESCRIPTION="block type l-column"/><OtherTag ID="BT4248" LABEL="r-column" DESCRIPTION="block type r-column"/><OtherTag ID="BT4249" LABEL="marginalia" DESCRIPTION="block type marginalia"/><OtherTag ID="BT4250" LABEL="signature-mark" DESCRIPTION="block type signature-mark"/><OtherTag ID="BT4251" LABEL="catch-word" DESCRIPTION="block type catch-word"/><OtherTag ID="BT4252" LABEL="endnote" DESCRIPTION="block type endnote"/>
  </Tags>
  <Layout>
    <Page WIDTH="1156"
          HEIGHT="2033"
          PHYSICAL_IMG_NR="149"
          ID="eSc_dummypage_">
      <PrintSpace HPOS="0"
                  VPOS="0"
                  WIDTH="1156"
                  HEIGHT="2033">
        <TextBlock HPOS="181.0"
                   VPOS="123.0"
                   WIDTH="100.0"
                   HEIGHT="64.0"
                   ID="region_1720086070408_123"
                   TAGREFS="BT4244">
          <Shape><Polygon POINTS="181 143 188 187 281 177 271 123"/></Shape>
        </TextBlock>
        <TextBlock HPOS="438.0"
                   VPOS="112.0"
                   WIDTH="372.0"
                   HEIGHT="65.0"
                   ID="region_1720086079636_126"
                   TAGREFS="BT4244">
          <Shape><Polygon POINTS="449 118 438 177 810 172 804 112"/></Shape>
        </TextBlock>
        <TextBlock HPOS="176.0"
                   VPOS="204.0"
                   WIDTH="916.0"
                   HEIGHT="75.0"
                   ID="region_1720086126824_132"
                   TAGREFS="BT4245">
          <Shape><Polygon POINTS="176 234 181 279 1092 266 1079 204 211 221"/></Shape>
        </TextBlock>
        <TextBlock HPOS="173.0"
                   VPOS="277.0"
                   WIDTH="916.0"
                   HEIGHT="208.0"
                   ID="region_1720086140263_135"
                   TAGREFS="BT4245">
          <Shape><Polygon POINTS="173 302 198 485 738 483 1089 426 1089 277 265 296"/></Shape>
        </TextBlock>
        <TextBlock HPOS="170.0"
                   VPOS="499.0"
                   WIDTH="481.0"
                   HEIGHT="70.0"
                   ID="region_1720086150286_138"
                   TAGREFS="BT4245">
          <Shape><Polygon POINTS="170 517 170 569 651 559 634 499"/></Shape>
        </TextBlock>
        <TextBlock HPOS="175.0"
                   VPOS="566.0"
                   WIDTH="904.0"
                   HEIGHT="116.0"
                   ID="region_1720086162729_141"
                   TAGREFS="BT4245">
          <Shape><Polygon POINTS="175 592 205 678 366 682 1079 632 1074 566 242 583"/></Shape>
        </TextBlock>
        <TextBlock HPOS="173.0"
                   VPOS="686.0"
                   WIDTH="907.0"
                   HEIGHT="265.0"
                   ID="region_1720086184770_144"
                   TAGREFS="BT4245">
          <Shape><Polygon POINTS="173 707 182 951 1074 926 1080 686 351 703"/></Shape>
        </TextBlock>
        <TextBlock HPOS="307.0"
                   VPOS="954.0"
                   WIDTH="708.0"
                   HEIGHT="223.0"
                   ID="region_1720086199578_147"
                   TAGREFS="BT4245">
          <Shape><Polygon POINTS="315 973 307 1121 629 1131 657 1168 1009 1177 1015 954 395 961"/></Shape>
        </TextBlock>
        <TextBlock HPOS="173.0"
                   VPOS="1186.0"
                   WIDTH="917.0"
                   HEIGHT="169.0"
                   ID="region_1720086214412_150"
                   TAGREFS="BT4245">
          <Shape><Polygon POINTS="173 1199 174 1355 465 1343 507 1318 1090 1298 1077 1186"/></Shape>
        </TextBlock>
        <TextBlock HPOS="231.0"
                   VPOS="1351.0"
                   WIDTH="838.0"
                   HEIGHT="276.0"
                   ID="region_1720086227749_153"
                   TAGREFS="BT4245">
          <Shape><Polygon POINTS="239 1372 231 1570 662 1627 1069 1621 1055 1351"/></Shape>
        </TextBlock>
        <TextBlock HPOS="886.0"
                   VPOS="1767.0"
                   WIDTH="203.0"
                   HEIGHT="91.0"
                   ID="region_1720086278615_163"
                   TAGREFS="BT4244">
          <Shape><Polygon POINTS="886 1767 888 1858 1089 1845 1084 1767"/></Shape>
        </TextBlock>
      </PrintSpace>
    </Page>
  </Layout>
</alto>
