<?xml version="1.0" encoding="UTF-8"?>
<alto xmlns:xsi="http://www.w3.org/2001/XMLSchema-instance"
      xmlns="http://www.loc.gov/standards/alto/ns-v4#"
      xsi:schemaLocation="http://www.loc.gov/standards/alto/ns-v4# http://www.loc.gov/standards/alto/v4/alto-4-2.xsd">
  <Description>
    <MeasurementUnit>pixel</MeasurementUnit>
    <sourceImageInformation>
      <fileName>1782,_Poetische_Werke,_Fleischhauer,_Bd._2,_VD18_89276873-001_Seite_070_Bild_0001.jpg</fileName>
      <fileIdentifier>mets//export_doc3108_lena_alto_202503291248.zip/1782,_Poetische_Werke,_Fleischhauer,_Bd._2,_VD18_89276873-001_Seite_070_Bild_0001.jpg</fileIdentifier>
    </sourceImageInformation>
  </Description>
  <Tags>
    <OtherTag ID="BT1" LABEL="Title" DESCRIPTION="block type Title"/><OtherTag ID="BT2" LABEL="Main" DESCRIPTION="block type Main"/><OtherTag ID="BT3" LABEL="Commentary" DESCRIPTION="block type Commentary"/><OtherTag ID="BT4" LABEL="Illustration" DESCRIPTION="block type Illustration"/><OtherTag ID="BT4244" LABEL="paragraph" DESCRIPTION="block type paragraph"/><OtherTag ID="BT4245" LABEL="footnote" DESCRIPTION="block type footnote"/><OtherTag ID="BT4246" LABEL="heading" DESCRIPTION="block type heading"/><OtherTag ID="BT4247" LABEL="l-column" DESCRIPTION="block type l-column"/><OtherTag ID="BT4248" LABEL="r-column" DESCRIPTION="block type r-column"/><OtherTag ID="BT4249" LABEL="marginalia" DESCRIPTION="block type marginalia"/><OtherTag ID="BT4250" LABEL="signature-mark" DESCRIPTION="block type signature-mark"/><OtherTag ID="BT4251" LABEL="catch-word" DESCRIPTION="block type catch-word"/><OtherTag ID="BT4252" LABEL="endnote" DESCRIPTION="block type endnote"/>
  </Tags>
  <Layout>
    <Page WIDTH="1216"
          HEIGHT="2035"
          PHYSICAL_IMG_NR="137"
          ID="eSc_dummypage_">
      <PrintSpace HPOS="0"
                  VPOS="0"
                  WIDTH="1216"
                  HEIGHT="2035">
        <TextBlock HPOS="434.0"
                   VPOS="118.0"
                   WIDTH="307.0"
                   HEIGHT="84.0"
                   ID="region_1719324466578_424"
                   TAGREFS="BT4244">
          <Shape><Polygon POINTS="434 202 434 118 741 133 737 202"/></Shape>
        </TextBlock>
        <TextBlock HPOS="957.0"
                   VPOS="139.0"
                   WIDTH="89.0"
                   HEIGHT="80.0"
                   ID="region_1719324499152_427"
                   TAGREFS="BT4244">
          <Shape><Polygon POINTS="957 202 962 146 1022 139 1046 186 1024 219"/></Shape>
        </TextBlock>
        <TextBlock HPOS="169.0"
                   VPOS="221.0"
                   WIDTH="860.0"
                   HEIGHT="117.0"
                   ID="region_1719324511103_430"
                   TAGREFS="BT4246">
          <Shape><Polygon POINTS="176 323 169 221 1029 232 1026 338"/></Shape>
        </TextBlock>
        <TextBlock HPOS="113.0"
                   VPOS="400.0"
                   WIDTH="134.0"
                   HEIGHT="102.0"
                   ID="TextRegion_1719327368131_898"
                   TAGREFS="BT4244">
          <Shape><Polygon POINTS="113 400 243 402 245 415 247 455 243 488 240 496 238 502 155 500 114 500"/></Shape>
        </TextBlock>
        <TextBlock HPOS="114.0"
                   VPOS="402.0"
                   WIDTH="838.0"
                   HEIGHT="507.0"
                   ID="TextRegion_1719327368130_897"
                   TAGREFS="BT4244">
          <Shape><Polygon POINTS="243 402 952 414 920 909 119 882 114 500 155 500 238 502 240 496 243 488 247 455 245 415"/></Shape>
        </TextBlock>
        <TextBlock HPOS="97.0"
                   VPOS="991.0"
                   WIDTH="762.0"
                   HEIGHT="476.0"
                   ID="region_1719324533534_436"
                   TAGREFS="BT4244">
          <Shape><Polygon POINTS="97 1439 110 991 859 1016 825 1467"/></Shape>
        </TextBlock>
        <TextBlock HPOS="86.0"
                   VPOS="1555.0"
                   WIDTH="798.0"
                   HEIGHT="241.0"
                   ID="region_1719324575348_439"
                   TAGREFS="BT4244">
          <Shape><Polygon POINTS="96 1784 155 1778 240 1782 740 1796 772 1745 884 1741 861 1563 86 1555"/></Shape>
        </TextBlock>
        <TextBlock HPOS="131.0"
                   VPOS="1782.0"
                   WIDTH="618.0"
                   HEIGHT="74.0"
                   ID="region_1719324606676_442"
                   TAGREFS="BT4244">
          <Shape><Polygon POINTS="143 1838 131 1801 154 1787 170 1782 205 1788 378 1790 534 1794 739 1800 749 1856"/></Shape>
        </TextBlock>
        <TextBlock HPOS="899.0"
                   VPOS="1787.0"
                   WIDTH="104.0"
                   HEIGHT="73.0"
                   ID="region_1719324616607_445"
                   TAGREFS="BT4244">
          <Shape><Polygon POINTS="903 1851 899 1787 1003 1798 985 1860"/></Shape>
        </TextBlock>
      </PrintSpace>
    </Page>
  </Layout>
</alto>
