<?xml version="1.0" encoding="UTF-8"?>
<alto xmlns:xsi="http://www.w3.org/2001/XMLSchema-instance"
      xmlns="http://www.loc.gov/standards/alto/ns-v4#"
      xsi:schemaLocation="http://www.loc.gov/standards/alto/ns-v4# http://www.loc.gov/standards/alto/v4/alto-4-2.xsd">
  <Description>
    <MeasurementUnit>pixel</MeasurementUnit>
    <sourceImageInformation>
      <fileName>1782,_Poetische_Werke,_Fleischhauer,_Bd._2,_VD18_89276873-001_Seite_299_Bild_0001.jpg</fileName>
      <fileIdentifier>mets//export_doc3108_lena_alto_202503291248.zip/1782,_Poetische_Werke,_Fleischhauer,_Bd._2,_VD18_89276873-001_Seite_299_Bild_0001.jpg</fileIdentifier>
    </sourceImageInformation>
  </Description>
  <Tags>
    <OtherTag ID="BT1" LABEL="Title" DESCRIPTION="block type Title"/><OtherTag ID="BT2" LABEL="Main" DESCRIPTION="block type Main"/><OtherTag ID="BT3" LABEL="Commentary" DESCRIPTION="block type Commentary"/><OtherTag ID="BT4" LABEL="Illustration" DESCRIPTION="block type Illustration"/><OtherTag ID="BT4244" LABEL="paragraph" DESCRIPTION="block type paragraph"/><OtherTag ID="BT4245" LABEL="footnote" DESCRIPTION="block type footnote"/><OtherTag ID="BT4246" LABEL="heading" DESCRIPTION="block type heading"/><OtherTag ID="BT4247" LABEL="l-column" DESCRIPTION="block type l-column"/><OtherTag ID="BT4248" LABEL="r-column" DESCRIPTION="block type r-column"/><OtherTag ID="BT4249" LABEL="marginalia" DESCRIPTION="block type marginalia"/><OtherTag ID="BT4250" LABEL="signature-mark" DESCRIPTION="block type signature-mark"/><OtherTag ID="BT4251" LABEL="catch-word" DESCRIPTION="block type catch-word"/><OtherTag ID="BT4252" LABEL="endnote" DESCRIPTION="block type endnote"/>
  </Tags>
  <Layout>
    <Page WIDTH="1178"
          HEIGHT="2032"
          PHYSICAL_IMG_NR="143"
          ID="eSc_dummypage_">
      <PrintSpace HPOS="0"
                  VPOS="0"
                  WIDTH="1178"
                  HEIGHT="2032">
        <TextBlock HPOS="174.0"
                   VPOS="120.0"
                   WIDTH="143.0"
                   HEIGHT="75.0"
                   ID="region_1719326494908_739"
                   TAGREFS="BT4244">
          <Shape><Polygon POINTS="310 193 317 120 174 130 195 195"/></Shape>
        </TextBlock>
        <TextBlock HPOS="369.0"
                   VPOS="113.0"
                   WIDTH="554.0"
                   HEIGHT="77.0"
                   ID="region_1719326503269_742"
                   TAGREFS="BT4244">
          <Shape><Polygon POINTS="377 190 369 123 491 113 923 124 915 182"/></Shape>
        </TextBlock>
        <TextBlock HPOS="178.0"
                   VPOS="214.0"
                   WIDTH="940.0"
                   HEIGHT="1350.0"
                   ID="region_1719326529597_745"
                   TAGREFS="BT4244">
          <Shape><Polygon POINTS="189 1564 178 227 1095 214 1118 1545"/></Shape>
        </TextBlock>
        <TextBlock HPOS="968.0"
                   VPOS="1777.0"
                   WIDTH="139.0"
                   HEIGHT="87.0"
                   ID="region_1719326549615_751"
                   TAGREFS="BT4244">
          <Shape><Polygon POINTS="977 1864 968 1779 1097 1777 1107 1861"/></Shape>
        </TextBlock>
      </PrintSpace>
    </Page>
  </Layout>
</alto>
