<?xml version="1.0" encoding="UTF-8"?>
<alto xmlns:xsi="http://www.w3.org/2001/XMLSchema-instance"
      xmlns="http://www.loc.gov/standards/alto/ns-v4#"
      xsi:schemaLocation="http://www.loc.gov/standards/alto/ns-v4# http://www.loc.gov/standards/alto/v4/alto-4-2.xsd">
  <Description>
    <MeasurementUnit>pixel</MeasurementUnit>
    <sourceImageInformation>
      <fileName>1782,_Poetische_Werke,_Fleischhauer,_Bd._3,_VD18_89276881-001_Seite_015_Bild_0001.jpg</fileName>
      <fileIdentifier>mets//export_doc3108_lena_alto_202503291248.zip/1782,_Poetische_Werke,_Fleischhauer,_Bd._3,_VD18_89276881-001_Seite_015_Bild_0001.jpg</fileIdentifier>
    </sourceImageInformation>
  </Description>
  <Tags>
    <OtherTag ID="BT1" LABEL="Title" DESCRIPTION="block type Title"/><OtherTag ID="BT2" LABEL="Main" DESCRIPTION="block type Main"/><OtherTag ID="BT3" LABEL="Commentary" DESCRIPTION="block type Commentary"/><OtherTag ID="BT4" LABEL="Illustration" DESCRIPTION="block type Illustration"/><OtherTag ID="BT4244" LABEL="paragraph" DESCRIPTION="block type paragraph"/><OtherTag ID="BT4245" LABEL="footnote" DESCRIPTION="block type footnote"/><OtherTag ID="BT4246" LABEL="heading" DESCRIPTION="block type heading"/><OtherTag ID="BT4247" LABEL="l-column" DESCRIPTION="block type l-column"/><OtherTag ID="BT4248" LABEL="r-column" DESCRIPTION="block type r-column"/><OtherTag ID="BT4249" LABEL="marginalia" DESCRIPTION="block type marginalia"/><OtherTag ID="BT4250" LABEL="signature-mark" DESCRIPTION="block type signature-mark"/><OtherTag ID="BT4251" LABEL="catch-word" DESCRIPTION="block type catch-word"/><OtherTag ID="BT4252" LABEL="endnote" DESCRIPTION="block type endnote"/>
  </Tags>
  <Layout>
    <Page WIDTH="1187"
          HEIGHT="2038"
          PHYSICAL_IMG_NR="147"
          ID="eSc_dummypage_">
      <PrintSpace HPOS="0"
                  VPOS="0"
                  WIDTH="1187"
                  HEIGHT="2038">
        <TextBlock HPOS="217.0"
                   VPOS="133.0"
                   WIDTH="47.0"
                   HEIGHT="39.0"
                   ID="region_1720085356423_7"
                   TAGREFS="BT4244">
          <Shape><Polygon POINTS="217 168 220 134 264 133 258 172"/></Shape>
        </TextBlock>
        <TextBlock HPOS="497.0"
                   VPOS="115.0"
                   WIDTH="320.0"
                   HEIGHT="66.0"
                   ID="region_1720085365477_10"
                   TAGREFS="BT4244">
          <Shape><Polygon POINTS="497 181 497 115 817 116 815 181"/></Shape>
        </TextBlock>
        <TextBlock HPOS="161.0"
                   VPOS="204.0"
                   WIDTH="950.0"
                   HEIGHT="1576.0"
                   ID="region_1720085396013_13"
                   TAGREFS="BT4244">
          <Shape><Polygon POINTS="194 208 1111 204 1096 1780 161 1780"/></Shape>
        </TextBlock>
        <TextBlock HPOS="976.0"
                   VPOS="1786.0"
                   WIDTH="105.0"
                   HEIGHT="54.0"
                   ID="region_1720085408199_16"
                   TAGREFS="BT4244">
          <Shape><Polygon POINTS="976 1794 978 1840 1081 1836 1073 1786 1010 1787"/></Shape>
        </TextBlock>
      </PrintSpace>
    </Page>
  </Layout>
</alto>
