<?xml version="1.0" encoding="UTF-8"?>
<alto xmlns:xsi="http://www.w3.org/2001/XMLSchema-instance"
      xmlns="http://www.loc.gov/standards/alto/ns-v4#"
      xsi:schemaLocation="http://www.loc.gov/standards/alto/ns-v4# http://www.loc.gov/standards/alto/v4/alto-4-2.xsd">
  <Description>
    <MeasurementUnit>pixel</MeasurementUnit>
    <sourceImageInformation>
      <fileName>1782,_Poetische_Werke,_Fleischhauer,_Bd._2,_VD18_89276873-001_Seite_029_Bild_0001.jpg</fileName>
      <fileIdentifier>mets//export_doc3108_lena_alto_202503291248.zip/1782,_Poetische_Werke,_Fleischhauer,_Bd._2,_VD18_89276873-001_Seite_029_Bild_0001.jpg</fileIdentifier>
    </sourceImageInformation>
  </Description>
  <Tags>
    <OtherTag ID="BT1" LABEL="Title" DESCRIPTION="block type Title"/><OtherTag ID="BT2" LABEL="Main" DESCRIPTION="block type Main"/><OtherTag ID="BT3" LABEL="Commentary" DESCRIPTION="block type Commentary"/><OtherTag ID="BT4" LABEL="Illustration" DESCRIPTION="block type Illustration"/><OtherTag ID="BT4244" LABEL="paragraph" DESCRIPTION="block type paragraph"/><OtherTag ID="BT4245" LABEL="footnote" DESCRIPTION="block type footnote"/><OtherTag ID="BT4246" LABEL="heading" DESCRIPTION="block type heading"/><OtherTag ID="BT4247" LABEL="l-column" DESCRIPTION="block type l-column"/><OtherTag ID="BT4248" LABEL="r-column" DESCRIPTION="block type r-column"/><OtherTag ID="BT4249" LABEL="marginalia" DESCRIPTION="block type marginalia"/><OtherTag ID="BT4250" LABEL="signature-mark" DESCRIPTION="block type signature-mark"/><OtherTag ID="BT4251" LABEL="catch-word" DESCRIPTION="block type catch-word"/><OtherTag ID="BT4252" LABEL="endnote" DESCRIPTION="block type endnote"/>
  </Tags>
  <Layout>
    <Page WIDTH="1217"
          HEIGHT="2040"
          PHYSICAL_IMG_NR="135"
          ID="eSc_dummypage_">
      <PrintSpace HPOS="0"
                  VPOS="0"
                  WIDTH="1217"
                  HEIGHT="2040">
        <TextBlock HPOS="177.0"
                   VPOS="109.0"
                   WIDTH="81.0"
                   HEIGHT="56.0"
                   ID="region_1719324022784_348"
                   TAGREFS="BT4244">
          <Shape><Polygon POINTS="177 165 258 165 258 109 177 109"/></Shape>
        </TextBlock>
        <TextBlock HPOS="355.0"
                   VPOS="100.0"
                   WIDTH="529.0"
                   HEIGHT="80.0"
                   ID="region_1719324028001_351"
                   TAGREFS="BT4244">
          <Shape><Polygon POINTS="356 170 884 180 884 100 355 100"/></Shape>
        </TextBlock>
        <TextBlock HPOS="206.0"
                   VPOS="203.0"
                   WIDTH="869.0"
                   HEIGHT="193.0"
                   ID="region_1719324144162_366"
                   TAGREFS="BT4245">
          <Shape><Polygon POINTS="206 386 216 203 1075 222 1063 369 543 366 513 396"/></Shape>
        </TextBlock>
        <TextBlock HPOS="177.0"
                   VPOS="410.0"
                   WIDTH="859.0"
                   HEIGHT="67.0"
                   ID="region_1719324154346_369"
                   TAGREFS="BT4245">
          <Shape><Polygon POINTS="177 460 181 410 1036 424 1034 477"/></Shape>
        </TextBlock>
        <TextBlock HPOS="178.0"
                   VPOS="481.0"
                   WIDTH="893.0"
                   HEIGHT="479.0"
                   ID="region_1719324175234_372"
                   TAGREFS="BT4245">
          <Shape><Polygon POINTS="178 481 1056 489 1071 670 1055 935 200 960"/></Shape>
        </TextBlock>
        <TextBlock HPOS="162.0"
                   VPOS="985.0"
                   WIDTH="895.0"
                   HEIGHT="480.0"
                   ID="region_1719324190857_375"
                   TAGREFS="BT4245">
          <Shape><Polygon POINTS="162 985 1057 987 1057 1429 688 1436 636 1465 168 1465"/></Shape>
        </TextBlock>
        <TextBlock HPOS="161.0"
                   VPOS="1481.0"
                   WIDTH="886.0"
                   HEIGHT="296.0"
                   ID="region_1719324211999_378"
                   TAGREFS="BT4245">
          <Shape><Polygon POINTS="161 1481 1045 1497 1047 1743 688 1742 694 1772 513 1777 164 1775"/></Shape>
        </TextBlock>
        <TextBlock HPOS="973.0"
                   VPOS="1787.0"
                   WIDTH="83.0"
                   HEIGHT="59.0"
                   ID="region_1719324037163_354"
                   TAGREFS="BT4244">
          <Shape><Polygon POINTS="973 1846 1056 1846 1056 1787 973 1787"/></Shape>
        </TextBlock>
      </PrintSpace>
    </Page>
  </Layout>
</alto>
