<?xml version="1.0" encoding="UTF-8"?>
<alto xmlns:xsi="http://www.w3.org/2001/XMLSchema-instance"
      xmlns="http://www.loc.gov/standards/alto/ns-v4#"
      xsi:schemaLocation="http://www.loc.gov/standards/alto/ns-v4# http://www.loc.gov/standards/alto/v4/alto-4-2.xsd">
  <Description>
    <MeasurementUnit>pixel</MeasurementUnit>
    <sourceImageInformation>
      <fileName>1782,_Poetische_Werke,_Fleischhauer,_Bd._3,_VD18_89276881-001_Seite_123_Bild_0001.jpg</fileName>
      <fileIdentifier>mets//export_doc3108_lena_alto_202503291248.zip/1782,_Poetische_Werke,_Fleischhauer,_Bd._3,_VD18_89276881-001_Seite_123_Bild_0001.jpg</fileIdentifier>
    </sourceImageInformation>
  </Description>
  <Tags>
    <OtherTag ID="BT1" LABEL="Title" DESCRIPTION="block type Title"/><OtherTag ID="BT2" LABEL="Main" DESCRIPTION="block type Main"/><OtherTag ID="BT3" LABEL="Commentary" DESCRIPTION="block type Commentary"/><OtherTag ID="BT4" LABEL="Illustration" DESCRIPTION="block type Illustration"/><OtherTag ID="BT4244" LABEL="paragraph" DESCRIPTION="block type paragraph"/><OtherTag ID="BT4245" LABEL="footnote" DESCRIPTION="block type footnote"/><OtherTag ID="BT4246" LABEL="heading" DESCRIPTION="block type heading"/><OtherTag ID="BT4247" LABEL="l-column" DESCRIPTION="block type l-column"/><OtherTag ID="BT4248" LABEL="r-column" DESCRIPTION="block type r-column"/><OtherTag ID="BT4249" LABEL="marginalia" DESCRIPTION="block type marginalia"/><OtherTag ID="BT4250" LABEL="signature-mark" DESCRIPTION="block type signature-mark"/><OtherTag ID="BT4251" LABEL="catch-word" DESCRIPTION="block type catch-word"/><OtherTag ID="BT4252" LABEL="endnote" DESCRIPTION="block type endnote"/>
  </Tags>
  <Layout>
    <Page WIDTH="1160"
          HEIGHT="2025"
          PHYSICAL_IMG_NR="148"
          ID="eSc_dummypage_">
      <PrintSpace HPOS="0"
                  VPOS="0"
                  WIDTH="1160"
                  HEIGHT="2025">
        <TextBlock HPOS="169.0"
                   VPOS="115.0"
                   WIDTH="86.0"
                   HEIGHT="79.0"
                   ID="region_1720086400293_180"
                   TAGREFS="BT4244">
          <Shape><Polygon POINTS="169 127 174 194 255 173 248 115 194 117"/></Shape>
        </TextBlock>
        <TextBlock HPOS="422.0"
                   VPOS="103.0"
                   WIDTH="394.0"
                   HEIGHT="65.0"
                   ID="region_1720086412314_183"
                   TAGREFS="BT4244">
          <Shape><Polygon POINTS="422 106 422 167 816 168 798 103"/></Shape>
        </TextBlock>
        <TextBlock HPOS="174.0"
                   VPOS="202.0"
                   WIDTH="827.0"
                   HEIGHT="120.0"
                   ID="region_1720086425482_186"
                   TAGREFS="BT4244">
          <Shape><Polygon POINTS="174 210 174 322 1001 320 992 202 224 204"/></Shape>
        </TextBlock>
        <TextBlock HPOS="474.0"
                   VPOS="392.0"
                   WIDTH="295.0"
                   HEIGHT="71.0"
                   ID="region_1720086433411_189"
                   TAGREFS="BT4246">
          <Shape><Polygon POINTS="474 405 480 463 769 463 756 402 511 392"/></Shape>
        </TextBlock>
        <TextBlock HPOS="174.0"
                   VPOS="488.0"
                   WIDTH="908.0"
                   HEIGHT="251.0"
                   ID="region_1720086447414_192"
                   TAGREFS="BT4244">
          <Shape><Polygon POINTS="174 514 179 739 980 738 1082 656 1046 488 241 496"/></Shape>
        </TextBlock>
        <TextBlock HPOS="468.0"
                   VPOS="809.0"
                   WIDTH="337.0"
                   HEIGHT="73.0"
                   ID="region_1720086464293_195"
                   TAGREFS="BT4246">
          <Shape><Polygon POINTS="468 813 472 882 805 882 798 809"/></Shape>
        </TextBlock>
        <TextBlock HPOS="174.0"
                   VPOS="918.0"
                   WIDTH="946.0"
                   HEIGHT="250.0"
                   ID="region_1720086472875_198"
                   TAGREFS="BT4244">
          <Shape><Polygon POINTS="176 918 174 1168 1120 1163 1098 924"/></Shape>
        </TextBlock>
        <TextBlock HPOS="1023.0"
                   VPOS="1746.0"
                   WIDTH="98.0"
                   HEIGHT="86.0"
                   ID="region_1720086528663_215"
                   TAGREFS="BT4244">
          <Shape><Polygon POINTS="1023 1746 1023 1832 1115 1831 1121 1756"/></Shape>
        </TextBlock>
      </PrintSpace>
    </Page>
  </Layout>
</alto>
