<?xml version="1.0" encoding="UTF-8"?>
<alto xmlns:xsi="http://www.w3.org/2001/XMLSchema-instance"
      xmlns="http://www.loc.gov/standards/alto/ns-v4#"
      xsi:schemaLocation="http://www.loc.gov/standards/alto/ns-v4# http://www.loc.gov/standards/alto/v4/alto-4-2.xsd">
  <Description>
    <MeasurementUnit>pixel</MeasurementUnit>
    <sourceImageInformation>
      <fileName>1789,_Saemmtliche_Poetische_Werke,_Baumeister,_Bd._1,_VD18_80391559-001_Seite_181_Bild_0001.jpg</fileName>
      <fileIdentifier>mets//export_doc3109_melissa_alto_202503291248.zip/1789,_Saemmtliche_Poetische_Werke,_Baumeister,_Bd._1,_VD18_80391559-001_Seite_181_Bild_0001.jpg</fileIdentifier>
    </sourceImageInformation>
  </Description>
  <Tags>
    <OtherTag ID="BT1" LABEL="Title" DESCRIPTION="block type Title"/><OtherTag ID="BT2" LABEL="Main" DESCRIPTION="block type Main"/><OtherTag ID="BT3" LABEL="Commentary" DESCRIPTION="block type Commentary"/><OtherTag ID="BT4" LABEL="Illustration" DESCRIPTION="block type Illustration"/><OtherTag ID="BT4244" LABEL="paragraph" DESCRIPTION="block type paragraph"/><OtherTag ID="BT4245" LABEL="footnote" DESCRIPTION="block type footnote"/><OtherTag ID="BT4246" LABEL="heading" DESCRIPTION="block type heading"/><OtherTag ID="BT4247" LABEL="l-column" DESCRIPTION="block type l-column"/><OtherTag ID="BT4248" LABEL="r-column" DESCRIPTION="block type r-column"/><OtherTag ID="BT4249" LABEL="marginalia" DESCRIPTION="block type marginalia"/><OtherTag ID="BT4250" LABEL="signature-mark" DESCRIPTION="block type signature-mark"/><OtherTag ID="BT4251" LABEL="catch-word" DESCRIPTION="block type catch-word"/><OtherTag ID="BT4252" LABEL="endnote" DESCRIPTION="block type endnote"/>
  </Tags>
  <Layout>
    <Page WIDTH="863"
          HEIGHT="1510"
          PHYSICAL_IMG_NR="197"
          ID="eSc_dummypage_">
      <PrintSpace HPOS="0"
                  VPOS="0"
                  WIDTH="863"
                  HEIGHT="1510">
        <TextBlock HPOS="122.0"
                   VPOS="68.0"
                   WIDTH="76.0"
                   HEIGHT="43.0"
                   ID="region_1719308262687_355"
                   TAGREFS="BT4244">
          <Shape><Polygon POINTS="122 68 195 68 198 111 122 110"/></Shape>
        </TextBlock>
        <TextBlock HPOS="115.0"
                   VPOS="118.0"
                   WIDTH="648.0"
                   HEIGHT="143.0"
                   ID="region_1719308271823_358"
                   TAGREFS="BT4245">
          <Shape><Polygon POINTS="115 118 763 118 751 259 115 261"/></Shape>
        </TextBlock>
        <TextBlock HPOS="154.0"
                   VPOS="288.0"
                   WIDTH="606.0"
                   HEIGHT="254.0"
                   ID="region_1719308277786_361"
                   TAGREFS="BT4245">
          <Shape><Polygon POINTS="154 290 760 288 760 542 161 538"/></Shape>
        </TextBlock>
        <TextBlock HPOS="112.0"
                   VPOS="544.0"
                   WIDTH="647.0"
                   HEIGHT="207.0"
                   ID="region_1719308291599_364"
                   TAGREFS="BT4245">
          <Shape><Polygon POINTS="112 544 759 544 740 748 112 751"/></Shape>
        </TextBlock>
        <TextBlock HPOS="157.0"
                   VPOS="751.0"
                   WIDTH="595.0"
                   HEIGHT="545.0"
                   ID="region_1719308305266_367"
                   TAGREFS="BT4245">
          <Shape><Polygon POINTS="157 754 752 751 752 1296 184 1294"/></Shape>
        </TextBlock>
      </PrintSpace>
    </Page>
  </Layout>
</alto>
