<?xml version="1.0" encoding="UTF-8"?>
<alto xmlns:xsi="http://www.w3.org/2001/XMLSchema-instance"
      xmlns="http://www.loc.gov/standards/alto/ns-v4#"
      xsi:schemaLocation="http://www.loc.gov/standards/alto/ns-v4# http://www.loc.gov/standards/alto/v4/alto-4-2.xsd">
  <Description>
    <MeasurementUnit>pixel</MeasurementUnit>
    <sourceImageInformation>
      <fileName>1789,_Saemmtliche_Poetische_Werke,_Baumeister,_Bd._2,_VD18_80391567-001_Seite_273_Bild_0001.jpg</fileName>
      <fileIdentifier>mets//export_doc3109_melissa_alto_202503291248.zip/1789,_Saemmtliche_Poetische_Werke,_Baumeister,_Bd._2,_VD18_80391567-001_Seite_273_Bild_0001.jpg</fileIdentifier>
    </sourceImageInformation>
  </Description>
  <Tags>
    <OtherTag ID="BT1" LABEL="Title" DESCRIPTION="block type Title"/><OtherTag ID="BT2" LABEL="Main" DESCRIPTION="block type Main"/><OtherTag ID="BT3" LABEL="Commentary" DESCRIPTION="block type Commentary"/><OtherTag ID="BT4" LABEL="Illustration" DESCRIPTION="block type Illustration"/><OtherTag ID="BT4244" LABEL="paragraph" DESCRIPTION="block type paragraph"/><OtherTag ID="BT4245" LABEL="footnote" DESCRIPTION="block type footnote"/><OtherTag ID="BT4246" LABEL="heading" DESCRIPTION="block type heading"/><OtherTag ID="BT4247" LABEL="l-column" DESCRIPTION="block type l-column"/><OtherTag ID="BT4248" LABEL="r-column" DESCRIPTION="block type r-column"/><OtherTag ID="BT4249" LABEL="marginalia" DESCRIPTION="block type marginalia"/><OtherTag ID="BT4250" LABEL="signature-mark" DESCRIPTION="block type signature-mark"/><OtherTag ID="BT4251" LABEL="catch-word" DESCRIPTION="block type catch-word"/><OtherTag ID="BT4252" LABEL="endnote" DESCRIPTION="block type endnote"/>
  </Tags>
  <Layout>
    <Page WIDTH="882"
          HEIGHT="1508"
          PHYSICAL_IMG_NR="204"
          ID="eSc_dummypage_">
      <PrintSpace HPOS="0"
                  VPOS="0"
                  WIDTH="882"
                  HEIGHT="1508">
        <TextBlock HPOS="128.0"
                   VPOS="82.0"
                   WIDTH="74.0"
                   HEIGHT="43.0"
                   ID="region_1719311598376_96"
                   TAGREFS="BT4244">
          <Shape><Polygon POINTS="134 83 202 82 202 125 128 125"/></Shape>
        </TextBlock>
        <TextBlock HPOS="120.0"
                   VPOS="138.0"
                   WIDTH="639.0"
                   HEIGHT="293.0"
                   ID="region_1719311603644_99"
                   TAGREFS="BT4244">
          <Shape><Polygon POINTS="130 138 759 138 759 426 120 431"/></Shape>
        </TextBlock>
        <TextBlock HPOS="130.0"
                   VPOS="457.0"
                   WIDTH="637.0"
                   HEIGHT="178.0"
                   ID="region_1719311608709_102"
                   TAGREFS="BT4245">
          <Shape><Polygon POINTS="130 457 767 457 758 634 130 635"/></Shape>
        </TextBlock>
        <TextBlock HPOS="186.0"
                   VPOS="662.0"
                   WIDTH="521.0"
                   HEIGHT="55.0"
                   ID="region_1719311614412_105"
                   TAGREFS="BT4246">
          <Shape><Polygon POINTS="186 666 704 662 707 717 186 717"/></Shape>
        </TextBlock>
        <TextBlock HPOS="166.0"
                   VPOS="734.0"
                   WIDTH="56.0"
                   HEIGHT="59.0"
                   ID="region_1719311695358_125"
                   TAGREFS="BT4244">
          <Shape><Polygon POINTS="166 734 221 737 222 792 171 793"/></Shape>
        </TextBlock>
        <TextBlock HPOS="170.0"
                   VPOS="729.0"
                   WIDTH="479.0"
                   HEIGHT="277.0"
                   ID="region_1719311627005_108"
                   TAGREFS="BT4244">
          <Shape><Polygon POINTS="170 795 224 794 223 729 649 742 639 1006 170 1006"/></Shape>
        </TextBlock>
        <TextBlock HPOS="164.0"
                   VPOS="1035.0"
                   WIDTH="549.0"
                   HEIGHT="260.0"
                   ID="region_1719311631624_111"
                   TAGREFS="BT4244">
          <Shape><Polygon POINTS="170 1035 713 1035 692 1293 164 1295"/></Shape>
        </TextBlock>
      </PrintSpace>
    </Page>
  </Layout>
</alto>
