<?xml version="1.0" encoding="UTF-8"?>
<alto xmlns:xsi="http://www.w3.org/2001/XMLSchema-instance"
      xmlns="http://www.loc.gov/standards/alto/ns-v4#"
      xsi:schemaLocation="http://www.loc.gov/standards/alto/ns-v4# http://www.loc.gov/standards/alto/v4/alto-4-2.xsd">
  <Description>
    <MeasurementUnit>pixel</MeasurementUnit>
    <sourceImageInformation>
      <fileName>1789,_Saemmtliche_Poetische_Werke,_Baumeister,_Bd._2,_VD18_80391567-001_Seite_059_Bild_0001.jpg</fileName>
      <fileIdentifier>mets//export_doc3109_melissa_alto_202503291248.zip/1789,_Saemmtliche_Poetische_Werke,_Baumeister,_Bd._2,_VD18_80391567-001_Seite_059_Bild_0001.jpg</fileIdentifier>
    </sourceImageInformation>
  </Description>
  <Tags>
    <OtherTag ID="BT1" LABEL="Title" DESCRIPTION="block type Title"/><OtherTag ID="BT2" LABEL="Main" DESCRIPTION="block type Main"/><OtherTag ID="BT3" LABEL="Commentary" DESCRIPTION="block type Commentary"/><OtherTag ID="BT4" LABEL="Illustration" DESCRIPTION="block type Illustration"/><OtherTag ID="BT4244" LABEL="paragraph" DESCRIPTION="block type paragraph"/><OtherTag ID="BT4245" LABEL="footnote" DESCRIPTION="block type footnote"/><OtherTag ID="BT4246" LABEL="heading" DESCRIPTION="block type heading"/><OtherTag ID="BT4247" LABEL="l-column" DESCRIPTION="block type l-column"/><OtherTag ID="BT4248" LABEL="r-column" DESCRIPTION="block type r-column"/><OtherTag ID="BT4249" LABEL="marginalia" DESCRIPTION="block type marginalia"/><OtherTag ID="BT4250" LABEL="signature-mark" DESCRIPTION="block type signature-mark"/><OtherTag ID="BT4251" LABEL="catch-word" DESCRIPTION="block type catch-word"/><OtherTag ID="BT4252" LABEL="endnote" DESCRIPTION="block type endnote"/>
  </Tags>
  <Layout>
    <Page WIDTH="887"
          HEIGHT="1509"
          PHYSICAL_IMG_NR="201"
          ID="eSc_dummypage_">
      <PrintSpace HPOS="0"
                  VPOS="0"
                  WIDTH="887"
                  HEIGHT="1509">
        <TextBlock HPOS="152.0"
                   VPOS="101.0"
                   WIDTH="54.0"
                   HEIGHT="44.0"
                   ID="region_1719311434746_52"
                   TAGREFS="BT4244">
          <Shape><Polygon POINTS="154 101 206 101 206 139 152 145"/></Shape>
        </TextBlock>
        <TextBlock HPOS="131.0"
                   VPOS="154.0"
                   WIDTH="644.0"
                   HEIGHT="378.0"
                   ID="region_1719311439386_55"
                   TAGREFS="BT4244">
          <Shape><Polygon POINTS="131 154 775 154 768 532 131 531"/></Shape>
        </TextBlock>
        <TextBlock HPOS="171.0"
                   VPOS="649.0"
                   WIDTH="596.0"
                   HEIGHT="224.0"
                   ID="region_1719311445418_58"
                   TAGREFS="BT4244">
          <Shape><Polygon POINTS="171 649 763 649 767 873 181 867"/></Shape>
        </TextBlock>
        <TextBlock HPOS="195.0"
                   VPOS="928.0"
                   WIDTH="512.0"
                   HEIGHT="51.0"
                   ID="region_1719311448927_61"
                   TAGREFS="BT4246">
          <Shape><Polygon POINTS="195 928 707 928 706 979 202 976"/></Shape>
        </TextBlock>
        <TextBlock HPOS="137.0"
                   VPOS="1005.0"
                   WIDTH="53.0"
                   HEIGHT="67.0"
                   ID="region_1719311465841_67"
                   TAGREFS="BT4244">
          <Shape><Polygon POINTS="140 1006 190 1005 190 1072 137 1072"/></Shape>
        </TextBlock>
        <TextBlock HPOS="143.0"
                   VPOS="1025.0"
                   WIDTH="631.0"
                   HEIGHT="302.0"
                   ID="region_1719311461608_64"
                   TAGREFS="BT4244">
          <Shape><Polygon POINTS="143 1079 192 1078 192 1030 774 1025 767 1327 143 1327"/></Shape>
        </TextBlock>
      </PrintSpace>
    </Page>
  </Layout>
</alto>
