<?xml version="1.0" encoding="UTF-8"?>
<alto xmlns:xsi="http://www.w3.org/2001/XMLSchema-instance"
      xmlns="http://www.loc.gov/standards/alto/ns-v4#"
      xsi:schemaLocation="http://www.loc.gov/standards/alto/ns-v4# http://www.loc.gov/standards/alto/v4/alto-4-2.xsd">
  <Description>
    <MeasurementUnit>pixel</MeasurementUnit>
    <sourceImageInformation>
      <fileName>1789,_Saemmtliche_Poetische_Werke,_Baumeister,_Bd._1,_VD18_80391559-001_Seite_064_Bild_0001.jpg</fileName>
      <fileIdentifier>mets//export_doc3109_melissa_alto_202503291248.zip/1789,_Saemmtliche_Poetische_Werke,_Baumeister,_Bd._1,_VD18_80391559-001_Seite_064_Bild_0001.jpg</fileIdentifier>
    </sourceImageInformation>
  </Description>
  <Tags>
    <OtherTag ID="BT1" LABEL="Title" DESCRIPTION="block type Title"/><OtherTag ID="BT2" LABEL="Main" DESCRIPTION="block type Main"/><OtherTag ID="BT3" LABEL="Commentary" DESCRIPTION="block type Commentary"/><OtherTag ID="BT4" LABEL="Illustration" DESCRIPTION="block type Illustration"/><OtherTag ID="BT4244" LABEL="paragraph" DESCRIPTION="block type paragraph"/><OtherTag ID="BT4245" LABEL="footnote" DESCRIPTION="block type footnote"/><OtherTag ID="BT4246" LABEL="heading" DESCRIPTION="block type heading"/><OtherTag ID="BT4247" LABEL="l-column" DESCRIPTION="block type l-column"/><OtherTag ID="BT4248" LABEL="r-column" DESCRIPTION="block type r-column"/><OtherTag ID="BT4249" LABEL="marginalia" DESCRIPTION="block type marginalia"/><OtherTag ID="BT4250" LABEL="signature-mark" DESCRIPTION="block type signature-mark"/><OtherTag ID="BT4251" LABEL="catch-word" DESCRIPTION="block type catch-word"/><OtherTag ID="BT4252" LABEL="endnote" DESCRIPTION="block type endnote"/>
  </Tags>
  <Layout>
    <Page WIDTH="889"
          HEIGHT="1502"
          PHYSICAL_IMG_NR="192"
          ID="eSc_dummypage_">
      <PrintSpace HPOS="0"
                  VPOS="0"
                  WIDTH="889"
                  HEIGHT="1502">
        <TextBlock HPOS="735.0"
                   VPOS="79.0"
                   WIDTH="60.0"
                   HEIGHT="49.0"
                   ID="region_1737727939630_217"
                   TAGREFS="BT4244">
          <Shape><Polygon POINTS="741 79 793 82 795 128 735 119"/></Shape>
        </TextBlock>
        <TextBlock HPOS="161.0"
                   VPOS="134.0"
                   WIDTH="635.0"
                   HEIGHT="514.0"
                   ID="region_1737727935202_214"
                   TAGREFS="BT4244">
          <Shape><Polygon POINTS="162 134 796 145 790 608 289 608 288 648 161 648"/></Shape>
        </TextBlock>
        <TextBlock HPOS="184.0"
                   VPOS="655.0"
                   WIDTH="609.0"
                   HEIGHT="681.0"
                   ID="region_1737727997863_255"
                   TAGREFS="BT4244">
          <Shape><Polygon POINTS="207 655 793 670 781 1336 184 1329"/></Shape>
        </TextBlock>
      </PrintSpace>
    </Page>
  </Layout>
</alto>
