<?xml version="1.0" encoding="UTF-8"?>
<alto xmlns:xsi="http://www.w3.org/2001/XMLSchema-instance"
      xmlns="http://www.loc.gov/standards/alto/ns-v4#"
      xsi:schemaLocation="http://www.loc.gov/standards/alto/ns-v4# http://www.loc.gov/standards/alto/v4/alto-4-2.xsd">
  <Description>
    <MeasurementUnit>pixel</MeasurementUnit>
    <sourceImageInformation>
      <fileName>1789,_Saemmtliche_Poetische_Werke,_Baumeister,_Bd._1,_VD18_80391559-001_Seite_047_Bild_0001.jpg</fileName>
      <fileIdentifier>mets//export_doc3109_melissa_alto_202503291248.zip/1789,_Saemmtliche_Poetische_Werke,_Baumeister,_Bd._1,_VD18_80391559-001_Seite_047_Bild_0001.jpg</fileIdentifier>
    </sourceImageInformation>
  </Description>
  <Tags>
    <OtherTag ID="BT1" LABEL="Title" DESCRIPTION="block type Title"/><OtherTag ID="BT2" LABEL="Main" DESCRIPTION="block type Main"/><OtherTag ID="BT3" LABEL="Commentary" DESCRIPTION="block type Commentary"/><OtherTag ID="BT4" LABEL="Illustration" DESCRIPTION="block type Illustration"/><OtherTag ID="BT4244" LABEL="paragraph" DESCRIPTION="block type paragraph"/><OtherTag ID="BT4245" LABEL="footnote" DESCRIPTION="block type footnote"/><OtherTag ID="BT4246" LABEL="heading" DESCRIPTION="block type heading"/><OtherTag ID="BT4247" LABEL="l-column" DESCRIPTION="block type l-column"/><OtherTag ID="BT4248" LABEL="r-column" DESCRIPTION="block type r-column"/><OtherTag ID="BT4249" LABEL="marginalia" DESCRIPTION="block type marginalia"/><OtherTag ID="BT4250" LABEL="signature-mark" DESCRIPTION="block type signature-mark"/><OtherTag ID="BT4251" LABEL="catch-word" DESCRIPTION="block type catch-word"/><OtherTag ID="BT4252" LABEL="endnote" DESCRIPTION="block type endnote"/>
  </Tags>
  <Layout>
    <Page WIDTH="888"
          HEIGHT="1510"
          PHYSICAL_IMG_NR="191"
          ID="eSc_dummypage_">
      <PrintSpace HPOS="0"
                  VPOS="0"
                  WIDTH="888"
                  HEIGHT="1510">
        <TextBlock HPOS="99.0"
                   VPOS="95.0"
                   WIDTH="186.0"
                   HEIGHT="44.0"
                   ID="region_1719307695690_245"
                   TAGREFS="BT4244">
          <Shape><Polygon POINTS="99 96 285 95 276 139 99 139"/></Shape>
        </TextBlock>
        <TextBlock HPOS="81.0"
                   VPOS="168.0"
                   WIDTH="663.0"
                   HEIGHT="365.0"
                   ID="region_1719307713447_251"
                   TAGREFS="BT4244">
          <Shape><Polygon POINTS="81 170 737 168 744 533 95 532"/></Shape>
        </TextBlock>
        <TextBlock HPOS="126.0"
                   VPOS="572.0"
                   WIDTH="615.0"
                   HEIGHT="334.0"
                   ID="TextRegion_1720167160937_296"
                   TAGREFS="BT4244">
          <Shape><Polygon POINTS="126 572 733 572 741 906 134 906"/></Shape>
        </TextBlock>
        <TextBlock HPOS="126.0"
                   VPOS="940.0"
                   WIDTH="441.0"
                   HEIGHT="115.0"
                   ID="TextRegion_1720167160937_295"
                   TAGREFS="BT4244">
          <Shape><Polygon POINTS="126 944 567 940 564 1054 126 1055"/></Shape>
        </TextBlock>
        <TextBlock HPOS="108.0"
                   VPOS="1187.0"
                   WIDTH="635.0"
                   HEIGHT="139.0"
                   ID="region_1719307732181_257"
                   TAGREFS="BT4245">
          <Shape><Polygon POINTS="108 1326 743 1326 743 1187 120 1190"/></Shape>
        </TextBlock>
      </PrintSpace>
    </Page>
  </Layout>
</alto>
