<?xml version="1.0" encoding="UTF-8"?>
<alto xmlns:xsi="http://www.w3.org/2001/XMLSchema-instance"
      xmlns="http://www.loc.gov/standards/alto/ns-v4#"
      xsi:schemaLocation="http://www.loc.gov/standards/alto/ns-v4# http://www.loc.gov/standards/alto/v4/alto-4-2.xsd">
  <Description>
    <MeasurementUnit>pixel</MeasurementUnit>
    <sourceImageInformation>
      <fileName>1789,_Saemmtliche_Poetische_Werke,_Baumeister,_Bd._1,_VD18_80391559-001_Seite_113_Bild_0001.jpg</fileName>
      <fileIdentifier>mets//export_doc3109_melissa_alto_202503291248.zip/1789,_Saemmtliche_Poetische_Werke,_Baumeister,_Bd._1,_VD18_80391559-001_Seite_113_Bild_0001.jpg</fileIdentifier>
    </sourceImageInformation>
  </Description>
  <Tags>
    <OtherTag ID="BT1" LABEL="Title" DESCRIPTION="block type Title"/><OtherTag ID="BT2" LABEL="Main" DESCRIPTION="block type Main"/><OtherTag ID="BT3" LABEL="Commentary" DESCRIPTION="block type Commentary"/><OtherTag ID="BT4" LABEL="Illustration" DESCRIPTION="block type Illustration"/><OtherTag ID="BT4244" LABEL="paragraph" DESCRIPTION="block type paragraph"/><OtherTag ID="BT4245" LABEL="footnote" DESCRIPTION="block type footnote"/><OtherTag ID="BT4246" LABEL="heading" DESCRIPTION="block type heading"/><OtherTag ID="BT4247" LABEL="l-column" DESCRIPTION="block type l-column"/><OtherTag ID="BT4248" LABEL="r-column" DESCRIPTION="block type r-column"/><OtherTag ID="BT4249" LABEL="marginalia" DESCRIPTION="block type marginalia"/><OtherTag ID="BT4250" LABEL="signature-mark" DESCRIPTION="block type signature-mark"/><OtherTag ID="BT4251" LABEL="catch-word" DESCRIPTION="block type catch-word"/><OtherTag ID="BT4252" LABEL="endnote" DESCRIPTION="block type endnote"/>
  </Tags>
  <Layout>
    <Page WIDTH="871"
          HEIGHT="1511"
          PHYSICAL_IMG_NR="195"
          ID="eSc_dummypage_">
      <PrintSpace HPOS="0"
                  VPOS="0"
                  WIDTH="871"
                  HEIGHT="1511">
        <TextBlock HPOS="143.0"
                   VPOS="91.0"
                   WIDTH="63.0"
                   HEIGHT="49.0"
                   ID="region_1737728591807_546"
                   TAGREFS="BT4244">
          <Shape><Polygon POINTS="143 91 147 140 206 132 203 92"/></Shape>
        </TextBlock>
        <TextBlock HPOS="147.0"
                   VPOS="155.0"
                   WIDTH="658.0"
                   HEIGHT="257.0"
                   ID="region_1737728603036_549"
                   TAGREFS="BT4244">
          <Shape><Polygon POINTS="147 155 805 157 793 377 650 409 148 412"/></Shape>
        </TextBlock>
        <TextBlock HPOS="144.0"
                   VPOS="436.0"
                   WIDTH="660.0"
                   HEIGHT="353.0"
                   ID="region_1737728614534_552"
                   TAGREFS="BT4244">
          <Shape><Polygon POINTS="188 436 804 444 789 789 144 782 146 520 192 515"/></Shape>
        </TextBlock>
        <TextBlock HPOS="132.0"
                   VPOS="859.0"
                   WIDTH="656.0"
                   HEIGHT="90.0"
                   ID="region_1737728634739_555"
                   TAGREFS="BT4245">
          <Shape><Polygon POINTS="190 859 788 863 783 904 409 907 415 943 132 949 132 913 192 901"/></Shape>
        </TextBlock>
        <TextBlock HPOS="135.0"
                   VPOS="979.0"
                   WIDTH="655.0"
                   HEIGHT="134.0"
                   ID="region_1737728643470_558"
                   TAGREFS="BT4245">
          <Shape><Polygon POINTS="198 979 789 988 790 1067 658 1076 663 1109 135 1113 143 1029 186 1033"/></Shape>
        </TextBlock>
        <TextBlock HPOS="140.0"
                   VPOS="1146.0"
                   WIDTH="656.0"
                   HEIGHT="188.0"
                   ID="region_1737728657014_561"
                   TAGREFS="BT4245">
          <Shape><Polygon POINTS="189 1146 796 1156 784 1332 140 1334 148 1201 194 1195"/></Shape>
        </TextBlock>
      </PrintSpace>
    </Page>
  </Layout>
</alto>
