<?xml version="1.0" encoding="UTF-8"?>
<alto xmlns:xsi="http://www.w3.org/2001/XMLSchema-instance"
      xmlns="http://www.loc.gov/standards/alto/ns-v4#"
      xsi:schemaLocation="http://www.loc.gov/standards/alto/ns-v4# http://www.loc.gov/standards/alto/v4/alto-4-2.xsd">
  <Description>
    <MeasurementUnit>pixel</MeasurementUnit>
    <sourceImageInformation>
      <fileName>1789,_Saemmtliche_Poetische_Werke,_Baumeister,_Bd._2,_VD18_80391567-001_Seite_151_Bild_0001.jpg</fileName>
      <fileIdentifier>mets//export_doc3109_melissa_alto_202503291248.zip/1789,_Saemmtliche_Poetische_Werke,_Baumeister,_Bd._2,_VD18_80391567-001_Seite_151_Bild_0001.jpg</fileIdentifier>
    </sourceImageInformation>
  </Description>
  <Tags>
    <OtherTag ID="BT1" LABEL="Title" DESCRIPTION="block type Title"/><OtherTag ID="BT2" LABEL="Main" DESCRIPTION="block type Main"/><OtherTag ID="BT3" LABEL="Commentary" DESCRIPTION="block type Commentary"/><OtherTag ID="BT4" LABEL="Illustration" DESCRIPTION="block type Illustration"/><OtherTag ID="BT4244" LABEL="paragraph" DESCRIPTION="block type paragraph"/><OtherTag ID="BT4245" LABEL="footnote" DESCRIPTION="block type footnote"/><OtherTag ID="BT4246" LABEL="heading" DESCRIPTION="block type heading"/><OtherTag ID="BT4247" LABEL="l-column" DESCRIPTION="block type l-column"/><OtherTag ID="BT4248" LABEL="r-column" DESCRIPTION="block type r-column"/><OtherTag ID="BT4249" LABEL="marginalia" DESCRIPTION="block type marginalia"/><OtherTag ID="BT4250" LABEL="signature-mark" DESCRIPTION="block type signature-mark"/><OtherTag ID="BT4251" LABEL="catch-word" DESCRIPTION="block type catch-word"/><OtherTag ID="BT4252" LABEL="endnote" DESCRIPTION="block type endnote"/>
  </Tags>
  <Layout>
    <Page WIDTH="887"
          HEIGHT="1518"
          PHYSICAL_IMG_NR="202"
          ID="eSc_dummypage_">
      <PrintSpace HPOS="0"
                  VPOS="0"
                  WIDTH="887"
                  HEIGHT="1518">
        <TextBlock HPOS="157.0"
                   VPOS="90.0"
                   WIDTH="74.0"
                   HEIGHT="40.0"
                   ID="region_1737731992842_766"
                   TAGREFS="BT4244">
          <Shape><Polygon POINTS="157 95 231 90 229 126 161 130"/></Shape>
        </TextBlock>
        <TextBlock HPOS="145.0"
                   VPOS="138.0"
                   WIDTH="661.0"
                   HEIGHT="514.0"
                   ID="region_1737732013986_771"
                   TAGREFS="BT4244">
          <Shape><Polygon POINTS="150 142 727 138 733 170 806 183 788 652 145 650"/></Shape>
        </TextBlock>
        <TextBlock HPOS="192.0"
                   VPOS="676.0"
                   WIDTH="598.0"
                   HEIGHT="220.0"
                   ID="region_1737732029526_774"
                   TAGREFS="BT4245">
          <Shape><Polygon POINTS="192 677 780 676 790 896 244 896"/></Shape>
        </TextBlock>
        <TextBlock HPOS="148.0"
                   VPOS="942.0"
                   WIDTH="644.0"
                   HEIGHT="103.0"
                   ID="region_1737732037686_777"
                   TAGREFS="BT4246">
          <Shape><Polygon POINTS="148 942 792 943 785 996 569 1000 566 1043 369 1045 369 998 148 994"/></Shape>
        </TextBlock>
        <TextBlock HPOS="149.0"
                   VPOS="1101.0"
                   WIDTH="636.0"
                   HEIGHT="209.0"
                   ID="region_1737732077141_783"
                   TAGREFS="BT4244">
          <Shape><Polygon POINTS="201 1117 202 1124 203 1136 200 1142 351 1164 149 1179 152 1303 785 1310 766 1285 717 1249 779 1220 761 1193 617 1166 782 1141 779 1101 209 1103"/></Shape>
        </TextBlock>
        <TextBlock HPOS="152.0"
                   VPOS="1079.0"
                   WIDTH="49.0"
                   HEIGHT="61.0"
                   ID="region_1737732051020_780"
                   TAGREFS="BT4244">
          <Shape><Polygon POINTS="201 1125 183 1079 158 1099 152 1140 192 1138 201 1136"/></Shape>
        </TextBlock>
      </PrintSpace>
    </Page>
  </Layout>
</alto>
