<?xml version="1.0" encoding="UTF-8"?>
<alto xmlns:xsi="http://www.w3.org/2001/XMLSchema-instance"
      xmlns="http://www.loc.gov/standards/alto/ns-v4#"
      xsi:schemaLocation="http://www.loc.gov/standards/alto/ns-v4# http://www.loc.gov/standards/alto/v4/alto-4-2.xsd">
  <Description>
    <MeasurementUnit>pixel</MeasurementUnit>
    <sourceImageInformation>
      <fileName>1793,_Saemmtliche_Poetische_Werke,_Schraembl,_Bd._4,_VD18_90245911_Seite_019_Bild_0001.jpg</fileName>
      <fileIdentifier>mets//export_doc3108_lena_alto_202503291248.zip/1793,_Saemmtliche_Poetische_Werke,_Schraembl,_Bd._4,_VD18_90245911_Seite_019_Bild_0001.jpg</fileIdentifier>
    </sourceImageInformation>
  </Description>
  <Tags>
    <OtherTag ID="BT1" LABEL="Title" DESCRIPTION="block type Title"/><OtherTag ID="BT2" LABEL="Main" DESCRIPTION="block type Main"/><OtherTag ID="BT3" LABEL="Commentary" DESCRIPTION="block type Commentary"/><OtherTag ID="BT4" LABEL="Illustration" DESCRIPTION="block type Illustration"/><OtherTag ID="BT4244" LABEL="paragraph" DESCRIPTION="block type paragraph"/><OtherTag ID="BT4245" LABEL="footnote" DESCRIPTION="block type footnote"/><OtherTag ID="BT4246" LABEL="heading" DESCRIPTION="block type heading"/><OtherTag ID="BT4247" LABEL="l-column" DESCRIPTION="block type l-column"/><OtherTag ID="BT4248" LABEL="r-column" DESCRIPTION="block type r-column"/><OtherTag ID="BT4249" LABEL="marginalia" DESCRIPTION="block type marginalia"/><OtherTag ID="BT4250" LABEL="signature-mark" DESCRIPTION="block type signature-mark"/><OtherTag ID="BT4251" LABEL="catch-word" DESCRIPTION="block type catch-word"/><OtherTag ID="BT4252" LABEL="endnote" DESCRIPTION="block type endnote"/>
  </Tags>
  <Layout>
    <Page WIDTH="1077"
          HEIGHT="1842"
          PHYSICAL_IMG_NR="118"
          ID="eSc_dummypage_">
      <PrintSpace HPOS="0"
                  VPOS="0"
                  WIDTH="1077"
                  HEIGHT="1842">
        <TextBlock HPOS="291.0"
                   VPOS="173.0"
                   WIDTH="46.0"
                   HEIGHT="36.0"
                   ID="region_1720112520087_145"
                   TAGREFS="BT4244">
          <Shape><Polygon POINTS="298 173 291 192 302 209 337 207 332 175"/></Shape>
        </TextBlock>
        <TextBlock HPOS="284.0"
                   VPOS="251.0"
                   WIDTH="713.0"
                   HEIGHT="380.0"
                   ID="region_1720112537249_148"
                   TAGREFS="BT4244">
          <Shape><Polygon POINTS="284 258 287 623 603 631 997 567 986 251 710 251 384 255"/></Shape>
        </TextBlock>
        <TextBlock HPOS="286.0"
                   VPOS="655.0"
                   WIDTH="703.0"
                   HEIGHT="72.0"
                   ID="region_1720112547338_151"
                   TAGREFS="BT4244">
          <Shape><Polygon POINTS="296 666 286 727 987 717 989 655"/></Shape>
        </TextBlock>
        <TextBlock HPOS="347.0"
                   VPOS="789.0"
                   WIDTH="658.0"
                   HEIGHT="330.0"
                   ID="region_1720112574263_157"
                   TAGREFS="BT4245">
          <Shape><Polygon POINTS="350 806 347 1119 1005 1109 998 789 392 798"/></Shape>
        </TextBlock>
        <TextBlock HPOS="318.0"
                   VPOS="1134.0"
                   WIDTH="692.0"
                   HEIGHT="366.0"
                   ID="region_1720112590596_160"
                   TAGREFS="BT4245">
          <Shape><Polygon POINTS="318 1153 337 1500 1010 1492 1004 1134 352 1147"/></Shape>
        </TextBlock>
      </PrintSpace>
    </Page>
  </Layout>
</alto>
