<?xml version="1.0" encoding="UTF-8"?>
<alto xmlns:xsi="http://www.w3.org/2001/XMLSchema-instance"
      xmlns="http://www.loc.gov/standards/alto/ns-v4#"
      xsi:schemaLocation="http://www.loc.gov/standards/alto/ns-v4# http://www.loc.gov/standards/alto/v4/alto-4-2.xsd">
  <Description>
    <MeasurementUnit>pixel</MeasurementUnit>
    <sourceImageInformation>
      <fileName>1793,_Saemmtliche_Poetische_Werke,_Schraembl,_Bd._2,_VD18_9024589X_Seite_049_Bild_0001.jpg</fileName>
      <fileIdentifier>mets//export_doc3108_lena_alto_202503291248.zip/1793,_Saemmtliche_Poetische_Werke,_Schraembl,_Bd._2,_VD18_9024589X_Seite_049_Bild_0001.jpg</fileIdentifier>
    </sourceImageInformation>
  </Description>
  <Tags>
    <OtherTag ID="BT1" LABEL="Title" DESCRIPTION="block type Title"/><OtherTag ID="BT2" LABEL="Main" DESCRIPTION="block type Main"/><OtherTag ID="BT3" LABEL="Commentary" DESCRIPTION="block type Commentary"/><OtherTag ID="BT4" LABEL="Illustration" DESCRIPTION="block type Illustration"/><OtherTag ID="BT4244" LABEL="paragraph" DESCRIPTION="block type paragraph"/><OtherTag ID="BT4245" LABEL="footnote" DESCRIPTION="block type footnote"/><OtherTag ID="BT4246" LABEL="heading" DESCRIPTION="block type heading"/><OtherTag ID="BT4247" LABEL="l-column" DESCRIPTION="block type l-column"/><OtherTag ID="BT4248" LABEL="r-column" DESCRIPTION="block type r-column"/><OtherTag ID="BT4249" LABEL="marginalia" DESCRIPTION="block type marginalia"/><OtherTag ID="BT4250" LABEL="signature-mark" DESCRIPTION="block type signature-mark"/><OtherTag ID="BT4251" LABEL="catch-word" DESCRIPTION="block type catch-word"/><OtherTag ID="BT4252" LABEL="endnote" DESCRIPTION="block type endnote"/>
  </Tags>
  <Layout>
    <Page WIDTH="1096"
          HEIGHT="1912"
          PHYSICAL_IMG_NR="105"
          ID="eSc_dummypage_">
      <PrintSpace HPOS="0"
                  VPOS="0"
                  WIDTH="1096"
                  HEIGHT="1912">
        <TextBlock HPOS="278.0"
                   VPOS="188.0"
                   WIDTH="67.0"
                   HEIGHT="41.0"
                   ID="region_1718559266639_389"
                   TAGREFS="BT4244">
          <Shape><Polygon POINTS="278 229 345 229 345 188 278 188"/></Shape>
        </TextBlock>
        <TextBlock HPOS="365.0"
                   VPOS="360.0"
                   WIDTH="550.0"
                   HEIGHT="250.0"
                   ID="region_1718559287904_395"
                   TAGREFS="BT4246">
          <Shape><Polygon POINTS="365 610 915 610 915 360 365 360"/></Shape>
        </TextBlock>
        <TextBlock HPOS="282.0"
                   VPOS="692.0"
                   WIDTH="715.0"
                   HEIGHT="91.0"
                   ID="region_1718559302264_398"
                   TAGREFS="BT4244">
          <Shape><Polygon POINTS="282 774 997 783 994 692 282 692"/></Shape>
        </TextBlock>
        <TextBlock HPOS="299.0"
                   VPOS="846.0"
                   WIDTH="79.0"
                   HEIGHT="80.0"
                   ID="TextRegion_1720024787749_385"
                   TAGREFS="BT4244">
          <Shape><Polygon POINTS="327 846 378 850 372 926 299 913"/></Shape>
        </TextBlock>
        <TextBlock HPOS="245.0"
                   VPOS="840.0"
                   WIDTH="763.0"
                   HEIGHT="406.0"
                   ID="TextRegion_1720024787749_384"
                   TAGREFS="BT4244">
          <Shape><Polygon POINTS="388 840 1008 842 1008 1246 245 1246 264 927 373 927"/></Shape>
        </TextBlock>
        <TextBlock HPOS="272.0"
                   VPOS="1282.0"
                   WIDTH="727.0"
                   HEIGHT="255.0"
                   ID="region_1718559327744_405"
                   TAGREFS="BT4244">
          <Shape><Polygon POINTS="272 1537 999 1537 999 1282 272 1282"/></Shape>
        </TextBlock>
      </PrintSpace>
    </Page>
  </Layout>
</alto>
