<?xml version="1.0" encoding="UTF-8"?>
<alto xmlns:xsi="http://www.w3.org/2001/XMLSchema-instance"
      xmlns="http://www.loc.gov/standards/alto/ns-v4#"
      xsi:schemaLocation="http://www.loc.gov/standards/alto/ns-v4# http://www.loc.gov/standards/alto/v4/alto-4-2.xsd">
  <Description>
    <MeasurementUnit>pixel</MeasurementUnit>
    <sourceImageInformation>
      <fileName>1793,_Saemmtliche_Poetische_Werke,_Schraembl,_Bd._2,_VD18_9024589X_Seite_182_Bild_0001.jpg</fileName>
      <fileIdentifier>mets//export_doc3108_lena_alto_202503291248.zip/1793,_Saemmtliche_Poetische_Werke,_Schraembl,_Bd._2,_VD18_9024589X_Seite_182_Bild_0001.jpg</fileIdentifier>
    </sourceImageInformation>
  </Description>
  <Tags>
    <OtherTag ID="BT1" LABEL="Title" DESCRIPTION="block type Title"/><OtherTag ID="BT2" LABEL="Main" DESCRIPTION="block type Main"/><OtherTag ID="BT3" LABEL="Commentary" DESCRIPTION="block type Commentary"/><OtherTag ID="BT4" LABEL="Illustration" DESCRIPTION="block type Illustration"/><OtherTag ID="BT4244" LABEL="paragraph" DESCRIPTION="block type paragraph"/><OtherTag ID="BT4245" LABEL="footnote" DESCRIPTION="block type footnote"/><OtherTag ID="BT4246" LABEL="heading" DESCRIPTION="block type heading"/><OtherTag ID="BT4247" LABEL="l-column" DESCRIPTION="block type l-column"/><OtherTag ID="BT4248" LABEL="r-column" DESCRIPTION="block type r-column"/><OtherTag ID="BT4249" LABEL="marginalia" DESCRIPTION="block type marginalia"/><OtherTag ID="BT4250" LABEL="signature-mark" DESCRIPTION="block type signature-mark"/><OtherTag ID="BT4251" LABEL="catch-word" DESCRIPTION="block type catch-word"/><OtherTag ID="BT4252" LABEL="endnote" DESCRIPTION="block type endnote"/>
  </Tags>
  <Layout>
    <Page WIDTH="1084"
          HEIGHT="1912"
          PHYSICAL_IMG_NR="108"
          ID="eSc_dummypage_">
      <PrintSpace HPOS="0"
                  VPOS="0"
                  WIDTH="1084"
                  HEIGHT="1912">
        <TextBlock HPOS="708.0"
                   VPOS="212.0"
                   WIDTH="68.0"
                   HEIGHT="41.0"
                   ID="region_1720168288155_666"
                   TAGREFS="BT4244">
          <Shape><Polygon POINTS="708 215 711 247 770 253 776 212"/></Shape>
        </TextBlock>
        <TextBlock HPOS="157.0"
                   VPOS="375.0"
                   WIDTH="543.0"
                   HEIGHT="69.0"
                   ID="region_1720168297109_669"
                   TAGREFS="BT4246">
          <Shape><Polygon POINTS="163 386 157 444 690 435 700 375"/></Shape>
        </TextBlock>
        <TextBlock HPOS="113.0"
                   VPOS="497.0"
                   WIDTH="673.0"
                   HEIGHT="181.0"
                   ID="region_1720168307082_672"
                   TAGREFS="BT4244">
          <Shape><Polygon POINTS="113 501 113 666 786 678 754 497"/></Shape>
        </TextBlock>
        <TextBlock HPOS="118.0"
                   VPOS="737.0"
                   WIDTH="75.0"
                   HEIGHT="58.0"
                   ID="region_1720168316450_675"
                   TAGREFS="BT4244">
          <Shape><Polygon POINTS="193 740 192 793 118 795 122 737"/></Shape>
        </TextBlock>
        <TextBlock HPOS="82.0"
                   VPOS="746.0"
                   WIDTH="762.0"
                   HEIGHT="396.0"
                   ID="region_1720168337378_678"
                   TAGREFS="BT4244">
          <Shape><Polygon POINTS="195 753 195 801 89 802 82 1138 797 1142 826 848 844 746"/></Shape>
        </TextBlock>
        <TextBlock HPOS="68.0"
                   VPOS="1197.0"
                   WIDTH="696.0"
                   HEIGHT="411.0"
                   ID="region_1720168343664_681"
                   TAGREFS="BT4244">
          <Shape><Polygon POINTS="70 1204 68 1605 762 1608 764 1197"/></Shape>
        </TextBlock>
      </PrintSpace>
    </Page>
  </Layout>
</alto>
