<?xml version="1.0" encoding="UTF-8"?>
<alto xmlns:xsi="http://www.w3.org/2001/XMLSchema-instance"
      xmlns="http://www.loc.gov/standards/alto/ns-v4#"
      xsi:schemaLocation="http://www.loc.gov/standards/alto/ns-v4# http://www.loc.gov/standards/alto/v4/alto-4-2.xsd">
  <Description>
    <MeasurementUnit>pixel</MeasurementUnit>
    <sourceImageInformation>
      <fileName>1793,_Saemmtliche_Poetische_Werke,_Schraembl,_Bd._5,_VD18_9024592X_Seite_127_Bild_0001.jpg</fileName>
      <fileIdentifier>mets//export_doc3108_lena_alto_202503291248.zip/1793,_Saemmtliche_Poetische_Werke,_Schraembl,_Bd._5,_VD18_9024592X_Seite_127_Bild_0001.jpg</fileIdentifier>
    </sourceImageInformation>
  </Description>
  <Tags>
    <OtherTag ID="BT1" LABEL="Title" DESCRIPTION="block type Title"/><OtherTag ID="BT2" LABEL="Main" DESCRIPTION="block type Main"/><OtherTag ID="BT3" LABEL="Commentary" DESCRIPTION="block type Commentary"/><OtherTag ID="BT4" LABEL="Illustration" DESCRIPTION="block type Illustration"/><OtherTag ID="BT4244" LABEL="paragraph" DESCRIPTION="block type paragraph"/><OtherTag ID="BT4245" LABEL="footnote" DESCRIPTION="block type footnote"/><OtherTag ID="BT4246" LABEL="heading" DESCRIPTION="block type heading"/><OtherTag ID="BT4247" LABEL="l-column" DESCRIPTION="block type l-column"/><OtherTag ID="BT4248" LABEL="r-column" DESCRIPTION="block type r-column"/><OtherTag ID="BT4249" LABEL="marginalia" DESCRIPTION="block type marginalia"/><OtherTag ID="BT4250" LABEL="signature-mark" DESCRIPTION="block type signature-mark"/><OtherTag ID="BT4251" LABEL="catch-word" DESCRIPTION="block type catch-word"/><OtherTag ID="BT4252" LABEL="endnote" DESCRIPTION="block type endnote"/>
  </Tags>
  <Layout>
    <Page WIDTH="1064"
          HEIGHT="1856"
          PHYSICAL_IMG_NR="127"
          ID="eSc_dummypage_">
      <PrintSpace HPOS="0"
                  VPOS="0"
                  WIDTH="1064"
                  HEIGHT="1856">
        <TextBlock HPOS="293.0"
                   VPOS="164.0"
                   WIDTH="76.0"
                   HEIGHT="33.0"
                   ID="region_1720168698098_729"
                   TAGREFS="BT4244">
          <Shape><Polygon POINTS="293 164 294 196 369 197 360 169"/></Shape>
        </TextBlock>
        <TextBlock HPOS="260.0"
                   VPOS="243.0"
                   WIDTH="743.0"
                   HEIGHT="943.0"
                   ID="region_1720168714772_732"
                   TAGREFS="BT4244">
          <Shape><Polygon POINTS="295 243 1003 251 987 1186 260 1163 266 396"/></Shape>
        </TextBlock>
        <TextBlock HPOS="290.0"
                   VPOS="1193.0"
                   WIDTH="684.0"
                   HEIGHT="159.0"
                   ID="region_1720168726947_735"
                   TAGREFS="BT4244">
          <Shape><Polygon POINTS="290 1200 303 1339 826 1352 967 1277 974 1202 356 1193"/></Shape>
        </TextBlock>
        <TextBlock HPOS="267.0"
                   VPOS="1394.0"
                   WIDTH="689.0"
                   HEIGHT="96.0"
                   ID="region_1720168749448_741"
                   TAGREFS="BT4245">
          <Shape><Polygon POINTS="279 1403 267 1468 954 1490 956 1408 413 1395 329 1394"/></Shape>
        </TextBlock>
      </PrintSpace>
    </Page>
  </Layout>
</alto>
