<?xml version="1.0" encoding="UTF-8"?>
<alto xmlns:xsi="http://www.w3.org/2001/XMLSchema-instance"
      xmlns="http://www.loc.gov/standards/alto/ns-v4#"
      xsi:schemaLocation="http://www.loc.gov/standards/alto/ns-v4# http://www.loc.gov/standards/alto/v4/alto-4-2.xsd">
  <Description>
    <MeasurementUnit>pixel</MeasurementUnit>
    <sourceImageInformation>
      <fileName>1793,_Saemmtliche_Poetische_Werke,_Schraembl,_Bd._2,_VD18_9024589X_Seite_274_Bild_0001.jpg</fileName>
      <fileIdentifier>mets//export_doc3108_lena_alto_202503291248.zip/1793,_Saemmtliche_Poetische_Werke,_Schraembl,_Bd._2,_VD18_9024589X_Seite_274_Bild_0001.jpg</fileIdentifier>
    </sourceImageInformation>
  </Description>
  <Tags>
    <OtherTag ID="BT1" LABEL="Title" DESCRIPTION="block type Title"/><OtherTag ID="BT2" LABEL="Main" DESCRIPTION="block type Main"/><OtherTag ID="BT3" LABEL="Commentary" DESCRIPTION="block type Commentary"/><OtherTag ID="BT4" LABEL="Illustration" DESCRIPTION="block type Illustration"/><OtherTag ID="BT4244" LABEL="paragraph" DESCRIPTION="block type paragraph"/><OtherTag ID="BT4245" LABEL="footnote" DESCRIPTION="block type footnote"/><OtherTag ID="BT4246" LABEL="heading" DESCRIPTION="block type heading"/><OtherTag ID="BT4247" LABEL="l-column" DESCRIPTION="block type l-column"/><OtherTag ID="BT4248" LABEL="r-column" DESCRIPTION="block type r-column"/><OtherTag ID="BT4249" LABEL="marginalia" DESCRIPTION="block type marginalia"/><OtherTag ID="BT4250" LABEL="signature-mark" DESCRIPTION="block type signature-mark"/><OtherTag ID="BT4251" LABEL="catch-word" DESCRIPTION="block type catch-word"/><OtherTag ID="BT4252" LABEL="endnote" DESCRIPTION="block type endnote"/>
  </Tags>
  <Layout>
    <Page WIDTH="1088"
          HEIGHT="1912"
          PHYSICAL_IMG_NR="109"
          ID="eSc_dummypage_">
      <PrintSpace HPOS="0"
                  VPOS="0"
                  WIDTH="1088"
                  HEIGHT="1912">
        <TextBlock HPOS="735.0"
                   VPOS="193.0"
                   WIDTH="84.0"
                   HEIGHT="41.0"
                   ID="region_1718562325520_703"
                   TAGREFS="BT4244">
          <Shape><Polygon POINTS="741 228 819 234 818 193 735 193"/></Shape>
        </TextBlock>
        <TextBlock HPOS="114.0"
                   VPOS="281.0"
                   WIDTH="703.0"
                   HEIGHT="132.0"
                   ID="region_1718563007326_786"
                   TAGREFS="BT4245">
          <Shape><Polygon POINTS="118 408 405 413 487 408 809 404 817 284 114 281"/></Shape>
        </TextBlock>
        <TextBlock HPOS="113.0"
                   VPOS="415.0"
                   WIDTH="700.0"
                   HEIGHT="137.0"
                   ID="region_1718562984301_781"
                   TAGREFS="BT4245">
          <Shape><Polygon POINTS="113 552 813 552 813 415 124 420"/></Shape>
        </TextBlock>
        <TextBlock HPOS="172.0"
                   VPOS="595.0"
                   WIDTH="588.0"
                   HEIGHT="51.0"
                   ID="region_1718562382289_714"
                   TAGREFS="BT4246">
          <Shape><Polygon POINTS="172 646 760 646 760 595 172 595"/></Shape>
        </TextBlock>
        <TextBlock HPOS="105.0"
                   VPOS="692.0"
                   WIDTH="716.0"
                   HEIGHT="291.0"
                   ID="region_1718562397369_717"
                   TAGREFS="BT4245">
          <Shape><Polygon POINTS="105 692 821 692 821 983 105 983"/></Shape>
        </TextBlock>
        <TextBlock HPOS="105.0"
                   VPOS="1002.0"
                   WIDTH="727.0"
                   HEIGHT="529.0"
                   ID="region_1718562432665_720"
                   TAGREFS="BT4245">
          <Shape><Polygon POINTS="105 1514 832 1531 832 1002 108 1002"/></Shape>
        </TextBlock>
        <TextBlock HPOS="154.0"
                   VPOS="1530.0"
                   WIDTH="651.0"
                   HEIGHT="41.0"
                   ID="region_1718562674659_762"
                   TAGREFS="BT4244">
          <Shape><Polygon POINTS="154 1562 805 1571 795 1541 156 1530"/></Shape>
        </TextBlock>
      </PrintSpace>
    </Page>
  </Layout>
</alto>
