<?xml version="1.0" encoding="UTF-8"?>
<alto xmlns:xsi="http://www.w3.org/2001/XMLSchema-instance"
      xmlns="http://www.loc.gov/standards/alto/ns-v4#"
      xsi:schemaLocation="http://www.loc.gov/standards/alto/ns-v4# http://www.loc.gov/standards/alto/v4/alto-4-2.xsd">
  <Description>
    <MeasurementUnit>pixel</MeasurementUnit>
    <sourceImageInformation>
      <fileName>1793,_Saemmtliche_Poetische_Werke,_Schraembl,_Bd._4,_VD18_90245911_Seite_168_Bild_0001.jpg</fileName>
      <fileIdentifier>mets//export_doc3108_lena_alto_202503291248.zip/1793,_Saemmtliche_Poetische_Werke,_Schraembl,_Bd._4,_VD18_90245911_Seite_168_Bild_0001.jpg</fileIdentifier>
    </sourceImageInformation>
  </Description>
  <Tags>
    <OtherTag ID="BT1" LABEL="Title" DESCRIPTION="block type Title"/><OtherTag ID="BT2" LABEL="Main" DESCRIPTION="block type Main"/><OtherTag ID="BT3" LABEL="Commentary" DESCRIPTION="block type Commentary"/><OtherTag ID="BT4" LABEL="Illustration" DESCRIPTION="block type Illustration"/><OtherTag ID="BT4244" LABEL="paragraph" DESCRIPTION="block type paragraph"/><OtherTag ID="BT4245" LABEL="footnote" DESCRIPTION="block type footnote"/><OtherTag ID="BT4246" LABEL="heading" DESCRIPTION="block type heading"/><OtherTag ID="BT4247" LABEL="l-column" DESCRIPTION="block type l-column"/><OtherTag ID="BT4248" LABEL="r-column" DESCRIPTION="block type r-column"/><OtherTag ID="BT4249" LABEL="marginalia" DESCRIPTION="block type marginalia"/><OtherTag ID="BT4250" LABEL="signature-mark" DESCRIPTION="block type signature-mark"/><OtherTag ID="BT4251" LABEL="catch-word" DESCRIPTION="block type catch-word"/><OtherTag ID="BT4252" LABEL="endnote" DESCRIPTION="block type endnote"/>
  </Tags>
  <Layout>
    <Page WIDTH="1065"
          HEIGHT="1842"
          PHYSICAL_IMG_NR="122"
          ID="eSc_dummypage_">
      <PrintSpace HPOS="0"
                  VPOS="0"
                  WIDTH="1065"
                  HEIGHT="1842">
        <TextBlock HPOS="694.0"
                   VPOS="169.0"
                   WIDTH="82.0"
                   HEIGHT="39.0"
                   ID="region_1720171245787_1055"
                   TAGREFS="BT4244">
          <Shape><Polygon POINTS="694 173 696 208 776 204 765 169"/></Shape>
        </TextBlock>
        <TextBlock HPOS="152.0"
                   VPOS="374.0"
                   WIDTH="538.0"
                   HEIGHT="69.0"
                   ID="region_1720171286038_1067"
                   TAGREFS="BT4246">
          <Shape><Polygon POINTS="152 375 152 442 673 443 690 374"/></Shape>
        </TextBlock>
        <TextBlock HPOS="301.0"
                   VPOS="528.0"
                   WIDTH="220.0"
                   HEIGHT="58.0"
                   ID="region_1720171291114_1070"
                   TAGREFS="BT4246">
          <Shape><Polygon POINTS="301 528 304 586 518 584 521 533"/></Shape>
        </TextBlock>
        <TextBlock HPOS="107.0"
                   VPOS="594.0"
                   WIDTH="59.0"
                   HEIGHT="66.0"
                   ID="region_1720171301326_1073"
                   TAGREFS="BT4244">
          <Shape><Polygon POINTS="162 606 166 660 107 658 116 594"/></Shape>
        </TextBlock>
        <TextBlock HPOS="64.0"
                   VPOS="605.0"
                   WIDTH="742.0"
                   HEIGHT="390.0"
                   ID="region_1720171322973_1076"
                   TAGREFS="BT4244">
          <Shape><Polygon POINTS="165 629 169 656 165 693 64 707 66 977 806 995 779 619 204 605"/></Shape>
        </TextBlock>
        <TextBlock HPOS="291.0"
                   VPOS="992.0"
                   WIDTH="260.0"
                   HEIGHT="38.0"
                   ID="region_1720171355743_1083"
                   TAGREFS="BT4246">
          <Shape><Polygon POINTS="291 992 295 1024 551 1030 534 1000"/></Shape>
        </TextBlock>
        <TextBlock HPOS="315.0"
                   VPOS="1227.0"
                   WIDTH="211.0"
                   HEIGHT="30.0"
                   ID="region_1720171453598_1091"
                   TAGREFS="BT4246">
          <Shape><Polygon POINTS="315 1227 315 1254 526 1257 516 1227"/></Shape>
        </TextBlock>
        <TextBlock HPOS="59.0"
                   VPOS="1031.0"
                   WIDTH="735.0"
                   HEIGHT="190.0"
                   ID="region_1720171381662_1087"
                   TAGREFS="BT4244">
          <Shape><Polygon POINTS="59 1031 60 1207 794 1221 783 1039 370 1033"/></Shape>
        </TextBlock>
        <TextBlock HPOS="47.0"
                   VPOS="1253.0"
                   WIDTH="739.0"
                   HEIGHT="295.0"
                   ID="region_1720171468685_1094"
                   TAGREFS="BT4244">
          <Shape><Polygon POINTS="58 1265 47 1531 786 1548 774 1264 106 1253"/></Shape>
        </TextBlock>
      </PrintSpace>
    </Page>
  </Layout>
</alto>
