<?xml version="1.0" encoding="UTF-8"?>
<alto xmlns:xsi="http://www.w3.org/2001/XMLSchema-instance"
      xmlns="http://www.loc.gov/standards/alto/ns-v4#"
      xsi:schemaLocation="http://www.loc.gov/standards/alto/ns-v4# http://www.loc.gov/standards/alto/v4/alto-4-2.xsd">
  <Description>
    <MeasurementUnit>pixel</MeasurementUnit>
    <sourceImageInformation>
      <fileName>1793,_Saemmtliche_Poetische_Werke,_Schraembl,_Bd._1,_VD18_90245881_Seite_258_Bild_0001.jpg</fileName>
      <fileIdentifier>mets//export_doc3108_lena_alto_202503291248.zip/1793,_Saemmtliche_Poetische_Werke,_Schraembl,_Bd._1,_VD18_90245881_Seite_258_Bild_0001.jpg</fileIdentifier>
    </sourceImageInformation>
  </Description>
  <Tags>
    <OtherTag ID="BT1" LABEL="Title" DESCRIPTION="block type Title"/><OtherTag ID="BT2" LABEL="Main" DESCRIPTION="block type Main"/><OtherTag ID="BT3" LABEL="Commentary" DESCRIPTION="block type Commentary"/><OtherTag ID="BT4" LABEL="Illustration" DESCRIPTION="block type Illustration"/><OtherTag ID="BT4244" LABEL="paragraph" DESCRIPTION="block type paragraph"/><OtherTag ID="BT4245" LABEL="footnote" DESCRIPTION="block type footnote"/><OtherTag ID="BT4246" LABEL="heading" DESCRIPTION="block type heading"/><OtherTag ID="BT4247" LABEL="l-column" DESCRIPTION="block type l-column"/><OtherTag ID="BT4248" LABEL="r-column" DESCRIPTION="block type r-column"/><OtherTag ID="BT4249" LABEL="marginalia" DESCRIPTION="block type marginalia"/><OtherTag ID="BT4250" LABEL="signature-mark" DESCRIPTION="block type signature-mark"/><OtherTag ID="BT4251" LABEL="catch-word" DESCRIPTION="block type catch-word"/><OtherTag ID="BT4252" LABEL="endnote" DESCRIPTION="block type endnote"/>
  </Tags>
  <Layout>
    <Page WIDTH="1008"
          HEIGHT="1876"
          PHYSICAL_IMG_NR="103"
          ID="eSc_dummypage_">
      <PrintSpace HPOS="0"
                  VPOS="0"
                  WIDTH="1008"
                  HEIGHT="1876">
        <TextBlock HPOS="660.0"
                   VPOS="187.0"
                   WIDTH="69.0"
                   HEIGHT="34.0"
                   ID="region_1718561717499_548"
                   TAGREFS="BT4244">
          <Shape><Polygon POINTS="668 221 729 220 723 187 660 188"/></Shape>
        </TextBlock>
        <TextBlock HPOS="263.0"
                   VPOS="303.0"
                   WIDTH="243.0"
                   HEIGHT="52.0"
                   ID="region_1718561787764_568"
                   TAGREFS="BT4246">
          <Shape><Polygon POINTS="263 355 506 355 506 303 263 303"/></Shape>
        </TextBlock>
        <TextBlock HPOS="58.0"
                   VPOS="389.0"
                   WIDTH="686.0"
                   HEIGHT="155.0"
                   ID="region_1718561916717_596"
                   TAGREFS="BT4245">
          <Shape><Polygon POINTS="58 535 744 544 744 389 58 389"/></Shape>
        </TextBlock>
        <TextBlock HPOS="69.0"
                   VPOS="539.0"
                   WIDTH="668.0"
                   HEIGHT="42.0"
                   ID="region_1718561936357_601"
                   TAGREFS="BT4245">
          <Shape><Polygon POINTS="72 581 737 581 736 546 69 539"/></Shape>
        </TextBlock>
        <TextBlock HPOS="39.0"
                   VPOS="586.0"
                   WIDTH="698.0"
                   HEIGHT="139.0"
                   ID="region_1718561972749_609"
                   TAGREFS="BT4245">
          <Shape><Polygon POINTS="39 586 736 595 737 725 40 714"/></Shape>
        </TextBlock>
        <TextBlock HPOS="33.0"
                   VPOS="720.0"
                   WIDTH="744.0"
                   HEIGHT="280.0"
                   ID="region_1718562038742_619"
                   TAGREFS="BT4245">
          <Shape><Polygon POINTS="33 991 777 1000 756 732 136 722 42 720"/></Shape>
        </TextBlock>
        <TextBlock HPOS="37.0"
                   VPOS="999.0"
                   WIDTH="730.0"
                   HEIGHT="412.0"
                   ID="region_1718562162903_640"
                   TAGREFS="BT4245">
          <Shape><Polygon POINTS="37 1397 767 1411 751 1005 44 999"/></Shape>
        </TextBlock>
        <TextBlock HPOS="60.0"
                   VPOS="1408.0"
                   WIDTH="693.0"
                   HEIGHT="98.0"
                   ID="region_1718562168935_643"
                   TAGREFS="BT4245">
          <Shape><Polygon POINTS="87 1498 753 1506 753 1418 60 1408"/></Shape>
        </TextBlock>
      </PrintSpace>
    </Page>
  </Layout>
</alto>
