<?xml version="1.0" encoding="UTF-8"?>
<alto xmlns:xsi="http://www.w3.org/2001/XMLSchema-instance"
      xmlns="http://www.loc.gov/standards/alto/ns-v4#"
      xsi:schemaLocation="http://www.loc.gov/standards/alto/ns-v4# http://www.loc.gov/standards/alto/v4/alto-4-2.xsd">
  <Description>
    <MeasurementUnit>pixel</MeasurementUnit>
    <sourceImageInformation>
      <fileName>1793,_Saemmtliche_Poetische_Werke,_Schraembl,_Bd._4,_VD18_90245911_Seite_016_Bild_0001.jpg</fileName>
      <fileIdentifier>mets//export_doc3108_lena_alto_202503291248.zip/1793,_Saemmtliche_Poetische_Werke,_Schraembl,_Bd._4,_VD18_90245911_Seite_016_Bild_0001.jpg</fileIdentifier>
    </sourceImageInformation>
  </Description>
  <Tags>
    <OtherTag ID="BT1" LABEL="Title" DESCRIPTION="block type Title"/><OtherTag ID="BT2" LABEL="Main" DESCRIPTION="block type Main"/><OtherTag ID="BT3" LABEL="Commentary" DESCRIPTION="block type Commentary"/><OtherTag ID="BT4" LABEL="Illustration" DESCRIPTION="block type Illustration"/><OtherTag ID="BT4244" LABEL="paragraph" DESCRIPTION="block type paragraph"/><OtherTag ID="BT4245" LABEL="footnote" DESCRIPTION="block type footnote"/><OtherTag ID="BT4246" LABEL="heading" DESCRIPTION="block type heading"/><OtherTag ID="BT4247" LABEL="l-column" DESCRIPTION="block type l-column"/><OtherTag ID="BT4248" LABEL="r-column" DESCRIPTION="block type r-column"/><OtherTag ID="BT4249" LABEL="marginalia" DESCRIPTION="block type marginalia"/><OtherTag ID="BT4250" LABEL="signature-mark" DESCRIPTION="block type signature-mark"/><OtherTag ID="BT4251" LABEL="catch-word" DESCRIPTION="block type catch-word"/><OtherTag ID="BT4252" LABEL="endnote" DESCRIPTION="block type endnote"/>
  </Tags>
  <Layout>
    <Page WIDTH="1085"
          HEIGHT="1842"
          PHYSICAL_IMG_NR="117"
          ID="eSc_dummypage_">
      <PrintSpace HPOS="0"
                  VPOS="0"
                  WIDTH="1085"
                  HEIGHT="1842">
        <TextBlock HPOS="746.0"
                   VPOS="161.0"
                   WIDTH="66.0"
                   HEIGHT="36.0"
                   ID="region_1719229169667_222"
                   TAGREFS="BT4244">
          <Shape><Polygon POINTS="812 197 746 197 746 161 811 161"/></Shape>
        </TextBlock>
        <TextBlock HPOS="129.0"
                   VPOS="407.0"
                   WIDTH="58.0"
                   HEIGHT="66.0"
                   ID="TextRegion_1719230222666_229"
                   TAGREFS="BT4244">
          <Shape><Polygon POINTS="131 412 187 407 185 423 173 473 129 466"/></Shape>
        </TextBlock>
        <TextBlock HPOS="111.0"
                   VPOS="429.0"
                   WIDTH="721.0"
                   HEIGHT="646.0"
                   ID="TextRegion_1719230222666_228"
                   TAGREFS="BT4244">
          <Shape><Polygon POINTS="209 432 824 429 832 1075 111 1075 118 490 173 473 187 439"/></Shape>
        </TextBlock>
        <TextBlock HPOS="149.0"
                   VPOS="1113.0"
                   WIDTH="676.0"
                   HEIGHT="60.0"
                   ID="region_1719229096897_210"
                   TAGREFS="BT4244">
          <Shape><Polygon POINTS="825 1173 149 1173 149 1113 825 1113"/></Shape>
        </TextBlock>
        <TextBlock HPOS="153.0"
                   VPOS="1244.0"
                   WIDTH="689.0"
                   HEIGHT="254.0"
                   ID="region_1720023906008_132"
                   TAGREFS="BT4245">
          <Shape><Polygon POINTS="153 1244 842 1247 831 1498 178 1484"/></Shape>
        </TextBlock>
      </PrintSpace>
    </Page>
  </Layout>
</alto>
