<?xml version="1.0" encoding="UTF-8"?>
<alto xmlns:xsi="http://www.w3.org/2001/XMLSchema-instance"
      xmlns="http://www.loc.gov/standards/alto/ns-v4#"
      xsi:schemaLocation="http://www.loc.gov/standards/alto/ns-v4# http://www.loc.gov/standards/alto/v4/alto-4-2.xsd">
  <Description>
    <MeasurementUnit>pixel</MeasurementUnit>
    <sourceImageInformation>
      <fileName>1793,_Saemmtliche_Poetische_Werke,_Schraembl,_Bd._3,_VD18_90245903_Seite_187_Bild_0001.jpg</fileName>
      <fileIdentifier>mets//export_doc3108_lena_alto_202503291248.zip/1793,_Saemmtliche_Poetische_Werke,_Schraembl,_Bd._3,_VD18_90245903_Seite_187_Bild_0001.jpg</fileIdentifier>
    </sourceImageInformation>
  </Description>
  <Tags>
    <OtherTag ID="BT1" LABEL="Title" DESCRIPTION="block type Title"/><OtherTag ID="BT2" LABEL="Main" DESCRIPTION="block type Main"/><OtherTag ID="BT3" LABEL="Commentary" DESCRIPTION="block type Commentary"/><OtherTag ID="BT4" LABEL="Illustration" DESCRIPTION="block type Illustration"/><OtherTag ID="BT4244" LABEL="paragraph" DESCRIPTION="block type paragraph"/><OtherTag ID="BT4245" LABEL="footnote" DESCRIPTION="block type footnote"/><OtherTag ID="BT4246" LABEL="heading" DESCRIPTION="block type heading"/><OtherTag ID="BT4247" LABEL="l-column" DESCRIPTION="block type l-column"/><OtherTag ID="BT4248" LABEL="r-column" DESCRIPTION="block type r-column"/><OtherTag ID="BT4249" LABEL="marginalia" DESCRIPTION="block type marginalia"/><OtherTag ID="BT4250" LABEL="signature-mark" DESCRIPTION="block type signature-mark"/><OtherTag ID="BT4251" LABEL="catch-word" DESCRIPTION="block type catch-word"/><OtherTag ID="BT4252" LABEL="endnote" DESCRIPTION="block type endnote"/>
  </Tags>
  <Layout>
    <Page WIDTH="1060"
          HEIGHT="1900"
          PHYSICAL_IMG_NR="112"
          ID="eSc_dummypage_">
      <PrintSpace HPOS="0"
                  VPOS="0"
                  WIDTH="1060"
                  HEIGHT="1900">
        <TextBlock HPOS="267.0"
                   VPOS="184.0"
                   WIDTH="76.0"
                   HEIGHT="37.0"
                   ID="region_1718563276135_888"
                   TAGREFS="BT4244">
          <Shape><Polygon POINTS="343 221 267 221 267 184 343 184"/></Shape>
        </TextBlock>
        <TextBlock HPOS="331.0"
                   VPOS="398.0"
                   WIDTH="571.0"
                   HEIGHT="58.0"
                   ID="region_1718563341744_906"
                   TAGREFS="BT4246">
          <Shape><Polygon POINTS="331 456 902 456 902 398 331 398"/></Shape>
        </TextBlock>
        <TextBlock HPOS="305.0"
                   VPOS="543.0"
                   WIDTH="636.0"
                   HEIGHT="142.0"
                   ID="region_1718563347656_909"
                   TAGREFS="BT4244">
          <Shape><Polygon POINTS="305 685 941 685 941 543 305 543"/></Shape>
        </TextBlock>
        <TextBlock HPOS="308.0"
                   VPOS="763.0"
                   WIDTH="60.0"
                   HEIGHT="58.0"
                   ID="region_1718563374376_912"
                   TAGREFS="BT4244">
          <Shape><Polygon POINTS="308 763 368 763 365 814 308 821"/></Shape>
        </TextBlock>
        <TextBlock HPOS="260.0"
                   VPOS="777.0"
                   WIDTH="724.0"
                   HEIGHT="699.0"
                   ID="region_1718563395704_915"
                   TAGREFS="BT4244">
          <Shape><Polygon POINTS="270 828 260 1467 976 1476 984 777 372 782 368 800 370 823"/></Shape>
        </TextBlock>
      </PrintSpace>
    </Page>
  </Layout>
</alto>
