<?xml version="1.0" encoding="UTF-8"?>
<alto xmlns:xsi="http://www.w3.org/2001/XMLSchema-instance"
      xmlns="http://www.loc.gov/standards/alto/ns-v4#"
      xsi:schemaLocation="http://www.loc.gov/standards/alto/ns-v4# http://www.loc.gov/standards/alto/v4/alto-4-2.xsd">
  <Description>
    <MeasurementUnit>pixel</MeasurementUnit>
    <sourceImageInformation>
      <fileName>1793,_Saemmtliche_Poetische_Werke,_Schraembl,_Bd._4,_VD18_90245911_Seite_049_Bild_0001.jpg</fileName>
      <fileIdentifier>mets//export_doc3108_lena_alto_202503291248.zip/1793,_Saemmtliche_Poetische_Werke,_Schraembl,_Bd._4,_VD18_90245911_Seite_049_Bild_0001.jpg</fileIdentifier>
    </sourceImageInformation>
  </Description>
  <Tags>
    <OtherTag ID="BT1" LABEL="Title" DESCRIPTION="block type Title"/><OtherTag ID="BT2" LABEL="Main" DESCRIPTION="block type Main"/><OtherTag ID="BT3" LABEL="Commentary" DESCRIPTION="block type Commentary"/><OtherTag ID="BT4" LABEL="Illustration" DESCRIPTION="block type Illustration"/><OtherTag ID="BT4244" LABEL="paragraph" DESCRIPTION="block type paragraph"/><OtherTag ID="BT4245" LABEL="footnote" DESCRIPTION="block type footnote"/><OtherTag ID="BT4246" LABEL="heading" DESCRIPTION="block type heading"/><OtherTag ID="BT4247" LABEL="l-column" DESCRIPTION="block type l-column"/><OtherTag ID="BT4248" LABEL="r-column" DESCRIPTION="block type r-column"/><OtherTag ID="BT4249" LABEL="marginalia" DESCRIPTION="block type marginalia"/><OtherTag ID="BT4250" LABEL="signature-mark" DESCRIPTION="block type signature-mark"/><OtherTag ID="BT4251" LABEL="catch-word" DESCRIPTION="block type catch-word"/><OtherTag ID="BT4252" LABEL="endnote" DESCRIPTION="block type endnote"/>
  </Tags>
  <Layout>
    <Page WIDTH="1077"
          HEIGHT="1842"
          PHYSICAL_IMG_NR="121"
          ID="eSc_dummypage_">
      <PrintSpace HPOS="0"
                  VPOS="0"
                  WIDTH="1077"
                  HEIGHT="1842">
        <TextBlock HPOS="274.0"
                   VPOS="159.0"
                   WIDTH="60.0"
                   HEIGHT="34.0"
                   ID="region_1718697418697_432"
                   TAGREFS="BT4244">
          <Shape><Polygon POINTS="334 193 274 193 274 159 334 159"/></Shape>
        </TextBlock>
        <TextBlock HPOS="258.0"
                   VPOS="245.0"
                   WIDTH="734.0"
                   HEIGHT="238.0"
                   ID="region_1718697430196_438"
                   TAGREFS="BT4244">
          <Shape><Polygon POINTS="992 483 258 483 258 245 992 245"/></Shape>
        </TextBlock>
        <TextBlock HPOS="295.0"
                   VPOS="512.0"
                   WIDTH="697.0"
                   HEIGHT="394.0"
                   ID="region_1718697442781_444"
                   TAGREFS="BT4245">
          <Shape><Polygon POINTS="992 906 295 906 295 512 992 512"/></Shape>
        </TextBlock>
        <TextBlock HPOS="295.0"
                   VPOS="909.0"
                   WIDTH="695.0"
                   HEIGHT="609.0"
                   ID="region_1718697449969_447"
                   TAGREFS="BT4245">
          <Shape><Polygon POINTS="990 1518 295 1518 295 909 990 909"/></Shape>
        </TextBlock>
      </PrintSpace>
    </Page>
  </Layout>
</alto>
