<?xml version="1.0" encoding="UTF-8"?>
<alto xmlns:xsi="http://www.w3.org/2001/XMLSchema-instance"
      xmlns="http://www.loc.gov/standards/alto/ns-v4#"
      xsi:schemaLocation="http://www.loc.gov/standards/alto/ns-v4# http://www.loc.gov/standards/alto/v4/alto-4-2.xsd">
  <Description>
    <MeasurementUnit>pixel</MeasurementUnit>
    <sourceImageInformation>
      <fileName>1793,_Saemmtliche_Poetische_Werke,_Schraembl,_Bd._3,_VD18_90245903_Seite_292_Bild_0001.jpg</fileName>
      <fileIdentifier>mets//export_doc3108_lena_alto_202503291248.zip/1793,_Saemmtliche_Poetische_Werke,_Schraembl,_Bd._3,_VD18_90245903_Seite_292_Bild_0001.jpg</fileIdentifier>
    </sourceImageInformation>
  </Description>
  <Tags>
    <OtherTag ID="BT1" LABEL="Title" DESCRIPTION="block type Title"/><OtherTag ID="BT2" LABEL="Main" DESCRIPTION="block type Main"/><OtherTag ID="BT3" LABEL="Commentary" DESCRIPTION="block type Commentary"/><OtherTag ID="BT4" LABEL="Illustration" DESCRIPTION="block type Illustration"/><OtherTag ID="BT4244" LABEL="paragraph" DESCRIPTION="block type paragraph"/><OtherTag ID="BT4245" LABEL="footnote" DESCRIPTION="block type footnote"/><OtherTag ID="BT4246" LABEL="heading" DESCRIPTION="block type heading"/><OtherTag ID="BT4247" LABEL="l-column" DESCRIPTION="block type l-column"/><OtherTag ID="BT4248" LABEL="r-column" DESCRIPTION="block type r-column"/><OtherTag ID="BT4249" LABEL="marginalia" DESCRIPTION="block type marginalia"/><OtherTag ID="BT4250" LABEL="signature-mark" DESCRIPTION="block type signature-mark"/><OtherTag ID="BT4251" LABEL="catch-word" DESCRIPTION="block type catch-word"/><OtherTag ID="BT4252" LABEL="endnote" DESCRIPTION="block type endnote"/>
  </Tags>
  <Layout>
    <Page WIDTH="1089"
          HEIGHT="1894"
          PHYSICAL_IMG_NR="115"
          ID="eSc_dummypage_">
      <PrintSpace HPOS="0"
                  VPOS="0"
                  WIDTH="1089"
                  HEIGHT="1894">
        <TextBlock HPOS="708.0"
                   VPOS="203.0"
                   WIDTH="75.0"
                   HEIGHT="42.0"
                   ID="region_1718697331984_375"
                   TAGREFS="BT4244">
          <Shape><Polygon POINTS="783 245 713 244 708 203 783 203"/></Shape>
        </TextBlock>
        <TextBlock HPOS="78.0"
                   VPOS="284.0"
                   WIDTH="698.0"
                   HEIGHT="102.0"
                   ID="region_1718697345595_381"
                   TAGREFS="BT4244">
          <Shape><Polygon POINTS="770 386 78 386 78 284 776 291"/></Shape>
        </TextBlock>
        <TextBlock HPOS="94.0"
                   VPOS="423.0"
                   WIDTH="674.0"
                   HEIGHT="146.0"
                   ID="region_1718697350797_384"
                   TAGREFS="BT4246">
          <Shape><Polygon POINTS="768 569 94 569 94 423 768 423"/></Shape>
        </TextBlock>
        <TextBlock HPOS="180.0"
                   VPOS="603.0"
                   WIDTH="509.0"
                   HEIGHT="68.0"
                   ID="region_1718697355194_387"
                   TAGREFS="BT4246">
          <Shape><Polygon POINTS="689 671 180 671 180 603 689 603"/></Shape>
        </TextBlock>
        <TextBlock HPOS="84.0"
                   VPOS="693.0"
                   WIDTH="716.0"
                   HEIGHT="445.0"
                   ID="region_1718697360154_390"
                   TAGREFS="BT4245">
          <Shape><Polygon POINTS="790 1138 84 1122 85 693 800 716"/></Shape>
        </TextBlock>
        <TextBlock HPOS="86.0"
                   VPOS="1152.0"
                   WIDTH="705.0"
                   HEIGHT="83.0"
                   ID="region_1718697364661_393"
                   TAGREFS="BT4246">
          <Shape><Polygon POINTS="791 1235 100 1211 86 1152 773 1163"/></Shape>
        </TextBlock>
        <TextBlock HPOS="87.0"
                   VPOS="1246.0"
                   WIDTH="708.0"
                   HEIGHT="285.0"
                   ID="region_1718697372434_396"
                   TAGREFS="BT4245">
          <Shape><Polygon POINTS="785 1531 87 1513 89 1246 795 1258"/></Shape>
        </TextBlock>
        <TextBlock HPOS="134.0"
                   VPOS="1530.0"
                   WIDTH="647.0"
                   HEIGHT="58.0"
                   ID="TextRegion_1718713324901_162"
                   TAGREFS="BT4244">
          <Shape><Polygon POINTS="141 1530 781 1549 781 1588 723 1588 185 1575 134 1563"/></Shape>
        </TextBlock>
      </PrintSpace>
    </Page>
  </Layout>
</alto>
