<?xml version="1.0" encoding="UTF-8"?>
<alto xmlns:xsi="http://www.w3.org/2001/XMLSchema-instance"
      xmlns="http://www.loc.gov/standards/alto/ns-v4#"
      xsi:schemaLocation="http://www.loc.gov/standards/alto/ns-v4# http://www.loc.gov/standards/alto/v4/alto-4-2.xsd">
  <Description>
    <MeasurementUnit>pixel</MeasurementUnit>
    <sourceImageInformation>
      <fileName>1793,_Saemmtliche_Poetische_Werke,_Schraembl,_Bd._5,_VD18_9024592X_Seite_110_Bild_0001.jpg</fileName>
      <fileIdentifier>mets//export_doc3108_lena_alto_202503291248.zip/1793,_Saemmtliche_Poetische_Werke,_Schraembl,_Bd._5,_VD18_9024592X_Seite_110_Bild_0001.jpg</fileIdentifier>
    </sourceImageInformation>
  </Description>
  <Tags>
    <OtherTag ID="BT1" LABEL="Title" DESCRIPTION="block type Title"/><OtherTag ID="BT2" LABEL="Main" DESCRIPTION="block type Main"/><OtherTag ID="BT3" LABEL="Commentary" DESCRIPTION="block type Commentary"/><OtherTag ID="BT4" LABEL="Illustration" DESCRIPTION="block type Illustration"/><OtherTag ID="BT4244" LABEL="paragraph" DESCRIPTION="block type paragraph"/><OtherTag ID="BT4245" LABEL="footnote" DESCRIPTION="block type footnote"/><OtherTag ID="BT4246" LABEL="heading" DESCRIPTION="block type heading"/><OtherTag ID="BT4247" LABEL="l-column" DESCRIPTION="block type l-column"/><OtherTag ID="BT4248" LABEL="r-column" DESCRIPTION="block type r-column"/><OtherTag ID="BT4249" LABEL="marginalia" DESCRIPTION="block type marginalia"/><OtherTag ID="BT4250" LABEL="signature-mark" DESCRIPTION="block type signature-mark"/><OtherTag ID="BT4251" LABEL="catch-word" DESCRIPTION="block type catch-word"/><OtherTag ID="BT4252" LABEL="endnote" DESCRIPTION="block type endnote"/>
  </Tags>
  <Layout>
    <Page WIDTH="1073"
          HEIGHT="1850"
          PHYSICAL_IMG_NR="126"
          ID="eSc_dummypage_">
      <PrintSpace HPOS="0"
                  VPOS="0"
                  WIDTH="1073"
                  HEIGHT="1850">
        <TextBlock HPOS="691.0"
                   VPOS="183.0"
                   WIDTH="62.0"
                   HEIGHT="39.0"
                   ID="region_1720168898655_788"
                   TAGREFS="BT4244">
          <Shape><Polygon POINTS="691 192 694 221 753 222 741 183"/></Shape>
        </TextBlock>
        <TextBlock HPOS="50.0"
                   VPOS="264.0"
                   WIDTH="707.0"
                   HEIGHT="645.0"
                   ID="region_1720168913549_791"
                   TAGREFS="BT4244">
          <Shape><Polygon POINTS="52 268 50 909 751 904 757 264"/></Shape>
        </TextBlock>
        <TextBlock HPOS="41.0"
                   VPOS="912.0"
                   WIDTH="715.0"
                   HEIGHT="615.0"
                   ID="region_1720168954885_796"
                   TAGREFS="BT4244">
          <Shape><Polygon POINTS="67 914 142 912 282 913 553 914 746 912 756 1527 41 1509 42 1019"/></Shape>
        </TextBlock>
      </PrintSpace>
    </Page>
  </Layout>
</alto>
