<mets xmlns="http://www.loc.gov/METS/" xmlns:xlink="http://www.w3.org/1999/xlink">
  <fileSec>
    
    <fileGrp USE="export">
      
        <file ID="export1">
          <FLocat xlink:href="1757, Poetische Werke, Bohn, Bd. 1, VD18 9033213X_NEU-0015.xml"/>
        </file>
      
        <file ID="export2">
          <FLocat xlink:href="1757, Poetische Werke, Bohn, Bd. 1, VD18 9033213X_NEU-0016.xml"/>
        </file>
      
        <file ID="export3">
          <FLocat xlink:href="1757, Poetische Werke, Bohn, Bd. 1, VD18 9033213X_NEU-0017.xml"/>
        </file>
      
        <file ID="export4">
          <FLocat xlink:href="1757, Poetische Werke, Bohn, Bd. 1, VD18 9033213X_NEU-0018.xml"/>
        </file>
      
        <file ID="export5">
          <FLocat xlink:href="1757, Poetische Werke, Bohn, Bd. 1, VD18 9033213X_NEU-0027.xml"/>
        </file>
      
        <file ID="export6">
          <FLocat xlink:href="1757, Poetische Werke, Bohn, Bd. 2, VD18 90332148_NEU-0018.xml"/>
        </file>
      
        <file ID="export7">
          <FLocat xlink:href="1757, Poetische Werke, Bohn, Bd. 2, VD18 90332148_NEU-0023.xml"/>
        </file>
      
        <file ID="export8">
          <FLocat xlink:href="1757, Poetische Werke, Bohn, Bd. 2, VD18 90332148_NEU-0298.xml"/>
        </file>
      
        <file ID="export9">
          <FLocat xlink:href="0014.xml"/>
        </file>
      
        <file ID="export10">
          <FLocat xlink:href="0053.xml"/>
        </file>
      
        <file ID="export11">
          <FLocat xlink:href="0314.xml"/>
        </file>
      
        <file ID="export12">
          <FLocat xlink:href="1757,_Saemtliche_Poetische_Werke,_Bohn,_1._Aufl.,_Bd._2,_VD18_90396731_Seite_171_Bild_0001.xml"/>
        </file>
      
        <file ID="export13">
          <FLocat xlink:href="1757,_Saemtliche_Poetische_Werke,_Bohn,_1._Aufl.,_Bd._3,_VD18_9039674X_Seite_163_Bild_0001.xml"/>
        </file>
      
        <file ID="export14">
          <FLocat xlink:href="1757,_Saemtliche_Poetische_Werke,_Bohn,_1._Aufl.,_Bd._3,_VD18_9039674X_Seite_174_Bild_0001.xml"/>
        </file>
      
        <file ID="export15">
          <FLocat xlink:href="0012.xml"/>
        </file>
      
        <file ID="export16">
          <FLocat xlink:href="0018.xml"/>
        </file>
      
        <file ID="export17">
          <FLocat xlink:href="0057.xml"/>
        </file>
      
        <file ID="export18">
          <FLocat xlink:href="0036.xml"/>
        </file>
      
        <file ID="export19">
          <FLocat xlink:href="0044.xml"/>
        </file>
      
        <file ID="export20">
          <FLocat xlink:href="0049.xml"/>
        </file>
      
        <file ID="export21">
          <FLocat xlink:href="1764,_Saemtliche_Poetische_Werke,_Bohn,_3._Aufl.,_Bd._3,_VD18_80365043_Seite_171_Bild_0001.xml"/>
        </file>
      
        <file ID="export22">
          <FLocat xlink:href="1764,_Saemtliche_Poetische_Werke,_Bohn,_3._Aufl.,_Bd._3,_VD18_80365043_Seite_181_Bild_0001.xml"/>
        </file>
      
        <file ID="export23">
          <FLocat xlink:href="1764,_Saemtliche_Poetische_Werke,_Bohn,_3._Aufl.,_Bd._1,_VD18_80365027_Seite_157_Bild_0001.xml"/>
        </file>
      
        <file ID="export24">
          <FLocat xlink:href="1764,_Saemtliche_Poetische_Werke,_Bohn,_3._Aufl.,_Bd._1,_VD18_80365027_Seite_158_Bild_0001.xml"/>
        </file>
      
        <file ID="export25">
          <FLocat xlink:href="1757,_Saemtliche_Poetische_Werke,_Bohn,_1._Aufl.,_Bd._2,_VD18_90396731_Seite_045_Bild_0001.xml"/>
        </file>
      
        <file ID="export26">
          <FLocat xlink:href="1769,_Saemtliche_Poetische_Werke,_Bohn,_4._Aufl.,_Bd._1,_VD18_90481097_Seite_049_Bild_0001.xml"/>
        </file>
      
        <file ID="export27">
          <FLocat xlink:href="1769,_Saemtliche_Poetische_Werke,_Bohn,_4._Aufl.,_Bd._1,_VD18_90481097_Seite_073_Bild_0001.xml"/>
        </file>
      
        <file ID="export28">
          <FLocat xlink:href="1769,_Saemtliche_Poetische_Werke,_Bohn,_4._Aufl.,_Bd._1,_VD18_90481097_Seite_131_Bild_0001.xml"/>
        </file>
      
        <file ID="export29">
          <FLocat xlink:href="1769,_Saemtliche_Poetische_Werke,_Bohn,_4._Aufl.,_Bd._1,_VD18_90481097_Seite_137_Bild_0001.xml"/>
        </file>
      
        <file ID="export30">
          <FLocat xlink:href="1769,_Saemtliche_Poetische_Werke,_Bohn,_4._Aufl.,_Bd._2,_VD18_90481100_Seite_027_Bild_0001.xml"/>
        </file>
      
        <file ID="export31">
          <FLocat xlink:href="1769,_Saemtliche_Poetische_Werke,_Bohn,_4._Aufl.,_Bd._2,_VD18_90481100_Seite_042_Bild_0001.xml"/>
        </file>
      
        <file ID="export32">
          <FLocat xlink:href="1769,_Saemtliche_Poetische_Werke,_Bohn,_4._Aufl.,_Bd._2,_VD18_90481100_Seite_093_Bild_0001.xml"/>
        </file>
      
        <file ID="export33">
          <FLocat xlink:href="1769,_Saemtliche_Poetische_Werke,_Bohn,_4._Aufl.,_Bd._3,_VD18_90481127_Seite_008_Bild_0001.xml"/>
        </file>
      
        <file ID="export34">
          <FLocat xlink:href="1769,_Saemtliche_Poetische_Werke,_Bohn,_4._Aufl.,_Bd._3,_VD18_90481127_Seite_031_Bild_0001.xml"/>
        </file>
      
        <file ID="export35">
          <FLocat xlink:href="1769,_Saemtliche_Poetische_Werke,_Bohn,_4._Aufl.,_Bd._3,_VD18_90481127_Seite_052_Bild_0001.xml"/>
        </file>
      
        <file ID="export36">
          <FLocat xlink:href="1769,_Saemtliche_Poetische_Werke,_Bohn,_4._Aufl.,_Bd._3,_VD18_90481127_Seite_100_Bild_0001.xml"/>
        </file>
      
        <file ID="export37">
          <FLocat xlink:href="1769,_Saemtliche_Poetische_Werke,_Bohn,_4._Aufl.,_Bd._3,_VD18_90481127_Seite_240_Bild_0001.xml"/>
        </file>
      
        <file ID="export38">
          <FLocat xlink:href="1771,_Saemtliche_Poetische_Werke,_Bohn,_5._Aufl.,_Bd._1,_VD18_90396758_Seite_031_Bild_0001.xml"/>
        </file>
      
        <file ID="export39">
          <FLocat xlink:href="1771,_Saemtliche_Poetische_Werke,_Bohn,_5._Aufl.,_Bd._1,_VD18_90396758_Seite_032_Bild_0001.xml"/>
        </file>
      
        <file ID="export40">
          <FLocat xlink:href="1771,_Saemtliche_Poetische_Werke,_Bohn,_5._Aufl.,_Bd._1,_VD18_90396758_Seite_114_Bild_0001.xml"/>
        </file>
      
        <file ID="export41">
          <FLocat xlink:href="1771,_Saemtliche_Poetische_Werke,_Bohn,_5._Aufl.,_Bd._1,_VD18_90396758_Seite_143_Bild_0001.xml"/>
        </file>
      
        <file ID="export42">
          <FLocat xlink:href="1771,_Saemtliche_Poetische_Werke,_Bohn,_5._Aufl.,_Bd._1,_VD18_90396758_Seite_156_Bild_0001.xml"/>
        </file>
      
        <file ID="export43">
          <FLocat xlink:href="1771,_Saemtliche_Poetische_Werke,_Bohn,_5._Aufl.,_Bd._2,_VD18_90396766_Seite_032_Bild_0001.xml"/>
        </file>
      
        <file ID="export44">
          <FLocat xlink:href="1771,_Saemtliche_Poetische_Werke,_Bohn,_5._Aufl.,_Bd._2,_VD18_90396766_Seite_065_Bild_0001.xml"/>
        </file>
      
        <file ID="export45">
          <FLocat xlink:href="1771,_Saemtliche_Poetische_Werke,_Bohn,_5._Aufl.,_Bd._2,_VD18_90396766_Seite_088_Bild_0001.xml"/>
        </file>
      
        <file ID="export46">
          <FLocat xlink:href="1771,_Saemtliche_Poetische_Werke,_Bohn,_5._Aufl.,_Bd._3,_VD18_90396774_Seite_025_Bild_0001.xml"/>
        </file>
      
        <file ID="export47">
          <FLocat xlink:href="1771,_Saemtliche_Poetische_Werke,_Bohn,_5._Aufl.,_Bd._3,_VD18_90396774_Seite_047_Bild_0001.xml"/>
        </file>
      
        <file ID="export48">
          <FLocat xlink:href="1771,_Saemtliche_Poetische_Werke,_Bohn,_5._Aufl.,_Bd._3,_VD18_90396774_Seite_067_Bild_0001.xml"/>
        </file>
      
        <file ID="export49">
          <FLocat xlink:href="1769,_Saemtliche_Poetische_Werke,_Bohn,_4._Aufl.,_Bd._2,_VD18_90481100_Seite_260_Bild_0001.xml"/>
        </file>
      
        <file ID="export50">
          <FLocat xlink:href="1769,_Saemtliche_Poetische_Werke,_Bohn,_4._Aufl.,_Bd._2,_VD18_90481100_Seite_282_Bild_0001.xml"/>
        </file>
      
        <file ID="export51">
          <FLocat xlink:href="1769,_Saemtliche_Poetische_Werke,_Bohn,_4._Aufl.,_Bd._2,_VD18_90481100_Seite_291_Bild_0001.xml"/>
        </file>
      
        <file ID="export52">
          <FLocat xlink:href="1800,_Poetische_Werke,_Bohn,_Bd._1,_VD18_80461433_Seite_003_Bild_0001.xml"/>
        </file>
      
        <file ID="export53">
          <FLocat xlink:href="1800,_Poetische_Werke,_Bohn,_Bd._1,_VD18_80461433_Seite_034_Bild_0001.xml"/>
        </file>
      
        <file ID="export54">
          <FLocat xlink:href="1800,_Poetische_Werke,_Bohn,_Bd._1,_VD18_80461433_Seite_038_Bild_0001.xml"/>
        </file>
      
        <file ID="export55">
          <FLocat xlink:href="1800,_Poetische_Werke,_Bohn,_Bd._2,_VD18_80461441_Seite_008_Bild_0001.xml"/>
        </file>
      
        <file ID="export56">
          <FLocat xlink:href="1800,_Poetische_Werke,_Bohn,_Bd._2,_VD18_80461441_Seite_262_Bild_0001.xml"/>
        </file>
      
        <file ID="export57">
          <FLocat xlink:href="1800,_Poetische_Werke,_Bohn,_Bd._1,_VD18_80461433_Seite_176_Bild_0001.xml"/>
        </file>
      
        <file ID="export58">
          <FLocat xlink:href="1800,_Poetische_Werke,_Bohn,_Bd._1,_VD18_80461433_Seite_207_Bild_0001.xml"/>
        </file>
      
        <file ID="export59">
          <FLocat xlink:href="1800,_Poetische_Werke,_Bohn,_Bd._1,_VD18_80461433_Seite_209_Bild_0001.xml"/>
        </file>
      
        <file ID="export60">
          <FLocat xlink:href="1800,_Poetische_Werke,_Bohn,_Bd._2,_VD18_80461441_Seite_225_Bild_0001.xml"/>
        </file>
      
        <file ID="export61">
          <FLocat xlink:href="1800,_Poetische_Werke,_Bohn,_Bd._2,_VD18_80461441_Seite_229_Bild_0001.xml"/>
        </file>
      
        <file ID="export62">
          <FLocat xlink:href="1800,_Poetische_Werke,_Bohn,_Bd._2,_VD18_80461441_Seite_259_Bild_0001.xml"/>
        </file>
      
        <file ID="export63">
          <FLocat xlink:href="1800,_Poetische_Werke,_Bohn,_Bd._4,_VD18_80461468_Seite_152_Bild_0001.xml"/>
        </file>
      
        <file ID="export64">
          <FLocat xlink:href="1800,_Poetische_Werke,_Bohn,_Bd._4,_VD18_80461468_Seite_179_Bild_0001.xml"/>
        </file>
      
        <file ID="export65">
          <FLocat xlink:href="1800,_Poetische_Werke,_Bohn,_Bd._3,_VD18_8046145X_Seite_012_Bild_0001.xml"/>
        </file>
      
        <file ID="export66">
          <FLocat xlink:href="1800,_Poetische_Werke,_Bohn,_Bd._3,_VD18_8046145X_Seite_055_Bild_0001.xml"/>
        </file>
      
        <file ID="export67">
          <FLocat xlink:href="1800,_Poetische_Werke,_Bohn,_Bd._4,_VD18_80461468_Seite_097_Bild_0001.xml"/>
        </file>
      
        <file ID="export68">
          <FLocat xlink:href="1800,_Poetische_Werke,_Bohn,_Bd._5,_VD18_80461476_Seite_040_Bild_0001.xml"/>
        </file>
      
        <file ID="export69">
          <FLocat xlink:href="1800,_Poetische_Werke,_Bohn,_Bd._5,_VD18_80461476_Seite_054_Bild_0001.xml"/>
        </file>
      
        <file ID="export70">
          <FLocat xlink:href="1800,_Poetische_Werke,_Bohn,_Bd._5,_VD18_80461476_Seite_244_Bild_0001.xml"/>
        </file>
      
        <file ID="export71">
          <FLocat xlink:href="1800,_Poetische_Werke,_Bohn,_Bd._5,_VD18_80461476_Seite_299_Bild_0001.xml"/>
        </file>
      
        <file ID="export72">
          <FLocat xlink:href="1800,_Poetische_Werke,_Bohn,_Bd._3,_VD18_8046145X_Seite_202_Bild_0001.xml"/>
        </file>
      
        <file ID="export73">
          <FLocat xlink:href="1800,_Poetische_Werke,_Bohn,_Bd._3,_VD18_8046145X_Seite_251_Bild_0001.xml"/>
        </file>
      
        <file ID="export74">
          <FLocat xlink:href="1775-Saemmtliche_Poetische_Werke_Schmieder_Bd_1_VD18_90914260_NEU-013.xml"/>
        </file>
      
        <file ID="export75">
          <FLocat xlink:href="1775-Saemmtliche_Poetische_Werke_Schmieder_Bd_1_VD18_90914260_NEU-023.xml"/>
        </file>
      
        <file ID="export76">
          <FLocat xlink:href="1775-Saemmtliche_Poetische_Werke_Schmieder_Bd_1_VD18_90914260_NEU-033.xml"/>
        </file>
      
        <file ID="export77">
          <FLocat xlink:href="1775-Saemmtliche_Poetische_Werke_Schmieder_Bd_1_VD18_90914260_NEU-040.xml"/>
        </file>
      
        <file ID="export78">
          <FLocat xlink:href="1775-Saemmtliche_Poetische_Werke_Schmieder_Bd_1_VD18_90914260_NEU-045.xml"/>
        </file>
      
        <file ID="export79">
          <FLocat xlink:href="1775-Saemmtliche_Poetische_Werke_Schmieder_Bd_1_VD18_90914260_NEU-048.xml"/>
        </file>
      
        <file ID="export80">
          <FLocat xlink:href="1775-Saemmtliche_Poetische_Werke_Schmieder_Bd_1_VD18_90914260_NEU-089.xml"/>
        </file>
      
        <file ID="export81">
          <FLocat xlink:href="1775-Saemmtliche_Poetische_Werke_Schmieder_Bd_1_VD18_90914260_NEU-144.xml"/>
        </file>
      
        <file ID="export82">
          <FLocat xlink:href="1775-Saemmtliche_Poetische_Werke_Schmieder_Bd_1_VD18_90914260_NEU-160.xml"/>
        </file>
      
        <file ID="export83">
          <FLocat xlink:href="1775-Saemmtliche_Poetische_Werke_Schmieder_Bd_1_VD18_90914260_NEU-161.xml"/>
        </file>
      
        <file ID="export84">
          <FLocat xlink:href="1775-Saemmtliche_Poetische_Werke_Schmieder_Bd_1_VD18_90914260_NEU-170.xml"/>
        </file>
      
        <file ID="export85">
          <FLocat xlink:href="1775-Saemmtliche_Poetische_Werke_Schmieder_Bd_1_VD18_90914260_NEU-187.xml"/>
        </file>
      
        <file ID="export86">
          <FLocat xlink:href="1775-Saemmtliche_Poetische_Werke_Schmieder_Bd_1_VD18_90914260_NEU-190.xml"/>
        </file>
      
        <file ID="export87">
          <FLocat xlink:href="1775-Saemmtliche_Poetische_Werke_Schmieder_Bd_1_VD18_90914260_NEU-194.xml"/>
        </file>
      
        <file ID="export88">
          <FLocat xlink:href="1775-Saemmtliche_Poetische_Werke_Schmieder_Bd_1_VD18_90914260_NEU-196.xml"/>
        </file>
      
        <file ID="export89">
          <FLocat xlink:href="1775-Saemmtliche_Poetische_Werke_Schmieder_Bd_2_VD18_90914287_NEU-047.xml"/>
        </file>
      
        <file ID="export90">
          <FLocat xlink:href="1775-Saemmtliche_Poetische_Werke_Schmieder_Bd_2_VD18_90914287_NEU-069.xml"/>
        </file>
      
        <file ID="export91">
          <FLocat xlink:href="1775-Saemmtliche_Poetische_Werke_Schmieder_Bd_2_VD18_90914287_NEU-181.xml"/>
        </file>
      
        <file ID="export92">
          <FLocat xlink:href="1775-Saemmtliche_Poetische_Werke_Schmieder_Bd_2_VD18_90914287_NEU-228.xml"/>
        </file>
      
        <file ID="export93">
          <FLocat xlink:href="1775-Saemmtliche_Poetische_Werke_Schmieder_Bd_2_VD18_90914287_NEU-281.xml"/>
        </file>
      
        <file ID="export94">
          <FLocat xlink:href="1775-Saemmtliche_Poetische_Werke_Schmieder_Bd_2_VD18_90914287_NEU-302.xml"/>
        </file>
      
        <file ID="export95">
          <FLocat xlink:href="1775-Saemmtliche_Poetische_Werke_Schmieder_Bd_3_VD18_90914295_NEU-004.xml"/>
        </file>
      
        <file ID="export96">
          <FLocat xlink:href="1775-Saemmtliche_Poetische_Werke_Schmieder_Bd_3_VD18_90914295_NEU-006.xml"/>
        </file>
      
        <file ID="export97">
          <FLocat xlink:href="1775-Saemmtliche_Poetische_Werke_Schmieder_Bd_3_VD18_90914295_NEU-012.xml"/>
        </file>
      
        <file ID="export98">
          <FLocat xlink:href="1775-Saemmtliche_Poetische_Werke_Schmieder_Bd_3_VD18_90914295_NEU-170.xml"/>
        </file>
      
        <file ID="export99">
          <FLocat xlink:href="1775-Saemmtliche_Poetische_Werke_Schmieder_Bd_3_VD18_90914295_NEU-173.xml"/>
        </file>
      
        <file ID="export100">
          <FLocat xlink:href="1775-Saemmtliche_Poetische_Werke_Schmieder_Bd_3_VD18_90914295_NEU-197.xml"/>
        </file>
      
        <file ID="export101">
          <FLocat xlink:href="1793,_Saemmtliche_Poetische_Werke,_Schraembl,_Bd._1,_VD18_90245881_Seite_059_Bild_0001.xml"/>
        </file>
      
        <file ID="export102">
          <FLocat xlink:href="1793,_Saemmtliche_Poetische_Werke,_Schraembl,_Bd._1,_VD18_90245881_Seite_174_Bild_0001.xml"/>
        </file>
      
        <file ID="export103">
          <FLocat xlink:href="1793,_Saemmtliche_Poetische_Werke,_Schraembl,_Bd._1,_VD18_90245881_Seite_213_Bild_0001.xml"/>
        </file>
      
        <file ID="export104">
          <FLocat xlink:href="1793,_Saemmtliche_Poetische_Werke,_Schraembl,_Bd._1,_VD18_90245881_Seite_258_Bild_0001.xml"/>
        </file>
      
        <file ID="export105">
          <FLocat xlink:href="1793,_Saemmtliche_Poetische_Werke,_Schraembl,_Bd._1,_VD18_90245881_Seite_270_Bild_0001.xml"/>
        </file>
      
        <file ID="export106">
          <FLocat xlink:href="1793,_Saemmtliche_Poetische_Werke,_Schraembl,_Bd._2,_VD18_9024589X_Seite_049_Bild_0001.xml"/>
        </file>
      
        <file ID="export107">
          <FLocat xlink:href="1793,_Saemmtliche_Poetische_Werke,_Schraembl,_Bd._2,_VD18_9024589X_Seite_131_Bild_0001.xml"/>
        </file>
      
        <file ID="export108">
          <FLocat xlink:href="1793,_Saemmtliche_Poetische_Werke,_Schraembl,_Bd._2,_VD18_9024589X_Seite_145_Bild_0001.xml"/>
        </file>
      
        <file ID="export109">
          <FLocat xlink:href="1793,_Saemmtliche_Poetische_Werke,_Schraembl,_Bd._2,_VD18_9024589X_Seite_182_Bild_0001.xml"/>
        </file>
      
        <file ID="export110">
          <FLocat xlink:href="1793,_Saemmtliche_Poetische_Werke,_Schraembl,_Bd._2,_VD18_9024589X_Seite_274_Bild_0001.xml"/>
        </file>
      
        <file ID="export111">
          <FLocat xlink:href="1793,_Saemmtliche_Poetische_Werke,_Schraembl,_Bd._3,_VD18_90245903_Seite_139_Bild_0001.xml"/>
        </file>
      
        <file ID="export112">
          <FLocat xlink:href="1793,_Saemmtliche_Poetische_Werke,_Schraembl,_Bd._3,_VD18_90245903_Seite_180_Bild_0001.xml"/>
        </file>
      
        <file ID="export113">
          <FLocat xlink:href="1793,_Saemmtliche_Poetische_Werke,_Schraembl,_Bd._3,_VD18_90245903_Seite_187_Bild_0001.xml"/>
        </file>
      
        <file ID="export114">
          <FLocat xlink:href="1793,_Saemmtliche_Poetische_Werke,_Schraembl,_Bd._3,_VD18_90245903_Seite_202_Bild_0001.xml"/>
        </file>
      
        <file ID="export115">
          <FLocat xlink:href="1793,_Saemmtliche_Poetische_Werke,_Schraembl,_Bd._3,_VD18_90245903_Seite_203_Bild_0001.xml"/>
        </file>
      
        <file ID="export116">
          <FLocat xlink:href="1793,_Saemmtliche_Poetische_Werke,_Schraembl,_Bd._3,_VD18_90245903_Seite_292_Bild_0001.xml"/>
        </file>
      
        <file ID="export117">
          <FLocat xlink:href="1793,_Saemmtliche_Poetische_Werke,_Schraembl,_Bd._3,_VD18_90245903_Seite_322_Bild_0001.xml"/>
        </file>
      
        <file ID="export118">
          <FLocat xlink:href="1793,_Saemmtliche_Poetische_Werke,_Schraembl,_Bd._4,_VD18_90245911_Seite_016_Bild_0001.xml"/>
        </file>
      
        <file ID="export119">
          <FLocat xlink:href="1793,_Saemmtliche_Poetische_Werke,_Schraembl,_Bd._4,_VD18_90245911_Seite_019_Bild_0001.xml"/>
        </file>
      
        <file ID="export120">
          <FLocat xlink:href="1793,_Saemmtliche_Poetische_Werke,_Schraembl,_Bd._4,_VD18_90245911_Seite_034_Bild_0001.xml"/>
        </file>
      
        <file ID="export121">
          <FLocat xlink:href="1793,_Saemmtliche_Poetische_Werke,_Schraembl,_Bd._4,_VD18_90245911_Seite_040_Bild_0001.xml"/>
        </file>
      
        <file ID="export122">
          <FLocat xlink:href="1793,_Saemmtliche_Poetische_Werke,_Schraembl,_Bd._4,_VD18_90245911_Seite_049_Bild_0001.xml"/>
        </file>
      
        <file ID="export123">
          <FLocat xlink:href="1793,_Saemmtliche_Poetische_Werke,_Schraembl,_Bd._4,_VD18_90245911_Seite_168_Bild_0001.xml"/>
        </file>
      
        <file ID="export124">
          <FLocat xlink:href="1793,_Saemmtliche_Poetische_Werke,_Schraembl,_Bd._4,_VD18_90245911_Seite_175_Bild_0001.xml"/>
        </file>
      
        <file ID="export125">
          <FLocat xlink:href="1793,_Saemmtliche_Poetische_Werke,_Schraembl,_Bd._4,_VD18_90245911_Seite_183_Bild_0001.xml"/>
        </file>
      
        <file ID="export126">
          <FLocat xlink:href="1793,_Saemmtliche_Poetische_Werke,_Schraembl,_Bd._4,_VD18_90245911_Seite_184_Bild_0001.xml"/>
        </file>
      
        <file ID="export127">
          <FLocat xlink:href="1793,_Saemmtliche_Poetische_Werke,_Schraembl,_Bd._5,_VD18_9024592X_Seite_110_Bild_0001.xml"/>
        </file>
      
        <file ID="export128">
          <FLocat xlink:href="1793,_Saemmtliche_Poetische_Werke,_Schraembl,_Bd._5,_VD18_9024592X_Seite_127_Bild_0001.xml"/>
        </file>
      
        <file ID="export129">
          <FLocat xlink:href="1793,_Saemmtliche_Poetische_Werke,_Schraembl,_Bd._5,_VD18_9024592X_Seite_128_Bild_0001.xml"/>
        </file>
      
        <file ID="export130">
          <FLocat xlink:href="1782,_Poetische_Werke,_Fleischhauer,_Bd._1,_VD18_89276865-001_Seite_025_Bild_0001.xml"/>
        </file>
      
        <file ID="export131">
          <FLocat xlink:href="1782,_Poetische_Werke,_Fleischhauer,_Bd._1,_VD18_89276865-001_Seite_060_Bild_0001.xml"/>
        </file>
      
        <file ID="export132">
          <FLocat xlink:href="1782,_Poetische_Werke,_Fleischhauer,_Bd._1,_VD18_89276865-001_Seite_161_Bild_0001.xml"/>
        </file>
      
        <file ID="export133">
          <FLocat xlink:href="1782,_Poetische_Werke,_Fleischhauer,_Bd._1,_VD18_89276865-001_Seite_184_Bild_0001.xml"/>
        </file>
      
        <file ID="export134">
          <FLocat xlink:href="1782,_Poetische_Werke,_Fleischhauer,_Bd._1,_VD18_89276865-001_Seite_227_Bild_0001.xml"/>
        </file>
      
        <file ID="export135">
          <FLocat xlink:href="1782,_Poetische_Werke,_Fleischhauer,_Bd._2,_VD18_89276873-001_Seite_028_Bild_0001.xml"/>
        </file>
      
        <file ID="export136">
          <FLocat xlink:href="1782,_Poetische_Werke,_Fleischhauer,_Bd._2,_VD18_89276873-001_Seite_029_Bild_0001.xml"/>
        </file>
      
        <file ID="export137">
          <FLocat xlink:href="1782,_Poetische_Werke,_Fleischhauer,_Bd._2,_VD18_89276873-001_Seite_047_Bild_0001.xml"/>
        </file>
      
        <file ID="export138">
          <FLocat xlink:href="1782,_Poetische_Werke,_Fleischhauer,_Bd._2,_VD18_89276873-001_Seite_070_Bild_0001.xml"/>
        </file>
      
        <file ID="export139">
          <FLocat xlink:href="1782,_Poetische_Werke,_Fleischhauer,_Bd._2,_VD18_89276873-001_Seite_094_Bild_0001.xml"/>
        </file>
      
        <file ID="export140">
          <FLocat xlink:href="1782,_Poetische_Werke,_Fleischhauer,_Bd._2,_VD18_89276873-001_Seite_118_Bild_0001.xml"/>
        </file>
      
        <file ID="export141">
          <FLocat xlink:href="1782,_Poetische_Werke,_Fleischhauer,_Bd._2,_VD18_89276873-001_Seite_145_Bild_0001.xml"/>
        </file>
      
        <file ID="export142">
          <FLocat xlink:href="1782,_Poetische_Werke,_Fleischhauer,_Bd._2,_VD18_89276873-001_Seite_214_Bild_0001.xml"/>
        </file>
      
        <file ID="export143">
          <FLocat xlink:href="1782,_Poetische_Werke,_Fleischhauer,_Bd._2,_VD18_89276873-001_Seite_284_Bild_0001.xml"/>
        </file>
      
        <file ID="export144">
          <FLocat xlink:href="1782,_Poetische_Werke,_Fleischhauer,_Bd._2,_VD18_89276873-001_Seite_299_Bild_0001.xml"/>
        </file>
      
        <file ID="export145">
          <FLocat xlink:href="1782,_Poetische_Werke,_Fleischhauer,_Bd._2,_VD18_89276873-001_Seite_319_Bild_0001.xml"/>
        </file>
      
        <file ID="export146">
          <FLocat xlink:href="1782,_Poetische_Werke,_Fleischhauer,_Bd._2,_VD18_89276873-001_Seite_328_Bild_0001.xml"/>
        </file>
      
        <file ID="export147">
          <FLocat xlink:href="1782,_Poetische_Werke,_Fleischhauer,_Bd._2,_VD18_89276873-001_Seite_343_Bild_0001.xml"/>
        </file>
      
        <file ID="export148">
          <FLocat xlink:href="1782,_Poetische_Werke,_Fleischhauer,_Bd._3,_VD18_89276881-001_Seite_015_Bild_0001.xml"/>
        </file>
      
        <file ID="export149">
          <FLocat xlink:href="1782,_Poetische_Werke,_Fleischhauer,_Bd._3,_VD18_89276881-001_Seite_123_Bild_0001.xml"/>
        </file>
      
        <file ID="export150">
          <FLocat xlink:href="1782,_Poetische_Werke,_Fleischhauer,_Bd._3,_VD18_89276881-001_Seite_247_Bild_0001.xml"/>
        </file>
      
        <file ID="export151">
          <FLocat xlink:href="1782,_Poetische_Werke,_Fleischhauer,_Bd._3,_VD18_89276881-001_Seite_283_Bild_0001.xml"/>
        </file>
      
        <file ID="export152">
          <FLocat xlink:href="1782,_Poetische_Werke,_Fleischhauer,_Bd._3,_VD18_89276881-001_Seite_297_Bild_0001.xml"/>
        </file>
      
        <file ID="export153">
          <FLocat xlink:href="1766-71,_Poetische_Werke,_Walthard,_Bd._2_Seite_016_Bild_0001.xml"/>
        </file>
      
        <file ID="export154">
          <FLocat xlink:href="1766-71,_Poetische_Werke,_Walthard,_Bd._2_Seite_030_Bild_0001.xml"/>
        </file>
      
        <file ID="export155">
          <FLocat xlink:href="1766-71,_Poetische_Werke,_Walthard,_Bd._2_Seite_034_Bild_0001.xml"/>
        </file>
      
        <file ID="export156">
          <FLocat xlink:href="1766-71,_Poetische_Werke,_Walthard,_Bd._3_Seite_019_Bild_0001.xml"/>
        </file>
      
        <file ID="export157">
          <FLocat xlink:href="1766-71,_Poetische_Werke,_Walthard,_Bd._3_Seite_030_Bild_0001.xml"/>
        </file>
      
        <file ID="export158">
          <FLocat xlink:href="1766-71,_Poetische_Werke,_Walthard,_Bd._3_Seite_066_Bild_0001.xml"/>
        </file>
      
        <file ID="export159">
          <FLocat xlink:href="1766-71,_Poetische_Werke,_Walthard,_Bd._4_Seite_267_Bild_0001.xml"/>
        </file>
      
        <file ID="export160">
          <FLocat xlink:href="1766-71,_Poetische_Werke,_Walthard,_Bd._4_Seite_269_Bild_0001.xml"/>
        </file>
      
        <file ID="export161">
          <FLocat xlink:href="1766-71,_Poetische_Werke,_Walthard,_Bd._5_Seite_044_Bild_0001.xml"/>
        </file>
      
        <file ID="export162">
          <FLocat xlink:href="1766-71,_Poetische_Werke,_Walthard,_Bd._5_Seite_173_Bild_0001.xml"/>
        </file>
      
        <file ID="export163">
          <FLocat xlink:href="1766-71,_Poetische_Werke,_Walthard,_Bd._5_Seite_188_Bild_0001.xml"/>
        </file>
      
        <file ID="export164">
          <FLocat xlink:href="1766-71,_Poetische_Werke,_Walthard,_Bd._5_Seite_195_Bild_0001.xml"/>
        </file>
      
        <file ID="export165">
          <FLocat xlink:href="1772f.,_Poetische_Werke,_Walthard,_Bd._1,_VD18_90660072_Seite_012_Bild_0001.xml"/>
        </file>
      
        <file ID="export166">
          <FLocat xlink:href="1772f.,_Poetische_Werke,_Walthard,_Bd._1,_VD18_90660072_Seite_016_Bild_0001.xml"/>
        </file>
      
        <file ID="export167">
          <FLocat xlink:href="1772f.,_Poetische_Werke,_Walthard,_Bd._1,_VD18_90660072_Seite_048_Bild_0001.xml"/>
        </file>
      
        <file ID="export168">
          <FLocat xlink:href="1772f.,_Poetische_Werke,_Walthard,_Bd._2,_VD18_90660080_Seite_046_Bild_0001.xml"/>
        </file>
      
        <file ID="export169">
          <FLocat xlink:href="1772f.,_Poetische_Werke,_Walthard,_Bd._2,_VD18_90660080_Seite_134_Bild_0001.xml"/>
        </file>
      
        <file ID="export170">
          <FLocat xlink:href="1772f.,_Poetische_Werke,_Walthard,_Bd._2,_VD18_90660080_Seite_156_Bild_0001.xml"/>
        </file>
      
        <file ID="export171">
          <FLocat xlink:href="1772f.,_Poetische_Werke,_Walthard,_Bd._4,_VD18_90660110_Seite_076_Bild_0001.xml"/>
        </file>
      
        <file ID="export172">
          <FLocat xlink:href="1772f.,_Poetische_Werke,_Walthard,_Bd._4,_VD18_90660110_Seite_147_Bild_0001.xml"/>
        </file>
      
        <file ID="export173">
          <FLocat xlink:href="1772f.,_Poetische_Werke,_Walthard,_Bd._4,_VD18_90660110_Seite_179_Bild_0001.xml"/>
        </file>
      
        <file ID="export174">
          <FLocat xlink:href="1772f.,_Poetische_Werke,_Walthard,_Bd._5,_VD18_90660129_Seite_044_Bild_0001.xml"/>
        </file>
      
        <file ID="export175">
          <FLocat xlink:href="1772f.,_Poetische_Werke,_Walthard,_Bd._5,_VD18_90660129_Seite_052_Bild_0001.xml"/>
        </file>
      
        <file ID="export176">
          <FLocat xlink:href="1772f.,_Poetische_Werke,_Walthard,_Bd._5,_VD18_90660129_Seite_107_Bild_0001.xml"/>
        </file>
      
        <file ID="export177">
          <FLocat xlink:href="1770,_Saemmtliche_Poetische_Werke,_Trattner,_VD18_12002895_Seite_011_Bild_0001.xml"/>
        </file>
      
        <file ID="export178">
          <FLocat xlink:href="1770,_Saemmtliche_Poetische_Werke,_Trattner,_VD18_12002895_Seite_019_Bild_0001.xml"/>
        </file>
      
        <file ID="export179">
          <FLocat xlink:href="1770,_Saemmtliche_Poetische_Werke,_Trattner,_VD18_12002895_Seite_035_Bild_0001.xml"/>
        </file>
      
        <file ID="export180">
          <FLocat xlink:href="1770,_Saemmtliche_Poetische_Werke,_Trattner,_VD18_12002895_Seite_154_Bild_0001.xml"/>
        </file>
      
        <file ID="export181">
          <FLocat xlink:href="1770,_Saemmtliche_Poetische_Werke,_Trattner,_VD18_12002895_Seite_272_Bild_0001.xml"/>
        </file>
      
        <file ID="export182">
          <FLocat xlink:href="1770,_Saemmtliche_Poetische_Werke,_Trattner,_VD18_12002895_Seite_378_Bild_0001.xml"/>
        </file>
      
        <file ID="export183">
          <FLocat xlink:href="1770,_Saemmtliche_Poetische_Werke,_Trattner,_VD18_12002895_Seite_490_Bild_0001.xml"/>
        </file>
      
        <file ID="export184">
          <FLocat xlink:href="1770,_Saemmtliche_Poetische_Werke,_Trattner,_VD18_12002895_Seite_512_Bild_0001.xml"/>
        </file>
      
        <file ID="export185">
          <FLocat xlink:href="1770,_Saemmtliche_Poetische_Werke,_Trattner,_VD18_12002895_Seite_889_Bild_0001.xml"/>
        </file>
      
        <file ID="export186">
          <FLocat xlink:href="1770,_Saemmtliche_Poetische_Werke,_Trattner,_VD18_12002895_Seite_901_Bild_0001.xml"/>
        </file>
      
        <file ID="export187">
          <FLocat xlink:href="1770,_Saemmtliche_Poetische_Werke,_Trattner,_VD18_12002895_Seite_909_Bild_0001.xml"/>
        </file>
      
        <file ID="export188">
          <FLocat xlink:href="1770,_Saemmtliche_Poetische_Werke,_Trattner,_VD18_12002895_Seite_215_Bild_0001.xml"/>
        </file>
      
        <file ID="export189">
          <FLocat xlink:href="1770,_Saemmtliche_Poetische_Werke,_Trattner,_VD18_12002895_Seite_853_Bild_0001.xml"/>
        </file>
      
        <file ID="export190">
          <FLocat xlink:href="1789,_Saemmtliche_Poetische_Werke,_Baumeister,_Bd._1,_VD18_80391559-001_Seite_035_Bild_0001.xml"/>
        </file>
      
        <file ID="export191">
          <FLocat xlink:href="1789,_Saemmtliche_Poetische_Werke,_Baumeister,_Bd._1,_VD18_80391559-001_Seite_042_Bild_0001.xml"/>
        </file>
      
        <file ID="export192">
          <FLocat xlink:href="1789,_Saemmtliche_Poetische_Werke,_Baumeister,_Bd._1,_VD18_80391559-001_Seite_047_Bild_0001.xml"/>
        </file>
      
        <file ID="export193">
          <FLocat xlink:href="1789,_Saemmtliche_Poetische_Werke,_Baumeister,_Bd._1,_VD18_80391559-001_Seite_064_Bild_0001.xml"/>
        </file>
      
        <file ID="export194">
          <FLocat xlink:href="1789,_Saemmtliche_Poetische_Werke,_Baumeister,_Bd._1,_VD18_80391559-001_Seite_083_Bild_0001.xml"/>
        </file>
      
        <file ID="export195">
          <FLocat xlink:href="1789,_Saemmtliche_Poetische_Werke,_Baumeister,_Bd._1,_VD18_80391559-001_Seite_098_Bild_0001.xml"/>
        </file>
      
        <file ID="export196">
          <FLocat xlink:href="1789,_Saemmtliche_Poetische_Werke,_Baumeister,_Bd._1,_VD18_80391559-001_Seite_113_Bild_0001.xml"/>
        </file>
      
        <file ID="export197">
          <FLocat xlink:href="1789,_Saemmtliche_Poetische_Werke,_Baumeister,_Bd._1,_VD18_80391559-001_Seite_148_Bild_0001.xml"/>
        </file>
      
        <file ID="export198">
          <FLocat xlink:href="1789,_Saemmtliche_Poetische_Werke,_Baumeister,_Bd._1,_VD18_80391559-001_Seite_181_Bild_0001.xml"/>
        </file>
      
        <file ID="export199">
          <FLocat xlink:href="1789,_Saemmtliche_Poetische_Werke,_Baumeister,_Bd._1,_VD18_80391559-001_Seite_377_Bild_0001.xml"/>
        </file>
      
        <file ID="export200">
          <FLocat xlink:href="1789,_Saemmtliche_Poetische_Werke,_Baumeister,_Bd._1,_VD18_80391559-001_Seite_402_Bild_0001.xml"/>
        </file>
      
        <file ID="export201">
          <FLocat xlink:href="1789,_Saemmtliche_Poetische_Werke,_Baumeister,_Bd._2,_VD18_80391567-001_Seite_049_Bild_0001.xml"/>
        </file>
      
        <file ID="export202">
          <FLocat xlink:href="1789,_Saemmtliche_Poetische_Werke,_Baumeister,_Bd._2,_VD18_80391567-001_Seite_059_Bild_0001.xml"/>
        </file>
      
        <file ID="export203">
          <FLocat xlink:href="1789,_Saemmtliche_Poetische_Werke,_Baumeister,_Bd._2,_VD18_80391567-001_Seite_151_Bild_0001.xml"/>
        </file>
      
        <file ID="export204">
          <FLocat xlink:href="1789,_Saemmtliche_Poetische_Werke,_Baumeister,_Bd._2,_VD18_80391567-001_Seite_243_Bild_0001.xml"/>
        </file>
      
        <file ID="export205">
          <FLocat xlink:href="1789,_Saemmtliche_Poetische_Werke,_Baumeister,_Bd._2,_VD18_80391567-001_Seite_273_Bild_0001.xml"/>
        </file>
      
        <file ID="export206">
          <FLocat xlink:href="1789,_Saemmtliche_Poetische_Werke,_Baumeister,_Bd._2,_VD18_80391567-001_Seite_289_Bild_0001.xml"/>
        </file>
      
    </fileGrp>
  </fileSec>
  <structMap TYPE="physical">
    <div TYPE="document">
      
      <div TYPE="page">
        
        <fptr FILEID="export1"/>
      </div>
      
      <div TYPE="page">
        
        <fptr FILEID="export2"/>
      </div>
      
      <div TYPE="page">
        
        <fptr FILEID="export3"/>
      </div>
      
      <div TYPE="page">
        
        <fptr FILEID="export4"/>
      </div>
      
      <div TYPE="page">
        
        <fptr FILEID="export5"/>
      </div>
      
      <div TYPE="page">
        
        <fptr FILEID="export6"/>
      </div>
      
      <div TYPE="page">
        
        <fptr FILEID="export7"/>
      </div>
      
      <div TYPE="page">
        
        <fptr FILEID="export8"/>
      </div>
      
      <div TYPE="page">
        
        <fptr FILEID="export9"/>
      </div>
      
      <div TYPE="page">
        
        <fptr FILEID="export10"/>
      </div>
      
      <div TYPE="page">
        
        <fptr FILEID="export11"/>
      </div>
      
      <div TYPE="page">
        
        <fptr FILEID="export12"/>
      </div>
      
      <div TYPE="page">
        
        <fptr FILEID="export13"/>
      </div>
      
      <div TYPE="page">
        
        <fptr FILEID="export14"/>
      </div>
      
      <div TYPE="page">
        
        <fptr FILEID="export15"/>
      </div>
      
      <div TYPE="page">
        
        <fptr FILEID="export16"/>
      </div>
      
      <div TYPE="page">
        
        <fptr FILEID="export17"/>
      </div>
      
      <div TYPE="page">
        
        <fptr FILEID="export18"/>
      </div>
      
      <div TYPE="page">
        
        <fptr FILEID="export19"/>
      </div>
      
      <div TYPE="page">
        
        <fptr FILEID="export20"/>
      </div>
      
      <div TYPE="page">
        
        <fptr FILEID="export21"/>
      </div>
      
      <div TYPE="page">
        
        <fptr FILEID="export22"/>
      </div>
      
      <div TYPE="page">
        
        <fptr FILEID="export23"/>
      </div>
      
      <div TYPE="page">
        
        <fptr FILEID="export24"/>
      </div>
      
      <div TYPE="page">
        
        <fptr FILEID="export25"/>
      </div>
      
      <div TYPE="page">
        
        <fptr FILEID="export26"/>
      </div>
      
      <div TYPE="page">
        
        <fptr FILEID="export27"/>
      </div>
      
      <div TYPE="page">
        
        <fptr FILEID="export28"/>
      </div>
      
      <div TYPE="page">
        
        <fptr FILEID="export29"/>
      </div>
      
      <div TYPE="page">
        
        <fptr FILEID="export30"/>
      </div>
      
      <div TYPE="page">
        
        <fptr FILEID="export31"/>
      </div>
      
      <div TYPE="page">
        
        <fptr FILEID="export32"/>
      </div>
      
      <div TYPE="page">
        
        <fptr FILEID="export33"/>
      </div>
      
      <div TYPE="page">
        
        <fptr FILEID="export34"/>
      </div>
      
      <div TYPE="page">
        
        <fptr FILEID="export35"/>
      </div>
      
      <div TYPE="page">
        
        <fptr FILEID="export36"/>
      </div>
      
      <div TYPE="page">
        
        <fptr FILEID="export37"/>
      </div>
      
      <div TYPE="page">
        
        <fptr FILEID="export38"/>
      </div>
      
      <div TYPE="page">
        
        <fptr FILEID="export39"/>
      </div>
      
      <div TYPE="page">
        
        <fptr FILEID="export40"/>
      </div>
      
      <div TYPE="page">
        
        <fptr FILEID="export41"/>
      </div>
      
      <div TYPE="page">
        
        <fptr FILEID="export42"/>
      </div>
      
      <div TYPE="page">
        
        <fptr FILEID="export43"/>
      </div>
      
      <div TYPE="page">
        
        <fptr FILEID="export44"/>
      </div>
      
      <div TYPE="page">
        
        <fptr FILEID="export45"/>
      </div>
      
      <div TYPE="page">
        
        <fptr FILEID="export46"/>
      </div>
      
      <div TYPE="page">
        
        <fptr FILEID="export47"/>
      </div>
      
      <div TYPE="page">
        
        <fptr FILEID="export48"/>
      </div>
      
      <div TYPE="page">
        
        <fptr FILEID="export49"/>
      </div>
      
      <div TYPE="page">
        
        <fptr FILEID="export50"/>
      </div>
      
      <div TYPE="page">
        
        <fptr FILEID="export51"/>
      </div>
      
      <div TYPE="page">
        
        <fptr FILEID="export52"/>
      </div>
      
      <div TYPE="page">
        
        <fptr FILEID="export53"/>
      </div>
      
      <div TYPE="page">
        
        <fptr FILEID="export54"/>
      </div>
      
      <div TYPE="page">
        
        <fptr FILEID="export55"/>
      </div>
      
      <div TYPE="page">
        
        <fptr FILEID="export56"/>
      </div>
      
      <div TYPE="page">
        
        <fptr FILEID="export57"/>
      </div>
      
      <div TYPE="page">
        
        <fptr FILEID="export58"/>
      </div>
      
      <div TYPE="page">
        
        <fptr FILEID="export59"/>
      </div>
      
      <div TYPE="page">
        
        <fptr FILEID="export60"/>
      </div>
      
      <div TYPE="page">
        
        <fptr FILEID="export61"/>
      </div>
      
      <div TYPE="page">
        
        <fptr FILEID="export62"/>
      </div>
      
      <div TYPE="page">
        
        <fptr FILEID="export63"/>
      </div>
      
      <div TYPE="page">
        
        <fptr FILEID="export64"/>
      </div>
      
      <div TYPE="page">
        
        <fptr FILEID="export65"/>
      </div>
      
      <div TYPE="page">
        
        <fptr FILEID="export66"/>
      </div>
      
      <div TYPE="page">
        
        <fptr FILEID="export67"/>
      </div>
      
      <div TYPE="page">
        
        <fptr FILEID="export68"/>
      </div>
      
      <div TYPE="page">
        
        <fptr FILEID="export69"/>
      </div>
      
      <div TYPE="page">
        
        <fptr FILEID="export70"/>
      </div>
      
      <div TYPE="page">
        
        <fptr FILEID="export71"/>
      </div>
      
      <div TYPE="page">
        
        <fptr FILEID="export72"/>
      </div>
      
      <div TYPE="page">
        
        <fptr FILEID="export73"/>
      </div>
      
      <div TYPE="page">
        
        <fptr FILEID="export74"/>
      </div>
      
      <div TYPE="page">
        
        <fptr FILEID="export75"/>
      </div>
      
      <div TYPE="page">
        
        <fptr FILEID="export76"/>
      </div>
      
      <div TYPE="page">
        
        <fptr FILEID="export77"/>
      </div>
      
      <div TYPE="page">
        
        <fptr FILEID="export78"/>
      </div>
      
      <div TYPE="page">
        
        <fptr FILEID="export79"/>
      </div>
      
      <div TYPE="page">
        
        <fptr FILEID="export80"/>
      </div>
      
      <div TYPE="page">
        
        <fptr FILEID="export81"/>
      </div>
      
      <div TYPE="page">
        
        <fptr FILEID="export82"/>
      </div>
      
      <div TYPE="page">
        
        <fptr FILEID="export83"/>
      </div>
      
      <div TYPE="page">
        
        <fptr FILEID="export84"/>
      </div>
      
      <div TYPE="page">
        
        <fptr FILEID="export85"/>
      </div>
      
      <div TYPE="page">
        
        <fptr FILEID="export86"/>
      </div>
      
      <div TYPE="page">
        
        <fptr FILEID="export87"/>
      </div>
      
      <div TYPE="page">
        
        <fptr FILEID="export88"/>
      </div>
      
      <div TYPE="page">
        
        <fptr FILEID="export89"/>
      </div>
      
      <div TYPE="page">
        
        <fptr FILEID="export90"/>
      </div>
      
      <div TYPE="page">
        
        <fptr FILEID="export91"/>
      </div>
      
      <div TYPE="page">
        
        <fptr FILEID="export92"/>
      </div>
      
      <div TYPE="page">
        
        <fptr FILEID="export93"/>
      </div>
      
      <div TYPE="page">
        
        <fptr FILEID="export94"/>
      </div>
      
      <div TYPE="page">
        
        <fptr FILEID="export95"/>
      </div>
      
      <div TYPE="page">
        
        <fptr FILEID="export96"/>
      </div>
      
      <div TYPE="page">
        
        <fptr FILEID="export97"/>
      </div>
      
      <div TYPE="page">
        
        <fptr FILEID="export98"/>
      </div>
      
      <div TYPE="page">
        
        <fptr FILEID="export99"/>
      </div>
      
      <div TYPE="page">
        
        <fptr FILEID="export100"/>
      </div>
      
      <div TYPE="page">
        
        <fptr FILEID="export101"/>
      </div>
      
      <div TYPE="page">
        
        <fptr FILEID="export102"/>
      </div>
      
      <div TYPE="page">
        
        <fptr FILEID="export103"/>
      </div>
      
      <div TYPE="page">
        
        <fptr FILEID="export104"/>
      </div>
      
      <div TYPE="page">
        
        <fptr FILEID="export105"/>
      </div>
      
      <div TYPE="page">
        
        <fptr FILEID="export106"/>
      </div>
      
      <div TYPE="page">
        
        <fptr FILEID="export107"/>
      </div>
      
      <div TYPE="page">
        
        <fptr FILEID="export108"/>
      </div>
      
      <div TYPE="page">
        
        <fptr FILEID="export109"/>
      </div>
      
      <div TYPE="page">
        
        <fptr FILEID="export110"/>
      </div>
      
      <div TYPE="page">
        
        <fptr FILEID="export111"/>
      </div>
      
      <div TYPE="page">
        
        <fptr FILEID="export112"/>
      </div>
      
      <div TYPE="page">
        
        <fptr FILEID="export113"/>
      </div>
      
      <div TYPE="page">
        
        <fptr FILEID="export114"/>
      </div>
      
      <div TYPE="page">
        
        <fptr FILEID="export115"/>
      </div>
      
      <div TYPE="page">
        
        <fptr FILEID="export116"/>
      </div>
      
      <div TYPE="page">
        
        <fptr FILEID="export117"/>
      </div>
      
      <div TYPE="page">
        
        <fptr FILEID="export118"/>
      </div>
      
      <div TYPE="page">
        
        <fptr FILEID="export119"/>
      </div>
      
      <div TYPE="page">
        
        <fptr FILEID="export120"/>
      </div>
      
      <div TYPE="page">
        
        <fptr FILEID="export121"/>
      </div>
      
      <div TYPE="page">
        
        <fptr FILEID="export122"/>
      </div>
      
      <div TYPE="page">
        
        <fptr FILEID="export123"/>
      </div>
      
      <div TYPE="page">
        
        <fptr FILEID="export124"/>
      </div>
      
      <div TYPE="page">
        
        <fptr FILEID="export125"/>
      </div>
      
      <div TYPE="page">
        
        <fptr FILEID="export126"/>
      </div>
      
      <div TYPE="page">
        
        <fptr FILEID="export127"/>
      </div>
      
      <div TYPE="page">
        
        <fptr FILEID="export128"/>
      </div>
      
      <div TYPE="page">
        
        <fptr FILEID="export129"/>
      </div>
      
      <div TYPE="page">
        
        <fptr FILEID="export130"/>
      </div>
      
      <div TYPE="page">
        
        <fptr FILEID="export131"/>
      </div>
      
      <div TYPE="page">
        
        <fptr FILEID="export132"/>
      </div>
      
      <div TYPE="page">
        
        <fptr FILEID="export133"/>
      </div>
      
      <div TYPE="page">
        
        <fptr FILEID="export134"/>
      </div>
      
      <div TYPE="page">
        
        <fptr FILEID="export135"/>
      </div>
      
      <div TYPE="page">
        
        <fptr FILEID="export136"/>
      </div>
      
      <div TYPE="page">
        
        <fptr FILEID="export137"/>
      </div>
      
      <div TYPE="page">
        
        <fptr FILEID="export138"/>
      </div>
      
      <div TYPE="page">
        
        <fptr FILEID="export139"/>
      </div>
      
      <div TYPE="page">
        
        <fptr FILEID="export140"/>
      </div>
      
      <div TYPE="page">
        
        <fptr FILEID="export141"/>
      </div>
      
      <div TYPE="page">
        
        <fptr FILEID="export142"/>
      </div>
      
      <div TYPE="page">
        
        <fptr FILEID="export143"/>
      </div>
      
      <div TYPE="page">
        
        <fptr FILEID="export144"/>
      </div>
      
      <div TYPE="page">
        
        <fptr FILEID="export145"/>
      </div>
      
      <div TYPE="page">
        
        <fptr FILEID="export146"/>
      </div>
      
      <div TYPE="page">
        
        <fptr FILEID="export147"/>
      </div>
      
      <div TYPE="page">
        
        <fptr FILEID="export148"/>
      </div>
      
      <div TYPE="page">
        
        <fptr FILEID="export149"/>
      </div>
      
      <div TYPE="page">
        
        <fptr FILEID="export150"/>
      </div>
      
      <div TYPE="page">
        
        <fptr FILEID="export151"/>
      </div>
      
      <div TYPE="page">
        
        <fptr FILEID="export152"/>
      </div>
      
      <div TYPE="page">
        
        <fptr FILEID="export153"/>
      </div>
      
      <div TYPE="page">
        
        <fptr FILEID="export154"/>
      </div>
      
      <div TYPE="page">
        
        <fptr FILEID="export155"/>
      </div>
      
      <div TYPE="page">
        
        <fptr FILEID="export156"/>
      </div>
      
      <div TYPE="page">
        
        <fptr FILEID="export157"/>
      </div>
      
      <div TYPE="page">
        
        <fptr FILEID="export158"/>
      </div>
      
      <div TYPE="page">
        
        <fptr FILEID="export159"/>
      </div>
      
      <div TYPE="page">
        
        <fptr FILEID="export160"/>
      </div>
      
      <div TYPE="page">
        
        <fptr FILEID="export161"/>
      </div>
      
      <div TYPE="page">
        
        <fptr FILEID="export162"/>
      </div>
      
      <div TYPE="page">
        
        <fptr FILEID="export163"/>
      </div>
      
      <div TYPE="page">
        
        <fptr FILEID="export164"/>
      </div>
      
      <div TYPE="page">
        
        <fptr FILEID="export165"/>
      </div>
      
      <div TYPE="page">
        
        <fptr FILEID="export166"/>
      </div>
      
      <div TYPE="page">
        
        <fptr FILEID="export167"/>
      </div>
      
      <div TYPE="page">
        
        <fptr FILEID="export168"/>
      </div>
      
      <div TYPE="page">
        
        <fptr FILEID="export169"/>
      </div>
      
      <div TYPE="page">
        
        <fptr FILEID="export170"/>
      </div>
      
      <div TYPE="page">
        
        <fptr FILEID="export171"/>
      </div>
      
      <div TYPE="page">
        
        <fptr FILEID="export172"/>
      </div>
      
      <div TYPE="page">
        
        <fptr FILEID="export173"/>
      </div>
      
      <div TYPE="page">
        
        <fptr FILEID="export174"/>
      </div>
      
      <div TYPE="page">
        
        <fptr FILEID="export175"/>
      </div>
      
      <div TYPE="page">
        
        <fptr FILEID="export176"/>
      </div>
      
      <div TYPE="page">
        
        <fptr FILEID="export177"/>
      </div>
      
      <div TYPE="page">
        
        <fptr FILEID="export178"/>
      </div>
      
      <div TYPE="page">
        
        <fptr FILEID="export179"/>
      </div>
      
      <div TYPE="page">
        
        <fptr FILEID="export180"/>
      </div>
      
      <div TYPE="page">
        
        <fptr FILEID="export181"/>
      </div>
      
      <div TYPE="page">
        
        <fptr FILEID="export182"/>
      </div>
      
      <div TYPE="page">
        
        <fptr FILEID="export183"/>
      </div>
      
      <div TYPE="page">
        
        <fptr FILEID="export184"/>
      </div>
      
      <div TYPE="page">
        
        <fptr FILEID="export185"/>
      </div>
      
      <div TYPE="page">
        
        <fptr FILEID="export186"/>
      </div>
      
      <div TYPE="page">
        
        <fptr FILEID="export187"/>
      </div>
      
      <div TYPE="page">
        
        <fptr FILEID="export188"/>
      </div>
      
      <div TYPE="page">
        
        <fptr FILEID="export189"/>
      </div>
      
      <div TYPE="page">
        
        <fptr FILEID="export190"/>
      </div>
      
      <div TYPE="page">
        
        <fptr FILEID="export191"/>
      </div>
      
      <div TYPE="page">
        
        <fptr FILEID="export192"/>
      </div>
      
      <div TYPE="page">
        
        <fptr FILEID="export193"/>
      </div>
      
      <div TYPE="page">
        
        <fptr FILEID="export194"/>
      </div>
      
      <div TYPE="page">
        
        <fptr FILEID="export195"/>
      </div>
      
      <div TYPE="page">
        
        <fptr FILEID="export196"/>
      </div>
      
      <div TYPE="page">
        
        <fptr FILEID="export197"/>
      </div>
      
      <div TYPE="page">
        
        <fptr FILEID="export198"/>
      </div>
      
      <div TYPE="page">
        
        <fptr FILEID="export199"/>
      </div>
      
      <div TYPE="page">
        
        <fptr FILEID="export200"/>
      </div>
      
      <div TYPE="page">
        
        <fptr FILEID="export201"/>
      </div>
      
      <div TYPE="page">
        
        <fptr FILEID="export202"/>
      </div>
      
      <div TYPE="page">
        
        <fptr FILEID="export203"/>
      </div>
      
      <div TYPE="page">
        
        <fptr FILEID="export204"/>
      </div>
      
      <div TYPE="page">
        
        <fptr FILEID="export205"/>
      </div>
      
      <div TYPE="page">
        
        <fptr FILEID="export206"/>
      </div>
      
    </div>
  </structMap>
</mets>
