<?xml version="1.0" encoding="UTF-8"?>
<alto xmlns:xsi="http://www.w3.org/2001/XMLSchema-instance"
      xmlns="http://www.loc.gov/standards/alto/ns-v4#"
      xsi:schemaLocation="http://www.loc.gov/standards/alto/ns-v4# http://www.loc.gov/standards/alto/v4/alto-4-2.xsd">
  <Description>
    <MeasurementUnit>pixel</MeasurementUnit>
    <sourceImageInformation>
      <fileName>1800,_Poetische_Werke,_Bohn,_Bd._1,_VD18_80461433_Seite_209_Bild_0001.jpg</fileName>
    </sourceImageInformation>
  </Description>
  <Tags>
    <OtherTag ID="BT1" LABEL="Title" DESCRIPTION="block type Title"/><OtherTag ID="BT2" LABEL="Main" DESCRIPTION="block type Main"/><OtherTag ID="BT3" LABEL="Commentary" DESCRIPTION="block type Commentary"/><OtherTag ID="BT4" LABEL="Illustration" DESCRIPTION="block type Illustration"/><OtherTag ID="BT3661" LABEL="heading" DESCRIPTION="block type heading"/><OtherTag ID="BT3662" LABEL="paragraph" DESCRIPTION="block type paragraph"/><OtherTag ID="BT3663" LABEL="footnote" DESCRIPTION="block type footnote"/>
  </Tags>
  <Layout>
    <Page WIDTH="1869"
          HEIGHT="2751"
          PHYSICAL_IMG_NR="7"
          ID="eSc_dummypage_">
      <PrintSpace HPOS="0"
                  VPOS="0"
                  WIDTH="1869"
                  HEIGHT="2751">
        <TextBlock HPOS="635"
                   VPOS="360"
                   WIDTH="109"
                   HEIGHT="74"
                   ID="region_1720347012894_571"
                   TAGREFS="BT3662">
          <Shape><Polygon POINTS="744 415 635 434 635 360 741 360"/></Shape>
        </TextBlock>
        <TextBlock HPOS="382.0"
                   VPOS="451.0"
                   WIDTH="597.0"
                   HEIGHT="68.0"
                   ID="region_1720347015687_574"
                   TAGREFS="BT3661">
          <Shape><Polygon POINTS="979 510 382 519 382 454 963 451"/></Shape>
        </TextBlock>
        <TextBlock HPOS="155.0"
                   VPOS="534.0"
                   WIDTH="998.0"
                   HEIGHT="398.0"
                   ID="region_1720347019583_577"
                   TAGREFS="BT3662">
          <Shape><Polygon POINTS="1153 915 357 932 227 784 155 633 156 534 1113 534"/></Shape>
        </TextBlock>
        <TextBlock HPOS="502.0"
                   VPOS="1101.0"
                   WIDTH="413.0"
                   HEIGHT="84.0"
                   ID="region_1720347027867_583"
                   TAGREFS="BT3661">
          <Shape><Polygon POINTS="903 1178 502 1185 502 1101 915 1101"/></Shape>
        </TextBlock>
        <TextBlock HPOS="302.0"
                   VPOS="1198.0"
                   WIDTH="895.0"
                   HEIGHT="525.0"
                   ID="region_1720347037759_586"
                   TAGREFS="BT3662">
          <Shape><Polygon POINTS="1197 1723 302 1723 302 1198 1197 1198"/></Shape>
        </TextBlock>
        <TextBlock HPOS="520.0"
                   VPOS="1853.0"
                   WIDTH="366.0"
                   HEIGHT="80.0"
                   ID="region_1720347041351_589"
                   TAGREFS="BT3661">
          <Shape><Polygon POINTS="886 1933 520 1933 520 1853 868 1863"/></Shape>
        </TextBlock>
        <TextBlock HPOS="137.0"
                   VPOS="1949.0"
                   WIDTH="1117.0"
                   HEIGHT="182.0"
                   ID="region_1720347053327_592"
                   TAGREFS="BT3662">
          <Shape><Polygon POINTS="1254 2131 137 2131 138 1949 1233 1954"/></Shape>
        </TextBlock>
        <TextBlock HPOS="164.0"
                   VPOS="2205.0"
                   WIDTH="1130.0"
                   HEIGHT="180.0"
                   ID="region_1720347056327_595"
                   TAGREFS="BT3663">
          <Shape><Polygon POINTS="1235 2343 164 2385 164 2205 1294 2205"/></Shape>
        </TextBlock>
      </PrintSpace>
    </Page>
  </Layout>
</alto>
