<?xml version="1.0" encoding="UTF-8"?>
<alto xmlns:xsi="http://www.w3.org/2001/XMLSchema-instance"
      xmlns="http://www.loc.gov/standards/alto/ns-v4#"
      xsi:schemaLocation="http://www.loc.gov/standards/alto/ns-v4# http://www.loc.gov/standards/alto/v4/alto-4-2.xsd">
  <Description>
    <MeasurementUnit>pixel</MeasurementUnit>
    <sourceImageInformation>
      <fileName>1800,_Poetische_Werke,_Bohn,_Bd._5,_VD18_80461476_Seite_040_Bild_0001.jpg</fileName>
    </sourceImageInformation>
  </Description>
  <Tags>
    <OtherTag ID="BT1" LABEL="Title" DESCRIPTION="block type Title"/><OtherTag ID="BT2" LABEL="Main" DESCRIPTION="block type Main"/><OtherTag ID="BT3" LABEL="Commentary" DESCRIPTION="block type Commentary"/><OtherTag ID="BT4" LABEL="Illustration" DESCRIPTION="block type Illustration"/><OtherTag ID="BT3661" LABEL="heading" DESCRIPTION="block type heading"/><OtherTag ID="BT3662" LABEL="paragraph" DESCRIPTION="block type paragraph"/><OtherTag ID="BT3663" LABEL="footnote" DESCRIPTION="block type footnote"/>
  </Tags>
  <Layout>
    <Page WIDTH="1872"
          HEIGHT="2837"
          PHYSICAL_IMG_NR="16"
          ID="eSc_dummypage_">
      <PrintSpace HPOS="0"
                  VPOS="0"
                  WIDTH="1872"
                  HEIGHT="2837">
        <TextBlock HPOS="1097"
                   VPOS="386"
                   WIDTH="121"
                   HEIGHT="69"
                   ID="region_1724840719286_662"
                   TAGREFS="BT3662">
          <Shape><Polygon POINTS="1207 455 1097 455 1097 386 1218 389"/></Shape>
        </TextBlock>
        <TextBlock HPOS="579.0"
                   VPOS="460.0"
                   WIDTH="1168.0"
                   HEIGHT="888.0"
                   ID="region_1724840723654_665"
                   TAGREFS="BT3662">
          <Shape><Polygon POINTS="1713 1348 579 1348 579 467 1747 460"/></Shape>
        </TextBlock>
        <TextBlock HPOS="876.0"
                   VPOS="1509.0"
                   WIDTH="615.0"
                   HEIGHT="113.0"
                   ID="region_1724840726694_668"
                   TAGREFS="BT3661">
          <Shape><Polygon POINTS="1467 1622 876 1622 876 1518 1491 1509"/></Shape>
        </TextBlock>
        <TextBlock HPOS="641.0"
                   VPOS="1711.0"
                   WIDTH="1058.0"
                   HEIGHT="537.0"
                   ID="region_1724840736528_672"
                   TAGREFS="BT3661">
          <Shape><Polygon POINTS="1682 2248 641 2248 641 1711 1699 1712"/></Shape>
        </TextBlock>
        <TextBlock HPOS="767"
                   VPOS="2261"
                   WIDTH="714"
                   HEIGHT="138"
                   ID="region_1724840739198_675"
                   TAGREFS="BT3662">
          <Shape><Polygon POINTS="1456 2399 767 2399 767 2261 1481 2262"/></Shape>
        </TextBlock>
      </PrintSpace>
    </Page>
  </Layout>
</alto>
