<?xml version="1.0" encoding="UTF-8"?>
<alto xmlns:xsi="http://www.w3.org/2001/XMLSchema-instance"
      xmlns="http://www.loc.gov/standards/alto/ns-v4#"
      xsi:schemaLocation="http://www.loc.gov/standards/alto/ns-v4# http://www.loc.gov/standards/alto/v4/alto-4-2.xsd">
  <Description>
    <MeasurementUnit>pixel</MeasurementUnit>
    <sourceImageInformation>
      <fileName>1800,_Poetische_Werke,_Bohn,_Bd._4,_VD18_80461468_Seite_179_Bild_0001.jpg</fileName>
    </sourceImageInformation>
  </Description>
  <Tags>
    <OtherTag ID="BT1" LABEL="Title" DESCRIPTION="block type Title"/><OtherTag ID="BT2" LABEL="Main" DESCRIPTION="block type Main"/><OtherTag ID="BT3" LABEL="Commentary" DESCRIPTION="block type Commentary"/><OtherTag ID="BT4" LABEL="Illustration" DESCRIPTION="block type Illustration"/><OtherTag ID="BT3661" LABEL="heading" DESCRIPTION="block type heading"/><OtherTag ID="BT3662" LABEL="paragraph" DESCRIPTION="block type paragraph"/><OtherTag ID="BT3663" LABEL="footnote" DESCRIPTION="block type footnote"/>
  </Tags>
  <Layout>
    <Page WIDTH="1839"
          HEIGHT="2753"
          PHYSICAL_IMG_NR="12"
          ID="eSc_dummypage_">
      <PrintSpace HPOS="0"
                  VPOS="0"
                  WIDTH="1839"
                  HEIGHT="2753">
        <TextBlock HPOS="635"
                   VPOS="357"
                   WIDTH="157"
                   HEIGHT="45"
                   ID="region_1720166187173_429"
                   TAGREFS="BT3662">
          <Shape><Polygon POINTS="792 399 635 402 635 357 761 357"/></Shape>
        </TextBlock>
        <TextBlock HPOS="163.0"
                   VPOS="433.0"
                   WIDTH="1149.0"
                   HEIGHT="118.0"
                   ID="region_1720166204193_438"
                   TAGREFS="BT3662">
          <Shape><Polygon POINTS="1312 550 163 551 163 433 1245 433"/></Shape>
        </TextBlock>
        <TextBlock HPOS="403.0"
                   VPOS="574.0"
                   WIDTH="599.0"
                   HEIGHT="67.0"
                   ID="region_1720166196353_435"
                   TAGREFS="BT3661">
          <Shape><Polygon POINTS="1002 641 407 641 403 574 998 574"/></Shape>
        </TextBlock>
        <TextBlock HPOS="161.0"
                   VPOS="663.0"
                   WIDTH="75.0"
                   HEIGHT="82.0"
                   ID="region_1720166191381_432"
                   TAGREFS="BT3662">
          <Shape><Polygon POINTS="236 744 177 745 161 663 236 665"/></Shape>
        </TextBlock>
        <TextBlock HPOS="177.0"
                   VPOS="655.0"
                   WIDTH="1140.0"
                   HEIGHT="1331.0"
                   ID="region_1720166219061_441"
                   TAGREFS="BT3662">
          <Shape><Polygon POINTS="1221 753 1317 1986 190 1897 177 749 241 750 240 668 1226 655"/></Shape>
        </TextBlock>
        <TextBlock HPOS="177.0"
                   VPOS="2072.0"
                   WIDTH="1085.0"
                   HEIGHT="193.0"
                   ID="region_1720166335573_456"
                   TAGREFS="BT3662">
          <Shape><Polygon POINTS="1262 2265 177 2265 181 2072 1233 2073"/></Shape>
        </TextBlock>
        <TextBlock HPOS="212.0"
                   VPOS="2313.0"
                   WIDTH="388.0"
                   HEIGHT="142.0"
                   ID="region_1720166601089_496"
                   TAGREFS="BT3663">
          <Shape><Polygon POINTS="600 2433 212 2455 212 2313 600 2313"/></Shape>
        </TextBlock>
        <TextBlock HPOS="748"
                   VPOS="2366"
                   WIDTH="168"
                   HEIGHT="96"
                   ID="region_1720166344593_462"
                   TAGREFS="BT3662">
          <Shape><Polygon POINTS="859 2462 748 2462 748 2371 916 2366"/></Shape>
        </TextBlock>
      </PrintSpace>
    </Page>
  </Layout>
</alto>
