<?xml version="1.0" encoding="UTF-8"?>
<alto xmlns:xsi="http://www.w3.org/2001/XMLSchema-instance"
      xmlns="http://www.loc.gov/standards/alto/ns-v4#"
      xsi:schemaLocation="http://www.loc.gov/standards/alto/ns-v4# http://www.loc.gov/standards/alto/v4/alto-4-2.xsd">
  <Description>
    <MeasurementUnit>pixel</MeasurementUnit>
    <sourceImageInformation>
      <fileName>1800,_Poetische_Werke,_Bohn,_Bd._2,_VD18_80461441_Seite_262_Bild_0001.jpg</fileName>
    </sourceImageInformation>
  </Description>
  <Tags>
    <OtherTag ID="BT1" LABEL="Title" DESCRIPTION="block type Title"/><OtherTag ID="BT2" LABEL="Main" DESCRIPTION="block type Main"/><OtherTag ID="BT3" LABEL="Commentary" DESCRIPTION="block type Commentary"/><OtherTag ID="BT4" LABEL="Illustration" DESCRIPTION="block type Illustration"/><OtherTag ID="BT3661" LABEL="heading" DESCRIPTION="block type heading"/><OtherTag ID="BT3662" LABEL="paragraph" DESCRIPTION="block type paragraph"/><OtherTag ID="BT3663" LABEL="footnote" DESCRIPTION="block type footnote"/>
  </Tags>
  <Layout>
    <Page WIDTH="1866"
          HEIGHT="2730"
          PHYSICAL_IMG_NR="4"
          ID="eSc_dummypage_">
      <PrintSpace HPOS="0"
                  VPOS="0"
                  WIDTH="1866"
                  HEIGHT="2730">
        <TextBlock HPOS="1059"
                   VPOS="333"
                   WIDTH="202"
                   HEIGHT="86"
                   ID="region_1718901403520_101"
                   TAGREFS="BT3662">
          <Shape><Polygon POINTS="1225 419 1059 419 1059 335 1261 333"/></Shape>
        </TextBlock>
        <TextBlock HPOS="554.0"
                   VPOS="440.0"
                   WIDTH="1124.0"
                   HEIGHT="1964.0"
                   ID="region_1718901407272_104"
                   TAGREFS="BT3662">
          <Shape><Polygon POINTS="1673 2366 554 2404 566 440 1678 446"/></Shape>
        </TextBlock>
      </PrintSpace>
    </Page>
  </Layout>
</alto>
