<?xml version="1.0" encoding="UTF-8"?>
<alto xmlns:xsi="http://www.w3.org/2001/XMLSchema-instance"
      xmlns="http://www.loc.gov/standards/alto/ns-v4#"
      xsi:schemaLocation="http://www.loc.gov/standards/alto/ns-v4# http://www.loc.gov/standards/alto/v4/alto-4-2.xsd">
  <Description>
    <MeasurementUnit>pixel</MeasurementUnit>
    <sourceImageInformation>
      <fileName>1800,_Poetische_Werke,_Bohn,_Bd._3,_VD18_8046145X_Seite_251_Bild_0001.jpg</fileName>
    </sourceImageInformation>
  </Description>
  <Tags>
    <OtherTag ID="BT1" LABEL="Title" DESCRIPTION="block type Title"/><OtherTag ID="BT2" LABEL="Main" DESCRIPTION="block type Main"/><OtherTag ID="BT3" LABEL="Commentary" DESCRIPTION="block type Commentary"/><OtherTag ID="BT4" LABEL="Illustration" DESCRIPTION="block type Illustration"/><OtherTag ID="BT3661" LABEL="heading" DESCRIPTION="block type heading"/><OtherTag ID="BT3662" LABEL="paragraph" DESCRIPTION="block type paragraph"/><OtherTag ID="BT3663" LABEL="footnote" DESCRIPTION="block type footnote"/>
  </Tags>
  <Layout>
    <Page WIDTH="1763"
          HEIGHT="2767"
          PHYSICAL_IMG_NR="21"
          ID="eSc_dummypage_">
      <PrintSpace HPOS="0"
                  VPOS="0"
                  WIDTH="1763"
                  HEIGHT="2767">
        <TextBlock HPOS="675"
                   VPOS="374"
                   WIDTH="112"
                   HEIGHT="62"
                   ID="region_1720167119837_668"
                   TAGREFS="BT3662">
          <Shape><Polygon POINTS="787 436 675 436 675 374 787 374"/></Shape>
        </TextBlock>
        <TextBlock HPOS="184.0"
                   VPOS="448.0"
                   WIDTH="1138.0"
                   HEIGHT="1575.0"
                   ID="region_1720167124097_671"
                   TAGREFS="BT3662">
          <Shape><Polygon POINTS="1322 1143 1271 2023 184 2023 192 448 1279 448"/></Shape>
        </TextBlock>
        <TextBlock HPOS="261.0"
                   VPOS="2163.0"
                   WIDTH="446.0"
                   HEIGHT="66.0"
                   ID="region_1724226844203_283"
                   TAGREFS="BT3663">
          <Shape><Polygon POINTS="707 2229 261 2229 261 2176 478 2163 707 2176"/></Shape>
        </TextBlock>
        <TextBlock HPOS="261.0"
                   VPOS="2246.0"
                   WIDTH="508.0"
                   HEIGHT="62.0"
                   ID="region_1720167162689_689"
                   TAGREFS="BT3663">
          <Shape><Polygon POINTS="769 2282 739 2308 261 2308 261 2246 739 2246"/></Shape>
        </TextBlock>
        <TextBlock HPOS="263.0"
                   VPOS="2317.0"
                   WIDTH="412.0"
                   HEIGHT="69.0"
                   ID="region_1720167166200_692"
                   TAGREFS="BT3663">
          <Shape><Polygon POINTS="675 2346 647 2386 263 2386 263 2317 647 2317"/></Shape>
        </TextBlock>
      </PrintSpace>
    </Page>
  </Layout>
</alto>
