<?xml version="1.0" encoding="UTF-8"?>
<alto xmlns:xsi="http://www.w3.org/2001/XMLSchema-instance"
      xmlns="http://www.loc.gov/standards/alto/ns-v4#"
      xsi:schemaLocation="http://www.loc.gov/standards/alto/ns-v4# http://www.loc.gov/standards/alto/v4/alto-4-2.xsd">
  <Description>
    <MeasurementUnit>pixel</MeasurementUnit>
    <sourceImageInformation>
      <fileName>1800,_Poetische_Werke,_Bohn,_Bd._2,_VD18_80461441_Seite_259_Bild_0001.jpg</fileName>
    </sourceImageInformation>
  </Description>
  <Tags>
    <OtherTag ID="BT1" LABEL="Title" DESCRIPTION="block type Title"/><OtherTag ID="BT2" LABEL="Main" DESCRIPTION="block type Main"/><OtherTag ID="BT3" LABEL="Commentary" DESCRIPTION="block type Commentary"/><OtherTag ID="BT4" LABEL="Illustration" DESCRIPTION="block type Illustration"/><OtherTag ID="BT3661" LABEL="heading" DESCRIPTION="block type heading"/><OtherTag ID="BT3662" LABEL="paragraph" DESCRIPTION="block type paragraph"/><OtherTag ID="BT3663" LABEL="footnote" DESCRIPTION="block type footnote"/>
  </Tags>
  <Layout>
    <Page WIDTH="1866"
          HEIGHT="2730"
          PHYSICAL_IMG_NR="10"
          ID="eSc_dummypage_">
      <PrintSpace HPOS="0"
                  VPOS="0"
                  WIDTH="1866"
                  HEIGHT="2730">
        <TextBlock HPOS="668"
                   VPOS="337"
                   WIDTH="140"
                   HEIGHT="77"
                   ID="region_1720778446064_114"
                   TAGREFS="BT3662">
          <Shape><Polygon POINTS="803 391 668 414 668 337 808 337"/></Shape>
        </TextBlock>
        <TextBlock HPOS="189.0"
                   VPOS="442.0"
                   WIDTH="1135.0"
                   HEIGHT="1601.0"
                   ID="region_1720778451612_117"
                   TAGREFS="BT3662">
          <Shape><Polygon POINTS="1272 2043 189 2043 189 442 1324 443"/></Shape>
        </TextBlock>
        <TextBlock HPOS="201.0"
                   VPOS="2195.0"
                   WIDTH="1112.0"
                   HEIGHT="143.0"
                   ID="region_1720778467437_126"
                   TAGREFS="BT3663">
          <Shape><Polygon POINTS="1313 2338 201 2338 223 2212 1308 2195"/></Shape>
        </TextBlock>
        <TextBlock HPOS="271"
                   VPOS="2345"
                   WIDTH="94"
                   HEIGHT="55"
                   ID="region_1720778458777_120"
                   TAGREFS="BT3662">
          <Shape><Polygon POINTS="271 2345 345 2345 365 2400 271 2398"/></Shape>
        </TextBlock>
        <TextBlock HPOS="759"
                   VPOS="2346"
                   WIDTH="81"
                   HEIGHT="50"
                   ID="region_1720778462629_123"
                   TAGREFS="BT3662">
          <Shape><Polygon POINTS="840 2393 759 2396 759 2372 759 2346 824 2346"/></Shape>
        </TextBlock>
      </PrintSpace>
    </Page>
  </Layout>
</alto>
