<?xml version="1.0" encoding="UTF-8"?>
<alto xmlns:xsi="http://www.w3.org/2001/XMLSchema-instance"
      xmlns="http://www.loc.gov/standards/alto/ns-v4#"
      xsi:schemaLocation="http://www.loc.gov/standards/alto/ns-v4# http://www.loc.gov/standards/alto/v4/alto-4-2.xsd">
  <Description>
    <MeasurementUnit>pixel</MeasurementUnit>
    <sourceImageInformation>
      <fileName>1769,_Saemtliche_Poetische_Werke,_Bohn,_4._Aufl.,_Bd._3,_VD18_90481127_Seite_031_Bild_0001.jpg</fileName>
    </sourceImageInformation>
  </Description>
  <Tags>
    <OtherTag ID="BT1" LABEL="Title" DESCRIPTION="block type Title"/><OtherTag ID="BT2" LABEL="Main" DESCRIPTION="block type Main"/><OtherTag ID="BT3" LABEL="Commentary" DESCRIPTION="block type Commentary"/><OtherTag ID="BT4" LABEL="Illustration" DESCRIPTION="block type Illustration"/><OtherTag ID="BT4028" LABEL="heading" DESCRIPTION="block type heading"/><OtherTag ID="BT4029" LABEL="paragraph" DESCRIPTION="block type paragraph"/><OtherTag ID="BT4030" LABEL="footnote" DESCRIPTION="block type footnote"/><OtherTag ID="BT4031" LABEL="l-column" DESCRIPTION="block type l-column"/><OtherTag ID="BT4032" LABEL="r-column" DESCRIPTION="block type r-column"/><OtherTag ID="BT4147" LABEL="page-number" DESCRIPTION="block type page-number"/><OtherTag ID="BT4148" LABEL="poem_lg" DESCRIPTION="block type poem_lg"/><OtherTag ID="BT4149" LABEL="endnote" DESCRIPTION="block type endnote"/><OtherTag ID="BT4150" LABEL="drop-capital" DESCRIPTION="block type drop-capital"/><OtherTag ID="BT4151" LABEL="signature-mark" DESCRIPTION="block type signature-mark"/><OtherTag ID="BT4152" LABEL="header" DESCRIPTION="block type header"/><OtherTag ID="BT4153" LABEL="catch-word" DESCRIPTION="block type catch-word"/>
  </Tags>
  <Layout>
    <Page WIDTH="1971"
          HEIGHT="2897"
          PHYSICAL_IMG_NR="19"
          ID="eSc_dummypage_">
      <PrintSpace HPOS="0"
                  VPOS="0"
                  WIDTH="1971"
                  HEIGHT="2897">
        <TextBlock HPOS="199.0"
                   VPOS="630.0"
                   WIDTH="1108.0"
                   HEIGHT="832.0"
                   ID="region_1724839657406_398"
                   TAGREFS="BT4029">
          <Shape><Polygon POINTS="1307 1442 199 1462 199 630 1306 630"/></Shape>
          <TextLine ID="eSc_line_513564cc"
                    BASELINE="221 716 1244 704" 
                    HPOS="221.0"
                    VPOS="704.0"
                    WIDTH="1023.0"
                    HEIGHT="12.0">
	    <String CONTENT=""
                    HPOS="221.0"
                    VPOS="704.0"
                    WIDTH="1023.0"
                    HEIGHT="12.0"></String>
          </TextLine>
          <TextLine ID="eSc_line_8a8267c9"
                    BASELINE="224 796 1240 777" 
                    HPOS="224.0"
                    VPOS="777.0"
                    WIDTH="1016.0"
                    HEIGHT="19.0">
	    <String CONTENT=""
                    HPOS="224.0"
                    VPOS="777.0"
                    WIDTH="1016.0"
                    HEIGHT="19.0"></String>
          </TextLine>
          <TextLine ID="eSc_line_d6cf2676"
                    BASELINE="228 880 1239 877" 
                    HPOS="228.0"
                    VPOS="877.0"
                    WIDTH="1011.0"
                    HEIGHT="3.0">
	    <String CONTENT=""
                    HPOS="228.0"
                    VPOS="877.0"
                    WIDTH="1011.0"
                    HEIGHT="3.0"></String>
          </TextLine>
          <TextLine ID="eSc_line_425247dc"
                    BASELINE="219 969 1250 961" 
                    HPOS="219.0"
                    VPOS="961.0"
                    WIDTH="1031.0"
                    HEIGHT="8.0">
	    <String CONTENT=""
                    HPOS="219.0"
                    VPOS="961.0"
                    WIDTH="1031.0"
                    HEIGHT="8.0"></String>
          </TextLine>
          <TextLine ID="eSc_line_11d70747"
                    BASELINE="222 1049 1253 1037" 
                    HPOS="222.0"
                    VPOS="1037.0"
                    WIDTH="1031.0"
                    HEIGHT="12.0">
	    <String CONTENT=""
                    HPOS="222.0"
                    VPOS="1037.0"
                    WIDTH="1031.0"
                    HEIGHT="12.0"></String>
          </TextLine>
          <TextLine ID="eSc_line_56ee2c8c"
                    BASELINE="227 1131 1254 1120" 
                    HPOS="227.0"
                    VPOS="1120.0"
                    WIDTH="1027.0"
                    HEIGHT="11.0">
	    <String CONTENT=""
                    HPOS="227.0"
                    VPOS="1120.0"
                    WIDTH="1027.0"
                    HEIGHT="11.0"></String>
          </TextLine>
          <TextLine ID="eSc_line_3a2d0d9b"
                    BASELINE="229 1213 1258 1203" 
                    HPOS="229.0"
                    VPOS="1203.0"
                    WIDTH="1029.0"
                    HEIGHT="10.0">
	    <String CONTENT=""
                    HPOS="229.0"
                    VPOS="1203.0"
                    WIDTH="1029.0"
                    HEIGHT="10.0"></String>
          </TextLine>
          <TextLine ID="eSc_line_5c876120"
                    BASELINE="222 1292 1260 1292" 
                    HPOS="222.0"
                    VPOS="1292.0"
                    WIDTH="1038.0"
                    HEIGHT="0.0">
	    <String CONTENT=""
                    HPOS="222.0"
                    VPOS="1292.0"
                    WIDTH="1038.0"
                    HEIGHT="0.0"></String>
          </TextLine>
          <TextLine ID="eSc_line_0f08fa0f"
                    BASELINE="221 1369 1268 1367" 
                    HPOS="221.0"
                    VPOS="1367.0"
                    WIDTH="1047.0"
                    HEIGHT="2.0">
	    <String CONTENT=""
                    HPOS="221.0"
                    VPOS="1367.0"
                    WIDTH="1047.0"
                    HEIGHT="2.0"></String>
          </TextLine>
          <TextLine ID="eSc_line_843c0647"
                    BASELINE="237 1454 1258 1441" 
                    HPOS="237.0"
                    VPOS="1441.0"
                    WIDTH="1021.0"
                    HEIGHT="13.0">
	    <String CONTENT=""
                    HPOS="237.0"
                    VPOS="1441.0"
                    WIDTH="1021.0"
                    HEIGHT="13.0"></String>
          </TextLine>
        </TextBlock>
        <TextBlock HPOS="569.0"
                   VPOS="530.0"
                   WIDTH="323.0"
                   HEIGHT="66.0"
                   ID="region_1724839651786_392"
                   TAGREFS="BT4029">
          <Shape><Polygon POINTS="879 596 569 596 569 530 892 535"/></Shape>
          <TextLine ID="eSc_line_a5407c15"
                    BASELINE="585 591 862 590" 
                    HPOS="585.0"
                    VPOS="590.0"
                    WIDTH="277.0"
                    HEIGHT="1.0">
	    <String CONTENT=""
                    HPOS="585.0"
                    VPOS="590.0"
                    WIDTH="277.0"
                    HEIGHT="1.0"></String>
          </TextLine>
        </TextBlock>
        <TextBlock HPOS="1098.0"
                   VPOS="549.0"
                   WIDTH="159.0"
                   HEIGHT="50.0"
                   ID="region_1724839654017_395"
                   TAGREFS="BT4029">
          <Shape><Polygon POINTS="1257 599 1098 599 1098 550 1244 549"/></Shape>
          <TextLine ID="eSc_line_ccf7e60a"
                    BASELINE="1110 593 1232 594" 
                    HPOS="1110.0"
                    VPOS="593.0"
                    WIDTH="122.0"
                    HEIGHT="1.0">
	    <String CONTENT=""
                    HPOS="1110.0"
                    VPOS="593.0"
                    WIDTH="122.0"
                    HEIGHT="1.0"></String>
          </TextLine>
        </TextBlock>
        <TextBlock HPOS="189.0"
                   VPOS="1602.0"
                   WIDTH="543.0"
                   HEIGHT="777.0"
                   ID="region_1724839668974_404"
                   TAGREFS="BT4031">
          <Shape><Polygon POINTS="732 2371 189 2379 201 1603 732 1602"/></Shape>
          <TextLine ID="eSc_line_01eff9be"
                    BASELINE="231 1665 723 1657" 
                    HPOS="231.0"
                    VPOS="1657.0"
                    WIDTH="492.0"
                    HEIGHT="8.0">
	    <String CONTENT=""
                    HPOS="231.0"
                    VPOS="1657.0"
                    WIDTH="492.0"
                    HEIGHT="8.0"></String>
          </TextLine>
          <TextLine ID="eSc_line_e9134c11"
                    BASELINE="234 1719 724 1716" 
                    HPOS="234.0"
                    VPOS="1716.0"
                    WIDTH="490.0"
                    HEIGHT="3.0">
	    <String CONTENT=""
                    HPOS="234.0"
                    VPOS="1716.0"
                    WIDTH="490.0"
                    HEIGHT="3.0"></String>
          </TextLine>
          <TextLine ID="eSc_line_42c62a3a"
                    BASELINE="224 1774 719 1778" 
                    HPOS="224.0"
                    VPOS="1774.0"
                    WIDTH="495.0"
                    HEIGHT="4.0">
	    <String CONTENT=""
                    HPOS="224.0"
                    VPOS="1774.0"
                    WIDTH="495.0"
                    HEIGHT="4.0"></String>
          </TextLine>
          <TextLine ID="eSc_line_de27d23d"
                    BASELINE="217 1824 721 1836" 
                    HPOS="217.0"
                    VPOS="1824.0"
                    WIDTH="504.0"
                    HEIGHT="12.0">
	    <String CONTENT=""
                    HPOS="217.0"
                    VPOS="1824.0"
                    WIDTH="504.0"
                    HEIGHT="12.0"></String>
          </TextLine>
          <TextLine ID="eSc_line_57be6682"
                    BASELINE="222 1885 714 1885" 
                    HPOS="222.0"
                    VPOS="1885.0"
                    WIDTH="492.0"
                    HEIGHT="0.0">
	    <String CONTENT=""
                    HPOS="222.0"
                    VPOS="1885.0"
                    WIDTH="492.0"
                    HEIGHT="0.0"></String>
          </TextLine>
          <TextLine ID="eSc_line_b21d97e8"
                    BASELINE="232 1934 724 1938" 
                    HPOS="232.0"
                    VPOS="1934.0"
                    WIDTH="492.0"
                    HEIGHT="4.0">
	    <String CONTENT=""
                    HPOS="232.0"
                    VPOS="1934.0"
                    WIDTH="492.0"
                    HEIGHT="4.0"></String>
          </TextLine>
          <TextLine ID="eSc_line_9d9e1a84"
                    BASELINE="229 1987 724 1991" 
                    HPOS="229.0"
                    VPOS="1987.0"
                    WIDTH="495.0"
                    HEIGHT="4.0">
	    <String CONTENT=""
                    HPOS="229.0"
                    VPOS="1987.0"
                    WIDTH="495.0"
                    HEIGHT="4.0"></String>
          </TextLine>
          <TextLine ID="eSc_line_14be9618"
                    BASELINE="227 2043 723 2044" 
                    HPOS="227.0"
                    VPOS="2043.0"
                    WIDTH="496.0"
                    HEIGHT="1.0">
	    <String CONTENT=""
                    HPOS="227.0"
                    VPOS="2043.0"
                    WIDTH="496.0"
                    HEIGHT="1.0"></String>
          </TextLine>
          <TextLine ID="eSc_line_0f2934e5"
                    BASELINE="227 2093 726 2098" 
                    HPOS="227.0"
                    VPOS="2093.0"
                    WIDTH="499.0"
                    HEIGHT="5.0">
	    <String CONTENT=""
                    HPOS="227.0"
                    VPOS="2093.0"
                    WIDTH="499.0"
                    HEIGHT="5.0"></String>
          </TextLine>
          <TextLine ID="eSc_line_f1f77cb2"
                    BASELINE="229 2146 721 2150" 
                    HPOS="229.0"
                    VPOS="2146.0"
                    WIDTH="492.0"
                    HEIGHT="4.0">
	    <String CONTENT=""
                    HPOS="229.0"
                    VPOS="2146.0"
                    WIDTH="492.0"
                    HEIGHT="4.0"></String>
          </TextLine>
          <TextLine ID="eSc_line_e1d1a279"
                    BASELINE="230 2197 725 2200" 
                    HPOS="230.0"
                    VPOS="2197.0"
                    WIDTH="495.0"
                    HEIGHT="3.0">
	    <String CONTENT=""
                    HPOS="230.0"
                    VPOS="2197.0"
                    WIDTH="495.0"
                    HEIGHT="3.0"></String>
          </TextLine>
          <TextLine ID="eSc_line_04516b68"
                    BASELINE="231 2243 728 2256" 
                    HPOS="231.0"
                    VPOS="2243.0"
                    WIDTH="497.0"
                    HEIGHT="13.0">
	    <String CONTENT=""
                    HPOS="231.0"
                    VPOS="2243.0"
                    WIDTH="497.0"
                    HEIGHT="13.0"></String>
          </TextLine>
          <TextLine ID="eSc_line_4aad72d2"
                    BASELINE="224 2298 733 2308" 
                    HPOS="224.0"
                    VPOS="2298.0"
                    WIDTH="509.0"
                    HEIGHT="10.0">
	    <String CONTENT=""
                    HPOS="224.0"
                    VPOS="2298.0"
                    WIDTH="509.0"
                    HEIGHT="10.0"></String>
          </TextLine>
          <TextLine ID="eSc_line_18c6e90f"
                    BASELINE="223 2356 727 2366" 
                    HPOS="223.0"
                    VPOS="2356.0"
                    WIDTH="504.0"
                    HEIGHT="10.0">
	    <String CONTENT=""
                    HPOS="223.0"
                    VPOS="2356.0"
                    WIDTH="504.0"
                    HEIGHT="10.0"></String>
          </TextLine>
        </TextBlock>
        <TextBlock HPOS="754.0"
                   VPOS="1590.0"
                   WIDTH="555.0"
                   HEIGHT="785.0"
                   ID="region_1724839672334_407"
                   TAGREFS="BT4032">
          <Shape><Polygon POINTS="1309 2372 754 2375 754 1590 1283 1590"/></Shape>
          <TextLine ID="eSc_line_0932e5e7"
                    BASELINE="759 1662 1255 1670" 
                    HPOS="759.0"
                    VPOS="1662.0"
                    WIDTH="496.0"
                    HEIGHT="8.0">
	    <String CONTENT=""
                    HPOS="759.0"
                    VPOS="1662.0"
                    WIDTH="496.0"
                    HEIGHT="8.0"></String>
          </TextLine>
          <TextLine ID="eSc_line_b67e2bcf"
                    BASELINE="755 1715 1259 1728" 
                    HPOS="755.0"
                    VPOS="1715.0"
                    WIDTH="504.0"
                    HEIGHT="13.0">
	    <String CONTENT=""
                    HPOS="755.0"
                    VPOS="1715.0"
                    WIDTH="504.0"
                    HEIGHT="13.0"></String>
          </TextLine>
          <TextLine ID="eSc_line_3b77de4e"
                    BASELINE="767 1790 1257 1790" 
                    HPOS="767.0"
                    VPOS="1790.0"
                    WIDTH="490.0"
                    HEIGHT="0.0">
	    <String CONTENT=""
                    HPOS="767.0"
                    VPOS="1790.0"
                    WIDTH="490.0"
                    HEIGHT="0.0"></String>
          </TextLine>
          <TextLine ID="eSc_line_e0eda986"
                    BASELINE="762 1831 1263 1838" 
                    HPOS="762.0"
                    VPOS="1831.0"
                    WIDTH="501.0"
                    HEIGHT="7.0">
	    <String CONTENT=""
                    HPOS="762.0"
                    VPOS="1831.0"
                    WIDTH="501.0"
                    HEIGHT="7.0"></String>
          </TextLine>
          <TextLine ID="eSc_line_3f9fe86d"
                    BASELINE="763 1884 1264 1895" 
                    HPOS="763.0"
                    VPOS="1884.0"
                    WIDTH="501.0"
                    HEIGHT="11.0">
	    <String CONTENT=""
                    HPOS="763.0"
                    VPOS="1884.0"
                    WIDTH="501.0"
                    HEIGHT="11.0"></String>
          </TextLine>
          <TextLine ID="eSc_line_247a8dd3"
                    BASELINE="760 1941 1272 1945" 
                    HPOS="760.0"
                    VPOS="1941.0"
                    WIDTH="512.0"
                    HEIGHT="4.0">
	    <String CONTENT=""
                    HPOS="760.0"
                    VPOS="1941.0"
                    WIDTH="512.0"
                    HEIGHT="4.0"></String>
          </TextLine>
          <TextLine ID="eSc_line_3b589f4e"
                    BASELINE="761 1994 1274 2000" 
                    HPOS="761.0"
                    VPOS="1994.0"
                    WIDTH="513.0"
                    HEIGHT="6.0">
	    <String CONTENT=""
                    HPOS="761.0"
                    VPOS="1994.0"
                    WIDTH="513.0"
                    HEIGHT="6.0"></String>
          </TextLine>
          <TextLine ID="eSc_line_31eda218"
                    BASELINE="761 2049 1259 2058" 
                    HPOS="761.0"
                    VPOS="2049.0"
                    WIDTH="498.0"
                    HEIGHT="9.0">
	    <String CONTENT=""
                    HPOS="761.0"
                    VPOS="2049.0"
                    WIDTH="498.0"
                    HEIGHT="9.0"></String>
          </TextLine>
          <TextLine ID="eSc_line_df16ab99"
                    BASELINE="763 2101 1265 2110" 
                    HPOS="763.0"
                    VPOS="2101.0"
                    WIDTH="502.0"
                    HEIGHT="9.0">
	    <String CONTENT=""
                    HPOS="763.0"
                    VPOS="2101.0"
                    WIDTH="502.0"
                    HEIGHT="9.0"></String>
          </TextLine>
          <TextLine ID="eSc_line_10c32e2a"
                    BASELINE="767 2152 1273 2157" 
                    HPOS="767.0"
                    VPOS="2152.0"
                    WIDTH="506.0"
                    HEIGHT="5.0">
	    <String CONTENT=""
                    HPOS="767.0"
                    VPOS="2152.0"
                    WIDTH="506.0"
                    HEIGHT="5.0"></String>
          </TextLine>
          <TextLine ID="eSc_line_4056ad07"
                    BASELINE="761 2205 1281 2214" 
                    HPOS="761.0"
                    VPOS="2205.0"
                    WIDTH="520.0"
                    HEIGHT="9.0">
	    <String CONTENT=""
                    HPOS="761.0"
                    VPOS="2205.0"
                    WIDTH="520.0"
                    HEIGHT="9.0"></String>
          </TextLine>
          <TextLine ID="eSc_line_e60b5280"
                    BASELINE="763 2257 1273 2263" 
                    HPOS="763.0"
                    VPOS="2257.0"
                    WIDTH="510.0"
                    HEIGHT="6.0">
	    <String CONTENT=""
                    HPOS="763.0"
                    VPOS="2257.0"
                    WIDTH="510.0"
                    HEIGHT="6.0"></String>
          </TextLine>
          <TextLine ID="eSc_line_592d9ea2"
                    BASELINE="768 2307 1265 2317" 
                    HPOS="768.0"
                    VPOS="2307.0"
                    WIDTH="497.0"
                    HEIGHT="10.0">
	    <String CONTENT=""
                    HPOS="768.0"
                    VPOS="2307.0"
                    WIDTH="497.0"
                    HEIGHT="10.0"></String>
          </TextLine>
          <TextLine ID="eSc_line_08928fa4"
                    BASELINE="772 2358 783 2356 809 2355 881 2358" 
                    HPOS="772.0"
                    VPOS="2355.0"
                    WIDTH="109.0"
                    HEIGHT="3.0">
	    <String CONTENT=""
                    HPOS="772.0"
                    VPOS="2355.0"
                    WIDTH="109.0"
                    HEIGHT="3.0"></String>
          </TextLine>
        </TextBlock>
        <TextBlock HPOS="1149.0"
                   VPOS="1471.0"
                   WIDTH="125.0"
                   HEIGHT="69.0"
                   ID="region_1724839659705_401"
                   TAGREFS="BT4029">
          <Shape><Polygon POINTS="1257 1540 1149 1532 1150 1471 1274 1471"/></Shape>
          <TextLine ID="eSc_line_ea292857"
                    BASELINE="1163 1521 1172 1524 1186 1528 1238 1529" 
                    HPOS="1163.0"
                    VPOS="1521.0"
                    WIDTH="75.0"
                    HEIGHT="8.0">
	    <String CONTENT=""
                    HPOS="1163.0"
                    VPOS="1521.0"
                    WIDTH="75.0"
                    HEIGHT="8.0"></String>
          </TextLine>
        </TextBlock>
      </PrintSpace>
    </Page>
  </Layout>
</alto>
