<?xml version="1.0" encoding="UTF-8"?>
<alto xmlns:xsi="http://www.w3.org/2001/XMLSchema-instance"
      xmlns="http://www.loc.gov/standards/alto/ns-v4#"
      xsi:schemaLocation="http://www.loc.gov/standards/alto/ns-v4# http://www.loc.gov/standards/alto/v4/alto-4-2.xsd">
  <Description>
    <MeasurementUnit>pixel</MeasurementUnit>
    <sourceImageInformation>
      <fileName>1769,_Saemtliche_Poetische_Werke,_Bohn,_4._Aufl.,_Bd._1,_VD18_90481097_Seite_131_Bild_0001.jpg</fileName>
    </sourceImageInformation>
  </Description>
  <Tags>
    <OtherTag ID="BT1" LABEL="Title" DESCRIPTION="block type Title"/><OtherTag ID="BT2" LABEL="Main" DESCRIPTION="block type Main"/><OtherTag ID="BT3" LABEL="Commentary" DESCRIPTION="block type Commentary"/><OtherTag ID="BT4" LABEL="Illustration" DESCRIPTION="block type Illustration"/><OtherTag ID="BT4028" LABEL="heading" DESCRIPTION="block type heading"/><OtherTag ID="BT4029" LABEL="paragraph" DESCRIPTION="block type paragraph"/><OtherTag ID="BT4030" LABEL="footnote" DESCRIPTION="block type footnote"/><OtherTag ID="BT4031" LABEL="l-column" DESCRIPTION="block type l-column"/><OtherTag ID="BT4032" LABEL="r-column" DESCRIPTION="block type r-column"/><OtherTag ID="BT4147" LABEL="page-number" DESCRIPTION="block type page-number"/><OtherTag ID="BT4148" LABEL="poem_lg" DESCRIPTION="block type poem_lg"/><OtherTag ID="BT4149" LABEL="endnote" DESCRIPTION="block type endnote"/><OtherTag ID="BT4150" LABEL="drop-capital" DESCRIPTION="block type drop-capital"/><OtherTag ID="BT4151" LABEL="signature-mark" DESCRIPTION="block type signature-mark"/><OtherTag ID="BT4152" LABEL="header" DESCRIPTION="block type header"/><OtherTag ID="BT4153" LABEL="catch-word" DESCRIPTION="block type catch-word"/>
  </Tags>
  <Layout>
    <Page WIDTH="1857"
          HEIGHT="2881"
          PHYSICAL_IMG_NR="13"
          ID="eSc_dummypage_">
      <PrintSpace HPOS="0"
                  VPOS="0"
                  WIDTH="1857"
                  HEIGHT="2881">
        <TextBlock HPOS="461.0"
                   VPOS="547.0"
                   WIDTH="511.0"
                   HEIGHT="107.0"
                   ID="region_1719562615946_275"
                   TAGREFS="BT4029">
          <Shape><Polygon POINTS="903 654 461 654 461 560 972 547"/></Shape>
          <TextLine ID="eSc_line_74f00d8f"
                    BASELINE="475 636 900 636" 
                    HPOS="475.0"
                    VPOS="636.0"
                    WIDTH="425.0"
                    HEIGHT="0.0">
	    <String CONTENT=""
                    HPOS="475.0"
                    VPOS="636.0"
                    WIDTH="425.0"
                    HEIGHT="0.0"></String>
          </TextLine>
        </TextBlock>
        <TextBlock HPOS="163.0"
                   VPOS="763.0"
                   WIDTH="997.0"
                   HEIGHT="1396.0"
                   ID="region_1719562631718_287"
                   TAGREFS="BT4029">
          <Shape><Polygon POINTS="1160 2159 178 2159 163 963 164 883 283 885 286 769 1143 763"/></Shape>
          <TextLine ID="eSc_line_b32853c9"
                    BASELINE="286 830 1078 821" 
                    HPOS="286.0"
                    VPOS="821.0"
                    WIDTH="792.0"
                    HEIGHT="9.0">
	    <String CONTENT=""
                    HPOS="286.0"
                    VPOS="821.0"
                    WIDTH="792.0"
                    HEIGHT="9.0"></String>
          </TextLine>
          <TextLine ID="eSc_line_53413221"
                    BASELINE="291 879 1123 878" 
                    HPOS="291.0"
                    VPOS="878.0"
                    WIDTH="832.0"
                    HEIGHT="1.0">
	    <String CONTENT=""
                    HPOS="291.0"
                    VPOS="878.0"
                    WIDTH="832.0"
                    HEIGHT="1.0"></String>
          </TextLine>
          <TextLine ID="eSc_line_45556e6e"
                    BASELINE="176 933 1042 931" 
                    HPOS="176.0"
                    VPOS="931.0"
                    WIDTH="866.0"
                    HEIGHT="2.0">
	    <String CONTENT=""
                    HPOS="176.0"
                    VPOS="931.0"
                    WIDTH="866.0"
                    HEIGHT="2.0"></String>
          </TextLine>
          <TextLine ID="eSc_line_344a1bbe"
                    BASELINE="178 985 984 977" 
                    HPOS="178.0"
                    VPOS="977.0"
                    WIDTH="806.0"
                    HEIGHT="8.0">
	    <String CONTENT=""
                    HPOS="178.0"
                    VPOS="977.0"
                    WIDTH="806.0"
                    HEIGHT="8.0"></String>
          </TextLine>
          <TextLine ID="eSc_line_f0b06dd2"
                    BASELINE="179 1039 942 1027" 
                    HPOS="179.0"
                    VPOS="1027.0"
                    WIDTH="763.0"
                    HEIGHT="12.0">
	    <String CONTENT=""
                    HPOS="179.0"
                    VPOS="1027.0"
                    WIDTH="763.0"
                    HEIGHT="12.0"></String>
          </TextLine>
          <TextLine ID="eSc_line_a28292bd"
                    BASELINE="191 1093 927 1077" 
                    HPOS="191.0"
                    VPOS="1077.0"
                    WIDTH="736.0"
                    HEIGHT="16.0">
	    <String CONTENT=""
                    HPOS="191.0"
                    VPOS="1077.0"
                    WIDTH="736.0"
                    HEIGHT="16.0"></String>
          </TextLine>
          <TextLine ID="eSc_line_cb28b1ea"
                    BASELINE="228 1186 1091 1176" 
                    HPOS="228.0"
                    VPOS="1176.0"
                    WIDTH="863.0"
                    HEIGHT="10.0">
	    <String CONTENT=""
                    HPOS="228.0"
                    VPOS="1176.0"
                    WIDTH="863.0"
                    HEIGHT="10.0"></String>
          </TextLine>
          <TextLine ID="eSc_line_00af62f4"
                    BASELINE="188 1234 926 1221" 
                    HPOS="188.0"
                    VPOS="1221.0"
                    WIDTH="738.0"
                    HEIGHT="13.0">
	    <String CONTENT=""
                    HPOS="188.0"
                    VPOS="1221.0"
                    WIDTH="738.0"
                    HEIGHT="13.0"></String>
          </TextLine>
          <TextLine ID="eSc_line_a8cf6648"
                    BASELINE="190 1285 1043 1274" 
                    HPOS="190.0"
                    VPOS="1274.0"
                    WIDTH="853.0"
                    HEIGHT="11.0">
	    <String CONTENT=""
                    HPOS="190.0"
                    VPOS="1274.0"
                    WIDTH="853.0"
                    HEIGHT="11.0"></String>
          </TextLine>
          <TextLine ID="eSc_line_1e50133d"
                    BASELINE="183 1340 901 1326" 
                    HPOS="183.0"
                    VPOS="1326.0"
                    WIDTH="718.0"
                    HEIGHT="14.0">
	    <String CONTENT=""
                    HPOS="183.0"
                    VPOS="1326.0"
                    WIDTH="718.0"
                    HEIGHT="14.0"></String>
          </TextLine>
          <TextLine ID="eSc_line_23327313"
                    BASELINE="198 1389 1039 1379" 
                    HPOS="198.0"
                    VPOS="1379.0"
                    WIDTH="841.0"
                    HEIGHT="10.0">
	    <String CONTENT=""
                    HPOS="198.0"
                    VPOS="1379.0"
                    WIDTH="841.0"
                    HEIGHT="10.0"></String>
          </TextLine>
          <TextLine ID="eSc_line_e9d8d49e"
                    BASELINE="188 1443 929 1433" 
                    HPOS="188.0"
                    VPOS="1433.0"
                    WIDTH="741.0"
                    HEIGHT="10.0">
	    <String CONTENT=""
                    HPOS="188.0"
                    VPOS="1433.0"
                    WIDTH="741.0"
                    HEIGHT="10.0"></String>
          </TextLine>
          <TextLine ID="eSc_line_26a48efe"
                    BASELINE="230 1538 1081 1536" 
                    HPOS="230.0"
                    VPOS="1536.0"
                    WIDTH="851.0"
                    HEIGHT="2.0">
	    <String CONTENT=""
                    HPOS="230.0"
                    VPOS="1536.0"
                    WIDTH="851.0"
                    HEIGHT="2.0"></String>
          </TextLine>
          <TextLine ID="eSc_line_c1b6ca5b"
                    BASELINE="186 1593 992 1589" 
                    HPOS="186.0"
                    VPOS="1589.0"
                    WIDTH="806.0"
                    HEIGHT="4.0">
	    <String CONTENT=""
                    HPOS="186.0"
                    VPOS="1589.0"
                    WIDTH="806.0"
                    HEIGHT="4.0"></String>
          </TextLine>
          <TextLine ID="eSc_line_c71a40eb"
                    BASELINE="190 1642 947 1645" 
                    HPOS="190.0"
                    VPOS="1642.0"
                    WIDTH="757.0"
                    HEIGHT="3.0">
	    <String CONTENT=""
                    HPOS="190.0"
                    VPOS="1642.0"
                    WIDTH="757.0"
                    HEIGHT="3.0"></String>
          </TextLine>
          <TextLine ID="eSc_line_68e26b0d"
                    BASELINE="196 1694 1057 1698" 
                    HPOS="196.0"
                    VPOS="1694.0"
                    WIDTH="861.0"
                    HEIGHT="4.0">
	    <String CONTENT=""
                    HPOS="196.0"
                    VPOS="1694.0"
                    WIDTH="861.0"
                    HEIGHT="4.0"></String>
          </TextLine>
          <TextLine ID="eSc_line_85ef3ec5"
                    BASELINE="189 1752 1006 1751" 
                    HPOS="189.0"
                    VPOS="1751.0"
                    WIDTH="817.0"
                    HEIGHT="1.0">
	    <String CONTENT=""
                    HPOS="189.0"
                    VPOS="1751.0"
                    WIDTH="817.0"
                    HEIGHT="1.0"></String>
          </TextLine>
          <TextLine ID="eSc_line_3df1f22d"
                    BASELINE="200 1807 1014 1801" 
                    HPOS="200.0"
                    VPOS="1801.0"
                    WIDTH="814.0"
                    HEIGHT="6.0">
	    <String CONTENT=""
                    HPOS="200.0"
                    VPOS="1801.0"
                    WIDTH="814.0"
                    HEIGHT="6.0"></String>
          </TextLine>
          <TextLine ID="eSc_line_83f6405d"
                    BASELINE="246 1901 1044 1901" 
                    HPOS="246.0"
                    VPOS="1901.0"
                    WIDTH="798.0"
                    HEIGHT="0.0">
	    <String CONTENT=""
                    HPOS="246.0"
                    VPOS="1901.0"
                    WIDTH="798.0"
                    HEIGHT="0.0"></String>
          </TextLine>
          <TextLine ID="eSc_line_27e5d786"
                    BASELINE="199 1955 990 1955" 
                    HPOS="199.0"
                    VPOS="1955.0"
                    WIDTH="791.0"
                    HEIGHT="0.0">
	    <String CONTENT=""
                    HPOS="199.0"
                    VPOS="1955.0"
                    WIDTH="791.0"
                    HEIGHT="0.0"></String>
          </TextLine>
          <TextLine ID="eSc_line_2ddbf66f"
                    BASELINE="180 2003 1000 2004" 
                    HPOS="180.0"
                    VPOS="2003.0"
                    WIDTH="820.0"
                    HEIGHT="1.0">
	    <String CONTENT=""
                    HPOS="180.0"
                    VPOS="2003.0"
                    WIDTH="820.0"
                    HEIGHT="1.0"></String>
          </TextLine>
          <TextLine ID="eSc_line_ade419c4"
                    BASELINE="204 2061 1003 2057" 
                    HPOS="204.0"
                    VPOS="2057.0"
                    WIDTH="799.0"
                    HEIGHT="4.0">
	    <String CONTENT=""
                    HPOS="204.0"
                    VPOS="2057.0"
                    WIDTH="799.0"
                    HEIGHT="4.0"></String>
          </TextLine>
          <TextLine ID="eSc_line_f0d2bfed"
                    BASELINE="196 2111 1015 2113" 
                    HPOS="196.0"
                    VPOS="2111.0"
                    WIDTH="819.0"
                    HEIGHT="2.0">
	    <String CONTENT=""
                    HPOS="196.0"
                    VPOS="2111.0"
                    WIDTH="819.0"
                    HEIGHT="2.0"></String>
          </TextLine>
          <TextLine ID="eSc_line_3ffb5ea6"
                    BASELINE="204 2158 931 2157" 
                    HPOS="204.0"
                    VPOS="2157.0"
                    WIDTH="727.0"
                    HEIGHT="1.0">
	    <String CONTENT=""
                    HPOS="204.0"
                    VPOS="2157.0"
                    WIDTH="727.0"
                    HEIGHT="1.0"></String>
          </TextLine>
        </TextBlock>
        <TextBlock HPOS="476.0"
                   VPOS="672.0"
                   WIDTH="461.0"
                   HEIGHT="76.0"
                   ID="region_1719562623838_281"
                   TAGREFS="BT4028">
          <Shape><Polygon POINTS="902 748 482 748 476 672 937 672"/></Shape>
          <TextLine ID="eSc_line_de0e0205"
                    BASELINE="502 743 891 742" 
                    HPOS="502.0"
                    VPOS="742.0"
                    WIDTH="389.0"
                    HEIGHT="1.0">
	    <String CONTENT=""
                    HPOS="502.0"
                    VPOS="742.0"
                    WIDTH="389.0"
                    HEIGHT="1.0"></String>
          </TextLine>
        </TextBlock>
        <TextBlock HPOS="1121.0"
                   VPOS="567.0"
                   WIDTH="115.0"
                   HEIGHT="81.0"
                   ID="region_1719562620306_278"
                   TAGREFS="BT4029">
          <Shape><Polygon POINTS="1216 648 1121 648 1121 569 1236 567"/></Shape>
          <TextLine ID="eSc_line_d28278a6"
                    BASELINE="1135 639 1213 634" 
                    HPOS="1135.0"
                    VPOS="634.0"
                    WIDTH="78.0"
                    HEIGHT="5.0">
	    <String CONTENT=""
                    HPOS="1135.0"
                    VPOS="634.0"
                    WIDTH="78.0"
                    HEIGHT="5.0"></String>
          </TextLine>
        </TextBlock>
        <TextBlock HPOS="185.0"
                   VPOS="2257.0"
                   WIDTH="1055.0"
                   HEIGHT="178.0"
                   ID="region_1719562670134_305"
                   TAGREFS="BT4029">
          <Shape><Polygon POINTS="1206 2416 185 2435 185 2257 1240 2262"/></Shape>
          <TextLine ID="eSc_line_3ba73de0"
                    BASELINE="201 2312 1213 2320" 
                    HPOS="201.0"
                    VPOS="2312.0"
                    WIDTH="1012.0"
                    HEIGHT="8.0">
	    <String CONTENT=""
                    HPOS="201.0"
                    VPOS="2312.0"
                    WIDTH="1012.0"
                    HEIGHT="8.0"></String>
          </TextLine>
          <TextLine ID="eSc_line_d2a2d798"
                    BASELINE="201 2359 820 2364" 
                    HPOS="201.0"
                    VPOS="2359.0"
                    WIDTH="619.0"
                    HEIGHT="5.0">
	    <String CONTENT=""
                    HPOS="201.0"
                    VPOS="2359.0"
                    WIDTH="619.0"
                    HEIGHT="5.0"></String>
          </TextLine>
          <TextLine ID="eSc_line_22b7ae45"
                    BASELINE="197 2401 726 2404" 
                    HPOS="197.0"
                    VPOS="2401.0"
                    WIDTH="529.0"
                    HEIGHT="3.0">
	    <String CONTENT=""
                    HPOS="197.0"
                    VPOS="2401.0"
                    WIDTH="529.0"
                    HEIGHT="3.0"></String>
          </TextLine>
        </TextBlock>
        <TextBlock HPOS="669.0"
                   VPOS="2169.0"
                   WIDTH="168.0"
                   HEIGHT="67.0"
                   ID="region_1719562649061_299"
                   TAGREFS="BT4029">
          <Shape><Polygon POINTS="837 2236 669 2233 669 2169 797 2169"/></Shape>
          <TextLine ID="eSc_line_2a42116e"
                    BASELINE="689 2221 802 2220" 
                    HPOS="689.0"
                    VPOS="2220.0"
                    WIDTH="113.0"
                    HEIGHT="1.0">
	    <String CONTENT=""
                    HPOS="689.0"
                    VPOS="2220.0"
                    WIDTH="113.0"
                    HEIGHT="1.0"></String>
          </TextLine>
        </TextBlock>
        <TextBlock HPOS="1102.0"
                   VPOS="2166.0"
                   WIDTH="152.0"
                   HEIGHT="65.0"
                   ID="region_1719562651586_302"
                   TAGREFS="BT4029">
          <Shape><Polygon POINTS="1229 2231 1102 2231 1102 2171 1254 2166"/></Shape>
          <TextLine ID="eSc_line_cb95d916"
                    BASELINE="1130 2218 1231 2218" 
                    HPOS="1130.0"
                    VPOS="2218.0"
                    WIDTH="101.0"
                    HEIGHT="0.0">
	    <String CONTENT=""
                    HPOS="1130.0"
                    VPOS="2218.0"
                    WIDTH="101.0"
                    HEIGHT="0.0"></String>
          </TextLine>
        </TextBlock>
        <TextBlock HPOS="156.0"
                   VPOS="756.0"
                   WIDTH="124.0"
                   HEIGHT="126.0"
                   ID="region_1719562627801_284"
                   TAGREFS="BT4029">
          <Shape><Polygon POINTS="280 882 171 882 156 756 280 764"/></Shape>
        </TextBlock>
      </PrintSpace>
    </Page>
  </Layout>
</alto>
