<?xml version="1.0" encoding="UTF-8"?>
<alto xmlns:xsi="http://www.w3.org/2001/XMLSchema-instance"
      xmlns="http://www.loc.gov/standards/alto/ns-v4#"
      xsi:schemaLocation="http://www.loc.gov/standards/alto/ns-v4# http://www.loc.gov/standards/alto/v4/alto-4-2.xsd">
  <Description>
    <MeasurementUnit>pixel</MeasurementUnit>
    <sourceImageInformation>
      <fileName>1769,_Saemtliche_Poetische_Werke,_Bohn,_4._Aufl.,_Bd._1,_VD18_90481097_Seite_073_Bild_0001.jpg</fileName>
    </sourceImageInformation>
  </Description>
  <Tags>
    <OtherTag ID="BT1" LABEL="Title" DESCRIPTION="block type Title"/><OtherTag ID="BT2" LABEL="Main" DESCRIPTION="block type Main"/><OtherTag ID="BT3" LABEL="Commentary" DESCRIPTION="block type Commentary"/><OtherTag ID="BT4" LABEL="Illustration" DESCRIPTION="block type Illustration"/><OtherTag ID="BT4028" LABEL="heading" DESCRIPTION="block type heading"/><OtherTag ID="BT4029" LABEL="paragraph" DESCRIPTION="block type paragraph"/><OtherTag ID="BT4030" LABEL="footnote" DESCRIPTION="block type footnote"/><OtherTag ID="BT4031" LABEL="l-column" DESCRIPTION="block type l-column"/><OtherTag ID="BT4032" LABEL="r-column" DESCRIPTION="block type r-column"/><OtherTag ID="BT4147" LABEL="page-number" DESCRIPTION="block type page-number"/><OtherTag ID="BT4148" LABEL="poem_lg" DESCRIPTION="block type poem_lg"/><OtherTag ID="BT4149" LABEL="endnote" DESCRIPTION="block type endnote"/><OtherTag ID="BT4150" LABEL="drop-capital" DESCRIPTION="block type drop-capital"/><OtherTag ID="BT4151" LABEL="signature-mark" DESCRIPTION="block type signature-mark"/><OtherTag ID="BT4152" LABEL="header" DESCRIPTION="block type header"/><OtherTag ID="BT4153" LABEL="catch-word" DESCRIPTION="block type catch-word"/>
  </Tags>
  <Layout>
    <Page WIDTH="1857"
          HEIGHT="2881"
          PHYSICAL_IMG_NR="12"
          ID="eSc_dummypage_">
      <PrintSpace HPOS="0"
                  VPOS="0"
                  WIDTH="1857"
                  HEIGHT="2881">
        <TextBlock HPOS="185.0"
                   VPOS="649.0"
                   WIDTH="1053.0"
                   HEIGHT="548.0"
                   ID="region_1719559089280_139"
                   TAGREFS="BT4029">
          <Shape><Polygon POINTS="1238 1197 187 1197 185 649 1236 649"/></Shape>
          <TextLine ID="eSc_line_125c2360"
                    BASELINE="196 708 1029 731" 
                    HPOS="196.0"
                    VPOS="708.0"
                    WIDTH="833.0"
                    HEIGHT="23.0">
	    <String CONTENT=""
                    HPOS="196.0"
                    VPOS="708.0"
                    WIDTH="833.0"
                    HEIGHT="23.0"></String>
          </TextLine>
          <TextLine ID="eSc_line_889e8b7d"
                    BASELINE="194 761 1105 784" 
                    HPOS="194.0"
                    VPOS="761.0"
                    WIDTH="911.0"
                    HEIGHT="23.0">
	    <String CONTENT=""
                    HPOS="194.0"
                    VPOS="761.0"
                    WIDTH="911.0"
                    HEIGHT="23.0"></String>
          </TextLine>
          <TextLine ID="eSc_line_ecf23932"
                    BASELINE="199 818 1164 836" 
                    HPOS="199.0"
                    VPOS="818.0"
                    WIDTH="965.0"
                    HEIGHT="18.0">
	    <String CONTENT=""
                    HPOS="199.0"
                    VPOS="818.0"
                    WIDTH="965.0"
                    HEIGHT="18.0"></String>
          </TextLine>
          <TextLine ID="eSc_line_b385ef57"
                    BASELINE="192 863 1192 891" 
                    HPOS="192.0"
                    VPOS="863.0"
                    WIDTH="1000.0"
                    HEIGHT="28.0">
	    <String CONTENT=""
                    HPOS="192.0"
                    VPOS="863.0"
                    WIDTH="1000.0"
                    HEIGHT="28.0"></String>
          </TextLine>
          <TextLine ID="eSc_line_bee6478d"
                    BASELINE="192 974 1018 998" 
                    HPOS="192.0"
                    VPOS="974.0"
                    WIDTH="826.0"
                    HEIGHT="24.0">
	    <String CONTENT=""
                    HPOS="192.0"
                    VPOS="974.0"
                    WIDTH="826.0"
                    HEIGHT="24.0"></String>
          </TextLine>
          <TextLine ID="eSc_line_ef24f891"
                    BASELINE="201 1031 1195 1052" 
                    HPOS="201.0"
                    VPOS="1031.0"
                    WIDTH="994.0"
                    HEIGHT="21.0">
	    <String CONTENT=""
                    HPOS="201.0"
                    VPOS="1031.0"
                    WIDTH="994.0"
                    HEIGHT="21.0"></String>
          </TextLine>
          <TextLine ID="eSc_line_c3e0411d"
                    BASELINE="813 1092 990 1097" 
                    HPOS="813.0"
                    VPOS="1092.0"
                    WIDTH="177.0"
                    HEIGHT="5.0">
	    <String CONTENT=""
                    HPOS="813.0"
                    VPOS="1092.0"
                    WIDTH="177.0"
                    HEIGHT="5.0"></String>
          </TextLine>
          <TextLine ID="eSc_line_bea8bef7"
                    BASELINE="195 1136 1200 1153" 
                    HPOS="195.0"
                    VPOS="1136.0"
                    WIDTH="1005.0"
                    HEIGHT="17.0">
	    <String CONTENT=""
                    HPOS="195.0"
                    VPOS="1136.0"
                    WIDTH="1005.0"
                    HEIGHT="17.0"></String>
          </TextLine>
          <TextLine ID="eSc_line_8f631b1b"
                    BASELINE="810 1193 1020 1191" 
                    HPOS="810.0"
                    VPOS="1191.0"
                    WIDTH="210.0"
                    HEIGHT="2.0">
	    <String CONTENT=""
                    HPOS="810.0"
                    VPOS="1191.0"
                    WIDTH="210.0"
                    HEIGHT="2.0"></String>
          </TextLine>
        </TextBlock>
        <TextBlock HPOS="469.0"
                   VPOS="562.0"
                   WIDTH="432.0"
                   HEIGHT="87.0"
                   ID="region_1719559077824_133"
                   TAGREFS="BT4029">
          <Shape><Polygon POINTS="901 649 469 626 481 562 901 562"/></Shape>
          <TextLine ID="eSc_line_21d154dd"
                    BASELINE="480 616 897 634" 
                    HPOS="480.0"
                    VPOS="616.0"
                    WIDTH="417.0"
                    HEIGHT="18.0">
	    <String CONTENT=""
                    HPOS="480.0"
                    VPOS="616.0"
                    WIDTH="417.0"
                    HEIGHT="18.0"></String>
          </TextLine>
        </TextBlock>
        <TextBlock HPOS="1118.0"
                   VPOS="569.0"
                   WIDTH="81.0"
                   HEIGHT="78.0"
                   ID="region_1719559080004_136"
                   TAGREFS="BT4029">
          <Shape><Polygon POINTS="1199 647 1118 647 1118 569 1199 569"/></Shape>
          <TextLine ID="eSc_line_d9045c26"
                    BASELINE="1143 629 1191 631" 
                    HPOS="1143.0"
                    VPOS="629.0"
                    WIDTH="48.0"
                    HEIGHT="2.0">
	    <String CONTENT=""
                    HPOS="1143.0"
                    VPOS="629.0"
                    WIDTH="48.0"
                    HEIGHT="2.0"></String>
          </TextLine>
        </TextBlock>
        <TextBlock HPOS="648.0"
                   VPOS="1211.0"
                   WIDTH="143.0"
                   HEIGHT="67.0"
                   ID="region_1719559091960_142"
                   TAGREFS="BT4029">
          <Shape><Polygon POINTS="791 1278 656 1278 648 1211 783 1211"/></Shape>
          <TextLine ID="eSc_line_07058796"
                    BASELINE="662 1261 775 1264" 
                    HPOS="662.0"
                    VPOS="1261.0"
                    WIDTH="113.0"
                    HEIGHT="3.0">
	    <String CONTENT=""
                    HPOS="662.0"
                    VPOS="1261.0"
                    WIDTH="113.0"
                    HEIGHT="3.0"></String>
          </TextLine>
        </TextBlock>
        <TextBlock HPOS="173.0"
                   VPOS="1385.0"
                   WIDTH="524.0"
                   HEIGHT="1062.0"
                   ID="region_1719559117084_151"
                   TAGREFS="BT4031">
          <Shape><Polygon POINTS="697 2447 187 2447 173 1385 697 1394"/></Shape>
          <TextLine ID="eSc_line_fc0b40ad"
                    BASELINE="191 1452 684 1454" 
                    HPOS="191.0"
                    VPOS="1452.0"
                    WIDTH="493.0"
                    HEIGHT="2.0">
	    <String CONTENT=""
                    HPOS="191.0"
                    VPOS="1452.0"
                    WIDTH="493.0"
                    HEIGHT="2.0"></String>
          </TextLine>
          <TextLine ID="eSc_line_15dbfe1b"
                    BASELINE="197 1499 684 1501" 
                    HPOS="197.0"
                    VPOS="1499.0"
                    WIDTH="487.0"
                    HEIGHT="2.0">
	    <String CONTENT=""
                    HPOS="197.0"
                    VPOS="1499.0"
                    WIDTH="487.0"
                    HEIGHT="2.0"></String>
          </TextLine>
          <TextLine ID="eSc_line_0bb32669"
                    BASELINE="192 1541 677 1551" 
                    HPOS="192.0"
                    VPOS="1541.0"
                    WIDTH="485.0"
                    HEIGHT="10.0">
	    <String CONTENT=""
                    HPOS="192.0"
                    VPOS="1541.0"
                    WIDTH="485.0"
                    HEIGHT="10.0"></String>
          </TextLine>
          <TextLine ID="eSc_line_bd1c9bbc"
                    BASELINE="192 1588 689 1595" 
                    HPOS="192.0"
                    VPOS="1588.0"
                    WIDTH="497.0"
                    HEIGHT="7.0">
	    <String CONTENT=""
                    HPOS="192.0"
                    VPOS="1588.0"
                    WIDTH="497.0"
                    HEIGHT="7.0"></String>
          </TextLine>
          <TextLine ID="eSc_line_71b3e04c"
                    BASELINE="192 1641 681 1643" 
                    HPOS="192.0"
                    VPOS="1641.0"
                    WIDTH="489.0"
                    HEIGHT="2.0">
	    <String CONTENT=""
                    HPOS="192.0"
                    VPOS="1641.0"
                    WIDTH="489.0"
                    HEIGHT="2.0"></String>
          </TextLine>
          <TextLine ID="eSc_line_cdededef"
                    BASELINE="201 1683 680 1692" 
                    HPOS="201.0"
                    VPOS="1683.0"
                    WIDTH="479.0"
                    HEIGHT="9.0">
	    <String CONTENT=""
                    HPOS="201.0"
                    VPOS="1683.0"
                    WIDTH="479.0"
                    HEIGHT="9.0"></String>
          </TextLine>
          <TextLine ID="eSc_line_fcd56d5b"
                    BASELINE="185 1727 683 1739" 
                    HPOS="185.0"
                    VPOS="1727.0"
                    WIDTH="498.0"
                    HEIGHT="12.0">
	    <String CONTENT=""
                    HPOS="185.0"
                    VPOS="1727.0"
                    WIDTH="498.0"
                    HEIGHT="12.0"></String>
          </TextLine>
          <TextLine ID="eSc_line_9afcf1d3"
                    BASELINE="202 1769 676 1786" 
                    HPOS="202.0"
                    VPOS="1769.0"
                    WIDTH="474.0"
                    HEIGHT="17.0">
	    <String CONTENT=""
                    HPOS="202.0"
                    VPOS="1769.0"
                    WIDTH="474.0"
                    HEIGHT="17.0"></String>
          </TextLine>
          <TextLine ID="eSc_line_0db8edea"
                    BASELINE="186 1820 688 1832" 
                    HPOS="186.0"
                    VPOS="1820.0"
                    WIDTH="502.0"
                    HEIGHT="12.0">
	    <String CONTENT=""
                    HPOS="186.0"
                    VPOS="1820.0"
                    WIDTH="502.0"
                    HEIGHT="12.0"></String>
          </TextLine>
          <TextLine ID="eSc_line_2df5f7a0"
                    BASELINE="181 1858 683 1881" 
                    HPOS="181.0"
                    VPOS="1858.0"
                    WIDTH="502.0"
                    HEIGHT="23.0">
	    <String CONTENT=""
                    HPOS="181.0"
                    VPOS="1858.0"
                    WIDTH="502.0"
                    HEIGHT="23.0"></String>
          </TextLine>
          <TextLine ID="eSc_line_459c5f8f"
                    BASELINE="196 1904 681 1926" 
                    HPOS="196.0"
                    VPOS="1904.0"
                    WIDTH="485.0"
                    HEIGHT="22.0">
	    <String CONTENT=""
                    HPOS="196.0"
                    VPOS="1904.0"
                    WIDTH="485.0"
                    HEIGHT="22.0"></String>
          </TextLine>
          <TextLine ID="eSc_line_1672d79a"
                    BASELINE="203 1951 678 1967" 
                    HPOS="203.0"
                    VPOS="1951.0"
                    WIDTH="475.0"
                    HEIGHT="16.0">
	    <String CONTENT=""
                    HPOS="203.0"
                    VPOS="1951.0"
                    WIDTH="475.0"
                    HEIGHT="16.0"></String>
          </TextLine>
          <TextLine ID="eSc_line_c0d8cd99"
                    BASELINE="194 1994 689 2014" 
                    HPOS="194.0"
                    VPOS="1994.0"
                    WIDTH="495.0"
                    HEIGHT="20.0">
	    <String CONTENT=""
                    HPOS="194.0"
                    VPOS="1994.0"
                    WIDTH="495.0"
                    HEIGHT="20.0"></String>
          </TextLine>
          <TextLine ID="eSc_line_02adf9f7"
                    BASELINE="192 2034 682 2057" 
                    HPOS="192.0"
                    VPOS="2034.0"
                    WIDTH="490.0"
                    HEIGHT="23.0">
	    <String CONTENT=""
                    HPOS="192.0"
                    VPOS="2034.0"
                    WIDTH="490.0"
                    HEIGHT="23.0"></String>
          </TextLine>
          <TextLine ID="eSc_line_4665edfe"
                    BASELINE="192 2074 674 2101" 
                    HPOS="192.0"
                    VPOS="2074.0"
                    WIDTH="482.0"
                    HEIGHT="27.0">
	    <String CONTENT=""
                    HPOS="192.0"
                    VPOS="2074.0"
                    WIDTH="482.0"
                    HEIGHT="27.0"></String>
          </TextLine>
          <TextLine ID="eSc_line_5b9b4e18"
                    BASELINE="185 2122 680 2147" 
                    HPOS="185.0"
                    VPOS="2122.0"
                    WIDTH="495.0"
                    HEIGHT="25.0">
	    <String CONTENT=""
                    HPOS="185.0"
                    VPOS="2122.0"
                    WIDTH="495.0"
                    HEIGHT="25.0"></String>
          </TextLine>
          <TextLine ID="eSc_line_387e3da2"
                    BASELINE="189 2172 688 2189" 
                    HPOS="189.0"
                    VPOS="2172.0"
                    WIDTH="499.0"
                    HEIGHT="17.0">
	    <String CONTENT=""
                    HPOS="189.0"
                    VPOS="2172.0"
                    WIDTH="499.0"
                    HEIGHT="17.0"></String>
          </TextLine>
          <TextLine ID="eSc_line_0567c6e6"
                    BASELINE="187 2214 685 2232" 
                    HPOS="187.0"
                    VPOS="2214.0"
                    WIDTH="498.0"
                    HEIGHT="18.0">
	    <String CONTENT=""
                    HPOS="187.0"
                    VPOS="2214.0"
                    WIDTH="498.0"
                    HEIGHT="18.0"></String>
          </TextLine>
          <TextLine ID="eSc_line_4ce3da12"
                    BASELINE="199 2259 438 2269" 
                    HPOS="199.0"
                    VPOS="2259.0"
                    WIDTH="239.0"
                    HEIGHT="10.0">
	    <String CONTENT=""
                    HPOS="199.0"
                    VPOS="2259.0"
                    WIDTH="239.0"
                    HEIGHT="10.0"></String>
          </TextLine>
          <TextLine ID="eSc_line_f06227eb"
                    BASELINE="219 2306 682 2318" 
                    HPOS="219.0"
                    VPOS="2306.0"
                    WIDTH="463.0"
                    HEIGHT="12.0">
	    <String CONTENT=""
                    HPOS="219.0"
                    VPOS="2306.0"
                    WIDTH="463.0"
                    HEIGHT="12.0"></String>
          </TextLine>
          <TextLine ID="eSc_line_56b68ade"
                    BASELINE="201 2343 684 2362" 
                    HPOS="201.0"
                    VPOS="2343.0"
                    WIDTH="483.0"
                    HEIGHT="19.0">
	    <String CONTENT=""
                    HPOS="201.0"
                    VPOS="2343.0"
                    WIDTH="483.0"
                    HEIGHT="19.0"></String>
          </TextLine>
          <TextLine ID="eSc_line_bc1909a0"
                    BASELINE="206 2389 680 2407" 
                    HPOS="206.0"
                    VPOS="2389.0"
                    WIDTH="474.0"
                    HEIGHT="18.0">
	    <String CONTENT=""
                    HPOS="206.0"
                    VPOS="2389.0"
                    WIDTH="474.0"
                    HEIGHT="18.0"></String>
          </TextLine>
          <TextLine ID="eSc_line_4b9a0d7e"
                    BASELINE="217 2436 680 2450" 
                    HPOS="217.0"
                    VPOS="2436.0"
                    WIDTH="463.0"
                    HEIGHT="14.0">
	    <String CONTENT=""
                    HPOS="217.0"
                    VPOS="2436.0"
                    WIDTH="463.0"
                    HEIGHT="14.0"></String>
          </TextLine>
        </TextBlock>
        <TextBlock HPOS="700.0"
                   VPOS="1367.0"
                   WIDTH="570.0"
                   HEIGHT="1088.0"
                   ID="region_1719559124752_154"
                   TAGREFS="BT4032">
          <Shape><Polygon POINTS="1235 2455 708 2452 700 1395 1270 1367"/></Shape>
          <TextLine ID="eSc_line_08b90861"
                    BASELINE="712 1464 1214 1462" 
                    HPOS="712.0"
                    VPOS="1462.0"
                    WIDTH="502.0"
                    HEIGHT="2.0">
	    <String CONTENT=""
                    HPOS="712.0"
                    VPOS="1462.0"
                    WIDTH="502.0"
                    HEIGHT="2.0"></String>
          </TextLine>
          <TextLine ID="eSc_line_3fc91a94"
                    BASELINE="702 1507 1215 1506" 
                    HPOS="702.0"
                    VPOS="1506.0"
                    WIDTH="513.0"
                    HEIGHT="1.0">
	    <String CONTENT=""
                    HPOS="702.0"
                    VPOS="1506.0"
                    WIDTH="513.0"
                    HEIGHT="1.0"></String>
          </TextLine>
          <TextLine ID="eSc_line_8a86a9a4"
                    BASELINE="716 1560 1221 1551" 
                    HPOS="716.0"
                    VPOS="1551.0"
                    WIDTH="505.0"
                    HEIGHT="9.0">
	    <String CONTENT=""
                    HPOS="716.0"
                    VPOS="1551.0"
                    WIDTH="505.0"
                    HEIGHT="9.0"></String>
          </TextLine>
          <TextLine ID="eSc_line_6f22d4fb"
                    BASELINE="715 1602 1210 1600" 
                    HPOS="715.0"
                    VPOS="1600.0"
                    WIDTH="495.0"
                    HEIGHT="2.0">
	    <String CONTENT=""
                    HPOS="715.0"
                    VPOS="1600.0"
                    WIDTH="495.0"
                    HEIGHT="2.0"></String>
          </TextLine>
          <TextLine ID="eSc_line_fcb6a348"
                    BASELINE="711 1651 1218 1650" 
                    HPOS="711.0"
                    VPOS="1650.0"
                    WIDTH="507.0"
                    HEIGHT="1.0">
	    <String CONTENT=""
                    HPOS="711.0"
                    VPOS="1650.0"
                    WIDTH="507.0"
                    HEIGHT="1.0"></String>
          </TextLine>
          <TextLine ID="eSc_line_547793b4"
                    BASELINE="703 1700 1210 1696" 
                    HPOS="703.0"
                    VPOS="1696.0"
                    WIDTH="507.0"
                    HEIGHT="4.0">
	    <String CONTENT=""
                    HPOS="703.0"
                    VPOS="1696.0"
                    WIDTH="507.0"
                    HEIGHT="4.0"></String>
          </TextLine>
          <TextLine ID="eSc_line_4fd05146"
                    BASELINE="712 1745 1217 1742" 
                    HPOS="712.0"
                    VPOS="1742.0"
                    WIDTH="505.0"
                    HEIGHT="3.0">
	    <String CONTENT=""
                    HPOS="712.0"
                    VPOS="1742.0"
                    WIDTH="505.0"
                    HEIGHT="3.0"></String>
          </TextLine>
          <TextLine ID="eSc_line_8f75467f"
                    BASELINE="709 1793 1221 1786" 
                    HPOS="709.0"
                    VPOS="1786.0"
                    WIDTH="512.0"
                    HEIGHT="7.0">
	    <String CONTENT=""
                    HPOS="709.0"
                    VPOS="1786.0"
                    WIDTH="512.0"
                    HEIGHT="7.0"></String>
          </TextLine>
          <TextLine ID="eSc_line_9957bc95"
                    BASELINE="711 1835 1211 1831" 
                    HPOS="711.0"
                    VPOS="1831.0"
                    WIDTH="500.0"
                    HEIGHT="4.0">
	    <String CONTENT=""
                    HPOS="711.0"
                    VPOS="1831.0"
                    WIDTH="500.0"
                    HEIGHT="4.0"></String>
          </TextLine>
          <TextLine ID="eSc_line_6c6d1a73"
                    BASELINE="711 1879 1204 1883" 
                    HPOS="711.0"
                    VPOS="1879.0"
                    WIDTH="493.0"
                    HEIGHT="4.0">
	    <String CONTENT=""
                    HPOS="711.0"
                    VPOS="1879.0"
                    WIDTH="493.0"
                    HEIGHT="4.0"></String>
          </TextLine>
          <TextLine ID="eSc_line_eb37f832"
                    BASELINE="710 1926 1214 1929" 
                    HPOS="710.0"
                    VPOS="1926.0"
                    WIDTH="504.0"
                    HEIGHT="3.0">
	    <String CONTENT=""
                    HPOS="710.0"
                    VPOS="1926.0"
                    WIDTH="504.0"
                    HEIGHT="3.0"></String>
          </TextLine>
          <TextLine ID="eSc_line_01d08b43"
                    BASELINE="713 1973 1212 1973" 
                    HPOS="713.0"
                    VPOS="1973.0"
                    WIDTH="499.0"
                    HEIGHT="0.0">
	    <String CONTENT=""
                    HPOS="713.0"
                    VPOS="1973.0"
                    WIDTH="499.0"
                    HEIGHT="0.0"></String>
          </TextLine>
          <TextLine ID="eSc_line_4a1a1f0a"
                    BASELINE="710 2021 1218 2018" 
                    HPOS="710.0"
                    VPOS="2018.0"
                    WIDTH="508.0"
                    HEIGHT="3.0">
	    <String CONTENT=""
                    HPOS="710.0"
                    VPOS="2018.0"
                    WIDTH="508.0"
                    HEIGHT="3.0"></String>
          </TextLine>
          <TextLine ID="eSc_line_7a8ed968"
                    BASELINE="711 2058 1224 2057" 
                    HPOS="711.0"
                    VPOS="2057.0"
                    WIDTH="513.0"
                    HEIGHT="1.0">
	    <String CONTENT=""
                    HPOS="711.0"
                    VPOS="2057.0"
                    WIDTH="513.0"
                    HEIGHT="1.0"></String>
          </TextLine>
          <TextLine ID="eSc_line_3044761d"
                    BASELINE="712 2097 971 2104" 
                    HPOS="712.0"
                    VPOS="2097.0"
                    WIDTH="259.0"
                    HEIGHT="7.0">
	    <String CONTENT=""
                    HPOS="712.0"
                    VPOS="2097.0"
                    WIDTH="259.0"
                    HEIGHT="7.0"></String>
          </TextLine>
          <TextLine ID="eSc_line_a2423deb"
                    BASELINE="718 2186 1214 2184" 
                    HPOS="718.0"
                    VPOS="2184.0"
                    WIDTH="496.0"
                    HEIGHT="2.0">
	    <String CONTENT=""
                    HPOS="718.0"
                    VPOS="2184.0"
                    WIDTH="496.0"
                    HEIGHT="2.0"></String>
          </TextLine>
          <TextLine ID="eSc_line_e9f27121"
                    BASELINE="875 2224 1032 2227" 
                    HPOS="875.0"
                    VPOS="2224.0"
                    WIDTH="157.0"
                    HEIGHT="3.0">
	    <String CONTENT=""
                    HPOS="875.0"
                    VPOS="2224.0"
                    WIDTH="157.0"
                    HEIGHT="3.0"></String>
          </TextLine>
          <TextLine ID="eSc_line_dc4ea384"
                    BASELINE="736 2277 1216 2266" 
                    HPOS="736.0"
                    VPOS="2266.0"
                    WIDTH="480.0"
                    HEIGHT="11.0">
	    <String CONTENT=""
                    HPOS="736.0"
                    VPOS="2266.0"
                    WIDTH="480.0"
                    HEIGHT="11.0"></String>
          </TextLine>
          <TextLine ID="eSc_line_2507f162"
                    BASELINE="879 2309 1215 2308" 
                    HPOS="879.0"
                    VPOS="2308.0"
                    WIDTH="336.0"
                    HEIGHT="1.0">
	    <String CONTENT=""
                    HPOS="879.0"
                    VPOS="2308.0"
                    WIDTH="336.0"
                    HEIGHT="1.0"></String>
          </TextLine>
          <TextLine ID="eSc_line_786566e7"
                    BASELINE="792 2359 1217 2355" 
                    HPOS="792.0"
                    VPOS="2355.0"
                    WIDTH="425.0"
                    HEIGHT="4.0">
	    <String CONTENT=""
                    HPOS="792.0"
                    VPOS="2355.0"
                    WIDTH="425.0"
                    HEIGHT="4.0"></String>
          </TextLine>
          <TextLine ID="eSc_line_f64d70a9"
                    BASELINE="804 2411 1215 2402" 
                    HPOS="804.0"
                    VPOS="2402.0"
                    WIDTH="411.0"
                    HEIGHT="9.0">
	    <String CONTENT=""
                    HPOS="804.0"
                    VPOS="2402.0"
                    WIDTH="411.0"
                    HEIGHT="9.0"></String>
          </TextLine>
          <TextLine ID="eSc_line_85422136"
                    BASELINE="814 2449 971 2450" 
                    HPOS="814.0"
                    VPOS="2449.0"
                    WIDTH="157.0"
                    HEIGHT="1.0">
	    <String CONTENT=""
                    HPOS="814.0"
                    VPOS="2449.0"
                    WIDTH="157.0"
                    HEIGHT="1.0"></String>
          </TextLine>
        </TextBlock>
        <TextBlock HPOS="1081.0"
                   VPOS="1219.0"
                   WIDTH="188.0"
                   HEIGHT="72.0"
                   ID="region_1719559094319_145"
                   TAGREFS="BT4029">
          <Shape><Polygon POINTS="1232 1291 1081 1291 1083 1219 1269 1222"/></Shape>
          <TextLine ID="eSc_line_b5fa1b2b"
                    BASELINE="1105 1268 1218 1270" 
                    HPOS="1105.0"
                    VPOS="1268.0"
                    WIDTH="113.0"
                    HEIGHT="2.0">
	    <String CONTENT=""
                    HPOS="1105.0"
                    VPOS="1268.0"
                    WIDTH="113.0"
                    HEIGHT="2.0"></String>
          </TextLine>
        </TextBlock>
        <TextBlock ID="eSc_dummyblock_">
          <TextLine ID="eSc_line_1bb5a4a3"
                    BASELINE="183 920 1168 951" 
                    HPOS="183.0"
                    VPOS="920.0"
                    WIDTH="985.0"
                    HEIGHT="31.0">
	    <String CONTENT=""
                    HPOS="183.0"
                    VPOS="920.0"
                    WIDTH="985.0"
                    HEIGHT="31.0"></String>
          </TextLine>
        </TextBlock>
      </PrintSpace>
    </Page>
  </Layout>
</alto>
