<?xml version="1.0" encoding="UTF-8"?>
<alto xmlns:xsi="http://www.w3.org/2001/XMLSchema-instance"
      xmlns="http://www.loc.gov/standards/alto/ns-v4#"
      xsi:schemaLocation="http://www.loc.gov/standards/alto/ns-v4# http://www.loc.gov/standards/alto/v4/alto-4-2.xsd">
  <Description>
    <MeasurementUnit>pixel</MeasurementUnit>
    <sourceImageInformation>
      <fileName>1775-Saemmtliche_Poetische_Werke_Schmieder_Bd_2_VD18_90914287_NEU-181.png</fileName>
      <fileIdentifier>mets//Schmieder_blance_ohne_zeilen.zip/1775-Saemmtliche_Poetische_Werke_Schmieder_Bd_2_VD18_90914287_NEU-181.png</fileIdentifier>
    </sourceImageInformation>
  </Description>
  <Tags>
    <OtherTag ID="BT1" LABEL="Title" DESCRIPTION="block type Title"/><OtherTag ID="BT2" LABEL="Main" DESCRIPTION="block type Main"/><OtherTag ID="BT3" LABEL="Commentary" DESCRIPTION="block type Commentary"/><OtherTag ID="BT4" LABEL="Illustration" DESCRIPTION="block type Illustration"/><OtherTag ID="BT4465" LABEL="paragraph" DESCRIPTION="block type paragraph"/><OtherTag ID="BT4466" LABEL="footnote" DESCRIPTION="block type footnote"/><OtherTag ID="BT4467" LABEL="heading" DESCRIPTION="block type heading"/>
  </Tags>
  <Layout>
    <Page WIDTH="657"
          HEIGHT="1095"
          PHYSICAL_IMG_NR="5"
          ID="eSc_dummypage_">
      <PrintSpace HPOS="0"
                  VPOS="0"
                  WIDTH="657"
                  HEIGHT="1095">
        <TextBlock HPOS="134.0"
                   VPOS="90.0"
                   WIDTH="64.0"
                   HEIGHT="39.0"
                   ID="region_1720035723001_411"
                   TAGREFS="BT4465">
          <Shape><Polygon POINTS="135 124 134 97 198 90 195 125 155 129"/></Shape>
        </TextBlock>
        <TextBlock HPOS="234.0"
                   VPOS="87.0"
                   WIDTH="269.0"
                   HEIGHT="39.0"
                   ID="region_1720035734482_414"
                   TAGREFS="BT4465">
          <Shape><Polygon POINTS="234 90 238 126 503 122 492 87"/></Shape>
        </TextBlock>
        <TextBlock HPOS="160.0"
                   VPOS="133.0"
                   WIDTH="371.0"
                   HEIGHT="115.0"
                   ID="region_1720035750002_417"
                   TAGREFS="BT4465">
          <Shape><Polygon POINTS="162 134 493 133 507 215 531 218 526 248 160 247"/></Shape>
        </TextBlock>
        <TextBlock HPOS="184.0"
                   VPOS="263.0"
                   WIDTH="36.0"
                   HEIGHT="34.0"
                   ID="region_1720035760542_420"
                   TAGREFS="BT4465">
          <Shape><Polygon POINTS="219 296 220 263 184 263 186 297"/></Shape>
        </TextBlock>
        <TextBlock HPOS="133.0"
                   VPOS="265.0"
                   WIDTH="464.0"
                   HEIGHT="230.0"
                   ID="region_1720035781721_423"
                   TAGREFS="BT4465">
          <Shape><Polygon POINTS="221 298 221 277 231 265 597 266 579 495 311 490 133 494 141 321 209 315"/></Shape>
        </TextBlock>
        <TextBlock HPOS="126.0"
                   VPOS="496.0"
                   WIDTH="480.0"
                   HEIGHT="267.0"
                   ID="region_1720035831633_428"
                   TAGREFS="BT4465">
          <Shape><Polygon POINTS="164 504 271 496 543 501 585 500 587 541 533 545 542 640 606 641 594 706 465 705 457 727 446 760 152 763 126 762"/></Shape>
        </TextBlock>
        <TextBlock HPOS="541.0"
                   VPOS="737.0"
                   WIDTH="57.0"
                   HEIGHT="34.0"
                   ID="region_1720035940774_441"
                   TAGREFS="BT4465">
          <Shape><Polygon POINTS="544 771 541 750 580 737 598 758 575 770"/></Shape>
        </TextBlock>
        <TextBlock HPOS="179.0"
                   VPOS="779.0"
                   WIDTH="407.0"
                   HEIGHT="99.0"
                   ID="region_1720035924102_438"
                   TAGREFS="BT4466">
          <Shape><Polygon POINTS="181 878 231 876 247 878 299 878 362 877 379 878 471 878 558 875 585 857 586 780 502 779 316 782 179 784"/></Shape>
        </TextBlock>
        <TextBlock HPOS="165.0"
                   VPOS="878.0"
                   WIDTH="409.0"
                   HEIGHT="81.0"
                   ID="region_1720035890986_435"
                   TAGREFS="BT4466">
          <Shape><Polygon POINTS="165 885 173 940 475 947 502 959 574 954 564 878 428 882 409 879 382 881 332 880 263 881 228 881 185 881"/></Shape>
        </TextBlock>
      </PrintSpace>
    </Page>
  </Layout>
</alto>
