<?xml version="1.0" encoding="UTF-8"?>
<alto xmlns:xsi="http://www.w3.org/2001/XMLSchema-instance"
      xmlns="http://www.loc.gov/standards/alto/ns-v4#"
      xsi:schemaLocation="http://www.loc.gov/standards/alto/ns-v4# http://www.loc.gov/standards/alto/v4/alto-4-2.xsd">
  <Description>
    <MeasurementUnit>pixel</MeasurementUnit>
    <sourceImageInformation>
      <fileName>1775-Saemmtliche_Poetische_Werke_Schmieder_Bd_2_VD18_90914287_NEU-228.png</fileName>
      <fileIdentifier>mets//Schmieder_blance_ohne_zeilen.zip/1775-Saemmtliche_Poetische_Werke_Schmieder_Bd_2_VD18_90914287_NEU-228.png</fileIdentifier>
    </sourceImageInformation>
  </Description>
  <Tags>
    <OtherTag ID="BT1" LABEL="Title" DESCRIPTION="block type Title"/><OtherTag ID="BT2" LABEL="Main" DESCRIPTION="block type Main"/><OtherTag ID="BT3" LABEL="Commentary" DESCRIPTION="block type Commentary"/><OtherTag ID="BT4" LABEL="Illustration" DESCRIPTION="block type Illustration"/><OtherTag ID="BT4465" LABEL="paragraph" DESCRIPTION="block type paragraph"/><OtherTag ID="BT4466" LABEL="footnote" DESCRIPTION="block type footnote"/><OtherTag ID="BT4467" LABEL="heading" DESCRIPTION="block type heading"/>
  </Tags>
  <Layout>
    <Page WIDTH="657"
          HEIGHT="1097"
          PHYSICAL_IMG_NR="6"
          ID="eSc_dummypage_">
      <PrintSpace HPOS="0"
                  VPOS="0"
                  WIDTH="657"
                  HEIGHT="1097">
        <TextBlock HPOS="227.0"
                   VPOS="106.0"
                   WIDTH="158.0"
                   HEIGHT="34.0"
                   ID="region_1720034832143_300"
                   TAGREFS="BT4465">
          <Shape><Polygon POINTS="227 135 229 106 379 106 385 140 265 138 235 140"/></Shape>
        </TextBlock>
        <TextBlock HPOS="472.0"
                   VPOS="110.0"
                   WIDTH="54.0"
                   HEIGHT="30.0"
                   ID="region_1720034843064_303"
                   TAGREFS="BT4465">
          <Shape><Polygon POINTS="473 137 472 110 526 113 521 140"/></Shape>
        </TextBlock>
        <TextBlock HPOS="142.0"
                   VPOS="140.0"
                   WIDTH="320.0"
                   HEIGHT="46.0"
                   ID="region_1720034824193_297"
                   TAGREFS="BT4467">
          <Shape><Polygon POINTS="142 175 144 140 461 151 462 179 384 185 206 184 149 186"/></Shape>
        </TextBlock>
        <TextBlock HPOS="82.0"
                   VPOS="172.0"
                   WIDTH="50.0"
                   HEIGHT="52.0"
                   ID="region_1720034806205_294"
                   TAGREFS="BT4465">
          <Shape><Polygon POINTS="82 220 82 172 132 176 129 201 124 206 123 224"/></Shape>
        </TextBlock>
        <TextBlock HPOS="77.0"
                   VPOS="188.0"
                   WIDTH="461.0"
                   HEIGHT="125.0"
                   ID="region_1720034798199_291"
                   TAGREFS="BT4465">
          <Shape><Polygon POINTS="77 249 77 304 91 313 538 308 537 188 142 199 130 204 125 209 124 226 124 247"/></Shape>
        </TextBlock>
        <TextBlock HPOS="70.0"
                   VPOS="318.0"
                   WIDTH="462.0"
                   HEIGHT="366.0"
                   ID="region_1720034772635_288"
                   TAGREFS="BT4465">
          <Shape><Polygon POINTS="70 665 76 318 532 318 524 684 102 682"/></Shape>
        </TextBlock>
        <TextBlock HPOS="127.0"
                   VPOS="727.0"
                   WIDTH="24.0"
                   HEIGHT="32.0"
                   ID="region_1720034936289_320"
                   TAGREFS="BT4465">
          <Shape><Polygon POINTS="127 753 129 727 150 727 151 735 147 748 148 758 138 759"/></Shape>
        </TextBlock>
        <TextBlock HPOS="80.0"
                   VPOS="723.0"
                   WIDTH="463.0"
                   HEIGHT="100.0"
                   ID="region_1720034753874_285"
                   TAGREFS="BT4465">
          <Shape><Polygon POINTS="150 743 150 763 125 758 81 754 80 797 286 807 316 819 423 823 478 798 543 794 530 723 157 728"/></Shape>
        </TextBlock>
        <TextBlock HPOS="100.0"
                   VPOS="827.0"
                   WIDTH="152.0"
                   HEIGHT="37.0"
                   ID="region_1720034724186_279"
                   TAGREFS="BT4466">
          <Shape><Polygon POINTS="252 859 250 835 100 827 100 856 220 864"/></Shape>
        </TextBlock>
        <TextBlock HPOS="84.0"
                   VPOS="943.0"
                   WIDTH="301.0"
                   HEIGHT="52.0"
                   ID="region_1720034705794_273"
                   TAGREFS="BT4465">
          <Shape><Polygon POINTS="84 979 84 943 385 945 379 995 210 990"/></Shape>
        </TextBlock>
        <TextBlock HPOS="472.0"
                   VPOS="943.0"
                   WIDTH="67.0"
                   HEIGHT="45.0"
                   ID="region_1720034710437_276"
                   TAGREFS="BT4465">
          <Shape><Polygon POINTS="477 988 472 943 539 951 536 988"/></Shape>
        </TextBlock>
      </PrintSpace>
    </Page>
  </Layout>
</alto>
