<?xml version="1.0" encoding="UTF-8"?>
<alto xmlns:xsi="http://www.w3.org/2001/XMLSchema-instance"
      xmlns="http://www.loc.gov/standards/alto/ns-v4#"
      xsi:schemaLocation="http://www.loc.gov/standards/alto/ns-v4# http://www.loc.gov/standards/alto/v4/alto-4-2.xsd">
  <Description>
    <MeasurementUnit>pixel</MeasurementUnit>
    <sourceImageInformation>
      <fileName>1775-Saemmtliche_Poetische_Werke_Schmieder_Bd_2_VD18_90914287_NEU-047.png</fileName>
      <fileIdentifier>mets//Schmieder_blance_ohne_zeilen.zip/1775-Saemmtliche_Poetische_Werke_Schmieder_Bd_2_VD18_90914287_NEU-047.png</fileIdentifier>
    </sourceImageInformation>
  </Description>
  <Tags>
    <OtherTag ID="BT1" LABEL="Title" DESCRIPTION="block type Title"/><OtherTag ID="BT2" LABEL="Main" DESCRIPTION="block type Main"/><OtherTag ID="BT3" LABEL="Commentary" DESCRIPTION="block type Commentary"/><OtherTag ID="BT4" LABEL="Illustration" DESCRIPTION="block type Illustration"/><OtherTag ID="BT4465" LABEL="paragraph" DESCRIPTION="block type paragraph"/><OtherTag ID="BT4466" LABEL="footnote" DESCRIPTION="block type footnote"/><OtherTag ID="BT4467" LABEL="heading" DESCRIPTION="block type heading"/>
  </Tags>
  <Layout>
    <Page WIDTH="657"
          HEIGHT="1095"
          PHYSICAL_IMG_NR="3"
          ID="eSc_dummypage_">
      <PrintSpace HPOS="0"
                  VPOS="0"
                  WIDTH="657"
                  HEIGHT="1095">
        <TextBlock HPOS="160.0"
                   VPOS="98.0"
                   WIDTH="41.0"
                   HEIGHT="34.0"
                   ID="region_1720036711602_588"
                   TAGREFS="BT4465">
          <Shape><Polygon POINTS="161 127 160 98 201 101 200 132"/></Shape>
        </TextBlock>
        <TextBlock HPOS="253.0"
                   VPOS="88.0"
                   WIDTH="263.0"
                   HEIGHT="41.0"
                   ID="region_1720036728644_591"
                   TAGREFS="BT4465">
          <Shape><Polygon POINTS="253 127 253 88 516 93 516 129 425 128 293 125 272 128"/></Shape>
        </TextBlock>
        <TextBlock HPOS="163.0"
                   VPOS="160.0"
                   WIDTH="26.0"
                   HEIGHT="31.0"
                   ID="region_1720036741498_594"
                   TAGREFS="BT4465">
          <Shape><Polygon POINTS="186 191 189 161 167 160 163 191"/></Shape>
        </TextBlock>
        <TextBlock HPOS="157.0"
                   VPOS="167.0"
                   WIDTH="451.0"
                   HEIGHT="178.0"
                   ID="region_1720036769323_597"
                   TAGREFS="BT4465">
          <Shape><Polygon POINTS="188 189 190 169 596 167 608 345 157 334 167 216 186 202"/></Shape>
        </TextBlock>
        <TextBlock HPOS="235.0"
                   VPOS="426.0"
                   WIDTH="299.0"
                   HEIGHT="39.0"
                   ID="region_1720036846143_623"
                   TAGREFS="BT4467">
          <Shape><Polygon POINTS="235 464 237 426 532 426 534 465"/></Shape>
        </TextBlock>
        <TextBlock HPOS="162.0"
                   VPOS="476.0"
                   WIDTH="38.0"
                   HEIGHT="41.0"
                   ID="region_1720036857602_626"
                   TAGREFS="BT4465">
          <Shape><Polygon POINTS="197 516 193 510 191 506 196 494 200 484 192 476 162 476 163 513 177 517"/></Shape>
        </TextBlock>
        <TextBlock HPOS="150.0"
                   VPOS="492.0"
                   WIDTH="366.0"
                   HEIGHT="302.0"
                   ID="region_1720036917567_639"
                   TAGREFS="BT4465">
          <Shape><Polygon POINTS="161 520 202 519 194 511 193 505 201 494 516 492 487 794 150 778"/></Shape>
        </TextBlock>
        <TextBlock HPOS="536.0"
                   VPOS="950.0"
                   WIDTH="61.0"
                   HEIGHT="39.0"
                   ID="region_1720036926668_642"
                   TAGREFS="BT4465">
          <Shape><Polygon POINTS="536 955 541 989 597 985 595 950"/></Shape>
        </TextBlock>
      </PrintSpace>
    </Page>
  </Layout>
</alto>
