<?xml version="1.0" encoding="UTF-8"?>
<alto xmlns:xsi="http://www.w3.org/2001/XMLSchema-instance"
      xmlns="http://www.loc.gov/standards/alto/ns-v4#"
      xsi:schemaLocation="http://www.loc.gov/standards/alto/ns-v4# http://www.loc.gov/standards/alto/v4/alto-4-2.xsd">
  <Description>
    <MeasurementUnit>pixel</MeasurementUnit>
    <sourceImageInformation>
      <fileName>1775-Saemmtliche_Poetische_Werke_Schmieder_Bd_3_VD18_90914295_NEU-170.png</fileName>
      <fileIdentifier>mets//Schmieder_blance_ohne_zeilen.zip/1775-Saemmtliche_Poetische_Werke_Schmieder_Bd_3_VD18_90914295_NEU-170.png</fileIdentifier>
    </sourceImageInformation>
  </Description>
  <Tags>
    <OtherTag ID="BT1" LABEL="Title" DESCRIPTION="block type Title"/><OtherTag ID="BT2" LABEL="Main" DESCRIPTION="block type Main"/><OtherTag ID="BT3" LABEL="Commentary" DESCRIPTION="block type Commentary"/><OtherTag ID="BT4" LABEL="Illustration" DESCRIPTION="block type Illustration"/><OtherTag ID="BT4465" LABEL="paragraph" DESCRIPTION="block type paragraph"/><OtherTag ID="BT4466" LABEL="footnote" DESCRIPTION="block type footnote"/><OtherTag ID="BT4467" LABEL="heading" DESCRIPTION="block type heading"/>
  </Tags>
  <Layout>
    <Page WIDTH="649"
          HEIGHT="1102"
          PHYSICAL_IMG_NR="8"
          ID="eSc_dummypage_">
      <PrintSpace HPOS="0"
                  VPOS="0"
                  WIDTH="649"
                  HEIGHT="1102">
        <TextBlock HPOS="199.0"
                   VPOS="95.0"
                   WIDTH="161.0"
                   HEIGHT="37.0"
                   ID="region_1720087624355_448"
                   TAGREFS="BT4465">
          <Shape><Polygon POINTS="199 103 200 132 359 128 360 95 223 98"/></Shape>
        </TextBlock>
        <TextBlock HPOS="457.0"
                   VPOS="96.0"
                   WIDTH="50.0"
                   HEIGHT="29.0"
                   ID="region_1720087632633_451"
                   TAGREFS="BT4465">
          <Shape><Polygon POINTS="459 100 457 125 507 120 502 96"/></Shape>
        </TextBlock>
        <TextBlock HPOS="61.0"
                   VPOS="131.0"
                   WIDTH="350.0"
                   HEIGHT="128.0"
                   ID="region_1720087648292_454"
                   TAGREFS="BT4465">
          <Shape><Polygon POINTS="61 153 67 259 411 243 389 131 73 146"/></Shape>
        </TextBlock>
        <TextBlock HPOS="62.0"
                   VPOS="249.0"
                   WIDTH="393.0"
                   HEIGHT="279.0"
                   ID="region_1720087693522_457"
                   TAGREFS="BT4465">
          <Shape><Polygon POINTS="62 266 64 528 455 512 404 249 286 253 240 254 189 257 148 260 134 258 101 261"/></Shape>
        </TextBlock>
        <TextBlock HPOS="65.0"
                   VPOS="519.0"
                   WIDTH="375.0"
                   HEIGHT="123.0"
                   ID="region_1720087716355_460"
                   TAGREFS="BT4465">
          <Shape><Polygon POINTS="66 544 65 642 440 630 434 520 384 519 250 525 171 526 106 530"/></Shape>
        </TextBlock>
        <TextBlock HPOS="456.0"
                   VPOS="625.0"
                   WIDTH="54.0"
                   HEIGHT="25.0"
                   ID="region_1720087594822_445"
                   TAGREFS="BT4465">
          <Shape><Polygon POINTS="456 626 458 650 510 649 509 625"/></Shape>
        </TextBlock>
        <TextBlock HPOS="74.0"
                   VPOS="659.0"
                   WIDTH="450.0"
                   HEIGHT="113.0"
                   ID="region_1720087830270_469"
                   TAGREFS="BT4466">
          <Shape><Polygon POINTS="74 674 77 770 113 772 146 766 146 747 521 738 524 659 476 659 383 659 310 660 215 664 110 667"/></Shape>
        </TextBlock>
        <TextBlock HPOS="77.0"
                   VPOS="768.0"
                   WIDTH="354.0"
                   HEIGHT="38.0"
                   ID="region_1720087803592_466"
                   TAGREFS="BT4466">
          <Shape><Polygon POINTS="431 792 431 768 77 777 77 806"/></Shape>
        </TextBlock>
        <TextBlock HPOS="80.0"
                   VPOS="799.0"
                   WIDTH="456.0"
                   HEIGHT="135.0"
                   ID="region_1720087790441_463"
                   TAGREFS="BT4466">
          <Shape><Polygon POINTS="80 817 89 929 375 934 536 931 524 893 425 799 179 809 102 815"/></Shape>
        </TextBlock>
      </PrintSpace>
    </Page>
  </Layout>
</alto>
