<?xml version="1.0" encoding="UTF-8"?>
<alto xmlns:xsi="http://www.w3.org/2001/XMLSchema-instance"
      xmlns="http://www.loc.gov/standards/alto/ns-v4#"
      xsi:schemaLocation="http://www.loc.gov/standards/alto/ns-v4# http://www.loc.gov/standards/alto/v4/alto-4-2.xsd">
  <Description>
    <MeasurementUnit>pixel</MeasurementUnit>
    <sourceImageInformation>
      <fileName>1775-Saemmtliche_Poetische_Werke_Schmieder_Bd_3_VD18_90914295_NEU-197.png</fileName>
      <fileIdentifier>mets//Schmieder_blance_ohne_zeilen.zip/1775-Saemmtliche_Poetische_Werke_Schmieder_Bd_3_VD18_90914295_NEU-197.png</fileIdentifier>
    </sourceImageInformation>
  </Description>
  <Tags>
    <OtherTag ID="BT1" LABEL="Title" DESCRIPTION="block type Title"/><OtherTag ID="BT2" LABEL="Main" DESCRIPTION="block type Main"/><OtherTag ID="BT3" LABEL="Commentary" DESCRIPTION="block type Commentary"/><OtherTag ID="BT4" LABEL="Illustration" DESCRIPTION="block type Illustration"/><OtherTag ID="BT4465" LABEL="paragraph" DESCRIPTION="block type paragraph"/><OtherTag ID="BT4466" LABEL="footnote" DESCRIPTION="block type footnote"/><OtherTag ID="BT4467" LABEL="heading" DESCRIPTION="block type heading"/>
  </Tags>
  <Layout>
    <Page WIDTH="650"
          HEIGHT="1102"
          PHYSICAL_IMG_NR="9"
          ID="eSc_dummypage_">
      <PrintSpace HPOS="0"
                  VPOS="0"
                  WIDTH="650"
                  HEIGHT="1102">
        <TextBlock HPOS="124.0"
                   VPOS="93.0"
                   WIDTH="52.0"
                   HEIGHT="33.0"
                   ID="region_1720088214449_540"
                   TAGREFS="BT4465">
          <Shape><Polygon POINTS="124 99 126 124 170 126 176 96 146 93"/></Shape>
        </TextBlock>
        <TextBlock HPOS="194.0"
                   VPOS="89.0"
                   WIDTH="325.0"
                   HEIGHT="43.0"
                   ID="region_1720088254013_543"
                   TAGREFS="BT4467">
          <Shape><Polygon POINTS="194 95 194 123 517 132 519 96 218 89"/></Shape>
        </TextBlock>
        <TextBlock HPOS="170.0"
                   VPOS="135.0"
                   WIDTH="320.0"
                   HEIGHT="115.0"
                   ID="region_1720088265332_546"
                   TAGREFS="BT4465">
          <Shape><Polygon POINTS="173 135 170 245 428 250 433 229 490 169 419 139"/></Shape>
        </TextBlock>
        <TextBlock HPOS="100.0"
                   VPOS="251.0"
                   WIDTH="472.0"
                   HEIGHT="336.0"
                   ID="region_1720088285289_549"
                   TAGREFS="BT4465">
          <Shape><Polygon POINTS="114 251 571 259 572 575 482 587 100 581"/></Shape>
        </TextBlock>
        <TextBlock HPOS="110.0"
                   VPOS="588.0"
                   WIDTH="462.0"
                   HEIGHT="62.0"
                   ID="region_1720088315092_552"
                   TAGREFS="BT4465">
          <Shape><Polygon POINTS="123 591 110 649 572 650 567 591 282 588"/></Shape>
        </TextBlock>
        <TextBlock HPOS="518.0"
                   VPOS="652.0"
                   WIDTH="44.0"
                   HEIGHT="24.0"
                   ID="region_1720088330668_555"
                   TAGREFS="BT4465">
          <Shape><Polygon POINTS="521 654 518 674 562 676 556 654 527 652"/></Shape>
        </TextBlock>
        <TextBlock HPOS="138.0"
                   VPOS="686.0"
                   WIDTH="425.0"
                   HEIGHT="83.0"
                   ID="region_1720088365623_561"
                   TAGREFS="BT4466">
          <Shape><Polygon POINTS="142 690 138 763 558 769 563 689 333 690 184 686"/></Shape>
        </TextBlock>
        <TextBlock HPOS="133.0"
                   VPOS="769.0"
                   WIDTH="298.0"
                   HEIGHT="30.0"
                   ID="region_1720088376312_564"
                   TAGREFS="BT4466">
          <Shape><Polygon POINTS="134 774 133 799 431 797 424 773 184 769"/></Shape>
        </TextBlock>
        <TextBlock HPOS="133.0"
                   VPOS="800.0"
                   WIDTH="429.0"
                   HEIGHT="52.0"
                   ID="region_1720088399210_567"
                   TAGREFS="BT4466">
          <Shape><Polygon POINTS="133 805 141 852 242 848 250 827 562 825 558 800 305 802 265 800 173 802"/></Shape>
        </TextBlock>
        <TextBlock HPOS="133.0"
                   VPOS="853.0"
                   WIDTH="185.0"
                   HEIGHT="24.0"
                   ID="region_1720088416935_570"
                   TAGREFS="BT4466">
          <Shape><Polygon POINTS="135 856 133 877 318 876 308 853 160 854"/></Shape>
        </TextBlock>
        <TextBlock HPOS="133.0"
                   VPOS="880.0"
                   WIDTH="161.0"
                   HEIGHT="24.0"
                   ID="region_1720088436968_576"
                   TAGREFS="BT4466">
          <Shape><Polygon POINTS="133 883 133 904 294 902 287 881 170 880"/></Shape>
        </TextBlock>
        <TextBlock HPOS="130.0"
                   VPOS="906.0"
                   WIDTH="262.0"
                   HEIGHT="25.0"
                   ID="region_1720088462057_581"
                   TAGREFS="BT4466">
          <Shape><Polygon POINTS="133 910 130 930 392 931 383 908 235 907 168 906"/></Shape>
        </TextBlock>
        <TextBlock HPOS="128.0"
                   VPOS="932.0"
                   WIDTH="224.0"
                   HEIGHT="29.0"
                   ID="region_1720088479354_584"
                   TAGREFS="BT4466">
          <Shape><Polygon POINTS="131 937 128 961 352 959 350 937 285 935 203 934 186 932"/></Shape>
        </TextBlock>
      </PrintSpace>
    </Page>
  </Layout>
</alto>
