<?xml version="1.0" encoding="UTF-8"?>
<alto xmlns:xsi="http://www.w3.org/2001/XMLSchema-instance"
      xmlns="http://www.loc.gov/standards/alto/ns-v4#"
      xsi:schemaLocation="http://www.loc.gov/standards/alto/ns-v4# http://www.loc.gov/standards/alto/v4/alto-4-2.xsd">
  <Description>
    <MeasurementUnit>pixel</MeasurementUnit>
    <sourceImageInformation>
      <fileName>1775-Saemmtliche_Poetische_Werke_Schmieder_Bd_1_VD18_90914260_NEU-023.png</fileName>
      <fileIdentifier>mets//Schmieder_blance_ohne_zeilen.zip/1775-Saemmtliche_Poetische_Werke_Schmieder_Bd_1_VD18_90914260_NEU-023.png</fileIdentifier>
    </sourceImageInformation>
  </Description>
  <Tags>
    <OtherTag ID="BT1" LABEL="Title" DESCRIPTION="block type Title"/><OtherTag ID="BT2" LABEL="Main" DESCRIPTION="block type Main"/><OtherTag ID="BT3" LABEL="Commentary" DESCRIPTION="block type Commentary"/><OtherTag ID="BT4" LABEL="Illustration" DESCRIPTION="block type Illustration"/><OtherTag ID="BT4465" LABEL="paragraph" DESCRIPTION="block type paragraph"/><OtherTag ID="BT4466" LABEL="footnote" DESCRIPTION="block type footnote"/><OtherTag ID="BT4467" LABEL="heading" DESCRIPTION="block type heading"/>
  </Tags>
  <Layout>
    <Page WIDTH="658"
          HEIGHT="1096"
          PHYSICAL_IMG_NR="0"
          ID="eSc_dummypage_">
      <PrintSpace HPOS="0"
                  VPOS="0"
                  WIDTH="658"
                  HEIGHT="1096">
        <TextBlock HPOS="188.0"
                   VPOS="76.0"
                   WIDTH="237.0"
                   HEIGHT="35.0"
                   ID="region_1718620611636_15"
                   TAGREFS="BT4465">
          <Shape><Polygon POINTS="188 111 425 111 425 76 188 76"/></Shape>
        </TextBlock>
        <TextBlock HPOS="477.0"
                   VPOS="74.0"
                   WIDTH="68.0"
                   HEIGHT="31.0"
                   ID="region_1718620614305_18"
                   TAGREFS="BT4465">
          <Shape><Polygon POINTS="477 105 545 105 545 74 477 74"/></Shape>
        </TextBlock>
        <TextBlock HPOS="72.0"
                   VPOS="122.0"
                   WIDTH="482.0"
                   HEIGHT="221.0"
                   ID="region_1718620619409_21"
                   TAGREFS="BT4465">
          <Shape><Polygon POINTS="75 343 546 342 554 122 72 122"/></Shape>
        </TextBlock>
        <TextBlock HPOS="83.0"
                   VPOS="355.0"
                   WIDTH="467.0"
                   HEIGHT="192.0"
                   ID="region_1718620644033_25"
                   TAGREFS="BT4465">
          <Shape><Polygon POINTS="96 542 541 547 550 355 83 355"/></Shape>
        </TextBlock>
        <TextBlock HPOS="287.0"
                   VPOS="554.0"
                   WIDTH="53.0"
                   HEIGHT="30.0"
                   ID="region_1718620648441_28"
                   TAGREFS="BT4465">
          <Shape><Polygon POINTS="287 584 340 584 340 554 287 554"/></Shape>
        </TextBlock>
        <TextBlock HPOS="473.0"
                   VPOS="552.0"
                   WIDTH="71.0"
                   HEIGHT="33.0"
                   ID="region_1718620651266_31"
                   TAGREFS="BT4465">
          <Shape><Polygon POINTS="473 585 544 585 542 560 477 552"/></Shape>
        </TextBlock>
        <TextBlock HPOS="95.0"
                   VPOS="599.0"
                   WIDTH="458.0"
                   HEIGHT="110.0"
                   ID="region_1718620657866_34"
                   TAGREFS="BT4466">
          <Shape><Polygon POINTS="95 709 552 705 553 599 96 599"/></Shape>
        </TextBlock>
        <TextBlock HPOS="91.0"
                   VPOS="719.0"
                   WIDTH="458.0"
                   HEIGHT="244.0"
                   ID="region_1718620662770_37"
                   TAGREFS="BT4466">
          <Shape><Polygon POINTS="91 963 549 963 549 719 91 719"/></Shape>
        </TextBlock>
      </PrintSpace>
    </Page>
  </Layout>
</alto>
