<mets xmlns="http://www.loc.gov/METS/" xmlns:xlink="http://www.w3.org/1999/xlink">
  <fileSec>
    
    <fileGrp USE="export">
      
        <file ID="export1">
          <FLocat xlink:href="1775-Saemmtliche_Poetische_Werke_Schmieder_Bd_1_VD18_90914260_NEU-023.xml"/>
        </file>
      
        <file ID="export2">
          <FLocat xlink:href="1775-Saemmtliche_Poetische_Werke_Schmieder_Bd_1_VD18_90914260_NEU-040.xml"/>
        </file>
      
        <file ID="export3">
          <FLocat xlink:href="1775-Saemmtliche_Poetische_Werke_Schmieder_Bd_1_VD18_90914260_NEU-089.xml"/>
        </file>
      
        <file ID="export4">
          <FLocat xlink:href="1775-Saemmtliche_Poetische_Werke_Schmieder_Bd_2_VD18_90914287_NEU-047.xml"/>
        </file>
      
        <file ID="export5">
          <FLocat xlink:href="1775-Saemmtliche_Poetische_Werke_Schmieder_Bd_2_VD18_90914287_NEU-069.xml"/>
        </file>
      
        <file ID="export6">
          <FLocat xlink:href="1775-Saemmtliche_Poetische_Werke_Schmieder_Bd_2_VD18_90914287_NEU-181.xml"/>
        </file>
      
        <file ID="export7">
          <FLocat xlink:href="1775-Saemmtliche_Poetische_Werke_Schmieder_Bd_2_VD18_90914287_NEU-228.xml"/>
        </file>
      
        <file ID="export8">
          <FLocat xlink:href="1775-Saemmtliche_Poetische_Werke_Schmieder_Bd_3_VD18_90914295_NEU-004.xml"/>
        </file>
      
        <file ID="export9">
          <FLocat xlink:href="1775-Saemmtliche_Poetische_Werke_Schmieder_Bd_3_VD18_90914295_NEU-170.xml"/>
        </file>
      
        <file ID="export10">
          <FLocat xlink:href="1775-Saemmtliche_Poetische_Werke_Schmieder_Bd_3_VD18_90914295_NEU-197.xml"/>
        </file>
      
    </fileGrp>
  </fileSec>
  <structMap TYPE="physical">
    <div TYPE="document">
      
      <div TYPE="page">
        
        <fptr FILEID="export1"/>
      </div>
      
      <div TYPE="page">
        
        <fptr FILEID="export2"/>
      </div>
      
      <div TYPE="page">
        
        <fptr FILEID="export3"/>
      </div>
      
      <div TYPE="page">
        
        <fptr FILEID="export4"/>
      </div>
      
      <div TYPE="page">
        
        <fptr FILEID="export5"/>
      </div>
      
      <div TYPE="page">
        
        <fptr FILEID="export6"/>
      </div>
      
      <div TYPE="page">
        
        <fptr FILEID="export7"/>
      </div>
      
      <div TYPE="page">
        
        <fptr FILEID="export8"/>
      </div>
      
      <div TYPE="page">
        
        <fptr FILEID="export9"/>
      </div>
      
      <div TYPE="page">
        
        <fptr FILEID="export10"/>
      </div>
      
    </div>
  </structMap>
</mets>
