<?xml version="1.0" encoding="UTF-8"?>
<alto xmlns:xsi="http://www.w3.org/2001/XMLSchema-instance"
      xmlns="http://www.loc.gov/standards/alto/ns-v4#"
      xmlns:xs="http://www.w3.org/2001/XMLSchema"
      xmlns:xd="http://www.oxygenxml.com/ns/doc/xsl"
      xmlns:page="http://schema.primaresearch.org/PAGE/gts/pagecontent/2013-07-15"
      xmlns:map="http://www.w3.org/2005/xpath-functions/map"
      xmlns:local="local"
      xsi:schemaLocation="http://www.loc.gov/standards/alto/ns-v4# https://www.loc.gov/standards/alto/v4/alto.xsd">
   <Description>
      <MeasurementUnit>pixel</MeasurementUnit>
      <sourceImageInformation>
         <fileName>1770,_Saemmtliche_Poetische_Werke,_Trattner,_VD18_12002895_Seite_011_Bild_0001.jpg</fileName>
      </sourceImageInformation>
      <Processing ID="IdOcr">
         <processingDateTime>2024-06-25T17:27:21.993+02:00</processingDateTime>
         <processingSoftware>
            <softwareCreator>READ COOP</softwareCreator>
            <softwareName>Transkribus</softwareName>
         </processingSoftware>
      </Processing>
   </Description>
   <Layout>
      <Page ID="Page1" PHYSICAL_IMG_NR="1" HEIGHT="1747" WIDTH="1136">
         <TopMargin HEIGHT="0" WIDTH="1136" VPOS="0" HPOS="0"/>
         <LeftMargin HEIGHT="1747" WIDTH="0" VPOS="0" HPOS="0"/>
         <RightMargin HEIGHT="1747" WIDTH="0" VPOS="0" HPOS="1136"/>
         <BottomMargin HEIGHT="0" WIDTH="1136" VPOS="1747" HPOS="0"/>
         <PrintSpace HEIGHT="1747" WIDTH="1136" VPOS="0" HPOS="0">
            <TextBlock ID="region_1719302830194_12"
                       HEIGHT="82"
                       WIDTH="672"
                       VPOS="524"
                       HPOS="96">
               <Shape>
                  <Polygon POINTS="96,524 768,524 768,606 96,606"/>
               </Shape>
            </TextBlock>
            <TextBlock ID="region_1719302836213_15"
                       HEIGHT="113"
                       WIDTH="112"
                       VPOS="702"
                       HPOS="93">
               <Shape>
                  <Polygon POINTS="93,702 205,702 205,815 93,815"/>
               </Shape>
            </TextBlock>
            <TextBlock ID="region_1719302846994_18"
                       HEIGHT="734"
                       WIDTH="673"
                       VPOS="683"
                       HPOS="93">
               <Shape>
                  <Polygon POINTS="766,683 210,687 211,822 93,823 93,1417 766,1417"/>
               </Shape>
            </TextBlock>
            <TextBlock ID="region_1719302851243_21"
                       HEIGHT="59"
                       WIDTH="94"
                       VPOS="1425"
                       HPOS="363">
               <Shape>
                  <Polygon POINTS="363,1425 457,1425 457,1484 363,1484"/>
               </Shape>
            </TextBlock>
            <TextBlock ID="region_1719302858171_24"
                       HEIGHT="66"
                       WIDTH="103"
                       VPOS="1421"
                       HPOS="613">
               <Shape>
                  <Polygon POINTS="613,1421 716,1421 716,1487 613,1487"/>
               </Shape>
            </TextBlock>
            <Illustration ID="Graphic_1719302908165_30"
                          HEIGHT="255"
                          WIDTH="718"
                          VPOS="160"
                          HPOS="72"/>
         </PrintSpace>
      </Page>
   </Layout>
</alto>
