<?xml version="1.0" encoding="UTF-8"?>
<alto xmlns:xsi="http://www.w3.org/2001/XMLSchema-instance"
      xmlns="http://www.loc.gov/standards/alto/ns-v4#"
      xmlns:xs="http://www.w3.org/2001/XMLSchema"
      xmlns:xd="http://www.oxygenxml.com/ns/doc/xsl"
      xmlns:page="http://schema.primaresearch.org/PAGE/gts/pagecontent/2013-07-15"
      xmlns:map="http://www.w3.org/2005/xpath-functions/map"
      xmlns:local="local"
      xsi:schemaLocation="http://www.loc.gov/standards/alto/ns-v4# https://www.loc.gov/standards/alto/v4/alto.xsd">
   <Description>
      <MeasurementUnit>pixel</MeasurementUnit>
      <sourceImageInformation>
         <fileName>1770,_Saemmtliche_Poetische_Werke,_Trattner,_VD18_12002895_Seite_378_Bild_0001.jpg</fileName>
      </sourceImageInformation>
      <Processing ID="IdOcr">
         <processingDateTime>2024-06-25T17:27:23.428+02:00</processingDateTime>
         <processingSoftware>
            <softwareCreator>READ COOP</softwareCreator>
            <softwareName>Transkribus</softwareName>
         </processingSoftware>
      </Processing>
   </Description>
   <Layout>
      <Page ID="Page1" PHYSICAL_IMG_NR="6" HEIGHT="1745" WIDTH="1093">
         <TopMargin HEIGHT="0" WIDTH="1093" VPOS="0" HPOS="0"/>
         <LeftMargin HEIGHT="1745" WIDTH="0" VPOS="0" HPOS="0"/>
         <RightMargin HEIGHT="1745" WIDTH="0" VPOS="0" HPOS="1093"/>
         <BottomMargin HEIGHT="0" WIDTH="1093" VPOS="1745" HPOS="0"/>
         <PrintSpace HEIGHT="1745" WIDTH="1093" VPOS="0" HPOS="0">
            <TextBlock ID="region_1719312796316_365"
                       HEIGHT="49"
                       WIDTH="55"
                       VPOS="190"
                       HPOS="369">
               <Shape>
                  <Polygon POINTS="369,190 424,190 424,239 369,239"/>
               </Shape>
            </TextBlock>
            <TextBlock ID="region_1719312804183_368"
                       HEIGHT="56"
                       WIDTH="434"
                       VPOS="183"
                       HPOS="487">
               <Shape>
                  <Polygon POINTS="487,239 921,239 921,183 487,183"/>
               </Shape>
            </TextBlock>
            <TextBlock ID="region_1719312811141_371"
                       HEIGHT="293"
                       WIDTH="678"
                       VPOS="251"
                       HPOS="363">
               <Shape>
                  <Polygon POINTS="363,251 1041,251 1041,544 363,544"/>
               </Shape>
            </TextBlock>
            <TextBlock ID="region_1719312840751_377"
                       HEIGHT="284"
                       WIDTH="681"
                       VPOS="624"
                       HPOS="364">
               <Shape>
                  <Polygon POINTS="364,624 1045,624 1045,908 364,908"/>
               </Shape>
            </TextBlock>
            <TextBlock ID="region_1719312862366_383"
                       HEIGHT="110"
                       WIDTH="670"
                       VPOS="1016"
                       HPOS="375">
               <Shape>
                  <Polygon POINTS="375,1016 1045,1016 1045,1126 375,1126"/>
               </Shape>
            </TextBlock>
            <TextBlock ID="region_1719312868753_386"
                       HEIGHT="66"
                       WIDTH="58"
                       VPOS="1161"
                       HPOS="370">
               <Shape>
                  <Polygon POINTS="370,1161 428,1161 428,1227 370,1227"/>
               </Shape>
            </TextBlock>
            <TextBlock ID="region_1719312872936_389"
                       HEIGHT="122"
                       WIDTH="689"
                       VPOS="1185"
                       HPOS="365">
               <Shape>
                  <Polygon POINTS="365,1230 430,1230 430,1186 1054,1185 1054,1307 365,1307"/>
               </Shape>
            </TextBlock>
            <TextBlock ID="region_1719312879554_392"
                       HEIGHT="47"
                       WIDTH="81"
                       VPOS="1338"
                       HPOS="922">
               <Shape>
                  <Polygon POINTS="922,1338 1003,1338 1003,1385 922,1385"/>
               </Shape>
            </TextBlock>
            <TextBlock ID="region_1719312885264_395"
                       HEIGHT="110"
                       WIDTH="611"
                       VPOS="1419"
                       HPOS="438">
               <Shape>
                  <Polygon POINTS="438,1419 1049,1419 1049,1529 438,1529"/>
               </Shape>
            </TextBlock>
            <GraphicalElement ID="Separator_1719312852366_380"
                              HEIGHT="51"
                              WIDTH="670"
                              VPOS="943"
                              HPOS="367"/>
            <Illustration ID="Graphic_1719312825289_374"
                          HEIGHT="58"
                          WIDTH="56"
                          VPOS="558"
                          HPOS="678"/>
         </PrintSpace>
      </Page>
   </Layout>
</alto>
