<?xml version="1.0" encoding="UTF-8"?>
<alto xmlns:xsi="http://www.w3.org/2001/XMLSchema-instance"
      xmlns="http://www.loc.gov/standards/alto/ns-v4#"
      xmlns:xs="http://www.w3.org/2001/XMLSchema"
      xmlns:xd="http://www.oxygenxml.com/ns/doc/xsl"
      xmlns:page="http://schema.primaresearch.org/PAGE/gts/pagecontent/2013-07-15"
      xmlns:map="http://www.w3.org/2005/xpath-functions/map"
      xmlns:local="local"
      xsi:schemaLocation="http://www.loc.gov/standards/alto/ns-v4# https://www.loc.gov/standards/alto/v4/alto.xsd">
   <Description>
      <MeasurementUnit>pixel</MeasurementUnit>
      <sourceImageInformation>
         <fileName>1770,_Saemmtliche_Poetische_Werke,_Trattner,_VD18_12002895_Seite_154_Bild_0001.jpg</fileName>
      </sourceImageInformation>
      <Processing ID="IdOcr">
         <processingDateTime>2024-06-25T17:27:22.825+02:00</processingDateTime>
         <processingSoftware>
            <softwareCreator>READ COOP</softwareCreator>
            <softwareName>Transkribus</softwareName>
         </processingSoftware>
      </Processing>
   </Description>
   <Layout>
      <Page ID="Page1" PHYSICAL_IMG_NR="4" HEIGHT="1738" WIDTH="1004">
         <TopMargin HEIGHT="0" WIDTH="1004" VPOS="0" HPOS="0"/>
         <LeftMargin HEIGHT="1738" WIDTH="0" VPOS="0" HPOS="0"/>
         <RightMargin HEIGHT="1738" WIDTH="0" VPOS="0" HPOS="1004"/>
         <BottomMargin HEIGHT="0" WIDTH="1004" VPOS="1738" HPOS="0"/>
         <PrintSpace HEIGHT="1738" WIDTH="1004" VPOS="0" HPOS="0">
            <TextBlock ID="region_1719311758707_156"
                       HEIGHT="30"
                       WIDTH="69"
                       VPOS="159"
                       HPOS="257">
               <Shape>
                  <Polygon POINTS="257,159 326,159 326,189 257,189"/>
               </Shape>
            </TextBlock>
            <TextBlock ID="region_1719311764671_159"
                       HEIGHT="53"
                       WIDTH="347"
                       VPOS="149"
                       HPOS="411">
               <Shape>
                  <Polygon POINTS="411,202 758,202 758,149 411,149"/>
               </Shape>
            </TextBlock>
            <TextBlock ID="region_1719311780406_162"
                       HEIGHT="430"
                       WIDTH="694"
                       VPOS="218"
                       HPOS="235">
               <Shape>
                  <Polygon POINTS="235,218 929,218 929,648 235,648"/>
               </Shape>
            </TextBlock>
            <TextBlock ID="region_1719311788804_165"
                       HEIGHT="92"
                       WIDTH="634"
                       VPOS="672"
                       HPOS="279">
               <Shape>
                  <Polygon POINTS="281,672 913,672 911,764 279,764"/>
               </Shape>
            </TextBlock>
            <TextBlock ID="region_1719311794380_168"
                       HEIGHT="40"
                       WIDTH="99"
                       VPOS="766"
                       HPOS="785">
               <Shape>
                  <Polygon POINTS="785,806 884,806 884,766 785,766"/>
               </Shape>
            </TextBlock>
            <TextBlock ID="region_1719311805784_171"
                       HEIGHT="692"
                       WIDTH="696"
                       VPOS="815"
                       HPOS="252">
               <Shape>
                  <Polygon POINTS="252,815 947,815 948,1507 253,1507"/>
               </Shape>
            </TextBlock>
            <TextBlock ID="region_1719311832049_177"
                       HEIGHT="260"
                       WIDTH="612"
                       VPOS="839"
                       HPOS="313">
               <Shape>
                  <Polygon POINTS="313,1099 925,1099 925,839 313,839"/>
               </Shape>
            </TextBlock>
            <TextBlock ID="region_1719311836745_180"
                       HEIGHT="395"
                       WIDTH="641"
                       VPOS="1103"
                       HPOS="272">
               <Shape>
                  <Polygon POINTS="272,1103 913,1103 913,1498 272,1498"/>
               </Shape>
            </TextBlock>
         </PrintSpace>
      </Page>
   </Layout>
</alto>
