<?xml version="1.0" encoding="UTF-8"?>
<alto xmlns:xsi="http://www.w3.org/2001/XMLSchema-instance"
      xmlns="http://www.loc.gov/standards/alto/ns-v4#"
      xmlns:xs="http://www.w3.org/2001/XMLSchema"
      xmlns:xd="http://www.oxygenxml.com/ns/doc/xsl"
      xmlns:page="http://schema.primaresearch.org/PAGE/gts/pagecontent/2013-07-15"
      xmlns:map="http://www.w3.org/2005/xpath-functions/map"
      xmlns:local="local"
      xsi:schemaLocation="http://www.loc.gov/standards/alto/ns-v4# https://www.loc.gov/standards/alto/v4/alto.xsd">
   <Description>
      <MeasurementUnit>pixel</MeasurementUnit>
      <sourceImageInformation>
         <fileName>1770,_Saemmtliche_Poetische_Werke,_Trattner,_VD18_12002895_Seite_019_Bild_0001.jpg</fileName>
      </sourceImageInformation>
      <Processing ID="IdOcr">
         <processingDateTime>2024-06-25T17:27:22.317+02:00</processingDateTime>
         <processingSoftware>
            <softwareCreator>READ COOP</softwareCreator>
            <softwareName>Transkribus</softwareName>
         </processingSoftware>
      </Processing>
   </Description>
   <Layout>
      <Page ID="Page1" PHYSICAL_IMG_NR="2" HEIGHT="1745" WIDTH="1096">
         <TopMargin HEIGHT="0" WIDTH="1096" VPOS="0" HPOS="0"/>
         <LeftMargin HEIGHT="1745" WIDTH="0" VPOS="0" HPOS="0"/>
         <RightMargin HEIGHT="1745" WIDTH="0" VPOS="0" HPOS="1096"/>
         <BottomMargin HEIGHT="0" WIDTH="1096" VPOS="1745" HPOS="0"/>
         <PrintSpace HEIGHT="1745" WIDTH="1096" VPOS="0" HPOS="0">
            <TextBlock ID="region_1719303017878_50"
                       HEIGHT="50"
                       WIDTH="482"
                       VPOS="170"
                       HPOS="122">
               <Shape>
                  <Polygon POINTS="122,170 604,170 604,220 122,220"/>
               </Shape>
            </TextBlock>
            <TextBlock ID="region_1719303023624_53"
                       HEIGHT="187"
                       WIDTH="679"
                       VPOS="249"
                       HPOS="36">
               <Shape>
                  <Polygon POINTS="36,249 715,249 715,390 456,390 457,433 36,436"/>
               </Shape>
            </TextBlock>
            <TextBlock ID="region_1719303031808_56"
                       HEIGHT="54"
                       WIDTH="125"
                       VPOS="426"
                       HPOS="545">
               <Shape>
                  <Polygon POINTS="545,480 670,480 670,426 545,426"/>
               </Shape>
            </TextBlock>
            <TextBlock ID="region_1719303553289_81"
                       HEIGHT="989"
                       WIDTH="669"
                       VPOS="495"
                       HPOS="63">
               <Shape>
                  <Polygon POINTS="63,1484 732,1484 732,495 63,495"/>
               </Shape>
            </TextBlock>
            <TextBlock ID="region_1719303040224_59"
                       HEIGHT="176"
                       WIDTH="641"
                       VPOS="504"
                       HPOS="77">
               <Shape>
                  <Polygon POINTS="77,504 718,504 718,680 77,680"/>
               </Shape>
            </TextBlock>
            <TextBlock ID="region_1719303060179_62"
                       HEIGHT="786"
                       WIDTH="648"
                       VPOS="701"
                       HPOS="76">
               <Shape>
                  <Polygon POINTS="724,703 76,701 76,1485 724,1487"/>
               </Shape>
            </TextBlock>
            <TextBlock ID="region_1719303068682_65"
                       HEIGHT="35"
                       WIDTH="38"
                       VPOS="1490"
                       HPOS="661">
               <Shape>
                  <Polygon POINTS="661,1490 699,1490 699,1525 661,1525"/>
               </Shape>
            </TextBlock>
         </PrintSpace>
      </Page>
   </Layout>
</alto>
