<?xml version="1.0" encoding="UTF-8"?>
<alto xmlns:xsi="http://www.w3.org/2001/XMLSchema-instance"
      xmlns="http://www.loc.gov/standards/alto/ns-v4#"
      xmlns:xs="http://www.w3.org/2001/XMLSchema"
      xmlns:xd="http://www.oxygenxml.com/ns/doc/xsl"
      xmlns:page="http://schema.primaresearch.org/PAGE/gts/pagecontent/2013-07-15"
      xmlns:map="http://www.w3.org/2005/xpath-functions/map"
      xmlns:local="local"
      xsi:schemaLocation="http://www.loc.gov/standards/alto/ns-v4# https://www.loc.gov/standards/alto/v4/alto.xsd">
   <Description>
      <MeasurementUnit>pixel</MeasurementUnit>
      <sourceImageInformation>
         <fileName>1770,_Saemmtliche_Poetische_Werke,_Trattner,_VD18_12002895_Seite_215_Bild_0001.jpg</fileName>
      </sourceImageInformation>
      <Processing ID="IdOcr">
         <processingDateTime>2024-06-25T17:27:23.144+02:00</processingDateTime>
         <processingSoftware>
            <softwareCreator>READ COOP</softwareCreator>
            <softwareName>Transkribus</softwareName>
         </processingSoftware>
      </Processing>
   </Description>
   <Layout>
      <Page ID="Page1" PHYSICAL_IMG_NR="5" HEIGHT="1741" WIDTH="1031">
         <TopMargin HEIGHT="0" WIDTH="1031" VPOS="0" HPOS="0"/>
         <LeftMargin HEIGHT="1741" WIDTH="0" VPOS="0" HPOS="0"/>
         <RightMargin HEIGHT="1741" WIDTH="0" VPOS="0" HPOS="1031"/>
         <BottomMargin HEIGHT="0" WIDTH="1031" VPOS="1741" HPOS="0"/>
         <PrintSpace HEIGHT="1741" WIDTH="1031" VPOS="0" HPOS="0">
            <TextBlock ID="region_1719312311056_220"
                       HEIGHT="55"
                       WIDTH="443"
                       VPOS="162"
                       HPOS="121">
               <Shape>
                  <Polygon POINTS="121,162 564,162 564,217 121,217"/>
               </Shape>
            </TextBlock>
            <TextBlock ID="region_1719312314507_223"
                       HEIGHT="52"
                       WIDTH="70"
                       VPOS="166"
                       HPOS="607">
               <Shape>
                  <Polygon POINTS="607,166 677,166 677,218 607,218"/>
               </Shape>
            </TextBlock>
            <TextBlock ID="region_1719312318934_226"
                       HEIGHT="65"
                       WIDTH="426"
                       VPOS="243"
                       HPOS="141">
               <Shape>
                  <Polygon POINTS="141,243 567,243 567,308 141,308"/>
               </Shape>
            </TextBlock>
            <TextBlock ID="region_1719312459235_265"
                       HEIGHT="68"
                       WIDTH="69"
                       VPOS="295"
                       HPOS="12">
               <Shape>
                  <Polygon POINTS="18,295 81,295 80,363 12,363"/>
               </Shape>
            </TextBlock>
            <TextBlock ID="region_1719312334851_229"
                       HEIGHT="456"
                       WIDTH="682"
                       VPOS="319"
                       HPOS="15">
               <Shape>
                  <Polygon POINTS="15,369 15,775 697,775 697,319 83,319 82,367"/>
               </Shape>
            </TextBlock>
            <TextBlock ID="region_1719312378443_235"
                       HEIGHT="71"
                       WIDTH="458"
                       VPOS="881"
                       HPOS="118">
               <Shape>
                  <Polygon POINTS="118,881 576,881 576,952 118,952"/>
               </Shape>
            </TextBlock>
            <TextBlock ID="region_1719312468453_268"
                       HEIGHT="68"
                       WIDTH="69"
                       VPOS="945"
                       HPOS="22">
               <Shape>
                  <Polygon POINTS="22,945 91,945 91,1013 22,1013"/>
               </Shape>
            </TextBlock>
            <TextBlock ID="region_1719312388899_238"
                       HEIGHT="162"
                       WIDTH="660"
                       VPOS="975"
                       HPOS="29">
               <Shape>
                  <Polygon POINTS="29,1020 92,1019 95,975 689,975 689,1137 29,1137"/>
               </Shape>
            </TextBlock>
            <TextBlock ID="region_1719312393122_241"
                       HEIGHT="39"
                       WIDTH="61"
                       VPOS="1136"
                       HPOS="589">
               <Shape>
                  <Polygon POINTS="589,1136 650,1136 650,1175 589,1175"/>
               </Shape>
            </TextBlock>
            <TextBlock ID="region_1719312401335_244"
                       HEIGHT="342"
                       WIDTH="665"
                       VPOS="1175"
                       HPOS="51">
               <Shape>
                  <Polygon POINTS="51,1175 716,1175 716,1517 51,1517"/>
               </Shape>
            </TextBlock>
            <TextBlock ID="region_1719312407674_247"
                       HEIGHT="193"
                       WIDTH="640"
                       VPOS="1179"
                       HPOS="64">
               <Shape>
                  <Polygon POINTS="64,1179 704,1179 704,1372 64,1372"/>
               </Shape>
            </TextBlock>
            <TextBlock ID="region_1719312417878_250"
                       HEIGHT="33"
                       WIDTH="581"
                       VPOS="1373"
                       HPOS="66">
               <Shape>
                  <Polygon POINTS="66,1373 647,1373 647,1406 66,1406"/>
               </Shape>
            </TextBlock>
            <TextBlock ID="region_1719312424419_253"
                       HEIGHT="101"
                       WIDTH="627"
                       VPOS="1404"
                       HPOS="71">
               <Shape>
                  <Polygon POINTS="71,1404 698,1404 698,1505 71,1505"/>
               </Shape>
            </TextBlock>
            <GraphicalElement ID="Separator_1719312372781_232"
                              HEIGHT="52"
                              WIDTH="669"
                              VPOS="794"
                              HPOS="19"/>
         </PrintSpace>
      </Page>
   </Layout>
</alto>
