<?xml version="1.0" encoding="UTF-8"?>
<alto xmlns:xsi="http://www.w3.org/2001/XMLSchema-instance"
      xmlns="http://www.loc.gov/standards/alto/ns-v4#"
      xmlns:xs="http://www.w3.org/2001/XMLSchema"
      xmlns:xd="http://www.oxygenxml.com/ns/doc/xsl"
      xmlns:page="http://schema.primaresearch.org/PAGE/gts/pagecontent/2013-07-15"
      xmlns:map="http://www.w3.org/2005/xpath-functions/map"
      xmlns:local="local"
      xsi:schemaLocation="http://www.loc.gov/standards/alto/ns-v4# https://www.loc.gov/standards/alto/v4/alto.xsd">
   <Description>
      <MeasurementUnit>pixel</MeasurementUnit>
      <sourceImageInformation>
         <fileName>1770,_Saemmtliche_Poetische_Werke,_Trattner,_VD18_12002895_Seite_035_Bild_0001.jpg</fileName>
      </sourceImageInformation>
      <Processing ID="IdOcr">
         <processingDateTime>2024-06-25T17:27:22.562+02:00</processingDateTime>
         <processingSoftware>
            <softwareCreator>READ COOP</softwareCreator>
            <softwareName>Transkribus</softwareName>
         </processingSoftware>
      </Processing>
   </Description>
   <Layout>
      <Page ID="Page1" PHYSICAL_IMG_NR="3" HEIGHT="1744" WIDTH="1074">
         <TopMargin HEIGHT="0" WIDTH="1074" VPOS="0" HPOS="0"/>
         <LeftMargin HEIGHT="1744" WIDTH="0" VPOS="0" HPOS="0"/>
         <RightMargin HEIGHT="1744" WIDTH="0" VPOS="0" HPOS="1074"/>
         <BottomMargin HEIGHT="0" WIDTH="1074" VPOS="1744" HPOS="0"/>
         <PrintSpace HEIGHT="1744" WIDTH="1074" VPOS="0" HPOS="0">
            <TextBlock ID="region_1719303680838_117"
                       HEIGHT="47"
                       WIDTH="287"
                       VPOS="161"
                       HPOS="243">
               <Shape>
                  <Polygon POINTS="243,161 530,161 530,208 243,208"/>
               </Shape>
            </TextBlock>
            <TextBlock ID="region_1719303696263_120"
                       HEIGHT="195"
                       WIDTH="671"
                       VPOS="234"
                       HPOS="47">
               <Shape>
                  <Polygon POINTS="47,234 718,234 718,429 47,429"/>
               </Shape>
            </TextBlock>
            <TextBlock ID="region_1719303703022_123"
                       HEIGHT="146"
                       WIDTH="679"
                       VPOS="433"
                       HPOS="48">
               <Shape>
                  <Polygon POINTS="48,433 727,433 727,579 48,579"/>
               </Shape>
            </TextBlock>
            <TextBlock ID="region_1719303719715_126"
                       HEIGHT="462"
                       WIDTH="670"
                       VPOS="591"
                       HPOS="46">
               <Shape>
                  <Polygon POINTS="46,1053 716,1053 716,591 46,591"/>
               </Shape>
            </TextBlock>
            <TextBlock ID="region_1719303728772_132"
                       HEIGHT="46"
                       WIDTH="84"
                       VPOS="1054"
                       HPOS="337">
               <Shape>
                  <Polygon POINTS="337,1054 421,1054 421,1100 337,1100"/>
               </Shape>
            </TextBlock>
            <TextBlock ID="region_1719303723455_129"
                       HEIGHT="55"
                       WIDTH="70"
                       VPOS="1054"
                       HPOS="605">
               <Shape>
                  <Polygon POINTS="605,1054 675,1054 675,1109 605,1109"/>
               </Shape>
            </TextBlock>
            <TextBlock ID="region_1719304031634_159"
                       HEIGHT="442"
                       WIDTH="718"
                       VPOS="1101"
                       HPOS="27">
               <Shape>
                  <Polygon POINTS="27,1101 745,1101 745,1543 27,1543"/>
               </Shape>
            </TextBlock>
            <TextBlock ID="region_1719303762428_135"
                       HEIGHT="175"
                       WIDTH="696"
                       VPOS="1116"
                       HPOS="38">
               <Shape>
                  <Polygon POINTS="38,1116 734,1116 734,1291 38,1291"/>
               </Shape>
            </TextBlock>
            <TextBlock ID="region_1719304014086_153"
                       HEIGHT="229"
                       WIDTH="699"
                       VPOS="1300"
                       HPOS="38">
               <Shape>
                  <Polygon POINTS="38,1300 737,1300 737,1529 38,1529"/>
               </Shape>
            </TextBlock>
         </PrintSpace>
      </Page>
   </Layout>
</alto>
