<?xml version="1.0" encoding="UTF-8"  standalone="yes"?>
<PcGts xmlns="http://schema.primaresearch.org/PAGE/gts/pagecontent/2019-07-15" xmlns:xsi="http://www.w3.org/2001/XMLSchema-instance" xsi:schemaLocation="http://schema.primaresearch.org/PAGE/gts/pagecontent/2019-07-15 http://schema.primaresearch.org/PAGE/gts/pagecontent/2019-07-15/pagecontent.xsd">
  <Metadata>
	<Creator>escriptorium</Creator>
	<Created>2024-07-13T10:50:19.994040+00:00</Created>
        <LastChange>2024-07-13T10:50:19.994076+00:00</LastChange>
  </Metadata>
  <Page imageFilename="1782,_Poetische_Werke,_Fleischhauer,_Bd._2,_VD18_89276873-001_Seite_328_Bild_0001.jpg" imageWidth="1198" imageHeight="2039">
    <TextRegion id="region_1719326789142_804"  custom="structure {type:header;}">
      <Coords points="761,228 746,160 399,159 408,236"/>
    </TextRegion>
    <TextRegion id="region_1719326783951_801"  custom="structure {type:page-number;}">
      <Coords points="939,239 938,171 1068,174 1056,249"/>
    </TextRegion>
    <TextRegion id="region_1719326797482_807"  custom="structure {type:poem_lg;}">
      <Coords points="150,649 136,249 990,270 1000,517 1075,535 1048,634"/>
    </TextRegion>
    <TextRegion id="region_1719326805943_810"  custom="structure {type:poem_lg;}">
      <Coords points="145,1001 145,785 198,760 1100,758 1073,1008"/>
    </TextRegion>
    <TextRegion id="region_1719326818412_813"  custom="structure {type:poem_lg;}">
      <Coords points="159,1113 1048,1122 983,1793 839,1812 137,1805"/>
    </TextRegion>
    <TextRegion id="region_1719326829322_816"  custom="structure {type:signature-mark;}">
      <Coords points="675,1864 667,1820 629,1816 605,1811 572,1812 583,1859"/>
    </TextRegion>
    <TextRegion id="region_1719326838957_819"  custom="structure {type:catch-word;}">
      <Coords points="937,1858 943,1810 1042,1805 1030,1867"/>
    </TextRegion>
  </Page>
</PcGts>
