<?xml version="1.0" encoding="UTF-8"  standalone="yes"?>
<PcGts xmlns="http://schema.primaresearch.org/PAGE/gts/pagecontent/2019-07-15" xmlns:xsi="http://www.w3.org/2001/XMLSchema-instance" xsi:schemaLocation="http://schema.primaresearch.org/PAGE/gts/pagecontent/2019-07-15 http://schema.primaresearch.org/PAGE/gts/pagecontent/2019-07-15/pagecontent.xsd">
  <Metadata>
	<Creator>escriptorium</Creator>
	<Created>2024-07-13T10:50:16.419434+00:00</Created>
        <LastChange>2024-07-13T10:50:16.419519+00:00</LastChange>
  </Metadata>
  <Page imageFilename="1782,_Poetische_Werke,_Fleischhauer,_Bd._2,_VD18_89276873-001_Seite_029_Bild_0001.jpg" imageWidth="1217" imageHeight="2040">
    <TextRegion id="region_1719324022784_348"  custom="structure {type:page-number;}">
      <Coords points="177,165 258,165 258,109 177,109"/>
    </TextRegion>
    <TextRegion id="region_1719324028001_351"  custom="structure {type:header;}">
      <Coords points="356,170 884,180 884,100 355,100"/>
    </TextRegion>
    <TextRegion id="region_1719324083801_358"  custom="structure {type:endnote;}">
      <Coords points="173,185 1102,194 1060,1772 909,1774 116,1805"/>
    </TextRegion>
    <TextRegion id="region_1719324037163_354"  custom="structure {type:catch-word;}">
      <Coords points="973,1846 1056,1846 1056,1787 973,1787"/>
    </TextRegion>
    <TextRegion id="eSc_textblock_2983bf82"  >
      <Coords points="99,477 99,307 0,307 0,477"/>
    </TextRegion>
    <TextRegion id="eSc_textblock_d7cf94b1"  >
      <Coords points="377,20 377,0 0,0 0,20"/>
    </TextRegion>
  </Page>
</PcGts>
