<?xml version="1.0" encoding="UTF-8"  standalone="yes"?>
<PcGts xmlns="http://schema.primaresearch.org/PAGE/gts/pagecontent/2019-07-15" xmlns:xsi="http://www.w3.org/2001/XMLSchema-instance" xsi:schemaLocation="http://schema.primaresearch.org/PAGE/gts/pagecontent/2019-07-15 http://schema.primaresearch.org/PAGE/gts/pagecontent/2019-07-15/pagecontent.xsd">
  <Metadata>
	<Creator>escriptorium</Creator>
	<Created>2024-07-13T10:50:20.423674+00:00</Created>
        <LastChange>2024-07-13T10:50:20.423703+00:00</LastChange>
  </Metadata>
  <Page imageFilename="1782,_Poetische_Werke,_Fleischhauer,_Bd._2,_VD18_89276873-001_Seite_343_Bild_0001.jpg" imageWidth="1214" imageHeight="2058">
    <TextRegion id="region_1719326924883_838"  custom="structure {type:page-number;}">
      <Coords points="204,174 199,111 320,98 317,177"/>
    </TextRegion>
    <TextRegion id="region_1719326936052_841"  custom="structure {type:header;}">
      <Coords points="385,179 385,109 457,100 930,104 936,180"/>
    </TextRegion>
    <TextRegion id="region_1719326946547_844"  custom="structure {type:poem_lg;}">
      <Coords points="195,427 204,204 548,193 1077,205 1126,317 1082,427"/>
    </TextRegion>
    <TextRegion id="region_1719326971086_847"  custom="structure {type:poem_lg;}">
      <Coords points="201,541 1100,538 1150,1177 1110,1749 991,1776 844,1788 153,1807 174,884"/>
    </TextRegion>
    <TextRegion id="region_1719326997310_851"  custom="structure {type:catch-word;}">
      <Coords points="990,1826 991,1783 1032,1778 1076,1793 1076,1831"/>
    </TextRegion>
  </Page>
</PcGts>
