<?xml version="1.0" encoding="UTF-8"  standalone="yes"?>
<PcGts xmlns="http://schema.primaresearch.org/PAGE/gts/pagecontent/2019-07-15" xmlns:xsi="http://www.w3.org/2001/XMLSchema-instance" xsi:schemaLocation="http://schema.primaresearch.org/PAGE/gts/pagecontent/2019-07-15 http://schema.primaresearch.org/PAGE/gts/pagecontent/2019-07-15/pagecontent.xsd">
  <Metadata>
	<Creator>escriptorium</Creator>
	<Created>2024-07-13T10:50:18.925905+00:00</Created>
        <LastChange>2024-07-13T10:50:18.925941+00:00</LastChange>
  </Metadata>
  <Page imageFilename="1782,_Poetische_Werke,_Fleischhauer,_Bd._2,_VD18_89276873-001_Seite_284_Bild_0001.jpg" imageWidth="1208" imageHeight="2037">
    <TextRegion id="region_1719326356177_715"  custom="structure {type:header;}">
      <Coords points="419,179 420,111 751,100 753,174"/>
    </TextRegion>
    <TextRegion id="region_1719326363764_718"  custom="structure {type:page-number;}">
      <Coords points="935,173 933,102 1046,111 1032,178"/>
    </TextRegion>
    <TextRegion id="region_1719326396512_721"  custom="structure {type:endnote;}">
      <Coords points="1068,1759 1065,184 96,191 128,1763"/>
    </TextRegion>
    <TextRegion id="region_1719326405667_724"  custom="structure {type:signature-mark;}">
      <Coords points="551,1853 549,1783 661,1782 660,1854"/>
    </TextRegion>
    <TextRegion id="region_1719326412019_727"  custom="structure {type:catch-word;}">
      <Coords points="929,1835 930,1774 1039,1774 1032,1841"/>
    </TextRegion>
  </Page>
</PcGts>
