<?xml version="1.0" encoding="UTF-8"?>
<alto xmlns:xsi="http://www.w3.org/2001/XMLSchema-instance"
      xmlns="http://www.loc.gov/standards/alto/ns-v4#"
      xsi:schemaLocation="http://www.loc.gov/standards/alto/ns-v4# http://www.loc.gov/standards/alto/v4/alto-4-2.xsd">
  <Description>
    <MeasurementUnit>pixel</MeasurementUnit>
    <sourceImageInformation>
      <fileName>1793,_Saemmtliche_Poetische_Werke,_Schraembl,_Bd._3,_VD18_90245903_Seite_180_Bild_0001.jpg</fileName>
      <fileIdentifier>mets//export_doc3108_lena_alto_202503291248.zip/1793,_Saemmtliche_Poetische_Werke,_Schraembl,_Bd._3,_VD18_90245903_Seite_180_Bild_0001.jpg</fileIdentifier>
    </sourceImageInformation>
  </Description>
  <Tags>
    <OtherTag ID="BT1" LABEL="Title" DESCRIPTION="block type Title"/><OtherTag ID="BT2" LABEL="Main" DESCRIPTION="block type Main"/><OtherTag ID="BT3" LABEL="Commentary" DESCRIPTION="block type Commentary"/><OtherTag ID="BT4" LABEL="Illustration" DESCRIPTION="block type Illustration"/><OtherTag ID="BT4244" LABEL="paragraph" DESCRIPTION="block type paragraph"/><OtherTag ID="BT4245" LABEL="footnote" DESCRIPTION="block type footnote"/><OtherTag ID="BT4246" LABEL="heading" DESCRIPTION="block type heading"/><OtherTag ID="BT4247" LABEL="l-column" DESCRIPTION="block type l-column"/><OtherTag ID="BT4248" LABEL="r-column" DESCRIPTION="block type r-column"/><OtherTag ID="BT4249" LABEL="marginalia" DESCRIPTION="block type marginalia"/><OtherTag ID="BT4250" LABEL="signature-mark" DESCRIPTION="block type signature-mark"/><OtherTag ID="BT4251" LABEL="catch-word" DESCRIPTION="block type catch-word"/><OtherTag ID="BT4252" LABEL="endnote" DESCRIPTION="block type endnote"/>
  </Tags>
  <Layout>
    <Page WIDTH="1080"
          HEIGHT="1900"
          PHYSICAL_IMG_NR="111"
          ID="eSc_dummypage_">
      <PrintSpace HPOS="0"
                  VPOS="0"
                  WIDTH="1080"
                  HEIGHT="1900">
        <TextBlock HPOS="706.0"
                   VPOS="193.0"
                   WIDTH="63.0"
                   HEIGHT="38.0"
                   ID="region_1720111617686_33"
                   TAGREFS="BT4244">
          <Shape><Polygon POINTS="706 195 707 230 769 231 769 193"/></Shape>
        </TextBlock>
        <TextBlock HPOS="120.0"
                   VPOS="400.0"
                   WIDTH="615.0"
                   HEIGHT="62.0"
                   ID="region_1720111636529_36"
                   TAGREFS="BT4246">
          <Shape><Polygon POINTS="120 419 120 462 735 455 734 400"/></Shape>
        </TextBlock>
        <TextBlock HPOS="115.0"
                   VPOS="584.0"
                   WIDTH="61.0"
                   HEIGHT="57.0"
                   ID="region_1720111648231_39"
                   TAGREFS="BT4244">
          <Shape><Polygon POINTS="171 640 176 585 115 584 122 641"/></Shape>
        </TextBlock>
        <TextBlock HPOS="64.0"
                   VPOS="593.0"
                   WIDTH="706.0"
                   HEIGHT="309.0"
                   ID="region_1720111674190_42"
                   TAGREFS="BT4244">
          <Shape><Polygon POINTS="78 646 173 646 178 610 732 593 770 883 64 902"/></Shape>
        </TextBlock>
        <TextBlock HPOS="148.0"
                   VPOS="1003.0"
                   WIDTH="570.0"
                   HEIGHT="63.0"
                   ID="region_1720111731590_53"
                   TAGREFS="BT4246">
          <Shape><Polygon POINTS="148 1007 154 1066 718 1063 700 1003"/></Shape>
        </TextBlock>
        <TextBlock HPOS="123.0"
                   VPOS="1176.0"
                   WIDTH="84.0"
                   HEIGHT="63.0"
                   ID="region_1720111738714_56"
                   TAGREFS="BT4244">
          <Shape><Polygon POINTS="207 1183 186 1232 130 1239 123 1176"/></Shape>
        </TextBlock>
        <TextBlock HPOS="59.0"
                   VPOS="1179.0"
                   WIDTH="746.0"
                   HEIGHT="222.0"
                   ID="region_1720111781387_59"
                   TAGREFS="BT4244">
          <Shape><Polygon POINTS="208 1197 196 1214 191 1243 59 1299 107 1401 805 1378 801 1187 416 1179"/></Shape>
        </TextBlock>
      </PrintSpace>
    </Page>
  </Layout>
</alto>
