<?xml version="1.0" encoding="UTF-8"?>
<alto xmlns:xsi="http://www.w3.org/2001/XMLSchema-instance"
      xmlns="http://www.loc.gov/standards/alto/ns-v4#"
      xsi:schemaLocation="http://www.loc.gov/standards/alto/ns-v4# http://www.loc.gov/standards/alto/v4/alto-4-2.xsd">
  <Description>
    <MeasurementUnit>pixel</MeasurementUnit>
    <sourceImageInformation>
      <fileName>1793,_Saemmtliche_Poetische_Werke,_Schraembl,_Bd._3,_VD18_90245903_Seite_203_Bild_0001.jpg</fileName>
      <fileIdentifier>mets//export_doc3108_lena_alto_202503291248.zip/1793,_Saemmtliche_Poetische_Werke,_Schraembl,_Bd._3,_VD18_90245903_Seite_203_Bild_0001.jpg</fileIdentifier>
    </sourceImageInformation>
  </Description>
  <Tags>
    <OtherTag ID="BT1" LABEL="Title" DESCRIPTION="block type Title"/><OtherTag ID="BT2" LABEL="Main" DESCRIPTION="block type Main"/><OtherTag ID="BT3" LABEL="Commentary" DESCRIPTION="block type Commentary"/><OtherTag ID="BT4" LABEL="Illustration" DESCRIPTION="block type Illustration"/><OtherTag ID="BT4244" LABEL="paragraph" DESCRIPTION="block type paragraph"/><OtherTag ID="BT4245" LABEL="footnote" DESCRIPTION="block type footnote"/><OtherTag ID="BT4246" LABEL="heading" DESCRIPTION="block type heading"/><OtherTag ID="BT4247" LABEL="l-column" DESCRIPTION="block type l-column"/><OtherTag ID="BT4248" LABEL="r-column" DESCRIPTION="block type r-column"/><OtherTag ID="BT4249" LABEL="marginalia" DESCRIPTION="block type marginalia"/><OtherTag ID="BT4250" LABEL="signature-mark" DESCRIPTION="block type signature-mark"/><OtherTag ID="BT4251" LABEL="catch-word" DESCRIPTION="block type catch-word"/><OtherTag ID="BT4252" LABEL="endnote" DESCRIPTION="block type endnote"/>
  </Tags>
  <Layout>
    <Page WIDTH="1060"
          HEIGHT="1900"
          PHYSICAL_IMG_NR="114"
          ID="eSc_dummypage_">
      <PrintSpace HPOS="0"
                  VPOS="0"
                  WIDTH="1060"
                  HEIGHT="1900">
        <TextBlock HPOS="304.0"
                   VPOS="179.0"
                   WIDTH="86.0"
                   HEIGHT="47.0"
                   ID="region_1718561381745_497"
                   TAGREFS="BT4244">
          <Shape><Polygon POINTS="304 226 388 216 390 179 304 179"/></Shape>
        </TextBlock>
        <TextBlock HPOS="281.0"
                   VPOS="331.0"
                   WIDTH="740.0"
                   HEIGHT="545.0"
                   ID="region_1718561418009_506"
                   TAGREFS="BT4246">
          <Shape><Polygon POINTS="281 876 1021 876 1021 331 281 331"/></Shape>
        </TextBlock>
        <TextBlock HPOS="347.0"
                   VPOS="883.0"
                   WIDTH="45.0"
                   HEIGHT="67.0"
                   ID="region_1718561428969_509"
                   TAGREFS="BT4244">
          <Shape><Polygon POINTS="392 941 351 950 347 883 392 889"/></Shape>
        </TextBlock>
        <TextBlock HPOS="306.0"
                   VPOS="918.0"
                   WIDTH="705.0"
                   HEIGHT="409.0"
                   ID="region_1718561463385_514"
                   TAGREFS="BT4244">
          <Shape><Polygon POINTS="308 959 394 958 394 925 397 918 1011 919 1011 1323 306 1327"/></Shape>
        </TextBlock>
      </PrintSpace>
    </Page>
  </Layout>
</alto>
