<?xml version="1.0" encoding="UTF-8"?>
<alto xmlns:xsi="http://www.w3.org/2001/XMLSchema-instance"
      xmlns="http://www.loc.gov/standards/alto/ns-v4#"
      xsi:schemaLocation="http://www.loc.gov/standards/alto/ns-v4# http://www.loc.gov/standards/alto/v4/alto-4-2.xsd">
  <Description>
    <MeasurementUnit>pixel</MeasurementUnit>
    <sourceImageInformation>
      <fileName>1793,_Saemmtliche_Poetische_Werke,_Schraembl,_Bd._3,_VD18_90245903_Seite_202_Bild_0001.jpg</fileName>
      <fileIdentifier>mets//export_doc3108_lena_alto_202503291248.zip/1793,_Saemmtliche_Poetische_Werke,_Schraembl,_Bd._3,_VD18_90245903_Seite_202_Bild_0001.jpg</fileIdentifier>
    </sourceImageInformation>
  </Description>
  <Tags>
    <OtherTag ID="BT1" LABEL="Title" DESCRIPTION="block type Title"/><OtherTag ID="BT2" LABEL="Main" DESCRIPTION="block type Main"/><OtherTag ID="BT3" LABEL="Commentary" DESCRIPTION="block type Commentary"/><OtherTag ID="BT4" LABEL="Illustration" DESCRIPTION="block type Illustration"/><OtherTag ID="BT4244" LABEL="paragraph" DESCRIPTION="block type paragraph"/><OtherTag ID="BT4245" LABEL="footnote" DESCRIPTION="block type footnote"/><OtherTag ID="BT4246" LABEL="heading" DESCRIPTION="block type heading"/><OtherTag ID="BT4247" LABEL="l-column" DESCRIPTION="block type l-column"/><OtherTag ID="BT4248" LABEL="r-column" DESCRIPTION="block type r-column"/><OtherTag ID="BT4249" LABEL="marginalia" DESCRIPTION="block type marginalia"/><OtherTag ID="BT4250" LABEL="signature-mark" DESCRIPTION="block type signature-mark"/><OtherTag ID="BT4251" LABEL="catch-word" DESCRIPTION="block type catch-word"/><OtherTag ID="BT4252" LABEL="endnote" DESCRIPTION="block type endnote"/>
  </Tags>
  <Layout>
    <Page WIDTH="1080"
          HEIGHT="1900"
          PHYSICAL_IMG_NR="113"
          ID="eSc_dummypage_">
      <PrintSpace HPOS="0"
                  VPOS="0"
                  WIDTH="1080"
                  HEIGHT="1900">
        <TextBlock HPOS="706.0"
                   VPOS="196.0"
                   WIDTH="66.0"
                   HEIGHT="40.0"
                   ID="region_1720112021283_86"
                   TAGREFS="BT4244">
          <Shape><Polygon POINTS="706 197 707 232 741 236 768 235 772 196"/></Shape>
        </TextBlock>
        <TextBlock HPOS="110.0"
                   VPOS="382.0"
                   WIDTH="671.0"
                   HEIGHT="196.0"
                   ID="region_1720112033353_89"
                   TAGREFS="BT4246">
          <Shape><Polygon POINTS="110 402 110 472 214 493 214 578 692 560 713 490 781 452 778 382"/></Shape>
        </TextBlock>
        <TextBlock HPOS="74.0"
                   VPOS="677.0"
                   WIDTH="736.0"
                   HEIGHT="877.0"
                   ID="region_1720112062757_95"
                   TAGREFS="BT4244">
          <Shape><Polygon POINTS="178 731 180 693 210 683 788 677 810 1554 74 1536 79 768"/></Shape>
        </TextBlock>
        <TextBlock HPOS="121.0"
                   VPOS="666.0"
                   WIDTH="57.0"
                   HEIGHT="61.0"
                   ID="region_1720112043306_92"
                   TAGREFS="BT4244">
          <Shape><Polygon POINTS="176 727 178 670 121 666 122 723"/></Shape>
        </TextBlock>
      </PrintSpace>
    </Page>
  </Layout>
</alto>
