<?xml version="1.0" encoding="UTF-8"?>
<alto xmlns:xsi="http://www.w3.org/2001/XMLSchema-instance"
      xmlns="http://www.loc.gov/standards/alto/ns-v4#"
      xsi:schemaLocation="http://www.loc.gov/standards/alto/ns-v4# http://www.loc.gov/standards/alto/v4/alto-4-2.xsd">
  <Description>
    <MeasurementUnit>pixel</MeasurementUnit>
    <sourceImageInformation>
      <fileName>1793,_Saemmtliche_Poetische_Werke,_Schraembl,_Bd._2,_VD18_9024589X_Seite_145_Bild_0001.jpg</fileName>
      <fileIdentifier>mets//export_doc3108_lena_alto_202503291248.zip/1793,_Saemmtliche_Poetische_Werke,_Schraembl,_Bd._2,_VD18_9024589X_Seite_145_Bild_0001.jpg</fileIdentifier>
    </sourceImageInformation>
  </Description>
  <Tags>
    <OtherTag ID="BT1" LABEL="Title" DESCRIPTION="block type Title"/><OtherTag ID="BT2" LABEL="Main" DESCRIPTION="block type Main"/><OtherTag ID="BT3" LABEL="Commentary" DESCRIPTION="block type Commentary"/><OtherTag ID="BT4" LABEL="Illustration" DESCRIPTION="block type Illustration"/><OtherTag ID="BT4244" LABEL="paragraph" DESCRIPTION="block type paragraph"/><OtherTag ID="BT4245" LABEL="footnote" DESCRIPTION="block type footnote"/><OtherTag ID="BT4246" LABEL="heading" DESCRIPTION="block type heading"/><OtherTag ID="BT4247" LABEL="l-column" DESCRIPTION="block type l-column"/><OtherTag ID="BT4248" LABEL="r-column" DESCRIPTION="block type r-column"/><OtherTag ID="BT4249" LABEL="marginalia" DESCRIPTION="block type marginalia"/><OtherTag ID="BT4250" LABEL="signature-mark" DESCRIPTION="block type signature-mark"/><OtherTag ID="BT4251" LABEL="catch-word" DESCRIPTION="block type catch-word"/><OtherTag ID="BT4252" LABEL="endnote" DESCRIPTION="block type endnote"/>
  </Tags>
  <Layout>
    <Page WIDTH="1096"
          HEIGHT="1912"
          PHYSICAL_IMG_NR="107"
          ID="eSc_dummypage_">
      <PrintSpace HPOS="0"
                  VPOS="0"
                  WIDTH="1096"
                  HEIGHT="1912">
        <TextBlock HPOS="320.0"
                   VPOS="682.0"
                   WIDTH="66.0"
                   HEIGHT="64.0"
                   ID="region_1719231140041_384"
                   TAGREFS="BT4244">
          <Shape><Polygon POINTS="320 746 386 740 386 682 320 682"/></Shape>
        </TextBlock>
        <TextBlock HPOS="318.0"
                   VPOS="368.0"
                   WIDTH="638.0"
                   HEIGHT="260.0"
                   ID="TextRegion_1720024703630_359"
                   TAGREFS="BT4246">
          <Shape><Polygon POINTS="410 368 819 368 956 476 956 628 318 628 318 476"/></Shape>
        </TextBlock>
        <TextBlock HPOS="268.0"
                   VPOS="675.0"
                   WIDTH="721.0"
                   HEIGHT="597.0"
                   ID="region_1719230952070_361"
                   TAGREFS="BT4244">
          <Shape><Polygon POINTS="347 757 280 771 268 1272 989 1272 989 675 388 713 388 745"/></Shape>
        </TextBlock>
        <TextBlock HPOS="274.0"
                   VPOS="1288.0"
                   WIDTH="719.0"
                   HEIGHT="345.0"
                   ID="region_1719230956373_364"
                   TAGREFS="BT4244">
          <Shape><Polygon POINTS="274 1633 993 1633 993 1288 274 1288"/></Shape>
        </TextBlock>
        <TextBlock HPOS="278.0"
                   VPOS="206.0"
                   WIDTH="68.0"
                   HEIGHT="33.0"
                   ID="region_1719230912966_346"
                   TAGREFS="BT4244">
          <Shape><Polygon POINTS="343 236 278 239 278 206 346 206"/></Shape>
        </TextBlock>
      </PrintSpace>
    </Page>
  </Layout>
</alto>
