<?xml version="1.0" encoding="UTF-8"?>
<alto xmlns:xsi="http://www.w3.org/2001/XMLSchema-instance"
      xmlns="http://www.loc.gov/standards/alto/ns-v4#"
      xsi:schemaLocation="http://www.loc.gov/standards/alto/ns-v4# http://www.loc.gov/standards/alto/v4/alto-4-2.xsd">
  <Description>
    <MeasurementUnit>pixel</MeasurementUnit>
    <sourceImageInformation>
      <fileName>1793,_Saemmtliche_Poetische_Werke,_Schraembl,_Bd._4,_VD18_90245911_Seite_034_Bild_0001.jpg</fileName>
      <fileIdentifier>mets//export_doc3108_lena_alto_202503291248.zip/1793,_Saemmtliche_Poetische_Werke,_Schraembl,_Bd._4,_VD18_90245911_Seite_034_Bild_0001.jpg</fileIdentifier>
    </sourceImageInformation>
  </Description>
  <Tags>
    <OtherTag ID="BT1" LABEL="Title" DESCRIPTION="block type Title"/><OtherTag ID="BT2" LABEL="Main" DESCRIPTION="block type Main"/><OtherTag ID="BT3" LABEL="Commentary" DESCRIPTION="block type Commentary"/><OtherTag ID="BT4" LABEL="Illustration" DESCRIPTION="block type Illustration"/><OtherTag ID="BT4244" LABEL="paragraph" DESCRIPTION="block type paragraph"/><OtherTag ID="BT4245" LABEL="footnote" DESCRIPTION="block type footnote"/><OtherTag ID="BT4246" LABEL="heading" DESCRIPTION="block type heading"/><OtherTag ID="BT4247" LABEL="l-column" DESCRIPTION="block type l-column"/><OtherTag ID="BT4248" LABEL="r-column" DESCRIPTION="block type r-column"/><OtherTag ID="BT4249" LABEL="marginalia" DESCRIPTION="block type marginalia"/><OtherTag ID="BT4250" LABEL="signature-mark" DESCRIPTION="block type signature-mark"/><OtherTag ID="BT4251" LABEL="catch-word" DESCRIPTION="block type catch-word"/><OtherTag ID="BT4252" LABEL="endnote" DESCRIPTION="block type endnote"/>
  </Tags>
  <Layout>
    <Page WIDTH="1065"
          HEIGHT="1842"
          PHYSICAL_IMG_NR="119"
          ID="eSc_dummypage_">
      <PrintSpace HPOS="0"
                  VPOS="0"
                  WIDTH="1065"
                  HEIGHT="1842">
        <TextBlock HPOS="667.0"
                   VPOS="196.0"
                   WIDTH="82.0"
                   HEIGHT="33.0"
                   ID="region_1720170449998_972"
                   TAGREFS="BT4244">
          <Shape><Polygon POINTS="672 196 667 225 747 229 749 198"/></Shape>
        </TextBlock>
        <TextBlock HPOS="48.0"
                   VPOS="261.0"
                   WIDTH="717.0"
                   HEIGHT="436.0"
                   ID="region_1720170497842_978"
                   TAGREFS="BT4244">
          <Shape><Polygon POINTS="58 267 48 664 720 697 759 624 765 278 649 272 270 268 128 261"/></Shape>
        </TextBlock>
        <TextBlock HPOS="37.0"
                   VPOS="708.0"
                   WIDTH="718.0"
                   HEIGHT="488.0"
                   ID="region_1720170509038_981"
                   TAGREFS="BT4244">
          <Shape><Polygon POINTS="48 711 37 1158 743 1196 755 719 119 708"/></Shape>
        </TextBlock>
        <TextBlock HPOS="80.0"
                   VPOS="1212.0"
                   WIDTH="648.0"
                   HEIGHT="69.0"
                   ID="region_1720170665125_990"
                   TAGREFS="BT4245">
          <Shape><Polygon POINTS="86 1216 80 1232 83 1262 728 1281 726 1225 191 1212"/></Shape>
        </TextBlock>
        <TextBlock HPOS="81.0"
                   VPOS="1289.0"
                   WIDTH="535.0"
                   HEIGHT="55.0"
                   ID="region_1720170671724_993"
                   TAGREFS="BT4245">
          <Shape><Polygon POINTS="83 1289 81 1334 615 1344 616 1303"/></Shape>
        </TextBlock>
        <TextBlock HPOS="82.0"
                   VPOS="1363.0"
                   WIDTH="656.0"
                   HEIGHT="130.0"
                   ID="region_1720170850157_996"
                   TAGREFS="BT4245">
          <Shape><Polygon POINTS="82 1363 82 1408 111 1483 501 1491 622 1493 697 1490 712 1452 738 1384"/></Shape>
        </TextBlock>
        <TextBlock HPOS="78.0"
                   VPOS="1491.0"
                   WIDTH="651.0"
                   HEIGHT="51.0"
                   ID="region_1720170571765_984"
                   TAGREFS="BT4244">
          <Shape><Polygon POINTS="78 1498 98 1491 150 1495 716 1505 729 1542 80 1526"/></Shape>
        </TextBlock>
      </PrintSpace>
    </Page>
  </Layout>
</alto>
