<?xml version="1.0" encoding="UTF-8"?>
<alto xmlns:xsi="http://www.w3.org/2001/XMLSchema-instance"
      xmlns="http://www.loc.gov/standards/alto/ns-v4#"
      xsi:schemaLocation="http://www.loc.gov/standards/alto/ns-v4# http://www.loc.gov/standards/alto/v4/alto-4-2.xsd">
  <Description>
    <MeasurementUnit>pixel</MeasurementUnit>
    <sourceImageInformation>
      <fileName>1793,_Saemmtliche_Poetische_Werke,_Schraembl,_Bd._3,_VD18_90245903_Seite_322_Bild_0001.jpg</fileName>
      <fileIdentifier>mets//export_doc3108_lena_alto_202503291248.zip/1793,_Saemmtliche_Poetische_Werke,_Schraembl,_Bd._3,_VD18_90245903_Seite_322_Bild_0001.jpg</fileIdentifier>
    </sourceImageInformation>
  </Description>
  <Tags>
    <OtherTag ID="BT1" LABEL="Title" DESCRIPTION="block type Title"/><OtherTag ID="BT2" LABEL="Main" DESCRIPTION="block type Main"/><OtherTag ID="BT3" LABEL="Commentary" DESCRIPTION="block type Commentary"/><OtherTag ID="BT4" LABEL="Illustration" DESCRIPTION="block type Illustration"/><OtherTag ID="BT4244" LABEL="paragraph" DESCRIPTION="block type paragraph"/><OtherTag ID="BT4245" LABEL="footnote" DESCRIPTION="block type footnote"/><OtherTag ID="BT4246" LABEL="heading" DESCRIPTION="block type heading"/><OtherTag ID="BT4247" LABEL="l-column" DESCRIPTION="block type l-column"/><OtherTag ID="BT4248" LABEL="r-column" DESCRIPTION="block type r-column"/><OtherTag ID="BT4249" LABEL="marginalia" DESCRIPTION="block type marginalia"/><OtherTag ID="BT4250" LABEL="signature-mark" DESCRIPTION="block type signature-mark"/><OtherTag ID="BT4251" LABEL="catch-word" DESCRIPTION="block type catch-word"/><OtherTag ID="BT4252" LABEL="endnote" DESCRIPTION="block type endnote"/>
  </Tags>
  <Layout>
    <Page WIDTH="1089"
          HEIGHT="1894"
          PHYSICAL_IMG_NR="116"
          ID="eSc_dummypage_">
      <PrintSpace HPOS="0"
                  VPOS="0"
                  WIDTH="1089"
                  HEIGHT="1894">
        <TextBlock HPOS="747.0"
                   VPOS="200.0"
                   WIDTH="76.0"
                   HEIGHT="46.0"
                   ID="region_1720112318678_117"
                   TAGREFS="BT4244">
          <Shape><Polygon POINTS="748 200 747 232 775 246 823 241 817 205"/></Shape>
        </TextBlock>
        <TextBlock HPOS="122.0"
                   VPOS="284.0"
                   WIDTH="707.0"
                   HEIGHT="956.0"
                   ID="region_1720112395409_126"
                   TAGREFS="BT4244">
          <Shape><Polygon POINTS="123 1236 399 1234 420 1239 444 1239 463 1235 661 1233 666 1238 677 1240 692 1238 703 1234 829 1233 822 285 122 284"/></Shape>
        </TextBlock>
        <TextBlock HPOS="153.0"
                   VPOS="1239.0"
                   WIDTH="664.0"
                   HEIGHT="289.0"
                   ID="region_1720112348517_123"
                   TAGREFS="BT4244">
          <Shape><Polygon POINTS="153 1248 156 1511 817 1528 814 1239 659 1249 619 1241 365 1245 193 1241"/></Shape>
        </TextBlock>
      </PrintSpace>
    </Page>
  </Layout>
</alto>
