<?xml version="1.0" encoding="UTF-8"?>
<alto xmlns:xsi="http://www.w3.org/2001/XMLSchema-instance"
      xmlns="http://www.loc.gov/standards/alto/ns-v4#"
      xsi:schemaLocation="http://www.loc.gov/standards/alto/ns-v4# http://www.loc.gov/standards/alto/v4/alto-4-2.xsd">
  <Description>
    <MeasurementUnit>pixel</MeasurementUnit>
    <sourceImageInformation>
      <fileName>1793,_Saemmtliche_Poetische_Werke,_Schraembl,_Bd._1,_VD18_90245881_Seite_270_Bild_0001.jpg</fileName>
      <fileIdentifier>mets//export_doc3108_lena_alto_202503291248.zip/1793,_Saemmtliche_Poetische_Werke,_Schraembl,_Bd._1,_VD18_90245881_Seite_270_Bild_0001.jpg</fileIdentifier>
    </sourceImageInformation>
  </Description>
  <Tags>
    <OtherTag ID="BT1" LABEL="Title" DESCRIPTION="block type Title"/><OtherTag ID="BT2" LABEL="Main" DESCRIPTION="block type Main"/><OtherTag ID="BT3" LABEL="Commentary" DESCRIPTION="block type Commentary"/><OtherTag ID="BT4" LABEL="Illustration" DESCRIPTION="block type Illustration"/><OtherTag ID="BT4244" LABEL="paragraph" DESCRIPTION="block type paragraph"/><OtherTag ID="BT4245" LABEL="footnote" DESCRIPTION="block type footnote"/><OtherTag ID="BT4246" LABEL="heading" DESCRIPTION="block type heading"/><OtherTag ID="BT4247" LABEL="l-column" DESCRIPTION="block type l-column"/><OtherTag ID="BT4248" LABEL="r-column" DESCRIPTION="block type r-column"/><OtherTag ID="BT4249" LABEL="marginalia" DESCRIPTION="block type marginalia"/><OtherTag ID="BT4250" LABEL="signature-mark" DESCRIPTION="block type signature-mark"/><OtherTag ID="BT4251" LABEL="catch-word" DESCRIPTION="block type catch-word"/><OtherTag ID="BT4252" LABEL="endnote" DESCRIPTION="block type endnote"/>
  </Tags>
  <Layout>
    <Page WIDTH="1008"
          HEIGHT="1876"
          PHYSICAL_IMG_NR="104"
          ID="eSc_dummypage_">
      <PrintSpace HPOS="0"
                  VPOS="0"
                  WIDTH="1008"
                  HEIGHT="1876">
        <TextBlock HPOS="628.0"
                   VPOS="196.0"
                   WIDTH="69.0"
                   HEIGHT="39.0"
                   ID="region_1719230707245_309"
                   TAGREFS="BT4244">
          <Shape><Polygon POINTS="697 235 628 235 628 196 697 196"/></Shape>
        </TextBlock>
        <TextBlock HPOS="13.0"
                   VPOS="274.0"
                   WIDTH="690.0"
                   HEIGHT="498.0"
                   ID="region_1720024251459_274"
                   TAGREFS="BT4245">
          <Shape><Polygon POINTS="17 274 703 275 696 767 331 772 13 768"/></Shape>
        </TextBlock>
        <TextBlock HPOS="15.0"
                   VPOS="773.0"
                   WIDTH="688.0"
                   HEIGHT="89.0"
                   ID="region_1720024261126_277"
                   TAGREFS="BT4245">
          <Shape><Polygon POINTS="15 862 30 773 696 780 703 862"/></Shape>
        </TextBlock>
        <TextBlock HPOS="13.0"
                   VPOS="865.0"
                   WIDTH="702.0"
                   HEIGHT="99.0"
                   ID="region_1720024270770_280"
                   TAGREFS="BT4245">
          <Shape><Polygon POINTS="43 865 702 872 715 964 13 944"/></Shape>
        </TextBlock>
        <TextBlock HPOS="12.0"
                   VPOS="953.0"
                   WIDTH="700.0"
                   HEIGHT="466.0"
                   ID="region_1720024279602_283"
                   TAGREFS="BT4245">
          <Shape><Polygon POINTS="12 953 712 973 708 1419 14 1382"/></Shape>
        </TextBlock>
        <TextBlock HPOS="49.0"
                   VPOS="1413.0"
                   WIDTH="403.0"
                   HEIGHT="47.0"
                   ID="region_1720024283869_286"
                   TAGREFS="BT4245">
          <Shape><Polygon POINTS="49 1460 49 1413 451 1419 452 1455"/></Shape>
        </TextBlock>
        <TextBlock HPOS="42.0"
                   VPOS="1464.0"
                   WIDTH="397.0"
                   HEIGHT="37.0"
                   ID="region_1720024288965_289"
                   TAGREFS="BT4245">
          <Shape><Polygon POINTS="439 1501 439 1466 42 1464 45 1498"/></Shape>
        </TextBlock>
      </PrintSpace>
    </Page>
  </Layout>
</alto>
