<?xml version="1.0" encoding="UTF-8"?>
<alto xmlns:xsi="http://www.w3.org/2001/XMLSchema-instance"
      xmlns="http://www.loc.gov/standards/alto/ns-v4#"
      xsi:schemaLocation="http://www.loc.gov/standards/alto/ns-v4# http://www.loc.gov/standards/alto/v4/alto-4-2.xsd">
  <Description>
    <MeasurementUnit>pixel</MeasurementUnit>
    <sourceImageInformation>
      <fileName>1793,_Saemmtliche_Poetische_Werke,_Schraembl,_Bd._4,_VD18_90245911_Seite_040_Bild_0001.jpg</fileName>
      <fileIdentifier>mets//export_doc3108_lena_alto_202503291248.zip/1793,_Saemmtliche_Poetische_Werke,_Schraembl,_Bd._4,_VD18_90245911_Seite_040_Bild_0001.jpg</fileIdentifier>
    </sourceImageInformation>
  </Description>
  <Tags>
    <OtherTag ID="BT1" LABEL="Title" DESCRIPTION="block type Title"/><OtherTag ID="BT2" LABEL="Main" DESCRIPTION="block type Main"/><OtherTag ID="BT3" LABEL="Commentary" DESCRIPTION="block type Commentary"/><OtherTag ID="BT4" LABEL="Illustration" DESCRIPTION="block type Illustration"/><OtherTag ID="BT4244" LABEL="paragraph" DESCRIPTION="block type paragraph"/><OtherTag ID="BT4245" LABEL="footnote" DESCRIPTION="block type footnote"/><OtherTag ID="BT4246" LABEL="heading" DESCRIPTION="block type heading"/><OtherTag ID="BT4247" LABEL="l-column" DESCRIPTION="block type l-column"/><OtherTag ID="BT4248" LABEL="r-column" DESCRIPTION="block type r-column"/><OtherTag ID="BT4249" LABEL="marginalia" DESCRIPTION="block type marginalia"/><OtherTag ID="BT4250" LABEL="signature-mark" DESCRIPTION="block type signature-mark"/><OtherTag ID="BT4251" LABEL="catch-word" DESCRIPTION="block type catch-word"/><OtherTag ID="BT4252" LABEL="endnote" DESCRIPTION="block type endnote"/>
  </Tags>
  <Layout>
    <Page WIDTH="1065"
          HEIGHT="1842"
          PHYSICAL_IMG_NR="120"
          ID="eSc_dummypage_">
      <PrintSpace HPOS="0"
                  VPOS="0"
                  WIDTH="1065"
                  HEIGHT="1842">
        <TextBlock HPOS="688.0"
                   VPOS="162.0"
                   WIDTH="104.0"
                   HEIGHT="35.0"
                   ID="region_1720171060345_1010"
                   TAGREFS="BT4244">
          <Shape><Polygon POINTS="691 162 688 197 792 195 791 164"/></Shape>
        </TextBlock>
        <TextBlock HPOS="97.0"
                   VPOS="269.0"
                   WIDTH="720.0"
                   HEIGHT="120.0"
                   ID="region_1720171069194_1013"
                   TAGREFS="BT4244">
          <Shape><Polygon POINTS="102 270 97 338 122 382 736 389 817 323 800 269"/></Shape>
        </TextBlock>
        <TextBlock HPOS="130.0"
                   VPOS="413.0"
                   WIDTH="659.0"
                   HEIGHT="106.0"
                   ID="region_1720171075667_1016"
                   TAGREFS="BT4244">
          <Shape><Polygon POINTS="130 413 146 492 325 519 641 519 777 455 789 413"/></Shape>
        </TextBlock>
        <TextBlock HPOS="88.0"
                   VPOS="555.0"
                   WIDTH="724.0"
                   HEIGHT="294.0"
                   ID="region_1720171083942_1019"
                   TAGREFS="BT4244">
          <Shape><Polygon POINTS="88 560 98 832 643 849 803 805 812 555"/></Shape>
        </TextBlock>
        <TextBlock HPOS="81.0"
                   VPOS="871.0"
                   WIDTH="733.0"
                   HEIGHT="626.0"
                   ID="region_1720171091835_1022"
                   TAGREFS="BT4244">
          <Shape><Polygon POINTS="100 872 81 1473 799 1497 814 871"/></Shape>
        </TextBlock>
      </PrintSpace>
    </Page>
  </Layout>
</alto>
