<?xml version="1.0" encoding="UTF-8"?>
<alto xmlns:xsi="http://www.w3.org/2001/XMLSchema-instance"
      xmlns="http://www.loc.gov/standards/alto/ns-v4#"
      xsi:schemaLocation="http://www.loc.gov/standards/alto/ns-v4# http://www.loc.gov/standards/alto/v4/alto-4-2.xsd">
  <Description>
    <MeasurementUnit>pixel</MeasurementUnit>
    <sourceImageInformation>
      <fileName>1793,_Saemmtliche_Poetische_Werke,_Schraembl,_Bd._1,_VD18_90245881_Seite_174_Bild_0001.jpg</fileName>
      <fileIdentifier>mets//export_doc3108_lena_alto_202503291248.zip/1793,_Saemmtliche_Poetische_Werke,_Schraembl,_Bd._1,_VD18_90245881_Seite_174_Bild_0001.jpg</fileIdentifier>
    </sourceImageInformation>
  </Description>
  <Tags>
    <OtherTag ID="BT1" LABEL="Title" DESCRIPTION="block type Title"/><OtherTag ID="BT2" LABEL="Main" DESCRIPTION="block type Main"/><OtherTag ID="BT3" LABEL="Commentary" DESCRIPTION="block type Commentary"/><OtherTag ID="BT4" LABEL="Illustration" DESCRIPTION="block type Illustration"/><OtherTag ID="BT4244" LABEL="paragraph" DESCRIPTION="block type paragraph"/><OtherTag ID="BT4245" LABEL="footnote" DESCRIPTION="block type footnote"/><OtherTag ID="BT4246" LABEL="heading" DESCRIPTION="block type heading"/><OtherTag ID="BT4247" LABEL="l-column" DESCRIPTION="block type l-column"/><OtherTag ID="BT4248" LABEL="r-column" DESCRIPTION="block type r-column"/><OtherTag ID="BT4249" LABEL="marginalia" DESCRIPTION="block type marginalia"/><OtherTag ID="BT4250" LABEL="signature-mark" DESCRIPTION="block type signature-mark"/><OtherTag ID="BT4251" LABEL="catch-word" DESCRIPTION="block type catch-word"/><OtherTag ID="BT4252" LABEL="endnote" DESCRIPTION="block type endnote"/>
  </Tags>
  <Layout>
    <Page WIDTH="1077"
          HEIGHT="1870"
          PHYSICAL_IMG_NR="101"
          ID="eSc_dummypage_">
      <PrintSpace HPOS="0"
                  VPOS="0"
                  WIDTH="1077"
                  HEIGHT="1870">
        <TextBlock HPOS="705.0"
                   VPOS="166.0"
                   WIDTH="86.0"
                   HEIGHT="48.0"
                   ID="region_1718552880300_60"
                   TAGREFS="BT4244">
          <Shape><Polygon POINTS="705 214 791 214 791 166 705 166"/></Shape>
        </TextBlock>
        <TextBlock HPOS="79.0"
                   VPOS="261.0"
                   WIDTH="741.0"
                   HEIGHT="1138.0"
                   ID="region_1718552906173_66"
                   TAGREFS="BT4244">
          <Shape><Polygon POINTS="79 261 820 261 820 1399 79 1399"/></Shape>
        </TextBlock>
        <TextBlock HPOS="83.0"
                   VPOS="1426.0"
                   WIDTH="713.0"
                   HEIGHT="124.0"
                   ID="region_1718552930676_69"
                   TAGREFS="BT4245">
          <Shape><Polygon POINTS="83 1550 557 1547 796 1545 786 1426 83 1430"/></Shape>
        </TextBlock>
        <TextBlock HPOS="488.0"
                   VPOS="1568.0"
                   WIDTH="5.0"
                   HEIGHT="8.0"
                   ID="eSc_textblock_f842be10"
                   >
          <Shape><Polygon POINTS="493 1576 493 1568 488 1568 488 1576"/></Shape>
        </TextBlock>
      </PrintSpace>
    </Page>
  </Layout>
</alto>
