<?xml version="1.0" encoding="UTF-8"?>
<alto xmlns:xsi="http://www.w3.org/2001/XMLSchema-instance"
      xmlns="http://www.loc.gov/standards/alto/ns-v4#"
      xsi:schemaLocation="http://www.loc.gov/standards/alto/ns-v4# http://www.loc.gov/standards/alto/v4/alto-4-2.xsd">
  <Description>
    <MeasurementUnit>pixel</MeasurementUnit>
    <sourceImageInformation>
      <fileName>1793,_Saemmtliche_Poetische_Werke,_Schraembl,_Bd._3,_VD18_90245903_Seite_139_Bild_0001.jpg</fileName>
      <fileIdentifier>mets//export_doc3108_lena_alto_202503291248.zip/1793,_Saemmtliche_Poetische_Werke,_Schraembl,_Bd._3,_VD18_90245903_Seite_139_Bild_0001.jpg</fileIdentifier>
    </sourceImageInformation>
  </Description>
  <Tags>
    <OtherTag ID="BT1" LABEL="Title" DESCRIPTION="block type Title"/><OtherTag ID="BT2" LABEL="Main" DESCRIPTION="block type Main"/><OtherTag ID="BT3" LABEL="Commentary" DESCRIPTION="block type Commentary"/><OtherTag ID="BT4" LABEL="Illustration" DESCRIPTION="block type Illustration"/><OtherTag ID="BT4244" LABEL="paragraph" DESCRIPTION="block type paragraph"/><OtherTag ID="BT4245" LABEL="footnote" DESCRIPTION="block type footnote"/><OtherTag ID="BT4246" LABEL="heading" DESCRIPTION="block type heading"/><OtherTag ID="BT4247" LABEL="l-column" DESCRIPTION="block type l-column"/><OtherTag ID="BT4248" LABEL="r-column" DESCRIPTION="block type r-column"/><OtherTag ID="BT4249" LABEL="marginalia" DESCRIPTION="block type marginalia"/><OtherTag ID="BT4250" LABEL="signature-mark" DESCRIPTION="block type signature-mark"/><OtherTag ID="BT4251" LABEL="catch-word" DESCRIPTION="block type catch-word"/><OtherTag ID="BT4252" LABEL="endnote" DESCRIPTION="block type endnote"/>
  </Tags>
  <Layout>
    <Page WIDTH="1076"
          HEIGHT="1900"
          PHYSICAL_IMG_NR="110"
          ID="eSc_dummypage_">
      <PrintSpace HPOS="0"
                  VPOS="0"
                  WIDTH="1076"
                  HEIGHT="1900">
        <TextBlock HPOS="296.0"
                   VPOS="195.0"
                   WIDTH="80.0"
                   HEIGHT="39.0"
                   ID="region_1718558658445_344"
                   TAGREFS="BT4244">
          <Shape><Polygon POINTS="296 234 376 234 376 195 296 195"/></Shape>
        </TextBlock>
        <TextBlock HPOS="293.0"
                   VPOS="281.0"
                   WIDTH="694.0"
                   HEIGHT="829.0"
                   ID="region_1718558711622_351"
                   TAGREFS="BT4244">
          <Shape><Polygon POINTS="293 281 987 281 987 1110 293 1110"/></Shape>
        </TextBlock>
        <TextBlock HPOS="521.0"
                   VPOS="1121.0"
                   WIDTH="222.0"
                   HEIGHT="27.0"
                   ID="region_1718558718198_354"
                   TAGREFS="BT4246">
          <Shape><Polygon POINTS="521 1148 743 1148 743 1121 521 1121"/></Shape>
        </TextBlock>
        <TextBlock HPOS="279.0"
                   VPOS="1151.0"
                   WIDTH="717.0"
                   HEIGHT="376.0"
                   ID="region_1718558725727_357"
                   TAGREFS="BT4244">
          <Shape><Polygon POINTS="283 1527 996 1525 992 1155 786 1154 619 1157 504 1154 279 1151"/></Shape>
        </TextBlock>
      </PrintSpace>
    </Page>
  </Layout>
</alto>
