<?xml version="1.0" encoding="UTF-8"?>
<alto xmlns:xsi="http://www.w3.org/2001/XMLSchema-instance"
      xmlns="http://www.loc.gov/standards/alto/ns-v4#"
      xsi:schemaLocation="http://www.loc.gov/standards/alto/ns-v4# http://www.loc.gov/standards/alto/v4/alto-4-2.xsd">
  <Description>
    <MeasurementUnit>pixel</MeasurementUnit>
    <sourceImageInformation>
      <fileName>1775-Saemmtliche_Poetische_Werke_Schmieder_Bd_3_VD18_90914295_NEU-004.png</fileName>
      <fileIdentifier>mets//SchmiederZeilenUnb.zip/1775-Saemmtliche_Poetische_Werke_Schmieder_Bd_3_VD18_90914295_NEU-004.png</fileIdentifier>
    </sourceImageInformation>
  </Description>
  <Tags>
    <OtherTag ID="BT1" LABEL="Title" DESCRIPTION="block type Title"/><OtherTag ID="BT2" LABEL="Main" DESCRIPTION="block type Main"/><OtherTag ID="BT3" LABEL="Commentary" DESCRIPTION="block type Commentary"/><OtherTag ID="BT4" LABEL="Illustration" DESCRIPTION="block type Illustration"/><OtherTag ID="BT3755" LABEL="header" DESCRIPTION="block type header"/><OtherTag ID="BT3756" LABEL="paragraph" DESCRIPTION="block type paragraph"/><OtherTag ID="BT3757" LABEL="heading" DESCRIPTION="block type heading"/><OtherTag ID="BT3758" LABEL="footnote" DESCRIPTION="block type footnote"/><OtherTag ID="BT3759" LABEL="l-column" DESCRIPTION="block type l-column"/><OtherTag ID="BT3760" LABEL="r-column" DESCRIPTION="block type r-column"/><OtherTag ID="BT3761" LABEL="marginalia" DESCRIPTION="block type marginalia"/><OtherTag ID="BT4125" LABEL="drop-capital" DESCRIPTION="block type drop-capital"/><OtherTag ID="BT4126" LABEL="catch-word" DESCRIPTION="block type catch-word"/><OtherTag ID="BT4127" LABEL="page-number" DESCRIPTION="block type page-number"/><OtherTag ID="BT4128" LABEL="signature-mark" DESCRIPTION="block type signature-mark"/><OtherTag ID="BT4129" LABEL="poem_lg" DESCRIPTION="block type poem_lg"/><OtherTag ID="BT4130" LABEL="endnote" DESCRIPTION="block type endnote"/>
  </Tags>
  <Layout>
    <Page WIDTH="649"
          HEIGHT="1102"
          PHYSICAL_IMG_NR="94"
          ID="eSc_dummypage_">
      <PrintSpace HPOS="0"
                  VPOS="0"
                  WIDTH="649"
                  HEIGHT="1102">
        <TextBlock HPOS="193"
                   VPOS="241"
                   WIDTH="205"
                   HEIGHT="55"
                   ID="region_1719906681932_8"
                   TAGREFS="BT3757">
          <Shape><Polygon POINTS="198 296 193 252 395 241 398 286"/></Shape>
          <TextLine ID="eSc_line_f0e42375"
                    BASELINE="204 285 387 277" 
                    HPOS="204"
                    VPOS="277"
                    WIDTH="183"
                    HEIGHT="8">
	    <String CONTENT=""
                    HPOS="204"
                    VPOS="277"
                    WIDTH="183"
                    HEIGHT="8"></String>
          </TextLine>
        </TextBlock>
        <TextBlock HPOS="81"
                   VPOS="310"
                   WIDTH="72"
                   HEIGHT="91"
                   ID="region_1719906718847_11"
                   TAGREFS="BT3756">
          <Shape><Polygon POINTS="81 315 84 393 125 401 152 387 153 356 140 343 148 319 133 310"/></Shape>
          <TextLine ID="eSc_line_63def777"
                    BASELINE="94 391 144 386 146 351 520 334" 
                    HPOS="94"
                    VPOS="334"
                    WIDTH="426"
                    HEIGHT="57">
	    <String CONTENT=""
                    HPOS="94"
                    VPOS="334"
                    WIDTH="426"
                    HEIGHT="57"></String>
          </TextLine>
        </TextBlock>
        <TextBlock HPOS="77"
                   VPOS="306"
                   WIDTH="461"
                   HEIGHT="502"
                   ID="region_1719906753945_14"
                   TAGREFS="BT3756">
          <Shape><Polygon POINTS="151 322 143 339 159 363 158 390 125 405 78 399 77 808 538 785 525 306 272 317"/></Shape>
          <TextLine ID="eSc_line_81e1ae2c"
                    BASELINE="154 400 522 384" 
                    HPOS="154"
                    VPOS="384"
                    WIDTH="368"
                    HEIGHT="16">
	    <String CONTENT=""
                    HPOS="154"
                    VPOS="384"
                    WIDTH="368"
                    HEIGHT="16"></String>
          </TextLine>
          <TextLine ID="eSc_line_cff3867a"
                    BASELINE="85 427 521 407" 
                    HPOS="85"
                    VPOS="407"
                    WIDTH="436"
                    HEIGHT="20">
	    <String CONTENT=""
                    HPOS="85"
                    VPOS="407"
                    WIDTH="436"
                    HEIGHT="20"></String>
          </TextLine>
          <TextLine ID="eSc_line_169de209"
                    BASELINE="85 451 523 433" 
                    HPOS="85"
                    VPOS="433"
                    WIDTH="438"
                    HEIGHT="18">
	    <String CONTENT=""
                    HPOS="85"
                    VPOS="433"
                    WIDTH="438"
                    HEIGHT="18"></String>
          </TextLine>
          <TextLine ID="eSc_line_f4f91159"
                    BASELINE="86 478 520 459" 
                    HPOS="86"
                    VPOS="459"
                    WIDTH="434"
                    HEIGHT="19">
	    <String CONTENT=""
                    HPOS="86"
                    VPOS="459"
                    WIDTH="434"
                    HEIGHT="19"></String>
          </TextLine>
          <TextLine ID="eSc_line_8547678b"
                    BASELINE="87 505 523 483" 
                    HPOS="87"
                    VPOS="483"
                    WIDTH="436"
                    HEIGHT="22">
	    <String CONTENT=""
                    HPOS="87"
                    VPOS="483"
                    WIDTH="436"
                    HEIGHT="22"></String>
          </TextLine>
          <TextLine ID="eSc_line_1955c170"
                    BASELINE="86 527 520 511" 
                    HPOS="86"
                    VPOS="511"
                    WIDTH="434"
                    HEIGHT="16">
	    <String CONTENT=""
                    HPOS="86"
                    VPOS="511"
                    WIDTH="434"
                    HEIGHT="16"></String>
          </TextLine>
          <TextLine ID="eSc_line_17732b85"
                    BASELINE="86 555 530 537" 
                    HPOS="86"
                    VPOS="537"
                    WIDTH="444"
                    HEIGHT="18">
	    <String CONTENT=""
                    HPOS="86"
                    VPOS="537"
                    WIDTH="444"
                    HEIGHT="18"></String>
          </TextLine>
          <TextLine ID="eSc_line_7db3fd3a"
                    BASELINE="82 576 523 561" 
                    HPOS="82"
                    VPOS="561"
                    WIDTH="441"
                    HEIGHT="15">
	    <String CONTENT=""
                    HPOS="82"
                    VPOS="561"
                    WIDTH="441"
                    HEIGHT="15"></String>
          </TextLine>
          <TextLine ID="eSc_line_9e0b2229"
                    BASELINE="84 601 524 584" 
                    HPOS="84"
                    VPOS="584"
                    WIDTH="440"
                    HEIGHT="17">
	    <String CONTENT=""
                    HPOS="84"
                    VPOS="584"
                    WIDTH="440"
                    HEIGHT="17"></String>
          </TextLine>
          <TextLine ID="eSc_line_bfd3d8cf"
                    BASELINE="85 624 317 619" 
                    HPOS="85"
                    VPOS="619"
                    WIDTH="232"
                    HEIGHT="5">
	    <String CONTENT=""
                    HPOS="85"
                    VPOS="619"
                    WIDTH="232"
                    HEIGHT="5"></String>
          </TextLine>
          <TextLine ID="eSc_line_762d1656"
                    BASELINE="97 664 528 646" 
                    HPOS="97"
                    VPOS="646"
                    WIDTH="431"
                    HEIGHT="18">
	    <String CONTENT=""
                    HPOS="97"
                    VPOS="646"
                    WIDTH="431"
                    HEIGHT="18"></String>
          </TextLine>
          <TextLine ID="eSc_line_484f1837"
                    BASELINE="122 703 533 684" 
                    HPOS="122"
                    VPOS="684"
                    WIDTH="411"
                    HEIGHT="19">
	    <String CONTENT=""
                    HPOS="122"
                    VPOS="684"
                    WIDTH="411"
                    HEIGHT="19"></String>
          </TextLine>
          <TextLine ID="eSc_line_335583cb"
                    BASELINE="86 727 530 711" 
                    HPOS="86"
                    VPOS="711"
                    WIDTH="444"
                    HEIGHT="16">
	    <String CONTENT=""
                    HPOS="86"
                    VPOS="711"
                    WIDTH="444"
                    HEIGHT="16"></String>
          </TextLine>
          <TextLine ID="eSc_line_ac592e49"
                    BASELINE="85 752 530 735" 
                    HPOS="85"
                    VPOS="735"
                    WIDTH="445"
                    HEIGHT="17">
	    <String CONTENT=""
                    HPOS="85"
                    VPOS="735"
                    WIDTH="445"
                    HEIGHT="17"></String>
          </TextLine>
          <TextLine ID="eSc_line_9ca54681"
                    BASELINE="87 775 527 760" 
                    HPOS="87"
                    VPOS="760"
                    WIDTH="440"
                    HEIGHT="15">
	    <String CONTENT=""
                    HPOS="87"
                    VPOS="760"
                    WIDTH="440"
                    HEIGHT="15"></String>
          </TextLine>
          <TextLine ID="eSc_line_ff949630"
                    BASELINE="86 798 524 779" 
                    HPOS="86"
                    VPOS="779"
                    WIDTH="438"
                    HEIGHT="19">
	    <String CONTENT=""
                    HPOS="86"
                    VPOS="779"
                    WIDTH="438"
                    HEIGHT="19"></String>
          </TextLine>
        </TextBlock>
        <TextBlock HPOS="92"
                   VPOS="827"
                   WIDTH="454"
                   HEIGHT="119"
                   ID="region_1719906832446_30"
                   TAGREFS="BT3758">
          <Shape><Polygon POINTS="104 928 92 837 546 827 544 946 316 944 306 924"/></Shape>
          <TextLine ID="eSc_line_59a5ebae"
                    BASELINE="110 869 498 849" 
                    HPOS="110"
                    VPOS="849"
                    WIDTH="388"
                    HEIGHT="20">
	    <String CONTENT=""
                    HPOS="110"
                    VPOS="849"
                    WIDTH="388"
                    HEIGHT="20"></String>
          </TextLine>
          <TextLine ID="eSc_line_c53a5a8f"
                    BASELINE="128 894 513 876" 
                    HPOS="128"
                    VPOS="876"
                    WIDTH="385"
                    HEIGHT="18">
	    <String CONTENT=""
                    HPOS="128"
                    VPOS="876"
                    WIDTH="385"
                    HEIGHT="18"></String>
          </TextLine>
          <TextLine ID="eSc_line_c9e27d7e"
                    BASELINE="129 920 473 905" 
                    HPOS="129"
                    VPOS="905"
                    WIDTH="344"
                    HEIGHT="15">
	    <String CONTENT=""
                    HPOS="129"
                    VPOS="905"
                    WIDTH="344"
                    HEIGHT="15"></String>
          </TextLine>
          <TextLine ID="eSc_line_7ee54cb9"
                    BASELINE="327 938 529 934" 
                    HPOS="327"
                    VPOS="934"
                    WIDTH="202"
                    HEIGHT="4">
	    <String CONTENT=""
                    HPOS="327"
                    VPOS="934"
                    WIDTH="202"
                    HEIGHT="4"></String>
          </TextLine>
        </TextBlock>
        <TextBlock HPOS="289"
                   VPOS="801"
                   WIDTH="54"
                   HEIGHT="19"
                   ID="region_1719906809492_24"
                   TAGREFS="BT3756">
          <Shape><Polygon POINTS="291 819 289 802 343 801 342 820"/></Shape>
          <TextLine ID="eSc_line_6580c85b"
                    BASELINE="297 819 529 809" 
                    HPOS="297"
                    VPOS="809"
                    WIDTH="232"
                    HEIGHT="10">
	    <String CONTENT=""
                    HPOS="297"
                    VPOS="809"
                    WIDTH="232"
                    HEIGHT="10"></String>
          </TextLine>
        </TextBlock>
        <TextBlock HPOS="486"
                   VPOS="787"
                   WIDTH="48"
                   HEIGHT="23"
                   ID="region_1719906817944_27"
                   TAGREFS="BT3756">
          <Shape><Polygon POINTS="486 810 492 787 534 788 529 810"/></Shape>
        </TextBlock>
        <TextBlock ID="eSc_dummyblock_">
          <TextLine ID="eSc_line_094869f5"
                    BASELINE="154 373 522 359" 
                    HPOS="154"
                    VPOS="359"
                    WIDTH="368"
                    HEIGHT="14">
	    <String CONTENT=""
                    HPOS="154"
                    VPOS="359"
                    WIDTH="368"
                    HEIGHT="14"></String>
          </TextLine>
        </TextBlock>
      </PrintSpace>
    </Page>
  </Layout>
</alto>
