<?xml version="1.0" encoding="UTF-8"?>
<alto xmlns:xsi="http://www.w3.org/2001/XMLSchema-instance"
      xmlns="http://www.loc.gov/standards/alto/ns-v4#"
      xsi:schemaLocation="http://www.loc.gov/standards/alto/ns-v4# http://www.loc.gov/standards/alto/v4/alto-4-2.xsd">
  <Description>
    <MeasurementUnit>pixel</MeasurementUnit>
    <sourceImageInformation>
      <fileName>0018.jpg</fileName>
    </sourceImageInformation>
  </Description>
  <Tags>
    <OtherTag ID="BT1" LABEL="Title" DESCRIPTION="block type Title"/><OtherTag ID="BT2" LABEL="Main" DESCRIPTION="block type Main"/><OtherTag ID="BT3" LABEL="Commentary" DESCRIPTION="block type Commentary"/><OtherTag ID="BT4" LABEL="Illustration" DESCRIPTION="block type Illustration"/><OtherTag ID="BT3654" LABEL="header" DESCRIPTION="block type header"/><OtherTag ID="BT3655" LABEL="paragraph" DESCRIPTION="block type paragraph"/><OtherTag ID="BT3656" LABEL="heading" DESCRIPTION="block type heading"/><OtherTag ID="BT3657" LABEL="footnote" DESCRIPTION="block type footnote"/><OtherTag ID="BT3658" LABEL="l-column" DESCRIPTION="block type l-column"/><OtherTag ID="BT3659" LABEL="r-column" DESCRIPTION="block type r-column"/><OtherTag ID="BT3660" LABEL="marginalia" DESCRIPTION="block type marginalia"/>
  </Tags>
  <Layout>
    <Page WIDTH="682"
          HEIGHT="1079"
          PHYSICAL_IMG_NR="15"
          ID="eSc_dummypage_">
      <PrintSpace HPOS="0"
                  VPOS="0"
                  WIDTH="682"
                  HEIGHT="1079">
        <TextBlock HPOS="145"
                   VPOS="93"
                   WIDTH="76"
                   HEIGHT="36"
                   ID="region_1718451683451_135"
                   TAGREFS="BT3655">
          <Shape><Polygon POINTS="221 129 149 129 145 93 221 95"/></Shape>
          <TextLine ID="eSc_line_1e500507"
                    BASELINE="159 126 208 127" 
                    HPOS="159.0"
                    VPOS="126.0"
                    WIDTH="49.0"
                    HEIGHT="1.0">
	    <String CONTENT=""
                    HPOS="159.0"
                    VPOS="126.0"
                    WIDTH="49.0"
                    HEIGHT="1.0"></String>
          </TextLine>
        </TextBlock>
        <TextBlock HPOS="152.0"
                   VPOS="139.0"
                   WIDTH="486.0"
                   HEIGHT="821.0"
                   ID="region_1718451692683_141"
                   TAGREFS="BT3655">
          <Shape><Polygon POINTS="638 954 152 960 154 139 634 139"/></Shape>
          <TextLine ID="eSc_line_39b71507"
                    BASELINE="163 174 624 168" 
                    HPOS="163.0"
                    VPOS="168.0"
                    WIDTH="461.0"
                    HEIGHT="6.0">
	    <String CONTENT=""
                    HPOS="163.0"
                    VPOS="168.0"
                    WIDTH="461.0"
                    HEIGHT="6.0"></String>
          </TextLine>
          <TextLine ID="eSc_line_d418d8b1"
                    BASELINE="161 198 624 193" 
                    HPOS="161.0"
                    VPOS="193.0"
                    WIDTH="463.0"
                    HEIGHT="5.0">
	    <String CONTENT=""
                    HPOS="161.0"
                    VPOS="193.0"
                    WIDTH="463.0"
                    HEIGHT="5.0"></String>
          </TextLine>
          <TextLine ID="eSc_line_a67d70c8"
                    BASELINE="161 220 624 219" 
                    HPOS="161.0"
                    VPOS="219.0"
                    WIDTH="463.0"
                    HEIGHT="1.0">
	    <String CONTENT=""
                    HPOS="161.0"
                    VPOS="219.0"
                    WIDTH="463.0"
                    HEIGHT="1.0"></String>
          </TextLine>
          <TextLine ID="eSc_line_4f79394f"
                    BASELINE="157 247 626 243" 
                    HPOS="157.0"
                    VPOS="243.0"
                    WIDTH="469.0"
                    HEIGHT="4.0">
	    <String CONTENT=""
                    HPOS="157.0"
                    VPOS="243.0"
                    WIDTH="469.0"
                    HEIGHT="4.0"></String>
          </TextLine>
          <TextLine ID="eSc_line_f6a20425"
                    BASELINE="160 272 626 269" 
                    HPOS="160.0"
                    VPOS="269.0"
                    WIDTH="466.0"
                    HEIGHT="3.0">
	    <String CONTENT=""
                    HPOS="160.0"
                    VPOS="269.0"
                    WIDTH="466.0"
                    HEIGHT="3.0"></String>
          </TextLine>
          <TextLine ID="eSc_line_255e9723"
                    BASELINE="160 298 628 294" 
                    HPOS="160.0"
                    VPOS="294.0"
                    WIDTH="468.0"
                    HEIGHT="4.0">
	    <String CONTENT=""
                    HPOS="160.0"
                    VPOS="294.0"
                    WIDTH="468.0"
                    HEIGHT="4.0"></String>
          </TextLine>
          <TextLine ID="eSc_line_267d80b0"
                    BASELINE="161 319 625 317" 
                    HPOS="161.0"
                    VPOS="317.0"
                    WIDTH="464.0"
                    HEIGHT="2.0">
	    <String CONTENT=""
                    HPOS="161.0"
                    VPOS="317.0"
                    WIDTH="464.0"
                    HEIGHT="2.0"></String>
          </TextLine>
          <TextLine ID="eSc_line_383857b2"
                    BASELINE="158 346 628 341" 
                    HPOS="158.0"
                    VPOS="341.0"
                    WIDTH="470.0"
                    HEIGHT="5.0">
	    <String CONTENT=""
                    HPOS="158.0"
                    VPOS="341.0"
                    WIDTH="470.0"
                    HEIGHT="5.0"></String>
          </TextLine>
          <TextLine ID="eSc_line_ffddf56b"
                    BASELINE="157 372 627 367" 
                    HPOS="157.0"
                    VPOS="367.0"
                    WIDTH="470.0"
                    HEIGHT="5.0">
	    <String CONTENT=""
                    HPOS="157.0"
                    VPOS="367.0"
                    WIDTH="470.0"
                    HEIGHT="5.0"></String>
          </TextLine>
          <TextLine ID="eSc_line_a63dc6b2"
                    BASELINE="158 393 628 391" 
                    HPOS="158.0"
                    VPOS="391.0"
                    WIDTH="470.0"
                    HEIGHT="2.0">
	    <String CONTENT=""
                    HPOS="158.0"
                    VPOS="391.0"
                    WIDTH="470.0"
                    HEIGHT="2.0"></String>
          </TextLine>
          <TextLine ID="eSc_line_5db53387"
                    BASELINE="160 422 225 420" 
                    HPOS="160.0"
                    VPOS="420.0"
                    WIDTH="65.0"
                    HEIGHT="2.0">
	    <String CONTENT=""
                    HPOS="160.0"
                    VPOS="420.0"
                    WIDTH="65.0"
                    HEIGHT="2.0"></String>
          </TextLine>
          <TextLine ID="eSc_line_fc7d1145"
                    BASELINE="180 442 517 440" 
                    HPOS="180.0"
                    VPOS="440.0"
                    WIDTH="337.0"
                    HEIGHT="2.0">
	    <String CONTENT=""
                    HPOS="180.0"
                    VPOS="440.0"
                    WIDTH="337.0"
                    HEIGHT="2.0"></String>
          </TextLine>
          <TextLine ID="eSc_line_7367ea8b"
                    BASELINE="183 462 521 459" 
                    HPOS="183.0"
                    VPOS="459.0"
                    WIDTH="338.0"
                    HEIGHT="3.0">
	    <String CONTENT=""
                    HPOS="183.0"
                    VPOS="459.0"
                    WIDTH="338.0"
                    HEIGHT="3.0"></String>
          </TextLine>
          <TextLine ID="eSc_line_ba3eda0a"
                    BASELINE="182 482 568 480" 
                    HPOS="182.0"
                    VPOS="480.0"
                    WIDTH="386.0"
                    HEIGHT="2.0">
	    <String CONTENT=""
                    HPOS="182.0"
                    VPOS="480.0"
                    WIDTH="386.0"
                    HEIGHT="2.0"></String>
          </TextLine>
          <TextLine ID="eSc_line_690b5e57"
                    BASELINE="181 502 490 502" 
                    HPOS="181.0"
                    VPOS="502.0"
                    WIDTH="309.0"
                    HEIGHT="0.0">
	    <String CONTENT=""
                    HPOS="181.0"
                    VPOS="502.0"
                    WIDTH="309.0"
                    HEIGHT="0.0"></String>
          </TextLine>
          <TextLine ID="eSc_line_036ad77a"
                    BASELINE="378 527 624 524" 
                    HPOS="378.0"
                    VPOS="524.0"
                    WIDTH="246.0"
                    HEIGHT="3.0">
	    <String CONTENT=""
                    HPOS="378.0"
                    VPOS="524.0"
                    WIDTH="246.0"
                    HEIGHT="3.0"></String>
          </TextLine>
          <TextLine ID="eSc_line_372a34d2"
                    BASELINE="163 563 625 560" 
                    HPOS="163.0"
                    VPOS="560.0"
                    WIDTH="462.0"
                    HEIGHT="3.0">
	    <String CONTENT=""
                    HPOS="163.0"
                    VPOS="560.0"
                    WIDTH="462.0"
                    HEIGHT="3.0"></String>
          </TextLine>
          <TextLine ID="eSc_line_2d85bd42"
                    BASELINE="163 590 625 585" 
                    HPOS="163.0"
                    VPOS="585.0"
                    WIDTH="462.0"
                    HEIGHT="5.0">
	    <String CONTENT=""
                    HPOS="163.0"
                    VPOS="585.0"
                    WIDTH="462.0"
                    HEIGHT="5.0"></String>
          </TextLine>
          <TextLine ID="eSc_line_1fce6ebd"
                    BASELINE="159 614 626 611" 
                    HPOS="159.0"
                    VPOS="611.0"
                    WIDTH="467.0"
                    HEIGHT="3.0">
	    <String CONTENT=""
                    HPOS="159.0"
                    VPOS="611.0"
                    WIDTH="467.0"
                    HEIGHT="3.0"></String>
          </TextLine>
          <TextLine ID="eSc_line_b243f69d"
                    BASELINE="158 640 627 635" 
                    HPOS="158.0"
                    VPOS="635.0"
                    WIDTH="469.0"
                    HEIGHT="5.0">
	    <String CONTENT=""
                    HPOS="158.0"
                    VPOS="635.0"
                    WIDTH="469.0"
                    HEIGHT="5.0"></String>
          </TextLine>
          <TextLine ID="eSc_line_21a9564f"
                    BASELINE="158 665 627 658" 
                    HPOS="158.0"
                    VPOS="658.0"
                    WIDTH="469.0"
                    HEIGHT="7.0">
	    <String CONTENT=""
                    HPOS="158.0"
                    VPOS="658.0"
                    WIDTH="469.0"
                    HEIGHT="7.0"></String>
          </TextLine>
          <TextLine ID="eSc_line_8daec246"
                    BASELINE="161 690 625 684" 
                    HPOS="161.0"
                    VPOS="684.0"
                    WIDTH="464.0"
                    HEIGHT="6.0">
	    <String CONTENT=""
                    HPOS="161.0"
                    VPOS="684.0"
                    WIDTH="464.0"
                    HEIGHT="6.0"></String>
          </TextLine>
          <TextLine ID="eSc_line_aea6f78d"
                    BASELINE="160 713 625 709" 
                    HPOS="160.0"
                    VPOS="709.0"
                    WIDTH="465.0"
                    HEIGHT="4.0">
	    <String CONTENT=""
                    HPOS="160.0"
                    VPOS="709.0"
                    WIDTH="465.0"
                    HEIGHT="4.0"></String>
          </TextLine>
          <TextLine ID="eSc_line_f74cce2d"
                    BASELINE="160 737 633 735" 
                    HPOS="160.0"
                    VPOS="735.0"
                    WIDTH="473.0"
                    HEIGHT="2.0">
	    <String CONTENT=""
                    HPOS="160.0"
                    VPOS="735.0"
                    WIDTH="473.0"
                    HEIGHT="2.0"></String>
          </TextLine>
          <TextLine ID="eSc_line_6cf55e09"
                    BASELINE="159 760 629 757" 
                    HPOS="159.0"
                    VPOS="757.0"
                    WIDTH="470.0"
                    HEIGHT="3.0">
	    <String CONTENT=""
                    HPOS="159.0"
                    VPOS="757.0"
                    WIDTH="470.0"
                    HEIGHT="3.0"></String>
          </TextLine>
          <TextLine ID="eSc_line_5b1fbf75"
                    BASELINE="158 789 625 784" 
                    HPOS="158.0"
                    VPOS="784.0"
                    WIDTH="467.0"
                    HEIGHT="5.0">
	    <String CONTENT=""
                    HPOS="158.0"
                    VPOS="784.0"
                    WIDTH="467.0"
                    HEIGHT="5.0"></String>
          </TextLine>
          <TextLine ID="eSc_line_8d6ea7ab"
                    BASELINE="160 812 625 806" 
                    HPOS="160.0"
                    VPOS="806.0"
                    WIDTH="465.0"
                    HEIGHT="6.0">
	    <String CONTENT=""
                    HPOS="160.0"
                    VPOS="806.0"
                    WIDTH="465.0"
                    HEIGHT="6.0"></String>
          </TextLine>
          <TextLine ID="eSc_line_fc4f4f60"
                    BASELINE="161 837 629 834" 
                    HPOS="161.0"
                    VPOS="834.0"
                    WIDTH="468.0"
                    HEIGHT="3.0">
	    <String CONTENT=""
                    HPOS="161.0"
                    VPOS="834.0"
                    WIDTH="468.0"
                    HEIGHT="3.0"></String>
          </TextLine>
          <TextLine ID="eSc_line_08bf62d8"
                    BASELINE="161 861 628 859" 
                    HPOS="161.0"
                    VPOS="859.0"
                    WIDTH="467.0"
                    HEIGHT="2.0">
	    <String CONTENT=""
                    HPOS="161.0"
                    VPOS="859.0"
                    WIDTH="467.0"
                    HEIGHT="2.0"></String>
          </TextLine>
          <TextLine ID="eSc_line_546ea0d6"
                    BASELINE="160 882 630 883" 
                    HPOS="160.0"
                    VPOS="882.0"
                    WIDTH="470.0"
                    HEIGHT="1.0">
	    <String CONTENT=""
                    HPOS="160.0"
                    VPOS="882.0"
                    WIDTH="470.0"
                    HEIGHT="1.0"></String>
          </TextLine>
          <TextLine ID="eSc_line_867b76c4"
                    BASELINE="158 912 627 908" 
                    HPOS="158.0"
                    VPOS="908.0"
                    WIDTH="469.0"
                    HEIGHT="4.0">
	    <String CONTENT=""
                    HPOS="158.0"
                    VPOS="908.0"
                    WIDTH="469.0"
                    HEIGHT="4.0"></String>
          </TextLine>
          <TextLine ID="eSc_line_0e0cdda9"
                    BASELINE="154 936 629 931" 
                    HPOS="154.0"
                    VPOS="931.0"
                    WIDTH="475.0"
                    HEIGHT="5.0">
	    <String CONTENT=""
                    HPOS="154.0"
                    VPOS="931.0"
                    WIDTH="475.0"
                    HEIGHT="5.0"></String>
          </TextLine>
          <TextLine ID="eSc_line_33de7e62"
                    BASELINE="165 958 629 954" 
                    HPOS="165.0"
                    VPOS="954.0"
                    WIDTH="464.0"
                    HEIGHT="4.0">
	    <String CONTENT=""
                    HPOS="165.0"
                    VPOS="954.0"
                    WIDTH="464.0"
                    HEIGHT="4.0"></String>
          </TextLine>
        </TextBlock>
        <TextBlock HPOS="305"
                   VPOS="88"
                   WIDTH="165"
                   HEIGHT="41"
                   ID="region_1718451686523_138"
                   TAGREFS="BT3655">
          <Shape><Polygon POINTS="453 129 305 129 305 88 470 91"/></Shape>
          <TextLine ID="eSc_line_1faf6ff5"
                    BASELINE="329 125 448 126" 
                    HPOS="329.0"
                    VPOS="125.0"
                    WIDTH="119.0"
                    HEIGHT="1.0">
	    <String CONTENT=""
                    HPOS="329.0"
                    VPOS="125.0"
                    WIDTH="119.0"
                    HEIGHT="1.0"></String>
          </TextLine>
        </TextBlock>
        <TextBlock HPOS="567"
                   VPOS="957"
                   WIDTH="80"
                   HEIGHT="37"
                   ID="region_1718451715895_150"
                   TAGREFS="BT3655">
          <Shape><Polygon POINTS="647 994 567 993 567 959 635 957"/></Shape>
          <TextLine ID="eSc_line_b67fc5e2"
                    BASELINE="574 989 628 985" 
                    HPOS="574.0"
                    VPOS="985.0"
                    WIDTH="54.0"
                    HEIGHT="4.0">
	    <String CONTENT=""
                    HPOS="574.0"
                    VPOS="985.0"
                    WIDTH="54.0"
                    HEIGHT="4.0"></String>
          </TextLine>
        </TextBlock>
      </PrintSpace>
    </Page>
  </Layout>
</alto>
