<?xml version="1.0" encoding="UTF-8"?>
<alto xmlns:xsi="http://www.w3.org/2001/XMLSchema-instance"
      xmlns="http://www.loc.gov/standards/alto/ns-v4#"
      xsi:schemaLocation="http://www.loc.gov/standards/alto/ns-v4# http://www.loc.gov/standards/alto/v4/alto-4-2.xsd">
  <Description>
    <MeasurementUnit>pixel</MeasurementUnit>
    <sourceImageInformation>
      <fileName>0036.jpg</fileName>
    </sourceImageInformation>
  </Description>
  <Tags>
    <OtherTag ID="BT1" LABEL="Title" DESCRIPTION="block type Title"/><OtherTag ID="BT2" LABEL="Main" DESCRIPTION="block type Main"/><OtherTag ID="BT3" LABEL="Commentary" DESCRIPTION="block type Commentary"/><OtherTag ID="BT4" LABEL="Illustration" DESCRIPTION="block type Illustration"/><OtherTag ID="BT3654" LABEL="header" DESCRIPTION="block type header"/><OtherTag ID="BT3655" LABEL="paragraph" DESCRIPTION="block type paragraph"/><OtherTag ID="BT3656" LABEL="heading" DESCRIPTION="block type heading"/><OtherTag ID="BT3657" LABEL="footnote" DESCRIPTION="block type footnote"/><OtherTag ID="BT3658" LABEL="l-column" DESCRIPTION="block type l-column"/><OtherTag ID="BT3659" LABEL="r-column" DESCRIPTION="block type r-column"/><OtherTag ID="BT3660" LABEL="marginalia" DESCRIPTION="block type marginalia"/>
  </Tags>
  <Layout>
    <Page WIDTH="682"
          HEIGHT="1079"
          PHYSICAL_IMG_NR="17"
          ID="eSc_dummypage_">
      <PrintSpace HPOS="0"
                  VPOS="0"
                  WIDTH="682"
                  HEIGHT="1079">
        <TextBlock HPOS="141"
                   VPOS="103"
                   WIDTH="47"
                   HEIGHT="34"
                   ID="region_1718527882632_117"
                   TAGREFS="BT3655">
          <Shape><Polygon POINTS="188 137 141 136 151 103 188 103"/></Shape>
          <TextLine ID="eSc_line_7c6526c4"
                    BASELINE="153 130 183 131" 
                    HPOS="153.0"
                    VPOS="130.0"
                    WIDTH="30.0"
                    HEIGHT="1.0">
	    <String CONTENT=""
                    HPOS="153.0"
                    VPOS="130.0"
                    WIDTH="30.0"
                    HEIGHT="1.0"></String>
          </TextLine>
        </TextBlock>
        <TextBlock HPOS="191.0"
                   VPOS="133.0"
                   WIDTH="335.0"
                   HEIGHT="211.0"
                   ID="region_1718527888506_120"
                   TAGREFS="BT3655">
          <Shape><Polygon POINTS="514 344 193 344 191 135 526 133"/></Shape>
          <TextLine ID="eSc_line_0750c95b"
                    BASELINE="199 167 500 164" 
                    HPOS="199.0"
                    VPOS="164.0"
                    WIDTH="301.0"
                    HEIGHT="3.0">
	    <String CONTENT=""
                    HPOS="199.0"
                    VPOS="164.0"
                    WIDTH="301.0"
                    HEIGHT="3.0"></String>
          </TextLine>
          <TextLine ID="eSc_line_e9663c3a"
                    BASELINE="199 188 513 188" 
                    HPOS="199.0"
                    VPOS="188.0"
                    WIDTH="314.0"
                    HEIGHT="0.0">
	    <String CONTENT=""
                    HPOS="199.0"
                    VPOS="188.0"
                    WIDTH="314.0"
                    HEIGHT="0.0"></String>
          </TextLine>
          <TextLine ID="eSc_line_cfff7ba2"
                    BASELINE="201 208 442 205" 
                    HPOS="201.0"
                    VPOS="205.0"
                    WIDTH="241.0"
                    HEIGHT="3.0">
	    <String CONTENT=""
                    HPOS="201.0"
                    VPOS="205.0"
                    WIDTH="241.0"
                    HEIGHT="3.0"></String>
          </TextLine>
          <TextLine ID="eSc_line_4ccaab49"
                    BASELINE="234 239 457 238" 
                    HPOS="234.0"
                    VPOS="238.0"
                    WIDTH="223.0"
                    HEIGHT="1.0">
	    <String CONTENT=""
                    HPOS="234.0"
                    VPOS="238.0"
                    WIDTH="223.0"
                    HEIGHT="1.0"></String>
          </TextLine>
          <TextLine ID="eSc_line_c028a244"
                    BASELINE="204 259 501 258" 
                    HPOS="204.0"
                    VPOS="258.0"
                    WIDTH="297.0"
                    HEIGHT="1.0">
	    <String CONTENT=""
                    HPOS="204.0"
                    VPOS="258.0"
                    WIDTH="297.0"
                    HEIGHT="1.0"></String>
          </TextLine>
          <TextLine ID="eSc_line_8a646c06"
                    BASELINE="205 276 518 279" 
                    HPOS="205.0"
                    VPOS="276.0"
                    WIDTH="313.0"
                    HEIGHT="3.0">
	    <String CONTENT=""
                    HPOS="205.0"
                    VPOS="276.0"
                    WIDTH="313.0"
                    HEIGHT="3.0"></String>
          </TextLine>
          <TextLine ID="eSc_line_b9178d10"
                    BASELINE="203 297 494 302" 
                    HPOS="203.0"
                    VPOS="297.0"
                    WIDTH="291.0"
                    HEIGHT="5.0">
	    <String CONTENT=""
                    HPOS="203.0"
                    VPOS="297.0"
                    WIDTH="291.0"
                    HEIGHT="5.0"></String>
          </TextLine>
          <TextLine ID="eSc_line_5fb006a2"
                    BASELINE="203 318 485 321" 
                    HPOS="203.0"
                    VPOS="318.0"
                    WIDTH="282.0"
                    HEIGHT="3.0">
	    <String CONTENT=""
                    HPOS="203.0"
                    VPOS="318.0"
                    WIDTH="282.0"
                    HEIGHT="3.0"></String>
          </TextLine>
          <TextLine ID="eSc_line_2b2a56b8"
                    BASELINE="200 340 449 340" 
                    HPOS="200.0"
                    VPOS="340.0"
                    WIDTH="249.0"
                    HEIGHT="0.0">
	    <String CONTENT=""
                    HPOS="200.0"
                    VPOS="340.0"
                    WIDTH="249.0"
                    HEIGHT="0.0"></String>
          </TextLine>
        </TextBlock>
        <TextBlock HPOS="291"
                   VPOS="90"
                   WIDTH="194"
                   HEIGHT="40"
                   ID="region_1718527880107_114"
                   TAGREFS="BT3655">
          <Shape><Polygon POINTS="474 130 291 130 291 94 485 90"/></Shape>
          <TextLine ID="eSc_line_9d29c134"
                    BASELINE="301 128 464 127" 
                    HPOS="301.0"
                    VPOS="127.0"
                    WIDTH="163.0"
                    HEIGHT="1.0">
	    <String CONTENT=""
                    HPOS="301.0"
                    VPOS="127.0"
                    WIDTH="163.0"
                    HEIGHT="1.0"></String>
          </TextLine>
        </TextBlock>
        <TextBlock HPOS="187.0"
                   VPOS="366.0"
                   WIDTH="417.0"
                   HEIGHT="39.0"
                   ID="region_1718527904429_129"
                   TAGREFS="BT3656">
          <Shape><Polygon POINTS="596 405 187 405 187 367 604 366"/></Shape>
          <TextLine ID="eSc_line_b3b061de"
                    BASELINE="208 403 589 403" 
                    HPOS="208.0"
                    VPOS="403.0"
                    WIDTH="381.0"
                    HEIGHT="0.0">
	    <String CONTENT=""
                    HPOS="208.0"
                    VPOS="403.0"
                    WIDTH="381.0"
                    HEIGHT="0.0"></String>
          </TextLine>
        </TextBlock>
        <TextBlock HPOS="150.0"
                   VPOS="416.0"
                   WIDTH="494.0"
                   HEIGHT="125.0"
                   ID="region_1718528144705_183"
                   TAGREFS="BT3655">
          <Shape><Polygon POINTS="644 541 152 541 150 461 205 458 204 416 643 416"/></Shape>
          <TextLine ID="eSc_line_6fb07acd"
                    BASELINE="205 437 531 435" 
                    HPOS="205.0"
                    VPOS="435.0"
                    WIDTH="326.0"
                    HEIGHT="2.0">
	    <String CONTENT=""
                    HPOS="205.0"
                    VPOS="435.0"
                    WIDTH="326.0"
                    HEIGHT="2.0"></String>
          </TextLine>
          <TextLine ID="eSc_line_5e5df3a0"
                    BASELINE="208 458 636 458" 
                    HPOS="208.0"
                    VPOS="458.0"
                    WIDTH="428.0"
                    HEIGHT="0.0">
	    <String CONTENT=""
                    HPOS="208.0"
                    VPOS="458.0"
                    WIDTH="428.0"
                    HEIGHT="0.0"></String>
          </TextLine>
          <TextLine ID="eSc_line_1194ea94"
                    BASELINE="163 480 556 478" 
                    HPOS="163.0"
                    VPOS="478.0"
                    WIDTH="393.0"
                    HEIGHT="2.0">
	    <String CONTENT=""
                    HPOS="163.0"
                    VPOS="478.0"
                    WIDTH="393.0"
                    HEIGHT="2.0"></String>
          </TextLine>
          <TextLine ID="eSc_line_1bc672b7"
                    BASELINE="165 502 474 498" 
                    HPOS="165.0"
                    VPOS="498.0"
                    WIDTH="309.0"
                    HEIGHT="4.0">
	    <String CONTENT=""
                    HPOS="165.0"
                    VPOS="498.0"
                    WIDTH="309.0"
                    HEIGHT="4.0"></String>
          </TextLine>
          <TextLine ID="eSc_line_b068bebf"
                    BASELINE="161 520 519 519" 
                    HPOS="161.0"
                    VPOS="519.0"
                    WIDTH="358.0"
                    HEIGHT="1.0">
	    <String CONTENT=""
                    HPOS="161.0"
                    VPOS="519.0"
                    WIDTH="358.0"
                    HEIGHT="1.0"></String>
          </TextLine>
          <TextLine ID="eSc_line_524c5a61"
                    BASELINE="163 541 521 541" 
                    HPOS="163.0"
                    VPOS="541.0"
                    WIDTH="358.0"
                    HEIGHT="0.0">
	    <String CONTENT=""
                    HPOS="163.0"
                    VPOS="541.0"
                    WIDTH="358.0"
                    HEIGHT="0.0"></String>
          </TextLine>
        </TextBlock>
        <TextBlock HPOS="198.0"
                   VPOS="549.0"
                   WIDTH="430.0"
                   HEIGHT="117.0"
                   ID="region_1718527925996_138"
                   TAGREFS="BT3655">
          <Shape><Polygon POINTS="628 666 200 664 198 586 238 586 239 549 628 553"/></Shape>
          <TextLine ID="eSc_line_38b5b3d5"
                    BASELINE="239 568 474 568" 
                    HPOS="239.0"
                    VPOS="568.0"
                    WIDTH="235.0"
                    HEIGHT="0.0">
	    <String CONTENT=""
                    HPOS="239.0"
                    VPOS="568.0"
                    WIDTH="235.0"
                    HEIGHT="0.0"></String>
          </TextLine>
          <TextLine ID="eSc_line_247d0af0"
                    BASELINE="245 583 583 585" 
                    HPOS="245.0"
                    VPOS="583.0"
                    WIDTH="338.0"
                    HEIGHT="2.0">
	    <String CONTENT=""
                    HPOS="245.0"
                    VPOS="583.0"
                    WIDTH="338.0"
                    HEIGHT="2.0"></String>
          </TextLine>
          <TextLine ID="eSc_line_578a6991"
                    BASELINE="211 602 521 602" 
                    HPOS="211.0"
                    VPOS="602.0"
                    WIDTH="310.0"
                    HEIGHT="0.0">
	    <String CONTENT=""
                    HPOS="211.0"
                    VPOS="602.0"
                    WIDTH="310.0"
                    HEIGHT="0.0"></String>
          </TextLine>
          <TextLine ID="eSc_line_344349cd"
                    BASELINE="210 618 466 616" 
                    HPOS="210.0"
                    VPOS="616.0"
                    WIDTH="256.0"
                    HEIGHT="2.0">
	    <String CONTENT=""
                    HPOS="210.0"
                    VPOS="616.0"
                    WIDTH="256.0"
                    HEIGHT="2.0"></String>
          </TextLine>
          <TextLine ID="eSc_line_7f640399"
                    BASELINE="213 632 555 631" 
                    HPOS="213.0"
                    VPOS="631.0"
                    WIDTH="342.0"
                    HEIGHT="1.0">
	    <String CONTENT=""
                    HPOS="213.0"
                    VPOS="631.0"
                    WIDTH="342.0"
                    HEIGHT="1.0"></String>
          </TextLine>
          <TextLine ID="eSc_line_ea7a1c5b"
                    BASELINE="210 647 549 645" 
                    HPOS="210.0"
                    VPOS="645.0"
                    WIDTH="339.0"
                    HEIGHT="2.0">
	    <String CONTENT=""
                    HPOS="210.0"
                    VPOS="645.0"
                    WIDTH="339.0"
                    HEIGHT="2.0"></String>
          </TextLine>
          <TextLine ID="eSc_line_965e18e7"
                    BASELINE="285 662 625 664" 
                    HPOS="285.0"
                    VPOS="662.0"
                    WIDTH="340.0"
                    HEIGHT="2.0">
	    <String CONTENT=""
                    HPOS="285.0"
                    VPOS="662.0"
                    WIDTH="340.0"
                    HEIGHT="2.0"></String>
          </TextLine>
        </TextBlock>
        <TextBlock HPOS="316.0"
                   VPOS="692.0"
                   WIDTH="181.0"
                   HEIGHT="41.0"
                   ID="region_1718527945436_147"
                   TAGREFS="BT3656">
          <Shape><Polygon POINTS="489 733 316 733 317 692 497 694"/></Shape>
          <TextLine ID="eSc_line_4098f471"
                    BASELINE="321 730 484 728" 
                    HPOS="321.0"
                    VPOS="728.0"
                    WIDTH="163.0"
                    HEIGHT="2.0">
	    <String CONTENT=""
                    HPOS="321.0"
                    VPOS="728.0"
                    WIDTH="163.0"
                    HEIGHT="2.0"></String>
          </TextLine>
        </TextBlock>
        <TextBlock HPOS="172.0"
                   VPOS="742.0"
                   WIDTH="50.0"
                   HEIGHT="41.0"
                   ID="region_1718527948506_150"
                   TAGREFS="BT3655">
          <Shape><Polygon POINTS="222 783 184 783 172 742 222 742"/></Shape>
          <TextLine ID="eSc_line_ffb93629"
                    BASELINE="222 762 483 760" 
                    HPOS="222.0"
                    VPOS="760.0"
                    WIDTH="261.0"
                    HEIGHT="2.0">
	    <String CONTENT=""
                    HPOS="222.0"
                    VPOS="760.0"
                    WIDTH="261.0"
                    HEIGHT="2.0"></String>
          </TextLine>
        </TextBlock>
        <TextBlock HPOS="171.0"
                   VPOS="737.0"
                   WIDTH="422.0"
                   HEIGHT="237.0"
                   ID="region_1718527953472_153"
                   TAGREFS="BT3655">
          <Shape><Polygon POINTS="593 974 176 974 171 786 199 784 222 784 221 737 585 739"/></Shape>
          <TextLine ID="eSc_line_6d8e0ec2"
                    BASELINE="227 781 565 782" 
                    HPOS="227.0"
                    VPOS="781.0"
                    WIDTH="338.0"
                    HEIGHT="1.0">
	    <String CONTENT=""
                    HPOS="227.0"
                    VPOS="781.0"
                    WIDTH="338.0"
                    HEIGHT="1.0"></String>
          </TextLine>
          <TextLine ID="eSc_line_42f50a09"
                    BASELINE="190 801 415 800" 
                    HPOS="190.0"
                    VPOS="800.0"
                    WIDTH="225.0"
                    HEIGHT="1.0">
	    <String CONTENT=""
                    HPOS="190.0"
                    VPOS="800.0"
                    WIDTH="225.0"
                    HEIGHT="1.0"></String>
          </TextLine>
          <TextLine ID="eSc_line_effc2bde"
                    BASELINE="189 825 484 822" 
                    HPOS="189.0"
                    VPOS="822.0"
                    WIDTH="295.0"
                    HEIGHT="3.0">
	    <String CONTENT=""
                    HPOS="189.0"
                    VPOS="822.0"
                    WIDTH="295.0"
                    HEIGHT="3.0"></String>
          </TextLine>
          <TextLine ID="eSc_line_f356ab89"
                    BASELINE="187 843 460 843" 
                    HPOS="187.0"
                    VPOS="843.0"
                    WIDTH="273.0"
                    HEIGHT="0.0">
	    <String CONTENT=""
                    HPOS="187.0"
                    VPOS="843.0"
                    WIDTH="273.0"
                    HEIGHT="0.0"></String>
          </TextLine>
          <TextLine ID="eSc_line_c7918b29"
                    BASELINE="214 878 496 877" 
                    HPOS="214.0"
                    VPOS="877.0"
                    WIDTH="282.0"
                    HEIGHT="1.0">
	    <String CONTENT=""
                    HPOS="214.0"
                    VPOS="877.0"
                    WIDTH="282.0"
                    HEIGHT="1.0"></String>
          </TextLine>
          <TextLine ID="eSc_line_b0050c93"
                    BASELINE="187 899 452 898" 
                    HPOS="187.0"
                    VPOS="898.0"
                    WIDTH="265.0"
                    HEIGHT="1.0">
	    <String CONTENT=""
                    HPOS="187.0"
                    VPOS="898.0"
                    WIDTH="265.0"
                    HEIGHT="1.0"></String>
          </TextLine>
          <TextLine ID="eSc_line_deed8caf"
                    BASELINE="188 918 428 916" 
                    HPOS="188.0"
                    VPOS="916.0"
                    WIDTH="240.0"
                    HEIGHT="2.0">
	    <String CONTENT=""
                    HPOS="188.0"
                    VPOS="916.0"
                    WIDTH="240.0"
                    HEIGHT="2.0"></String>
          </TextLine>
          <TextLine ID="eSc_line_f4ff26b6"
                    BASELINE="189 941 444 938" 
                    HPOS="189.0"
                    VPOS="938.0"
                    WIDTH="255.0"
                    HEIGHT="3.0">
	    <String CONTENT=""
                    HPOS="189.0"
                    VPOS="938.0"
                    WIDTH="255.0"
                    HEIGHT="3.0"></String>
          </TextLine>
          <TextLine ID="eSc_line_7e6ef169"
                    BASELINE="189 957 466 958" 
                    HPOS="189.0"
                    VPOS="957.0"
                    WIDTH="277.0"
                    HEIGHT="1.0">
	    <String CONTENT=""
                    HPOS="189.0"
                    VPOS="957.0"
                    WIDTH="277.0"
                    HEIGHT="1.0"></String>
          </TextLine>
        </TextBlock>
        <TextBlock HPOS="600"
                   VPOS="947"
                   WIDTH="53"
                   HEIGHT="41"
                   ID="region_1718527959327_159"
                   TAGREFS="BT3655">
          <Shape><Polygon POINTS="653 988 600 988 600 947 643 947"/></Shape>
          <TextLine ID="eSc_line_a3b0d756"
                    BASELINE="613 982 645 979" 
                    HPOS="613.0"
                    VPOS="979.0"
                    WIDTH="32.0"
                    HEIGHT="3.0">
	    <String CONTENT=""
                    HPOS="613.0"
                    VPOS="979.0"
                    WIDTH="32.0"
                    HEIGHT="3.0"></String>
          </TextLine>
        </TextBlock>
        <TextBlock HPOS="155.0"
                   VPOS="672.0"
                   WIDTH="492.0"
                   HEIGHT="15.0"
                   ID="region_1718527933572_144"
                   TAGREFS="BT3660">
          <Shape><Polygon POINTS="647 687 155 687 155 672 647 672"/></Shape>
        </TextBlock>
        <TextBlock HPOS="208.0"
                   VPOS="551.0"
                   WIDTH="30.0"
                   HEIGHT="31.0"
                   ID="region_1718527928440_141"
                   TAGREFS="BT3655">
          <Shape><Polygon POINTS="237 580 208 582 208 552 238 551"/></Shape>
        </TextBlock>
        <TextBlock HPOS="150.0"
                   VPOS="418.0"
                   WIDTH="54.0"
                   HEIGHT="40.0"
                   ID="region_1718527921249_135"
                   TAGREFS="BT3655">
          <Shape><Polygon POINTS="204 456 150 458 150 420 204 418"/></Shape>
        </TextBlock>
        <TextBlock HPOS="144.0"
                   VPOS="347.0"
                   WIDTH="485.0"
                   HEIGHT="17.0"
                   ID="region_1718527900029_126"
                   TAGREFS="BT3660">
          <Shape><Polygon POINTS="628 364 144 364 145 347 629 347"/></Shape>
        </TextBlock>
      </PrintSpace>
    </Page>
  </Layout>
</alto>
