<?xml version="1.0" encoding="UTF-8"?>
<alto xmlns:xsi="http://www.w3.org/2001/XMLSchema-instance"
      xmlns="http://www.loc.gov/standards/alto/ns-v4#"
      xsi:schemaLocation="http://www.loc.gov/standards/alto/ns-v4# http://www.loc.gov/standards/alto/v4/alto-4-2.xsd">
  <Description>
    <MeasurementUnit>pixel</MeasurementUnit>
    <sourceImageInformation>
      <fileName>0314.jpg</fileName>
    </sourceImageInformation>
  </Description>
  <Tags>
    <OtherTag ID="BT1" LABEL="Title" DESCRIPTION="block type Title"/><OtherTag ID="BT2" LABEL="Main" DESCRIPTION="block type Main"/><OtherTag ID="BT3" LABEL="Commentary" DESCRIPTION="block type Commentary"/><OtherTag ID="BT4" LABEL="Illustration" DESCRIPTION="block type Illustration"/><OtherTag ID="BT3654" LABEL="header" DESCRIPTION="block type header"/><OtherTag ID="BT3655" LABEL="paragraph" DESCRIPTION="block type paragraph"/><OtherTag ID="BT3656" LABEL="heading" DESCRIPTION="block type heading"/><OtherTag ID="BT3657" LABEL="footnote" DESCRIPTION="block type footnote"/><OtherTag ID="BT3658" LABEL="l-column" DESCRIPTION="block type l-column"/><OtherTag ID="BT3659" LABEL="r-column" DESCRIPTION="block type r-column"/><OtherTag ID="BT3660" LABEL="marginalia" DESCRIPTION="block type marginalia"/>
  </Tags>
  <Layout>
    <Page WIDTH="810"
          HEIGHT="1179"
          PHYSICAL_IMG_NR="10"
          ID="eSc_dummypage_">
      <PrintSpace HPOS="0"
                  VPOS="0"
                  WIDTH="810"
                  HEIGHT="1179">
        <TextBlock HPOS="231"
                   VPOS="125"
                   WIDTH="55"
                   HEIGHT="32"
                   ID="region_1719934316846_508"
                   TAGREFS="BT3655">
          <Shape><Polygon POINTS="286 154 231 157 231 125 276 125"/></Shape>
          <TextLine ID="eSc_line_1f3411b8"
                    BASELINE="236 153 241 153 250 153 276 151" 
                    HPOS="236.0"
                    VPOS="151.0"
                    WIDTH="40.0"
                    HEIGHT="2.0">
	    <String CONTENT=""
                    HPOS="236.0"
                    VPOS="151.0"
                    WIDTH="40.0"
                    HEIGHT="2.0"></String>
          </TextLine>
        </TextBlock>
        <TextBlock HPOS="216.0"
                   VPOS="176.0"
                   WIDTH="545.0"
                   HEIGHT="668.0"
                   ID="region_1719934321282_511"
                   TAGREFS="BT3655">
          <Shape><Polygon POINTS="761 844 216 841 224 176 721 176"/></Shape>
          <TextLine ID="eSc_line_62b18789"
                    BASELINE="249 204 716 209" 
                    HPOS="249.0"
                    VPOS="204.0"
                    WIDTH="467.0"
                    HEIGHT="5.0">
	    <String CONTENT=""
                    HPOS="249.0"
                    VPOS="204.0"
                    WIDTH="467.0"
                    HEIGHT="5.0"></String>
          </TextLine>
          <TextLine ID="eSc_line_a10f2bf9"
                    BASELINE="233 233 716 239" 
                    HPOS="233.0"
                    VPOS="233.0"
                    WIDTH="483.0"
                    HEIGHT="6.0">
	    <String CONTENT=""
                    HPOS="233.0"
                    VPOS="233.0"
                    WIDTH="483.0"
                    HEIGHT="6.0"></String>
          </TextLine>
          <TextLine ID="eSc_line_4fc07fd3"
                    BASELINE="235 267 718 271" 
                    HPOS="235.0"
                    VPOS="267.0"
                    WIDTH="483.0"
                    HEIGHT="4.0">
	    <String CONTENT=""
                    HPOS="235.0"
                    VPOS="267.0"
                    WIDTH="483.0"
                    HEIGHT="4.0"></String>
          </TextLine>
          <TextLine ID="eSc_line_0ede45ed"
                    BASELINE="229 300 718 307" 
                    HPOS="229.0"
                    VPOS="300.0"
                    WIDTH="489.0"
                    HEIGHT="7.0">
	    <String CONTENT=""
                    HPOS="229.0"
                    VPOS="300.0"
                    WIDTH="489.0"
                    HEIGHT="7.0"></String>
          </TextLine>
          <TextLine ID="eSc_line_ce4d9cd1"
                    BASELINE="230 331 621 330" 
                    HPOS="230.0"
                    VPOS="330.0"
                    WIDTH="391.0"
                    HEIGHT="1.0">
	    <String CONTENT=""
                    HPOS="230.0"
                    VPOS="330.0"
                    WIDTH="391.0"
                    HEIGHT="1.0"></String>
          </TextLine>
          <TextLine ID="eSc_line_b64887ac"
                    BASELINE="242 376 715 385" 
                    HPOS="242.0"
                    VPOS="376.0"
                    WIDTH="473.0"
                    HEIGHT="9.0">
	    <String CONTENT=""
                    HPOS="242.0"
                    VPOS="376.0"
                    WIDTH="473.0"
                    HEIGHT="9.0"></String>
          </TextLine>
          <TextLine ID="eSc_line_59c3f6b1"
                    BASELINE="232 408 716 416" 
                    HPOS="232.0"
                    VPOS="408.0"
                    WIDTH="484.0"
                    HEIGHT="8.0">
	    <String CONTENT=""
                    HPOS="232.0"
                    VPOS="408.0"
                    WIDTH="484.0"
                    HEIGHT="8.0"></String>
          </TextLine>
          <TextLine ID="eSc_line_b635053e"
                    BASELINE="232 442 718 448" 
                    HPOS="232.0"
                    VPOS="442.0"
                    WIDTH="486.0"
                    HEIGHT="6.0">
	    <String CONTENT=""
                    HPOS="232.0"
                    VPOS="442.0"
                    WIDTH="486.0"
                    HEIGHT="6.0"></String>
          </TextLine>
          <TextLine ID="eSc_line_a0a5209f"
                    BASELINE="229 475 720 481" 
                    HPOS="229.0"
                    VPOS="475.0"
                    WIDTH="491.0"
                    HEIGHT="6.0">
	    <String CONTENT=""
                    HPOS="229.0"
                    VPOS="475.0"
                    WIDTH="491.0"
                    HEIGHT="6.0"></String>
          </TextLine>
          <TextLine ID="eSc_line_0a88d54a"
                    BASELINE="224 508 721 512" 
                    HPOS="224.0"
                    VPOS="508.0"
                    WIDTH="497.0"
                    HEIGHT="4.0">
	    <String CONTENT=""
                    HPOS="224.0"
                    VPOS="508.0"
                    WIDTH="497.0"
                    HEIGHT="4.0"></String>
          </TextLine>
          <TextLine ID="eSc_line_3c293c15"
                    BASELINE="226 541 724 543" 
                    HPOS="226.0"
                    VPOS="541.0"
                    WIDTH="498.0"
                    HEIGHT="2.0">
	    <String CONTENT=""
                    HPOS="226.0"
                    VPOS="541.0"
                    WIDTH="498.0"
                    HEIGHT="2.0"></String>
          </TextLine>
          <TextLine ID="eSc_line_58565855"
                    BASELINE="227 572 721 576" 
                    HPOS="227.0"
                    VPOS="572.0"
                    WIDTH="494.0"
                    HEIGHT="4.0">
	    <String CONTENT=""
                    HPOS="227.0"
                    VPOS="572.0"
                    WIDTH="494.0"
                    HEIGHT="4.0"></String>
          </TextLine>
          <TextLine ID="eSc_line_22ed677a"
                    BASELINE="229 601 554 606" 
                    HPOS="229.0"
                    VPOS="601.0"
                    WIDTH="325.0"
                    HEIGHT="5.0">
	    <String CONTENT=""
                    HPOS="229.0"
                    VPOS="601.0"
                    WIDTH="325.0"
                    HEIGHT="5.0"></String>
          </TextLine>
          <TextLine ID="eSc_line_83542950"
                    BASELINE="244 649 717 654" 
                    HPOS="244.0"
                    VPOS="649.0"
                    WIDTH="473.0"
                    HEIGHT="5.0">
	    <String CONTENT=""
                    HPOS="244.0"
                    VPOS="649.0"
                    WIDTH="473.0"
                    HEIGHT="5.0"></String>
          </TextLine>
          <TextLine ID="eSc_line_d7ce3c5d"
                    BASELINE="232 683 718 685" 
                    HPOS="232.0"
                    VPOS="683.0"
                    WIDTH="486.0"
                    HEIGHT="2.0">
	    <String CONTENT=""
                    HPOS="232.0"
                    VPOS="683.0"
                    WIDTH="486.0"
                    HEIGHT="2.0"></String>
          </TextLine>
          <TextLine ID="eSc_line_7a53a915"
                    BASELINE="221 713 719 718" 
                    HPOS="221.0"
                    VPOS="713.0"
                    WIDTH="498.0"
                    HEIGHT="5.0">
	    <String CONTENT=""
                    HPOS="221.0"
                    VPOS="713.0"
                    WIDTH="498.0"
                    HEIGHT="5.0"></String>
          </TextLine>
          <TextLine ID="eSc_line_7831f830"
                    BASELINE="224 744 717 751" 
                    HPOS="224.0"
                    VPOS="744.0"
                    WIDTH="493.0"
                    HEIGHT="7.0">
	    <String CONTENT=""
                    HPOS="224.0"
                    VPOS="744.0"
                    WIDTH="493.0"
                    HEIGHT="7.0"></String>
          </TextLine>
          <TextLine ID="eSc_line_70680f9a"
                    BASELINE="219 776 719 781" 
                    HPOS="219.0"
                    VPOS="776.0"
                    WIDTH="500.0"
                    HEIGHT="5.0">
	    <String CONTENT=""
                    HPOS="219.0"
                    VPOS="776.0"
                    WIDTH="500.0"
                    HEIGHT="5.0"></String>
          </TextLine>
          <TextLine ID="eSc_line_8fcaffc4"
                    BASELINE="225 808 715 812" 
                    HPOS="225.0"
                    VPOS="808.0"
                    WIDTH="490.0"
                    HEIGHT="4.0">
	    <String CONTENT=""
                    HPOS="225.0"
                    VPOS="808.0"
                    WIDTH="490.0"
                    HEIGHT="4.0"></String>
          </TextLine>
          <TextLine ID="eSc_line_590d5444"
                    BASELINE="228 837 718 841" 
                    HPOS="228.0"
                    VPOS="837.0"
                    WIDTH="490.0"
                    HEIGHT="4.0">
	    <String CONTENT=""
                    HPOS="228.0"
                    VPOS="837.0"
                    WIDTH="490.0"
                    HEIGHT="4.0"></String>
          </TextLine>
        </TextBlock>
        <TextBlock HPOS="330"
                   VPOS="119"
                   WIDTH="305"
                   HEIGHT="44"
                   ID="region_1719934314258_505"
                   TAGREFS="BT3655">
          <Shape><Polygon POINTS="623 163 330 163 330 121 635 119"/></Shape>
          <TextLine ID="eSc_line_dcdb7743"
                    BASELINE="333 157 620 158" 
                    HPOS="333.0"
                    VPOS="157.0"
                    WIDTH="287.0"
                    HEIGHT="1.0">
	    <String CONTENT=""
                    HPOS="333.0"
                    VPOS="157.0"
                    WIDTH="287.0"
                    HEIGHT="1.0"></String>
          </TextLine>
        </TextBlock>
        <TextBlock HPOS="262.0"
                   VPOS="893.0"
                   WIDTH="204.0"
                   HEIGHT="23.0"
                   ID="region_1719934357786_526"
                   TAGREFS="BT3657">
          <Shape><Polygon POINTS="466 916 262 916 262 893 466 893"/></Shape>
          <TextLine ID="eSc_line_58ca1021"
                    BASELINE="268 915 460 913" 
                    HPOS="268.0"
                    VPOS="913.0"
                    WIDTH="192.0"
                    HEIGHT="2.0">
	    <String CONTENT=""
                    HPOS="268.0"
                    VPOS="913.0"
                    WIDTH="192.0"
                    HEIGHT="2.0"></String>
          </TextLine>
        </TextBlock>
        <TextBlock HPOS="259.0"
                   VPOS="917.0"
                   WIDTH="208.0"
                   HEIGHT="21.0"
                   ID="region_1719934364410_529"
                   TAGREFS="BT3657">
          <Shape><Polygon POINTS="467 938 259 938 259 917 467 917"/></Shape>
          <TextLine ID="eSc_line_88ef4d7b"
                    BASELINE="265 936 445 938" 
                    HPOS="265.0"
                    VPOS="936.0"
                    WIDTH="180.0"
                    HEIGHT="2.0">
	    <String CONTENT=""
                    HPOS="265.0"
                    VPOS="936.0"
                    WIDTH="180.0"
                    HEIGHT="2.0"></String>
          </TextLine>
        </TextBlock>
        <TextBlock HPOS="258.0"
                   VPOS="939.0"
                   WIDTH="208.0"
                   HEIGHT="20.0"
                   ID="region_1719934369598_532"
                   TAGREFS="BT3657">
          <Shape><Polygon POINTS="466 959 258 959 258 939 466 939"/></Shape>
          <TextLine ID="eSc_line_5dff9e88"
                    BASELINE="264 958 456 957" 
                    HPOS="264.0"
                    VPOS="957.0"
                    WIDTH="192.0"
                    HEIGHT="1.0">
	    <String CONTENT=""
                    HPOS="264.0"
                    VPOS="957.0"
                    WIDTH="192.0"
                    HEIGHT="1.0"></String>
          </TextLine>
        </TextBlock>
        <TextBlock HPOS="260.0"
                   VPOS="960.0"
                   WIDTH="145.0"
                   HEIGHT="14.0"
                   ID="region_1719934373266_535"
                   TAGREFS="BT3657">
          <Shape><Polygon POINTS="405 974 260 974 260 960 405 960"/></Shape>
          <TextLine ID="eSc_line_37e8d648"
                    BASELINE="260 973 397 973" 
                    HPOS="260.0"
                    VPOS="973.0"
                    WIDTH="137.0"
                    HEIGHT="0.0">
	    <String CONTENT=""
                    HPOS="260.0"
                    VPOS="973.0"
                    WIDTH="137.0"
                    HEIGHT="0.0"></String>
          </TextLine>
        </TextBlock>
        <TextBlock HPOS="258.0"
                   VPOS="976.0"
                   WIDTH="455.0"
                   HEIGHT="62.0"
                   ID="region_1719934380542_538"
                   TAGREFS="BT3657">
          <Shape><Polygon POINTS="711 1038 258 1038 260 976 713 976"/></Shape>
          <TextLine ID="eSc_line_2669458c"
                    BASELINE="260 996 711 998" 
                    HPOS="260.0"
                    VPOS="996.0"
                    WIDTH="451.0"
                    HEIGHT="2.0">
	    <String CONTENT=""
                    HPOS="260.0"
                    VPOS="996.0"
                    WIDTH="451.0"
                    HEIGHT="2.0"></String>
          </TextLine>
          <TextLine ID="eSc_line_7eb9cd07"
                    BASELINE="286 1013 707 1019" 
                    HPOS="286.0"
                    VPOS="1013.0"
                    WIDTH="421.0"
                    HEIGHT="6.0">
	    <String CONTENT=""
                    HPOS="286.0"
                    VPOS="1013.0"
                    WIDTH="421.0"
                    HEIGHT="6.0"></String>
          </TextLine>
          <TextLine ID="eSc_line_0a4188c2"
                    BASELINE="288 1035 362 1036" 
                    HPOS="288.0"
                    VPOS="1035.0"
                    WIDTH="74.0"
                    HEIGHT="1.0">
	    <String CONTENT=""
                    HPOS="288.0"
                    VPOS="1035.0"
                    WIDTH="74.0"
                    HEIGHT="1.0"></String>
          </TextLine>
        </TextBlock>
        <TextBlock HPOS="642"
                   VPOS="845"
                   WIDTH="75"
                   HEIGHT="36"
                   ID="region_1719934335194_520"
                   TAGREFS="BT3655">
          <Shape><Polygon POINTS="717 881 642 881 642 845 717 850"/></Shape>
          <TextLine ID="eSc_line_afc7423c"
                    BASELINE="645 873 713 873" 
                    HPOS="645.0"
                    VPOS="873.0"
                    WIDTH="68.0"
                    HEIGHT="0.0">
	    <String CONTENT=""
                    HPOS="645.0"
                    VPOS="873.0"
                    WIDTH="68.0"
                    HEIGHT="0.0"></String>
          </TextLine>
        </TextBlock>
      </PrintSpace>
    </Page>
  </Layout>
</alto>
