<?xml version="1.0" encoding="UTF-8"?>
<alto xmlns:xsi="http://www.w3.org/2001/XMLSchema-instance"
      xmlns="http://www.loc.gov/standards/alto/ns-v4#"
      xsi:schemaLocation="http://www.loc.gov/standards/alto/ns-v4# http://www.loc.gov/standards/alto/v4/alto-4-2.xsd">
  <Description>
    <MeasurementUnit>pixel</MeasurementUnit>
    <sourceImageInformation>
      <fileName>1764,_Saemtliche_Poetische_Werke,_Bohn,_3._Aufl.,_Bd._1,_VD18_80365027_Seite_158_Bild_0001.jpg</fileName>
    </sourceImageInformation>
  </Description>
  <Tags>
    <OtherTag ID="BT1" LABEL="Title" DESCRIPTION="block type Title"/><OtherTag ID="BT2" LABEL="Main" DESCRIPTION="block type Main"/><OtherTag ID="BT3" LABEL="Commentary" DESCRIPTION="block type Commentary"/><OtherTag ID="BT4" LABEL="Illustration" DESCRIPTION="block type Illustration"/><OtherTag ID="BT3654" LABEL="header" DESCRIPTION="block type header"/><OtherTag ID="BT3655" LABEL="paragraph" DESCRIPTION="block type paragraph"/><OtherTag ID="BT3656" LABEL="heading" DESCRIPTION="block type heading"/><OtherTag ID="BT3657" LABEL="footnote" DESCRIPTION="block type footnote"/><OtherTag ID="BT3658" LABEL="l-column" DESCRIPTION="block type l-column"/><OtherTag ID="BT3659" LABEL="r-column" DESCRIPTION="block type r-column"/><OtherTag ID="BT3660" LABEL="marginalia" DESCRIPTION="block type marginalia"/>
  </Tags>
  <Layout>
    <Page WIDTH="949"
          HEIGHT="1500"
          PHYSICAL_IMG_NR="23"
          ID="eSc_dummypage_">
      <PrintSpace HPOS="0"
                  VPOS="0"
                  WIDTH="949"
                  HEIGHT="1500">
        <TextBlock HPOS="190"
                   VPOS="98"
                   WIDTH="78"
                   HEIGHT="53"
                   ID="region_1720165372287_261"
                   TAGREFS="BT3655">
          <Shape><Polygon POINTS="268 151 202 151 190 98 268 106"/></Shape>
          <TextLine ID="eSc_line_1334b175"
                    BASELINE="210 143 261 144" 
                    HPOS="210.0"
                    VPOS="143.0"
                    WIDTH="51.0"
                    HEIGHT="1.0">
	    <String CONTENT=""
                    HPOS="210.0"
                    VPOS="143.0"
                    WIDTH="51.0"
                    HEIGHT="1.0"></String>
          </TextLine>
        </TextBlock>
        <TextBlock HPOS="227.0"
                   VPOS="164.0"
                   WIDTH="569.0"
                   HEIGHT="192.0"
                   ID="region_1720165377287_264"
                   TAGREFS="BT3655">
          <Shape><Polygon POINTS="787 356 227 356 228 164 796 164"/></Shape>
          <TextLine ID="eSc_line_0be3c360"
                    BASELINE="237 195 747 206" 
                    HPOS="237.0"
                    VPOS="195.0"
                    WIDTH="510.0"
                    HEIGHT="11.0">
	    <String CONTENT=""
                    HPOS="237.0"
                    VPOS="195.0"
                    WIDTH="510.0"
                    HEIGHT="11.0"></String>
          </TextLine>
          <TextLine ID="eSc_line_3dd7d9b4"
                    BASELINE="238 225 715 232" 
                    HPOS="238.0"
                    VPOS="225.0"
                    WIDTH="477.0"
                    HEIGHT="7.0">
	    <String CONTENT=""
                    HPOS="238.0"
                    VPOS="225.0"
                    WIDTH="477.0"
                    HEIGHT="7.0"></String>
          </TextLine>
          <TextLine ID="eSc_line_08960b95"
                    BASELINE="238 255 721 258" 
                    HPOS="238.0"
                    VPOS="255.0"
                    WIDTH="483.0"
                    HEIGHT="3.0">
	    <String CONTENT=""
                    HPOS="238.0"
                    VPOS="255.0"
                    WIDTH="483.0"
                    HEIGHT="3.0"></String>
          </TextLine>
          <TextLine ID="eSc_line_37719979"
                    BASELINE="235 282 768 288" 
                    HPOS="235.0"
                    VPOS="282.0"
                    WIDTH="533.0"
                    HEIGHT="6.0">
	    <String CONTENT=""
                    HPOS="235.0"
                    VPOS="282.0"
                    WIDTH="533.0"
                    HEIGHT="6.0"></String>
          </TextLine>
          <TextLine ID="eSc_line_52dfb35b"
                    BASELINE="231 313 731 317" 
                    HPOS="231.0"
                    VPOS="313.0"
                    WIDTH="500.0"
                    HEIGHT="4.0">
	    <String CONTENT=""
                    HPOS="231.0"
                    VPOS="313.0"
                    WIDTH="500.0"
                    HEIGHT="4.0"></String>
          </TextLine>
          <TextLine ID="eSc_line_dcb66990"
                    BASELINE="232 342 670 347" 
                    HPOS="232.0"
                    VPOS="342.0"
                    WIDTH="438.0"
                    HEIGHT="5.0">
	    <String CONTENT=""
                    HPOS="232.0"
                    VPOS="342.0"
                    WIDTH="438.0"
                    HEIGHT="5.0"></String>
          </TextLine>
        </TextBlock>
        <TextBlock HPOS="362"
                   VPOS="98"
                   WIDTH="367"
                   HEIGHT="60"
                   ID="region_1720165368276_258"
                   TAGREFS="BT3655">
          <Shape><Polygon POINTS="729 156 362 158 362 98 728 98"/></Shape>
          <TextLine ID="eSc_line_a9c7615f"
                    BASELINE="380 150 724 152" 
                    HPOS="380.0"
                    VPOS="150.0"
                    WIDTH="344.0"
                    HEIGHT="2.0">
	    <String CONTENT=""
                    HPOS="380.0"
                    VPOS="150.0"
                    WIDTH="344.0"
                    HEIGHT="2.0"></String>
          </TextLine>
        </TextBlock>
        <TextBlock HPOS="372.0"
                   VPOS="410.0"
                   WIDTH="350.0"
                   HEIGHT="60.0"
                   ID="region_1720165389571_267"
                   TAGREFS="BT3656">
          <Shape><Polygon POINTS="722 466 372 470 372 410 707 410"/></Shape>
          <TextLine ID="eSc_line_b29841ae"
                    BASELINE="378 468 709 466" 
                    HPOS="378.0"
                    VPOS="466.0"
                    WIDTH="331.0"
                    HEIGHT="2.0">
	    <String CONTENT=""
                    HPOS="378.0"
                    VPOS="466.0"
                    WIDTH="331.0"
                    HEIGHT="2.0"></String>
          </TextLine>
        </TextBlock>
        <TextBlock HPOS="201.0"
                   VPOS="483.0"
                   WIDTH="656.0"
                   HEIGHT="389.0"
                   ID="region_1720165400743_273"
                   TAGREFS="BT3655">
          <Shape><Polygon POINTS="857 872 202 872 202 598 201 553 274 552 273 483 857 487"/></Shape>
          <TextLine ID="eSc_line_1be1d53c"
                    BASELINE="278 514 846 522" 
                    HPOS="278.0"
                    VPOS="514.0"
                    WIDTH="568.0"
                    HEIGHT="8.0">
	    <String CONTENT=""
                    HPOS="278.0"
                    VPOS="514.0"
                    WIDTH="568.0"
                    HEIGHT="8.0"></String>
          </TextLine>
          <TextLine ID="eSc_line_f29efd09"
                    BASELINE="296 547 853 554" 
                    HPOS="296.0"
                    VPOS="547.0"
                    WIDTH="557.0"
                    HEIGHT="7.0">
	    <String CONTENT=""
                    HPOS="296.0"
                    VPOS="547.0"
                    WIDTH="557.0"
                    HEIGHT="7.0"></String>
          </TextLine>
          <TextLine ID="eSc_line_1cd7f593"
                    BASELINE="518 575 663 574" 
                    HPOS="518.0"
                    VPOS="574.0"
                    WIDTH="145.0"
                    HEIGHT="1.0">
	    <String CONTENT=""
                    HPOS="518.0"
                    VPOS="574.0"
                    WIDTH="145.0"
                    HEIGHT="1.0"></String>
          </TextLine>
          <TextLine ID="eSc_line_f63a25e2"
                    BASELINE="205 603 835 608" 
                    HPOS="205.0"
                    VPOS="603.0"
                    WIDTH="630.0"
                    HEIGHT="5.0">
	    <String CONTENT=""
                    HPOS="205.0"
                    VPOS="603.0"
                    WIDTH="630.0"
                    HEIGHT="5.0"></String>
          </TextLine>
          <TextLine ID="eSc_line_09c0d001"
                    BASELINE="205 633 792 638" 
                    HPOS="205.0"
                    VPOS="633.0"
                    WIDTH="587.0"
                    HEIGHT="5.0">
	    <String CONTENT=""
                    HPOS="205.0"
                    VPOS="633.0"
                    WIDTH="587.0"
                    HEIGHT="5.0"></String>
          </TextLine>
          <TextLine ID="eSc_line_fa69f6f1"
                    BASELINE="204 660 709 662" 
                    HPOS="204.0"
                    VPOS="660.0"
                    WIDTH="505.0"
                    HEIGHT="2.0">
	    <String CONTENT=""
                    HPOS="204.0"
                    VPOS="660.0"
                    WIDTH="505.0"
                    HEIGHT="2.0"></String>
          </TextLine>
          <TextLine ID="eSc_line_13a10f7c"
                    BASELINE="205 689 697 688" 
                    HPOS="205.0"
                    VPOS="688.0"
                    WIDTH="492.0"
                    HEIGHT="1.0">
	    <String CONTENT=""
                    HPOS="205.0"
                    VPOS="688.0"
                    WIDTH="492.0"
                    HEIGHT="1.0"></String>
          </TextLine>
          <TextLine ID="eSc_line_630a048d"
                    BASELINE="206 718 763 718" 
                    HPOS="206.0"
                    VPOS="718.0"
                    WIDTH="557.0"
                    HEIGHT="0.0">
	    <String CONTENT=""
                    HPOS="206.0"
                    VPOS="718.0"
                    WIDTH="557.0"
                    HEIGHT="0.0"></String>
          </TextLine>
          <TextLine ID="eSc_line_fd2f341c"
                    BASELINE="205 745 754 748" 
                    HPOS="205.0"
                    VPOS="745.0"
                    WIDTH="549.0"
                    HEIGHT="3.0">
	    <String CONTENT=""
                    HPOS="205.0"
                    VPOS="745.0"
                    WIDTH="549.0"
                    HEIGHT="3.0"></String>
          </TextLine>
          <TextLine ID="eSc_line_f5a19d01"
                    BASELINE="205 774 716 777" 
                    HPOS="205.0"
                    VPOS="774.0"
                    WIDTH="511.0"
                    HEIGHT="3.0">
	    <String CONTENT=""
                    HPOS="205.0"
                    VPOS="774.0"
                    WIDTH="511.0"
                    HEIGHT="3.0"></String>
          </TextLine>
          <TextLine ID="eSc_line_591250d8"
                    BASELINE="203 803 761 803" 
                    HPOS="203.0"
                    VPOS="803.0"
                    WIDTH="558.0"
                    HEIGHT="0.0">
	    <String CONTENT=""
                    HPOS="203.0"
                    VPOS="803.0"
                    WIDTH="558.0"
                    HEIGHT="0.0"></String>
          </TextLine>
          <TextLine ID="eSc_line_cdf33692"
                    BASELINE="205 830 729 832" 
                    HPOS="205.0"
                    VPOS="830.0"
                    WIDTH="524.0"
                    HEIGHT="2.0">
	    <String CONTENT=""
                    HPOS="205.0"
                    VPOS="830.0"
                    WIDTH="524.0"
                    HEIGHT="2.0"></String>
          </TextLine>
          <TextLine ID="eSc_line_6050bb7b"
                    BASELINE="206 862 826 863" 
                    HPOS="206.0"
                    VPOS="862.0"
                    WIDTH="620.0"
                    HEIGHT="1.0">
	    <String CONTENT=""
                    HPOS="206.0"
                    VPOS="862.0"
                    WIDTH="620.0"
                    HEIGHT="1.0"></String>
          </TextLine>
        </TextBlock>
        <TextBlock HPOS="188.0"
                   VPOS="1059.0"
                   WIDTH="328.0"
                   HEIGHT="265.0"
                   ID="region_1720165416763_282"
                   TAGREFS="BT3658">
          <Shape><Polygon POINTS="516 1324 188 1324 188 1059 516 1059"/></Shape>
          <TextLine ID="eSc_line_b29bb232"
                    BASELINE="220 1092 510 1090" 
                    HPOS="220.0"
                    VPOS="1090.0"
                    WIDTH="290.0"
                    HEIGHT="2.0">
	    <String CONTENT=""
                    HPOS="220.0"
                    VPOS="1090.0"
                    WIDTH="290.0"
                    HEIGHT="2.0"></String>
          </TextLine>
          <TextLine ID="eSc_line_dfd8f77b"
                    BASELINE="354 1110 452 1109" 
                    HPOS="354.0"
                    VPOS="1109.0"
                    WIDTH="98.0"
                    HEIGHT="1.0">
	    <String CONTENT=""
                    HPOS="354.0"
                    VPOS="1109.0"
                    WIDTH="98.0"
                    HEIGHT="1.0"></String>
          </TextLine>
          <TextLine ID="eSc_line_747e15bf"
                    BASELINE="303 1134 511 1135" 
                    HPOS="303.0"
                    VPOS="1134.0"
                    WIDTH="208.0"
                    HEIGHT="1.0">
	    <String CONTENT=""
                    HPOS="303.0"
                    VPOS="1134.0"
                    WIDTH="208.0"
                    HEIGHT="1.0"></String>
          </TextLine>
          <TextLine ID="eSc_line_cc38a10f"
                    BASELINE="217 1163 510 1158" 
                    HPOS="217.0"
                    VPOS="1158.0"
                    WIDTH="293.0"
                    HEIGHT="5.0">
	    <String CONTENT=""
                    HPOS="217.0"
                    VPOS="1158.0"
                    WIDTH="293.0"
                    HEIGHT="5.0"></String>
          </TextLine>
          <TextLine ID="eSc_line_f0c516e1"
                    BASELINE="195 1185 505 1180" 
                    HPOS="195.0"
                    VPOS="1180.0"
                    WIDTH="310.0"
                    HEIGHT="5.0">
	    <String CONTENT=""
                    HPOS="195.0"
                    VPOS="1180.0"
                    WIDTH="310.0"
                    HEIGHT="5.0"></String>
          </TextLine>
          <TextLine ID="eSc_line_4b1e4da0"
                    BASELINE="191 1208 511 1204" 
                    HPOS="191.0"
                    VPOS="1204.0"
                    WIDTH="320.0"
                    HEIGHT="4.0">
	    <String CONTENT=""
                    HPOS="191.0"
                    VPOS="1204.0"
                    WIDTH="320.0"
                    HEIGHT="4.0"></String>
          </TextLine>
          <TextLine ID="eSc_line_f0319068"
                    BASELINE="197 1233 509 1226" 
                    HPOS="197.0"
                    VPOS="1226.0"
                    WIDTH="312.0"
                    HEIGHT="7.0">
	    <String CONTENT=""
                    HPOS="197.0"
                    VPOS="1226.0"
                    WIDTH="312.0"
                    HEIGHT="7.0"></String>
          </TextLine>
          <TextLine ID="eSc_line_fe5c6291"
                    BASELINE="191 1254 512 1250" 
                    HPOS="191.0"
                    VPOS="1250.0"
                    WIDTH="321.0"
                    HEIGHT="4.0">
	    <String CONTENT=""
                    HPOS="191.0"
                    VPOS="1250.0"
                    WIDTH="321.0"
                    HEIGHT="4.0"></String>
          </TextLine>
          <TextLine ID="eSc_line_29f7e029"
                    BASELINE="193 1274 512 1273" 
                    HPOS="193.0"
                    VPOS="1273.0"
                    WIDTH="319.0"
                    HEIGHT="1.0">
	    <String CONTENT=""
                    HPOS="193.0"
                    VPOS="1273.0"
                    WIDTH="319.0"
                    HEIGHT="1.0"></String>
          </TextLine>
          <TextLine ID="eSc_line_34a6e1d0"
                    BASELINE="190 1295 514 1295" 
                    HPOS="190.0"
                    VPOS="1295.0"
                    WIDTH="324.0"
                    HEIGHT="0.0">
	    <String CONTENT=""
                    HPOS="190.0"
                    VPOS="1295.0"
                    WIDTH="324.0"
                    HEIGHT="0.0"></String>
          </TextLine>
          <TextLine ID="eSc_line_4be40faa"
                    BASELINE="193 1319 507 1318" 
                    HPOS="193.0"
                    VPOS="1318.0"
                    WIDTH="314.0"
                    HEIGHT="1.0">
	    <String CONTENT=""
                    HPOS="193.0"
                    VPOS="1318.0"
                    WIDTH="314.0"
                    HEIGHT="1.0"></String>
          </TextLine>
        </TextBlock>
        <TextBlock HPOS="527.0"
                   VPOS="1063.0"
                   WIDTH="331.0"
                   HEIGHT="256.0"
                   ID="region_1720165422846_285"
                   TAGREFS="BT3659">
          <Shape><Polygon POINTS="858 1319 528 1319 527 1063 857 1063"/></Shape>
          <TextLine ID="eSc_line_3682e5d5"
                    BASELINE="535 1092 854 1092" 
                    HPOS="535.0"
                    VPOS="1092.0"
                    WIDTH="319.0"
                    HEIGHT="0.0">
	    <String CONTENT=""
                    HPOS="535.0"
                    VPOS="1092.0"
                    WIDTH="319.0"
                    HEIGHT="0.0"></String>
          </TextLine>
          <TextLine ID="eSc_line_b53a6cfa"
                    BASELINE="536 1115 854 1114" 
                    HPOS="536.0"
                    VPOS="1114.0"
                    WIDTH="318.0"
                    HEIGHT="1.0">
	    <String CONTENT=""
                    HPOS="536.0"
                    VPOS="1114.0"
                    WIDTH="318.0"
                    HEIGHT="1.0"></String>
          </TextLine>
          <TextLine ID="eSc_line_781ed309"
                    BASELINE="533 1138 853 1136" 
                    HPOS="533.0"
                    VPOS="1136.0"
                    WIDTH="320.0"
                    HEIGHT="2.0">
	    <String CONTENT=""
                    HPOS="533.0"
                    VPOS="1136.0"
                    WIDTH="320.0"
                    HEIGHT="2.0"></String>
          </TextLine>
          <TextLine ID="eSc_line_01c5a2b1"
                    BASELINE="532 1157 850 1158" 
                    HPOS="532.0"
                    VPOS="1157.0"
                    WIDTH="318.0"
                    HEIGHT="1.0">
	    <String CONTENT=""
                    HPOS="532.0"
                    VPOS="1157.0"
                    WIDTH="318.0"
                    HEIGHT="1.0"></String>
          </TextLine>
          <TextLine ID="eSc_line_067f8377"
                    BASELINE="531 1182 853 1183" 
                    HPOS="531.0"
                    VPOS="1182.0"
                    WIDTH="322.0"
                    HEIGHT="1.0">
	    <String CONTENT=""
                    HPOS="531.0"
                    VPOS="1182.0"
                    WIDTH="322.0"
                    HEIGHT="1.0"></String>
          </TextLine>
          <TextLine ID="eSc_line_bffab130"
                    BASELINE="531 1205 853 1203" 
                    HPOS="531.0"
                    VPOS="1203.0"
                    WIDTH="322.0"
                    HEIGHT="2.0">
	    <String CONTENT=""
                    HPOS="531.0"
                    VPOS="1203.0"
                    WIDTH="322.0"
                    HEIGHT="2.0"></String>
          </TextLine>
          <TextLine ID="eSc_line_1f59e963"
                    BASELINE="531 1227 851 1227" 
                    HPOS="531.0"
                    VPOS="1227.0"
                    WIDTH="320.0"
                    HEIGHT="0.0">
	    <String CONTENT=""
                    HPOS="531.0"
                    VPOS="1227.0"
                    WIDTH="320.0"
                    HEIGHT="0.0"></String>
          </TextLine>
          <TextLine ID="eSc_line_9bfa4b61"
                    BASELINE="531 1249 854 1252" 
                    HPOS="531.0"
                    VPOS="1249.0"
                    WIDTH="323.0"
                    HEIGHT="3.0">
	    <String CONTENT=""
                    HPOS="531.0"
                    VPOS="1249.0"
                    WIDTH="323.0"
                    HEIGHT="3.0"></String>
          </TextLine>
          <TextLine ID="eSc_line_d19fc83d"
                    BASELINE="531 1272 853 1272" 
                    HPOS="531.0"
                    VPOS="1272.0"
                    WIDTH="322.0"
                    HEIGHT="0.0">
	    <String CONTENT=""
                    HPOS="531.0"
                    VPOS="1272.0"
                    WIDTH="322.0"
                    HEIGHT="0.0"></String>
          </TextLine>
          <TextLine ID="eSc_line_fe00366c"
                    BASELINE="532 1295 848 1296" 
                    HPOS="532.0"
                    VPOS="1295.0"
                    WIDTH="316.0"
                    HEIGHT="1.0">
	    <String CONTENT=""
                    HPOS="532.0"
                    VPOS="1295.0"
                    WIDTH="316.0"
                    HEIGHT="1.0"></String>
          </TextLine>
          <TextLine ID="eSc_line_35174fbf"
                    BASELINE="534 1319 692 1317" 
                    HPOS="534.0"
                    VPOS="1317.0"
                    WIDTH="158.0"
                    HEIGHT="2.0">
	    <String CONTENT=""
                    HPOS="534.0"
                    VPOS="1317.0"
                    WIDTH="158.0"
                    HEIGHT="2.0"></String>
          </TextLine>
        </TextBlock>
        <TextBlock HPOS="756"
                   VPOS="985"
                   WIDTH="121"
                   HEIGHT="53"
                   ID="region_1720165405751_276"
                   TAGREFS="BT3655">
          <Shape><Polygon POINTS="858 1038 756 1038 756 993 877 985"/></Shape>
          <TextLine ID="eSc_line_97e14455"
                    BASELINE="765 1035 855 1034" 
                    HPOS="765.0"
                    VPOS="1034.0"
                    WIDTH="90.0"
                    HEIGHT="1.0">
	    <String CONTENT=""
                    HPOS="765.0"
                    VPOS="1034.0"
                    WIDTH="90.0"
                    HEIGHT="1.0"></String>
          </TextLine>
        </TextBlock>
        <TextBlock HPOS="188.0"
                   VPOS="478.0"
                   WIDTH="88.0"
                   HEIGHT="66.0"
                   ID="region_1720165394251_270"
                   TAGREFS="BT3655">
          <Shape><Polygon POINTS="276 544 204 544 188 478 276 483"/></Shape>
        </TextBlock>
      </PrintSpace>
    </Page>
  </Layout>
</alto>
