<?xml version="1.0" encoding="UTF-8"?>
<alto xmlns:xsi="http://www.w3.org/2001/XMLSchema-instance"
      xmlns="http://www.loc.gov/standards/alto/ns-v4#"
      xsi:schemaLocation="http://www.loc.gov/standards/alto/ns-v4# http://www.loc.gov/standards/alto/v4/alto-4-2.xsd">
  <Description>
    <MeasurementUnit>pixel</MeasurementUnit>
    <sourceImageInformation>
      <fileName>1764,_Saemtliche_Poetische_Werke,_Bohn,_3._Aufl.,_Bd._3,_VD18_80365043_Seite_181_Bild_0001.jpg</fileName>
    </sourceImageInformation>
  </Description>
  <Tags>
    <OtherTag ID="BT1" LABEL="Title" DESCRIPTION="block type Title"/><OtherTag ID="BT2" LABEL="Main" DESCRIPTION="block type Main"/><OtherTag ID="BT3" LABEL="Commentary" DESCRIPTION="block type Commentary"/><OtherTag ID="BT4" LABEL="Illustration" DESCRIPTION="block type Illustration"/><OtherTag ID="BT3654" LABEL="header" DESCRIPTION="block type header"/><OtherTag ID="BT3655" LABEL="paragraph" DESCRIPTION="block type paragraph"/><OtherTag ID="BT3656" LABEL="heading" DESCRIPTION="block type heading"/><OtherTag ID="BT3657" LABEL="footnote" DESCRIPTION="block type footnote"/><OtherTag ID="BT3658" LABEL="l-column" DESCRIPTION="block type l-column"/><OtherTag ID="BT3659" LABEL="r-column" DESCRIPTION="block type r-column"/><OtherTag ID="BT3660" LABEL="marginalia" DESCRIPTION="block type marginalia"/>
  </Tags>
  <Layout>
    <Page WIDTH="949"
          HEIGHT="1500"
          PHYSICAL_IMG_NR="21"
          ID="eSc_dummypage_">
      <PrintSpace HPOS="0"
                  VPOS="0"
                  WIDTH="949"
                  HEIGHT="1500">
        <TextBlock HPOS="72.0"
                   VPOS="188.0"
                   WIDTH="719.0"
                   HEIGHT="1000.0"
                   ID="region_1720346223262_339"
                   TAGREFS="BT3655">
          <Shape><Polygon POINTS="791 1172 72 1188 72 188 787 188"/></Shape>
          <TextLine ID="eSc_line_4cdf2657"
                    BASELINE="119 227 773 218" 
                    HPOS="119.0"
                    VPOS="218.0"
                    WIDTH="654.0"
                    HEIGHT="9.0">
	    <String CONTENT=""
                    HPOS="119.0"
                    VPOS="218.0"
                    WIDTH="654.0"
                    HEIGHT="9.0"></String>
          </TextLine>
          <TextLine ID="eSc_line_542f30fb"
                    BASELINE="114 256 770 247" 
                    HPOS="114.0"
                    VPOS="247.0"
                    WIDTH="656.0"
                    HEIGHT="9.0">
	    <String CONTENT=""
                    HPOS="114.0"
                    VPOS="247.0"
                    WIDTH="656.0"
                    HEIGHT="9.0"></String>
          </TextLine>
          <TextLine ID="eSc_line_76ad81c3"
                    BASELINE="118 284 773 277" 
                    HPOS="118.0"
                    VPOS="277.0"
                    WIDTH="655.0"
                    HEIGHT="7.0">
	    <String CONTENT=""
                    HPOS="118.0"
                    VPOS="277.0"
                    WIDTH="655.0"
                    HEIGHT="7.0"></String>
          </TextLine>
          <TextLine ID="eSc_line_15a3ed26"
                    BASELINE="117 312 778 303" 
                    HPOS="117.0"
                    VPOS="303.0"
                    WIDTH="661.0"
                    HEIGHT="9.0">
	    <String CONTENT=""
                    HPOS="117.0"
                    VPOS="303.0"
                    WIDTH="661.0"
                    HEIGHT="9.0"></String>
          </TextLine>
          <TextLine ID="eSc_line_369b82a5"
                    BASELINE="114 342 778 331" 
                    HPOS="114.0"
                    VPOS="331.0"
                    WIDTH="664.0"
                    HEIGHT="11.0">
	    <String CONTENT=""
                    HPOS="114.0"
                    VPOS="331.0"
                    WIDTH="664.0"
                    HEIGHT="11.0"></String>
          </TextLine>
          <TextLine ID="eSc_line_39b43e55"
                    BASELINE="115 371 775 361" 
                    HPOS="115.0"
                    VPOS="361.0"
                    WIDTH="660.0"
                    HEIGHT="10.0">
	    <String CONTENT=""
                    HPOS="115.0"
                    VPOS="361.0"
                    WIDTH="660.0"
                    HEIGHT="10.0"></String>
          </TextLine>
          <TextLine ID="eSc_line_60c44fba"
                    BASELINE="110 397 774 390" 
                    HPOS="110.0"
                    VPOS="390.0"
                    WIDTH="664.0"
                    HEIGHT="7.0">
	    <String CONTENT=""
                    HPOS="110.0"
                    VPOS="390.0"
                    WIDTH="664.0"
                    HEIGHT="7.0"></String>
          </TextLine>
          <TextLine ID="eSc_line_a1dea83c"
                    BASELINE="118 425 392 425" 
                    HPOS="118.0"
                    VPOS="425.0"
                    WIDTH="274.0"
                    HEIGHT="0.0">
	    <String CONTENT=""
                    HPOS="118.0"
                    VPOS="425.0"
                    WIDTH="274.0"
                    HEIGHT="0.0"></String>
          </TextLine>
          <TextLine ID="eSc_line_c798f4f5"
                    BASELINE="160 458 774 452" 
                    HPOS="160.0"
                    VPOS="452.0"
                    WIDTH="614.0"
                    HEIGHT="6.0">
	    <String CONTENT=""
                    HPOS="160.0"
                    VPOS="452.0"
                    WIDTH="614.0"
                    HEIGHT="6.0"></String>
          </TextLine>
          <TextLine ID="eSc_line_4776dc3b"
                    BASELINE="119 486 774 480" 
                    HPOS="119.0"
                    VPOS="480.0"
                    WIDTH="655.0"
                    HEIGHT="6.0">
	    <String CONTENT=""
                    HPOS="119.0"
                    VPOS="480.0"
                    WIDTH="655.0"
                    HEIGHT="6.0"></String>
          </TextLine>
          <TextLine ID="eSc_line_4ea88ac8"
                    BASELINE="116 515 347 513" 
                    HPOS="116.0"
                    VPOS="513.0"
                    WIDTH="231.0"
                    HEIGHT="2.0">
	    <String CONTENT=""
                    HPOS="116.0"
                    VPOS="513.0"
                    WIDTH="231.0"
                    HEIGHT="2.0"></String>
          </TextLine>
          <TextLine ID="eSc_line_f9a3b9a7"
                    BASELINE="168 554 759 546" 
                    HPOS="168.0"
                    VPOS="546.0"
                    WIDTH="591.0"
                    HEIGHT="8.0">
	    <String CONTENT=""
                    HPOS="168.0"
                    VPOS="546.0"
                    WIDTH="591.0"
                    HEIGHT="8.0"></String>
          </TextLine>
          <TextLine ID="eSc_line_9d1fc8c7"
                    BASELINE="116 581 775 573" 
                    HPOS="116.0"
                    VPOS="573.0"
                    WIDTH="659.0"
                    HEIGHT="8.0">
	    <String CONTENT=""
                    HPOS="116.0"
                    VPOS="573.0"
                    WIDTH="659.0"
                    HEIGHT="8.0"></String>
          </TextLine>
          <TextLine ID="eSc_line_90fc1e14"
                    BASELINE="112 611 391 605" 
                    HPOS="112.0"
                    VPOS="605.0"
                    WIDTH="279.0"
                    HEIGHT="6.0">
	    <String CONTENT=""
                    HPOS="112.0"
                    VPOS="605.0"
                    WIDTH="279.0"
                    HEIGHT="6.0"></String>
          </TextLine>
          <TextLine ID="eSc_line_b7d80450"
                    BASELINE="155 642 777 633" 
                    HPOS="155.0"
                    VPOS="633.0"
                    WIDTH="622.0"
                    HEIGHT="9.0">
	    <String CONTENT=""
                    HPOS="155.0"
                    VPOS="633.0"
                    WIDTH="622.0"
                    HEIGHT="9.0"></String>
          </TextLine>
          <TextLine ID="eSc_line_9edf5670"
                    BASELINE="119 670 770 663" 
                    HPOS="119.0"
                    VPOS="663.0"
                    WIDTH="651.0"
                    HEIGHT="7.0">
	    <String CONTENT=""
                    HPOS="119.0"
                    VPOS="663.0"
                    WIDTH="651.0"
                    HEIGHT="7.0"></String>
          </TextLine>
          <TextLine ID="eSc_line_b23764e8"
                    BASELINE="121 697 773 693" 
                    HPOS="121.0"
                    VPOS="693.0"
                    WIDTH="652.0"
                    HEIGHT="4.0">
	    <String CONTENT=""
                    HPOS="121.0"
                    VPOS="693.0"
                    WIDTH="652.0"
                    HEIGHT="4.0"></String>
          </TextLine>
          <TextLine ID="eSc_line_e5416a87"
                    BASELINE="117 726 768 718" 
                    HPOS="117.0"
                    VPOS="718.0"
                    WIDTH="651.0"
                    HEIGHT="8.0">
	    <String CONTENT=""
                    HPOS="117.0"
                    VPOS="718.0"
                    WIDTH="651.0"
                    HEIGHT="8.0"></String>
          </TextLine>
          <TextLine ID="eSc_line_3746094f"
                    BASELINE="113 762 772 749" 
                    HPOS="113.0"
                    VPOS="749.0"
                    WIDTH="659.0"
                    HEIGHT="13.0">
	    <String CONTENT=""
                    HPOS="113.0"
                    VPOS="749.0"
                    WIDTH="659.0"
                    HEIGHT="13.0"></String>
          </TextLine>
          <TextLine ID="eSc_line_45e1df1b"
                    BASELINE="116 784 774 775" 
                    HPOS="116.0"
                    VPOS="775.0"
                    WIDTH="658.0"
                    HEIGHT="9.0">
	    <String CONTENT=""
                    HPOS="116.0"
                    VPOS="775.0"
                    WIDTH="658.0"
                    HEIGHT="9.0"></String>
          </TextLine>
          <TextLine ID="eSc_line_977fad03"
                    BASELINE="115 815 769 803" 
                    HPOS="115.0"
                    VPOS="803.0"
                    WIDTH="654.0"
                    HEIGHT="12.0">
	    <String CONTENT=""
                    HPOS="115.0"
                    VPOS="803.0"
                    WIDTH="654.0"
                    HEIGHT="12.0"></String>
          </TextLine>
          <TextLine ID="eSc_line_09ea8a08"
                    BASELINE="113 842 777 833" 
                    HPOS="113.0"
                    VPOS="833.0"
                    WIDTH="664.0"
                    HEIGHT="9.0">
	    <String CONTENT=""
                    HPOS="113.0"
                    VPOS="833.0"
                    WIDTH="664.0"
                    HEIGHT="9.0"></String>
          </TextLine>
          <TextLine ID="eSc_line_c7816b63"
                    BASELINE="117 872 770 863" 
                    HPOS="117.0"
                    VPOS="863.0"
                    WIDTH="653.0"
                    HEIGHT="9.0">
	    <String CONTENT=""
                    HPOS="117.0"
                    VPOS="863.0"
                    WIDTH="653.0"
                    HEIGHT="9.0"></String>
          </TextLine>
          <TextLine ID="eSc_line_16fe7e6a"
                    BASELINE="105 899 774 887" 
                    HPOS="105.0"
                    VPOS="887.0"
                    WIDTH="669.0"
                    HEIGHT="12.0">
	    <String CONTENT=""
                    HPOS="105.0"
                    VPOS="887.0"
                    WIDTH="669.0"
                    HEIGHT="12.0"></String>
          </TextLine>
          <TextLine ID="eSc_line_a7f92968"
                    BASELINE="108 928 771 914" 
                    HPOS="108.0"
                    VPOS="914.0"
                    WIDTH="663.0"
                    HEIGHT="14.0">
	    <String CONTENT=""
                    HPOS="108.0"
                    VPOS="914.0"
                    WIDTH="663.0"
                    HEIGHT="14.0"></String>
          </TextLine>
          <TextLine ID="eSc_line_9d9864db"
                    BASELINE="115 958 780 944" 
                    HPOS="115.0"
                    VPOS="944.0"
                    WIDTH="665.0"
                    HEIGHT="14.0">
	    <String CONTENT=""
                    HPOS="115.0"
                    VPOS="944.0"
                    WIDTH="665.0"
                    HEIGHT="14.0"></String>
          </TextLine>
          <TextLine ID="eSc_line_35beb3f3"
                    BASELINE="111 988 778 976" 
                    HPOS="111.0"
                    VPOS="976.0"
                    WIDTH="667.0"
                    HEIGHT="12.0">
	    <String CONTENT=""
                    HPOS="111.0"
                    VPOS="976.0"
                    WIDTH="667.0"
                    HEIGHT="12.0"></String>
          </TextLine>
          <TextLine ID="eSc_line_3f5d1e19"
                    BASELINE="110 1016 777 1000" 
                    HPOS="110.0"
                    VPOS="1000.0"
                    WIDTH="667.0"
                    HEIGHT="16.0">
	    <String CONTENT=""
                    HPOS="110.0"
                    VPOS="1000.0"
                    WIDTH="667.0"
                    HEIGHT="16.0"></String>
          </TextLine>
          <TextLine ID="eSc_line_9f0b266c"
                    BASELINE="116 1046 772 1031" 
                    HPOS="116.0"
                    VPOS="1031.0"
                    WIDTH="656.0"
                    HEIGHT="15.0">
	    <String CONTENT=""
                    HPOS="116.0"
                    VPOS="1031.0"
                    WIDTH="656.0"
                    HEIGHT="15.0"></String>
          </TextLine>
          <TextLine ID="eSc_line_953c3645"
                    BASELINE="112 1077 296 1067" 
                    HPOS="112.0"
                    VPOS="1067.0"
                    WIDTH="184.0"
                    HEIGHT="10.0">
	    <String CONTENT=""
                    HPOS="112.0"
                    VPOS="1067.0"
                    WIDTH="184.0"
                    HEIGHT="10.0"></String>
          </TextLine>
          <TextLine ID="eSc_line_1456fbf9"
                    BASELINE="155 1101 765 1092" 
                    HPOS="155.0"
                    VPOS="1092.0"
                    WIDTH="610.0"
                    HEIGHT="9.0">
	    <String CONTENT=""
                    HPOS="155.0"
                    VPOS="1092.0"
                    WIDTH="610.0"
                    HEIGHT="9.0"></String>
          </TextLine>
          <TextLine ID="eSc_line_14eefd3a"
                    BASELINE="120 1131 767 1122" 
                    HPOS="120.0"
                    VPOS="1122.0"
                    WIDTH="647.0"
                    HEIGHT="9.0">
	    <String CONTENT=""
                    HPOS="120.0"
                    VPOS="1122.0"
                    WIDTH="647.0"
                    HEIGHT="9.0"></String>
          </TextLine>
          <TextLine ID="eSc_line_dc3c64aa"
                    BASELINE="127 1163 773 1147" 
                    HPOS="127.0"
                    VPOS="1147.0"
                    WIDTH="646.0"
                    HEIGHT="16.0">
	    <String CONTENT=""
                    HPOS="127.0"
                    VPOS="1147.0"
                    WIDTH="646.0"
                    HEIGHT="16.0"></String>
          </TextLine>
          <TextLine ID="eSc_line_8410a638"
                    BASELINE="122 1183 776 1173" 
                    HPOS="122.0"
                    VPOS="1173.0"
                    WIDTH="654.0"
                    HEIGHT="10.0">
	    <String CONTENT=""
                    HPOS="122.0"
                    VPOS="1173.0"
                    WIDTH="654.0"
                    HEIGHT="10.0"></String>
          </TextLine>
        </TextBlock>
        <TextBlock HPOS="334"
                   VPOS="127"
                   WIDTH="268"
                   HEIGHT="47"
                   ID="region_1720346214158_333"
                   TAGREFS="BT3655">
          <Shape><Polygon POINTS="602 174 334 174 334 130 595 127"/></Shape>
          <TextLine ID="eSc_line_a7875ec4"
                    BASELINE="346 169 595 169" 
                    HPOS="346.0"
                    VPOS="169.0"
                    WIDTH="249.0"
                    HEIGHT="0.0">
	    <String CONTENT=""
                    HPOS="346.0"
                    VPOS="169.0"
                    WIDTH="249.0"
                    HEIGHT="0.0"></String>
          </TextLine>
        </TextBlock>
        <TextBlock HPOS="700"
                   VPOS="133"
                   WIDTH="84"
                   HEIGHT="41"
                   ID="region_1720346216518_336"
                   TAGREFS="BT3655">
          <Shape><Polygon POINTS="784 169 700 174 700 133 780 133"/></Shape>
          <TextLine ID="eSc_line_b42f5c4c"
                    BASELINE="719 169 779 167" 
                    HPOS="719.0"
                    VPOS="167.0"
                    WIDTH="60.0"
                    HEIGHT="2.0">
	    <String CONTENT=""
                    HPOS="719.0"
                    VPOS="167.0"
                    WIDTH="60.0"
                    HEIGHT="2.0"></String>
          </TextLine>
        </TextBlock>
        <TextBlock HPOS="128"
                   VPOS="1237"
                   WIDTH="264"
                   HEIGHT="33"
                   ID="region_1720346241985_351"
                   TAGREFS="BT3658">
          <Shape><Polygon POINTS="392 1266 128 1270 133 1241 372 1237"/></Shape>
          <TextLine ID="eSc_line_94f960d7"
                    BASELINE="144 1268 373 1263" 
                    HPOS="144.0"
                    VPOS="1263.0"
                    WIDTH="229.0"
                    HEIGHT="5.0">
	    <String CONTENT=""
                    HPOS="144.0"
                    VPOS="1263.0"
                    WIDTH="229.0"
                    HEIGHT="5.0"></String>
          </TextLine>
        </TextBlock>
        <TextBlock HPOS="452"
                   VPOS="1187"
                   WIDTH="81"
                   HEIGHT="32"
                   ID="region_1720346227613_342"
                   TAGREFS="BT3655">
          <Shape><Polygon POINTS="533 1219 452 1219 454 1188 533 1187"/></Shape>
          <TextLine ID="eSc_line_4d78b4d5"
                    BASELINE="465 1211 521 1210" 
                    HPOS="465.0"
                    VPOS="1210.0"
                    WIDTH="56.0"
                    HEIGHT="1.0">
	    <String CONTENT=""
                    HPOS="465.0"
                    VPOS="1210.0"
                    WIDTH="56.0"
                    HEIGHT="1.0"></String>
          </TextLine>
        </TextBlock>
        <TextBlock HPOS="140"
                   VPOS="1271"
                   WIDTH="203"
                   HEIGHT="21"
                   ID="region_1721040269957_75"
                   TAGREFS="BT3658">
          <Shape><Polygon POINTS="341 1287 140 1292 141 1276 343 1271"/></Shape>
          <TextLine ID="eSc_line_9ded5ca6"
                    BASELINE="154 1291 335 1285" 
                    HPOS="154.0"
                    VPOS="1285.0"
                    WIDTH="181.0"
                    HEIGHT="6.0">
	    <String CONTENT=""
                    HPOS="154.0"
                    VPOS="1285.0"
                    WIDTH="181.0"
                    HEIGHT="6.0"></String>
          </TextLine>
        </TextBlock>
        <TextBlock HPOS="123"
                   VPOS="1288"
                   WIDTH="324"
                   HEIGHT="53"
                   ID="region_1721040274733_78"
                   TAGREFS="BT3658">
          <Shape><Polygon POINTS="442 1341 123 1341 123 1293 447 1288"/></Shape>
          <TextLine ID="eSc_line_8bf4c638"
                    BASELINE="141 1314 432 1309" 
                    HPOS="141.0"
                    VPOS="1309.0"
                    WIDTH="291.0"
                    HEIGHT="5.0">
	    <String CONTENT=""
                    HPOS="141.0"
                    VPOS="1309.0"
                    WIDTH="291.0"
                    HEIGHT="5.0"></String>
          </TextLine>
          <TextLine ID="eSc_line_1bca81f1"
                    BASELINE="125 1334 295 1336" 
                    HPOS="125.0"
                    VPOS="1334.0"
                    WIDTH="170.0"
                    HEIGHT="2.0">
	    <String CONTENT=""
                    HPOS="125.0"
                    VPOS="1334.0"
                    WIDTH="170.0"
                    HEIGHT="2.0"></String>
          </TextLine>
        </TextBlock>
        <TextBlock HPOS="452"
                   VPOS="1234"
                   WIDTH="322"
                   HEIGHT="48"
                   ID="region_1720346246569_354"
                   TAGREFS="BT3659">
          <Shape><Polygon POINTS="771 1278 452 1282 455 1238 774 1234"/></Shape>
          <TextLine ID="eSc_line_cda554c2"
                    BASELINE="477 1259 765 1263" 
                    HPOS="477.0"
                    VPOS="1259.0"
                    WIDTH="288.0"
                    HEIGHT="4.0">
	    <String CONTENT=""
                    HPOS="477.0"
                    VPOS="1259.0"
                    WIDTH="288.0"
                    HEIGHT="4.0"></String>
          </TextLine>
        </TextBlock>
        <TextBlock HPOS="652"
                   VPOS="1180"
                   WIDTH="124"
                   HEIGHT="43"
                   ID="region_1720346231834_345"
                   TAGREFS="BT3655">
          <Shape><Polygon POINTS="776 1223 653 1223 652 1180 775 1180"/></Shape>
          <TextLine ID="eSc_line_4ce1bf86"
                    BASELINE="682 1213 774 1212" 
                    HPOS="682.0"
                    VPOS="1212.0"
                    WIDTH="92.0"
                    HEIGHT="1.0">
	    <String CONTENT=""
                    HPOS="682.0"
                    VPOS="1212.0"
                    WIDTH="92.0"
                    HEIGHT="1.0"></String>
          </TextLine>
        </TextBlock>
        <TextBlock HPOS="478"
                   VPOS="1285"
                   WIDTH="221"
                   HEIGHT="27"
                   ID="region_1721040302801_89"
                   TAGREFS="BT3659">
          <Shape><Polygon POINTS="699 1312 478 1312 478 1286 699 1285"/></Shape>
          <TextLine ID="eSc_line_dfc371f0"
                    BASELINE="483 1307 689 1307" 
                    HPOS="483.0"
                    VPOS="1307.0"
                    WIDTH="206.0"
                    HEIGHT="0.0">
	    <String CONTENT=""
                    HPOS="483.0"
                    VPOS="1307.0"
                    WIDTH="206.0"
                    HEIGHT="0.0"></String>
          </TextLine>
        </TextBlock>
        <TextBlock ID="eSc_dummyblock_">
          <TextLine ID="eSc_line_54518387"
                    BASELINE="454 1283 549 1281" 
                    HPOS="454.0"
                    VPOS="1281.0"
                    WIDTH="95.0"
                    HEIGHT="2.0">
	    <String CONTENT=""
                    HPOS="454.0"
                    VPOS="1281.0"
                    WIDTH="95.0"
                    HEIGHT="2.0"></String>
          </TextLine>
        </TextBlock>
      </PrintSpace>
    </Page>
  </Layout>
</alto>
