<?xml version="1.0" encoding="UTF-8"?>
<alto xmlns:xsi="http://www.w3.org/2001/XMLSchema-instance"
      xmlns="http://www.loc.gov/standards/alto/ns-v4#"
      xsi:schemaLocation="http://www.loc.gov/standards/alto/ns-v4# http://www.loc.gov/standards/alto/v4/alto-4-2.xsd">
  <Description>
    <MeasurementUnit>pixel</MeasurementUnit>
    <sourceImageInformation>
      <fileName>1769,_Saemtliche_Poetische_Werke,_Bohn,_4._Aufl.,_Bd._1,_VD18_90481097_Seite_137_Bild_0001.jpg</fileName>
    </sourceImageInformation>
  </Description>
  <Tags>
    <OtherTag ID="BT1" LABEL="Title" DESCRIPTION="block type Title"/><OtherTag ID="BT2" LABEL="Main" DESCRIPTION="block type Main"/><OtherTag ID="BT3" LABEL="Commentary" DESCRIPTION="block type Commentary"/><OtherTag ID="BT4" LABEL="Illustration" DESCRIPTION="block type Illustration"/><OtherTag ID="BT3654" LABEL="header" DESCRIPTION="block type header"/><OtherTag ID="BT3655" LABEL="paragraph" DESCRIPTION="block type paragraph"/><OtherTag ID="BT3656" LABEL="heading" DESCRIPTION="block type heading"/><OtherTag ID="BT3657" LABEL="footnote" DESCRIPTION="block type footnote"/><OtherTag ID="BT3658" LABEL="l-column" DESCRIPTION="block type l-column"/><OtherTag ID="BT3659" LABEL="r-column" DESCRIPTION="block type r-column"/><OtherTag ID="BT3660" LABEL="marginalia" DESCRIPTION="block type marginalia"/>
  </Tags>
  <Layout>
    <Page WIDTH="1857"
          HEIGHT="2881"
          PHYSICAL_IMG_NR="28"
          ID="eSc_dummypage_">
      <PrintSpace HPOS="0"
                  VPOS="0"
                  WIDTH="1857"
                  HEIGHT="2881">
        <TextBlock HPOS="464"
                   VPOS="548"
                   WIDTH="462"
                   HEIGHT="91"
                   ID="region_1719563193701_386"
                   TAGREFS="BT3655">
          <Shape><Polygon POINTS="895 639 464 639 464 567 926 548"/></Shape>
          <TextLine ID="eSc_line_ff4e87c4"
                    BASELINE="471 629 884 631" 
                    HPOS="471.0"
                    VPOS="629.0"
                    WIDTH="413.0"
                    HEIGHT="2.0">
	    <String CONTENT=""
                    HPOS="471.0"
                    VPOS="629.0"
                    WIDTH="413.0"
                    HEIGHT="2.0"></String>
          </TextLine>
        </TextBlock>
        <TextBlock HPOS="417.0"
                   VPOS="646.0"
                   WIDTH="579.0"
                   HEIGHT="179.0"
                   ID="region_1719563202228_392"
                   TAGREFS="BT3656">
          <Shape><Polygon POINTS="940 825 417 825 417 653 996 646"/></Shape>
          <TextLine ID="eSc_line_8edc44b1"
                    BASELINE="427 748 940 748" 
                    HPOS="427.0"
                    VPOS="748.0"
                    WIDTH="513.0"
                    HEIGHT="0.0">
	    <String CONTENT=""
                    HPOS="427.0"
                    VPOS="748.0"
                    WIDTH="513.0"
                    HEIGHT="0.0"></String>
          </TextLine>
          <TextLine ID="eSc_line_da44fdb7"
                    BASELINE="524 820 864 819" 
                    HPOS="524.0"
                    VPOS="819.0"
                    WIDTH="340.0"
                    HEIGHT="1.0">
	    <String CONTENT=""
                    HPOS="524.0"
                    VPOS="819.0"
                    WIDTH="340.0"
                    HEIGHT="1.0"></String>
          </TextLine>
        </TextBlock>
        <TextBlock HPOS="175.0"
                   VPOS="830.0"
                   WIDTH="1058.0"
                   HEIGHT="792.0"
                   ID="region_1719563211237_398"
                   TAGREFS="BT3655">
          <Shape><Polygon POINTS="1231 1622 175 1622 183 1042 186 967 265 965 266 842 1233 830"/></Shape>
          <TextLine ID="eSc_line_d180e95f"
                    BASELINE="267 899 1185 880" 
                    HPOS="267.0"
                    VPOS="880.0"
                    WIDTH="918.0"
                    HEIGHT="19.0">
	    <String CONTENT=""
                    HPOS="267.0"
                    VPOS="880.0"
                    WIDTH="918.0"
                    HEIGHT="19.0"></String>
          </TextLine>
          <TextLine ID="eSc_line_e5851c9d"
                    BASELINE="284 965 1045 949" 
                    HPOS="284.0"
                    VPOS="949.0"
                    WIDTH="761.0"
                    HEIGHT="16.0">
	    <String CONTENT=""
                    HPOS="284.0"
                    VPOS="949.0"
                    WIDTH="761.0"
                    HEIGHT="16.0"></String>
          </TextLine>
          <TextLine ID="eSc_line_96039205"
                    BASELINE="190 1020 1154 1010" 
                    HPOS="190.0"
                    VPOS="1010.0"
                    WIDTH="964.0"
                    HEIGHT="10.0">
	    <String CONTENT=""
                    HPOS="190.0"
                    VPOS="1010.0"
                    WIDTH="964.0"
                    HEIGHT="10.0"></String>
          </TextLine>
          <TextLine ID="eSc_line_83357726"
                    BASELINE="202 1082 1194 1065" 
                    HPOS="202.0"
                    VPOS="1065.0"
                    WIDTH="992.0"
                    HEIGHT="17.0">
	    <String CONTENT=""
                    HPOS="202.0"
                    VPOS="1065.0"
                    WIDTH="992.0"
                    HEIGHT="17.0"></String>
          </TextLine>
          <TextLine ID="eSc_line_0dade3fa"
                    BASELINE="189 1139 1206 1120" 
                    HPOS="189.0"
                    VPOS="1120.0"
                    WIDTH="1017.0"
                    HEIGHT="19.0">
	    <String CONTENT=""
                    HPOS="189.0"
                    VPOS="1120.0"
                    WIDTH="1017.0"
                    HEIGHT="19.0"></String>
          </TextLine>
          <TextLine ID="eSc_line_56a602cb"
                    BASELINE="766 1189 1165 1183" 
                    HPOS="766.0"
                    VPOS="1183.0"
                    WIDTH="399.0"
                    HEIGHT="6.0">
	    <String CONTENT=""
                    HPOS="766.0"
                    VPOS="1183.0"
                    WIDTH="399.0"
                    HEIGHT="6.0"></String>
          </TextLine>
          <TextLine ID="eSc_line_c2d58554"
                    BASELINE="194 1259 1204 1237" 
                    HPOS="194.0"
                    VPOS="1237.0"
                    WIDTH="1010.0"
                    HEIGHT="22.0">
	    <String CONTENT=""
                    HPOS="194.0"
                    VPOS="1237.0"
                    WIDTH="1010.0"
                    HEIGHT="22.0"></String>
          </TextLine>
          <TextLine ID="eSc_line_2fc97ed8"
                    BASELINE="186 1318 1199 1299" 
                    HPOS="186.0"
                    VPOS="1299.0"
                    WIDTH="1013.0"
                    HEIGHT="19.0">
	    <String CONTENT=""
                    HPOS="186.0"
                    VPOS="1299.0"
                    WIDTH="1013.0"
                    HEIGHT="19.0"></String>
          </TextLine>
          <TextLine ID="eSc_line_02824d91"
                    BASELINE="192 1376 1130 1352" 
                    HPOS="192.0"
                    VPOS="1352.0"
                    WIDTH="938.0"
                    HEIGHT="24.0">
	    <String CONTENT=""
                    HPOS="192.0"
                    VPOS="1352.0"
                    WIDTH="938.0"
                    HEIGHT="24.0"></String>
          </TextLine>
          <TextLine ID="eSc_line_2a34c188"
                    BASELINE="180 1427 1217 1416" 
                    HPOS="180.0"
                    VPOS="1416.0"
                    WIDTH="1037.0"
                    HEIGHT="11.0">
	    <String CONTENT=""
                    HPOS="180.0"
                    VPOS="1416.0"
                    WIDTH="1037.0"
                    HEIGHT="11.0"></String>
          </TextLine>
          <TextLine ID="eSc_line_be38d694"
                    BASELINE="197 1497 1196 1488" 
                    HPOS="197.0"
                    VPOS="1488.0"
                    WIDTH="999.0"
                    HEIGHT="9.0">
	    <String CONTENT=""
                    HPOS="197.0"
                    VPOS="1488.0"
                    WIDTH="999.0"
                    HEIGHT="9.0"></String>
          </TextLine>
          <TextLine ID="eSc_line_7f681734"
                    BASELINE="191 1559 1141 1543" 
                    HPOS="191.0"
                    VPOS="1543.0"
                    WIDTH="950.0"
                    HEIGHT="16.0">
	    <String CONTENT=""
                    HPOS="191.0"
                    VPOS="1543.0"
                    WIDTH="950.0"
                    HEIGHT="16.0"></String>
          </TextLine>
          <TextLine ID="eSc_line_2caec7b1"
                    BASELINE="200 1619 1108 1609" 
                    HPOS="200.0"
                    VPOS="1609.0"
                    WIDTH="908.0"
                    HEIGHT="10.0">
	    <String CONTENT=""
                    HPOS="200.0"
                    VPOS="1609.0"
                    WIDTH="908.0"
                    HEIGHT="10.0"></String>
          </TextLine>
        </TextBlock>
        <TextBlock HPOS="1115"
                   VPOS="562"
                   WIDTH="147"
                   HEIGHT="70"
                   ID="region_1719563197553_389"
                   TAGREFS="BT3655">
          <Shape><Polygon POINTS="1221 632 1115 632 1115 573 1262 562"/></Shape>
          <TextLine ID="eSc_line_9897bbfc"
                    BASELINE="1128 621 1189 625" 
                    HPOS="1128.0"
                    VPOS="621.0"
                    WIDTH="61.0"
                    HEIGHT="4.0">
	    <String CONTENT=""
                    HPOS="1128.0"
                    VPOS="621.0"
                    WIDTH="61.0"
                    HEIGHT="4.0"></String>
          </TextLine>
        </TextBlock>
        <TextBlock HPOS="304.0"
                   VPOS="1726.0"
                   WIDTH="808.0"
                   HEIGHT="165.0"
                   ID="region_1719563232736_407"
                   TAGREFS="BT3656">
          <Shape><Polygon POINTS="1091 1891 304 1891 304 1729 1112 1726"/></Shape>
          <TextLine ID="eSc_line_348ca5be"
                    BASELINE="329 1816 1080 1804" 
                    HPOS="329.0"
                    VPOS="1804.0"
                    WIDTH="751.0"
                    HEIGHT="12.0">
	    <String CONTENT=""
                    HPOS="329.0"
                    VPOS="1804.0"
                    WIDTH="751.0"
                    HEIGHT="12.0"></String>
          </TextLine>
          <TextLine ID="eSc_line_f8635f99"
                    BASELINE="413 1881 1001 1875" 
                    HPOS="413.0"
                    VPOS="1875.0"
                    WIDTH="588.0"
                    HEIGHT="6.0">
	    <String CONTENT=""
                    HPOS="413.0"
                    VPOS="1875.0"
                    WIDTH="588.0"
                    HEIGHT="6.0"></String>
          </TextLine>
        </TextBlock>
        <TextBlock HPOS="712"
                   VPOS="1627"
                   WIDTH="134"
                   HEIGHT="76"
                   ID="region_1719563214943_401"
                   TAGREFS="BT3655">
          <Shape><Polygon POINTS="828 1682 712 1703 712 1627 846 1627"/></Shape>
          <TextLine ID="eSc_line_28bfed6c"
                    BASELINE="729 1682 813 1682" 
                    HPOS="729.0"
                    VPOS="1682.0"
                    WIDTH="84.0"
                    HEIGHT="0.0">
	    <String CONTENT=""
                    HPOS="729.0"
                    VPOS="1682.0"
                    WIDTH="84.0"
                    HEIGHT="0.0"></String>
          </TextLine>
        </TextBlock>
        <TextBlock HPOS="194.0"
                   VPOS="1902.0"
                   WIDTH="1061.0"
                   HEIGHT="476.0"
                   ID="region_1719563240823_413"
                   TAGREFS="BT3655">
          <Shape><Polygon POINTS="1255 2360 194 2378 197 2030 204 1997 246 1997 245 1902 1255 1908"/></Shape>
          <TextLine ID="eSc_line_c8d3e0e8"
                    BASELINE="250 1952 1046 1943" 
                    HPOS="250.0"
                    VPOS="1943.0"
                    WIDTH="796.0"
                    HEIGHT="9.0">
	    <String CONTENT=""
                    HPOS="250.0"
                    VPOS="1943.0"
                    WIDTH="796.0"
                    HEIGHT="9.0"></String>
          </TextLine>
          <TextLine ID="eSc_line_960c505a"
                    BASELINE="247 2010 1127 1997" 
                    HPOS="247.0"
                    VPOS="1997.0"
                    WIDTH="880.0"
                    HEIGHT="13.0">
	    <String CONTENT=""
                    HPOS="247.0"
                    VPOS="1997.0"
                    WIDTH="880.0"
                    HEIGHT="13.0"></String>
          </TextLine>
          <TextLine ID="eSc_line_efebbf72"
                    BASELINE="202 2073 1047 2063" 
                    HPOS="202.0"
                    VPOS="2063.0"
                    WIDTH="845.0"
                    HEIGHT="10.0">
	    <String CONTENT=""
                    HPOS="202.0"
                    VPOS="2063.0"
                    WIDTH="845.0"
                    HEIGHT="10.0"></String>
          </TextLine>
          <TextLine ID="eSc_line_17224b0a"
                    BASELINE="211 2131 1155 2123" 
                    HPOS="211.0"
                    VPOS="2123.0"
                    WIDTH="944.0"
                    HEIGHT="8.0">
	    <String CONTENT=""
                    HPOS="211.0"
                    VPOS="2123.0"
                    WIDTH="944.0"
                    HEIGHT="8.0"></String>
          </TextLine>
          <TextLine ID="eSc_line_3e3d0eea"
                    BASELINE="219 2192 1219 2177" 
                    HPOS="219.0"
                    VPOS="2177.0"
                    WIDTH="1000.0"
                    HEIGHT="15.0">
	    <String CONTENT=""
                    HPOS="219.0"
                    VPOS="2177.0"
                    WIDTH="1000.0"
                    HEIGHT="15.0"></String>
          </TextLine>
          <TextLine ID="eSc_line_c8ace0d2"
                    BASELINE="211 2246 1200 2231" 
                    HPOS="211.0"
                    VPOS="2231.0"
                    WIDTH="989.0"
                    HEIGHT="15.0">
	    <String CONTENT=""
                    HPOS="211.0"
                    VPOS="2231.0"
                    WIDTH="989.0"
                    HEIGHT="15.0"></String>
          </TextLine>
          <TextLine ID="eSc_line_03c71f9e"
                    BASELINE="207 2308 1166 2296" 
                    HPOS="207.0"
                    VPOS="2296.0"
                    WIDTH="959.0"
                    HEIGHT="12.0">
	    <String CONTENT=""
                    HPOS="207.0"
                    VPOS="2296.0"
                    WIDTH="959.0"
                    HEIGHT="12.0"></String>
          </TextLine>
          <TextLine ID="eSc_line_54242774"
                    BASELINE="209 2370 1198 2353" 
                    HPOS="209.0"
                    VPOS="2353.0"
                    WIDTH="989.0"
                    HEIGHT="17.0">
	    <String CONTENT=""
                    HPOS="209.0"
                    VPOS="2353.0"
                    WIDTH="989.0"
                    HEIGHT="17.0"></String>
          </TextLine>
        </TextBlock>
        <TextBlock HPOS="1115"
                   VPOS="1627"
                   WIDTH="153"
                   HEIGHT="62"
                   ID="region_1719563217901_404"
                   TAGREFS="BT3655">
          <Shape><Polygon POINTS="1242 1689 1115 1689 1115 1632 1268 1627"/></Shape>
          <TextLine ID="eSc_line_f0ef6950"
                    BASELINE="1126 1670 1202 1671" 
                    HPOS="1126.0"
                    VPOS="1670.0"
                    WIDTH="76.0"
                    HEIGHT="1.0">
	    <String CONTENT=""
                    HPOS="1126.0"
                    VPOS="1670.0"
                    WIDTH="76.0"
                    HEIGHT="1.0"></String>
          </TextLine>
        </TextBlock>
        <TextBlock HPOS="1137"
                   VPOS="2365"
                   WIDTH="123"
                   HEIGHT="61"
                   ID="region_1719563245541_416"
                   TAGREFS="BT3655">
          <Shape><Polygon POINTS="1260 2426 1137 2419 1137 2365 1226 2365"/></Shape>
          <TextLine ID="eSc_line_a9209239"
                    BASELINE="1149 2414 1240 2411" 
                    HPOS="1149.0"
                    VPOS="2411.0"
                    WIDTH="91.0"
                    HEIGHT="3.0">
	    <String CONTENT=""
                    HPOS="1149.0"
                    VPOS="2411.0"
                    WIDTH="91.0"
                    HEIGHT="3.0"></String>
          </TextLine>
        </TextBlock>
        <TextBlock HPOS="164.0"
                   VPOS="833.0"
                   WIDTH="101.0"
                   HEIGHT="136.0"
                   ID="region_1719563205433_395"
                   TAGREFS="BT3655">
          <Shape><Polygon POINTS="265 968 186 969 164 833 264 842"/></Shape>
        </TextBlock>
        <TextBlock HPOS="205.0"
                   VPOS="1903.0"
                   WIDTH="38.0"
                   HEIGHT="86.0"
                   ID="region_1719563235390_410"
                   TAGREFS="BT3655">
          <Shape><Polygon POINTS="243 1987 205 1989 205 1905 243 1903"/></Shape>
        </TextBlock>
      </PrintSpace>
    </Page>
  </Layout>
</alto>
