<?xml version="1.0" encoding="UTF-8"?>
<alto xmlns:xsi="http://www.w3.org/2001/XMLSchema-instance"
      xmlns="http://www.loc.gov/standards/alto/ns-v4#"
      xsi:schemaLocation="http://www.loc.gov/standards/alto/ns-v4# http://www.loc.gov/standards/alto/v4/alto-4-2.xsd">
  <Description>
    <MeasurementUnit>pixel</MeasurementUnit>
    <sourceImageInformation>
      <fileName>1769,_Saemtliche_Poetische_Werke,_Bohn,_4._Aufl.,_Bd._2,_VD18_90481100_Seite_042_Bild_0001.jpg</fileName>
    </sourceImageInformation>
  </Description>
  <Tags>
    <OtherTag ID="BT1" LABEL="Title" DESCRIPTION="block type Title"/><OtherTag ID="BT2" LABEL="Main" DESCRIPTION="block type Main"/><OtherTag ID="BT3" LABEL="Commentary" DESCRIPTION="block type Commentary"/><OtherTag ID="BT4" LABEL="Illustration" DESCRIPTION="block type Illustration"/><OtherTag ID="BT3654" LABEL="header" DESCRIPTION="block type header"/><OtherTag ID="BT3655" LABEL="paragraph" DESCRIPTION="block type paragraph"/><OtherTag ID="BT3656" LABEL="heading" DESCRIPTION="block type heading"/><OtherTag ID="BT3657" LABEL="footnote" DESCRIPTION="block type footnote"/><OtherTag ID="BT3658" LABEL="l-column" DESCRIPTION="block type l-column"/><OtherTag ID="BT3659" LABEL="r-column" DESCRIPTION="block type r-column"/><OtherTag ID="BT3660" LABEL="marginalia" DESCRIPTION="block type marginalia"/>
  </Tags>
  <Layout>
    <Page WIDTH="1873"
          HEIGHT="2869"
          PHYSICAL_IMG_NR="30"
          ID="eSc_dummypage_">
      <PrintSpace HPOS="0"
                  VPOS="0"
                  WIDTH="1873"
                  HEIGHT="2869">
        <TextBlock HPOS="610"
                   VPOS="519"
                   WIDTH="113"
                   HEIGHT="65"
                   ID="region_1719566179450_159"
                   TAGREFS="BT3655">
          <Shape><Polygon POINTS="690 584 610 584 610 529 723 519"/></Shape>
          <TextLine ID="eSc_line_71a41553"
                    BASELINE="616 574 688 572" 
                    HPOS="616.0"
                    VPOS="572.0"
                    WIDTH="72.0"
                    HEIGHT="2.0">
	    <String CONTENT=""
                    HPOS="616.0"
                    VPOS="572.0"
                    WIDTH="72.0"
                    HEIGHT="2.0"></String>
          </TextLine>
        </TextBlock>
        <TextBlock HPOS="582.0"
                   VPOS="614.0"
                   WIDTH="1066.0"
                   HEIGHT="1010.0"
                   ID="region_1719566188712_165"
                   TAGREFS="BT3655">
          <Shape><Polygon POINTS="1648 1624 593 1622 582 614 1625 614"/></Shape>
          <TextLine ID="eSc_line_33b6926b"
                    BASELINE="621 679 1594 684" 
                    HPOS="621.0"
                    VPOS="679.0"
                    WIDTH="973.0"
                    HEIGHT="5.0">
	    <String CONTENT=""
                    HPOS="621.0"
                    VPOS="679.0"
                    WIDTH="973.0"
                    HEIGHT="5.0"></String>
          </TextLine>
          <TextLine ID="eSc_line_69cc7eca"
                    BASELINE="624 750 1481 763" 
                    HPOS="624.0"
                    VPOS="750.0"
                    WIDTH="857.0"
                    HEIGHT="13.0">
	    <String CONTENT=""
                    HPOS="624.0"
                    VPOS="750.0"
                    WIDTH="857.0"
                    HEIGHT="13.0"></String>
          </TextLine>
          <TextLine ID="eSc_line_4c5526ed"
                    BASELINE="625 826 1520 833" 
                    HPOS="625.0"
                    VPOS="826.0"
                    WIDTH="895.0"
                    HEIGHT="7.0">
	    <String CONTENT=""
                    HPOS="625.0"
                    VPOS="826.0"
                    WIDTH="895.0"
                    HEIGHT="7.0"></String>
          </TextLine>
          <TextLine ID="eSc_line_b7016115"
                    BASELINE="835 910 1368 913" 
                    HPOS="835.0"
                    VPOS="910.0"
                    WIDTH="533.0"
                    HEIGHT="3.0">
	    <String CONTENT=""
                    HPOS="835.0"
                    VPOS="910.0"
                    WIDTH="533.0"
                    HEIGHT="3.0"></String>
          </TextLine>
          <TextLine ID="eSc_line_7a16328b"
                    BASELINE="617 1030 1626 1047" 
                    HPOS="617.0"
                    VPOS="1030.0"
                    WIDTH="1009.0"
                    HEIGHT="17.0">
	    <String CONTENT=""
                    HPOS="617.0"
                    VPOS="1030.0"
                    WIDTH="1009.0"
                    HEIGHT="17.0"></String>
          </TextLine>
          <TextLine ID="eSc_line_9d9c808d"
                    BASELINE="614 1109 1479 1117" 
                    HPOS="614.0"
                    VPOS="1109.0"
                    WIDTH="865.0"
                    HEIGHT="8.0">
	    <String CONTENT=""
                    HPOS="614.0"
                    VPOS="1109.0"
                    WIDTH="865.0"
                    HEIGHT="8.0"></String>
          </TextLine>
          <TextLine ID="eSc_line_ff9fc2d9"
                    BASELINE="608 1188 1554 1190" 
                    HPOS="608.0"
                    VPOS="1188.0"
                    WIDTH="946.0"
                    HEIGHT="2.0">
	    <String CONTENT=""
                    HPOS="608.0"
                    VPOS="1188.0"
                    WIDTH="946.0"
                    HEIGHT="2.0"></String>
          </TextLine>
          <TextLine ID="eSc_line_432e4cd1"
                    BASELINE="834 1262 1451 1264" 
                    HPOS="834.0"
                    VPOS="1262.0"
                    WIDTH="617.0"
                    HEIGHT="2.0">
	    <String CONTENT=""
                    HPOS="834.0"
                    VPOS="1262.0"
                    WIDTH="617.0"
                    HEIGHT="2.0"></String>
          </TextLine>
          <TextLine ID="eSc_line_4b02917e"
                    BASELINE="617 1396 1605 1400" 
                    HPOS="617.0"
                    VPOS="1396.0"
                    WIDTH="988.0"
                    HEIGHT="4.0">
	    <String CONTENT=""
                    HPOS="617.0"
                    VPOS="1396.0"
                    WIDTH="988.0"
                    HEIGHT="4.0"></String>
          </TextLine>
          <TextLine ID="eSc_line_810e6916"
                    BASELINE="605 1466 1625 1476" 
                    HPOS="605.0"
                    VPOS="1466.0"
                    WIDTH="1020.0"
                    HEIGHT="10.0">
	    <String CONTENT=""
                    HPOS="605.0"
                    VPOS="1466.0"
                    WIDTH="1020.0"
                    HEIGHT="10.0"></String>
          </TextLine>
          <TextLine ID="eSc_line_f5afd0a9"
                    BASELINE="604 1544 1599 1542" 
                    HPOS="604.0"
                    VPOS="1542.0"
                    WIDTH="995.0"
                    HEIGHT="2.0">
	    <String CONTENT=""
                    HPOS="604.0"
                    VPOS="1542.0"
                    WIDTH="995.0"
                    HEIGHT="2.0"></String>
          </TextLine>
          <TextLine ID="eSc_line_7bbe3de2"
                    BASELINE="816 1608 1514 1615" 
                    HPOS="816.0"
                    VPOS="1608.0"
                    WIDTH="698.0"
                    HEIGHT="7.0">
	    <String CONTENT=""
                    HPOS="816.0"
                    VPOS="1608.0"
                    WIDTH="698.0"
                    HEIGHT="7.0"></String>
          </TextLine>
        </TextBlock>
        <TextBlock HPOS="860"
                   VPOS="504"
                   WIDTH="548"
                   HEIGHT="82"
                   ID="region_1719566182853_162"
                   TAGREFS="BT3655">
          <Shape><Polygon POINTS="1384 586 860 586 860 515 1408 504"/></Shape>
          <TextLine ID="eSc_line_972efce1"
                    BASELINE="889 580 1370 584" 
                    HPOS="889.0"
                    VPOS="580.0"
                    WIDTH="481.0"
                    HEIGHT="4.0">
	    <String CONTENT=""
                    HPOS="889.0"
                    VPOS="580.0"
                    WIDTH="481.0"
                    HEIGHT="4.0"></String>
          </TextLine>
        </TextBlock>
        <TextBlock HPOS="579.0"
                   VPOS="1757.0"
                   WIDTH="529.0"
                   HEIGHT="615.0"
                   ID="region_1719566209957_180"
                   TAGREFS="BT3658">
          <Shape><Polygon POINTS="1108 2372 579 2371 609 1757 1108 1757"/></Shape>
          <TextLine ID="eSc_line_38eca7ea"
                    BASELINE="635 1809 1104 1812" 
                    HPOS="635.0"
                    VPOS="1809.0"
                    WIDTH="469.0"
                    HEIGHT="3.0">
	    <String CONTENT=""
                    HPOS="635.0"
                    VPOS="1809.0"
                    WIDTH="469.0"
                    HEIGHT="3.0"></String>
          </TextLine>
          <TextLine ID="eSc_line_895fe44a"
                    BASELINE="611 1852 1097 1862" 
                    HPOS="611.0"
                    VPOS="1852.0"
                    WIDTH="486.0"
                    HEIGHT="10.0">
	    <String CONTENT=""
                    HPOS="611.0"
                    VPOS="1852.0"
                    WIDTH="486.0"
                    HEIGHT="10.0"></String>
          </TextLine>
          <TextLine ID="eSc_line_ea5ca14f"
                    BASELINE="614 1892 1101 1901" 
                    HPOS="614.0"
                    VPOS="1892.0"
                    WIDTH="487.0"
                    HEIGHT="9.0">
	    <String CONTENT=""
                    HPOS="614.0"
                    VPOS="1892.0"
                    WIDTH="487.0"
                    HEIGHT="9.0"></String>
          </TextLine>
          <TextLine ID="eSc_line_a246f620"
                    BASELINE="605 1938 1103 1949" 
                    HPOS="605.0"
                    VPOS="1938.0"
                    WIDTH="498.0"
                    HEIGHT="11.0">
	    <String CONTENT=""
                    HPOS="605.0"
                    VPOS="1938.0"
                    WIDTH="498.0"
                    HEIGHT="11.0"></String>
          </TextLine>
          <TextLine ID="eSc_line_2c615e56"
                    BASELINE="601 1989 1097 1996" 
                    HPOS="601.0"
                    VPOS="1989.0"
                    WIDTH="496.0"
                    HEIGHT="7.0">
	    <String CONTENT=""
                    HPOS="601.0"
                    VPOS="1989.0"
                    WIDTH="496.0"
                    HEIGHT="7.0"></String>
          </TextLine>
          <TextLine ID="eSc_line_5d316faa"
                    BASELINE="605 2035 1100 2041" 
                    HPOS="605.0"
                    VPOS="2035.0"
                    WIDTH="495.0"
                    HEIGHT="6.0">
	    <String CONTENT=""
                    HPOS="605.0"
                    VPOS="2035.0"
                    WIDTH="495.0"
                    HEIGHT="6.0"></String>
          </TextLine>
          <TextLine ID="eSc_line_d6764a8b"
                    BASELINE="603 2080 1097 2086" 
                    HPOS="603.0"
                    VPOS="2080.0"
                    WIDTH="494.0"
                    HEIGHT="6.0">
	    <String CONTENT=""
                    HPOS="603.0"
                    VPOS="2080.0"
                    WIDTH="494.0"
                    HEIGHT="6.0"></String>
          </TextLine>
          <TextLine ID="eSc_line_10a6f70f"
                    BASELINE="605 2128 1096 2135" 
                    HPOS="605.0"
                    VPOS="2128.0"
                    WIDTH="491.0"
                    HEIGHT="7.0">
	    <String CONTENT=""
                    HPOS="605.0"
                    VPOS="2128.0"
                    WIDTH="491.0"
                    HEIGHT="7.0"></String>
          </TextLine>
          <TextLine ID="eSc_line_b0c8ed4b"
                    BASELINE="596 2176 1098 2181" 
                    HPOS="596.0"
                    VPOS="2176.0"
                    WIDTH="502.0"
                    HEIGHT="5.0">
	    <String CONTENT=""
                    HPOS="596.0"
                    VPOS="2176.0"
                    WIDTH="502.0"
                    HEIGHT="5.0"></String>
          </TextLine>
          <TextLine ID="eSc_line_ae7e9bfd"
                    BASELINE="600 2217 1098 2221" 
                    HPOS="600.0"
                    VPOS="2217.0"
                    WIDTH="498.0"
                    HEIGHT="4.0">
	    <String CONTENT=""
                    HPOS="600.0"
                    VPOS="2217.0"
                    WIDTH="498.0"
                    HEIGHT="4.0"></String>
          </TextLine>
          <TextLine ID="eSc_line_66e8d438"
                    BASELINE="605 2259 1099 2271" 
                    HPOS="605.0"
                    VPOS="2259.0"
                    WIDTH="494.0"
                    HEIGHT="12.0">
	    <String CONTENT=""
                    HPOS="605.0"
                    VPOS="2259.0"
                    WIDTH="494.0"
                    HEIGHT="12.0"></String>
          </TextLine>
          <TextLine ID="eSc_line_4d5c4bb6"
                    BASELINE="598 2309 1092 2315" 
                    HPOS="598.0"
                    VPOS="2309.0"
                    WIDTH="494.0"
                    HEIGHT="6.0">
	    <String CONTENT=""
                    HPOS="598.0"
                    VPOS="2309.0"
                    WIDTH="494.0"
                    HEIGHT="6.0"></String>
          </TextLine>
          <TextLine ID="eSc_line_d4e5ba3d"
                    BASELINE="595 2352 1092 2356" 
                    HPOS="595.0"
                    VPOS="2352.0"
                    WIDTH="497.0"
                    HEIGHT="4.0">
	    <String CONTENT=""
                    HPOS="595.0"
                    VPOS="2352.0"
                    WIDTH="497.0"
                    HEIGHT="4.0"></String>
          </TextLine>
        </TextBlock>
        <TextBlock HPOS="1115.0"
                   VPOS="1769.0"
                   WIDTH="564.0"
                   HEIGHT="597.0"
                   ID="region_1719566215993_183"
                   TAGREFS="BT3659">
          <Shape><Polygon POINTS="1656 2358 1115 2366 1123 1772 1679 1769"/></Shape>
          <TextLine ID="eSc_line_4cd9ca30"
                    BASELINE="1136 1813 1628 1819" 
                    HPOS="1136.0"
                    VPOS="1813.0"
                    WIDTH="492.0"
                    HEIGHT="6.0">
	    <String CONTENT=""
                    HPOS="1136.0"
                    VPOS="1813.0"
                    WIDTH="492.0"
                    HEIGHT="6.0"></String>
          </TextLine>
          <TextLine ID="eSc_line_ffbc82ba"
                    BASELINE="1125 1861 1640 1867" 
                    HPOS="1125.0"
                    VPOS="1861.0"
                    WIDTH="515.0"
                    HEIGHT="6.0">
	    <String CONTENT=""
                    HPOS="1125.0"
                    VPOS="1861.0"
                    WIDTH="515.0"
                    HEIGHT="6.0"></String>
          </TextLine>
          <TextLine ID="eSc_line_ffd1f474"
                    BASELINE="1130 1907 1632 1913" 
                    HPOS="1130.0"
                    VPOS="1907.0"
                    WIDTH="502.0"
                    HEIGHT="6.0">
	    <String CONTENT=""
                    HPOS="1130.0"
                    VPOS="1907.0"
                    WIDTH="502.0"
                    HEIGHT="6.0"></String>
          </TextLine>
          <TextLine ID="eSc_line_b71595c6"
                    BASELINE="1123 1949 1624 1955" 
                    HPOS="1123.0"
                    VPOS="1949.0"
                    WIDTH="501.0"
                    HEIGHT="6.0">
	    <String CONTENT=""
                    HPOS="1123.0"
                    VPOS="1949.0"
                    WIDTH="501.0"
                    HEIGHT="6.0"></String>
          </TextLine>
          <TextLine ID="eSc_line_9fef4625"
                    BASELINE="1127 1997 1628 1997" 
                    HPOS="1127.0"
                    VPOS="1997.0"
                    WIDTH="501.0"
                    HEIGHT="0.0">
	    <String CONTENT=""
                    HPOS="1127.0"
                    VPOS="1997.0"
                    WIDTH="501.0"
                    HEIGHT="0.0"></String>
          </TextLine>
          <TextLine ID="eSc_line_e6b243c4"
                    BASELINE="1124 2045 1626 2044" 
                    HPOS="1124.0"
                    VPOS="2044.0"
                    WIDTH="502.0"
                    HEIGHT="1.0">
	    <String CONTENT=""
                    HPOS="1124.0"
                    VPOS="2044.0"
                    WIDTH="502.0"
                    HEIGHT="1.0"></String>
          </TextLine>
          <TextLine ID="eSc_line_f4659e70"
                    BASELINE="1122 2095 1621 2087" 
                    HPOS="1122.0"
                    VPOS="2087.0"
                    WIDTH="499.0"
                    HEIGHT="8.0">
	    <String CONTENT=""
                    HPOS="1122.0"
                    VPOS="2087.0"
                    WIDTH="499.0"
                    HEIGHT="8.0"></String>
          </TextLine>
          <TextLine ID="eSc_line_7fbb9cd5"
                    BASELINE="1125 2139 1625 2132" 
                    HPOS="1125.0"
                    VPOS="2132.0"
                    WIDTH="500.0"
                    HEIGHT="7.0">
	    <String CONTENT=""
                    HPOS="1125.0"
                    VPOS="2132.0"
                    WIDTH="500.0"
                    HEIGHT="7.0"></String>
          </TextLine>
          <TextLine ID="eSc_line_4f9b5e05"
                    BASELINE="1123 2183 1629 2180" 
                    HPOS="1123.0"
                    VPOS="2180.0"
                    WIDTH="506.0"
                    HEIGHT="3.0">
	    <String CONTENT=""
                    HPOS="1123.0"
                    VPOS="2180.0"
                    WIDTH="506.0"
                    HEIGHT="3.0"></String>
          </TextLine>
          <TextLine ID="eSc_line_e9ac3b53"
                    BASELINE="1124 2228 1632 2221" 
                    HPOS="1124.0"
                    VPOS="2221.0"
                    WIDTH="508.0"
                    HEIGHT="7.0">
	    <String CONTENT=""
                    HPOS="1124.0"
                    VPOS="2221.0"
                    WIDTH="508.0"
                    HEIGHT="7.0"></String>
          </TextLine>
          <TextLine ID="eSc_line_44ec19a5"
                    BASELINE="1124 2270 1632 2269" 
                    HPOS="1124.0"
                    VPOS="2269.0"
                    WIDTH="508.0"
                    HEIGHT="1.0">
	    <String CONTENT=""
                    HPOS="1124.0"
                    VPOS="2269.0"
                    WIDTH="508.0"
                    HEIGHT="1.0"></String>
          </TextLine>
          <TextLine ID="eSc_line_da7ee128"
                    BASELINE="1121 2316 1627 2311" 
                    HPOS="1121.0"
                    VPOS="2311.0"
                    WIDTH="506.0"
                    HEIGHT="5.0">
	    <String CONTENT=""
                    HPOS="1121.0"
                    VPOS="2311.0"
                    WIDTH="506.0"
                    HEIGHT="5.0"></String>
          </TextLine>
          <TextLine ID="eSc_line_6a7034de"
                    BASELINE="1132 2360 1615 2353" 
                    HPOS="1132.0"
                    VPOS="2353.0"
                    WIDTH="483.0"
                    HEIGHT="7.0">
	    <String CONTENT=""
                    HPOS="1132.0"
                    VPOS="2353.0"
                    WIDTH="483.0"
                    HEIGHT="7.0"></String>
          </TextLine>
        </TextBlock>
        <TextBlock HPOS="1554"
                   VPOS="1644"
                   WIDTH="119"
                   HEIGHT="90"
                   ID="region_1719566198612_174"
                   TAGREFS="BT3655">
          <Shape><Polygon POINTS="1660 1734 1554 1734 1554 1657 1673 1644"/></Shape>
          <TextLine ID="eSc_line_3d46588c"
                    BASELINE="1568 1726 1636 1726" 
                    HPOS="1568.0"
                    VPOS="1726.0"
                    WIDTH="68.0"
                    HEIGHT="0.0">
	    <String CONTENT=""
                    HPOS="1568.0"
                    VPOS="1726.0"
                    WIDTH="68.0"
                    HEIGHT="0.0"></String>
          </TextLine>
        </TextBlock>
        <TextBlock HPOS="1528"
                   VPOS="2365"
                   WIDTH="96"
                   HEIGHT="42"
                   ID="region_1719566307629_195"
                   TAGREFS="BT3655">
          <Shape><Polygon POINTS="1624 2407 1528 2400 1528 2365 1619 2365"/></Shape>
          <TextLine ID="eSc_line_d72e4da9"
                    BASELINE="1531 2398 1620 2396" 
                    HPOS="1531.0"
                    VPOS="2396.0"
                    WIDTH="89.0"
                    HEIGHT="2.0">
	    <String CONTENT=""
                    HPOS="1531.0"
                    VPOS="2396.0"
                    WIDTH="89.0"
                    HEIGHT="2.0"></String>
          </TextLine>
        </TextBlock>
      </PrintSpace>
    </Page>
  </Layout>
</alto>
