<?xml version="1.0" encoding="UTF-8"?>
<alto xmlns:xsi="http://www.w3.org/2001/XMLSchema-instance"
      xmlns="http://www.loc.gov/standards/alto/ns-v4#"
      xsi:schemaLocation="http://www.loc.gov/standards/alto/ns-v4# http://www.loc.gov/standards/alto/v4/alto-4-2.xsd">
  <Description>
    <MeasurementUnit>pixel</MeasurementUnit>
    <sourceImageInformation>
      <fileName>1769,_Saemtliche_Poetische_Werke,_Bohn,_4._Aufl.,_Bd._1,_VD18_90481097_Seite_049_Bild_0001.jpg</fileName>
    </sourceImageInformation>
  </Description>
  <Tags>
    <OtherTag ID="BT1" LABEL="Title" DESCRIPTION="block type Title"/><OtherTag ID="BT2" LABEL="Main" DESCRIPTION="block type Main"/><OtherTag ID="BT3" LABEL="Commentary" DESCRIPTION="block type Commentary"/><OtherTag ID="BT4" LABEL="Illustration" DESCRIPTION="block type Illustration"/><OtherTag ID="BT3654" LABEL="header" DESCRIPTION="block type header"/><OtherTag ID="BT3655" LABEL="paragraph" DESCRIPTION="block type paragraph"/><OtherTag ID="BT3656" LABEL="heading" DESCRIPTION="block type heading"/><OtherTag ID="BT3657" LABEL="footnote" DESCRIPTION="block type footnote"/><OtherTag ID="BT3658" LABEL="l-column" DESCRIPTION="block type l-column"/><OtherTag ID="BT3659" LABEL="r-column" DESCRIPTION="block type r-column"/><OtherTag ID="BT3660" LABEL="marginalia" DESCRIPTION="block type marginalia"/>
  </Tags>
  <Layout>
    <Page WIDTH="1857"
          HEIGHT="2880"
          PHYSICAL_IMG_NR="25"
          ID="eSc_dummypage_">
      <PrintSpace HPOS="0"
                  VPOS="0"
                  WIDTH="1857"
                  HEIGHT="2880">
        <TextBlock HPOS="401.0"
                   VPOS="1327.0"
                   WIDTH="584.0"
                   HEIGHT="200.0"
                   ID="region_1719558534390_25"
                   TAGREFS="BT3656">
          <Shape><Polygon POINTS="967 1527 401 1527 403 1329 985 1327"/></Shape>
          <TextLine ID="eSc_line_25b352a7"
                    BASELINE="407 1420 960 1432" 
                    HPOS="407.0"
                    VPOS="1420.0"
                    WIDTH="553.0"
                    HEIGHT="12.0">
	    <String CONTENT=""
                    HPOS="407.0"
                    VPOS="1420.0"
                    WIDTH="553.0"
                    HEIGHT="12.0"></String>
          </TextLine>
          <TextLine ID="eSc_line_3aed1a7a"
                    BASELINE="498 1517 867 1520" 
                    HPOS="498.0"
                    VPOS="1517.0"
                    WIDTH="369.0"
                    HEIGHT="3.0">
	    <String CONTENT=""
                    HPOS="498.0"
                    VPOS="1517.0"
                    WIDTH="369.0"
                    HEIGHT="3.0"></String>
          </TextLine>
        </TextBlock>
        <TextBlock HPOS="142.0"
                   VPOS="1570.0"
                   WIDTH="1089.0"
                   HEIGHT="368.0"
                   ID="region_1719558542978_31"
                   TAGREFS="BT3655">
          <Shape><Polygon POINTS="1217 1938 142 1938 167 1724 170 1693 296 1685 299 1575 1231 1570"/></Shape>
          <TextLine ID="eSc_line_f9878f95"
                    BASELINE="306 1643 1192 1661" 
                    HPOS="306.0"
                    VPOS="1643.0"
                    WIDTH="886.0"
                    HEIGHT="18.0">
	    <String CONTENT=""
                    HPOS="306.0"
                    VPOS="1643.0"
                    WIDTH="886.0"
                    HEIGHT="18.0"></String>
          </TextLine>
          <TextLine ID="eSc_line_7f42bc36"
                    BASELINE="772 1699 922 1707" 
                    HPOS="772.0"
                    VPOS="1699.0"
                    WIDTH="150.0"
                    HEIGHT="8.0">
	    <String CONTENT=""
                    HPOS="772.0"
                    VPOS="1699.0"
                    WIDTH="150.0"
                    HEIGHT="8.0"></String>
          </TextLine>
          <TextLine ID="eSc_line_94a5c2e8"
                    BASELINE="174 1735 1095 1766" 
                    HPOS="174.0"
                    VPOS="1735.0"
                    WIDTH="921.0"
                    HEIGHT="31.0">
	    <String CONTENT=""
                    HPOS="174.0"
                    VPOS="1735.0"
                    WIDTH="921.0"
                    HEIGHT="31.0"></String>
          </TextLine>
          <TextLine ID="eSc_line_173700fa"
                    BASELINE="163 1795 1188 1823" 
                    HPOS="163.0"
                    VPOS="1795.0"
                    WIDTH="1025.0"
                    HEIGHT="28.0">
	    <String CONTENT=""
                    HPOS="163.0"
                    VPOS="1795.0"
                    WIDTH="1025.0"
                    HEIGHT="28.0"></String>
          </TextLine>
          <TextLine ID="eSc_line_b093d37e"
                    BASELINE="716 1866 1005 1871" 
                    HPOS="716.0"
                    VPOS="1866.0"
                    WIDTH="289.0"
                    HEIGHT="5.0">
	    <String CONTENT=""
                    HPOS="716.0"
                    VPOS="1866.0"
                    WIDTH="289.0"
                    HEIGHT="5.0"></String>
          </TextLine>
          <TextLine ID="eSc_line_d02d34bd"
                    BASELINE="175 1908 1198 1928" 
                    HPOS="175.0"
                    VPOS="1908.0"
                    WIDTH="1023.0"
                    HEIGHT="20.0">
	    <String CONTENT=""
                    HPOS="175.0"
                    VPOS="1908.0"
                    WIDTH="1023.0"
                    HEIGHT="20.0"></String>
          </TextLine>
        </TextBlock>
        <TextBlock HPOS="161.0"
                   VPOS="2018.0"
                   WIDTH="1015.0"
                   HEIGHT="149.0"
                   ID="region_1719558547910_34"
                   TAGREFS="BT3656">
          <Shape><Polygon POINTS="1168 2167 161 2167 169 2018 1176 2018"/></Shape>
          <TextLine ID="eSc_line_5a19bfbf"
                    BASELINE="198 2094 1154 2117" 
                    HPOS="198.0"
                    VPOS="2094.0"
                    WIDTH="956.0"
                    HEIGHT="23.0">
	    <String CONTENT=""
                    HPOS="198.0"
                    VPOS="2094.0"
                    WIDTH="956.0"
                    HEIGHT="23.0"></String>
          </TextLine>
          <TextLine ID="eSc_line_0878a973"
                    BASELINE="475 2160 884 2164" 
                    HPOS="475.0"
                    VPOS="2160.0"
                    WIDTH="409.0"
                    HEIGHT="4.0">
	    <String CONTENT=""
                    HPOS="475.0"
                    VPOS="2160.0"
                    WIDTH="409.0"
                    HEIGHT="4.0"></String>
          </TextLine>
        </TextBlock>
        <TextBlock HPOS="1067"
                   VPOS="1942"
                   WIDTH="132"
                   HEIGHT="54"
                   ID="region_1719558671414_59"
                   TAGREFS="BT3655">
          <Shape><Polygon POINTS="1069 1942 1199 1942 1197 1996 1067 1996"/></Shape>
          <TextLine ID="eSc_line_e498bfaa"
                    BASELINE="1073 1987 1191 1990" 
                    HPOS="1073.0"
                    VPOS="1987.0"
                    WIDTH="118.0"
                    HEIGHT="3.0">
	    <String CONTENT=""
                    HPOS="1073.0"
                    VPOS="1987.0"
                    WIDTH="118.0"
                    HEIGHT="3.0"></String>
          </TextLine>
        </TextBlock>
        <TextBlock HPOS="288.0"
                   VPOS="2203.0"
                   WIDTH="700.0"
                   HEIGHT="200.0"
                   ID="region_1719558556570_40"
                   TAGREFS="BT3655">
          <Shape><Polygon POINTS="980 2403 429 2391 288 2363 288 2301 359 2294 360 2203 988 2205"/></Shape>
          <TextLine ID="eSc_line_b665fcae"
                    BASELINE="362 2259 965 2261" 
                    HPOS="362.0"
                    VPOS="2259.0"
                    WIDTH="603.0"
                    HEIGHT="2.0">
	    <String CONTENT=""
                    HPOS="362.0"
                    VPOS="2259.0"
                    WIDTH="603.0"
                    HEIGHT="2.0"></String>
          </TextLine>
          <TextLine ID="eSc_line_35ac6172"
                    BASELINE="468 2301 889 2303" 
                    HPOS="468.0"
                    VPOS="2301.0"
                    WIDTH="421.0"
                    HEIGHT="2.0">
	    <String CONTENT=""
                    HPOS="468.0"
                    VPOS="2301.0"
                    WIDTH="421.0"
                    HEIGHT="2.0"></String>
          </TextLine>
          <TextLine ID="eSc_line_d4bfa141"
                    BASELINE="307 2342 965 2352" 
                    HPOS="307.0"
                    VPOS="2342.0"
                    WIDTH="658.0"
                    HEIGHT="10.0">
	    <String CONTENT=""
                    HPOS="307.0"
                    VPOS="2342.0"
                    WIDTH="658.0"
                    HEIGHT="10.0"></String>
          </TextLine>
          <TextLine ID="eSc_line_32531f07"
                    BASELINE="454 2388 936 2393" 
                    HPOS="454.0"
                    VPOS="2388.0"
                    WIDTH="482.0"
                    HEIGHT="5.0">
	    <String CONTENT=""
                    HPOS="454.0"
                    VPOS="2388.0"
                    WIDTH="482.0"
                    HEIGHT="5.0"></String>
          </TextLine>
        </TextBlock>
        <TextBlock HPOS="219"
                   VPOS="2384"
                   WIDTH="175"
                   HEIGHT="64"
                   ID="region_1719558564402_49"
                   TAGREFS="BT3657">
          <Shape><Polygon POINTS="394 2448 221 2448 219 2384 385 2388"/></Shape>
          <TextLine ID="eSc_line_3304dde1"
                    BASELINE="234 2434 385 2436" 
                    HPOS="234.0"
                    VPOS="2434.0"
                    WIDTH="151.0"
                    HEIGHT="2.0">
	    <String CONTENT=""
                    HPOS="234.0"
                    VPOS="2434.0"
                    WIDTH="151.0"
                    HEIGHT="2.0"></String>
          </TextLine>
        </TextBlock>
        <TextBlock HPOS="662"
                   VPOS="2400"
                   WIDTH="112"
                   HEIGHT="57"
                   ID="region_1719558558682_43"
                   TAGREFS="BT3655">
          <Shape><Polygon POINTS="774 2457 664 2437 662 2400 761 2400"/></Shape>
          <TextLine ID="eSc_line_abf6ea1b"
                    BASELINE="692 2434 746 2438" 
                    HPOS="692.0"
                    VPOS="2434.0"
                    WIDTH="54.0"
                    HEIGHT="4.0">
	    <String CONTENT=""
                    HPOS="692.0"
                    VPOS="2434.0"
                    WIDTH="54.0"
                    HEIGHT="4.0"></String>
          </TextLine>
        </TextBlock>
        <TextBlock HPOS="1090"
                   VPOS="2361"
                   WIDTH="171"
                   HEIGHT="103"
                   ID="region_1719558561454_46"
                   TAGREFS="BT3655">
          <Shape><Polygon POINTS="1232 2464 1090 2464 1090 2385 1261 2361"/></Shape>
          <TextLine ID="eSc_line_eb6ed32b"
                    BASELINE="1101 2446 1211 2449" 
                    HPOS="1101.0"
                    VPOS="2446.0"
                    WIDTH="110.0"
                    HEIGHT="3.0">
	    <String CONTENT=""
                    HPOS="1101.0"
                    VPOS="2446.0"
                    WIDTH="110.0"
                    HEIGHT="3.0"></String>
          </TextLine>
        </TextBlock>
        <TextBlock HPOS="280.0"
                   VPOS="2187.0"
                   WIDTH="73.0"
                   HEIGHT="114.0"
                   ID="region_1719558551742_37"
                   TAGREFS="BT3655">
          <Shape><Polygon POINTS="353 2297 280 2301 280 2191 353 2187"/></Shape>
        </TextBlock>
        <TextBlock HPOS="156.0"
                   VPOS="1499.0"
                   WIDTH="143.0"
                   HEIGHT="189.0"
                   ID="region_1719558537455_28"
                   TAGREFS="BT3655">
          <Shape><Polygon POINTS="299 1688 175 1688 156 1499 293 1505"/></Shape>
        </TextBlock>
      </PrintSpace>
    </Page>
  </Layout>
</alto>
