<?xml version="1.0" encoding="UTF-8"?>
<alto xmlns:xsi="http://www.w3.org/2001/XMLSchema-instance"
      xmlns="http://www.loc.gov/standards/alto/ns-v4#"
      xsi:schemaLocation="http://www.loc.gov/standards/alto/ns-v4# http://www.loc.gov/standards/alto/v4/alto-4-2.xsd">
  <Description>
    <MeasurementUnit>pixel</MeasurementUnit>
    <sourceImageInformation>
      <fileName>1769,_Saemtliche_Poetische_Werke,_Bohn,_4._Aufl.,_Bd._2,_VD18_90481100_Seite_282_Bild_0001.jpg</fileName>
    </sourceImageInformation>
  </Description>
  <Tags>
    <OtherTag ID="BT1" LABEL="Title" DESCRIPTION="block type Title"/><OtherTag ID="BT2" LABEL="Main" DESCRIPTION="block type Main"/><OtherTag ID="BT3" LABEL="Commentary" DESCRIPTION="block type Commentary"/><OtherTag ID="BT4" LABEL="Illustration" DESCRIPTION="block type Illustration"/><OtherTag ID="BT3654" LABEL="header" DESCRIPTION="block type header"/><OtherTag ID="BT3655" LABEL="paragraph" DESCRIPTION="block type paragraph"/><OtherTag ID="BT3656" LABEL="heading" DESCRIPTION="block type heading"/><OtherTag ID="BT3657" LABEL="footnote" DESCRIPTION="block type footnote"/><OtherTag ID="BT3658" LABEL="l-column" DESCRIPTION="block type l-column"/><OtherTag ID="BT3659" LABEL="r-column" DESCRIPTION="block type r-column"/><OtherTag ID="BT3660" LABEL="marginalia" DESCRIPTION="block type marginalia"/>
  </Tags>
  <Layout>
    <Page WIDTH="1873"
          HEIGHT="2869"
          PHYSICAL_IMG_NR="49"
          ID="eSc_dummypage_">
      <PrintSpace HPOS="0"
                  VPOS="0"
                  WIDTH="1873"
                  HEIGHT="2869">
        <TextBlock HPOS="639"
                   VPOS="557"
                   WIDTH="117"
                   HEIGHT="59"
                   ID="region_1724839070454_234"
                   TAGREFS="BT3655">
          <Shape><Polygon POINTS="736 616 639 616 639 561 756 557"/></Shape>
          <TextLine ID="eSc_line_669f5b5d"
                    BASELINE="654 610 722 613" 
                    HPOS="654.0"
                    VPOS="610.0"
                    WIDTH="68.0"
                    HEIGHT="3.0">
	    <String CONTENT=""
                    HPOS="654.0"
                    VPOS="610.0"
                    WIDTH="68.0"
                    HEIGHT="3.0"></String>
          </TextLine>
        </TextBlock>
        <TextBlock HPOS="640.0"
                   VPOS="654.0"
                   WIDTH="894.0"
                   HEIGHT="698.0"
                   ID="region_1724839083258_237"
                   TAGREFS="BT3655">
          <Shape><Polygon POINTS="1510 1352 640 1352 640 654 1534 654"/></Shape>
          <TextLine ID="eSc_line_a99fcd4c"
                    BASELINE="683 706 1469 708" 
                    HPOS="683.0"
                    VPOS="706.0"
                    WIDTH="786.0"
                    HEIGHT="2.0">
	    <String CONTENT=""
                    HPOS="683.0"
                    VPOS="706.0"
                    WIDTH="786.0"
                    HEIGHT="2.0"></String>
          </TextLine>
          <TextLine ID="eSc_line_f3962af2"
                    BASELINE="653 763 1414 767" 
                    HPOS="653.0"
                    VPOS="763.0"
                    WIDTH="761.0"
                    HEIGHT="4.0">
	    <String CONTENT=""
                    HPOS="653.0"
                    VPOS="763.0"
                    WIDTH="761.0"
                    HEIGHT="4.0"></String>
          </TextLine>
          <TextLine ID="eSc_line_4bc7f93a"
                    BASELINE="656 825 1495 824" 
                    HPOS="656.0"
                    VPOS="824.0"
                    WIDTH="839.0"
                    HEIGHT="1.0">
	    <String CONTENT=""
                    HPOS="656.0"
                    VPOS="824.0"
                    WIDTH="839.0"
                    HEIGHT="1.0"></String>
          </TextLine>
          <TextLine ID="eSc_line_8bbb8455"
                    BASELINE="655 882 1390 880" 
                    HPOS="655.0"
                    VPOS="880.0"
                    WIDTH="735.0"
                    HEIGHT="2.0">
	    <String CONTENT=""
                    HPOS="655.0"
                    VPOS="880.0"
                    WIDTH="735.0"
                    HEIGHT="2.0"></String>
          </TextLine>
          <TextLine ID="eSc_line_a13a971d"
                    BASELINE="653 947 1434 945" 
                    HPOS="653.0"
                    VPOS="945.0"
                    WIDTH="781.0"
                    HEIGHT="2.0">
	    <String CONTENT=""
                    HPOS="653.0"
                    VPOS="945.0"
                    WIDTH="781.0"
                    HEIGHT="2.0"></String>
          </TextLine>
          <TextLine ID="eSc_line_4e2fb4d7"
                    BASELINE="653 1006 1321 1009" 
                    HPOS="653.0"
                    VPOS="1006.0"
                    WIDTH="668.0"
                    HEIGHT="3.0">
	    <String CONTENT=""
                    HPOS="653.0"
                    VPOS="1006.0"
                    WIDTH="668.0"
                    HEIGHT="3.0"></String>
          </TextLine>
          <TextLine ID="eSc_line_13fa997e"
                    BASELINE="649 1071 1443 1061" 
                    HPOS="649.0"
                    VPOS="1061.0"
                    WIDTH="794.0"
                    HEIGHT="10.0">
	    <String CONTENT=""
                    HPOS="649.0"
                    VPOS="1061.0"
                    WIDTH="794.0"
                    HEIGHT="10.0"></String>
          </TextLine>
          <TextLine ID="eSc_line_6c24e84b"
                    BASELINE="651 1128 1509 1123" 
                    HPOS="651.0"
                    VPOS="1123.0"
                    WIDTH="858.0"
                    HEIGHT="5.0">
	    <String CONTENT=""
                    HPOS="651.0"
                    VPOS="1123.0"
                    WIDTH="858.0"
                    HEIGHT="5.0"></String>
          </TextLine>
          <TextLine ID="eSc_line_f69f1913"
                    BASELINE="653 1191 1421 1182" 
                    HPOS="653.0"
                    VPOS="1182.0"
                    WIDTH="768.0"
                    HEIGHT="9.0">
	    <String CONTENT=""
                    HPOS="653.0"
                    VPOS="1182.0"
                    WIDTH="768.0"
                    HEIGHT="9.0"></String>
          </TextLine>
          <TextLine ID="eSc_line_a9167511"
                    BASELINE="660 1250 1435 1249" 
                    HPOS="660.0"
                    VPOS="1249.0"
                    WIDTH="775.0"
                    HEIGHT="1.0">
	    <String CONTENT=""
                    HPOS="660.0"
                    VPOS="1249.0"
                    WIDTH="775.0"
                    HEIGHT="1.0"></String>
          </TextLine>
          <TextLine ID="eSc_line_92491c78"
                    BASELINE="652 1309 1365 1297" 
                    HPOS="652.0"
                    VPOS="1297.0"
                    WIDTH="713.0"
                    HEIGHT="12.0">
	    <String CONTENT=""
                    HPOS="652.0"
                    VPOS="1297.0"
                    WIDTH="713.0"
                    HEIGHT="12.0"></String>
          </TextLine>
        </TextBlock>
        <TextBlock HPOS="901"
                   VPOS="552"
                   WIDTH="527"
                   HEIGHT="66"
                   ID="region_1724839067942_231"
                   TAGREFS="BT3655">
          <Shape><Polygon POINTS="1401 618 901 618 901 552 1428 552"/></Shape>
          <TextLine ID="eSc_line_0d8f3f81"
                    BASELINE="920 611 1401 610" 
                    HPOS="920.0"
                    VPOS="610.0"
                    WIDTH="481.0"
                    HEIGHT="1.0">
	    <String CONTENT=""
                    HPOS="920.0"
                    VPOS="610.0"
                    WIDTH="481.0"
                    HEIGHT="1.0"></String>
          </TextLine>
        </TextBlock>
        <TextBlock HPOS="642.0"
                   VPOS="1445.0"
                   WIDTH="992.0"
                   HEIGHT="242.0"
                   ID="region_1724839090734_243"
                   TAGREFS="BT3655">
          <Shape><Polygon POINTS="1600 1687 642 1687 642 1445 1634 1445"/></Shape>
          <TextLine ID="eSc_line_1719dce6"
                    BASELINE="649 1506 1443 1501" 
                    HPOS="649.0"
                    VPOS="1501.0"
                    WIDTH="794.0"
                    HEIGHT="5.0">
	    <String CONTENT=""
                    HPOS="649.0"
                    VPOS="1501.0"
                    WIDTH="794.0"
                    HEIGHT="5.0"></String>
          </TextLine>
          <TextLine ID="eSc_line_f2c89f33"
                    BASELINE="651 1565 1415 1554" 
                    HPOS="651.0"
                    VPOS="1554.0"
                    WIDTH="764.0"
                    HEIGHT="11.0">
	    <String CONTENT=""
                    HPOS="651.0"
                    VPOS="1554.0"
                    WIDTH="764.0"
                    HEIGHT="11.0"></String>
          </TextLine>
          <TextLine ID="eSc_line_92b23c7e"
                    BASELINE="653 1617 1582 1617" 
                    HPOS="653.0"
                    VPOS="1617.0"
                    WIDTH="929.0"
                    HEIGHT="0.0">
	    <String CONTENT=""
                    HPOS="653.0"
                    VPOS="1617.0"
                    WIDTH="929.0"
                    HEIGHT="0.0"></String>
          </TextLine>
          <TextLine ID="eSc_line_0559769a"
                    BASELINE="664 1673 1465 1670" 
                    HPOS="664.0"
                    VPOS="1670.0"
                    WIDTH="801.0"
                    HEIGHT="3.0">
	    <String CONTENT=""
                    HPOS="664.0"
                    VPOS="1670.0"
                    WIDTH="801.0"
                    HEIGHT="3.0"></String>
          </TextLine>
        </TextBlock>
        <TextBlock HPOS="1051.0"
                   VPOS="1381.0"
                   WIDTH="263.0"
                   HEIGHT="61.0"
                   ID="region_1724839087011_240"
                   TAGREFS="BT3656">
          <Shape><Polygon POINTS="1256 1442 1051 1442 1051 1383 1314 1381"/></Shape>
          <TextLine ID="eSc_line_85f20bfe"
                    BASELINE="1070 1432 1237 1435" 
                    HPOS="1070.0"
                    VPOS="1432.0"
                    WIDTH="167.0"
                    HEIGHT="3.0">
	    <String CONTENT=""
                    HPOS="1070.0"
                    VPOS="1432.0"
                    WIDTH="167.0"
                    HEIGHT="3.0"></String>
          </TextLine>
        </TextBlock>
        <TextBlock HPOS="623.0"
                   VPOS="1763.0"
                   WIDTH="960.0"
                   HEIGHT="256.0"
                   ID="region_1724839098386_249"
                   TAGREFS="BT3655">
          <Shape><Polygon POINTS="1544 2019 623 2019 623 1763 1583 1768"/></Shape>
          <TextLine ID="eSc_line_25afda50"
                    BASELINE="643 1821 1398 1813" 
                    HPOS="643.0"
                    VPOS="1813.0"
                    WIDTH="755.0"
                    HEIGHT="8.0">
	    <String CONTENT=""
                    HPOS="643.0"
                    VPOS="1813.0"
                    WIDTH="755.0"
                    HEIGHT="8.0"></String>
          </TextLine>
          <TextLine ID="eSc_line_21f0e6e1"
                    BASELINE="638 1880 1377 1876" 
                    HPOS="638.0"
                    VPOS="1876.0"
                    WIDTH="739.0"
                    HEIGHT="4.0">
	    <String CONTENT=""
                    HPOS="638.0"
                    VPOS="1876.0"
                    WIDTH="739.0"
                    HEIGHT="4.0"></String>
          </TextLine>
          <TextLine ID="eSc_line_49b086d7"
                    BASELINE="649 1943 1506 1945" 
                    HPOS="649.0"
                    VPOS="1943.0"
                    WIDTH="857.0"
                    HEIGHT="2.0">
	    <String CONTENT=""
                    HPOS="649.0"
                    VPOS="1943.0"
                    WIDTH="857.0"
                    HEIGHT="2.0"></String>
          </TextLine>
          <TextLine ID="eSc_line_15b08e3a"
                    BASELINE="652 2006 1418 2003" 
                    HPOS="652.0"
                    VPOS="2003.0"
                    WIDTH="766.0"
                    HEIGHT="3.0">
	    <String CONTENT=""
                    HPOS="652.0"
                    VPOS="2003.0"
                    WIDTH="766.0"
                    HEIGHT="3.0"></String>
          </TextLine>
        </TextBlock>
        <TextBlock HPOS="1040.0"
                   VPOS="1690.0"
                   WIDTH="233.0"
                   HEIGHT="56.0"
                   ID="region_1724839094210_246"
                   TAGREFS="BT3656">
          <Shape><Polygon POINTS="1248 1746 1040 1746 1040 1690 1273 1699"/></Shape>
          <TextLine ID="eSc_line_412a2ac3"
                    BASELINE="1057 1738 1228 1743" 
                    HPOS="1057.0"
                    VPOS="1738.0"
                    WIDTH="171.0"
                    HEIGHT="5.0">
	    <String CONTENT=""
                    HPOS="1057.0"
                    VPOS="1738.0"
                    WIDTH="171.0"
                    HEIGHT="5.0"></String>
          </TextLine>
        </TextBlock>
        <TextBlock HPOS="631.0"
                   VPOS="2095.0"
                   WIDTH="909.0"
                   HEIGHT="234.0"
                   ID="region_1724839104090_255"
                   TAGREFS="BT3655">
          <Shape><Polygon POINTS="1487 2329 631 2329 631 2095 1540 2099"/></Shape>
          <TextLine ID="eSc_line_ed1f5e2a"
                    BASELINE="639 2146 1319 2142" 
                    HPOS="639.0"
                    VPOS="2142.0"
                    WIDTH="680.0"
                    HEIGHT="4.0">
	    <String CONTENT=""
                    HPOS="639.0"
                    VPOS="2142.0"
                    WIDTH="680.0"
                    HEIGHT="4.0"></String>
          </TextLine>
          <TextLine ID="eSc_line_f4bc8692"
                    BASELINE="652 2201 1471 2195" 
                    HPOS="652.0"
                    VPOS="2195.0"
                    WIDTH="819.0"
                    HEIGHT="6.0">
	    <String CONTENT=""
                    HPOS="652.0"
                    VPOS="2195.0"
                    WIDTH="819.0"
                    HEIGHT="6.0"></String>
          </TextLine>
          <TextLine ID="eSc_line_41a3e741"
                    BASELINE="660 2263 1437 2254" 
                    HPOS="660.0"
                    VPOS="2254.0"
                    WIDTH="777.0"
                    HEIGHT="9.0">
	    <String CONTENT=""
                    HPOS="660.0"
                    VPOS="2254.0"
                    WIDTH="777.0"
                    HEIGHT="9.0"></String>
          </TextLine>
          <TextLine ID="eSc_line_aa1ed84a"
                    BASELINE="649 2322 1475 2315" 
                    HPOS="649.0"
                    VPOS="2315.0"
                    WIDTH="826.0"
                    HEIGHT="7.0">
	    <String CONTENT=""
                    HPOS="649.0"
                    VPOS="2315.0"
                    WIDTH="826.0"
                    HEIGHT="7.0"></String>
          </TextLine>
        </TextBlock>
        <TextBlock HPOS="1062.0"
                   VPOS="2025.0"
                   WIDTH="215.0"
                   HEIGHT="56.0"
                   ID="region_1724839100950_252"
                   TAGREFS="BT3656">
          <Shape><Polygon POINTS="1256 2081 1062 2081 1062 2025 1277 2031"/></Shape>
          <TextLine ID="eSc_line_e04c03da"
                    BASELINE="1072 2073 1245 2078" 
                    HPOS="1072.0"
                    VPOS="2073.0"
                    WIDTH="173.0"
                    HEIGHT="5.0">
	    <String CONTENT=""
                    HPOS="1072.0"
                    VPOS="2073.0"
                    WIDTH="173.0"
                    HEIGHT="5.0"></String>
          </TextLine>
        </TextBlock>
        <TextBlock HPOS="1549"
                   VPOS="2324"
                   WIDTH="168"
                   HEIGHT="76"
                   ID="region_1724839105998_258"
                   TAGREFS="BT3655">
          <Shape><Polygon POINTS="1696 2400 1549 2400 1549 2324 1717 2326"/></Shape>
          <TextLine ID="eSc_line_84557eb4"
                    BASELINE="1560 2385 1679 2382" 
                    HPOS="1560.0"
                    VPOS="2382.0"
                    WIDTH="119.0"
                    HEIGHT="3.0">
	    <String CONTENT=""
                    HPOS="1560.0"
                    VPOS="2382.0"
                    WIDTH="119.0"
                    HEIGHT="3.0"></String>
          </TextLine>
        </TextBlock>
        <TextBlock ID="eSc_dummyblock_">
          <TextLine ID="eSc_line_fe6c1ed9"
                    BASELINE="648 1354 1435 1352" 
                    HPOS="648.0"
                    VPOS="1352.0"
                    WIDTH="787.0"
                    HEIGHT="2.0">
	    <String CONTENT=""
                    HPOS="648.0"
                    VPOS="1352.0"
                    WIDTH="787.0"
                    HEIGHT="2.0"></String>
          </TextLine>
        </TextBlock>
      </PrintSpace>
    </Page>
  </Layout>
</alto>
