<?xml version="1.0" encoding="UTF-8"?>
<alto xmlns:xsi="http://www.w3.org/2001/XMLSchema-instance"
      xmlns="http://www.loc.gov/standards/alto/ns-v4#"
      xsi:schemaLocation="http://www.loc.gov/standards/alto/ns-v4# http://www.loc.gov/standards/alto/v4/alto-4-2.xsd">
  <Description>
    <MeasurementUnit>pixel</MeasurementUnit>
    <sourceImageInformation>
      <fileName>1771,_Saemtliche_Poetische_Werke,_Bohn,_5._Aufl.,_Bd._3,_VD18_90396774_Seite_025_Bild_0001.jpg</fileName>
    </sourceImageInformation>
  </Description>
  <Tags>
    <OtherTag ID="BT1" LABEL="Title" DESCRIPTION="block type Title"/><OtherTag ID="BT2" LABEL="Main" DESCRIPTION="block type Main"/><OtherTag ID="BT3" LABEL="Commentary" DESCRIPTION="block type Commentary"/><OtherTag ID="BT4" LABEL="Illustration" DESCRIPTION="block type Illustration"/><OtherTag ID="BT3654" LABEL="header" DESCRIPTION="block type header"/><OtherTag ID="BT3655" LABEL="paragraph" DESCRIPTION="block type paragraph"/><OtherTag ID="BT3656" LABEL="heading" DESCRIPTION="block type heading"/><OtherTag ID="BT3657" LABEL="footnote" DESCRIPTION="block type footnote"/><OtherTag ID="BT3658" LABEL="l-column" DESCRIPTION="block type l-column"/><OtherTag ID="BT3659" LABEL="r-column" DESCRIPTION="block type r-column"/><OtherTag ID="BT3660" LABEL="marginalia" DESCRIPTION="block type marginalia"/>
  </Tags>
  <Layout>
    <Page WIDTH="1158"
          HEIGHT="2047"
          PHYSICAL_IMG_NR="45"
          ID="eSc_dummypage_">
      <PrintSpace HPOS="0"
                  VPOS="0"
                  WIDTH="1158"
                  HEIGHT="2047">
        <TextBlock HPOS="123"
                   VPOS="58"
                   WIDTH="84"
                   HEIGHT="77"
                   ID="region_1719491470943_21"
                   TAGREFS="BT3655">
          <Shape><Polygon POINTS="207 135 123 135 123 68 183 58 207 68"/></Shape>
          <TextLine ID="eSc_line_89207b1f"
                    BASELINE="129 125 191 128" 
                    HPOS="129.0"
                    VPOS="125.0"
                    WIDTH="62.0"
                    HEIGHT="3.0">
	    <String CONTENT=""
                    HPOS="129.0"
                    VPOS="125.0"
                    WIDTH="62.0"
                    HEIGHT="3.0"></String>
          </TextLine>
        </TextBlock>
        <TextBlock HPOS="116.0"
                   VPOS="145.0"
                   WIDTH="1021.0"
                   HEIGHT="145.0"
                   ID="region_1719491480586_27"
                   TAGREFS="BT3656">
          <Shape><Polygon POINTS="1137 249 1114 290 119 290 116 145 1111 145"/></Shape>
          <TextLine ID="eSc_line_e354464e"
                    BASELINE="153 240 1114 249" 
                    HPOS="153.0"
                    VPOS="240.0"
                    WIDTH="961.0"
                    HEIGHT="9.0">
	    <String CONTENT=""
                    HPOS="153.0"
                    VPOS="240.0"
                    WIDTH="961.0"
                    HEIGHT="9.0"></String>
          </TextLine>
        </TextBlock>
        <TextBlock HPOS="135.0"
                   VPOS="312.0"
                   WIDTH="874.0"
                   HEIGHT="922.0"
                   ID="region_1719491488855_33"
                   TAGREFS="BT3655">
          <Shape><Polygon POINTS="998 1234 135 1223 136 473 146 404 248 401 246 314 1009 312"/></Shape>
          <TextLine ID="eSc_line_05d2e662"
                    BASELINE="249 359 856 368" 
                    HPOS="249.0"
                    VPOS="359.0"
                    WIDTH="607.0"
                    HEIGHT="9.0">
	    <String CONTENT=""
                    HPOS="249.0"
                    VPOS="359.0"
                    WIDTH="607.0"
                    HEIGHT="9.0"></String>
          </TextLine>
          <TextLine ID="eSc_line_c37c5bbe"
                    BASELINE="258 398 820 407" 
                    HPOS="258.0"
                    VPOS="398.0"
                    WIDTH="562.0"
                    HEIGHT="9.0">
	    <String CONTENT=""
                    HPOS="258.0"
                    VPOS="398.0"
                    WIDTH="562.0"
                    HEIGHT="9.0"></String>
          </TextLine>
          <TextLine ID="eSc_line_a89dd803"
                    BASELINE="151 442 918 454" 
                    HPOS="151.0"
                    VPOS="442.0"
                    WIDTH="767.0"
                    HEIGHT="12.0">
	    <String CONTENT=""
                    HPOS="151.0"
                    VPOS="442.0"
                    WIDTH="767.0"
                    HEIGHT="12.0"></String>
          </TextLine>
          <TextLine ID="eSc_line_b14d1e48"
                    BASELINE="149 482 652 490" 
                    HPOS="149.0"
                    VPOS="482.0"
                    WIDTH="503.0"
                    HEIGHT="8.0">
	    <String CONTENT=""
                    HPOS="149.0"
                    VPOS="482.0"
                    WIDTH="503.0"
                    HEIGHT="8.0"></String>
          </TextLine>
          <TextLine ID="eSc_line_bcc60f5c"
                    BASELINE="152 527 750 534" 
                    HPOS="152.0"
                    VPOS="527.0"
                    WIDTH="598.0"
                    HEIGHT="7.0">
	    <String CONTENT=""
                    HPOS="152.0"
                    VPOS="527.0"
                    WIDTH="598.0"
                    HEIGHT="7.0"></String>
          </TextLine>
          <TextLine ID="eSc_line_93540b4a"
                    BASELINE="145 572 907 584" 
                    HPOS="145.0"
                    VPOS="572.0"
                    WIDTH="762.0"
                    HEIGHT="12.0">
	    <String CONTENT=""
                    HPOS="145.0"
                    VPOS="572.0"
                    WIDTH="762.0"
                    HEIGHT="12.0"></String>
          </TextLine>
          <TextLine ID="eSc_line_5631dd73"
                    BASELINE="145 613 948 630" 
                    HPOS="145.0"
                    VPOS="613.0"
                    WIDTH="803.0"
                    HEIGHT="17.0">
	    <String CONTENT=""
                    HPOS="145.0"
                    VPOS="613.0"
                    WIDTH="803.0"
                    HEIGHT="17.0"></String>
          </TextLine>
          <TextLine ID="eSc_line_275b795a"
                    BASELINE="142 659 794 667" 
                    HPOS="142.0"
                    VPOS="659.0"
                    WIDTH="652.0"
                    HEIGHT="8.0">
	    <String CONTENT=""
                    HPOS="142.0"
                    VPOS="659.0"
                    WIDTH="652.0"
                    HEIGHT="8.0"></String>
          </TextLine>
          <TextLine ID="eSc_line_cafb9bd5"
                    BASELINE="204 727 744 733" 
                    HPOS="204.0"
                    VPOS="727.0"
                    WIDTH="540.0"
                    HEIGHT="6.0">
	    <String CONTENT=""
                    HPOS="204.0"
                    VPOS="727.0"
                    WIDTH="540.0"
                    HEIGHT="6.0"></String>
          </TextLine>
          <TextLine ID="eSc_line_5b046d97"
                    BASELINE="145 765 745 778" 
                    HPOS="145.0"
                    VPOS="765.0"
                    WIDTH="600.0"
                    HEIGHT="13.0">
	    <String CONTENT=""
                    HPOS="145.0"
                    VPOS="765.0"
                    WIDTH="600.0"
                    HEIGHT="13.0"></String>
          </TextLine>
          <TextLine ID="eSc_line_9cb713be"
                    BASELINE="141 810 917 820" 
                    HPOS="141.0"
                    VPOS="810.0"
                    WIDTH="776.0"
                    HEIGHT="10.0">
	    <String CONTENT=""
                    HPOS="141.0"
                    VPOS="810.0"
                    WIDTH="776.0"
                    HEIGHT="10.0"></String>
          </TextLine>
          <TextLine ID="eSc_line_e4c8d920"
                    BASELINE="142 855 665 860" 
                    HPOS="142.0"
                    VPOS="855.0"
                    WIDTH="523.0"
                    HEIGHT="5.0">
	    <String CONTENT=""
                    HPOS="142.0"
                    VPOS="855.0"
                    WIDTH="523.0"
                    HEIGHT="5.0"></String>
          </TextLine>
          <TextLine ID="eSc_line_f5924953"
                    BASELINE="141 897 986 907" 
                    HPOS="141.0"
                    VPOS="897.0"
                    WIDTH="845.0"
                    HEIGHT="10.0">
	    <String CONTENT=""
                    HPOS="141.0"
                    VPOS="897.0"
                    WIDTH="845.0"
                    HEIGHT="10.0"></String>
          </TextLine>
          <TextLine ID="eSc_line_7e58e87d"
                    BASELINE="144 940 957 951" 
                    HPOS="144.0"
                    VPOS="940.0"
                    WIDTH="813.0"
                    HEIGHT="11.0">
	    <String CONTENT=""
                    HPOS="144.0"
                    VPOS="940.0"
                    WIDTH="813.0"
                    HEIGHT="11.0"></String>
          </TextLine>
          <TextLine ID="eSc_line_7c00727a"
                    BASELINE="143 981 922 995" 
                    HPOS="143.0"
                    VPOS="981.0"
                    WIDTH="779.0"
                    HEIGHT="14.0">
	    <String CONTENT=""
                    HPOS="143.0"
                    VPOS="981.0"
                    WIDTH="779.0"
                    HEIGHT="14.0"></String>
          </TextLine>
          <TextLine ID="eSc_line_b4914ed3"
                    BASELINE="136 1026 930 1039" 
                    HPOS="136.0"
                    VPOS="1026.0"
                    WIDTH="794.0"
                    HEIGHT="13.0">
	    <String CONTENT=""
                    HPOS="136.0"
                    VPOS="1026.0"
                    WIDTH="794.0"
                    HEIGHT="13.0"></String>
          </TextLine>
          <TextLine ID="eSc_line_0a52ba2f"
                    BASELINE="201 1093 745 1104" 
                    HPOS="201.0"
                    VPOS="1093.0"
                    WIDTH="544.0"
                    HEIGHT="11.0">
	    <String CONTENT=""
                    HPOS="201.0"
                    VPOS="1093.0"
                    WIDTH="544.0"
                    HEIGHT="11.0"></String>
          </TextLine>
          <TextLine ID="eSc_line_b3125836"
                    BASELINE="141 1133 682 1146" 
                    HPOS="141.0"
                    VPOS="1133.0"
                    WIDTH="541.0"
                    HEIGHT="13.0">
	    <String CONTENT=""
                    HPOS="141.0"
                    VPOS="1133.0"
                    WIDTH="541.0"
                    HEIGHT="13.0"></String>
          </TextLine>
          <TextLine ID="eSc_line_78b85839"
                    BASELINE="139 1178 913 1186" 
                    HPOS="139.0"
                    VPOS="1178.0"
                    WIDTH="774.0"
                    HEIGHT="8.0">
	    <String CONTENT=""
                    HPOS="139.0"
                    VPOS="1178.0"
                    WIDTH="774.0"
                    HEIGHT="8.0"></String>
          </TextLine>
          <TextLine ID="eSc_line_9dd4f6e6"
                    BASELINE="136 1219 652 1228" 
                    HPOS="136.0"
                    VPOS="1219.0"
                    WIDTH="516.0"
                    HEIGHT="9.0">
	    <String CONTENT=""
                    HPOS="136.0"
                    VPOS="1219.0"
                    WIDTH="516.0"
                    HEIGHT="9.0"></String>
          </TextLine>
        </TextBlock>
        <TextBlock HPOS="420"
                   VPOS="35"
                   WIDTH="385"
                   HEIGHT="100"
                   ID="region_1719491476262_24"
                   TAGREFS="BT3655">
          <Shape><Polygon POINTS="805 135 420 135 420 56 630 35 805 56"/></Shape>
          <TextLine ID="eSc_line_b514a754"
                    BASELINE="443 125 800 126" 
                    HPOS="443.0"
                    VPOS="125.0"
                    WIDTH="357.0"
                    HEIGHT="1.0">
	    <String CONTENT=""
                    HPOS="443.0"
                    VPOS="125.0"
                    WIDTH="357.0"
                    HEIGHT="1.0"></String>
          </TextLine>
        </TextBlock>
        <TextBlock HPOS="269.0"
                   VPOS="1268.0"
                   WIDTH="650.0"
                   HEIGHT="666.0"
                   ID="region_1719491506519_48"
                   TAGREFS="BT3655">
          <Shape><Polygon POINTS="919 1918 269 1934 294 1426 295 1340 356 1348 360 1274 902 1268"/></Shape>
          <TextLine ID="eSc_line_83a42aed"
                    BASELINE="358 1335 827 1346" 
                    HPOS="358.0"
                    VPOS="1335.0"
                    WIDTH="469.0"
                    HEIGHT="11.0">
	    <String CONTENT=""
                    HPOS="358.0"
                    VPOS="1335.0"
                    WIDTH="469.0"
                    HEIGHT="11.0"></String>
          </TextLine>
          <TextLine ID="eSc_line_2c6fd224"
                    BASELINE="299 1378 837 1383" 
                    HPOS="299.0"
                    VPOS="1378.0"
                    WIDTH="538.0"
                    HEIGHT="5.0">
	    <String CONTENT=""
                    HPOS="299.0"
                    VPOS="1378.0"
                    WIDTH="538.0"
                    HEIGHT="5.0"></String>
          </TextLine>
          <TextLine ID="eSc_line_a049809b"
                    BASELINE="365 1413 841 1417" 
                    HPOS="365.0"
                    VPOS="1413.0"
                    WIDTH="476.0"
                    HEIGHT="4.0">
	    <String CONTENT=""
                    HPOS="365.0"
                    VPOS="1413.0"
                    WIDTH="476.0"
                    HEIGHT="4.0"></String>
          </TextLine>
          <TextLine ID="eSc_line_6d2a4b61"
                    BASELINE="418 1447 796 1458" 
                    HPOS="418.0"
                    VPOS="1447.0"
                    WIDTH="378.0"
                    HEIGHT="11.0">
	    <String CONTENT=""
                    HPOS="418.0"
                    VPOS="1447.0"
                    WIDTH="378.0"
                    HEIGHT="11.0"></String>
          </TextLine>
          <TextLine ID="eSc_line_3521fd26"
                    BASELINE="302 1490 733 1495" 
                    HPOS="302.0"
                    VPOS="1490.0"
                    WIDTH="431.0"
                    HEIGHT="5.0">
	    <String CONTENT=""
                    HPOS="302.0"
                    VPOS="1490.0"
                    WIDTH="431.0"
                    HEIGHT="5.0"></String>
          </TextLine>
          <TextLine ID="eSc_line_f7fbf3f0"
                    BASELINE="293 1529 895 1532" 
                    HPOS="293.0"
                    VPOS="1529.0"
                    WIDTH="602.0"
                    HEIGHT="3.0">
	    <String CONTENT=""
                    HPOS="293.0"
                    VPOS="1529.0"
                    WIDTH="602.0"
                    HEIGHT="3.0"></String>
          </TextLine>
          <TextLine ID="eSc_line_4b2bc9f3"
                    BASELINE="357 1562 775 1565" 
                    HPOS="357.0"
                    VPOS="1562.0"
                    WIDTH="418.0"
                    HEIGHT="3.0">
	    <String CONTENT=""
                    HPOS="357.0"
                    VPOS="1562.0"
                    WIDTH="418.0"
                    HEIGHT="3.0"></String>
          </TextLine>
          <TextLine ID="eSc_line_1373d28f"
                    BASELINE="409 1598 890 1596" 
                    HPOS="409.0"
                    VPOS="1596.0"
                    WIDTH="481.0"
                    HEIGHT="2.0">
	    <String CONTENT=""
                    HPOS="409.0"
                    VPOS="1596.0"
                    WIDTH="481.0"
                    HEIGHT="2.0"></String>
          </TextLine>
          <TextLine ID="eSc_line_3f2ecd3e"
                    BASELINE="288 1644 865 1645" 
                    HPOS="288.0"
                    VPOS="1644.0"
                    WIDTH="577.0"
                    HEIGHT="1.0">
	    <String CONTENT=""
                    HPOS="288.0"
                    VPOS="1644.0"
                    WIDTH="577.0"
                    HEIGHT="1.0"></String>
          </TextLine>
          <TextLine ID="eSc_line_e5098da6"
                    BASELINE="283 1684 771 1681" 
                    HPOS="283.0"
                    VPOS="1681.0"
                    WIDTH="488.0"
                    HEIGHT="3.0">
	    <String CONTENT=""
                    HPOS="283.0"
                    VPOS="1681.0"
                    WIDTH="488.0"
                    HEIGHT="3.0"></String>
          </TextLine>
          <TextLine ID="eSc_line_643753fc"
                    BASELINE="362 1713 748 1712" 
                    HPOS="362.0"
                    VPOS="1712.0"
                    WIDTH="386.0"
                    HEIGHT="1.0">
	    <String CONTENT=""
                    HPOS="362.0"
                    VPOS="1712.0"
                    WIDTH="386.0"
                    HEIGHT="1.0"></String>
          </TextLine>
          <TextLine ID="eSc_line_aeff5949"
                    BASELINE="418 1751 812 1748" 
                    HPOS="418.0"
                    VPOS="1748.0"
                    WIDTH="394.0"
                    HEIGHT="3.0">
	    <String CONTENT=""
                    HPOS="418.0"
                    VPOS="1748.0"
                    WIDTH="394.0"
                    HEIGHT="3.0"></String>
          </TextLine>
          <TextLine ID="eSc_line_918efc48"
                    BASELINE="290 1799 850 1799" 
                    HPOS="290.0"
                    VPOS="1799.0"
                    WIDTH="560.0"
                    HEIGHT="0.0">
	    <String CONTENT=""
                    HPOS="290.0"
                    VPOS="1799.0"
                    WIDTH="560.0"
                    HEIGHT="0.0"></String>
          </TextLine>
          <TextLine ID="eSc_line_57ee0d63"
                    BASELINE="291 1836 825 1835" 
                    HPOS="291.0"
                    VPOS="1835.0"
                    WIDTH="534.0"
                    HEIGHT="1.0">
	    <String CONTENT=""
                    HPOS="291.0"
                    VPOS="1835.0"
                    WIDTH="534.0"
                    HEIGHT="1.0"></String>
          </TextLine>
          <TextLine ID="eSc_line_2dda06d4"
                    BASELINE="360 1868 767 1869" 
                    HPOS="360.0"
                    VPOS="1868.0"
                    WIDTH="407.0"
                    HEIGHT="1.0">
	    <String CONTENT=""
                    HPOS="360.0"
                    VPOS="1868.0"
                    WIDTH="407.0"
                    HEIGHT="1.0"></String>
          </TextLine>
          <TextLine ID="eSc_line_625ae6a6"
                    BASELINE="411 1910 871 1901" 
                    HPOS="411.0"
                    VPOS="1901.0"
                    WIDTH="460.0"
                    HEIGHT="9.0">
	    <String CONTENT=""
                    HPOS="411.0"
                    VPOS="1901.0"
                    WIDTH="460.0"
                    HEIGHT="9.0"></String>
          </TextLine>
        </TextBlock>
        <TextBlock HPOS="1018"
                   VPOS="1220"
                   WIDTH="107"
                   HEIGHT="85"
                   ID="region_1719491499371_42"
                   TAGREFS="BT3655">
          <Shape><Polygon POINTS="1125 1305 1064 1282 1018 1305 1018 1220 1125 1220"/></Shape>
          <TextLine ID="eSc_line_0b9f57d5"
                    BASELINE="1033 1273 1107 1273" 
                    HPOS="1033.0"
                    VPOS="1273.0"
                    WIDTH="74.0"
                    HEIGHT="0.0">
	    <String CONTENT=""
                    HPOS="1033.0"
                    VPOS="1273.0"
                    WIDTH="74.0"
                    HEIGHT="0.0"></String>
          </TextLine>
        </TextBlock>
        <TextBlock HPOS="1008"
                   VPOS="1877"
                   WIDTH="124"
                   HEIGHT="91"
                   ID="region_1719491528085_60"
                   TAGREFS="BT3655">
          <Shape><Polygon POINTS="1132 1968 1075 1951 1008 1968 1008 1877 1132 1877"/></Shape>
          <TextLine ID="eSc_line_41416ff5"
                    BASELINE="1018 1940 1107 1937" 
                    HPOS="1018.0"
                    VPOS="1937.0"
                    WIDTH="89.0"
                    HEIGHT="3.0">
	    <String CONTENT=""
                    HPOS="1018.0"
                    VPOS="1937.0"
                    WIDTH="89.0"
                    HEIGHT="3.0"></String>
          </TextLine>
        </TextBlock>
        <TextBlock HPOS="142.0"
                   VPOS="311.0"
                   WIDTH="104.0"
                   HEIGHT="89.0"
                   ID="region_1719491484855_30"
                   TAGREFS="BT3655">
          <Shape><Polygon POINTS="246 398 145 400 142 313 243 311"/></Shape>
        </TextBlock>
        <TextBlock HPOS="288.0"
                   VPOS="1271.0"
                   WIDTH="85.0"
                   HEIGHT="77.0"
                   ID="region_1719491502763_45"
                   TAGREFS="BT3655">
          <Shape><Polygon POINTS="349 1325 373 1348 297 1339 288 1271 350 1276"/></Shape>
        </TextBlock>
        <TextBlock ID="eSc_dummyblock_">
          <TextLine ID="eSc_line_5159ef00"
                    BASELINE="438 290 821 291" 
                    HPOS="438.0"
                    VPOS="290.0"
                    WIDTH="383.0"
                    HEIGHT="1.0">
	    <String CONTENT=""
                    HPOS="438.0"
                    VPOS="290.0"
                    WIDTH="383.0"
                    HEIGHT="1.0"></String>
          </TextLine>
        </TextBlock>
      </PrintSpace>
    </Page>
  </Layout>
</alto>
