<?xml version="1.0" encoding="UTF-8"?>
<alto xmlns:xsi="http://www.w3.org/2001/XMLSchema-instance"
      xmlns="http://www.loc.gov/standards/alto/ns-v4#"
      xsi:schemaLocation="http://www.loc.gov/standards/alto/ns-v4# http://www.loc.gov/standards/alto/v4/alto-4-2.xsd">
  <Description>
    <MeasurementUnit>pixel</MeasurementUnit>
    <sourceImageInformation>
      <fileName>1771,_Saemtliche_Poetische_Werke,_Bohn,_5._Aufl.,_Bd._2,_VD18_90396766_Seite_088_Bild_0001.jpg</fileName>
    </sourceImageInformation>
  </Description>
  <Tags>
    <OtherTag ID="BT1" LABEL="Title" DESCRIPTION="block type Title"/><OtherTag ID="BT2" LABEL="Main" DESCRIPTION="block type Main"/><OtherTag ID="BT3" LABEL="Commentary" DESCRIPTION="block type Commentary"/><OtherTag ID="BT4" LABEL="Illustration" DESCRIPTION="block type Illustration"/><OtherTag ID="BT3654" LABEL="header" DESCRIPTION="block type header"/><OtherTag ID="BT3655" LABEL="paragraph" DESCRIPTION="block type paragraph"/><OtherTag ID="BT3656" LABEL="heading" DESCRIPTION="block type heading"/><OtherTag ID="BT3657" LABEL="footnote" DESCRIPTION="block type footnote"/><OtherTag ID="BT3658" LABEL="l-column" DESCRIPTION="block type l-column"/><OtherTag ID="BT3659" LABEL="r-column" DESCRIPTION="block type r-column"/><OtherTag ID="BT3660" LABEL="marginalia" DESCRIPTION="block type marginalia"/>
  </Tags>
  <Layout>
    <Page WIDTH="1157"
          HEIGHT="2058"
          PHYSICAL_IMG_NR="44"
          ID="eSc_dummypage_">
      <PrintSpace HPOS="0"
                  VPOS="0"
                  WIDTH="1157"
                  HEIGHT="2058">
        <TextBlock HPOS="109.0"
                   VPOS="160.0"
                   WIDTH="839.0"
                   HEIGHT="1012.0"
                   ID="region_1719482247597_154"
                   TAGREFS="BT3655">
          <Shape><Polygon POINTS="948 1165 115 1172 109 160 897 160"/></Shape>
          <TextLine ID="eSc_line_fec24d6a"
                    BASELINE="176 210 820 212" 
                    HPOS="176.0"
                    VPOS="210.0"
                    WIDTH="644.0"
                    HEIGHT="2.0">
	    <String CONTENT=""
                    HPOS="176.0"
                    VPOS="210.0"
                    WIDTH="644.0"
                    HEIGHT="2.0"></String>
          </TextLine>
          <TextLine ID="eSc_line_0cb93ba5"
                    BASELINE="140 249 730 255" 
                    HPOS="140.0"
                    VPOS="249.0"
                    WIDTH="590.0"
                    HEIGHT="6.0">
	    <String CONTENT=""
                    HPOS="140.0"
                    VPOS="249.0"
                    WIDTH="590.0"
                    HEIGHT="6.0"></String>
          </TextLine>
          <TextLine ID="eSc_line_d7bef094"
                    BASELINE="140 293 691 299" 
                    HPOS="140.0"
                    VPOS="293.0"
                    WIDTH="551.0"
                    HEIGHT="6.0">
	    <String CONTENT=""
                    HPOS="140.0"
                    VPOS="293.0"
                    WIDTH="551.0"
                    HEIGHT="6.0"></String>
          </TextLine>
          <TextLine ID="eSc_line_e5ba2610"
                    BASELINE="141 335 632 343" 
                    HPOS="141.0"
                    VPOS="335.0"
                    WIDTH="491.0"
                    HEIGHT="8.0">
	    <String CONTENT=""
                    HPOS="141.0"
                    VPOS="335.0"
                    WIDTH="491.0"
                    HEIGHT="8.0"></String>
          </TextLine>
          <TextLine ID="eSc_line_ece47aa1"
                    BASELINE="147 383 592 384" 
                    HPOS="147.0"
                    VPOS="383.0"
                    WIDTH="445.0"
                    HEIGHT="1.0">
	    <String CONTENT=""
                    HPOS="147.0"
                    VPOS="383.0"
                    WIDTH="445.0"
                    HEIGHT="1.0"></String>
          </TextLine>
          <TextLine ID="eSc_line_1da533d3"
                    BASELINE="182 423 704 429" 
                    HPOS="182.0"
                    VPOS="423.0"
                    WIDTH="522.0"
                    HEIGHT="6.0">
	    <String CONTENT=""
                    HPOS="182.0"
                    VPOS="423.0"
                    WIDTH="522.0"
                    HEIGHT="6.0"></String>
          </TextLine>
          <TextLine ID="eSc_line_194bfa31"
                    BASELINE="145 467 713 475" 
                    HPOS="145.0"
                    VPOS="467.0"
                    WIDTH="568.0"
                    HEIGHT="8.0">
	    <String CONTENT=""
                    HPOS="145.0"
                    VPOS="467.0"
                    WIDTH="568.0"
                    HEIGHT="8.0"></String>
          </TextLine>
          <TextLine ID="eSc_line_f14f9442"
                    BASELINE="137 511 729 517" 
                    HPOS="137.0"
                    VPOS="511.0"
                    WIDTH="592.0"
                    HEIGHT="6.0">
	    <String CONTENT=""
                    HPOS="137.0"
                    VPOS="511.0"
                    WIDTH="592.0"
                    HEIGHT="6.0"></String>
          </TextLine>
          <TextLine ID="eSc_line_6152c14c"
                    BASELINE="142 553 724 555" 
                    HPOS="142.0"
                    VPOS="553.0"
                    WIDTH="582.0"
                    HEIGHT="2.0">
	    <String CONTENT=""
                    HPOS="142.0"
                    VPOS="553.0"
                    WIDTH="582.0"
                    HEIGHT="2.0"></String>
          </TextLine>
          <TextLine ID="eSc_line_f9923da4"
                    BASELINE="172 599 872 604" 
                    HPOS="172.0"
                    VPOS="599.0"
                    WIDTH="700.0"
                    HEIGHT="5.0">
	    <String CONTENT=""
                    HPOS="172.0"
                    VPOS="599.0"
                    WIDTH="700.0"
                    HEIGHT="5.0"></String>
          </TextLine>
          <TextLine ID="eSc_line_21eaee2e"
                    BASELINE="137 641 646 643" 
                    HPOS="137.0"
                    VPOS="641.0"
                    WIDTH="509.0"
                    HEIGHT="2.0">
	    <String CONTENT=""
                    HPOS="137.0"
                    VPOS="641.0"
                    WIDTH="509.0"
                    HEIGHT="2.0"></String>
          </TextLine>
          <TextLine ID="eSc_line_256f0885"
                    BASELINE="183 682 853 688" 
                    HPOS="183.0"
                    VPOS="682.0"
                    WIDTH="670.0"
                    HEIGHT="6.0">
	    <String CONTENT=""
                    HPOS="183.0"
                    VPOS="682.0"
                    WIDTH="670.0"
                    HEIGHT="6.0"></String>
          </TextLine>
          <TextLine ID="eSc_line_44e1222d"
                    BASELINE="135 726 733 730" 
                    HPOS="135.0"
                    VPOS="726.0"
                    WIDTH="598.0"
                    HEIGHT="4.0">
	    <String CONTENT=""
                    HPOS="135.0"
                    VPOS="726.0"
                    WIDTH="598.0"
                    HEIGHT="4.0"></String>
          </TextLine>
          <TextLine ID="eSc_line_779b1d47"
                    BASELINE="135 774 721 775" 
                    HPOS="135.0"
                    VPOS="774.0"
                    WIDTH="586.0"
                    HEIGHT="1.0">
	    <String CONTENT=""
                    HPOS="135.0"
                    VPOS="774.0"
                    WIDTH="586.0"
                    HEIGHT="1.0"></String>
          </TextLine>
          <TextLine ID="eSc_line_128b6118"
                    BASELINE="139 816 869 818" 
                    HPOS="139.0"
                    VPOS="816.0"
                    WIDTH="730.0"
                    HEIGHT="2.0">
	    <String CONTENT=""
                    HPOS="139.0"
                    VPOS="816.0"
                    WIDTH="730.0"
                    HEIGHT="2.0"></String>
          </TextLine>
          <TextLine ID="eSc_line_97103624"
                    BASELINE="139 862 746 863" 
                    HPOS="139.0"
                    VPOS="862.0"
                    WIDTH="607.0"
                    HEIGHT="1.0">
	    <String CONTENT=""
                    HPOS="139.0"
                    VPOS="862.0"
                    WIDTH="607.0"
                    HEIGHT="1.0"></String>
          </TextLine>
          <TextLine ID="eSc_line_4a150ebb"
                    BASELINE="141 902 703 906" 
                    HPOS="141.0"
                    VPOS="902.0"
                    WIDTH="562.0"
                    HEIGHT="4.0">
	    <String CONTENT=""
                    HPOS="141.0"
                    VPOS="902.0"
                    WIDTH="562.0"
                    HEIGHT="4.0"></String>
          </TextLine>
          <TextLine ID="eSc_line_041459e8"
                    BASELINE="139 943 687 944" 
                    HPOS="139.0"
                    VPOS="943.0"
                    WIDTH="548.0"
                    HEIGHT="1.0">
	    <String CONTENT=""
                    HPOS="139.0"
                    VPOS="943.0"
                    WIDTH="548.0"
                    HEIGHT="1.0"></String>
          </TextLine>
          <TextLine ID="eSc_line_633dd587"
                    BASELINE="143 983 696 992" 
                    HPOS="143.0"
                    VPOS="983.0"
                    WIDTH="553.0"
                    HEIGHT="9.0">
	    <String CONTENT=""
                    HPOS="143.0"
                    VPOS="983.0"
                    WIDTH="553.0"
                    HEIGHT="9.0"></String>
          </TextLine>
          <TextLine ID="eSc_line_c86ce3de"
                    BASELINE="146 1029 658 1028" 
                    HPOS="146.0"
                    VPOS="1028.0"
                    WIDTH="512.0"
                    HEIGHT="1.0">
	    <String CONTENT=""
                    HPOS="146.0"
                    VPOS="1028.0"
                    WIDTH="512.0"
                    HEIGHT="1.0"></String>
          </TextLine>
          <TextLine ID="eSc_line_60ed9b2e"
                    BASELINE="143 1072 632 1077" 
                    HPOS="143.0"
                    VPOS="1072.0"
                    WIDTH="489.0"
                    HEIGHT="5.0">
	    <String CONTENT=""
                    HPOS="143.0"
                    VPOS="1072.0"
                    WIDTH="489.0"
                    HEIGHT="5.0"></String>
          </TextLine>
          <TextLine ID="eSc_line_11837629"
                    BASELINE="145 1115 668 1118" 
                    HPOS="145.0"
                    VPOS="1115.0"
                    WIDTH="523.0"
                    HEIGHT="3.0">
	    <String CONTENT=""
                    HPOS="145.0"
                    VPOS="1115.0"
                    WIDTH="523.0"
                    HEIGHT="3.0"></String>
          </TextLine>
          <TextLine ID="eSc_line_1f9ae5a0"
                    BASELINE="141 1164 711 1160" 
                    HPOS="141.0"
                    VPOS="1160.0"
                    WIDTH="570.0"
                    HEIGHT="4.0">
	    <String CONTENT=""
                    HPOS="141.0"
                    VPOS="1160.0"
                    WIDTH="570.0"
                    HEIGHT="4.0"></String>
          </TextLine>
        </TextBlock>
        <TextBlock HPOS="386"
                   VPOS="73"
                   WIDTH="304"
                   HEIGHT="65"
                   ID="region_1719482233445_148"
                   TAGREFS="BT3655">
          <Shape><Polygon POINTS="690 138 386 138 386 73 672 73"/></Shape>
          <TextLine ID="eSc_line_dc53e65f"
                    BASELINE="400 130 670 132" 
                    HPOS="400.0"
                    VPOS="130.0"
                    WIDTH="270.0"
                    HEIGHT="2.0">
	    <String CONTENT=""
                    HPOS="400.0"
                    VPOS="130.0"
                    WIDTH="270.0"
                    HEIGHT="2.0"></String>
          </TextLine>
        </TextBlock>
        <TextBlock HPOS="977"
                   VPOS="82"
                   WIDTH="74"
                   HEIGHT="81"
                   ID="region_1719482236124_151"
                   TAGREFS="BT3655">
          <Shape><Polygon POINTS="1051 163 993 158 977 82 1051 82"/></Shape>
          <TextLine ID="eSc_line_9ee63e11"
                    BASELINE="999 146 1045 152" 
                    HPOS="999.0"
                    VPOS="146.0"
                    WIDTH="46.0"
                    HEIGHT="6.0">
	    <String CONTENT=""
                    HPOS="999.0"
                    VPOS="146.0"
                    WIDTH="46.0"
                    HEIGHT="6.0"></String>
          </TextLine>
        </TextBlock>
        <TextBlock HPOS="130.0"
                   VPOS="1217.0"
                   WIDTH="651.0"
                   HEIGHT="102.0"
                   ID="region_1719482253481_157"
                   TAGREFS="BT3655">
          <Shape><Polygon POINTS="757 1319 130 1319 154 1217 781 1217"/></Shape>
          <TextLine ID="eSc_line_a98a6686"
                    BASELINE="176 1265 742 1265" 
                    HPOS="176.0"
                    VPOS="1265.0"
                    WIDTH="566.0"
                    HEIGHT="0.0">
	    <String CONTENT=""
                    HPOS="176.0"
                    VPOS="1265.0"
                    WIDTH="566.0"
                    HEIGHT="0.0"></String>
          </TextLine>
          <TextLine ID="eSc_line_84b367e3"
                    BASELINE="143 1310 666 1310" 
                    HPOS="143.0"
                    VPOS="1310.0"
                    WIDTH="523.0"
                    HEIGHT="0.0">
	    <String CONTENT=""
                    HPOS="143.0"
                    VPOS="1310.0"
                    WIDTH="523.0"
                    HEIGHT="0.0"></String>
          </TextLine>
        </TextBlock>
        <TextBlock HPOS="88.0"
                   VPOS="1372.0"
                   WIDTH="926.0"
                   HEIGHT="175.0"
                   ID="region_1719482258261_160"
                   TAGREFS="BT3656">
          <Shape><Polygon POINTS="1014 1538 93 1547 88 1372 992 1372"/></Shape>
          <TextLine ID="eSc_line_3b3b63b3"
                    BASELINE="112 1465 978 1464" 
                    HPOS="112.0"
                    VPOS="1464.0"
                    WIDTH="866.0"
                    HEIGHT="1.0">
	    <String CONTENT=""
                    HPOS="112.0"
                    VPOS="1464.0"
                    WIDTH="866.0"
                    HEIGHT="1.0"></String>
          </TextLine>
          <TextLine ID="eSc_line_1a6d7bce"
                    BASELINE="427 1540 666 1537" 
                    HPOS="427.0"
                    VPOS="1537.0"
                    WIDTH="239.0"
                    HEIGHT="3.0">
	    <String CONTENT=""
                    HPOS="427.0"
                    VPOS="1537.0"
                    WIDTH="239.0"
                    HEIGHT="3.0"></String>
          </TextLine>
        </TextBlock>
        <TextBlock HPOS="211.0"
                   VPOS="1552.0"
                   WIDTH="547.0"
                   HEIGHT="151.0"
                   ID="region_1719482264200_166"
                   TAGREFS="BT3655">
          <Shape><Polygon POINTS="758 1700 313 1703 211 1700 211 1647 290 1652 287 1552 758 1555"/></Shape>
          <TextLine ID="eSc_line_8b62778f"
                    BASELINE="290 1605 749 1607" 
                    HPOS="290.0"
                    VPOS="1605.0"
                    WIDTH="459.0"
                    HEIGHT="2.0">
	    <String CONTENT=""
                    HPOS="290.0"
                    VPOS="1605.0"
                    WIDTH="459.0"
                    HEIGHT="2.0"></String>
          </TextLine>
          <TextLine ID="eSc_line_946ea0d0"
                    BASELINE="296 1645 754 1653" 
                    HPOS="296.0"
                    VPOS="1645.0"
                    WIDTH="458.0"
                    HEIGHT="8.0">
	    <String CONTENT=""
                    HPOS="296.0"
                    VPOS="1645.0"
                    WIDTH="458.0"
                    HEIGHT="8.0"></String>
          </TextLine>
          <TextLine ID="eSc_line_9f243875"
                    BASELINE="219 1694 725 1691" 
                    HPOS="219.0"
                    VPOS="1691.0"
                    WIDTH="506.0"
                    HEIGHT="3.0">
	    <String CONTENT=""
                    HPOS="219.0"
                    VPOS="1691.0"
                    WIDTH="506.0"
                    HEIGHT="3.0"></String>
          </TextLine>
        </TextBlock>
        <TextBlock HPOS="94.0"
                   VPOS="1749.0"
                   WIDTH="458.0"
                   HEIGHT="233.0"
                   ID="region_1719482294340_183"
                   TAGREFS="BT3658">
          <Shape><Polygon POINTS="552 1970 100 1982 94 1749 552 1749"/></Shape>
          <TextLine ID="eSc_line_b2800635"
                    BASELINE="106 1790 532 1800" 
                    HPOS="106.0"
                    VPOS="1790.0"
                    WIDTH="426.0"
                    HEIGHT="10.0">
	    <String CONTENT=""
                    HPOS="106.0"
                    VPOS="1790.0"
                    WIDTH="426.0"
                    HEIGHT="10.0"></String>
          </TextLine>
          <TextLine ID="eSc_line_dcb85c91"
                    BASELINE="189 1827 467 1831" 
                    HPOS="189.0"
                    VPOS="1827.0"
                    WIDTH="278.0"
                    HEIGHT="4.0">
	    <String CONTENT=""
                    HPOS="189.0"
                    VPOS="1827.0"
                    WIDTH="278.0"
                    HEIGHT="4.0"></String>
          </TextLine>
          <TextLine ID="eSc_line_ab04deb8"
                    BASELINE="180 1861 537 1868" 
                    HPOS="180.0"
                    VPOS="1861.0"
                    WIDTH="357.0"
                    HEIGHT="7.0">
	    <String CONTENT=""
                    HPOS="180.0"
                    VPOS="1861.0"
                    WIDTH="357.0"
                    HEIGHT="7.0"></String>
          </TextLine>
          <TextLine ID="eSc_line_b0a7414f"
                    BASELINE="201 1894 432 1901" 
                    HPOS="201.0"
                    VPOS="1894.0"
                    WIDTH="231.0"
                    HEIGHT="7.0">
	    <String CONTENT=""
                    HPOS="201.0"
                    VPOS="1894.0"
                    WIDTH="231.0"
                    HEIGHT="7.0"></String>
          </TextLine>
          <TextLine ID="eSc_line_3d54cebb"
                    BASELINE="174 1929 537 1934" 
                    HPOS="174.0"
                    VPOS="1929.0"
                    WIDTH="363.0"
                    HEIGHT="5.0">
	    <String CONTENT=""
                    HPOS="174.0"
                    VPOS="1929.0"
                    WIDTH="363.0"
                    HEIGHT="5.0"></String>
          </TextLine>
          <TextLine ID="eSc_line_43eca184"
                    BASELINE="200 1969 379 1967" 
                    HPOS="200.0"
                    VPOS="1967.0"
                    WIDTH="179.0"
                    HEIGHT="2.0">
	    <String CONTENT=""
                    HPOS="200.0"
                    VPOS="1967.0"
                    WIDTH="179.0"
                    HEIGHT="2.0"></String>
          </TextLine>
        </TextBlock>
        <TextBlock HPOS="536"
                   VPOS="1698"
                   WIDTH="92"
                   HEIGHT="43"
                   ID="region_1719482266444_169"
                   TAGREFS="BT3655">
          <Shape><Polygon POINTS="617 1741 542 1741 536 1698 628 1706"/></Shape>
          <TextLine ID="eSc_line_7805b458"
                    BASELINE="553 1737 614 1739" 
                    HPOS="553.0"
                    VPOS="1737.0"
                    WIDTH="61.0"
                    HEIGHT="2.0">
	    <String CONTENT=""
                    HPOS="553.0"
                    VPOS="1737.0"
                    WIDTH="61.0"
                    HEIGHT="2.0"></String>
          </TextLine>
        </TextBlock>
        <TextBlock HPOS="561.0"
                   VPOS="1755.0"
                   WIDTH="480.0"
                   HEIGHT="217.0"
                   ID="region_1719482297872_186"
                   TAGREFS="BT3659">
          <Shape><Polygon POINTS="1041 1972 561 1972 561 1755 1041 1755"/></Shape>
          <TextLine ID="eSc_line_92aad1d0"
                    BASELINE="588 1796 1035 1793" 
                    HPOS="588.0"
                    VPOS="1793.0"
                    WIDTH="447.0"
                    HEIGHT="3.0">
	    <String CONTENT=""
                    HPOS="588.0"
                    VPOS="1793.0"
                    WIDTH="447.0"
                    HEIGHT="3.0"></String>
          </TextLine>
          <TextLine ID="eSc_line_832aac17"
                    BASELINE="715 1833 891 1832" 
                    HPOS="715.0"
                    VPOS="1832.0"
                    WIDTH="176.0"
                    HEIGHT="1.0">
	    <String CONTENT=""
                    HPOS="715.0"
                    VPOS="1832.0"
                    WIDTH="176.0"
                    HEIGHT="1.0"></String>
          </TextLine>
          <TextLine ID="eSc_line_0e990ace"
                    BASELINE="595 1884 1036 1873" 
                    HPOS="595.0"
                    VPOS="1873.0"
                    WIDTH="441.0"
                    HEIGHT="11.0">
	    <String CONTENT=""
                    HPOS="595.0"
                    VPOS="1873.0"
                    WIDTH="441.0"
                    HEIGHT="11.0"></String>
          </TextLine>
          <TextLine ID="eSc_line_8794db65"
                    BASELINE="717 1918 978 1910" 
                    HPOS="717.0"
                    VPOS="1910.0"
                    WIDTH="261.0"
                    HEIGHT="8.0">
	    <String CONTENT=""
                    HPOS="717.0"
                    VPOS="1910.0"
                    WIDTH="261.0"
                    HEIGHT="8.0"></String>
          </TextLine>
          <TextLine ID="eSc_line_10477187"
                    BASELINE="926 1962 1036 1960" 
                    HPOS="926.0"
                    VPOS="1960.0"
                    WIDTH="110.0"
                    HEIGHT="2.0">
	    <String CONTENT=""
                    HPOS="926.0"
                    VPOS="1960.0"
                    WIDTH="110.0"
                    HEIGHT="2.0"></String>
          </TextLine>
        </TextBlock>
        <TextBlock HPOS="948"
                   VPOS="1674"
                   WIDTH="103"
                   HEIGHT="60"
                   ID="region_1719482269644_172"
                   TAGREFS="BT3655">
          <Shape><Polygon POINTS="1051 1734 951 1734 948 1674 1048 1674"/></Shape>
          <TextLine ID="eSc_line_241c5f18"
                    BASELINE="966 1730 1035 1730" 
                    HPOS="966.0"
                    VPOS="1730.0"
                    WIDTH="69.0"
                    HEIGHT="0.0">
	    <String CONTENT=""
                    HPOS="966.0"
                    VPOS="1730.0"
                    WIDTH="69.0"
                    HEIGHT="0.0"></String>
          </TextLine>
        </TextBlock>
        <TextBlock HPOS="211.0"
                   VPOS="1553.0"
                   WIDTH="76.0"
                   HEIGHT="95.0"
                   ID="region_1719482261101_163"
                   TAGREFS="BT3655">
          <Shape><Polygon POINTS="286 1648 211 1645 212 1553 287 1556"/></Shape>
        </TextBlock>
      </PrintSpace>
    </Page>
  </Layout>
</alto>
