<?xml version="1.0" encoding="UTF-8"?>
<alto xmlns:xsi="http://www.w3.org/2001/XMLSchema-instance"
      xmlns="http://www.loc.gov/standards/alto/ns-v4#"
      xsi:schemaLocation="http://www.loc.gov/standards/alto/ns-v4# http://www.loc.gov/standards/alto/v4/alto-4-2.xsd">
  <Description>
    <MeasurementUnit>pixel</MeasurementUnit>
    <sourceImageInformation>
      <fileName>1771,_Saemtliche_Poetische_Werke,_Bohn,_5._Aufl.,_Bd._1,_VD18_90396758_Seite_032_Bild_0001.jpg</fileName>
    </sourceImageInformation>
  </Description>
  <Tags>
    <OtherTag ID="BT1" LABEL="Title" DESCRIPTION="block type Title"/><OtherTag ID="BT2" LABEL="Main" DESCRIPTION="block type Main"/><OtherTag ID="BT3" LABEL="Commentary" DESCRIPTION="block type Commentary"/><OtherTag ID="BT4" LABEL="Illustration" DESCRIPTION="block type Illustration"/><OtherTag ID="BT3654" LABEL="header" DESCRIPTION="block type header"/><OtherTag ID="BT3655" LABEL="paragraph" DESCRIPTION="block type paragraph"/><OtherTag ID="BT3656" LABEL="heading" DESCRIPTION="block type heading"/><OtherTag ID="BT3657" LABEL="footnote" DESCRIPTION="block type footnote"/><OtherTag ID="BT3658" LABEL="l-column" DESCRIPTION="block type l-column"/><OtherTag ID="BT3659" LABEL="r-column" DESCRIPTION="block type r-column"/><OtherTag ID="BT3660" LABEL="marginalia" DESCRIPTION="block type marginalia"/>
  </Tags>
  <Layout>
    <Page WIDTH="1187"
          HEIGHT="2055"
          PHYSICAL_IMG_NR="38"
          ID="eSc_dummypage_">
      <PrintSpace HPOS="0"
                  VPOS="0"
                  WIDTH="1187"
                  HEIGHT="2055">
        <TextBlock HPOS="258.0"
                   VPOS="63.0"
                   WIDTH="681.0"
                   HEIGHT="177.0"
                   ID="region_1719251603515_69"
                   TAGREFS="BT3656">
          <Shape><Polygon POINTS="939 240 311 232 258 199 259 63 937 63"/></Shape>
          <TextLine ID="eSc_line_ce1c9ef9"
                    BASELINE="267 174 907 190" 
                    HPOS="267.0"
                    VPOS="174.0"
                    WIDTH="640.0"
                    HEIGHT="16.0">
	    <String CONTENT=""
                    HPOS="267.0"
                    VPOS="174.0"
                    WIDTH="640.0"
                    HEIGHT="16.0"></String>
          </TextLine>
          <TextLine ID="eSc_line_625413fa"
                    BASELINE="427 232 754 236" 
                    HPOS="427.0"
                    VPOS="232.0"
                    WIDTH="327.0"
                    HEIGHT="4.0">
	    <String CONTENT=""
                    HPOS="427.0"
                    VPOS="232.0"
                    WIDTH="327.0"
                    HEIGHT="4.0"></String>
          </TextLine>
        </TextBlock>
        <TextBlock HPOS="80.0"
                   VPOS="254.0"
                   WIDTH="1037.0"
                   HEIGHT="898.0"
                   ID="region_1719251614879_75"
                   TAGREFS="BT3655">
          <Shape><Polygon POINTS="1117 1152 87 1152 80 460 122 463 281 465 280 254 1112 260"/></Shape>
          <TextLine ID="eSc_line_dbe53cf8"
                    BASELINE="289 336 1084 345" 
                    HPOS="289.0"
                    VPOS="336.0"
                    WIDTH="795.0"
                    HEIGHT="9.0">
	    <String CONTENT=""
                    HPOS="289.0"
                    VPOS="336.0"
                    WIDTH="795.0"
                    HEIGHT="9.0"></String>
          </TextLine>
          <TextLine ID="eSc_line_fdcfeb54"
                    BASELINE="743 383 883 383" 
                    HPOS="743.0"
                    VPOS="383.0"
                    WIDTH="140.0"
                    HEIGHT="0.0">
	    <String CONTENT=""
                    HPOS="743.0"
                    VPOS="383.0"
                    WIDTH="140.0"
                    HEIGHT="0.0"></String>
          </TextLine>
          <TextLine ID="eSc_line_8ac28fbf"
                    BASELINE="307 425 1083 434" 
                    HPOS="307.0"
                    VPOS="425.0"
                    WIDTH="776.0"
                    HEIGHT="9.0">
	    <String CONTENT=""
                    HPOS="307.0"
                    VPOS="425.0"
                    WIDTH="776.0"
                    HEIGHT="9.0"></String>
          </TextLine>
          <TextLine ID="eSc_line_599aed9b"
                    BASELINE="733 469 842 472" 
                    HPOS="733.0"
                    VPOS="469.0"
                    WIDTH="109.0"
                    HEIGHT="3.0">
	    <String CONTENT=""
                    HPOS="733.0"
                    VPOS="469.0"
                    WIDTH="109.0"
                    HEIGHT="3.0"></String>
          </TextLine>
          <TextLine ID="eSc_line_27faedac"
                    BASELINE="95 511 1080 524" 
                    HPOS="95.0"
                    VPOS="511.0"
                    WIDTH="985.0"
                    HEIGHT="13.0">
	    <String CONTENT=""
                    HPOS="95.0"
                    VPOS="511.0"
                    WIDTH="985.0"
                    HEIGHT="13.0"></String>
          </TextLine>
          <TextLine ID="eSc_line_0487431a"
                    BASELINE="714 558 887 559" 
                    HPOS="714.0"
                    VPOS="558.0"
                    WIDTH="173.0"
                    HEIGHT="1.0">
	    <String CONTENT=""
                    HPOS="714.0"
                    VPOS="558.0"
                    WIDTH="173.0"
                    HEIGHT="1.0"></String>
          </TextLine>
          <TextLine ID="eSc_line_0290590b"
                    BASELINE="95 598 1084 604" 
                    HPOS="95.0"
                    VPOS="598.0"
                    WIDTH="989.0"
                    HEIGHT="6.0">
	    <String CONTENT=""
                    HPOS="95.0"
                    VPOS="598.0"
                    WIDTH="989.0"
                    HEIGHT="6.0"></String>
          </TextLine>
          <TextLine ID="eSc_line_680bf30d"
                    BASELINE="116 678 1064 685" 
                    HPOS="116.0"
                    VPOS="678.0"
                    WIDTH="948.0"
                    HEIGHT="7.0">
	    <String CONTENT=""
                    HPOS="116.0"
                    VPOS="678.0"
                    WIDTH="948.0"
                    HEIGHT="7.0"></String>
          </TextLine>
          <TextLine ID="eSc_line_ac576d74"
                    BASELINE="98 722 1093 730" 
                    HPOS="98.0"
                    VPOS="722.0"
                    WIDTH="995.0"
                    HEIGHT="8.0">
	    <String CONTENT=""
                    HPOS="98.0"
                    VPOS="722.0"
                    WIDTH="995.0"
                    HEIGHT="8.0"></String>
          </TextLine>
          <TextLine ID="eSc_line_c899e1b0"
                    BASELINE="105 769 1088 778" 
                    HPOS="105.0"
                    VPOS="769.0"
                    WIDTH="983.0"
                    HEIGHT="9.0">
	    <String CONTENT=""
                    HPOS="105.0"
                    VPOS="769.0"
                    WIDTH="983.0"
                    HEIGHT="9.0"></String>
          </TextLine>
          <TextLine ID="eSc_line_4afd3613"
                    BASELINE="730 813 889 818" 
                    HPOS="730.0"
                    VPOS="813.0"
                    WIDTH="159.0"
                    HEIGHT="5.0">
	    <String CONTENT=""
                    HPOS="730.0"
                    VPOS="813.0"
                    WIDTH="159.0"
                    HEIGHT="5.0"></String>
          </TextLine>
          <TextLine ID="eSc_line_48f87e91"
                    BASELINE="102 856 1058 864" 
                    HPOS="102.0"
                    VPOS="856.0"
                    WIDTH="956.0"
                    HEIGHT="8.0">
	    <String CONTENT=""
                    HPOS="102.0"
                    VPOS="856.0"
                    WIDTH="956.0"
                    HEIGHT="8.0"></String>
          </TextLine>
          <TextLine ID="eSc_line_b28e8d6a"
                    BASELINE="135 933 1083 939" 
                    HPOS="135.0"
                    VPOS="933.0"
                    WIDTH="948.0"
                    HEIGHT="6.0">
	    <String CONTENT=""
                    HPOS="135.0"
                    VPOS="933.0"
                    WIDTH="948.0"
                    HEIGHT="6.0"></String>
          </TextLine>
          <TextLine ID="eSc_line_394e9fd0"
                    BASELINE="767 980 918 978" 
                    HPOS="767.0"
                    VPOS="978.0"
                    WIDTH="151.0"
                    HEIGHT="2.0">
	    <String CONTENT=""
                    HPOS="767.0"
                    VPOS="978.0"
                    WIDTH="151.0"
                    HEIGHT="2.0"></String>
          </TextLine>
          <TextLine ID="eSc_line_7c26b2d2"
                    BASELINE="91 1019 1054 1025" 
                    HPOS="91.0"
                    VPOS="1019.0"
                    WIDTH="963.0"
                    HEIGHT="6.0">
	    <String CONTENT=""
                    HPOS="91.0"
                    VPOS="1019.0"
                    WIDTH="963.0"
                    HEIGHT="6.0"></String>
          </TextLine>
          <TextLine ID="eSc_line_c13fc6b2"
                    BASELINE="97 1065 1099 1070" 
                    HPOS="97.0"
                    VPOS="1065.0"
                    WIDTH="1002.0"
                    HEIGHT="5.0">
	    <String CONTENT=""
                    HPOS="97.0"
                    VPOS="1065.0"
                    WIDTH="1002.0"
                    HEIGHT="5.0"></String>
          </TextLine>
          <TextLine ID="eSc_line_6043aad5"
                    BASELINE="717 1107 925 1110" 
                    HPOS="717.0"
                    VPOS="1107.0"
                    WIDTH="208.0"
                    HEIGHT="3.0">
	    <String CONTENT=""
                    HPOS="717.0"
                    VPOS="1107.0"
                    WIDTH="208.0"
                    HEIGHT="3.0"></String>
          </TextLine>
          <TextLine ID="eSc_line_4ee8d2f2"
                    BASELINE="95 1148 997 1152" 
                    HPOS="95.0"
                    VPOS="1148.0"
                    WIDTH="902.0"
                    HEIGHT="4.0">
	    <String CONTENT=""
                    HPOS="95.0"
                    VPOS="1148.0"
                    WIDTH="902.0"
                    HEIGHT="4.0"></String>
          </TextLine>
        </TextBlock>
        <TextBlock HPOS="92.0"
                   VPOS="1225.0"
                   WIDTH="982.0"
                   HEIGHT="164.0"
                   ID="region_1719251631155_81"
                   TAGREFS="BT3656">
          <Shape><Polygon POINTS="1074 1389 180 1342 92 1389 92 1225 1074 1225"/></Shape>
          <TextLine ID="eSc_line_2f71c01b"
                    BASELINE="131 1296 1064 1298" 
                    HPOS="131.0"
                    VPOS="1296.0"
                    WIDTH="933.0"
                    HEIGHT="2.0">
	    <String CONTENT=""
                    HPOS="131.0"
                    VPOS="1296.0"
                    WIDTH="933.0"
                    HEIGHT="2.0"></String>
          </TextLine>
          <TextLine ID="eSc_line_5003fa67"
                    BASELINE="376 1349 804 1360" 
                    HPOS="376.0"
                    VPOS="1349.0"
                    WIDTH="428.0"
                    HEIGHT="11.0">
	    <String CONTENT=""
                    HPOS="376.0"
                    VPOS="1349.0"
                    WIDTH="428.0"
                    HEIGHT="11.0"></String>
          </TextLine>
        </TextBlock>
        <TextBlock HPOS="178.0"
                   VPOS="1383.0"
                   WIDTH="662.0"
                   HEIGHT="508.0"
                   ID="region_1719251639271_87"
                   TAGREFS="BT3655">
          <Shape><Polygon POINTS="840 1891 185 1889 178 1479 262 1476 267 1387 307 1393 840 1383"/></Shape>
          <TextLine ID="eSc_line_fe4b26f0"
                    BASELINE="328 1470 679 1471" 
                    HPOS="328.0"
                    VPOS="1470.0"
                    WIDTH="351.0"
                    HEIGHT="1.0">
	    <String CONTENT=""
                    HPOS="328.0"
                    VPOS="1470.0"
                    WIDTH="351.0"
                    HEIGHT="1.0"></String>
          </TextLine>
          <TextLine ID="eSc_line_3db11b22"
                    BASELINE="185 1503 722 1510" 
                    HPOS="185.0"
                    VPOS="1503.0"
                    WIDTH="537.0"
                    HEIGHT="7.0">
	    <String CONTENT=""
                    HPOS="185.0"
                    VPOS="1503.0"
                    WIDTH="537.0"
                    HEIGHT="7.0"></String>
          </TextLine>
          <TextLine ID="eSc_line_f0bf24dc"
                    BASELINE="301 1540 678 1547" 
                    HPOS="301.0"
                    VPOS="1540.0"
                    WIDTH="377.0"
                    HEIGHT="7.0">
	    <String CONTENT=""
                    HPOS="301.0"
                    VPOS="1540.0"
                    WIDTH="377.0"
                    HEIGHT="7.0"></String>
          </TextLine>
          <TextLine ID="eSc_line_19d7ca2b"
                    BASELINE="189 1607 828 1614" 
                    HPOS="189.0"
                    VPOS="1607.0"
                    WIDTH="639.0"
                    HEIGHT="7.0">
	    <String CONTENT=""
                    HPOS="189.0"
                    VPOS="1607.0"
                    WIDTH="639.0"
                    HEIGHT="7.0"></String>
          </TextLine>
          <TextLine ID="eSc_line_4e843a46"
                    BASELINE="300 1645 721 1643" 
                    HPOS="300.0"
                    VPOS="1643.0"
                    WIDTH="421.0"
                    HEIGHT="2.0">
	    <String CONTENT=""
                    HPOS="300.0"
                    VPOS="1643.0"
                    WIDTH="421.0"
                    HEIGHT="2.0"></String>
          </TextLine>
          <TextLine ID="eSc_line_f8cdc449"
                    BASELINE="189 1677 818 1683" 
                    HPOS="189.0"
                    VPOS="1677.0"
                    WIDTH="629.0"
                    HEIGHT="6.0">
	    <String CONTENT=""
                    HPOS="189.0"
                    VPOS="1677.0"
                    WIDTH="629.0"
                    HEIGHT="6.0"></String>
          </TextLine>
          <TextLine ID="eSc_line_0dc6e4fe"
                    BASELINE="290 1714 731 1719" 
                    HPOS="290.0"
                    VPOS="1714.0"
                    WIDTH="441.0"
                    HEIGHT="5.0">
	    <String CONTENT=""
                    HPOS="290.0"
                    VPOS="1714.0"
                    WIDTH="441.0"
                    HEIGHT="5.0"></String>
          </TextLine>
          <TextLine ID="eSc_line_fae75a37"
                    BASELINE="186 1783 718 1783" 
                    HPOS="186.0"
                    VPOS="1783.0"
                    WIDTH="532.0"
                    HEIGHT="0.0">
	    <String CONTENT=""
                    HPOS="186.0"
                    VPOS="1783.0"
                    WIDTH="532.0"
                    HEIGHT="0.0"></String>
          </TextLine>
          <TextLine ID="eSc_line_8fe9d25c"
                    BASELINE="293 1809 696 1817" 
                    HPOS="293.0"
                    VPOS="1809.0"
                    WIDTH="403.0"
                    HEIGHT="8.0">
	    <String CONTENT=""
                    HPOS="293.0"
                    VPOS="1809.0"
                    WIDTH="403.0"
                    HEIGHT="8.0"></String>
          </TextLine>
          <TextLine ID="eSc_line_18ab5ca2"
                    BASELINE="191 1847 708 1850" 
                    HPOS="191.0"
                    VPOS="1847.0"
                    WIDTH="517.0"
                    HEIGHT="3.0">
	    <String CONTENT=""
                    HPOS="191.0"
                    VPOS="1847.0"
                    WIDTH="517.0"
                    HEIGHT="3.0"></String>
          </TextLine>
          <TextLine ID="eSc_line_c8732471"
                    BASELINE="303 1880 762 1880" 
                    HPOS="303.0"
                    VPOS="1880.0"
                    WIDTH="459.0"
                    HEIGHT="0.0">
	    <String CONTENT=""
                    HPOS="303.0"
                    VPOS="1880.0"
                    WIDTH="459.0"
                    HEIGHT="0.0"></String>
          </TextLine>
        </TextBlock>
        <TextBlock HPOS="984"
                   VPOS="1155"
                   WIDTH="118"
                   HEIGHT="55"
                   ID="region_1719251620043_78"
                   TAGREFS="BT3655">
          <Shape><Polygon POINTS="1102 1210 986 1210 984 1155 1100 1155"/></Shape>
          <TextLine ID="eSc_line_49593f76"
                    BASELINE="995 1197 1104 1197" 
                    HPOS="995.0"
                    VPOS="1197.0"
                    WIDTH="109.0"
                    HEIGHT="0.0">
	    <String CONTENT=""
                    HPOS="995.0"
                    VPOS="1197.0"
                    WIDTH="109.0"
                    HEIGHT="0.0"></String>
          </TextLine>
        </TextBlock>
        <TextBlock HPOS="72"
                   VPOS="1894"
                   WIDTH="282"
                   HEIGHT="83"
                   ID="region_1719251648676_96"
                   TAGREFS="BT3655">
          <Shape><Polygon POINTS="354 1977 72 1971 73 1894 352 1894"/></Shape>
          <TextLine ID="eSc_line_5bac19e0"
                    BASELINE="83 1952 331 1955" 
                    HPOS="83.0"
                    VPOS="1952.0"
                    WIDTH="248.0"
                    HEIGHT="3.0">
	    <String CONTENT=""
                    HPOS="83.0"
                    VPOS="1952.0"
                    WIDTH="248.0"
                    HEIGHT="3.0"></String>
          </TextLine>
        </TextBlock>
        <TextBlock HPOS="689"
                   VPOS="1894"
                   WIDTH="84"
                   HEIGHT="65"
                   ID="region_1719251645684_93"
                   TAGREFS="BT3655">
          <Shape><Polygon POINTS="773 1959 689 1952 689 1894 758 1894"/></Shape>
          <TextLine ID="eSc_line_907ace39"
                    BASELINE="707 1949 752 1948" 
                    HPOS="707.0"
                    VPOS="1948.0"
                    WIDTH="45.0"
                    HEIGHT="1.0">
	    <String CONTENT=""
                    HPOS="707.0"
                    VPOS="1948.0"
                    WIDTH="45.0"
                    HEIGHT="1.0"></String>
          </TextLine>
        </TextBlock>
        <TextBlock HPOS="986"
                   VPOS="1888"
                   WIDTH="128"
                   HEIGHT="85"
                   ID="region_1719251641727_90"
                   TAGREFS="BT3655">
          <Shape><Polygon POINTS="1114 1973 986 1948 986 1888 1091 1888"/></Shape>
          <TextLine ID="eSc_line_496d7e20"
                    BASELINE="1016 1940 1093 1940" 
                    HPOS="1016.0"
                    VPOS="1940.0"
                    WIDTH="77.0"
                    HEIGHT="0.0">
	    <String CONTENT=""
                    HPOS="1016.0"
                    VPOS="1940.0"
                    WIDTH="77.0"
                    HEIGHT="0.0"></String>
          </TextLine>
        </TextBlock>
        <TextBlock HPOS="190.0"
                   VPOS="1354.0"
                   WIDTH="74.0"
                   HEIGHT="123.0"
                   ID="region_1719251633747_84"
                   TAGREFS="BT3655">
          <Shape><Polygon POINTS="257 1476 190 1477 191 1354 264 1354"/></Shape>
        </TextBlock>
        <TextBlock HPOS="81.0"
                   VPOS="221.0"
                   WIDTH="199.0"
                   HEIGHT="240.0"
                   ID="region_1719251606771_72"
                   TAGREFS="BT3655">
          <Shape><Polygon POINTS="279 461 86 461 81 221 280 221"/></Shape>
        </TextBlock>
        <TextBlock ID="eSc_dummyblock_">
          <TextLine ID="eSc_line_5ceafd10"
                    BASELINE="264 1436 733 1442" 
                    HPOS="264.0"
                    VPOS="1436.0"
                    WIDTH="469.0"
                    HEIGHT="6.0">
	    <String CONTENT=""
                    HPOS="264.0"
                    VPOS="1436.0"
                    WIDTH="469.0"
                    HEIGHT="6.0"></String>
          </TextLine>
        </TextBlock>
      </PrintSpace>
    </Page>
  </Layout>
</alto>
