<?xml version="1.0" encoding="UTF-8"?>
<alto xmlns:xsi="http://www.w3.org/2001/XMLSchema-instance"
      xmlns="http://www.loc.gov/standards/alto/ns-v4#"
      xsi:schemaLocation="http://www.loc.gov/standards/alto/ns-v4# http://www.loc.gov/standards/alto/v4/alto-4-2.xsd">
  <Description>
    <MeasurementUnit>pixel</MeasurementUnit>
    <sourceImageInformation>
      <fileName>1782,_Poetische_Werke,_Fleischhauer,_Bd._1,_VD18_89276865-001_Seite_025_Bild_0001.jpg</fileName>
      <fileIdentifier>mets//export_doc3216_fleischahuer_2_alto_202504271704.zip/1782,_Poetische_Werke,_Fleischhauer,_Bd._1,_VD18_89276865-001_Seite_025_Bild_0001.jpg</fileIdentifier>
    </sourceImageInformation>
  </Description>
  <Tags>
    <OtherTag ID="BT1" LABEL="Title" DESCRIPTION="block type Title"/><OtherTag ID="BT2" LABEL="Main" DESCRIPTION="block type Main"/><OtherTag ID="BT3" LABEL="Commentary" DESCRIPTION="block type Commentary"/><OtherTag ID="BT4" LABEL="Illustration" DESCRIPTION="block type Illustration"/><OtherTag ID="BT3755" LABEL="header" DESCRIPTION="block type header"/><OtherTag ID="BT3756" LABEL="paragraph" DESCRIPTION="block type paragraph"/><OtherTag ID="BT3757" LABEL="heading" DESCRIPTION="block type heading"/><OtherTag ID="BT3758" LABEL="footnote" DESCRIPTION="block type footnote"/><OtherTag ID="BT3759" LABEL="l-column" DESCRIPTION="block type l-column"/><OtherTag ID="BT3760" LABEL="r-column" DESCRIPTION="block type r-column"/><OtherTag ID="BT3761" LABEL="marginalia" DESCRIPTION="block type marginalia"/><OtherTag ID="BT4125" LABEL="drop-capital" DESCRIPTION="block type drop-capital"/><OtherTag ID="BT4126" LABEL="catch-word" DESCRIPTION="block type catch-word"/><OtherTag ID="BT4127" LABEL="page-number" DESCRIPTION="block type page-number"/><OtherTag ID="BT4128" LABEL="signature-mark" DESCRIPTION="block type signature-mark"/><OtherTag ID="BT4129" LABEL="poem_lg" DESCRIPTION="block type poem_lg"/><OtherTag ID="BT4130" LABEL="endnote" DESCRIPTION="block type endnote"/>
  </Tags>
  <Layout>
    <Page WIDTH="1176"
          HEIGHT="2039"
          PHYSICAL_IMG_NR="183"
          ID="eSc_dummypage_">
      <PrintSpace HPOS="0"
                  VPOS="0"
                  WIDTH="1176"
                  HEIGHT="2039">
        <TextBlock HPOS="183.0"
                   VPOS="138.0"
                   WIDTH="103.0"
                   HEIGHT="53.0"
                   ID="region_1721149105960_209"
                   TAGREFS="BT3756">
          <Shape><Polygon POINTS="187 140 183 191 286 191 278 138"/></Shape>
          <TextLine ID="eSc_line_9cf3ea9f"
                    BASELINE="191 183 267 183" 
                    HPOS="190.0"
                    VPOS="139.0"
                    WIDTH="76.0"
                    HEIGHT="54.0">
            <Shape><Polygon POINTS="258 139 241 139 224 139 207 139 190 139 190 181 190 192 265 193 266 181 266 139 258 139"/></Shape>
	    <String CONTENT=""
                    HPOS="190.0"
                    VPOS="139.0"
                    WIDTH="76.0"
                    HEIGHT="54.0"></String>
          </TextLine>
        </TextBlock>
        <TextBlock HPOS="189.0"
                   VPOS="221.0"
                   WIDTH="916.0"
                   HEIGHT="111.0"
                   ID="region_1721149125914_215"
                   TAGREFS="BT3756">
          <Shape><Polygon POINTS="189 230 195 332 963 326 1105 257 1074 221 256 226"/></Shape>
          <TextLine ID="eSc_line_59ecdeeb"
                    BASELINE="203 278 1043 278 1072 264" 
                    HPOS="200.0"
                    VPOS="222.0"
                    WIDTH="870.0"
                    HEIGHT="75.0">
            <Shape><Polygon POINTS="931 222 268 225 200 229 202 287 844 280 885 297 1068 297 1070 263 1062 225 948 225 944 222 931 222"/></Shape>
	    <String CONTENT=""
                    HPOS="200.0"
                    VPOS="222.0"
                    WIDTH="870.0"
                    HEIGHT="75.0"></String>
          </TextLine>
          <TextLine ID="eSc_line_bf3e8db1"
                    BASELINE="204 314 893 318" 
                    HPOS="202.0"
                    VPOS="278.0"
                    WIDTH="690.0"
                    HEIGHT="78.0">
            <Shape><Polygon POINTS="883 278 866 278 849 278 832 278 815 278 798 278 781 278 764 278 747 278 730 278 713 278 696 278 679 278 662 278 645 278 628 278 611 278 594 278 577 278 560 278 543 278 526 278 509 278 492 278 475 278 458 278 441 278 424 278 407 278 390 278 373 278 356 278 339 278 322 278 305 278 288 278 271 278 254 278 237 278 220 278 203 278 203 312 202 353 888 356 892 317 890 278 883 278"/></Shape>
	    <String CONTENT=""
                    HPOS="202.0"
                    VPOS="278.0"
                    WIDTH="690.0"
                    HEIGHT="78.0"></String>
          </TextLine>
        </TextBlock>
        <TextBlock HPOS="208.0"
                   VPOS="367.0"
                   WIDTH="845.0"
                   HEIGHT="460.0"
                   ID="region_1721149140524_218"
                   TAGREFS="BT3756">
          <Shape><Polygon POINTS="216 385 208 820 1053 827 1034 367"/></Shape>
          <TextLine ID="eSc_line_1c2e26e7"
                    BASELINE="245 444 982 445" 
                    HPOS="244.0"
                    VPOS="389.0"
                    WIDTH="736.0"
                    HEIGHT="61.0">
            <Shape><Polygon POINTS="244 443 244 450 980 448 980 443 980 394 244 389 244 443"/></Shape>
	    <String CONTENT=""
                    HPOS="244.0"
                    VPOS="389.0"
                    WIDTH="736.0"
                    HEIGHT="61.0"></String>
          </TextLine>
          <TextLine ID="eSc_line_61aa912e"
                    BASELINE="240 503 982 500" 
                    HPOS="237.0"
                    VPOS="448.0"
                    WIDTH="743.0"
                    HEIGHT="58.0">
            <Shape><Polygon POINTS="239 502 239 506 978 506 980 499 977 453 747 448 746 448 744 448 742 448 742 450 729 463 712 480 237 482 239 502"/></Shape>
	    <String CONTENT=""
                    HPOS="237.0"
                    VPOS="448.0"
                    WIDTH="743.0"
                    HEIGHT="58.0"></String>
          </TextLine>
          <TextLine ID="eSc_line_33ca06dc"
                    BASELINE="250 561 990 561" 
                    HPOS="249.0"
                    VPOS="496.0"
                    WIDTH="740.0"
                    HEIGHT="86.0">
            <Shape><Polygon POINTS="980 501 927 501 882 536 593 536 554 502 358 502 321 511 280 502 249 502 249 570 492 570 513 582 686 582 703 572 788 581 824 570 834 581 839 582 989 582 989 497 980 496 980 501"/></Shape>
	    <String CONTENT=""
                    HPOS="249.0"
                    VPOS="496.0"
                    WIDTH="740.0"
                    HEIGHT="86.0"></String>
          </TextLine>
          <TextLine ID="eSc_line_a2ab46ad"
                    BASELINE="247 612 967 615" 
                    HPOS="244.0"
                    VPOS="562.0"
                    WIDTH="721.0"
                    HEIGHT="68.0">
            <Shape><Polygon POINTS="871 562 842 570 832 562 778 570 720 562 395 570 361 570 353 562 278 562 246 569 244 626 302 620 326 630 382 621 414 630 458 620 545 630 596 620 650 630 661 620 722 620 909 630 965 618 965 572 871 562"/></Shape>
	    <String CONTENT=""
                    HPOS="244.0"
                    VPOS="562.0"
                    WIDTH="721.0"
                    HEIGHT="68.0"></String>
          </TextLine>
          <TextLine ID="eSc_line_756753f1"
                    BASELINE="244 672 1035 681" 
                    HPOS="241.0"
                    VPOS="621.0"
                    WIDTH="793.0"
                    HEIGHT="67.0">
            <Shape><Polygon POINTS="243 671 241 676 1031 688 1034 679 1034 621 243 621 243 671"/></Shape>
	    <String CONTENT=""
                    HPOS="241.0"
                    VPOS="621.0"
                    WIDTH="793.0"
                    HEIGHT="67.0"></String>
          </TextLine>
          <TextLine ID="eSc_line_84560a55"
                    BASELINE="252 736 942 732" 
                    HPOS="249.0"
                    VPOS="674.0"
                    WIDTH="692.0"
                    HEIGHT="63.0">
            <Shape><Polygon POINTS="764 677 723 683 693 686 679 683 659 676 657 676 642 676 621 681 603 686 596 681 589 676 589 676 572 676 555 674 538 674 521 674 504 674 487 674 479 674 477 674 475 674 457 679 426 688 394 679 392 679 390 679 389 679 358 688 322 677 316 676 314 676 312 676 249 676 251 735 251 737 941 735 941 730 938 686 766 677 764 677"/></Shape>
	    <String CONTENT=""
                    HPOS="249.0"
                    VPOS="674.0"
                    WIDTH="692.0"
                    HEIGHT="63.0"></String>
          </TextLine>
          <TextLine ID="eSc_line_1c47355c"
                    BASELINE="515 808 1007 814" 
                    HPOS="513.0"
                    VPOS="745.0"
                    WIDTH="493.0"
                    HEIGHT="84.0">
            <Shape><Polygon POINTS="514 807 513 813 757 813 812 824 820 824 822 824 827 824 880 815 1002 829 1006 813 1006 766 897 756 895 756 893 756 892 756 887 761 882 766 785 766 766 756 754 749 752 749 751 749 725 754 688 762 579 762 559 747 557 747 555 747 514 745 514 807"/></Shape>
	    <String CONTENT=""
                    HPOS="513.0"
                    VPOS="745.0"
                    WIDTH="493.0"
                    HEIGHT="84.0"></String>
          </TextLine>
        </TextBlock>
        <TextBlock HPOS="491.0"
                   VPOS="121.0"
                   WIDTH="286.0"
                   HEIGHT="71.0"
                   ID="region_1721149113833_212"
                   TAGREFS="BT3756">
          <Shape><Polygon POINTS="496 123 491 192 777 188 773 121"/></Shape>
          <TextLine ID="eSc_line_d619cdcc"
                    BASELINE="493 180 761 182" 
                    HPOS="491.0"
                    VPOS="122.0"
                    WIDTH="268.0"
                    HEIGHT="68.0">
            <Shape><Polygon POINTS="713 122 696 122 679 122 662 122 645 122 628 122 611 122 594 122 582 122 554 124 548 122 543 122 526 122 509 122 494 158 492 178 491 190 757 188 759 181 757 129 729 122 713 122"/></Shape>
	    <String CONTENT=""
                    HPOS="491.0"
                    VPOS="122.0"
                    WIDTH="268.0"
                    HEIGHT="68.0"></String>
          </TextLine>
        </TextBlock>
        <TextBlock HPOS="168.0"
                   VPOS="868.0"
                   WIDTH="932.0"
                   HEIGHT="395.0"
                   ID="region_1721149270795_221"
                   TAGREFS="BT3756">
          <Shape><Polygon POINTS="170 868 168 1256 1086 1263 1100 868"/></Shape>
          <TextLine ID="eSc_line_cf9984cb"
                    BASELINE="199 921 1064 927" 
                    HPOS="198.0"
                    VPOS="868.0"
                    WIDTH="865.0"
                    HEIGHT="69.0">
            <Shape><Polygon POINTS="1048 868 1031 868 1014 868 997 868 980 868 963 868 946 868 929 868 912 868 895 868 878 868 861 868 844 868 827 868 810 868 793 868 776 868 759 868 742 868 725 868 708 868 691 868 674 868 657 868 640 868 628 868 198 868 198 920 198 927 604 927 608 927 618 936 620 936 621 936 623 936 701 929 720 927 730 929 774 937 776 937 1062 929 1063 926 1060 868 1048 868"/></Shape>
	    <String CONTENT=""
                    HPOS="198.0"
                    VPOS="868.0"
                    WIDTH="865.0"
                    HEIGHT="69.0"></String>
          </TextLine>
          <TextLine ID="eSc_line_7ba9ad9f"
                    BASELINE="196 969 1064 976" 
                    HPOS="193.0"
                    VPOS="922.0"
                    WIDTH="870.0"
                    HEIGHT="60.0">
            <Shape><Polygon POINTS="1062 926 1045 926 1028 926 1011 926 994 926 982 926 977 929 776 929 752 924 739 924 722 924 705 924 688 924 671 924 654 924 637 924 620 924 610 924 582 926 577 924 569 924 552 924 535 924 518 924 501 924 484 922 469 922 412 926 395 922 382 922 365 922 348 922 331 922 314 922 297 922 280 922 263 922 246 922 229 922 220 922 195 922 195 968 193 980 1060 982 1063 975 1062 926 1062 926"/></Shape>
	    <String CONTENT=""
                    HPOS="193.0"
                    VPOS="922.0"
                    WIDTH="870.0"
                    HEIGHT="60.0"></String>
          </TextLine>
          <TextLine ID="eSc_line_704018bd"
                    BASELINE="196 1018 1074 1019" 
                    HPOS="195.0"
                    VPOS="973.0"
                    WIDTH="877.0"
                    HEIGHT="54.0">
            <Shape><Polygon POINTS="1062 975 1045 975 1028 975 1011 975 994 975 977 975 960 975 943 975 926 975 909 975 892 975 875 975 858 975 841 973 824 973 807 973 790 973 773 973 756 973 739 973 722 973 705 973 688 973 671 973 654 973 637 973 195 973 195 1017 195 1022 1070 1027 1072 1017 1072 973 1062 973 1062 975"/></Shape>
	    <String CONTENT=""
                    HPOS="195.0"
                    VPOS="973.0"
                    WIDTH="877.0"
                    HEIGHT="54.0"></String>
          </TextLine>
          <TextLine ID="eSc_line_60a9cd2c"
                    BASELINE="192 1068 1076 1065" 
                    HPOS="188.0"
                    VPOS="1009.0"
                    WIDTH="887.0"
                    HEIGHT="71.0">
            <Shape><Polygon POINTS="1055 1019 205 1019 203 1009 188 1016 192 1080 226 1070 336 1070 350 1078 438 1070 1072 1077 1075 1063 1072 1017 1055 1019"/></Shape>
	    <String CONTENT=""
                    HPOS="188.0"
                    VPOS="1009.0"
                    WIDTH="887.0"
                    HEIGHT="71.0"></String>
          </TextLine>
          <TextLine ID="eSc_line_6886ec95"
                    BASELINE="205 1111 1061 1111" 
                    HPOS="203.0"
                    VPOS="1065.0"
                    WIDTH="857.0"
                    HEIGHT="56.0">
            <Shape><Polygon POINTS="1053 1065 1036 1065 1019 1065 1002 1065 985 1065 968 1065 951 1065 934 1065 917 1065 900 1065 883 1065 866 1065 849 1065 832 1065 815 1065 798 1065 781 1065 764 1065 747 1065 730 1065 713 1065 696 1065 679 1065 662 1065 645 1065 628 1067 611 1067 594 1067 577 1067 560 1067 543 1067 526 1067 509 1067 492 1067 475 1067 458 1067 441 1067 424 1067 407 1067 390 1067 373 1067 372 1067 203 1067 203 1109 203 1121 1060 1116 1060 1109 1058 1065 1053 1065"/></Shape>
	    <String CONTENT=""
                    HPOS="203.0"
                    VPOS="1065.0"
                    WIDTH="857.0"
                    HEIGHT="56.0"></String>
          </TextLine>
          <TextLine ID="eSc_line_8c1bd99f"
                    BASELINE="198 1161 1073 1158" 
                    HPOS="195.0"
                    VPOS="1102.0"
                    WIDTH="877.0"
                    HEIGHT="63.0">
            <Shape><Polygon POINTS="1045 1111 195 1111 197 1165 1070 1165 1072 1157 1067 1102 1046 1102 1045 1111"/></Shape>
	    <String CONTENT=""
                    HPOS="195.0"
                    VPOS="1102.0"
                    WIDTH="877.0"
                    HEIGHT="63.0"></String>
          </TextLine>
          <TextLine ID="eSc_line_0fb508e4"
                    BASELINE="191 1198 1063 1203" 
                    HPOS="188.0"
                    VPOS="1148.0"
                    WIDTH="872.0"
                    HEIGHT="75.0">
            <Shape><Polygon POINTS="1057 1158 207 1160 203 1148 190 1148 188 1204 327 1216 506 1208 526 1221 577 1221 603 1208 627 1223 735 1223 761 1209 785 1223 1028 1223 1060 1208 1060 1158 1057 1158"/></Shape>
	    <String CONTENT=""
                    HPOS="188.0"
                    VPOS="1148.0"
                    WIDTH="872.0"
                    HEIGHT="75.0"></String>
          </TextLine>
          <TextLine ID="eSc_line_2a726f79"
                    BASELINE="191 1248 480 1250" 
                    HPOS="188.0"
                    VPOS="1199.0"
                    WIDTH="291.0"
                    HEIGHT="61.0">
            <Shape><Polygon POINTS="360 1199 343 1199 326 1199 309 1199 292 1199 275 1199 258 1199 241 1199 224 1199 207 1199 190 1199 190 1247 188 1259 475 1260 479 1248 477 1203 361 1199 360 1199"/></Shape>
	    <String CONTENT=""
                    HPOS="188.0"
                    VPOS="1199.0"
                    WIDTH="291.0"
                    HEIGHT="61.0"></String>
          </TextLine>
        </TextBlock>
        <TextBlock HPOS="207.0"
                   VPOS="1291.0"
                   WIDTH="901.0"
                   HEIGHT="197.0"
                   ID="region_1721149293116_224"
                   TAGREFS="BT3756">
          <Shape><Polygon POINTS="230 1291 207 1461 600 1459 627 1486 958 1488 1108 1400 1062 1291"/></Shape>
          <TextLine ID="eSc_line_c1456732"
                    BASELINE="249 1348 1019 1354" 
                    HPOS="246.0"
                    VPOS="1291.0"
                    WIDTH="770.0"
                    HEIGHT="70.0">
            <Shape><Polygon POINTS="927 1291 917 1291 905 1303 854 1303 841 1291 715 1291 640 1301 572 1301 557 1291 484 1291 474 1296 467 1291 365 1291 360 1294 353 1291 331 1291 324 1298 310 1291 268 1291 248 1296 246 1361 1016 1361 1016 1303 946 1303 932 1291 927 1291"/></Shape>
	    <String CONTENT=""
                    HPOS="246.0"
                    VPOS="1291.0"
                    WIDTH="770.0"
                    HEIGHT="70.0"></String>
          </TextLine>
          <TextLine ID="eSc_line_724879ce"
                    BASELINE="245 1410 1069 1414" 
                    HPOS="244.0"
                    VPOS="1349.0"
                    WIDTH="823.0"
                    HEIGHT="85.0">
            <Shape><Polygon POINTS="1009 1352 870 1352 757 1357 746 1350 565 1350 557 1357 545 1357 474 1349 450 1349 429 1355 244 1355 244 1428 258 1422 278 1432 409 1432 441 1415 457 1428 520 1434 554 1434 577 1417 593 1430 601 1430 615 1418 659 1418 679 1430 735 1417 795 1428 836 1418 851 1432 858 1432 885 1418 999 1427 1067 1417 1067 1361 1009 1352"/></Shape>
	    <String CONTENT=""
                    HPOS="244.0"
                    VPOS="1349.0"
                    WIDTH="823.0"
                    HEIGHT="85.0"></String>
          </TextLine>
          <TextLine ID="eSc_line_8530f52d"
                    BASELINE="641 1469 813 1470" 
                    HPOS="638.0"
                    VPOS="1413.0"
                    WIDTH="174.0"
                    HEIGHT="68.0">
            <Shape><Polygon POINTS="640 1468 638 1481 810 1481 812 1469 810 1413 640 1413 640 1468"/></Shape>
	    <String CONTENT=""
                    HPOS="638.0"
                    VPOS="1413.0"
                    WIDTH="174.0"
                    HEIGHT="68.0"></String>
          </TextLine>
        </TextBlock>
        <TextBlock HPOS="198.0"
                   VPOS="1612.0"
                   WIDTH="932.0"
                   HEIGHT="190.0"
                   ID="region_1721149315675_230"
                   TAGREFS="BT3758">
          <Shape><Polygon POINTS="199 1612 198 1783 737 1802 899 1755 1130 1752 1087 1615"/></Shape>
          <TextLine ID="eSc_line_4945aabf"
                    BASELINE="210 1675 265 1669 1086 1669" 
                    HPOS="207.0"
                    VPOS="1614.0"
                    WIDTH="878.0"
                    HEIGHT="66.0">
            <Shape><Polygon POINTS="1074 1614 207 1615 209 1673 209 1680 1084 1673 1085 1668 1082 1617 1074 1614"/></Shape>
	    <String CONTENT=""
                    HPOS="207.0"
                    VPOS="1614.0"
                    WIDTH="878.0"
                    HEIGHT="66.0"></String>
          </TextLine>
          <TextLine ID="eSc_line_0e47542f"
                    BASELINE="226 1705 1089 1704" 
                    HPOS="222.0"
                    VPOS="1668.0"
                    WIDTH="865.0"
                    HEIGHT="48.0">
            <Shape><Polygon POINTS="1072 1670 256 1670 222 1673 224 1716 1085 1709 1087 1702 1082 1668 1072 1670"/></Shape>
	    <String CONTENT=""
                    HPOS="222.0"
                    VPOS="1668.0"
                    WIDTH="865.0"
                    HEIGHT="48.0"></String>
          </TextLine>
          <TextLine ID="eSc_line_8886e1f8"
                    BASELINE="227 1739 1089 1739" 
                    HPOS="226.0"
                    VPOS="1704.0"
                    WIDTH="861.0"
                    HEIGHT="80.0">
            <Shape><Polygon POINTS="1075 1704 226 1704 226 1775 355 1765 361 1768 395 1768 397 1784 503 1775 526 1784 712 1775 795 1784 851 1767 1087 1763 1087 1704 1075 1704"/></Shape>
	    <String CONTENT=""
                    HPOS="226.0"
                    VPOS="1704.0"
                    WIDTH="861.0"
                    HEIGHT="80.0"></String>
          </TextLine>
          <TextLine ID="eSc_line_3c575a54"
                    BASELINE="231 1778 405 1771" 
                    HPOS="227.0"
                    VPOS="1739.0"
                    WIDTH="177.0"
                    HEIGHT="72.0">
            <Shape><Polygon POINTS="397 1739 380 1739 363 1739 346 1739 329 1739 312 1739 295 1739 278 1739 261 1739 244 1739 227 1739 229 1777 229 1801 241 1811 243 1811 244 1811 246 1811 316 1809 317 1809 319 1809 348 1792 350 1790 404 1789 404 1770 399 1739 397 1739"/></Shape>
	    <String CONTENT=""
                    HPOS="227.0"
                    VPOS="1739.0"
                    WIDTH="177.0"
                    HEIGHT="72.0"></String>
          </TextLine>
        </TextBlock>
        <TextBlock HPOS="991.0"
                   VPOS="1493.0"
                   WIDTH="89.0"
                   HEIGHT="64.0"
                   ID="region_1721149301403_227"
                   TAGREFS="BT3756">
          <Shape><Polygon POINTS="995 1496 991 1557 1080 1551 1074 1493"/></Shape>
          <TextLine ID="eSc_line_5aed3d45"
                    BASELINE="994 1541 1071 1541" 
                    HPOS="992.0"
                    VPOS="1493.0"
                    WIDTH="78.0"
                    HEIGHT="53.0">
            <Shape><Polygon POINTS="1060 1493 1043 1493 1026 1495 1009 1495 1002 1493 992 1493 992 1539 992 1546 1070 1544 1070 1539 1068 1493 1060 1493"/></Shape>
	    <String CONTENT=""
                    HPOS="992.0"
                    VPOS="1493.0"
                    WIDTH="78.0"
                    HEIGHT="53.0"></String>
          </TextLine>
        </TextBlock>
        <TextBlock HPOS="971.0"
                   VPOS="1766.0"
                   WIDTH="122.0"
                   HEIGHT="49.0"
                   ID="region_1721149345289_234"
                   TAGREFS="BT3756">
          <Shape><Polygon POINTS="971 1767 973 1809 1093 1815 1078 1766"/></Shape>
          <TextLine ID="eSc_line_9e8f295c"
                    BASELINE="984 1809 1075 1806" 
                    HPOS="983.0"
                    VPOS="1767.0"
                    WIDTH="91.0"
                    HEIGHT="51.0">
            <Shape><Polygon POINTS="1067 1767 1050 1767 1033 1767 1016 1767 999 1767 983 1801 983 1807 983 1818 1072 1813 1074 1804 1070 1767 1067 1767"/></Shape>
	    <String CONTENT=""
                    HPOS="983.0"
                    VPOS="1767.0"
                    WIDTH="91.0"
                    HEIGHT="51.0"></String>
          </TextLine>
        </TextBlock>
      </PrintSpace>
    </Page>
  </Layout>
</alto>
