<?xml version="1.0" encoding="UTF-8"?>
<alto xmlns:xsi="http://www.w3.org/2001/XMLSchema-instance"
      xmlns="http://www.loc.gov/standards/alto/ns-v4#"
      xsi:schemaLocation="http://www.loc.gov/standards/alto/ns-v4# http://www.loc.gov/standards/alto/v4/alto-4-2.xsd">
  <Description>
    <MeasurementUnit>pixel</MeasurementUnit>
    <sourceImageInformation>
      <fileName>1782,_Poetische_Werke,_Fleischhauer,_Bd._3,_VD18_89276881-001_Seite_247_Bild_0001.jpg</fileName>
      <fileIdentifier>mets//export_doc3216_fleischahuer_2_alto_202504271704.zip/1782,_Poetische_Werke,_Fleischhauer,_Bd._3,_VD18_89276881-001_Seite_247_Bild_0001.jpg</fileIdentifier>
    </sourceImageInformation>
  </Description>
  <Tags>
    <OtherTag ID="BT1" LABEL="Title" DESCRIPTION="block type Title"/><OtherTag ID="BT2" LABEL="Main" DESCRIPTION="block type Main"/><OtherTag ID="BT3" LABEL="Commentary" DESCRIPTION="block type Commentary"/><OtherTag ID="BT4" LABEL="Illustration" DESCRIPTION="block type Illustration"/><OtherTag ID="BT3755" LABEL="header" DESCRIPTION="block type header"/><OtherTag ID="BT3756" LABEL="paragraph" DESCRIPTION="block type paragraph"/><OtherTag ID="BT3757" LABEL="heading" DESCRIPTION="block type heading"/><OtherTag ID="BT3758" LABEL="footnote" DESCRIPTION="block type footnote"/><OtherTag ID="BT3759" LABEL="l-column" DESCRIPTION="block type l-column"/><OtherTag ID="BT3760" LABEL="r-column" DESCRIPTION="block type r-column"/><OtherTag ID="BT3761" LABEL="marginalia" DESCRIPTION="block type marginalia"/><OtherTag ID="BT4125" LABEL="drop-capital" DESCRIPTION="block type drop-capital"/><OtherTag ID="BT4126" LABEL="catch-word" DESCRIPTION="block type catch-word"/><OtherTag ID="BT4127" LABEL="page-number" DESCRIPTION="block type page-number"/><OtherTag ID="BT4128" LABEL="signature-mark" DESCRIPTION="block type signature-mark"/><OtherTag ID="BT4129" LABEL="poem_lg" DESCRIPTION="block type poem_lg"/><OtherTag ID="BT4130" LABEL="endnote" DESCRIPTION="block type endnote"/>
  </Tags>
  <Layout>
    <Page WIDTH="1156"
          HEIGHT="2033"
          PHYSICAL_IMG_NR="203"
          ID="eSc_dummypage_">
      <PrintSpace HPOS="0"
                  VPOS="0"
                  WIDTH="1156"
                  HEIGHT="2033">
        <TextBlock HPOS="181.0"
                   VPOS="123.0"
                   WIDTH="100.0"
                   HEIGHT="64.0"
                   ID="region_1720086070408_123"
                   TAGREFS="BT3756">
          <Shape><Polygon POINTS="181 143 188 187 281 177 271 123"/></Shape>
          <TextLine ID="eSc_line_74615276"
                    BASELINE="191 177 269 170" 
                    HPOS="191.0"
                    VPOS="170.0"
                    WIDTH="78.0"
                    HEIGHT="7.0">
	    <String CONTENT=""
                    HPOS="191.0"
                    VPOS="170.0"
                    WIDTH="78.0"
                    HEIGHT="7.0"></String>
          </TextLine>
        </TextBlock>
        <TextBlock HPOS="176.0"
                   VPOS="204.0"
                   WIDTH="916.0"
                   HEIGHT="75.0"
                   ID="region_1720086126824_132"
                   TAGREFS="BT3758">
          <Shape><Polygon POINTS="176 234 181 279 1092 266 1079 204 211 221"/></Shape>
          <TextLine ID="eSc_line_32950ba7"
                    BASELINE="192 262 1080 252" 
                    HPOS="192.0"
                    VPOS="252.0"
                    WIDTH="888.0"
                    HEIGHT="10.0">
	    <String CONTENT=""
                    HPOS="192.0"
                    VPOS="252.0"
                    WIDTH="888.0"
                    HEIGHT="10.0"></String>
          </TextLine>
        </TextBlock>
        <TextBlock HPOS="173.0"
                   VPOS="277.0"
                   WIDTH="916.0"
                   HEIGHT="208.0"
                   ID="region_1720086140263_135"
                   TAGREFS="BT3758">
          <Shape><Polygon POINTS="173 302 198 485 738 483 1089 426 1089 277 265 296"/></Shape>
          <TextLine ID="eSc_line_eac1529f"
                    BASELINE="195 343 1077 333" 
                    HPOS="195.0"
                    VPOS="333.0"
                    WIDTH="882.0"
                    HEIGHT="10.0">
	    <String CONTENT=""
                    HPOS="195.0"
                    VPOS="333.0"
                    WIDTH="882.0"
                    HEIGHT="10.0"></String>
          </TextLine>
          <TextLine ID="eSc_line_daa55372"
                    BASELINE="216 390 1069 378" 
                    HPOS="216.0"
                    VPOS="378.0"
                    WIDTH="853.0"
                    HEIGHT="12.0">
	    <String CONTENT=""
                    HPOS="216.0"
                    VPOS="378.0"
                    WIDTH="853.0"
                    HEIGHT="12.0"></String>
          </TextLine>
          <TextLine ID="eSc_line_a17f3718"
                    BASELINE="219 435 1070 420" 
                    HPOS="219.0"
                    VPOS="420.0"
                    WIDTH="851.0"
                    HEIGHT="15.0">
	    <String CONTENT=""
                    HPOS="219.0"
                    VPOS="420.0"
                    WIDTH="851.0"
                    HEIGHT="15.0"></String>
          </TextLine>
          <TextLine ID="eSc_line_0d5a5241"
                    BASELINE="217 477 682 476" 
                    HPOS="217.0"
                    VPOS="476.0"
                    WIDTH="465.0"
                    HEIGHT="1.0">
	    <String CONTENT=""
                    HPOS="217.0"
                    VPOS="476.0"
                    WIDTH="465.0"
                    HEIGHT="1.0"></String>
          </TextLine>
        </TextBlock>
        <TextBlock HPOS="438.0"
                   VPOS="112.0"
                   WIDTH="372.0"
                   HEIGHT="65.0"
                   ID="region_1720086079636_126"
                   TAGREFS="BT3756">
          <Shape><Polygon POINTS="449 118 438 177 810 172 804 112"/></Shape>
          <TextLine ID="eSc_line_26f64986"
                    BASELINE="445 169 802 165" 
                    HPOS="445.0"
                    VPOS="165.0"
                    WIDTH="357.0"
                    HEIGHT="4.0">
	    <String CONTENT=""
                    HPOS="445.0"
                    VPOS="165.0"
                    WIDTH="357.0"
                    HEIGHT="4.0"></String>
          </TextLine>
        </TextBlock>
        <TextBlock HPOS="170.0"
                   VPOS="499.0"
                   WIDTH="481.0"
                   HEIGHT="70.0"
                   ID="region_1720086150286_138"
                   TAGREFS="BT3758">
          <Shape><Polygon POINTS="170 517 170 569 651 559 634 499"/></Shape>
          <TextLine ID="eSc_line_d80ccf7f"
                    BASELINE="179 559 632 546" 
                    HPOS="179.0"
                    VPOS="546.0"
                    WIDTH="453.0"
                    HEIGHT="13.0">
	    <String CONTENT=""
                    HPOS="179.0"
                    VPOS="546.0"
                    WIDTH="453.0"
                    HEIGHT="13.0"></String>
          </TextLine>
        </TextBlock>
        <TextBlock HPOS="175.0"
                   VPOS="566.0"
                   WIDTH="904.0"
                   HEIGHT="116.0"
                   ID="region_1720086162729_141"
                   TAGREFS="BT3758">
          <Shape><Polygon POINTS="175 592 205 678 366 682 1079 632 1074 566 242 583"/></Shape>
          <TextLine ID="eSc_line_2ea33239"
                    BASELINE="195 629 1052 619" 
                    HPOS="195.0"
                    VPOS="619.0"
                    WIDTH="857.0"
                    HEIGHT="10.0">
	    <String CONTENT=""
                    HPOS="195.0"
                    VPOS="619.0"
                    WIDTH="857.0"
                    HEIGHT="10.0"></String>
          </TextLine>
          <TextLine ID="eSc_line_0b11607c"
                    BASELINE="223 667 320 671" 
                    HPOS="223.0"
                    VPOS="667.0"
                    WIDTH="97.0"
                    HEIGHT="4.0">
	    <String CONTENT=""
                    HPOS="223.0"
                    VPOS="667.0"
                    WIDTH="97.0"
                    HEIGHT="4.0"></String>
          </TextLine>
        </TextBlock>
        <TextBlock HPOS="173.0"
                   VPOS="686.0"
                   WIDTH="907.0"
                   HEIGHT="265.0"
                   ID="region_1720086184770_144"
                   TAGREFS="BT3758">
          <Shape><Polygon POINTS="173 707 182 951 1074 926 1080 686 351 703"/></Shape>
          <TextLine ID="eSc_line_5edf233a"
                    BASELINE="185 745 1070 740" 
                    HPOS="185.0"
                    VPOS="740.0"
                    WIDTH="885.0"
                    HEIGHT="5.0">
	    <String CONTENT=""
                    HPOS="185.0"
                    VPOS="740.0"
                    WIDTH="885.0"
                    HEIGHT="5.0"></String>
          </TextLine>
          <TextLine ID="eSc_line_0cdcc665"
                    BASELINE="217 798 1065 787" 
                    HPOS="217.0"
                    VPOS="787.0"
                    WIDTH="848.0"
                    HEIGHT="11.0">
	    <String CONTENT=""
                    HPOS="217.0"
                    VPOS="787.0"
                    WIDTH="848.0"
                    HEIGHT="11.0"></String>
          </TextLine>
          <TextLine ID="eSc_line_e714eea1"
                    BASELINE="215 838 1072 836" 
                    HPOS="215.0"
                    VPOS="836.0"
                    WIDTH="857.0"
                    HEIGHT="2.0">
	    <String CONTENT=""
                    HPOS="215.0"
                    VPOS="836.0"
                    WIDTH="857.0"
                    HEIGHT="2.0"></String>
          </TextLine>
          <TextLine ID="eSc_line_d2b79ebe"
                    BASELINE="220 885 1067 885" 
                    HPOS="220.0"
                    VPOS="885.0"
                    WIDTH="847.0"
                    HEIGHT="0.0">
	    <String CONTENT=""
                    HPOS="220.0"
                    VPOS="885.0"
                    WIDTH="847.0"
                    HEIGHT="0.0"></String>
          </TextLine>
          <TextLine ID="eSc_line_5e863595"
                    BASELINE="221 937 306 930" 
                    HPOS="221.0"
                    VPOS="930.0"
                    WIDTH="85.0"
                    HEIGHT="7.0">
	    <String CONTENT=""
                    HPOS="221.0"
                    VPOS="930.0"
                    WIDTH="85.0"
                    HEIGHT="7.0"></String>
          </TextLine>
        </TextBlock>
        <TextBlock HPOS="307.0"
                   VPOS="954.0"
                   WIDTH="708.0"
                   HEIGHT="223.0"
                   ID="region_1720086199578_147"
                   TAGREFS="BT3758">
          <Shape><Polygon POINTS="315 973 307 1121 629 1131 657 1168 1009 1177 1015 954 395 961"/></Shape>
          <TextLine ID="eSc_line_f426f285"
                    BASELINE="324 1000 783 1006" 
                    HPOS="324.0"
                    VPOS="1000.0"
                    WIDTH="459.0"
                    HEIGHT="6.0">
	    <String CONTENT=""
                    HPOS="324.0"
                    VPOS="1000.0"
                    WIDTH="459.0"
                    HEIGHT="6.0"></String>
          </TextLine>
          <TextLine ID="eSc_line_3544eefe"
                    BASELINE="319 1049 731 1053" 
                    HPOS="319.0"
                    VPOS="1049.0"
                    WIDTH="412.0"
                    HEIGHT="4.0">
	    <String CONTENT=""
                    HPOS="319.0"
                    VPOS="1049.0"
                    WIDTH="412.0"
                    HEIGHT="4.0"></String>
          </TextLine>
          <TextLine ID="eSc_line_b8ca0ab0"
                    BASELINE="316 1098 884 1094" 
                    HPOS="316.0"
                    VPOS="1094.0"
                    WIDTH="568.0"
                    HEIGHT="4.0">
	    <String CONTENT=""
                    HPOS="316.0"
                    VPOS="1094.0"
                    WIDTH="568.0"
                    HEIGHT="4.0"></String>
          </TextLine>
          <TextLine ID="eSc_line_4e9b04eb"
                    BASELINE="661 1158 1001 1162" 
                    HPOS="661.0"
                    VPOS="1158.0"
                    WIDTH="340.0"
                    HEIGHT="4.0">
	    <String CONTENT=""
                    HPOS="661.0"
                    VPOS="1158.0"
                    WIDTH="340.0"
                    HEIGHT="4.0"></String>
          </TextLine>
        </TextBlock>
        <TextBlock HPOS="173.0"
                   VPOS="1186.0"
                   WIDTH="917.0"
                   HEIGHT="169.0"
                   ID="region_1720086214412_150"
                   TAGREFS="BT3758">
          <Shape><Polygon POINTS="173 1199 174 1355 465 1343 507 1318 1090 1298 1077 1186"/></Shape>
          <TextLine ID="eSc_line_e4e92b99"
                    BASELINE="187 1247 1070 1238" 
                    HPOS="187.0"
                    VPOS="1238.0"
                    WIDTH="883.0"
                    HEIGHT="9.0">
	    <String CONTENT=""
                    HPOS="187.0"
                    VPOS="1238.0"
                    WIDTH="883.0"
                    HEIGHT="9.0"></String>
          </TextLine>
          <TextLine ID="eSc_line_6aee904e"
                    BASELINE="208 1289 1060 1284" 
                    HPOS="208.0"
                    VPOS="1284.0"
                    WIDTH="852.0"
                    HEIGHT="5.0">
	    <String CONTENT=""
                    HPOS="208.0"
                    VPOS="1284.0"
                    WIDTH="852.0"
                    HEIGHT="5.0"></String>
          </TextLine>
          <TextLine ID="eSc_line_7145d381"
                    BASELINE="217 1341 425 1332" 
                    HPOS="217.0"
                    VPOS="1332.0"
                    WIDTH="208.0"
                    HEIGHT="9.0">
	    <String CONTENT=""
                    HPOS="217.0"
                    VPOS="1332.0"
                    WIDTH="208.0"
                    HEIGHT="9.0"></String>
          </TextLine>
        </TextBlock>
        <TextBlock HPOS="231.0"
                   VPOS="1351.0"
                   WIDTH="838.0"
                   HEIGHT="276.0"
                   ID="region_1720086227749_153"
                   TAGREFS="BT3758">
          <Shape><Polygon POINTS="239 1372 231 1570 662 1627 1069 1621 1055 1351"/></Shape>
          <TextLine ID="eSc_line_ef82e1a0"
                    BASELINE="250 1409 941 1414" 
                    HPOS="250.0"
                    VPOS="1409.0"
                    WIDTH="691.0"
                    HEIGHT="5.0">
	    <String CONTENT=""
                    HPOS="250.0"
                    VPOS="1409.0"
                    WIDTH="691.0"
                    HEIGHT="5.0"></String>
          </TextLine>
          <TextLine ID="eSc_line_22e27f16"
                    BASELINE="250 1455 916 1453" 
                    HPOS="250.0"
                    VPOS="1453.0"
                    WIDTH="666.0"
                    HEIGHT="2.0">
	    <String CONTENT=""
                    HPOS="250.0"
                    VPOS="1453.0"
                    WIDTH="666.0"
                    HEIGHT="2.0"></String>
          </TextLine>
          <TextLine ID="eSc_line_8b9369ad"
                    BASELINE="248 1512 1030 1506" 
                    HPOS="248.0"
                    VPOS="1506.0"
                    WIDTH="782.0"
                    HEIGHT="6.0">
	    <String CONTENT=""
                    HPOS="248.0"
                    VPOS="1506.0"
                    WIDTH="782.0"
                    HEIGHT="6.0"></String>
          </TextLine>
          <TextLine ID="eSc_line_92f65f77"
                    BASELINE="252 1553 594 1549" 
                    HPOS="252.0"
                    VPOS="1549.0"
                    WIDTH="342.0"
                    HEIGHT="4.0">
	    <String CONTENT=""
                    HPOS="252.0"
                    VPOS="1549.0"
                    WIDTH="342.0"
                    HEIGHT="4.0"></String>
          </TextLine>
          <TextLine ID="eSc_line_74766fb4"
                    BASELINE="598 1608 1007 1612" 
                    HPOS="598.0"
                    VPOS="1608.0"
                    WIDTH="409.0"
                    HEIGHT="4.0">
	    <String CONTENT=""
                    HPOS="598.0"
                    VPOS="1608.0"
                    WIDTH="409.0"
                    HEIGHT="4.0"></String>
          </TextLine>
        </TextBlock>
        <TextBlock HPOS="886.0"
                   VPOS="1767.0"
                   WIDTH="203.0"
                   HEIGHT="91.0"
                   ID="region_1720086278615_163"
                   TAGREFS="BT3756">
          <Shape><Polygon POINTS="886 1767 888 1858 1089 1845 1084 1767"/></Shape>
          <TextLine ID="eSc_line_489c6965"
                    BASELINE="897 1833 1068 1833" 
                    HPOS="897.0"
                    VPOS="1833.0"
                    WIDTH="171.0"
                    HEIGHT="0.0">
	    <String CONTENT=""
                    HPOS="897.0"
                    VPOS="1833.0"
                    WIDTH="171.0"
                    HEIGHT="0.0"></String>
          </TextLine>
        </TextBlock>
      </PrintSpace>
    </Page>
  </Layout>
</alto>
