<?xml version="1.0" encoding="UTF-8"?>
<alto xmlns:xsi="http://www.w3.org/2001/XMLSchema-instance"
      xmlns="http://www.loc.gov/standards/alto/ns-v4#"
      xsi:schemaLocation="http://www.loc.gov/standards/alto/ns-v4# http://www.loc.gov/standards/alto/v4/alto-4-2.xsd">
  <Description>
    <MeasurementUnit>pixel</MeasurementUnit>
    <sourceImageInformation>
      <fileName>1782,_Poetische_Werke,_Fleischhauer,_Bd._1,_VD18_89276865-001_Seite_184_Bild_0001.jpg</fileName>
      <fileIdentifier>mets//export_doc3216_fleischahuer_2_alto_202504271704.zip/1782,_Poetische_Werke,_Fleischhauer,_Bd._1,_VD18_89276865-001_Seite_184_Bild_0001.jpg</fileIdentifier>
    </sourceImageInformation>
  </Description>
  <Tags>
    <OtherTag ID="BT1" LABEL="Title" DESCRIPTION="block type Title"/><OtherTag ID="BT2" LABEL="Main" DESCRIPTION="block type Main"/><OtherTag ID="BT3" LABEL="Commentary" DESCRIPTION="block type Commentary"/><OtherTag ID="BT4" LABEL="Illustration" DESCRIPTION="block type Illustration"/><OtherTag ID="BT3755" LABEL="header" DESCRIPTION="block type header"/><OtherTag ID="BT3756" LABEL="paragraph" DESCRIPTION="block type paragraph"/><OtherTag ID="BT3757" LABEL="heading" DESCRIPTION="block type heading"/><OtherTag ID="BT3758" LABEL="footnote" DESCRIPTION="block type footnote"/><OtherTag ID="BT3759" LABEL="l-column" DESCRIPTION="block type l-column"/><OtherTag ID="BT3760" LABEL="r-column" DESCRIPTION="block type r-column"/><OtherTag ID="BT3761" LABEL="marginalia" DESCRIPTION="block type marginalia"/><OtherTag ID="BT4125" LABEL="drop-capital" DESCRIPTION="block type drop-capital"/><OtherTag ID="BT4126" LABEL="catch-word" DESCRIPTION="block type catch-word"/><OtherTag ID="BT4127" LABEL="page-number" DESCRIPTION="block type page-number"/><OtherTag ID="BT4128" LABEL="signature-mark" DESCRIPTION="block type signature-mark"/><OtherTag ID="BT4129" LABEL="poem_lg" DESCRIPTION="block type poem_lg"/><OtherTag ID="BT4130" LABEL="endnote" DESCRIPTION="block type endnote"/>
  </Tags>
  <Layout>
    <Page WIDTH="1192"
          HEIGHT="2044"
          PHYSICAL_IMG_NR="186"
          ID="eSc_dummypage_">
      <PrintSpace HPOS="0"
                  VPOS="0"
                  WIDTH="1192"
                  HEIGHT="2044">
        <TextBlock HPOS="130.0"
                   VPOS="224.0"
                   WIDTH="878.0"
                   HEIGHT="171.0"
                   ID="region_1721149802020_325"
                   TAGREFS="BT3758">
          <Shape><Polygon POINTS="130 224 137 367 1008 395 993 252"/></Shape>
          <TextLine ID="eSc_line_818af877"
                    BASELINE="154 293 825 289" 
                    HPOS="154.0"
                    VPOS="289.0"
                    WIDTH="671.0"
                    HEIGHT="4.0">
	    <String CONTENT=""
                    HPOS="154.0"
                    VPOS="289.0"
                    WIDTH="671.0"
                    HEIGHT="4.0"></String>
          </TextLine>
          <TextLine ID="eSc_line_78e2d9d8"
                    BASELINE="214 332 978 343" 
                    HPOS="214.0"
                    VPOS="332.0"
                    WIDTH="764.0"
                    HEIGHT="11.0">
	    <String CONTENT=""
                    HPOS="214.0"
                    VPOS="332.0"
                    WIDTH="764.0"
                    HEIGHT="11.0"></String>
          </TextLine>
          <TextLine ID="eSc_line_5eca6fb0"
                    BASELINE="663 377 946 389" 
                    HPOS="663.0"
                    VPOS="377.0"
                    WIDTH="283.0"
                    HEIGHT="12.0">
	    <String CONTENT=""
                    HPOS="663.0"
                    VPOS="377.0"
                    WIDTH="283.0"
                    HEIGHT="12.0"></String>
          </TextLine>
        </TextBlock>
        <TextBlock HPOS="361.0"
                   VPOS="139.0"
                   WIDTH="442.0"
                   HEIGHT="76.0"
                   ID="region_1721149794314_322"
                   TAGREFS="BT3756">
          <Shape><Polygon POINTS="361 139 375 200 803 215 802 150"/></Shape>
          <TextLine ID="eSc_line_79b14753"
                    BASELINE="383 191 788 205" 
                    HPOS="383.0"
                    VPOS="191.0"
                    WIDTH="405.0"
                    HEIGHT="14.0">
	    <String CONTENT=""
                    HPOS="383.0"
                    VPOS="191.0"
                    WIDTH="405.0"
                    HEIGHT="14.0"></String>
          </TextLine>
        </TextBlock>
        <TextBlock HPOS="132.0"
                   VPOS="398.0"
                   WIDTH="894.0"
                   HEIGHT="350.0"
                   ID="region_1721149819639_328"
                   TAGREFS="BT3758">
          <Shape><Polygon POINTS="132 398 146 745 1026 748 1024 415"/></Shape>
          <TextLine ID="eSc_line_5297af7b"
                    BASELINE="149 460 228 452 991 459" 
                    HPOS="149.0"
                    VPOS="452.0"
                    WIDTH="842.0"
                    HEIGHT="8.0">
	    <String CONTENT=""
                    HPOS="149.0"
                    VPOS="452.0"
                    WIDTH="842.0"
                    HEIGHT="8.0"></String>
          </TextLine>
          <TextLine ID="eSc_line_100a2a1f"
                    BASELINE="212 499 878 506" 
                    HPOS="212.0"
                    VPOS="499.0"
                    WIDTH="666.0"
                    HEIGHT="7.0">
	    <String CONTENT=""
                    HPOS="212.0"
                    VPOS="499.0"
                    WIDTH="666.0"
                    HEIGHT="7.0"></String>
          </TextLine>
          <TextLine ID="eSc_line_01c7bb7d"
                    BASELINE="211 543 928 552" 
                    HPOS="211.0"
                    VPOS="543.0"
                    WIDTH="717.0"
                    HEIGHT="9.0">
	    <String CONTENT=""
                    HPOS="211.0"
                    VPOS="543.0"
                    WIDTH="717.0"
                    HEIGHT="9.0"></String>
          </TextLine>
          <TextLine ID="eSc_line_63ebe504"
                    BASELINE="216 587 839 598" 
                    HPOS="216.0"
                    VPOS="587.0"
                    WIDTH="623.0"
                    HEIGHT="11.0">
	    <String CONTENT=""
                    HPOS="216.0"
                    VPOS="587.0"
                    WIDTH="623.0"
                    HEIGHT="11.0"></String>
          </TextLine>
          <TextLine ID="eSc_line_45abb916"
                    BASELINE="212 637 874 641" 
                    HPOS="212.0"
                    VPOS="637.0"
                    WIDTH="662.0"
                    HEIGHT="4.0">
	    <String CONTENT=""
                    HPOS="212.0"
                    VPOS="637.0"
                    WIDTH="662.0"
                    HEIGHT="4.0"></String>
          </TextLine>
          <TextLine ID="eSc_line_3647ff57"
                    BASELINE="214 682 508 687" 
                    HPOS="214.0"
                    VPOS="682.0"
                    WIDTH="294.0"
                    HEIGHT="5.0">
	    <String CONTENT=""
                    HPOS="214.0"
                    VPOS="682.0"
                    WIDTH="294.0"
                    HEIGHT="5.0"></String>
          </TextLine>
          <TextLine ID="eSc_line_d7345d51"
                    BASELINE="409 732 987 736" 
                    HPOS="409.0"
                    VPOS="732.0"
                    WIDTH="578.0"
                    HEIGHT="4.0">
	    <String CONTENT=""
                    HPOS="409.0"
                    VPOS="732.0"
                    WIDTH="578.0"
                    HEIGHT="4.0"></String>
          </TextLine>
        </TextBlock>
        <TextBlock HPOS="189.0"
                   VPOS="761.0"
                   WIDTH="780.0"
                   HEIGHT="158.0"
                   ID="region_1721149838003_331"
                   TAGREFS="BT3758">
          <Shape><Polygon POINTS="189 778 201 884 628 891 676 915 969 919 947 770 612 761 592 790"/></Shape>
          <TextLine ID="eSc_line_c315031e"
                    BASELINE="614 810 867 814" 
                    HPOS="614.0"
                    VPOS="810.0"
                    WIDTH="253.0"
                    HEIGHT="4.0">
	    <String CONTENT=""
                    HPOS="614.0"
                    VPOS="810.0"
                    WIDTH="253.0"
                    HEIGHT="4.0"></String>
          </TextLine>
          <TextLine ID="eSc_line_e553a89b"
                    BASELINE="212 853 872 860" 
                    HPOS="212.0"
                    VPOS="853.0"
                    WIDTH="660.0"
                    HEIGHT="7.0">
	    <String CONTENT=""
                    HPOS="212.0"
                    VPOS="853.0"
                    WIDTH="660.0"
                    HEIGHT="7.0"></String>
          </TextLine>
          <TextLine ID="eSc_line_bc0bf495"
                    BASELINE="659 902 950 907" 
                    HPOS="659.0"
                    VPOS="902.0"
                    WIDTH="291.0"
                    HEIGHT="5.0">
	    <String CONTENT=""
                    HPOS="659.0"
                    VPOS="902.0"
                    WIDTH="291.0"
                    HEIGHT="5.0"></String>
          </TextLine>
        </TextBlock>
        <TextBlock HPOS="114.0"
                   VPOS="924.0"
                   WIDTH="877.0"
                   HEIGHT="162.0"
                   ID="region_1721149850939_334"
                   TAGREFS="BT3758">
          <Shape><Polygon POINTS="114 928 133 1068 991 1086 935 930 298 924"/></Shape>
          <TextLine ID="eSc_line_b03ec389"
                    BASELINE="151 972 915 980" 
                    HPOS="151.0"
                    VPOS="972.0"
                    WIDTH="764.0"
                    HEIGHT="8.0">
	    <String CONTENT=""
                    HPOS="151.0"
                    VPOS="972.0"
                    WIDTH="764.0"
                    HEIGHT="8.0"></String>
          </TextLine>
          <TextLine ID="eSc_line_40a34c5b"
                    BASELINE="213 1020 898 1030" 
                    HPOS="213.0"
                    VPOS="1020.0"
                    WIDTH="685.0"
                    HEIGHT="10.0">
	    <String CONTENT=""
                    HPOS="213.0"
                    VPOS="1020.0"
                    WIDTH="685.0"
                    HEIGHT="10.0"></String>
          </TextLine>
          <TextLine ID="eSc_line_a23c8fea"
                    BASELINE="823 1072 952 1077" 
                    HPOS="823.0"
                    VPOS="1072.0"
                    WIDTH="129.0"
                    HEIGHT="5.0">
	    <String CONTENT=""
                    HPOS="823.0"
                    VPOS="1072.0"
                    WIDTH="129.0"
                    HEIGHT="5.0"></String>
          </TextLine>
        </TextBlock>
        <TextBlock HPOS="930.0"
                   VPOS="156.0"
                   WIDTH="91.0"
                   HEIGHT="67.0"
                   ID="region_1721149785119_319"
                   TAGREFS="BT3756">
          <Shape><Polygon POINTS="930 156 931 213 1017 223 1021 162"/></Shape>
          <TextLine ID="eSc_line_55746fb0"
                    BASELINE="938 202 1021 203" 
                    HPOS="938.0"
                    VPOS="202.0"
                    WIDTH="83.0"
                    HEIGHT="1.0">
	    <String CONTENT=""
                    HPOS="938.0"
                    VPOS="202.0"
                    WIDTH="83.0"
                    HEIGHT="1.0"></String>
          </TextLine>
        </TextBlock>
        <TextBlock HPOS="165.0"
                   VPOS="1090.0"
                   WIDTH="886.0"
                   HEIGHT="338.0"
                   ID="region_1721149862234_337"
                   TAGREFS="BT3758">
          <Shape><Polygon POINTS="165 1103 173 1428 1051 1423 1038 1098 366 1090"/></Shape>
          <TextLine ID="eSc_line_b2f258c1"
                    BASELINE="213 1145 1023 1152" 
                    HPOS="213.0"
                    VPOS="1145.0"
                    WIDTH="810.0"
                    HEIGHT="7.0">
	    <String CONTENT=""
                    HPOS="213.0"
                    VPOS="1145.0"
                    WIDTH="810.0"
                    HEIGHT="7.0"></String>
          </TextLine>
          <TextLine ID="eSc_line_db7e236d"
                    BASELINE="190 1191 1019 1193" 
                    HPOS="190.0"
                    VPOS="1191.0"
                    WIDTH="829.0"
                    HEIGHT="2.0">
	    <String CONTENT=""
                    HPOS="190.0"
                    VPOS="1191.0"
                    WIDTH="829.0"
                    HEIGHT="2.0"></String>
          </TextLine>
          <TextLine ID="eSc_line_63a451de"
                    BASELINE="180 1240 1025 1247" 
                    HPOS="180.0"
                    VPOS="1240.0"
                    WIDTH="845.0"
                    HEIGHT="7.0">
	    <String CONTENT=""
                    HPOS="180.0"
                    VPOS="1240.0"
                    WIDTH="845.0"
                    HEIGHT="7.0"></String>
          </TextLine>
          <TextLine ID="eSc_line_08bbf053"
                    BASELINE="192 1285 1014 1295" 
                    HPOS="192.0"
                    VPOS="1285.0"
                    WIDTH="822.0"
                    HEIGHT="10.0">
	    <String CONTENT=""
                    HPOS="192.0"
                    VPOS="1285.0"
                    WIDTH="822.0"
                    HEIGHT="10.0"></String>
          </TextLine>
          <TextLine ID="eSc_line_28027a1b"
                    BASELINE="185 1335 1025 1331" 
                    HPOS="185.0"
                    VPOS="1331.0"
                    WIDTH="840.0"
                    HEIGHT="4.0">
	    <String CONTENT=""
                    HPOS="185.0"
                    VPOS="1331.0"
                    WIDTH="840.0"
                    HEIGHT="4.0"></String>
          </TextLine>
          <TextLine ID="eSc_line_ba438312"
                    BASELINE="189 1381 1017 1379" 
                    HPOS="189.0"
                    VPOS="1379.0"
                    WIDTH="828.0"
                    HEIGHT="2.0">
	    <String CONTENT=""
                    HPOS="189.0"
                    VPOS="1379.0"
                    WIDTH="828.0"
                    HEIGHT="2.0"></String>
          </TextLine>
          <TextLine ID="eSc_line_00334114"
                    BASELINE="184 1419 415 1419" 
                    HPOS="184.0"
                    VPOS="1419.0"
                    WIDTH="231.0"
                    HEIGHT="0.0">
	    <String CONTENT=""
                    HPOS="184.0"
                    VPOS="1419.0"
                    WIDTH="231.0"
                    HEIGHT="0.0"></String>
          </TextLine>
        </TextBlock>
        <TextBlock HPOS="143.0"
                   VPOS="1455.0"
                   WIDTH="853.0"
                   HEIGHT="193.0"
                   ID="region_1721149869272_340"
                   TAGREFS="BT3758">
          <Shape><Polygon POINTS="143 1455 151 1641 996 1648 956 1455"/></Shape>
          <TextLine ID="eSc_line_d0b58c55"
                    BASELINE="156 1506 906 1507" 
                    HPOS="156.0"
                    VPOS="1506.0"
                    WIDTH="750.0"
                    HEIGHT="1.0">
	    <String CONTENT=""
                    HPOS="156.0"
                    VPOS="1506.0"
                    WIDTH="750.0"
                    HEIGHT="1.0"></String>
          </TextLine>
          <TextLine ID="eSc_line_0fe98296"
                    BASELINE="223 1548 797 1552" 
                    HPOS="223.0"
                    VPOS="1548.0"
                    WIDTH="574.0"
                    HEIGHT="4.0">
	    <String CONTENT=""
                    HPOS="223.0"
                    VPOS="1548.0"
                    WIDTH="574.0"
                    HEIGHT="4.0"></String>
          </TextLine>
          <TextLine ID="eSc_line_6ebf770d"
                    BASELINE="486 1595 719 1595" 
                    HPOS="486.0"
                    VPOS="1595.0"
                    WIDTH="233.0"
                    HEIGHT="0.0">
	    <String CONTENT=""
                    HPOS="486.0"
                    VPOS="1595.0"
                    WIDTH="233.0"
                    HEIGHT="0.0"></String>
          </TextLine>
          <TextLine ID="eSc_line_9e6a11fc"
                    BASELINE="472 1636 959 1644" 
                    HPOS="472.0"
                    VPOS="1636.0"
                    WIDTH="487.0"
                    HEIGHT="8.0">
	    <String CONTENT=""
                    HPOS="472.0"
                    VPOS="1636.0"
                    WIDTH="487.0"
                    HEIGHT="8.0"></String>
          </TextLine>
        </TextBlock>
        <TextBlock HPOS="146.0"
                   VPOS="1660.0"
                   WIDTH="825.0"
                   HEIGHT="121.0"
                   ID="region_1721149874714_343"
                   TAGREFS="BT3758">
          <Shape><Polygon POINTS="146 1660 148 1781 971 1781 938 1678"/></Shape>
          <TextLine ID="eSc_line_325af57c"
                    BASELINE="167 1723 946 1720" 
                    HPOS="167.0"
                    VPOS="1720.0"
                    WIDTH="779.0"
                    HEIGHT="3.0">
	    <String CONTENT=""
                    HPOS="167.0"
                    VPOS="1720.0"
                    WIDTH="779.0"
                    HEIGHT="3.0"></String>
          </TextLine>
          <TextLine ID="eSc_line_e5a8894b"
                    BASELINE="225 1766 955 1770" 
                    HPOS="225.0"
                    VPOS="1766.0"
                    WIDTH="730.0"
                    HEIGHT="4.0">
	    <String CONTENT=""
                    HPOS="225.0"
                    VPOS="1766.0"
                    WIDTH="730.0"
                    HEIGHT="4.0"></String>
          </TextLine>
        </TextBlock>
        <TextBlock HPOS="570.0"
                   VPOS="1815.0"
                   WIDTH="100.0"
                   HEIGHT="53.0"
                   ID="region_1721149918752_346"
                   TAGREFS="BT3756">
          <Shape><Polygon POINTS="570 1817 572 1860 670 1868 660 1815"/></Shape>
          <TextLine ID="eSc_line_53132074"
                    BASELINE="584 1854 659 1852" 
                    HPOS="584.0"
                    VPOS="1852.0"
                    WIDTH="75.0"
                    HEIGHT="2.0">
	    <String CONTENT=""
                    HPOS="584.0"
                    VPOS="1852.0"
                    WIDTH="75.0"
                    HEIGHT="2.0"></String>
          </TextLine>
        </TextBlock>
        <TextBlock HPOS="942.0"
                   VPOS="1809.0"
                   WIDTH="101.0"
                   HEIGHT="74.0"
                   ID="region_1721149923295_349"
                   TAGREFS="BT3756">
          <Shape><Polygon POINTS="942 1813 942 1883 1043 1882 1038 1809"/></Shape>
          <TextLine ID="eSc_line_f0a1e3a8"
                    BASELINE="954 1868 1025 1861" 
                    HPOS="954.0"
                    VPOS="1861.0"
                    WIDTH="71.0"
                    HEIGHT="7.0">
	    <String CONTENT=""
                    HPOS="954.0"
                    VPOS="1861.0"
                    WIDTH="71.0"
                    HEIGHT="7.0"></String>
          </TextLine>
        </TextBlock>
      </PrintSpace>
    </Page>
  </Layout>
</alto>
