<?xml version="1.0" encoding="UTF-8"?>
<alto xmlns:xsi="http://www.w3.org/2001/XMLSchema-instance"
      xmlns="http://www.loc.gov/standards/alto/ns-v4#"
      xsi:schemaLocation="http://www.loc.gov/standards/alto/ns-v4# http://www.loc.gov/standards/alto/v4/alto-4-2.xsd">
  <Description>
    <MeasurementUnit>pixel</MeasurementUnit>
    <sourceImageInformation>
      <fileName>0012.jpg</fileName>
    </sourceImageInformation>
  </Description>
  <Tags>
    <OtherTag ID="BT1" LABEL="Title" DESCRIPTION="block type Title"/><OtherTag ID="BT2" LABEL="Main" DESCRIPTION="block type Main"/><OtherTag ID="BT3" LABEL="Commentary" DESCRIPTION="block type Commentary"/><OtherTag ID="BT4" LABEL="Illustration" DESCRIPTION="block type Illustration"/><OtherTag ID="BT3208" LABEL="heading" DESCRIPTION="block type heading"/><OtherTag ID="BT3209" LABEL="header" DESCRIPTION="block type header"/><OtherTag ID="BT3210" LABEL="paragraph" DESCRIPTION="block type paragraph"/><OtherTag ID="BT3211" LABEL="l-column" DESCRIPTION="block type l-column"/><OtherTag ID="BT3212" LABEL="r-column" DESCRIPTION="block type r-column"/><OtherTag ID="BT3213" LABEL="footnote" DESCRIPTION="block type footnote"/><OtherTag ID="BT3214" LABEL="marginalia" DESCRIPTION="block type marginalia"/><OtherTag ID="BT3215" LABEL="catch-word" DESCRIPTION="block type catch-word"/><OtherTag ID="BT3216" LABEL="column" DESCRIPTION="block type column"/>
  </Tags>
  <Layout>
    <Page WIDTH="682"
          HEIGHT="1079"
          PHYSICAL_IMG_NR="14"
          ID="eSc_dummypage_">
      <PrintSpace HPOS="0"
                  VPOS="0"
                  WIDTH="682"
                  HEIGHT="1079">
        <TextBlock HPOS="115"
                   VPOS="98"
                   WIDTH="56"
                   HEIGHT="36"
                   ID="region_1718377882694_37"
                   TAGREFS="BT3208">
          <Shape><Polygon POINTS="171 134 129 134 115 98 171 100"/></Shape>
          <TextLine ID="eSc_line_12bbf0df"
                    BASELINE="141 131 149 131 167 130" 
                    HPOS="141"
                    VPOS="130"
                    WIDTH="26"
                    HEIGHT="1">
	    <String CONTENT=""
                    HPOS="141"
                    VPOS="130"
                    WIDTH="26"
                    HEIGHT="1"></String>
          </TextLine>
        </TextBlock>
        <TextBlock HPOS="125"
                   VPOS="141"
                   WIDTH="511"
                   HEIGHT="631"
                   ID="region_1718377893837_43"
                   TAGREFS="BT3210">
          <Shape><Polygon POINTS="636 765 136 772 125 141 624 141"/></Shape>
          <TextLine ID="eSc_line_4449f735"
                    BASELINE="140 178 618 171" 
                    HPOS="140"
                    VPOS="171"
                    WIDTH="478"
                    HEIGHT="7">
	    <String CONTENT=""
                    HPOS="140"
                    VPOS="171"
                    WIDTH="478"
                    HEIGHT="7"></String>
          </TextLine>
          <TextLine ID="eSc_line_800d7f27"
                    BASELINE="140 206 620 198" 
                    HPOS="140"
                    VPOS="198"
                    WIDTH="480"
                    HEIGHT="8">
	    <String CONTENT=""
                    HPOS="140"
                    VPOS="198"
                    WIDTH="480"
                    HEIGHT="8"></String>
          </TextLine>
          <TextLine ID="eSc_line_7d1364c4"
                    BASELINE="142 235 337 231" 
                    HPOS="142"
                    VPOS="231"
                    WIDTH="195"
                    HEIGHT="4">
	    <String CONTENT=""
                    HPOS="142"
                    VPOS="231"
                    WIDTH="195"
                    HEIGHT="4"></String>
          </TextLine>
          <TextLine ID="eSc_line_afb01b9e"
                    BASELINE="184 274 619 267" 
                    HPOS="184"
                    VPOS="267"
                    WIDTH="435"
                    HEIGHT="7">
	    <String CONTENT=""
                    HPOS="184"
                    VPOS="267"
                    WIDTH="435"
                    HEIGHT="7"></String>
          </TextLine>
          <TextLine ID="eSc_line_95b846d9"
                    BASELINE="140 303 622 294" 
                    HPOS="140"
                    VPOS="294"
                    WIDTH="482"
                    HEIGHT="9">
	    <String CONTENT=""
                    HPOS="140"
                    VPOS="294"
                    WIDTH="482"
                    HEIGHT="9"></String>
          </TextLine>
          <TextLine ID="eSc_line_946d6837"
                    BASELINE="139 333 618 321" 
                    HPOS="139"
                    VPOS="321"
                    WIDTH="479"
                    HEIGHT="12">
	    <String CONTENT=""
                    HPOS="139"
                    VPOS="321"
                    WIDTH="479"
                    HEIGHT="12"></String>
          </TextLine>
          <TextLine ID="eSc_line_555f811c"
                    BASELINE="140 362 405 351" 
                    HPOS="140"
                    VPOS="351"
                    WIDTH="265"
                    HEIGHT="11">
	    <String CONTENT=""
                    HPOS="140"
                    VPOS="351"
                    WIDTH="265"
                    HEIGHT="11"></String>
          </TextLine>
          <TextLine ID="eSc_line_19cae0d7"
                    BASELINE="179 396 622 387" 
                    HPOS="179"
                    VPOS="387"
                    WIDTH="443"
                    HEIGHT="9">
	    <String CONTENT=""
                    HPOS="179"
                    VPOS="387"
                    WIDTH="443"
                    HEIGHT="9"></String>
          </TextLine>
          <TextLine ID="eSc_line_380d05e8"
                    BASELINE="140 427 620 418" 
                    HPOS="140"
                    VPOS="418"
                    WIDTH="480"
                    HEIGHT="9">
	    <String CONTENT=""
                    HPOS="140"
                    VPOS="418"
                    WIDTH="480"
                    HEIGHT="9"></String>
          </TextLine>
          <TextLine ID="eSc_line_ea832eec"
                    BASELINE="139 452 623 446" 
                    HPOS="139"
                    VPOS="446"
                    WIDTH="484"
                    HEIGHT="6">
	    <String CONTENT=""
                    HPOS="139"
                    VPOS="446"
                    WIDTH="484"
                    HEIGHT="6"></String>
          </TextLine>
          <TextLine ID="eSc_line_ab481d3f"
                    BASELINE="141 483 624 472" 
                    HPOS="141"
                    VPOS="472"
                    WIDTH="483"
                    HEIGHT="11">
	    <String CONTENT=""
                    HPOS="141"
                    VPOS="472"
                    WIDTH="483"
                    HEIGHT="11"></String>
          </TextLine>
          <TextLine ID="eSc_line_3a9235ca"
                    BASELINE="141 510 624 499" 
                    HPOS="141"
                    VPOS="499"
                    WIDTH="483"
                    HEIGHT="11">
	    <String CONTENT=""
                    HPOS="141"
                    VPOS="499"
                    WIDTH="483"
                    HEIGHT="11"></String>
          </TextLine>
          <TextLine ID="eSc_line_04bdf173"
                    BASELINE="139 539 625 528" 
                    HPOS="139"
                    VPOS="528"
                    WIDTH="486"
                    HEIGHT="11">
	    <String CONTENT=""
                    HPOS="139"
                    VPOS="528"
                    WIDTH="486"
                    HEIGHT="11"></String>
          </TextLine>
          <TextLine ID="eSc_line_69d0c1d1"
                    BASELINE="142 564 625 557" 
                    HPOS="142"
                    VPOS="557"
                    WIDTH="483"
                    HEIGHT="7">
	    <String CONTENT=""
                    HPOS="142"
                    VPOS="557"
                    WIDTH="483"
                    HEIGHT="7"></String>
          </TextLine>
          <TextLine ID="eSc_line_4a158a46"
                    BASELINE="137 594 628 583" 
                    HPOS="137"
                    VPOS="583"
                    WIDTH="491"
                    HEIGHT="11">
	    <String CONTENT=""
                    HPOS="137"
                    VPOS="583"
                    WIDTH="491"
                    HEIGHT="11"></String>
          </TextLine>
          <TextLine ID="eSc_line_b0a7569d"
                    BASELINE="136 623 627 611" 
                    HPOS="136"
                    VPOS="611"
                    WIDTH="491"
                    HEIGHT="12">
	    <String CONTENT=""
                    HPOS="136"
                    VPOS="611"
                    WIDTH="491"
                    HEIGHT="12"></String>
          </TextLine>
          <TextLine ID="eSc_line_f872fc65"
                    BASELINE="141 650 594 643" 
                    HPOS="141"
                    VPOS="643"
                    WIDTH="453"
                    HEIGHT="7">
	    <String CONTENT=""
                    HPOS="141"
                    VPOS="643"
                    WIDTH="453"
                    HEIGHT="7"></String>
          </TextLine>
          <TextLine ID="eSc_line_529e4ebe"
                    BASELINE="182 691 621 681" 
                    HPOS="182"
                    VPOS="681"
                    WIDTH="439"
                    HEIGHT="10">
	    <String CONTENT=""
                    HPOS="182"
                    VPOS="681"
                    WIDTH="439"
                    HEIGHT="10"></String>
          </TextLine>
          <TextLine ID="eSc_line_5c0d19bd"
                    BASELINE="146 720 622 710" 
                    HPOS="146"
                    VPOS="710"
                    WIDTH="476"
                    HEIGHT="10">
	    <String CONTENT=""
                    HPOS="146"
                    VPOS="710"
                    WIDTH="476"
                    HEIGHT="10"></String>
          </TextLine>
          <TextLine ID="eSc_line_8bca9667"
                    BASELINE="142 752 630 739" 
                    HPOS="142"
                    VPOS="739"
                    WIDTH="488"
                    HEIGHT="13">
	    <String CONTENT=""
                    HPOS="142"
                    VPOS="739"
                    WIDTH="488"
                    HEIGHT="13"></String>
          </TextLine>
          <TextLine ID="eSc_line_140bb71b"
                    BASELINE="148 771 632 765" 
                    HPOS="148"
                    VPOS="765"
                    WIDTH="484"
                    HEIGHT="6">
	    <String CONTENT=""
                    HPOS="148"
                    VPOS="765"
                    WIDTH="484"
                    HEIGHT="6"></String>
          </TextLine>
        </TextBlock>
        <TextBlock HPOS="315"
                   VPOS="94"
                   WIDTH="161"
                   HEIGHT="35"
                   ID="region_1718377886093_40"
                   TAGREFS="BT3209">
          <Shape><Polygon POINTS="454 129 315 129 315 94 476 95"/></Shape>
          <TextLine ID="eSc_line_a8a6ef0a"
                    BASELINE="320 127 451 126" 
                    HPOS="320"
                    VPOS="126"
                    WIDTH="131"
                    HEIGHT="1">
	    <String CONTENT=""
                    HPOS="320"
                    VPOS="126"
                    WIDTH="131"
                    HEIGHT="1"></String>
          </TextLine>
        </TextBlock>
        <TextBlock HPOS="138"
                   VPOS="824"
                   WIDTH="245"
                   HEIGHT="148"
                   ID="region_1718451336772_49"
                   TAGREFS="BT3211">
          <Shape><Polygon POINTS="383 966 144 972 138 824 383 824"/></Shape>
          <TextLine ID="eSc_line_3d4386ac"
                    BASELINE="146 849 380 844" 
                    HPOS="146"
                    VPOS="844"
                    WIDTH="234"
                    HEIGHT="5">
	    <String CONTENT=""
                    HPOS="146"
                    VPOS="844"
                    WIDTH="234"
                    HEIGHT="5"></String>
          </TextLine>
          <TextLine ID="eSc_line_3ce2ac89"
                    BASELINE="150 870 380 866" 
                    HPOS="150"
                    VPOS="866"
                    WIDTH="230"
                    HEIGHT="4">
	    <String CONTENT=""
                    HPOS="150"
                    VPOS="866"
                    WIDTH="230"
                    HEIGHT="4"></String>
          </TextLine>
          <TextLine ID="eSc_line_9c9a9290"
                    BASELINE="150 890 374 884" 
                    HPOS="150"
                    VPOS="884"
                    WIDTH="224"
                    HEIGHT="6">
	    <String CONTENT=""
                    HPOS="150"
                    VPOS="884"
                    WIDTH="224"
                    HEIGHT="6"></String>
          </TextLine>
          <TextLine ID="eSc_line_a63ac8fe"
                    BASELINE="146 910 377 904" 
                    HPOS="146"
                    VPOS="904"
                    WIDTH="231"
                    HEIGHT="6">
	    <String CONTENT=""
                    HPOS="146"
                    VPOS="904"
                    WIDTH="231"
                    HEIGHT="6"></String>
          </TextLine>
          <TextLine ID="eSc_line_c3c73d68"
                    BASELINE="149 930 378 924" 
                    HPOS="149"
                    VPOS="924"
                    WIDTH="229"
                    HEIGHT="6">
	    <String CONTENT=""
                    HPOS="149"
                    VPOS="924"
                    WIDTH="229"
                    HEIGHT="6"></String>
          </TextLine>
          <TextLine ID="eSc_line_f86bd12b"
                    BASELINE="146 954 378 948" 
                    HPOS="146"
                    VPOS="948"
                    WIDTH="232"
                    HEIGHT="6">
	    <String CONTENT=""
                    HPOS="146"
                    VPOS="948"
                    WIDTH="232"
                    HEIGHT="6"></String>
          </TextLine>
          <TextLine ID="eSc_line_b4a1bcae"
                    BASELINE="148 971 379 966" 
                    HPOS="148"
                    VPOS="966"
                    WIDTH="231"
                    HEIGHT="5">
	    <String CONTENT=""
                    HPOS="148"
                    VPOS="966"
                    WIDTH="231"
                    HEIGHT="5"></String>
          </TextLine>
        </TextBlock>
        <TextBlock HPOS="387"
                   VPOS="818"
                   WIDTH="261"
                   HEIGHT="147"
                   ID="region_1718451343720_52"
                   TAGREFS="BT3212">
          <Shape><Polygon POINTS="639 965 387 965 387 820 648 818"/></Shape>
          <TextLine ID="eSc_line_e217f7e1"
                    BASELINE="393 844 630 839" 
                    HPOS="393"
                    VPOS="839"
                    WIDTH="237"
                    HEIGHT="5">
	    <String CONTENT=""
                    HPOS="393"
                    VPOS="839"
                    WIDTH="237"
                    HEIGHT="5"></String>
          </TextLine>
          <TextLine ID="eSc_line_3375f7e1"
                    BASELINE="389 868 634 863" 
                    HPOS="389"
                    VPOS="863"
                    WIDTH="245"
                    HEIGHT="5">
	    <String CONTENT=""
                    HPOS="389"
                    VPOS="863"
                    WIDTH="245"
                    HEIGHT="5"></String>
          </TextLine>
          <TextLine ID="eSc_line_58b51704"
                    BASELINE="390 885 631 882" 
                    HPOS="390"
                    VPOS="882"
                    WIDTH="241"
                    HEIGHT="3">
	    <String CONTENT=""
                    HPOS="390"
                    VPOS="882"
                    WIDTH="241"
                    HEIGHT="3"></String>
          </TextLine>
          <TextLine ID="eSc_line_359392e9"
                    BASELINE="389 905 636 903" 
                    HPOS="389"
                    VPOS="903"
                    WIDTH="247"
                    HEIGHT="2">
	    <String CONTENT=""
                    HPOS="389"
                    VPOS="903"
                    WIDTH="247"
                    HEIGHT="2"></String>
          </TextLine>
          <TextLine ID="eSc_line_78170dae"
                    BASELINE="390 928 634 924" 
                    HPOS="390"
                    VPOS="924"
                    WIDTH="244"
                    HEIGHT="4">
	    <String CONTENT=""
                    HPOS="390"
                    VPOS="924"
                    WIDTH="244"
                    HEIGHT="4"></String>
          </TextLine>
          <TextLine ID="eSc_line_0ed034bf"
                    BASELINE="391 944 632 942" 
                    HPOS="391"
                    VPOS="942"
                    WIDTH="241"
                    HEIGHT="2">
	    <String CONTENT=""
                    HPOS="391"
                    VPOS="942"
                    WIDTH="241"
                    HEIGHT="2"></String>
          </TextLine>
          <TextLine ID="eSc_line_87e1c328"
                    BASELINE="392 964 634 963" 
                    HPOS="392"
                    VPOS="963"
                    WIDTH="242"
                    HEIGHT="1">
	    <String CONTENT=""
                    HPOS="392"
                    VPOS="963"
                    WIDTH="242"
                    HEIGHT="1"></String>
          </TextLine>
        </TextBlock>
        <TextBlock HPOS="544"
                   VPOS="770"
                   WIDTH="99"
                   HEIGHT="34"
                   ID="region_1718377915452_55"
                   TAGREFS="BT3208">
          <Shape><Polygon POINTS="640 804 544 804 547 770 643 770"/></Shape>
          <TextLine ID="eSc_line_2cb25168"
                    BASELINE="560 797 629 797" 
                    HPOS="560"
                    VPOS="797"
                    WIDTH="69"
                    HEIGHT="0">
	    <String CONTENT=""
                    HPOS="560"
                    VPOS="797"
                    WIDTH="69"
                    HEIGHT="0"></String>
          </TextLine>
        </TextBlock>
        <TextBlock HPOS="566"
                   VPOS="966"
                   WIDTH="62"
                   HEIGHT="23"
                   ID="region_1718451306956_45"
                   TAGREFS="BT3208">
          <Shape><Polygon POINTS="628 989 575 986 566 966 628 966"/></Shape>
          <TextLine ID="eSc_line_348fac0e"
                    BASELINE="577 984 625 982" 
                    HPOS="577"
                    VPOS="982"
                    WIDTH="48"
                    HEIGHT="2">
	    <String CONTENT=""
                    HPOS="577"
                    VPOS="982"
                    WIDTH="48"
                    HEIGHT="2"></String>
          </TextLine>
        </TextBlock>
      </PrintSpace>
    </Page>
  </Layout>
</alto>
