<?xml version="1.0" encoding="UTF-8"?>
<alto xmlns:xsi="http://www.w3.org/2001/XMLSchema-instance"
      xmlns="http://www.loc.gov/standards/alto/ns-v4#"
      xsi:schemaLocation="http://www.loc.gov/standards/alto/ns-v4# http://www.loc.gov/standards/alto/v4/alto-4-2.xsd">
  <Description>
    <MeasurementUnit>pixel</MeasurementUnit>
    <sourceImageInformation>
      <fileName>0014.jpg</fileName>
    </sourceImageInformation>
  </Description>
  <Tags>
    <OtherTag ID="BT1" LABEL="Title" DESCRIPTION="block type Title"/><OtherTag ID="BT2" LABEL="Main" DESCRIPTION="block type Main"/><OtherTag ID="BT3" LABEL="Commentary" DESCRIPTION="block type Commentary"/><OtherTag ID="BT4" LABEL="Illustration" DESCRIPTION="block type Illustration"/><OtherTag ID="BT3208" LABEL="heading" DESCRIPTION="block type heading"/><OtherTag ID="BT3209" LABEL="header" DESCRIPTION="block type header"/><OtherTag ID="BT3210" LABEL="paragraph" DESCRIPTION="block type paragraph"/><OtherTag ID="BT3211" LABEL="l-column" DESCRIPTION="block type l-column"/><OtherTag ID="BT3212" LABEL="r-column" DESCRIPTION="block type r-column"/><OtherTag ID="BT3213" LABEL="footnote" DESCRIPTION="block type footnote"/><OtherTag ID="BT3214" LABEL="marginalia" DESCRIPTION="block type marginalia"/><OtherTag ID="BT3215" LABEL="catch-word" DESCRIPTION="block type catch-word"/><OtherTag ID="BT3216" LABEL="column" DESCRIPTION="block type column"/>
  </Tags>
  <Layout>
    <Page WIDTH="810"
          HEIGHT="1179"
          PHYSICAL_IMG_NR="8"
          ID="eSc_dummypage_">
      <PrintSpace HPOS="0"
                  VPOS="0"
                  WIDTH="810"
                  HEIGHT="1179">
        <TextBlock HPOS="206"
                   VPOS="135"
                   WIDTH="47"
                   HEIGHT="39"
                   ID="region_1718290180771_683"
                   TAGREFS="BT3208">
          <Shape><Polygon POINTS="253 174 206 174 218 141 253 135"/></Shape>
          <TextLine ID="eSc_line_3c6f2683"
                    BASELINE="221 169 247 169" 
                    HPOS="221"
                    VPOS="169"
                    WIDTH="26"
                    HEIGHT="0">
	    <String CONTENT=""
                    HPOS="221"
                    VPOS="169"
                    WIDTH="26"
                    HEIGHT="0"></String>
          </TextLine>
        </TextBlock>
        <TextBlock HPOS="207"
                   VPOS="185"
                   WIDTH="545"
                   HEIGHT="393"
                   ID="region_1718290185207_686"
                   TAGREFS="BT3210">
          <Shape><Polygon POINTS="732 578 207 578 214 187 752 185"/></Shape>
          <TextLine ID="eSc_line_fadb7c3b"
                    BASELINE="226 221 714 219" 
                    HPOS="226"
                    VPOS="219"
                    WIDTH="488"
                    HEIGHT="2">
	    <String CONTENT=""
                    HPOS="226"
                    VPOS="219"
                    WIDTH="488"
                    HEIGHT="2"></String>
          </TextLine>
          <TextLine ID="eSc_line_7f75c57d"
                    BASELINE="225 266 715 262" 
                    HPOS="225"
                    VPOS="262"
                    WIDTH="490"
                    HEIGHT="4">
	    <String CONTENT=""
                    HPOS="225"
                    VPOS="262"
                    WIDTH="490"
                    HEIGHT="4"></String>
          </TextLine>
          <TextLine ID="eSc_line_7a04e93f"
                    BASELINE="224 312 718 307" 
                    HPOS="224"
                    VPOS="307"
                    WIDTH="494"
                    HEIGHT="5">
	    <String CONTENT=""
                    HPOS="224"
                    VPOS="307"
                    WIDTH="494"
                    HEIGHT="5"></String>
          </TextLine>
          <TextLine ID="eSc_line_2afc4408"
                    BASELINE="227 358 716 351" 
                    HPOS="227"
                    VPOS="351"
                    WIDTH="489"
                    HEIGHT="7">
	    <String CONTENT=""
                    HPOS="227"
                    VPOS="351"
                    WIDTH="489"
                    HEIGHT="7"></String>
          </TextLine>
          <TextLine ID="eSc_line_d5261d52"
                    BASELINE="228 398 720 392" 
                    HPOS="228"
                    VPOS="392"
                    WIDTH="492"
                    HEIGHT="6">
	    <String CONTENT=""
                    HPOS="228"
                    VPOS="392"
                    WIDTH="492"
                    HEIGHT="6"></String>
          </TextLine>
          <TextLine ID="eSc_line_12c2f168"
                    BASELINE="225 440 718 436" 
                    HPOS="225"
                    VPOS="436"
                    WIDTH="493"
                    HEIGHT="4">
	    <String CONTENT=""
                    HPOS="225"
                    VPOS="436"
                    WIDTH="493"
                    HEIGHT="4"></String>
          </TextLine>
          <TextLine ID="eSc_line_9564bbd0"
                    BASELINE="226 489 713 485" 
                    HPOS="226"
                    VPOS="485"
                    WIDTH="487"
                    HEIGHT="4">
	    <String CONTENT=""
                    HPOS="226"
                    VPOS="485"
                    WIDTH="487"
                    HEIGHT="4"></String>
          </TextLine>
          <TextLine ID="eSc_line_ed0b35c2"
                    BASELINE="223 538 715 531" 
                    HPOS="223"
                    VPOS="531"
                    WIDTH="492"
                    HEIGHT="7">
	    <String CONTENT=""
                    HPOS="223"
                    VPOS="531"
                    WIDTH="492"
                    HEIGHT="7"></String>
          </TextLine>
          <TextLine ID="eSc_line_d8be77f1"
                    BASELINE="225 573 714 573" 
                    HPOS="225"
                    VPOS="573"
                    WIDTH="489"
                    HEIGHT="0">
	    <String CONTENT=""
                    HPOS="225"
                    VPOS="573"
                    WIDTH="489"
                    HEIGHT="0"></String>
          </TextLine>
        </TextBlock>
        <TextBlock HPOS="390"
                   VPOS="131"
                   WIDTH="159"
                   HEIGHT="43"
                   ID="region_1718290178632_680"
                   TAGREFS="BT3209">
          <Shape><Polygon POINTS="532 174 390 174 390 133 549 131"/></Shape>
          <TextLine ID="eSc_line_13f57ed4"
                    BASELINE="397 169 528 170" 
                    HPOS="397"
                    VPOS="169"
                    WIDTH="131"
                    HEIGHT="1">
	    <String CONTENT=""
                    HPOS="397"
                    VPOS="169"
                    WIDTH="131"
                    HEIGHT="1"></String>
          </TextLine>
        </TextBlock>
        <TextBlock HPOS="239"
                   VPOS="645"
                   WIDTH="481"
                   HEIGHT="66"
                   ID="region_1718290321652_706"
                   TAGREFS="BT3213">
          <Shape><Polygon POINTS="720 708 239 711 239 645 720 645"/></Shape>
          <TextLine ID="eSc_line_bf0e606a"
                    BASELINE="245 669 716 668" 
                    HPOS="245"
                    VPOS="668"
                    WIDTH="471"
                    HEIGHT="1">
	    <String CONTENT=""
                    HPOS="245"
                    VPOS="668"
                    WIDTH="471"
                    HEIGHT="1"></String>
          </TextLine>
          <TextLine ID="eSc_line_c889a8d3"
                    BASELINE="243 692 714 688" 
                    HPOS="243"
                    VPOS="688"
                    WIDTH="471"
                    HEIGHT="4">
	    <String CONTENT=""
                    HPOS="243"
                    VPOS="688"
                    WIDTH="471"
                    HEIGHT="4"></String>
          </TextLine>
          <TextLine ID="eSc_line_318bd958"
                    BASELINE="244 711 712 707" 
                    HPOS="244"
                    VPOS="707"
                    WIDTH="468"
                    HEIGHT="4">
	    <String CONTENT=""
                    HPOS="244"
                    VPOS="707"
                    WIDTH="468"
                    HEIGHT="4"></String>
          </TextLine>
        </TextBlock>
        <TextBlock HPOS="221"
                   VPOS="715"
                   WIDTH="492"
                   HEIGHT="43"
                   ID="region_1718290338031_709"
                   TAGREFS="BT3213">
          <Shape><Polygon POINTS="713 758 221 758 221 715 713 715"/></Shape>
          <TextLine ID="eSc_line_090d13ec"
                    BASELINE="223 740 708 739" 
                    HPOS="223"
                    VPOS="739"
                    WIDTH="485"
                    HEIGHT="1">
	    <String CONTENT=""
                    HPOS="223"
                    VPOS="739"
                    WIDTH="485"
                    HEIGHT="1"></String>
          </TextLine>
          <TextLine ID="eSc_line_c01feafb"
                    BASELINE="227 756 582 758" 
                    HPOS="227"
                    VPOS="756"
                    WIDTH="355"
                    HEIGHT="2">
	    <String CONTENT=""
                    HPOS="227"
                    VPOS="756"
                    WIDTH="355"
                    HEIGHT="2"></String>
          </TextLine>
        </TextBlock>
        <TextBlock HPOS="222"
                   VPOS="764"
                   WIDTH="118"
                   HEIGHT="24"
                   ID="region_1718290341315_712"
                   TAGREFS="BT3213">
          <Shape><Polygon POINTS="340 788 222 788 222 764 340 764"/></Shape>
          <TextLine ID="eSc_line_436816ee"
                    BASELINE="225 787 329 786" 
                    HPOS="225"
                    VPOS="786"
                    WIDTH="104"
                    HEIGHT="1">
	    <String CONTENT=""
                    HPOS="225"
                    VPOS="786"
                    WIDTH="104"
                    HEIGHT="1"></String>
          </TextLine>
        </TextBlock>
        <TextBlock HPOS="223"
                   VPOS="789"
                   WIDTH="505"
                   HEIGHT="246"
                   ID="region_1718290345488_715"
                   TAGREFS="BT3213">
          <Shape><Polygon POINTS="728 1035 223 1035 223 789 728 789"/></Shape>
          <TextLine ID="eSc_line_95d2be64"
                    BASELINE="225 815 715 813" 
                    HPOS="225"
                    VPOS="813"
                    WIDTH="490"
                    HEIGHT="2">
	    <String CONTENT=""
                    HPOS="225"
                    VPOS="813"
                    WIDTH="490"
                    HEIGHT="2"></String>
          </TextLine>
          <TextLine ID="eSc_line_f2e0b5b9"
                    BASELINE="237 835 714 833" 
                    HPOS="237"
                    VPOS="833"
                    WIDTH="477"
                    HEIGHT="2">
	    <String CONTENT=""
                    HPOS="237"
                    VPOS="833"
                    WIDTH="477"
                    HEIGHT="2"></String>
          </TextLine>
          <TextLine ID="eSc_line_ccef14d5"
                    BASELINE="236 855 712 853" 
                    HPOS="236"
                    VPOS="853"
                    WIDTH="476"
                    HEIGHT="2">
	    <String CONTENT=""
                    HPOS="236"
                    VPOS="853"
                    WIDTH="476"
                    HEIGHT="2"></String>
          </TextLine>
          <TextLine ID="eSc_line_6397714f"
                    BASELINE="231 877 720 873" 
                    HPOS="231"
                    VPOS="873"
                    WIDTH="489"
                    HEIGHT="4">
	    <String CONTENT=""
                    HPOS="231"
                    VPOS="873"
                    WIDTH="489"
                    HEIGHT="4"></String>
          </TextLine>
          <TextLine ID="eSc_line_b6bcef5f"
                    BASELINE="230 896 718 893" 
                    HPOS="230"
                    VPOS="893"
                    WIDTH="488"
                    HEIGHT="3">
	    <String CONTENT=""
                    HPOS="230"
                    VPOS="893"
                    WIDTH="488"
                    HEIGHT="3"></String>
          </TextLine>
          <TextLine ID="eSc_line_9e301129"
                    BASELINE="232 917 715 913" 
                    HPOS="232"
                    VPOS="913"
                    WIDTH="483"
                    HEIGHT="4">
	    <String CONTENT=""
                    HPOS="232"
                    VPOS="913"
                    WIDTH="483"
                    HEIGHT="4"></String>
          </TextLine>
          <TextLine ID="eSc_line_7cf7504a"
                    BASELINE="232 938 717 935" 
                    HPOS="232"
                    VPOS="935"
                    WIDTH="485"
                    HEIGHT="3">
	    <String CONTENT=""
                    HPOS="232"
                    VPOS="935"
                    WIDTH="485"
                    HEIGHT="3"></String>
          </TextLine>
          <TextLine ID="eSc_line_7f808400"
                    BASELINE="232 957 718 953" 
                    HPOS="232"
                    VPOS="953"
                    WIDTH="486"
                    HEIGHT="4">
	    <String CONTENT=""
                    HPOS="232"
                    VPOS="953"
                    WIDTH="486"
                    HEIGHT="4"></String>
          </TextLine>
          <TextLine ID="eSc_line_c48ddedb"
                    BASELINE="234 977 718 975" 
                    HPOS="234"
                    VPOS="975"
                    WIDTH="484"
                    HEIGHT="2">
	    <String CONTENT=""
                    HPOS="234"
                    VPOS="975"
                    WIDTH="484"
                    HEIGHT="2"></String>
          </TextLine>
          <TextLine ID="eSc_line_db542037"
                    BASELINE="231 1000 718 997" 
                    HPOS="231"
                    VPOS="997"
                    WIDTH="487"
                    HEIGHT="3">
	    <String CONTENT=""
                    HPOS="231"
                    VPOS="997"
                    WIDTH="487"
                    HEIGHT="3"></String>
          </TextLine>
          <TextLine ID="eSc_line_1eedbd80"
                    BASELINE="235 1019 716 1014" 
                    HPOS="235"
                    VPOS="1014"
                    WIDTH="481"
                    HEIGHT="5">
	    <String CONTENT=""
                    HPOS="235"
                    VPOS="1014"
                    WIDTH="481"
                    HEIGHT="5"></String>
          </TextLine>
        </TextBlock>
        <TextBlock HPOS="611"
                   VPOS="583"
                   WIDTH="109"
                   HEIGHT="35"
                   ID="region_1718290188744_689"
                   TAGREFS="BT3208">
          <Shape><Polygon POINTS="720 618 611 618 611 583 720 583"/></Shape>
          <TextLine ID="eSc_line_61dd4bdc"
                    BASELINE="619 613 707 615" 
                    HPOS="619"
                    VPOS="613"
                    WIDTH="88"
                    HEIGHT="2">
	    <String CONTENT=""
                    HPOS="619"
                    VPOS="613"
                    WIDTH="88"
                    HEIGHT="2"></String>
          </TextLine>
        </TextBlock>
        <TextBlock HPOS="650"
                   VPOS="1037"
                   WIDTH="76"
                   HEIGHT="24"
                   ID="region_1718290199972_695"
                   TAGREFS="BT3208">
          <Shape><Polygon POINTS="724 1061 650 1061 665 1037 726 1037"/></Shape>
          <TextLine ID="eSc_line_4d77b882"
                    BASELINE="683 1054 715 1054" 
                    HPOS="683"
                    VPOS="1054"
                    WIDTH="32"
                    HEIGHT="0">
	    <String CONTENT=""
                    HPOS="683"
                    VPOS="1054"
                    WIDTH="32"
                    HEIGHT="0"></String>
          </TextLine>
        </TextBlock>
        <TextBlock ID="eSc_dummyblock_">
          <TextLine ID="eSc_line_3c564d88"
                    BASELINE="246 1036 710 1035" 
                    HPOS="246"
                    VPOS="1035"
                    WIDTH="464"
                    HEIGHT="1">
	    <String CONTENT=""
                    HPOS="246"
                    VPOS="1035"
                    WIDTH="464"
                    HEIGHT="1"></String>
          </TextLine>
        </TextBlock>
      </PrintSpace>
    </Page>
  </Layout>
</alto>
