<?xml version="1.0" encoding="UTF-8"?>
<alto xmlns:xsi="http://www.w3.org/2001/XMLSchema-instance"
      xmlns="http://www.loc.gov/standards/alto/ns-v4#"
      xsi:schemaLocation="http://www.loc.gov/standards/alto/ns-v4# http://www.loc.gov/standards/alto/v4/alto-4-2.xsd">
  <Description>
    <MeasurementUnit>pixel</MeasurementUnit>
    <sourceImageInformation>
      <fileName>0036.jpg</fileName>
    </sourceImageInformation>
  </Description>
  <Tags>
    <OtherTag ID="BT1" LABEL="Title" DESCRIPTION="block type Title"/><OtherTag ID="BT2" LABEL="Main" DESCRIPTION="block type Main"/><OtherTag ID="BT3" LABEL="Commentary" DESCRIPTION="block type Commentary"/><OtherTag ID="BT4" LABEL="Illustration" DESCRIPTION="block type Illustration"/><OtherTag ID="BT3208" LABEL="heading" DESCRIPTION="block type heading"/><OtherTag ID="BT3209" LABEL="header" DESCRIPTION="block type header"/><OtherTag ID="BT3210" LABEL="paragraph" DESCRIPTION="block type paragraph"/><OtherTag ID="BT3211" LABEL="l-column" DESCRIPTION="block type l-column"/><OtherTag ID="BT3212" LABEL="r-column" DESCRIPTION="block type r-column"/><OtherTag ID="BT3213" LABEL="footnote" DESCRIPTION="block type footnote"/><OtherTag ID="BT3214" LABEL="marginalia" DESCRIPTION="block type marginalia"/><OtherTag ID="BT3215" LABEL="catch-word" DESCRIPTION="block type catch-word"/><OtherTag ID="BT3216" LABEL="column" DESCRIPTION="block type column"/>
  </Tags>
  <Layout>
    <Page WIDTH="682"
          HEIGHT="1079"
          PHYSICAL_IMG_NR="17"
          ID="eSc_dummypage_">
      <PrintSpace HPOS="0"
                  VPOS="0"
                  WIDTH="682"
                  HEIGHT="1079">
        <TextBlock HPOS="141"
                   VPOS="103"
                   WIDTH="47"
                   HEIGHT="34"
                   ID="region_1718527882632_117"
                   TAGREFS="BT3208">
          <Shape><Polygon POINTS="188 137 141 136 151 103 188 103"/></Shape>
          <TextLine ID="eSc_line_7c6526c4"
                    BASELINE="153 130 183 131" 
                    HPOS="153"
                    VPOS="130"
                    WIDTH="30"
                    HEIGHT="1">
	    <String CONTENT=""
                    HPOS="153"
                    VPOS="130"
                    WIDTH="30"
                    HEIGHT="1"></String>
          </TextLine>
        </TextBlock>
        <TextBlock HPOS="191"
                   VPOS="133"
                   WIDTH="335"
                   HEIGHT="211"
                   ID="region_1718527888506_120"
                   TAGREFS="BT3210">
          <Shape><Polygon POINTS="514 344 193 344 191 135 526 133"/></Shape>
          <TextLine ID="eSc_line_0750c95b"
                    BASELINE="199 167 500 164" 
                    HPOS="199"
                    VPOS="164"
                    WIDTH="301"
                    HEIGHT="3">
	    <String CONTENT=""
                    HPOS="199"
                    VPOS="164"
                    WIDTH="301"
                    HEIGHT="3"></String>
          </TextLine>
          <TextLine ID="eSc_line_e9663c3a"
                    BASELINE="199 188 513 188" 
                    HPOS="199"
                    VPOS="188"
                    WIDTH="314"
                    HEIGHT="0">
	    <String CONTENT=""
                    HPOS="199"
                    VPOS="188"
                    WIDTH="314"
                    HEIGHT="0"></String>
          </TextLine>
          <TextLine ID="eSc_line_cfff7ba2"
                    BASELINE="201 208 442 205" 
                    HPOS="201"
                    VPOS="205"
                    WIDTH="241"
                    HEIGHT="3">
	    <String CONTENT=""
                    HPOS="201"
                    VPOS="205"
                    WIDTH="241"
                    HEIGHT="3"></String>
          </TextLine>
          <TextLine ID="eSc_line_4ccaab49"
                    BASELINE="234 239 457 238" 
                    HPOS="234"
                    VPOS="238"
                    WIDTH="223"
                    HEIGHT="1">
	    <String CONTENT=""
                    HPOS="234"
                    VPOS="238"
                    WIDTH="223"
                    HEIGHT="1"></String>
          </TextLine>
          <TextLine ID="eSc_line_c028a244"
                    BASELINE="204 259 501 258" 
                    HPOS="204"
                    VPOS="258"
                    WIDTH="297"
                    HEIGHT="1">
	    <String CONTENT=""
                    HPOS="204"
                    VPOS="258"
                    WIDTH="297"
                    HEIGHT="1"></String>
          </TextLine>
          <TextLine ID="eSc_line_8a646c06"
                    BASELINE="205 276 518 279" 
                    HPOS="205"
                    VPOS="276"
                    WIDTH="313"
                    HEIGHT="3">
	    <String CONTENT=""
                    HPOS="205"
                    VPOS="276"
                    WIDTH="313"
                    HEIGHT="3"></String>
          </TextLine>
          <TextLine ID="eSc_line_b9178d10"
                    BASELINE="203 297 494 302" 
                    HPOS="203"
                    VPOS="297"
                    WIDTH="291"
                    HEIGHT="5">
	    <String CONTENT=""
                    HPOS="203"
                    VPOS="297"
                    WIDTH="291"
                    HEIGHT="5"></String>
          </TextLine>
          <TextLine ID="eSc_line_5fb006a2"
                    BASELINE="203 318 485 321" 
                    HPOS="203"
                    VPOS="318"
                    WIDTH="282"
                    HEIGHT="3">
	    <String CONTENT=""
                    HPOS="203"
                    VPOS="318"
                    WIDTH="282"
                    HEIGHT="3"></String>
          </TextLine>
          <TextLine ID="eSc_line_2b2a56b8"
                    BASELINE="200 340 449 340" 
                    HPOS="200"
                    VPOS="340"
                    WIDTH="249"
                    HEIGHT="0">
	    <String CONTENT=""
                    HPOS="200"
                    VPOS="340"
                    WIDTH="249"
                    HEIGHT="0"></String>
          </TextLine>
        </TextBlock>
        <TextBlock HPOS="291"
                   VPOS="90"
                   WIDTH="194"
                   HEIGHT="40"
                   ID="region_1718527880107_114"
                   TAGREFS="BT3209">
          <Shape><Polygon POINTS="474 130 291 130 291 94 485 90"/></Shape>
          <TextLine ID="eSc_line_9d29c134"
                    BASELINE="301 128 464 127" 
                    HPOS="301"
                    VPOS="127"
                    WIDTH="163"
                    HEIGHT="1">
	    <String CONTENT=""
                    HPOS="301"
                    VPOS="127"
                    WIDTH="163"
                    HEIGHT="1"></String>
          </TextLine>
        </TextBlock>
        <TextBlock HPOS="187"
                   VPOS="366"
                   WIDTH="417"
                   HEIGHT="39"
                   ID="region_1718527904429_129"
                   TAGREFS="BT3208">
          <Shape><Polygon POINTS="596 405 187 405 187 367 604 366"/></Shape>
          <TextLine ID="eSc_line_b3b061de"
                    BASELINE="208 403 589 403" 
                    HPOS="208"
                    VPOS="403"
                    WIDTH="381"
                    HEIGHT="0">
	    <String CONTENT=""
                    HPOS="208"
                    VPOS="403"
                    WIDTH="381"
                    HEIGHT="0"></String>
          </TextLine>
        </TextBlock>
        <TextBlock HPOS="150"
                   VPOS="416"
                   WIDTH="494"
                   HEIGHT="125"
                   ID="region_1718528144705_183"
                   TAGREFS="BT3210">
          <Shape><Polygon POINTS="644 541 152 541 150 461 205 458 204 416 643 416"/></Shape>
          <TextLine ID="eSc_line_6fb07acd"
                    BASELINE="205 437 531 435" 
                    HPOS="205"
                    VPOS="435"
                    WIDTH="326"
                    HEIGHT="2">
	    <String CONTENT=""
                    HPOS="205"
                    VPOS="435"
                    WIDTH="326"
                    HEIGHT="2"></String>
          </TextLine>
          <TextLine ID="eSc_line_5e5df3a0"
                    BASELINE="208 458 636 458" 
                    HPOS="208"
                    VPOS="458"
                    WIDTH="428"
                    HEIGHT="0">
	    <String CONTENT=""
                    HPOS="208"
                    VPOS="458"
                    WIDTH="428"
                    HEIGHT="0"></String>
          </TextLine>
          <TextLine ID="eSc_line_1194ea94"
                    BASELINE="163 480 556 478" 
                    HPOS="163"
                    VPOS="478"
                    WIDTH="393"
                    HEIGHT="2">
	    <String CONTENT=""
                    HPOS="163"
                    VPOS="478"
                    WIDTH="393"
                    HEIGHT="2"></String>
          </TextLine>
          <TextLine ID="eSc_line_1bc672b7"
                    BASELINE="165 502 474 498" 
                    HPOS="165"
                    VPOS="498"
                    WIDTH="309"
                    HEIGHT="4">
	    <String CONTENT=""
                    HPOS="165"
                    VPOS="498"
                    WIDTH="309"
                    HEIGHT="4"></String>
          </TextLine>
          <TextLine ID="eSc_line_b068bebf"
                    BASELINE="161 520 519 519" 
                    HPOS="161"
                    VPOS="519"
                    WIDTH="358"
                    HEIGHT="1">
	    <String CONTENT=""
                    HPOS="161"
                    VPOS="519"
                    WIDTH="358"
                    HEIGHT="1"></String>
          </TextLine>
          <TextLine ID="eSc_line_524c5a61"
                    BASELINE="163 541 521 541" 
                    HPOS="163"
                    VPOS="541"
                    WIDTH="358"
                    HEIGHT="0">
	    <String CONTENT=""
                    HPOS="163"
                    VPOS="541"
                    WIDTH="358"
                    HEIGHT="0"></String>
          </TextLine>
        </TextBlock>
        <TextBlock HPOS="198"
                   VPOS="549"
                   WIDTH="430"
                   HEIGHT="117"
                   ID="region_1718527925996_138"
                   TAGREFS="BT3210">
          <Shape><Polygon POINTS="628 666 200 664 198 586 238 586 239 549 628 553"/></Shape>
          <TextLine ID="eSc_line_38b5b3d5"
                    BASELINE="239 568 474 568" 
                    HPOS="239"
                    VPOS="568"
                    WIDTH="235"
                    HEIGHT="0">
	    <String CONTENT=""
                    HPOS="239"
                    VPOS="568"
                    WIDTH="235"
                    HEIGHT="0"></String>
          </TextLine>
          <TextLine ID="eSc_line_247d0af0"
                    BASELINE="245 583 583 585" 
                    HPOS="245"
                    VPOS="583"
                    WIDTH="338"
                    HEIGHT="2">
	    <String CONTENT=""
                    HPOS="245"
                    VPOS="583"
                    WIDTH="338"
                    HEIGHT="2"></String>
          </TextLine>
          <TextLine ID="eSc_line_578a6991"
                    BASELINE="211 602 521 602" 
                    HPOS="211"
                    VPOS="602"
                    WIDTH="310"
                    HEIGHT="0">
	    <String CONTENT=""
                    HPOS="211"
                    VPOS="602"
                    WIDTH="310"
                    HEIGHT="0"></String>
          </TextLine>
          <TextLine ID="eSc_line_344349cd"
                    BASELINE="210 618 466 616" 
                    HPOS="210"
                    VPOS="616"
                    WIDTH="256"
                    HEIGHT="2">
	    <String CONTENT=""
                    HPOS="210"
                    VPOS="616"
                    WIDTH="256"
                    HEIGHT="2"></String>
          </TextLine>
          <TextLine ID="eSc_line_7f640399"
                    BASELINE="213 632 555 631" 
                    HPOS="213"
                    VPOS="631"
                    WIDTH="342"
                    HEIGHT="1">
	    <String CONTENT=""
                    HPOS="213"
                    VPOS="631"
                    WIDTH="342"
                    HEIGHT="1"></String>
          </TextLine>
          <TextLine ID="eSc_line_ea7a1c5b"
                    BASELINE="210 647 549 645" 
                    HPOS="210"
                    VPOS="645"
                    WIDTH="339"
                    HEIGHT="2">
	    <String CONTENT=""
                    HPOS="210"
                    VPOS="645"
                    WIDTH="339"
                    HEIGHT="2"></String>
          </TextLine>
          <TextLine ID="eSc_line_965e18e7"
                    BASELINE="285 662 625 664" 
                    HPOS="285"
                    VPOS="662"
                    WIDTH="340"
                    HEIGHT="2">
	    <String CONTENT=""
                    HPOS="285"
                    VPOS="662"
                    WIDTH="340"
                    HEIGHT="2"></String>
          </TextLine>
        </TextBlock>
        <TextBlock HPOS="316"
                   VPOS="692"
                   WIDTH="181"
                   HEIGHT="41"
                   ID="region_1718527945436_147"
                   TAGREFS="BT3208">
          <Shape><Polygon POINTS="489 733 316 733 317 692 497 694"/></Shape>
          <TextLine ID="eSc_line_4098f471"
                    BASELINE="321 730 484 728" 
                    HPOS="321"
                    VPOS="728"
                    WIDTH="163"
                    HEIGHT="2">
	    <String CONTENT=""
                    HPOS="321"
                    VPOS="728"
                    WIDTH="163"
                    HEIGHT="2"></String>
          </TextLine>
        </TextBlock>
        <TextBlock HPOS="172"
                   VPOS="742"
                   WIDTH="50"
                   HEIGHT="41"
                   ID="region_1718527948506_150"
                   TAGREFS="BT3210">
          <Shape><Polygon POINTS="222 783 184 783 172 742 222 742"/></Shape>
          <TextLine ID="eSc_line_ffb93629"
                    BASELINE="222 762 483 760" 
                    HPOS="222"
                    VPOS="760"
                    WIDTH="261"
                    HEIGHT="2">
	    <String CONTENT=""
                    HPOS="222"
                    VPOS="760"
                    WIDTH="261"
                    HEIGHT="2"></String>
          </TextLine>
        </TextBlock>
        <TextBlock HPOS="171"
                   VPOS="737"
                   WIDTH="422"
                   HEIGHT="237"
                   ID="region_1718527953472_153"
                   TAGREFS="BT3210">
          <Shape><Polygon POINTS="593 974 176 974 171 786 199 784 222 784 221 737 585 739"/></Shape>
          <TextLine ID="eSc_line_6d8e0ec2"
                    BASELINE="227 781 565 782" 
                    HPOS="227"
                    VPOS="781"
                    WIDTH="338"
                    HEIGHT="1">
	    <String CONTENT=""
                    HPOS="227"
                    VPOS="781"
                    WIDTH="338"
                    HEIGHT="1"></String>
          </TextLine>
          <TextLine ID="eSc_line_42f50a09"
                    BASELINE="190 801 415 800" 
                    HPOS="190"
                    VPOS="800"
                    WIDTH="225"
                    HEIGHT="1">
	    <String CONTENT=""
                    HPOS="190"
                    VPOS="800"
                    WIDTH="225"
                    HEIGHT="1"></String>
          </TextLine>
          <TextLine ID="eSc_line_effc2bde"
                    BASELINE="189 825 484 822" 
                    HPOS="189"
                    VPOS="822"
                    WIDTH="295"
                    HEIGHT="3">
	    <String CONTENT=""
                    HPOS="189"
                    VPOS="822"
                    WIDTH="295"
                    HEIGHT="3"></String>
          </TextLine>
          <TextLine ID="eSc_line_f356ab89"
                    BASELINE="187 843 460 843" 
                    HPOS="187"
                    VPOS="843"
                    WIDTH="273"
                    HEIGHT="0">
	    <String CONTENT=""
                    HPOS="187"
                    VPOS="843"
                    WIDTH="273"
                    HEIGHT="0"></String>
          </TextLine>
          <TextLine ID="eSc_line_c7918b29"
                    BASELINE="214 878 496 877" 
                    HPOS="214"
                    VPOS="877"
                    WIDTH="282"
                    HEIGHT="1">
	    <String CONTENT=""
                    HPOS="214"
                    VPOS="877"
                    WIDTH="282"
                    HEIGHT="1"></String>
          </TextLine>
          <TextLine ID="eSc_line_b0050c93"
                    BASELINE="187 899 452 898" 
                    HPOS="187"
                    VPOS="898"
                    WIDTH="265"
                    HEIGHT="1">
	    <String CONTENT=""
                    HPOS="187"
                    VPOS="898"
                    WIDTH="265"
                    HEIGHT="1"></String>
          </TextLine>
          <TextLine ID="eSc_line_deed8caf"
                    BASELINE="188 918 428 916" 
                    HPOS="188"
                    VPOS="916"
                    WIDTH="240"
                    HEIGHT="2">
	    <String CONTENT=""
                    HPOS="188"
                    VPOS="916"
                    WIDTH="240"
                    HEIGHT="2"></String>
          </TextLine>
          <TextLine ID="eSc_line_f4ff26b6"
                    BASELINE="189 941 444 938" 
                    HPOS="189"
                    VPOS="938"
                    WIDTH="255"
                    HEIGHT="3">
	    <String CONTENT=""
                    HPOS="189"
                    VPOS="938"
                    WIDTH="255"
                    HEIGHT="3"></String>
          </TextLine>
          <TextLine ID="eSc_line_7e6ef169"
                    BASELINE="189 957 466 958" 
                    HPOS="189"
                    VPOS="957"
                    WIDTH="277"
                    HEIGHT="1">
	    <String CONTENT=""
                    HPOS="189"
                    VPOS="957"
                    WIDTH="277"
                    HEIGHT="1"></String>
          </TextLine>
        </TextBlock>
        <TextBlock HPOS="600"
                   VPOS="947"
                   WIDTH="53"
                   HEIGHT="41"
                   ID="region_1718527959327_159"
                   TAGREFS="BT3208">
          <Shape><Polygon POINTS="653 988 600 988 600 947 643 947"/></Shape>
          <TextLine ID="eSc_line_a3b0d756"
                    BASELINE="613 982 645 979" 
                    HPOS="613"
                    VPOS="979"
                    WIDTH="32"
                    HEIGHT="3">
	    <String CONTENT=""
                    HPOS="613"
                    VPOS="979"
                    WIDTH="32"
                    HEIGHT="3"></String>
          </TextLine>
        </TextBlock>
        <TextBlock HPOS="155"
                   VPOS="672"
                   WIDTH="492"
                   HEIGHT="15"
                   ID="region_1718527933572_144"
                   TAGREFS="BT3214">
          <Shape><Polygon POINTS="647 687 155 687 155 672 647 672"/></Shape>
        </TextBlock>
        <TextBlock HPOS="208"
                   VPOS="551"
                   WIDTH="30"
                   HEIGHT="31"
                   ID="region_1718527928440_141"
                   TAGREFS="BT3210">
          <Shape><Polygon POINTS="237 580 208 582 208 552 238 551"/></Shape>
        </TextBlock>
        <TextBlock HPOS="150"
                   VPOS="418"
                   WIDTH="54"
                   HEIGHT="40"
                   ID="region_1718527921249_135"
                   TAGREFS="BT3210">
          <Shape><Polygon POINTS="204 456 150 458 150 420 204 418"/></Shape>
        </TextBlock>
        <TextBlock HPOS="144"
                   VPOS="347"
                   WIDTH="485"
                   HEIGHT="17"
                   ID="region_1718527900029_126"
                   TAGREFS="BT3214">
          <Shape><Polygon POINTS="628 364 144 364 145 347 629 347"/></Shape>
        </TextBlock>
      </PrintSpace>
    </Page>
  </Layout>
</alto>
