<?xml version="1.0" encoding="UTF-8"?>
<alto xmlns:xsi="http://www.w3.org/2001/XMLSchema-instance"
      xmlns="http://www.loc.gov/standards/alto/ns-v4#"
      xsi:schemaLocation="http://www.loc.gov/standards/alto/ns-v4# http://www.loc.gov/standards/alto/v4/alto-4-2.xsd">
  <Description>
    <MeasurementUnit>pixel</MeasurementUnit>
    <sourceImageInformation>
      <fileName>0044.jpg</fileName>
    </sourceImageInformation>
  </Description>
  <Tags>
    <OtherTag ID="BT1" LABEL="Title" DESCRIPTION="block type Title"/><OtherTag ID="BT2" LABEL="Main" DESCRIPTION="block type Main"/><OtherTag ID="BT3" LABEL="Commentary" DESCRIPTION="block type Commentary"/><OtherTag ID="BT4" LABEL="Illustration" DESCRIPTION="block type Illustration"/><OtherTag ID="BT3208" LABEL="heading" DESCRIPTION="block type heading"/><OtherTag ID="BT3209" LABEL="header" DESCRIPTION="block type header"/><OtherTag ID="BT3210" LABEL="paragraph" DESCRIPTION="block type paragraph"/><OtherTag ID="BT3211" LABEL="l-column" DESCRIPTION="block type l-column"/><OtherTag ID="BT3212" LABEL="r-column" DESCRIPTION="block type r-column"/><OtherTag ID="BT3213" LABEL="footnote" DESCRIPTION="block type footnote"/><OtherTag ID="BT3214" LABEL="marginalia" DESCRIPTION="block type marginalia"/><OtherTag ID="BT3215" LABEL="catch-word" DESCRIPTION="block type catch-word"/><OtherTag ID="BT3216" LABEL="column" DESCRIPTION="block type column"/>
  </Tags>
  <Layout>
    <Page WIDTH="682"
          HEIGHT="1079"
          PHYSICAL_IMG_NR="18"
          ID="eSc_dummypage_">
      <PrintSpace HPOS="0"
                  VPOS="0"
                  WIDTH="682"
                  HEIGHT="1079">
        <TextBlock HPOS="126"
                   VPOS="104"
                   WIDTH="68"
                   HEIGHT="33"
                   ID="region_1718639319211_139"
                   TAGREFS="BT3208">
          <Shape><Polygon POINTS="180 137 126 137 126 104 194 104"/></Shape>
          <TextLine ID="eSc_line_acf13b8d"
                    BASELINE="136 135 172 134" 
                    HPOS="136"
                    VPOS="134"
                    WIDTH="36"
                    HEIGHT="1">
	    <String CONTENT=""
                    HPOS="136"
                    VPOS="134"
                    WIDTH="36"
                    HEIGHT="1"></String>
          </TextLine>
        </TextBlock>
        <TextBlock HPOS="205"
                   VPOS="144"
                   WIDTH="399"
                   HEIGHT="64"
                   ID="region_1718639322599_142"
                   TAGREFS="BT3208">
          <Shape><Polygon POINTS="541 208 205 208 205 146 604 144"/></Shape>
          <TextLine ID="eSc_line_a79c46fd"
                    BASELINE="210 207 534 204" 
                    HPOS="210"
                    VPOS="204"
                    WIDTH="324"
                    HEIGHT="3">
	    <String CONTENT=""
                    HPOS="210"
                    VPOS="204"
                    WIDTH="324"
                    HEIGHT="3"></String>
          </TextLine>
        </TextBlock>
        <TextBlock HPOS="288"
                   VPOS="97"
                   WIDTH="207"
                   HEIGHT="40"
                   ID="region_1718639316472_136"
                   TAGREFS="BT3209">
          <Shape><Polygon POINTS="459 137 288 137 288 98 495 97"/></Shape>
          <TextLine ID="eSc_line_06ebb50c"
                    BASELINE="291 133 452 135" 
                    HPOS="291"
                    VPOS="133"
                    WIDTH="161"
                    HEIGHT="2">
	    <String CONTENT=""
                    HPOS="291"
                    VPOS="133"
                    WIDTH="161"
                    HEIGHT="2"></String>
          </TextLine>
        </TextBlock>
        <TextBlock HPOS="190"
                   VPOS="299"
                   WIDTH="85"
                   HEIGHT="95"
                   ID="region_1718639344691_151"
                   TAGREFS="BT3210">
          <Shape><Polygon POINTS="275 394 201 394 190 299 275 301"/></Shape>
          <TextLine ID="eSc_line_8755bbc7"
                    BASELINE="275 351 492 358" 
                    HPOS="275"
                    VPOS="351"
                    WIDTH="217"
                    HEIGHT="7">
	    <String CONTENT=""
                    HPOS="275"
                    VPOS="351"
                    WIDTH="217"
                    HEIGHT="7"></String>
          </TextLine>
        </TextBlock>
        <TextBlock HPOS="273"
                   VPOS="262"
                   WIDTH="229"
                   HEIGHT="44"
                   ID="region_1718639338883_148"
                   TAGREFS="BT3208">
          <Shape><Polygon POINTS="481 306 273 306 273 265 502 262"/></Shape>
          <TextLine ID="eSc_line_cad6dc37"
                    BASELINE="278 298 477 300" 
                    HPOS="278"
                    VPOS="298"
                    WIDTH="199"
                    HEIGHT="2">
	    <String CONTENT=""
                    HPOS="278"
                    VPOS="298"
                    WIDTH="199"
                    HEIGHT="2"></String>
          </TextLine>
        </TextBlock>
        <TextBlock HPOS="189"
                   VPOS="306"
                   WIDTH="348"
                   HEIGHT="523"
                   ID="region_1718639350947_154"
                   TAGREFS="BT3210">
          <Shape><Polygon POINTS="536 827 189 829 199 396 231 395 275 396 279 306 537 306"/></Shape>
          <TextLine ID="eSc_line_1b8cff50"
                    BASELINE="201 416 435 417" 
                    HPOS="201"
                    VPOS="416"
                    WIDTH="234"
                    HEIGHT="1">
	    <String CONTENT=""
                    HPOS="201"
                    VPOS="416"
                    WIDTH="234"
                    HEIGHT="1"></String>
          </TextLine>
          <TextLine ID="eSc_line_820f6509"
                    BASELINE="278 394 514 398" 
                    HPOS="278"
                    VPOS="394"
                    WIDTH="236"
                    HEIGHT="4">
	    <String CONTENT=""
                    HPOS="278"
                    VPOS="394"
                    WIDTH="236"
                    HEIGHT="4"></String>
          </TextLine>
          <TextLine ID="eSc_line_e3e3f48e"
                    BASELINE="348 373 431 375" 
                    HPOS="348"
                    VPOS="373"
                    WIDTH="83"
                    HEIGHT="2">
	    <String CONTENT=""
                    HPOS="348"
                    VPOS="373"
                    WIDTH="83"
                    HEIGHT="2"></String>
          </TextLine>
          <TextLine ID="eSc_line_394425d2"
                    BASELINE="199 438 443 438" 
                    HPOS="199"
                    VPOS="438"
                    WIDTH="244"
                    HEIGHT="0">
	    <String CONTENT=""
                    HPOS="199"
                    VPOS="438"
                    WIDTH="244"
                    HEIGHT="0"></String>
          </TextLine>
          <TextLine ID="eSc_line_e3d38f00"
                    BASELINE="218 483 464 485" 
                    HPOS="218"
                    VPOS="483"
                    WIDTH="246"
                    HEIGHT="2">
	    <String CONTENT=""
                    HPOS="218"
                    VPOS="483"
                    WIDTH="246"
                    HEIGHT="2"></String>
          </TextLine>
          <TextLine ID="eSc_line_31bfe852"
                    BASELINE="200 524 462 525" 
                    HPOS="200"
                    VPOS="524"
                    WIDTH="262"
                    HEIGHT="1">
	    <String CONTENT=""
                    HPOS="200"
                    VPOS="524"
                    WIDTH="262"
                    HEIGHT="1"></String>
          </TextLine>
          <TextLine ID="eSc_line_50676c3f"
                    BASELINE="306 505 412 504" 
                    HPOS="306"
                    VPOS="504"
                    WIDTH="106"
                    HEIGHT="1">
	    <String CONTENT=""
                    HPOS="306"
                    VPOS="504"
                    WIDTH="106"
                    HEIGHT="1"></String>
          </TextLine>
          <TextLine ID="eSc_line_7b955ee8"
                    BASELINE="199 543 488 546" 
                    HPOS="199"
                    VPOS="543"
                    WIDTH="289"
                    HEIGHT="3">
	    <String CONTENT=""
                    HPOS="199"
                    VPOS="543"
                    WIDTH="289"
                    HEIGHT="3"></String>
          </TextLine>
          <TextLine ID="eSc_line_e943bfd1"
                    BASELINE="197 564 477 566" 
                    HPOS="197"
                    VPOS="564"
                    WIDTH="280"
                    HEIGHT="2">
	    <String CONTENT=""
                    HPOS="197"
                    VPOS="564"
                    WIDTH="280"
                    HEIGHT="2"></String>
          </TextLine>
          <TextLine ID="eSc_line_62254375"
                    BASELINE="217 611 460 614" 
                    HPOS="217"
                    VPOS="611"
                    WIDTH="243"
                    HEIGHT="3">
	    <String CONTENT=""
                    HPOS="217"
                    VPOS="611"
                    WIDTH="243"
                    HEIGHT="3"></String>
          </TextLine>
          <TextLine ID="eSc_line_c0c6d882"
                    BASELINE="202 649 465 650" 
                    HPOS="202"
                    VPOS="649"
                    WIDTH="263"
                    HEIGHT="1">
	    <String CONTENT=""
                    HPOS="202"
                    VPOS="649"
                    WIDTH="263"
                    HEIGHT="1"></String>
          </TextLine>
          <TextLine ID="eSc_line_31e75348"
                    BASELINE="301 630 417 631" 
                    HPOS="301"
                    VPOS="630"
                    WIDTH="116"
                    HEIGHT="1">
	    <String CONTENT=""
                    HPOS="301"
                    VPOS="630"
                    WIDTH="116"
                    HEIGHT="1"></String>
          </TextLine>
          <TextLine ID="eSc_line_cf7da5e8"
                    BASELINE="200 671 492 672" 
                    HPOS="200"
                    VPOS="671"
                    WIDTH="292"
                    HEIGHT="1">
	    <String CONTENT=""
                    HPOS="200"
                    VPOS="671"
                    WIDTH="292"
                    HEIGHT="1"></String>
          </TextLine>
          <TextLine ID="eSc_line_a599cac4"
                    BASELINE="195 693 423 696" 
                    HPOS="195"
                    VPOS="693"
                    WIDTH="228"
                    HEIGHT="3">
	    <String CONTENT=""
                    HPOS="195"
                    VPOS="693"
                    WIDTH="228"
                    HEIGHT="3"></String>
          </TextLine>
          <TextLine ID="eSc_line_ab9dacf7"
                    BASELINE="221 740 493 742" 
                    HPOS="221"
                    VPOS="740"
                    WIDTH="272"
                    HEIGHT="2">
	    <String CONTENT=""
                    HPOS="221"
                    VPOS="740"
                    WIDTH="272"
                    HEIGHT="2"></String>
          </TextLine>
          <TextLine ID="eSc_line_4b0c7bed"
                    BASELINE="201 782 455 786" 
                    HPOS="201"
                    VPOS="782"
                    WIDTH="254"
                    HEIGHT="4">
	    <String CONTENT=""
                    HPOS="201"
                    VPOS="782"
                    WIDTH="254"
                    HEIGHT="4"></String>
          </TextLine>
          <TextLine ID="eSc_line_b8a9c2f0"
                    BASELINE="302 759 419 763" 
                    HPOS="302"
                    VPOS="759"
                    WIDTH="117"
                    HEIGHT="4">
	    <String CONTENT=""
                    HPOS="302"
                    VPOS="759"
                    WIDTH="117"
                    HEIGHT="4"></String>
          </TextLine>
          <TextLine ID="eSc_line_111206af"
                    BASELINE="194 801 421 804" 
                    HPOS="194"
                    VPOS="801"
                    WIDTH="227"
                    HEIGHT="3">
	    <String CONTENT=""
                    HPOS="194"
                    VPOS="801"
                    WIDTH="227"
                    HEIGHT="3"></String>
          </TextLine>
          <TextLine ID="eSc_line_09a98822"
                    BASELINE="197 821 416 825" 
                    HPOS="197"
                    VPOS="821"
                    WIDTH="219"
                    HEIGHT="4">
	    <String CONTENT=""
                    HPOS="197"
                    VPOS="821"
                    WIDTH="219"
                    HEIGHT="4"></String>
          </TextLine>
        </TextBlock>
        <TextBlock HPOS="110"
                   VPOS="866"
                   WIDTH="263"
                   HEIGHT="140"
                   ID="region_1718639398436_169"
                   TAGREFS="BT3211">
          <Shape><Polygon POINTS="373 1006 121 1006 110 866 373 867"/></Shape>
          <TextLine ID="eSc_line_f0d6278a"
                    BASELINE="144 895 369 895" 
                    HPOS="144"
                    VPOS="895"
                    WIDTH="225"
                    HEIGHT="0">
	    <String CONTENT=""
                    HPOS="144"
                    VPOS="895"
                    WIDTH="225"
                    HEIGHT="0"></String>
          </TextLine>
          <TextLine ID="eSc_line_143ab1a3"
                    BASELINE="137 910 366 913" 
                    HPOS="137"
                    VPOS="910"
                    WIDTH="229"
                    HEIGHT="3">
	    <String CONTENT=""
                    HPOS="137"
                    VPOS="910"
                    WIDTH="229"
                    HEIGHT="3"></String>
          </TextLine>
          <TextLine ID="eSc_line_21106428"
                    BASELINE="134 927 368 928" 
                    HPOS="134"
                    VPOS="927"
                    WIDTH="234"
                    HEIGHT="1">
	    <String CONTENT=""
                    HPOS="134"
                    VPOS="927"
                    WIDTH="234"
                    HEIGHT="1"></String>
          </TextLine>
          <TextLine ID="eSc_line_04677145"
                    BASELINE="137 944 367 944" 
                    HPOS="137"
                    VPOS="944"
                    WIDTH="230"
                    HEIGHT="0">
	    <String CONTENT=""
                    HPOS="137"
                    VPOS="944"
                    WIDTH="230"
                    HEIGHT="0"></String>
          </TextLine>
          <TextLine ID="eSc_line_93cd42b4"
                    BASELINE="135 961 369 961" 
                    HPOS="135"
                    VPOS="961"
                    WIDTH="234"
                    HEIGHT="0">
	    <String CONTENT=""
                    HPOS="135"
                    VPOS="961"
                    WIDTH="234"
                    HEIGHT="0"></String>
          </TextLine>
          <TextLine ID="eSc_line_4d304447"
                    BASELINE="136 979 369 979" 
                    HPOS="136"
                    VPOS="979"
                    WIDTH="233"
                    HEIGHT="0">
	    <String CONTENT=""
                    HPOS="136"
                    VPOS="979"
                    WIDTH="233"
                    HEIGHT="0"></String>
          </TextLine>
          <TextLine ID="eSc_line_7d44d759"
                    BASELINE="133 996 368 998" 
                    HPOS="133"
                    VPOS="996"
                    WIDTH="235"
                    HEIGHT="2">
	    <String CONTENT=""
                    HPOS="133"
                    VPOS="996"
                    WIDTH="235"
                    HEIGHT="2"></String>
          </TextLine>
        </TextBlock>
        <TextBlock HPOS="379"
                   VPOS="868"
                   WIDTH="260"
                   HEIGHT="137"
                   ID="region_1718639403744_172"
                   TAGREFS="BT3212">
          <Shape><Polygon POINTS="627 1005 380 1005 379 871 639 868"/></Shape>
          <TextLine ID="eSc_line_9058d41e"
                    BASELINE="382 897 610 899" 
                    HPOS="382"
                    VPOS="897"
                    WIDTH="228"
                    HEIGHT="2">
	    <String CONTENT=""
                    HPOS="382"
                    VPOS="897"
                    WIDTH="228"
                    HEIGHT="2"></String>
          </TextLine>
          <TextLine ID="eSc_line_ad4f70ed"
                    BASELINE="381 911 485 913" 
                    HPOS="381"
                    VPOS="911"
                    WIDTH="104"
                    HEIGHT="2">
	    <String CONTENT=""
                    HPOS="381"
                    VPOS="911"
                    WIDTH="104"
                    HEIGHT="2"></String>
          </TextLine>
          <TextLine ID="eSc_line_a782a900"
                    BASELINE="395 940 613 942" 
                    HPOS="395"
                    VPOS="940"
                    WIDTH="218"
                    HEIGHT="2">
	    <String CONTENT=""
                    HPOS="395"
                    VPOS="940"
                    WIDTH="218"
                    HEIGHT="2"></String>
          </TextLine>
          <TextLine ID="eSc_line_87ab2ed3"
                    BASELINE="397 962 613 963" 
                    HPOS="397"
                    VPOS="962"
                    WIDTH="216"
                    HEIGHT="1">
	    <String CONTENT=""
                    HPOS="397"
                    VPOS="962"
                    WIDTH="216"
                    HEIGHT="1"></String>
          </TextLine>
          <TextLine ID="eSc_line_030fedb0"
                    BASELINE="383 978 613 980" 
                    HPOS="383"
                    VPOS="978"
                    WIDTH="230"
                    HEIGHT="2">
	    <String CONTENT=""
                    HPOS="383"
                    VPOS="978"
                    WIDTH="230"
                    HEIGHT="2"></String>
          </TextLine>
          <TextLine ID="eSc_line_ea080433"
                    BASELINE="382 995 417 997" 
                    HPOS="382"
                    VPOS="995"
                    WIDTH="35"
                    HEIGHT="2">
	    <String CONTENT=""
                    HPOS="382"
                    VPOS="995"
                    WIDTH="35"
                    HEIGHT="2"></String>
          </TextLine>
        </TextBlock>
        <TextBlock HPOS="566"
                   VPOS="825"
                   WIDTH="65"
                   HEIGHT="37"
                   ID="region_1718639384801_166"
                   TAGREFS="BT3208">
          <Shape><Polygon POINTS="615 862 566 862 566 830 631 825"/></Shape>
          <TextLine ID="eSc_line_1103b4b3"
                    BASELINE="575 858 611 859" 
                    HPOS="575"
                    VPOS="858"
                    WIDTH="36"
                    HEIGHT="1">
	    <String CONTENT=""
                    HPOS="575"
                    VPOS="858"
                    WIDTH="36"
                    HEIGHT="1"></String>
          </TextLine>
        </TextBlock>
      </PrintSpace>
    </Page>
  </Layout>
</alto>
