<?xml version="1.0" encoding="UTF-8"?>
<alto xmlns:xsi="http://www.w3.org/2001/XMLSchema-instance"
      xmlns="http://www.loc.gov/standards/alto/ns-v4#"
      xsi:schemaLocation="http://www.loc.gov/standards/alto/ns-v4# http://www.loc.gov/standards/alto/v4/alto-4-2.xsd">
  <Description>
    <MeasurementUnit>pixel</MeasurementUnit>
    <sourceImageInformation>
      <fileName>0049.jpg</fileName>
    </sourceImageInformation>
  </Description>
  <Tags>
    <OtherTag ID="BT1" LABEL="Title" DESCRIPTION="block type Title"/><OtherTag ID="BT2" LABEL="Main" DESCRIPTION="block type Main"/><OtherTag ID="BT3" LABEL="Commentary" DESCRIPTION="block type Commentary"/><OtherTag ID="BT4" LABEL="Illustration" DESCRIPTION="block type Illustration"/><OtherTag ID="BT3208" LABEL="heading" DESCRIPTION="block type heading"/><OtherTag ID="BT3209" LABEL="header" DESCRIPTION="block type header"/><OtherTag ID="BT3210" LABEL="paragraph" DESCRIPTION="block type paragraph"/><OtherTag ID="BT3211" LABEL="l-column" DESCRIPTION="block type l-column"/><OtherTag ID="BT3212" LABEL="r-column" DESCRIPTION="block type r-column"/><OtherTag ID="BT3213" LABEL="footnote" DESCRIPTION="block type footnote"/><OtherTag ID="BT3214" LABEL="marginalia" DESCRIPTION="block type marginalia"/><OtherTag ID="BT3215" LABEL="catch-word" DESCRIPTION="block type catch-word"/><OtherTag ID="BT3216" LABEL="column" DESCRIPTION="block type column"/>
  </Tags>
  <Layout>
    <Page WIDTH="682"
          HEIGHT="1079"
          PHYSICAL_IMG_NR="19"
          ID="eSc_dummypage_">
      <PrintSpace HPOS="0"
                  VPOS="0"
                  WIDTH="682"
                  HEIGHT="1079">
        <TextBlock HPOS="61"
                   VPOS="147"
                   WIDTH="338"
                   HEIGHT="64"
                   ID="region_1718640056301_322"
                   TAGREFS="BT3210">
          <Shape><Polygon POINTS="388 211 61 211 61 148 399 147"/></Shape>
          <TextLine ID="eSc_line_89b82957"
                    BASELINE="73 173 315 169" 
                    HPOS="73"
                    VPOS="169"
                    WIDTH="242"
                    HEIGHT="4">
	    <String CONTENT=""
                    HPOS="73"
                    VPOS="169"
                    WIDTH="242"
                    HEIGHT="4"></String>
          </TextLine>
          <TextLine ID="eSc_line_79d6c120"
                    BASELINE="72 193 333 186" 
                    HPOS="72"
                    VPOS="186"
                    WIDTH="261"
                    HEIGHT="7">
	    <String CONTENT=""
                    HPOS="72"
                    VPOS="186"
                    WIDTH="261"
                    HEIGHT="7"></String>
          </TextLine>
          <TextLine ID="eSc_line_37e6ccef"
                    BASELINE="72 211 378 207" 
                    HPOS="72"
                    VPOS="207"
                    WIDTH="306"
                    HEIGHT="4">
	    <String CONTENT=""
                    HPOS="72"
                    VPOS="207"
                    WIDTH="306"
                    HEIGHT="4"></String>
          </TextLine>
        </TextBlock>
        <TextBlock HPOS="68"
                   VPOS="219"
                   WIDTH="241"
                   HEIGHT="87"
                   ID="region_1718640063937_328"
                   TAGREFS="BT3211">
          <Shape><Polygon POINTS="309 306 68 306 68 220 68 259 99 260 99 219 309 220"/></Shape>
          <TextLine ID="eSc_line_887b1553"
                    BASELINE="100 241 301 236" 
                    HPOS="100"
                    VPOS="236"
                    WIDTH="201"
                    HEIGHT="5">
	    <String CONTENT=""
                    HPOS="100"
                    VPOS="236"
                    WIDTH="201"
                    HEIGHT="5"></String>
          </TextLine>
          <TextLine ID="eSc_line_57313774"
                    BASELINE="106 255 302 253" 
                    HPOS="106"
                    VPOS="253"
                    WIDTH="196"
                    HEIGHT="2">
	    <String CONTENT=""
                    HPOS="106"
                    VPOS="253"
                    WIDTH="196"
                    HEIGHT="2"></String>
          </TextLine>
          <TextLine ID="eSc_line_9104c0f7"
                    BASELINE="73 273 304 269" 
                    HPOS="73"
                    VPOS="269"
                    WIDTH="231"
                    HEIGHT="4">
	    <String CONTENT=""
                    HPOS="73"
                    VPOS="269"
                    WIDTH="231"
                    HEIGHT="4"></String>
          </TextLine>
          <TextLine ID="eSc_line_af8e50cb"
                    BASELINE="70 292 303 286" 
                    HPOS="70"
                    VPOS="286"
                    WIDTH="233"
                    HEIGHT="6">
	    <String CONTENT=""
                    HPOS="70"
                    VPOS="286"
                    WIDTH="233"
                    HEIGHT="6"></String>
          </TextLine>
          <TextLine ID="eSc_line_3c6bdf29"
                    BASELINE="73 305 301 302" 
                    HPOS="73"
                    VPOS="302"
                    WIDTH="228"
                    HEIGHT="3">
	    <String CONTENT=""
                    HPOS="73"
                    VPOS="302"
                    WIDTH="228"
                    HEIGHT="3"></String>
          </TextLine>
        </TextBlock>
        <TextBlock HPOS="236"
                   VPOS="95"
                   WIDTH="161"
                   HEIGHT="36"
                   ID="region_1718640049665_316"
                   TAGREFS="BT3209">
          <Shape><Polygon POINTS="386 131 236 131 236 96 397 95"/></Shape>
          <TextLine ID="eSc_line_3e98a670"
                    BASELINE="239 129 382 129" 
                    HPOS="239"
                    VPOS="129"
                    WIDTH="143"
                    HEIGHT="0">
	    <String CONTENT=""
                    HPOS="239"
                    VPOS="129"
                    WIDTH="143"
                    HEIGHT="0"></String>
          </TextLine>
        </TextBlock>
        <TextBlock HPOS="308"
                   VPOS="219"
                   WIDTH="242"
                   HEIGHT="85"
                   ID="region_1718640068425_331"
                   TAGREFS="BT3212">
          <Shape><Polygon POINTS="550 304 308 304 308 219 550 219"/></Shape>
          <TextLine ID="eSc_line_b2f5befe"
                    BASELINE="315 238 547 232" 
                    HPOS="315"
                    VPOS="232"
                    WIDTH="232"
                    HEIGHT="6">
	    <String CONTENT=""
                    HPOS="315"
                    VPOS="232"
                    WIDTH="232"
                    HEIGHT="6"></String>
          </TextLine>
          <TextLine ID="eSc_line_66eaff2b"
                    BASELINE="313 255 546 249" 
                    HPOS="313"
                    VPOS="249"
                    WIDTH="233"
                    HEIGHT="6">
	    <String CONTENT=""
                    HPOS="313"
                    VPOS="249"
                    WIDTH="233"
                    HEIGHT="6"></String>
          </TextLine>
          <TextLine ID="eSc_line_e9f037be"
                    BASELINE="314 271 546 264" 
                    HPOS="314"
                    VPOS="264"
                    WIDTH="232"
                    HEIGHT="7">
	    <String CONTENT=""
                    HPOS="314"
                    VPOS="264"
                    WIDTH="232"
                    HEIGHT="7"></String>
          </TextLine>
          <TextLine ID="eSc_line_8520db50"
                    BASELINE="315 284 546 283" 
                    HPOS="315"
                    VPOS="283"
                    WIDTH="231"
                    HEIGHT="1">
	    <String CONTENT=""
                    HPOS="315"
                    VPOS="283"
                    WIDTH="231"
                    HEIGHT="1"></String>
          </TextLine>
          <TextLine ID="eSc_line_859e5779"
                    BASELINE="316 303 514 302" 
                    HPOS="316"
                    VPOS="302"
                    WIDTH="198"
                    HEIGHT="1">
	    <String CONTENT=""
                    HPOS="316"
                    VPOS="302"
                    WIDTH="198"
                    HEIGHT="1"></String>
          </TextLine>
        </TextBlock>
        <TextBlock HPOS="210"
                   VPOS="332"
                   WIDTH="208"
                   HEIGHT="47"
                   ID="region_1718640084609_337"
                   TAGREFS="BT3208">
          <Shape><Polygon POINTS="408 378 210 379 210 336 418 332"/></Shape>
          <TextLine ID="eSc_line_4900d62e"
                    BASELINE="224 377 406 375" 
                    HPOS="224"
                    VPOS="375"
                    WIDTH="182"
                    HEIGHT="2">
	    <String CONTENT=""
                    HPOS="224"
                    VPOS="375"
                    WIDTH="182"
                    HEIGHT="2"></String>
          </TextLine>
        </TextBlock>
        <TextBlock HPOS="63"
                   VPOS="384"
                   WIDTH="487"
                   HEIGHT="172"
                   ID="region_1718640092513_343"
                   TAGREFS="BT3210">
          <Shape><Polygon POINTS="550 556 67 554 63 433 83 433 115 432 109 384 545 388"/></Shape>
          <TextLine ID="eSc_line_e0396c5b"
                    BASELINE="114 410 419 404" 
                    HPOS="114"
                    VPOS="404"
                    WIDTH="305"
                    HEIGHT="6">
	    <String CONTENT=""
                    HPOS="114"
                    VPOS="404"
                    WIDTH="305"
                    HEIGHT="6"></String>
          </TextLine>
          <TextLine ID="eSc_line_2b4457d1"
                    BASELINE="120 432 386 423" 
                    HPOS="120"
                    VPOS="423"
                    WIDTH="266"
                    HEIGHT="9">
	    <String CONTENT=""
                    HPOS="120"
                    VPOS="423"
                    WIDTH="266"
                    HEIGHT="9"></String>
          </TextLine>
          <TextLine ID="eSc_line_4e6e3aa2"
                    BASELINE="78 452 412 440" 
                    HPOS="78"
                    VPOS="440"
                    WIDTH="334"
                    HEIGHT="12">
	    <String CONTENT=""
                    HPOS="78"
                    VPOS="440"
                    WIDTH="334"
                    HEIGHT="12"></String>
          </TextLine>
          <TextLine ID="eSc_line_73e29a41"
                    BASELINE="79 472 541 463" 
                    HPOS="79"
                    VPOS="463"
                    WIDTH="462"
                    HEIGHT="9">
	    <String CONTENT=""
                    HPOS="79"
                    VPOS="463"
                    WIDTH="462"
                    HEIGHT="9"></String>
          </TextLine>
          <TextLine ID="eSc_line_dac84ea7"
                    BASELINE="110 498 461 495" 
                    HPOS="110"
                    VPOS="495"
                    WIDTH="351"
                    HEIGHT="3">
	    <String CONTENT=""
                    HPOS="110"
                    VPOS="495"
                    WIDTH="351"
                    HEIGHT="3"></String>
          </TextLine>
          <TextLine ID="eSc_line_213bf031"
                    BASELINE="84 519 398 515" 
                    HPOS="84"
                    VPOS="515"
                    WIDTH="314"
                    HEIGHT="4">
	    <String CONTENT=""
                    HPOS="84"
                    VPOS="515"
                    WIDTH="314"
                    HEIGHT="4"></String>
          </TextLine>
          <TextLine ID="eSc_line_4131bffd"
                    BASELINE="88 540 348 537" 
                    HPOS="88"
                    VPOS="537"
                    WIDTH="260"
                    HEIGHT="3">
	    <String CONTENT=""
                    HPOS="88"
                    VPOS="537"
                    WIDTH="260"
                    HEIGHT="3"></String>
          </TextLine>
        </TextBlock>
        <TextBlock HPOS="504"
                   VPOS="88"
                   WIDTH="58"
                   HEIGHT="51"
                   ID="region_1718640052001_319"
                   TAGREFS="BT3208">
          <Shape><Polygon POINTS="543 139 504 139 504 88 562 95"/></Shape>
          <TextLine ID="eSc_line_d1d9a2e2"
                    BASELINE="513 127 541 127" 
                    HPOS="513"
                    VPOS="127"
                    WIDTH="28"
                    HEIGHT="0">
	    <String CONTENT=""
                    HPOS="513"
                    VPOS="127"
                    WIDTH="28"
                    HEIGHT="0"></String>
          </TextLine>
        </TextBlock>
        <TextBlock HPOS="152"
                   VPOS="582"
                   WIDTH="355"
                   HEIGHT="39"
                   ID="region_1718640107120_349"
                   TAGREFS="BT3208">
          <Shape><Polygon POINTS="482 621 152 621 152 587 507 582"/></Shape>
          <TextLine ID="eSc_line_e6155475"
                    BASELINE="161 620 483 619" 
                    HPOS="161"
                    VPOS="619"
                    WIDTH="322"
                    HEIGHT="1">
	    <String CONTENT=""
                    HPOS="161"
                    VPOS="619"
                    WIDTH="322"
                    HEIGHT="1"></String>
          </TextLine>
        </TextBlock>
        <TextBlock HPOS="72"
                   VPOS="626"
                   WIDTH="441"
                   HEIGHT="132"
                   ID="region_1718640113813_355"
                   TAGREFS="BT3210">
          <Shape><Polygon POINTS="513 758 72 758 72 678 135 676 136 681 135 629 513 626"/></Shape>
          <TextLine ID="eSc_line_a932ad6d"
                    BASELINE="136 657 472 651" 
                    HPOS="136"
                    VPOS="651"
                    WIDTH="336"
                    HEIGHT="6">
	    <String CONTENT=""
                    HPOS="136"
                    VPOS="651"
                    WIDTH="336"
                    HEIGHT="6"></String>
          </TextLine>
          <TextLine ID="eSc_line_ff231aae"
                    BASELINE="141 678 401 673" 
                    HPOS="141"
                    VPOS="673"
                    WIDTH="260"
                    HEIGHT="5">
	    <String CONTENT=""
                    HPOS="141"
                    VPOS="673"
                    WIDTH="260"
                    HEIGHT="5"></String>
          </TextLine>
          <TextLine ID="eSc_line_f266aa0d"
                    BASELINE="85 700 502 691" 
                    HPOS="85"
                    VPOS="691"
                    WIDTH="417"
                    HEIGHT="9">
	    <String CONTENT=""
                    HPOS="85"
                    VPOS="691"
                    WIDTH="417"
                    HEIGHT="9"></String>
          </TextLine>
          <TextLine ID="eSc_line_ca4c14d8"
                    BASELINE="89 717 318 714" 
                    HPOS="89"
                    VPOS="714"
                    WIDTH="229"
                    HEIGHT="3">
	    <String CONTENT=""
                    HPOS="89"
                    VPOS="714"
                    WIDTH="229"
                    HEIGHT="3"></String>
          </TextLine>
          <TextLine ID="eSc_line_69935b15"
                    BASELINE="88 740 452 736" 
                    HPOS="88"
                    VPOS="736"
                    WIDTH="364"
                    HEIGHT="4">
	    <String CONTENT=""
                    HPOS="88"
                    VPOS="736"
                    WIDTH="364"
                    HEIGHT="4"></String>
          </TextLine>
          <TextLine ID="eSc_line_16be3cf5"
                    BASELINE="91 756 383 758" 
                    HPOS="91"
                    VPOS="756"
                    WIDTH="292"
                    HEIGHT="2">
	    <String CONTENT=""
                    HPOS="91"
                    VPOS="756"
                    WIDTH="292"
                    HEIGHT="2"></String>
          </TextLine>
        </TextBlock>
        <TextBlock HPOS="145"
                   VPOS="791"
                   WIDTH="367"
                   HEIGHT="46"
                   ID="region_1718640139793_361"
                   TAGREFS="BT3208">
          <Shape><Polygon POINTS="512 828 145 837 145 791 509 791"/></Shape>
          <TextLine ID="eSc_line_11a20018"
                    BASELINE="158 832 502 827" 
                    HPOS="158"
                    VPOS="827"
                    WIDTH="344"
                    HEIGHT="5">
	    <String CONTENT=""
                    HPOS="158"
                    VPOS="827"
                    WIDTH="344"
                    HEIGHT="5"></String>
          </TextLine>
        </TextBlock>
        <TextBlock HPOS="121"
                   VPOS="836"
                   WIDTH="48"
                   HEIGHT="49"
                   ID="region_1718640142392_364"
                   TAGREFS="BT3210">
          <Shape><Polygon POINTS="169 884 125 885 121 837 166 836"/></Shape>
          <TextLine ID="eSc_line_733418e7"
                    BASELINE="167 864 424 861" 
                    HPOS="167"
                    VPOS="861"
                    WIDTH="257"
                    HEIGHT="3">
	    <String CONTENT=""
                    HPOS="167"
                    VPOS="861"
                    WIDTH="257"
                    HEIGHT="3"></String>
          </TextLine>
        </TextBlock>
        <TextBlock HPOS="120"
                   VPOS="835"
                   WIDTH="370"
                   HEIGHT="139"
                   ID="region_1718640145668_367"
                   TAGREFS="BT3210">
          <Shape><Polygon POINTS="490 974 120 974 120 914 120 888 169 886 166 835 490 836"/></Shape>
          <TextLine ID="eSc_line_226f5910"
                    BASELINE="138 906 407 902" 
                    HPOS="138"
                    VPOS="902"
                    WIDTH="269"
                    HEIGHT="4">
	    <String CONTENT=""
                    HPOS="138"
                    VPOS="902"
                    WIDTH="269"
                    HEIGHT="4"></String>
          </TextLine>
          <TextLine ID="eSc_line_926721b4"
                    BASELINE="136 928 432 921" 
                    HPOS="136"
                    VPOS="921"
                    WIDTH="296"
                    HEIGHT="7">
	    <String CONTENT=""
                    HPOS="136"
                    VPOS="921"
                    WIDTH="296"
                    HEIGHT="7"></String>
          </TextLine>
          <TextLine ID="eSc_line_cf19588a"
                    BASELINE="135 949 454 943" 
                    HPOS="135"
                    VPOS="943"
                    WIDTH="319"
                    HEIGHT="6">
	    <String CONTENT=""
                    HPOS="135"
                    VPOS="943"
                    WIDTH="319"
                    HEIGHT="6"></String>
          </TextLine>
          <TextLine ID="eSc_line_137c1261"
                    BASELINE="133 970 370 966" 
                    HPOS="133"
                    VPOS="966"
                    WIDTH="237"
                    HEIGHT="4">
	    <String CONTENT=""
                    HPOS="133"
                    VPOS="966"
                    WIDTH="237"
                    HEIGHT="4"></String>
          </TextLine>
        </TextBlock>
        <TextBlock HPOS="509"
                   VPOS="950"
                   WIDTH="84"
                   HEIGHT="35"
                   ID="region_1718640148360_370"
                   TAGREFS="BT3208">
          <Shape><Polygon POINTS="571 985 509 985 509 950 593 967"/></Shape>
          <TextLine ID="eSc_line_a45adfed"
                    BASELINE="521 982 572 980" 
                    HPOS="521"
                    VPOS="980"
                    WIDTH="51"
                    HEIGHT="2">
	    <String CONTENT=""
                    HPOS="521"
                    VPOS="980"
                    WIDTH="51"
                    HEIGHT="2"></String>
          </TextLine>
        </TextBlock>
        <TextBlock HPOS="75"
                   VPOS="630"
                   WIDTH="59"
                   HEIGHT="47"
                   ID="region_1718640110105_352"
                   TAGREFS="BT3210">
          <Shape><Polygon POINTS="134 677 75 677 75 630 134 630"/></Shape>
        </TextBlock>
        <TextBlock HPOS="69"
                   VPOS="378"
                   WIDTH="44"
                   HEIGHT="54"
                   ID="region_1718640087133_340"
                   TAGREFS="BT3210">
          <Shape><Polygon POINTS="113 432 69 432 69 378 113 378"/></Shape>
        </TextBlock>
        <TextBlock HPOS="67"
                   VPOS="224"
                   WIDTH="34"
                   HEIGHT="32"
                   ID="region_1718640059953_325"
                   TAGREFS="BT3210">
          <Shape><Polygon POINTS="101 256 67 256 67 224 101 224"/></Shape>
        </TextBlock>
        <TextBlock ID="eSc_dummyblock_">
          <TextLine ID="eSc_line_14e983f1"
                    BASELINE="84 557 536 552" 
                    HPOS="84"
                    VPOS="552"
                    WIDTH="452"
                    HEIGHT="5">
	    <String CONTENT=""
                    HPOS="84"
                    VPOS="552"
                    WIDTH="452"
                    HEIGHT="5"></String>
          </TextLine>
          <TextLine ID="eSc_line_af42f10f"
                    BASELINE="168 886 472 882" 
                    HPOS="168"
                    VPOS="882"
                    WIDTH="304"
                    HEIGHT="4">
	    <String CONTENT=""
                    HPOS="168"
                    VPOS="882"
                    WIDTH="304"
                    HEIGHT="4"></String>
          </TextLine>
        </TextBlock>
      </PrintSpace>
    </Page>
  </Layout>
</alto>
