<?xml version="1.0" encoding="UTF-8"?>
<alto xmlns:xsi="http://www.w3.org/2001/XMLSchema-instance"
      xmlns="http://www.loc.gov/standards/alto/ns-v4#"
      xsi:schemaLocation="http://www.loc.gov/standards/alto/ns-v4# http://www.loc.gov/standards/alto/v4/alto-4-2.xsd">
  <Description>
    <MeasurementUnit>pixel</MeasurementUnit>
    <sourceImageInformation>
      <fileName>0057.jpg</fileName>
    </sourceImageInformation>
  </Description>
  <Tags>
    <OtherTag ID="BT1" LABEL="Title" DESCRIPTION="block type Title"/><OtherTag ID="BT2" LABEL="Main" DESCRIPTION="block type Main"/><OtherTag ID="BT3" LABEL="Commentary" DESCRIPTION="block type Commentary"/><OtherTag ID="BT4" LABEL="Illustration" DESCRIPTION="block type Illustration"/><OtherTag ID="BT3208" LABEL="heading" DESCRIPTION="block type heading"/><OtherTag ID="BT3209" LABEL="header" DESCRIPTION="block type header"/><OtherTag ID="BT3210" LABEL="paragraph" DESCRIPTION="block type paragraph"/><OtherTag ID="BT3211" LABEL="l-column" DESCRIPTION="block type l-column"/><OtherTag ID="BT3212" LABEL="r-column" DESCRIPTION="block type r-column"/><OtherTag ID="BT3213" LABEL="footnote" DESCRIPTION="block type footnote"/><OtherTag ID="BT3214" LABEL="marginalia" DESCRIPTION="block type marginalia"/><OtherTag ID="BT3215" LABEL="catch-word" DESCRIPTION="block type catch-word"/><OtherTag ID="BT3216" LABEL="column" DESCRIPTION="block type column"/>
  </Tags>
  <Layout>
    <Page WIDTH="682"
          HEIGHT="1079"
          PHYSICAL_IMG_NR="16"
          ID="eSc_dummypage_">
      <PrintSpace HPOS="0"
                  VPOS="0"
                  WIDTH="682"
                  HEIGHT="1079">
        <TextBlock HPOS="37"
                   VPOS="138"
                   WIDTH="490"
                   HEIGHT="262"
                   ID="region_1718452014222_362"
                   TAGREFS="BT3210">
          <Shape><Polygon POINTS="527 398 37 400 37 138 519 138"/></Shape>
          <TextLine ID="eSc_line_3a58d288"
                    BASELINE="46 164 388 165" 
                    HPOS="46"
                    VPOS="164"
                    WIDTH="342"
                    HEIGHT="1">
	    <String CONTENT=""
                    HPOS="46"
                    VPOS="164"
                    WIDTH="342"
                    HEIGHT="1"></String>
          </TextLine>
          <TextLine ID="eSc_line_2eab7cf7"
                    BASELINE="43 185 479 185" 
                    HPOS="43"
                    VPOS="185"
                    WIDTH="436"
                    HEIGHT="0">
	    <String CONTENT=""
                    HPOS="43"
                    VPOS="185"
                    WIDTH="436"
                    HEIGHT="0"></String>
          </TextLine>
          <TextLine ID="eSc_line_e757f2ba"
                    BASELINE="43 206 454 207" 
                    HPOS="43"
                    VPOS="206"
                    WIDTH="411"
                    HEIGHT="1">
	    <String CONTENT=""
                    HPOS="43"
                    VPOS="206"
                    WIDTH="411"
                    HEIGHT="1"></String>
          </TextLine>
          <TextLine ID="eSc_line_3a9c9061"
                    BASELINE="42 227 461 226" 
                    HPOS="42"
                    VPOS="226"
                    WIDTH="419"
                    HEIGHT="1">
	    <String CONTENT=""
                    HPOS="42"
                    VPOS="226"
                    WIDTH="419"
                    HEIGHT="1"></String>
          </TextLine>
          <TextLine ID="eSc_line_9cee3812"
                    BASELINE="63 248 433 246" 
                    HPOS="63"
                    VPOS="246"
                    WIDTH="370"
                    HEIGHT="2">
	    <String CONTENT=""
                    HPOS="63"
                    VPOS="246"
                    WIDTH="370"
                    HEIGHT="2"></String>
          </TextLine>
          <TextLine ID="eSc_line_7d5118b3"
                    BASELINE="44 267 434 266" 
                    HPOS="44"
                    VPOS="266"
                    WIDTH="390"
                    HEIGHT="1">
	    <String CONTENT=""
                    HPOS="44"
                    VPOS="266"
                    WIDTH="390"
                    HEIGHT="1"></String>
          </TextLine>
          <TextLine ID="eSc_line_64bac77c"
                    BASELINE="41 289 454 288" 
                    HPOS="41"
                    VPOS="288"
                    WIDTH="413"
                    HEIGHT="1">
	    <String CONTENT=""
                    HPOS="41"
                    VPOS="288"
                    WIDTH="413"
                    HEIGHT="1"></String>
          </TextLine>
          <TextLine ID="eSc_line_d2f4d6a0"
                    BASELINE="44 307 460 309" 
                    HPOS="44"
                    VPOS="307"
                    WIDTH="416"
                    HEIGHT="2">
	    <String CONTENT=""
                    HPOS="44"
                    VPOS="307"
                    WIDTH="416"
                    HEIGHT="2"></String>
          </TextLine>
          <TextLine ID="eSc_line_02f4f85a"
                    BASELINE="44 328 469 329" 
                    HPOS="44"
                    VPOS="328"
                    WIDTH="425"
                    HEIGHT="1">
	    <String CONTENT=""
                    HPOS="44"
                    VPOS="328"
                    WIDTH="425"
                    HEIGHT="1"></String>
          </TextLine>
          <TextLine ID="eSc_line_0866789a"
                    BASELINE="45 348 474 350" 
                    HPOS="45"
                    VPOS="348"
                    WIDTH="429"
                    HEIGHT="2">
	    <String CONTENT=""
                    HPOS="45"
                    VPOS="348"
                    WIDTH="429"
                    HEIGHT="2"></String>
          </TextLine>
          <TextLine ID="eSc_line_5348f8ca"
                    BASELINE="43 369 490 371" 
                    HPOS="43"
                    VPOS="369"
                    WIDTH="447"
                    HEIGHT="2">
	    <String CONTENT=""
                    HPOS="43"
                    VPOS="369"
                    WIDTH="447"
                    HEIGHT="2"></String>
          </TextLine>
          <TextLine ID="eSc_line_8429c5fc"
                    BASELINE="43 392 456 392" 
                    HPOS="43"
                    VPOS="392"
                    WIDTH="413"
                    HEIGHT="0">
	    <String CONTENT=""
                    HPOS="43"
                    VPOS="392"
                    WIDTH="413"
                    HEIGHT="0"></String>
          </TextLine>
        </TextBlock>
        <TextBlock HPOS="170"
                   VPOS="96"
                   WIDTH="215"
                   HEIGHT="32"
                   ID="region_1718452007346_356"
                   TAGREFS="BT3209">
          <Shape><Polygon POINTS="385 128 170 126 170 96 367 96"/></Shape>
          <TextLine ID="eSc_line_6d676927"
                    BASELINE="177 126 372 127" 
                    HPOS="177"
                    VPOS="126"
                    WIDTH="195"
                    HEIGHT="1">
	    <String CONTENT=""
                    HPOS="177"
                    VPOS="126"
                    WIDTH="195"
                    HEIGHT="1"></String>
          </TextLine>
        </TextBlock>
        <TextBlock HPOS="44"
                   VPOS="419"
                   WIDTH="489"
                   HEIGHT="99"
                   ID="region_1718452045970_370"
                   TAGREFS="BT3208">
          <Shape><Polygon POINTS="531 518 44 518 46 419 533 419"/></Shape>
          <TextLine ID="eSc_line_0f9cf8d9"
                    BASELINE="214 456 341 459" 
                    HPOS="214"
                    VPOS="456"
                    WIDTH="127"
                    HEIGHT="3">
	    <String CONTENT=""
                    HPOS="214"
                    VPOS="456"
                    WIDTH="127"
                    HEIGHT="3"></String>
          </TextLine>
          <TextLine ID="eSc_line_f24f6982"
                    BASELINE="69 490 497 496" 
                    HPOS="69"
                    VPOS="490"
                    WIDTH="428"
                    HEIGHT="6">
	    <String CONTENT=""
                    HPOS="69"
                    VPOS="490"
                    WIDTH="428"
                    HEIGHT="6"></String>
          </TextLine>
          <TextLine ID="eSc_line_c131c00b"
                    BASELINE="201 515 346 515" 
                    HPOS="201"
                    VPOS="515"
                    WIDTH="145"
                    HEIGHT="0">
	    <String CONTENT=""
                    HPOS="201"
                    VPOS="515"
                    WIDTH="145"
                    HEIGHT="0"></String>
          </TextLine>
        </TextBlock>
        <TextBlock HPOS="458"
                   VPOS="96"
                   WIDTH="55"
                   HEIGHT="33"
                   ID="region_1718452010386_359"
                   TAGREFS="BT3208">
          <Shape><Polygon POINTS="513 129 458 129 458 96 513 96"/></Shape>
          <TextLine ID="eSc_line_5237268a"
                    BASELINE="467 126 505 126" 
                    HPOS="467"
                    VPOS="126"
                    WIDTH="38"
                    HEIGHT="0">
	    <String CONTENT=""
                    HPOS="467"
                    VPOS="126"
                    WIDTH="38"
                    HEIGHT="0"></String>
          </TextLine>
        </TextBlock>
        <TextBlock HPOS="40"
                   VPOS="523"
                   WIDTH="483"
                   HEIGHT="173"
                   ID="region_1718452056934_376"
                   TAGREFS="BT3210">
          <Shape><Polygon POINTS="523 696 41 696 40 565 79 564 80 523 523 528"/></Shape>
          <TextLine ID="eSc_line_711096fd"
                    BASELINE="81 546 432 547" 
                    HPOS="81"
                    VPOS="546"
                    WIDTH="351"
                    HEIGHT="1">
	    <String CONTENT=""
                    HPOS="81"
                    VPOS="546"
                    WIDTH="351"
                    HEIGHT="1"></String>
          </TextLine>
          <TextLine ID="eSc_line_1b682cf8"
                    BASELINE="88 566 475 570" 
                    HPOS="88"
                    VPOS="566"
                    WIDTH="387"
                    HEIGHT="4">
	    <String CONTENT=""
                    HPOS="88"
                    VPOS="566"
                    WIDTH="387"
                    HEIGHT="4"></String>
          </TextLine>
          <TextLine ID="eSc_line_fdfd4a9d"
                    BASELINE="50 590 473 590" 
                    HPOS="50"
                    VPOS="590"
                    WIDTH="423"
                    HEIGHT="0">
	    <String CONTENT=""
                    HPOS="50"
                    VPOS="590"
                    WIDTH="423"
                    HEIGHT="0"></String>
          </TextLine>
          <TextLine ID="eSc_line_610c5920"
                    BASELINE="50 609 487 612" 
                    HPOS="50"
                    VPOS="609"
                    WIDTH="437"
                    HEIGHT="3">
	    <String CONTENT=""
                    HPOS="50"
                    VPOS="609"
                    WIDTH="437"
                    HEIGHT="3"></String>
          </TextLine>
          <TextLine ID="eSc_line_d93ad723"
                    BASELINE="50 628 426 634" 
                    HPOS="50"
                    VPOS="628"
                    WIDTH="376"
                    HEIGHT="6">
	    <String CONTENT=""
                    HPOS="50"
                    VPOS="628"
                    WIDTH="376"
                    HEIGHT="6"></String>
          </TextLine>
          <TextLine ID="eSc_line_1feba718"
                    BASELINE="49 651 510 654" 
                    HPOS="49"
                    VPOS="651"
                    WIDTH="461"
                    HEIGHT="3">
	    <String CONTENT=""
                    HPOS="49"
                    VPOS="651"
                    WIDTH="461"
                    HEIGHT="3"></String>
          </TextLine>
          <TextLine ID="eSc_line_268b7f9a"
                    BASELINE="52 670 454 675" 
                    HPOS="52"
                    VPOS="670"
                    WIDTH="402"
                    HEIGHT="5">
	    <String CONTENT=""
                    HPOS="52"
                    VPOS="670"
                    WIDTH="402"
                    HEIGHT="5"></String>
          </TextLine>
          <TextLine ID="eSc_line_bd2c1175"
                    BASELINE="50 693 407 696" 
                    HPOS="50"
                    VPOS="693"
                    WIDTH="357"
                    HEIGHT="3">
	    <String CONTENT=""
                    HPOS="50"
                    VPOS="693"
                    WIDTH="357"
                    HEIGHT="3"></String>
          </TextLine>
        </TextBlock>
        <TextBlock HPOS="62"
                   VPOS="724"
                   WIDTH="422"
                   HEIGHT="252"
                   ID="region_1718452076902_382"
                   TAGREFS="BT3210">
          <Shape><Polygon POINTS="484 976 62 976 62 724 484 724"/></Shape>
          <TextLine ID="eSc_line_c39199ee"
                    BASELINE="70 749 407 753" 
                    HPOS="70"
                    VPOS="749"
                    WIDTH="337"
                    HEIGHT="4">
	    <String CONTENT=""
                    HPOS="70"
                    VPOS="749"
                    WIDTH="337"
                    HEIGHT="4"></String>
          </TextLine>
          <TextLine ID="eSc_line_bc32b577"
                    BASELINE="82 765 441 770" 
                    HPOS="82"
                    VPOS="765"
                    WIDTH="359"
                    HEIGHT="5">
	    <String CONTENT=""
                    HPOS="82"
                    VPOS="765"
                    WIDTH="359"
                    HEIGHT="5"></String>
          </TextLine>
          <TextLine ID="eSc_line_bcf021df"
                    BASELINE="73 781 417 787" 
                    HPOS="73"
                    VPOS="781"
                    WIDTH="344"
                    HEIGHT="6">
	    <String CONTENT=""
                    HPOS="73"
                    VPOS="781"
                    WIDTH="344"
                    HEIGHT="6"></String>
          </TextLine>
          <TextLine ID="eSc_line_d013e9bc"
                    BASELINE="77 797 396 803" 
                    HPOS="77"
                    VPOS="797"
                    WIDTH="319"
                    HEIGHT="6">
	    <String CONTENT=""
                    HPOS="77"
                    VPOS="797"
                    WIDTH="319"
                    HEIGHT="6"></String>
          </TextLine>
          <TextLine ID="eSc_line_0718d98f"
                    BASELINE="74 814 403 818" 
                    HPOS="74"
                    VPOS="814"
                    WIDTH="329"
                    HEIGHT="4">
	    <String CONTENT=""
                    HPOS="74"
                    VPOS="814"
                    WIDTH="329"
                    HEIGHT="4"></String>
          </TextLine>
          <TextLine ID="eSc_line_2d418a4e"
                    BASELINE="73 831 416 837" 
                    HPOS="73"
                    VPOS="831"
                    WIDTH="343"
                    HEIGHT="6">
	    <String CONTENT=""
                    HPOS="73"
                    VPOS="831"
                    WIDTH="343"
                    HEIGHT="6"></String>
          </TextLine>
          <TextLine ID="eSc_line_ea157b9c"
                    BASELINE="84 847 397 852" 
                    HPOS="84"
                    VPOS="847"
                    WIDTH="313"
                    HEIGHT="5">
	    <String CONTENT=""
                    HPOS="84"
                    VPOS="847"
                    WIDTH="313"
                    HEIGHT="5"></String>
          </TextLine>
          <TextLine ID="eSc_line_0e64e5f6"
                    BASELINE="72 862 437 872" 
                    HPOS="72"
                    VPOS="862"
                    WIDTH="365"
                    HEIGHT="10">
	    <String CONTENT=""
                    HPOS="72"
                    VPOS="862"
                    WIDTH="365"
                    HEIGHT="10"></String>
          </TextLine>
          <TextLine ID="eSc_line_3bae969e"
                    BASELINE="75 879 412 884" 
                    HPOS="75"
                    VPOS="879"
                    WIDTH="337"
                    HEIGHT="5">
	    <String CONTENT=""
                    HPOS="75"
                    VPOS="879"
                    WIDTH="337"
                    HEIGHT="5"></String>
          </TextLine>
          <TextLine ID="eSc_line_361cbf89"
                    BASELINE="85 896 421 901" 
                    HPOS="85"
                    VPOS="896"
                    WIDTH="336"
                    HEIGHT="5">
	    <String CONTENT=""
                    HPOS="85"
                    VPOS="896"
                    WIDTH="336"
                    HEIGHT="5"></String>
          </TextLine>
          <TextLine ID="eSc_line_274c6843"
                    BASELINE="87 910 426 916" 
                    HPOS="87"
                    VPOS="910"
                    WIDTH="339"
                    HEIGHT="6">
	    <String CONTENT=""
                    HPOS="87"
                    VPOS="910"
                    WIDTH="339"
                    HEIGHT="6"></String>
          </TextLine>
          <TextLine ID="eSc_line_ea4dfd08"
                    BASELINE="70 925 443 931" 
                    HPOS="70"
                    VPOS="925"
                    WIDTH="373"
                    HEIGHT="6">
	    <String CONTENT=""
                    HPOS="70"
                    VPOS="925"
                    WIDTH="373"
                    HEIGHT="6"></String>
          </TextLine>
          <TextLine ID="eSc_line_c9a7dbb7"
                    BASELINE="85 941 428 948" 
                    HPOS="85"
                    VPOS="941"
                    WIDTH="343"
                    HEIGHT="7">
	    <String CONTENT=""
                    HPOS="85"
                    VPOS="941"
                    WIDTH="343"
                    HEIGHT="7"></String>
          </TextLine>
          <TextLine ID="eSc_line_bfcfbfd1"
                    BASELINE="82 959 366 968" 
                    HPOS="82"
                    VPOS="959"
                    WIDTH="284"
                    HEIGHT="9">
	    <String CONTENT=""
                    HPOS="82"
                    VPOS="959"
                    WIDTH="284"
                    HEIGHT="9"></String>
          </TextLine>
        </TextBlock>
        <TextBlock HPOS="473"
                   VPOS="697"
                   WIDTH="53"
                   HEIGHT="26"
                   ID="region_1718452059487_379"
                   TAGREFS="BT3208">
          <Shape><Polygon POINTS="526 723 479 717 473 697 521 699"/></Shape>
          <TextLine ID="eSc_line_4643ff8b"
                    BASELINE="482 714 510 716" 
                    HPOS="482"
                    VPOS="714"
                    WIDTH="28"
                    HEIGHT="2">
	    <String CONTENT=""
                    HPOS="482"
                    VPOS="714"
                    WIDTH="28"
                    HEIGHT="2"></String>
          </TextLine>
        </TextBlock>
        <TextBlock HPOS="47"
                   VPOS="526"
                   WIDTH="34"
                   HEIGHT="37"
                   ID="region_1718452049755_373"
                   TAGREFS="BT3210">
          <Shape><Polygon POINTS="81 563 47 563 47 526 81 526"/></Shape>
        </TextBlock>
      </PrintSpace>
    </Page>
  </Layout>
</alto>
