<?xml version="1.0" encoding="UTF-8"?>
<alto xmlns:xsi="http://www.w3.org/2001/XMLSchema-instance"
      xmlns="http://www.loc.gov/standards/alto/ns-v4#"
      xsi:schemaLocation="http://www.loc.gov/standards/alto/ns-v4# http://www.loc.gov/standards/alto/v4/alto-4-2.xsd">
  <Description>
    <MeasurementUnit>pixel</MeasurementUnit>
    <sourceImageInformation>
      <fileName>1757,_Saemtliche_Poetische_Werke,_Bohn,_1._Aufl.,_Bd._3,_VD18_9039674X_Seite_174_Bild_0001.jpg</fileName>
    </sourceImageInformation>
  </Description>
  <Tags>
    <OtherTag ID="BT1" LABEL="Title" DESCRIPTION="block type Title"/><OtherTag ID="BT2" LABEL="Main" DESCRIPTION="block type Main"/><OtherTag ID="BT3" LABEL="Commentary" DESCRIPTION="block type Commentary"/><OtherTag ID="BT4" LABEL="Illustration" DESCRIPTION="block type Illustration"/><OtherTag ID="BT3208" LABEL="heading" DESCRIPTION="block type heading"/><OtherTag ID="BT3209" LABEL="header" DESCRIPTION="block type header"/><OtherTag ID="BT3210" LABEL="paragraph" DESCRIPTION="block type paragraph"/><OtherTag ID="BT3211" LABEL="l-column" DESCRIPTION="block type l-column"/><OtherTag ID="BT3212" LABEL="r-column" DESCRIPTION="block type r-column"/><OtherTag ID="BT3213" LABEL="footnote" DESCRIPTION="block type footnote"/><OtherTag ID="BT3214" LABEL="marginalia" DESCRIPTION="block type marginalia"/><OtherTag ID="BT3215" LABEL="catch-word" DESCRIPTION="block type catch-word"/><OtherTag ID="BT3216" LABEL="column" DESCRIPTION="block type column"/>
  </Tags>
  <Layout>
    <Page WIDTH="1147"
          HEIGHT="1920"
          PHYSICAL_IMG_NR="13"
          ID="eSc_dummypage_">
      <PrintSpace HPOS="0"
                  VPOS="0"
                  WIDTH="1147"
                  HEIGHT="1920">
        <TextBlock HPOS="62"
                   VPOS="84"
                   WIDTH="1057"
                   HEIGHT="1529"
                   ID="region_1720870209162_188"
                   TAGREFS="BT3210">
          <Shape><Polygon POINTS="1119 1556 1083 1613 921 1601 103 1555 62 84 1101 84"/></Shape>
          <TextLine ID="eSc_line_685fb057"
                    BASELINE="152 149 1055 136" 
                    HPOS="152"
                    VPOS="136"
                    WIDTH="903"
                    HEIGHT="13">
	    <String CONTENT=""
                    HPOS="152"
                    VPOS="136"
                    WIDTH="903"
                    HEIGHT="13"></String>
          </TextLine>
          <TextLine ID="eSc_line_fbde5650"
                    BASELINE="98 198 1062 183" 
                    HPOS="98"
                    VPOS="183"
                    WIDTH="964"
                    HEIGHT="15">
	    <String CONTENT=""
                    HPOS="98"
                    VPOS="183"
                    WIDTH="964"
                    HEIGHT="15"></String>
          </TextLine>
          <TextLine ID="eSc_line_87fe1b45"
                    BASELINE="96 243 1070 224" 
                    HPOS="96"
                    VPOS="224"
                    WIDTH="974"
                    HEIGHT="19">
	    <String CONTENT=""
                    HPOS="96"
                    VPOS="224"
                    WIDTH="974"
                    HEIGHT="19"></String>
          </TextLine>
          <TextLine ID="eSc_line_761826b8"
                    BASELINE="92 284 1060 270" 
                    HPOS="92"
                    VPOS="270"
                    WIDTH="968"
                    HEIGHT="14">
	    <String CONTENT=""
                    HPOS="92"
                    VPOS="270"
                    WIDTH="968"
                    HEIGHT="14"></String>
          </TextLine>
          <TextLine ID="eSc_line_6ac9f82b"
                    BASELINE="94 324 1076 315" 
                    HPOS="94"
                    VPOS="315"
                    WIDTH="982"
                    HEIGHT="9">
	    <String CONTENT=""
                    HPOS="94"
                    VPOS="315"
                    WIDTH="982"
                    HEIGHT="9"></String>
          </TextLine>
          <TextLine ID="eSc_line_40dfb9e3"
                    BASELINE="89 368 700 356" 
                    HPOS="89"
                    VPOS="356"
                    WIDTH="611"
                    HEIGHT="12">
	    <String CONTENT=""
                    HPOS="89"
                    VPOS="356"
                    WIDTH="611"
                    HEIGHT="12"></String>
          </TextLine>
          <TextLine ID="eSc_line_c86d6127"
                    BASELINE="160 409 1056 394" 
                    HPOS="160"
                    VPOS="394"
                    WIDTH="896"
                    HEIGHT="15">
	    <String CONTENT=""
                    HPOS="160"
                    VPOS="394"
                    WIDTH="896"
                    HEIGHT="15"></String>
          </TextLine>
          <TextLine ID="eSc_line_5883b209"
                    BASELINE="101 448 1058 439" 
                    HPOS="101"
                    VPOS="439"
                    WIDTH="957"
                    HEIGHT="9">
	    <String CONTENT=""
                    HPOS="101"
                    VPOS="439"
                    WIDTH="957"
                    HEIGHT="9"></String>
          </TextLine>
          <TextLine ID="eSc_line_28187fa2"
                    BASELINE="96 496 1068 482" 
                    HPOS="96"
                    VPOS="482"
                    WIDTH="972"
                    HEIGHT="14">
	    <String CONTENT=""
                    HPOS="96"
                    VPOS="482"
                    WIDTH="972"
                    HEIGHT="14"></String>
          </TextLine>
          <TextLine ID="eSc_line_8ed3b7ba"
                    BASELINE="107 540 1066 525" 
                    HPOS="107"
                    VPOS="525"
                    WIDTH="959"
                    HEIGHT="15">
	    <String CONTENT=""
                    HPOS="107"
                    VPOS="525"
                    WIDTH="959"
                    HEIGHT="15"></String>
          </TextLine>
          <TextLine ID="eSc_line_2a7a5e6e"
                    BASELINE="105 581 1077 566" 
                    HPOS="105"
                    VPOS="566"
                    WIDTH="972"
                    HEIGHT="15">
	    <String CONTENT=""
                    HPOS="105"
                    VPOS="566"
                    WIDTH="972"
                    HEIGHT="15"></String>
          </TextLine>
          <TextLine ID="eSc_line_0507155d"
                    BASELINE="102 626 1074 612" 
                    HPOS="102"
                    VPOS="612"
                    WIDTH="972"
                    HEIGHT="14">
	    <String CONTENT=""
                    HPOS="102"
                    VPOS="612"
                    WIDTH="972"
                    HEIGHT="14"></String>
          </TextLine>
          <TextLine ID="eSc_line_6539823d"
                    BASELINE="106 666 1079 653" 
                    HPOS="106"
                    VPOS="653"
                    WIDTH="973"
                    HEIGHT="13">
	    <String CONTENT=""
                    HPOS="106"
                    VPOS="653"
                    WIDTH="973"
                    HEIGHT="13"></String>
          </TextLine>
          <TextLine ID="eSc_line_01af5c4e"
                    BASELINE="102 708 1077 697" 
                    HPOS="102"
                    VPOS="697"
                    WIDTH="975"
                    HEIGHT="11">
	    <String CONTENT=""
                    HPOS="102"
                    VPOS="697"
                    WIDTH="975"
                    HEIGHT="11"></String>
          </TextLine>
          <TextLine ID="eSc_line_4d148fb7"
                    BASELINE="100 755 1076 742" 
                    HPOS="100"
                    VPOS="742"
                    WIDTH="976"
                    HEIGHT="13">
	    <String CONTENT=""
                    HPOS="100"
                    VPOS="742"
                    WIDTH="976"
                    HEIGHT="13"></String>
          </TextLine>
          <TextLine ID="eSc_line_c8e425b6"
                    BASELINE="108 792 1082 785" 
                    HPOS="108"
                    VPOS="785"
                    WIDTH="974"
                    HEIGHT="7">
	    <String CONTENT=""
                    HPOS="108"
                    VPOS="785"
                    WIDTH="974"
                    HEIGHT="7"></String>
          </TextLine>
          <TextLine ID="eSc_line_45994add"
                    BASELINE="107 837 1071 826" 
                    HPOS="107"
                    VPOS="826"
                    WIDTH="964"
                    HEIGHT="11">
	    <String CONTENT=""
                    HPOS="107"
                    VPOS="826"
                    WIDTH="964"
                    HEIGHT="11"></String>
          </TextLine>
          <TextLine ID="eSc_line_d893be9a"
                    BASELINE="109 876 1082 865" 
                    HPOS="109"
                    VPOS="865"
                    WIDTH="973"
                    HEIGHT="11">
	    <String CONTENT=""
                    HPOS="109"
                    VPOS="865"
                    WIDTH="973"
                    HEIGHT="11"></String>
          </TextLine>
          <TextLine ID="eSc_line_fbe52c93"
                    BASELINE="110 920 1080 910" 
                    HPOS="110"
                    VPOS="910"
                    WIDTH="970"
                    HEIGHT="10">
	    <String CONTENT=""
                    HPOS="110"
                    VPOS="910"
                    WIDTH="970"
                    HEIGHT="10"></String>
          </TextLine>
          <TextLine ID="eSc_line_6fec2ade"
                    BASELINE="116 963 655 955" 
                    HPOS="116"
                    VPOS="955"
                    WIDTH="539"
                    HEIGHT="8">
	    <String CONTENT=""
                    HPOS="116"
                    VPOS="955"
                    WIDTH="539"
                    HEIGHT="8"></String>
          </TextLine>
          <TextLine ID="eSc_line_25b84d86"
                    BASELINE="176 1003 1076 994" 
                    HPOS="176"
                    VPOS="994"
                    WIDTH="900"
                    HEIGHT="9">
	    <String CONTENT=""
                    HPOS="176"
                    VPOS="994"
                    WIDTH="900"
                    HEIGHT="9"></String>
          </TextLine>
          <TextLine ID="eSc_line_9bfdbccb"
                    BASELINE="119 1044 1077 1035" 
                    HPOS="119"
                    VPOS="1035"
                    WIDTH="958"
                    HEIGHT="9">
	    <String CONTENT=""
                    HPOS="119"
                    VPOS="1035"
                    WIDTH="958"
                    HEIGHT="9"></String>
          </TextLine>
          <TextLine ID="eSc_line_dba0557a"
                    BASELINE="112 1094 1072 1078" 
                    HPOS="112"
                    VPOS="1078"
                    WIDTH="960"
                    HEIGHT="16">
	    <String CONTENT=""
                    HPOS="112"
                    VPOS="1078"
                    WIDTH="960"
                    HEIGHT="16"></String>
          </TextLine>
          <TextLine ID="eSc_line_2ede8494"
                    BASELINE="105 1135 749 1124" 
                    HPOS="105"
                    VPOS="1124"
                    WIDTH="644"
                    HEIGHT="11">
	    <String CONTENT=""
                    HPOS="105"
                    VPOS="1124"
                    WIDTH="644"
                    HEIGHT="11"></String>
          </TextLine>
          <TextLine ID="eSc_line_4b07f450"
                    BASELINE="307 1186 802 1179" 
                    HPOS="307"
                    VPOS="1179"
                    WIDTH="495"
                    HEIGHT="7">
	    <String CONTENT=""
                    HPOS="307"
                    VPOS="1179"
                    WIDTH="495"
                    HEIGHT="7"></String>
          </TextLine>
          <TextLine ID="eSc_line_e7fe5cd1"
                    BASELINE="243 1231 655 1225" 
                    HPOS="243"
                    VPOS="1225"
                    WIDTH="412"
                    HEIGHT="6">
	    <String CONTENT=""
                    HPOS="243"
                    VPOS="1225"
                    WIDTH="412"
                    HEIGHT="6"></String>
          </TextLine>
          <TextLine ID="eSc_line_256de96e"
                    BASELINE="246 1277 727 1267" 
                    HPOS="246"
                    VPOS="1267"
                    WIDTH="481"
                    HEIGHT="10">
	    <String CONTENT=""
                    HPOS="246"
                    VPOS="1267"
                    WIDTH="481"
                    HEIGHT="10"></String>
          </TextLine>
          <TextLine ID="eSc_line_086f3780"
                    BASELINE="236 1325 787 1310" 
                    HPOS="236"
                    VPOS="1310"
                    WIDTH="551"
                    HEIGHT="15">
	    <String CONTENT=""
                    HPOS="236"
                    VPOS="1310"
                    WIDTH="551"
                    HEIGHT="15"></String>
          </TextLine>
          <TextLine ID="eSc_line_e234a3db"
                    BASELINE="312 1369 776 1369" 
                    HPOS="312"
                    VPOS="1369"
                    WIDTH="464"
                    HEIGHT="0">
	    <String CONTENT=""
                    HPOS="312"
                    VPOS="1369"
                    WIDTH="464"
                    HEIGHT="0"></String>
          </TextLine>
          <TextLine ID="eSc_line_a493d29e"
                    BASELINE="244 1413 657 1417" 
                    HPOS="244"
                    VPOS="1413"
                    WIDTH="413"
                    HEIGHT="4">
	    <String CONTENT=""
                    HPOS="244"
                    VPOS="1413"
                    WIDTH="413"
                    HEIGHT="4"></String>
          </TextLine>
          <TextLine ID="eSc_line_732244b3"
                    BASELINE="248 1455 741 1455" 
                    HPOS="248"
                    VPOS="1455"
                    WIDTH="493"
                    HEIGHT="0">
	    <String CONTENT=""
                    HPOS="248"
                    VPOS="1455"
                    WIDTH="493"
                    HEIGHT="0"></String>
          </TextLine>
          <TextLine ID="eSc_line_afbb42ab"
                    BASELINE="248 1500 650 1497" 
                    HPOS="248"
                    VPOS="1497"
                    WIDTH="402"
                    HEIGHT="3">
	    <String CONTENT=""
                    HPOS="248"
                    VPOS="1497"
                    WIDTH="402"
                    HEIGHT="3"></String>
          </TextLine>
          <TextLine ID="eSc_line_e9728b5e"
                    BASELINE="195 1556 1079 1551" 
                    HPOS="195"
                    VPOS="1551"
                    WIDTH="884"
                    HEIGHT="5">
	    <String CONTENT=""
                    HPOS="195"
                    VPOS="1551"
                    WIDTH="884"
                    HEIGHT="5"></String>
          </TextLine>
          <TextLine ID="eSc_line_f9e4684f"
                    BASELINE="983 1595 1084 1593" 
                    HPOS="983"
                    VPOS="1593"
                    WIDTH="101"
                    HEIGHT="2">
	    <String CONTENT=""
                    HPOS="983"
                    VPOS="1593"
                    WIDTH="101"
                    HEIGHT="2"></String>
          </TextLine>
        </TextBlock>
        <TextBlock HPOS="377"
                   VPOS="9"
                   WIDTH="415"
                   HEIGHT="58"
                   ID="region_1720870200911_185"
                   TAGREFS="BT3209">
          <Shape><Polygon POINTS="771 67 377 67 377 9 792 10"/></Shape>
          <TextLine ID="eSc_line_dee91847"
                    BASELINE="386 64 764 63" 
                    HPOS="386"
                    VPOS="63"
                    WIDTH="378"
                    HEIGHT="1">
	    <String CONTENT=""
                    HPOS="386"
                    VPOS="63"
                    WIDTH="378"
                    HEIGHT="1"></String>
          </TextLine>
        </TextBlock>
        <TextBlock HPOS="966"
                   VPOS="14"
                   WIDTH="122"
                   HEIGHT="50"
                   ID="region_1720870279573_211"
                   TAGREFS="BT3208">
          <Shape><Polygon POINTS="1061 64 966 64 966 14 1088 19"/></Shape>
          <TextLine ID="eSc_line_0fb39361"
                    BASELINE="984 59 1053 62" 
                    HPOS="984"
                    VPOS="59"
                    WIDTH="69"
                    HEIGHT="3">
	    <String CONTENT=""
                    HPOS="984"
                    VPOS="59"
                    WIDTH="69"
                    HEIGHT="3"></String>
          </TextLine>
        </TextBlock>
        <TextBlock HPOS="122"
                   VPOS="1609"
                   WIDTH="379"
                   HEIGHT="32"
                   ID="region_1720870228426_197"
                   TAGREFS="BT3213">
          <Shape><Polygon POINTS="501 1641 127 1640 122 1610 499 1609"/></Shape>
          <TextLine ID="eSc_line_48ac2336"
                    BASELINE="128 1640 490 1641" 
                    HPOS="128"
                    VPOS="1640"
                    WIDTH="362"
                    HEIGHT="1">
	    <String CONTENT=""
                    HPOS="128"
                    VPOS="1640"
                    WIDTH="362"
                    HEIGHT="1"></String>
          </TextLine>
        </TextBlock>
        <TextBlock HPOS="129"
                   VPOS="1672"
                   WIDTH="764"
                   HEIGHT="35"
                   ID="region_1721041145415_223"
                   TAGREFS="BT3213">
          <Shape><Polygon POINTS="893 1707 133 1707 129 1672 889 1672"/></Shape>
          <TextLine ID="eSc_line_1926ec14"
                    BASELINE="134 1674 543 1670" 
                    HPOS="134"
                    VPOS="1670"
                    WIDTH="409"
                    HEIGHT="4">
	    <String CONTENT=""
                    HPOS="134"
                    VPOS="1670"
                    WIDTH="409"
                    HEIGHT="4"></String>
          </TextLine>
          <TextLine ID="eSc_line_d7978211"
                    BASELINE="138 1706 891 1705" 
                    HPOS="138"
                    VPOS="1705"
                    WIDTH="753"
                    HEIGHT="1">
	    <String CONTENT=""
                    HPOS="138"
                    VPOS="1705"
                    WIDTH="753"
                    HEIGHT="1"></String>
          </TextLine>
        </TextBlock>
        <TextBlock HPOS="132"
                   VPOS="1780"
                   WIDTH="392"
                   HEIGHT="39"
                   ID="region_1721041159607_232"
                   TAGREFS="BT3213">
          <Shape><Polygon POINTS="524 1819 132 1819 132 1780 524 1780"/></Shape>
          <TextLine ID="eSc_line_bd4016c6"
                    BASELINE="137 1816 518 1812" 
                    HPOS="137"
                    VPOS="1812"
                    WIDTH="381"
                    HEIGHT="4">
	    <String CONTENT=""
                    HPOS="137"
                    VPOS="1812"
                    WIDTH="381"
                    HEIGHT="4"></String>
          </TextLine>
        </TextBlock>
        <TextBlock HPOS="129"
                   VPOS="1710"
                   WIDTH="482"
                   HEIGHT="33"
                   ID="region_1721041151207_226"
                   TAGREFS="BT3213">
          <Shape><Polygon POINTS="611 1743 129 1743 129 1710 611 1710"/></Shape>
        </TextBlock>
        <TextBlock HPOS="121"
                   VPOS="1746"
                   WIDTH="344"
                   HEIGHT="32"
                   ID="region_1721041155371_229"
                   TAGREFS="BT3213">
          <Shape><Polygon POINTS="465 1778 121 1778 121 1746 465 1746"/></Shape>
        </TextBlock>
        <TextBlock HPOS="127"
                   VPOS="1643"
                   WIDTH="419"
                   HEIGHT="32"
                   ID="region_1721041127703_220"
                   TAGREFS="BT3213">
          <Shape><Polygon POINTS="546 1675 127 1675 127 1643 546 1643"/></Shape>
        </TextBlock>
        <TextBlock ID="eSc_dummyblock_">
          <TextLine ID="eSc_line_5f68fb65"
                    BASELINE="136 1744 606 1743" 
                    HPOS="136"
                    VPOS="1743"
                    WIDTH="470"
                    HEIGHT="1">
	    <String CONTENT=""
                    HPOS="136"
                    VPOS="1743"
                    WIDTH="470"
                    HEIGHT="1"></String>
          </TextLine>
          <TextLine ID="eSc_line_fa450705"
                    BASELINE="134 1779 453 1777" 
                    HPOS="134"
                    VPOS="1777"
                    WIDTH="319"
                    HEIGHT="2">
	    <String CONTENT=""
                    HPOS="134"
                    VPOS="1777"
                    WIDTH="319"
                    HEIGHT="2"></String>
          </TextLine>
        </TextBlock>
      </PrintSpace>
    </Page>
  </Layout>
</alto>
