<?xml version="1.0" encoding="UTF-8"?>
<alto xmlns:xsi="http://www.w3.org/2001/XMLSchema-instance"
      xmlns="http://www.loc.gov/standards/alto/ns-v4#"
      xsi:schemaLocation="http://www.loc.gov/standards/alto/ns-v4# http://www.loc.gov/standards/alto/v4/alto-4-2.xsd">
  <Description>
    <MeasurementUnit>pixel</MeasurementUnit>
    <sourceImageInformation>
      <fileName>1757, Poetische Werke, Bohn, Bd. 1, VD18 9033213X_NEU-0027.jpeg</fileName>
    </sourceImageInformation>
  </Description>
  <Tags>
    <OtherTag ID="BT1" LABEL="Title" DESCRIPTION="block type Title"/><OtherTag ID="BT2" LABEL="Main" DESCRIPTION="block type Main"/><OtherTag ID="BT3" LABEL="Commentary" DESCRIPTION="block type Commentary"/><OtherTag ID="BT4" LABEL="Illustration" DESCRIPTION="block type Illustration"/><OtherTag ID="BT3208" LABEL="heading" DESCRIPTION="block type heading"/><OtherTag ID="BT3209" LABEL="header" DESCRIPTION="block type header"/><OtherTag ID="BT3210" LABEL="paragraph" DESCRIPTION="block type paragraph"/><OtherTag ID="BT3211" LABEL="l-column" DESCRIPTION="block type l-column"/><OtherTag ID="BT3212" LABEL="r-column" DESCRIPTION="block type r-column"/><OtherTag ID="BT3213" LABEL="footnote" DESCRIPTION="block type footnote"/><OtherTag ID="BT3214" LABEL="marginalia" DESCRIPTION="block type marginalia"/><OtherTag ID="BT3215" LABEL="catch-word" DESCRIPTION="block type catch-word"/><OtherTag ID="BT3216" LABEL="column" DESCRIPTION="block type column"/>
  </Tags>
  <Layout>
    <Page WIDTH="1503"
          HEIGHT="2338"
          PHYSICAL_IMG_NR="4"
          ID="eSc_dummypage_">
      <PrintSpace HPOS="0"
                  VPOS="0"
                  WIDTH="1503"
                  HEIGHT="2338">
        <TextBlock HPOS="84"
                   VPOS="352"
                   WIDTH="1041"
                   HEIGHT="1617"
                   ID="region_1718284680719_340"
                   TAGREFS="BT3210">
          <Shape><Polygon POINTS="1116 1969 84 1969 93 352 1125 352"/></Shape>
          <TextLine ID="eSc_line_0b3a7fa7"
                    BASELINE="143 422 153 423 1110 423" 
                    HPOS="143"
                    VPOS="422"
                    WIDTH="967"
                    HEIGHT="1">
	    <String CONTENT=""
                    HPOS="143"
                    VPOS="422"
                    WIDTH="967"
                    HEIGHT="1"></String>
          </TextLine>
          <TextLine ID="eSc_line_7e1c67c0"
                    BASELINE="137 473 1098 479" 
                    HPOS="137"
                    VPOS="473"
                    WIDTH="961"
                    HEIGHT="6">
	    <String CONTENT=""
                    HPOS="137"
                    VPOS="473"
                    WIDTH="961"
                    HEIGHT="6"></String>
          </TextLine>
          <TextLine ID="eSc_line_d1245db3"
                    BASELINE="136 534 1095 535" 
                    HPOS="136"
                    VPOS="534"
                    WIDTH="959"
                    HEIGHT="1">
	    <String CONTENT=""
                    HPOS="136"
                    VPOS="534"
                    WIDTH="959"
                    HEIGHT="1"></String>
          </TextLine>
          <TextLine ID="eSc_line_431aa07c"
                    BASELINE="135 582 137 582 176 581 248 586 410 585 457 594 580 589 634 590 750 580 820 583 1001 588 1049 581 1089 581" 
                    HPOS="135"
                    VPOS="580"
                    WIDTH="954"
                    HEIGHT="14">
	    <String CONTENT=""
                    HPOS="135"
                    VPOS="580"
                    WIDTH="954"
                    HEIGHT="14"></String>
          </TextLine>
          <TextLine ID="eSc_line_8d065331"
                    BASELINE="116 641 1091 644" 
                    HPOS="116"
                    VPOS="641"
                    WIDTH="975"
                    HEIGHT="3">
	    <String CONTENT=""
                    HPOS="116"
                    VPOS="641"
                    WIDTH="975"
                    HEIGHT="3"></String>
          </TextLine>
          <TextLine ID="eSc_line_15237300"
                    BASELINE="119 688 131 688 1110 693" 
                    HPOS="119"
                    VPOS="688"
                    WIDTH="991"
                    HEIGHT="5">
	    <String CONTENT=""
                    HPOS="119"
                    VPOS="688"
                    WIDTH="991"
                    HEIGHT="5"></String>
          </TextLine>
          <TextLine ID="eSc_line_2d985af7"
                    BASELINE="119 745 1097 755" 
                    HPOS="119"
                    VPOS="745"
                    WIDTH="978"
                    HEIGHT="10">
	    <String CONTENT=""
                    HPOS="119"
                    VPOS="745"
                    WIDTH="978"
                    HEIGHT="10"></String>
          </TextLine>
          <TextLine ID="eSc_line_895efadf"
                    BASELINE="106 807 113 807 124 807 1098 804" 
                    HPOS="106"
                    VPOS="804"
                    WIDTH="992"
                    HEIGHT="3">
	    <String CONTENT=""
                    HPOS="106"
                    VPOS="804"
                    WIDTH="992"
                    HEIGHT="3"></String>
          </TextLine>
          <TextLine ID="eSc_line_2edc5f8c"
                    BASELINE="104 857 108 857 1105 856" 
                    HPOS="104"
                    VPOS="856"
                    WIDTH="1001"
                    HEIGHT="1">
	    <String CONTENT=""
                    HPOS="104"
                    VPOS="856"
                    WIDTH="1001"
                    HEIGHT="1"></String>
          </TextLine>
          <TextLine ID="eSc_line_8d9142f1"
                    BASELINE="105 909 1100 918" 
                    HPOS="105"
                    VPOS="909"
                    WIDTH="995"
                    HEIGHT="9">
	    <String CONTENT=""
                    HPOS="105"
                    VPOS="909"
                    WIDTH="995"
                    HEIGHT="9"></String>
          </TextLine>
          <TextLine ID="eSc_line_39ca9bb6"
                    BASELINE="115 964 1098 971" 
                    HPOS="115"
                    VPOS="964"
                    WIDTH="983"
                    HEIGHT="7">
	    <String CONTENT=""
                    HPOS="115"
                    VPOS="964"
                    WIDTH="983"
                    HEIGHT="7"></String>
          </TextLine>
          <TextLine ID="eSc_line_86278a2f"
                    BASELINE="110 1012 1098 1029" 
                    HPOS="110"
                    VPOS="1012"
                    WIDTH="988"
                    HEIGHT="17">
	    <String CONTENT=""
                    HPOS="110"
                    VPOS="1012"
                    WIDTH="988"
                    HEIGHT="17"></String>
          </TextLine>
          <TextLine ID="eSc_line_6e62460b"
                    BASELINE="124 1074 129 1074 141 1073 387 1079" 
                    HPOS="124"
                    VPOS="1073"
                    WIDTH="263"
                    HEIGHT="6">
	    <String CONTENT=""
                    HPOS="124"
                    VPOS="1073"
                    WIDTH="263"
                    HEIGHT="6"></String>
          </TextLine>
          <TextLine ID="eSc_line_425ebbbc"
                    BASELINE="174 1188 1062 1196" 
                    HPOS="174"
                    VPOS="1188"
                    WIDTH="888"
                    HEIGHT="8">
	    <String CONTENT=""
                    HPOS="174"
                    VPOS="1188"
                    WIDTH="888"
                    HEIGHT="8"></String>
          </TextLine>
          <TextLine ID="eSc_line_085f4bc2"
                    BASELINE="160 1261 170 1261 1019 1260" 
                    HPOS="160"
                    VPOS="1260"
                    WIDTH="859"
                    HEIGHT="1">
	    <String CONTENT=""
                    HPOS="160"
                    VPOS="1260"
                    WIDTH="859"
                    HEIGHT="1"></String>
          </TextLine>
          <TextLine ID="eSc_line_7a4c260d"
                    BASELINE="160 1328 174 1329 1101 1332" 
                    HPOS="160"
                    VPOS="1328"
                    WIDTH="941"
                    HEIGHT="4">
	    <String CONTENT=""
                    HPOS="160"
                    VPOS="1328"
                    WIDTH="941"
                    HEIGHT="4"></String>
          </TextLine>
          <TextLine ID="eSc_line_9b55cae6"
                    BASELINE="714 1398 714 1398 925 1398" 
                    HPOS="714"
                    VPOS="1398"
                    WIDTH="211"
                    HEIGHT="0">
	    <String CONTENT=""
                    HPOS="714"
                    VPOS="1398"
                    WIDTH="211"
                    HEIGHT="0"></String>
          </TextLine>
          <TextLine ID="eSc_line_9e3dba98"
                    BASELINE="181 1467 184 1467 213 1468 938 1460" 
                    HPOS="181"
                    VPOS="1460"
                    WIDTH="757"
                    HEIGHT="8">
	    <String CONTENT=""
                    HPOS="181"
                    VPOS="1460"
                    WIDTH="757"
                    HEIGHT="8"></String>
          </TextLine>
          <TextLine ID="eSc_line_ff09ef2f"
                    BASELINE="415 1572 427 1574 1102 1569" 
                    HPOS="415"
                    VPOS="1569"
                    WIDTH="687"
                    HEIGHT="5">
	    <String CONTENT=""
                    HPOS="415"
                    VPOS="1569"
                    WIDTH="687"
                    HEIGHT="5"></String>
          </TextLine>
          <TextLine ID="eSc_line_73b84154"
                    BASELINE="131 1704 150 1704 189 1706 306 1706 1090 1707" 
                    HPOS="131"
                    VPOS="1704"
                    WIDTH="959"
                    HEIGHT="3">
	    <String CONTENT=""
                    HPOS="131"
                    VPOS="1704"
                    WIDTH="959"
                    HEIGHT="3"></String>
          </TextLine>
          <TextLine ID="eSc_line_5e7821d0"
                    BASELINE="121 1757 1089 1761" 
                    HPOS="121"
                    VPOS="1757"
                    WIDTH="968"
                    HEIGHT="4">
	    <String CONTENT=""
                    HPOS="121"
                    VPOS="1757"
                    WIDTH="968"
                    HEIGHT="4"></String>
          </TextLine>
          <TextLine ID="eSc_line_b0f8c875"
                    BASELINE="120 1810 1086 1811" 
                    HPOS="120"
                    VPOS="1810"
                    WIDTH="966"
                    HEIGHT="1">
	    <String CONTENT=""
                    HPOS="120"
                    VPOS="1810"
                    WIDTH="966"
                    HEIGHT="1"></String>
          </TextLine>
          <TextLine ID="eSc_line_b85b5e33"
                    BASELINE="116 1863 1086 1870" 
                    HPOS="116"
                    VPOS="1863"
                    WIDTH="970"
                    HEIGHT="7">
	    <String CONTENT=""
                    HPOS="116"
                    VPOS="1863"
                    WIDTH="970"
                    HEIGHT="7"></String>
          </TextLine>
          <TextLine ID="eSc_line_91d7f966"
                    BASELINE="125 1913 1079 1921" 
                    HPOS="125"
                    VPOS="1913"
                    WIDTH="954"
                    HEIGHT="8">
	    <String CONTENT=""
                    HPOS="125"
                    VPOS="1913"
                    WIDTH="954"
                    HEIGHT="8"></String>
          </TextLine>
          <TextLine ID="eSc_line_739f9ea0"
                    BASELINE="125 1963 1109 1968" 
                    HPOS="125"
                    VPOS="1963"
                    WIDTH="984"
                    HEIGHT="5">
	    <String CONTENT=""
                    HPOS="125"
                    VPOS="1963"
                    WIDTH="984"
                    HEIGHT="5"></String>
          </TextLine>
        </TextBlock>
        <TextBlock HPOS="391"
                   VPOS="230"
                   WIDTH="456"
                   HEIGHT="109"
                   ID="region_1718284672571_334"
                   TAGREFS="BT3209">
          <Shape><Polygon POINTS="840 339 391 339 391 244 847 230"/></Shape>
          <TextLine ID="eSc_line_37ef74d8"
                    BASELINE="404 324 418 327 823 325" 
                    HPOS="404"
                    VPOS="324"
                    WIDTH="419"
                    HEIGHT="3">
	    <String CONTENT=""
                    HPOS="404"
                    VPOS="324"
                    WIDTH="419"
                    HEIGHT="3"></String>
          </TextLine>
        </TextBlock>
        <TextBlock HPOS="969"
                   VPOS="268"
                   WIDTH="158"
                   HEIGHT="58"
                   ID="region_1718284675427_337"
                   TAGREFS="BT3208">
          <Shape><Polygon POINTS="1127 321 969 326 969 268 1109 268"/></Shape>
          <TextLine ID="eSc_line_eca38714"
                    BASELINE="986 315 990 316 1103 315" 
                    HPOS="986"
                    VPOS="315"
                    WIDTH="117"
                    HEIGHT="1">
	    <String CONTENT=""
                    HPOS="986"
                    VPOS="315"
                    WIDTH="117"
                    HEIGHT="1"></String>
          </TextLine>
        </TextBlock>
        <TextBlock HPOS="618"
                   VPOS="1978"
                   WIDTH="167"
                   HEIGHT="73"
                   ID="region_1718284696279_349"
                   TAGREFS="BT3208">
          <Shape><Polygon POINTS="770 2036 618 2051 618 1978 785 1978"/></Shape>
          <TextLine ID="eSc_line_98e2c628"
                    BASELINE="634 2028 638 2028 755 2029" 
                    HPOS="634"
                    VPOS="2028"
                    WIDTH="121"
                    HEIGHT="1">
	    <String CONTENT=""
                    HPOS="634"
                    VPOS="2028"
                    WIDTH="121"
                    HEIGHT="1"></String>
          </TextLine>
        </TextBlock>
        <TextBlock HPOS="930"
                   VPOS="1978"
                   WIDTH="183"
                   HEIGHT="67"
                   ID="region_1718284701459_352"
                   TAGREFS="BT3208">
          <Shape><Polygon POINTS="1113 2045 930 2023 930 1978 1112 1978"/></Shape>
          <TextLine ID="eSc_line_511e61d1"
                    BASELINE="964 2022 1082 2030" 
                    HPOS="964"
                    VPOS="2022"
                    WIDTH="118"
                    HEIGHT="8">
	    <String CONTENT=""
                    HPOS="964"
                    VPOS="2022"
                    WIDTH="118"
                    HEIGHT="8"></String>
          </TextLine>
        </TextBlock>
      </PrintSpace>
    </Page>
  </Layout>
</alto>
