<?xml version="1.0" encoding="UTF-8"?>
<alto xmlns:xsi="http://www.w3.org/2001/XMLSchema-instance"
      xmlns="http://www.loc.gov/standards/alto/ns-v4#"
      xsi:schemaLocation="http://www.loc.gov/standards/alto/ns-v4# http://www.loc.gov/standards/alto/v4/alto-4-2.xsd">
  <Description>
    <MeasurementUnit>pixel</MeasurementUnit>
    <sourceImageInformation>
      <fileName>1757, Poetische Werke, Bohn, Bd. 2, VD18 90332148_NEU-0023.jpeg</fileName>
    </sourceImageInformation>
  </Description>
  <Tags>
    <OtherTag ID="BT1" LABEL="Title" DESCRIPTION="block type Title"/><OtherTag ID="BT2" LABEL="Main" DESCRIPTION="block type Main"/><OtherTag ID="BT3" LABEL="Commentary" DESCRIPTION="block type Commentary"/><OtherTag ID="BT4" LABEL="Illustration" DESCRIPTION="block type Illustration"/><OtherTag ID="BT3208" LABEL="heading" DESCRIPTION="block type heading"/><OtherTag ID="BT3209" LABEL="header" DESCRIPTION="block type header"/><OtherTag ID="BT3210" LABEL="paragraph" DESCRIPTION="block type paragraph"/><OtherTag ID="BT3211" LABEL="l-column" DESCRIPTION="block type l-column"/><OtherTag ID="BT3212" LABEL="r-column" DESCRIPTION="block type r-column"/><OtherTag ID="BT3213" LABEL="footnote" DESCRIPTION="block type footnote"/><OtherTag ID="BT3214" LABEL="marginalia" DESCRIPTION="block type marginalia"/><OtherTag ID="BT3215" LABEL="catch-word" DESCRIPTION="block type catch-word"/><OtherTag ID="BT3216" LABEL="column" DESCRIPTION="block type column"/>
  </Tags>
  <Layout>
    <Page WIDTH="1574"
          HEIGHT="2338"
          PHYSICAL_IMG_NR="6"
          ID="eSc_dummypage_">
      <PrintSpace HPOS="0"
                  VPOS="0"
                  WIDTH="1574"
                  HEIGHT="2338">
        <TextBlock HPOS="68"
                   VPOS="367"
                   WIDTH="952"
                   HEIGHT="128"
                   ID="region_1718288370246_280"
                   TAGREFS="BT3208">
          <Shape><Polygon POINTS="1020 495 68 495 68 367 1020 367"/></Shape>
          <TextLine ID="eSc_line_b2ea56a1"
                    BASELINE="82 461 991 475" 
                    HPOS="82"
                    VPOS="461"
                    WIDTH="909"
                    HEIGHT="14">
	    <String CONTENT=""
                    HPOS="82"
                    VPOS="461"
                    WIDTH="909"
                    HEIGHT="14"></String>
          </TextLine>
        </TextBlock>
        <TextBlock HPOS="413"
                   VPOS="266"
                   WIDTH="282"
                   HEIGHT="93"
                   ID="region_1718288365353_277"
                   TAGREFS="BT3209">
          <Shape><Polygon POINTS="695 359 413 359 413 266 677 269"/></Shape>
          <TextLine ID="eSc_line_001ac3be"
                    BASELINE="424 345 439 345 669 352" 
                    HPOS="424"
                    VPOS="345"
                    WIDTH="245"
                    HEIGHT="7">
	    <String CONTENT=""
                    HPOS="424"
                    VPOS="345"
                    WIDTH="245"
                    HEIGHT="7"></String>
          </TextLine>
        </TextBlock>
        <TextBlock HPOS="107"
                   VPOS="500"
                   WIDTH="916"
                   HEIGHT="126"
                   ID="region_1718288377542_286"
                   TAGREFS="BT3210">
          <Shape><Polygon POINTS="1023 626 107 626 107 500 1023 500"/></Shape>
          <TextLine ID="eSc_line_e120747b"
                    BASELINE="131 554 994 572" 
                    HPOS="131"
                    VPOS="554"
                    WIDTH="863"
                    HEIGHT="18">
	    <String CONTENT=""
                    HPOS="131"
                    VPOS="554"
                    WIDTH="863"
                    HEIGHT="18"></String>
          </TextLine>
          <TextLine ID="eSc_line_2981dc86"
                    BASELINE="626 618 635 620 888 625" 
                    HPOS="626"
                    VPOS="618"
                    WIDTH="262"
                    HEIGHT="7">
	    <String CONTENT=""
                    HPOS="626"
                    VPOS="618"
                    WIDTH="262"
                    HEIGHT="7"></String>
          </TextLine>
        </TextBlock>
        <TextBlock HPOS="60"
                   VPOS="660"
                   WIDTH="978"
                   HEIGHT="938"
                   ID="region_1718288385366_292"
                   TAGREFS="BT3210">
          <Shape><Polygon POINTS="1029 1598 60 1598 62 793 63 770 157 766 153 661 1038 660"/></Shape>
          <TextLine ID="eSc_line_9f247adb"
                    BASELINE="159 721 992 737" 
                    HPOS="159"
                    VPOS="721"
                    WIDTH="833"
                    HEIGHT="16">
	    <String CONTENT=""
                    HPOS="159"
                    VPOS="721"
                    WIDTH="833"
                    HEIGHT="16"></String>
          </TextLine>
          <TextLine ID="eSc_line_90e1efa0"
                    BASELINE="164 778 1027 798 188 780" 
                    HPOS="164"
                    VPOS="778"
                    WIDTH="863"
                    HEIGHT="20">
	    <String CONTENT=""
                    HPOS="164"
                    VPOS="778"
                    WIDTH="863"
                    HEIGHT="20"></String>
          </TextLine>
          <TextLine ID="eSc_line_c6ebfc66"
                    BASELINE="82 844 978 860" 
                    HPOS="82"
                    VPOS="844"
                    WIDTH="896"
                    HEIGHT="16">
	    <String CONTENT=""
                    HPOS="82"
                    VPOS="844"
                    WIDTH="896"
                    HEIGHT="16"></String>
          </TextLine>
          <TextLine ID="eSc_line_32244965"
                    BASELINE="89 909 967 919" 
                    HPOS="89"
                    VPOS="909"
                    WIDTH="878"
                    HEIGHT="10">
	    <String CONTENT=""
                    HPOS="89"
                    VPOS="909"
                    WIDTH="878"
                    HEIGHT="10"></String>
          </TextLine>
          <TextLine ID="eSc_line_0372910e"
                    BASELINE="127 1011 135 1008 993 1018" 
                    HPOS="127"
                    VPOS="1008"
                    WIDTH="866"
                    HEIGHT="10">
	    <String CONTENT=""
                    HPOS="127"
                    VPOS="1008"
                    WIDTH="866"
                    HEIGHT="10"></String>
          </TextLine>
          <TextLine ID="eSc_line_3ede796d"
                    BASELINE="84 1065 81 1063 795 1071" 
                    HPOS="81"
                    VPOS="1063"
                    WIDTH="714"
                    HEIGHT="8">
	    <String CONTENT=""
                    HPOS="81"
                    VPOS="1063"
                    WIDTH="714"
                    HEIGHT="8"></String>
          </TextLine>
          <TextLine ID="eSc_line_11cc1fd6"
                    BASELINE="84 1119 989 1136" 
                    HPOS="84"
                    VPOS="1119"
                    WIDTH="905"
                    HEIGHT="17">
	    <String CONTENT=""
                    HPOS="84"
                    VPOS="1119"
                    WIDTH="905"
                    HEIGHT="17"></String>
          </TextLine>
          <TextLine ID="eSc_line_f1345d99"
                    BASELINE="83 1180 1022 1200" 
                    HPOS="83"
                    VPOS="1180"
                    WIDTH="939"
                    HEIGHT="20">
	    <String CONTENT=""
                    HPOS="83"
                    VPOS="1180"
                    WIDTH="939"
                    HEIGHT="20"></String>
          </TextLine>
          <TextLine ID="eSc_line_f101f2c0"
                    BASELINE="84 1239 967 1262" 
                    HPOS="84"
                    VPOS="1239"
                    WIDTH="883"
                    HEIGHT="23">
	    <String CONTENT=""
                    HPOS="84"
                    VPOS="1239"
                    WIDTH="883"
                    HEIGHT="23"></String>
          </TextLine>
          <TextLine ID="eSc_line_8310fb4f"
                    BASELINE="84 1296 931 1320" 
                    HPOS="84"
                    VPOS="1296"
                    WIDTH="847"
                    HEIGHT="24">
	    <String CONTENT=""
                    HPOS="84"
                    VPOS="1296"
                    WIDTH="847"
                    HEIGHT="24"></String>
          </TextLine>
          <TextLine ID="eSc_line_7af25806"
                    BASELINE="138 1404 134 1405 1025 1426" 
                    HPOS="134"
                    VPOS="1404"
                    WIDTH="891"
                    HEIGHT="22">
	    <String CONTENT=""
                    HPOS="134"
                    VPOS="1404"
                    WIDTH="891"
                    HEIGHT="22"></String>
          </TextLine>
          <TextLine ID="eSc_line_eb867442"
                    BASELINE="85 1465 87 1465 914 1481" 
                    HPOS="85"
                    VPOS="1465"
                    WIDTH="829"
                    HEIGHT="16">
	    <String CONTENT=""
                    HPOS="85"
                    VPOS="1465"
                    WIDTH="829"
                    HEIGHT="16"></String>
          </TextLine>
          <TextLine ID="eSc_line_6867664f"
                    BASELINE="82 1524 912 1540" 
                    HPOS="82"
                    VPOS="1524"
                    WIDTH="830"
                    HEIGHT="16">
	    <String CONTENT=""
                    HPOS="82"
                    VPOS="1524"
                    WIDTH="830"
                    HEIGHT="16"></String>
          </TextLine>
          <TextLine ID="eSc_line_87fab704"
                    BASELINE="78 1582 91 1583 815 1600" 
                    HPOS="78"
                    VPOS="1582"
                    WIDTH="737"
                    HEIGHT="18">
	    <String CONTENT=""
                    HPOS="78"
                    VPOS="1582"
                    WIDTH="737"
                    HEIGHT="18"></String>
          </TextLine>
        </TextBlock>
        <TextBlock HPOS="951"
                   VPOS="299"
                   WIDTH="89"
                   HEIGHT="59"
                   ID="region_1718288372890_283"
                   TAGREFS="BT3208">
          <Shape><Polygon POINTS="1033 358 951 357 955 299 1040 299"/></Shape>
          <TextLine ID="eSc_line_e6321fd8"
                    BASELINE="970 350 971 350 1012 352" 
                    HPOS="970"
                    VPOS="350"
                    WIDTH="42"
                    HEIGHT="2">
	    <String CONTENT=""
                    HPOS="970"
                    VPOS="350"
                    WIDTH="42"
                    HEIGHT="2"></String>
          </TextLine>
        </TextBlock>
        <TextBlock HPOS="610"
                   VPOS="1607"
                   WIDTH="137"
                   HEIGHT="51"
                   ID="region_1718288408730_306"
                   TAGREFS="BT3208">
          <Shape><Polygon POINTS="747 1658 614 1654 610 1607 743 1611"/></Shape>
          <TextLine ID="eSc_line_843db034"
                    BASELINE="635 1647 727 1649" 
                    HPOS="635"
                    VPOS="1647"
                    WIDTH="92"
                    HEIGHT="2">
	    <String CONTENT=""
                    HPOS="635"
                    VPOS="1647"
                    WIDTH="92"
                    HEIGHT="2"></String>
          </TextLine>
        </TextBlock>
        <TextBlock HPOS="71"
                   VPOS="1721"
                   WIDTH="1038"
                   HEIGHT="373"
                   ID="region_1718288433278_312"
                   TAGREFS="BT3213">
          <Shape><Polygon POINTS="1077 2080 71 2094 71 1721 1109 1721"/></Shape>
          <TextLine ID="eSc_line_96f42dee"
                    BASELINE="99 1774 1045 1784" 
                    HPOS="99"
                    VPOS="1774"
                    WIDTH="946"
                    HEIGHT="10">
	    <String CONTENT=""
                    HPOS="99"
                    VPOS="1774"
                    WIDTH="946"
                    HEIGHT="10"></String>
          </TextLine>
          <TextLine ID="eSc_line_bf81b792"
                    BASELINE="101 1816 1047 1832" 
                    HPOS="101"
                    VPOS="1816"
                    WIDTH="946"
                    HEIGHT="16">
	    <String CONTENT=""
                    HPOS="101"
                    VPOS="1816"
                    WIDTH="946"
                    HEIGHT="16"></String>
          </TextLine>
          <TextLine ID="eSc_line_f5d91d00"
                    BASELINE="105 1856 1044 1875" 
                    HPOS="105"
                    VPOS="1856"
                    WIDTH="939"
                    HEIGHT="19">
	    <String CONTENT=""
                    HPOS="105"
                    VPOS="1856"
                    WIDTH="939"
                    HEIGHT="19"></String>
          </TextLine>
          <TextLine ID="eSc_line_7dfdf1b2"
                    BASELINE="97 1894 1038 1914" 
                    HPOS="97"
                    VPOS="1894"
                    WIDTH="941"
                    HEIGHT="20">
	    <String CONTENT=""
                    HPOS="97"
                    VPOS="1894"
                    WIDTH="941"
                    HEIGHT="20"></String>
          </TextLine>
          <TextLine ID="eSc_line_51a4d4b3"
                    BASELINE="95 1928 101 1928 1049 1950" 
                    HPOS="95"
                    VPOS="1928"
                    WIDTH="954"
                    HEIGHT="22">
	    <String CONTENT=""
                    HPOS="95"
                    VPOS="1928"
                    WIDTH="954"
                    HEIGHT="22"></String>
          </TextLine>
          <TextLine ID="eSc_line_7e129b5e"
                    BASELINE="93 1970 1042 1989" 
                    HPOS="93"
                    VPOS="1970"
                    WIDTH="949"
                    HEIGHT="19">
	    <String CONTENT=""
                    HPOS="93"
                    VPOS="1970"
                    WIDTH="949"
                    HEIGHT="19"></String>
          </TextLine>
          <TextLine ID="eSc_line_f6c3082a"
                    BASELINE="96 2008 105 2007 1040 2027" 
                    HPOS="96"
                    VPOS="2007"
                    WIDTH="944"
                    HEIGHT="20">
	    <String CONTENT=""
                    HPOS="96"
                    VPOS="2007"
                    WIDTH="944"
                    HEIGHT="20"></String>
          </TextLine>
          <TextLine ID="eSc_line_52e97065"
                    BASELINE="107 2052 664 2062" 
                    HPOS="107"
                    VPOS="2052"
                    WIDTH="557"
                    HEIGHT="10">
	    <String CONTENT=""
                    HPOS="107"
                    VPOS="2052"
                    WIDTH="557"
                    HEIGHT="10"></String>
          </TextLine>
        </TextBlock>
        <TextBlock HPOS="952"
                   VPOS="1604"
                   WIDTH="112"
                   HEIGHT="71"
                   ID="region_1718288417658_309"
                   TAGREFS="BT3208">
          <Shape><Polygon POINTS="1064 1675 952 1675 960 1610 1064 1604"/></Shape>
          <TextLine ID="eSc_line_b7f5eb4a"
                    BASELINE="978 1656 982 1656 995 1657 1037 1658" 
                    HPOS="978"
                    VPOS="1656"
                    WIDTH="59"
                    HEIGHT="2">
	    <String CONTENT=""
                    HPOS="978"
                    VPOS="1656"
                    WIDTH="59"
                    HEIGHT="2"></String>
          </TextLine>
        </TextBlock>
        <TextBlock HPOS="86"
                   VPOS="659"
                   WIDTH="66"
                   HEIGHT="94"
                   ID="region_1718288381638_289"
                   TAGREFS="BT3210">
          <Shape><Polygon POINTS="152 753 86 753 86 659 152 659"/></Shape>
        </TextBlock>
      </PrintSpace>
    </Page>
  </Layout>
</alto>
