<?xml version="1.0" encoding="UTF-8"?>
<alto xmlns:xsi="http://www.w3.org/2001/XMLSchema-instance"
      xmlns="http://www.loc.gov/standards/alto/ns-v4#"
      xsi:schemaLocation="http://www.loc.gov/standards/alto/ns-v4# http://www.loc.gov/standards/alto/v4/alto-4-2.xsd">
  <Description>
    <MeasurementUnit>pixel</MeasurementUnit>
    <sourceImageInformation>
      <fileName>1757, Poetische Werke, Bohn, Bd. 1, VD18 9033213X_NEU-0018.jpeg</fileName>
    </sourceImageInformation>
  </Description>
  <Tags>
    <OtherTag ID="BT1" LABEL="Title" DESCRIPTION="block type Title"/><OtherTag ID="BT2" LABEL="Main" DESCRIPTION="block type Main"/><OtherTag ID="BT3" LABEL="Commentary" DESCRIPTION="block type Commentary"/><OtherTag ID="BT4" LABEL="Illustration" DESCRIPTION="block type Illustration"/><OtherTag ID="BT3208" LABEL="heading" DESCRIPTION="block type heading"/><OtherTag ID="BT3209" LABEL="header" DESCRIPTION="block type header"/><OtherTag ID="BT3210" LABEL="paragraph" DESCRIPTION="block type paragraph"/><OtherTag ID="BT3211" LABEL="l-column" DESCRIPTION="block type l-column"/><OtherTag ID="BT3212" LABEL="r-column" DESCRIPTION="block type r-column"/><OtherTag ID="BT3213" LABEL="footnote" DESCRIPTION="block type footnote"/><OtherTag ID="BT3214" LABEL="marginalia" DESCRIPTION="block type marginalia"/><OtherTag ID="BT3215" LABEL="catch-word" DESCRIPTION="block type catch-word"/><OtherTag ID="BT3216" LABEL="column" DESCRIPTION="block type column"/>
  </Tags>
  <Layout>
    <Page WIDTH="1505"
          HEIGHT="2338"
          PHYSICAL_IMG_NR="3"
          ID="eSc_dummypage_">
      <PrintSpace HPOS="0"
                  VPOS="0"
                  WIDTH="1505"
                  HEIGHT="2338">
        <TextBlock HPOS="372"
                   VPOS="270"
                   WIDTH="130"
                   HEIGHT="71"
                   ID="region_1718957345059_72"
                   TAGREFS="BT3208">
          <Shape><Polygon POINTS="478 341 372 341 372 272 502 270"/></Shape>
          <TextLine ID="eSc_line_4b122a5a"
                    BASELINE="387 323 391 325 470 329" 
                    HPOS="387"
                    VPOS="323"
                    WIDTH="83"
                    HEIGHT="6">
	    <String CONTENT=""
                    HPOS="387"
                    VPOS="323"
                    WIDTH="83"
                    HEIGHT="6"></String>
          </TextLine>
        </TextBlock>
        <TextBlock HPOS="340"
                   VPOS="375"
                   WIDTH="1020"
                   HEIGHT="290"
                   ID="region_1718957355181_78"
                   TAGREFS="BT3210">
          <Shape><Polygon POINTS="1360 665 340 664 360 375 1360 375"/></Shape>
          <TextLine ID="eSc_line_6d1345fe"
                    BASELINE="448 443 450 443 480 451 549 452 745 458 949 458 1042 459 1149 461 1343 461" 
                    HPOS="448"
                    VPOS="443"
                    WIDTH="895"
                    HEIGHT="18">
	    <String CONTENT=""
                    HPOS="448"
                    VPOS="443"
                    WIDTH="895"
                    HEIGHT="18"></String>
          </TextLine>
          <TextLine ID="eSc_line_99a8e776"
                    BASELINE="393 531 450 529 606 531 744 538 820 538 1108 547 1343 553" 
                    HPOS="393"
                    VPOS="529"
                    WIDTH="950"
                    HEIGHT="24">
	    <String CONTENT=""
                    HPOS="393"
                    VPOS="529"
                    WIDTH="950"
                    HEIGHT="24"></String>
          </TextLine>
          <TextLine ID="eSc_line_543b4848"
                    BASELINE="379 628 390 628 410 628 488 628 700 631 839 634 1179 633 1343 642" 
                    HPOS="379"
                    VPOS="628"
                    WIDTH="964"
                    HEIGHT="14">
	    <String CONTENT=""
                    HPOS="379"
                    VPOS="628"
                    WIDTH="964"
                    HEIGHT="14"></String>
          </TextLine>
        </TextBlock>
        <TextBlock HPOS="702"
                   VPOS="245"
                   WIDTH="371"
                   HEIGHT="107"
                   ID="region_1718957348597_75"
                   TAGREFS="BT3209">
          <Shape><Polygon POINTS="1015 352 702 352 702 261 1073 245"/></Shape>
          <TextLine ID="eSc_line_1112dad6"
                    BASELINE="736 336 744 336 763 336 815 340 979 346 989 341" 
                    HPOS="736"
                    VPOS="336"
                    WIDTH="253"
                    HEIGHT="10">
	    <String CONTENT=""
                    HPOS="736"
                    VPOS="336"
                    WIDTH="253"
                    HEIGHT="10"></String>
          </TextLine>
        </TextBlock>
        <TextBlock HPOS="369"
                   VPOS="760"
                   WIDTH="970"
                   HEIGHT="1273"
                   ID="region_1718957429294_93"
                   TAGREFS="BT3210">
          <Shape><Polygon POINTS="1339 2033 369 2016 401 760 1339 760"/></Shape>
          <TextLine ID="eSc_line_427f1842"
                    BASELINE="426 812 432 813 452 814 501 817 650 821 946 829 1060 832 1258 833 1312 831 1317 832" 
                    HPOS="426"
                    VPOS="812"
                    WIDTH="891"
                    HEIGHT="21">
	    <String CONTENT=""
                    HPOS="426"
                    VPOS="812"
                    WIDTH="891"
                    HEIGHT="21"></String>
          </TextLine>
          <TextLine ID="eSc_line_a6bc9faf"
                    BASELINE="423 861 479 861 659 864 848 867 898 875 968 878 1179 877 1273 881 1327 886" 
                    HPOS="423"
                    VPOS="861"
                    WIDTH="904"
                    HEIGHT="25">
	    <String CONTENT=""
                    HPOS="423"
                    VPOS="861"
                    WIDTH="904"
                    HEIGHT="25"></String>
          </TextLine>
          <TextLine ID="eSc_line_5aacfd76"
                    BASELINE="421 902 506 899 667 911 800 911 1009 920 1086 927 1171 926 1329 929" 
                    HPOS="421"
                    VPOS="899"
                    WIDTH="908"
                    HEIGHT="30">
	    <String CONTENT=""
                    HPOS="421"
                    VPOS="899"
                    WIDTH="908"
                    HEIGHT="30"></String>
          </TextLine>
          <TextLine ID="eSc_line_5e742b9a"
                    BASELINE="417 952 420 953 459 954 467 954 634 957 848 960 1080 963 1226 966 1329 971" 
                    HPOS="417"
                    VPOS="952"
                    WIDTH="912"
                    HEIGHT="19">
	    <String CONTENT=""
                    HPOS="417"
                    VPOS="952"
                    WIDTH="912"
                    HEIGHT="19"></String>
          </TextLine>
          <TextLine ID="eSc_line_658d4f79"
                    BASELINE="420 996 432 996 451 996 518 999 725 1004 1328 1016" 
                    HPOS="420"
                    VPOS="996"
                    WIDTH="908"
                    HEIGHT="20">
	    <String CONTENT=""
                    HPOS="420"
                    VPOS="996"
                    WIDTH="908"
                    HEIGHT="20"></String>
          </TextLine>
          <TextLine ID="eSc_line_ab4d4f14"
                    BASELINE="422 1038 495 1041 703 1046 811 1047 1216 1053 1335 1058" 
                    HPOS="422"
                    VPOS="1038"
                    WIDTH="913"
                    HEIGHT="20">
	    <String CONTENT=""
                    HPOS="422"
                    VPOS="1038"
                    WIDTH="913"
                    HEIGHT="20"></String>
          </TextLine>
          <TextLine ID="eSc_line_81a01534"
                    BASELINE="408 1084 420 1087 441 1088 505 1095 714 1095 914 1099 1050 1099 1213 1105 1328 1112" 
                    HPOS="408"
                    VPOS="1084"
                    WIDTH="920"
                    HEIGHT="28">
	    <String CONTENT=""
                    HPOS="408"
                    VPOS="1084"
                    WIDTH="920"
                    HEIGHT="28"></String>
          </TextLine>
          <TextLine ID="eSc_line_61ed1a4c"
                    BASELINE="415 1132 464 1144 523 1144 683 1141 731 1145 802 1144 1034 1147 1239 1154 1248 1154 1263 1155 1326 1158" 
                    HPOS="415"
                    VPOS="1132"
                    WIDTH="911"
                    HEIGHT="26">
	    <String CONTENT=""
                    HPOS="415"
                    VPOS="1132"
                    WIDTH="911"
                    HEIGHT="26"></String>
          </TextLine>
          <TextLine ID="eSc_line_a2428626"
                    BASELINE="415 1176 422 1176 467 1177 650 1184 858 1196 1055 1195 1196 1200 1328 1199" 
                    HPOS="415"
                    VPOS="1176"
                    WIDTH="913"
                    HEIGHT="24">
	    <String CONTENT=""
                    HPOS="415"
                    VPOS="1176"
                    WIDTH="913"
                    HEIGHT="24"></String>
          </TextLine>
          <TextLine ID="eSc_line_11b8e699"
                    BASELINE="420 1223 455 1227 519 1225 725 1230 1066 1240 1189 1238 1320 1243" 
                    HPOS="420"
                    VPOS="1223"
                    WIDTH="900"
                    HEIGHT="20">
	    <String CONTENT=""
                    HPOS="420"
                    VPOS="1223"
                    WIDTH="900"
                    HEIGHT="20"></String>
          </TextLine>
          <TextLine ID="eSc_line_34aff39d"
                    BASELINE="413 1268 420 1268 444 1268 507 1275 704 1281 878 1276 1333 1293" 
                    HPOS="413"
                    VPOS="1268"
                    WIDTH="920"
                    HEIGHT="25">
	    <String CONTENT=""
                    HPOS="413"
                    VPOS="1268"
                    WIDTH="920"
                    HEIGHT="25"></String>
          </TextLine>
          <TextLine ID="eSc_line_ac43c5aa"
                    BASELINE="414 1315 418 1315 448 1315 513 1321 717 1323 888 1326 1042 1327 1329 1339" 
                    HPOS="414"
                    VPOS="1315"
                    WIDTH="915"
                    HEIGHT="24">
	    <String CONTENT=""
                    HPOS="414"
                    VPOS="1315"
                    WIDTH="915"
                    HEIGHT="24"></String>
          </TextLine>
          <TextLine ID="eSc_line_66af3606"
                    BASELINE="409 1365 409 1366 444 1369 504 1375 695 1369 969 1378 1093 1375 1328 1381" 
                    HPOS="409"
                    VPOS="1365"
                    WIDTH="919"
                    HEIGHT="16">
	    <String CONTENT=""
                    HPOS="409"
                    VPOS="1365"
                    WIDTH="919"
                    HEIGHT="16"></String>
          </TextLine>
          <TextLine ID="eSc_line_2a93d07b"
                    BASELINE="401 1407 416 1411 1347 1431" 
                    HPOS="401"
                    VPOS="1407"
                    WIDTH="946"
                    HEIGHT="24">
	    <String CONTENT=""
                    HPOS="401"
                    VPOS="1407"
                    WIDTH="946"
                    HEIGHT="24"></String>
          </TextLine>
          <TextLine ID="eSc_line_15a5d2c3"
                    BASELINE="397 1450 409 1452 435 1454" 
                    HPOS="397"
                    VPOS="1450"
                    WIDTH="38"
                    HEIGHT="4">
	    <String CONTENT=""
                    HPOS="397"
                    VPOS="1450"
                    WIDTH="38"
                    HEIGHT="4"></String>
          </TextLine>
          <TextLine ID="eSc_line_266ed692"
                    BASELINE="435 1454 439 1454 508 1452 630 1462 741 1454 935 1468 1095 1466 1324 1474" 
                    HPOS="435"
                    VPOS="1452"
                    WIDTH="889"
                    HEIGHT="22">
	    <String CONTENT=""
                    HPOS="435"
                    VPOS="1452"
                    WIDTH="889"
                    HEIGHT="22"></String>
          </TextLine>
          <TextLine ID="eSc_line_1ee9f038"
                    BASELINE="394 1500 1339 1525" 
                    HPOS="394"
                    VPOS="1500"
                    WIDTH="945"
                    HEIGHT="25">
	    <String CONTENT=""
                    HPOS="394"
                    VPOS="1500"
                    WIDTH="945"
                    HEIGHT="25"></String>
          </TextLine>
          <TextLine ID="eSc_line_128ceab9"
                    BASELINE="391 1546 1338 1569" 
                    HPOS="391"
                    VPOS="1546"
                    WIDTH="947"
                    HEIGHT="23">
	    <String CONTENT=""
                    HPOS="391"
                    VPOS="1546"
                    WIDTH="947"
                    HEIGHT="23"></String>
          </TextLine>
          <TextLine ID="eSc_line_e8983b32"
                    BASELINE="387 1599 1331 1617" 
                    HPOS="387"
                    VPOS="1599"
                    WIDTH="944"
                    HEIGHT="18">
	    <String CONTENT=""
                    HPOS="387"
                    VPOS="1599"
                    WIDTH="944"
                    HEIGHT="18"></String>
          </TextLine>
          <TextLine ID="eSc_line_54f59025"
                    BASELINE="391 1637 1335 1662" 
                    HPOS="391"
                    VPOS="1637"
                    WIDTH="944"
                    HEIGHT="25">
	    <String CONTENT=""
                    HPOS="391"
                    VPOS="1637"
                    WIDTH="944"
                    HEIGHT="25"></String>
          </TextLine>
          <TextLine ID="eSc_line_524cb475"
                    BASELINE="385 1687 391 1687 1329 1710" 
                    HPOS="385"
                    VPOS="1687"
                    WIDTH="944"
                    HEIGHT="23">
	    <String CONTENT=""
                    HPOS="385"
                    VPOS="1687"
                    WIDTH="944"
                    HEIGHT="23"></String>
          </TextLine>
          <TextLine ID="eSc_line_10eb233d"
                    BASELINE="379 1737 1337 1756" 
                    HPOS="379"
                    VPOS="1737"
                    WIDTH="958"
                    HEIGHT="19">
	    <String CONTENT=""
                    HPOS="379"
                    VPOS="1737"
                    WIDTH="958"
                    HEIGHT="19"></String>
          </TextLine>
          <TextLine ID="eSc_line_6cfa7f65"
                    BASELINE="378 1781 391 1781 1327 1805" 
                    HPOS="378"
                    VPOS="1781"
                    WIDTH="949"
                    HEIGHT="24">
	    <String CONTENT=""
                    HPOS="378"
                    VPOS="1781"
                    WIDTH="949"
                    HEIGHT="24"></String>
          </TextLine>
          <TextLine ID="eSc_line_590f507a"
                    BASELINE="378 1826 391 1826 1332 1856" 
                    HPOS="378"
                    VPOS="1826"
                    WIDTH="954"
                    HEIGHT="30">
	    <String CONTENT=""
                    HPOS="378"
                    VPOS="1826"
                    WIDTH="954"
                    HEIGHT="30"></String>
          </TextLine>
          <TextLine ID="eSc_line_0803a5e7"
                    BASELINE="382 1872 385 1873 942 1892" 
                    HPOS="382"
                    VPOS="1872"
                    WIDTH="560"
                    HEIGHT="20">
	    <String CONTENT=""
                    HPOS="382"
                    VPOS="1872"
                    WIDTH="560"
                    HEIGHT="20"></String>
          </TextLine>
          <TextLine ID="eSc_line_82496ffe"
                    BASELINE="388 1954 386 1958 1323 1986" 
                    HPOS="386"
                    VPOS="1954"
                    WIDTH="937"
                    HEIGHT="32">
	    <String CONTENT=""
                    HPOS="386"
                    VPOS="1954"
                    WIDTH="937"
                    HEIGHT="32"></String>
          </TextLine>
          <TextLine ID="eSc_line_56725262"
                    BASELINE="376 2006 1302 2028" 
                    HPOS="376"
                    VPOS="2006"
                    WIDTH="926"
                    HEIGHT="22">
	    <String CONTENT=""
                    HPOS="376"
                    VPOS="2006"
                    WIDTH="926"
                    HEIGHT="22"></String>
          </TextLine>
        </TextBlock>
        <TextBlock HPOS="1185"
                   VPOS="665"
                   WIDTH="194"
                   HEIGHT="73"
                   ID="region_1718957362078_81"
                   TAGREFS="BT3208">
          <Shape><Polygon POINTS="1357 738 1185 738 1185 665 1379 673"/></Shape>
          <TextLine ID="eSc_line_3ce2439e"
                    BASELINE="1216 722 1244 725 1344 723" 
                    HPOS="1216"
                    VPOS="722"
                    WIDTH="128"
                    HEIGHT="3">
	    <String CONTENT=""
                    HPOS="1216"
                    VPOS="722"
                    WIDTH="128"
                    HEIGHT="3"></String>
          </TextLine>
        </TextBlock>
        <TextBlock HPOS="1162"
                   VPOS="2034"
                   WIDTH="159"
                   HEIGHT="69"
                   ID="region_1718957412262_89"
                   TAGREFS="BT3208">
          <Shape><Polygon POINTS="1320 2093 1162 2103 1168 2034 1321 2036"/></Shape>
          <TextLine ID="eSc_line_fef0c4b9"
                    BASELINE="1202 2079 1206 2080 1241 2082 1315 2084" 
                    HPOS="1202"
                    VPOS="2079"
                    WIDTH="113"
                    HEIGHT="5">
	    <String CONTENT=""
                    HPOS="1202"
                    VPOS="2079"
                    WIDTH="113"
                    HEIGHT="5"></String>
          </TextLine>
        </TextBlock>
      </PrintSpace>
    </Page>
  </Layout>
</alto>
