<?xml version="1.0" encoding="UTF-8"?>
<alto xmlns:xsi="http://www.w3.org/2001/XMLSchema-instance"
      xmlns="http://www.loc.gov/standards/alto/ns-v4#"
      xsi:schemaLocation="http://www.loc.gov/standards/alto/ns-v4# http://www.loc.gov/standards/alto/v4/alto-4-2.xsd">
  <Description>
    <MeasurementUnit>pixel</MeasurementUnit>
    <sourceImageInformation>
      <fileName>1757,_Saemtliche_Poetische_Werke,_Bohn,_1._Aufl.,_Bd._2,_VD18_90396731_Seite_171_Bild_0001.jpg</fileName>
    </sourceImageInformation>
  </Description>
  <Tags>
    <OtherTag ID="BT1" LABEL="Title" DESCRIPTION="block type Title"/><OtherTag ID="BT2" LABEL="Main" DESCRIPTION="block type Main"/><OtherTag ID="BT3" LABEL="Commentary" DESCRIPTION="block type Commentary"/><OtherTag ID="BT4" LABEL="Illustration" DESCRIPTION="block type Illustration"/><OtherTag ID="BT3208" LABEL="heading" DESCRIPTION="block type heading"/><OtherTag ID="BT3209" LABEL="header" DESCRIPTION="block type header"/><OtherTag ID="BT3210" LABEL="paragraph" DESCRIPTION="block type paragraph"/><OtherTag ID="BT3211" LABEL="l-column" DESCRIPTION="block type l-column"/><OtherTag ID="BT3212" LABEL="r-column" DESCRIPTION="block type r-column"/><OtherTag ID="BT3213" LABEL="footnote" DESCRIPTION="block type footnote"/><OtherTag ID="BT3214" LABEL="marginalia" DESCRIPTION="block type marginalia"/><OtherTag ID="BT3215" LABEL="catch-word" DESCRIPTION="block type catch-word"/><OtherTag ID="BT3216" LABEL="column" DESCRIPTION="block type column"/>
  </Tags>
  <Layout>
    <Page WIDTH="1153"
          HEIGHT="1919"
          PHYSICAL_IMG_NR="11"
          ID="eSc_dummypage_">
      <PrintSpace HPOS="0"
                  VPOS="0"
                  WIDTH="1153"
                  HEIGHT="1919">
        <TextBlock HPOS="123"
                   VPOS="6"
                   WIDTH="104"
                   HEIGHT="60"
                   ID="region_1720345099553_3"
                   TAGREFS="BT3208">
          <Shape><Polygon POINTS="227 51 123 66 123 6 223 6"/></Shape>
          <TextLine ID="eSc_line_10d772ce"
                    BASELINE="143 56 213 53" 
                    HPOS="143"
                    VPOS="53"
                    WIDTH="70"
                    HEIGHT="3">
	    <String CONTENT=""
                    HPOS="143"
                    VPOS="53"
                    WIDTH="70"
                    HEIGHT="3"></String>
          </TextLine>
        </TextBlock>
        <TextBlock HPOS="121"
                   VPOS="82"
                   WIDTH="836"
                   HEIGHT="191"
                   ID="region_1720345109236_9"
                   TAGREFS="BT3210">
          <Shape><Polygon POINTS="957 269 121 273 121 82 941 82"/></Shape>
          <TextLine ID="eSc_line_e96e0d08"
                    BASELINE="203 131 894 138" 
                    HPOS="203"
                    VPOS="131"
                    WIDTH="691"
                    HEIGHT="7">
	    <String CONTENT=""
                    HPOS="203"
                    VPOS="131"
                    WIDTH="691"
                    HEIGHT="7"></String>
          </TextLine>
          <TextLine ID="eSc_line_8e444b47"
                    BASELINE="145 178 913 176" 
                    HPOS="145"
                    VPOS="176"
                    WIDTH="768"
                    HEIGHT="2">
	    <String CONTENT=""
                    HPOS="145"
                    VPOS="176"
                    WIDTH="768"
                    HEIGHT="2"></String>
          </TextLine>
          <TextLine ID="eSc_line_8e429163"
                    BASELINE="145 217 919 223" 
                    HPOS="145"
                    VPOS="217"
                    WIDTH="774"
                    HEIGHT="6">
	    <String CONTENT=""
                    HPOS="145"
                    VPOS="217"
                    WIDTH="774"
                    HEIGHT="6"></String>
          </TextLine>
          <TextLine ID="eSc_line_711b1b28"
                    BASELINE="137 264 815 260" 
                    HPOS="137"
                    VPOS="260"
                    WIDTH="678"
                    HEIGHT="4">
	    <String CONTENT=""
                    HPOS="137"
                    VPOS="260"
                    WIDTH="678"
                    HEIGHT="4"></String>
          </TextLine>
        </TextBlock>
        <TextBlock HPOS="386"
                   VPOS="-3"
                   WIDTH="520"
                   HEIGHT="68"
                   ID="region_1720345104228_6"
                   TAGREFS="BT3209">
          <Shape><Polygon POINTS="906 64 386 65 386 -3 893 -3"/></Shape>
          <TextLine ID="eSc_line_355d76ba"
                    BASELINE="396 57 891 57" 
                    HPOS="396"
                    VPOS="57"
                    WIDTH="495"
                    HEIGHT="0">
	    <String CONTENT=""
                    HPOS="396"
                    VPOS="57"
                    WIDTH="495"
                    HEIGHT="0"></String>
          </TextLine>
        </TextBlock>
        <TextBlock HPOS="111"
                   VPOS="423"
                   WIDTH="985"
                   HEIGHT="952"
                   ID="region_1720345123496_18"
                   TAGREFS="BT3210">
          <Shape><Polygon POINTS="1096 1364 111 1375 129 625 129 522 242 521 241 423 1075 432"/></Shape>
          <TextLine ID="eSc_line_3c777c5e"
                    BASELINE="242 474 952 477" 
                    HPOS="242"
                    VPOS="474"
                    WIDTH="710"
                    HEIGHT="3">
	    <String CONTENT=""
                    HPOS="242"
                    VPOS="474"
                    WIDTH="710"
                    HEIGHT="3"></String>
          </TextLine>
          <TextLine ID="eSc_line_5bc5b3e0"
                    BASELINE="257 516 821 519" 
                    HPOS="257"
                    VPOS="516"
                    WIDTH="564"
                    HEIGHT="3">
	    <String CONTENT=""
                    HPOS="257"
                    VPOS="516"
                    WIDTH="564"
                    HEIGHT="3"></String>
          </TextLine>
          <TextLine ID="eSc_line_881cb4a9"
                    BASELINE="139 559 787 560" 
                    HPOS="139"
                    VPOS="559"
                    WIDTH="648"
                    HEIGHT="1">
	    <String CONTENT=""
                    HPOS="139"
                    VPOS="559"
                    WIDTH="648"
                    HEIGHT="1"></String>
          </TextLine>
          <TextLine ID="eSc_line_1e514b02"
                    BASELINE="140 603 1059 603" 
                    HPOS="140"
                    VPOS="603"
                    WIDTH="919"
                    HEIGHT="0">
	    <String CONTENT=""
                    HPOS="140"
                    VPOS="603"
                    WIDTH="919"
                    HEIGHT="0"></String>
          </TextLine>
          <TextLine ID="eSc_line_27471e8d"
                    BASELINE="137 644 908 650" 
                    HPOS="137"
                    VPOS="644"
                    WIDTH="771"
                    HEIGHT="6">
	    <String CONTENT=""
                    HPOS="137"
                    VPOS="644"
                    WIDTH="771"
                    HEIGHT="6"></String>
          </TextLine>
          <TextLine ID="eSc_line_6306272e"
                    BASELINE="135 688 804 690" 
                    HPOS="135"
                    VPOS="688"
                    WIDTH="669"
                    HEIGHT="2">
	    <String CONTENT=""
                    HPOS="135"
                    VPOS="688"
                    WIDTH="669"
                    HEIGHT="2"></String>
          </TextLine>
          <TextLine ID="eSc_line_9c5dd3c2"
                    BASELINE="134 730 827 730" 
                    HPOS="134"
                    VPOS="730"
                    WIDTH="693"
                    HEIGHT="0">
	    <String CONTENT=""
                    HPOS="134"
                    VPOS="730"
                    WIDTH="693"
                    HEIGHT="0"></String>
          </TextLine>
          <TextLine ID="eSc_line_07b34bf7"
                    BASELINE="134 772 920 777" 
                    HPOS="134"
                    VPOS="772"
                    WIDTH="786"
                    HEIGHT="5">
	    <String CONTENT=""
                    HPOS="134"
                    VPOS="772"
                    WIDTH="786"
                    HEIGHT="5"></String>
          </TextLine>
          <TextLine ID="eSc_line_62af81a7"
                    BASELINE="128 816 762 821" 
                    HPOS="128"
                    VPOS="816"
                    WIDTH="634"
                    HEIGHT="5">
	    <String CONTENT=""
                    HPOS="128"
                    VPOS="816"
                    WIDTH="634"
                    HEIGHT="5"></String>
          </TextLine>
          <TextLine ID="eSc_line_cabe1abf"
                    BASELINE="129 862 950 861" 
                    HPOS="129"
                    VPOS="861"
                    WIDTH="821"
                    HEIGHT="1">
	    <String CONTENT=""
                    HPOS="129"
                    VPOS="861"
                    WIDTH="821"
                    HEIGHT="1"></String>
          </TextLine>
          <TextLine ID="eSc_line_08f240e6"
                    BASELINE="180 899 869 903" 
                    HPOS="180"
                    VPOS="899"
                    WIDTH="689"
                    HEIGHT="4">
	    <String CONTENT=""
                    HPOS="180"
                    VPOS="899"
                    WIDTH="689"
                    HEIGHT="4"></String>
          </TextLine>
          <TextLine ID="eSc_line_c5d122e7"
                    BASELINE="125 942 933 942" 
                    HPOS="125"
                    VPOS="942"
                    WIDTH="808"
                    HEIGHT="0">
	    <String CONTENT=""
                    HPOS="125"
                    VPOS="942"
                    WIDTH="808"
                    HEIGHT="0"></String>
          </TextLine>
          <TextLine ID="eSc_line_802e360e"
                    BASELINE="126 985 815 989" 
                    HPOS="126"
                    VPOS="985"
                    WIDTH="689"
                    HEIGHT="4">
	    <String CONTENT=""
                    HPOS="126"
                    VPOS="985"
                    WIDTH="689"
                    HEIGHT="4"></String>
          </TextLine>
          <TextLine ID="eSc_line_838531b6"
                    BASELINE="123 1029 843 1035" 
                    HPOS="123"
                    VPOS="1029"
                    WIDTH="720"
                    HEIGHT="6">
	    <String CONTENT=""
                    HPOS="123"
                    VPOS="1029"
                    WIDTH="720"
                    HEIGHT="6"></String>
          </TextLine>
          <TextLine ID="eSc_line_4af12524"
                    BASELINE="125 1074 829 1079" 
                    HPOS="125"
                    VPOS="1074"
                    WIDTH="704"
                    HEIGHT="5">
	    <String CONTENT=""
                    HPOS="125"
                    VPOS="1074"
                    WIDTH="704"
                    HEIGHT="5"></String>
          </TextLine>
          <TextLine ID="eSc_line_9090402f"
                    BASELINE="122 1115 800 1116" 
                    HPOS="122"
                    VPOS="1115"
                    WIDTH="678"
                    HEIGHT="1">
	    <String CONTENT=""
                    HPOS="122"
                    VPOS="1115"
                    WIDTH="678"
                    HEIGHT="1"></String>
          </TextLine>
          <TextLine ID="eSc_line_d50151bd"
                    BASELINE="121 1157 783 1160" 
                    HPOS="121"
                    VPOS="1157"
                    WIDTH="662"
                    HEIGHT="3">
	    <String CONTENT=""
                    HPOS="121"
                    VPOS="1157"
                    WIDTH="662"
                    HEIGHT="3"></String>
          </TextLine>
          <TextLine ID="eSc_line_d87440df"
                    BASELINE="126 1202 787 1202" 
                    HPOS="126"
                    VPOS="1202"
                    WIDTH="661"
                    HEIGHT="0">
	    <String CONTENT=""
                    HPOS="126"
                    VPOS="1202"
                    WIDTH="661"
                    HEIGHT="0"></String>
          </TextLine>
          <TextLine ID="eSc_line_85e6f631"
                    BASELINE="118 1294 857 1287" 
                    HPOS="118"
                    VPOS="1287"
                    WIDTH="739"
                    HEIGHT="7">
	    <String CONTENT=""
                    HPOS="118"
                    VPOS="1287"
                    WIDTH="739"
                    HEIGHT="7"></String>
          </TextLine>
          <TextLine ID="eSc_line_1519cb4d"
                    BASELINE="171 1331 822 1333" 
                    HPOS="171"
                    VPOS="1331"
                    WIDTH="651"
                    HEIGHT="2">
	    <String CONTENT=""
                    HPOS="171"
                    VPOS="1331"
                    WIDTH="651"
                    HEIGHT="2"></String>
          </TextLine>
          <TextLine ID="eSc_line_7b41ef9e"
                    BASELINE="121 1374 679 1369" 
                    HPOS="121"
                    VPOS="1369"
                    WIDTH="558"
                    HEIGHT="5">
	    <String CONTENT=""
                    HPOS="121"
                    VPOS="1369"
                    WIDTH="558"
                    HEIGHT="5"></String>
          </TextLine>
        </TextBlock>
        <TextBlock HPOS="458"
                   VPOS="344"
                   WIDTH="356"
                   HEIGHT="76"
                   ID="region_1720345112972_12"
                   TAGREFS="BT3208">
          <Shape><Polygon POINTS="794 420 458 420 458 345 814 344"/></Shape>
          <TextLine ID="eSc_line_219487aa"
                    BASELINE="477 420 775 420" 
                    HPOS="477"
                    VPOS="420"
                    WIDTH="298"
                    HEIGHT="0">
	    <String CONTENT=""
                    HPOS="477"
                    VPOS="420"
                    WIDTH="298"
                    HEIGHT="0"></String>
          </TextLine>
        </TextBlock>
        <TextBlock HPOS="111"
                   VPOS="1418"
                   WIDTH="986"
                   HEIGHT="176"
                   ID="region_1720345141152_24"
                   TAGREFS="BT3213">
          <Shape><Polygon POINTS="1097 1594 117 1594 111 1418 1091 1418"/></Shape>
          <TextLine ID="eSc_line_700b7680"
                    BASELINE="115 1462 1083 1460" 
                    HPOS="115"
                    VPOS="1460"
                    WIDTH="968"
                    HEIGHT="2">
	    <String CONTENT=""
                    HPOS="115"
                    VPOS="1460"
                    WIDTH="968"
                    HEIGHT="2"></String>
          </TextLine>
          <TextLine ID="eSc_line_04419216"
                    BASELINE="143 1495 1073 1494" 
                    HPOS="143"
                    VPOS="1494"
                    WIDTH="930"
                    HEIGHT="1">
	    <String CONTENT=""
                    HPOS="143"
                    VPOS="1494"
                    WIDTH="930"
                    HEIGHT="1"></String>
          </TextLine>
          <TextLine ID="eSc_line_d1806d22"
                    BASELINE="152 1529 1083 1529" 
                    HPOS="152"
                    VPOS="1529"
                    WIDTH="931"
                    HEIGHT="0">
	    <String CONTENT=""
                    HPOS="152"
                    VPOS="1529"
                    WIDTH="931"
                    HEIGHT="0"></String>
          </TextLine>
          <TextLine ID="eSc_line_005c63a8"
                    BASELINE="140 1562 1079 1563" 
                    HPOS="140"
                    VPOS="1562"
                    WIDTH="939"
                    HEIGHT="1">
	    <String CONTENT=""
                    HPOS="140"
                    VPOS="1562"
                    WIDTH="939"
                    HEIGHT="1"></String>
          </TextLine>
          <TextLine ID="eSc_line_40cb90de"
                    BASELINE="135 1593 731 1597" 
                    HPOS="135"
                    VPOS="1593"
                    WIDTH="596"
                    HEIGHT="4">
	    <String CONTENT=""
                    HPOS="135"
                    VPOS="1593"
                    WIDTH="596"
                    HEIGHT="4"></String>
          </TextLine>
        </TextBlock>
        <TextBlock HPOS="107"
                   VPOS="1600"
                   WIDTH="982"
                   HEIGHT="69"
                   ID="region_1721040649665_146"
                   TAGREFS="BT3213">
          <Shape><Polygon POINTS="1089 1669 107 1669 107 1600 1089 1600"/></Shape>
          <TextLine ID="eSc_line_e4fb960c"
                    BASELINE="121 1633 1082 1632" 
                    HPOS="121"
                    VPOS="1632"
                    WIDTH="961"
                    HEIGHT="1">
	    <String CONTENT=""
                    HPOS="121"
                    VPOS="1632"
                    WIDTH="961"
                    HEIGHT="1"></String>
          </TextLine>
          <TextLine ID="eSc_line_cff5a114"
                    BASELINE="147 1665 423 1668" 
                    HPOS="147"
                    VPOS="1665"
                    WIDTH="276"
                    HEIGHT="3">
	    <String CONTENT=""
                    HPOS="147"
                    VPOS="1665"
                    WIDTH="276"
                    HEIGHT="3"></String>
          </TextLine>
        </TextBlock>
        <TextBlock HPOS="90"
                   VPOS="1669"
                   WIDTH="1005"
                   HEIGHT="178"
                   ID="region_1721040652773_149"
                   TAGREFS="BT3213">
          <Shape><Polygon POINTS="1095 1847 90 1847 90 1669 1095 1669"/></Shape>
          <TextLine ID="eSc_line_4da67222"
                    BASELINE="114 1707 1083 1697" 
                    HPOS="114"
                    VPOS="1697"
                    WIDTH="969"
                    HEIGHT="10">
	    <String CONTENT=""
                    HPOS="114"
                    VPOS="1697"
                    WIDTH="969"
                    HEIGHT="10"></String>
          </TextLine>
          <TextLine ID="eSc_line_67ff83a3"
                    BASELINE="138 1732 1087 1732" 
                    HPOS="138"
                    VPOS="1732"
                    WIDTH="949"
                    HEIGHT="0">
	    <String CONTENT=""
                    HPOS="138"
                    VPOS="1732"
                    WIDTH="949"
                    HEIGHT="0"></String>
          </TextLine>
          <TextLine ID="eSc_line_17c125f7"
                    BASELINE="142 1767 1080 1767" 
                    HPOS="142"
                    VPOS="1767"
                    WIDTH="938"
                    HEIGHT="0">
	    <String CONTENT=""
                    HPOS="142"
                    VPOS="1767"
                    WIDTH="938"
                    HEIGHT="0"></String>
          </TextLine>
          <TextLine ID="eSc_line_0789d05a"
                    BASELINE="136 1799 1079 1802" 
                    HPOS="136"
                    VPOS="1799"
                    WIDTH="943"
                    HEIGHT="3">
	    <String CONTENT=""
                    HPOS="136"
                    VPOS="1799"
                    WIDTH="943"
                    HEIGHT="3"></String>
          </TextLine>
          <TextLine ID="eSc_line_7db6dd82"
                    BASELINE="139 1841 246 1842" 
                    HPOS="139"
                    VPOS="1841"
                    WIDTH="107"
                    HEIGHT="1">
	    <String CONTENT=""
                    HPOS="139"
                    VPOS="1841"
                    WIDTH="107"
                    HEIGHT="1"></String>
          </TextLine>
        </TextBlock>
        <TextBlock HPOS="990"
                   VPOS="1374"
                   WIDTH="114"
                   HEIGHT="39"
                   ID="region_1720345134536_21"
                   TAGREFS="BT3208">
          <Shape><Polygon POINTS="1104 1412 990 1413 990 1374 1087 1374"/></Shape>
          <TextLine ID="eSc_line_9b3ec2fc"
                    BASELINE="995 1410 1091 1411" 
                    HPOS="995"
                    VPOS="1410"
                    WIDTH="96"
                    HEIGHT="1">
	    <String CONTENT=""
                    HPOS="995"
                    VPOS="1410"
                    WIDTH="96"
                    HEIGHT="1"></String>
          </TextLine>
        </TextBlock>
        <TextBlock HPOS="124"
                   VPOS="420"
                   WIDTH="114"
                   HEIGHT="96"
                   ID="region_1720345117380_15"
                   TAGREFS="BT3210">
          <Shape><Polygon POINTS="238 516 136 516 124 420 238 427"/></Shape>
        </TextBlock>
        <TextBlock ID="eSc_dummyblock_">
          <TextLine ID="eSc_line_d34e3540"
                    BASELINE="113 1245 822 1247" 
                    HPOS="113"
                    VPOS="1245"
                    WIDTH="709"
                    HEIGHT="2">
	    <String CONTENT=""
                    HPOS="113"
                    VPOS="1245"
                    WIDTH="709"
                    HEIGHT="2"></String>
          </TextLine>
        </TextBlock>
      </PrintSpace>
    </Page>
  </Layout>
</alto>
