<?xml version="1.0" encoding="UTF-8"?>
<alto xmlns:xsi="http://www.w3.org/2001/XMLSchema-instance"
      xmlns="http://www.loc.gov/standards/alto/ns-v4#"
      xsi:schemaLocation="http://www.loc.gov/standards/alto/ns-v4# http://www.loc.gov/standards/alto/v4/alto-4-2.xsd">
  <Description>
    <MeasurementUnit>pixel</MeasurementUnit>
    <sourceImageInformation>
      <fileName>1757,_Saemtliche_Poetische_Werke,_Bohn,_1._Aufl.,_Bd._3,_VD18_9039674X_Seite_163_Bild_0001.jpg</fileName>
    </sourceImageInformation>
  </Description>
  <Tags>
    <OtherTag ID="BT1" LABEL="Title" DESCRIPTION="block type Title"/><OtherTag ID="BT2" LABEL="Main" DESCRIPTION="block type Main"/><OtherTag ID="BT3" LABEL="Commentary" DESCRIPTION="block type Commentary"/><OtherTag ID="BT4" LABEL="Illustration" DESCRIPTION="block type Illustration"/><OtherTag ID="BT3208" LABEL="heading" DESCRIPTION="block type heading"/><OtherTag ID="BT3209" LABEL="header" DESCRIPTION="block type header"/><OtherTag ID="BT3210" LABEL="paragraph" DESCRIPTION="block type paragraph"/><OtherTag ID="BT3211" LABEL="l-column" DESCRIPTION="block type l-column"/><OtherTag ID="BT3212" LABEL="r-column" DESCRIPTION="block type r-column"/><OtherTag ID="BT3213" LABEL="footnote" DESCRIPTION="block type footnote"/><OtherTag ID="BT3214" LABEL="marginalia" DESCRIPTION="block type marginalia"/><OtherTag ID="BT3215" LABEL="catch-word" DESCRIPTION="block type catch-word"/><OtherTag ID="BT3216" LABEL="column" DESCRIPTION="block type column"/>
  </Tags>
  <Layout>
    <Page WIDTH="1138"
          HEIGHT="1909"
          PHYSICAL_IMG_NR="12"
          ID="eSc_dummypage_">
      <PrintSpace HPOS="0"
                  VPOS="0"
                  WIDTH="1138"
                  HEIGHT="1909">
        <TextBlock HPOS="105"
                   VPOS="6"
                   WIDTH="77"
                   HEIGHT="51"
                   ID="region_1720345477607_95"
                   TAGREFS="BT3208">
          <Shape><Polygon POINTS="182 57 105 57 105 6 182 6"/></Shape>
          <TextLine ID="eSc_line_d6d94508"
                    BASELINE="107 51 173 49" 
                    HPOS="107"
                    VPOS="49"
                    WIDTH="66"
                    HEIGHT="2">
	    <String CONTENT=""
                    HPOS="107"
                    VPOS="49"
                    WIDTH="66"
                    HEIGHT="2"></String>
          </TextLine>
        </TextBlock>
        <TextBlock HPOS="93"
                   VPOS="78"
                   WIDTH="1001"
                   HEIGHT="1546"
                   ID="region_1720345491203_101"
                   TAGREFS="BT3210">
          <Shape><Polygon POINTS="1094 1540 673 1624 93 1610 109 78 1094 78"/></Shape>
          <TextLine ID="eSc_line_f7712795"
                    BASELINE="111 137 1087 136" 
                    HPOS="111"
                    VPOS="136"
                    WIDTH="976"
                    HEIGHT="1">
	    <String CONTENT=""
                    HPOS="111"
                    VPOS="136"
                    WIDTH="976"
                    HEIGHT="1"></String>
          </TextLine>
          <TextLine ID="eSc_line_d3895921"
                    BASELINE="113 183 1087 185" 
                    HPOS="113"
                    VPOS="183"
                    WIDTH="974"
                    HEIGHT="2">
	    <String CONTENT=""
                    HPOS="113"
                    VPOS="183"
                    WIDTH="974"
                    HEIGHT="2"></String>
          </TextLine>
          <TextLine ID="eSc_line_43195c50"
                    BASELINE="113 221 1088 226" 
                    HPOS="113"
                    VPOS="221"
                    WIDTH="975"
                    HEIGHT="5">
	    <String CONTENT=""
                    HPOS="113"
                    VPOS="221"
                    WIDTH="975"
                    HEIGHT="5"></String>
          </TextLine>
          <TextLine ID="eSc_line_9562a86e"
                    BASELINE="115 267 1088 267" 
                    HPOS="115"
                    VPOS="267"
                    WIDTH="973"
                    HEIGHT="0">
	    <String CONTENT=""
                    HPOS="115"
                    VPOS="267"
                    WIDTH="973"
                    HEIGHT="0"></String>
          </TextLine>
          <TextLine ID="eSc_line_620f8a16"
                    BASELINE="116 312 608 306" 
                    HPOS="116"
                    VPOS="306"
                    WIDTH="492"
                    HEIGHT="6">
	    <String CONTENT=""
                    HPOS="116"
                    VPOS="306"
                    WIDTH="492"
                    HEIGHT="6"></String>
          </TextLine>
          <TextLine ID="eSc_line_355ddb89"
                    BASELINE="174 364 773 368" 
                    HPOS="174"
                    VPOS="364"
                    WIDTH="599"
                    HEIGHT="4">
	    <String CONTENT=""
                    HPOS="174"
                    VPOS="364"
                    WIDTH="599"
                    HEIGHT="4"></String>
          </TextLine>
          <TextLine ID="eSc_line_c06c55ca"
                    BASELINE="230 464 779 466" 
                    HPOS="230"
                    VPOS="464"
                    WIDTH="549"
                    HEIGHT="2">
	    <String CONTENT=""
                    HPOS="230"
                    VPOS="464"
                    WIDTH="549"
                    HEIGHT="2"></String>
          </TextLine>
          <TextLine ID="eSc_line_d3bcc3fb"
                    BASELINE="303 425 907 431" 
                    HPOS="303"
                    VPOS="425"
                    WIDTH="604"
                    HEIGHT="6">
	    <String CONTENT=""
                    HPOS="303"
                    VPOS="425"
                    WIDTH="604"
                    HEIGHT="6"></String>
          </TextLine>
          <TextLine ID="eSc_line_dd042b80"
                    BASELINE="231 507 884 509" 
                    HPOS="231"
                    VPOS="507"
                    WIDTH="653"
                    HEIGHT="2">
	    <String CONTENT=""
                    HPOS="231"
                    VPOS="507"
                    WIDTH="653"
                    HEIGHT="2"></String>
          </TextLine>
          <TextLine ID="eSc_line_d23a5db2"
                    BASELINE="221 552 780 555" 
                    HPOS="221"
                    VPOS="552"
                    WIDTH="559"
                    HEIGHT="3">
	    <String CONTENT=""
                    HPOS="221"
                    VPOS="552"
                    WIDTH="559"
                    HEIGHT="3"></String>
          </TextLine>
          <TextLine ID="eSc_line_6e7fd51c"
                    BASELINE="223 592 702 596" 
                    HPOS="223"
                    VPOS="592"
                    WIDTH="479"
                    HEIGHT="4">
	    <String CONTENT=""
                    HPOS="223"
                    VPOS="592"
                    WIDTH="479"
                    HEIGHT="4"></String>
          </TextLine>
          <TextLine ID="eSc_line_5a374232"
                    BASELINE="241 637 662 642" 
                    HPOS="241"
                    VPOS="637"
                    WIDTH="421"
                    HEIGHT="5">
	    <String CONTENT=""
                    HPOS="241"
                    VPOS="637"
                    WIDTH="421"
                    HEIGHT="5"></String>
          </TextLine>
          <TextLine ID="eSc_line_cd9180fe"
                    BASELINE="165 692 1075 698" 
                    HPOS="165"
                    VPOS="692"
                    WIDTH="910"
                    HEIGHT="6">
	    <String CONTENT=""
                    HPOS="165"
                    VPOS="692"
                    WIDTH="910"
                    HEIGHT="6"></String>
          </TextLine>
          <TextLine ID="eSc_line_58a2527d"
                    BASELINE="113 734 317 734" 
                    HPOS="113"
                    VPOS="734"
                    WIDTH="204"
                    HEIGHT="0">
	    <String CONTENT=""
                    HPOS="113"
                    VPOS="734"
                    WIDTH="204"
                    HEIGHT="0"></String>
          </TextLine>
          <TextLine ID="eSc_line_9c48305d"
                    BASELINE="311 794 931 799" 
                    HPOS="311"
                    VPOS="794"
                    WIDTH="620"
                    HEIGHT="5">
	    <String CONTENT=""
                    HPOS="311"
                    VPOS="794"
                    WIDTH="620"
                    HEIGHT="5"></String>
          </TextLine>
          <TextLine ID="eSc_line_0534dc38"
                    BASELINE="239 832 853 836" 
                    HPOS="239"
                    VPOS="832"
                    WIDTH="614"
                    HEIGHT="4">
	    <String CONTENT=""
                    HPOS="239"
                    VPOS="832"
                    WIDTH="614"
                    HEIGHT="4"></String>
          </TextLine>
          <TextLine ID="eSc_line_7920e170"
                    BASELINE="237 877 884 884" 
                    HPOS="237"
                    VPOS="877"
                    WIDTH="647"
                    HEIGHT="7">
	    <String CONTENT=""
                    HPOS="237"
                    VPOS="877"
                    WIDTH="647"
                    HEIGHT="7"></String>
          </TextLine>
          <TextLine ID="eSc_line_e4128f36"
                    BASELINE="231 924 799 925" 
                    HPOS="231"
                    VPOS="924"
                    WIDTH="568"
                    HEIGHT="1">
	    <String CONTENT=""
                    HPOS="231"
                    VPOS="924"
                    WIDTH="568"
                    HEIGHT="1"></String>
          </TextLine>
          <TextLine ID="eSc_line_1dfe9c59"
                    BASELINE="231 961 776 966" 
                    HPOS="231"
                    VPOS="961"
                    WIDTH="545"
                    HEIGHT="5">
	    <String CONTENT=""
                    HPOS="231"
                    VPOS="961"
                    WIDTH="545"
                    HEIGHT="5"></String>
          </TextLine>
          <TextLine ID="eSc_line_3627cb4e"
                    BASELINE="230 1004 797 1008" 
                    HPOS="230"
                    VPOS="1004"
                    WIDTH="567"
                    HEIGHT="4">
	    <String CONTENT=""
                    HPOS="230"
                    VPOS="1004"
                    WIDTH="567"
                    HEIGHT="4"></String>
          </TextLine>
          <TextLine ID="eSc_line_a60a8b96"
                    BASELINE="183 1071 913 1070" 
                    HPOS="183"
                    VPOS="1070"
                    WIDTH="730"
                    HEIGHT="1">
	    <String CONTENT=""
                    HPOS="183"
                    VPOS="1070"
                    WIDTH="730"
                    HEIGHT="1"></String>
          </TextLine>
          <TextLine ID="eSc_line_4e6ac022"
                    BASELINE="241 1125 863 1123" 
                    HPOS="241"
                    VPOS="1123"
                    WIDTH="622"
                    HEIGHT="2">
	    <String CONTENT=""
                    HPOS="241"
                    VPOS="1123"
                    WIDTH="622"
                    HEIGHT="2"></String>
          </TextLine>
          <TextLine ID="eSc_line_3a2a3c1d"
                    BASELINE="485 1167 893 1165" 
                    HPOS="485"
                    VPOS="1165"
                    WIDTH="408"
                    HEIGHT="2">
	    <String CONTENT=""
                    HPOS="485"
                    VPOS="1165"
                    WIDTH="408"
                    HEIGHT="2"></String>
          </TextLine>
          <TextLine ID="eSc_line_5fffa867"
                    BASELINE="172 1223 1079 1225" 
                    HPOS="172"
                    VPOS="1223"
                    WIDTH="907"
                    HEIGHT="2">
	    <String CONTENT=""
                    HPOS="172"
                    VPOS="1223"
                    WIDTH="907"
                    HEIGHT="2"></String>
          </TextLine>
          <TextLine ID="eSc_line_6a8051c3"
                    BASELINE="114 1266 384 1264" 
                    HPOS="114"
                    VPOS="1264"
                    WIDTH="270"
                    HEIGHT="2">
	    <String CONTENT=""
                    HPOS="114"
                    VPOS="1264"
                    WIDTH="270"
                    HEIGHT="2"></String>
          </TextLine>
          <TextLine ID="eSc_line_7619f53d"
                    BASELINE="306 1321 669 1329" 
                    HPOS="306"
                    VPOS="1321"
                    WIDTH="363"
                    HEIGHT="8">
	    <String CONTENT=""
                    HPOS="306"
                    VPOS="1321"
                    WIDTH="363"
                    HEIGHT="8"></String>
          </TextLine>
          <TextLine ID="eSc_line_5fd74294"
                    BASELINE="241 1363 551 1370" 
                    HPOS="241"
                    VPOS="1363"
                    WIDTH="310"
                    HEIGHT="7">
	    <String CONTENT=""
                    HPOS="241"
                    VPOS="1363"
                    WIDTH="310"
                    HEIGHT="7"></String>
          </TextLine>
          <TextLine ID="eSc_line_d7b95789"
                    BASELINE="244 1405 814 1412" 
                    HPOS="244"
                    VPOS="1405"
                    WIDTH="570"
                    HEIGHT="7">
	    <String CONTENT=""
                    HPOS="244"
                    VPOS="1405"
                    WIDTH="570"
                    HEIGHT="7"></String>
          </TextLine>
          <TextLine ID="eSc_line_9ced03da"
                    BASELINE="238 1447 584 1450" 
                    HPOS="238"
                    VPOS="1447"
                    WIDTH="346"
                    HEIGHT="3">
	    <String CONTENT=""
                    HPOS="238"
                    VPOS="1447"
                    WIDTH="346"
                    HEIGHT="3"></String>
          </TextLine>
          <TextLine ID="eSc_line_40e7dfe2"
                    BASELINE="240 1491 661 1494" 
                    HPOS="240"
                    VPOS="1491"
                    WIDTH="421"
                    HEIGHT="3">
	    <String CONTENT=""
                    HPOS="240"
                    VPOS="1491"
                    WIDTH="421"
                    HEIGHT="3"></String>
          </TextLine>
          <TextLine ID="eSc_line_bbf125d2"
                    BASELINE="243 1531 678 1540" 
                    HPOS="243"
                    VPOS="1531"
                    WIDTH="435"
                    HEIGHT="9">
	    <String CONTENT=""
                    HPOS="243"
                    VPOS="1531"
                    WIDTH="435"
                    HEIGHT="9"></String>
          </TextLine>
          <TextLine ID="eSc_line_ce61e2fa"
                    BASELINE="243 1570 611 1576" 
                    HPOS="243"
                    VPOS="1570"
                    WIDTH="368"
                    HEIGHT="6">
	    <String CONTENT=""
                    HPOS="243"
                    VPOS="1570"
                    WIDTH="368"
                    HEIGHT="6"></String>
          </TextLine>
          <TextLine ID="eSc_line_17e795c5"
                    BASELINE="240 1611 620 1621" 
                    HPOS="240"
                    VPOS="1611"
                    WIDTH="380"
                    HEIGHT="10">
	    <String CONTENT=""
                    HPOS="240"
                    VPOS="1611"
                    WIDTH="380"
                    HEIGHT="10"></String>
          </TextLine>
        </TextBlock>
        <TextBlock HPOS="277"
                   VPOS="4"
                   WIDTH="645"
                   HEIGHT="54"
                   ID="region_1720345482895_98"
                   TAGREFS="BT3209">
          <Shape><Polygon POINTS="896 58 277 58 277 4 922 8"/></Shape>
          <TextLine ID="eSc_line_6b064eff"
                    BASELINE="283 58 891 56" 
                    HPOS="283"
                    VPOS="56"
                    WIDTH="608"
                    HEIGHT="2">
	    <String CONTENT=""
                    HPOS="283"
                    VPOS="56"
                    WIDTH="608"
                    HEIGHT="2"></String>
          </TextLine>
        </TextBlock>
        <TextBlock HPOS="91"
                   VPOS="1670"
                   WIDTH="371"
                   HEIGHT="53"
                   ID="region_1720345580881_136"
                   TAGREFS="BT3213">
          <Shape><Polygon POINTS="458 1723 269 1709 91 1706 100 1670 462 1679"/></Shape>
          <TextLine ID="eSc_line_9eb7027d"
                    BASELINE="119 1704 435 1720" 
                    HPOS="119"
                    VPOS="1704"
                    WIDTH="316"
                    HEIGHT="16">
	    <String CONTENT=""
                    HPOS="119"
                    VPOS="1704"
                    WIDTH="316"
                    HEIGHT="16"></String>
          </TextLine>
        </TextBlock>
        <TextBlock HPOS="103"
                   VPOS="1713"
                   WIDTH="170"
                   HEIGHT="27"
                   ID="region_1721040914036_185"
                   TAGREFS="BT3213">
          <Shape><Polygon POINTS="273 1740 103 1740 103 1713 273 1713"/></Shape>
          <TextLine ID="eSc_line_34cf4550"
                    BASELINE="119 1739 260 1742" 
                    HPOS="119"
                    VPOS="1739"
                    WIDTH="141"
                    HEIGHT="3">
	    <String CONTENT=""
                    HPOS="119"
                    VPOS="1739"
                    WIDTH="141"
                    HEIGHT="3"></String>
          </TextLine>
        </TextBlock>
        <TextBlock HPOS="97"
                   VPOS="1744"
                   WIDTH="391"
                   HEIGHT="52"
                   ID="region_1721040917784_188"
                   TAGREFS="BT3213">
          <Shape><Polygon POINTS="488 1796 97 1796 97 1744 488 1744"/></Shape>
          <TextLine ID="eSc_line_20f649b2"
                    BASELINE="113 1782 481 1788" 
                    HPOS="113"
                    VPOS="1782"
                    WIDTH="368"
                    HEIGHT="6">
	    <String CONTENT=""
                    HPOS="113"
                    VPOS="1782"
                    WIDTH="368"
                    HEIGHT="6"></String>
          </TextLine>
        </TextBlock>
        <TextBlock HPOS="952"
                   VPOS="1617"
                   WIDTH="147"
                   HEIGHT="63"
                   ID="region_1720345577215_133"
                   TAGREFS="BT3208">
          <Shape><Polygon POINTS="1099 1680 956 1680 952 1617 1095 1617"/></Shape>
          <TextLine ID="eSc_line_2aa936b9"
                    BASELINE="963 1670 1080 1673" 
                    HPOS="963"
                    VPOS="1670"
                    WIDTH="117"
                    HEIGHT="3">
	    <String CONTENT=""
                    HPOS="963"
                    VPOS="1670"
                    WIDTH="117"
                    HEIGHT="3"></String>
          </TextLine>
        </TextBlock>
      </PrintSpace>
    </Page>
  </Layout>
</alto>
