<?xml version="1.0" encoding="UTF-8"?>
<alto xmlns:xsi="http://www.w3.org/2001/XMLSchema-instance"
      xmlns="http://www.loc.gov/standards/alto/ns-v4#"
      xsi:schemaLocation="http://www.loc.gov/standards/alto/ns-v4# http://www.loc.gov/standards/alto/v4/alto-4-2.xsd">
  <Description>
    <MeasurementUnit>pixel</MeasurementUnit>
    <sourceImageInformation>
      <fileName>1757, Poetische Werke, Bohn, Bd. 2, VD18 90332148_NEU-0298.jpeg</fileName>
    </sourceImageInformation>
  </Description>
  <Tags>
    <OtherTag ID="BT1" LABEL="Title" DESCRIPTION="block type Title"/><OtherTag ID="BT2" LABEL="Main" DESCRIPTION="block type Main"/><OtherTag ID="BT3" LABEL="Commentary" DESCRIPTION="block type Commentary"/><OtherTag ID="BT4" LABEL="Illustration" DESCRIPTION="block type Illustration"/><OtherTag ID="BT3208" LABEL="heading" DESCRIPTION="block type heading"/><OtherTag ID="BT3209" LABEL="header" DESCRIPTION="block type header"/><OtherTag ID="BT3210" LABEL="paragraph" DESCRIPTION="block type paragraph"/><OtherTag ID="BT3211" LABEL="l-column" DESCRIPTION="block type l-column"/><OtherTag ID="BT3212" LABEL="r-column" DESCRIPTION="block type r-column"/><OtherTag ID="BT3213" LABEL="footnote" DESCRIPTION="block type footnote"/><OtherTag ID="BT3214" LABEL="marginalia" DESCRIPTION="block type marginalia"/><OtherTag ID="BT3215" LABEL="catch-word" DESCRIPTION="block type catch-word"/><OtherTag ID="BT3216" LABEL="column" DESCRIPTION="block type column"/>
  </Tags>
  <Layout>
    <Page WIDTH="1575"
          HEIGHT="2338"
          PHYSICAL_IMG_NR="7"
          ID="eSc_dummypage_">
      <PrintSpace HPOS="0"
                  VPOS="0"
                  WIDTH="1575"
                  HEIGHT="2338">
        <TextBlock HPOS="481"
                   VPOS="284"
                   WIDTH="121"
                   HEIGHT="73"
                   ID="region_1719932759241_99"
                   TAGREFS="BT3208">
          <Shape><Polygon POINTS="602 357 513 357 481 284 602 291"/></Shape>
          <TextLine ID="eSc_line_0caeb352"
                    BASELINE="516 344 524 344 597 346" 
                    HPOS="516"
                    VPOS="344"
                    WIDTH="81"
                    HEIGHT="2">
	    <String CONTENT=""
                    HPOS="516"
                    VPOS="344"
                    WIDTH="81"
                    HEIGHT="2"></String>
          </TextLine>
        </TextBlock>
        <TextBlock HPOS="464"
                   VPOS="379"
                   WIDTH="1004"
                   HEIGHT="1189"
                   ID="region_1719932835333_105"
                   TAGREFS="BT3210">
          <Shape><Polygon POINTS="1468 1566 466 1568 464 381 1466 379"/></Shape>
          <TextLine ID="eSc_line_8a4ab15a"
                    BASELINE="512 449 1235 451" 
                    HPOS="512"
                    VPOS="449"
                    WIDTH="723"
                    HEIGHT="2">
	    <String CONTENT=""
                    HPOS="512"
                    VPOS="449"
                    WIDTH="723"
                    HEIGHT="2"></String>
          </TextLine>
          <TextLine ID="eSc_line_e14e2786"
                    BASELINE="513 516 1277 511" 
                    HPOS="513"
                    VPOS="511"
                    WIDTH="764"
                    HEIGHT="5">
	    <String CONTENT=""
                    HPOS="513"
                    VPOS="511"
                    WIDTH="764"
                    HEIGHT="5"></String>
          </TextLine>
          <TextLine ID="eSc_line_21cf88b0"
                    BASELINE="540 640 1242 648" 
                    HPOS="540"
                    VPOS="640"
                    WIDTH="702"
                    HEIGHT="8">
	    <String CONTENT=""
                    HPOS="540"
                    VPOS="640"
                    WIDTH="702"
                    HEIGHT="8"></String>
          </TextLine>
          <TextLine ID="eSc_line_c3391fc9"
                    BASELINE="512 707 1139 703" 
                    HPOS="512"
                    VPOS="703"
                    WIDTH="627"
                    HEIGHT="4">
	    <String CONTENT=""
                    HPOS="512"
                    VPOS="703"
                    WIDTH="627"
                    HEIGHT="4"></String>
          </TextLine>
          <TextLine ID="eSc_line_1ef2860b"
                    BASELINE="507 773 1293 775" 
                    HPOS="507"
                    VPOS="773"
                    WIDTH="786"
                    HEIGHT="2">
	    <String CONTENT=""
                    HPOS="507"
                    VPOS="773"
                    WIDTH="786"
                    HEIGHT="2"></String>
          </TextLine>
          <TextLine ID="eSc_line_50df6be9"
                    BASELINE="500 830 1202 830" 
                    HPOS="500"
                    VPOS="830"
                    WIDTH="702"
                    HEIGHT="0">
	    <String CONTENT=""
                    HPOS="500"
                    VPOS="830"
                    WIDTH="702"
                    HEIGHT="0"></String>
          </TextLine>
          <TextLine ID="eSc_line_bb74338d"
                    BASELINE="503 890 1267 894" 
                    HPOS="503"
                    VPOS="890"
                    WIDTH="764"
                    HEIGHT="4">
	    <String CONTENT=""
                    HPOS="503"
                    VPOS="890"
                    WIDTH="764"
                    HEIGHT="4"></String>
          </TextLine>
          <TextLine ID="eSc_line_38d5a57d"
                    BASELINE="502 951 1218 953" 
                    HPOS="502"
                    VPOS="951"
                    WIDTH="716"
                    HEIGHT="2">
	    <String CONTENT=""
                    HPOS="502"
                    VPOS="951"
                    WIDTH="716"
                    HEIGHT="2"></String>
          </TextLine>
          <TextLine ID="eSc_line_89568c63"
                    BASELINE="504 1009 1449 1014" 
                    HPOS="504"
                    VPOS="1009"
                    WIDTH="945"
                    HEIGHT="5">
	    <String CONTENT=""
                    HPOS="504"
                    VPOS="1009"
                    WIDTH="945"
                    HEIGHT="5"></String>
          </TextLine>
          <TextLine ID="eSc_line_26fffc75"
                    BASELINE="507 1072 1461 1077" 
                    HPOS="507"
                    VPOS="1072"
                    WIDTH="954"
                    HEIGHT="5">
	    <String CONTENT=""
                    HPOS="507"
                    VPOS="1072"
                    WIDTH="954"
                    HEIGHT="5"></String>
          </TextLine>
          <TextLine ID="eSc_line_5d5155a0"
                    BASELINE="508 1131 1336 1132" 
                    HPOS="508"
                    VPOS="1131"
                    WIDTH="828"
                    HEIGHT="1">
	    <String CONTENT=""
                    HPOS="508"
                    VPOS="1131"
                    WIDTH="828"
                    HEIGHT="1"></String>
          </TextLine>
          <TextLine ID="eSc_line_c584179d"
                    BASELINE="504 1191 1284 1190" 
                    HPOS="504"
                    VPOS="1190"
                    WIDTH="780"
                    HEIGHT="1">
	    <String CONTENT=""
                    HPOS="504"
                    VPOS="1190"
                    WIDTH="780"
                    HEIGHT="1"></String>
          </TextLine>
          <TextLine ID="eSc_line_a5ad0a70"
                    BASELINE="503 1249 1346 1252" 
                    HPOS="503"
                    VPOS="1249"
                    WIDTH="843"
                    HEIGHT="3">
	    <String CONTENT=""
                    HPOS="503"
                    VPOS="1249"
                    WIDTH="843"
                    HEIGHT="3"></String>
          </TextLine>
          <TextLine ID="eSc_line_93891151"
                    BASELINE="496 1318 1317 1321" 
                    HPOS="496"
                    VPOS="1318"
                    WIDTH="821"
                    HEIGHT="3">
	    <String CONTENT=""
                    HPOS="496"
                    VPOS="1318"
                    WIDTH="821"
                    HEIGHT="3"></String>
          </TextLine>
          <TextLine ID="eSc_line_461f574e"
                    BASELINE="506 1373 1135 1372" 
                    HPOS="506"
                    VPOS="1372"
                    WIDTH="629"
                    HEIGHT="1">
	    <String CONTENT=""
                    HPOS="506"
                    VPOS="1372"
                    WIDTH="629"
                    HEIGHT="1"></String>
          </TextLine>
          <TextLine ID="eSc_line_d0752a9a"
                    BASELINE="496 1433 1296 1426" 
                    HPOS="496"
                    VPOS="1426"
                    WIDTH="800"
                    HEIGHT="7">
	    <String CONTENT=""
                    HPOS="496"
                    VPOS="1426"
                    WIDTH="800"
                    HEIGHT="7"></String>
          </TextLine>
          <TextLine ID="eSc_line_81333115"
                    BASELINE="500 1498 1409 1496" 
                    HPOS="500"
                    VPOS="1496"
                    WIDTH="909"
                    HEIGHT="2">
	    <String CONTENT=""
                    HPOS="500"
                    VPOS="1496"
                    WIDTH="909"
                    HEIGHT="2"></String>
          </TextLine>
          <TextLine ID="eSc_line_bbcf0f57"
                    BASELINE="502 1557 1250 1552" 
                    HPOS="502"
                    VPOS="1552"
                    WIDTH="748"
                    HEIGHT="5">
	    <String CONTENT=""
                    HPOS="502"
                    VPOS="1552"
                    WIDTH="748"
                    HEIGHT="5"></String>
          </TextLine>
        </TextBlock>
        <TextBlock HPOS="749"
                   VPOS="273"
                   WIDTH="586"
                   HEIGHT="91"
                   ID="region_1719932756150_96"
                   TAGREFS="BT3209">
          <Shape><Polygon POINTS="1246 364 749 364 749 275 1335 273"/></Shape>
          <TextLine ID="eSc_line_9405efa1"
                    BASELINE="760 351 1239 352" 
                    HPOS="760"
                    VPOS="351"
                    WIDTH="479"
                    HEIGHT="1">
	    <String CONTENT=""
                    HPOS="760"
                    VPOS="351"
                    WIDTH="479"
                    HEIGHT="1"></String>
          </TextLine>
        </TextBlock>
        <TextBlock HPOS="493"
                   VPOS="1731"
                   WIDTH="987"
                   HEIGHT="211"
                   ID="region_1719933189298_121"
                   TAGREFS="BT3213">
          <Shape><Polygon POINTS="1468 1934 498 1942 493 1731 1480 1731"/></Shape>
          <TextLine ID="eSc_line_097a369d"
                    BASELINE="512 1780 1464 1772" 
                    HPOS="512"
                    VPOS="1772"
                    WIDTH="952"
                    HEIGHT="8">
	    <String CONTENT=""
                    HPOS="512"
                    VPOS="1772"
                    WIDTH="952"
                    HEIGHT="8"></String>
          </TextLine>
          <TextLine ID="eSc_line_016eac1d"
                    BASELINE="523 1816 1469 1815" 
                    HPOS="523"
                    VPOS="1815"
                    WIDTH="946"
                    HEIGHT="1">
	    <String CONTENT=""
                    HPOS="523"
                    VPOS="1815"
                    WIDTH="946"
                    HEIGHT="1"></String>
          </TextLine>
          <TextLine ID="eSc_line_4ce3d185"
                    BASELINE="529 1857 1462 1852" 
                    HPOS="529"
                    VPOS="1852"
                    WIDTH="933"
                    HEIGHT="5">
	    <String CONTENT=""
                    HPOS="529"
                    VPOS="1852"
                    WIDTH="933"
                    HEIGHT="5"></String>
          </TextLine>
          <TextLine ID="eSc_line_2a6d3b1f"
                    BASELINE="529 1898 1460 1894" 
                    HPOS="529"
                    VPOS="1894"
                    WIDTH="931"
                    HEIGHT="4">
	    <String CONTENT=""
                    HPOS="529"
                    VPOS="1894"
                    WIDTH="931"
                    HEIGHT="4"></String>
          </TextLine>
          <TextLine ID="eSc_line_3fa61fbc"
                    BASELINE="530 1932 778 1933" 
                    HPOS="530"
                    VPOS="1932"
                    WIDTH="248"
                    HEIGHT="1">
	    <String CONTENT=""
                    HPOS="530"
                    VPOS="1932"
                    WIDTH="248"
                    HEIGHT="1"></String>
          </TextLine>
        </TextBlock>
        <TextBlock HPOS="503"
                   VPOS="1960"
                   WIDTH="923"
                   HEIGHT="138"
                   ID="region_1719933193062_124"
                   TAGREFS="BT3213">
          <Shape><Polygon POINTS="1338 2098 503 2098 503 1960 1426 1961"/></Shape>
          <TextLine ID="eSc_line_b82464e3"
                    BASELINE="507 2004 1262 2010" 
                    HPOS="507"
                    VPOS="2004"
                    WIDTH="755"
                    HEIGHT="6">
	    <String CONTENT=""
                    HPOS="507"
                    VPOS="2004"
                    WIDTH="755"
                    HEIGHT="6"></String>
          </TextLine>
          <TextLine ID="eSc_line_c35c937d"
                    BASELINE="512 2047 1273 2047" 
                    HPOS="512"
                    VPOS="2047"
                    WIDTH="761"
                    HEIGHT="0">
	    <String CONTENT=""
                    HPOS="512"
                    VPOS="2047"
                    WIDTH="761"
                    HEIGHT="0"></String>
          </TextLine>
          <TextLine ID="eSc_line_60e9c79c"
                    BASELINE="1051 2086 1311 2086" 
                    HPOS="1051"
                    VPOS="2086"
                    WIDTH="260"
                    HEIGHT="0">
	    <String CONTENT=""
                    HPOS="1051"
                    VPOS="2086"
                    WIDTH="260"
                    HEIGHT="0"></String>
          </TextLine>
        </TextBlock>
        <TextBlock HPOS="1343"
                   VPOS="1570"
                   WIDTH="118"
                   HEIGHT="89"
                   ID="region_1719933172077_115"
                   TAGREFS="BT3208">
          <Shape><Polygon POINTS="1461 1635 1343 1659 1367 1570 1460 1570"/></Shape>
          <TextLine ID="eSc_line_1eee9f66"
                    BASELINE="1367 1618 1456 1618" 
                    HPOS="1367"
                    VPOS="1618"
                    WIDTH="89"
                    HEIGHT="0">
	    <String CONTENT=""
                    HPOS="1367"
                    VPOS="1618"
                    WIDTH="89"
                    HEIGHT="0"></String>
          </TextLine>
        </TextBlock>
      </PrintSpace>
    </Page>
  </Layout>
</alto>
