<?xml version="1.0" encoding="UTF-8"?>
<alto xmlns:xsi="http://www.w3.org/2001/XMLSchema-instance"
      xmlns="http://www.loc.gov/standards/alto/ns-v4#"
      xsi:schemaLocation="http://www.loc.gov/standards/alto/ns-v4# http://www.loc.gov/standards/alto/v4/alto-4-2.xsd">
  <Description>
    <MeasurementUnit>pixel</MeasurementUnit>
    <sourceImageInformation>
      <fileName>1757,_Saemtliche_Poetische_Werke,_Bohn,_1._Aufl.,_Bd._2,_VD18_90396731_Seite_045_Bild_0001.jpg</fileName>
    </sourceImageInformation>
  </Description>
  <Tags>
    <OtherTag ID="BT1" LABEL="Title" DESCRIPTION="block type Title"/><OtherTag ID="BT2" LABEL="Main" DESCRIPTION="block type Main"/><OtherTag ID="BT3" LABEL="Commentary" DESCRIPTION="block type Commentary"/><OtherTag ID="BT4" LABEL="Illustration" DESCRIPTION="block type Illustration"/><OtherTag ID="BT3208" LABEL="heading" DESCRIPTION="block type heading"/><OtherTag ID="BT3209" LABEL="header" DESCRIPTION="block type header"/><OtherTag ID="BT3210" LABEL="paragraph" DESCRIPTION="block type paragraph"/><OtherTag ID="BT3211" LABEL="l-column" DESCRIPTION="block type l-column"/><OtherTag ID="BT3212" LABEL="r-column" DESCRIPTION="block type r-column"/><OtherTag ID="BT3213" LABEL="footnote" DESCRIPTION="block type footnote"/><OtherTag ID="BT3214" LABEL="marginalia" DESCRIPTION="block type marginalia"/><OtherTag ID="BT3215" LABEL="catch-word" DESCRIPTION="block type catch-word"/><OtherTag ID="BT3216" LABEL="column" DESCRIPTION="block type column"/>
  </Tags>
  <Layout>
    <Page WIDTH="1135"
          HEIGHT="1918"
          PHYSICAL_IMG_NR="24"
          ID="eSc_dummypage_">
      <PrintSpace HPOS="0"
                  VPOS="0"
                  WIDTH="1135"
                  HEIGHT="1918">
        <TextBlock HPOS="118"
                   VPOS="12"
                   WIDTH="93"
                   HEIGHT="56"
                   ID="region_1724838087802_79"
                   TAGREFS="BT3208">
          <Shape><Polygon POINTS="211 59 118 68 118 12 197 12"/></Shape>
          <TextLine ID="eSc_line_cfcea9b2"
                    BASELINE="132 58 195 55" 
                    HPOS="132"
                    VPOS="55"
                    WIDTH="63"
                    HEIGHT="3">
	    <String CONTENT=""
                    HPOS="132"
                    VPOS="55"
                    WIDTH="63"
                    HEIGHT="3"></String>
          </TextLine>
        </TextBlock>
        <TextBlock HPOS="98"
                   VPOS="122"
                   WIDTH="994"
                   HEIGHT="295"
                   ID="region_1724838096541_85"
                   TAGREFS="BT3210">
          <Shape><Polygon POINTS="1069 417 98 417 98 122 1092 141"/></Shape>
          <TextLine ID="eSc_line_343102ca"
                    BASELINE="191 175 1027 175" 
                    HPOS="191"
                    VPOS="175"
                    WIDTH="836"
                    HEIGHT="0">
	    <String CONTENT=""
                    HPOS="191"
                    VPOS="175"
                    WIDTH="836"
                    HEIGHT="0"></String>
          </TextLine>
          <TextLine ID="eSc_line_7a9f39cf"
                    BASELINE="126 221 821 216" 
                    HPOS="126"
                    VPOS="216"
                    WIDTH="695"
                    HEIGHT="5">
	    <String CONTENT=""
                    HPOS="126"
                    VPOS="216"
                    WIDTH="695"
                    HEIGHT="5"></String>
          </TextLine>
          <TextLine ID="eSc_line_67c6fc27"
                    BASELINE="121 263 885 262" 
                    HPOS="121"
                    VPOS="262"
                    WIDTH="764"
                    HEIGHT="1">
	    <String CONTENT=""
                    HPOS="121"
                    VPOS="262"
                    WIDTH="764"
                    HEIGHT="1"></String>
          </TextLine>
          <TextLine ID="eSc_line_fa71703c"
                    BASELINE="118 301 770 299" 
                    HPOS="118"
                    VPOS="299"
                    WIDTH="652"
                    HEIGHT="2">
	    <String CONTENT=""
                    HPOS="118"
                    VPOS="299"
                    WIDTH="652"
                    HEIGHT="2"></String>
          </TextLine>
          <TextLine ID="eSc_line_660c465e"
                    BASELINE="119 346 915 348" 
                    HPOS="119"
                    VPOS="346"
                    WIDTH="796"
                    HEIGHT="2">
	    <String CONTENT=""
                    HPOS="119"
                    VPOS="346"
                    WIDTH="796"
                    HEIGHT="2"></String>
          </TextLine>
          <TextLine ID="eSc_line_b3e1cdb8"
                    BASELINE="123 386 679 387" 
                    HPOS="123"
                    VPOS="386"
                    WIDTH="556"
                    HEIGHT="1">
	    <String CONTENT=""
                    HPOS="123"
                    VPOS="386"
                    WIDTH="556"
                    HEIGHT="1"></String>
          </TextLine>
        </TextBlock>
        <TextBlock HPOS="366"
                   VPOS="0"
                   WIDTH="536"
                   HEIGHT="64"
                   ID="region_1724838092334_82"
                   TAGREFS="BT3209">
          <Shape><Polygon POINTS="902 64 366 60 366 0 879 0"/></Shape>
          <TextLine ID="eSc_line_779a1c17"
                    BASELINE="379 55 865 53" 
                    HPOS="379"
                    VPOS="53"
                    WIDTH="486"
                    HEIGHT="2">
	    <String CONTENT=""
                    HPOS="379"
                    VPOS="53"
                    WIDTH="486"
                    HEIGHT="2"></String>
          </TextLine>
        </TextBlock>
        <TextBlock HPOS="96"
                   VPOS="448"
                   WIDTH="996"
                   HEIGHT="97"
                   ID="region_1724838100706_88"
                   TAGREFS="BT3208">
          <Shape><Polygon POINTS="1092 545 101 538 96 453 1089 448"/></Shape>
          <TextLine ID="eSc_line_8f86d320"
                    BASELINE="131 537 1088 541" 
                    HPOS="131"
                    VPOS="537"
                    WIDTH="957"
                    HEIGHT="4">
	    <String CONTENT=""
                    HPOS="131"
                    VPOS="537"
                    WIDTH="957"
                    HEIGHT="4"></String>
          </TextLine>
        </TextBlock>
        <TextBlock HPOS="194"
                   VPOS="566"
                   WIDTH="909"
                   HEIGHT="99"
                   ID="region_1724838115050_94"
                   TAGREFS="BT3210">
          <Shape><Polygon POINTS="1103 665 194 665 194 566 1093 566"/></Shape>
          <TextLine ID="eSc_line_ff82c793"
                    BASELINE="198 605 703 606" 
                    HPOS="198"
                    VPOS="605"
                    WIDTH="505"
                    HEIGHT="1">
	    <String CONTENT=""
                    HPOS="198"
                    VPOS="605"
                    WIDTH="505"
                    HEIGHT="1"></String>
          </TextLine>
          <TextLine ID="eSc_line_7feb3921"
                    BASELINE="204 655 1084 654" 
                    HPOS="204"
                    VPOS="654"
                    WIDTH="880"
                    HEIGHT="1">
	    <String CONTENT=""
                    HPOS="204"
                    VPOS="654"
                    WIDTH="880"
                    HEIGHT="1"></String>
          </TextLine>
        </TextBlock>
        <TextBlock HPOS="113"
                   VPOS="713"
                   WIDTH="1008"
                   HEIGHT="104"
                   ID="region_1724838128182_97"
                   TAGREFS="BT3210">
          <Shape><Polygon POINTS="1071 817 113 817 113 713 1121 720"/></Shape>
          <TextLine ID="eSc_line_21c888de"
                    BASELINE="183 767 737 767" 
                    HPOS="183"
                    VPOS="767"
                    WIDTH="554"
                    HEIGHT="0">
	    <String CONTENT=""
                    HPOS="183"
                    VPOS="767"
                    WIDTH="554"
                    HEIGHT="0"></String>
          </TextLine>
          <TextLine ID="eSc_line_d4945ed2"
                    BASELINE="129 810 1052 808" 
                    HPOS="129"
                    VPOS="808"
                    WIDTH="923"
                    HEIGHT="2">
	    <String CONTENT=""
                    HPOS="129"
                    VPOS="808"
                    WIDTH="923"
                    HEIGHT="2"></String>
          </TextLine>
        </TextBlock>
        <TextBlock HPOS="108"
                   VPOS="887"
                   WIDTH="997"
                   HEIGHT="84"
                   ID="region_1724838132253_100"
                   TAGREFS="BT3208">
          <Shape><Polygon POINTS="1105 971 108 971 108 887 1082 887"/></Shape>
          <TextLine ID="eSc_line_09c637c2"
                    BASELINE="115 960 1075 957" 
                    HPOS="115"
                    VPOS="957"
                    WIDTH="960"
                    HEIGHT="3">
	    <String CONTENT=""
                    HPOS="115"
                    VPOS="957"
                    WIDTH="960"
                    HEIGHT="3"></String>
          </TextLine>
        </TextBlock>
        <TextBlock HPOS="86"
                   VPOS="985"
                   WIDTH="945"
                   HEIGHT="440"
                   ID="region_1724838139562_106"
                   TAGREFS="BT3210">
          <Shape><Polygon POINTS="1031 1425 94 1425 86 1119 98 1068 182 1070 186 985 1031 986"/></Shape>
          <TextLine ID="eSc_line_20540c44"
                    BASELINE="184 1027 666 1021" 
                    HPOS="184"
                    VPOS="1021"
                    WIDTH="482"
                    HEIGHT="6">
	    <String CONTENT=""
                    HPOS="184"
                    VPOS="1021"
                    WIDTH="482"
                    HEIGHT="6"></String>
          </TextLine>
          <TextLine ID="eSc_line_c3288d78"
                    BASELINE="200 1067 791 1068" 
                    HPOS="200"
                    VPOS="1067"
                    WIDTH="591"
                    HEIGHT="1">
	    <String CONTENT=""
                    HPOS="200"
                    VPOS="1067"
                    WIDTH="591"
                    HEIGHT="1"></String>
          </TextLine>
          <TextLine ID="eSc_line_ede52631"
                    BASELINE="109 1111 623 1109" 
                    HPOS="109"
                    VPOS="1109"
                    WIDTH="514"
                    HEIGHT="2">
	    <String CONTENT=""
                    HPOS="109"
                    VPOS="1109"
                    WIDTH="514"
                    HEIGHT="2"></String>
          </TextLine>
          <TextLine ID="eSc_line_b63264bc"
                    BASELINE="110 1157 640 1154" 
                    HPOS="110"
                    VPOS="1154"
                    WIDTH="530"
                    HEIGHT="3">
	    <String CONTENT=""
                    HPOS="110"
                    VPOS="1154"
                    WIDTH="530"
                    HEIGHT="3"></String>
          </TextLine>
          <TextLine ID="eSc_line_5f3fd842"
                    BASELINE="111 1195 718 1195" 
                    HPOS="111"
                    VPOS="1195"
                    WIDTH="607"
                    HEIGHT="0">
	    <String CONTENT=""
                    HPOS="111"
                    VPOS="1195"
                    WIDTH="607"
                    HEIGHT="0"></String>
          </TextLine>
          <TextLine ID="eSc_line_dfd965de"
                    BASELINE="108 1236 663 1235" 
                    HPOS="108"
                    VPOS="1235"
                    WIDTH="555"
                    HEIGHT="1">
	    <String CONTENT=""
                    HPOS="108"
                    VPOS="1235"
                    WIDTH="555"
                    HEIGHT="1"></String>
          </TextLine>
          <TextLine ID="eSc_line_e383ca83"
                    BASELINE="101 1278 1009 1284" 
                    HPOS="101"
                    VPOS="1278"
                    WIDTH="908"
                    HEIGHT="6">
	    <String CONTENT=""
                    HPOS="101"
                    VPOS="1278"
                    WIDTH="908"
                    HEIGHT="6"></String>
          </TextLine>
          <TextLine ID="eSc_line_299998a9"
                    BASELINE="101 1324 826 1320" 
                    HPOS="101"
                    VPOS="1320"
                    WIDTH="725"
                    HEIGHT="4">
	    <String CONTENT=""
                    HPOS="101"
                    VPOS="1320"
                    WIDTH="725"
                    HEIGHT="4"></String>
          </TextLine>
          <TextLine ID="eSc_line_a89ed1d2"
                    BASELINE="106 1370 924 1365" 
                    HPOS="106"
                    VPOS="1365"
                    WIDTH="818"
                    HEIGHT="5">
	    <String CONTENT=""
                    HPOS="106"
                    VPOS="1365"
                    WIDTH="818"
                    HEIGHT="5"></String>
          </TextLine>
          <TextLine ID="eSc_line_3653f7b4"
                    BASELINE="106 1415 1002 1406" 
                    HPOS="106"
                    VPOS="1406"
                    WIDTH="896"
                    HEIGHT="9">
	    <String CONTENT=""
                    HPOS="106"
                    VPOS="1406"
                    WIDTH="896"
                    HEIGHT="9"></String>
          </TextLine>
        </TextBlock>
        <TextBlock HPOS="12"
                   VPOS="1426"
                   WIDTH="1059"
                   HEIGHT="393"
                   ID="region_1724838149166_112"
                   TAGREFS="BT3210">
          <Shape><Polygon POINTS="1071 1758 959 1792 12 1819 86 1628 90 1570 98 1492 221 1498 220 1428 1046 1426"/></Shape>
          <TextLine ID="eSc_line_86f7f733"
                    BASELINE="106 1535 830 1532" 
                    HPOS="106"
                    VPOS="1532"
                    WIDTH="724"
                    HEIGHT="3">
	    <String CONTENT=""
                    HPOS="106"
                    VPOS="1532"
                    WIDTH="724"
                    HEIGHT="3"></String>
          </TextLine>
          <TextLine ID="eSc_line_369fc63a"
                    BASELINE="98 1583 879 1578" 
                    HPOS="98"
                    VPOS="1578"
                    WIDTH="781"
                    HEIGHT="5">
	    <String CONTENT=""
                    HPOS="98"
                    VPOS="1578"
                    WIDTH="781"
                    HEIGHT="5"></String>
          </TextLine>
          <TextLine ID="eSc_line_85f475f5"
                    BASELINE="92 1623 779 1617" 
                    HPOS="92"
                    VPOS="1617"
                    WIDTH="687"
                    HEIGHT="6">
	    <String CONTENT=""
                    HPOS="92"
                    VPOS="1617"
                    WIDTH="687"
                    HEIGHT="6"></String>
          </TextLine>
          <TextLine ID="eSc_line_476efaa3"
                    BASELINE="103 1665 613 1663" 
                    HPOS="103"
                    VPOS="1663"
                    WIDTH="510"
                    HEIGHT="2">
	    <String CONTENT=""
                    HPOS="103"
                    VPOS="1663"
                    WIDTH="510"
                    HEIGHT="2"></String>
          </TextLine>
          <TextLine ID="eSc_line_d3d0ab22"
                    BASELINE="104 1704 1030 1703" 
                    HPOS="104"
                    VPOS="1703"
                    WIDTH="926"
                    HEIGHT="1">
	    <String CONTENT=""
                    HPOS="104"
                    VPOS="1703"
                    WIDTH="926"
                    HEIGHT="1"></String>
          </TextLine>
          <TextLine ID="eSc_line_d50b94e7"
                    BASELINE="100 1748 891 1748" 
                    HPOS="100"
                    VPOS="1748"
                    WIDTH="791"
                    HEIGHT="0">
	    <String CONTENT=""
                    HPOS="100"
                    VPOS="1748"
                    WIDTH="791"
                    HEIGHT="0"></String>
          </TextLine>
          <TextLine ID="eSc_line_9a4eb293"
                    BASELINE="100 1791 745 1791" 
                    HPOS="100"
                    VPOS="1791"
                    WIDTH="645"
                    HEIGHT="0">
	    <String CONTENT=""
                    HPOS="100"
                    VPOS="1791"
                    WIDTH="645"
                    HEIGHT="0"></String>
          </TextLine>
        </TextBlock>
        <TextBlock HPOS="982"
                   VPOS="1792"
                   WIDTH="98"
                   HEIGHT="49"
                   ID="region_1724838151110_115"
                   TAGREFS="BT3208">
          <Shape><Polygon POINTS="1064 1834 982 1841 984 1792 1080 1792"/></Shape>
          <TextLine ID="eSc_line_b11d8945"
                    BASELINE="989 1832 1061 1824" 
                    HPOS="989"
                    VPOS="1824"
                    WIDTH="72"
                    HEIGHT="8">
	    <String CONTENT=""
                    HPOS="989"
                    VPOS="1824"
                    WIDTH="72"
                    HEIGHT="8"></String>
          </TextLine>
        </TextBlock>
        <TextBlock HPOS="118"
                   VPOS="563"
                   WIDTH="72"
                   HEIGHT="98"
                   ID="region_1724838105738_91"
                   TAGREFS="BT3210">
          <Shape><Polygon POINTS="190 658 128 661 118 563 190 563"/></Shape>
        </TextBlock>
        <TextBlock HPOS="162"
                   VPOS="1428"
                   WIDTH="58"
                   HEIGHT="61"
                   ID="region_1724838143902_109"
                   TAGREFS="BT3210">
          <Shape><Polygon POINTS="220 1488 169 1489 162 1428 220 1428"/></Shape>
        </TextBlock>
        <TextBlock HPOS="112"
                   VPOS="982"
                   WIDTH="70"
                   HEIGHT="85"
                   ID="region_1724838136254_103"
                   TAGREFS="BT3210">
          <Shape><Polygon POINTS="182 1067 114 1067 112 984 182 982"/></Shape>
        </TextBlock>
        <TextBlock ID="eSc_dummyblock_">
          <TextLine ID="eSc_line_05d7088c"
                    BASELINE="220 1491 741 1489" 
                    HPOS="220"
                    VPOS="1489"
                    WIDTH="521"
                    HEIGHT="2">
	    <String CONTENT=""
                    HPOS="220"
                    VPOS="1489"
                    WIDTH="521"
                    HEIGHT="2"></String>
          </TextLine>
        </TextBlock>
      </PrintSpace>
    </Page>
  </Layout>
</alto>
