<?xml version="1.0" encoding="UTF-8"?>
<alto xmlns:xsi="http://www.w3.org/2001/XMLSchema-instance"
      xmlns="http://www.loc.gov/standards/alto/ns-v4#"
      xsi:schemaLocation="http://www.loc.gov/standards/alto/ns-v4# http://www.loc.gov/standards/alto/v4/alto-4-2.xsd">
  <Description>
    <MeasurementUnit>pixel</MeasurementUnit>
    <sourceImageInformation>
      <fileName>1757, Poetische Werke, Bohn, Bd. 1, VD18 9033213X_NEU-0017.jpeg</fileName>
    </sourceImageInformation>
  </Description>
  <Tags>
    <OtherTag ID="BT1" LABEL="Title" DESCRIPTION="block type Title"/><OtherTag ID="BT2" LABEL="Main" DESCRIPTION="block type Main"/><OtherTag ID="BT3" LABEL="Commentary" DESCRIPTION="block type Commentary"/><OtherTag ID="BT4" LABEL="Illustration" DESCRIPTION="block type Illustration"/><OtherTag ID="BT3208" LABEL="heading" DESCRIPTION="block type heading"/><OtherTag ID="BT3209" LABEL="header" DESCRIPTION="block type header"/><OtherTag ID="BT3210" LABEL="paragraph" DESCRIPTION="block type paragraph"/><OtherTag ID="BT3211" LABEL="l-column" DESCRIPTION="block type l-column"/><OtherTag ID="BT3212" LABEL="r-column" DESCRIPTION="block type r-column"/><OtherTag ID="BT3213" LABEL="footnote" DESCRIPTION="block type footnote"/><OtherTag ID="BT3214" LABEL="marginalia" DESCRIPTION="block type marginalia"/><OtherTag ID="BT3215" LABEL="catch-word" DESCRIPTION="block type catch-word"/><OtherTag ID="BT3216" LABEL="column" DESCRIPTION="block type column"/>
  </Tags>
  <Layout>
    <Page WIDTH="1505"
          HEIGHT="2338"
          PHYSICAL_IMG_NR="2"
          ID="eSc_dummypage_">
      <PrintSpace HPOS="0"
                  VPOS="0"
                  WIDTH="1505"
                  HEIGHT="2338">
        <TextBlock HPOS="523"
                   VPOS="276"
                   WIDTH="295"
                   HEIGHT="78"
                   ID="region_1718284128900_249"
                   TAGREFS="BT3209">
          <Shape><Polygon POINTS="798 354 523 354 523 278 818 276"/></Shape>
          <TextLine ID="eSc_line_f460d39e"
                    BASELINE="532 345 537 347 549 351 589 352 725 351 771 351 792 352 793 352 783 350" 
                    HPOS="532"
                    VPOS="345"
                    WIDTH="261"
                    HEIGHT="7">
	    <String CONTENT=""
                    HPOS="532"
                    VPOS="345"
                    WIDTH="261"
                    HEIGHT="7"></String>
          </TextLine>
        </TextBlock>
        <TextBlock HPOS="164"
                   VPOS="389"
                   WIDTH="1017"
                   HEIGHT="1287"
                   ID="region_1718284207532_262"
                   TAGREFS="BT3210">
          <Shape><Polygon POINTS="1165 1541 1181 1611 1018 1606 1000 1668 164 1676 164 389 1171 389"/></Shape>
          <TextLine ID="eSc_line_655c1c5e"
                    BASELINE="185 464 209 468 243 469 349 470 397 471 524 469 674 474 704 468 832 467 991 470 1020 463 1123 462" 
                    HPOS="185"
                    VPOS="462"
                    WIDTH="938"
                    HEIGHT="12">
	    <String CONTENT=""
                    HPOS="185"
                    VPOS="462"
                    WIDTH="938"
                    HEIGHT="12"></String>
          </TextLine>
          <TextLine ID="eSc_line_b2b742df"
                    BASELINE="183 552 191 552 209 552 263 554 434 557 598 555 736 553 957 554 1088 554 1136 550" 
                    HPOS="183"
                    VPOS="550"
                    WIDTH="953"
                    HEIGHT="7">
	    <String CONTENT=""
                    HPOS="183"
                    VPOS="550"
                    WIDTH="953"
                    HEIGHT="7"></String>
          </TextLine>
          <TextLine ID="eSc_line_5d047833"
                    BASELINE="191 637 191 637 205 639 230 639 303 642 520 643 695 641 788 640 949 637 1073 640 1114 645 1165 638" 
                    HPOS="191"
                    VPOS="637"
                    WIDTH="974"
                    HEIGHT="8">
	    <String CONTENT=""
                    HPOS="191"
                    VPOS="637"
                    WIDTH="974"
                    HEIGHT="8"></String>
          </TextLine>
          <TextLine ID="eSc_line_b6279149"
                    BASELINE="177 722 192 724 217 725 285 725 363 723 504 732 630 729 752 727 1009 727 1139 721" 
                    HPOS="177"
                    VPOS="721"
                    WIDTH="962"
                    HEIGHT="11">
	    <String CONTENT=""
                    HPOS="177"
                    VPOS="721"
                    WIDTH="962"
                    HEIGHT="11"></String>
          </TextLine>
          <TextLine ID="eSc_line_8c9ec1ba"
                    BASELINE="186 815 298 823 401 818 456 817 907 817 1081 819 1148 814" 
                    HPOS="186"
                    VPOS="814"
                    WIDTH="962"
                    HEIGHT="9">
	    <String CONTENT=""
                    HPOS="186"
                    VPOS="814"
                    WIDTH="962"
                    HEIGHT="9"></String>
          </TextLine>
          <TextLine ID="eSc_line_e6cad942"
                    BASELINE="190 902 203 905 224 906 295 907 505 901 1133 902" 
                    HPOS="190"
                    VPOS="901"
                    WIDTH="943"
                    HEIGHT="6">
	    <String CONTENT=""
                    HPOS="190"
                    VPOS="901"
                    WIDTH="943"
                    HEIGHT="6"></String>
          </TextLine>
          <TextLine ID="eSc_line_82c75d57"
                    BASELINE="189 988 198 992 222 999 290 1002 360 995 508 994 679 990 770 991 920 983 1065 992 1139 983" 
                    HPOS="189"
                    VPOS="983"
                    WIDTH="950"
                    HEIGHT="19">
	    <String CONTENT=""
                    HPOS="189"
                    VPOS="983"
                    WIDTH="950"
                    HEIGHT="19"></String>
          </TextLine>
          <TextLine ID="eSc_line_eae8f492"
                    BASELINE="186 1071 245 1076 361 1075 437 1074 613 1074 783 1073 1136 1074" 
                    HPOS="186"
                    VPOS="1071"
                    WIDTH="950"
                    HEIGHT="5">
	    <String CONTENT=""
                    HPOS="186"
                    VPOS="1071"
                    WIDTH="950"
                    HEIGHT="5"></String>
          </TextLine>
          <TextLine ID="eSc_line_80d36af6"
                    BASELINE="191 1156 306 1158 535 1156 667 1156 867 1154 960 1156 1132 1153" 
                    HPOS="191"
                    VPOS="1153"
                    WIDTH="941"
                    HEIGHT="5">
	    <String CONTENT=""
                    HPOS="191"
                    VPOS="1153"
                    WIDTH="941"
                    HEIGHT="5"></String>
          </TextLine>
          <TextLine ID="eSc_line_7cd18e9f"
                    BASELINE="192 1249 276 1249 470 1248 865 1244 1089 1245 1156 1240" 
                    HPOS="192"
                    VPOS="1240"
                    WIDTH="964"
                    HEIGHT="9">
	    <String CONTENT=""
                    HPOS="192"
                    VPOS="1240"
                    WIDTH="964"
                    HEIGHT="9"></String>
          </TextLine>
          <TextLine ID="eSc_line_dcd0ee18"
                    BASELINE="191 1331 193 1332 210 1334 267 1334 433 1330 597 1330 672 1328 774 1325 929 1319" 
                    HPOS="191"
                    VPOS="1319"
                    WIDTH="738"
                    HEIGHT="15">
	    <String CONTENT=""
                    HPOS="191"
                    VPOS="1319"
                    WIDTH="738"
                    HEIGHT="15"></String>
          </TextLine>
          <TextLine ID="eSc_line_582c5d59"
                    BASELINE="247 1419 248 1420 293 1423 466 1419 681 1418 857 1417 993 1414 1114 1413 1146 1409" 
                    HPOS="247"
                    VPOS="1409"
                    WIDTH="899"
                    HEIGHT="14">
	    <String CONTENT=""
                    HPOS="247"
                    VPOS="1409"
                    WIDTH="899"
                    HEIGHT="14"></String>
          </TextLine>
          <TextLine ID="eSc_line_49926633"
                    BASELINE="195 1508 210 1508 232 1507 298 1502 512 1509 690 1506 1035 1509 1143 1505" 
                    HPOS="195"
                    VPOS="1502"
                    WIDTH="948"
                    HEIGHT="7">
	    <String CONTENT=""
                    HPOS="195"
                    VPOS="1502"
                    WIDTH="948"
                    HEIGHT="7"></String>
          </TextLine>
          <TextLine ID="eSc_line_2ddff29b"
                    BASELINE="193 1590 244 1596 399 1596 535 1590 733 1595 868 1587 1073 1594 1141 1590" 
                    HPOS="193"
                    VPOS="1587"
                    WIDTH="948"
                    HEIGHT="9">
	    <String CONTENT=""
                    HPOS="193"
                    VPOS="1587"
                    WIDTH="948"
                    HEIGHT="9"></String>
          </TextLine>
          <TextLine ID="eSc_line_9944991c"
                    BASELINE="199 1670 226 1671 309 1672 666 1673 760 1670 788 1667" 
                    HPOS="199"
                    VPOS="1667"
                    WIDTH="589"
                    HEIGHT="6">
	    <String CONTENT=""
                    HPOS="199"
                    VPOS="1667"
                    WIDTH="589"
                    HEIGHT="6"></String>
          </TextLine>
        </TextBlock>
        <TextBlock HPOS="1048"
                   VPOS="282"
                   WIDTH="113"
                   HEIGHT="78"
                   ID="region_1718284131876_252"
                   TAGREFS="BT3208">
          <Shape><Polygon POINTS="1161 354 1048 360 1048 288 1161 282"/></Shape>
          <TextLine ID="eSc_line_10708523"
                    BASELINE="1067 347 1074 347 1087 348 1130 348" 
                    HPOS="1067"
                    VPOS="347"
                    WIDTH="63"
                    HEIGHT="1">
	    <String CONTENT=""
                    HPOS="1067"
                    VPOS="347"
                    WIDTH="63"
                    HEIGHT="1"></String>
          </TextLine>
        </TextBlock>
        <TextBlock HPOS="176"
                   VPOS="1731"
                   WIDTH="1031"
                   HEIGHT="137"
                   ID="region_1718284261896_270"
                   TAGREFS="BT3213">
          <Shape><Polygon POINTS="1207 1868 176 1868 176 1731 1207 1731"/></Shape>
          <TextLine ID="eSc_line_e3c30693"
                    BASELINE="236 1804 238 1804 270 1810 336 1810 540 1805 1165 1803" 
                    HPOS="236"
                    VPOS="1803"
                    WIDTH="929"
                    HEIGHT="7">
	    <String CONTENT=""
                    HPOS="236"
                    VPOS="1803"
                    WIDTH="929"
                    HEIGHT="7"></String>
          </TextLine>
          <TextLine ID="eSc_line_ec0580ff"
                    BASELINE="234 1851 244 1852 282 1855 442 1858 646 1848 770 1848 868 1846 1047 1849 1158 1855" 
                    HPOS="234"
                    VPOS="1846"
                    WIDTH="924"
                    HEIGHT="12">
	    <String CONTENT=""
                    HPOS="234"
                    VPOS="1846"
                    WIDTH="924"
                    HEIGHT="12"></String>
          </TextLine>
        </TextBlock>
        <TextBlock HPOS="192"
                   VPOS="1889"
                   WIDTH="976"
                   HEIGHT="154"
                   ID="region_1718284317427_276"
                   TAGREFS="BT3210">
          <Shape><Polygon POINTS="1168 2043 192 2041 211 1889 1168 1889"/></Shape>
          <TextLine ID="eSc_line_b06781be"
                    BASELINE="274 1940 315 1940 440 1947 665 1948 836 1947 954 1944 1096 1946 1135 1943 1138 1941" 
                    HPOS="274"
                    VPOS="1940"
                    WIDTH="864"
                    HEIGHT="8">
	    <String CONTENT=""
                    HPOS="274"
                    VPOS="1940"
                    WIDTH="864"
                    HEIGHT="8"></String>
          </TextLine>
          <TextLine ID="eSc_line_78a6869b"
                    BASELINE="236 1987 267 1987 323 1989 504 1991 691 1993 760 1991 881 1992 996 1992 1076 1994 1146 1990" 
                    HPOS="236"
                    VPOS="1987"
                    WIDTH="910"
                    HEIGHT="7">
	    <String CONTENT=""
                    HPOS="236"
                    VPOS="1987"
                    WIDTH="910"
                    HEIGHT="7"></String>
          </TextLine>
          <TextLine ID="eSc_line_7851a084"
                    BASELINE="235 2036 274 2039 282 2039 442 2037 698 2035 846 2038 1157 2035" 
                    HPOS="235"
                    VPOS="2035"
                    WIDTH="922"
                    HEIGHT="4">
	    <String CONTENT=""
                    HPOS="235"
                    VPOS="2035"
                    WIDTH="922"
                    HEIGHT="4"></String>
          </TextLine>
        </TextBlock>
        <TextBlock HPOS="1039"
                   VPOS="1619"
                   WIDTH="143"
                   HEIGHT="73"
                   ID="region_1718284250975_267"
                   TAGREFS="BT3208">
          <Shape><Polygon POINTS="1155 1692 1039 1692 1039 1619 1182 1620"/></Shape>
          <TextLine ID="eSc_line_08c3059c"
                    BASELINE="1050 1674 1061 1677 1144 1679" 
                    HPOS="1050"
                    VPOS="1674"
                    WIDTH="94"
                    HEIGHT="5">
	    <String CONTENT=""
                    HPOS="1050"
                    VPOS="1674"
                    WIDTH="94"
                    HEIGHT="5"></String>
          </TextLine>
        </TextBlock>
        <TextBlock HPOS="1024"
                   VPOS="2043"
                   WIDTH="160"
                   HEIGHT="43"
                   ID="region_1718284320989_279"
                   TAGREFS="BT3208">
          <Shape><Polygon POINTS="1174 2086 1024 2086 1024 2043 1184 2051"/></Shape>
          <TextLine ID="eSc_line_83b9019c"
                    BASELINE="1051 2082 1054 2082 1148 2082" 
                    HPOS="1051"
                    VPOS="2082"
                    WIDTH="97"
                    HEIGHT="0">
	    <String CONTENT=""
                    HPOS="1051"
                    VPOS="2082"
                    WIDTH="97"
                    HEIGHT="0"></String>
          </TextLine>
        </TextBlock>
      </PrintSpace>
    </Page>
  </Layout>
</alto>
