<?xml version="1.0" encoding="UTF-8"?>
<alto xmlns:xsi="http://www.w3.org/2001/XMLSchema-instance"
      xmlns="http://www.loc.gov/standards/alto/ns-v4#"
      xsi:schemaLocation="http://www.loc.gov/standards/alto/ns-v4# http://www.loc.gov/standards/alto/v4/alto-4-2.xsd">
  <Description>
    <MeasurementUnit>pixel</MeasurementUnit>
    <sourceImageInformation>
      <fileName>1764,_Saemtliche_Poetische_Werke,_Bohn,_3._Aufl.,_Bd._3,_VD18_80365043_Seite_171_Bild_0001.jpg</fileName>
    </sourceImageInformation>
  </Description>
  <Tags>
    <OtherTag ID="BT1" LABEL="Title" DESCRIPTION="block type Title"/><OtherTag ID="BT2" LABEL="Main" DESCRIPTION="block type Main"/><OtherTag ID="BT3" LABEL="Commentary" DESCRIPTION="block type Commentary"/><OtherTag ID="BT4" LABEL="Illustration" DESCRIPTION="block type Illustration"/><OtherTag ID="BT3208" LABEL="heading" DESCRIPTION="block type heading"/><OtherTag ID="BT3209" LABEL="header" DESCRIPTION="block type header"/><OtherTag ID="BT3210" LABEL="paragraph" DESCRIPTION="block type paragraph"/><OtherTag ID="BT3211" LABEL="l-column" DESCRIPTION="block type l-column"/><OtherTag ID="BT3212" LABEL="r-column" DESCRIPTION="block type r-column"/><OtherTag ID="BT3213" LABEL="footnote" DESCRIPTION="block type footnote"/><OtherTag ID="BT3214" LABEL="marginalia" DESCRIPTION="block type marginalia"/><OtherTag ID="BT3215" LABEL="catch-word" DESCRIPTION="block type catch-word"/><OtherTag ID="BT3216" LABEL="column" DESCRIPTION="block type column"/>
  </Tags>
  <Layout>
    <Page WIDTH="949"
          HEIGHT="1500"
          PHYSICAL_IMG_NR="20"
          ID="eSc_dummypage_">
      <PrintSpace HPOS="0"
                  VPOS="0"
                  WIDTH="949"
                  HEIGHT="1500">
        <TextBlock HPOS="74"
                   VPOS="177"
                   WIDTH="721"
                   HEIGHT="988"
                   ID="region_1720345946766_254"
                   TAGREFS="BT3210">
          <Shape><Polygon POINTS="795 1060 677 1098 605 1146 163 1165 118 1128 80 811 74 192 764 177"/></Shape>
          <TextLine ID="eSc_line_15b1637f"
                    BASELINE="99 227 753 205" 
                    HPOS="99"
                    VPOS="205"
                    WIDTH="654"
                    HEIGHT="22">
	    <String CONTENT=""
                    HPOS="99"
                    VPOS="205"
                    WIDTH="654"
                    HEIGHT="22"></String>
          </TextLine>
          <TextLine ID="eSc_line_fef5b162"
                    BASELINE="95 256 750 233" 
                    HPOS="95"
                    VPOS="233"
                    WIDTH="655"
                    HEIGHT="23">
	    <String CONTENT=""
                    HPOS="95"
                    VPOS="233"
                    WIDTH="655"
                    HEIGHT="23"></String>
          </TextLine>
          <TextLine ID="eSc_line_32bcb048"
                    BASELINE="95 284 758 262" 
                    HPOS="95"
                    VPOS="262"
                    WIDTH="663"
                    HEIGHT="22">
	    <String CONTENT=""
                    HPOS="95"
                    VPOS="262"
                    WIDTH="663"
                    HEIGHT="22"></String>
          </TextLine>
          <TextLine ID="eSc_line_9e60c26e"
                    BASELINE="101 311 753 292" 
                    HPOS="101"
                    VPOS="292"
                    WIDTH="652"
                    HEIGHT="19">
	    <String CONTENT=""
                    HPOS="101"
                    VPOS="292"
                    WIDTH="652"
                    HEIGHT="19"></String>
          </TextLine>
          <TextLine ID="eSc_line_abcaf3c2"
                    BASELINE="101 339 759 319" 
                    HPOS="101"
                    VPOS="319"
                    WIDTH="658"
                    HEIGHT="20">
	    <String CONTENT=""
                    HPOS="101"
                    VPOS="319"
                    WIDTH="658"
                    HEIGHT="20"></String>
          </TextLine>
          <TextLine ID="eSc_line_b5773384"
                    BASELINE="102 370 752 348" 
                    HPOS="102"
                    VPOS="348"
                    WIDTH="650"
                    HEIGHT="22">
	    <String CONTENT=""
                    HPOS="102"
                    VPOS="348"
                    WIDTH="650"
                    HEIGHT="22"></String>
          </TextLine>
          <TextLine ID="eSc_line_31e77e69"
                    BASELINE="101 398 758 377" 
                    HPOS="101"
                    VPOS="377"
                    WIDTH="657"
                    HEIGHT="21">
	    <String CONTENT=""
                    HPOS="101"
                    VPOS="377"
                    WIDTH="657"
                    HEIGHT="21"></String>
          </TextLine>
          <TextLine ID="eSc_line_4add1850"
                    BASELINE="103 429 343 422" 
                    HPOS="103"
                    VPOS="422"
                    WIDTH="240"
                    HEIGHT="7">
	    <String CONTENT=""
                    HPOS="103"
                    VPOS="422"
                    WIDTH="240"
                    HEIGHT="7"></String>
          </TextLine>
          <TextLine ID="eSc_line_2ab7bbc1"
                    BASELINE="141 472 758 449" 
                    HPOS="141"
                    VPOS="449"
                    WIDTH="617"
                    HEIGHT="23">
	    <String CONTENT=""
                    HPOS="141"
                    VPOS="449"
                    WIDTH="617"
                    HEIGHT="23"></String>
          </TextLine>
          <TextLine ID="eSc_line_8d6d865c"
                    BASELINE="102 497 761 479" 
                    HPOS="102"
                    VPOS="479"
                    WIDTH="659"
                    HEIGHT="18">
	    <String CONTENT=""
                    HPOS="102"
                    VPOS="479"
                    WIDTH="659"
                    HEIGHT="18"></String>
          </TextLine>
          <TextLine ID="eSc_line_18a04448"
                    BASELINE="101 527 763 506" 
                    HPOS="101"
                    VPOS="506"
                    WIDTH="662"
                    HEIGHT="21">
	    <String CONTENT=""
                    HPOS="101"
                    VPOS="506"
                    WIDTH="662"
                    HEIGHT="21"></String>
          </TextLine>
          <TextLine ID="eSc_line_37504b8a"
                    BASELINE="106 560 765 535" 
                    HPOS="106"
                    VPOS="535"
                    WIDTH="659"
                    HEIGHT="25">
	    <String CONTENT=""
                    HPOS="106"
                    VPOS="535"
                    WIDTH="659"
                    HEIGHT="25"></String>
          </TextLine>
          <TextLine ID="eSc_line_33690d6f"
                    BASELINE="104 584 767 563" 
                    HPOS="104"
                    VPOS="563"
                    WIDTH="663"
                    HEIGHT="21">
	    <String CONTENT=""
                    HPOS="104"
                    VPOS="563"
                    WIDTH="663"
                    HEIGHT="21"></String>
          </TextLine>
          <TextLine ID="eSc_line_8a62c906"
                    BASELINE="108 614 770 590" 
                    HPOS="108"
                    VPOS="590"
                    WIDTH="662"
                    HEIGHT="24">
	    <String CONTENT=""
                    HPOS="108"
                    VPOS="590"
                    WIDTH="662"
                    HEIGHT="24"></String>
          </TextLine>
          <TextLine ID="eSc_line_0b780a80"
                    BASELINE="111 641 773 622" 
                    HPOS="111"
                    VPOS="622"
                    WIDTH="662"
                    HEIGHT="19">
	    <String CONTENT=""
                    HPOS="111"
                    VPOS="622"
                    WIDTH="662"
                    HEIGHT="19"></String>
          </TextLine>
          <TextLine ID="eSc_line_0cab3e9c"
                    BASELINE="106 671 765 649" 
                    HPOS="106"
                    VPOS="649"
                    WIDTH="659"
                    HEIGHT="22">
	    <String CONTENT=""
                    HPOS="106"
                    VPOS="649"
                    WIDTH="659"
                    HEIGHT="22"></String>
          </TextLine>
          <TextLine ID="eSc_line_7a07d007"
                    BASELINE="109 699 773 678" 
                    HPOS="109"
                    VPOS="678"
                    WIDTH="664"
                    HEIGHT="21">
	    <String CONTENT=""
                    HPOS="109"
                    VPOS="678"
                    WIDTH="664"
                    HEIGHT="21"></String>
          </TextLine>
          <TextLine ID="eSc_line_b5eebd16"
                    BASELINE="109 728 773 705" 
                    HPOS="109"
                    VPOS="705"
                    WIDTH="664"
                    HEIGHT="23">
	    <String CONTENT=""
                    HPOS="109"
                    VPOS="705"
                    WIDTH="664"
                    HEIGHT="23"></String>
          </TextLine>
          <TextLine ID="eSc_line_82807b0b"
                    BASELINE="111 756 774 733" 
                    HPOS="111"
                    VPOS="733"
                    WIDTH="663"
                    HEIGHT="23">
	    <String CONTENT=""
                    HPOS="111"
                    VPOS="733"
                    WIDTH="663"
                    HEIGHT="23"></String>
          </TextLine>
          <TextLine ID="eSc_line_8de8efa7"
                    BASELINE="109 789 287 782" 
                    HPOS="109"
                    VPOS="782"
                    WIDTH="178"
                    HEIGHT="7">
	    <String CONTENT=""
                    HPOS="109"
                    VPOS="782"
                    WIDTH="178"
                    HEIGHT="7"></String>
          </TextLine>
          <TextLine ID="eSc_line_62deea77"
                    BASELINE="239 835 608 826" 
                    HPOS="239"
                    VPOS="826"
                    WIDTH="369"
                    HEIGHT="9">
	    <String CONTENT=""
                    HPOS="239"
                    VPOS="826"
                    WIDTH="369"
                    HEIGHT="9"></String>
          </TextLine>
          <TextLine ID="eSc_line_865dc9a1"
                    BASELINE="179 866 482 857" 
                    HPOS="179"
                    VPOS="857"
                    WIDTH="303"
                    HEIGHT="9">
	    <String CONTENT=""
                    HPOS="179"
                    VPOS="857"
                    WIDTH="303"
                    HEIGHT="9"></String>
          </TextLine>
          <TextLine ID="eSc_line_4b6bf4c2"
                    BASELINE="175 900 531 886" 
                    HPOS="175"
                    VPOS="886"
                    WIDTH="356"
                    HEIGHT="14">
	    <String CONTENT=""
                    HPOS="175"
                    VPOS="886"
                    WIDTH="356"
                    HEIGHT="14"></String>
          </TextLine>
          <TextLine ID="eSc_line_39a46f27"
                    BASELINE="244 938 548 929" 
                    HPOS="244"
                    VPOS="929"
                    WIDTH="304"
                    HEIGHT="9">
	    <String CONTENT=""
                    HPOS="244"
                    VPOS="929"
                    WIDTH="304"
                    HEIGHT="9"></String>
          </TextLine>
          <TextLine ID="eSc_line_9be1cff3"
                    BASELINE="176 968 490 955" 
                    HPOS="176"
                    VPOS="955"
                    WIDTH="314"
                    HEIGHT="13">
	    <String CONTENT=""
                    HPOS="176"
                    VPOS="955"
                    WIDTH="314"
                    HEIGHT="13"></String>
          </TextLine>
          <TextLine ID="eSc_line_27cfa313"
                    BASELINE="184 993 540 985" 
                    HPOS="184"
                    VPOS="985"
                    WIDTH="356"
                    HEIGHT="8">
	    <String CONTENT=""
                    HPOS="184"
                    VPOS="985"
                    WIDTH="356"
                    HEIGHT="8"></String>
          </TextLine>
          <TextLine ID="eSc_line_d512a011"
                    BASELINE="179 1025 427 1019" 
                    HPOS="179"
                    VPOS="1019"
                    WIDTH="248"
                    HEIGHT="6">
	    <String CONTENT=""
                    HPOS="179"
                    VPOS="1019"
                    WIDTH="248"
                    HEIGHT="6"></String>
          </TextLine>
          <TextLine ID="eSc_line_8308ffdd"
                    BASELINE="178 1054 543 1042" 
                    HPOS="178"
                    VPOS="1042"
                    WIDTH="365"
                    HEIGHT="12">
	    <String CONTENT=""
                    HPOS="178"
                    VPOS="1042"
                    WIDTH="365"
                    HEIGHT="12"></String>
          </TextLine>
          <TextLine ID="eSc_line_280a8ef9"
                    BASELINE="244 1097 556 1086" 
                    HPOS="244"
                    VPOS="1086"
                    WIDTH="312"
                    HEIGHT="11">
	    <String CONTENT=""
                    HPOS="244"
                    VPOS="1086"
                    WIDTH="312"
                    HEIGHT="11"></String>
          </TextLine>
          <TextLine ID="eSc_line_5a9a138e"
                    BASELINE="195 1124 499 1116" 
                    HPOS="195"
                    VPOS="1116"
                    WIDTH="304"
                    HEIGHT="8">
	    <String CONTENT=""
                    HPOS="195"
                    VPOS="1116"
                    WIDTH="304"
                    HEIGHT="8"></String>
          </TextLine>
          <TextLine ID="eSc_line_6bbd3017"
                    BASELINE="195 1157 590 1142" 
                    HPOS="195"
                    VPOS="1142"
                    WIDTH="395"
                    HEIGHT="15">
	    <String CONTENT=""
                    HPOS="195"
                    VPOS="1142"
                    WIDTH="395"
                    HEIGHT="15"></String>
          </TextLine>
        </TextBlock>
        <TextBlock HPOS="285"
                   VPOS="125"
                   WIDTH="269"
                   HEIGHT="37"
                   ID="region_1720345939258_248"
                   TAGREFS="BT3209">
          <Shape><Polygon POINTS="552 158 285 162 285 131 554 125"/></Shape>
          <TextLine ID="eSc_line_a114d7ac"
                    BASELINE="294 160 543 157" 
                    HPOS="294"
                    VPOS="157"
                    WIDTH="249"
                    HEIGHT="3">
	    <String CONTENT=""
                    HPOS="294"
                    VPOS="157"
                    WIDTH="249"
                    HEIGHT="3"></String>
          </TextLine>
        </TextBlock>
        <TextBlock HPOS="693"
                   VPOS="100"
                   WIDTH="69"
                   HEIGHT="62"
                   ID="region_1720345942178_251"
                   TAGREFS="BT3208">
          <Shape><Polygon POINTS="762 162 693 162 693 100 762 100"/></Shape>
          <TextLine ID="eSc_line_12f152fe"
                    BASELINE="699 155 747 157" 
                    HPOS="699"
                    VPOS="155"
                    WIDTH="48"
                    HEIGHT="2">
	    <String CONTENT=""
                    HPOS="699"
                    VPOS="155"
                    WIDTH="48"
                    HEIGHT="2"></String>
          </TextLine>
        </TextBlock>
        <TextBlock HPOS="142"
                   VPOS="1214"
                   WIDTH="292"
                   HEIGHT="42"
                   ID="region_1720345999326_278"
                   TAGREFS="BT3213">
          <Shape><Polygon POINTS="434 1244 142 1256 151 1222 430 1214"/></Shape>
          <TextLine ID="eSc_line_a7fcc9ad"
                    BASELINE="160 1249 422 1238" 
                    HPOS="160"
                    VPOS="1238"
                    WIDTH="262"
                    HEIGHT="11">
	    <String CONTENT=""
                    HPOS="160"
                    VPOS="1238"
                    WIDTH="262"
                    HEIGHT="11"></String>
          </TextLine>
        </TextBlock>
        <TextBlock HPOS="451"
                   VPOS="1155"
                   WIDTH="68"
                   HEIGHT="33"
                   ID="region_1720345965502_269"
                   TAGREFS="BT3208">
          <Shape><Polygon POINTS="519 1188 451 1188 451 1155 519 1155"/></Shape>
          <TextLine ID="eSc_line_4cfa0a99"
                    BASELINE="468 1183 512 1183" 
                    HPOS="468"
                    VPOS="1183"
                    WIDTH="44"
                    HEIGHT="0">
	    <String CONTENT=""
                    HPOS="468"
                    VPOS="1183"
                    WIDTH="44"
                    HEIGHT="0"></String>
          </TextLine>
        </TextBlock>
        <TextBlock HPOS="122"
                   VPOS="1247"
                   WIDTH="337"
                   HEIGHT="57"
                   ID="region_1721039929843_30"
                   TAGREFS="BT3213">
          <Shape><Polygon POINTS="447 1286 122 1304 123 1259 459 1247"/></Shape>
          <TextLine ID="eSc_line_26125086"
                    BASELINE="156 1278 446 1270" 
                    HPOS="156"
                    VPOS="1270"
                    WIDTH="290"
                    HEIGHT="8">
	    <String CONTENT=""
                    HPOS="156"
                    VPOS="1270"
                    WIDTH="290"
                    HEIGHT="8"></String>
          </TextLine>
          <TextLine ID="eSc_line_3715f2e5"
                    BASELINE="139 1297 237 1300" 
                    HPOS="139"
                    VPOS="1297"
                    WIDTH="98"
                    HEIGHT="3">
	    <String CONTENT=""
                    HPOS="139"
                    VPOS="1297"
                    WIDTH="98"
                    HEIGHT="3"></String>
          </TextLine>
        </TextBlock>
        <TextBlock HPOS="467"
                   VPOS="1202"
                   WIDTH="329"
                   HEIGHT="55"
                   ID="region_1720346008534_281"
                   TAGREFS="BT3213">
          <Shape><Polygon POINTS="796 1250 470 1257 467 1202 793 1202"/></Shape>
          <TextLine ID="eSc_line_f2ab83b2"
                    BASELINE="500 1233 784 1227" 
                    HPOS="500"
                    VPOS="1227"
                    WIDTH="284"
                    HEIGHT="6">
	    <String CONTENT=""
                    HPOS="500"
                    VPOS="1227"
                    WIDTH="284"
                    HEIGHT="6"></String>
          </TextLine>
          <TextLine ID="eSc_line_ad3ece5d"
                    BASELINE="480 1256 656 1251" 
                    HPOS="480"
                    VPOS="1251"
                    WIDTH="176"
                    HEIGHT="5">
	    <String CONTENT=""
                    HPOS="480"
                    VPOS="1251"
                    WIDTH="176"
                    HEIGHT="5"></String>
          </TextLine>
        </TextBlock>
        <TextBlock HPOS="136"
                   VPOS="1309"
                   WIDTH="280"
                   HEIGHT="38"
                   ID="region_1721039989914_35"
                   TAGREFS="BT3213">
          <Shape><Polygon POINTS="400 1338 136 1347 136 1309 416 1309"/></Shape>
          <TextLine ID="eSc_line_1fafa660"
                    BASELINE="157 1335 389 1336" 
                    HPOS="157"
                    VPOS="1335"
                    WIDTH="232"
                    HEIGHT="1">
	    <String CONTENT=""
                    HPOS="157"
                    VPOS="1335"
                    WIDTH="232"
                    HEIGHT="1"></String>
          </TextLine>
        </TextBlock>
        <TextBlock HPOS="721"
                   VPOS="1130"
                   WIDTH="82"
                   HEIGHT="60"
                   ID="region_1720345967895_272"
                   TAGREFS="BT3208">
          <Shape><Polygon POINTS="803 1190 721 1190 721 1130 803 1130"/></Shape>
          <TextLine ID="eSc_line_088547ee"
                    BASELINE="735 1177 792 1177" 
                    HPOS="735"
                    VPOS="1177"
                    WIDTH="57"
                    HEIGHT="0">
	    <String CONTENT=""
                    HPOS="735"
                    VPOS="1177"
                    WIDTH="57"
                    HEIGHT="0"></String>
          </TextLine>
        </TextBlock>
        <TextBlock HPOS="486"
                   VPOS="1279"
                   WIDTH="308"
                   HEIGHT="23"
                   ID="region_1721040038582_46"
                   TAGREFS="BT3213">
          <Shape><Polygon POINTS="794 1295 486 1302 489 1279 787 1279"/></Shape>
          <TextLine ID="eSc_line_1c02f184"
                    BASELINE="495 1301 785 1294" 
                    HPOS="495"
                    VPOS="1294"
                    WIDTH="290"
                    HEIGHT="7">
	    <String CONTENT=""
                    HPOS="495"
                    VPOS="1294"
                    WIDTH="290"
                    HEIGHT="7"></String>
          </TextLine>
        </TextBlock>
        <TextBlock HPOS="489"
                   VPOS="1300"
                   WIDTH="250"
                   HEIGHT="28"
                   ID="region_1721040041114_49"
                   TAGREFS="BT3213">
          <Shape><Polygon POINTS="736 1328 489 1328 489 1303 739 1300"/></Shape>
          <TextLine ID="eSc_line_18949e27"
                    BASELINE="500 1324 732 1323" 
                    HPOS="500"
                    VPOS="1323"
                    WIDTH="232"
                    HEIGHT="1">
	    <String CONTENT=""
                    HPOS="500"
                    VPOS="1323"
                    WIDTH="232"
                    HEIGHT="1"></String>
          </TextLine>
        </TextBlock>
        <TextBlock HPOS="486"
                   VPOS="1256"
                   WIDTH="250"
                   HEIGHT="21"
                   ID="region_1721040033866_43"
                   TAGREFS="BT3213">
          <Shape><Polygon POINTS="736 1277 486 1277 486 1256 736 1256"/></Shape>
        </TextBlock>
        <TextBlock ID="eSc_dummyblock_">
          <TextLine ID="eSc_line_7208079d"
                    BASELINE="501 1278 731 1276" 
                    HPOS="501"
                    VPOS="1276"
                    WIDTH="230"
                    HEIGHT="2">
	    <String CONTENT=""
                    HPOS="501"
                    VPOS="1276"
                    WIDTH="230"
                    HEIGHT="2"></String>
          </TextLine>
        </TextBlock>
      </PrintSpace>
    </Page>
  </Layout>
</alto>
