<?xml version="1.0" encoding="UTF-8"?>
<alto xmlns:xsi="http://www.w3.org/2001/XMLSchema-instance"
      xmlns="http://www.loc.gov/standards/alto/ns-v4#"
      xsi:schemaLocation="http://www.loc.gov/standards/alto/ns-v4# http://www.loc.gov/standards/alto/v4/alto-4-2.xsd">
  <Description>
    <MeasurementUnit>pixel</MeasurementUnit>
    <sourceImageInformation>
      <fileName>1769,_Saemtliche_Poetische_Werke,_Bohn,_4._Aufl.,_Bd._3,_VD18_90481127_Seite_052_Bild_0001.jpg</fileName>
    </sourceImageInformation>
  </Description>
  <Tags>
    <OtherTag ID="BT1" LABEL="Title" DESCRIPTION="block type Title"/><OtherTag ID="BT2" LABEL="Main" DESCRIPTION="block type Main"/><OtherTag ID="BT3" LABEL="Commentary" DESCRIPTION="block type Commentary"/><OtherTag ID="BT4" LABEL="Illustration" DESCRIPTION="block type Illustration"/><OtherTag ID="BT3208" LABEL="heading" DESCRIPTION="block type heading"/><OtherTag ID="BT3209" LABEL="header" DESCRIPTION="block type header"/><OtherTag ID="BT3210" LABEL="paragraph" DESCRIPTION="block type paragraph"/><OtherTag ID="BT3211" LABEL="l-column" DESCRIPTION="block type l-column"/><OtherTag ID="BT3212" LABEL="r-column" DESCRIPTION="block type r-column"/><OtherTag ID="BT3213" LABEL="footnote" DESCRIPTION="block type footnote"/><OtherTag ID="BT3214" LABEL="marginalia" DESCRIPTION="block type marginalia"/><OtherTag ID="BT3215" LABEL="catch-word" DESCRIPTION="block type catch-word"/><OtherTag ID="BT3216" LABEL="column" DESCRIPTION="block type column"/>
  </Tags>
  <Layout>
    <Page WIDTH="1971"
          HEIGHT="2897"
          PHYSICAL_IMG_NR="34"
          ID="eSc_dummypage_">
      <PrintSpace HPOS="0"
                  VPOS="0"
                  WIDTH="1971"
                  HEIGHT="2897">
        <TextBlock HPOS="749"
                   VPOS="548"
                   WIDTH="94"
                   HEIGHT="57"
                   ID="region_1724839773762_428"
                   TAGREFS="BT3208">
          <Shape><Polygon POINTS="814 605 749 605 749 548 843 549"/></Shape>
          <TextLine ID="eSc_line_2d5a3460"
                    BASELINE="760 598 804 597" 
                    HPOS="760"
                    VPOS="597"
                    WIDTH="44"
                    HEIGHT="1">
	    <String CONTENT=""
                    HPOS="760"
                    VPOS="597"
                    WIDTH="44"
                    HEIGHT="1"></String>
          </TextLine>
        </TextBlock>
        <TextBlock HPOS="729"
                   VPOS="649"
                   WIDTH="1014"
                   HEIGHT="314"
                   ID="region_1724839780926_434"
                   TAGREFS="BT3210">
          <Shape><Polygon POINTS="1665 963 729 963 729 649 1743 657"/></Shape>
          <TextLine ID="eSc_line_a75cba82"
                    BASELINE="759 707 1701 711" 
                    HPOS="759"
                    VPOS="707"
                    WIDTH="942"
                    HEIGHT="4">
	    <String CONTENT=""
                    HPOS="759"
                    VPOS="707"
                    WIDTH="942"
                    HEIGHT="4"></String>
          </TextLine>
          <TextLine ID="eSc_line_94d0807b"
                    BASELINE="760 784 1656 790" 
                    HPOS="760"
                    VPOS="784"
                    WIDTH="896"
                    HEIGHT="6">
	    <String CONTENT=""
                    HPOS="760"
                    VPOS="784"
                    WIDTH="896"
                    HEIGHT="6"></String>
          </TextLine>
          <TextLine ID="eSc_line_e6013624"
                    BASELINE="760 870 1652 872" 
                    HPOS="760"
                    VPOS="870"
                    WIDTH="892"
                    HEIGHT="2">
	    <String CONTENT=""
                    HPOS="760"
                    VPOS="870"
                    WIDTH="892"
                    HEIGHT="2"></String>
          </TextLine>
          <TextLine ID="eSc_line_d8ce65e9"
                    BASELINE="754 945 1627 949" 
                    HPOS="754"
                    VPOS="945"
                    WIDTH="873"
                    HEIGHT="4">
	    <String CONTENT=""
                    HPOS="754"
                    VPOS="945"
                    WIDTH="873"
                    HEIGHT="4"></String>
          </TextLine>
        </TextBlock>
        <TextBlock HPOS="1121"
                   VPOS="533"
                   WIDTH="330"
                   HEIGHT="82"
                   ID="region_1724839776494_431"
                   TAGREFS="BT3209">
          <Shape><Polygon POINTS="1437 615 1121 615 1121 533 1451 533"/></Shape>
          <TextLine ID="eSc_line_84a5af5e"
                    BASELINE="1141 605 1438 609" 
                    HPOS="1141"
                    VPOS="605"
                    WIDTH="297"
                    HEIGHT="4">
	    <String CONTENT=""
                    HPOS="1141"
                    VPOS="605"
                    WIDTH="297"
                    HEIGHT="4"></String>
          </TextLine>
        </TextBlock>
        <TextBlock HPOS="814"
                   VPOS="1036"
                   WIDTH="671"
                   HEIGHT="71"
                   ID="region_1724839783957_437"
                   TAGREFS="BT3208">
          <Shape><Polygon POINTS="1475 1107 814 1107 814 1037 1485 1036"/></Shape>
          <TextLine ID="eSc_line_ceae3520"
                    BASELINE="822 1103 1468 1105" 
                    HPOS="822"
                    VPOS="1103"
                    WIDTH="646"
                    HEIGHT="2">
	    <String CONTENT=""
                    HPOS="822"
                    VPOS="1103"
                    WIDTH="646"
                    HEIGHT="2"></String>
          </TextLine>
        </TextBlock>
        <TextBlock HPOS="760"
                   VPOS="1118"
                   WIDTH="1067"
                   HEIGHT="567"
                   ID="region_1724839787954_440"
                   TAGREFS="BT3210">
          <Shape><Polygon POINTS="1789 1685 760 1685 760 1118 1827 1121"/></Shape>
          <TextLine ID="eSc_line_0855fe0f"
                    BASELINE="768 1191 1407 1191" 
                    HPOS="768"
                    VPOS="1191"
                    WIDTH="639"
                    HEIGHT="0">
	    <String CONTENT=""
                    HPOS="768"
                    VPOS="1191"
                    WIDTH="639"
                    HEIGHT="0"></String>
          </TextLine>
          <TextLine ID="eSc_line_dd4945c3"
                    BASELINE="770 1279 1729 1274" 
                    HPOS="770"
                    VPOS="1274"
                    WIDTH="959"
                    HEIGHT="5">
	    <String CONTENT=""
                    HPOS="770"
                    VPOS="1274"
                    WIDTH="959"
                    HEIGHT="5"></String>
          </TextLine>
          <TextLine ID="eSc_line_45ecaaa9"
                    BASELINE="766 1357 1373 1350" 
                    HPOS="766"
                    VPOS="1350"
                    WIDTH="607"
                    HEIGHT="7">
	    <String CONTENT=""
                    HPOS="766"
                    VPOS="1350"
                    WIDTH="607"
                    HEIGHT="7"></String>
          </TextLine>
          <TextLine ID="eSc_line_7f35ea81"
                    BASELINE="770 1434 1695 1437" 
                    HPOS="770"
                    VPOS="1434"
                    WIDTH="925"
                    HEIGHT="3">
	    <String CONTENT=""
                    HPOS="770"
                    VPOS="1434"
                    WIDTH="925"
                    HEIGHT="3"></String>
          </TextLine>
          <TextLine ID="eSc_line_0565c2fc"
                    BASELINE="768 1516 1672 1517" 
                    HPOS="768"
                    VPOS="1516"
                    WIDTH="904"
                    HEIGHT="1">
	    <String CONTENT=""
                    HPOS="768"
                    VPOS="1516"
                    WIDTH="904"
                    HEIGHT="1"></String>
          </TextLine>
          <TextLine ID="eSc_line_08291f85"
                    BASELINE="764 1603 1739 1589" 
                    HPOS="764"
                    VPOS="1589"
                    WIDTH="975"
                    HEIGHT="14">
	    <String CONTENT=""
                    HPOS="764"
                    VPOS="1589"
                    WIDTH="975"
                    HEIGHT="14"></String>
          </TextLine>
          <TextLine ID="eSc_line_6a5fe470"
                    BASELINE="775 1678 1584 1665" 
                    HPOS="775"
                    VPOS="1665"
                    WIDTH="809"
                    HEIGHT="13">
	    <String CONTENT=""
                    HPOS="775"
                    VPOS="1665"
                    WIDTH="809"
                    HEIGHT="13"></String>
          </TextLine>
        </TextBlock>
        <TextBlock HPOS="804"
                   VPOS="1867"
                   WIDTH="859"
                   HEIGHT="544"
                   ID="region_1724839798578_446"
                   TAGREFS="BT3210">
          <Shape><Polygon POINTS="1629 2411 804 2411 804 1867 1663 1877"/></Shape>
          <TextLine ID="eSc_line_c7fbafbf"
                    BASELINE="886 1927 1594 1926" 
                    HPOS="886"
                    VPOS="1926"
                    WIDTH="708"
                    HEIGHT="1">
	    <String CONTENT=""
                    HPOS="886"
                    VPOS="1926"
                    WIDTH="708"
                    HEIGHT="1"></String>
          </TextLine>
          <TextLine ID="eSc_line_5b102ad2"
                    BASELINE="888 1989 1494 1986" 
                    HPOS="888"
                    VPOS="1986"
                    WIDTH="606"
                    HEIGHT="3">
	    <String CONTENT=""
                    HPOS="888"
                    VPOS="1986"
                    WIDTH="606"
                    HEIGHT="3"></String>
          </TextLine>
          <TextLine ID="eSc_line_35badf95"
                    BASELINE="922 2049 1425 2045" 
                    HPOS="922"
                    VPOS="2045"
                    WIDTH="503"
                    HEIGHT="4">
	    <String CONTENT=""
                    HPOS="922"
                    VPOS="2045"
                    WIDTH="503"
                    HEIGHT="4"></String>
          </TextLine>
          <TextLine ID="eSc_line_513be8ec"
                    BASELINE="983 2114 1504 2111" 
                    HPOS="983"
                    VPOS="2111"
                    WIDTH="521"
                    HEIGHT="3">
	    <String CONTENT=""
                    HPOS="983"
                    VPOS="2111"
                    WIDTH="521"
                    HEIGHT="3"></String>
          </TextLine>
          <TextLine ID="eSc_line_adbe65f7"
                    BASELINE="881 2230 1596 2225" 
                    HPOS="881"
                    VPOS="2225"
                    WIDTH="715"
                    HEIGHT="5">
	    <String CONTENT=""
                    HPOS="881"
                    VPOS="2225"
                    WIDTH="715"
                    HEIGHT="5"></String>
          </TextLine>
          <TextLine ID="eSc_line_59f94cff"
                    BASELINE="872 2292 1533 2286" 
                    HPOS="872"
                    VPOS="2286"
                    WIDTH="661"
                    HEIGHT="6">
	    <String CONTENT=""
                    HPOS="872"
                    VPOS="2286"
                    WIDTH="661"
                    HEIGHT="6"></String>
          </TextLine>
          <TextLine ID="eSc_line_e445b4e0"
                    BASELINE="890 2348 1462 2336" 
                    HPOS="890"
                    VPOS="2336"
                    WIDTH="572"
                    HEIGHT="12">
	    <String CONTENT=""
                    HPOS="890"
                    VPOS="2336"
                    WIDTH="572"
                    HEIGHT="12"></String>
          </TextLine>
          <TextLine ID="eSc_line_cb2a7ae8"
                    BASELINE="957 2401 1567 2392" 
                    HPOS="957"
                    VPOS="2392"
                    WIDTH="610"
                    HEIGHT="9">
	    <String CONTENT=""
                    HPOS="957"
                    VPOS="2392"
                    WIDTH="610"
                    HEIGHT="9"></String>
          </TextLine>
        </TextBlock>
        <TextBlock HPOS="1656"
                   VPOS="1754"
                   WIDTH="159"
                   HEIGHT="73"
                   ID="region_1724839793894_443"
                   TAGREFS="BT3208">
          <Shape><Polygon POINTS="1805 1827 1656 1827 1656 1756 1815 1754"/></Shape>
          <TextLine ID="eSc_line_286cbc86"
                    BASELINE="1684 1816 1787 1816" 
                    HPOS="1684"
                    VPOS="1816"
                    WIDTH="103"
                    HEIGHT="0">
	    <String CONTENT=""
                    HPOS="1684"
                    VPOS="1816"
                    WIDTH="103"
                    HEIGHT="0"></String>
          </TextLine>
        </TextBlock>
        <TextBlock HPOS="1675"
                   VPOS="2368"
                   WIDTH="144"
                   HEIGHT="84"
                   ID="region_1724839800974_449"
                   TAGREFS="BT3208">
          <Shape><Polygon POINTS="1797 2452 1675 2452 1675 2368 1819 2368"/></Shape>
          <TextLine ID="eSc_line_1b421e50"
                    BASELINE="1682 2439 1790 2438" 
                    HPOS="1682"
                    VPOS="2438"
                    WIDTH="108"
                    HEIGHT="1">
	    <String CONTENT=""
                    HPOS="1682"
                    VPOS="2438"
                    WIDTH="108"
                    HEIGHT="1"></String>
          </TextLine>
        </TextBlock>
      </PrintSpace>
    </Page>
  </Layout>
</alto>
