<?xml version="1.0" encoding="UTF-8"?>
<alto xmlns:xsi="http://www.w3.org/2001/XMLSchema-instance"
      xmlns="http://www.loc.gov/standards/alto/ns-v4#"
      xsi:schemaLocation="http://www.loc.gov/standards/alto/ns-v4# http://www.loc.gov/standards/alto/v4/alto-4-2.xsd">
  <Description>
    <MeasurementUnit>pixel</MeasurementUnit>
    <sourceImageInformation>
      <fileName>1769,_Saemtliche_Poetische_Werke,_Bohn,_4._Aufl.,_Bd._2,_VD18_90481100_Seite_042_Bild_0001.jpg</fileName>
    </sourceImageInformation>
  </Description>
  <Tags>
    <OtherTag ID="BT1" LABEL="Title" DESCRIPTION="block type Title"/><OtherTag ID="BT2" LABEL="Main" DESCRIPTION="block type Main"/><OtherTag ID="BT3" LABEL="Commentary" DESCRIPTION="block type Commentary"/><OtherTag ID="BT4" LABEL="Illustration" DESCRIPTION="block type Illustration"/><OtherTag ID="BT3208" LABEL="heading" DESCRIPTION="block type heading"/><OtherTag ID="BT3209" LABEL="header" DESCRIPTION="block type header"/><OtherTag ID="BT3210" LABEL="paragraph" DESCRIPTION="block type paragraph"/><OtherTag ID="BT3211" LABEL="l-column" DESCRIPTION="block type l-column"/><OtherTag ID="BT3212" LABEL="r-column" DESCRIPTION="block type r-column"/><OtherTag ID="BT3213" LABEL="footnote" DESCRIPTION="block type footnote"/><OtherTag ID="BT3214" LABEL="marginalia" DESCRIPTION="block type marginalia"/><OtherTag ID="BT3215" LABEL="catch-word" DESCRIPTION="block type catch-word"/><OtherTag ID="BT3216" LABEL="column" DESCRIPTION="block type column"/>
  </Tags>
  <Layout>
    <Page WIDTH="1873"
          HEIGHT="2869"
          PHYSICAL_IMG_NR="30"
          ID="eSc_dummypage_">
      <PrintSpace HPOS="0"
                  VPOS="0"
                  WIDTH="1873"
                  HEIGHT="2869">
        <TextBlock HPOS="610"
                   VPOS="519"
                   WIDTH="113"
                   HEIGHT="65"
                   ID="region_1719566179450_159"
                   TAGREFS="BT3208">
          <Shape><Polygon POINTS="690 584 610 584 610 529 723 519"/></Shape>
          <TextLine ID="eSc_line_71a41553"
                    BASELINE="616 574 688 572" 
                    HPOS="616"
                    VPOS="572"
                    WIDTH="72"
                    HEIGHT="2">
	    <String CONTENT=""
                    HPOS="616"
                    VPOS="572"
                    WIDTH="72"
                    HEIGHT="2"></String>
          </TextLine>
        </TextBlock>
        <TextBlock HPOS="582"
                   VPOS="614"
                   WIDTH="1066"
                   HEIGHT="1010"
                   ID="region_1719566188712_165"
                   TAGREFS="BT3210">
          <Shape><Polygon POINTS="1648 1624 593 1622 582 614 1625 614"/></Shape>
          <TextLine ID="eSc_line_33b6926b"
                    BASELINE="621 679 1594 684" 
                    HPOS="621"
                    VPOS="679"
                    WIDTH="973"
                    HEIGHT="5">
	    <String CONTENT=""
                    HPOS="621"
                    VPOS="679"
                    WIDTH="973"
                    HEIGHT="5"></String>
          </TextLine>
          <TextLine ID="eSc_line_69cc7eca"
                    BASELINE="624 750 1481 763" 
                    HPOS="624"
                    VPOS="750"
                    WIDTH="857"
                    HEIGHT="13">
	    <String CONTENT=""
                    HPOS="624"
                    VPOS="750"
                    WIDTH="857"
                    HEIGHT="13"></String>
          </TextLine>
          <TextLine ID="eSc_line_4c5526ed"
                    BASELINE="625 826 1520 833" 
                    HPOS="625"
                    VPOS="826"
                    WIDTH="895"
                    HEIGHT="7">
	    <String CONTENT=""
                    HPOS="625"
                    VPOS="826"
                    WIDTH="895"
                    HEIGHT="7"></String>
          </TextLine>
          <TextLine ID="eSc_line_b7016115"
                    BASELINE="835 910 1368 913" 
                    HPOS="835"
                    VPOS="910"
                    WIDTH="533"
                    HEIGHT="3">
	    <String CONTENT=""
                    HPOS="835"
                    VPOS="910"
                    WIDTH="533"
                    HEIGHT="3"></String>
          </TextLine>
          <TextLine ID="eSc_line_7a16328b"
                    BASELINE="617 1030 1626 1047" 
                    HPOS="617"
                    VPOS="1030"
                    WIDTH="1009"
                    HEIGHT="17">
	    <String CONTENT=""
                    HPOS="617"
                    VPOS="1030"
                    WIDTH="1009"
                    HEIGHT="17"></String>
          </TextLine>
          <TextLine ID="eSc_line_9d9c808d"
                    BASELINE="614 1109 1479 1117" 
                    HPOS="614"
                    VPOS="1109"
                    WIDTH="865"
                    HEIGHT="8">
	    <String CONTENT=""
                    HPOS="614"
                    VPOS="1109"
                    WIDTH="865"
                    HEIGHT="8"></String>
          </TextLine>
          <TextLine ID="eSc_line_ff9fc2d9"
                    BASELINE="608 1188 1554 1190" 
                    HPOS="608"
                    VPOS="1188"
                    WIDTH="946"
                    HEIGHT="2">
	    <String CONTENT=""
                    HPOS="608"
                    VPOS="1188"
                    WIDTH="946"
                    HEIGHT="2"></String>
          </TextLine>
          <TextLine ID="eSc_line_432e4cd1"
                    BASELINE="834 1262 1451 1264" 
                    HPOS="834"
                    VPOS="1262"
                    WIDTH="617"
                    HEIGHT="2">
	    <String CONTENT=""
                    HPOS="834"
                    VPOS="1262"
                    WIDTH="617"
                    HEIGHT="2"></String>
          </TextLine>
          <TextLine ID="eSc_line_4b02917e"
                    BASELINE="617 1396 1605 1400" 
                    HPOS="617"
                    VPOS="1396"
                    WIDTH="988"
                    HEIGHT="4">
	    <String CONTENT=""
                    HPOS="617"
                    VPOS="1396"
                    WIDTH="988"
                    HEIGHT="4"></String>
          </TextLine>
          <TextLine ID="eSc_line_810e6916"
                    BASELINE="605 1466 1625 1476" 
                    HPOS="605"
                    VPOS="1466"
                    WIDTH="1020"
                    HEIGHT="10">
	    <String CONTENT=""
                    HPOS="605"
                    VPOS="1466"
                    WIDTH="1020"
                    HEIGHT="10"></String>
          </TextLine>
          <TextLine ID="eSc_line_f5afd0a9"
                    BASELINE="604 1544 1599 1542" 
                    HPOS="604"
                    VPOS="1542"
                    WIDTH="995"
                    HEIGHT="2">
	    <String CONTENT=""
                    HPOS="604"
                    VPOS="1542"
                    WIDTH="995"
                    HEIGHT="2"></String>
          </TextLine>
          <TextLine ID="eSc_line_7bbe3de2"
                    BASELINE="816 1608 1514 1615" 
                    HPOS="816"
                    VPOS="1608"
                    WIDTH="698"
                    HEIGHT="7">
	    <String CONTENT=""
                    HPOS="816"
                    VPOS="1608"
                    WIDTH="698"
                    HEIGHT="7"></String>
          </TextLine>
        </TextBlock>
        <TextBlock HPOS="860"
                   VPOS="504"
                   WIDTH="548"
                   HEIGHT="82"
                   ID="region_1719566182853_162"
                   TAGREFS="BT3209">
          <Shape><Polygon POINTS="1384 586 860 586 860 515 1408 504"/></Shape>
          <TextLine ID="eSc_line_972efce1"
                    BASELINE="889 580 1370 584" 
                    HPOS="889"
                    VPOS="580"
                    WIDTH="481"
                    HEIGHT="4">
	    <String CONTENT=""
                    HPOS="889"
                    VPOS="580"
                    WIDTH="481"
                    HEIGHT="4"></String>
          </TextLine>
        </TextBlock>
        <TextBlock HPOS="579"
                   VPOS="1757"
                   WIDTH="529"
                   HEIGHT="615"
                   ID="region_1719566209957_180"
                   TAGREFS="BT3211">
          <Shape><Polygon POINTS="1108 2372 579 2371 609 1757 1108 1757"/></Shape>
          <TextLine ID="eSc_line_38eca7ea"
                    BASELINE="635 1809 1104 1812" 
                    HPOS="635"
                    VPOS="1809"
                    WIDTH="469"
                    HEIGHT="3">
	    <String CONTENT=""
                    HPOS="635"
                    VPOS="1809"
                    WIDTH="469"
                    HEIGHT="3"></String>
          </TextLine>
          <TextLine ID="eSc_line_895fe44a"
                    BASELINE="611 1852 1097 1862" 
                    HPOS="611"
                    VPOS="1852"
                    WIDTH="486"
                    HEIGHT="10">
	    <String CONTENT=""
                    HPOS="611"
                    VPOS="1852"
                    WIDTH="486"
                    HEIGHT="10"></String>
          </TextLine>
          <TextLine ID="eSc_line_ea5ca14f"
                    BASELINE="614 1892 1101 1901" 
                    HPOS="614"
                    VPOS="1892"
                    WIDTH="487"
                    HEIGHT="9">
	    <String CONTENT=""
                    HPOS="614"
                    VPOS="1892"
                    WIDTH="487"
                    HEIGHT="9"></String>
          </TextLine>
          <TextLine ID="eSc_line_a246f620"
                    BASELINE="605 1938 1103 1949" 
                    HPOS="605"
                    VPOS="1938"
                    WIDTH="498"
                    HEIGHT="11">
	    <String CONTENT=""
                    HPOS="605"
                    VPOS="1938"
                    WIDTH="498"
                    HEIGHT="11"></String>
          </TextLine>
          <TextLine ID="eSc_line_2c615e56"
                    BASELINE="601 1989 1097 1996" 
                    HPOS="601"
                    VPOS="1989"
                    WIDTH="496"
                    HEIGHT="7">
	    <String CONTENT=""
                    HPOS="601"
                    VPOS="1989"
                    WIDTH="496"
                    HEIGHT="7"></String>
          </TextLine>
          <TextLine ID="eSc_line_5d316faa"
                    BASELINE="605 2035 1100 2041" 
                    HPOS="605"
                    VPOS="2035"
                    WIDTH="495"
                    HEIGHT="6">
	    <String CONTENT=""
                    HPOS="605"
                    VPOS="2035"
                    WIDTH="495"
                    HEIGHT="6"></String>
          </TextLine>
          <TextLine ID="eSc_line_d6764a8b"
                    BASELINE="603 2080 1097 2086" 
                    HPOS="603"
                    VPOS="2080"
                    WIDTH="494"
                    HEIGHT="6">
	    <String CONTENT=""
                    HPOS="603"
                    VPOS="2080"
                    WIDTH="494"
                    HEIGHT="6"></String>
          </TextLine>
          <TextLine ID="eSc_line_10a6f70f"
                    BASELINE="605 2128 1096 2135" 
                    HPOS="605"
                    VPOS="2128"
                    WIDTH="491"
                    HEIGHT="7">
	    <String CONTENT=""
                    HPOS="605"
                    VPOS="2128"
                    WIDTH="491"
                    HEIGHT="7"></String>
          </TextLine>
          <TextLine ID="eSc_line_b0c8ed4b"
                    BASELINE="596 2176 1098 2181" 
                    HPOS="596"
                    VPOS="2176"
                    WIDTH="502"
                    HEIGHT="5">
	    <String CONTENT=""
                    HPOS="596"
                    VPOS="2176"
                    WIDTH="502"
                    HEIGHT="5"></String>
          </TextLine>
          <TextLine ID="eSc_line_ae7e9bfd"
                    BASELINE="600 2217 1098 2221" 
                    HPOS="600"
                    VPOS="2217"
                    WIDTH="498"
                    HEIGHT="4">
	    <String CONTENT=""
                    HPOS="600"
                    VPOS="2217"
                    WIDTH="498"
                    HEIGHT="4"></String>
          </TextLine>
          <TextLine ID="eSc_line_66e8d438"
                    BASELINE="605 2259 1099 2271" 
                    HPOS="605"
                    VPOS="2259"
                    WIDTH="494"
                    HEIGHT="12">
	    <String CONTENT=""
                    HPOS="605"
                    VPOS="2259"
                    WIDTH="494"
                    HEIGHT="12"></String>
          </TextLine>
          <TextLine ID="eSc_line_4d5c4bb6"
                    BASELINE="598 2309 1092 2315" 
                    HPOS="598"
                    VPOS="2309"
                    WIDTH="494"
                    HEIGHT="6">
	    <String CONTENT=""
                    HPOS="598"
                    VPOS="2309"
                    WIDTH="494"
                    HEIGHT="6"></String>
          </TextLine>
          <TextLine ID="eSc_line_d4e5ba3d"
                    BASELINE="595 2352 1092 2356" 
                    HPOS="595"
                    VPOS="2352"
                    WIDTH="497"
                    HEIGHT="4">
	    <String CONTENT=""
                    HPOS="595"
                    VPOS="2352"
                    WIDTH="497"
                    HEIGHT="4"></String>
          </TextLine>
        </TextBlock>
        <TextBlock HPOS="1115"
                   VPOS="1769"
                   WIDTH="564"
                   HEIGHT="597"
                   ID="region_1719566215993_183"
                   TAGREFS="BT3212">
          <Shape><Polygon POINTS="1656 2358 1115 2366 1123 1772 1679 1769"/></Shape>
          <TextLine ID="eSc_line_4cd9ca30"
                    BASELINE="1136 1813 1628 1819" 
                    HPOS="1136"
                    VPOS="1813"
                    WIDTH="492"
                    HEIGHT="6">
	    <String CONTENT=""
                    HPOS="1136"
                    VPOS="1813"
                    WIDTH="492"
                    HEIGHT="6"></String>
          </TextLine>
          <TextLine ID="eSc_line_ffbc82ba"
                    BASELINE="1125 1861 1640 1867" 
                    HPOS="1125"
                    VPOS="1861"
                    WIDTH="515"
                    HEIGHT="6">
	    <String CONTENT=""
                    HPOS="1125"
                    VPOS="1861"
                    WIDTH="515"
                    HEIGHT="6"></String>
          </TextLine>
          <TextLine ID="eSc_line_ffd1f474"
                    BASELINE="1130 1907 1632 1913" 
                    HPOS="1130"
                    VPOS="1907"
                    WIDTH="502"
                    HEIGHT="6">
	    <String CONTENT=""
                    HPOS="1130"
                    VPOS="1907"
                    WIDTH="502"
                    HEIGHT="6"></String>
          </TextLine>
          <TextLine ID="eSc_line_b71595c6"
                    BASELINE="1123 1949 1624 1955" 
                    HPOS="1123"
                    VPOS="1949"
                    WIDTH="501"
                    HEIGHT="6">
	    <String CONTENT=""
                    HPOS="1123"
                    VPOS="1949"
                    WIDTH="501"
                    HEIGHT="6"></String>
          </TextLine>
          <TextLine ID="eSc_line_9fef4625"
                    BASELINE="1127 1997 1628 1997" 
                    HPOS="1127"
                    VPOS="1997"
                    WIDTH="501"
                    HEIGHT="0">
	    <String CONTENT=""
                    HPOS="1127"
                    VPOS="1997"
                    WIDTH="501"
                    HEIGHT="0"></String>
          </TextLine>
          <TextLine ID="eSc_line_e6b243c4"
                    BASELINE="1124 2045 1626 2044" 
                    HPOS="1124"
                    VPOS="2044"
                    WIDTH="502"
                    HEIGHT="1">
	    <String CONTENT=""
                    HPOS="1124"
                    VPOS="2044"
                    WIDTH="502"
                    HEIGHT="1"></String>
          </TextLine>
          <TextLine ID="eSc_line_f4659e70"
                    BASELINE="1122 2095 1621 2087" 
                    HPOS="1122"
                    VPOS="2087"
                    WIDTH="499"
                    HEIGHT="8">
	    <String CONTENT=""
                    HPOS="1122"
                    VPOS="2087"
                    WIDTH="499"
                    HEIGHT="8"></String>
          </TextLine>
          <TextLine ID="eSc_line_7fbb9cd5"
                    BASELINE="1125 2139 1625 2132" 
                    HPOS="1125"
                    VPOS="2132"
                    WIDTH="500"
                    HEIGHT="7">
	    <String CONTENT=""
                    HPOS="1125"
                    VPOS="2132"
                    WIDTH="500"
                    HEIGHT="7"></String>
          </TextLine>
          <TextLine ID="eSc_line_4f9b5e05"
                    BASELINE="1123 2183 1629 2180" 
                    HPOS="1123"
                    VPOS="2180"
                    WIDTH="506"
                    HEIGHT="3">
	    <String CONTENT=""
                    HPOS="1123"
                    VPOS="2180"
                    WIDTH="506"
                    HEIGHT="3"></String>
          </TextLine>
          <TextLine ID="eSc_line_e9ac3b53"
                    BASELINE="1124 2228 1632 2221" 
                    HPOS="1124"
                    VPOS="2221"
                    WIDTH="508"
                    HEIGHT="7">
	    <String CONTENT=""
                    HPOS="1124"
                    VPOS="2221"
                    WIDTH="508"
                    HEIGHT="7"></String>
          </TextLine>
          <TextLine ID="eSc_line_44ec19a5"
                    BASELINE="1124 2270 1632 2269" 
                    HPOS="1124"
                    VPOS="2269"
                    WIDTH="508"
                    HEIGHT="1">
	    <String CONTENT=""
                    HPOS="1124"
                    VPOS="2269"
                    WIDTH="508"
                    HEIGHT="1"></String>
          </TextLine>
          <TextLine ID="eSc_line_da7ee128"
                    BASELINE="1121 2316 1627 2311" 
                    HPOS="1121"
                    VPOS="2311"
                    WIDTH="506"
                    HEIGHT="5">
	    <String CONTENT=""
                    HPOS="1121"
                    VPOS="2311"
                    WIDTH="506"
                    HEIGHT="5"></String>
          </TextLine>
          <TextLine ID="eSc_line_6a7034de"
                    BASELINE="1132 2360 1615 2353" 
                    HPOS="1132"
                    VPOS="2353"
                    WIDTH="483"
                    HEIGHT="7">
	    <String CONTENT=""
                    HPOS="1132"
                    VPOS="2353"
                    WIDTH="483"
                    HEIGHT="7"></String>
          </TextLine>
        </TextBlock>
        <TextBlock HPOS="1554"
                   VPOS="1644"
                   WIDTH="119"
                   HEIGHT="90"
                   ID="region_1719566198612_174"
                   TAGREFS="BT3208">
          <Shape><Polygon POINTS="1660 1734 1554 1734 1554 1657 1673 1644"/></Shape>
          <TextLine ID="eSc_line_3d46588c"
                    BASELINE="1568 1726 1636 1726" 
                    HPOS="1568"
                    VPOS="1726"
                    WIDTH="68"
                    HEIGHT="0">
	    <String CONTENT=""
                    HPOS="1568"
                    VPOS="1726"
                    WIDTH="68"
                    HEIGHT="0"></String>
          </TextLine>
        </TextBlock>
        <TextBlock HPOS="1528"
                   VPOS="2365"
                   WIDTH="96"
                   HEIGHT="42"
                   ID="region_1719566307629_195"
                   TAGREFS="BT3208">
          <Shape><Polygon POINTS="1624 2407 1528 2400 1528 2365 1619 2365"/></Shape>
          <TextLine ID="eSc_line_d72e4da9"
                    BASELINE="1531 2398 1620 2396" 
                    HPOS="1531"
                    VPOS="2396"
                    WIDTH="89"
                    HEIGHT="2">
	    <String CONTENT=""
                    HPOS="1531"
                    VPOS="2396"
                    WIDTH="89"
                    HEIGHT="2"></String>
          </TextLine>
        </TextBlock>
      </PrintSpace>
    </Page>
  </Layout>
</alto>
