<?xml version="1.0" encoding="UTF-8"?>
<alto xmlns:xsi="http://www.w3.org/2001/XMLSchema-instance"
      xmlns="http://www.loc.gov/standards/alto/ns-v4#"
      xsi:schemaLocation="http://www.loc.gov/standards/alto/ns-v4# http://www.loc.gov/standards/alto/v4/alto-4-2.xsd">
  <Description>
    <MeasurementUnit>pixel</MeasurementUnit>
    <sourceImageInformation>
      <fileName>1769,_Saemtliche_Poetische_Werke,_Bohn,_4._Aufl.,_Bd._3,_VD18_90481127_Seite_008_Bild_0001.jpg</fileName>
    </sourceImageInformation>
  </Description>
  <Tags>
    <OtherTag ID="BT1" LABEL="Title" DESCRIPTION="block type Title"/><OtherTag ID="BT2" LABEL="Main" DESCRIPTION="block type Main"/><OtherTag ID="BT3" LABEL="Commentary" DESCRIPTION="block type Commentary"/><OtherTag ID="BT4" LABEL="Illustration" DESCRIPTION="block type Illustration"/><OtherTag ID="BT3208" LABEL="heading" DESCRIPTION="block type heading"/><OtherTag ID="BT3209" LABEL="header" DESCRIPTION="block type header"/><OtherTag ID="BT3210" LABEL="paragraph" DESCRIPTION="block type paragraph"/><OtherTag ID="BT3211" LABEL="l-column" DESCRIPTION="block type l-column"/><OtherTag ID="BT3212" LABEL="r-column" DESCRIPTION="block type r-column"/><OtherTag ID="BT3213" LABEL="footnote" DESCRIPTION="block type footnote"/><OtherTag ID="BT3214" LABEL="marginalia" DESCRIPTION="block type marginalia"/><OtherTag ID="BT3215" LABEL="catch-word" DESCRIPTION="block type catch-word"/><OtherTag ID="BT3216" LABEL="column" DESCRIPTION="block type column"/>
  </Tags>
  <Layout>
    <Page WIDTH="1971"
          HEIGHT="2897"
          PHYSICAL_IMG_NR="32"
          ID="eSc_dummypage_">
      <PrintSpace HPOS="0"
                  VPOS="0"
                  WIDTH="1971"
                  HEIGHT="2897">
        <TextBlock HPOS="766"
                   VPOS="504"
                   WIDTH="82"
                   HEIGHT="50"
                   ID="region_1724839489978_342"
                   TAGREFS="BT3208">
          <Shape><Polygon POINTS="838 554 766 554 766 506 848 504"/></Shape>
          <TextLine ID="eSc_line_1a4cd105"
                    BASELINE="773 545 827 547" 
                    HPOS="773"
                    VPOS="545"
                    WIDTH="54"
                    HEIGHT="2">
	    <String CONTENT=""
                    HPOS="773"
                    VPOS="545"
                    WIDTH="54"
                    HEIGHT="2"></String>
          </TextLine>
        </TextBlock>
        <TextBlock HPOS="784"
                   VPOS="586"
                   WIDTH="1010"
                   HEIGHT="78"
                   ID="region_1724839499406_348"
                   TAGREFS="BT3210">
          <Shape><Polygon POINTS="1793 664 784 664 785 586 1794 586"/></Shape>
          <TextLine ID="eSc_line_c60dd069"
                    BASELINE="797 651 1787 662" 
                    HPOS="797"
                    VPOS="651"
                    WIDTH="990"
                    HEIGHT="11">
	    <String CONTENT=""
                    HPOS="797"
                    VPOS="651"
                    WIDTH="990"
                    HEIGHT="11"></String>
          </TextLine>
        </TextBlock>
        <TextBlock HPOS="758"
                   VPOS="676"
                   WIDTH="1075"
                   HEIGHT="358"
                   ID="region_1724839504142_351"
                   TAGREFS="BT3210">
          <Shape><Polygon POINTS="1817 1034 758 1034 758 676 1833 677"/></Shape>
          <TextLine ID="eSc_line_9497e55e"
                    BASELINE="816 729 1800 750" 
                    HPOS="816"
                    VPOS="729"
                    WIDTH="984"
                    HEIGHT="21">
	    <String CONTENT=""
                    HPOS="816"
                    VPOS="729"
                    WIDTH="984"
                    HEIGHT="21"></String>
          </TextLine>
          <TextLine ID="eSc_line_7488a513"
                    BASELINE="772 809 1799 818" 
                    HPOS="772"
                    VPOS="809"
                    WIDTH="1027"
                    HEIGHT="9">
	    <String CONTENT=""
                    HPOS="772"
                    VPOS="809"
                    WIDTH="1027"
                    HEIGHT="9"></String>
          </TextLine>
          <TextLine ID="eSc_line_591179b4"
                    BASELINE="766 876 1792 891" 
                    HPOS="766"
                    VPOS="876"
                    WIDTH="1026"
                    HEIGHT="15">
	    <String CONTENT=""
                    HPOS="766"
                    VPOS="876"
                    WIDTH="1026"
                    HEIGHT="15"></String>
          </TextLine>
          <TextLine ID="eSc_line_5669a1f9"
                    BASELINE="771 942 1799 952" 
                    HPOS="771"
                    VPOS="942"
                    WIDTH="1028"
                    HEIGHT="10">
	    <String CONTENT=""
                    HPOS="771"
                    VPOS="942"
                    WIDTH="1028"
                    HEIGHT="10"></String>
          </TextLine>
          <TextLine ID="eSc_line_714bec5e"
                    BASELINE="773 1016 1809 1026" 
                    HPOS="773"
                    VPOS="1016"
                    WIDTH="1036"
                    HEIGHT="10">
	    <String CONTENT=""
                    HPOS="773"
                    VPOS="1016"
                    WIDTH="1036"
                    HEIGHT="10"></String>
          </TextLine>
        </TextBlock>
        <TextBlock HPOS="1116"
                   VPOS="486"
                   WIDTH="330"
                   HEIGHT="87"
                   ID="region_1724839492854_345"
                   TAGREFS="BT3209">
          <Shape><Polygon POINTS="1431 573 1116 573 1116 486 1446 487"/></Shape>
          <TextLine ID="eSc_line_beb529b9"
                    BASELINE="1139 567 1420 562" 
                    HPOS="1139"
                    VPOS="562"
                    WIDTH="281"
                    HEIGHT="5">
	    <String CONTENT=""
                    HPOS="1139"
                    VPOS="562"
                    WIDTH="281"
                    HEIGHT="5"></String>
          </TextLine>
        </TextBlock>
        <TextBlock HPOS="779"
                   VPOS="1129"
                   WIDTH="1046"
                   HEIGHT="246"
                   ID="region_1724839510790_357"
                   TAGREFS="BT3210">
          <Shape><Polygon POINTS="1798 1375 779 1375 779 1129 1825 1130"/></Shape>
          <TextLine ID="eSc_line_984f71e2"
                    BASELINE="832 1182 1705 1194" 
                    HPOS="832"
                    VPOS="1182"
                    WIDTH="873"
                    HEIGHT="12">
	    <String CONTENT=""
                    HPOS="832"
                    VPOS="1182"
                    WIDTH="873"
                    HEIGHT="12"></String>
          </TextLine>
          <TextLine ID="eSc_line_e270110f"
                    BASELINE="816 1237 1692 1249" 
                    HPOS="816"
                    VPOS="1237"
                    WIDTH="876"
                    HEIGHT="12">
	    <String CONTENT=""
                    HPOS="816"
                    VPOS="1237"
                    WIDTH="876"
                    HEIGHT="12"></String>
          </TextLine>
          <TextLine ID="eSc_line_4d09e46c"
                    BASELINE="805 1297 1549 1296" 
                    HPOS="805"
                    VPOS="1296"
                    WIDTH="744"
                    HEIGHT="1">
	    <String CONTENT=""
                    HPOS="805"
                    VPOS="1296"
                    WIDTH="744"
                    HEIGHT="1"></String>
          </TextLine>
          <TextLine ID="eSc_line_43bae7d7"
                    BASELINE="1282 1364 1756 1364" 
                    HPOS="1282"
                    VPOS="1364"
                    WIDTH="474"
                    HEIGHT="0">
	    <String CONTENT=""
                    HPOS="1282"
                    VPOS="1364"
                    WIDTH="474"
                    HEIGHT="0"></String>
          </TextLine>
        </TextBlock>
        <TextBlock HPOS="709"
                   VPOS="1396"
                   WIDTH="551"
                   HEIGHT="977"
                   ID="region_1724839526542_360"
                   TAGREFS="BT3211">
          <Shape><Polygon POINTS="1260 2371 709 2373 729 1396 1260 1396"/></Shape>
          <TextLine ID="eSc_line_0484e639"
                    BASELINE="799 1446 1257 1449" 
                    HPOS="799"
                    VPOS="1446"
                    WIDTH="458"
                    HEIGHT="3">
	    <String CONTENT=""
                    HPOS="799"
                    VPOS="1446"
                    WIDTH="458"
                    HEIGHT="3"></String>
          </TextLine>
          <TextLine ID="eSc_line_e7472ab2"
                    BASELINE="760 1499 1256 1501" 
                    HPOS="760"
                    VPOS="1499"
                    WIDTH="496"
                    HEIGHT="2">
	    <String CONTENT=""
                    HPOS="760"
                    VPOS="1499"
                    WIDTH="496"
                    HEIGHT="2"></String>
          </TextLine>
          <TextLine ID="eSc_line_50617465"
                    BASELINE="761 1552 1254 1560" 
                    HPOS="761"
                    VPOS="1552"
                    WIDTH="493"
                    HEIGHT="8">
	    <String CONTENT=""
                    HPOS="761"
                    VPOS="1552"
                    WIDTH="493"
                    HEIGHT="8"></String>
          </TextLine>
          <TextLine ID="eSc_line_31c76aae"
                    BASELINE="757 1606 1252 1609" 
                    HPOS="757"
                    VPOS="1606"
                    WIDTH="495"
                    HEIGHT="3">
	    <String CONTENT=""
                    HPOS="757"
                    VPOS="1606"
                    WIDTH="495"
                    HEIGHT="3"></String>
          </TextLine>
          <TextLine ID="eSc_line_46e8701c"
                    BASELINE="755 1656 1260 1662" 
                    HPOS="755"
                    VPOS="1656"
                    WIDTH="505"
                    HEIGHT="6">
	    <String CONTENT=""
                    HPOS="755"
                    VPOS="1656"
                    WIDTH="505"
                    HEIGHT="6"></String>
          </TextLine>
          <TextLine ID="eSc_line_357cc270"
                    BASELINE="749 1711 1256 1711" 
                    HPOS="749"
                    VPOS="1711"
                    WIDTH="507"
                    HEIGHT="0">
	    <String CONTENT=""
                    HPOS="749"
                    VPOS="1711"
                    WIDTH="507"
                    HEIGHT="0"></String>
          </TextLine>
          <TextLine ID="eSc_line_15e65fd1"
                    BASELINE="752 1762 1257 1763" 
                    HPOS="752"
                    VPOS="1762"
                    WIDTH="505"
                    HEIGHT="1">
	    <String CONTENT=""
                    HPOS="752"
                    VPOS="1762"
                    WIDTH="505"
                    HEIGHT="1"></String>
          </TextLine>
          <TextLine ID="eSc_line_65632dbc"
                    BASELINE="753 1820 1257 1815" 
                    HPOS="753"
                    VPOS="1815"
                    WIDTH="504"
                    HEIGHT="5">
	    <String CONTENT=""
                    HPOS="753"
                    VPOS="1815"
                    WIDTH="504"
                    HEIGHT="5"></String>
          </TextLine>
          <TextLine ID="eSc_line_40ba2271"
                    BASELINE="759 1876 1258 1874" 
                    HPOS="759"
                    VPOS="1874"
                    WIDTH="499"
                    HEIGHT="2">
	    <String CONTENT=""
                    HPOS="759"
                    VPOS="1874"
                    WIDTH="499"
                    HEIGHT="2"></String>
          </TextLine>
          <TextLine ID="eSc_line_d3c6545b"
                    BASELINE="741 1936 1259 1932" 
                    HPOS="741"
                    VPOS="1932"
                    WIDTH="518"
                    HEIGHT="4">
	    <String CONTENT=""
                    HPOS="741"
                    VPOS="1932"
                    WIDTH="518"
                    HEIGHT="4"></String>
          </TextLine>
          <TextLine ID="eSc_line_2356bce6"
                    BASELINE="741 1986 1258 1986" 
                    HPOS="741"
                    VPOS="1986"
                    WIDTH="517"
                    HEIGHT="0">
	    <String CONTENT=""
                    HPOS="741"
                    VPOS="1986"
                    WIDTH="517"
                    HEIGHT="0"></String>
          </TextLine>
          <TextLine ID="eSc_line_2d4ff28e"
                    BASELINE="741 2043 1256 2043" 
                    HPOS="741"
                    VPOS="2043"
                    WIDTH="515"
                    HEIGHT="0">
	    <String CONTENT=""
                    HPOS="741"
                    VPOS="2043"
                    WIDTH="515"
                    HEIGHT="0"></String>
          </TextLine>
          <TextLine ID="eSc_line_e930f8c5"
                    BASELINE="747 2104 1257 2098" 
                    HPOS="747"
                    VPOS="2098"
                    WIDTH="510"
                    HEIGHT="6">
	    <String CONTENT=""
                    HPOS="747"
                    VPOS="2098"
                    WIDTH="510"
                    HEIGHT="6"></String>
          </TextLine>
          <TextLine ID="eSc_line_1ac4f61b"
                    BASELINE="740 2151 1261 2152" 
                    HPOS="740"
                    VPOS="2151"
                    WIDTH="521"
                    HEIGHT="1">
	    <String CONTENT=""
                    HPOS="740"
                    VPOS="2151"
                    WIDTH="521"
                    HEIGHT="1"></String>
          </TextLine>
          <TextLine ID="eSc_line_c9ae7240"
                    BASELINE="735 2201 1258 2207" 
                    HPOS="735"
                    VPOS="2201"
                    WIDTH="523"
                    HEIGHT="6">
	    <String CONTENT=""
                    HPOS="735"
                    VPOS="2201"
                    WIDTH="523"
                    HEIGHT="6"></String>
          </TextLine>
          <TextLine ID="eSc_line_08b1461b"
                    BASELINE="728 2260 1255 2261" 
                    HPOS="728"
                    VPOS="2260"
                    WIDTH="527"
                    HEIGHT="1">
	    <String CONTENT=""
                    HPOS="728"
                    VPOS="2260"
                    WIDTH="527"
                    HEIGHT="1"></String>
          </TextLine>
          <TextLine ID="eSc_line_1183c532"
                    BASELINE="731 2314 1265 2313" 
                    HPOS="731"
                    VPOS="2313"
                    WIDTH="534"
                    HEIGHT="1">
	    <String CONTENT=""
                    HPOS="731"
                    VPOS="2313"
                    WIDTH="534"
                    HEIGHT="1"></String>
          </TextLine>
          <TextLine ID="eSc_line_93f9573e"
                    BASELINE="734 2359 1256 2357" 
                    HPOS="734"
                    VPOS="2357"
                    WIDTH="522"
                    HEIGHT="2">
	    <String CONTENT=""
                    HPOS="734"
                    VPOS="2357"
                    WIDTH="522"
                    HEIGHT="2"></String>
          </TextLine>
        </TextBlock>
        <TextBlock HPOS="1285"
                   VPOS="1392"
                   WIDTH="527"
                   HEIGHT="967"
                   ID="region_1724839531038_363"
                   TAGREFS="BT3212">
          <Shape><Polygon POINTS="1812 2350 1286 2359 1285 1392 1812 1392"/></Shape>
          <TextLine ID="eSc_line_53de4873"
                    BASELINE="1294 1448 1803 1447" 
                    HPOS="1294"
                    VPOS="1447"
                    WIDTH="509"
                    HEIGHT="1">
	    <String CONTENT=""
                    HPOS="1294"
                    VPOS="1447"
                    WIDTH="509"
                    HEIGHT="1"></String>
          </TextLine>
          <TextLine ID="eSc_line_daadf28c"
                    BASELINE="1290 1517 1796 1501" 
                    HPOS="1290"
                    VPOS="1501"
                    WIDTH="506"
                    HEIGHT="16">
	    <String CONTENT=""
                    HPOS="1290"
                    VPOS="1501"
                    WIDTH="506"
                    HEIGHT="16"></String>
          </TextLine>
          <TextLine ID="eSc_line_8a2ba753"
                    BASELINE="1289 1561 1798 1562" 
                    HPOS="1289"
                    VPOS="1561"
                    WIDTH="509"
                    HEIGHT="1">
	    <String CONTENT=""
                    HPOS="1289"
                    VPOS="1561"
                    WIDTH="509"
                    HEIGHT="1"></String>
          </TextLine>
          <TextLine ID="eSc_line_ce21a8ab"
                    BASELINE="1296 1608 1789 1610" 
                    HPOS="1296"
                    VPOS="1608"
                    WIDTH="493"
                    HEIGHT="2">
	    <String CONTENT=""
                    HPOS="1296"
                    VPOS="1608"
                    WIDTH="493"
                    HEIGHT="2"></String>
          </TextLine>
          <TextLine ID="eSc_line_54bc6a1f"
                    BASELINE="1292 1659 1787 1667" 
                    HPOS="1292"
                    VPOS="1659"
                    WIDTH="495"
                    HEIGHT="8">
	    <String CONTENT=""
                    HPOS="1292"
                    VPOS="1659"
                    WIDTH="495"
                    HEIGHT="8"></String>
          </TextLine>
          <TextLine ID="eSc_line_0d62e2df"
                    BASELINE="1292 1710 1793 1716" 
                    HPOS="1292"
                    VPOS="1710"
                    WIDTH="501"
                    HEIGHT="6">
	    <String CONTENT=""
                    HPOS="1292"
                    VPOS="1710"
                    WIDTH="501"
                    HEIGHT="6"></String>
          </TextLine>
          <TextLine ID="eSc_line_a0144aca"
                    BASELINE="1288 1762 1792 1773" 
                    HPOS="1288"
                    VPOS="1762"
                    WIDTH="504"
                    HEIGHT="11">
	    <String CONTENT=""
                    HPOS="1288"
                    VPOS="1762"
                    WIDTH="504"
                    HEIGHT="11"></String>
          </TextLine>
          <TextLine ID="eSc_line_05516e7f"
                    BASELINE="1295 1820 1791 1823" 
                    HPOS="1295"
                    VPOS="1820"
                    WIDTH="496"
                    HEIGHT="3">
	    <String CONTENT=""
                    HPOS="1295"
                    VPOS="1820"
                    WIDTH="496"
                    HEIGHT="3"></String>
          </TextLine>
          <TextLine ID="eSc_line_56f6cb25"
                    BASELINE="1286 1882 1782 1883" 
                    HPOS="1286"
                    VPOS="1882"
                    WIDTH="496"
                    HEIGHT="1">
	    <String CONTENT=""
                    HPOS="1286"
                    VPOS="1882"
                    WIDTH="496"
                    HEIGHT="1"></String>
          </TextLine>
          <TextLine ID="eSc_line_7d15dc68"
                    BASELINE="1297 1928 1790 1927" 
                    HPOS="1297"
                    VPOS="1927"
                    WIDTH="493"
                    HEIGHT="1">
	    <String CONTENT=""
                    HPOS="1297"
                    VPOS="1927"
                    WIDTH="493"
                    HEIGHT="1"></String>
          </TextLine>
          <TextLine ID="eSc_line_892d1b29"
                    BASELINE="1287 1986 1784 1984" 
                    HPOS="1287"
                    VPOS="1984"
                    WIDTH="497"
                    HEIGHT="2">
	    <String CONTENT=""
                    HPOS="1287"
                    VPOS="1984"
                    WIDTH="497"
                    HEIGHT="2"></String>
          </TextLine>
          <TextLine ID="eSc_line_d440aba7"
                    BASELINE="1295 2039 1781 2038" 
                    HPOS="1295"
                    VPOS="2038"
                    WIDTH="486"
                    HEIGHT="1">
	    <String CONTENT=""
                    HPOS="1295"
                    VPOS="2038"
                    WIDTH="486"
                    HEIGHT="1"></String>
          </TextLine>
          <TextLine ID="eSc_line_651c8e18"
                    BASELINE="1290 2095 1780 2089" 
                    HPOS="1290"
                    VPOS="2089"
                    WIDTH="490"
                    HEIGHT="6">
	    <String CONTENT=""
                    HPOS="1290"
                    VPOS="2089"
                    WIDTH="490"
                    HEIGHT="6"></String>
          </TextLine>
          <TextLine ID="eSc_line_21073a40"
                    BASELINE="1289 2150 1785 2145" 
                    HPOS="1289"
                    VPOS="2145"
                    WIDTH="496"
                    HEIGHT="5">
	    <String CONTENT=""
                    HPOS="1289"
                    VPOS="2145"
                    WIDTH="496"
                    HEIGHT="5"></String>
          </TextLine>
          <TextLine ID="eSc_line_afe57824"
                    BASELINE="1286 2205 1789 2195" 
                    HPOS="1286"
                    VPOS="2195"
                    WIDTH="503"
                    HEIGHT="10">
	    <String CONTENT=""
                    HPOS="1286"
                    VPOS="2195"
                    WIDTH="503"
                    HEIGHT="10"></String>
          </TextLine>
          <TextLine ID="eSc_line_868cb020"
                    BASELINE="1290 2259 1783 2247" 
                    HPOS="1290"
                    VPOS="2247"
                    WIDTH="493"
                    HEIGHT="12">
	    <String CONTENT=""
                    HPOS="1290"
                    VPOS="2247"
                    WIDTH="493"
                    HEIGHT="12"></String>
          </TextLine>
          <TextLine ID="eSc_line_5086063d"
                    BASELINE="1288 2315 1793 2306" 
                    HPOS="1288"
                    VPOS="2306"
                    WIDTH="505"
                    HEIGHT="9">
	    <String CONTENT=""
                    HPOS="1288"
                    VPOS="2306"
                    WIDTH="505"
                    HEIGHT="9"></String>
          </TextLine>
          <TextLine ID="eSc_line_8f7c5303"
                    BASELINE="1289 2357 1786 2349" 
                    HPOS="1289"
                    VPOS="2349"
                    WIDTH="497"
                    HEIGHT="8">
	    <String CONTENT=""
                    HPOS="1289"
                    VPOS="2349"
                    WIDTH="497"
                    HEIGHT="8"></String>
          </TextLine>
        </TextBlock>
        <TextBlock HPOS="1688"
                   VPOS="1047"
                   WIDTH="128"
                   HEIGHT="57"
                   ID="region_1724839506590_354"
                   TAGREFS="BT3208">
          <Shape><Polygon POINTS="1800 1104 1688 1104 1688 1047 1816 1049"/></Shape>
          <TextLine ID="eSc_line_46e4955d"
                    BASELINE="1701 1095 1798 1101" 
                    HPOS="1701"
                    VPOS="1095"
                    WIDTH="97"
                    HEIGHT="6">
	    <String CONTENT=""
                    HPOS="1701"
                    VPOS="1095"
                    WIDTH="97"
                    HEIGHT="6"></String>
          </TextLine>
        </TextBlock>
        <TextBlock HPOS="1655"
                   VPOS="2356"
                   WIDTH="136"
                   HEIGHT="47"
                   ID="region_1724839533758_366"
                   TAGREFS="BT3208">
          <Shape><Polygon POINTS="1791 2403 1666 2403 1655 2360 1791 2356"/></Shape>
          <TextLine ID="eSc_line_e6848242"
                    BASELINE="1687 2399 1794 2400" 
                    HPOS="1687"
                    VPOS="2399"
                    WIDTH="107"
                    HEIGHT="1">
	    <String CONTENT=""
                    HPOS="1687"
                    VPOS="2399"
                    WIDTH="107"
                    HEIGHT="1"></String>
          </TextLine>
        </TextBlock>
      </PrintSpace>
    </Page>
  </Layout>
</alto>
