<?xml version="1.0" encoding="UTF-8"?>
<alto xmlns:xsi="http://www.w3.org/2001/XMLSchema-instance"
      xmlns="http://www.loc.gov/standards/alto/ns-v4#"
      xsi:schemaLocation="http://www.loc.gov/standards/alto/ns-v4# http://www.loc.gov/standards/alto/v4/alto-4-2.xsd">
  <Description>
    <MeasurementUnit>pixel</MeasurementUnit>
    <sourceImageInformation>
      <fileName>1769,_Saemtliche_Poetische_Werke,_Bohn,_4._Aufl.,_Bd._2,_VD18_90481100_Seite_260_Bild_0001.jpg</fileName>
    </sourceImageInformation>
  </Description>
  <Tags>
    <OtherTag ID="BT1" LABEL="Title" DESCRIPTION="block type Title"/><OtherTag ID="BT2" LABEL="Main" DESCRIPTION="block type Main"/><OtherTag ID="BT3" LABEL="Commentary" DESCRIPTION="block type Commentary"/><OtherTag ID="BT4" LABEL="Illustration" DESCRIPTION="block type Illustration"/><OtherTag ID="BT3208" LABEL="heading" DESCRIPTION="block type heading"/><OtherTag ID="BT3209" LABEL="header" DESCRIPTION="block type header"/><OtherTag ID="BT3210" LABEL="paragraph" DESCRIPTION="block type paragraph"/><OtherTag ID="BT3211" LABEL="l-column" DESCRIPTION="block type l-column"/><OtherTag ID="BT3212" LABEL="r-column" DESCRIPTION="block type r-column"/><OtherTag ID="BT3213" LABEL="footnote" DESCRIPTION="block type footnote"/><OtherTag ID="BT3214" LABEL="marginalia" DESCRIPTION="block type marginalia"/><OtherTag ID="BT3215" LABEL="catch-word" DESCRIPTION="block type catch-word"/><OtherTag ID="BT3216" LABEL="column" DESCRIPTION="block type column"/>
  </Tags>
  <Layout>
    <Page WIDTH="1873"
          HEIGHT="2869"
          PHYSICAL_IMG_NR="48"
          ID="eSc_dummypage_">
      <PrintSpace HPOS="0"
                  VPOS="0"
                  WIDTH="1873"
                  HEIGHT="2869">
        <TextBlock HPOS="647"
                   VPOS="517"
                   WIDTH="114"
                   HEIGHT="71"
                   ID="region_1724838838146_175"
                   TAGREFS="BT3208">
          <Shape><Polygon POINTS="751 588 647 588 647 520 761 517"/></Shape>
          <TextLine ID="eSc_line_714b4f47"
                    BASELINE="659 581 742 580" 
                    HPOS="659"
                    VPOS="580"
                    WIDTH="83"
                    HEIGHT="1">
	    <String CONTENT=""
                    HPOS="659"
                    VPOS="580"
                    WIDTH="83"
                    HEIGHT="1"></String>
          </TextLine>
        </TextBlock>
        <TextBlock HPOS="629"
                   VPOS="610"
                   WIDTH="1054"
                   HEIGHT="1446"
                   ID="region_1724838849053_181"
                   TAGREFS="BT3210">
          <Shape><Polygon POINTS="1683 2056 629 2055 640 610 1683 610"/></Shape>
          <TextLine ID="eSc_line_d73315cf"
                    BASELINE="732 678 1579 668" 
                    HPOS="732"
                    VPOS="668"
                    WIDTH="847"
                    HEIGHT="10">
	    <String CONTENT=""
                    HPOS="732"
                    VPOS="668"
                    WIDTH="847"
                    HEIGHT="10"></String>
          </TextLine>
          <TextLine ID="eSc_line_357b8e5b"
                    BASELINE="674 737 1408 735" 
                    HPOS="674"
                    VPOS="735"
                    WIDTH="734"
                    HEIGHT="2">
	    <String CONTENT=""
                    HPOS="674"
                    VPOS="735"
                    WIDTH="734"
                    HEIGHT="2"></String>
          </TextLine>
          <TextLine ID="eSc_line_1f1e2c87"
                    BASELINE="666 810 1574 807" 
                    HPOS="666"
                    VPOS="807"
                    WIDTH="908"
                    HEIGHT="3">
	    <String CONTENT=""
                    HPOS="666"
                    VPOS="807"
                    WIDTH="908"
                    HEIGHT="3"></String>
          </TextLine>
          <TextLine ID="eSc_line_d151aeee"
                    BASELINE="667 869 1624 869" 
                    HPOS="667"
                    VPOS="869"
                    WIDTH="957"
                    HEIGHT="0">
	    <String CONTENT=""
                    HPOS="667"
                    VPOS="869"
                    WIDTH="957"
                    HEIGHT="0"></String>
          </TextLine>
          <TextLine ID="eSc_line_9c81f353"
                    BASELINE="672 939 1674 928" 
                    HPOS="672"
                    VPOS="928"
                    WIDTH="1002"
                    HEIGHT="11">
	    <String CONTENT=""
                    HPOS="672"
                    VPOS="928"
                    WIDTH="1002"
                    HEIGHT="11"></String>
          </TextLine>
          <TextLine ID="eSc_line_88f645e9"
                    BASELINE="670 999 1423 995" 
                    HPOS="670"
                    VPOS="995"
                    WIDTH="753"
                    HEIGHT="4">
	    <String CONTENT=""
                    HPOS="670"
                    VPOS="995"
                    WIDTH="753"
                    HEIGHT="4"></String>
          </TextLine>
          <TextLine ID="eSc_line_82f12823"
                    BASELINE="670 1066 1315 1063" 
                    HPOS="670"
                    VPOS="1063"
                    WIDTH="645"
                    HEIGHT="3">
	    <String CONTENT=""
                    HPOS="670"
                    VPOS="1063"
                    WIDTH="645"
                    HEIGHT="3"></String>
          </TextLine>
          <TextLine ID="eSc_line_ea3b88b4"
                    BASELINE="664 1135 1248 1126" 
                    HPOS="664"
                    VPOS="1126"
                    WIDTH="584"
                    HEIGHT="9">
	    <String CONTENT=""
                    HPOS="664"
                    VPOS="1126"
                    WIDTH="584"
                    HEIGHT="9"></String>
          </TextLine>
          <TextLine ID="eSc_line_811b2086"
                    BASELINE="653 1193 1626 1194" 
                    HPOS="653"
                    VPOS="1193"
                    WIDTH="973"
                    HEIGHT="1">
	    <String CONTENT=""
                    HPOS="653"
                    VPOS="1193"
                    WIDTH="973"
                    HEIGHT="1"></String>
          </TextLine>
          <TextLine ID="eSc_line_3586f867"
                    BASELINE="660 1267 1556 1256" 
                    HPOS="660"
                    VPOS="1256"
                    WIDTH="896"
                    HEIGHT="11">
	    <String CONTENT=""
                    HPOS="660"
                    VPOS="1256"
                    WIDTH="896"
                    HEIGHT="11"></String>
          </TextLine>
          <TextLine ID="eSc_line_53a390b0"
                    BASELINE="665 1327 1663 1322" 
                    HPOS="665"
                    VPOS="1322"
                    WIDTH="998"
                    HEIGHT="5">
	    <String CONTENT=""
                    HPOS="665"
                    VPOS="1322"
                    WIDTH="998"
                    HEIGHT="5"></String>
          </TextLine>
          <TextLine ID="eSc_line_040005b0"
                    BASELINE="666 1393 1506 1389" 
                    HPOS="666"
                    VPOS="1389"
                    WIDTH="840"
                    HEIGHT="4">
	    <String CONTENT=""
                    HPOS="666"
                    VPOS="1389"
                    WIDTH="840"
                    HEIGHT="4"></String>
          </TextLine>
          <TextLine ID="eSc_line_a052d112"
                    BASELINE="669 1459 1620 1456" 
                    HPOS="669"
                    VPOS="1456"
                    WIDTH="951"
                    HEIGHT="3">
	    <String CONTENT=""
                    HPOS="669"
                    VPOS="1456"
                    WIDTH="951"
                    HEIGHT="3"></String>
          </TextLine>
          <TextLine ID="eSc_line_a9ba72ba"
                    BASELINE="671 1524 1277 1524" 
                    HPOS="671"
                    VPOS="1524"
                    WIDTH="606"
                    HEIGHT="0">
	    <String CONTENT=""
                    HPOS="671"
                    VPOS="1524"
                    WIDTH="606"
                    HEIGHT="0"></String>
          </TextLine>
          <TextLine ID="eSc_line_a67e076c"
                    BASELINE="681 1588 1538 1579" 
                    HPOS="681"
                    VPOS="1579"
                    WIDTH="857"
                    HEIGHT="9">
	    <String CONTENT=""
                    HPOS="681"
                    VPOS="1579"
                    WIDTH="857"
                    HEIGHT="9"></String>
          </TextLine>
          <TextLine ID="eSc_line_2df20e4e"
                    BASELINE="722 1708 1642 1713" 
                    HPOS="722"
                    VPOS="1708"
                    WIDTH="920"
                    HEIGHT="5">
	    <String CONTENT=""
                    HPOS="722"
                    VPOS="1708"
                    WIDTH="920"
                    HEIGHT="5"></String>
          </TextLine>
          <TextLine ID="eSc_line_07688654"
                    BASELINE="674 1772 1326 1768" 
                    HPOS="674"
                    VPOS="1768"
                    WIDTH="652"
                    HEIGHT="4">
	    <String CONTENT=""
                    HPOS="674"
                    VPOS="1768"
                    WIDTH="652"
                    HEIGHT="4"></String>
          </TextLine>
          <TextLine ID="eSc_line_108f8a0a"
                    BASELINE="659 1845 1654 1842" 
                    HPOS="659"
                    VPOS="1842"
                    WIDTH="995"
                    HEIGHT="3">
	    <String CONTENT=""
                    HPOS="659"
                    VPOS="1842"
                    WIDTH="995"
                    HEIGHT="3"></String>
          </TextLine>
          <TextLine ID="eSc_line_1724d0b4"
                    BASELINE="665 1918 1574 1920" 
                    HPOS="665"
                    VPOS="1918"
                    WIDTH="909"
                    HEIGHT="2">
	    <String CONTENT=""
                    HPOS="665"
                    VPOS="1918"
                    WIDTH="909"
                    HEIGHT="2"></String>
          </TextLine>
          <TextLine ID="eSc_line_9b77cecc"
                    BASELINE="671 1983 1379 1978" 
                    HPOS="671"
                    VPOS="1978"
                    WIDTH="708"
                    HEIGHT="5">
	    <String CONTENT=""
                    HPOS="671"
                    VPOS="1978"
                    WIDTH="708"
                    HEIGHT="5"></String>
          </TextLine>
          <TextLine ID="eSc_line_1d21d656"
                    BASELINE="672 2049 1589 2046" 
                    HPOS="672"
                    VPOS="2046"
                    WIDTH="917"
                    HEIGHT="3">
	    <String CONTENT=""
                    HPOS="672"
                    VPOS="2046"
                    WIDTH="917"
                    HEIGHT="3"></String>
          </TextLine>
        </TextBlock>
        <TextBlock HPOS="933"
                   VPOS="508"
                   WIDTH="550"
                   HEIGHT="70"
                   ID="region_1724838841849_178"
                   TAGREFS="BT3209">
          <Shape><Polygon POINTS="1434 578 933 578 933 508 1483 509"/></Shape>
          <TextLine ID="eSc_line_ce0889ea"
                    BASELINE="937 574 1422 572" 
                    HPOS="937"
                    VPOS="572"
                    WIDTH="485"
                    HEIGHT="2">
	    <String CONTENT=""
                    HPOS="937"
                    VPOS="572"
                    WIDTH="485"
                    HEIGHT="2"></String>
          </TextLine>
        </TextBlock>
        <TextBlock HPOS="627"
                   VPOS="2142"
                   WIDTH="554"
                   HEIGHT="133"
                   ID="region_1724838867657_187"
                   TAGREFS="BT3211">
          <Shape><Polygon POINTS="1181 2269 627 2275 653 2142 1181 2142"/></Shape>
          <TextLine ID="eSc_line_6e28d289"
                    BASELINE="683 2193 1171 2187" 
                    HPOS="683"
                    VPOS="2187"
                    WIDTH="488"
                    HEIGHT="6">
	    <String CONTENT=""
                    HPOS="683"
                    VPOS="2187"
                    WIDTH="488"
                    HEIGHT="6"></String>
          </TextLine>
          <TextLine ID="eSc_line_1defbe8f"
                    BASELINE="668 2236 1172 2235" 
                    HPOS="668"
                    VPOS="2235"
                    WIDTH="504"
                    HEIGHT="1">
	    <String CONTENT=""
                    HPOS="668"
                    VPOS="2235"
                    WIDTH="504"
                    HEIGHT="1"></String>
          </TextLine>
          <TextLine ID="eSc_line_385e7ccb"
                    BASELINE="678 2272 1020 2271" 
                    HPOS="678"
                    VPOS="2271"
                    WIDTH="342"
                    HEIGHT="1">
	    <String CONTENT=""
                    HPOS="678"
                    VPOS="2271"
                    WIDTH="342"
                    HEIGHT="1"></String>
          </TextLine>
        </TextBlock>
        <TextBlock HPOS="652"
                   VPOS="2276"
                   WIDTH="513"
                   HEIGHT="52"
                   ID="region_1724838993402_218"
                   TAGREFS="BT3211">
          <Shape><Polygon POINTS="1165 2328 652 2326 690 2276 1165 2276"/></Shape>
          <TextLine ID="eSc_line_6d3a7cde"
                    BASELINE="704 2321 1171 2320" 
                    HPOS="704"
                    VPOS="2320"
                    WIDTH="467"
                    HEIGHT="1">
	    <String CONTENT=""
                    HPOS="704"
                    VPOS="2320"
                    WIDTH="467"
                    HEIGHT="1"></String>
          </TextLine>
        </TextBlock>
        <TextBlock HPOS="1188"
                   VPOS="2142"
                   WIDTH="543"
                   HEIGHT="179"
                   ID="region_1724838871769_190"
                   TAGREFS="BT3212">
          <Shape><Polygon POINTS="1705 2321 1189 2321 1188 2142 1731 2145"/></Shape>
          <TextLine ID="eSc_line_1d6d37cf"
                    BASELINE="1190 2192 1700 2188" 
                    HPOS="1190"
                    VPOS="2188"
                    WIDTH="510"
                    HEIGHT="4">
	    <String CONTENT=""
                    HPOS="1190"
                    VPOS="2188"
                    WIDTH="510"
                    HEIGHT="4"></String>
          </TextLine>
          <TextLine ID="eSc_line_c743402b"
                    BASELINE="1198 2236 1692 2231" 
                    HPOS="1198"
                    VPOS="2231"
                    WIDTH="494"
                    HEIGHT="5">
	    <String CONTENT=""
                    HPOS="1198"
                    VPOS="2231"
                    WIDTH="494"
                    HEIGHT="5"></String>
          </TextLine>
          <TextLine ID="eSc_line_21532e04"
                    BASELINE="1199 2281 1694 2272" 
                    HPOS="1199"
                    VPOS="2272"
                    WIDTH="495"
                    HEIGHT="9">
	    <String CONTENT=""
                    HPOS="1199"
                    VPOS="2272"
                    WIDTH="495"
                    HEIGHT="9"></String>
          </TextLine>
          <TextLine ID="eSc_line_5be06eb5"
                    BASELINE="1202 2318 1699 2315" 
                    HPOS="1202"
                    VPOS="2315"
                    WIDTH="497"
                    HEIGHT="3">
	    <String CONTENT=""
                    HPOS="1202"
                    VPOS="2315"
                    WIDTH="497"
                    HEIGHT="3"></String>
          </TextLine>
        </TextBlock>
        <TextBlock HPOS="1581"
                   VPOS="2062"
                   WIDTH="142"
                   HEIGHT="40"
                   ID="region_1724838852178_184"
                   TAGREFS="BT3208">
          <Shape><Polygon POINTS="1705 2102 1581 2102 1583 2062 1723 2062"/></Shape>
          <TextLine ID="eSc_line_d963d3ca"
                    BASELINE="1610 2101 1691 2103" 
                    HPOS="1610"
                    VPOS="2101"
                    WIDTH="81"
                    HEIGHT="2">
	    <String CONTENT=""
                    HPOS="1610"
                    VPOS="2101"
                    WIDTH="81"
                    HEIGHT="2"></String>
          </TextLine>
        </TextBlock>
        <TextBlock HPOS="1568"
                   VPOS="2327"
                   WIDTH="158"
                   HEIGHT="37"
                   ID="region_1724838877157_193"
                   TAGREFS="BT3208">
          <Shape><Polygon POINTS="1726 2363 1568 2364 1568 2327 1697 2327"/></Shape>
          <TextLine ID="eSc_line_008a21fd"
                    BASELINE="1573 2364 1704 2362" 
                    HPOS="1573"
                    VPOS="2362"
                    WIDTH="131"
                    HEIGHT="2">
	    <String CONTENT=""
                    HPOS="1573"
                    VPOS="2362"
                    WIDTH="131"
                    HEIGHT="2"></String>
          </TextLine>
        </TextBlock>
      </PrintSpace>
    </Page>
  </Layout>
</alto>
