<?xml version="1.0" encoding="UTF-8"?>
<alto xmlns:xsi="http://www.w3.org/2001/XMLSchema-instance"
      xmlns="http://www.loc.gov/standards/alto/ns-v4#"
      xsi:schemaLocation="http://www.loc.gov/standards/alto/ns-v4# http://www.loc.gov/standards/alto/v4/alto-4-2.xsd">
  <Description>
    <MeasurementUnit>pixel</MeasurementUnit>
    <sourceImageInformation>
      <fileName>1769,_Saemtliche_Poetische_Werke,_Bohn,_4._Aufl.,_Bd._1,_VD18_90481097_Seite_049_Bild_0001.jpg</fileName>
    </sourceImageInformation>
  </Description>
  <Tags>
    <OtherTag ID="BT1" LABEL="Title" DESCRIPTION="block type Title"/><OtherTag ID="BT2" LABEL="Main" DESCRIPTION="block type Main"/><OtherTag ID="BT3" LABEL="Commentary" DESCRIPTION="block type Commentary"/><OtherTag ID="BT4" LABEL="Illustration" DESCRIPTION="block type Illustration"/><OtherTag ID="BT3208" LABEL="heading" DESCRIPTION="block type heading"/><OtherTag ID="BT3209" LABEL="header" DESCRIPTION="block type header"/><OtherTag ID="BT3210" LABEL="paragraph" DESCRIPTION="block type paragraph"/><OtherTag ID="BT3211" LABEL="l-column" DESCRIPTION="block type l-column"/><OtherTag ID="BT3212" LABEL="r-column" DESCRIPTION="block type r-column"/><OtherTag ID="BT3213" LABEL="footnote" DESCRIPTION="block type footnote"/><OtherTag ID="BT3214" LABEL="marginalia" DESCRIPTION="block type marginalia"/><OtherTag ID="BT3215" LABEL="catch-word" DESCRIPTION="block type catch-word"/><OtherTag ID="BT3216" LABEL="column" DESCRIPTION="block type column"/>
  </Tags>
  <Layout>
    <Page WIDTH="1857"
          HEIGHT="2880"
          PHYSICAL_IMG_NR="25"
          ID="eSc_dummypage_">
      <PrintSpace HPOS="0"
                  VPOS="0"
                  WIDTH="1857"
                  HEIGHT="2880">
        <TextBlock HPOS="401"
                   VPOS="1327"
                   WIDTH="584"
                   HEIGHT="200"
                   ID="region_1719558534390_25"
                   TAGREFS="BT3208">
          <Shape><Polygon POINTS="967 1527 401 1527 403 1329 985 1327"/></Shape>
          <TextLine ID="eSc_line_25b352a7"
                    BASELINE="407 1420 960 1432" 
                    HPOS="407"
                    VPOS="1420"
                    WIDTH="553"
                    HEIGHT="12">
	    <String CONTENT=""
                    HPOS="407"
                    VPOS="1420"
                    WIDTH="553"
                    HEIGHT="12"></String>
          </TextLine>
          <TextLine ID="eSc_line_3aed1a7a"
                    BASELINE="498 1517 867 1520" 
                    HPOS="498"
                    VPOS="1517"
                    WIDTH="369"
                    HEIGHT="3">
	    <String CONTENT=""
                    HPOS="498"
                    VPOS="1517"
                    WIDTH="369"
                    HEIGHT="3"></String>
          </TextLine>
        </TextBlock>
        <TextBlock HPOS="142"
                   VPOS="1570"
                   WIDTH="1089"
                   HEIGHT="368"
                   ID="region_1719558542978_31"
                   TAGREFS="BT3210">
          <Shape><Polygon POINTS="1217 1938 142 1938 167 1724 170 1693 296 1685 299 1575 1231 1570"/></Shape>
          <TextLine ID="eSc_line_f9878f95"
                    BASELINE="306 1643 1192 1661" 
                    HPOS="306"
                    VPOS="1643"
                    WIDTH="886"
                    HEIGHT="18">
	    <String CONTENT=""
                    HPOS="306"
                    VPOS="1643"
                    WIDTH="886"
                    HEIGHT="18"></String>
          </TextLine>
          <TextLine ID="eSc_line_7f42bc36"
                    BASELINE="772 1699 922 1707" 
                    HPOS="772"
                    VPOS="1699"
                    WIDTH="150"
                    HEIGHT="8">
	    <String CONTENT=""
                    HPOS="772"
                    VPOS="1699"
                    WIDTH="150"
                    HEIGHT="8"></String>
          </TextLine>
          <TextLine ID="eSc_line_94a5c2e8"
                    BASELINE="174 1735 1095 1766" 
                    HPOS="174"
                    VPOS="1735"
                    WIDTH="921"
                    HEIGHT="31">
	    <String CONTENT=""
                    HPOS="174"
                    VPOS="1735"
                    WIDTH="921"
                    HEIGHT="31"></String>
          </TextLine>
          <TextLine ID="eSc_line_173700fa"
                    BASELINE="163 1795 1188 1823" 
                    HPOS="163"
                    VPOS="1795"
                    WIDTH="1025"
                    HEIGHT="28">
	    <String CONTENT=""
                    HPOS="163"
                    VPOS="1795"
                    WIDTH="1025"
                    HEIGHT="28"></String>
          </TextLine>
          <TextLine ID="eSc_line_b093d37e"
                    BASELINE="716 1866 1005 1871" 
                    HPOS="716"
                    VPOS="1866"
                    WIDTH="289"
                    HEIGHT="5">
	    <String CONTENT=""
                    HPOS="716"
                    VPOS="1866"
                    WIDTH="289"
                    HEIGHT="5"></String>
          </TextLine>
          <TextLine ID="eSc_line_d02d34bd"
                    BASELINE="175 1908 1198 1928" 
                    HPOS="175"
                    VPOS="1908"
                    WIDTH="1023"
                    HEIGHT="20">
	    <String CONTENT=""
                    HPOS="175"
                    VPOS="1908"
                    WIDTH="1023"
                    HEIGHT="20"></String>
          </TextLine>
        </TextBlock>
        <TextBlock HPOS="161"
                   VPOS="2018"
                   WIDTH="1015"
                   HEIGHT="149"
                   ID="region_1719558547910_34"
                   TAGREFS="BT3208">
          <Shape><Polygon POINTS="1168 2167 161 2167 169 2018 1176 2018"/></Shape>
          <TextLine ID="eSc_line_5a19bfbf"
                    BASELINE="198 2094 1154 2117" 
                    HPOS="198"
                    VPOS="2094"
                    WIDTH="956"
                    HEIGHT="23">
	    <String CONTENT=""
                    HPOS="198"
                    VPOS="2094"
                    WIDTH="956"
                    HEIGHT="23"></String>
          </TextLine>
          <TextLine ID="eSc_line_0878a973"
                    BASELINE="475 2160 884 2164" 
                    HPOS="475"
                    VPOS="2160"
                    WIDTH="409"
                    HEIGHT="4">
	    <String CONTENT=""
                    HPOS="475"
                    VPOS="2160"
                    WIDTH="409"
                    HEIGHT="4"></String>
          </TextLine>
        </TextBlock>
        <TextBlock HPOS="1067"
                   VPOS="1942"
                   WIDTH="132"
                   HEIGHT="54"
                   ID="region_1719558671414_59"
                   TAGREFS="BT3208">
          <Shape><Polygon POINTS="1069 1942 1199 1942 1197 1996 1067 1996"/></Shape>
          <TextLine ID="eSc_line_e498bfaa"
                    BASELINE="1073 1987 1191 1990" 
                    HPOS="1073"
                    VPOS="1987"
                    WIDTH="118"
                    HEIGHT="3">
	    <String CONTENT=""
                    HPOS="1073"
                    VPOS="1987"
                    WIDTH="118"
                    HEIGHT="3"></String>
          </TextLine>
        </TextBlock>
        <TextBlock HPOS="288"
                   VPOS="2203"
                   WIDTH="700"
                   HEIGHT="200"
                   ID="region_1719558556570_40"
                   TAGREFS="BT3210">
          <Shape><Polygon POINTS="980 2403 429 2391 288 2363 288 2301 359 2294 360 2203 988 2205"/></Shape>
          <TextLine ID="eSc_line_b665fcae"
                    BASELINE="362 2259 965 2261" 
                    HPOS="362"
                    VPOS="2259"
                    WIDTH="603"
                    HEIGHT="2">
	    <String CONTENT=""
                    HPOS="362"
                    VPOS="2259"
                    WIDTH="603"
                    HEIGHT="2"></String>
          </TextLine>
          <TextLine ID="eSc_line_35ac6172"
                    BASELINE="468 2301 889 2303" 
                    HPOS="468"
                    VPOS="2301"
                    WIDTH="421"
                    HEIGHT="2">
	    <String CONTENT=""
                    HPOS="468"
                    VPOS="2301"
                    WIDTH="421"
                    HEIGHT="2"></String>
          </TextLine>
          <TextLine ID="eSc_line_d4bfa141"
                    BASELINE="307 2342 965 2352" 
                    HPOS="307"
                    VPOS="2342"
                    WIDTH="658"
                    HEIGHT="10">
	    <String CONTENT=""
                    HPOS="307"
                    VPOS="2342"
                    WIDTH="658"
                    HEIGHT="10"></String>
          </TextLine>
          <TextLine ID="eSc_line_32531f07"
                    BASELINE="454 2388 936 2393" 
                    HPOS="454"
                    VPOS="2388"
                    WIDTH="482"
                    HEIGHT="5">
	    <String CONTENT=""
                    HPOS="454"
                    VPOS="2388"
                    WIDTH="482"
                    HEIGHT="5"></String>
          </TextLine>
        </TextBlock>
        <TextBlock HPOS="219"
                   VPOS="2384"
                   WIDTH="175"
                   HEIGHT="64"
                   ID="region_1719558564402_49"
                   TAGREFS="BT3208">
          <Shape><Polygon POINTS="394 2448 221 2448 219 2384 385 2388"/></Shape>
          <TextLine ID="eSc_line_3304dde1"
                    BASELINE="234 2434 385 2436" 
                    HPOS="234"
                    VPOS="2434"
                    WIDTH="151"
                    HEIGHT="2">
	    <String CONTENT=""
                    HPOS="234"
                    VPOS="2434"
                    WIDTH="151"
                    HEIGHT="2"></String>
          </TextLine>
        </TextBlock>
        <TextBlock HPOS="662"
                   VPOS="2400"
                   WIDTH="112"
                   HEIGHT="57"
                   ID="region_1719558558682_43"
                   TAGREFS="BT3208">
          <Shape><Polygon POINTS="774 2457 664 2437 662 2400 761 2400"/></Shape>
          <TextLine ID="eSc_line_abf6ea1b"
                    BASELINE="692 2434 746 2438" 
                    HPOS="692"
                    VPOS="2434"
                    WIDTH="54"
                    HEIGHT="4">
	    <String CONTENT=""
                    HPOS="692"
                    VPOS="2434"
                    WIDTH="54"
                    HEIGHT="4"></String>
          </TextLine>
        </TextBlock>
        <TextBlock HPOS="1090"
                   VPOS="2361"
                   WIDTH="171"
                   HEIGHT="103"
                   ID="region_1719558561454_46"
                   TAGREFS="BT3208">
          <Shape><Polygon POINTS="1232 2464 1090 2464 1090 2385 1261 2361"/></Shape>
          <TextLine ID="eSc_line_eb6ed32b"
                    BASELINE="1101 2446 1211 2449" 
                    HPOS="1101"
                    VPOS="2446"
                    WIDTH="110"
                    HEIGHT="3">
	    <String CONTENT=""
                    HPOS="1101"
                    VPOS="2446"
                    WIDTH="110"
                    HEIGHT="3"></String>
          </TextLine>
        </TextBlock>
        <TextBlock HPOS="280"
                   VPOS="2187"
                   WIDTH="73"
                   HEIGHT="114"
                   ID="region_1719558551742_37"
                   TAGREFS="BT3210">
          <Shape><Polygon POINTS="353 2297 280 2301 280 2191 353 2187"/></Shape>
        </TextBlock>
        <TextBlock HPOS="156"
                   VPOS="1499"
                   WIDTH="143"
                   HEIGHT="189"
                   ID="region_1719558537455_28"
                   TAGREFS="BT3210">
          <Shape><Polygon POINTS="299 1688 175 1688 156 1499 293 1505"/></Shape>
        </TextBlock>
      </PrintSpace>
    </Page>
  </Layout>
</alto>
