<?xml version="1.0" encoding="UTF-8"?>
<alto xmlns:xsi="http://www.w3.org/2001/XMLSchema-instance"
      xmlns="http://www.loc.gov/standards/alto/ns-v4#"
      xsi:schemaLocation="http://www.loc.gov/standards/alto/ns-v4# http://www.loc.gov/standards/alto/v4/alto-4-2.xsd">
  <Description>
    <MeasurementUnit>pixel</MeasurementUnit>
    <sourceImageInformation>
      <fileName>1769,_Saemtliche_Poetische_Werke,_Bohn,_4._Aufl.,_Bd._1,_VD18_90481097_Seite_137_Bild_0001.jpg</fileName>
    </sourceImageInformation>
  </Description>
  <Tags>
    <OtherTag ID="BT1" LABEL="Title" DESCRIPTION="block type Title"/><OtherTag ID="BT2" LABEL="Main" DESCRIPTION="block type Main"/><OtherTag ID="BT3" LABEL="Commentary" DESCRIPTION="block type Commentary"/><OtherTag ID="BT4" LABEL="Illustration" DESCRIPTION="block type Illustration"/><OtherTag ID="BT3208" LABEL="heading" DESCRIPTION="block type heading"/><OtherTag ID="BT3209" LABEL="header" DESCRIPTION="block type header"/><OtherTag ID="BT3210" LABEL="paragraph" DESCRIPTION="block type paragraph"/><OtherTag ID="BT3211" LABEL="l-column" DESCRIPTION="block type l-column"/><OtherTag ID="BT3212" LABEL="r-column" DESCRIPTION="block type r-column"/><OtherTag ID="BT3213" LABEL="footnote" DESCRIPTION="block type footnote"/><OtherTag ID="BT3214" LABEL="marginalia" DESCRIPTION="block type marginalia"/><OtherTag ID="BT3215" LABEL="catch-word" DESCRIPTION="block type catch-word"/><OtherTag ID="BT3216" LABEL="column" DESCRIPTION="block type column"/>
  </Tags>
  <Layout>
    <Page WIDTH="1857"
          HEIGHT="2881"
          PHYSICAL_IMG_NR="28"
          ID="eSc_dummypage_">
      <PrintSpace HPOS="0"
                  VPOS="0"
                  WIDTH="1857"
                  HEIGHT="2881">
        <TextBlock HPOS="464"
                   VPOS="548"
                   WIDTH="462"
                   HEIGHT="91"
                   ID="region_1719563193701_386"
                   TAGREFS="BT3209">
          <Shape><Polygon POINTS="895 639 464 639 464 567 926 548"/></Shape>
          <TextLine ID="eSc_line_ff4e87c4"
                    BASELINE="471 629 884 631" 
                    HPOS="471"
                    VPOS="629"
                    WIDTH="413"
                    HEIGHT="2">
	    <String CONTENT=""
                    HPOS="471"
                    VPOS="629"
                    WIDTH="413"
                    HEIGHT="2"></String>
          </TextLine>
        </TextBlock>
        <TextBlock HPOS="417"
                   VPOS="646"
                   WIDTH="579"
                   HEIGHT="179"
                   ID="region_1719563202228_392"
                   TAGREFS="BT3208">
          <Shape><Polygon POINTS="940 825 417 825 417 653 996 646"/></Shape>
          <TextLine ID="eSc_line_8edc44b1"
                    BASELINE="427 748 940 748" 
                    HPOS="427"
                    VPOS="748"
                    WIDTH="513"
                    HEIGHT="0">
	    <String CONTENT=""
                    HPOS="427"
                    VPOS="748"
                    WIDTH="513"
                    HEIGHT="0"></String>
          </TextLine>
          <TextLine ID="eSc_line_da44fdb7"
                    BASELINE="524 820 864 819" 
                    HPOS="524"
                    VPOS="819"
                    WIDTH="340"
                    HEIGHT="1">
	    <String CONTENT=""
                    HPOS="524"
                    VPOS="819"
                    WIDTH="340"
                    HEIGHT="1"></String>
          </TextLine>
        </TextBlock>
        <TextBlock HPOS="175"
                   VPOS="830"
                   WIDTH="1058"
                   HEIGHT="792"
                   ID="region_1719563211237_398"
                   TAGREFS="BT3210">
          <Shape><Polygon POINTS="1231 1622 175 1622 183 1042 186 967 265 965 266 842 1233 830"/></Shape>
          <TextLine ID="eSc_line_d180e95f"
                    BASELINE="267 899 1185 880" 
                    HPOS="267"
                    VPOS="880"
                    WIDTH="918"
                    HEIGHT="19">
	    <String CONTENT=""
                    HPOS="267"
                    VPOS="880"
                    WIDTH="918"
                    HEIGHT="19"></String>
          </TextLine>
          <TextLine ID="eSc_line_e5851c9d"
                    BASELINE="284 965 1045 949" 
                    HPOS="284"
                    VPOS="949"
                    WIDTH="761"
                    HEIGHT="16">
	    <String CONTENT=""
                    HPOS="284"
                    VPOS="949"
                    WIDTH="761"
                    HEIGHT="16"></String>
          </TextLine>
          <TextLine ID="eSc_line_96039205"
                    BASELINE="190 1020 1154 1010" 
                    HPOS="190"
                    VPOS="1010"
                    WIDTH="964"
                    HEIGHT="10">
	    <String CONTENT=""
                    HPOS="190"
                    VPOS="1010"
                    WIDTH="964"
                    HEIGHT="10"></String>
          </TextLine>
          <TextLine ID="eSc_line_83357726"
                    BASELINE="202 1082 1194 1065" 
                    HPOS="202"
                    VPOS="1065"
                    WIDTH="992"
                    HEIGHT="17">
	    <String CONTENT=""
                    HPOS="202"
                    VPOS="1065"
                    WIDTH="992"
                    HEIGHT="17"></String>
          </TextLine>
          <TextLine ID="eSc_line_0dade3fa"
                    BASELINE="189 1139 1206 1120" 
                    HPOS="189"
                    VPOS="1120"
                    WIDTH="1017"
                    HEIGHT="19">
	    <String CONTENT=""
                    HPOS="189"
                    VPOS="1120"
                    WIDTH="1017"
                    HEIGHT="19"></String>
          </TextLine>
          <TextLine ID="eSc_line_56a602cb"
                    BASELINE="766 1189 1165 1183" 
                    HPOS="766"
                    VPOS="1183"
                    WIDTH="399"
                    HEIGHT="6">
	    <String CONTENT=""
                    HPOS="766"
                    VPOS="1183"
                    WIDTH="399"
                    HEIGHT="6"></String>
          </TextLine>
          <TextLine ID="eSc_line_c2d58554"
                    BASELINE="194 1259 1204 1237" 
                    HPOS="194"
                    VPOS="1237"
                    WIDTH="1010"
                    HEIGHT="22">
	    <String CONTENT=""
                    HPOS="194"
                    VPOS="1237"
                    WIDTH="1010"
                    HEIGHT="22"></String>
          </TextLine>
          <TextLine ID="eSc_line_2fc97ed8"
                    BASELINE="186 1318 1199 1299" 
                    HPOS="186"
                    VPOS="1299"
                    WIDTH="1013"
                    HEIGHT="19">
	    <String CONTENT=""
                    HPOS="186"
                    VPOS="1299"
                    WIDTH="1013"
                    HEIGHT="19"></String>
          </TextLine>
          <TextLine ID="eSc_line_02824d91"
                    BASELINE="192 1376 1130 1352" 
                    HPOS="192"
                    VPOS="1352"
                    WIDTH="938"
                    HEIGHT="24">
	    <String CONTENT=""
                    HPOS="192"
                    VPOS="1352"
                    WIDTH="938"
                    HEIGHT="24"></String>
          </TextLine>
          <TextLine ID="eSc_line_2a34c188"
                    BASELINE="180 1427 1217 1416" 
                    HPOS="180"
                    VPOS="1416"
                    WIDTH="1037"
                    HEIGHT="11">
	    <String CONTENT=""
                    HPOS="180"
                    VPOS="1416"
                    WIDTH="1037"
                    HEIGHT="11"></String>
          </TextLine>
          <TextLine ID="eSc_line_be38d694"
                    BASELINE="197 1497 1196 1488" 
                    HPOS="197"
                    VPOS="1488"
                    WIDTH="999"
                    HEIGHT="9">
	    <String CONTENT=""
                    HPOS="197"
                    VPOS="1488"
                    WIDTH="999"
                    HEIGHT="9"></String>
          </TextLine>
          <TextLine ID="eSc_line_7f681734"
                    BASELINE="191 1559 1141 1543" 
                    HPOS="191"
                    VPOS="1543"
                    WIDTH="950"
                    HEIGHT="16">
	    <String CONTENT=""
                    HPOS="191"
                    VPOS="1543"
                    WIDTH="950"
                    HEIGHT="16"></String>
          </TextLine>
          <TextLine ID="eSc_line_2caec7b1"
                    BASELINE="200 1619 1108 1609" 
                    HPOS="200"
                    VPOS="1609"
                    WIDTH="908"
                    HEIGHT="10">
	    <String CONTENT=""
                    HPOS="200"
                    VPOS="1609"
                    WIDTH="908"
                    HEIGHT="10"></String>
          </TextLine>
        </TextBlock>
        <TextBlock HPOS="1115"
                   VPOS="562"
                   WIDTH="147"
                   HEIGHT="70"
                   ID="region_1719563197553_389"
                   TAGREFS="BT3208">
          <Shape><Polygon POINTS="1221 632 1115 632 1115 573 1262 562"/></Shape>
          <TextLine ID="eSc_line_9897bbfc"
                    BASELINE="1128 621 1189 625" 
                    HPOS="1128"
                    VPOS="621"
                    WIDTH="61"
                    HEIGHT="4">
	    <String CONTENT=""
                    HPOS="1128"
                    VPOS="621"
                    WIDTH="61"
                    HEIGHT="4"></String>
          </TextLine>
        </TextBlock>
        <TextBlock HPOS="304"
                   VPOS="1726"
                   WIDTH="808"
                   HEIGHT="165"
                   ID="region_1719563232736_407"
                   TAGREFS="BT3208">
          <Shape><Polygon POINTS="1091 1891 304 1891 304 1729 1112 1726"/></Shape>
          <TextLine ID="eSc_line_348ca5be"
                    BASELINE="329 1816 1080 1804" 
                    HPOS="329"
                    VPOS="1804"
                    WIDTH="751"
                    HEIGHT="12">
	    <String CONTENT=""
                    HPOS="329"
                    VPOS="1804"
                    WIDTH="751"
                    HEIGHT="12"></String>
          </TextLine>
          <TextLine ID="eSc_line_f8635f99"
                    BASELINE="413 1881 1001 1875" 
                    HPOS="413"
                    VPOS="1875"
                    WIDTH="588"
                    HEIGHT="6">
	    <String CONTENT=""
                    HPOS="413"
                    VPOS="1875"
                    WIDTH="588"
                    HEIGHT="6"></String>
          </TextLine>
        </TextBlock>
        <TextBlock HPOS="712"
                   VPOS="1627"
                   WIDTH="134"
                   HEIGHT="76"
                   ID="region_1719563214943_401"
                   TAGREFS="BT3208">
          <Shape><Polygon POINTS="828 1682 712 1703 712 1627 846 1627"/></Shape>
          <TextLine ID="eSc_line_28bfed6c"
                    BASELINE="729 1682 813 1682" 
                    HPOS="729"
                    VPOS="1682"
                    WIDTH="84"
                    HEIGHT="0">
	    <String CONTENT=""
                    HPOS="729"
                    VPOS="1682"
                    WIDTH="84"
                    HEIGHT="0"></String>
          </TextLine>
        </TextBlock>
        <TextBlock HPOS="194"
                   VPOS="1902"
                   WIDTH="1061"
                   HEIGHT="476"
                   ID="region_1719563240823_413"
                   TAGREFS="BT3210">
          <Shape><Polygon POINTS="1255 2360 194 2378 197 2030 204 1997 246 1997 245 1902 1255 1908"/></Shape>
          <TextLine ID="eSc_line_c8d3e0e8"
                    BASELINE="250 1952 1046 1943" 
                    HPOS="250"
                    VPOS="1943"
                    WIDTH="796"
                    HEIGHT="9">
	    <String CONTENT=""
                    HPOS="250"
                    VPOS="1943"
                    WIDTH="796"
                    HEIGHT="9"></String>
          </TextLine>
          <TextLine ID="eSc_line_960c505a"
                    BASELINE="247 2010 1127 1997" 
                    HPOS="247"
                    VPOS="1997"
                    WIDTH="880"
                    HEIGHT="13">
	    <String CONTENT=""
                    HPOS="247"
                    VPOS="1997"
                    WIDTH="880"
                    HEIGHT="13"></String>
          </TextLine>
          <TextLine ID="eSc_line_efebbf72"
                    BASELINE="202 2073 1047 2063" 
                    HPOS="202"
                    VPOS="2063"
                    WIDTH="845"
                    HEIGHT="10">
	    <String CONTENT=""
                    HPOS="202"
                    VPOS="2063"
                    WIDTH="845"
                    HEIGHT="10"></String>
          </TextLine>
          <TextLine ID="eSc_line_17224b0a"
                    BASELINE="211 2131 1155 2123" 
                    HPOS="211"
                    VPOS="2123"
                    WIDTH="944"
                    HEIGHT="8">
	    <String CONTENT=""
                    HPOS="211"
                    VPOS="2123"
                    WIDTH="944"
                    HEIGHT="8"></String>
          </TextLine>
          <TextLine ID="eSc_line_3e3d0eea"
                    BASELINE="219 2192 1219 2177" 
                    HPOS="219"
                    VPOS="2177"
                    WIDTH="1000"
                    HEIGHT="15">
	    <String CONTENT=""
                    HPOS="219"
                    VPOS="2177"
                    WIDTH="1000"
                    HEIGHT="15"></String>
          </TextLine>
          <TextLine ID="eSc_line_c8ace0d2"
                    BASELINE="211 2246 1200 2231" 
                    HPOS="211"
                    VPOS="2231"
                    WIDTH="989"
                    HEIGHT="15">
	    <String CONTENT=""
                    HPOS="211"
                    VPOS="2231"
                    WIDTH="989"
                    HEIGHT="15"></String>
          </TextLine>
          <TextLine ID="eSc_line_03c71f9e"
                    BASELINE="207 2308 1166 2296" 
                    HPOS="207"
                    VPOS="2296"
                    WIDTH="959"
                    HEIGHT="12">
	    <String CONTENT=""
                    HPOS="207"
                    VPOS="2296"
                    WIDTH="959"
                    HEIGHT="12"></String>
          </TextLine>
          <TextLine ID="eSc_line_54242774"
                    BASELINE="209 2370 1198 2353" 
                    HPOS="209"
                    VPOS="2353"
                    WIDTH="989"
                    HEIGHT="17">
	    <String CONTENT=""
                    HPOS="209"
                    VPOS="2353"
                    WIDTH="989"
                    HEIGHT="17"></String>
          </TextLine>
        </TextBlock>
        <TextBlock HPOS="1115"
                   VPOS="1627"
                   WIDTH="153"
                   HEIGHT="62"
                   ID="region_1719563217901_404"
                   TAGREFS="BT3208">
          <Shape><Polygon POINTS="1242 1689 1115 1689 1115 1632 1268 1627"/></Shape>
          <TextLine ID="eSc_line_f0ef6950"
                    BASELINE="1126 1670 1202 1671" 
                    HPOS="1126"
                    VPOS="1670"
                    WIDTH="76"
                    HEIGHT="1">
	    <String CONTENT=""
                    HPOS="1126"
                    VPOS="1670"
                    WIDTH="76"
                    HEIGHT="1"></String>
          </TextLine>
        </TextBlock>
        <TextBlock HPOS="1137"
                   VPOS="2365"
                   WIDTH="123"
                   HEIGHT="61"
                   ID="region_1719563245541_416"
                   TAGREFS="BT3208">
          <Shape><Polygon POINTS="1260 2426 1137 2419 1137 2365 1226 2365"/></Shape>
          <TextLine ID="eSc_line_a9209239"
                    BASELINE="1149 2414 1240 2411" 
                    HPOS="1149"
                    VPOS="2411"
                    WIDTH="91"
                    HEIGHT="3">
	    <String CONTENT=""
                    HPOS="1149"
                    VPOS="2411"
                    WIDTH="91"
                    HEIGHT="3"></String>
          </TextLine>
        </TextBlock>
        <TextBlock HPOS="164"
                   VPOS="833"
                   WIDTH="101"
                   HEIGHT="136"
                   ID="region_1719563205433_395"
                   TAGREFS="BT3210">
          <Shape><Polygon POINTS="265 968 186 969 164 833 264 842"/></Shape>
        </TextBlock>
        <TextBlock HPOS="205"
                   VPOS="1903"
                   WIDTH="38"
                   HEIGHT="86"
                   ID="region_1719563235390_410"
                   TAGREFS="BT3210">
          <Shape><Polygon POINTS="243 1987 205 1989 205 1905 243 1903"/></Shape>
        </TextBlock>
      </PrintSpace>
    </Page>
  </Layout>
</alto>
