<?xml version="1.0" encoding="UTF-8"?>
<alto xmlns:xsi="http://www.w3.org/2001/XMLSchema-instance"
      xmlns="http://www.loc.gov/standards/alto/ns-v4#"
      xsi:schemaLocation="http://www.loc.gov/standards/alto/ns-v4# http://www.loc.gov/standards/alto/v4/alto-4-2.xsd">
  <Description>
    <MeasurementUnit>pixel</MeasurementUnit>
    <sourceImageInformation>
      <fileName>1769,_Saemtliche_Poetische_Werke,_Bohn,_4._Aufl.,_Bd._3,_VD18_90481127_Seite_031_Bild_0001.jpg</fileName>
    </sourceImageInformation>
  </Description>
  <Tags>
    <OtherTag ID="BT1" LABEL="Title" DESCRIPTION="block type Title"/><OtherTag ID="BT2" LABEL="Main" DESCRIPTION="block type Main"/><OtherTag ID="BT3" LABEL="Commentary" DESCRIPTION="block type Commentary"/><OtherTag ID="BT4" LABEL="Illustration" DESCRIPTION="block type Illustration"/><OtherTag ID="BT3208" LABEL="heading" DESCRIPTION="block type heading"/><OtherTag ID="BT3209" LABEL="header" DESCRIPTION="block type header"/><OtherTag ID="BT3210" LABEL="paragraph" DESCRIPTION="block type paragraph"/><OtherTag ID="BT3211" LABEL="l-column" DESCRIPTION="block type l-column"/><OtherTag ID="BT3212" LABEL="r-column" DESCRIPTION="block type r-column"/><OtherTag ID="BT3213" LABEL="footnote" DESCRIPTION="block type footnote"/><OtherTag ID="BT3214" LABEL="marginalia" DESCRIPTION="block type marginalia"/><OtherTag ID="BT3215" LABEL="catch-word" DESCRIPTION="block type catch-word"/><OtherTag ID="BT3216" LABEL="column" DESCRIPTION="block type column"/>
  </Tags>
  <Layout>
    <Page WIDTH="1971"
          HEIGHT="2897"
          PHYSICAL_IMG_NR="33"
          ID="eSc_dummypage_">
      <PrintSpace HPOS="0"
                  VPOS="0"
                  WIDTH="1971"
                  HEIGHT="2897">
        <TextBlock HPOS="199"
                   VPOS="630"
                   WIDTH="1108"
                   HEIGHT="832"
                   ID="region_1724839657406_398"
                   TAGREFS="BT3210">
          <Shape><Polygon POINTS="1307 1442 199 1462 199 630 1306 630"/></Shape>
          <TextLine ID="eSc_line_513564cc"
                    BASELINE="221 716 1244 704" 
                    HPOS="221"
                    VPOS="704"
                    WIDTH="1023"
                    HEIGHT="12">
	    <String CONTENT=""
                    HPOS="221"
                    VPOS="704"
                    WIDTH="1023"
                    HEIGHT="12"></String>
          </TextLine>
          <TextLine ID="eSc_line_8a8267c9"
                    BASELINE="224 796 1240 777" 
                    HPOS="224"
                    VPOS="777"
                    WIDTH="1016"
                    HEIGHT="19">
	    <String CONTENT=""
                    HPOS="224"
                    VPOS="777"
                    WIDTH="1016"
                    HEIGHT="19"></String>
          </TextLine>
          <TextLine ID="eSc_line_d6cf2676"
                    BASELINE="228 880 1239 877" 
                    HPOS="228"
                    VPOS="877"
                    WIDTH="1011"
                    HEIGHT="3">
	    <String CONTENT=""
                    HPOS="228"
                    VPOS="877"
                    WIDTH="1011"
                    HEIGHT="3"></String>
          </TextLine>
          <TextLine ID="eSc_line_425247dc"
                    BASELINE="219 969 1250 961" 
                    HPOS="219"
                    VPOS="961"
                    WIDTH="1031"
                    HEIGHT="8">
	    <String CONTENT=""
                    HPOS="219"
                    VPOS="961"
                    WIDTH="1031"
                    HEIGHT="8"></String>
          </TextLine>
          <TextLine ID="eSc_line_11d70747"
                    BASELINE="222 1049 1253 1037" 
                    HPOS="222"
                    VPOS="1037"
                    WIDTH="1031"
                    HEIGHT="12">
	    <String CONTENT=""
                    HPOS="222"
                    VPOS="1037"
                    WIDTH="1031"
                    HEIGHT="12"></String>
          </TextLine>
          <TextLine ID="eSc_line_56ee2c8c"
                    BASELINE="227 1131 1254 1120" 
                    HPOS="227"
                    VPOS="1120"
                    WIDTH="1027"
                    HEIGHT="11">
	    <String CONTENT=""
                    HPOS="227"
                    VPOS="1120"
                    WIDTH="1027"
                    HEIGHT="11"></String>
          </TextLine>
          <TextLine ID="eSc_line_3a2d0d9b"
                    BASELINE="229 1213 1258 1203" 
                    HPOS="229"
                    VPOS="1203"
                    WIDTH="1029"
                    HEIGHT="10">
	    <String CONTENT=""
                    HPOS="229"
                    VPOS="1203"
                    WIDTH="1029"
                    HEIGHT="10"></String>
          </TextLine>
          <TextLine ID="eSc_line_5c876120"
                    BASELINE="222 1292 1260 1292" 
                    HPOS="222"
                    VPOS="1292"
                    WIDTH="1038"
                    HEIGHT="0">
	    <String CONTENT=""
                    HPOS="222"
                    VPOS="1292"
                    WIDTH="1038"
                    HEIGHT="0"></String>
          </TextLine>
          <TextLine ID="eSc_line_0f08fa0f"
                    BASELINE="221 1369 1268 1367" 
                    HPOS="221"
                    VPOS="1367"
                    WIDTH="1047"
                    HEIGHT="2">
	    <String CONTENT=""
                    HPOS="221"
                    VPOS="1367"
                    WIDTH="1047"
                    HEIGHT="2"></String>
          </TextLine>
          <TextLine ID="eSc_line_843c0647"
                    BASELINE="237 1454 1258 1441" 
                    HPOS="237"
                    VPOS="1441"
                    WIDTH="1021"
                    HEIGHT="13">
	    <String CONTENT=""
                    HPOS="237"
                    VPOS="1441"
                    WIDTH="1021"
                    HEIGHT="13"></String>
          </TextLine>
        </TextBlock>
        <TextBlock HPOS="569"
                   VPOS="530"
                   WIDTH="323"
                   HEIGHT="66"
                   ID="region_1724839651786_392"
                   TAGREFS="BT3209">
          <Shape><Polygon POINTS="879 596 569 596 569 530 892 535"/></Shape>
          <TextLine ID="eSc_line_a5407c15"
                    BASELINE="585 591 862 590" 
                    HPOS="585"
                    VPOS="590"
                    WIDTH="277"
                    HEIGHT="1">
	    <String CONTENT=""
                    HPOS="585"
                    VPOS="590"
                    WIDTH="277"
                    HEIGHT="1"></String>
          </TextLine>
        </TextBlock>
        <TextBlock HPOS="1098"
                   VPOS="549"
                   WIDTH="159"
                   HEIGHT="50"
                   ID="region_1724839654017_395"
                   TAGREFS="BT3208">
          <Shape><Polygon POINTS="1257 599 1098 599 1098 550 1244 549"/></Shape>
          <TextLine ID="eSc_line_ccf7e60a"
                    BASELINE="1110 593 1232 594" 
                    HPOS="1110"
                    VPOS="593"
                    WIDTH="122"
                    HEIGHT="1">
	    <String CONTENT=""
                    HPOS="1110"
                    VPOS="593"
                    WIDTH="122"
                    HEIGHT="1"></String>
          </TextLine>
        </TextBlock>
        <TextBlock HPOS="189"
                   VPOS="1602"
                   WIDTH="543"
                   HEIGHT="777"
                   ID="region_1724839668974_404"
                   TAGREFS="BT3211">
          <Shape><Polygon POINTS="732 2371 189 2379 201 1603 732 1602"/></Shape>
          <TextLine ID="eSc_line_01eff9be"
                    BASELINE="231 1665 723 1657" 
                    HPOS="231"
                    VPOS="1657"
                    WIDTH="492"
                    HEIGHT="8">
	    <String CONTENT=""
                    HPOS="231"
                    VPOS="1657"
                    WIDTH="492"
                    HEIGHT="8"></String>
          </TextLine>
          <TextLine ID="eSc_line_e9134c11"
                    BASELINE="234 1719 724 1716" 
                    HPOS="234"
                    VPOS="1716"
                    WIDTH="490"
                    HEIGHT="3">
	    <String CONTENT=""
                    HPOS="234"
                    VPOS="1716"
                    WIDTH="490"
                    HEIGHT="3"></String>
          </TextLine>
          <TextLine ID="eSc_line_42c62a3a"
                    BASELINE="224 1774 719 1778" 
                    HPOS="224"
                    VPOS="1774"
                    WIDTH="495"
                    HEIGHT="4">
	    <String CONTENT=""
                    HPOS="224"
                    VPOS="1774"
                    WIDTH="495"
                    HEIGHT="4"></String>
          </TextLine>
          <TextLine ID="eSc_line_de27d23d"
                    BASELINE="217 1824 721 1836" 
                    HPOS="217"
                    VPOS="1824"
                    WIDTH="504"
                    HEIGHT="12">
	    <String CONTENT=""
                    HPOS="217"
                    VPOS="1824"
                    WIDTH="504"
                    HEIGHT="12"></String>
          </TextLine>
          <TextLine ID="eSc_line_57be6682"
                    BASELINE="222 1885 714 1885" 
                    HPOS="222"
                    VPOS="1885"
                    WIDTH="492"
                    HEIGHT="0">
	    <String CONTENT=""
                    HPOS="222"
                    VPOS="1885"
                    WIDTH="492"
                    HEIGHT="0"></String>
          </TextLine>
          <TextLine ID="eSc_line_b21d97e8"
                    BASELINE="232 1934 724 1938" 
                    HPOS="232"
                    VPOS="1934"
                    WIDTH="492"
                    HEIGHT="4">
	    <String CONTENT=""
                    HPOS="232"
                    VPOS="1934"
                    WIDTH="492"
                    HEIGHT="4"></String>
          </TextLine>
          <TextLine ID="eSc_line_9d9e1a84"
                    BASELINE="229 1987 724 1991" 
                    HPOS="229"
                    VPOS="1987"
                    WIDTH="495"
                    HEIGHT="4">
	    <String CONTENT=""
                    HPOS="229"
                    VPOS="1987"
                    WIDTH="495"
                    HEIGHT="4"></String>
          </TextLine>
          <TextLine ID="eSc_line_14be9618"
                    BASELINE="227 2043 723 2044" 
                    HPOS="227"
                    VPOS="2043"
                    WIDTH="496"
                    HEIGHT="1">
	    <String CONTENT=""
                    HPOS="227"
                    VPOS="2043"
                    WIDTH="496"
                    HEIGHT="1"></String>
          </TextLine>
          <TextLine ID="eSc_line_0f2934e5"
                    BASELINE="227 2093 726 2098" 
                    HPOS="227"
                    VPOS="2093"
                    WIDTH="499"
                    HEIGHT="5">
	    <String CONTENT=""
                    HPOS="227"
                    VPOS="2093"
                    WIDTH="499"
                    HEIGHT="5"></String>
          </TextLine>
          <TextLine ID="eSc_line_f1f77cb2"
                    BASELINE="229 2146 721 2150" 
                    HPOS="229"
                    VPOS="2146"
                    WIDTH="492"
                    HEIGHT="4">
	    <String CONTENT=""
                    HPOS="229"
                    VPOS="2146"
                    WIDTH="492"
                    HEIGHT="4"></String>
          </TextLine>
          <TextLine ID="eSc_line_e1d1a279"
                    BASELINE="230 2197 725 2200" 
                    HPOS="230"
                    VPOS="2197"
                    WIDTH="495"
                    HEIGHT="3">
	    <String CONTENT=""
                    HPOS="230"
                    VPOS="2197"
                    WIDTH="495"
                    HEIGHT="3"></String>
          </TextLine>
          <TextLine ID="eSc_line_04516b68"
                    BASELINE="231 2243 728 2256" 
                    HPOS="231"
                    VPOS="2243"
                    WIDTH="497"
                    HEIGHT="13">
	    <String CONTENT=""
                    HPOS="231"
                    VPOS="2243"
                    WIDTH="497"
                    HEIGHT="13"></String>
          </TextLine>
          <TextLine ID="eSc_line_4aad72d2"
                    BASELINE="224 2298 733 2308" 
                    HPOS="224"
                    VPOS="2298"
                    WIDTH="509"
                    HEIGHT="10">
	    <String CONTENT=""
                    HPOS="224"
                    VPOS="2298"
                    WIDTH="509"
                    HEIGHT="10"></String>
          </TextLine>
          <TextLine ID="eSc_line_18c6e90f"
                    BASELINE="223 2356 727 2366" 
                    HPOS="223"
                    VPOS="2356"
                    WIDTH="504"
                    HEIGHT="10">
	    <String CONTENT=""
                    HPOS="223"
                    VPOS="2356"
                    WIDTH="504"
                    HEIGHT="10"></String>
          </TextLine>
        </TextBlock>
        <TextBlock HPOS="754"
                   VPOS="1590"
                   WIDTH="555"
                   HEIGHT="785"
                   ID="region_1724839672334_407"
                   TAGREFS="BT3212">
          <Shape><Polygon POINTS="1309 2372 754 2375 754 1590 1283 1590"/></Shape>
          <TextLine ID="eSc_line_0932e5e7"
                    BASELINE="759 1662 1255 1670" 
                    HPOS="759"
                    VPOS="1662"
                    WIDTH="496"
                    HEIGHT="8">
	    <String CONTENT=""
                    HPOS="759"
                    VPOS="1662"
                    WIDTH="496"
                    HEIGHT="8"></String>
          </TextLine>
          <TextLine ID="eSc_line_b67e2bcf"
                    BASELINE="755 1715 1259 1728" 
                    HPOS="755"
                    VPOS="1715"
                    WIDTH="504"
                    HEIGHT="13">
	    <String CONTENT=""
                    HPOS="755"
                    VPOS="1715"
                    WIDTH="504"
                    HEIGHT="13"></String>
          </TextLine>
          <TextLine ID="eSc_line_3b77de4e"
                    BASELINE="767 1790 1257 1790" 
                    HPOS="767"
                    VPOS="1790"
                    WIDTH="490"
                    HEIGHT="0">
	    <String CONTENT=""
                    HPOS="767"
                    VPOS="1790"
                    WIDTH="490"
                    HEIGHT="0"></String>
          </TextLine>
          <TextLine ID="eSc_line_e0eda986"
                    BASELINE="762 1831 1263 1838" 
                    HPOS="762"
                    VPOS="1831"
                    WIDTH="501"
                    HEIGHT="7">
	    <String CONTENT=""
                    HPOS="762"
                    VPOS="1831"
                    WIDTH="501"
                    HEIGHT="7"></String>
          </TextLine>
          <TextLine ID="eSc_line_3f9fe86d"
                    BASELINE="763 1884 1264 1895" 
                    HPOS="763"
                    VPOS="1884"
                    WIDTH="501"
                    HEIGHT="11">
	    <String CONTENT=""
                    HPOS="763"
                    VPOS="1884"
                    WIDTH="501"
                    HEIGHT="11"></String>
          </TextLine>
          <TextLine ID="eSc_line_247a8dd3"
                    BASELINE="760 1941 1272 1945" 
                    HPOS="760"
                    VPOS="1941"
                    WIDTH="512"
                    HEIGHT="4">
	    <String CONTENT=""
                    HPOS="760"
                    VPOS="1941"
                    WIDTH="512"
                    HEIGHT="4"></String>
          </TextLine>
          <TextLine ID="eSc_line_3b589f4e"
                    BASELINE="761 1994 1274 2000" 
                    HPOS="761"
                    VPOS="1994"
                    WIDTH="513"
                    HEIGHT="6">
	    <String CONTENT=""
                    HPOS="761"
                    VPOS="1994"
                    WIDTH="513"
                    HEIGHT="6"></String>
          </TextLine>
          <TextLine ID="eSc_line_31eda218"
                    BASELINE="761 2049 1259 2058" 
                    HPOS="761"
                    VPOS="2049"
                    WIDTH="498"
                    HEIGHT="9">
	    <String CONTENT=""
                    HPOS="761"
                    VPOS="2049"
                    WIDTH="498"
                    HEIGHT="9"></String>
          </TextLine>
          <TextLine ID="eSc_line_df16ab99"
                    BASELINE="763 2101 1265 2110" 
                    HPOS="763"
                    VPOS="2101"
                    WIDTH="502"
                    HEIGHT="9">
	    <String CONTENT=""
                    HPOS="763"
                    VPOS="2101"
                    WIDTH="502"
                    HEIGHT="9"></String>
          </TextLine>
          <TextLine ID="eSc_line_10c32e2a"
                    BASELINE="767 2152 1273 2157" 
                    HPOS="767"
                    VPOS="2152"
                    WIDTH="506"
                    HEIGHT="5">
	    <String CONTENT=""
                    HPOS="767"
                    VPOS="2152"
                    WIDTH="506"
                    HEIGHT="5"></String>
          </TextLine>
          <TextLine ID="eSc_line_4056ad07"
                    BASELINE="761 2205 1281 2214" 
                    HPOS="761"
                    VPOS="2205"
                    WIDTH="520"
                    HEIGHT="9">
	    <String CONTENT=""
                    HPOS="761"
                    VPOS="2205"
                    WIDTH="520"
                    HEIGHT="9"></String>
          </TextLine>
          <TextLine ID="eSc_line_e60b5280"
                    BASELINE="763 2257 1273 2263" 
                    HPOS="763"
                    VPOS="2257"
                    WIDTH="510"
                    HEIGHT="6">
	    <String CONTENT=""
                    HPOS="763"
                    VPOS="2257"
                    WIDTH="510"
                    HEIGHT="6"></String>
          </TextLine>
          <TextLine ID="eSc_line_592d9ea2"
                    BASELINE="768 2307 1265 2317" 
                    HPOS="768"
                    VPOS="2307"
                    WIDTH="497"
                    HEIGHT="10">
	    <String CONTENT=""
                    HPOS="768"
                    VPOS="2307"
                    WIDTH="497"
                    HEIGHT="10"></String>
          </TextLine>
          <TextLine ID="eSc_line_08928fa4"
                    BASELINE="772 2358 783 2356 809 2355 881 2358" 
                    HPOS="772"
                    VPOS="2355"
                    WIDTH="109"
                    HEIGHT="3">
	    <String CONTENT=""
                    HPOS="772"
                    VPOS="2355"
                    WIDTH="109"
                    HEIGHT="3"></String>
          </TextLine>
        </TextBlock>
        <TextBlock HPOS="1149"
                   VPOS="1471"
                   WIDTH="125"
                   HEIGHT="69"
                   ID="region_1724839659705_401"
                   TAGREFS="BT3208">
          <Shape><Polygon POINTS="1257 1540 1149 1532 1150 1471 1274 1471"/></Shape>
          <TextLine ID="eSc_line_ea292857"
                    BASELINE="1163 1521 1172 1524 1186 1528 1238 1529" 
                    HPOS="1163"
                    VPOS="1521"
                    WIDTH="75"
                    HEIGHT="8">
	    <String CONTENT=""
                    HPOS="1163"
                    VPOS="1521"
                    WIDTH="75"
                    HEIGHT="8"></String>
          </TextLine>
        </TextBlock>
      </PrintSpace>
    </Page>
  </Layout>
</alto>
