<?xml version="1.0" encoding="UTF-8"?>
<alto xmlns:xsi="http://www.w3.org/2001/XMLSchema-instance"
      xmlns="http://www.loc.gov/standards/alto/ns-v4#"
      xsi:schemaLocation="http://www.loc.gov/standards/alto/ns-v4# http://www.loc.gov/standards/alto/v4/alto-4-2.xsd">
  <Description>
    <MeasurementUnit>pixel</MeasurementUnit>
    <sourceImageInformation>
      <fileName>1769,_Saemtliche_Poetische_Werke,_Bohn,_4._Aufl.,_Bd._2,_VD18_90481100_Seite_027_Bild_0001.jpg</fileName>
    </sourceImageInformation>
  </Description>
  <Tags>
    <OtherTag ID="BT1" LABEL="Title" DESCRIPTION="block type Title"/><OtherTag ID="BT2" LABEL="Main" DESCRIPTION="block type Main"/><OtherTag ID="BT3" LABEL="Commentary" DESCRIPTION="block type Commentary"/><OtherTag ID="BT4" LABEL="Illustration" DESCRIPTION="block type Illustration"/><OtherTag ID="BT3208" LABEL="heading" DESCRIPTION="block type heading"/><OtherTag ID="BT3209" LABEL="header" DESCRIPTION="block type header"/><OtherTag ID="BT3210" LABEL="paragraph" DESCRIPTION="block type paragraph"/><OtherTag ID="BT3211" LABEL="l-column" DESCRIPTION="block type l-column"/><OtherTag ID="BT3212" LABEL="r-column" DESCRIPTION="block type r-column"/><OtherTag ID="BT3213" LABEL="footnote" DESCRIPTION="block type footnote"/><OtherTag ID="BT3214" LABEL="marginalia" DESCRIPTION="block type marginalia"/><OtherTag ID="BT3215" LABEL="catch-word" DESCRIPTION="block type catch-word"/><OtherTag ID="BT3216" LABEL="column" DESCRIPTION="block type column"/>
  </Tags>
  <Layout>
    <Page WIDTH="1873"
          HEIGHT="2869"
          PHYSICAL_IMG_NR="29"
          ID="eSc_dummypage_">
      <PrintSpace HPOS="0"
                  VPOS="0"
                  WIDTH="1873"
                  HEIGHT="2869">
        <TextBlock HPOS="354"
                   VPOS="615"
                   WIDTH="754"
                   HEIGHT="87"
                   ID="region_1719563725801_517"
                   TAGREFS="BT3208">
          <Shape><Polygon POINTS="1083 702 354 702 354 615 1108 621"/></Shape>
          <TextLine ID="eSc_line_50164772"
                    BASELINE="379 696 1061 696" 
                    HPOS="379"
                    VPOS="696"
                    WIDTH="682"
                    HEIGHT="0">
	    <String CONTENT=""
                    HPOS="379"
                    VPOS="696"
                    WIDTH="682"
                    HEIGHT="0"></String>
          </TextLine>
        </TextBlock>
        <TextBlock HPOS="572"
                   VPOS="510"
                   WIDTH="324"
                   HEIGHT="81"
                   ID="region_1719563715697_511"
                   TAGREFS="BT3209">
          <Shape><Polygon POINTS="861 591 574 591 572 510 896 511"/></Shape>
          <TextLine ID="eSc_line_c51ae1ec"
                    BASELINE="585 580 849 583" 
                    HPOS="585"
                    VPOS="580"
                    WIDTH="264"
                    HEIGHT="3">
	    <String CONTENT=""
                    HPOS="585"
                    VPOS="580"
                    WIDTH="264"
                    HEIGHT="3"></String>
          </TextLine>
        </TextBlock>
        <TextBlock HPOS="209"
                   VPOS="722"
                   WIDTH="1068"
                   HEIGHT="1459"
                   ID="region_1719563737385_523"
                   TAGREFS="BT3210">
          <Shape><Polygon POINTS="1276 2181 212 2181 213 934 209 882 305 882 302 741 1277 722"/></Shape>
          <TextLine ID="eSc_line_d0b13da7"
                    BASELINE="305 802 1217 794" 
                    HPOS="305"
                    VPOS="794"
                    WIDTH="912"
                    HEIGHT="8">
	    <String CONTENT=""
                    HPOS="305"
                    VPOS="794"
                    WIDTH="912"
                    HEIGHT="8"></String>
          </TextLine>
          <TextLine ID="eSc_line_a04d45db"
                    BASELINE="325 873 1241 861" 
                    HPOS="325"
                    VPOS="861"
                    WIDTH="916"
                    HEIGHT="12">
	    <String CONTENT=""
                    HPOS="325"
                    VPOS="861"
                    WIDTH="916"
                    HEIGHT="12"></String>
          </TextLine>
          <TextLine ID="eSc_line_6a6f5734"
                    BASELINE="812 919 968 917" 
                    HPOS="812"
                    VPOS="917"
                    WIDTH="156"
                    HEIGHT="2">
	    <String CONTENT=""
                    HPOS="812"
                    VPOS="917"
                    WIDTH="156"
                    HEIGHT="2"></String>
          </TextLine>
          <TextLine ID="eSc_line_1107625d"
                    BASELINE="232 1004 1234 986" 
                    HPOS="232"
                    VPOS="986"
                    WIDTH="1002"
                    HEIGHT="18">
	    <String CONTENT=""
                    HPOS="232"
                    VPOS="986"
                    WIDTH="1002"
                    HEIGHT="18"></String>
          </TextLine>
          <TextLine ID="eSc_line_12a26d60"
                    BASELINE="232 1064 1242 1057" 
                    HPOS="232"
                    VPOS="1057"
                    WIDTH="1010"
                    HEIGHT="7">
	    <String CONTENT=""
                    HPOS="232"
                    VPOS="1057"
                    WIDTH="1010"
                    HEIGHT="7"></String>
          </TextLine>
          <TextLine ID="eSc_line_7ed014d8"
                    BASELINE="233 1130 1184 1119" 
                    HPOS="233"
                    VPOS="1119"
                    WIDTH="951"
                    HEIGHT="11">
	    <String CONTENT=""
                    HPOS="233"
                    VPOS="1119"
                    WIDTH="951"
                    HEIGHT="11"></String>
          </TextLine>
          <TextLine ID="eSc_line_e9508341"
                    BASELINE="223 1197 1221 1189" 
                    HPOS="223"
                    VPOS="1189"
                    WIDTH="998"
                    HEIGHT="8">
	    <String CONTENT=""
                    HPOS="223"
                    VPOS="1189"
                    WIDTH="998"
                    HEIGHT="8"></String>
          </TextLine>
          <TextLine ID="eSc_line_078a5f97"
                    BASELINE="225 1261 1256 1248" 
                    HPOS="225"
                    VPOS="1248"
                    WIDTH="1031"
                    HEIGHT="13">
	    <String CONTENT=""
                    HPOS="225"
                    VPOS="1248"
                    WIDTH="1031"
                    HEIGHT="13"></String>
          </TextLine>
          <TextLine ID="eSc_line_7dbcc88c"
                    BASELINE="224 1325 1249 1312" 
                    HPOS="224"
                    VPOS="1312"
                    WIDTH="1025"
                    HEIGHT="13">
	    <String CONTENT=""
                    HPOS="224"
                    VPOS="1312"
                    WIDTH="1025"
                    HEIGHT="13"></String>
          </TextLine>
          <TextLine ID="eSc_line_121ee03c"
                    BASELINE="233 1386 1244 1377" 
                    HPOS="233"
                    VPOS="1377"
                    WIDTH="1011"
                    HEIGHT="9">
	    <String CONTENT=""
                    HPOS="233"
                    VPOS="1377"
                    WIDTH="1011"
                    HEIGHT="9"></String>
          </TextLine>
          <TextLine ID="eSc_line_6dd2d706"
                    BASELINE="859 1447 1019 1442" 
                    HPOS="859"
                    VPOS="1442"
                    WIDTH="160"
                    HEIGHT="5">
	    <String CONTENT=""
                    HPOS="859"
                    VPOS="1442"
                    WIDTH="160"
                    HEIGHT="5"></String>
          </TextLine>
          <TextLine ID="eSc_line_fab0a051"
                    BASELINE="230 1524 1239 1517" 
                    HPOS="230"
                    VPOS="1517"
                    WIDTH="1009"
                    HEIGHT="7">
	    <String CONTENT=""
                    HPOS="230"
                    VPOS="1517"
                    WIDTH="1009"
                    HEIGHT="7"></String>
          </TextLine>
          <TextLine ID="eSc_line_0bd6db3e"
                    BASELINE="230 1592 1205 1591" 
                    HPOS="230"
                    VPOS="1591"
                    WIDTH="975"
                    HEIGHT="1">
	    <String CONTENT=""
                    HPOS="230"
                    VPOS="1591"
                    WIDTH="975"
                    HEIGHT="1"></String>
          </TextLine>
          <TextLine ID="eSc_line_53ad10ef"
                    BASELINE="231 1658 1260 1652" 
                    HPOS="231"
                    VPOS="1652"
                    WIDTH="1029"
                    HEIGHT="6">
	    <String CONTENT=""
                    HPOS="231"
                    VPOS="1652"
                    WIDTH="1029"
                    HEIGHT="6"></String>
          </TextLine>
          <TextLine ID="eSc_line_f31ab225"
                    BASELINE="233 1717 1255 1721" 
                    HPOS="233"
                    VPOS="1717"
                    WIDTH="1022"
                    HEIGHT="4">
	    <String CONTENT=""
                    HPOS="233"
                    VPOS="1717"
                    WIDTH="1022"
                    HEIGHT="4"></String>
          </TextLine>
          <TextLine ID="eSc_line_04554698"
                    BASELINE="224 1793 1239 1792" 
                    HPOS="224"
                    VPOS="1792"
                    WIDTH="1015"
                    HEIGHT="1">
	    <String CONTENT=""
                    HPOS="224"
                    VPOS="1792"
                    WIDTH="1015"
                    HEIGHT="1"></String>
          </TextLine>
          <TextLine ID="eSc_line_7eae3243"
                    BASELINE="217 1858 1262 1855" 
                    HPOS="217"
                    VPOS="1855"
                    WIDTH="1045"
                    HEIGHT="3">
	    <String CONTENT=""
                    HPOS="217"
                    VPOS="1855"
                    WIDTH="1045"
                    HEIGHT="3"></String>
          </TextLine>
          <TextLine ID="eSc_line_907c4a9a"
                    BASELINE="224 1922 1250 1924" 
                    HPOS="224"
                    VPOS="1922"
                    WIDTH="1026"
                    HEIGHT="2">
	    <String CONTENT=""
                    HPOS="224"
                    VPOS="1922"
                    WIDTH="1026"
                    HEIGHT="2"></String>
          </TextLine>
          <TextLine ID="eSc_line_9b2d639a"
                    BASELINE="245 1995 1254 1989" 
                    HPOS="245"
                    VPOS="1989"
                    WIDTH="1009"
                    HEIGHT="6">
	    <String CONTENT=""
                    HPOS="245"
                    VPOS="1989"
                    WIDTH="1009"
                    HEIGHT="6"></String>
          </TextLine>
          <TextLine ID="eSc_line_40c5bac8"
                    BASELINE="252 2119 1264 2113" 
                    HPOS="252"
                    VPOS="2113"
                    WIDTH="1012"
                    HEIGHT="6">
	    <String CONTENT=""
                    HPOS="252"
                    VPOS="2113"
                    WIDTH="1012"
                    HEIGHT="6"></String>
          </TextLine>
          <TextLine ID="eSc_line_24999112"
                    BASELINE="819 2058 1137 2063" 
                    HPOS="819"
                    VPOS="2058"
                    WIDTH="318"
                    HEIGHT="5">
	    <String CONTENT=""
                    HPOS="819"
                    VPOS="2058"
                    WIDTH="318"
                    HEIGHT="5"></String>
          </TextLine>
          <TextLine ID="eSc_line_43d6b4d8"
                    BASELINE="842 2178 990 2178" 
                    HPOS="842"
                    VPOS="2178"
                    WIDTH="148"
                    HEIGHT="0">
	    <String CONTENT=""
                    HPOS="842"
                    VPOS="2178"
                    WIDTH="148"
                    HEIGHT="0"></String>
          </TextLine>
        </TextBlock>
        <TextBlock HPOS="1165"
                   VPOS="511"
                   WIDTH="83"
                   HEIGHT="87"
                   ID="region_1719563721597_514"
                   TAGREFS="BT3208">
          <Shape><Polygon POINTS="1248 594 1165 598 1165 511 1232 511"/></Shape>
          <TextLine ID="eSc_line_8a2a0be4"
                    BASELINE="1180 579 1225 580" 
                    HPOS="1180"
                    VPOS="579"
                    WIDTH="45"
                    HEIGHT="1">
	    <String CONTENT=""
                    HPOS="1180"
                    VPOS="579"
                    WIDTH="45"
                    HEIGHT="1"></String>
          </TextLine>
        </TextBlock>
        <TextBlock HPOS="195"
                   VPOS="2282"
                   WIDTH="560"
                   HEIGHT="157"
                   ID="region_1719563755921_535"
                   TAGREFS="BT3211">
          <Shape><Polygon POINTS="755 2425 195 2439 224 2282 755 2282"/></Shape>
          <TextLine ID="eSc_line_3ea39bdf"
                    BASELINE="265 2328 740 2331" 
                    HPOS="265"
                    VPOS="2328"
                    WIDTH="475"
                    HEIGHT="3">
	    <String CONTENT=""
                    HPOS="265"
                    VPOS="2328"
                    WIDTH="475"
                    HEIGHT="3"></String>
          </TextLine>
          <TextLine ID="eSc_line_60ca3da7"
                    BASELINE="252 2370 743 2371" 
                    HPOS="252"
                    VPOS="2370"
                    WIDTH="491"
                    HEIGHT="1">
	    <String CONTENT=""
                    HPOS="252"
                    VPOS="2370"
                    WIDTH="491"
                    HEIGHT="1"></String>
          </TextLine>
          <TextLine ID="eSc_line_10edb07f"
                    BASELINE="249 2413 749 2418" 
                    HPOS="249"
                    VPOS="2413"
                    WIDTH="500"
                    HEIGHT="5">
	    <String CONTENT=""
                    HPOS="249"
                    VPOS="2413"
                    WIDTH="500"
                    HEIGHT="5"></String>
          </TextLine>
        </TextBlock>
        <TextBlock HPOS="695"
                   VPOS="2194"
                   WIDTH="190"
                   HEIGHT="55"
                   ID="region_1719563741353_526"
                   TAGREFS="BT3208">
          <Shape><Polygon POINTS="885 2244 725 2249 695 2194 822 2196"/></Shape>
          <TextLine ID="eSc_line_16bd37aa"
                    BASELINE="732 2243 814 2246" 
                    HPOS="732"
                    VPOS="2243"
                    WIDTH="82"
                    HEIGHT="3">
	    <String CONTENT=""
                    HPOS="732"
                    VPOS="2243"
                    WIDTH="82"
                    HEIGHT="3"></String>
          </TextLine>
        </TextBlock>
        <TextBlock HPOS="760"
                   VPOS="2274"
                   WIDTH="526"
                   HEIGHT="139"
                   ID="region_1719563759729_538"
                   TAGREFS="BT3212">
          <Shape><Polygon POINTS="1286 2413 760 2409 760 2274 1286 2278"/></Shape>
          <TextLine ID="eSc_line_0434c790"
                    BASELINE="771 2328 1267 2330" 
                    HPOS="771"
                    VPOS="2328"
                    WIDTH="496"
                    HEIGHT="2">
	    <String CONTENT=""
                    HPOS="771"
                    VPOS="2328"
                    WIDTH="496"
                    HEIGHT="2"></String>
          </TextLine>
          <TextLine ID="eSc_line_c5212836"
                    BASELINE="769 2376 1216 2379" 
                    HPOS="769"
                    VPOS="2376"
                    WIDTH="447"
                    HEIGHT="3">
	    <String CONTENT=""
                    HPOS="769"
                    VPOS="2376"
                    WIDTH="447"
                    HEIGHT="3"></String>
          </TextLine>
        </TextBlock>
        <TextBlock HPOS="1170"
                   VPOS="2191"
                   WIDTH="133"
                   HEIGHT="60"
                   ID="region_1719563743797_529"
                   TAGREFS="BT3208">
          <Shape><Polygon POINTS="1272 2251 1170 2250 1170 2191 1303 2199"/></Shape>
          <TextLine ID="eSc_line_182bc891"
                    BASELINE="1186 2243 1267 2244" 
                    HPOS="1186"
                    VPOS="2243"
                    WIDTH="81"
                    HEIGHT="1">
	    <String CONTENT=""
                    HPOS="1186"
                    VPOS="2243"
                    WIDTH="81"
                    HEIGHT="1"></String>
          </TextLine>
        </TextBlock>
        <TextBlock HPOS="194"
                   VPOS="742"
                   WIDTH="108"
                   HEIGHT="132"
                   ID="region_1719563729729_520"
                   TAGREFS="BT3210">
          <Shape><Polygon POINTS="302 872 210 874 194 745 302 742"/></Shape>
        </TextBlock>
      </PrintSpace>
    </Page>
  </Layout>
</alto>
