<?xml version="1.0" encoding="UTF-8"?>
<alto xmlns:xsi="http://www.w3.org/2001/XMLSchema-instance"
      xmlns="http://www.loc.gov/standards/alto/ns-v4#"
      xsi:schemaLocation="http://www.loc.gov/standards/alto/ns-v4# http://www.loc.gov/standards/alto/v4/alto-4-2.xsd">
  <Description>
    <MeasurementUnit>pixel</MeasurementUnit>
    <sourceImageInformation>
      <fileName>1769,_Saemtliche_Poetische_Werke,_Bohn,_4._Aufl.,_Bd._3,_VD18_90481127_Seite_240_Bild_0001.jpg</fileName>
    </sourceImageInformation>
  </Description>
  <Tags>
    <OtherTag ID="BT1" LABEL="Title" DESCRIPTION="block type Title"/><OtherTag ID="BT2" LABEL="Main" DESCRIPTION="block type Main"/><OtherTag ID="BT3" LABEL="Commentary" DESCRIPTION="block type Commentary"/><OtherTag ID="BT4" LABEL="Illustration" DESCRIPTION="block type Illustration"/><OtherTag ID="BT3208" LABEL="heading" DESCRIPTION="block type heading"/><OtherTag ID="BT3209" LABEL="header" DESCRIPTION="block type header"/><OtherTag ID="BT3210" LABEL="paragraph" DESCRIPTION="block type paragraph"/><OtherTag ID="BT3211" LABEL="l-column" DESCRIPTION="block type l-column"/><OtherTag ID="BT3212" LABEL="r-column" DESCRIPTION="block type r-column"/><OtherTag ID="BT3213" LABEL="footnote" DESCRIPTION="block type footnote"/><OtherTag ID="BT3214" LABEL="marginalia" DESCRIPTION="block type marginalia"/><OtherTag ID="BT3215" LABEL="catch-word" DESCRIPTION="block type catch-word"/><OtherTag ID="BT3216" LABEL="column" DESCRIPTION="block type column"/>
  </Tags>
  <Layout>
    <Page WIDTH="1971"
          HEIGHT="2897"
          PHYSICAL_IMG_NR="36"
          ID="eSc_dummypage_">
      <PrintSpace HPOS="0"
                  VPOS="0"
                  WIDTH="1971"
                  HEIGHT="2897">
        <TextBlock HPOS="812"
                   VPOS="589"
                   WIDTH="100"
                   HEIGHT="71"
                   ID="region_1724840129059_539"
                   TAGREFS="BT3208">
          <Shape><Polygon POINTS="912 643 812 660 812 589 912 589"/></Shape>
          <TextLine ID="eSc_line_f6ddd0fb"
                    BASELINE="825 643 893 641" 
                    HPOS="825"
                    VPOS="641"
                    WIDTH="68"
                    HEIGHT="2">
	    <String CONTENT=""
                    HPOS="825"
                    VPOS="641"
                    WIDTH="68"
                    HEIGHT="2"></String>
          </TextLine>
        </TextBlock>
        <TextBlock HPOS="781"
                   VPOS="675"
                   WIDTH="852"
                   HEIGHT="1304"
                   ID="region_1724840138059_545"
                   TAGREFS="BT3210">
          <Shape><Polygon POINTS="1633 1975 781 1979 781 675 1617 675"/></Shape>
          <TextLine ID="eSc_line_601e345a"
                    BASELINE="860 748 1571 746" 
                    HPOS="860"
                    VPOS="746"
                    WIDTH="711"
                    HEIGHT="2">
	    <String CONTENT=""
                    HPOS="860"
                    VPOS="746"
                    WIDTH="711"
                    HEIGHT="2"></String>
          </TextLine>
          <TextLine ID="eSc_line_41abfb4c"
                    BASELINE="823 822 1424 821" 
                    HPOS="823"
                    VPOS="821"
                    WIDTH="601"
                    HEIGHT="1">
	    <String CONTENT=""
                    HPOS="823"
                    VPOS="821"
                    WIDTH="601"
                    HEIGHT="1"></String>
          </TextLine>
          <TextLine ID="eSc_line_9e80dd83"
                    BASELINE="820 907 1502 905" 
                    HPOS="820"
                    VPOS="905"
                    WIDTH="682"
                    HEIGHT="2">
	    <String CONTENT=""
                    HPOS="820"
                    VPOS="905"
                    WIDTH="682"
                    HEIGHT="2"></String>
          </TextLine>
          <TextLine ID="eSc_line_06ec3d72"
                    BASELINE="814 974 1476 983" 
                    HPOS="814"
                    VPOS="974"
                    WIDTH="662"
                    HEIGHT="9">
	    <String CONTENT=""
                    HPOS="814"
                    VPOS="974"
                    WIDTH="662"
                    HEIGHT="9"></String>
          </TextLine>
          <TextLine ID="eSc_line_01d1f2d9"
                    BASELINE="816 1059 1508 1062" 
                    HPOS="816"
                    VPOS="1059"
                    WIDTH="692"
                    HEIGHT="3">
	    <String CONTENT=""
                    HPOS="816"
                    VPOS="1059"
                    WIDTH="692"
                    HEIGHT="3"></String>
          </TextLine>
          <TextLine ID="eSc_line_6035ebb1"
                    BASELINE="822 1134 1470 1135" 
                    HPOS="822"
                    VPOS="1134"
                    WIDTH="648"
                    HEIGHT="1">
	    <String CONTENT=""
                    HPOS="822"
                    VPOS="1134"
                    WIDTH="648"
                    HEIGHT="1"></String>
          </TextLine>
          <TextLine ID="eSc_line_a698288f"
                    BASELINE="819 1208 1604 1209" 
                    HPOS="819"
                    VPOS="1208"
                    WIDTH="785"
                    HEIGHT="1">
	    <String CONTENT=""
                    HPOS="819"
                    VPOS="1208"
                    WIDTH="785"
                    HEIGHT="1"></String>
          </TextLine>
          <TextLine ID="eSc_line_645f6cb4"
                    BASELINE="813 1290 1449 1301" 
                    HPOS="813"
                    VPOS="1290"
                    WIDTH="636"
                    HEIGHT="11">
	    <String CONTENT=""
                    HPOS="813"
                    VPOS="1290"
                    WIDTH="636"
                    HEIGHT="11"></String>
          </TextLine>
          <TextLine ID="eSc_line_c5425843"
                    BASELINE="805 1367 1555 1373" 
                    HPOS="805"
                    VPOS="1367"
                    WIDTH="750"
                    HEIGHT="6">
	    <String CONTENT=""
                    HPOS="805"
                    VPOS="1367"
                    WIDTH="750"
                    HEIGHT="6"></String>
          </TextLine>
          <TextLine ID="eSc_line_7ab2162a"
                    BASELINE="807 1444 1559 1450" 
                    HPOS="807"
                    VPOS="1444"
                    WIDTH="752"
                    HEIGHT="6">
	    <String CONTENT=""
                    HPOS="807"
                    VPOS="1444"
                    WIDTH="752"
                    HEIGHT="6"></String>
          </TextLine>
          <TextLine ID="eSc_line_be41cb42"
                    BASELINE="876 1572 1534 1580" 
                    HPOS="876"
                    VPOS="1572"
                    WIDTH="658"
                    HEIGHT="8">
	    <String CONTENT=""
                    HPOS="876"
                    VPOS="1572"
                    WIDTH="658"
                    HEIGHT="8"></String>
          </TextLine>
          <TextLine ID="eSc_line_fe8e5048"
                    BASELINE="816 1650 1447 1650" 
                    HPOS="816"
                    VPOS="1650"
                    WIDTH="631"
                    HEIGHT="0">
	    <String CONTENT=""
                    HPOS="816"
                    VPOS="1650"
                    WIDTH="631"
                    HEIGHT="0"></String>
          </TextLine>
          <TextLine ID="eSc_line_a3342f59"
                    BASELINE="816 1722 1456 1724" 
                    HPOS="816"
                    VPOS="1722"
                    WIDTH="640"
                    HEIGHT="2">
	    <String CONTENT=""
                    HPOS="816"
                    VPOS="1722"
                    WIDTH="640"
                    HEIGHT="2"></String>
          </TextLine>
          <TextLine ID="eSc_line_be88d2dd"
                    BASELINE="809 1804 1512 1799" 
                    HPOS="809"
                    VPOS="1799"
                    WIDTH="703"
                    HEIGHT="5">
	    <String CONTENT=""
                    HPOS="809"
                    VPOS="1799"
                    WIDTH="703"
                    HEIGHT="5"></String>
          </TextLine>
          <TextLine ID="eSc_line_5f8b63d8"
                    BASELINE="809 1883 1491 1883" 
                    HPOS="809"
                    VPOS="1883"
                    WIDTH="682"
                    HEIGHT="0">
	    <String CONTENT=""
                    HPOS="809"
                    VPOS="1883"
                    WIDTH="682"
                    HEIGHT="0"></String>
          </TextLine>
          <TextLine ID="eSc_line_3ce28bd1"
                    BASELINE="807 1963 1471 1970" 
                    HPOS="807"
                    VPOS="1963"
                    WIDTH="664"
                    HEIGHT="7">
	    <String CONTENT=""
                    HPOS="807"
                    VPOS="1963"
                    WIDTH="664"
                    HEIGHT="7"></String>
          </TextLine>
        </TextBlock>
        <TextBlock HPOS="1142"
                   VPOS="573"
                   WIDTH="420"
                   HEIGHT="75"
                   ID="region_1724840131398_542"
                   TAGREFS="BT3209">
          <Shape><Polygon POINTS="1534 648 1142 648 1142 573 1562 574"/></Shape>
          <TextLine ID="eSc_line_abbeabbd"
                    BASELINE="1154 643 1521 641" 
                    HPOS="1154"
                    VPOS="641"
                    WIDTH="367"
                    HEIGHT="2">
	    <String CONTENT=""
                    HPOS="1154"
                    VPOS="641"
                    WIDTH="367"
                    HEIGHT="2"></String>
          </TextLine>
        </TextBlock>
        <TextBlock HPOS="765"
                   VPOS="2092"
                   WIDTH="532"
                   HEIGHT="317"
                   ID="region_1724840152682_551"
                   TAGREFS="BT3211">
          <Shape><Polygon POINTS="1297 2409 765 2408 775 2092 1297 2092"/></Shape>
          <TextLine ID="eSc_line_aaa0ca2a"
                    BASELINE="829 2145 1289 2142" 
                    HPOS="829"
                    VPOS="2142"
                    WIDTH="460"
                    HEIGHT="3">
	    <String CONTENT=""
                    HPOS="829"
                    VPOS="2142"
                    WIDTH="460"
                    HEIGHT="3"></String>
          </TextLine>
          <TextLine ID="eSc_line_d361f8a4"
                    BASELINE="797 2188 1289 2186" 
                    HPOS="797"
                    VPOS="2186"
                    WIDTH="492"
                    HEIGHT="2">
	    <String CONTENT=""
                    HPOS="797"
                    VPOS="2186"
                    WIDTH="492"
                    HEIGHT="2"></String>
          </TextLine>
          <TextLine ID="eSc_line_1afa1d36"
                    BASELINE="796 2225 1287 2226" 
                    HPOS="796"
                    VPOS="2225"
                    WIDTH="491"
                    HEIGHT="1">
	    <String CONTENT=""
                    HPOS="796"
                    VPOS="2225"
                    WIDTH="491"
                    HEIGHT="1"></String>
          </TextLine>
          <TextLine ID="eSc_line_f7150967"
                    BASELINE="788 2266 1288 2272" 
                    HPOS="788"
                    VPOS="2266"
                    WIDTH="500"
                    HEIGHT="6">
	    <String CONTENT=""
                    HPOS="788"
                    VPOS="2266"
                    WIDTH="500"
                    HEIGHT="6"></String>
          </TextLine>
          <TextLine ID="eSc_line_3580c181"
                    BASELINE="798 2307 1288 2314" 
                    HPOS="798"
                    VPOS="2307"
                    WIDTH="490"
                    HEIGHT="7">
	    <String CONTENT=""
                    HPOS="798"
                    VPOS="2307"
                    WIDTH="490"
                    HEIGHT="7"></String>
          </TextLine>
          <TextLine ID="eSc_line_f7e96b2a"
                    BASELINE="796 2354 1293 2354" 
                    HPOS="796"
                    VPOS="2354"
                    WIDTH="497"
                    HEIGHT="0">
	    <String CONTENT=""
                    HPOS="796"
                    VPOS="2354"
                    WIDTH="497"
                    HEIGHT="0"></String>
          </TextLine>
          <TextLine ID="eSc_line_8557a7e3"
                    BASELINE="792 2399 1287 2404" 
                    HPOS="792"
                    VPOS="2399"
                    WIDTH="495"
                    HEIGHT="5">
	    <String CONTENT=""
                    HPOS="792"
                    VPOS="2399"
                    WIDTH="495"
                    HEIGHT="5"></String>
          </TextLine>
        </TextBlock>
        <TextBlock HPOS="1308"
                   VPOS="2092"
                   WIDTH="550"
                   HEIGHT="305"
                   ID="region_1724840157118_554"
                   TAGREFS="BT3212">
          <Shape><Polygon POINTS="1858 2397 1308 2387 1308 2092 1838 2092"/></Shape>
          <TextLine ID="eSc_line_7cb58781"
                    BASELINE="1316 2142 1810 2146" 
                    HPOS="1316"
                    VPOS="2142"
                    WIDTH="494"
                    HEIGHT="4">
	    <String CONTENT=""
                    HPOS="1316"
                    VPOS="2142"
                    WIDTH="494"
                    HEIGHT="4"></String>
          </TextLine>
          <TextLine ID="eSc_line_7cb6591c"
                    BASELINE="1310 2191 1817 2193" 
                    HPOS="1310"
                    VPOS="2191"
                    WIDTH="507"
                    HEIGHT="2">
	    <String CONTENT=""
                    HPOS="1310"
                    VPOS="2191"
                    WIDTH="507"
                    HEIGHT="2"></String>
          </TextLine>
          <TextLine ID="eSc_line_589ede82"
                    BASELINE="1308 2233 1830 2231" 
                    HPOS="1308"
                    VPOS="2231"
                    WIDTH="522"
                    HEIGHT="2">
	    <String CONTENT=""
                    HPOS="1308"
                    VPOS="2231"
                    WIDTH="522"
                    HEIGHT="2"></String>
          </TextLine>
          <TextLine ID="eSc_line_d4bf08a7"
                    BASELINE="1314 2277 1827 2282" 
                    HPOS="1314"
                    VPOS="2277"
                    WIDTH="513"
                    HEIGHT="5">
	    <String CONTENT=""
                    HPOS="1314"
                    VPOS="2277"
                    WIDTH="513"
                    HEIGHT="5"></String>
          </TextLine>
          <TextLine ID="eSc_line_942b030f"
                    BASELINE="1316 2369 1541 2370" 
                    HPOS="1316"
                    VPOS="2369"
                    WIDTH="225"
                    HEIGHT="1">
	    <String CONTENT=""
                    HPOS="1316"
                    VPOS="2369"
                    WIDTH="225"
                    HEIGHT="1"></String>
          </TextLine>
        </TextBlock>
        <TextBlock HPOS="1700"
                   VPOS="2014"
                   WIDTH="134"
                   HEIGHT="50"
                   ID="region_1724840145553_548"
                   TAGREFS="BT3208">
          <Shape><Polygon POINTS="1814 2064 1700 2064 1700 2014 1834 2016"/></Shape>
        </TextBlock>
        <TextBlock ID="eSc_dummyblock_">
          <TextLine ID="eSc_line_94e31c53"
                    BASELINE="1721 2066 1810 2062" 
                    HPOS="1721"
                    VPOS="2062"
                    WIDTH="89"
                    HEIGHT="4">
	    <String CONTENT=""
                    HPOS="1721"
                    VPOS="2062"
                    WIDTH="89"
                    HEIGHT="4"></String>
          </TextLine>
          <TextLine ID="eSc_line_9f6098dd"
                    BASELINE="1305 2320 1818 2331" 
                    HPOS="1305"
                    VPOS="2320"
                    WIDTH="513"
                    HEIGHT="11">
	    <String CONTENT=""
                    HPOS="1305"
                    VPOS="2320"
                    WIDTH="513"
                    HEIGHT="11"></String>
          </TextLine>
        </TextBlock>
      </PrintSpace>
    </Page>
  </Layout>
</alto>
