<?xml version="1.0" encoding="UTF-8"?>
<alto xmlns:xsi="http://www.w3.org/2001/XMLSchema-instance"
      xmlns="http://www.loc.gov/standards/alto/ns-v4#"
      xsi:schemaLocation="http://www.loc.gov/standards/alto/ns-v4# http://www.loc.gov/standards/alto/v4/alto-4-2.xsd">
  <Description>
    <MeasurementUnit>pixel</MeasurementUnit>
    <sourceImageInformation>
      <fileName>1769,_Saemtliche_Poetische_Werke,_Bohn,_4._Aufl.,_Bd._1,_VD18_90481097_Seite_073_Bild_0001.jpg</fileName>
    </sourceImageInformation>
  </Description>
  <Tags>
    <OtherTag ID="BT1" LABEL="Title" DESCRIPTION="block type Title"/><OtherTag ID="BT2" LABEL="Main" DESCRIPTION="block type Main"/><OtherTag ID="BT3" LABEL="Commentary" DESCRIPTION="block type Commentary"/><OtherTag ID="BT4" LABEL="Illustration" DESCRIPTION="block type Illustration"/><OtherTag ID="BT3208" LABEL="heading" DESCRIPTION="block type heading"/><OtherTag ID="BT3209" LABEL="header" DESCRIPTION="block type header"/><OtherTag ID="BT3210" LABEL="paragraph" DESCRIPTION="block type paragraph"/><OtherTag ID="BT3211" LABEL="l-column" DESCRIPTION="block type l-column"/><OtherTag ID="BT3212" LABEL="r-column" DESCRIPTION="block type r-column"/><OtherTag ID="BT3213" LABEL="footnote" DESCRIPTION="block type footnote"/><OtherTag ID="BT3214" LABEL="marginalia" DESCRIPTION="block type marginalia"/><OtherTag ID="BT3215" LABEL="catch-word" DESCRIPTION="block type catch-word"/><OtherTag ID="BT3216" LABEL="column" DESCRIPTION="block type column"/>
  </Tags>
  <Layout>
    <Page WIDTH="1857"
          HEIGHT="2881"
          PHYSICAL_IMG_NR="26"
          ID="eSc_dummypage_">
      <PrintSpace HPOS="0"
                  VPOS="0"
                  WIDTH="1857"
                  HEIGHT="2881">
        <TextBlock HPOS="185"
                   VPOS="649"
                   WIDTH="1053"
                   HEIGHT="548"
                   ID="region_1719559089280_139"
                   TAGREFS="BT3210">
          <Shape><Polygon POINTS="1238 1197 187 1197 185 649 1236 649"/></Shape>
          <TextLine ID="eSc_line_125c2360"
                    BASELINE="196 708 1029 731" 
                    HPOS="196"
                    VPOS="708"
                    WIDTH="833"
                    HEIGHT="23">
	    <String CONTENT=""
                    HPOS="196"
                    VPOS="708"
                    WIDTH="833"
                    HEIGHT="23"></String>
          </TextLine>
          <TextLine ID="eSc_line_889e8b7d"
                    BASELINE="194 761 1105 784" 
                    HPOS="194"
                    VPOS="761"
                    WIDTH="911"
                    HEIGHT="23">
	    <String CONTENT=""
                    HPOS="194"
                    VPOS="761"
                    WIDTH="911"
                    HEIGHT="23"></String>
          </TextLine>
          <TextLine ID="eSc_line_ecf23932"
                    BASELINE="199 818 1164 836" 
                    HPOS="199"
                    VPOS="818"
                    WIDTH="965"
                    HEIGHT="18">
	    <String CONTENT=""
                    HPOS="199"
                    VPOS="818"
                    WIDTH="965"
                    HEIGHT="18"></String>
          </TextLine>
          <TextLine ID="eSc_line_b385ef57"
                    BASELINE="192 863 1192 891" 
                    HPOS="192"
                    VPOS="863"
                    WIDTH="1000"
                    HEIGHT="28">
	    <String CONTENT=""
                    HPOS="192"
                    VPOS="863"
                    WIDTH="1000"
                    HEIGHT="28"></String>
          </TextLine>
          <TextLine ID="eSc_line_bee6478d"
                    BASELINE="192 974 1018 998" 
                    HPOS="192"
                    VPOS="974"
                    WIDTH="826"
                    HEIGHT="24">
	    <String CONTENT=""
                    HPOS="192"
                    VPOS="974"
                    WIDTH="826"
                    HEIGHT="24"></String>
          </TextLine>
          <TextLine ID="eSc_line_ef24f891"
                    BASELINE="201 1031 1195 1052" 
                    HPOS="201"
                    VPOS="1031"
                    WIDTH="994"
                    HEIGHT="21">
	    <String CONTENT=""
                    HPOS="201"
                    VPOS="1031"
                    WIDTH="994"
                    HEIGHT="21"></String>
          </TextLine>
          <TextLine ID="eSc_line_c3e0411d"
                    BASELINE="813 1092 990 1097" 
                    HPOS="813"
                    VPOS="1092"
                    WIDTH="177"
                    HEIGHT="5">
	    <String CONTENT=""
                    HPOS="813"
                    VPOS="1092"
                    WIDTH="177"
                    HEIGHT="5"></String>
          </TextLine>
          <TextLine ID="eSc_line_bea8bef7"
                    BASELINE="195 1136 1200 1153" 
                    HPOS="195"
                    VPOS="1136"
                    WIDTH="1005"
                    HEIGHT="17">
	    <String CONTENT=""
                    HPOS="195"
                    VPOS="1136"
                    WIDTH="1005"
                    HEIGHT="17"></String>
          </TextLine>
          <TextLine ID="eSc_line_8f631b1b"
                    BASELINE="810 1193 1020 1191" 
                    HPOS="810"
                    VPOS="1191"
                    WIDTH="210"
                    HEIGHT="2">
	    <String CONTENT=""
                    HPOS="810"
                    VPOS="1191"
                    WIDTH="210"
                    HEIGHT="2"></String>
          </TextLine>
        </TextBlock>
        <TextBlock HPOS="469"
                   VPOS="562"
                   WIDTH="432"
                   HEIGHT="87"
                   ID="region_1719559077824_133"
                   TAGREFS="BT3208">
          <Shape><Polygon POINTS="901 649 469 626 481 562 901 562"/></Shape>
          <TextLine ID="eSc_line_21d154dd"
                    BASELINE="480 616 897 634" 
                    HPOS="480"
                    VPOS="616"
                    WIDTH="417"
                    HEIGHT="18">
	    <String CONTENT=""
                    HPOS="480"
                    VPOS="616"
                    WIDTH="417"
                    HEIGHT="18"></String>
          </TextLine>
        </TextBlock>
        <TextBlock HPOS="1118"
                   VPOS="569"
                   WIDTH="81"
                   HEIGHT="78"
                   ID="region_1719559080004_136"
                   TAGREFS="BT3208">
          <Shape><Polygon POINTS="1199 647 1118 647 1118 569 1199 569"/></Shape>
          <TextLine ID="eSc_line_d9045c26"
                    BASELINE="1143 629 1191 631" 
                    HPOS="1143"
                    VPOS="629"
                    WIDTH="48"
                    HEIGHT="2">
	    <String CONTENT=""
                    HPOS="1143"
                    VPOS="629"
                    WIDTH="48"
                    HEIGHT="2"></String>
          </TextLine>
        </TextBlock>
        <TextBlock HPOS="648"
                   VPOS="1211"
                   WIDTH="143"
                   HEIGHT="67"
                   ID="region_1719559091960_142"
                   TAGREFS="BT3208">
          <Shape><Polygon POINTS="791 1278 656 1278 648 1211 783 1211"/></Shape>
          <TextLine ID="eSc_line_07058796"
                    BASELINE="662 1261 775 1264" 
                    HPOS="662"
                    VPOS="1261"
                    WIDTH="113"
                    HEIGHT="3">
	    <String CONTENT=""
                    HPOS="662"
                    VPOS="1261"
                    WIDTH="113"
                    HEIGHT="3"></String>
          </TextLine>
        </TextBlock>
        <TextBlock HPOS="173"
                   VPOS="1385"
                   WIDTH="524"
                   HEIGHT="1062"
                   ID="region_1719559117084_151"
                   TAGREFS="BT3211">
          <Shape><Polygon POINTS="697 2447 187 2447 173 1385 697 1394"/></Shape>
          <TextLine ID="eSc_line_fc0b40ad"
                    BASELINE="191 1452 684 1454" 
                    HPOS="191"
                    VPOS="1452"
                    WIDTH="493"
                    HEIGHT="2">
	    <String CONTENT=""
                    HPOS="191"
                    VPOS="1452"
                    WIDTH="493"
                    HEIGHT="2"></String>
          </TextLine>
          <TextLine ID="eSc_line_15dbfe1b"
                    BASELINE="197 1499 684 1501" 
                    HPOS="197"
                    VPOS="1499"
                    WIDTH="487"
                    HEIGHT="2">
	    <String CONTENT=""
                    HPOS="197"
                    VPOS="1499"
                    WIDTH="487"
                    HEIGHT="2"></String>
          </TextLine>
          <TextLine ID="eSc_line_0bb32669"
                    BASELINE="192 1541 677 1551" 
                    HPOS="192"
                    VPOS="1541"
                    WIDTH="485"
                    HEIGHT="10">
	    <String CONTENT=""
                    HPOS="192"
                    VPOS="1541"
                    WIDTH="485"
                    HEIGHT="10"></String>
          </TextLine>
          <TextLine ID="eSc_line_bd1c9bbc"
                    BASELINE="192 1588 689 1595" 
                    HPOS="192"
                    VPOS="1588"
                    WIDTH="497"
                    HEIGHT="7">
	    <String CONTENT=""
                    HPOS="192"
                    VPOS="1588"
                    WIDTH="497"
                    HEIGHT="7"></String>
          </TextLine>
          <TextLine ID="eSc_line_71b3e04c"
                    BASELINE="192 1641 681 1643" 
                    HPOS="192"
                    VPOS="1641"
                    WIDTH="489"
                    HEIGHT="2">
	    <String CONTENT=""
                    HPOS="192"
                    VPOS="1641"
                    WIDTH="489"
                    HEIGHT="2"></String>
          </TextLine>
          <TextLine ID="eSc_line_cdededef"
                    BASELINE="201 1683 680 1692" 
                    HPOS="201"
                    VPOS="1683"
                    WIDTH="479"
                    HEIGHT="9">
	    <String CONTENT=""
                    HPOS="201"
                    VPOS="1683"
                    WIDTH="479"
                    HEIGHT="9"></String>
          </TextLine>
          <TextLine ID="eSc_line_fcd56d5b"
                    BASELINE="185 1727 683 1739" 
                    HPOS="185"
                    VPOS="1727"
                    WIDTH="498"
                    HEIGHT="12">
	    <String CONTENT=""
                    HPOS="185"
                    VPOS="1727"
                    WIDTH="498"
                    HEIGHT="12"></String>
          </TextLine>
          <TextLine ID="eSc_line_9afcf1d3"
                    BASELINE="202 1769 676 1786" 
                    HPOS="202"
                    VPOS="1769"
                    WIDTH="474"
                    HEIGHT="17">
	    <String CONTENT=""
                    HPOS="202"
                    VPOS="1769"
                    WIDTH="474"
                    HEIGHT="17"></String>
          </TextLine>
          <TextLine ID="eSc_line_0db8edea"
                    BASELINE="186 1820 688 1832" 
                    HPOS="186"
                    VPOS="1820"
                    WIDTH="502"
                    HEIGHT="12">
	    <String CONTENT=""
                    HPOS="186"
                    VPOS="1820"
                    WIDTH="502"
                    HEIGHT="12"></String>
          </TextLine>
          <TextLine ID="eSc_line_2df5f7a0"
                    BASELINE="181 1858 683 1881" 
                    HPOS="181"
                    VPOS="1858"
                    WIDTH="502"
                    HEIGHT="23">
	    <String CONTENT=""
                    HPOS="181"
                    VPOS="1858"
                    WIDTH="502"
                    HEIGHT="23"></String>
          </TextLine>
          <TextLine ID="eSc_line_459c5f8f"
                    BASELINE="196 1904 681 1926" 
                    HPOS="196"
                    VPOS="1904"
                    WIDTH="485"
                    HEIGHT="22">
	    <String CONTENT=""
                    HPOS="196"
                    VPOS="1904"
                    WIDTH="485"
                    HEIGHT="22"></String>
          </TextLine>
          <TextLine ID="eSc_line_1672d79a"
                    BASELINE="203 1951 678 1967" 
                    HPOS="203"
                    VPOS="1951"
                    WIDTH="475"
                    HEIGHT="16">
	    <String CONTENT=""
                    HPOS="203"
                    VPOS="1951"
                    WIDTH="475"
                    HEIGHT="16"></String>
          </TextLine>
          <TextLine ID="eSc_line_c0d8cd99"
                    BASELINE="194 1994 689 2014" 
                    HPOS="194"
                    VPOS="1994"
                    WIDTH="495"
                    HEIGHT="20">
	    <String CONTENT=""
                    HPOS="194"
                    VPOS="1994"
                    WIDTH="495"
                    HEIGHT="20"></String>
          </TextLine>
          <TextLine ID="eSc_line_02adf9f7"
                    BASELINE="192 2034 682 2057" 
                    HPOS="192"
                    VPOS="2034"
                    WIDTH="490"
                    HEIGHT="23">
	    <String CONTENT=""
                    HPOS="192"
                    VPOS="2034"
                    WIDTH="490"
                    HEIGHT="23"></String>
          </TextLine>
          <TextLine ID="eSc_line_4665edfe"
                    BASELINE="192 2074 674 2101" 
                    HPOS="192"
                    VPOS="2074"
                    WIDTH="482"
                    HEIGHT="27">
	    <String CONTENT=""
                    HPOS="192"
                    VPOS="2074"
                    WIDTH="482"
                    HEIGHT="27"></String>
          </TextLine>
          <TextLine ID="eSc_line_5b9b4e18"
                    BASELINE="185 2122 680 2147" 
                    HPOS="185"
                    VPOS="2122"
                    WIDTH="495"
                    HEIGHT="25">
	    <String CONTENT=""
                    HPOS="185"
                    VPOS="2122"
                    WIDTH="495"
                    HEIGHT="25"></String>
          </TextLine>
          <TextLine ID="eSc_line_387e3da2"
                    BASELINE="189 2172 688 2189" 
                    HPOS="189"
                    VPOS="2172"
                    WIDTH="499"
                    HEIGHT="17">
	    <String CONTENT=""
                    HPOS="189"
                    VPOS="2172"
                    WIDTH="499"
                    HEIGHT="17"></String>
          </TextLine>
          <TextLine ID="eSc_line_0567c6e6"
                    BASELINE="187 2214 685 2232" 
                    HPOS="187"
                    VPOS="2214"
                    WIDTH="498"
                    HEIGHT="18">
	    <String CONTENT=""
                    HPOS="187"
                    VPOS="2214"
                    WIDTH="498"
                    HEIGHT="18"></String>
          </TextLine>
          <TextLine ID="eSc_line_4ce3da12"
                    BASELINE="199 2259 438 2269" 
                    HPOS="199"
                    VPOS="2259"
                    WIDTH="239"
                    HEIGHT="10">
	    <String CONTENT=""
                    HPOS="199"
                    VPOS="2259"
                    WIDTH="239"
                    HEIGHT="10"></String>
          </TextLine>
          <TextLine ID="eSc_line_f06227eb"
                    BASELINE="219 2306 682 2318" 
                    HPOS="219"
                    VPOS="2306"
                    WIDTH="463"
                    HEIGHT="12">
	    <String CONTENT=""
                    HPOS="219"
                    VPOS="2306"
                    WIDTH="463"
                    HEIGHT="12"></String>
          </TextLine>
          <TextLine ID="eSc_line_56b68ade"
                    BASELINE="201 2343 684 2362" 
                    HPOS="201"
                    VPOS="2343"
                    WIDTH="483"
                    HEIGHT="19">
	    <String CONTENT=""
                    HPOS="201"
                    VPOS="2343"
                    WIDTH="483"
                    HEIGHT="19"></String>
          </TextLine>
          <TextLine ID="eSc_line_bc1909a0"
                    BASELINE="206 2389 680 2407" 
                    HPOS="206"
                    VPOS="2389"
                    WIDTH="474"
                    HEIGHT="18">
	    <String CONTENT=""
                    HPOS="206"
                    VPOS="2389"
                    WIDTH="474"
                    HEIGHT="18"></String>
          </TextLine>
          <TextLine ID="eSc_line_4b9a0d7e"
                    BASELINE="217 2436 680 2450" 
                    HPOS="217"
                    VPOS="2436"
                    WIDTH="463"
                    HEIGHT="14">
	    <String CONTENT=""
                    HPOS="217"
                    VPOS="2436"
                    WIDTH="463"
                    HEIGHT="14"></String>
          </TextLine>
        </TextBlock>
        <TextBlock HPOS="700"
                   VPOS="1367"
                   WIDTH="570"
                   HEIGHT="1088"
                   ID="region_1719559124752_154"
                   TAGREFS="BT3212">
          <Shape><Polygon POINTS="1235 2455 708 2452 700 1395 1270 1367"/></Shape>
          <TextLine ID="eSc_line_08b90861"
                    BASELINE="712 1464 1214 1462" 
                    HPOS="712"
                    VPOS="1462"
                    WIDTH="502"
                    HEIGHT="2">
	    <String CONTENT=""
                    HPOS="712"
                    VPOS="1462"
                    WIDTH="502"
                    HEIGHT="2"></String>
          </TextLine>
          <TextLine ID="eSc_line_3fc91a94"
                    BASELINE="702 1507 1215 1506" 
                    HPOS="702"
                    VPOS="1506"
                    WIDTH="513"
                    HEIGHT="1">
	    <String CONTENT=""
                    HPOS="702"
                    VPOS="1506"
                    WIDTH="513"
                    HEIGHT="1"></String>
          </TextLine>
          <TextLine ID="eSc_line_8a86a9a4"
                    BASELINE="716 1560 1221 1551" 
                    HPOS="716"
                    VPOS="1551"
                    WIDTH="505"
                    HEIGHT="9">
	    <String CONTENT=""
                    HPOS="716"
                    VPOS="1551"
                    WIDTH="505"
                    HEIGHT="9"></String>
          </TextLine>
          <TextLine ID="eSc_line_6f22d4fb"
                    BASELINE="715 1602 1210 1600" 
                    HPOS="715"
                    VPOS="1600"
                    WIDTH="495"
                    HEIGHT="2">
	    <String CONTENT=""
                    HPOS="715"
                    VPOS="1600"
                    WIDTH="495"
                    HEIGHT="2"></String>
          </TextLine>
          <TextLine ID="eSc_line_fcb6a348"
                    BASELINE="711 1651 1218 1650" 
                    HPOS="711"
                    VPOS="1650"
                    WIDTH="507"
                    HEIGHT="1">
	    <String CONTENT=""
                    HPOS="711"
                    VPOS="1650"
                    WIDTH="507"
                    HEIGHT="1"></String>
          </TextLine>
          <TextLine ID="eSc_line_547793b4"
                    BASELINE="703 1700 1210 1696" 
                    HPOS="703"
                    VPOS="1696"
                    WIDTH="507"
                    HEIGHT="4">
	    <String CONTENT=""
                    HPOS="703"
                    VPOS="1696"
                    WIDTH="507"
                    HEIGHT="4"></String>
          </TextLine>
          <TextLine ID="eSc_line_4fd05146"
                    BASELINE="712 1745 1217 1742" 
                    HPOS="712"
                    VPOS="1742"
                    WIDTH="505"
                    HEIGHT="3">
	    <String CONTENT=""
                    HPOS="712"
                    VPOS="1742"
                    WIDTH="505"
                    HEIGHT="3"></String>
          </TextLine>
          <TextLine ID="eSc_line_8f75467f"
                    BASELINE="709 1793 1221 1786" 
                    HPOS="709"
                    VPOS="1786"
                    WIDTH="512"
                    HEIGHT="7">
	    <String CONTENT=""
                    HPOS="709"
                    VPOS="1786"
                    WIDTH="512"
                    HEIGHT="7"></String>
          </TextLine>
          <TextLine ID="eSc_line_9957bc95"
                    BASELINE="711 1835 1211 1831" 
                    HPOS="711"
                    VPOS="1831"
                    WIDTH="500"
                    HEIGHT="4">
	    <String CONTENT=""
                    HPOS="711"
                    VPOS="1831"
                    WIDTH="500"
                    HEIGHT="4"></String>
          </TextLine>
          <TextLine ID="eSc_line_6c6d1a73"
                    BASELINE="711 1879 1204 1883" 
                    HPOS="711"
                    VPOS="1879"
                    WIDTH="493"
                    HEIGHT="4">
	    <String CONTENT=""
                    HPOS="711"
                    VPOS="1879"
                    WIDTH="493"
                    HEIGHT="4"></String>
          </TextLine>
          <TextLine ID="eSc_line_eb37f832"
                    BASELINE="710 1926 1214 1929" 
                    HPOS="710"
                    VPOS="1926"
                    WIDTH="504"
                    HEIGHT="3">
	    <String CONTENT=""
                    HPOS="710"
                    VPOS="1926"
                    WIDTH="504"
                    HEIGHT="3"></String>
          </TextLine>
          <TextLine ID="eSc_line_01d08b43"
                    BASELINE="713 1973 1212 1973" 
                    HPOS="713"
                    VPOS="1973"
                    WIDTH="499"
                    HEIGHT="0">
	    <String CONTENT=""
                    HPOS="713"
                    VPOS="1973"
                    WIDTH="499"
                    HEIGHT="0"></String>
          </TextLine>
          <TextLine ID="eSc_line_4a1a1f0a"
                    BASELINE="710 2021 1218 2018" 
                    HPOS="710"
                    VPOS="2018"
                    WIDTH="508"
                    HEIGHT="3">
	    <String CONTENT=""
                    HPOS="710"
                    VPOS="2018"
                    WIDTH="508"
                    HEIGHT="3"></String>
          </TextLine>
          <TextLine ID="eSc_line_7a8ed968"
                    BASELINE="711 2058 1224 2057" 
                    HPOS="711"
                    VPOS="2057"
                    WIDTH="513"
                    HEIGHT="1">
	    <String CONTENT=""
                    HPOS="711"
                    VPOS="2057"
                    WIDTH="513"
                    HEIGHT="1"></String>
          </TextLine>
          <TextLine ID="eSc_line_3044761d"
                    BASELINE="712 2097 971 2104" 
                    HPOS="712"
                    VPOS="2097"
                    WIDTH="259"
                    HEIGHT="7">
	    <String CONTENT=""
                    HPOS="712"
                    VPOS="2097"
                    WIDTH="259"
                    HEIGHT="7"></String>
          </TextLine>
          <TextLine ID="eSc_line_a2423deb"
                    BASELINE="718 2186 1214 2184" 
                    HPOS="718"
                    VPOS="2184"
                    WIDTH="496"
                    HEIGHT="2">
	    <String CONTENT=""
                    HPOS="718"
                    VPOS="2184"
                    WIDTH="496"
                    HEIGHT="2"></String>
          </TextLine>
          <TextLine ID="eSc_line_e9f27121"
                    BASELINE="875 2224 1032 2227" 
                    HPOS="875"
                    VPOS="2224"
                    WIDTH="157"
                    HEIGHT="3">
	    <String CONTENT=""
                    HPOS="875"
                    VPOS="2224"
                    WIDTH="157"
                    HEIGHT="3"></String>
          </TextLine>
          <TextLine ID="eSc_line_dc4ea384"
                    BASELINE="736 2277 1216 2266" 
                    HPOS="736"
                    VPOS="2266"
                    WIDTH="480"
                    HEIGHT="11">
	    <String CONTENT=""
                    HPOS="736"
                    VPOS="2266"
                    WIDTH="480"
                    HEIGHT="11"></String>
          </TextLine>
          <TextLine ID="eSc_line_2507f162"
                    BASELINE="879 2309 1215 2308" 
                    HPOS="879"
                    VPOS="2308"
                    WIDTH="336"
                    HEIGHT="1">
	    <String CONTENT=""
                    HPOS="879"
                    VPOS="2308"
                    WIDTH="336"
                    HEIGHT="1"></String>
          </TextLine>
          <TextLine ID="eSc_line_786566e7"
                    BASELINE="792 2359 1217 2355" 
                    HPOS="792"
                    VPOS="2355"
                    WIDTH="425"
                    HEIGHT="4">
	    <String CONTENT=""
                    HPOS="792"
                    VPOS="2355"
                    WIDTH="425"
                    HEIGHT="4"></String>
          </TextLine>
          <TextLine ID="eSc_line_f64d70a9"
                    BASELINE="804 2411 1215 2402" 
                    HPOS="804"
                    VPOS="2402"
                    WIDTH="411"
                    HEIGHT="9">
	    <String CONTENT=""
                    HPOS="804"
                    VPOS="2402"
                    WIDTH="411"
                    HEIGHT="9"></String>
          </TextLine>
          <TextLine ID="eSc_line_85422136"
                    BASELINE="814 2449 971 2450" 
                    HPOS="814"
                    VPOS="2449"
                    WIDTH="157"
                    HEIGHT="1">
	    <String CONTENT=""
                    HPOS="814"
                    VPOS="2449"
                    WIDTH="157"
                    HEIGHT="1"></String>
          </TextLine>
        </TextBlock>
        <TextBlock HPOS="1081"
                   VPOS="1219"
                   WIDTH="188"
                   HEIGHT="72"
                   ID="region_1719559094319_145"
                   TAGREFS="BT3208">
          <Shape><Polygon POINTS="1232 1291 1081 1291 1083 1219 1269 1222"/></Shape>
          <TextLine ID="eSc_line_b5fa1b2b"
                    BASELINE="1105 1268 1218 1270" 
                    HPOS="1105"
                    VPOS="1268"
                    WIDTH="113"
                    HEIGHT="2">
	    <String CONTENT=""
                    HPOS="1105"
                    VPOS="1268"
                    WIDTH="113"
                    HEIGHT="2"></String>
          </TextLine>
        </TextBlock>
        <TextBlock ID="eSc_dummyblock_">
          <TextLine ID="eSc_line_1bb5a4a3"
                    BASELINE="183 920 1168 951" 
                    HPOS="183"
                    VPOS="920"
                    WIDTH="985"
                    HEIGHT="31">
	    <String CONTENT=""
                    HPOS="183"
                    VPOS="920"
                    WIDTH="985"
                    HEIGHT="31"></String>
          </TextLine>
        </TextBlock>
      </PrintSpace>
    </Page>
  </Layout>
</alto>
