<?xml version="1.0" encoding="UTF-8"?>
<alto xmlns:xsi="http://www.w3.org/2001/XMLSchema-instance"
      xmlns="http://www.loc.gov/standards/alto/ns-v4#"
      xsi:schemaLocation="http://www.loc.gov/standards/alto/ns-v4# http://www.loc.gov/standards/alto/v4/alto-4-2.xsd">
  <Description>
    <MeasurementUnit>pixel</MeasurementUnit>
    <sourceImageInformation>
      <fileName>1769,_Saemtliche_Poetische_Werke,_Bohn,_4._Aufl.,_Bd._3,_VD18_90481127_Seite_100_Bild_0001.jpg</fileName>
    </sourceImageInformation>
  </Description>
  <Tags>
    <OtherTag ID="BT1" LABEL="Title" DESCRIPTION="block type Title"/><OtherTag ID="BT2" LABEL="Main" DESCRIPTION="block type Main"/><OtherTag ID="BT3" LABEL="Commentary" DESCRIPTION="block type Commentary"/><OtherTag ID="BT4" LABEL="Illustration" DESCRIPTION="block type Illustration"/><OtherTag ID="BT3208" LABEL="heading" DESCRIPTION="block type heading"/><OtherTag ID="BT3209" LABEL="header" DESCRIPTION="block type header"/><OtherTag ID="BT3210" LABEL="paragraph" DESCRIPTION="block type paragraph"/><OtherTag ID="BT3211" LABEL="l-column" DESCRIPTION="block type l-column"/><OtherTag ID="BT3212" LABEL="r-column" DESCRIPTION="block type r-column"/><OtherTag ID="BT3213" LABEL="footnote" DESCRIPTION="block type footnote"/><OtherTag ID="BT3214" LABEL="marginalia" DESCRIPTION="block type marginalia"/><OtherTag ID="BT3215" LABEL="catch-word" DESCRIPTION="block type catch-word"/><OtherTag ID="BT3216" LABEL="column" DESCRIPTION="block type column"/>
  </Tags>
  <Layout>
    <Page WIDTH="1971"
          HEIGHT="2897"
          PHYSICAL_IMG_NR="35"
          ID="eSc_dummypage_">
      <PrintSpace HPOS="0"
                  VPOS="0"
                  WIDTH="1971"
                  HEIGHT="2897">
        <TextBlock HPOS="696"
                   VPOS="529"
                   WIDTH="90"
                   HEIGHT="72"
                   ID="region_1724839911438_475"
                   TAGREFS="BT3208">
          <Shape><Polygon POINTS="781 587 696 601 696 529 786 529"/></Shape>
          <TextLine ID="eSc_line_37ced326"
                    BASELINE="702 587 760 587" 
                    HPOS="702"
                    VPOS="587"
                    WIDTH="58"
                    HEIGHT="0">
	    <String CONTENT=""
                    HPOS="702"
                    VPOS="587"
                    WIDTH="58"
                    HEIGHT="0"></String>
          </TextLine>
        </TextBlock>
        <TextBlock HPOS="1018"
                   VPOS="525"
                   WIDTH="412"
                   HEIGHT="75"
                   ID="region_1724839914006_478"
                   TAGREFS="BT3209">
          <Shape><Polygon POINTS="1411 600 1018 600 1018 525 1430 525"/></Shape>
          <TextLine ID="eSc_line_3a6a4a53"
                    BASELINE="1031 589 1396 595" 
                    HPOS="1031"
                    VPOS="589"
                    WIDTH="365"
                    HEIGHT="6">
	    <String CONTENT=""
                    HPOS="1031"
                    VPOS="589"
                    WIDTH="365"
                    HEIGHT="6"></String>
          </TextLine>
        </TextBlock>
        <TextBlock HPOS="771"
                   VPOS="743"
                   WIDTH="715"
                   HEIGHT="1427"
                   ID="region_1724839937302_487"
                   TAGREFS="BT3210">
          <Shape><Polygon POINTS="1486 2170 771 2170 791 910 778 875 901 873 896 747 1486 743"/></Shape>
          <TextLine ID="eSc_line_1a360f92"
                    BASELINE="901 793 1424 808" 
                    HPOS="901"
                    VPOS="793"
                    WIDTH="523"
                    HEIGHT="15">
	    <String CONTENT=""
                    HPOS="901"
                    VPOS="793"
                    WIDTH="523"
                    HEIGHT="15"></String>
          </TextLine>
          <TextLine ID="eSc_line_f3c26bdf"
                    BASELINE="917 860 1471 880" 
                    HPOS="917"
                    VPOS="860"
                    WIDTH="554"
                    HEIGHT="20">
	    <String CONTENT=""
                    HPOS="917"
                    VPOS="860"
                    WIDTH="554"
                    HEIGHT="20"></String>
          </TextLine>
          <TextLine ID="eSc_line_e6614917"
                    BASELINE="807 934 1383 934" 
                    HPOS="807"
                    VPOS="934"
                    WIDTH="576"
                    HEIGHT="0">
	    <String CONTENT=""
                    HPOS="807"
                    VPOS="934"
                    WIDTH="576"
                    HEIGHT="0"></String>
          </TextLine>
          <TextLine ID="eSc_line_93fd9eb4"
                    BASELINE="801 994 1426 1001" 
                    HPOS="801"
                    VPOS="994"
                    WIDTH="625"
                    HEIGHT="7">
	    <String CONTENT=""
                    HPOS="801"
                    VPOS="994"
                    WIDTH="625"
                    HEIGHT="7"></String>
          </TextLine>
          <TextLine ID="eSc_line_e380e05d"
                    BASELINE="801 1064 1389 1067" 
                    HPOS="801"
                    VPOS="1064"
                    WIDTH="588"
                    HEIGHT="3">
	    <String CONTENT=""
                    HPOS="801"
                    VPOS="1064"
                    WIDTH="588"
                    HEIGHT="3"></String>
          </TextLine>
          <TextLine ID="eSc_line_42fdd2a0"
                    BASELINE="798 1131 1380 1143" 
                    HPOS="798"
                    VPOS="1131"
                    WIDTH="582"
                    HEIGHT="12">
	    <String CONTENT=""
                    HPOS="798"
                    VPOS="1131"
                    WIDTH="582"
                    HEIGHT="12"></String>
          </TextLine>
          <TextLine ID="eSc_line_440e1f1c"
                    BASELINE="797 1196 1263 1210" 
                    HPOS="797"
                    VPOS="1196"
                    WIDTH="466"
                    HEIGHT="14">
	    <String CONTENT=""
                    HPOS="797"
                    VPOS="1196"
                    WIDTH="466"
                    HEIGHT="14"></String>
          </TextLine>
          <TextLine ID="eSc_line_55cd95c3"
                    BASELINE="803 1265 1344 1279" 
                    HPOS="803"
                    VPOS="1265"
                    WIDTH="541"
                    HEIGHT="14">
	    <String CONTENT=""
                    HPOS="803"
                    VPOS="1265"
                    WIDTH="541"
                    HEIGHT="14"></String>
          </TextLine>
          <TextLine ID="eSc_line_43c6eba1"
                    BASELINE="845 1375 1457 1385" 
                    HPOS="845"
                    VPOS="1375"
                    WIDTH="612"
                    HEIGHT="10">
	    <String CONTENT=""
                    HPOS="845"
                    VPOS="1375"
                    WIDTH="612"
                    HEIGHT="10"></String>
          </TextLine>
          <TextLine ID="eSc_line_3a4bd109"
                    BASELINE="804 1431 1408 1443" 
                    HPOS="804"
                    VPOS="1431"
                    WIDTH="604"
                    HEIGHT="12">
	    <String CONTENT=""
                    HPOS="804"
                    VPOS="1431"
                    WIDTH="604"
                    HEIGHT="12"></String>
          </TextLine>
          <TextLine ID="eSc_line_09985ef2"
                    BASELINE="804 1505 1484 1516" 
                    HPOS="804"
                    VPOS="1505"
                    WIDTH="680"
                    HEIGHT="11">
	    <String CONTENT=""
                    HPOS="804"
                    VPOS="1505"
                    WIDTH="680"
                    HEIGHT="11"></String>
          </TextLine>
          <TextLine ID="eSc_line_d162d7c7"
                    BASELINE="792 1566 1207 1574" 
                    HPOS="792"
                    VPOS="1566"
                    WIDTH="415"
                    HEIGHT="8">
	    <String CONTENT=""
                    HPOS="792"
                    VPOS="1566"
                    WIDTH="415"
                    HEIGHT="8"></String>
          </TextLine>
          <TextLine ID="eSc_line_fbac2df1"
                    BASELINE="792 1630 1435 1638" 
                    HPOS="792"
                    VPOS="1630"
                    WIDTH="643"
                    HEIGHT="8">
	    <String CONTENT=""
                    HPOS="792"
                    VPOS="1630"
                    WIDTH="643"
                    HEIGHT="8"></String>
          </TextLine>
          <TextLine ID="eSc_line_8a4a6063"
                    BASELINE="785 1687 1454 1700" 
                    HPOS="785"
                    VPOS="1687"
                    WIDTH="669"
                    HEIGHT="13">
	    <String CONTENT=""
                    HPOS="785"
                    VPOS="1687"
                    WIDTH="669"
                    HEIGHT="13"></String>
          </TextLine>
          <TextLine ID="eSc_line_8039d91c"
                    BASELINE="786 1759 1308 1763" 
                    HPOS="786"
                    VPOS="1759"
                    WIDTH="522"
                    HEIGHT="4">
	    <String CONTENT=""
                    HPOS="786"
                    VPOS="1759"
                    WIDTH="522"
                    HEIGHT="4"></String>
          </TextLine>
          <TextLine ID="eSc_line_6a8d3a1d"
                    BASELINE="792 1825 1226 1832" 
                    HPOS="792"
                    VPOS="1825"
                    WIDTH="434"
                    HEIGHT="7">
	    <String CONTENT=""
                    HPOS="792"
                    VPOS="1825"
                    WIDTH="434"
                    HEIGHT="7"></String>
          </TextLine>
          <TextLine ID="eSc_line_c551d6c5"
                    BASELINE="820 1944 1340 1946" 
                    HPOS="820"
                    VPOS="1944"
                    WIDTH="520"
                    HEIGHT="2">
	    <String CONTENT=""
                    HPOS="820"
                    VPOS="1944"
                    WIDTH="520"
                    HEIGHT="2"></String>
          </TextLine>
          <TextLine ID="eSc_line_44d61dc1"
                    BASELINE="788 2001 1342 2011" 
                    HPOS="788"
                    VPOS="2001"
                    WIDTH="554"
                    HEIGHT="10">
	    <String CONTENT=""
                    HPOS="788"
                    VPOS="2001"
                    WIDTH="554"
                    HEIGHT="10"></String>
          </TextLine>
          <TextLine ID="eSc_line_d1fd5933"
                    BASELINE="792 2075 1390 2076" 
                    HPOS="792"
                    VPOS="2075"
                    WIDTH="598"
                    HEIGHT="1">
	    <String CONTENT=""
                    HPOS="792"
                    VPOS="2075"
                    WIDTH="598"
                    HEIGHT="1"></String>
          </TextLine>
          <TextLine ID="eSc_line_dc9296d9"
                    BASELINE="781 2147 1290 2144" 
                    HPOS="781"
                    VPOS="2144"
                    WIDTH="509"
                    HEIGHT="3">
	    <String CONTENT=""
                    HPOS="781"
                    VPOS="2144"
                    WIDTH="509"
                    HEIGHT="3"></String>
          </TextLine>
        </TextBlock>
        <TextBlock HPOS="1046"
                   VPOS="624"
                   WIDTH="378"
                   HEIGHT="89"
                   ID="region_1724839917685_481"
                   TAGREFS="BT3208">
          <Shape><Polygon POINTS="1392 713 1046 713 1046 625 1424 624"/></Shape>
          <TextLine ID="eSc_line_37ed27bd"
                    BASELINE="1052 706 1381 706" 
                    HPOS="1052"
                    VPOS="706"
                    WIDTH="329"
                    HEIGHT="0">
	    <String CONTENT=""
                    HPOS="1052"
                    VPOS="706"
                    WIDTH="329"
                    HEIGHT="0"></String>
          </TextLine>
        </TextBlock>
        <TextBlock HPOS="650"
                   VPOS="2231"
                   WIDTH="1121"
                   HEIGHT="159"
                   ID="region_1724839947342_490"
                   TAGREFS="BT3213">
          <Shape><Polygon POINTS="1734 2390 650 2390 650 2237 1771 2231"/></Shape>
          <TextLine ID="eSc_line_6aebb656"
                    BASELINE="677 2277 1693 2289" 
                    HPOS="677"
                    VPOS="2277"
                    WIDTH="1016"
                    HEIGHT="12">
	    <String CONTENT=""
                    HPOS="677"
                    VPOS="2277"
                    WIDTH="1016"
                    HEIGHT="12"></String>
          </TextLine>
          <TextLine ID="eSc_line_8dbe1f1e"
                    BASELINE="663 2324 1479 2333" 
                    HPOS="663"
                    VPOS="2324"
                    WIDTH="816"
                    HEIGHT="9">
	    <String CONTENT=""
                    HPOS="663"
                    VPOS="2324"
                    WIDTH="816"
                    HEIGHT="9"></String>
          </TextLine>
          <TextLine ID="eSc_line_7d2d7971"
                    BASELINE="661 2372 1185 2378" 
                    HPOS="661"
                    VPOS="2372"
                    WIDTH="524"
                    HEIGHT="6">
	    <String CONTENT=""
                    HPOS="661"
                    VPOS="2372"
                    WIDTH="524"
                    HEIGHT="6"></String>
          </TextLine>
        </TextBlock>
        <TextBlock HPOS="1599"
                   VPOS="2148"
                   WIDTH="125"
                   HEIGHT="49"
                   ID="region_1724839949525_493"
                   TAGREFS="BT3208">
          <Shape><Polygon POINTS="1701 2197 1599 2197 1599 2149 1724 2148"/></Shape>
          <TextLine ID="eSc_line_6d70c4d8"
                    BASELINE="1620 2197 1699 2195" 
                    HPOS="1620"
                    VPOS="2195"
                    WIDTH="79"
                    HEIGHT="2">
	    <String CONTENT=""
                    HPOS="1620"
                    VPOS="2195"
                    WIDTH="79"
                    HEIGHT="2"></String>
          </TextLine>
        </TextBlock>
        <TextBlock HPOS="810"
                   VPOS="740"
                   WIDTH="85"
                   HEIGHT="123"
                   ID="region_1724839925642_484"
                   TAGREFS="BT3210">
          <Shape><Polygon POINTS="895 863 813 863 810 740 892 740"/></Shape>
        </TextBlock>
      </PrintSpace>
    </Page>
  </Layout>
</alto>
