<?xml version="1.0" encoding="UTF-8"?>
<alto xmlns:xsi="http://www.w3.org/2001/XMLSchema-instance"
      xmlns="http://www.loc.gov/standards/alto/ns-v4#"
      xsi:schemaLocation="http://www.loc.gov/standards/alto/ns-v4# http://www.loc.gov/standards/alto/v4/alto-4-2.xsd">
  <Description>
    <MeasurementUnit>pixel</MeasurementUnit>
    <sourceImageInformation>
      <fileName>1771,_Saemtliche_Poetische_Werke,_Bohn,_5._Aufl.,_Bd._1,_VD18_90396758_Seite_031_Bild_0001.jpg</fileName>
    </sourceImageInformation>
  </Description>
  <Tags>
    <OtherTag ID="BT1" LABEL="Title" DESCRIPTION="block type Title"/><OtherTag ID="BT2" LABEL="Main" DESCRIPTION="block type Main"/><OtherTag ID="BT3" LABEL="Commentary" DESCRIPTION="block type Commentary"/><OtherTag ID="BT4" LABEL="Illustration" DESCRIPTION="block type Illustration"/><OtherTag ID="BT3208" LABEL="heading" DESCRIPTION="block type heading"/><OtherTag ID="BT3209" LABEL="header" DESCRIPTION="block type header"/><OtherTag ID="BT3210" LABEL="paragraph" DESCRIPTION="block type paragraph"/><OtherTag ID="BT3211" LABEL="l-column" DESCRIPTION="block type l-column"/><OtherTag ID="BT3212" LABEL="r-column" DESCRIPTION="block type r-column"/><OtherTag ID="BT3213" LABEL="footnote" DESCRIPTION="block type footnote"/><OtherTag ID="BT3214" LABEL="marginalia" DESCRIPTION="block type marginalia"/><OtherTag ID="BT3215" LABEL="catch-word" DESCRIPTION="block type catch-word"/><OtherTag ID="BT3216" LABEL="column" DESCRIPTION="block type column"/>
  </Tags>
  <Layout>
    <Page WIDTH="1218"
          HEIGHT="2050"
          PHYSICAL_IMG_NR="37"
          ID="eSc_dummypage_">
      <PrintSpace HPOS="0"
                  VPOS="0"
                  WIDTH="1218"
                  HEIGHT="2050">
        <TextBlock HPOS="114"
                   VPOS="44"
                   WIDTH="186"
                   HEIGHT="84"
                   ID="region_1719251190438_3"
                   TAGREFS="BT3208">
          <Shape><Polygon POINTS="300 128 114 128 114 46 287 44"/></Shape>
          <TextLine ID="eSc_line_afe4b980"
                    BASELINE="124 121 286 115" 
                    HPOS="124"
                    VPOS="115"
                    WIDTH="162"
                    HEIGHT="6">
	    <String CONTENT=""
                    HPOS="124"
                    VPOS="115"
                    WIDTH="162"
                    HEIGHT="6"></String>
          </TextLine>
        </TextBlock>
        <TextBlock HPOS="80"
                   VPOS="141"
                   WIDTH="1069"
                   HEIGHT="1315"
                   ID="region_1719251208869_9"
                   TAGREFS="BT3210">
          <Shape><Polygon POINTS="1149 1440 80 1456 80 144 1120 141"/></Shape>
          <TextLine ID="eSc_line_e314c046"
                    BASELINE="120 201 1115 200" 
                    HPOS="120"
                    VPOS="200"
                    WIDTH="995"
                    HEIGHT="1">
	    <String CONTENT=""
                    HPOS="120"
                    VPOS="200"
                    WIDTH="995"
                    HEIGHT="1"></String>
          </TextLine>
          <TextLine ID="eSc_line_f5a87759"
                    BASELINE="122 245 1109 247" 
                    HPOS="122"
                    VPOS="245"
                    WIDTH="987"
                    HEIGHT="2">
	    <String CONTENT=""
                    HPOS="122"
                    VPOS="245"
                    WIDTH="987"
                    HEIGHT="2"></String>
          </TextLine>
          <TextLine ID="eSc_line_1a849726"
                    BASELINE="108 289 1114 286" 
                    HPOS="108"
                    VPOS="286"
                    WIDTH="1006"
                    HEIGHT="3">
	    <String CONTENT=""
                    HPOS="108"
                    VPOS="286"
                    WIDTH="1006"
                    HEIGHT="3"></String>
          </TextLine>
          <TextLine ID="eSc_line_779bebb7"
                    BASELINE="113 334 1113 333" 
                    HPOS="113"
                    VPOS="333"
                    WIDTH="1000"
                    HEIGHT="1">
	    <String CONTENT=""
                    HPOS="113"
                    VPOS="333"
                    WIDTH="1000"
                    HEIGHT="1"></String>
          </TextLine>
          <TextLine ID="eSc_line_70c7c9f7"
                    BASELINE="102 379 1121 376" 
                    HPOS="102"
                    VPOS="376"
                    WIDTH="1019"
                    HEIGHT="3">
	    <String CONTENT=""
                    HPOS="102"
                    VPOS="376"
                    WIDTH="1019"
                    HEIGHT="3"></String>
          </TextLine>
          <TextLine ID="eSc_line_22d2916f"
                    BASELINE="93 422 1112 416" 
                    HPOS="93"
                    VPOS="416"
                    WIDTH="1019"
                    HEIGHT="6">
	    <String CONTENT=""
                    HPOS="93"
                    VPOS="416"
                    WIDTH="1019"
                    HEIGHT="6"></String>
          </TextLine>
          <TextLine ID="eSc_line_34ec12b8"
                    BASELINE="98 459 1117 460" 
                    HPOS="98"
                    VPOS="459"
                    WIDTH="1019"
                    HEIGHT="1">
	    <String CONTENT=""
                    HPOS="98"
                    VPOS="459"
                    WIDTH="1019"
                    HEIGHT="1"></String>
          </TextLine>
          <TextLine ID="eSc_line_6dced34a"
                    BASELINE="100 500 1107 506" 
                    HPOS="100"
                    VPOS="500"
                    WIDTH="1007"
                    HEIGHT="6">
	    <String CONTENT=""
                    HPOS="100"
                    VPOS="500"
                    WIDTH="1007"
                    HEIGHT="6"></String>
          </TextLine>
          <TextLine ID="eSc_line_261efbc2"
                    BASELINE="104 543 690 543" 
                    HPOS="104"
                    VPOS="543"
                    WIDTH="586"
                    HEIGHT="0">
	    <String CONTENT=""
                    HPOS="104"
                    VPOS="543"
                    WIDTH="586"
                    HEIGHT="0"></String>
          </TextLine>
          <TextLine ID="eSc_line_967eb142"
                    BASELINE="160 586 1115 592" 
                    HPOS="160"
                    VPOS="586"
                    WIDTH="955"
                    HEIGHT="6">
	    <String CONTENT=""
                    HPOS="160"
                    VPOS="586"
                    WIDTH="955"
                    HEIGHT="6"></String>
          </TextLine>
          <TextLine ID="eSc_line_eea99672"
                    BASELINE="109 633 1116 634" 
                    HPOS="109"
                    VPOS="633"
                    WIDTH="1007"
                    HEIGHT="1">
	    <String CONTENT=""
                    HPOS="109"
                    VPOS="633"
                    WIDTH="1007"
                    HEIGHT="1"></String>
          </TextLine>
          <TextLine ID="eSc_line_e5e44c8a"
                    BASELINE="105 680 1111 677" 
                    HPOS="105"
                    VPOS="677"
                    WIDTH="1006"
                    HEIGHT="3">
	    <String CONTENT=""
                    HPOS="105"
                    VPOS="677"
                    WIDTH="1006"
                    HEIGHT="3"></String>
          </TextLine>
          <TextLine ID="eSc_line_975c0354"
                    BASELINE="100 723 1115 720" 
                    HPOS="100"
                    VPOS="720"
                    WIDTH="1015"
                    HEIGHT="3">
	    <String CONTENT=""
                    HPOS="100"
                    VPOS="720"
                    WIDTH="1015"
                    HEIGHT="3"></String>
          </TextLine>
          <TextLine ID="eSc_line_6479c82a"
                    BASELINE="95 768 1115 767" 
                    HPOS="95"
                    VPOS="767"
                    WIDTH="1020"
                    HEIGHT="1">
	    <String CONTENT=""
                    HPOS="95"
                    VPOS="767"
                    WIDTH="1020"
                    HEIGHT="1"></String>
          </TextLine>
          <TextLine ID="eSc_line_1d996373"
                    BASELINE="97 811 1114 805" 
                    HPOS="97"
                    VPOS="805"
                    WIDTH="1017"
                    HEIGHT="6">
	    <String CONTENT=""
                    HPOS="97"
                    VPOS="805"
                    WIDTH="1017"
                    HEIGHT="6"></String>
          </TextLine>
          <TextLine ID="eSc_line_83447145"
                    BASELINE="97 851 1111 851" 
                    HPOS="97"
                    VPOS="851"
                    WIDTH="1014"
                    HEIGHT="0">
	    <String CONTENT=""
                    HPOS="97"
                    VPOS="851"
                    WIDTH="1014"
                    HEIGHT="0"></String>
          </TextLine>
          <TextLine ID="eSc_line_3f68af1f"
                    BASELINE="93 897 1117 893" 
                    HPOS="93"
                    VPOS="893"
                    WIDTH="1024"
                    HEIGHT="4">
	    <String CONTENT=""
                    HPOS="93"
                    VPOS="893"
                    WIDTH="1024"
                    HEIGHT="4"></String>
          </TextLine>
          <TextLine ID="eSc_line_a9e4cef3"
                    BASELINE="92 944 1114 938" 
                    HPOS="92"
                    VPOS="938"
                    WIDTH="1022"
                    HEIGHT="6">
	    <String CONTENT=""
                    HPOS="92"
                    VPOS="938"
                    WIDTH="1022"
                    HEIGHT="6"></String>
          </TextLine>
          <TextLine ID="eSc_line_7c5de28c"
                    BASELINE="91 988 1120 978" 
                    HPOS="91"
                    VPOS="978"
                    WIDTH="1029"
                    HEIGHT="10">
	    <String CONTENT=""
                    HPOS="91"
                    VPOS="978"
                    WIDTH="1029"
                    HEIGHT="10"></String>
          </TextLine>
          <TextLine ID="eSc_line_0c4120d1"
                    BASELINE="89 1033 1127 1023" 
                    HPOS="89"
                    VPOS="1023"
                    WIDTH="1038"
                    HEIGHT="10">
	    <String CONTENT=""
                    HPOS="89"
                    VPOS="1023"
                    WIDTH="1038"
                    HEIGHT="10"></String>
          </TextLine>
          <TextLine ID="eSc_line_371364ce"
                    BASELINE="92 1068 1119 1067" 
                    HPOS="92"
                    VPOS="1067"
                    WIDTH="1027"
                    HEIGHT="1">
	    <String CONTENT=""
                    HPOS="92"
                    VPOS="1067"
                    WIDTH="1027"
                    HEIGHT="1"></String>
          </TextLine>
          <TextLine ID="eSc_line_97f4029c"
                    BASELINE="82 1113 1129 1119" 
                    HPOS="82"
                    VPOS="1113"
                    WIDTH="1047"
                    HEIGHT="6">
	    <String CONTENT=""
                    HPOS="82"
                    VPOS="1113"
                    WIDTH="1047"
                    HEIGHT="6"></String>
          </TextLine>
          <TextLine ID="eSc_line_8e225782"
                    BASELINE="91 1165 576 1160" 
                    HPOS="91"
                    VPOS="1160"
                    WIDTH="485"
                    HEIGHT="5">
	    <String CONTENT=""
                    HPOS="91"
                    VPOS="1160"
                    WIDTH="485"
                    HEIGHT="5"></String>
          </TextLine>
          <TextLine ID="eSc_line_60b7d523"
                    BASELINE="319 1220 808 1211" 
                    HPOS="319"
                    VPOS="1211"
                    WIDTH="489"
                    HEIGHT="9">
	    <String CONTENT=""
                    HPOS="319"
                    VPOS="1211"
                    WIDTH="489"
                    HEIGHT="9"></String>
          </TextLine>
          <TextLine ID="eSc_line_99f9e7d9"
                    BASELINE="315 1255 823 1254" 
                    HPOS="315"
                    VPOS="1254"
                    WIDTH="508"
                    HEIGHT="1">
	    <String CONTENT=""
                    HPOS="315"
                    VPOS="1254"
                    WIDTH="508"
                    HEIGHT="1"></String>
          </TextLine>
          <TextLine ID="eSc_line_949c29f2"
                    BASELINE="307 1301 853 1303" 
                    HPOS="307"
                    VPOS="1301"
                    WIDTH="546"
                    HEIGHT="2">
	    <String CONTENT=""
                    HPOS="307"
                    VPOS="1301"
                    WIDTH="546"
                    HEIGHT="2"></String>
          </TextLine>
          <TextLine ID="eSc_line_eff34096"
                    BASELINE="308 1342 821 1341" 
                    HPOS="308"
                    VPOS="1341"
                    WIDTH="513"
                    HEIGHT="1">
	    <String CONTENT=""
                    HPOS="308"
                    VPOS="1341"
                    WIDTH="513"
                    HEIGHT="1"></String>
          </TextLine>
          <TextLine ID="eSc_line_90770fc8"
                    BASELINE="165 1408 1098 1408" 
                    HPOS="165"
                    VPOS="1408"
                    WIDTH="933"
                    HEIGHT="0">
	    <String CONTENT=""
                    HPOS="165"
                    VPOS="1408"
                    WIDTH="933"
                    HEIGHT="0"></String>
          </TextLine>
          <TextLine ID="eSc_line_9e70fe7c"
                    BASELINE="104 1449 241 1453" 
                    HPOS="104"
                    VPOS="1449"
                    WIDTH="137"
                    HEIGHT="4">
	    <String CONTENT=""
                    HPOS="104"
                    VPOS="1449"
                    WIDTH="137"
                    HEIGHT="4"></String>
          </TextLine>
        </TextBlock>
        <TextBlock HPOS="353"
                   VPOS="42"
                   WIDTH="649"
                   HEIGHT="81"
                   ID="region_1719251197069_6"
                   TAGREFS="BT3209">
          <Shape><Polygon POINTS="1002 123 353 123 353 42 990 42"/></Shape>
          <TextLine ID="eSc_line_4185b9c6"
                    BASELINE="371 116 992 119" 
                    HPOS="371"
                    VPOS="116"
                    WIDTH="621"
                    HEIGHT="3">
	    <String CONTENT=""
                    HPOS="371"
                    VPOS="116"
                    WIDTH="621"
                    HEIGHT="3"></String>
          </TextLine>
        </TextBlock>
        <TextBlock HPOS="215"
                   VPOS="1461"
                   WIDTH="571"
                   HEIGHT="111"
                   ID="region_1719251228385_18"
                   TAGREFS="BT3208">
          <Shape><Polygon POINTS="786 1572 215 1572 221 1473 786 1461"/></Shape>
          <TextLine ID="eSc_line_c642895a"
                    BASELINE="273 1551 769 1550" 
                    HPOS="273"
                    VPOS="1550"
                    WIDTH="496"
                    HEIGHT="1">
	    <String CONTENT=""
                    HPOS="273"
                    VPOS="1550"
                    WIDTH="496"
                    HEIGHT="1"></String>
          </TextLine>
        </TextBlock>
        <TextBlock HPOS="69"
                   VPOS="1707"
                   WIDTH="516"
                   HEIGHT="192"
                   ID="region_1719251308273_35"
                   TAGREFS="BT3211">
          <Shape><Polygon POINTS="585 1899 69 1899 69 1707 585 1707"/></Shape>
          <TextLine ID="eSc_line_2e16dc48"
                    BASELINE="115 1756 571 1754" 
                    HPOS="115"
                    VPOS="1754"
                    WIDTH="456"
                    HEIGHT="2">
	    <String CONTENT=""
                    HPOS="115"
                    VPOS="1754"
                    WIDTH="456"
                    HEIGHT="2"></String>
          </TextLine>
          <TextLine ID="eSc_line_66d83e0e"
                    BASELINE="101 1788 580 1790" 
                    HPOS="101"
                    VPOS="1788"
                    WIDTH="479"
                    HEIGHT="2">
	    <String CONTENT=""
                    HPOS="101"
                    VPOS="1788"
                    WIDTH="479"
                    HEIGHT="2"></String>
          </TextLine>
          <TextLine ID="eSc_line_ce24bc18"
                    BASELINE="97 1821 574 1820" 
                    HPOS="97"
                    VPOS="1820"
                    WIDTH="477"
                    HEIGHT="1">
	    <String CONTENT=""
                    HPOS="97"
                    VPOS="1820"
                    WIDTH="477"
                    HEIGHT="1"></String>
          </TextLine>
          <TextLine ID="eSc_line_67fe1d47"
                    BASELINE="91 1851 573 1857" 
                    HPOS="91"
                    VPOS="1851"
                    WIDTH="482"
                    HEIGHT="6">
	    <String CONTENT=""
                    HPOS="91"
                    VPOS="1851"
                    WIDTH="482"
                    HEIGHT="6"></String>
          </TextLine>
          <TextLine ID="eSc_line_65cb24f7"
                    BASELINE="83 1886 568 1891" 
                    HPOS="83"
                    VPOS="1886"
                    WIDTH="485"
                    HEIGHT="5">
	    <String CONTENT=""
                    HPOS="83"
                    VPOS="1886"
                    WIDTH="485"
                    HEIGHT="5"></String>
          </TextLine>
        </TextBlock>
        <TextBlock HPOS="778"
                   VPOS="1560"
                   WIDTH="348"
                   HEIGHT="134"
                   ID="region_1719251233409_21"
                   TAGREFS="BT3208">
          <Shape><Polygon POINTS="1126 1677 778 1694 798 1560 1104 1560"/></Shape>
          <TextLine ID="eSc_line_e92a4868"
                    BASELINE="801 1624 1091 1617" 
                    HPOS="801"
                    VPOS="1617"
                    WIDTH="290"
                    HEIGHT="7">
	    <String CONTENT=""
                    HPOS="801"
                    VPOS="1617"
                    WIDTH="290"
                    HEIGHT="7"></String>
          </TextLine>
          <TextLine ID="eSc_line_e551149a"
                    BASELINE="853 1685 1037 1681" 
                    HPOS="853"
                    VPOS="1681"
                    WIDTH="184"
                    HEIGHT="4">
	    <String CONTENT=""
                    HPOS="853"
                    VPOS="1681"
                    WIDTH="184"
                    HEIGHT="4"></String>
          </TextLine>
        </TextBlock>
        <TextBlock HPOS="603"
                   VPOS="1704"
                   WIDTH="519"
                   HEIGHT="180"
                   ID="region_1719251320862_38"
                   TAGREFS="BT3212">
          <Shape><Polygon POINTS="1117 1884 603 1884 608 1704 1122 1704"/></Shape>
          <TextLine ID="eSc_line_da5f87f8"
                    BASELINE="620 1750 1097 1753" 
                    HPOS="620"
                    VPOS="1750"
                    WIDTH="477"
                    HEIGHT="3">
	    <String CONTENT=""
                    HPOS="620"
                    VPOS="1750"
                    WIDTH="477"
                    HEIGHT="3"></String>
          </TextLine>
          <TextLine ID="eSc_line_8d19ec6c"
                    BASELINE="608 1786 676 1787" 
                    HPOS="608"
                    VPOS="1786"
                    WIDTH="68"
                    HEIGHT="1">
	    <String CONTENT=""
                    HPOS="608"
                    VPOS="1786"
                    WIDTH="68"
                    HEIGHT="1"></String>
          </TextLine>
          <TextLine ID="eSc_line_bb696f6c"
                    BASELINE="629 1818 1095 1820" 
                    HPOS="629"
                    VPOS="1818"
                    WIDTH="466"
                    HEIGHT="2">
	    <String CONTENT=""
                    HPOS="629"
                    VPOS="1818"
                    WIDTH="466"
                    HEIGHT="2"></String>
          </TextLine>
          <TextLine ID="eSc_line_72bff82f"
                    BASELINE="607 1852 1100 1852" 
                    HPOS="607"
                    VPOS="1852"
                    WIDTH="493"
                    HEIGHT="0">
	    <String CONTENT=""
                    HPOS="607"
                    VPOS="1852"
                    WIDTH="493"
                    HEIGHT="0"></String>
          </TextLine>
        </TextBlock>
        <TextBlock HPOS="941"
                   VPOS="1897"
                   WIDTH="173"
                   HEIGHT="92"
                   ID="region_1719251280461_31"
                   TAGREFS="BT3208">
          <Shape><Polygon POINTS="1111 1989 941 1970 941 1897 1114 1897"/></Shape>
          <TextLine ID="eSc_line_121cfecc"
                    BASELINE="957 1960 1105 1967" 
                    HPOS="957"
                    VPOS="1960"
                    WIDTH="148"
                    HEIGHT="7">
	    <String CONTENT=""
                    HPOS="957"
                    VPOS="1960"
                    WIDTH="148"
                    HEIGHT="7"></String>
          </TextLine>
        </TextBlock>
        <TextBlock ID="eSc_dummyblock_">
          <TextLine ID="eSc_line_ef50f6fa"
                    BASELINE="611 1884 775 1884" 
                    HPOS="611"
                    VPOS="1884"
                    WIDTH="164"
                    HEIGHT="0">
	    <String CONTENT=""
                    HPOS="611"
                    VPOS="1884"
                    WIDTH="164"
                    HEIGHT="0"></String>
          </TextLine>
        </TextBlock>
      </PrintSpace>
    </Page>
  </Layout>
</alto>
