<?xml version="1.0" encoding="UTF-8"?>
<alto xmlns:xsi="http://www.w3.org/2001/XMLSchema-instance"
      xmlns="http://www.loc.gov/standards/alto/ns-v4#"
      xsi:schemaLocation="http://www.loc.gov/standards/alto/ns-v4# http://www.loc.gov/standards/alto/v4/alto-4-2.xsd">
  <Description>
    <MeasurementUnit>pixel</MeasurementUnit>
    <sourceImageInformation>
      <fileName>1771,_Saemtliche_Poetische_Werke,_Bohn,_5._Aufl.,_Bd._1,_VD18_90396758_Seite_032_Bild_0001.jpg</fileName>
    </sourceImageInformation>
  </Description>
  <Tags>
    <OtherTag ID="BT1" LABEL="Title" DESCRIPTION="block type Title"/><OtherTag ID="BT2" LABEL="Main" DESCRIPTION="block type Main"/><OtherTag ID="BT3" LABEL="Commentary" DESCRIPTION="block type Commentary"/><OtherTag ID="BT4" LABEL="Illustration" DESCRIPTION="block type Illustration"/><OtherTag ID="BT3208" LABEL="heading" DESCRIPTION="block type heading"/><OtherTag ID="BT3209" LABEL="header" DESCRIPTION="block type header"/><OtherTag ID="BT3210" LABEL="paragraph" DESCRIPTION="block type paragraph"/><OtherTag ID="BT3211" LABEL="l-column" DESCRIPTION="block type l-column"/><OtherTag ID="BT3212" LABEL="r-column" DESCRIPTION="block type r-column"/><OtherTag ID="BT3213" LABEL="footnote" DESCRIPTION="block type footnote"/><OtherTag ID="BT3214" LABEL="marginalia" DESCRIPTION="block type marginalia"/><OtherTag ID="BT3215" LABEL="catch-word" DESCRIPTION="block type catch-word"/><OtherTag ID="BT3216" LABEL="column" DESCRIPTION="block type column"/>
  </Tags>
  <Layout>
    <Page WIDTH="1187"
          HEIGHT="2055"
          PHYSICAL_IMG_NR="38"
          ID="eSc_dummypage_">
      <PrintSpace HPOS="0"
                  VPOS="0"
                  WIDTH="1187"
                  HEIGHT="2055">
        <TextBlock HPOS="258"
                   VPOS="63"
                   WIDTH="681"
                   HEIGHT="177"
                   ID="region_1719251603515_69"
                   TAGREFS="BT3208">
          <Shape><Polygon POINTS="939 240 311 232 258 199 259 63 937 63"/></Shape>
          <TextLine ID="eSc_line_ce1c9ef9"
                    BASELINE="267 174 907 190" 
                    HPOS="267"
                    VPOS="174"
                    WIDTH="640"
                    HEIGHT="16">
	    <String CONTENT=""
                    HPOS="267"
                    VPOS="174"
                    WIDTH="640"
                    HEIGHT="16"></String>
          </TextLine>
          <TextLine ID="eSc_line_625413fa"
                    BASELINE="427 232 754 236" 
                    HPOS="427"
                    VPOS="232"
                    WIDTH="327"
                    HEIGHT="4">
	    <String CONTENT=""
                    HPOS="427"
                    VPOS="232"
                    WIDTH="327"
                    HEIGHT="4"></String>
          </TextLine>
        </TextBlock>
        <TextBlock HPOS="80"
                   VPOS="254"
                   WIDTH="1037"
                   HEIGHT="898"
                   ID="region_1719251614879_75"
                   TAGREFS="BT3210">
          <Shape><Polygon POINTS="1117 1152 87 1152 80 460 122 463 281 465 280 254 1112 260"/></Shape>
          <TextLine ID="eSc_line_dbe53cf8"
                    BASELINE="289 336 1084 345" 
                    HPOS="289"
                    VPOS="336"
                    WIDTH="795"
                    HEIGHT="9">
	    <String CONTENT=""
                    HPOS="289"
                    VPOS="336"
                    WIDTH="795"
                    HEIGHT="9"></String>
          </TextLine>
          <TextLine ID="eSc_line_fdcfeb54"
                    BASELINE="743 383 883 383" 
                    HPOS="743"
                    VPOS="383"
                    WIDTH="140"
                    HEIGHT="0">
	    <String CONTENT=""
                    HPOS="743"
                    VPOS="383"
                    WIDTH="140"
                    HEIGHT="0"></String>
          </TextLine>
          <TextLine ID="eSc_line_8ac28fbf"
                    BASELINE="307 425 1083 434" 
                    HPOS="307"
                    VPOS="425"
                    WIDTH="776"
                    HEIGHT="9">
	    <String CONTENT=""
                    HPOS="307"
                    VPOS="425"
                    WIDTH="776"
                    HEIGHT="9"></String>
          </TextLine>
          <TextLine ID="eSc_line_599aed9b"
                    BASELINE="733 469 842 472" 
                    HPOS="733"
                    VPOS="469"
                    WIDTH="109"
                    HEIGHT="3">
	    <String CONTENT=""
                    HPOS="733"
                    VPOS="469"
                    WIDTH="109"
                    HEIGHT="3"></String>
          </TextLine>
          <TextLine ID="eSc_line_27faedac"
                    BASELINE="95 511 1080 524" 
                    HPOS="95"
                    VPOS="511"
                    WIDTH="985"
                    HEIGHT="13">
	    <String CONTENT=""
                    HPOS="95"
                    VPOS="511"
                    WIDTH="985"
                    HEIGHT="13"></String>
          </TextLine>
          <TextLine ID="eSc_line_0487431a"
                    BASELINE="714 558 887 559" 
                    HPOS="714"
                    VPOS="558"
                    WIDTH="173"
                    HEIGHT="1">
	    <String CONTENT=""
                    HPOS="714"
                    VPOS="558"
                    WIDTH="173"
                    HEIGHT="1"></String>
          </TextLine>
          <TextLine ID="eSc_line_0290590b"
                    BASELINE="95 598 1084 604" 
                    HPOS="95"
                    VPOS="598"
                    WIDTH="989"
                    HEIGHT="6">
	    <String CONTENT=""
                    HPOS="95"
                    VPOS="598"
                    WIDTH="989"
                    HEIGHT="6"></String>
          </TextLine>
          <TextLine ID="eSc_line_680bf30d"
                    BASELINE="116 678 1064 685" 
                    HPOS="116"
                    VPOS="678"
                    WIDTH="948"
                    HEIGHT="7">
	    <String CONTENT=""
                    HPOS="116"
                    VPOS="678"
                    WIDTH="948"
                    HEIGHT="7"></String>
          </TextLine>
          <TextLine ID="eSc_line_ac576d74"
                    BASELINE="98 722 1093 730" 
                    HPOS="98"
                    VPOS="722"
                    WIDTH="995"
                    HEIGHT="8">
	    <String CONTENT=""
                    HPOS="98"
                    VPOS="722"
                    WIDTH="995"
                    HEIGHT="8"></String>
          </TextLine>
          <TextLine ID="eSc_line_c899e1b0"
                    BASELINE="105 769 1088 778" 
                    HPOS="105"
                    VPOS="769"
                    WIDTH="983"
                    HEIGHT="9">
	    <String CONTENT=""
                    HPOS="105"
                    VPOS="769"
                    WIDTH="983"
                    HEIGHT="9"></String>
          </TextLine>
          <TextLine ID="eSc_line_4afd3613"
                    BASELINE="730 813 889 818" 
                    HPOS="730"
                    VPOS="813"
                    WIDTH="159"
                    HEIGHT="5">
	    <String CONTENT=""
                    HPOS="730"
                    VPOS="813"
                    WIDTH="159"
                    HEIGHT="5"></String>
          </TextLine>
          <TextLine ID="eSc_line_48f87e91"
                    BASELINE="102 856 1058 864" 
                    HPOS="102"
                    VPOS="856"
                    WIDTH="956"
                    HEIGHT="8">
	    <String CONTENT=""
                    HPOS="102"
                    VPOS="856"
                    WIDTH="956"
                    HEIGHT="8"></String>
          </TextLine>
          <TextLine ID="eSc_line_b28e8d6a"
                    BASELINE="135 933 1083 939" 
                    HPOS="135"
                    VPOS="933"
                    WIDTH="948"
                    HEIGHT="6">
	    <String CONTENT=""
                    HPOS="135"
                    VPOS="933"
                    WIDTH="948"
                    HEIGHT="6"></String>
          </TextLine>
          <TextLine ID="eSc_line_394e9fd0"
                    BASELINE="767 980 918 978" 
                    HPOS="767"
                    VPOS="978"
                    WIDTH="151"
                    HEIGHT="2">
	    <String CONTENT=""
                    HPOS="767"
                    VPOS="978"
                    WIDTH="151"
                    HEIGHT="2"></String>
          </TextLine>
          <TextLine ID="eSc_line_7c26b2d2"
                    BASELINE="91 1019 1054 1025" 
                    HPOS="91"
                    VPOS="1019"
                    WIDTH="963"
                    HEIGHT="6">
	    <String CONTENT=""
                    HPOS="91"
                    VPOS="1019"
                    WIDTH="963"
                    HEIGHT="6"></String>
          </TextLine>
          <TextLine ID="eSc_line_c13fc6b2"
                    BASELINE="97 1065 1099 1070" 
                    HPOS="97"
                    VPOS="1065"
                    WIDTH="1002"
                    HEIGHT="5">
	    <String CONTENT=""
                    HPOS="97"
                    VPOS="1065"
                    WIDTH="1002"
                    HEIGHT="5"></String>
          </TextLine>
          <TextLine ID="eSc_line_6043aad5"
                    BASELINE="717 1107 925 1110" 
                    HPOS="717"
                    VPOS="1107"
                    WIDTH="208"
                    HEIGHT="3">
	    <String CONTENT=""
                    HPOS="717"
                    VPOS="1107"
                    WIDTH="208"
                    HEIGHT="3"></String>
          </TextLine>
          <TextLine ID="eSc_line_4ee8d2f2"
                    BASELINE="95 1148 997 1152" 
                    HPOS="95"
                    VPOS="1148"
                    WIDTH="902"
                    HEIGHT="4">
	    <String CONTENT=""
                    HPOS="95"
                    VPOS="1148"
                    WIDTH="902"
                    HEIGHT="4"></String>
          </TextLine>
        </TextBlock>
        <TextBlock HPOS="92"
                   VPOS="1225"
                   WIDTH="982"
                   HEIGHT="164"
                   ID="region_1719251631155_81"
                   TAGREFS="BT3208">
          <Shape><Polygon POINTS="1074 1389 180 1342 92 1389 92 1225 1074 1225"/></Shape>
          <TextLine ID="eSc_line_2f71c01b"
                    BASELINE="131 1296 1064 1298" 
                    HPOS="131"
                    VPOS="1296"
                    WIDTH="933"
                    HEIGHT="2">
	    <String CONTENT=""
                    HPOS="131"
                    VPOS="1296"
                    WIDTH="933"
                    HEIGHT="2"></String>
          </TextLine>
          <TextLine ID="eSc_line_5003fa67"
                    BASELINE="376 1349 804 1360" 
                    HPOS="376"
                    VPOS="1349"
                    WIDTH="428"
                    HEIGHT="11">
	    <String CONTENT=""
                    HPOS="376"
                    VPOS="1349"
                    WIDTH="428"
                    HEIGHT="11"></String>
          </TextLine>
        </TextBlock>
        <TextBlock HPOS="178"
                   VPOS="1383"
                   WIDTH="662"
                   HEIGHT="508"
                   ID="region_1719251639271_87"
                   TAGREFS="BT3210">
          <Shape><Polygon POINTS="840 1891 185 1889 178 1479 262 1476 267 1387 307 1393 840 1383"/></Shape>
          <TextLine ID="eSc_line_fe4b26f0"
                    BASELINE="328 1470 679 1471" 
                    HPOS="328"
                    VPOS="1470"
                    WIDTH="351"
                    HEIGHT="1">
	    <String CONTENT=""
                    HPOS="328"
                    VPOS="1470"
                    WIDTH="351"
                    HEIGHT="1"></String>
          </TextLine>
          <TextLine ID="eSc_line_3db11b22"
                    BASELINE="185 1503 722 1510" 
                    HPOS="185"
                    VPOS="1503"
                    WIDTH="537"
                    HEIGHT="7">
	    <String CONTENT=""
                    HPOS="185"
                    VPOS="1503"
                    WIDTH="537"
                    HEIGHT="7"></String>
          </TextLine>
          <TextLine ID="eSc_line_f0bf24dc"
                    BASELINE="301 1540 678 1547" 
                    HPOS="301"
                    VPOS="1540"
                    WIDTH="377"
                    HEIGHT="7">
	    <String CONTENT=""
                    HPOS="301"
                    VPOS="1540"
                    WIDTH="377"
                    HEIGHT="7"></String>
          </TextLine>
          <TextLine ID="eSc_line_19d7ca2b"
                    BASELINE="189 1607 828 1614" 
                    HPOS="189"
                    VPOS="1607"
                    WIDTH="639"
                    HEIGHT="7">
	    <String CONTENT=""
                    HPOS="189"
                    VPOS="1607"
                    WIDTH="639"
                    HEIGHT="7"></String>
          </TextLine>
          <TextLine ID="eSc_line_4e843a46"
                    BASELINE="300 1645 721 1643" 
                    HPOS="300"
                    VPOS="1643"
                    WIDTH="421"
                    HEIGHT="2">
	    <String CONTENT=""
                    HPOS="300"
                    VPOS="1643"
                    WIDTH="421"
                    HEIGHT="2"></String>
          </TextLine>
          <TextLine ID="eSc_line_f8cdc449"
                    BASELINE="189 1677 818 1683" 
                    HPOS="189"
                    VPOS="1677"
                    WIDTH="629"
                    HEIGHT="6">
	    <String CONTENT=""
                    HPOS="189"
                    VPOS="1677"
                    WIDTH="629"
                    HEIGHT="6"></String>
          </TextLine>
          <TextLine ID="eSc_line_0dc6e4fe"
                    BASELINE="290 1714 731 1719" 
                    HPOS="290"
                    VPOS="1714"
                    WIDTH="441"
                    HEIGHT="5">
	    <String CONTENT=""
                    HPOS="290"
                    VPOS="1714"
                    WIDTH="441"
                    HEIGHT="5"></String>
          </TextLine>
          <TextLine ID="eSc_line_fae75a37"
                    BASELINE="186 1783 718 1783" 
                    HPOS="186"
                    VPOS="1783"
                    WIDTH="532"
                    HEIGHT="0">
	    <String CONTENT=""
                    HPOS="186"
                    VPOS="1783"
                    WIDTH="532"
                    HEIGHT="0"></String>
          </TextLine>
          <TextLine ID="eSc_line_8fe9d25c"
                    BASELINE="293 1809 696 1817" 
                    HPOS="293"
                    VPOS="1809"
                    WIDTH="403"
                    HEIGHT="8">
	    <String CONTENT=""
                    HPOS="293"
                    VPOS="1809"
                    WIDTH="403"
                    HEIGHT="8"></String>
          </TextLine>
          <TextLine ID="eSc_line_18ab5ca2"
                    BASELINE="191 1847 708 1850" 
                    HPOS="191"
                    VPOS="1847"
                    WIDTH="517"
                    HEIGHT="3">
	    <String CONTENT=""
                    HPOS="191"
                    VPOS="1847"
                    WIDTH="517"
                    HEIGHT="3"></String>
          </TextLine>
          <TextLine ID="eSc_line_c8732471"
                    BASELINE="303 1880 762 1880" 
                    HPOS="303"
                    VPOS="1880"
                    WIDTH="459"
                    HEIGHT="0">
	    <String CONTENT=""
                    HPOS="303"
                    VPOS="1880"
                    WIDTH="459"
                    HEIGHT="0"></String>
          </TextLine>
        </TextBlock>
        <TextBlock HPOS="984"
                   VPOS="1155"
                   WIDTH="118"
                   HEIGHT="55"
                   ID="region_1719251620043_78"
                   TAGREFS="BT3208">
          <Shape><Polygon POINTS="1102 1210 986 1210 984 1155 1100 1155"/></Shape>
          <TextLine ID="eSc_line_49593f76"
                    BASELINE="995 1197 1104 1197" 
                    HPOS="995"
                    VPOS="1197"
                    WIDTH="109"
                    HEIGHT="0">
	    <String CONTENT=""
                    HPOS="995"
                    VPOS="1197"
                    WIDTH="109"
                    HEIGHT="0"></String>
          </TextLine>
        </TextBlock>
        <TextBlock HPOS="72"
                   VPOS="1894"
                   WIDTH="282"
                   HEIGHT="83"
                   ID="region_1719251648676_96"
                   TAGREFS="BT3208">
          <Shape><Polygon POINTS="354 1977 72 1971 73 1894 352 1894"/></Shape>
          <TextLine ID="eSc_line_5bac19e0"
                    BASELINE="83 1952 331 1955" 
                    HPOS="83"
                    VPOS="1952"
                    WIDTH="248"
                    HEIGHT="3">
	    <String CONTENT=""
                    HPOS="83"
                    VPOS="1952"
                    WIDTH="248"
                    HEIGHT="3"></String>
          </TextLine>
        </TextBlock>
        <TextBlock HPOS="689"
                   VPOS="1894"
                   WIDTH="84"
                   HEIGHT="65"
                   ID="region_1719251645684_93"
                   TAGREFS="BT3208">
          <Shape><Polygon POINTS="773 1959 689 1952 689 1894 758 1894"/></Shape>
          <TextLine ID="eSc_line_907ace39"
                    BASELINE="707 1949 752 1948" 
                    HPOS="707"
                    VPOS="1948"
                    WIDTH="45"
                    HEIGHT="1">
	    <String CONTENT=""
                    HPOS="707"
                    VPOS="1948"
                    WIDTH="45"
                    HEIGHT="1"></String>
          </TextLine>
        </TextBlock>
        <TextBlock HPOS="986"
                   VPOS="1888"
                   WIDTH="128"
                   HEIGHT="85"
                   ID="region_1719251641727_90"
                   TAGREFS="BT3208">
          <Shape><Polygon POINTS="1114 1973 986 1948 986 1888 1091 1888"/></Shape>
          <TextLine ID="eSc_line_496d7e20"
                    BASELINE="1016 1940 1093 1940" 
                    HPOS="1016"
                    VPOS="1940"
                    WIDTH="77"
                    HEIGHT="0">
	    <String CONTENT=""
                    HPOS="1016"
                    VPOS="1940"
                    WIDTH="77"
                    HEIGHT="0"></String>
          </TextLine>
        </TextBlock>
        <TextBlock HPOS="190"
                   VPOS="1354"
                   WIDTH="74"
                   HEIGHT="123"
                   ID="region_1719251633747_84"
                   TAGREFS="BT3210">
          <Shape><Polygon POINTS="257 1476 190 1477 191 1354 264 1354"/></Shape>
        </TextBlock>
        <TextBlock HPOS="81"
                   VPOS="221"
                   WIDTH="199"
                   HEIGHT="240"
                   ID="region_1719251606771_72"
                   TAGREFS="BT3210">
          <Shape><Polygon POINTS="279 461 86 461 81 221 280 221"/></Shape>
        </TextBlock>
        <TextBlock ID="eSc_dummyblock_">
          <TextLine ID="eSc_line_5ceafd10"
                    BASELINE="264 1436 733 1442" 
                    HPOS="264"
                    VPOS="1436"
                    WIDTH="469"
                    HEIGHT="6">
	    <String CONTENT=""
                    HPOS="264"
                    VPOS="1436"
                    WIDTH="469"
                    HEIGHT="6"></String>
          </TextLine>
        </TextBlock>
      </PrintSpace>
    </Page>
  </Layout>
</alto>
