<?xml version="1.0" encoding="UTF-8"?>
<alto xmlns:xsi="http://www.w3.org/2001/XMLSchema-instance"
      xmlns="http://www.loc.gov/standards/alto/ns-v4#"
      xsi:schemaLocation="http://www.loc.gov/standards/alto/ns-v4# http://www.loc.gov/standards/alto/v4/alto-4-2.xsd">
  <Description>
    <MeasurementUnit>pixel</MeasurementUnit>
    <sourceImageInformation>
      <fileName>1771,_Saemtliche_Poetische_Werke,_Bohn,_5._Aufl.,_Bd._3,_VD18_90396774_Seite_025_Bild_0001.jpg</fileName>
    </sourceImageInformation>
  </Description>
  <Tags>
    <OtherTag ID="BT1" LABEL="Title" DESCRIPTION="block type Title"/><OtherTag ID="BT2" LABEL="Main" DESCRIPTION="block type Main"/><OtherTag ID="BT3" LABEL="Commentary" DESCRIPTION="block type Commentary"/><OtherTag ID="BT4" LABEL="Illustration" DESCRIPTION="block type Illustration"/><OtherTag ID="BT3208" LABEL="heading" DESCRIPTION="block type heading"/><OtherTag ID="BT3209" LABEL="header" DESCRIPTION="block type header"/><OtherTag ID="BT3210" LABEL="paragraph" DESCRIPTION="block type paragraph"/><OtherTag ID="BT3211" LABEL="l-column" DESCRIPTION="block type l-column"/><OtherTag ID="BT3212" LABEL="r-column" DESCRIPTION="block type r-column"/><OtherTag ID="BT3213" LABEL="footnote" DESCRIPTION="block type footnote"/><OtherTag ID="BT3214" LABEL="marginalia" DESCRIPTION="block type marginalia"/><OtherTag ID="BT3215" LABEL="catch-word" DESCRIPTION="block type catch-word"/><OtherTag ID="BT3216" LABEL="column" DESCRIPTION="block type column"/>
  </Tags>
  <Layout>
    <Page WIDTH="1158"
          HEIGHT="2047"
          PHYSICAL_IMG_NR="45"
          ID="eSc_dummypage_">
      <PrintSpace HPOS="0"
                  VPOS="0"
                  WIDTH="1158"
                  HEIGHT="2047">
        <TextBlock HPOS="123"
                   VPOS="58"
                   WIDTH="84"
                   HEIGHT="77"
                   ID="region_1719491470943_21"
                   TAGREFS="BT3208">
          <Shape><Polygon POINTS="207 135 123 135 123 68 183 58 207 68"/></Shape>
          <TextLine ID="eSc_line_89207b1f"
                    BASELINE="129 125 191 128" 
                    HPOS="129"
                    VPOS="125"
                    WIDTH="62"
                    HEIGHT="3">
	    <String CONTENT=""
                    HPOS="129"
                    VPOS="125"
                    WIDTH="62"
                    HEIGHT="3"></String>
          </TextLine>
        </TextBlock>
        <TextBlock HPOS="116"
                   VPOS="145"
                   WIDTH="1021"
                   HEIGHT="145"
                   ID="region_1719491480586_27"
                   TAGREFS="BT3208">
          <Shape><Polygon POINTS="1137 249 1114 290 119 290 116 145 1111 145"/></Shape>
          <TextLine ID="eSc_line_e354464e"
                    BASELINE="153 240 1114 249" 
                    HPOS="153"
                    VPOS="240"
                    WIDTH="961"
                    HEIGHT="9">
	    <String CONTENT=""
                    HPOS="153"
                    VPOS="240"
                    WIDTH="961"
                    HEIGHT="9"></String>
          </TextLine>
        </TextBlock>
        <TextBlock HPOS="135"
                   VPOS="312"
                   WIDTH="874"
                   HEIGHT="922"
                   ID="region_1719491488855_33"
                   TAGREFS="BT3210">
          <Shape><Polygon POINTS="998 1234 135 1223 136 473 146 404 248 401 246 314 1009 312"/></Shape>
          <TextLine ID="eSc_line_05d2e662"
                    BASELINE="249 359 856 368" 
                    HPOS="249"
                    VPOS="359"
                    WIDTH="607"
                    HEIGHT="9">
	    <String CONTENT=""
                    HPOS="249"
                    VPOS="359"
                    WIDTH="607"
                    HEIGHT="9"></String>
          </TextLine>
          <TextLine ID="eSc_line_c37c5bbe"
                    BASELINE="258 398 820 407" 
                    HPOS="258"
                    VPOS="398"
                    WIDTH="562"
                    HEIGHT="9">
	    <String CONTENT=""
                    HPOS="258"
                    VPOS="398"
                    WIDTH="562"
                    HEIGHT="9"></String>
          </TextLine>
          <TextLine ID="eSc_line_a89dd803"
                    BASELINE="151 442 918 454" 
                    HPOS="151"
                    VPOS="442"
                    WIDTH="767"
                    HEIGHT="12">
	    <String CONTENT=""
                    HPOS="151"
                    VPOS="442"
                    WIDTH="767"
                    HEIGHT="12"></String>
          </TextLine>
          <TextLine ID="eSc_line_b14d1e48"
                    BASELINE="149 482 652 490" 
                    HPOS="149"
                    VPOS="482"
                    WIDTH="503"
                    HEIGHT="8">
	    <String CONTENT=""
                    HPOS="149"
                    VPOS="482"
                    WIDTH="503"
                    HEIGHT="8"></String>
          </TextLine>
          <TextLine ID="eSc_line_bcc60f5c"
                    BASELINE="152 527 750 534" 
                    HPOS="152"
                    VPOS="527"
                    WIDTH="598"
                    HEIGHT="7">
	    <String CONTENT=""
                    HPOS="152"
                    VPOS="527"
                    WIDTH="598"
                    HEIGHT="7"></String>
          </TextLine>
          <TextLine ID="eSc_line_93540b4a"
                    BASELINE="145 572 907 584" 
                    HPOS="145"
                    VPOS="572"
                    WIDTH="762"
                    HEIGHT="12">
	    <String CONTENT=""
                    HPOS="145"
                    VPOS="572"
                    WIDTH="762"
                    HEIGHT="12"></String>
          </TextLine>
          <TextLine ID="eSc_line_5631dd73"
                    BASELINE="145 613 948 630" 
                    HPOS="145"
                    VPOS="613"
                    WIDTH="803"
                    HEIGHT="17">
	    <String CONTENT=""
                    HPOS="145"
                    VPOS="613"
                    WIDTH="803"
                    HEIGHT="17"></String>
          </TextLine>
          <TextLine ID="eSc_line_275b795a"
                    BASELINE="142 659 794 667" 
                    HPOS="142"
                    VPOS="659"
                    WIDTH="652"
                    HEIGHT="8">
	    <String CONTENT=""
                    HPOS="142"
                    VPOS="659"
                    WIDTH="652"
                    HEIGHT="8"></String>
          </TextLine>
          <TextLine ID="eSc_line_cafb9bd5"
                    BASELINE="204 727 744 733" 
                    HPOS="204"
                    VPOS="727"
                    WIDTH="540"
                    HEIGHT="6">
	    <String CONTENT=""
                    HPOS="204"
                    VPOS="727"
                    WIDTH="540"
                    HEIGHT="6"></String>
          </TextLine>
          <TextLine ID="eSc_line_5b046d97"
                    BASELINE="145 765 745 778" 
                    HPOS="145"
                    VPOS="765"
                    WIDTH="600"
                    HEIGHT="13">
	    <String CONTENT=""
                    HPOS="145"
                    VPOS="765"
                    WIDTH="600"
                    HEIGHT="13"></String>
          </TextLine>
          <TextLine ID="eSc_line_9cb713be"
                    BASELINE="141 810 917 820" 
                    HPOS="141"
                    VPOS="810"
                    WIDTH="776"
                    HEIGHT="10">
	    <String CONTENT=""
                    HPOS="141"
                    VPOS="810"
                    WIDTH="776"
                    HEIGHT="10"></String>
          </TextLine>
          <TextLine ID="eSc_line_e4c8d920"
                    BASELINE="142 855 665 860" 
                    HPOS="142"
                    VPOS="855"
                    WIDTH="523"
                    HEIGHT="5">
	    <String CONTENT=""
                    HPOS="142"
                    VPOS="855"
                    WIDTH="523"
                    HEIGHT="5"></String>
          </TextLine>
          <TextLine ID="eSc_line_f5924953"
                    BASELINE="141 897 986 907" 
                    HPOS="141"
                    VPOS="897"
                    WIDTH="845"
                    HEIGHT="10">
	    <String CONTENT=""
                    HPOS="141"
                    VPOS="897"
                    WIDTH="845"
                    HEIGHT="10"></String>
          </TextLine>
          <TextLine ID="eSc_line_7e58e87d"
                    BASELINE="144 940 957 951" 
                    HPOS="144"
                    VPOS="940"
                    WIDTH="813"
                    HEIGHT="11">
	    <String CONTENT=""
                    HPOS="144"
                    VPOS="940"
                    WIDTH="813"
                    HEIGHT="11"></String>
          </TextLine>
          <TextLine ID="eSc_line_7c00727a"
                    BASELINE="143 981 922 995" 
                    HPOS="143"
                    VPOS="981"
                    WIDTH="779"
                    HEIGHT="14">
	    <String CONTENT=""
                    HPOS="143"
                    VPOS="981"
                    WIDTH="779"
                    HEIGHT="14"></String>
          </TextLine>
          <TextLine ID="eSc_line_b4914ed3"
                    BASELINE="136 1026 930 1039" 
                    HPOS="136"
                    VPOS="1026"
                    WIDTH="794"
                    HEIGHT="13">
	    <String CONTENT=""
                    HPOS="136"
                    VPOS="1026"
                    WIDTH="794"
                    HEIGHT="13"></String>
          </TextLine>
          <TextLine ID="eSc_line_0a52ba2f"
                    BASELINE="201 1093 745 1104" 
                    HPOS="201"
                    VPOS="1093"
                    WIDTH="544"
                    HEIGHT="11">
	    <String CONTENT=""
                    HPOS="201"
                    VPOS="1093"
                    WIDTH="544"
                    HEIGHT="11"></String>
          </TextLine>
          <TextLine ID="eSc_line_b3125836"
                    BASELINE="141 1133 682 1146" 
                    HPOS="141"
                    VPOS="1133"
                    WIDTH="541"
                    HEIGHT="13">
	    <String CONTENT=""
                    HPOS="141"
                    VPOS="1133"
                    WIDTH="541"
                    HEIGHT="13"></String>
          </TextLine>
          <TextLine ID="eSc_line_78b85839"
                    BASELINE="139 1178 913 1186" 
                    HPOS="139"
                    VPOS="1178"
                    WIDTH="774"
                    HEIGHT="8">
	    <String CONTENT=""
                    HPOS="139"
                    VPOS="1178"
                    WIDTH="774"
                    HEIGHT="8"></String>
          </TextLine>
          <TextLine ID="eSc_line_9dd4f6e6"
                    BASELINE="136 1219 652 1228" 
                    HPOS="136"
                    VPOS="1219"
                    WIDTH="516"
                    HEIGHT="9">
	    <String CONTENT=""
                    HPOS="136"
                    VPOS="1219"
                    WIDTH="516"
                    HEIGHT="9"></String>
          </TextLine>
        </TextBlock>
        <TextBlock HPOS="420"
                   VPOS="35"
                   WIDTH="385"
                   HEIGHT="100"
                   ID="region_1719491476262_24"
                   TAGREFS="BT3209">
          <Shape><Polygon POINTS="805 135 420 135 420 56 630 35 805 56"/></Shape>
          <TextLine ID="eSc_line_b514a754"
                    BASELINE="443 125 800 126" 
                    HPOS="443"
                    VPOS="125"
                    WIDTH="357"
                    HEIGHT="1">
	    <String CONTENT=""
                    HPOS="443"
                    VPOS="125"
                    WIDTH="357"
                    HEIGHT="1"></String>
          </TextLine>
        </TextBlock>
        <TextBlock HPOS="269"
                   VPOS="1268"
                   WIDTH="650"
                   HEIGHT="666"
                   ID="region_1719491506519_48"
                   TAGREFS="BT3210">
          <Shape><Polygon POINTS="919 1918 269 1934 294 1426 295 1340 356 1348 360 1274 902 1268"/></Shape>
          <TextLine ID="eSc_line_83a42aed"
                    BASELINE="358 1335 827 1346" 
                    HPOS="358"
                    VPOS="1335"
                    WIDTH="469"
                    HEIGHT="11">
	    <String CONTENT=""
                    HPOS="358"
                    VPOS="1335"
                    WIDTH="469"
                    HEIGHT="11"></String>
          </TextLine>
          <TextLine ID="eSc_line_2c6fd224"
                    BASELINE="299 1378 837 1383" 
                    HPOS="299"
                    VPOS="1378"
                    WIDTH="538"
                    HEIGHT="5">
	    <String CONTENT=""
                    HPOS="299"
                    VPOS="1378"
                    WIDTH="538"
                    HEIGHT="5"></String>
          </TextLine>
          <TextLine ID="eSc_line_a049809b"
                    BASELINE="365 1413 841 1417" 
                    HPOS="365"
                    VPOS="1413"
                    WIDTH="476"
                    HEIGHT="4">
	    <String CONTENT=""
                    HPOS="365"
                    VPOS="1413"
                    WIDTH="476"
                    HEIGHT="4"></String>
          </TextLine>
          <TextLine ID="eSc_line_6d2a4b61"
                    BASELINE="418 1447 796 1458" 
                    HPOS="418"
                    VPOS="1447"
                    WIDTH="378"
                    HEIGHT="11">
	    <String CONTENT=""
                    HPOS="418"
                    VPOS="1447"
                    WIDTH="378"
                    HEIGHT="11"></String>
          </TextLine>
          <TextLine ID="eSc_line_3521fd26"
                    BASELINE="302 1490 733 1495" 
                    HPOS="302"
                    VPOS="1490"
                    WIDTH="431"
                    HEIGHT="5">
	    <String CONTENT=""
                    HPOS="302"
                    VPOS="1490"
                    WIDTH="431"
                    HEIGHT="5"></String>
          </TextLine>
          <TextLine ID="eSc_line_f7fbf3f0"
                    BASELINE="293 1529 895 1532" 
                    HPOS="293"
                    VPOS="1529"
                    WIDTH="602"
                    HEIGHT="3">
	    <String CONTENT=""
                    HPOS="293"
                    VPOS="1529"
                    WIDTH="602"
                    HEIGHT="3"></String>
          </TextLine>
          <TextLine ID="eSc_line_4b2bc9f3"
                    BASELINE="357 1562 775 1565" 
                    HPOS="357"
                    VPOS="1562"
                    WIDTH="418"
                    HEIGHT="3">
	    <String CONTENT=""
                    HPOS="357"
                    VPOS="1562"
                    WIDTH="418"
                    HEIGHT="3"></String>
          </TextLine>
          <TextLine ID="eSc_line_1373d28f"
                    BASELINE="409 1598 890 1596" 
                    HPOS="409"
                    VPOS="1596"
                    WIDTH="481"
                    HEIGHT="2">
	    <String CONTENT=""
                    HPOS="409"
                    VPOS="1596"
                    WIDTH="481"
                    HEIGHT="2"></String>
          </TextLine>
          <TextLine ID="eSc_line_3f2ecd3e"
                    BASELINE="288 1644 865 1645" 
                    HPOS="288"
                    VPOS="1644"
                    WIDTH="577"
                    HEIGHT="1">
	    <String CONTENT=""
                    HPOS="288"
                    VPOS="1644"
                    WIDTH="577"
                    HEIGHT="1"></String>
          </TextLine>
          <TextLine ID="eSc_line_e5098da6"
                    BASELINE="283 1684 771 1681" 
                    HPOS="283"
                    VPOS="1681"
                    WIDTH="488"
                    HEIGHT="3">
	    <String CONTENT=""
                    HPOS="283"
                    VPOS="1681"
                    WIDTH="488"
                    HEIGHT="3"></String>
          </TextLine>
          <TextLine ID="eSc_line_643753fc"
                    BASELINE="362 1713 748 1712" 
                    HPOS="362"
                    VPOS="1712"
                    WIDTH="386"
                    HEIGHT="1">
	    <String CONTENT=""
                    HPOS="362"
                    VPOS="1712"
                    WIDTH="386"
                    HEIGHT="1"></String>
          </TextLine>
          <TextLine ID="eSc_line_aeff5949"
                    BASELINE="418 1751 812 1748" 
                    HPOS="418"
                    VPOS="1748"
                    WIDTH="394"
                    HEIGHT="3">
	    <String CONTENT=""
                    HPOS="418"
                    VPOS="1748"
                    WIDTH="394"
                    HEIGHT="3"></String>
          </TextLine>
          <TextLine ID="eSc_line_918efc48"
                    BASELINE="290 1799 850 1799" 
                    HPOS="290"
                    VPOS="1799"
                    WIDTH="560"
                    HEIGHT="0">
	    <String CONTENT=""
                    HPOS="290"
                    VPOS="1799"
                    WIDTH="560"
                    HEIGHT="0"></String>
          </TextLine>
          <TextLine ID="eSc_line_57ee0d63"
                    BASELINE="291 1836 825 1835" 
                    HPOS="291"
                    VPOS="1835"
                    WIDTH="534"
                    HEIGHT="1">
	    <String CONTENT=""
                    HPOS="291"
                    VPOS="1835"
                    WIDTH="534"
                    HEIGHT="1"></String>
          </TextLine>
          <TextLine ID="eSc_line_2dda06d4"
                    BASELINE="360 1868 767 1869" 
                    HPOS="360"
                    VPOS="1868"
                    WIDTH="407"
                    HEIGHT="1">
	    <String CONTENT=""
                    HPOS="360"
                    VPOS="1868"
                    WIDTH="407"
                    HEIGHT="1"></String>
          </TextLine>
          <TextLine ID="eSc_line_625ae6a6"
                    BASELINE="411 1910 871 1901" 
                    HPOS="411"
                    VPOS="1901"
                    WIDTH="460"
                    HEIGHT="9">
	    <String CONTENT=""
                    HPOS="411"
                    VPOS="1901"
                    WIDTH="460"
                    HEIGHT="9"></String>
          </TextLine>
        </TextBlock>
        <TextBlock HPOS="1018"
                   VPOS="1220"
                   WIDTH="107"
                   HEIGHT="85"
                   ID="region_1719491499371_42"
                   TAGREFS="BT3208">
          <Shape><Polygon POINTS="1125 1305 1064 1282 1018 1305 1018 1220 1125 1220"/></Shape>
          <TextLine ID="eSc_line_0b9f57d5"
                    BASELINE="1033 1273 1107 1273" 
                    HPOS="1033"
                    VPOS="1273"
                    WIDTH="74"
                    HEIGHT="0">
	    <String CONTENT=""
                    HPOS="1033"
                    VPOS="1273"
                    WIDTH="74"
                    HEIGHT="0"></String>
          </TextLine>
        </TextBlock>
        <TextBlock HPOS="1008"
                   VPOS="1877"
                   WIDTH="124"
                   HEIGHT="91"
                   ID="region_1719491528085_60"
                   TAGREFS="BT3208">
          <Shape><Polygon POINTS="1132 1968 1075 1951 1008 1968 1008 1877 1132 1877"/></Shape>
          <TextLine ID="eSc_line_41416ff5"
                    BASELINE="1018 1940 1107 1937" 
                    HPOS="1018"
                    VPOS="1937"
                    WIDTH="89"
                    HEIGHT="3">
	    <String CONTENT=""
                    HPOS="1018"
                    VPOS="1937"
                    WIDTH="89"
                    HEIGHT="3"></String>
          </TextLine>
        </TextBlock>
        <TextBlock HPOS="142"
                   VPOS="311"
                   WIDTH="104"
                   HEIGHT="89"
                   ID="region_1719491484855_30"
                   TAGREFS="BT3210">
          <Shape><Polygon POINTS="246 398 145 400 142 313 243 311"/></Shape>
        </TextBlock>
        <TextBlock HPOS="288"
                   VPOS="1271"
                   WIDTH="85"
                   HEIGHT="77"
                   ID="region_1719491502763_45"
                   TAGREFS="BT3210">
          <Shape><Polygon POINTS="349 1325 373 1348 297 1339 288 1271 350 1276"/></Shape>
        </TextBlock>
        <TextBlock ID="eSc_dummyblock_">
          <TextLine ID="eSc_line_5159ef00"
                    BASELINE="438 290 821 291" 
                    HPOS="438"
                    VPOS="290"
                    WIDTH="383"
                    HEIGHT="1">
	    <String CONTENT=""
                    HPOS="438"
                    VPOS="290"
                    WIDTH="383"
                    HEIGHT="1"></String>
          </TextLine>
        </TextBlock>
      </PrintSpace>
    </Page>
  </Layout>
</alto>
