<?xml version="1.0" encoding="UTF-8"?>
<alto xmlns:xsi="http://www.w3.org/2001/XMLSchema-instance"
      xmlns="http://www.loc.gov/standards/alto/ns-v4#"
      xsi:schemaLocation="http://www.loc.gov/standards/alto/ns-v4# http://www.loc.gov/standards/alto/v4/alto-4-2.xsd">
  <Description>
    <MeasurementUnit>pixel</MeasurementUnit>
    <sourceImageInformation>
      <fileName>1771,_Saemtliche_Poetische_Werke,_Bohn,_5._Aufl.,_Bd._2,_VD18_90396766_Seite_065_Bild_0001.jpg</fileName>
    </sourceImageInformation>
  </Description>
  <Tags>
    <OtherTag ID="BT1" LABEL="Title" DESCRIPTION="block type Title"/><OtherTag ID="BT2" LABEL="Main" DESCRIPTION="block type Main"/><OtherTag ID="BT3" LABEL="Commentary" DESCRIPTION="block type Commentary"/><OtherTag ID="BT4" LABEL="Illustration" DESCRIPTION="block type Illustration"/><OtherTag ID="BT3208" LABEL="heading" DESCRIPTION="block type heading"/><OtherTag ID="BT3209" LABEL="header" DESCRIPTION="block type header"/><OtherTag ID="BT3210" LABEL="paragraph" DESCRIPTION="block type paragraph"/><OtherTag ID="BT3211" LABEL="l-column" DESCRIPTION="block type l-column"/><OtherTag ID="BT3212" LABEL="r-column" DESCRIPTION="block type r-column"/><OtherTag ID="BT3213" LABEL="footnote" DESCRIPTION="block type footnote"/><OtherTag ID="BT3214" LABEL="marginalia" DESCRIPTION="block type marginalia"/><OtherTag ID="BT3215" LABEL="catch-word" DESCRIPTION="block type catch-word"/><OtherTag ID="BT3216" LABEL="column" DESCRIPTION="block type column"/>
  </Tags>
  <Layout>
    <Page WIDTH="1147"
          HEIGHT="2055"
          PHYSICAL_IMG_NR="43"
          ID="eSc_dummypage_">
      <PrintSpace HPOS="0"
                  VPOS="0"
                  WIDTH="1147"
                  HEIGHT="2055">
        <TextBlock HPOS="109"
                   VPOS="70"
                   WIDTH="82"
                   HEIGHT="71"
                   ID="region_1719481428106_6"
                   TAGREFS="BT3208">
          <Shape><Polygon POINTS="190 141 109 141 116 77 191 70"/></Shape>
          <TextLine ID="eSc_line_5d493b67"
                    BASELINE="125 130 178 135" 
                    HPOS="125"
                    VPOS="130"
                    WIDTH="53"
                    HEIGHT="5">
	    <String CONTENT=""
                    HPOS="125"
                    VPOS="130"
                    WIDTH="53"
                    HEIGHT="5"></String>
          </TextLine>
        </TextBlock>
        <TextBlock HPOS="90"
                   VPOS="153"
                   WIDTH="875"
                   HEIGHT="358"
                   ID="region_1719481436419_12"
                   TAGREFS="BT3210">
          <Shape><Polygon POINTS="965 511 100 511 90 156 965 153"/></Shape>
          <TextLine ID="eSc_line_27b12ea0"
                    BASELINE="121 210 672 202" 
                    HPOS="121"
                    VPOS="202"
                    WIDTH="551"
                    HEIGHT="8">
	    <String CONTENT=""
                    HPOS="121"
                    VPOS="202"
                    WIDTH="551"
                    HEIGHT="8"></String>
          </TextLine>
          <TextLine ID="eSc_line_d6c1a0fb"
                    BASELINE="140 252 865 245" 
                    HPOS="140"
                    VPOS="245"
                    WIDTH="725"
                    HEIGHT="7">
	    <String CONTENT=""
                    HPOS="140"
                    VPOS="245"
                    WIDTH="725"
                    HEIGHT="7"></String>
          </TextLine>
          <TextLine ID="eSc_line_a5651ddb"
                    BASELINE="135 295 903 287" 
                    HPOS="135"
                    VPOS="287"
                    WIDTH="768"
                    HEIGHT="8">
	    <String CONTENT=""
                    HPOS="135"
                    VPOS="287"
                    WIDTH="768"
                    HEIGHT="8"></String>
          </TextLine>
          <TextLine ID="eSc_line_f7e513ba"
                    BASELINE="126 339 790 329" 
                    HPOS="126"
                    VPOS="329"
                    WIDTH="664"
                    HEIGHT="10">
	    <String CONTENT=""
                    HPOS="126"
                    VPOS="329"
                    WIDTH="664"
                    HEIGHT="10"></String>
          </TextLine>
          <TextLine ID="eSc_line_115db91d"
                    BASELINE="199 379 924 369" 
                    HPOS="199"
                    VPOS="369"
                    WIDTH="725"
                    HEIGHT="10">
	    <String CONTENT=""
                    HPOS="199"
                    VPOS="369"
                    WIDTH="725"
                    HEIGHT="10"></String>
          </TextLine>
          <TextLine ID="eSc_line_9a74bf42"
                    BASELINE="129 423 735 418" 
                    HPOS="129"
                    VPOS="418"
                    WIDTH="606"
                    HEIGHT="5">
	    <String CONTENT=""
                    HPOS="129"
                    VPOS="418"
                    WIDTH="606"
                    HEIGHT="5"></String>
          </TextLine>
          <TextLine ID="eSc_line_37be72ee"
                    BASELINE="124 469 768 460" 
                    HPOS="124"
                    VPOS="460"
                    WIDTH="644"
                    HEIGHT="9">
	    <String CONTENT=""
                    HPOS="124"
                    VPOS="460"
                    WIDTH="644"
                    HEIGHT="9"></String>
          </TextLine>
          <TextLine ID="eSc_line_7bad9573"
                    BASELINE="135 511 756 507" 
                    HPOS="135"
                    VPOS="507"
                    WIDTH="621"
                    HEIGHT="4">
	    <String CONTENT=""
                    HPOS="135"
                    VPOS="507"
                    WIDTH="621"
                    HEIGHT="4"></String>
          </TextLine>
        </TextBlock>
        <TextBlock HPOS="365"
                   VPOS="38"
                   WIDTH="517"
                   HEIGHT="96"
                   ID="region_1719481431323_9"
                   TAGREFS="BT3209">
          <Shape><Polygon POINTS="882 134 365 134 365 38 882 38"/></Shape>
          <TextLine ID="eSc_line_6c6e29e2"
                    BASELINE="376 130 868 128" 
                    HPOS="376"
                    VPOS="128"
                    WIDTH="492"
                    HEIGHT="2">
	    <String CONTENT=""
                    HPOS="376"
                    VPOS="128"
                    WIDTH="492"
                    HEIGHT="2"></String>
          </TextLine>
        </TextBlock>
        <TextBlock HPOS="85"
                   VPOS="613"
                   WIDTH="1027"
                   HEIGHT="166"
                   ID="region_1719481442707_15"
                   TAGREFS="BT3208">
          <Shape><Polygon POINTS="1112 779 85 779 106 625 1112 613"/></Shape>
          <TextLine ID="eSc_line_50c3435b"
                    BASELINE="571 682 711 680" 
                    HPOS="571"
                    VPOS="680"
                    WIDTH="140"
                    HEIGHT="2">
	    <String CONTENT=""
                    HPOS="571"
                    VPOS="680"
                    WIDTH="140"
                    HEIGHT="2"></String>
          </TextLine>
          <TextLine ID="eSc_line_5fe6f81a"
                    BASELINE="132 776 1114 770" 
                    HPOS="132"
                    VPOS="770"
                    WIDTH="982"
                    HEIGHT="6">
	    <String CONTENT=""
                    HPOS="132"
                    VPOS="770"
                    WIDTH="982"
                    HEIGHT="6"></String>
          </TextLine>
        </TextBlock>
        <TextBlock HPOS="111"
                   VPOS="790"
                   WIDTH="1003"
                   HEIGHT="625"
                   ID="region_1719481452811_21"
                   TAGREFS="BT3210">
          <Shape><Polygon POINTS="1113 1415 111 1414 118 954 117 896 199 889 197 795 1114 790"/></Shape>
          <TextLine ID="eSc_line_3cd1ae3c"
                    BASELINE="200 846 949 841" 
                    HPOS="200"
                    VPOS="841"
                    WIDTH="749"
                    HEIGHT="5">
	    <String CONTENT=""
                    HPOS="200"
                    VPOS="841"
                    WIDTH="749"
                    HEIGHT="5"></String>
          </TextLine>
          <TextLine ID="eSc_line_1d914a48"
                    BASELINE="218 889 854 883" 
                    HPOS="218"
                    VPOS="883"
                    WIDTH="636"
                    HEIGHT="6">
	    <String CONTENT=""
                    HPOS="218"
                    VPOS="883"
                    WIDTH="636"
                    HEIGHT="6"></String>
          </TextLine>
          <TextLine ID="eSc_line_2d0efdf1"
                    BASELINE="128 932 631 924" 
                    HPOS="128"
                    VPOS="924"
                    WIDTH="503"
                    HEIGHT="8">
	    <String CONTENT=""
                    HPOS="128"
                    VPOS="924"
                    WIDTH="503"
                    HEIGHT="8"></String>
          </TextLine>
          <TextLine ID="eSc_line_3843a4b9"
                    BASELINE="141 974 775 966" 
                    HPOS="141"
                    VPOS="966"
                    WIDTH="634"
                    HEIGHT="8">
	    <String CONTENT=""
                    HPOS="141"
                    VPOS="966"
                    WIDTH="634"
                    HEIGHT="8"></String>
          </TextLine>
          <TextLine ID="eSc_line_e03dbd0f"
                    BASELINE="136 1021 634 1014" 
                    HPOS="136"
                    VPOS="1014"
                    WIDTH="498"
                    HEIGHT="7">
	    <String CONTENT=""
                    HPOS="136"
                    VPOS="1014"
                    WIDTH="498"
                    HEIGHT="7"></String>
          </TextLine>
          <TextLine ID="eSc_line_c0fa29fe"
                    BASELINE="136 1056 727 1055" 
                    HPOS="136"
                    VPOS="1055"
                    WIDTH="591"
                    HEIGHT="1">
	    <String CONTENT=""
                    HPOS="136"
                    VPOS="1055"
                    WIDTH="591"
                    HEIGHT="1"></String>
          </TextLine>
          <TextLine ID="eSc_line_d1544085"
                    BASELINE="129 1107 629 1098" 
                    HPOS="129"
                    VPOS="1098"
                    WIDTH="500"
                    HEIGHT="9">
	    <String CONTENT=""
                    HPOS="129"
                    VPOS="1098"
                    WIDTH="500"
                    HEIGHT="9"></String>
          </TextLine>
          <TextLine ID="eSc_line_be180631"
                    BASELINE="142 1152 1000 1134" 
                    HPOS="142"
                    VPOS="1134"
                    WIDTH="858"
                    HEIGHT="18">
	    <String CONTENT=""
                    HPOS="142"
                    VPOS="1134"
                    WIDTH="858"
                    HEIGHT="18"></String>
          </TextLine>
          <TextLine ID="eSc_line_05a7279c"
                    BASELINE="139 1194 814 1186" 
                    HPOS="139"
                    VPOS="1186"
                    WIDTH="675"
                    HEIGHT="8">
	    <String CONTENT=""
                    HPOS="139"
                    VPOS="1186"
                    WIDTH="675"
                    HEIGHT="8"></String>
          </TextLine>
          <TextLine ID="eSc_line_ca151640"
                    BASELINE="140 1236 675 1232" 
                    HPOS="140"
                    VPOS="1232"
                    WIDTH="535"
                    HEIGHT="4">
	    <String CONTENT=""
                    HPOS="140"
                    VPOS="1232"
                    WIDTH="535"
                    HEIGHT="4"></String>
          </TextLine>
          <TextLine ID="eSc_line_2f7808b9"
                    BASELINE="185 1277 1104 1257" 
                    HPOS="185"
                    VPOS="1257"
                    WIDTH="919"
                    HEIGHT="20">
	    <String CONTENT=""
                    HPOS="185"
                    VPOS="1257"
                    WIDTH="919"
                    HEIGHT="20"></String>
          </TextLine>
          <TextLine ID="eSc_line_69f376b1"
                    BASELINE="140 1321 716 1316" 
                    HPOS="140"
                    VPOS="1316"
                    WIDTH="576"
                    HEIGHT="5">
	    <String CONTENT=""
                    HPOS="140"
                    VPOS="1316"
                    WIDTH="576"
                    HEIGHT="5"></String>
          </TextLine>
          <TextLine ID="eSc_line_210a9f4f"
                    BASELINE="144 1364 664 1354" 
                    HPOS="144"
                    VPOS="1354"
                    WIDTH="520"
                    HEIGHT="10">
	    <String CONTENT=""
                    HPOS="144"
                    VPOS="1354"
                    WIDTH="520"
                    HEIGHT="10"></String>
          </TextLine>
          <TextLine ID="eSc_line_62489c85"
                    BASELINE="140 1411 797 1403" 
                    HPOS="140"
                    VPOS="1403"
                    WIDTH="657"
                    HEIGHT="8">
	    <String CONTENT=""
                    HPOS="140"
                    VPOS="1403"
                    WIDTH="657"
                    HEIGHT="8"></String>
          </TextLine>
        </TextBlock>
        <TextBlock HPOS="100"
                   VPOS="1449"
                   WIDTH="907"
                   HEIGHT="187"
                   ID="region_1719481459639_24"
                   TAGREFS="BT3210">
          <Shape><Polygon POINTS="960 1624 100 1636 101 1453 1007 1449"/></Shape>
          <TextLine ID="eSc_line_e6725177"
                    BASELINE="183 1504 980 1493" 
                    HPOS="183"
                    VPOS="1493"
                    WIDTH="797"
                    HEIGHT="11">
	    <String CONTENT=""
                    HPOS="183"
                    VPOS="1493"
                    WIDTH="797"
                    HEIGHT="11"></String>
          </TextLine>
          <TextLine ID="eSc_line_e6104222"
                    BASELINE="133 1554 738 1537" 
                    HPOS="133"
                    VPOS="1537"
                    WIDTH="605"
                    HEIGHT="17">
	    <String CONTENT=""
                    HPOS="133"
                    VPOS="1537"
                    WIDTH="605"
                    HEIGHT="17"></String>
          </TextLine>
          <TextLine ID="eSc_line_5c775a2a"
                    BASELINE="127 1592 758 1580" 
                    HPOS="127"
                    VPOS="1580"
                    WIDTH="631"
                    HEIGHT="12">
	    <String CONTENT=""
                    HPOS="127"
                    VPOS="1580"
                    WIDTH="631"
                    HEIGHT="12"></String>
          </TextLine>
          <TextLine ID="eSc_line_eaa123e5"
                    BASELINE="130 1634 685 1626" 
                    HPOS="130"
                    VPOS="1626"
                    WIDTH="555"
                    HEIGHT="8">
	    <String CONTENT=""
                    HPOS="130"
                    VPOS="1626"
                    WIDTH="555"
                    HEIGHT="8"></String>
          </TextLine>
        </TextBlock>
        <TextBlock HPOS="122"
                   VPOS="1731"
                   WIDTH="495"
                   HEIGHT="231"
                   ID="region_1719481483311_33"
                   TAGREFS="BT3211">
          <Shape><Polygon POINTS="615 1962 122 1951 122 1731 617 1731"/></Shape>
          <TextLine ID="eSc_line_194a373a"
                    BASELINE="139 1779 609 1769" 
                    HPOS="139"
                    VPOS="1769"
                    WIDTH="470"
                    HEIGHT="10">
	    <String CONTENT=""
                    HPOS="139"
                    VPOS="1769"
                    WIDTH="470"
                    HEIGHT="10"></String>
          </TextLine>
          <TextLine ID="eSc_line_3b5647e2"
                    BASELINE="225 1823 607 1805" 
                    HPOS="225"
                    VPOS="1805"
                    WIDTH="382"
                    HEIGHT="18">
	    <String CONTENT=""
                    HPOS="225"
                    VPOS="1805"
                    WIDTH="382"
                    HEIGHT="18"></String>
          </TextLine>
          <TextLine ID="eSc_line_69d28acc"
                    BASELINE="169 1857 601 1853" 
                    HPOS="169"
                    VPOS="1853"
                    WIDTH="432"
                    HEIGHT="4">
	    <String CONTENT=""
                    HPOS="169"
                    VPOS="1853"
                    WIDTH="432"
                    HEIGHT="4"></String>
          </TextLine>
          <TextLine ID="eSc_line_9535830f"
                    BASELINE="350 1896 516 1890" 
                    HPOS="350"
                    VPOS="1890"
                    WIDTH="166"
                    HEIGHT="6">
	    <String CONTENT=""
                    HPOS="350"
                    VPOS="1890"
                    WIDTH="166"
                    HEIGHT="6"></String>
          </TextLine>
          <TextLine ID="eSc_line_55811422"
                    BASELINE="263 1939 601 1938" 
                    HPOS="263"
                    VPOS="1938"
                    WIDTH="338"
                    HEIGHT="1">
	    <String CONTENT=""
                    HPOS="263"
                    VPOS="1938"
                    WIDTH="338"
                    HEIGHT="1"></String>
          </TextLine>
        </TextBlock>
        <TextBlock HPOS="628"
                   VPOS="1720"
                   WIDTH="480"
                   HEIGHT="241"
                   ID="region_1719481488171_36"
                   TAGREFS="BT3212">
          <Shape><Polygon POINTS="1108 1961 628 1957 628 1720 1108 1724"/></Shape>
          <TextLine ID="eSc_line_81f4c8f5"
                    BASELINE="675 1759 1112 1747" 
                    HPOS="675"
                    VPOS="1747"
                    WIDTH="437"
                    HEIGHT="12">
	    <String CONTENT=""
                    HPOS="675"
                    VPOS="1747"
                    WIDTH="437"
                    HEIGHT="12"></String>
          </TextLine>
          <TextLine ID="eSc_line_4a0903ef"
                    BASELINE="644 1791 1113 1780" 
                    HPOS="644"
                    VPOS="1780"
                    WIDTH="469"
                    HEIGHT="11">
	    <String CONTENT=""
                    HPOS="644"
                    VPOS="1780"
                    WIDTH="469"
                    HEIGHT="11"></String>
          </TextLine>
          <TextLine ID="eSc_line_d480806a"
                    BASELINE="649 1832 1112 1815" 
                    HPOS="649"
                    VPOS="1815"
                    WIDTH="463"
                    HEIGHT="17">
	    <String CONTENT=""
                    HPOS="649"
                    VPOS="1815"
                    WIDTH="463"
                    HEIGHT="17"></String>
          </TextLine>
          <TextLine ID="eSc_line_80aa01f6"
                    BASELINE="638 1866 1098 1852" 
                    HPOS="638"
                    VPOS="1852"
                    WIDTH="460"
                    HEIGHT="14">
	    <String CONTENT=""
                    HPOS="638"
                    VPOS="1852"
                    WIDTH="460"
                    HEIGHT="14"></String>
          </TextLine>
          <TextLine ID="eSc_line_fd8a8126"
                    BASELINE="642 1905 1102 1885" 
                    HPOS="642"
                    VPOS="1885"
                    WIDTH="460"
                    HEIGHT="20">
	    <String CONTENT=""
                    HPOS="642"
                    VPOS="1885"
                    WIDTH="460"
                    HEIGHT="20"></String>
          </TextLine>
          <TextLine ID="eSc_line_66fb7d0f"
                    BASELINE="651 1936 1101 1919" 
                    HPOS="651"
                    VPOS="1919"
                    WIDTH="450"
                    HEIGHT="17">
	    <String CONTENT=""
                    HPOS="651"
                    VPOS="1919"
                    WIDTH="450"
                    HEIGHT="17"></String>
          </TextLine>
          <TextLine ID="eSc_line_1ea66825"
                    BASELINE="1018 1956 1107 1950" 
                    HPOS="1018"
                    VPOS="1950"
                    WIDTH="89"
                    HEIGHT="6">
	    <String CONTENT=""
                    HPOS="1018"
                    VPOS="1950"
                    WIDTH="89"
                    HEIGHT="6"></String>
          </TextLine>
        </TextBlock>
        <TextBlock HPOS="1016"
                   VPOS="1596"
                   WIDTH="87"
                   HEIGHT="84"
                   ID="region_1719481462167_27"
                   TAGREFS="BT3208">
          <Shape><Polygon POINTS="1103 1680 1016 1679 1016 1596 1103 1597"/></Shape>
          <TextLine ID="eSc_line_34b6f6c6"
                    BASELINE="1029 1671 1101 1668" 
                    HPOS="1029"
                    VPOS="1668"
                    WIDTH="72"
                    HEIGHT="3">
	    <String CONTENT=""
                    HPOS="1029"
                    VPOS="1668"
                    WIDTH="72"
                    HEIGHT="3"></String>
          </TextLine>
        </TextBlock>
        <TextBlock HPOS="119"
                   VPOS="794"
                   WIDTH="78"
                   HEIGHT="94"
                   ID="region_1719481446515_18"
                   TAGREFS="BT3210">
          <Shape><Polygon POINTS="197 888 119 888 119 794 197 794"/></Shape>
        </TextBlock>
      </PrintSpace>
    </Page>
  </Layout>
</alto>
