<?xml version="1.0" encoding="UTF-8"?>
<alto xmlns:xsi="http://www.w3.org/2001/XMLSchema-instance"
      xmlns="http://www.loc.gov/standards/alto/ns-v4#"
      xsi:schemaLocation="http://www.loc.gov/standards/alto/ns-v4# http://www.loc.gov/standards/alto/v4/alto-4-2.xsd">
  <Description>
    <MeasurementUnit>pixel</MeasurementUnit>
    <sourceImageInformation>
      <fileName>1771,_Saemtliche_Poetische_Werke,_Bohn,_5._Aufl.,_Bd._3,_VD18_90396774_Seite_047_Bild_0001.jpg</fileName>
    </sourceImageInformation>
  </Description>
  <Tags>
    <OtherTag ID="BT1" LABEL="Title" DESCRIPTION="block type Title"/><OtherTag ID="BT2" LABEL="Main" DESCRIPTION="block type Main"/><OtherTag ID="BT3" LABEL="Commentary" DESCRIPTION="block type Commentary"/><OtherTag ID="BT4" LABEL="Illustration" DESCRIPTION="block type Illustration"/><OtherTag ID="BT3208" LABEL="heading" DESCRIPTION="block type heading"/><OtherTag ID="BT3209" LABEL="header" DESCRIPTION="block type header"/><OtherTag ID="BT3210" LABEL="paragraph" DESCRIPTION="block type paragraph"/><OtherTag ID="BT3211" LABEL="l-column" DESCRIPTION="block type l-column"/><OtherTag ID="BT3212" LABEL="r-column" DESCRIPTION="block type r-column"/><OtherTag ID="BT3213" LABEL="footnote" DESCRIPTION="block type footnote"/><OtherTag ID="BT3214" LABEL="marginalia" DESCRIPTION="block type marginalia"/><OtherTag ID="BT3215" LABEL="catch-word" DESCRIPTION="block type catch-word"/><OtherTag ID="BT3216" LABEL="column" DESCRIPTION="block type column"/>
  </Tags>
  <Layout>
    <Page WIDTH="1134"
          HEIGHT="2065"
          PHYSICAL_IMG_NR="46"
          ID="eSc_dummypage_">
      <PrintSpace HPOS="0"
                  VPOS="0"
                  WIDTH="1134"
                  HEIGHT="2065">
        <TextBlock HPOS="123"
                   VPOS="58"
                   WIDTH="90"
                   HEIGHT="69"
                   ID="region_1719492029148_159"
                   TAGREFS="BT3208">
          <Shape><Polygon POINTS="213 121 123 127 123 58 200 58"/></Shape>
          <TextLine ID="eSc_line_bc60753d"
                    BASELINE="138 117 194 118" 
                    HPOS="138"
                    VPOS="117"
                    WIDTH="56"
                    HEIGHT="1">
	    <String CONTENT=""
                    HPOS="138"
                    VPOS="117"
                    WIDTH="56"
                    HEIGHT="1"></String>
          </TextLine>
        </TextBlock>
        <TextBlock HPOS="123"
                   VPOS="252"
                   WIDTH="967"
                   HEIGHT="992"
                   ID="region_1719492091688_189"
                   TAGREFS="BT3210">
          <Shape><Polygon POINTS="1090 1244 123 1244 124 417 135 348 245 351 243 258 1070 252"/></Shape>
          <TextLine ID="eSc_line_ccb60e67"
                    BASELINE="244 307 754 306" 
                    HPOS="244"
                    VPOS="306"
                    WIDTH="510"
                    HEIGHT="1">
	    <String CONTENT=""
                    HPOS="244"
                    VPOS="306"
                    WIDTH="510"
                    HEIGHT="1"></String>
          </TextLine>
          <TextLine ID="eSc_line_4d04b1a2"
                    BASELINE="251 352 903 350" 
                    HPOS="251"
                    VPOS="350"
                    WIDTH="652"
                    HEIGHT="2">
	    <String CONTENT=""
                    HPOS="251"
                    VPOS="350"
                    WIDTH="652"
                    HEIGHT="2"></String>
          </TextLine>
          <TextLine ID="eSc_line_84c9f6f5"
                    BASELINE="137 398 764 394" 
                    HPOS="137"
                    VPOS="394"
                    WIDTH="627"
                    HEIGHT="4">
	    <String CONTENT=""
                    HPOS="137"
                    VPOS="394"
                    WIDTH="627"
                    HEIGHT="4"></String>
          </TextLine>
          <TextLine ID="eSc_line_a2dc2578"
                    BASELINE="144 439 800 436" 
                    HPOS="144"
                    VPOS="436"
                    WIDTH="656"
                    HEIGHT="3">
	    <String CONTENT=""
                    HPOS="144"
                    VPOS="436"
                    WIDTH="656"
                    HEIGHT="3"></String>
          </TextLine>
          <TextLine ID="eSc_line_5b02ab99"
                    BASELINE="139 482 712 477" 
                    HPOS="139"
                    VPOS="477"
                    WIDTH="573"
                    HEIGHT="5">
	    <String CONTENT=""
                    HPOS="139"
                    VPOS="477"
                    WIDTH="573"
                    HEIGHT="5"></String>
          </TextLine>
          <TextLine ID="eSc_line_a2b97f2d"
                    BASELINE="141 526 788 520" 
                    HPOS="141"
                    VPOS="520"
                    WIDTH="647"
                    HEIGHT="6">
	    <String CONTENT=""
                    HPOS="141"
                    VPOS="520"
                    WIDTH="647"
                    HEIGHT="6"></String>
          </TextLine>
          <TextLine ID="eSc_line_7981a0fa"
                    BASELINE="141 570 1064 561" 
                    HPOS="141"
                    VPOS="561"
                    WIDTH="923"
                    HEIGHT="9">
	    <String CONTENT=""
                    HPOS="141"
                    VPOS="561"
                    WIDTH="923"
                    HEIGHT="9"></String>
          </TextLine>
          <TextLine ID="eSc_line_43224e72"
                    BASELINE="197 644 813 643" 
                    HPOS="197"
                    VPOS="643"
                    WIDTH="616"
                    HEIGHT="1">
	    <String CONTENT=""
                    HPOS="197"
                    VPOS="643"
                    WIDTH="616"
                    HEIGHT="1"></String>
          </TextLine>
          <TextLine ID="eSc_line_94402003"
                    BASELINE="141 686 692 685" 
                    HPOS="141"
                    VPOS="685"
                    WIDTH="551"
                    HEIGHT="1">
	    <String CONTENT=""
                    HPOS="141"
                    VPOS="685"
                    WIDTH="551"
                    HEIGHT="1"></String>
          </TextLine>
          <TextLine ID="eSc_line_1682efd1"
                    BASELINE="137 731 652 727" 
                    HPOS="137"
                    VPOS="727"
                    WIDTH="515"
                    HEIGHT="4">
	    <String CONTENT=""
                    HPOS="137"
                    VPOS="727"
                    WIDTH="515"
                    HEIGHT="4"></String>
          </TextLine>
          <TextLine ID="eSc_line_47cb5f8b"
                    BASELINE="137 775 751 774" 
                    HPOS="137"
                    VPOS="774"
                    WIDTH="614"
                    HEIGHT="1">
	    <String CONTENT=""
                    HPOS="137"
                    VPOS="774"
                    WIDTH="614"
                    HEIGHT="1"></String>
          </TextLine>
          <TextLine ID="eSc_line_c5200e32"
                    BASELINE="140 819 728 816" 
                    HPOS="140"
                    VPOS="816"
                    WIDTH="588"
                    HEIGHT="3">
	    <String CONTENT=""
                    HPOS="140"
                    VPOS="816"
                    WIDTH="588"
                    HEIGHT="3"></String>
          </TextLine>
          <TextLine ID="eSc_line_c5a33f51"
                    BASELINE="144 861 677 858" 
                    HPOS="144"
                    VPOS="858"
                    WIDTH="533"
                    HEIGHT="3">
	    <String CONTENT=""
                    HPOS="144"
                    VPOS="858"
                    WIDTH="533"
                    HEIGHT="3"></String>
          </TextLine>
          <TextLine ID="eSc_line_ce609dae"
                    BASELINE="146 912 902 904" 
                    HPOS="146"
                    VPOS="904"
                    WIDTH="756"
                    HEIGHT="8">
	    <String CONTENT=""
                    HPOS="146"
                    VPOS="904"
                    WIDTH="756"
                    HEIGHT="8"></String>
          </TextLine>
          <TextLine ID="eSc_line_3c05efc7"
                    BASELINE="195 980 801 977" 
                    HPOS="195"
                    VPOS="977"
                    WIDTH="606"
                    HEIGHT="3">
	    <String CONTENT=""
                    HPOS="195"
                    VPOS="977"
                    WIDTH="606"
                    HEIGHT="3"></String>
          </TextLine>
          <TextLine ID="eSc_line_d4625db8"
                    BASELINE="138 1029 756 1024" 
                    HPOS="138"
                    VPOS="1024"
                    WIDTH="618"
                    HEIGHT="5">
	    <String CONTENT=""
                    HPOS="138"
                    VPOS="1024"
                    WIDTH="618"
                    HEIGHT="5"></String>
          </TextLine>
          <TextLine ID="eSc_line_01c24879"
                    BASELINE="140 1073 610 1066" 
                    HPOS="140"
                    VPOS="1066"
                    WIDTH="470"
                    HEIGHT="7">
	    <String CONTENT=""
                    HPOS="140"
                    VPOS="1066"
                    WIDTH="470"
                    HEIGHT="7"></String>
          </TextLine>
          <TextLine ID="eSc_line_7606872d"
                    BASELINE="135 1113 794 1111" 
                    HPOS="135"
                    VPOS="1111"
                    WIDTH="659"
                    HEIGHT="2">
	    <String CONTENT=""
                    HPOS="135"
                    VPOS="1111"
                    WIDTH="659"
                    HEIGHT="2"></String>
          </TextLine>
          <TextLine ID="eSc_line_9ecd7116"
                    BASELINE="133 1154 769 1153" 
                    HPOS="133"
                    VPOS="1153"
                    WIDTH="636"
                    HEIGHT="1">
	    <String CONTENT=""
                    HPOS="133"
                    VPOS="1153"
                    WIDTH="636"
                    HEIGHT="1"></String>
          </TextLine>
          <TextLine ID="eSc_line_89a1ac24"
                    BASELINE="134 1201 674 1192" 
                    HPOS="134"
                    VPOS="1192"
                    WIDTH="540"
                    HEIGHT="9">
	    <String CONTENT=""
                    HPOS="134"
                    VPOS="1192"
                    WIDTH="540"
                    HEIGHT="9"></String>
          </TextLine>
          <TextLine ID="eSc_line_a6c54698"
                    BASELINE="133 1241 898 1237" 
                    HPOS="133"
                    VPOS="1237"
                    WIDTH="765"
                    HEIGHT="4">
	    <String CONTENT=""
                    HPOS="133"
                    VPOS="1237"
                    WIDTH="765"
                    HEIGHT="4"></String>
          </TextLine>
        </TextBlock>
        <TextBlock HPOS="367"
                   VPOS="143"
                   WIDTH="528"
                   HEIGHT="92"
                   ID="region_1719492083156_183"
                   TAGREFS="BT3208">
          <Shape><Polygon POINTS="895 234 367 235 367 143 882 143"/></Shape>
          <TextLine ID="eSc_line_a8481d4b"
                    BASELINE="374 233 880 230" 
                    HPOS="374"
                    VPOS="230"
                    WIDTH="506"
                    HEIGHT="3">
	    <String CONTENT=""
                    HPOS="374"
                    VPOS="230"
                    WIDTH="506"
                    HEIGHT="3"></String>
          </TextLine>
        </TextBlock>
        <TextBlock HPOS="417"
                   VPOS="41"
                   WIDTH="387"
                   HEIGHT="81"
                   ID="region_1719492031988_162"
                   TAGREFS="BT3209">
          <Shape><Polygon POINTS="804 122 422 122 417 41 799 41"/></Shape>
          <TextLine ID="eSc_line_b91eea6d"
                    BASELINE="451 114 792 112" 
                    HPOS="451"
                    VPOS="112"
                    WIDTH="341"
                    HEIGHT="2">
	    <String CONTENT=""
                    HPOS="451"
                    VPOS="112"
                    WIDTH="341"
                    HEIGHT="2"></String>
          </TextLine>
        </TextBlock>
        <TextBlock HPOS="280"
                   VPOS="1346"
                   WIDTH="695"
                   HEIGHT="84"
                   ID="region_1719492107372_201"
                   TAGREFS="BT3208">
          <Shape><Polygon POINTS="953 1430 280 1430 280 1346 975 1350"/></Shape>
          <TextLine ID="eSc_line_db956f10"
                    BASELINE="299 1420 935 1420" 
                    HPOS="299"
                    VPOS="1420"
                    WIDTH="636"
                    HEIGHT="0">
	    <String CONTENT=""
                    HPOS="299"
                    VPOS="1420"
                    WIDTH="636"
                    HEIGHT="0"></String>
          </TextLine>
        </TextBlock>
        <TextBlock HPOS="122"
                   VPOS="1433"
                   WIDTH="929"
                   HEIGHT="458"
                   ID="region_1719492149315_207"
                   TAGREFS="BT3210">
          <Shape><Polygon POINTS="1005 1888 122 1891 123 1672 129 1561 222 1563 215 1440 1051 1433"/></Shape>
          <TextLine ID="eSc_line_928a16dd"
                    BASELINE="222 1508 702 1510" 
                    HPOS="222"
                    VPOS="1508"
                    WIDTH="480"
                    HEIGHT="2">
	    <String CONTENT=""
                    HPOS="222"
                    VPOS="1508"
                    WIDTH="480"
                    HEIGHT="2"></String>
          </TextLine>
          <TextLine ID="eSc_line_c64cc80b"
                    BASELINE="237 1555 723 1551" 
                    HPOS="237"
                    VPOS="1551"
                    WIDTH="486"
                    HEIGHT="4">
	    <String CONTENT=""
                    HPOS="237"
                    VPOS="1551"
                    WIDTH="486"
                    HEIGHT="4"></String>
          </TextLine>
          <TextLine ID="eSc_line_acb55b92"
                    BASELINE="142 1594 1012 1586" 
                    HPOS="142"
                    VPOS="1586"
                    WIDTH="870"
                    HEIGHT="8">
	    <String CONTENT=""
                    HPOS="142"
                    VPOS="1586"
                    WIDTH="870"
                    HEIGHT="8"></String>
          </TextLine>
          <TextLine ID="eSc_line_262625cc"
                    BASELINE="140 1642 777 1637" 
                    HPOS="140"
                    VPOS="1637"
                    WIDTH="637"
                    HEIGHT="5">
	    <String CONTENT=""
                    HPOS="140"
                    VPOS="1637"
                    WIDTH="637"
                    HEIGHT="5"></String>
          </TextLine>
          <TextLine ID="eSc_line_7db90682"
                    BASELINE="136 1686 619 1680" 
                    HPOS="136"
                    VPOS="1680"
                    WIDTH="483"
                    HEIGHT="6">
	    <String CONTENT=""
                    HPOS="136"
                    VPOS="1680"
                    WIDTH="483"
                    HEIGHT="6"></String>
          </TextLine>
          <TextLine ID="eSc_line_c4ee53d9"
                    BASELINE="135 1731 607 1726" 
                    HPOS="135"
                    VPOS="1726"
                    WIDTH="472"
                    HEIGHT="5">
	    <String CONTENT=""
                    HPOS="135"
                    VPOS="1726"
                    WIDTH="472"
                    HEIGHT="5"></String>
          </TextLine>
          <TextLine ID="eSc_line_f7a371bc"
                    BASELINE="198 1801 791 1798" 
                    HPOS="198"
                    VPOS="1798"
                    WIDTH="593"
                    HEIGHT="3">
	    <String CONTENT=""
                    HPOS="198"
                    VPOS="1798"
                    WIDTH="593"
                    HEIGHT="3"></String>
          </TextLine>
          <TextLine ID="eSc_line_0348973f"
                    BASELINE="141 1843 685 1841" 
                    HPOS="141"
                    VPOS="1841"
                    WIDTH="544"
                    HEIGHT="2">
	    <String CONTENT=""
                    HPOS="141"
                    VPOS="1841"
                    WIDTH="544"
                    HEIGHT="2"></String>
          </TextLine>
          <TextLine ID="eSc_line_e9269d43"
                    BASELINE="138 1888 981 1883" 
                    HPOS="138"
                    VPOS="1883"
                    WIDTH="843"
                    HEIGHT="5">
	    <String CONTENT=""
                    HPOS="138"
                    VPOS="1883"
                    WIDTH="843"
                    HEIGHT="5"></String>
          </TextLine>
        </TextBlock>
        <TextBlock HPOS="1037"
                   VPOS="1856"
                   WIDTH="56"
                   HEIGHT="76"
                   ID="region_1719492161556_213"
                   TAGREFS="BT3208">
          <Shape><Polygon POINTS="1093 1932 1037 1932 1037 1856 1093 1856"/></Shape>
          <TextLine ID="eSc_line_657b9cc5"
                    BASELINE="1050 1925 1093 1922" 
                    HPOS="1050"
                    VPOS="1922"
                    WIDTH="43"
                    HEIGHT="3">
	    <String CONTENT=""
                    HPOS="1050"
                    VPOS="1922"
                    WIDTH="43"
                    HEIGHT="3"></String>
          </TextLine>
        </TextBlock>
        <TextBlock HPOS="139"
                   VPOS="261"
                   WIDTH="100"
                   HEIGHT="86"
                   ID="region_1719492085863_186"
                   TAGREFS="BT3210">
          <Shape><Polygon POINTS="239 347 139 347 139 261 239 261"/></Shape>
        </TextBlock>
        <TextBlock HPOS="131"
                   VPOS="1459"
                   WIDTH="88"
                   HEIGHT="103"
                   ID="region_1719492145639_204"
                   TAGREFS="BT3210">
          <Shape><Polygon POINTS="219 1561 131 1562 131 1460 219 1459"/></Shape>
        </TextBlock>
      </PrintSpace>
    </Page>
  </Layout>
</alto>
