<?xml version="1.0" encoding="UTF-8"?>
<alto xmlns:xsi="http://www.w3.org/2001/XMLSchema-instance"
      xmlns="http://www.loc.gov/standards/alto/ns-v4#"
      xsi:schemaLocation="http://www.loc.gov/standards/alto/ns-v4# http://www.loc.gov/standards/alto/v4/alto-4-2.xsd">
  <Description>
    <MeasurementUnit>pixel</MeasurementUnit>
    <sourceImageInformation>
      <fileName>1771,_Saemtliche_Poetische_Werke,_Bohn,_5._Aufl.,_Bd._1,_VD18_90396758_Seite_156_Bild_0001.jpg</fileName>
    </sourceImageInformation>
  </Description>
  <Tags>
    <OtherTag ID="BT1" LABEL="Title" DESCRIPTION="block type Title"/><OtherTag ID="BT2" LABEL="Main" DESCRIPTION="block type Main"/><OtherTag ID="BT3" LABEL="Commentary" DESCRIPTION="block type Commentary"/><OtherTag ID="BT4" LABEL="Illustration" DESCRIPTION="block type Illustration"/><OtherTag ID="BT3208" LABEL="heading" DESCRIPTION="block type heading"/><OtherTag ID="BT3209" LABEL="header" DESCRIPTION="block type header"/><OtherTag ID="BT3210" LABEL="paragraph" DESCRIPTION="block type paragraph"/><OtherTag ID="BT3211" LABEL="l-column" DESCRIPTION="block type l-column"/><OtherTag ID="BT3212" LABEL="r-column" DESCRIPTION="block type r-column"/><OtherTag ID="BT3213" LABEL="footnote" DESCRIPTION="block type footnote"/><OtherTag ID="BT3214" LABEL="marginalia" DESCRIPTION="block type marginalia"/><OtherTag ID="BT3215" LABEL="catch-word" DESCRIPTION="block type catch-word"/><OtherTag ID="BT3216" LABEL="column" DESCRIPTION="block type column"/>
  </Tags>
  <Layout>
    <Page WIDTH="1137"
          HEIGHT="2136"
          PHYSICAL_IMG_NR="41"
          ID="eSc_dummypage_">
      <PrintSpace HPOS="0"
                  VPOS="0"
                  WIDTH="1137"
                  HEIGHT="2136">
        <TextBlock HPOS="56"
                   VPOS="230"
                   WIDTH="804"
                   HEIGHT="291"
                   ID="region_1719413462199_21"
                   TAGREFS="BT3210">
          <Shape><Polygon POINTS="842 516 56 521 56 239 860 230"/></Shape>
          <TextLine ID="eSc_line_deafc51c"
                    BASELINE="123 292 677 282" 
                    HPOS="123"
                    VPOS="282"
                    WIDTH="554"
                    HEIGHT="10">
	    <String CONTENT=""
                    HPOS="123"
                    VPOS="282"
                    WIDTH="554"
                    HEIGHT="10"></String>
          </TextLine>
          <TextLine ID="eSc_line_3016f930"
                    BASELINE="129 334 821 330" 
                    HPOS="129"
                    VPOS="330"
                    WIDTH="692"
                    HEIGHT="4">
	    <String CONTENT=""
                    HPOS="129"
                    VPOS="330"
                    WIDTH="692"
                    HEIGHT="4"></String>
          </TextLine>
          <TextLine ID="eSc_line_862d6640"
                    BASELINE="126 378 798 372" 
                    HPOS="126"
                    VPOS="372"
                    WIDTH="672"
                    HEIGHT="6">
	    <String CONTENT=""
                    HPOS="126"
                    VPOS="372"
                    WIDTH="672"
                    HEIGHT="6"></String>
          </TextLine>
          <TextLine ID="eSc_line_57f5db38"
                    BASELINE="125 421 661 414" 
                    HPOS="125"
                    VPOS="414"
                    WIDTH="536"
                    HEIGHT="7">
	    <String CONTENT=""
                    HPOS="125"
                    VPOS="414"
                    WIDTH="536"
                    HEIGHT="7"></String>
          </TextLine>
          <TextLine ID="eSc_line_590a3f41"
                    BASELINE="68 463 630 456" 
                    HPOS="68"
                    VPOS="456"
                    WIDTH="562"
                    HEIGHT="7">
	    <String CONTENT=""
                    HPOS="68"
                    VPOS="456"
                    WIDTH="562"
                    HEIGHT="7"></String>
          </TextLine>
          <TextLine ID="eSc_line_d1f2ca28"
                    BASELINE="135 506 694 502" 
                    HPOS="135"
                    VPOS="502"
                    WIDTH="559"
                    HEIGHT="4">
	    <String CONTENT=""
                    HPOS="135"
                    VPOS="502"
                    WIDTH="559"
                    HEIGHT="4"></String>
          </TextLine>
        </TextBlock>
        <TextBlock HPOS="228"
                   VPOS="146"
                   WIDTH="545"
                   HEIGHT="73"
                   ID="region_1719413452512_15"
                   TAGREFS="BT3209">
          <Shape><Polygon POINTS="773 219 228 219 228 146 773 146"/></Shape>
          <TextLine ID="eSc_line_a63d7d58"
                    BASELINE="251 208 773 210" 
                    HPOS="251"
                    VPOS="208"
                    WIDTH="522"
                    HEIGHT="2">
	    <String CONTENT=""
                    HPOS="251"
                    VPOS="208"
                    WIDTH="522"
                    HEIGHT="2"></String>
          </TextLine>
        </TextBlock>
        <TextBlock HPOS="52"
                   VPOS="608"
                   WIDTH="994"
                   HEIGHT="245"
                   ID="region_1719413472119_27"
                   TAGREFS="BT3208">
          <Shape><Polygon POINTS="1046 853 52 853 74 621 1046 608"/></Shape>
          <TextLine ID="eSc_line_3346ff1e"
                    BASELINE="479 673 585 676" 
                    HPOS="479"
                    VPOS="673"
                    WIDTH="106"
                    HEIGHT="3">
	    <String CONTENT=""
                    HPOS="479"
                    VPOS="673"
                    WIDTH="106"
                    HEIGHT="3"></String>
          </TextLine>
          <TextLine ID="eSc_line_5ca796a6"
                    BASELINE="103 762 1016 752" 
                    HPOS="103"
                    VPOS="752"
                    WIDTH="913"
                    HEIGHT="10">
	    <String CONTENT=""
                    HPOS="103"
                    VPOS="752"
                    WIDTH="913"
                    HEIGHT="10"></String>
          </TextLine>
          <TextLine ID="eSc_line_5c74d38b"
                    BASELINE="165 827 932 825" 
                    HPOS="165"
                    VPOS="825"
                    WIDTH="767"
                    HEIGHT="2">
	    <String CONTENT=""
                    HPOS="165"
                    VPOS="825"
                    WIDTH="767"
                    HEIGHT="2"></String>
          </TextLine>
        </TextBlock>
        <TextBlock HPOS="57"
                   VPOS="869"
                   WIDTH="83"
                   HEIGHT="89"
                   ID="region_1719413476323_30"
                   TAGREFS="BT3210">
          <Shape><Polygon POINTS="140 958 57 958 57 869 140 869"/></Shape>
          <TextLine ID="eSc_line_43111768"
                    BASELINE="139 915 867 912" 
                    HPOS="139"
                    VPOS="912"
                    WIDTH="728"
                    HEIGHT="3">
	    <String CONTENT=""
                    HPOS="139"
                    VPOS="912"
                    WIDTH="728"
                    HEIGHT="3"></String>
          </TextLine>
        </TextBlock>
        <TextBlock HPOS="32"
                   VPOS="862"
                   WIDTH="986"
                   HEIGHT="216"
                   ID="region_1719413481111_33"
                   TAGREFS="BT3210">
          <Shape><Polygon POINTS="1018 1078 39 1078 34 1033 32 960 145 961 137 864 1018 862"/></Shape>
          <TextLine ID="eSc_line_236a5d7d"
                    BASELINE="147 961 969 955" 
                    HPOS="147"
                    VPOS="955"
                    WIDTH="822"
                    HEIGHT="6">
	    <String CONTENT=""
                    HPOS="147"
                    VPOS="955"
                    WIDTH="822"
                    HEIGHT="6"></String>
          </TextLine>
          <TextLine ID="eSc_line_6cab0370"
                    BASELINE="58 1004 855 1005" 
                    HPOS="58"
                    VPOS="1004"
                    WIDTH="797"
                    HEIGHT="1">
	    <String CONTENT=""
                    HPOS="58"
                    VPOS="1004"
                    WIDTH="797"
                    HEIGHT="1"></String>
          </TextLine>
          <TextLine ID="eSc_line_05e229be"
                    BASELINE="66 1048 675 1045" 
                    HPOS="66"
                    VPOS="1045"
                    WIDTH="609"
                    HEIGHT="3">
	    <String CONTENT=""
                    HPOS="66"
                    VPOS="1045"
                    WIDTH="609"
                    HEIGHT="3"></String>
          </TextLine>
        </TextBlock>
        <TextBlock HPOS="945"
                   VPOS="156"
                   WIDTH="112"
                   HEIGHT="69"
                   ID="region_1719413456847_18"
                   TAGREFS="BT3208">
          <Shape><Polygon POINTS="1057 222 945 225 945 156 1035 156"/></Shape>
          <TextLine ID="eSc_line_c863852d"
                    BASELINE="957 213 1033 210" 
                    HPOS="957"
                    VPOS="210"
                    WIDTH="76"
                    HEIGHT="3">
	    <String CONTENT=""
                    HPOS="957"
                    VPOS="210"
                    WIDTH="76"
                    HEIGHT="3"></String>
          </TextLine>
        </TextBlock>
        <TextBlock HPOS="163"
                   VPOS="1146"
                   WIDTH="779"
                   HEIGHT="105"
                   ID="region_1719413495140_36"
                   TAGREFS="BT3208">
          <Shape><Polygon POINTS="922 1251 163 1251 163 1146 942 1146"/></Shape>
          <TextLine ID="eSc_line_ece32939"
                    BASELINE="196 1230 902 1227" 
                    HPOS="196"
                    VPOS="1227"
                    WIDTH="706"
                    HEIGHT="3">
	    <String CONTENT=""
                    HPOS="196"
                    VPOS="1227"
                    WIDTH="706"
                    HEIGHT="3"></String>
          </TextLine>
        </TextBlock>
        <TextBlock HPOS="154"
                   VPOS="1269"
                   WIDTH="807"
                   HEIGHT="196"
                   ID="region_1719413507736_42"
                   TAGREFS="BT3210">
          <Shape><Polygon POINTS="961 1465 154 1465 155 1372 188 1375 246 1376 242 1269 961 1274"/></Shape>
          <TextLine ID="eSc_line_a98248d2"
                    BASELINE="245 1330 751 1326" 
                    HPOS="245"
                    VPOS="1326"
                    WIDTH="506"
                    HEIGHT="4">
	    <String CONTENT=""
                    HPOS="245"
                    VPOS="1326"
                    WIDTH="506"
                    HEIGHT="4"></String>
          </TextLine>
          <TextLine ID="eSc_line_12a115b0"
                    BASELINE="261 1369 839 1373" 
                    HPOS="261"
                    VPOS="1369"
                    WIDTH="578"
                    HEIGHT="4">
	    <String CONTENT=""
                    HPOS="261"
                    VPOS="1369"
                    WIDTH="578"
                    HEIGHT="4"></String>
          </TextLine>
          <TextLine ID="eSc_line_07fec057"
                    BASELINE="185 1416 716 1414" 
                    HPOS="185"
                    VPOS="1414"
                    WIDTH="531"
                    HEIGHT="2">
	    <String CONTENT=""
                    HPOS="185"
                    VPOS="1414"
                    WIDTH="531"
                    HEIGHT="2"></String>
          </TextLine>
          <TextLine ID="eSc_line_c48642e7"
                    BASELINE="187 1461 939 1457" 
                    HPOS="187"
                    VPOS="1457"
                    WIDTH="752"
                    HEIGHT="4">
	    <String CONTENT=""
                    HPOS="187"
                    VPOS="1457"
                    WIDTH="752"
                    HEIGHT="4"></String>
          </TextLine>
        </TextBlock>
        <TextBlock HPOS="40"
                   VPOS="1536"
                   WIDTH="524"
                   HEIGHT="525"
                   ID="region_1719413518328_48"
                   TAGREFS="BT3211">
          <Shape><Polygon POINTS="564 2054 40 2061 51 1536 564 1537"/></Shape>
          <TextLine ID="eSc_line_50de9a99"
                    BASELINE="65 1591 546 1596" 
                    HPOS="65"
                    VPOS="1591"
                    WIDTH="481"
                    HEIGHT="5">
	    <String CONTENT=""
                    HPOS="65"
                    VPOS="1591"
                    WIDTH="481"
                    HEIGHT="5"></String>
          </TextLine>
          <TextLine ID="eSc_line_17ceec01"
                    BASELINE="61 1627 545 1630" 
                    HPOS="61"
                    VPOS="1627"
                    WIDTH="484"
                    HEIGHT="3">
	    <String CONTENT=""
                    HPOS="61"
                    VPOS="1627"
                    WIDTH="484"
                    HEIGHT="3"></String>
          </TextLine>
          <TextLine ID="eSc_line_01f80be1"
                    BASELINE="64 1664 544 1664" 
                    HPOS="64"
                    VPOS="1664"
                    WIDTH="480"
                    HEIGHT="0">
	    <String CONTENT=""
                    HPOS="64"
                    VPOS="1664"
                    WIDTH="480"
                    HEIGHT="0"></String>
          </TextLine>
          <TextLine ID="eSc_line_0add301e"
                    BASELINE="57 1702 545 1702" 
                    HPOS="57"
                    VPOS="1702"
                    WIDTH="488"
                    HEIGHT="0">
	    <String CONTENT=""
                    HPOS="57"
                    VPOS="1702"
                    WIDTH="488"
                    HEIGHT="0"></String>
          </TextLine>
          <TextLine ID="eSc_line_382aa6ea"
                    BASELINE="62 1732 543 1737" 
                    HPOS="62"
                    VPOS="1732"
                    WIDTH="481"
                    HEIGHT="5">
	    <String CONTENT=""
                    HPOS="62"
                    VPOS="1732"
                    WIDTH="481"
                    HEIGHT="5"></String>
          </TextLine>
          <TextLine ID="eSc_line_011a37c3"
                    BASELINE="63 1768 549 1773" 
                    HPOS="63"
                    VPOS="1768"
                    WIDTH="486"
                    HEIGHT="5">
	    <String CONTENT=""
                    HPOS="63"
                    VPOS="1768"
                    WIDTH="486"
                    HEIGHT="5"></String>
          </TextLine>
          <TextLine ID="eSc_line_57c6019d"
                    BASELINE="58 1802 546 1806" 
                    HPOS="58"
                    VPOS="1802"
                    WIDTH="488"
                    HEIGHT="4">
	    <String CONTENT=""
                    HPOS="58"
                    VPOS="1802"
                    WIDTH="488"
                    HEIGHT="4"></String>
          </TextLine>
          <TextLine ID="eSc_line_6ba8fd2b"
                    BASELINE="62 1833 546 1838" 
                    HPOS="62"
                    VPOS="1833"
                    WIDTH="484"
                    HEIGHT="5">
	    <String CONTENT=""
                    HPOS="62"
                    VPOS="1833"
                    WIDTH="484"
                    HEIGHT="5"></String>
          </TextLine>
          <TextLine ID="eSc_line_5fb18f36"
                    BASELINE="62 1870 545 1875" 
                    HPOS="62"
                    VPOS="1870"
                    WIDTH="483"
                    HEIGHT="5">
	    <String CONTENT=""
                    HPOS="62"
                    VPOS="1870"
                    WIDTH="483"
                    HEIGHT="5"></String>
          </TextLine>
          <TextLine ID="eSc_line_2cb12471"
                    BASELINE="58 1904 547 1908" 
                    HPOS="58"
                    VPOS="1904"
                    WIDTH="489"
                    HEIGHT="4">
	    <String CONTENT=""
                    HPOS="58"
                    VPOS="1904"
                    WIDTH="489"
                    HEIGHT="4"></String>
          </TextLine>
          <TextLine ID="eSc_line_b03692d9"
                    BASELINE="50 1935 544 1944" 
                    HPOS="50"
                    VPOS="1935"
                    WIDTH="494"
                    HEIGHT="9">
	    <String CONTENT=""
                    HPOS="50"
                    VPOS="1935"
                    WIDTH="494"
                    HEIGHT="9"></String>
          </TextLine>
          <TextLine ID="eSc_line_3f5bff8b"
                    BASELINE="51 1978 507 1977" 
                    HPOS="51"
                    VPOS="1977"
                    WIDTH="456"
                    HEIGHT="1">
	    <String CONTENT=""
                    HPOS="51"
                    VPOS="1977"
                    WIDTH="456"
                    HEIGHT="1"></String>
          </TextLine>
          <TextLine ID="eSc_line_c2432612"
                    BASELINE="102 2003 546 2013" 
                    HPOS="102"
                    VPOS="2003"
                    WIDTH="444"
                    HEIGHT="10">
	    <String CONTENT=""
                    HPOS="102"
                    VPOS="2003"
                    WIDTH="444"
                    HEIGHT="10"></String>
          </TextLine>
          <TextLine ID="eSc_line_972b5e49"
                    BASELINE="275 2041 453 2046" 
                    HPOS="275"
                    VPOS="2041"
                    WIDTH="178"
                    HEIGHT="5">
	    <String CONTENT=""
                    HPOS="275"
                    VPOS="2041"
                    WIDTH="178"
                    HEIGHT="5"></String>
          </TextLine>
        </TextBlock>
        <TextBlock HPOS="571"
                   VPOS="1531"
                   WIDTH="512"
                   HEIGHT="528"
                   ID="region_1719413527556_51"
                   TAGREFS="BT3212">
          <Shape><Polygon POINTS="1083 2051 571 2059 571 1539 1071 1531"/></Shape>
          <TextLine ID="eSc_line_46f698e2"
                    BASELINE="632 1597 1055 1596" 
                    HPOS="632"
                    VPOS="1596"
                    WIDTH="423"
                    HEIGHT="1">
	    <String CONTENT=""
                    HPOS="632"
                    VPOS="1596"
                    WIDTH="423"
                    HEIGHT="1"></String>
          </TextLine>
          <TextLine ID="eSc_line_21f075fc"
                    BASELINE="635 1666 1061 1665" 
                    HPOS="635"
                    VPOS="1665"
                    WIDTH="426"
                    HEIGHT="1">
	    <String CONTENT=""
                    HPOS="635"
                    VPOS="1665"
                    WIDTH="426"
                    HEIGHT="1"></String>
          </TextLine>
          <TextLine ID="eSc_line_5add3440"
                    BASELINE="721 1636 1017 1626" 
                    HPOS="721"
                    VPOS="1626"
                    WIDTH="296"
                    HEIGHT="10">
	    <String CONTENT=""
                    HPOS="721"
                    VPOS="1626"
                    WIDTH="296"
                    HEIGHT="10"></String>
          </TextLine>
          <TextLine ID="eSc_line_fde2aa6d"
                    BASELINE="627 1739 824 1732" 
                    HPOS="627"
                    VPOS="1732"
                    WIDTH="197"
                    HEIGHT="7">
	    <String CONTENT=""
                    HPOS="627"
                    VPOS="1732"
                    WIDTH="197"
                    HEIGHT="7"></String>
          </TextLine>
          <TextLine ID="eSc_line_336253fa"
                    BASELINE="842 1700 959 1698" 
                    HPOS="842"
                    VPOS="1698"
                    WIDTH="117"
                    HEIGHT="2">
	    <String CONTENT=""
                    HPOS="842"
                    VPOS="1698"
                    WIDTH="117"
                    HEIGHT="2"></String>
          </TextLine>
          <TextLine ID="eSc_line_f1328125"
                    BASELINE="787 1772 1022 1762" 
                    HPOS="787"
                    VPOS="1762"
                    WIDTH="235"
                    HEIGHT="10">
	    <String CONTENT=""
                    HPOS="787"
                    VPOS="1762"
                    WIDTH="235"
                    HEIGHT="10"></String>
          </TextLine>
          <TextLine ID="eSc_line_dfdc8804"
                    BASELINE="603 1837 1072 1833" 
                    HPOS="603"
                    VPOS="1833"
                    WIDTH="469"
                    HEIGHT="4">
	    <String CONTENT=""
                    HPOS="603"
                    VPOS="1833"
                    WIDTH="469"
                    HEIGHT="4"></String>
          </TextLine>
          <TextLine ID="eSc_line_e9caa37e"
                    BASELINE="702 1803 1059 1795" 
                    HPOS="702"
                    VPOS="1795"
                    WIDTH="357"
                    HEIGHT="8">
	    <String CONTENT=""
                    HPOS="702"
                    VPOS="1795"
                    WIDTH="357"
                    HEIGHT="8"></String>
          </TextLine>
          <TextLine ID="eSc_line_c6dacf02"
                    BASELINE="572 1878 1044 1872" 
                    HPOS="572"
                    VPOS="1872"
                    WIDTH="472"
                    HEIGHT="6">
	    <String CONTENT=""
                    HPOS="572"
                    VPOS="1872"
                    WIDTH="472"
                    HEIGHT="6"></String>
          </TextLine>
          <TextLine ID="eSc_line_fa91a8f8"
                    BASELINE="645 1908 1068 1909" 
                    HPOS="645"
                    VPOS="1908"
                    WIDTH="423"
                    HEIGHT="1">
	    <String CONTENT=""
                    HPOS="645"
                    VPOS="1908"
                    WIDTH="423"
                    HEIGHT="1"></String>
          </TextLine>
          <TextLine ID="eSc_line_3f84d990"
                    BASELINE="639 1980 1060 1980" 
                    HPOS="639"
                    VPOS="1980"
                    WIDTH="421"
                    HEIGHT="0">
	    <String CONTENT=""
                    HPOS="639"
                    VPOS="1980"
                    WIDTH="421"
                    HEIGHT="0"></String>
          </TextLine>
          <TextLine ID="eSc_line_71f592b4"
                    BASELINE="786 1948 1032 1941" 
                    HPOS="786"
                    VPOS="1941"
                    WIDTH="246"
                    HEIGHT="7">
	    <String CONTENT=""
                    HPOS="786"
                    VPOS="1941"
                    WIDTH="246"
                    HEIGHT="7"></String>
          </TextLine>
          <TextLine ID="eSc_line_18e9b114"
                    BASELINE="793 2008 1034 2011" 
                    HPOS="793"
                    VPOS="2008"
                    WIDTH="241"
                    HEIGHT="3">
	    <String CONTENT=""
                    HPOS="793"
                    VPOS="2008"
                    WIDTH="241"
                    HEIGHT="3"></String>
          </TextLine>
          <TextLine ID="eSc_line_946b8fac"
                    BASELINE="679 2051 1064 2052" 
                    HPOS="679"
                    VPOS="2051"
                    WIDTH="385"
                    HEIGHT="1">
	    <String CONTENT=""
                    HPOS="679"
                    VPOS="2051"
                    WIDTH="385"
                    HEIGHT="1"></String>
          </TextLine>
        </TextBlock>
        <TextBlock HPOS="964"
                   VPOS="1433"
                   WIDTH="115"
                   HEIGHT="89"
                   ID="region_1719413511192_45"
                   TAGREFS="BT3208">
          <Shape><Polygon POINTS="1055 1522 964 1522 964 1433 1079 1434"/></Shape>
          <TextLine ID="eSc_line_4c9489f1"
                    BASELINE="976 1509 1041 1512" 
                    HPOS="976"
                    VPOS="1509"
                    WIDTH="65"
                    HEIGHT="3">
	    <String CONTENT=""
                    HPOS="976"
                    VPOS="1509"
                    WIDTH="65"
                    HEIGHT="3"></String>
          </TextLine>
        </TextBlock>
        <TextBlock HPOS="170"
                   VPOS="1276"
                   WIDTH="79"
                   HEIGHT="99"
                   ID="region_1719413500704_39"
                   TAGREFS="BT3210">
          <Shape><Polygon POINTS="249 1375 172 1375 170 1276 247 1276"/></Shape>
        </TextBlock>
      </PrintSpace>
    </Page>
  </Layout>
</alto>
