<?xml version="1.0" encoding="UTF-8"?>
<alto xmlns:xsi="http://www.w3.org/2001/XMLSchema-instance"
      xmlns="http://www.loc.gov/standards/alto/ns-v4#"
      xsi:schemaLocation="http://www.loc.gov/standards/alto/ns-v4# http://www.loc.gov/standards/alto/v4/alto-4-2.xsd">
  <Description>
    <MeasurementUnit>pixel</MeasurementUnit>
    <sourceImageInformation>
      <fileName>1771,_Saemtliche_Poetische_Werke,_Bohn,_5._Aufl.,_Bd._3,_VD18_90396774_Seite_067_Bild_0001.jpg</fileName>
    </sourceImageInformation>
  </Description>
  <Tags>
    <OtherTag ID="BT1" LABEL="Title" DESCRIPTION="block type Title"/><OtherTag ID="BT2" LABEL="Main" DESCRIPTION="block type Main"/><OtherTag ID="BT3" LABEL="Commentary" DESCRIPTION="block type Commentary"/><OtherTag ID="BT4" LABEL="Illustration" DESCRIPTION="block type Illustration"/><OtherTag ID="BT3208" LABEL="heading" DESCRIPTION="block type heading"/><OtherTag ID="BT3209" LABEL="header" DESCRIPTION="block type header"/><OtherTag ID="BT3210" LABEL="paragraph" DESCRIPTION="block type paragraph"/><OtherTag ID="BT3211" LABEL="l-column" DESCRIPTION="block type l-column"/><OtherTag ID="BT3212" LABEL="r-column" DESCRIPTION="block type r-column"/><OtherTag ID="BT3213" LABEL="footnote" DESCRIPTION="block type footnote"/><OtherTag ID="BT3214" LABEL="marginalia" DESCRIPTION="block type marginalia"/><OtherTag ID="BT3215" LABEL="catch-word" DESCRIPTION="block type catch-word"/><OtherTag ID="BT3216" LABEL="column" DESCRIPTION="block type column"/>
  </Tags>
  <Layout>
    <Page WIDTH="1122"
          HEIGHT="2082"
          PHYSICAL_IMG_NR="47"
          ID="eSc_dummypage_">
      <PrintSpace HPOS="0"
                  VPOS="0"
                  WIDTH="1122"
                  HEIGHT="2082">
        <TextBlock HPOS="114"
                   VPOS="73"
                   WIDTH="107"
                   HEIGHT="64"
                   ID="region_1719492639529_321"
                   TAGREFS="BT3208">
          <Shape><Polygon POINTS="221 137 114 128 114 73 194 73"/></Shape>
          <TextLine ID="eSc_line_9661c215"
                    BASELINE="127 122 198 126" 
                    HPOS="127"
                    VPOS="122"
                    WIDTH="71"
                    HEIGHT="4">
	    <String CONTENT=""
                    HPOS="127"
                    VPOS="122"
                    WIDTH="71"
                    HEIGHT="4"></String>
          </TextLine>
        </TextBlock>
        <TextBlock HPOS="418"
                   VPOS="67"
                   WIDTH="396"
                   HEIGHT="73"
                   ID="region_1719492642532_324"
                   TAGREFS="BT3209">
          <Shape><Polygon POINTS="814 133 418 140 418 67 788 67"/></Shape>
          <TextLine ID="eSc_line_38b704d7"
                    BASELINE="442 130 791 125" 
                    HPOS="442"
                    VPOS="125"
                    WIDTH="349"
                    HEIGHT="5">
	    <String CONTENT=""
                    HPOS="442"
                    VPOS="125"
                    WIDTH="349"
                    HEIGHT="5"></String>
          </TextLine>
        </TextBlock>
        <TextBlock HPOS="270"
                   VPOS="249"
                   WIDTH="608"
                   HEIGHT="1537"
                   ID="region_1719492659299_333"
                   TAGREFS="BT3210">
          <Shape><Polygon POINTS="864 1786 270 1786 290 432 281 347 374 352 364 254 878 249"/></Shape>
          <TextLine ID="eSc_line_203fc223"
                    BASELINE="371 298 707 298" 
                    HPOS="371"
                    VPOS="298"
                    WIDTH="336"
                    HEIGHT="0">
	    <String CONTENT=""
                    HPOS="371"
                    VPOS="298"
                    WIDTH="336"
                    HEIGHT="0"></String>
          </TextLine>
          <TextLine ID="eSc_line_010186ec"
                    BASELINE="384 340 874 345" 
                    HPOS="384"
                    VPOS="340"
                    WIDTH="490"
                    HEIGHT="5">
	    <String CONTENT=""
                    HPOS="384"
                    VPOS="340"
                    WIDTH="490"
                    HEIGHT="5"></String>
          </TextLine>
          <TextLine ID="eSc_line_8544b808"
                    BASELINE="308 385 773 388" 
                    HPOS="308"
                    VPOS="385"
                    WIDTH="465"
                    HEIGHT="3">
	    <String CONTENT=""
                    HPOS="308"
                    VPOS="385"
                    WIDTH="465"
                    HEIGHT="3"></String>
          </TextLine>
          <TextLine ID="eSc_line_dd17148b"
                    BASELINE="308 424 779 429" 
                    HPOS="308"
                    VPOS="424"
                    WIDTH="471"
                    HEIGHT="5">
	    <String CONTENT=""
                    HPOS="308"
                    VPOS="424"
                    WIDTH="471"
                    HEIGHT="5"></String>
          </TextLine>
          <TextLine ID="eSc_line_1b28822c"
                    BASELINE="304 472 773 475" 
                    HPOS="304"
                    VPOS="472"
                    WIDTH="469"
                    HEIGHT="3">
	    <String CONTENT=""
                    HPOS="304"
                    VPOS="472"
                    WIDTH="469"
                    HEIGHT="3"></String>
          </TextLine>
          <TextLine ID="eSc_line_80c0c68b"
                    BASELINE="306 514 797 517" 
                    HPOS="306"
                    VPOS="514"
                    WIDTH="491"
                    HEIGHT="3">
	    <String CONTENT=""
                    HPOS="306"
                    VPOS="514"
                    WIDTH="491"
                    HEIGHT="3"></String>
          </TextLine>
          <TextLine ID="eSc_line_fb9d5511"
                    BASELINE="300 557 842 564" 
                    HPOS="300"
                    VPOS="557"
                    WIDTH="542"
                    HEIGHT="7">
	    <String CONTENT=""
                    HPOS="300"
                    VPOS="557"
                    WIDTH="542"
                    HEIGHT="7"></String>
          </TextLine>
          <TextLine ID="eSc_line_8ffce3d6"
                    BASELINE="296 600 743 605" 
                    HPOS="296"
                    VPOS="600"
                    WIDTH="447"
                    HEIGHT="5">
	    <String CONTENT=""
                    HPOS="296"
                    VPOS="600"
                    WIDTH="447"
                    HEIGHT="5"></String>
          </TextLine>
          <TextLine ID="eSc_line_f88e2da1"
                    BASELINE="297 641 731 646" 
                    HPOS="297"
                    VPOS="641"
                    WIDTH="434"
                    HEIGHT="5">
	    <String CONTENT=""
                    HPOS="297"
                    VPOS="641"
                    WIDTH="434"
                    HEIGHT="5"></String>
          </TextLine>
          <TextLine ID="eSc_line_f6228b28"
                    BASELINE="298 687 810 691" 
                    HPOS="298"
                    VPOS="687"
                    WIDTH="512"
                    HEIGHT="4">
	    <String CONTENT=""
                    HPOS="298"
                    VPOS="687"
                    WIDTH="512"
                    HEIGHT="4"></String>
          </TextLine>
          <TextLine ID="eSc_line_0e4ac30f"
                    BASELINE="297 729 730 731" 
                    HPOS="297"
                    VPOS="729"
                    WIDTH="433"
                    HEIGHT="2">
	    <String CONTENT=""
                    HPOS="297"
                    VPOS="729"
                    WIDTH="433"
                    HEIGHT="2"></String>
          </TextLine>
          <TextLine ID="eSc_line_80227c8c"
                    BASELINE="293 776 799 782" 
                    HPOS="293"
                    VPOS="776"
                    WIDTH="506"
                    HEIGHT="6">
	    <String CONTENT=""
                    HPOS="293"
                    VPOS="776"
                    WIDTH="506"
                    HEIGHT="6"></String>
          </TextLine>
          <TextLine ID="eSc_line_38f00fcb"
                    BASELINE="299 818 756 820" 
                    HPOS="299"
                    VPOS="818"
                    WIDTH="457"
                    HEIGHT="2">
	    <String CONTENT=""
                    HPOS="299"
                    VPOS="818"
                    WIDTH="457"
                    HEIGHT="2"></String>
          </TextLine>
          <TextLine ID="eSc_line_b1c76234"
                    BASELINE="301 861 758 866" 
                    HPOS="301"
                    VPOS="861"
                    WIDTH="457"
                    HEIGHT="5">
	    <String CONTENT=""
                    HPOS="301"
                    VPOS="861"
                    WIDTH="457"
                    HEIGHT="5"></String>
          </TextLine>
          <TextLine ID="eSc_line_7fc72b67"
                    BASELINE="300 906 702 909" 
                    HPOS="300"
                    VPOS="906"
                    WIDTH="402"
                    HEIGHT="3">
	    <String CONTENT=""
                    HPOS="300"
                    VPOS="906"
                    WIDTH="402"
                    HEIGHT="3"></String>
          </TextLine>
          <TextLine ID="eSc_line_d5d25900"
                    BASELINE="296 949 830 959" 
                    HPOS="296"
                    VPOS="949"
                    WIDTH="534"
                    HEIGHT="10">
	    <String CONTENT=""
                    HPOS="296"
                    VPOS="949"
                    WIDTH="534"
                    HEIGHT="10"></String>
          </TextLine>
          <TextLine ID="eSc_line_943e5729"
                    BASELINE="292 992 742 997" 
                    HPOS="292"
                    VPOS="992"
                    WIDTH="450"
                    HEIGHT="5">
	    <String CONTENT=""
                    HPOS="292"
                    VPOS="992"
                    WIDTH="450"
                    HEIGHT="5"></String>
          </TextLine>
          <TextLine ID="eSc_line_dfe0734a"
                    BASELINE="291 1035 686 1038" 
                    HPOS="291"
                    VPOS="1035"
                    WIDTH="395"
                    HEIGHT="3">
	    <String CONTENT=""
                    HPOS="291"
                    VPOS="1035"
                    WIDTH="395"
                    HEIGHT="3"></String>
          </TextLine>
          <TextLine ID="eSc_line_619e71fd"
                    BASELINE="290 1078 772 1083" 
                    HPOS="290"
                    VPOS="1078"
                    WIDTH="482"
                    HEIGHT="5">
	    <String CONTENT=""
                    HPOS="290"
                    VPOS="1078"
                    WIDTH="482"
                    HEIGHT="5"></String>
          </TextLine>
          <TextLine ID="eSc_line_ef782e8a"
                    BASELINE="296 1120 724 1124" 
                    HPOS="296"
                    VPOS="1120"
                    WIDTH="428"
                    HEIGHT="4">
	    <String CONTENT=""
                    HPOS="296"
                    VPOS="1120"
                    WIDTH="428"
                    HEIGHT="4"></String>
          </TextLine>
          <TextLine ID="eSc_line_a871a922"
                    BASELINE="294 1167 808 1166" 
                    HPOS="294"
                    VPOS="1166"
                    WIDTH="514"
                    HEIGHT="1">
	    <String CONTENT=""
                    HPOS="294"
                    VPOS="1166"
                    WIDTH="514"
                    HEIGHT="1"></String>
          </TextLine>
          <TextLine ID="eSc_line_d6869ff7"
                    BASELINE="295 1209 825 1215" 
                    HPOS="295"
                    VPOS="1209"
                    WIDTH="530"
                    HEIGHT="6">
	    <String CONTENT=""
                    HPOS="295"
                    VPOS="1209"
                    WIDTH="530"
                    HEIGHT="6"></String>
          </TextLine>
          <TextLine ID="eSc_line_2f32e316"
                    BASELINE="296 1247 766 1254" 
                    HPOS="296"
                    VPOS="1247"
                    WIDTH="470"
                    HEIGHT="7">
	    <String CONTENT=""
                    HPOS="296"
                    VPOS="1247"
                    WIDTH="470"
                    HEIGHT="7"></String>
          </TextLine>
          <TextLine ID="eSc_line_00f4a584"
                    BASELINE="289 1292 813 1300" 
                    HPOS="289"
                    VPOS="1292"
                    WIDTH="524"
                    HEIGHT="8">
	    <String CONTENT=""
                    HPOS="289"
                    VPOS="1292"
                    WIDTH="524"
                    HEIGHT="8"></String>
          </TextLine>
          <TextLine ID="eSc_line_abb11a05"
                    BASELINE="291 1334 788 1341" 
                    HPOS="291"
                    VPOS="1334"
                    WIDTH="497"
                    HEIGHT="7">
	    <String CONTENT=""
                    HPOS="291"
                    VPOS="1334"
                    WIDTH="497"
                    HEIGHT="7"></String>
          </TextLine>
          <TextLine ID="eSc_line_fe1d261e"
                    BASELINE="291 1377 751 1380" 
                    HPOS="291"
                    VPOS="1377"
                    WIDTH="460"
                    HEIGHT="3">
	    <String CONTENT=""
                    HPOS="291"
                    VPOS="1377"
                    WIDTH="460"
                    HEIGHT="3"></String>
          </TextLine>
          <TextLine ID="eSc_line_6a1364e7"
                    BASELINE="291 1423 729 1424" 
                    HPOS="291"
                    VPOS="1423"
                    WIDTH="438"
                    HEIGHT="1">
	    <String CONTENT=""
                    HPOS="291"
                    VPOS="1423"
                    WIDTH="438"
                    HEIGHT="1"></String>
          </TextLine>
          <TextLine ID="eSc_line_d03225ca"
                    BASELINE="289 1463 802 1474" 
                    HPOS="289"
                    VPOS="1463"
                    WIDTH="513"
                    HEIGHT="11">
	    <String CONTENT=""
                    HPOS="289"
                    VPOS="1463"
                    WIDTH="513"
                    HEIGHT="11"></String>
          </TextLine>
          <TextLine ID="eSc_line_c66d5e86"
                    BASELINE="293 1505 737 1510" 
                    HPOS="293"
                    VPOS="1505"
                    WIDTH="444"
                    HEIGHT="5">
	    <String CONTENT=""
                    HPOS="293"
                    VPOS="1505"
                    WIDTH="444"
                    HEIGHT="5"></String>
          </TextLine>
          <TextLine ID="eSc_line_b1f898f5"
                    BASELINE="290 1546 745 1554" 
                    HPOS="290"
                    VPOS="1546"
                    WIDTH="455"
                    HEIGHT="8">
	    <String CONTENT=""
                    HPOS="290"
                    VPOS="1546"
                    WIDTH="455"
                    HEIGHT="8"></String>
          </TextLine>
          <TextLine ID="eSc_line_35b9210c"
                    BASELINE="281 1594 768 1603" 
                    HPOS="281"
                    VPOS="1594"
                    WIDTH="487"
                    HEIGHT="9">
	    <String CONTENT=""
                    HPOS="281"
                    VPOS="1594"
                    WIDTH="487"
                    HEIGHT="9"></String>
          </TextLine>
          <TextLine ID="eSc_line_88dc10d9"
                    BASELINE="287 1633 696 1643" 
                    HPOS="287"
                    VPOS="1633"
                    WIDTH="409"
                    HEIGHT="10">
	    <String CONTENT=""
                    HPOS="287"
                    VPOS="1633"
                    WIDTH="409"
                    HEIGHT="10"></String>
          </TextLine>
          <TextLine ID="eSc_line_2535eeec"
                    BASELINE="293 1675 693 1686" 
                    HPOS="293"
                    VPOS="1675"
                    WIDTH="400"
                    HEIGHT="11">
	    <String CONTENT=""
                    HPOS="293"
                    VPOS="1675"
                    WIDTH="400"
                    HEIGHT="11"></String>
          </TextLine>
          <TextLine ID="eSc_line_d5360168"
                    BASELINE="288 1724 719 1728" 
                    HPOS="288"
                    VPOS="1724"
                    WIDTH="431"
                    HEIGHT="4">
	    <String CONTENT=""
                    HPOS="288"
                    VPOS="1724"
                    WIDTH="431"
                    HEIGHT="4"></String>
          </TextLine>
          <TextLine ID="eSc_line_eb279986"
                    BASELINE="287 1768 795 1768" 
                    HPOS="287"
                    VPOS="1768"
                    WIDTH="508"
                    HEIGHT="0">
	    <String CONTENT=""
                    HPOS="287"
                    VPOS="1768"
                    WIDTH="508"
                    HEIGHT="0"></String>
          </TextLine>
        </TextBlock>
        <TextBlock HPOS="471"
                   VPOS="154"
                   WIDTH="319"
                   HEIGHT="76"
                   ID="region_1719492646087_327"
                   TAGREFS="BT3208">
          <Shape><Polygon POINTS="790 228 471 230 471 154 771 154"/></Shape>
          <TextLine ID="eSc_line_6727dc08"
                    BASELINE="508 225 758 221" 
                    HPOS="508"
                    VPOS="221"
                    WIDTH="250"
                    HEIGHT="4">
	    <String CONTENT=""
                    HPOS="508"
                    VPOS="221"
                    WIDTH="250"
                    HEIGHT="4"></String>
          </TextLine>
        </TextBlock>
        <TextBlock HPOS="117"
                   VPOS="1806"
                   WIDTH="476"
                   HEIGHT="145"
                   ID="region_1719492835409_367"
                   TAGREFS="BT3211">
          <Shape><Polygon POINTS="593 1951 117 1949 117 1806 593 1808"/></Shape>
          <TextLine ID="eSc_line_d3d3e09c"
                    BASELINE="153 1835 587 1847" 
                    HPOS="153"
                    VPOS="1835"
                    WIDTH="434"
                    HEIGHT="12">
	    <String CONTENT=""
                    HPOS="153"
                    VPOS="1835"
                    WIDTH="434"
                    HEIGHT="12"></String>
          </TextLine>
          <TextLine ID="eSc_line_902905be"
                    BASELINE="119 1867 589 1879" 
                    HPOS="119"
                    VPOS="1867"
                    WIDTH="470"
                    HEIGHT="12">
	    <String CONTENT=""
                    HPOS="119"
                    VPOS="1867"
                    WIDTH="470"
                    HEIGHT="12"></String>
          </TextLine>
          <TextLine ID="eSc_line_7903fee6"
                    BASELINE="117 1902 589 1916" 
                    HPOS="117"
                    VPOS="1902"
                    WIDTH="472"
                    HEIGHT="14">
	    <String CONTENT=""
                    HPOS="117"
                    VPOS="1902"
                    WIDTH="472"
                    HEIGHT="14"></String>
          </TextLine>
        </TextBlock>
        <TextBlock HPOS="604"
                   VPOS="1802"
                   WIDTH="463"
                   HEIGHT="163"
                   ID="region_1719492842804_370"
                   TAGREFS="BT3212">
          <Shape><Polygon POINTS="1067 1915 834 1965 604 1952 612 1803 1062 1802"/></Shape>
          <TextLine ID="eSc_line_aacfd1af"
                    BASELINE="614 1850 680 1849 947 1842 981 1841 998 1833 1044 1827 1055 1824" 
                    HPOS="614"
                    VPOS="1824"
                    WIDTH="441"
                    HEIGHT="26">
	    <String CONTENT=""
                    HPOS="614"
                    VPOS="1824"
                    WIDTH="441"
                    HEIGHT="26"></String>
          </TextLine>
          <TextLine ID="eSc_line_8f45587d"
                    BASELINE="613 1888 614 1887 649 1886 775 1882 922 1883 951 1875 1009 1870 1061 1859" 
                    HPOS="613"
                    VPOS="1859"
                    WIDTH="448"
                    HEIGHT="29">
	    <String CONTENT=""
                    HPOS="613"
                    VPOS="1859"
                    WIDTH="448"
                    HEIGHT="29"></String>
          </TextLine>
          <TextLine ID="eSc_line_bf242aa2"
                    BASELINE="608 1917 714 1921 765 1912 874 1920 958 1909 988 1900 1040 1896 1057 1889 1063 1888" 
                    HPOS="608"
                    VPOS="1888"
                    WIDTH="455"
                    HEIGHT="33">
	    <String CONTENT=""
                    HPOS="608"
                    VPOS="1888"
                    WIDTH="455"
                    HEIGHT="33"></String>
          </TextLine>
          <TextLine ID="eSc_line_54cd5f8a"
                    BASELINE="615 1949 625 1948 658 1949 752 1957 849 1950 908 1948 954 1935 996 1939 1060 1914" 
                    HPOS="615"
                    VPOS="1914"
                    WIDTH="445"
                    HEIGHT="43">
	    <String CONTENT=""
                    HPOS="615"
                    VPOS="1914"
                    WIDTH="445"
                    HEIGHT="43"></String>
          </TextLine>
        </TextBlock>
        <TextBlock HPOS="1004"
                   VPOS="1924"
                   WIDTH="74"
                   HEIGHT="50"
                   ID="region_1719492678216_342"
                   TAGREFS="BT3208">
          <Shape><Polygon POINTS="1078 1950 1020 1974 1004 1936 1063 1924"/></Shape>
          <TextLine ID="eSc_line_c3edae61"
                    BASELINE="1025 1965 1062 1954" 
                    HPOS="1025"
                    VPOS="1954"
                    WIDTH="37"
                    HEIGHT="11">
	    <String CONTENT=""
                    HPOS="1025"
                    VPOS="1954"
                    WIDTH="37"
                    HEIGHT="11"></String>
          </TextLine>
        </TextBlock>
        <TextBlock HPOS="297"
                   VPOS="245"
                   WIDTH="75"
                   HEIGHT="102"
                   ID="region_1719492652479_330"
                   TAGREFS="BT3210">
          <Shape><Polygon POINTS="372 347 297 341 297 247 364 245"/></Shape>
        </TextBlock>
        <TextBlock HPOS="986"
                   VPOS="1745"
                   WIDTH="74"
                   HEIGHT="45"
                   ID="region_1719492670376_336"
                   TAGREFS="BT3208">
          <Shape><Polygon POINTS="1060 1790 987 1790 986 1745 1059 1745"/></Shape>
        </TextBlock>
        <TextBlock ID="eSc_dummyblock_">
          <TextLine ID="eSc_line_ca2e132e"
                    BASELINE="995 1793 1059 1785" 
                    HPOS="995"
                    VPOS="1785"
                    WIDTH="64"
                    HEIGHT="8">
	    <String CONTENT=""
                    HPOS="995"
                    VPOS="1785"
                    WIDTH="64"
                    HEIGHT="8"></String>
          </TextLine>
          <TextLine ID="eSc_line_4cedefbf"
                    BASELINE="116 1936 590 1949" 
                    HPOS="116"
                    VPOS="1936"
                    WIDTH="474"
                    HEIGHT="13">
	    <String CONTENT=""
                    HPOS="116"
                    VPOS="1936"
                    WIDTH="474"
                    HEIGHT="13"></String>
          </TextLine>
        </TextBlock>
      </PrintSpace>
    </Page>
  </Layout>
</alto>
