<?xml version="1.0" encoding="UTF-8"?>
<alto xmlns:xsi="http://www.w3.org/2001/XMLSchema-instance"
      xmlns="http://www.loc.gov/standards/alto/ns-v4#"
      xsi:schemaLocation="http://www.loc.gov/standards/alto/ns-v4# http://www.loc.gov/standards/alto/v4/alto-4-2.xsd">
  <Description>
    <MeasurementUnit>pixel</MeasurementUnit>
    <sourceImageInformation>
      <fileName>1771,_Saemtliche_Poetische_Werke,_Bohn,_5._Aufl.,_Bd._2,_VD18_90396766_Seite_088_Bild_0001.jpg</fileName>
    </sourceImageInformation>
  </Description>
  <Tags>
    <OtherTag ID="BT1" LABEL="Title" DESCRIPTION="block type Title"/><OtherTag ID="BT2" LABEL="Main" DESCRIPTION="block type Main"/><OtherTag ID="BT3" LABEL="Commentary" DESCRIPTION="block type Commentary"/><OtherTag ID="BT4" LABEL="Illustration" DESCRIPTION="block type Illustration"/><OtherTag ID="BT3208" LABEL="heading" DESCRIPTION="block type heading"/><OtherTag ID="BT3209" LABEL="header" DESCRIPTION="block type header"/><OtherTag ID="BT3210" LABEL="paragraph" DESCRIPTION="block type paragraph"/><OtherTag ID="BT3211" LABEL="l-column" DESCRIPTION="block type l-column"/><OtherTag ID="BT3212" LABEL="r-column" DESCRIPTION="block type r-column"/><OtherTag ID="BT3213" LABEL="footnote" DESCRIPTION="block type footnote"/><OtherTag ID="BT3214" LABEL="marginalia" DESCRIPTION="block type marginalia"/><OtherTag ID="BT3215" LABEL="catch-word" DESCRIPTION="block type catch-word"/><OtherTag ID="BT3216" LABEL="column" DESCRIPTION="block type column"/>
  </Tags>
  <Layout>
    <Page WIDTH="1157"
          HEIGHT="2058"
          PHYSICAL_IMG_NR="44"
          ID="eSc_dummypage_">
      <PrintSpace HPOS="0"
                  VPOS="0"
                  WIDTH="1157"
                  HEIGHT="2058">
        <TextBlock HPOS="109"
                   VPOS="160"
                   WIDTH="839"
                   HEIGHT="1012"
                   ID="region_1719482247597_154"
                   TAGREFS="BT3210">
          <Shape><Polygon POINTS="948 1165 115 1172 109 160 897 160"/></Shape>
          <TextLine ID="eSc_line_fec24d6a"
                    BASELINE="176 210 820 212" 
                    HPOS="176"
                    VPOS="210"
                    WIDTH="644"
                    HEIGHT="2">
	    <String CONTENT=""
                    HPOS="176"
                    VPOS="210"
                    WIDTH="644"
                    HEIGHT="2"></String>
          </TextLine>
          <TextLine ID="eSc_line_0cb93ba5"
                    BASELINE="140 249 730 255" 
                    HPOS="140"
                    VPOS="249"
                    WIDTH="590"
                    HEIGHT="6">
	    <String CONTENT=""
                    HPOS="140"
                    VPOS="249"
                    WIDTH="590"
                    HEIGHT="6"></String>
          </TextLine>
          <TextLine ID="eSc_line_d7bef094"
                    BASELINE="140 293 691 299" 
                    HPOS="140"
                    VPOS="293"
                    WIDTH="551"
                    HEIGHT="6">
	    <String CONTENT=""
                    HPOS="140"
                    VPOS="293"
                    WIDTH="551"
                    HEIGHT="6"></String>
          </TextLine>
          <TextLine ID="eSc_line_e5ba2610"
                    BASELINE="141 335 632 343" 
                    HPOS="141"
                    VPOS="335"
                    WIDTH="491"
                    HEIGHT="8">
	    <String CONTENT=""
                    HPOS="141"
                    VPOS="335"
                    WIDTH="491"
                    HEIGHT="8"></String>
          </TextLine>
          <TextLine ID="eSc_line_ece47aa1"
                    BASELINE="147 383 592 384" 
                    HPOS="147"
                    VPOS="383"
                    WIDTH="445"
                    HEIGHT="1">
	    <String CONTENT=""
                    HPOS="147"
                    VPOS="383"
                    WIDTH="445"
                    HEIGHT="1"></String>
          </TextLine>
          <TextLine ID="eSc_line_1da533d3"
                    BASELINE="182 423 704 429" 
                    HPOS="182"
                    VPOS="423"
                    WIDTH="522"
                    HEIGHT="6">
	    <String CONTENT=""
                    HPOS="182"
                    VPOS="423"
                    WIDTH="522"
                    HEIGHT="6"></String>
          </TextLine>
          <TextLine ID="eSc_line_194bfa31"
                    BASELINE="145 467 713 475" 
                    HPOS="145"
                    VPOS="467"
                    WIDTH="568"
                    HEIGHT="8">
	    <String CONTENT=""
                    HPOS="145"
                    VPOS="467"
                    WIDTH="568"
                    HEIGHT="8"></String>
          </TextLine>
          <TextLine ID="eSc_line_f14f9442"
                    BASELINE="137 511 729 517" 
                    HPOS="137"
                    VPOS="511"
                    WIDTH="592"
                    HEIGHT="6">
	    <String CONTENT=""
                    HPOS="137"
                    VPOS="511"
                    WIDTH="592"
                    HEIGHT="6"></String>
          </TextLine>
          <TextLine ID="eSc_line_6152c14c"
                    BASELINE="142 553 724 555" 
                    HPOS="142"
                    VPOS="553"
                    WIDTH="582"
                    HEIGHT="2">
	    <String CONTENT=""
                    HPOS="142"
                    VPOS="553"
                    WIDTH="582"
                    HEIGHT="2"></String>
          </TextLine>
          <TextLine ID="eSc_line_f9923da4"
                    BASELINE="172 599 872 604" 
                    HPOS="172"
                    VPOS="599"
                    WIDTH="700"
                    HEIGHT="5">
	    <String CONTENT=""
                    HPOS="172"
                    VPOS="599"
                    WIDTH="700"
                    HEIGHT="5"></String>
          </TextLine>
          <TextLine ID="eSc_line_21eaee2e"
                    BASELINE="137 641 646 643" 
                    HPOS="137"
                    VPOS="641"
                    WIDTH="509"
                    HEIGHT="2">
	    <String CONTENT=""
                    HPOS="137"
                    VPOS="641"
                    WIDTH="509"
                    HEIGHT="2"></String>
          </TextLine>
          <TextLine ID="eSc_line_256f0885"
                    BASELINE="183 682 853 688" 
                    HPOS="183"
                    VPOS="682"
                    WIDTH="670"
                    HEIGHT="6">
	    <String CONTENT=""
                    HPOS="183"
                    VPOS="682"
                    WIDTH="670"
                    HEIGHT="6"></String>
          </TextLine>
          <TextLine ID="eSc_line_44e1222d"
                    BASELINE="135 726 733 730" 
                    HPOS="135"
                    VPOS="726"
                    WIDTH="598"
                    HEIGHT="4">
	    <String CONTENT=""
                    HPOS="135"
                    VPOS="726"
                    WIDTH="598"
                    HEIGHT="4"></String>
          </TextLine>
          <TextLine ID="eSc_line_779b1d47"
                    BASELINE="135 774 721 775" 
                    HPOS="135"
                    VPOS="774"
                    WIDTH="586"
                    HEIGHT="1">
	    <String CONTENT=""
                    HPOS="135"
                    VPOS="774"
                    WIDTH="586"
                    HEIGHT="1"></String>
          </TextLine>
          <TextLine ID="eSc_line_128b6118"
                    BASELINE="139 816 869 818" 
                    HPOS="139"
                    VPOS="816"
                    WIDTH="730"
                    HEIGHT="2">
	    <String CONTENT=""
                    HPOS="139"
                    VPOS="816"
                    WIDTH="730"
                    HEIGHT="2"></String>
          </TextLine>
          <TextLine ID="eSc_line_97103624"
                    BASELINE="139 862 746 863" 
                    HPOS="139"
                    VPOS="862"
                    WIDTH="607"
                    HEIGHT="1">
	    <String CONTENT=""
                    HPOS="139"
                    VPOS="862"
                    WIDTH="607"
                    HEIGHT="1"></String>
          </TextLine>
          <TextLine ID="eSc_line_4a150ebb"
                    BASELINE="141 902 703 906" 
                    HPOS="141"
                    VPOS="902"
                    WIDTH="562"
                    HEIGHT="4">
	    <String CONTENT=""
                    HPOS="141"
                    VPOS="902"
                    WIDTH="562"
                    HEIGHT="4"></String>
          </TextLine>
          <TextLine ID="eSc_line_041459e8"
                    BASELINE="139 943 687 944" 
                    HPOS="139"
                    VPOS="943"
                    WIDTH="548"
                    HEIGHT="1">
	    <String CONTENT=""
                    HPOS="139"
                    VPOS="943"
                    WIDTH="548"
                    HEIGHT="1"></String>
          </TextLine>
          <TextLine ID="eSc_line_633dd587"
                    BASELINE="143 983 696 992" 
                    HPOS="143"
                    VPOS="983"
                    WIDTH="553"
                    HEIGHT="9">
	    <String CONTENT=""
                    HPOS="143"
                    VPOS="983"
                    WIDTH="553"
                    HEIGHT="9"></String>
          </TextLine>
          <TextLine ID="eSc_line_c86ce3de"
                    BASELINE="146 1029 658 1028" 
                    HPOS="146"
                    VPOS="1028"
                    WIDTH="512"
                    HEIGHT="1">
	    <String CONTENT=""
                    HPOS="146"
                    VPOS="1028"
                    WIDTH="512"
                    HEIGHT="1"></String>
          </TextLine>
          <TextLine ID="eSc_line_60ed9b2e"
                    BASELINE="143 1072 632 1077" 
                    HPOS="143"
                    VPOS="1072"
                    WIDTH="489"
                    HEIGHT="5">
	    <String CONTENT=""
                    HPOS="143"
                    VPOS="1072"
                    WIDTH="489"
                    HEIGHT="5"></String>
          </TextLine>
          <TextLine ID="eSc_line_11837629"
                    BASELINE="145 1115 668 1118" 
                    HPOS="145"
                    VPOS="1115"
                    WIDTH="523"
                    HEIGHT="3">
	    <String CONTENT=""
                    HPOS="145"
                    VPOS="1115"
                    WIDTH="523"
                    HEIGHT="3"></String>
          </TextLine>
          <TextLine ID="eSc_line_1f9ae5a0"
                    BASELINE="141 1164 711 1160" 
                    HPOS="141"
                    VPOS="1160"
                    WIDTH="570"
                    HEIGHT="4">
	    <String CONTENT=""
                    HPOS="141"
                    VPOS="1160"
                    WIDTH="570"
                    HEIGHT="4"></String>
          </TextLine>
        </TextBlock>
        <TextBlock HPOS="386"
                   VPOS="73"
                   WIDTH="304"
                   HEIGHT="65"
                   ID="region_1719482233445_148"
                   TAGREFS="BT3209">
          <Shape><Polygon POINTS="690 138 386 138 386 73 672 73"/></Shape>
          <TextLine ID="eSc_line_dc53e65f"
                    BASELINE="400 130 670 132" 
                    HPOS="400"
                    VPOS="130"
                    WIDTH="270"
                    HEIGHT="2">
	    <String CONTENT=""
                    HPOS="400"
                    VPOS="130"
                    WIDTH="270"
                    HEIGHT="2"></String>
          </TextLine>
        </TextBlock>
        <TextBlock HPOS="977"
                   VPOS="82"
                   WIDTH="74"
                   HEIGHT="81"
                   ID="region_1719482236124_151"
                   TAGREFS="BT3208">
          <Shape><Polygon POINTS="1051 163 993 158 977 82 1051 82"/></Shape>
          <TextLine ID="eSc_line_9ee63e11"
                    BASELINE="999 146 1045 152" 
                    HPOS="999"
                    VPOS="146"
                    WIDTH="46"
                    HEIGHT="6">
	    <String CONTENT=""
                    HPOS="999"
                    VPOS="146"
                    WIDTH="46"
                    HEIGHT="6"></String>
          </TextLine>
        </TextBlock>
        <TextBlock HPOS="130"
                   VPOS="1217"
                   WIDTH="651"
                   HEIGHT="102"
                   ID="region_1719482253481_157"
                   TAGREFS="BT3210">
          <Shape><Polygon POINTS="757 1319 130 1319 154 1217 781 1217"/></Shape>
          <TextLine ID="eSc_line_a98a6686"
                    BASELINE="176 1265 742 1265" 
                    HPOS="176"
                    VPOS="1265"
                    WIDTH="566"
                    HEIGHT="0">
	    <String CONTENT=""
                    HPOS="176"
                    VPOS="1265"
                    WIDTH="566"
                    HEIGHT="0"></String>
          </TextLine>
          <TextLine ID="eSc_line_84b367e3"
                    BASELINE="143 1310 666 1310" 
                    HPOS="143"
                    VPOS="1310"
                    WIDTH="523"
                    HEIGHT="0">
	    <String CONTENT=""
                    HPOS="143"
                    VPOS="1310"
                    WIDTH="523"
                    HEIGHT="0"></String>
          </TextLine>
        </TextBlock>
        <TextBlock HPOS="88"
                   VPOS="1372"
                   WIDTH="926"
                   HEIGHT="175"
                   ID="region_1719482258261_160"
                   TAGREFS="BT3208">
          <Shape><Polygon POINTS="1014 1538 93 1547 88 1372 992 1372"/></Shape>
          <TextLine ID="eSc_line_3b3b63b3"
                    BASELINE="112 1465 978 1464" 
                    HPOS="112"
                    VPOS="1464"
                    WIDTH="866"
                    HEIGHT="1">
	    <String CONTENT=""
                    HPOS="112"
                    VPOS="1464"
                    WIDTH="866"
                    HEIGHT="1"></String>
          </TextLine>
          <TextLine ID="eSc_line_1a6d7bce"
                    BASELINE="427 1540 666 1537" 
                    HPOS="427"
                    VPOS="1537"
                    WIDTH="239"
                    HEIGHT="3">
	    <String CONTENT=""
                    HPOS="427"
                    VPOS="1537"
                    WIDTH="239"
                    HEIGHT="3"></String>
          </TextLine>
        </TextBlock>
        <TextBlock HPOS="211"
                   VPOS="1552"
                   WIDTH="547"
                   HEIGHT="151"
                   ID="region_1719482264200_166"
                   TAGREFS="BT3210">
          <Shape><Polygon POINTS="758 1700 313 1703 211 1700 211 1647 290 1652 287 1552 758 1555"/></Shape>
          <TextLine ID="eSc_line_8b62778f"
                    BASELINE="290 1605 749 1607" 
                    HPOS="290"
                    VPOS="1605"
                    WIDTH="459"
                    HEIGHT="2">
	    <String CONTENT=""
                    HPOS="290"
                    VPOS="1605"
                    WIDTH="459"
                    HEIGHT="2"></String>
          </TextLine>
          <TextLine ID="eSc_line_946ea0d0"
                    BASELINE="296 1645 754 1653" 
                    HPOS="296"
                    VPOS="1645"
                    WIDTH="458"
                    HEIGHT="8">
	    <String CONTENT=""
                    HPOS="296"
                    VPOS="1645"
                    WIDTH="458"
                    HEIGHT="8"></String>
          </TextLine>
          <TextLine ID="eSc_line_9f243875"
                    BASELINE="219 1694 725 1691" 
                    HPOS="219"
                    VPOS="1691"
                    WIDTH="506"
                    HEIGHT="3">
	    <String CONTENT=""
                    HPOS="219"
                    VPOS="1691"
                    WIDTH="506"
                    HEIGHT="3"></String>
          </TextLine>
        </TextBlock>
        <TextBlock HPOS="94"
                   VPOS="1749"
                   WIDTH="458"
                   HEIGHT="233"
                   ID="region_1719482294340_183"
                   TAGREFS="BT3211">
          <Shape><Polygon POINTS="552 1970 100 1982 94 1749 552 1749"/></Shape>
          <TextLine ID="eSc_line_b2800635"
                    BASELINE="106 1790 532 1800" 
                    HPOS="106"
                    VPOS="1790"
                    WIDTH="426"
                    HEIGHT="10">
	    <String CONTENT=""
                    HPOS="106"
                    VPOS="1790"
                    WIDTH="426"
                    HEIGHT="10"></String>
          </TextLine>
          <TextLine ID="eSc_line_dcb85c91"
                    BASELINE="189 1827 467 1831" 
                    HPOS="189"
                    VPOS="1827"
                    WIDTH="278"
                    HEIGHT="4">
	    <String CONTENT=""
                    HPOS="189"
                    VPOS="1827"
                    WIDTH="278"
                    HEIGHT="4"></String>
          </TextLine>
          <TextLine ID="eSc_line_ab04deb8"
                    BASELINE="180 1861 537 1868" 
                    HPOS="180"
                    VPOS="1861"
                    WIDTH="357"
                    HEIGHT="7">
	    <String CONTENT=""
                    HPOS="180"
                    VPOS="1861"
                    WIDTH="357"
                    HEIGHT="7"></String>
          </TextLine>
          <TextLine ID="eSc_line_b0a7414f"
                    BASELINE="201 1894 432 1901" 
                    HPOS="201"
                    VPOS="1894"
                    WIDTH="231"
                    HEIGHT="7">
	    <String CONTENT=""
                    HPOS="201"
                    VPOS="1894"
                    WIDTH="231"
                    HEIGHT="7"></String>
          </TextLine>
          <TextLine ID="eSc_line_3d54cebb"
                    BASELINE="174 1929 537 1934" 
                    HPOS="174"
                    VPOS="1929"
                    WIDTH="363"
                    HEIGHT="5">
	    <String CONTENT=""
                    HPOS="174"
                    VPOS="1929"
                    WIDTH="363"
                    HEIGHT="5"></String>
          </TextLine>
          <TextLine ID="eSc_line_43eca184"
                    BASELINE="200 1969 379 1967" 
                    HPOS="200"
                    VPOS="1967"
                    WIDTH="179"
                    HEIGHT="2">
	    <String CONTENT=""
                    HPOS="200"
                    VPOS="1967"
                    WIDTH="179"
                    HEIGHT="2"></String>
          </TextLine>
        </TextBlock>
        <TextBlock HPOS="536"
                   VPOS="1698"
                   WIDTH="92"
                   HEIGHT="43"
                   ID="region_1719482266444_169"
                   TAGREFS="BT3208">
          <Shape><Polygon POINTS="617 1741 542 1741 536 1698 628 1705"/></Shape>
          <TextLine ID="eSc_line_7805b458"
                    BASELINE="553 1737 614 1739" 
                    HPOS="553"
                    VPOS="1737"
                    WIDTH="61"
                    HEIGHT="2">
	    <String CONTENT=""
                    HPOS="553"
                    VPOS="1737"
                    WIDTH="61"
                    HEIGHT="2"></String>
          </TextLine>
        </TextBlock>
        <TextBlock HPOS="561"
                   VPOS="1755"
                   WIDTH="480"
                   HEIGHT="217"
                   ID="region_1719482297872_186"
                   TAGREFS="BT3212">
          <Shape><Polygon POINTS="1041 1972 561 1972 561 1755 1041 1755"/></Shape>
          <TextLine ID="eSc_line_92aad1d0"
                    BASELINE="588 1796 1035 1793" 
                    HPOS="588"
                    VPOS="1793"
                    WIDTH="447"
                    HEIGHT="3">
	    <String CONTENT=""
                    HPOS="588"
                    VPOS="1793"
                    WIDTH="447"
                    HEIGHT="3"></String>
          </TextLine>
          <TextLine ID="eSc_line_832aac17"
                    BASELINE="715 1833 891 1832" 
                    HPOS="715"
                    VPOS="1832"
                    WIDTH="176"
                    HEIGHT="1">
	    <String CONTENT=""
                    HPOS="715"
                    VPOS="1832"
                    WIDTH="176"
                    HEIGHT="1"></String>
          </TextLine>
          <TextLine ID="eSc_line_0e990ace"
                    BASELINE="595 1884 1036 1873" 
                    HPOS="595"
                    VPOS="1873"
                    WIDTH="441"
                    HEIGHT="11">
	    <String CONTENT=""
                    HPOS="595"
                    VPOS="1873"
                    WIDTH="441"
                    HEIGHT="11"></String>
          </TextLine>
          <TextLine ID="eSc_line_8794db65"
                    BASELINE="717 1918 978 1910" 
                    HPOS="717"
                    VPOS="1910"
                    WIDTH="261"
                    HEIGHT="8">
	    <String CONTENT=""
                    HPOS="717"
                    VPOS="1910"
                    WIDTH="261"
                    HEIGHT="8"></String>
          </TextLine>
          <TextLine ID="eSc_line_10477187"
                    BASELINE="926 1962 1036 1960" 
                    HPOS="926"
                    VPOS="1960"
                    WIDTH="110"
                    HEIGHT="2">
	    <String CONTENT=""
                    HPOS="926"
                    VPOS="1960"
                    WIDTH="110"
                    HEIGHT="2"></String>
          </TextLine>
        </TextBlock>
        <TextBlock HPOS="948"
                   VPOS="1674"
                   WIDTH="103"
                   HEIGHT="60"
                   ID="region_1719482269644_172"
                   TAGREFS="BT3208">
          <Shape><Polygon POINTS="1051 1734 951 1734 948 1674 1048 1674"/></Shape>
          <TextLine ID="eSc_line_241c5f18"
                    BASELINE="966 1730 1035 1730" 
                    HPOS="966"
                    VPOS="1730"
                    WIDTH="69"
                    HEIGHT="0">
	    <String CONTENT=""
                    HPOS="966"
                    VPOS="1730"
                    WIDTH="69"
                    HEIGHT="0"></String>
          </TextLine>
        </TextBlock>
        <TextBlock HPOS="211"
                   VPOS="1553"
                   WIDTH="76"
                   HEIGHT="95"
                   ID="region_1719482261101_163"
                   TAGREFS="BT3210">
          <Shape><Polygon POINTS="286 1648 211 1645 212 1553 287 1556"/></Shape>
        </TextBlock>
      </PrintSpace>
    </Page>
  </Layout>
</alto>
