<?xml version="1.0" encoding="UTF-8"?>
<alto xmlns:xsi="http://www.w3.org/2001/XMLSchema-instance"
      xmlns="http://www.loc.gov/standards/alto/ns-v4#"
      xsi:schemaLocation="http://www.loc.gov/standards/alto/ns-v4# http://www.loc.gov/standards/alto/v4/alto-4-2.xsd">
  <Description>
    <MeasurementUnit>pixel</MeasurementUnit>
    <sourceImageInformation>
      <fileName>1782,_Poetische_Werke,_Fleischhauer,_Bd._2,_VD18_89276873-001_Seite_094_Bild_0001.jpg</fileName>
      <fileIdentifier>mets//Fleischahuer_Balnce_ohne_Zeilen.zip/1782,_Poetische_Werke,_Fleischhauer,_Bd._2,_VD18_89276873-001_Seite_094_Bild_0001.jpg</fileIdentifier>
    </sourceImageInformation>
  </Description>
  <Tags>
    <OtherTag ID="BT1" LABEL="Title" DESCRIPTION="block type Title"/><OtherTag ID="BT2" LABEL="Main" DESCRIPTION="block type Main"/><OtherTag ID="BT3" LABEL="Commentary" DESCRIPTION="block type Commentary"/><OtherTag ID="BT4" LABEL="Illustration" DESCRIPTION="block type Illustration"/><OtherTag ID="BT4468" LABEL="paragraph" DESCRIPTION="block type paragraph"/><OtherTag ID="BT4469" LABEL="footnote" DESCRIPTION="block type footnote"/><OtherTag ID="BT4470" LABEL="endnote" DESCRIPTION="block type endnote"/><OtherTag ID="BT4471" LABEL="heading" DESCRIPTION="block type heading"/>
  </Tags>
  <Layout>
    <Page WIDTH="1207"
          HEIGHT="2034"
          PHYSICAL_IMG_NR="4"
          ID="eSc_dummypage_">
      <PrintSpace HPOS="0"
                  VPOS="0"
                  WIDTH="1207"
                  HEIGHT="2034">
        <TextBlock HPOS="919.0"
                   VPOS="1776.0"
                   WIDTH="130.0"
                   HEIGHT="96.0"
                   ID="region_1719324947259_522"
                   TAGREFS="BT4468">
          <Shape><Polygon POINTS="919 1865 921 1776 1040 1776 1049 1872"/></Shape>
          <TextLine ID="region_1719324947259_522_tl_1"
                    BASELINE="938 1838 942 1838 972 1838 1002 1838 1032 1834" 
                    HPOS="938.0"
                    VPOS="1789.0"
                    WIDTH="94.0"
                    HEIGHT="54.0">
            <Shape><Polygon POINTS="938 1793 942 1793 972 1793 1002 1793 1032 1789 1032 1839 1002 1843 972 1843 942 1843 938 1843"/></Shape>
	    <String CONTENT=""
                    HPOS="938.0"
                    VPOS="1789.0"
                    WIDTH="94.0"
                    HEIGHT="54.0"></String>
          </TextLine>
        </TextBlock>
        <TextBlock HPOS="410.0"
                   VPOS="107.0"
                   WIDTH="300.0"
                   HEIGHT="81.0"
                   ID="region_1719324960200_525"
                   TAGREFS="BT4468">
          <Shape><Polygon POINTS="410 188 414 124 686 107 710 178"/></Shape>
        </TextBlock>
        <TextBlock HPOS="942.0"
                   VPOS="130.0"
                   WIDTH="94.0"
                   HEIGHT="72.0"
                   ID="region_1719324973149_528"
                   TAGREFS="BT4468">
          <Shape><Polygon POINTS="942 197 948 130 1036 131 1027 202"/></Shape>
        </TextBlock>
        <TextBlock HPOS="133.0"
                   VPOS="205.0"
                   WIDTH="924.0"
                   HEIGHT="253.0"
                   ID="region_1719324992811_531"
                   TAGREFS="BT4468">
          <Shape><Polygon POINTS="137 437 133 205 827 214 828 251 1049 281 1057 458 746 441"/></Shape>
        </TextBlock>
        <TextBlock HPOS="141.0"
                   VPOS="495.0"
                   WIDTH="881.0"
                   HEIGHT="116.0"
                   ID="region_1719325004461_534"
                   TAGREFS="BT4469">
          <Shape><Polygon POINTS="149 611 141 495 1022 504 1021 606"/></Shape>
        </TextBlock>
        <TextBlock HPOS="530.0"
                   VPOS="1776.0"
                   WIDTH="128.0"
                   HEIGHT="90.0"
                   ID="region_1719324941527_519"
                   TAGREFS="BT4468">
          <Shape><Polygon POINTS="535 1863 530 1776 654 1781 658 1866"/></Shape>
        </TextBlock>
      </PrintSpace>
    </Page>
  </Layout>
</alto>
