<?xml version="1.0" encoding="UTF-8"?>
<alto xmlns:xsi="http://www.w3.org/2001/XMLSchema-instance"
      xmlns="http://www.loc.gov/standards/alto/ns-v4#"
      xsi:schemaLocation="http://www.loc.gov/standards/alto/ns-v4# http://www.loc.gov/standards/alto/v4/alto-4-2.xsd">
  <Description>
    <MeasurementUnit>pixel</MeasurementUnit>
    <sourceImageInformation>
      <fileName>1782,_Poetische_Werke,_Fleischhauer,_Bd._2,_VD18_89276873-001_Seite_328_Bild_0001.jpg</fileName>
      <fileIdentifier>mets//Fleischahuer_Balnce_ohne_Zeilen.zip/1782,_Poetische_Werke,_Fleischhauer,_Bd._2,_VD18_89276873-001_Seite_328_Bild_0001.jpg</fileIdentifier>
    </sourceImageInformation>
  </Description>
  <Tags>
    <OtherTag ID="BT1" LABEL="Title" DESCRIPTION="block type Title"/><OtherTag ID="BT2" LABEL="Main" DESCRIPTION="block type Main"/><OtherTag ID="BT3" LABEL="Commentary" DESCRIPTION="block type Commentary"/><OtherTag ID="BT4" LABEL="Illustration" DESCRIPTION="block type Illustration"/><OtherTag ID="BT4468" LABEL="paragraph" DESCRIPTION="block type paragraph"/><OtherTag ID="BT4469" LABEL="footnote" DESCRIPTION="block type footnote"/><OtherTag ID="BT4470" LABEL="endnote" DESCRIPTION="block type endnote"/><OtherTag ID="BT4471" LABEL="heading" DESCRIPTION="block type heading"/>
  </Tags>
  <Layout>
    <Page WIDTH="1198"
          HEIGHT="2039"
          PHYSICAL_IMG_NR="6"
          ID="eSc_dummypage_">
      <PrintSpace HPOS="0"
                  VPOS="0"
                  WIDTH="1198"
                  HEIGHT="2039">
        <TextBlock HPOS="399.0"
                   VPOS="159.0"
                   WIDTH="362.0"
                   HEIGHT="77.0"
                   ID="region_1719326789142_804"
                   TAGREFS="BT4468">
          <Shape><Polygon POINTS="761 228 746 160 399 159 408 236"/></Shape>
        </TextBlock>
        <TextBlock HPOS="938.0"
                   VPOS="171.0"
                   WIDTH="130.0"
                   HEIGHT="78.0"
                   ID="region_1719326783951_801"
                   TAGREFS="BT4468">
          <Shape><Polygon POINTS="939 239 938 171 1068 174 1056 249"/></Shape>
        </TextBlock>
        <TextBlock HPOS="136.0"
                   VPOS="249.0"
                   WIDTH="939.0"
                   HEIGHT="400.0"
                   ID="region_1719326797482_807"
                   TAGREFS="BT4468">
          <Shape><Polygon POINTS="150 649 136 249 990 270 1000 517 1075 535 1048 634"/></Shape>
        </TextBlock>
        <TextBlock HPOS="145.0"
                   VPOS="758.0"
                   WIDTH="955.0"
                   HEIGHT="250.0"
                   ID="region_1719326805943_810"
                   TAGREFS="BT4468">
          <Shape><Polygon POINTS="145 1001 145 785 198 760 1100 758 1073 1008"/></Shape>
        </TextBlock>
        <TextBlock HPOS="137.0"
                   VPOS="1113.0"
                   WIDTH="911.0"
                   HEIGHT="699.0"
                   ID="region_1719326818412_813"
                   TAGREFS="BT4468">
          <Shape><Polygon POINTS="159 1113 1048 1122 983 1793 839 1812 137 1805"/></Shape>
        </TextBlock>
        <TextBlock HPOS="572.0"
                   VPOS="1811.0"
                   WIDTH="103.0"
                   HEIGHT="53.0"
                   ID="region_1719326829322_816"
                   TAGREFS="BT4468">
          <Shape><Polygon POINTS="675 1864 667 1820 629 1816 605 1811 572 1812 583 1859"/></Shape>
        </TextBlock>
        <TextBlock HPOS="937.0"
                   VPOS="1805.0"
                   WIDTH="105.0"
                   HEIGHT="62.0"
                   ID="region_1719326838957_819"
                   TAGREFS="BT4468">
          <Shape><Polygon POINTS="937 1858 943 1810 1042 1805 1030 1867"/></Shape>
        </TextBlock>
      </PrintSpace>
    </Page>
  </Layout>
</alto>
