<?xml version="1.0" encoding="UTF-8"?>
<alto xmlns:xsi="http://www.w3.org/2001/XMLSchema-instance"
      xmlns="http://www.loc.gov/standards/alto/ns-v4#"
      xsi:schemaLocation="http://www.loc.gov/standards/alto/ns-v4# http://www.loc.gov/standards/alto/v4/alto-4-2.xsd">
  <Description>
    <MeasurementUnit>pixel</MeasurementUnit>
    <sourceImageInformation>
      <fileName>1782,_Poetische_Werke,_Fleischhauer,_Bd._1,_VD18_89276865-001_Seite_184_Bild_0001.jpg</fileName>
      <fileIdentifier>mets//Fleischahuer_Balnce_ohne_Zeilen.zip/1782,_Poetische_Werke,_Fleischhauer,_Bd._1,_VD18_89276865-001_Seite_184_Bild_0001.jpg</fileIdentifier>
    </sourceImageInformation>
  </Description>
  <Tags>
    <OtherTag ID="BT1" LABEL="Title" DESCRIPTION="block type Title"/><OtherTag ID="BT2" LABEL="Main" DESCRIPTION="block type Main"/><OtherTag ID="BT3" LABEL="Commentary" DESCRIPTION="block type Commentary"/><OtherTag ID="BT4" LABEL="Illustration" DESCRIPTION="block type Illustration"/><OtherTag ID="BT4468" LABEL="paragraph" DESCRIPTION="block type paragraph"/><OtherTag ID="BT4469" LABEL="footnote" DESCRIPTION="block type footnote"/><OtherTag ID="BT4470" LABEL="endnote" DESCRIPTION="block type endnote"/><OtherTag ID="BT4471" LABEL="heading" DESCRIPTION="block type heading"/>
  </Tags>
  <Layout>
    <Page WIDTH="1192"
          HEIGHT="2044"
          PHYSICAL_IMG_NR="1"
          ID="eSc_dummypage_">
      <PrintSpace HPOS="0"
                  VPOS="0"
                  WIDTH="1192"
                  HEIGHT="2044">
        <TextBlock HPOS="361.0"
                   VPOS="139.0"
                   WIDTH="442.0"
                   HEIGHT="76.0"
                   ID="region_1721149794314_322"
                   TAGREFS="BT4468">
          <Shape><Polygon POINTS="361 139 375 200 803 215 802 150"/></Shape>
        </TextBlock>
        <TextBlock HPOS="930.0"
                   VPOS="156.0"
                   WIDTH="91.0"
                   HEIGHT="67.0"
                   ID="region_1721149785119_319"
                   TAGREFS="BT4468">
          <Shape><Polygon POINTS="930 156 931 213 1017 223 1021 162"/></Shape>
        </TextBlock>
        <TextBlock HPOS="130.0"
                   VPOS="224.0"
                   WIDTH="878.0"
                   HEIGHT="171.0"
                   ID="region_1721149802020_325"
                   TAGREFS="BT4469">
          <Shape><Polygon POINTS="130 224 137 367 1008 395 993 252"/></Shape>
        </TextBlock>
        <TextBlock HPOS="132.0"
                   VPOS="398.0"
                   WIDTH="894.0"
                   HEIGHT="350.0"
                   ID="region_1721149819639_328"
                   TAGREFS="BT4469">
          <Shape><Polygon POINTS="132 398 146 745 1026 748 1024 415"/></Shape>
        </TextBlock>
        <TextBlock HPOS="189.0"
                   VPOS="761.0"
                   WIDTH="780.0"
                   HEIGHT="158.0"
                   ID="region_1721149838003_331"
                   TAGREFS="BT4469">
          <Shape><Polygon POINTS="189 778 201 884 628 891 676 915 969 919 947 770 612 761 592 790"/></Shape>
        </TextBlock>
        <TextBlock HPOS="114.0"
                   VPOS="924.0"
                   WIDTH="877.0"
                   HEIGHT="162.0"
                   ID="region_1721149850939_334"
                   TAGREFS="BT4469">
          <Shape><Polygon POINTS="114 928 133 1068 991 1086 935 930 298 924"/></Shape>
        </TextBlock>
        <TextBlock HPOS="165.0"
                   VPOS="1090.0"
                   WIDTH="886.0"
                   HEIGHT="338.0"
                   ID="region_1721149862234_337"
                   TAGREFS="BT4469">
          <Shape><Polygon POINTS="165 1103 173 1428 1051 1423 1038 1098 366 1090"/></Shape>
        </TextBlock>
        <TextBlock HPOS="143.0"
                   VPOS="1455.0"
                   WIDTH="853.0"
                   HEIGHT="193.0"
                   ID="region_1721149869272_340"
                   TAGREFS="BT4469">
          <Shape><Polygon POINTS="143 1455 151 1641 996 1648 956 1455"/></Shape>
        </TextBlock>
        <TextBlock HPOS="146.0"
                   VPOS="1660.0"
                   WIDTH="825.0"
                   HEIGHT="121.0"
                   ID="region_1721149874714_343"
                   TAGREFS="BT4469">
          <Shape><Polygon POINTS="146 1660 148 1781 971 1781 938 1678"/></Shape>
        </TextBlock>
        <TextBlock HPOS="570.0"
                   VPOS="1815.0"
                   WIDTH="100.0"
                   HEIGHT="53.0"
                   ID="region_1721149918752_346"
                   TAGREFS="BT4468">
          <Shape><Polygon POINTS="570 1817 572 1860 670 1868 660 1815"/></Shape>
        </TextBlock>
        <TextBlock HPOS="942.0"
                   VPOS="1809.0"
                   WIDTH="101.0"
                   HEIGHT="74.0"
                   ID="region_1721149923295_349"
                   TAGREFS="BT4468">
          <Shape><Polygon POINTS="942 1813 942 1883 1043 1882 1038 1809"/></Shape>
        </TextBlock>
      </PrintSpace>
    </Page>
  </Layout>
</alto>
