<?xml version="1.0" encoding="UTF-8"?>
<alto xmlns:xsi="http://www.w3.org/2001/XMLSchema-instance"
      xmlns="http://www.loc.gov/standards/alto/ns-v4#"
      xsi:schemaLocation="http://www.loc.gov/standards/alto/ns-v4# http://www.loc.gov/standards/alto/v4/alto-4-2.xsd">
  <Description>
    <MeasurementUnit>pixel</MeasurementUnit>
    <sourceImageInformation>
      <fileName>1782,_Poetische_Werke,_Fleischhauer,_Bd._2,_VD18_89276873-001_Seite_028_Bild_0001.jpg</fileName>
      <fileIdentifier>mets//Fleischahuer_Balnce_ohne_Zeilen.zip/1782,_Poetische_Werke,_Fleischhauer,_Bd._2,_VD18_89276873-001_Seite_028_Bild_0001.jpg</fileIdentifier>
    </sourceImageInformation>
  </Description>
  <Tags>
    <OtherTag ID="BT1" LABEL="Title" DESCRIPTION="block type Title"/><OtherTag ID="BT2" LABEL="Main" DESCRIPTION="block type Main"/><OtherTag ID="BT3" LABEL="Commentary" DESCRIPTION="block type Commentary"/><OtherTag ID="BT4" LABEL="Illustration" DESCRIPTION="block type Illustration"/><OtherTag ID="BT4468" LABEL="paragraph" DESCRIPTION="block type paragraph"/><OtherTag ID="BT4469" LABEL="footnote" DESCRIPTION="block type footnote"/><OtherTag ID="BT4470" LABEL="endnote" DESCRIPTION="block type endnote"/><OtherTag ID="BT4471" LABEL="heading" DESCRIPTION="block type heading"/>
  </Tags>
  <Layout>
    <Page WIDTH="1194"
          HEIGHT="2032"
          PHYSICAL_IMG_NR="3"
          ID="eSc_dummypage_">
      <PrintSpace HPOS="0"
                  VPOS="0"
                  WIDTH="1194"
                  HEIGHT="2032">
        <TextBlock HPOS="425.0"
                   VPOS="109.0"
                   WIDTH="318.0"
                   HEIGHT="83.0"
                   ID="region_1719323398337_267"
                   TAGREFS="BT4468">
          <Shape><Polygon POINTS="743 192 425 192 425 109 743 109"/></Shape>
        </TextBlock>
        <TextBlock HPOS="935.0"
                   VPOS="118.0"
                   WIDTH="114.0"
                   HEIGHT="82.0"
                   ID="region_1719323401521_270"
                   TAGREFS="BT4468">
          <Shape><Polygon POINTS="1049 200 935 200 935 118 1049 118"/></Shape>
        </TextBlock>
        <TextBlock HPOS="212.0"
                   VPOS="327.0"
                   WIDTH="59.0"
                   HEIGHT="76.0"
                   ID="region_1719323466666_283"
                   TAGREFS="BT4468">
          <Shape><Polygon POINTS="220 403 263 402 265 379 271 340 263 327 212 331"/></Shape>
        </TextBlock>
        <TextBlock HPOS="141.0"
                   VPOS="357.0"
                   WIDTH="791.0"
                   HEIGHT="230.0"
                   ID="region_1719323516953_288"
                   TAGREFS="BT4468">
          <Shape><Polygon POINTS="267 412 266 386 266 372 275 363 799 357 800 399 919 405 932 463 808 477 809 580 141 587 143 419"/></Shape>
        </TextBlock>
        <TextBlock HPOS="106.0"
                   VPOS="641.0"
                   WIDTH="941.0"
                   HEIGHT="440.0"
                   ID="region_1719323540871_291"
                   TAGREFS="BT4469">
          <Shape><Polygon POINTS="110 1081 106 641 1037 641 1047 1058"/></Shape>
        </TextBlock>
        <TextBlock HPOS="110.0"
                   VPOS="1097.0"
                   WIDTH="949.0"
                   HEIGHT="265.0"
                   ID="region_1719323547938_294"
                   TAGREFS="BT4469">
          <Shape><Polygon POINTS="110 1362 1059 1362 1059 1097 110 1097"/></Shape>
        </TextBlock>
        <TextBlock HPOS="137.0"
                   VPOS="1398.0"
                   WIDTH="906.0"
                   HEIGHT="255.0"
                   ID="region_1719323553409_297"
                   TAGREFS="BT4469">
          <Shape><Polygon POINTS="187 1653 1040 1642 1043 1398 137 1399"/></Shape>
        </TextBlock>
        <TextBlock HPOS="150.0"
                   VPOS="1679.0"
                   WIDTH="902.0"
                   HEIGHT="133.0"
                   ID="region_1719323558203_300"
                   TAGREFS="BT4469">
          <Shape><Polygon POINTS="155 1800 366 1812 411 1795 684 1801 736 1803 754 1798 935 1795 941 1790 968 1790 982 1791 993 1789 1040 1787 1052 1771 1048 1679 150 1679"/></Shape>
        </TextBlock>
        <TextBlock HPOS="565.0"
                   VPOS="1803.0"
                   WIDTH="80.0"
                   HEIGHT="38.0"
                   ID="region_1719323617545_307"
                   TAGREFS="BT4468">
          <Shape><Polygon POINTS="565 1841 645 1841 638 1805 565 1803"/></Shape>
        </TextBlock>
        <TextBlock HPOS="984.0"
                   VPOS="1798.0"
                   WIDTH="53.0"
                   HEIGHT="36.0"
                   ID="region_1719323621529_310"
                   TAGREFS="BT4468">
          <Shape><Polygon POINTS="984 1834 1037 1834 1037 1798 984 1798"/></Shape>
        </TextBlock>
      </PrintSpace>
    </Page>
  </Layout>
</alto>
