<?xml version="1.0" encoding="UTF-8"?>
<alto xmlns:xsi="http://www.w3.org/2001/XMLSchema-instance"
      xmlns="http://www.loc.gov/standards/alto/ns-v4#"
      xsi:schemaLocation="http://www.loc.gov/standards/alto/ns-v4# http://www.loc.gov/standards/alto/v4/alto-4-2.xsd">
  <Description>
    <MeasurementUnit>pixel</MeasurementUnit>
    <sourceImageInformation>
      <fileName>1782,_Poetische_Werke,_Fleischhauer,_Bd._3,_VD18_89276881-001_Seite_297_Bild_0001.jpg</fileName>
      <fileIdentifier>mets//Fleischahuer_Balnce_ohne_Zeilen.zip/1782,_Poetische_Werke,_Fleischhauer,_Bd._3,_VD18_89276881-001_Seite_297_Bild_0001.jpg</fileIdentifier>
    </sourceImageInformation>
  </Description>
  <Tags>
    <OtherTag ID="BT1" LABEL="Title" DESCRIPTION="block type Title"/><OtherTag ID="BT2" LABEL="Main" DESCRIPTION="block type Main"/><OtherTag ID="BT3" LABEL="Commentary" DESCRIPTION="block type Commentary"/><OtherTag ID="BT4" LABEL="Illustration" DESCRIPTION="block type Illustration"/><OtherTag ID="BT4468" LABEL="paragraph" DESCRIPTION="block type paragraph"/><OtherTag ID="BT4469" LABEL="footnote" DESCRIPTION="block type footnote"/><OtherTag ID="BT4470" LABEL="endnote" DESCRIPTION="block type endnote"/><OtherTag ID="BT4471" LABEL="heading" DESCRIPTION="block type heading"/>
  </Tags>
  <Layout>
    <Page WIDTH="1195"
          HEIGHT="2029"
          PHYSICAL_IMG_NR="10"
          ID="eSc_dummypage_">
      <PrintSpace HPOS="0"
                  VPOS="0"
                  WIDTH="1195"
                  HEIGHT="2029">
        <TextBlock HPOS="179.0"
                   VPOS="130.0"
                   WIDTH="99.0"
                   HEIGHT="81.0"
                   ID="region_1720085512220_33"
                   TAGREFS="BT4468">
          <Shape><Polygon POINTS="179 148 180 211 278 196 266 130"/></Shape>
        </TextBlock>
        <TextBlock HPOS="311.0"
                   VPOS="125.0"
                   WIDTH="630.0"
                   HEIGHT="72.0"
                   ID="region_1720085525554_36"
                   TAGREFS="BT4468">
          <Shape><Polygon POINTS="311 129 314 197 941 193 930 125"/></Shape>
        </TextBlock>
        <TextBlock HPOS="232.0"
                   VPOS="214.0"
                   WIDTH="693.0"
                   HEIGHT="413.0"
                   ID="region_1720085536222_39"
                   TAGREFS="BT4468">
          <Shape><Polygon POINTS="235 227 232 617 914 627 925 214"/></Shape>
        </TextBlock>
        <TextBlock HPOS="171.0"
                   VPOS="678.0"
                   WIDTH="771.0"
                   HEIGHT="92.0"
                   ID="region_1720085547877_42"
                   TAGREFS="BT4471">
          <Shape><Polygon POINTS="171 770 173 695 942 678 939 751"/></Shape>
        </TextBlock>
        <TextBlock HPOS="212.0"
                   VPOS="801.0"
                   WIDTH="551.0"
                   HEIGHT="491.0"
                   ID="region_1720085560352_45"
                   TAGREFS="BT4468">
          <Shape><Polygon POINTS="232 825 212 1264 248 1287 688 1292 763 801 274 806"/></Shape>
        </TextBlock>
        <TextBlock HPOS="164.0"
                   VPOS="1321.0"
                   WIDTH="910.0"
                   HEIGHT="345.0"
                   ID="region_1720085574722_48"
                   TAGREFS="BT4468">
          <Shape><Polygon POINTS="164 1336 169 1666 1074 1647 1048 1321"/></Shape>
        </TextBlock>
        <TextBlock HPOS="984.0"
                   VPOS="1653.0"
                   WIDTH="69.0"
                   HEIGHT="48.0"
                   ID="region_1720085612499_53"
                   TAGREFS="BT4468">
          <Shape><Polygon POINTS="985 1658 984 1701 1053 1699 1044 1653 1002 1654"/></Shape>
        </TextBlock>
        <TextBlock HPOS="208.0"
                   VPOS="1738.0"
                   WIDTH="140.0"
                   HEIGHT="44.0"
                   ID="region_1720085659296_62"
                   TAGREFS="BT4469">
          <Shape><Polygon POINTS="208 1747 208 1782 348 1778 343 1738 228 1743"/></Shape>
        </TextBlock>
        <TextBlock HPOS="209.0"
                   VPOS="1783.0"
                   WIDTH="584.0"
                   HEIGHT="49.0"
                   ID="region_1720085641104_59"
                   TAGREFS="BT4469">
          <Shape><Polygon POINTS="210 1788 209 1832 793 1829 783 1783"/></Shape>
        </TextBlock>
      </PrintSpace>
    </Page>
  </Layout>
</alto>
