<?xml version="1.0" encoding="UTF-8"?>
<alto xmlns:xsi="http://www.w3.org/2001/XMLSchema-instance"
      xmlns="http://www.loc.gov/standards/alto/ns-v4#"
      xsi:schemaLocation="http://www.loc.gov/standards/alto/ns-v4# http://www.loc.gov/standards/alto/v4/alto-4-2.xsd">
  <Description>
    <MeasurementUnit>pixel</MeasurementUnit>
    <sourceImageInformation>
      <fileName>0012.jpg</fileName>
    </sourceImageInformation>
  </Description>
  <Tags>
    <OtherTag ID="BT1" LABEL="Title" DESCRIPTION="block type Title"/><OtherTag ID="BT2" LABEL="Main" DESCRIPTION="block type Main"/><OtherTag ID="BT3" LABEL="Commentary" DESCRIPTION="block type Commentary"/><OtherTag ID="BT4" LABEL="Illustration" DESCRIPTION="block type Illustration"/><OtherTag ID="BT3755" LABEL="header" DESCRIPTION="block type header"/><OtherTag ID="BT3756" LABEL="paragraph" DESCRIPTION="block type paragraph"/><OtherTag ID="BT3757" LABEL="heading" DESCRIPTION="block type heading"/><OtherTag ID="BT3758" LABEL="footnote" DESCRIPTION="block type footnote"/><OtherTag ID="BT3759" LABEL="l-column" DESCRIPTION="block type l-column"/><OtherTag ID="BT3760" LABEL="r-column" DESCRIPTION="block type r-column"/><OtherTag ID="BT3761" LABEL="marginalia" DESCRIPTION="block type marginalia"/><OtherTag ID="BT4125" LABEL="drop-capital" DESCRIPTION="block type drop-capital"/><OtherTag ID="BT4126" LABEL="catch-word" DESCRIPTION="block type catch-word"/><OtherTag ID="BT4127" LABEL="page-number" DESCRIPTION="block type page-number"/><OtherTag ID="BT4128" LABEL="signature-mark" DESCRIPTION="block type signature-mark"/><OtherTag ID="BT4129" LABEL="poem_lg" DESCRIPTION="block type poem_lg"/><OtherTag ID="BT4130" LABEL="endnote" DESCRIPTION="block type endnote"/>
  </Tags>
  <Layout>
    <Page WIDTH="682"
          HEIGHT="1079"
          PHYSICAL_IMG_NR="14"
          ID="eSc_dummypage_">
      <PrintSpace HPOS="0"
                  VPOS="0"
                  WIDTH="682"
                  HEIGHT="1079">
        <TextBlock HPOS="115"
                   VPOS="98"
                   WIDTH="56"
                   HEIGHT="36"
                   ID="region_1718377882694_37"
                   TAGREFS="BT3756">
          <Shape><Polygon POINTS="171 134 129 134 115 98 171 100"/></Shape>
          <TextLine ID="eSc_line_12bbf0df"
                    BASELINE="141 131 149 131 167 130" 
                    HPOS="141.0"
                    VPOS="130.0"
                    WIDTH="26.0"
                    HEIGHT="1.0">
	    <String CONTENT=""
                    HPOS="141.0"
                    VPOS="130.0"
                    WIDTH="26.0"
                    HEIGHT="1.0"></String>
          </TextLine>
        </TextBlock>
        <TextBlock HPOS="125.0"
                   VPOS="141.0"
                   WIDTH="511.0"
                   HEIGHT="631.0"
                   ID="region_1718377893837_43"
                   TAGREFS="BT3756">
          <Shape><Polygon POINTS="636 765 136 772 125 141 624 141"/></Shape>
          <TextLine ID="eSc_line_4449f735"
                    BASELINE="140 178 618 171" 
                    HPOS="140.0"
                    VPOS="171.0"
                    WIDTH="478.0"
                    HEIGHT="7.0">
	    <String CONTENT=""
                    HPOS="140.0"
                    VPOS="171.0"
                    WIDTH="478.0"
                    HEIGHT="7.0"></String>
          </TextLine>
          <TextLine ID="eSc_line_800d7f27"
                    BASELINE="140 206 620 198" 
                    HPOS="140.0"
                    VPOS="198.0"
                    WIDTH="480.0"
                    HEIGHT="8.0">
	    <String CONTENT=""
                    HPOS="140.0"
                    VPOS="198.0"
                    WIDTH="480.0"
                    HEIGHT="8.0"></String>
          </TextLine>
          <TextLine ID="eSc_line_7d1364c4"
                    BASELINE="142 235 337 231" 
                    HPOS="142.0"
                    VPOS="231.0"
                    WIDTH="195.0"
                    HEIGHT="4.0">
	    <String CONTENT=""
                    HPOS="142.0"
                    VPOS="231.0"
                    WIDTH="195.0"
                    HEIGHT="4.0"></String>
          </TextLine>
          <TextLine ID="eSc_line_afb01b9e"
                    BASELINE="184 274 619 267" 
                    HPOS="184.0"
                    VPOS="267.0"
                    WIDTH="435.0"
                    HEIGHT="7.0">
	    <String CONTENT=""
                    HPOS="184.0"
                    VPOS="267.0"
                    WIDTH="435.0"
                    HEIGHT="7.0"></String>
          </TextLine>
          <TextLine ID="eSc_line_95b846d9"
                    BASELINE="140 303 622 294" 
                    HPOS="140.0"
                    VPOS="294.0"
                    WIDTH="482.0"
                    HEIGHT="9.0">
	    <String CONTENT=""
                    HPOS="140.0"
                    VPOS="294.0"
                    WIDTH="482.0"
                    HEIGHT="9.0"></String>
          </TextLine>
          <TextLine ID="eSc_line_946d6837"
                    BASELINE="139 333 618 321" 
                    HPOS="139.0"
                    VPOS="321.0"
                    WIDTH="479.0"
                    HEIGHT="12.0">
	    <String CONTENT=""
                    HPOS="139.0"
                    VPOS="321.0"
                    WIDTH="479.0"
                    HEIGHT="12.0"></String>
          </TextLine>
          <TextLine ID="eSc_line_555f811c"
                    BASELINE="140 362 405 351" 
                    HPOS="140.0"
                    VPOS="351.0"
                    WIDTH="265.0"
                    HEIGHT="11.0">
	    <String CONTENT=""
                    HPOS="140.0"
                    VPOS="351.0"
                    WIDTH="265.0"
                    HEIGHT="11.0"></String>
          </TextLine>
          <TextLine ID="eSc_line_19cae0d7"
                    BASELINE="179 396 622 387" 
                    HPOS="179.0"
                    VPOS="387.0"
                    WIDTH="443.0"
                    HEIGHT="9.0">
	    <String CONTENT=""
                    HPOS="179.0"
                    VPOS="387.0"
                    WIDTH="443.0"
                    HEIGHT="9.0"></String>
          </TextLine>
          <TextLine ID="eSc_line_380d05e8"
                    BASELINE="140 427 620 418" 
                    HPOS="140.0"
                    VPOS="418.0"
                    WIDTH="480.0"
                    HEIGHT="9.0">
	    <String CONTENT=""
                    HPOS="140.0"
                    VPOS="418.0"
                    WIDTH="480.0"
                    HEIGHT="9.0"></String>
          </TextLine>
          <TextLine ID="eSc_line_ea832eec"
                    BASELINE="139 452 623 446" 
                    HPOS="139.0"
                    VPOS="446.0"
                    WIDTH="484.0"
                    HEIGHT="6.0">
	    <String CONTENT=""
                    HPOS="139.0"
                    VPOS="446.0"
                    WIDTH="484.0"
                    HEIGHT="6.0"></String>
          </TextLine>
          <TextLine ID="eSc_line_ab481d3f"
                    BASELINE="141 483 624 472" 
                    HPOS="141.0"
                    VPOS="472.0"
                    WIDTH="483.0"
                    HEIGHT="11.0">
	    <String CONTENT=""
                    HPOS="141.0"
                    VPOS="472.0"
                    WIDTH="483.0"
                    HEIGHT="11.0"></String>
          </TextLine>
          <TextLine ID="eSc_line_3a9235ca"
                    BASELINE="141 510 624 499" 
                    HPOS="141.0"
                    VPOS="499.0"
                    WIDTH="483.0"
                    HEIGHT="11.0">
	    <String CONTENT=""
                    HPOS="141.0"
                    VPOS="499.0"
                    WIDTH="483.0"
                    HEIGHT="11.0"></String>
          </TextLine>
          <TextLine ID="eSc_line_04bdf173"
                    BASELINE="139 539 625 528" 
                    HPOS="139.0"
                    VPOS="528.0"
                    WIDTH="486.0"
                    HEIGHT="11.0">
	    <String CONTENT=""
                    HPOS="139.0"
                    VPOS="528.0"
                    WIDTH="486.0"
                    HEIGHT="11.0"></String>
          </TextLine>
          <TextLine ID="eSc_line_69d0c1d1"
                    BASELINE="142 564 625 557" 
                    HPOS="142.0"
                    VPOS="557.0"
                    WIDTH="483.0"
                    HEIGHT="7.0">
	    <String CONTENT=""
                    HPOS="142.0"
                    VPOS="557.0"
                    WIDTH="483.0"
                    HEIGHT="7.0"></String>
          </TextLine>
          <TextLine ID="eSc_line_4a158a46"
                    BASELINE="137 594 628 583" 
                    HPOS="137.0"
                    VPOS="583.0"
                    WIDTH="491.0"
                    HEIGHT="11.0">
	    <String CONTENT=""
                    HPOS="137.0"
                    VPOS="583.0"
                    WIDTH="491.0"
                    HEIGHT="11.0"></String>
          </TextLine>
          <TextLine ID="eSc_line_b0a7569d"
                    BASELINE="136 623 627 611" 
                    HPOS="136.0"
                    VPOS="611.0"
                    WIDTH="491.0"
                    HEIGHT="12.0">
	    <String CONTENT=""
                    HPOS="136.0"
                    VPOS="611.0"
                    WIDTH="491.0"
                    HEIGHT="12.0"></String>
          </TextLine>
          <TextLine ID="eSc_line_f872fc65"
                    BASELINE="141 650 594 643" 
                    HPOS="141.0"
                    VPOS="643.0"
                    WIDTH="453.0"
                    HEIGHT="7.0">
	    <String CONTENT=""
                    HPOS="141.0"
                    VPOS="643.0"
                    WIDTH="453.0"
                    HEIGHT="7.0"></String>
          </TextLine>
          <TextLine ID="eSc_line_529e4ebe"
                    BASELINE="182 691 621 681" 
                    HPOS="182.0"
                    VPOS="681.0"
                    WIDTH="439.0"
                    HEIGHT="10.0">
	    <String CONTENT=""
                    HPOS="182.0"
                    VPOS="681.0"
                    WIDTH="439.0"
                    HEIGHT="10.0"></String>
          </TextLine>
          <TextLine ID="eSc_line_5c0d19bd"
                    BASELINE="146 720 622 710" 
                    HPOS="146.0"
                    VPOS="710.0"
                    WIDTH="476.0"
                    HEIGHT="10.0">
	    <String CONTENT=""
                    HPOS="146.0"
                    VPOS="710.0"
                    WIDTH="476.0"
                    HEIGHT="10.0"></String>
          </TextLine>
          <TextLine ID="eSc_line_8bca9667"
                    BASELINE="142 752 630 739" 
                    HPOS="142.0"
                    VPOS="739.0"
                    WIDTH="488.0"
                    HEIGHT="13.0">
	    <String CONTENT=""
                    HPOS="142.0"
                    VPOS="739.0"
                    WIDTH="488.0"
                    HEIGHT="13.0"></String>
          </TextLine>
          <TextLine ID="eSc_line_140bb71b"
                    BASELINE="148 771 632 765" 
                    HPOS="148.0"
                    VPOS="765.0"
                    WIDTH="484.0"
                    HEIGHT="6.0">
	    <String CONTENT=""
                    HPOS="148.0"
                    VPOS="765.0"
                    WIDTH="484.0"
                    HEIGHT="6.0"></String>
          </TextLine>
        </TextBlock>
        <TextBlock HPOS="315"
                   VPOS="94"
                   WIDTH="161"
                   HEIGHT="35"
                   ID="region_1718377886093_40"
                   TAGREFS="BT3756">
          <Shape><Polygon POINTS="454 129 315 129 315 94 476 95"/></Shape>
          <TextLine ID="eSc_line_a8a6ef0a"
                    BASELINE="320 127 451 126" 
                    HPOS="320.0"
                    VPOS="126.0"
                    WIDTH="131.0"
                    HEIGHT="1.0">
	    <String CONTENT=""
                    HPOS="320.0"
                    VPOS="126.0"
                    WIDTH="131.0"
                    HEIGHT="1.0"></String>
          </TextLine>
        </TextBlock>
        <TextBlock HPOS="138.0"
                   VPOS="824.0"
                   WIDTH="245.0"
                   HEIGHT="148.0"
                   ID="region_1718451336772_49"
                   TAGREFS="BT3759">
          <Shape><Polygon POINTS="383 966 144 972 138 824 383 824"/></Shape>
          <TextLine ID="eSc_line_3d4386ac"
                    BASELINE="146 849 380 844" 
                    HPOS="146.0"
                    VPOS="844.0"
                    WIDTH="234.0"
                    HEIGHT="5.0">
	    <String CONTENT=""
                    HPOS="146.0"
                    VPOS="844.0"
                    WIDTH="234.0"
                    HEIGHT="5.0"></String>
          </TextLine>
          <TextLine ID="eSc_line_3ce2ac89"
                    BASELINE="150 870 380 866" 
                    HPOS="150.0"
                    VPOS="866.0"
                    WIDTH="230.0"
                    HEIGHT="4.0">
	    <String CONTENT=""
                    HPOS="150.0"
                    VPOS="866.0"
                    WIDTH="230.0"
                    HEIGHT="4.0"></String>
          </TextLine>
          <TextLine ID="eSc_line_9c9a9290"
                    BASELINE="150 890 374 884" 
                    HPOS="150.0"
                    VPOS="884.0"
                    WIDTH="224.0"
                    HEIGHT="6.0">
	    <String CONTENT=""
                    HPOS="150.0"
                    VPOS="884.0"
                    WIDTH="224.0"
                    HEIGHT="6.0"></String>
          </TextLine>
          <TextLine ID="eSc_line_a63ac8fe"
                    BASELINE="146 910 377 904" 
                    HPOS="146.0"
                    VPOS="904.0"
                    WIDTH="231.0"
                    HEIGHT="6.0">
	    <String CONTENT=""
                    HPOS="146.0"
                    VPOS="904.0"
                    WIDTH="231.0"
                    HEIGHT="6.0"></String>
          </TextLine>
          <TextLine ID="eSc_line_c3c73d68"
                    BASELINE="149 930 378 924" 
                    HPOS="149.0"
                    VPOS="924.0"
                    WIDTH="229.0"
                    HEIGHT="6.0">
	    <String CONTENT=""
                    HPOS="149.0"
                    VPOS="924.0"
                    WIDTH="229.0"
                    HEIGHT="6.0"></String>
          </TextLine>
          <TextLine ID="eSc_line_f86bd12b"
                    BASELINE="146 954 378 948" 
                    HPOS="146.0"
                    VPOS="948.0"
                    WIDTH="232.0"
                    HEIGHT="6.0">
	    <String CONTENT=""
                    HPOS="146.0"
                    VPOS="948.0"
                    WIDTH="232.0"
                    HEIGHT="6.0"></String>
          </TextLine>
          <TextLine ID="eSc_line_b4a1bcae"
                    BASELINE="148 971 379 966" 
                    HPOS="148.0"
                    VPOS="966.0"
                    WIDTH="231.0"
                    HEIGHT="5.0">
	    <String CONTENT=""
                    HPOS="148.0"
                    VPOS="966.0"
                    WIDTH="231.0"
                    HEIGHT="5.0"></String>
          </TextLine>
        </TextBlock>
        <TextBlock HPOS="387.0"
                   VPOS="818.0"
                   WIDTH="261.0"
                   HEIGHT="147.0"
                   ID="region_1718451343720_52"
                   TAGREFS="BT3760">
          <Shape><Polygon POINTS="639 965 387 965 387 820 648 818"/></Shape>
          <TextLine ID="eSc_line_e217f7e1"
                    BASELINE="393 844 630 839" 
                    HPOS="393.0"
                    VPOS="839.0"
                    WIDTH="237.0"
                    HEIGHT="5.0">
	    <String CONTENT=""
                    HPOS="393.0"
                    VPOS="839.0"
                    WIDTH="237.0"
                    HEIGHT="5.0"></String>
          </TextLine>
          <TextLine ID="eSc_line_3375f7e1"
                    BASELINE="389 868 634 863" 
                    HPOS="389.0"
                    VPOS="863.0"
                    WIDTH="245.0"
                    HEIGHT="5.0">
	    <String CONTENT=""
                    HPOS="389.0"
                    VPOS="863.0"
                    WIDTH="245.0"
                    HEIGHT="5.0"></String>
          </TextLine>
          <TextLine ID="eSc_line_58b51704"
                    BASELINE="390 885 631 882" 
                    HPOS="390.0"
                    VPOS="882.0"
                    WIDTH="241.0"
                    HEIGHT="3.0">
	    <String CONTENT=""
                    HPOS="390.0"
                    VPOS="882.0"
                    WIDTH="241.0"
                    HEIGHT="3.0"></String>
          </TextLine>
          <TextLine ID="eSc_line_359392e9"
                    BASELINE="389 905 636 903" 
                    HPOS="389.0"
                    VPOS="903.0"
                    WIDTH="247.0"
                    HEIGHT="2.0">
	    <String CONTENT=""
                    HPOS="389.0"
                    VPOS="903.0"
                    WIDTH="247.0"
                    HEIGHT="2.0"></String>
          </TextLine>
          <TextLine ID="eSc_line_78170dae"
                    BASELINE="390 928 634 924" 
                    HPOS="390.0"
                    VPOS="924.0"
                    WIDTH="244.0"
                    HEIGHT="4.0">
	    <String CONTENT=""
                    HPOS="390.0"
                    VPOS="924.0"
                    WIDTH="244.0"
                    HEIGHT="4.0"></String>
          </TextLine>
          <TextLine ID="eSc_line_0ed034bf"
                    BASELINE="391 944 632 942" 
                    HPOS="391.0"
                    VPOS="942.0"
                    WIDTH="241.0"
                    HEIGHT="2.0">
	    <String CONTENT=""
                    HPOS="391.0"
                    VPOS="942.0"
                    WIDTH="241.0"
                    HEIGHT="2.0"></String>
          </TextLine>
          <TextLine ID="eSc_line_87e1c328"
                    BASELINE="392 964 634 963" 
                    HPOS="392.0"
                    VPOS="963.0"
                    WIDTH="242.0"
                    HEIGHT="1.0">
	    <String CONTENT=""
                    HPOS="392.0"
                    VPOS="963.0"
                    WIDTH="242.0"
                    HEIGHT="1.0"></String>
          </TextLine>
        </TextBlock>
        <TextBlock HPOS="544"
                   VPOS="770"
                   WIDTH="99"
                   HEIGHT="34"
                   ID="region_1718377915452_55"
                   TAGREFS="BT3756">
          <Shape><Polygon POINTS="640 804 544 804 547 770 643 770"/></Shape>
          <TextLine ID="eSc_line_2cb25168"
                    BASELINE="560 797 629 797" 
                    HPOS="560.0"
                    VPOS="797.0"
                    WIDTH="69.0"
                    HEIGHT="0.0">
	    <String CONTENT=""
                    HPOS="560.0"
                    VPOS="797.0"
                    WIDTH="69.0"
                    HEIGHT="0.0"></String>
          </TextLine>
        </TextBlock>
        <TextBlock HPOS="566"
                   VPOS="966"
                   WIDTH="62"
                   HEIGHT="23"
                   ID="region_1718451306956_45"
                   TAGREFS="BT3756">
          <Shape><Polygon POINTS="628 989 575 986 566 966 628 966"/></Shape>
          <TextLine ID="eSc_line_348fac0e"
                    BASELINE="577 984 625 982" 
                    HPOS="577.0"
                    VPOS="982.0"
                    WIDTH="48.0"
                    HEIGHT="2.0">
	    <String CONTENT=""
                    HPOS="577.0"
                    VPOS="982.0"
                    WIDTH="48.0"
                    HEIGHT="2.0"></String>
          </TextLine>
        </TextBlock>
      </PrintSpace>
    </Page>
  </Layout>
</alto>
