<?xml version="1.0" encoding="UTF-8"?>
<alto xmlns:xsi="http://www.w3.org/2001/XMLSchema-instance"
      xmlns="http://www.loc.gov/standards/alto/ns-v4#"
      xsi:schemaLocation="http://www.loc.gov/standards/alto/ns-v4# http://www.loc.gov/standards/alto/v4/alto-4-2.xsd">
  <Description>
    <MeasurementUnit>pixel</MeasurementUnit>
    <sourceImageInformation>
      <fileName>0014.jpg</fileName>
    </sourceImageInformation>
  </Description>
  <Tags>
    <OtherTag ID="BT1" LABEL="Title" DESCRIPTION="block type Title"/><OtherTag ID="BT2" LABEL="Main" DESCRIPTION="block type Main"/><OtherTag ID="BT3" LABEL="Commentary" DESCRIPTION="block type Commentary"/><OtherTag ID="BT4" LABEL="Illustration" DESCRIPTION="block type Illustration"/><OtherTag ID="BT3755" LABEL="header" DESCRIPTION="block type header"/><OtherTag ID="BT3756" LABEL="paragraph" DESCRIPTION="block type paragraph"/><OtherTag ID="BT3757" LABEL="heading" DESCRIPTION="block type heading"/><OtherTag ID="BT3758" LABEL="footnote" DESCRIPTION="block type footnote"/><OtherTag ID="BT3759" LABEL="l-column" DESCRIPTION="block type l-column"/><OtherTag ID="BT3760" LABEL="r-column" DESCRIPTION="block type r-column"/><OtherTag ID="BT3761" LABEL="marginalia" DESCRIPTION="block type marginalia"/><OtherTag ID="BT4125" LABEL="drop-capital" DESCRIPTION="block type drop-capital"/><OtherTag ID="BT4126" LABEL="catch-word" DESCRIPTION="block type catch-word"/><OtherTag ID="BT4127" LABEL="page-number" DESCRIPTION="block type page-number"/><OtherTag ID="BT4128" LABEL="signature-mark" DESCRIPTION="block type signature-mark"/><OtherTag ID="BT4129" LABEL="poem_lg" DESCRIPTION="block type poem_lg"/><OtherTag ID="BT4130" LABEL="endnote" DESCRIPTION="block type endnote"/>
  </Tags>
  <Layout>
    <Page WIDTH="810"
          HEIGHT="1179"
          PHYSICAL_IMG_NR="8"
          ID="eSc_dummypage_">
      <PrintSpace HPOS="0"
                  VPOS="0"
                  WIDTH="810"
                  HEIGHT="1179">
        <TextBlock HPOS="206"
                   VPOS="135"
                   WIDTH="47"
                   HEIGHT="39"
                   ID="region_1718290180771_683"
                   TAGREFS="BT3756">
          <Shape><Polygon POINTS="253 174 206 174 218 141 253 135"/></Shape>
          <TextLine ID="eSc_line_3c6f2683"
                    BASELINE="221 169 247 169" 
                    HPOS="221.0"
                    VPOS="169.0"
                    WIDTH="26.0"
                    HEIGHT="0.0">
	    <String CONTENT=""
                    HPOS="221.0"
                    VPOS="169.0"
                    WIDTH="26.0"
                    HEIGHT="0.0"></String>
          </TextLine>
        </TextBlock>
        <TextBlock HPOS="207.0"
                   VPOS="185.0"
                   WIDTH="545.0"
                   HEIGHT="393.0"
                   ID="region_1718290185207_686"
                   TAGREFS="BT3756">
          <Shape><Polygon POINTS="732 578 207 578 214 187 752 185"/></Shape>
          <TextLine ID="eSc_line_fadb7c3b"
                    BASELINE="226 221 714 219" 
                    HPOS="226.0"
                    VPOS="219.0"
                    WIDTH="488.0"
                    HEIGHT="2.0">
	    <String CONTENT=""
                    HPOS="226.0"
                    VPOS="219.0"
                    WIDTH="488.0"
                    HEIGHT="2.0"></String>
          </TextLine>
          <TextLine ID="eSc_line_7f75c57d"
                    BASELINE="225 266 715 262" 
                    HPOS="225.0"
                    VPOS="262.0"
                    WIDTH="490.0"
                    HEIGHT="4.0">
	    <String CONTENT=""
                    HPOS="225.0"
                    VPOS="262.0"
                    WIDTH="490.0"
                    HEIGHT="4.0"></String>
          </TextLine>
          <TextLine ID="eSc_line_7a04e93f"
                    BASELINE="224 312 718 307" 
                    HPOS="224.0"
                    VPOS="307.0"
                    WIDTH="494.0"
                    HEIGHT="5.0">
	    <String CONTENT=""
                    HPOS="224.0"
                    VPOS="307.0"
                    WIDTH="494.0"
                    HEIGHT="5.0"></String>
          </TextLine>
          <TextLine ID="eSc_line_2afc4408"
                    BASELINE="227 358 716 351" 
                    HPOS="227.0"
                    VPOS="351.0"
                    WIDTH="489.0"
                    HEIGHT="7.0">
	    <String CONTENT=""
                    HPOS="227.0"
                    VPOS="351.0"
                    WIDTH="489.0"
                    HEIGHT="7.0"></String>
          </TextLine>
          <TextLine ID="eSc_line_d5261d52"
                    BASELINE="228 398 720 392" 
                    HPOS="228.0"
                    VPOS="392.0"
                    WIDTH="492.0"
                    HEIGHT="6.0">
	    <String CONTENT=""
                    HPOS="228.0"
                    VPOS="392.0"
                    WIDTH="492.0"
                    HEIGHT="6.0"></String>
          </TextLine>
          <TextLine ID="eSc_line_12c2f168"
                    BASELINE="225 440 718 436" 
                    HPOS="225.0"
                    VPOS="436.0"
                    WIDTH="493.0"
                    HEIGHT="4.0">
	    <String CONTENT=""
                    HPOS="225.0"
                    VPOS="436.0"
                    WIDTH="493.0"
                    HEIGHT="4.0"></String>
          </TextLine>
          <TextLine ID="eSc_line_9564bbd0"
                    BASELINE="226 489 713 485" 
                    HPOS="226.0"
                    VPOS="485.0"
                    WIDTH="487.0"
                    HEIGHT="4.0">
	    <String CONTENT=""
                    HPOS="226.0"
                    VPOS="485.0"
                    WIDTH="487.0"
                    HEIGHT="4.0"></String>
          </TextLine>
          <TextLine ID="eSc_line_ed0b35c2"
                    BASELINE="223 538 715 531" 
                    HPOS="223.0"
                    VPOS="531.0"
                    WIDTH="492.0"
                    HEIGHT="7.0">
	    <String CONTENT=""
                    HPOS="223.0"
                    VPOS="531.0"
                    WIDTH="492.0"
                    HEIGHT="7.0"></String>
          </TextLine>
          <TextLine ID="eSc_line_d8be77f1"
                    BASELINE="225 573 714 573" 
                    HPOS="225.0"
                    VPOS="573.0"
                    WIDTH="489.0"
                    HEIGHT="0.0">
	    <String CONTENT=""
                    HPOS="225.0"
                    VPOS="573.0"
                    WIDTH="489.0"
                    HEIGHT="0.0"></String>
          </TextLine>
        </TextBlock>
        <TextBlock HPOS="390"
                   VPOS="131"
                   WIDTH="159"
                   HEIGHT="43"
                   ID="region_1718290178632_680"
                   TAGREFS="BT3756">
          <Shape><Polygon POINTS="532 174 390 174 390 133 549 131"/></Shape>
          <TextLine ID="eSc_line_13f57ed4"
                    BASELINE="397 169 528 170" 
                    HPOS="397.0"
                    VPOS="169.0"
                    WIDTH="131.0"
                    HEIGHT="1.0">
	    <String CONTENT=""
                    HPOS="397.0"
                    VPOS="169.0"
                    WIDTH="131.0"
                    HEIGHT="1.0"></String>
          </TextLine>
        </TextBlock>
        <TextBlock HPOS="239.0"
                   VPOS="645.0"
                   WIDTH="481.0"
                   HEIGHT="66.0"
                   ID="region_1718290321652_706"
                   TAGREFS="BT3758">
          <Shape><Polygon POINTS="720 708 239 711 239 645 720 645"/></Shape>
          <TextLine ID="eSc_line_bf0e606a"
                    BASELINE="245 669 716 668" 
                    HPOS="245.0"
                    VPOS="668.0"
                    WIDTH="471.0"
                    HEIGHT="1.0">
	    <String CONTENT=""
                    HPOS="245.0"
                    VPOS="668.0"
                    WIDTH="471.0"
                    HEIGHT="1.0"></String>
          </TextLine>
          <TextLine ID="eSc_line_c889a8d3"
                    BASELINE="243 692 714 688" 
                    HPOS="243.0"
                    VPOS="688.0"
                    WIDTH="471.0"
                    HEIGHT="4.0">
	    <String CONTENT=""
                    HPOS="243.0"
                    VPOS="688.0"
                    WIDTH="471.0"
                    HEIGHT="4.0"></String>
          </TextLine>
          <TextLine ID="eSc_line_318bd958"
                    BASELINE="244 711 712 707" 
                    HPOS="244.0"
                    VPOS="707.0"
                    WIDTH="468.0"
                    HEIGHT="4.0">
	    <String CONTENT=""
                    HPOS="244.0"
                    VPOS="707.0"
                    WIDTH="468.0"
                    HEIGHT="4.0"></String>
          </TextLine>
        </TextBlock>
        <TextBlock HPOS="221.0"
                   VPOS="715.0"
                   WIDTH="492.0"
                   HEIGHT="43.0"
                   ID="region_1718290338031_709"
                   TAGREFS="BT3758">
          <Shape><Polygon POINTS="713 758 221 758 221 715 713 715"/></Shape>
          <TextLine ID="eSc_line_090d13ec"
                    BASELINE="223 740 708 739" 
                    HPOS="223.0"
                    VPOS="739.0"
                    WIDTH="485.0"
                    HEIGHT="1.0">
	    <String CONTENT=""
                    HPOS="223.0"
                    VPOS="739.0"
                    WIDTH="485.0"
                    HEIGHT="1.0"></String>
          </TextLine>
          <TextLine ID="eSc_line_c01feafb"
                    BASELINE="227 756 582 758" 
                    HPOS="227.0"
                    VPOS="756.0"
                    WIDTH="355.0"
                    HEIGHT="2.0">
	    <String CONTENT=""
                    HPOS="227.0"
                    VPOS="756.0"
                    WIDTH="355.0"
                    HEIGHT="2.0"></String>
          </TextLine>
        </TextBlock>
        <TextBlock HPOS="222.0"
                   VPOS="764.0"
                   WIDTH="118.0"
                   HEIGHT="24.0"
                   ID="region_1718290341315_712"
                   TAGREFS="BT3758">
          <Shape><Polygon POINTS="340 788 222 788 222 764 340 764"/></Shape>
          <TextLine ID="eSc_line_436816ee"
                    BASELINE="225 787 329 786" 
                    HPOS="225.0"
                    VPOS="786.0"
                    WIDTH="104.0"
                    HEIGHT="1.0">
	    <String CONTENT=""
                    HPOS="225.0"
                    VPOS="786.0"
                    WIDTH="104.0"
                    HEIGHT="1.0"></String>
          </TextLine>
        </TextBlock>
        <TextBlock HPOS="223.0"
                   VPOS="789.0"
                   WIDTH="505.0"
                   HEIGHT="246.0"
                   ID="region_1718290345488_715"
                   TAGREFS="BT3758">
          <Shape><Polygon POINTS="728 1035 223 1035 223 789 728 789"/></Shape>
          <TextLine ID="eSc_line_95d2be64"
                    BASELINE="225 815 715 813" 
                    HPOS="225.0"
                    VPOS="813.0"
                    WIDTH="490.0"
                    HEIGHT="2.0">
	    <String CONTENT=""
                    HPOS="225.0"
                    VPOS="813.0"
                    WIDTH="490.0"
                    HEIGHT="2.0"></String>
          </TextLine>
          <TextLine ID="eSc_line_f2e0b5b9"
                    BASELINE="237 835 714 833" 
                    HPOS="237.0"
                    VPOS="833.0"
                    WIDTH="477.0"
                    HEIGHT="2.0">
	    <String CONTENT=""
                    HPOS="237.0"
                    VPOS="833.0"
                    WIDTH="477.0"
                    HEIGHT="2.0"></String>
          </TextLine>
          <TextLine ID="eSc_line_ccef14d5"
                    BASELINE="236 855 712 853" 
                    HPOS="236.0"
                    VPOS="853.0"
                    WIDTH="476.0"
                    HEIGHT="2.0">
	    <String CONTENT=""
                    HPOS="236.0"
                    VPOS="853.0"
                    WIDTH="476.0"
                    HEIGHT="2.0"></String>
          </TextLine>
          <TextLine ID="eSc_line_6397714f"
                    BASELINE="231 877 720 873" 
                    HPOS="231.0"
                    VPOS="873.0"
                    WIDTH="489.0"
                    HEIGHT="4.0">
	    <String CONTENT=""
                    HPOS="231.0"
                    VPOS="873.0"
                    WIDTH="489.0"
                    HEIGHT="4.0"></String>
          </TextLine>
          <TextLine ID="eSc_line_b6bcef5f"
                    BASELINE="230 896 718 893" 
                    HPOS="230.0"
                    VPOS="893.0"
                    WIDTH="488.0"
                    HEIGHT="3.0">
	    <String CONTENT=""
                    HPOS="230.0"
                    VPOS="893.0"
                    WIDTH="488.0"
                    HEIGHT="3.0"></String>
          </TextLine>
          <TextLine ID="eSc_line_9e301129"
                    BASELINE="232 917 715 913" 
                    HPOS="232.0"
                    VPOS="913.0"
                    WIDTH="483.0"
                    HEIGHT="4.0">
	    <String CONTENT=""
                    HPOS="232.0"
                    VPOS="913.0"
                    WIDTH="483.0"
                    HEIGHT="4.0"></String>
          </TextLine>
          <TextLine ID="eSc_line_7cf7504a"
                    BASELINE="232 938 717 935" 
                    HPOS="232.0"
                    VPOS="935.0"
                    WIDTH="485.0"
                    HEIGHT="3.0">
	    <String CONTENT=""
                    HPOS="232.0"
                    VPOS="935.0"
                    WIDTH="485.0"
                    HEIGHT="3.0"></String>
          </TextLine>
          <TextLine ID="eSc_line_7f808400"
                    BASELINE="232 957 718 953" 
                    HPOS="232.0"
                    VPOS="953.0"
                    WIDTH="486.0"
                    HEIGHT="4.0">
	    <String CONTENT=""
                    HPOS="232.0"
                    VPOS="953.0"
                    WIDTH="486.0"
                    HEIGHT="4.0"></String>
          </TextLine>
          <TextLine ID="eSc_line_c48ddedb"
                    BASELINE="234 977 718 975" 
                    HPOS="234.0"
                    VPOS="975.0"
                    WIDTH="484.0"
                    HEIGHT="2.0">
	    <String CONTENT=""
                    HPOS="234.0"
                    VPOS="975.0"
                    WIDTH="484.0"
                    HEIGHT="2.0"></String>
          </TextLine>
          <TextLine ID="eSc_line_db542037"
                    BASELINE="231 1000 718 997" 
                    HPOS="231.0"
                    VPOS="997.0"
                    WIDTH="487.0"
                    HEIGHT="3.0">
	    <String CONTENT=""
                    HPOS="231.0"
                    VPOS="997.0"
                    WIDTH="487.0"
                    HEIGHT="3.0"></String>
          </TextLine>
          <TextLine ID="eSc_line_1eedbd80"
                    BASELINE="235 1019 716 1014" 
                    HPOS="235.0"
                    VPOS="1014.0"
                    WIDTH="481.0"
                    HEIGHT="5.0">
	    <String CONTENT=""
                    HPOS="235.0"
                    VPOS="1014.0"
                    WIDTH="481.0"
                    HEIGHT="5.0"></String>
          </TextLine>
        </TextBlock>
        <TextBlock HPOS="611"
                   VPOS="583"
                   WIDTH="109"
                   HEIGHT="35"
                   ID="region_1718290188744_689"
                   TAGREFS="BT3756">
          <Shape><Polygon POINTS="720 618 611 618 611 583 720 583"/></Shape>
          <TextLine ID="eSc_line_61dd4bdc"
                    BASELINE="619 613 707 615" 
                    HPOS="619.0"
                    VPOS="613.0"
                    WIDTH="88.0"
                    HEIGHT="2.0">
	    <String CONTENT=""
                    HPOS="619.0"
                    VPOS="613.0"
                    WIDTH="88.0"
                    HEIGHT="2.0"></String>
          </TextLine>
        </TextBlock>
        <TextBlock HPOS="650"
                   VPOS="1037"
                   WIDTH="76"
                   HEIGHT="24"
                   ID="region_1718290199972_695"
                   TAGREFS="BT3756">
          <Shape><Polygon POINTS="724 1061 650 1061 665 1037 726 1037"/></Shape>
          <TextLine ID="eSc_line_4d77b882"
                    BASELINE="683 1054 715 1054" 
                    HPOS="683.0"
                    VPOS="1054.0"
                    WIDTH="32.0"
                    HEIGHT="0.0">
	    <String CONTENT=""
                    HPOS="683.0"
                    VPOS="1054.0"
                    WIDTH="32.0"
                    HEIGHT="0.0"></String>
          </TextLine>
        </TextBlock>
        <TextBlock ID="eSc_dummyblock_">
          <TextLine ID="eSc_line_3c564d88"
                    BASELINE="246 1036 710 1035" 
                    HPOS="246.0"
                    VPOS="1035.0"
                    WIDTH="464.0"
                    HEIGHT="1.0">
	    <String CONTENT=""
                    HPOS="246.0"
                    VPOS="1035.0"
                    WIDTH="464.0"
                    HEIGHT="1.0"></String>
          </TextLine>
        </TextBlock>
      </PrintSpace>
    </Page>
  </Layout>
</alto>
