<?xml version="1.0" encoding="UTF-8"?>
<alto xmlns:xsi="http://www.w3.org/2001/XMLSchema-instance"
      xmlns="http://www.loc.gov/standards/alto/ns-v4#"
      xsi:schemaLocation="http://www.loc.gov/standards/alto/ns-v4# http://www.loc.gov/standards/alto/v4/alto-4-2.xsd">
  <Description>
    <MeasurementUnit>pixel</MeasurementUnit>
    <sourceImageInformation>
      <fileName>0053.jpg</fileName>
    </sourceImageInformation>
  </Description>
  <Tags>
    <OtherTag ID="BT1" LABEL="Title" DESCRIPTION="block type Title"/><OtherTag ID="BT2" LABEL="Main" DESCRIPTION="block type Main"/><OtherTag ID="BT3" LABEL="Commentary" DESCRIPTION="block type Commentary"/><OtherTag ID="BT4" LABEL="Illustration" DESCRIPTION="block type Illustration"/><OtherTag ID="BT3755" LABEL="header" DESCRIPTION="block type header"/><OtherTag ID="BT3756" LABEL="paragraph" DESCRIPTION="block type paragraph"/><OtherTag ID="BT3757" LABEL="heading" DESCRIPTION="block type heading"/><OtherTag ID="BT3758" LABEL="footnote" DESCRIPTION="block type footnote"/><OtherTag ID="BT3759" LABEL="l-column" DESCRIPTION="block type l-column"/><OtherTag ID="BT3760" LABEL="r-column" DESCRIPTION="block type r-column"/><OtherTag ID="BT3761" LABEL="marginalia" DESCRIPTION="block type marginalia"/><OtherTag ID="BT4125" LABEL="drop-capital" DESCRIPTION="block type drop-capital"/><OtherTag ID="BT4126" LABEL="catch-word" DESCRIPTION="block type catch-word"/><OtherTag ID="BT4127" LABEL="page-number" DESCRIPTION="block type page-number"/><OtherTag ID="BT4128" LABEL="signature-mark" DESCRIPTION="block type signature-mark"/><OtherTag ID="BT4129" LABEL="poem_lg" DESCRIPTION="block type poem_lg"/><OtherTag ID="BT4130" LABEL="endnote" DESCRIPTION="block type endnote"/>
  </Tags>
  <Layout>
    <Page WIDTH="810"
          HEIGHT="1179"
          PHYSICAL_IMG_NR="9"
          ID="eSc_dummypage_">
      <PrintSpace HPOS="0"
                  VPOS="0"
                  WIDTH="810"
                  HEIGHT="1179">
        <TextBlock HPOS="40.0"
                   VPOS="173.0"
                   WIDTH="539.0"
                   HEIGHT="125.0"
                   ID="region_1718373703862_282"
                   TAGREFS="BT3757">
          <Shape><Polygon POINTS="579 291 40 298 40 173 569 173"/></Shape>
          <TextLine ID="eSc_line_3edb1afe"
                    BASELINE="272 206 336 207" 
                    HPOS="272.0"
                    VPOS="206.0"
                    WIDTH="64.0"
                    HEIGHT="1.0">
	    <String CONTENT=""
                    HPOS="272.0"
                    VPOS="206.0"
                    WIDTH="64.0"
                    HEIGHT="1.0"></String>
          </TextLine>
          <TextLine ID="eSc_line_edb647a4"
                    BASELINE="57 253 543 244" 
                    HPOS="57.0"
                    VPOS="244.0"
                    WIDTH="486.0"
                    HEIGHT="9.0">
	    <String CONTENT=""
                    HPOS="57.0"
                    VPOS="244.0"
                    WIDTH="486.0"
                    HEIGHT="9.0"></String>
          </TextLine>
          <TextLine ID="eSc_line_ba7e87e4"
                    BASELINE="178 291 418 288" 
                    HPOS="178.0"
                    VPOS="288.0"
                    WIDTH="240.0"
                    HEIGHT="3.0">
	    <String CONTENT=""
                    HPOS="178.0"
                    VPOS="288.0"
                    WIDTH="240.0"
                    HEIGHT="3.0"></String>
          </TextLine>
        </TextBlock>
        <TextBlock HPOS="218"
                   VPOS="112"
                   WIDTH="156"
                   HEIGHT="49"
                   ID="region_1718373694616_276"
                   TAGREFS="BT3756">
          <Shape><Polygon POINTS="374 161 218 161 218 112 366 116"/></Shape>
          <TextLine ID="eSc_line_f190b1a2"
                    BASELINE="227 155 363 154" 
                    HPOS="227.0"
                    VPOS="154.0"
                    WIDTH="136.0"
                    HEIGHT="1.0">
	    <String CONTENT=""
                    HPOS="227.0"
                    VPOS="154.0"
                    WIDTH="136.0"
                    HEIGHT="1.0"></String>
          </TextLine>
        </TextBlock>
        <TextBlock HPOS="53.0"
                   VPOS="301.0"
                   WIDTH="560.0"
                   HEIGHT="430.0"
                   ID="region_1718373710562_285"
                   TAGREFS="BT3756">
          <Shape><Polygon POINTS="613 681 397 731 54 725 53 370 116 373 116 318 116 313 585 301"/></Shape>
          <TextLine ID="eSc_line_abd5325e"
                    BASELINE="114 351 479 341" 
                    HPOS="114.0"
                    VPOS="341.0"
                    WIDTH="365.0"
                    HEIGHT="10.0">
	    <String CONTENT=""
                    HPOS="114.0"
                    VPOS="341.0"
                    WIDTH="365.0"
                    HEIGHT="10.0"></String>
          </TextLine>
          <TextLine ID="eSc_line_623b796f"
                    BASELINE="118 382 460 376" 
                    HPOS="118.0"
                    VPOS="376.0"
                    WIDTH="342.0"
                    HEIGHT="6.0">
	    <String CONTENT=""
                    HPOS="118.0"
                    VPOS="376.0"
                    WIDTH="342.0"
                    HEIGHT="6.0"></String>
          </TextLine>
          <TextLine ID="eSc_line_f631ced7"
                    BASELINE="57 412 512 407" 
                    HPOS="57.0"
                    VPOS="407.0"
                    WIDTH="455.0"
                    HEIGHT="5.0">
	    <String CONTENT=""
                    HPOS="57.0"
                    VPOS="407.0"
                    WIDTH="455.0"
                    HEIGHT="5.0"></String>
          </TextLine>
          <TextLine ID="eSc_line_60f6f58d"
                    BASELINE="62 445 371 443" 
                    HPOS="62.0"
                    VPOS="443.0"
                    WIDTH="309.0"
                    HEIGHT="2.0">
	    <String CONTENT=""
                    HPOS="62.0"
                    VPOS="443.0"
                    WIDTH="309.0"
                    HEIGHT="2.0"></String>
          </TextLine>
          <TextLine ID="eSc_line_1e5c83c9"
                    BASELINE="57 475 419 472" 
                    HPOS="57.0"
                    VPOS="472.0"
                    WIDTH="362.0"
                    HEIGHT="3.0">
	    <String CONTENT=""
                    HPOS="57.0"
                    VPOS="472.0"
                    WIDTH="362.0"
                    HEIGHT="3.0"></String>
          </TextLine>
          <TextLine ID="eSc_line_92614da7"
                    BASELINE="61 505 506 502" 
                    HPOS="61.0"
                    VPOS="502.0"
                    WIDTH="445.0"
                    HEIGHT="3.0">
	    <String CONTENT=""
                    HPOS="61.0"
                    VPOS="502.0"
                    WIDTH="445.0"
                    HEIGHT="3.0"></String>
          </TextLine>
          <TextLine ID="eSc_line_ed34b698"
                    BASELINE="58 537 534 531" 
                    HPOS="58.0"
                    VPOS="531.0"
                    WIDTH="476.0"
                    HEIGHT="6.0">
	    <String CONTENT=""
                    HPOS="58.0"
                    VPOS="531.0"
                    WIDTH="476.0"
                    HEIGHT="6.0"></String>
          </TextLine>
          <TextLine ID="eSc_line_c5fa99f0"
                    BASELINE="59 568 440 563" 
                    HPOS="59.0"
                    VPOS="563.0"
                    WIDTH="381.0"
                    HEIGHT="5.0">
	    <String CONTENT=""
                    HPOS="59.0"
                    VPOS="563.0"
                    WIDTH="381.0"
                    HEIGHT="5.0"></String>
          </TextLine>
          <TextLine ID="eSc_line_dbfc425b"
                    BASELINE="87 630 396 628" 
                    HPOS="87.0"
                    VPOS="628.0"
                    WIDTH="309.0"
                    HEIGHT="2.0">
	    <String CONTENT=""
                    HPOS="87.0"
                    VPOS="628.0"
                    WIDTH="309.0"
                    HEIGHT="2.0"></String>
          </TextLine>
          <TextLine ID="eSc_line_c61b6f09"
                    BASELINE="68 663 393 663" 
                    HPOS="68.0"
                    VPOS="663.0"
                    WIDTH="325.0"
                    HEIGHT="0.0">
	    <String CONTENT=""
                    HPOS="68.0"
                    VPOS="663.0"
                    WIDTH="325.0"
                    HEIGHT="0.0"></String>
          </TextLine>
          <TextLine ID="eSc_line_c908f4b5"
                    BASELINE="70 697 523 693" 
                    HPOS="70.0"
                    VPOS="693.0"
                    WIDTH="453.0"
                    HEIGHT="4.0">
	    <String CONTENT=""
                    HPOS="70.0"
                    VPOS="693.0"
                    WIDTH="453.0"
                    HEIGHT="4.0"></String>
          </TextLine>
          <TextLine ID="eSc_line_1043716b"
                    BASELINE="69 723 371 727" 
                    HPOS="69.0"
                    VPOS="723.0"
                    WIDTH="302.0"
                    HEIGHT="4.0">
	    <String CONTENT=""
                    HPOS="69.0"
                    VPOS="723.0"
                    WIDTH="302.0"
                    HEIGHT="4.0"></String>
          </TextLine>
        </TextBlock>
        <TextBlock HPOS="493"
                   VPOS="108"
                   WIDTH="76"
                   HEIGHT="51"
                   ID="region_1718373698082_279"
                   TAGREFS="BT3756">
          <Shape><Polygon POINTS="569 152 493 159 493 108 563 108"/></Shape>
          <TextLine ID="eSc_line_eca1f55a"
                    BASELINE="515 149 543 149" 
                    HPOS="515.0"
                    VPOS="149.0"
                    WIDTH="28.0"
                    HEIGHT="0.0">
	    <String CONTENT=""
                    HPOS="515.0"
                    VPOS="149.0"
                    WIDTH="28.0"
                    HEIGHT="0.0"></String>
          </TextLine>
        </TextBlock>
        <TextBlock HPOS="109.0"
                   VPOS="787.0"
                   WIDTH="358.0"
                   HEIGHT="222.0"
                   ID="region_1718373741001_297"
                   TAGREFS="BT3756">
          <Shape><Polygon POINTS="467 1009 117 1009 109 820 145 827 147 789 463 787"/></Shape>
          <TextLine ID="eSc_line_a0866d65"
                    BASELINE="146 819 413 817" 
                    HPOS="146.0"
                    VPOS="817.0"
                    WIDTH="267.0"
                    HEIGHT="2.0">
	    <String CONTENT=""
                    HPOS="146.0"
                    VPOS="817.0"
                    WIDTH="267.0"
                    HEIGHT="2.0"></String>
          </TextLine>
          <TextLine ID="eSc_line_68ac2b17"
                    BASELINE="119 846 422 843" 
                    HPOS="119.0"
                    VPOS="843.0"
                    WIDTH="303.0"
                    HEIGHT="3.0">
	    <String CONTENT=""
                    HPOS="119.0"
                    VPOS="843.0"
                    WIDTH="303.0"
                    HEIGHT="3.0"></String>
          </TextLine>
          <TextLine ID="eSc_line_0eda539c"
                    BASELINE="140 870 428 869" 
                    HPOS="140.0"
                    VPOS="869.0"
                    WIDTH="288.0"
                    HEIGHT="1.0">
	    <String CONTENT=""
                    HPOS="140.0"
                    VPOS="869.0"
                    WIDTH="288.0"
                    HEIGHT="1.0"></String>
          </TextLine>
          <TextLine ID="eSc_line_eb3a1dce"
                    BASELINE="171 896 386 896" 
                    HPOS="171.0"
                    VPOS="896.0"
                    WIDTH="215.0"
                    HEIGHT="0.0">
	    <String CONTENT=""
                    HPOS="171.0"
                    VPOS="896.0"
                    WIDTH="215.0"
                    HEIGHT="0.0"></String>
          </TextLine>
          <TextLine ID="eSc_line_50fbd8f8"
                    BASELINE="118 938 359 938" 
                    HPOS="118.0"
                    VPOS="938.0"
                    WIDTH="241.0"
                    HEIGHT="0.0">
	    <String CONTENT=""
                    HPOS="118.0"
                    VPOS="938.0"
                    WIDTH="241.0"
                    HEIGHT="0.0"></String>
          </TextLine>
          <TextLine ID="eSc_line_033222ab"
                    BASELINE="117 963 460 960" 
                    HPOS="117.0"
                    VPOS="960.0"
                    WIDTH="343.0"
                    HEIGHT="3.0">
	    <String CONTENT=""
                    HPOS="117.0"
                    VPOS="960.0"
                    WIDTH="343.0"
                    HEIGHT="3.0"></String>
          </TextLine>
          <TextLine ID="eSc_line_d3311632"
                    BASELINE="148 987 385 985" 
                    HPOS="148.0"
                    VPOS="985.0"
                    WIDTH="237.0"
                    HEIGHT="2.0">
	    <String CONTENT=""
                    HPOS="148.0"
                    VPOS="985.0"
                    WIDTH="237.0"
                    HEIGHT="2.0"></String>
          </TextLine>
        </TextBlock>
        <TextBlock HPOS="493"
                   VPOS="723"
                   WIDTH="84"
                   HEIGHT="35"
                   ID="region_1718373725782_294"
                   TAGREFS="BT3756">
          <Shape><Polygon POINTS="577 758 493 753 493 723 556 723"/></Shape>
          <TextLine ID="eSc_line_5f66ebd7"
                    BASELINE="503 750 557 748" 
                    HPOS="503.0"
                    VPOS="748.0"
                    WIDTH="54.0"
                    HEIGHT="2.0">
	    <String CONTENT=""
                    HPOS="503.0"
                    VPOS="748.0"
                    WIDTH="54.0"
                    HEIGHT="2.0"></String>
          </TextLine>
        </TextBlock>
        <TextBlock HPOS="285"
                   VPOS="1011"
                   WIDTH="73"
                   HEIGHT="33"
                   ID="region_1718373751445_306"
                   TAGREFS="BT3756">
          <Shape><Polygon POINTS="355 1044 285 1044 285 1011 358 1022"/></Shape>
          <TextLine ID="eSc_line_cb364d77"
                    BASELINE="301 1038 346 1037" 
                    HPOS="301.0"
                    VPOS="1037.0"
                    WIDTH="45.0"
                    HEIGHT="1.0">
	    <String CONTENT=""
                    HPOS="301.0"
                    VPOS="1037.0"
                    WIDTH="45.0"
                    HEIGHT="1.0"></String>
          </TextLine>
        </TextBlock>
        <TextBlock HPOS="482"
                   VPOS="1010"
                   WIDTH="88"
                   HEIGHT="32"
                   ID="region_1718373754161_309"
                   TAGREFS="BT3756">
          <Shape><Polygon POINTS="569 1042 482 1032 482 1010 570 1010"/></Shape>
          <TextLine ID="eSc_line_90ad3976"
                    BASELINE="488 1030 557 1028" 
                    HPOS="488.0"
                    VPOS="1028.0"
                    WIDTH="69.0"
                    HEIGHT="2.0">
	    <String CONTENT=""
                    HPOS="488.0"
                    VPOS="1028.0"
                    WIDTH="69.0"
                    HEIGHT="2.0"></String>
          </TextLine>
        </TextBlock>
        <TextBlock HPOS="110.0"
                   VPOS="787.0"
                   WIDTH="37.0"
                   HEIGHT="40.0"
                   ID="region_1718373743981_300"
                   TAGREFS="BT3756">
          <Shape><Polygon POINTS="147 827 110 825 110 788 147 787"/></Shape>
        </TextBlock>
        <TextBlock HPOS="52.0"
                   VPOS="304.0"
                   WIDTH="64.0"
                   HEIGHT="66.0"
                   ID="region_1718373714226_288"
                   TAGREFS="BT3756">
          <Shape><Polygon POINTS="114 370 52 367 52 304 116 309"/></Shape>
        </TextBlock>
        <TextBlock ID="eSc_dummyblock_">
          <TextLine ID="eSc_line_329aea01"
                    BASELINE="171 1009 422 1008" 
                    HPOS="171.0"
                    VPOS="1008.0"
                    WIDTH="251.0"
                    HEIGHT="1.0">
	    <String CONTENT=""
                    HPOS="171.0"
                    VPOS="1008.0"
                    WIDTH="251.0"
                    HEIGHT="1.0"></String>
          </TextLine>
        </TextBlock>
      </PrintSpace>
    </Page>
  </Layout>
</alto>
