<?xml version="1.0" encoding="UTF-8"?>
<alto xmlns:xsi="http://www.w3.org/2001/XMLSchema-instance"
      xmlns="http://www.loc.gov/standards/alto/ns-v4#"
      xsi:schemaLocation="http://www.loc.gov/standards/alto/ns-v4# http://www.loc.gov/standards/alto/v4/alto-4-2.xsd">
  <Description>
    <MeasurementUnit>pixel</MeasurementUnit>
    <sourceImageInformation>
      <fileName>1757,_Saemtliche_Poetische_Werke,_Bohn,_1._Aufl.,_Bd._2,_VD18_90396731_Seite_171_Bild_0001.jpg</fileName>
    </sourceImageInformation>
  </Description>
  <Tags>
    <OtherTag ID="BT1" LABEL="Title" DESCRIPTION="block type Title"/><OtherTag ID="BT2" LABEL="Main" DESCRIPTION="block type Main"/><OtherTag ID="BT3" LABEL="Commentary" DESCRIPTION="block type Commentary"/><OtherTag ID="BT4" LABEL="Illustration" DESCRIPTION="block type Illustration"/><OtherTag ID="BT3755" LABEL="header" DESCRIPTION="block type header"/><OtherTag ID="BT3756" LABEL="paragraph" DESCRIPTION="block type paragraph"/><OtherTag ID="BT3757" LABEL="heading" DESCRIPTION="block type heading"/><OtherTag ID="BT3758" LABEL="footnote" DESCRIPTION="block type footnote"/><OtherTag ID="BT3759" LABEL="l-column" DESCRIPTION="block type l-column"/><OtherTag ID="BT3760" LABEL="r-column" DESCRIPTION="block type r-column"/><OtherTag ID="BT3761" LABEL="marginalia" DESCRIPTION="block type marginalia"/><OtherTag ID="BT4125" LABEL="drop-capital" DESCRIPTION="block type drop-capital"/><OtherTag ID="BT4126" LABEL="catch-word" DESCRIPTION="block type catch-word"/><OtherTag ID="BT4127" LABEL="page-number" DESCRIPTION="block type page-number"/><OtherTag ID="BT4128" LABEL="signature-mark" DESCRIPTION="block type signature-mark"/><OtherTag ID="BT4129" LABEL="poem_lg" DESCRIPTION="block type poem_lg"/><OtherTag ID="BT4130" LABEL="endnote" DESCRIPTION="block type endnote"/>
  </Tags>
  <Layout>
    <Page WIDTH="1153"
          HEIGHT="1919"
          PHYSICAL_IMG_NR="11"
          ID="eSc_dummypage_">
      <PrintSpace HPOS="0"
                  VPOS="0"
                  WIDTH="1153"
                  HEIGHT="1919">
        <TextBlock HPOS="123"
                   VPOS="5"
                   WIDTH="104"
                   HEIGHT="61"
                   ID="region_1720345099553_3"
                   TAGREFS="BT3756">
          <Shape><Polygon POINTS="227 51 123 66 123 6 223 5"/></Shape>
          <TextLine ID="eSc_line_10d772ce"
                    BASELINE="143 56 213 53" 
                    HPOS="143.0"
                    VPOS="53.0"
                    WIDTH="70.0"
                    HEIGHT="3.0">
	    <String CONTENT=""
                    HPOS="143.0"
                    VPOS="53.0"
                    WIDTH="70.0"
                    HEIGHT="3.0"></String>
          </TextLine>
        </TextBlock>
        <TextBlock HPOS="121.0"
                   VPOS="82.0"
                   WIDTH="836.0"
                   HEIGHT="191.0"
                   ID="region_1720345109236_9"
                   TAGREFS="BT3756">
          <Shape><Polygon POINTS="957 269 121 273 121 82 941 82"/></Shape>
          <TextLine ID="eSc_line_e96e0d08"
                    BASELINE="203 131 894 138" 
                    HPOS="203.0"
                    VPOS="131.0"
                    WIDTH="691.0"
                    HEIGHT="7.0">
	    <String CONTENT=""
                    HPOS="203.0"
                    VPOS="131.0"
                    WIDTH="691.0"
                    HEIGHT="7.0"></String>
          </TextLine>
          <TextLine ID="eSc_line_8e444b47"
                    BASELINE="145 178 913 176" 
                    HPOS="145.0"
                    VPOS="176.0"
                    WIDTH="768.0"
                    HEIGHT="2.0">
	    <String CONTENT=""
                    HPOS="145.0"
                    VPOS="176.0"
                    WIDTH="768.0"
                    HEIGHT="2.0"></String>
          </TextLine>
          <TextLine ID="eSc_line_8e429163"
                    BASELINE="145 217 919 223" 
                    HPOS="145.0"
                    VPOS="217.0"
                    WIDTH="774.0"
                    HEIGHT="6.0">
	    <String CONTENT=""
                    HPOS="145.0"
                    VPOS="217.0"
                    WIDTH="774.0"
                    HEIGHT="6.0"></String>
          </TextLine>
          <TextLine ID="eSc_line_711b1b28"
                    BASELINE="137 264 815 260" 
                    HPOS="137.0"
                    VPOS="260.0"
                    WIDTH="678.0"
                    HEIGHT="4.0">
	    <String CONTENT=""
                    HPOS="137.0"
                    VPOS="260.0"
                    WIDTH="678.0"
                    HEIGHT="4.0"></String>
          </TextLine>
        </TextBlock>
        <TextBlock HPOS="386"
                   VPOS="-3"
                   WIDTH="520"
                   HEIGHT="68"
                   ID="region_1720345104228_6"
                   TAGREFS="BT3756">
          <Shape><Polygon POINTS="906 64 386 65 386 -3 893 -3"/></Shape>
          <TextLine ID="eSc_line_355d76ba"
                    BASELINE="396 57 891 57" 
                    HPOS="396.0"
                    VPOS="57.0"
                    WIDTH="495.0"
                    HEIGHT="0.0">
	    <String CONTENT=""
                    HPOS="396.0"
                    VPOS="57.0"
                    WIDTH="495.0"
                    HEIGHT="0.0"></String>
          </TextLine>
        </TextBlock>
        <TextBlock HPOS="111.0"
                   VPOS="423.0"
                   WIDTH="985.0"
                   HEIGHT="952.0"
                   ID="region_1720345123496_18"
                   TAGREFS="BT3756">
          <Shape><Polygon POINTS="1096 1364 111 1375 129 625 129 522 242 521 241 423 1075 432"/></Shape>
          <TextLine ID="eSc_line_3c777c5e"
                    BASELINE="242 474 952 477" 
                    HPOS="242.0"
                    VPOS="474.0"
                    WIDTH="710.0"
                    HEIGHT="3.0">
	    <String CONTENT=""
                    HPOS="242.0"
                    VPOS="474.0"
                    WIDTH="710.0"
                    HEIGHT="3.0"></String>
          </TextLine>
          <TextLine ID="eSc_line_5bc5b3e0"
                    BASELINE="257 516 821 519" 
                    HPOS="257.0"
                    VPOS="516.0"
                    WIDTH="564.0"
                    HEIGHT="3.0">
	    <String CONTENT=""
                    HPOS="257.0"
                    VPOS="516.0"
                    WIDTH="564.0"
                    HEIGHT="3.0"></String>
          </TextLine>
          <TextLine ID="eSc_line_881cb4a9"
                    BASELINE="139 559 787 560" 
                    HPOS="139.0"
                    VPOS="559.0"
                    WIDTH="648.0"
                    HEIGHT="1.0">
	    <String CONTENT=""
                    HPOS="139.0"
                    VPOS="559.0"
                    WIDTH="648.0"
                    HEIGHT="1.0"></String>
          </TextLine>
          <TextLine ID="eSc_line_1e514b02"
                    BASELINE="140 603 1059 603" 
                    HPOS="140.0"
                    VPOS="603.0"
                    WIDTH="919.0"
                    HEIGHT="0.0">
	    <String CONTENT=""
                    HPOS="140.0"
                    VPOS="603.0"
                    WIDTH="919.0"
                    HEIGHT="0.0"></String>
          </TextLine>
          <TextLine ID="eSc_line_27471e8d"
                    BASELINE="137 644 908 650" 
                    HPOS="137.0"
                    VPOS="644.0"
                    WIDTH="771.0"
                    HEIGHT="6.0">
	    <String CONTENT=""
                    HPOS="137.0"
                    VPOS="644.0"
                    WIDTH="771.0"
                    HEIGHT="6.0"></String>
          </TextLine>
          <TextLine ID="eSc_line_6306272e"
                    BASELINE="135 688 804 690" 
                    HPOS="135.0"
                    VPOS="688.0"
                    WIDTH="669.0"
                    HEIGHT="2.0">
	    <String CONTENT=""
                    HPOS="135.0"
                    VPOS="688.0"
                    WIDTH="669.0"
                    HEIGHT="2.0"></String>
          </TextLine>
          <TextLine ID="eSc_line_9c5dd3c2"
                    BASELINE="134 730 827 730" 
                    HPOS="134.0"
                    VPOS="730.0"
                    WIDTH="693.0"
                    HEIGHT="0.0">
	    <String CONTENT=""
                    HPOS="134.0"
                    VPOS="730.0"
                    WIDTH="693.0"
                    HEIGHT="0.0"></String>
          </TextLine>
          <TextLine ID="eSc_line_07b34bf7"
                    BASELINE="134 772 920 777" 
                    HPOS="134.0"
                    VPOS="772.0"
                    WIDTH="786.0"
                    HEIGHT="5.0">
	    <String CONTENT=""
                    HPOS="134.0"
                    VPOS="772.0"
                    WIDTH="786.0"
                    HEIGHT="5.0"></String>
          </TextLine>
          <TextLine ID="eSc_line_62af81a7"
                    BASELINE="128 816 762 821" 
                    HPOS="128.0"
                    VPOS="816.0"
                    WIDTH="634.0"
                    HEIGHT="5.0">
	    <String CONTENT=""
                    HPOS="128.0"
                    VPOS="816.0"
                    WIDTH="634.0"
                    HEIGHT="5.0"></String>
          </TextLine>
          <TextLine ID="eSc_line_cabe1abf"
                    BASELINE="129 862 950 861" 
                    HPOS="129.0"
                    VPOS="861.0"
                    WIDTH="821.0"
                    HEIGHT="1.0">
	    <String CONTENT=""
                    HPOS="129.0"
                    VPOS="861.0"
                    WIDTH="821.0"
                    HEIGHT="1.0"></String>
          </TextLine>
          <TextLine ID="eSc_line_08f240e6"
                    BASELINE="180 899 869 903" 
                    HPOS="180.0"
                    VPOS="899.0"
                    WIDTH="689.0"
                    HEIGHT="4.0">
	    <String CONTENT=""
                    HPOS="180.0"
                    VPOS="899.0"
                    WIDTH="689.0"
                    HEIGHT="4.0"></String>
          </TextLine>
          <TextLine ID="eSc_line_c5d122e7"
                    BASELINE="125 942 933 942" 
                    HPOS="125.0"
                    VPOS="942.0"
                    WIDTH="808.0"
                    HEIGHT="0.0">
	    <String CONTENT=""
                    HPOS="125.0"
                    VPOS="942.0"
                    WIDTH="808.0"
                    HEIGHT="0.0"></String>
          </TextLine>
          <TextLine ID="eSc_line_802e360e"
                    BASELINE="126 985 815 989" 
                    HPOS="126.0"
                    VPOS="985.0"
                    WIDTH="689.0"
                    HEIGHT="4.0">
	    <String CONTENT=""
                    HPOS="126.0"
                    VPOS="985.0"
                    WIDTH="689.0"
                    HEIGHT="4.0"></String>
          </TextLine>
          <TextLine ID="eSc_line_838531b6"
                    BASELINE="123 1029 843 1035" 
                    HPOS="123.0"
                    VPOS="1029.0"
                    WIDTH="720.0"
                    HEIGHT="6.0">
	    <String CONTENT=""
                    HPOS="123.0"
                    VPOS="1029.0"
                    WIDTH="720.0"
                    HEIGHT="6.0"></String>
          </TextLine>
          <TextLine ID="eSc_line_4af12524"
                    BASELINE="125 1074 829 1079" 
                    HPOS="125.0"
                    VPOS="1074.0"
                    WIDTH="704.0"
                    HEIGHT="5.0">
	    <String CONTENT=""
                    HPOS="125.0"
                    VPOS="1074.0"
                    WIDTH="704.0"
                    HEIGHT="5.0"></String>
          </TextLine>
          <TextLine ID="eSc_line_9090402f"
                    BASELINE="122 1115 800 1116" 
                    HPOS="122.0"
                    VPOS="1115.0"
                    WIDTH="678.0"
                    HEIGHT="1.0">
	    <String CONTENT=""
                    HPOS="122.0"
                    VPOS="1115.0"
                    WIDTH="678.0"
                    HEIGHT="1.0"></String>
          </TextLine>
          <TextLine ID="eSc_line_d50151bd"
                    BASELINE="121 1157 783 1160" 
                    HPOS="121.0"
                    VPOS="1157.0"
                    WIDTH="662.0"
                    HEIGHT="3.0">
	    <String CONTENT=""
                    HPOS="121.0"
                    VPOS="1157.0"
                    WIDTH="662.0"
                    HEIGHT="3.0"></String>
          </TextLine>
          <TextLine ID="eSc_line_d87440df"
                    BASELINE="126 1202 787 1202" 
                    HPOS="126.0"
                    VPOS="1202.0"
                    WIDTH="661.0"
                    HEIGHT="0.0">
	    <String CONTENT=""
                    HPOS="126.0"
                    VPOS="1202.0"
                    WIDTH="661.0"
                    HEIGHT="0.0"></String>
          </TextLine>
          <TextLine ID="eSc_line_85e6f631"
                    BASELINE="118 1294 857 1287" 
                    HPOS="118.0"
                    VPOS="1287.0"
                    WIDTH="739.0"
                    HEIGHT="7.0">
	    <String CONTENT=""
                    HPOS="118.0"
                    VPOS="1287.0"
                    WIDTH="739.0"
                    HEIGHT="7.0"></String>
          </TextLine>
          <TextLine ID="eSc_line_1519cb4d"
                    BASELINE="171 1331 822 1333" 
                    HPOS="171.0"
                    VPOS="1331.0"
                    WIDTH="651.0"
                    HEIGHT="2.0">
	    <String CONTENT=""
                    HPOS="171.0"
                    VPOS="1331.0"
                    WIDTH="651.0"
                    HEIGHT="2.0"></String>
          </TextLine>
          <TextLine ID="eSc_line_7b41ef9e"
                    BASELINE="121 1374 679 1369" 
                    HPOS="121.0"
                    VPOS="1369.0"
                    WIDTH="558.0"
                    HEIGHT="5.0">
	    <String CONTENT=""
                    HPOS="121.0"
                    VPOS="1369.0"
                    WIDTH="558.0"
                    HEIGHT="5.0"></String>
          </TextLine>
        </TextBlock>
        <TextBlock HPOS="458.0"
                   VPOS="344.0"
                   WIDTH="356.0"
                   HEIGHT="76.0"
                   ID="region_1720345112972_12"
                   TAGREFS="BT3757">
          <Shape><Polygon POINTS="794 420 458 420 458 345 814 344"/></Shape>
          <TextLine ID="eSc_line_219487aa"
                    BASELINE="477 420 775 420" 
                    HPOS="477.0"
                    VPOS="420.0"
                    WIDTH="298.0"
                    HEIGHT="0.0">
	    <String CONTENT=""
                    HPOS="477.0"
                    VPOS="420.0"
                    WIDTH="298.0"
                    HEIGHT="0.0"></String>
          </TextLine>
        </TextBlock>
        <TextBlock HPOS="111.0"
                   VPOS="1418.0"
                   WIDTH="986.0"
                   HEIGHT="176.0"
                   ID="region_1720345141152_24"
                   TAGREFS="BT3758">
          <Shape><Polygon POINTS="1097 1594 117 1594 111 1418 1091 1418"/></Shape>
          <TextLine ID="eSc_line_700b7680"
                    BASELINE="115 1462 1083 1460" 
                    HPOS="115.0"
                    VPOS="1460.0"
                    WIDTH="968.0"
                    HEIGHT="2.0">
	    <String CONTENT=""
                    HPOS="115.0"
                    VPOS="1460.0"
                    WIDTH="968.0"
                    HEIGHT="2.0"></String>
          </TextLine>
          <TextLine ID="eSc_line_04419216"
                    BASELINE="143 1495 1073 1494" 
                    HPOS="143.0"
                    VPOS="1494.0"
                    WIDTH="930.0"
                    HEIGHT="1.0">
	    <String CONTENT=""
                    HPOS="143.0"
                    VPOS="1494.0"
                    WIDTH="930.0"
                    HEIGHT="1.0"></String>
          </TextLine>
          <TextLine ID="eSc_line_d1806d22"
                    BASELINE="152 1529 1083 1529" 
                    HPOS="152.0"
                    VPOS="1529.0"
                    WIDTH="931.0"
                    HEIGHT="0.0">
	    <String CONTENT=""
                    HPOS="152.0"
                    VPOS="1529.0"
                    WIDTH="931.0"
                    HEIGHT="0.0"></String>
          </TextLine>
          <TextLine ID="eSc_line_005c63a8"
                    BASELINE="140 1562 1079 1563" 
                    HPOS="140.0"
                    VPOS="1562.0"
                    WIDTH="939.0"
                    HEIGHT="1.0">
	    <String CONTENT=""
                    HPOS="140.0"
                    VPOS="1562.0"
                    WIDTH="939.0"
                    HEIGHT="1.0"></String>
          </TextLine>
          <TextLine ID="eSc_line_40cb90de"
                    BASELINE="135 1593 731 1597" 
                    HPOS="135.0"
                    VPOS="1593.0"
                    WIDTH="596.0"
                    HEIGHT="4.0">
	    <String CONTENT=""
                    HPOS="135.0"
                    VPOS="1593.0"
                    WIDTH="596.0"
                    HEIGHT="4.0"></String>
          </TextLine>
        </TextBlock>
        <TextBlock HPOS="107.0"
                   VPOS="1600.0"
                   WIDTH="982.0"
                   HEIGHT="69.0"
                   ID="region_1721040649665_146"
                   TAGREFS="BT3758">
          <Shape><Polygon POINTS="1089 1669 107 1669 107 1600 1089 1600"/></Shape>
          <TextLine ID="eSc_line_e4fb960c"
                    BASELINE="121 1633 1082 1632" 
                    HPOS="121.0"
                    VPOS="1632.0"
                    WIDTH="961.0"
                    HEIGHT="1.0">
	    <String CONTENT=""
                    HPOS="121.0"
                    VPOS="1632.0"
                    WIDTH="961.0"
                    HEIGHT="1.0"></String>
          </TextLine>
          <TextLine ID="eSc_line_cff5a114"
                    BASELINE="147 1665 423 1668" 
                    HPOS="147.0"
                    VPOS="1665.0"
                    WIDTH="276.0"
                    HEIGHT="3.0">
	    <String CONTENT=""
                    HPOS="147.0"
                    VPOS="1665.0"
                    WIDTH="276.0"
                    HEIGHT="3.0"></String>
          </TextLine>
        </TextBlock>
        <TextBlock HPOS="90.0"
                   VPOS="1669.0"
                   WIDTH="1005.0"
                   HEIGHT="178.0"
                   ID="region_1721040652773_149"
                   TAGREFS="BT3758">
          <Shape><Polygon POINTS="1095 1847 90 1847 90 1669 1095 1669"/></Shape>
          <TextLine ID="eSc_line_4da67222"
                    BASELINE="114 1707 1083 1697" 
                    HPOS="114.0"
                    VPOS="1697.0"
                    WIDTH="969.0"
                    HEIGHT="10.0">
	    <String CONTENT=""
                    HPOS="114.0"
                    VPOS="1697.0"
                    WIDTH="969.0"
                    HEIGHT="10.0"></String>
          </TextLine>
          <TextLine ID="eSc_line_67ff83a3"
                    BASELINE="138 1732 1087 1732" 
                    HPOS="138.0"
                    VPOS="1732.0"
                    WIDTH="949.0"
                    HEIGHT="0.0">
	    <String CONTENT=""
                    HPOS="138.0"
                    VPOS="1732.0"
                    WIDTH="949.0"
                    HEIGHT="0.0"></String>
          </TextLine>
          <TextLine ID="eSc_line_17c125f7"
                    BASELINE="142 1767 1080 1767" 
                    HPOS="142.0"
                    VPOS="1767.0"
                    WIDTH="938.0"
                    HEIGHT="0.0">
	    <String CONTENT=""
                    HPOS="142.0"
                    VPOS="1767.0"
                    WIDTH="938.0"
                    HEIGHT="0.0"></String>
          </TextLine>
          <TextLine ID="eSc_line_0789d05a"
                    BASELINE="136 1799 1079 1802" 
                    HPOS="136.0"
                    VPOS="1799.0"
                    WIDTH="943.0"
                    HEIGHT="3.0">
	    <String CONTENT=""
                    HPOS="136.0"
                    VPOS="1799.0"
                    WIDTH="943.0"
                    HEIGHT="3.0"></String>
          </TextLine>
          <TextLine ID="eSc_line_7db6dd82"
                    BASELINE="139 1841 246 1842" 
                    HPOS="139.0"
                    VPOS="1841.0"
                    WIDTH="107.0"
                    HEIGHT="1.0">
	    <String CONTENT=""
                    HPOS="139.0"
                    VPOS="1841.0"
                    WIDTH="107.0"
                    HEIGHT="1.0"></String>
          </TextLine>
        </TextBlock>
        <TextBlock HPOS="990"
                   VPOS="1374"
                   WIDTH="114"
                   HEIGHT="39"
                   ID="region_1720345134536_21"
                   TAGREFS="BT3756">
          <Shape><Polygon POINTS="1104 1412 990 1413 990 1374 1087 1374"/></Shape>
          <TextLine ID="eSc_line_9b3ec2fc"
                    BASELINE="995 1410 1091 1411" 
                    HPOS="995.0"
                    VPOS="1410.0"
                    WIDTH="96.0"
                    HEIGHT="1.0">
	    <String CONTENT=""
                    HPOS="995.0"
                    VPOS="1410.0"
                    WIDTH="96.0"
                    HEIGHT="1.0"></String>
          </TextLine>
        </TextBlock>
        <TextBlock HPOS="124.0"
                   VPOS="420.0"
                   WIDTH="114.0"
                   HEIGHT="96.0"
                   ID="region_1720345117380_15"
                   TAGREFS="BT3756">
          <Shape><Polygon POINTS="238 516 136 516 124 420 238 427"/></Shape>
        </TextBlock>
        <TextBlock ID="eSc_dummyblock_">
          <TextLine ID="eSc_line_d34e3540"
                    BASELINE="113 1245 822 1247" 
                    HPOS="113.0"
                    VPOS="1245.0"
                    WIDTH="709.0"
                    HEIGHT="2.0">
	    <String CONTENT=""
                    HPOS="113.0"
                    VPOS="1245.0"
                    WIDTH="709.0"
                    HEIGHT="2.0"></String>
          </TextLine>
        </TextBlock>
      </PrintSpace>
    </Page>
  </Layout>
</alto>
