<?xml version="1.0" encoding="UTF-8"?>
<alto xmlns:xsi="http://www.w3.org/2001/XMLSchema-instance"
      xmlns="http://www.loc.gov/standards/alto/ns-v4#"
      xsi:schemaLocation="http://www.loc.gov/standards/alto/ns-v4# http://www.loc.gov/standards/alto/v4/alto-4-2.xsd">
  <Description>
    <MeasurementUnit>pixel</MeasurementUnit>
    <sourceImageInformation>
      <fileName>1757,_Saemtliche_Poetische_Werke,_Bohn,_1._Aufl.,_Bd._3,_VD18_9039674X_Seite_174_Bild_0001.jpg</fileName>
    </sourceImageInformation>
  </Description>
  <Tags>
    <OtherTag ID="BT1" LABEL="Title" DESCRIPTION="block type Title"/><OtherTag ID="BT2" LABEL="Main" DESCRIPTION="block type Main"/><OtherTag ID="BT3" LABEL="Commentary" DESCRIPTION="block type Commentary"/><OtherTag ID="BT4" LABEL="Illustration" DESCRIPTION="block type Illustration"/><OtherTag ID="BT3755" LABEL="header" DESCRIPTION="block type header"/><OtherTag ID="BT3756" LABEL="paragraph" DESCRIPTION="block type paragraph"/><OtherTag ID="BT3757" LABEL="heading" DESCRIPTION="block type heading"/><OtherTag ID="BT3758" LABEL="footnote" DESCRIPTION="block type footnote"/><OtherTag ID="BT3759" LABEL="l-column" DESCRIPTION="block type l-column"/><OtherTag ID="BT3760" LABEL="r-column" DESCRIPTION="block type r-column"/><OtherTag ID="BT3761" LABEL="marginalia" DESCRIPTION="block type marginalia"/><OtherTag ID="BT4125" LABEL="drop-capital" DESCRIPTION="block type drop-capital"/><OtherTag ID="BT4126" LABEL="catch-word" DESCRIPTION="block type catch-word"/><OtherTag ID="BT4127" LABEL="page-number" DESCRIPTION="block type page-number"/><OtherTag ID="BT4128" LABEL="signature-mark" DESCRIPTION="block type signature-mark"/><OtherTag ID="BT4129" LABEL="poem_lg" DESCRIPTION="block type poem_lg"/><OtherTag ID="BT4130" LABEL="endnote" DESCRIPTION="block type endnote"/>
  </Tags>
  <Layout>
    <Page WIDTH="1147"
          HEIGHT="1920"
          PHYSICAL_IMG_NR="13"
          ID="eSc_dummypage_">
      <PrintSpace HPOS="0"
                  VPOS="0"
                  WIDTH="1147"
                  HEIGHT="1920">
        <TextBlock HPOS="62.0"
                   VPOS="84.0"
                   WIDTH="1057.0"
                   HEIGHT="1529.0"
                   ID="region_1720870209162_188"
                   TAGREFS="BT3756">
          <Shape><Polygon POINTS="1119 1556 1083 1613 921 1601 103 1555 62 84 1101 84"/></Shape>
          <TextLine ID="eSc_line_685fb057"
                    BASELINE="152 149 1055 136" 
                    HPOS="152.0"
                    VPOS="136.0"
                    WIDTH="903.0"
                    HEIGHT="13.0">
	    <String CONTENT=""
                    HPOS="152.0"
                    VPOS="136.0"
                    WIDTH="903.0"
                    HEIGHT="13.0"></String>
          </TextLine>
          <TextLine ID="eSc_line_fbde5650"
                    BASELINE="98 198 1062 183" 
                    HPOS="98.0"
                    VPOS="183.0"
                    WIDTH="964.0"
                    HEIGHT="15.0">
	    <String CONTENT=""
                    HPOS="98.0"
                    VPOS="183.0"
                    WIDTH="964.0"
                    HEIGHT="15.0"></String>
          </TextLine>
          <TextLine ID="eSc_line_87fe1b45"
                    BASELINE="96 243 1070 224" 
                    HPOS="96.0"
                    VPOS="224.0"
                    WIDTH="974.0"
                    HEIGHT="19.0">
	    <String CONTENT=""
                    HPOS="96.0"
                    VPOS="224.0"
                    WIDTH="974.0"
                    HEIGHT="19.0"></String>
          </TextLine>
          <TextLine ID="eSc_line_761826b8"
                    BASELINE="92 284 1060 270" 
                    HPOS="92.0"
                    VPOS="270.0"
                    WIDTH="968.0"
                    HEIGHT="14.0">
	    <String CONTENT=""
                    HPOS="92.0"
                    VPOS="270.0"
                    WIDTH="968.0"
                    HEIGHT="14.0"></String>
          </TextLine>
          <TextLine ID="eSc_line_6ac9f82b"
                    BASELINE="94 324 1076 315" 
                    HPOS="94.0"
                    VPOS="315.0"
                    WIDTH="982.0"
                    HEIGHT="9.0">
	    <String CONTENT=""
                    HPOS="94.0"
                    VPOS="315.0"
                    WIDTH="982.0"
                    HEIGHT="9.0"></String>
          </TextLine>
          <TextLine ID="eSc_line_40dfb9e3"
                    BASELINE="89 368 700 356" 
                    HPOS="89.0"
                    VPOS="356.0"
                    WIDTH="611.0"
                    HEIGHT="12.0">
	    <String CONTENT=""
                    HPOS="89.0"
                    VPOS="356.0"
                    WIDTH="611.0"
                    HEIGHT="12.0"></String>
          </TextLine>
          <TextLine ID="eSc_line_c86d6127"
                    BASELINE="160 409 1056 394" 
                    HPOS="160.0"
                    VPOS="394.0"
                    WIDTH="896.0"
                    HEIGHT="15.0">
	    <String CONTENT=""
                    HPOS="160.0"
                    VPOS="394.0"
                    WIDTH="896.0"
                    HEIGHT="15.0"></String>
          </TextLine>
          <TextLine ID="eSc_line_5883b209"
                    BASELINE="101 448 1058 439" 
                    HPOS="101.0"
                    VPOS="439.0"
                    WIDTH="957.0"
                    HEIGHT="9.0">
	    <String CONTENT=""
                    HPOS="101.0"
                    VPOS="439.0"
                    WIDTH="957.0"
                    HEIGHT="9.0"></String>
          </TextLine>
          <TextLine ID="eSc_line_28187fa2"
                    BASELINE="96 496 1068 482" 
                    HPOS="96.0"
                    VPOS="482.0"
                    WIDTH="972.0"
                    HEIGHT="14.0">
	    <String CONTENT=""
                    HPOS="96.0"
                    VPOS="482.0"
                    WIDTH="972.0"
                    HEIGHT="14.0"></String>
          </TextLine>
          <TextLine ID="eSc_line_8ed3b7ba"
                    BASELINE="107 540 1066 525" 
                    HPOS="107.0"
                    VPOS="525.0"
                    WIDTH="959.0"
                    HEIGHT="15.0">
	    <String CONTENT=""
                    HPOS="107.0"
                    VPOS="525.0"
                    WIDTH="959.0"
                    HEIGHT="15.0"></String>
          </TextLine>
          <TextLine ID="eSc_line_2a7a5e6e"
                    BASELINE="105 581 1077 566" 
                    HPOS="105.0"
                    VPOS="566.0"
                    WIDTH="972.0"
                    HEIGHT="15.0">
	    <String CONTENT=""
                    HPOS="105.0"
                    VPOS="566.0"
                    WIDTH="972.0"
                    HEIGHT="15.0"></String>
          </TextLine>
          <TextLine ID="eSc_line_0507155d"
                    BASELINE="102 626 1074 612" 
                    HPOS="102.0"
                    VPOS="612.0"
                    WIDTH="972.0"
                    HEIGHT="14.0">
	    <String CONTENT=""
                    HPOS="102.0"
                    VPOS="612.0"
                    WIDTH="972.0"
                    HEIGHT="14.0"></String>
          </TextLine>
          <TextLine ID="eSc_line_6539823d"
                    BASELINE="106 666 1079 653" 
                    HPOS="106.0"
                    VPOS="653.0"
                    WIDTH="973.0"
                    HEIGHT="13.0">
	    <String CONTENT=""
                    HPOS="106.0"
                    VPOS="653.0"
                    WIDTH="973.0"
                    HEIGHT="13.0"></String>
          </TextLine>
          <TextLine ID="eSc_line_01af5c4e"
                    BASELINE="102 708 1077 697" 
                    HPOS="102.0"
                    VPOS="697.0"
                    WIDTH="975.0"
                    HEIGHT="11.0">
	    <String CONTENT=""
                    HPOS="102.0"
                    VPOS="697.0"
                    WIDTH="975.0"
                    HEIGHT="11.0"></String>
          </TextLine>
          <TextLine ID="eSc_line_4d148fb7"
                    BASELINE="100 755 1076 742" 
                    HPOS="100.0"
                    VPOS="742.0"
                    WIDTH="976.0"
                    HEIGHT="13.0">
	    <String CONTENT=""
                    HPOS="100.0"
                    VPOS="742.0"
                    WIDTH="976.0"
                    HEIGHT="13.0"></String>
          </TextLine>
          <TextLine ID="eSc_line_c8e425b6"
                    BASELINE="108 792 1082 785" 
                    HPOS="108.0"
                    VPOS="785.0"
                    WIDTH="974.0"
                    HEIGHT="7.0">
	    <String CONTENT=""
                    HPOS="108.0"
                    VPOS="785.0"
                    WIDTH="974.0"
                    HEIGHT="7.0"></String>
          </TextLine>
          <TextLine ID="eSc_line_45994add"
                    BASELINE="107 837 1071 826" 
                    HPOS="107.0"
                    VPOS="826.0"
                    WIDTH="964.0"
                    HEIGHT="11.0">
	    <String CONTENT=""
                    HPOS="107.0"
                    VPOS="826.0"
                    WIDTH="964.0"
                    HEIGHT="11.0"></String>
          </TextLine>
          <TextLine ID="eSc_line_d893be9a"
                    BASELINE="109 876 1082 865" 
                    HPOS="109.0"
                    VPOS="865.0"
                    WIDTH="973.0"
                    HEIGHT="11.0">
	    <String CONTENT=""
                    HPOS="109.0"
                    VPOS="865.0"
                    WIDTH="973.0"
                    HEIGHT="11.0"></String>
          </TextLine>
          <TextLine ID="eSc_line_fbe52c93"
                    BASELINE="110 920 1080 910" 
                    HPOS="110.0"
                    VPOS="910.0"
                    WIDTH="970.0"
                    HEIGHT="10.0">
	    <String CONTENT=""
                    HPOS="110.0"
                    VPOS="910.0"
                    WIDTH="970.0"
                    HEIGHT="10.0"></String>
          </TextLine>
          <TextLine ID="eSc_line_6fec2ade"
                    BASELINE="116 963 655 955" 
                    HPOS="116.0"
                    VPOS="955.0"
                    WIDTH="539.0"
                    HEIGHT="8.0">
	    <String CONTENT=""
                    HPOS="116.0"
                    VPOS="955.0"
                    WIDTH="539.0"
                    HEIGHT="8.0"></String>
          </TextLine>
          <TextLine ID="eSc_line_25b84d86"
                    BASELINE="176 1003 1076 994" 
                    HPOS="176.0"
                    VPOS="994.0"
                    WIDTH="900.0"
                    HEIGHT="9.0">
	    <String CONTENT=""
                    HPOS="176.0"
                    VPOS="994.0"
                    WIDTH="900.0"
                    HEIGHT="9.0"></String>
          </TextLine>
          <TextLine ID="eSc_line_9bfdbccb"
                    BASELINE="119 1044 1077 1035" 
                    HPOS="119.0"
                    VPOS="1035.0"
                    WIDTH="958.0"
                    HEIGHT="9.0">
	    <String CONTENT=""
                    HPOS="119.0"
                    VPOS="1035.0"
                    WIDTH="958.0"
                    HEIGHT="9.0"></String>
          </TextLine>
          <TextLine ID="eSc_line_dba0557a"
                    BASELINE="112 1094 1072 1078" 
                    HPOS="112.0"
                    VPOS="1078.0"
                    WIDTH="960.0"
                    HEIGHT="16.0">
	    <String CONTENT=""
                    HPOS="112.0"
                    VPOS="1078.0"
                    WIDTH="960.0"
                    HEIGHT="16.0"></String>
          </TextLine>
          <TextLine ID="eSc_line_2ede8494"
                    BASELINE="105 1135 749 1124" 
                    HPOS="105.0"
                    VPOS="1124.0"
                    WIDTH="644.0"
                    HEIGHT="11.0">
	    <String CONTENT=""
                    HPOS="105.0"
                    VPOS="1124.0"
                    WIDTH="644.0"
                    HEIGHT="11.0"></String>
          </TextLine>
          <TextLine ID="eSc_line_4b07f450"
                    BASELINE="307 1186 802 1179" 
                    HPOS="307.0"
                    VPOS="1179.0"
                    WIDTH="495.0"
                    HEIGHT="7.0">
	    <String CONTENT=""
                    HPOS="307.0"
                    VPOS="1179.0"
                    WIDTH="495.0"
                    HEIGHT="7.0"></String>
          </TextLine>
          <TextLine ID="eSc_line_e7fe5cd1"
                    BASELINE="243 1231 655 1225" 
                    HPOS="243.0"
                    VPOS="1225.0"
                    WIDTH="412.0"
                    HEIGHT="6.0">
	    <String CONTENT=""
                    HPOS="243.0"
                    VPOS="1225.0"
                    WIDTH="412.0"
                    HEIGHT="6.0"></String>
          </TextLine>
          <TextLine ID="eSc_line_256de96e"
                    BASELINE="246 1277 727 1267" 
                    HPOS="246.0"
                    VPOS="1267.0"
                    WIDTH="481.0"
                    HEIGHT="10.0">
	    <String CONTENT=""
                    HPOS="246.0"
                    VPOS="1267.0"
                    WIDTH="481.0"
                    HEIGHT="10.0"></String>
          </TextLine>
          <TextLine ID="eSc_line_086f3780"
                    BASELINE="236 1325 787 1310" 
                    HPOS="236.0"
                    VPOS="1310.0"
                    WIDTH="551.0"
                    HEIGHT="15.0">
	    <String CONTENT=""
                    HPOS="236.0"
                    VPOS="1310.0"
                    WIDTH="551.0"
                    HEIGHT="15.0"></String>
          </TextLine>
          <TextLine ID="eSc_line_e234a3db"
                    BASELINE="312 1369 776 1369" 
                    HPOS="312.0"
                    VPOS="1369.0"
                    WIDTH="464.0"
                    HEIGHT="0.0">
	    <String CONTENT=""
                    HPOS="312.0"
                    VPOS="1369.0"
                    WIDTH="464.0"
                    HEIGHT="0.0"></String>
          </TextLine>
          <TextLine ID="eSc_line_a493d29e"
                    BASELINE="244 1413 657 1417" 
                    HPOS="244.0"
                    VPOS="1413.0"
                    WIDTH="413.0"
                    HEIGHT="4.0">
	    <String CONTENT=""
                    HPOS="244.0"
                    VPOS="1413.0"
                    WIDTH="413.0"
                    HEIGHT="4.0"></String>
          </TextLine>
          <TextLine ID="eSc_line_732244b3"
                    BASELINE="248 1455 741 1455" 
                    HPOS="248.0"
                    VPOS="1455.0"
                    WIDTH="493.0"
                    HEIGHT="0.0">
	    <String CONTENT=""
                    HPOS="248.0"
                    VPOS="1455.0"
                    WIDTH="493.0"
                    HEIGHT="0.0"></String>
          </TextLine>
          <TextLine ID="eSc_line_afbb42ab"
                    BASELINE="248 1500 650 1497" 
                    HPOS="248.0"
                    VPOS="1497.0"
                    WIDTH="402.0"
                    HEIGHT="3.0">
	    <String CONTENT=""
                    HPOS="248.0"
                    VPOS="1497.0"
                    WIDTH="402.0"
                    HEIGHT="3.0"></String>
          </TextLine>
          <TextLine ID="eSc_line_e9728b5e"
                    BASELINE="195 1556 1079 1551" 
                    HPOS="195.0"
                    VPOS="1551.0"
                    WIDTH="884.0"
                    HEIGHT="5.0">
	    <String CONTENT=""
                    HPOS="195.0"
                    VPOS="1551.0"
                    WIDTH="884.0"
                    HEIGHT="5.0"></String>
          </TextLine>
          <TextLine ID="eSc_line_f9e4684f"
                    BASELINE="983 1595 1084 1593" 
                    HPOS="983.0"
                    VPOS="1593.0"
                    WIDTH="101.0"
                    HEIGHT="2.0">
	    <String CONTENT=""
                    HPOS="983.0"
                    VPOS="1593.0"
                    WIDTH="101.0"
                    HEIGHT="2.0"></String>
          </TextLine>
        </TextBlock>
        <TextBlock HPOS="377"
                   VPOS="9"
                   WIDTH="415"
                   HEIGHT="58"
                   ID="region_1720870200911_185"
                   TAGREFS="BT3756">
          <Shape><Polygon POINTS="771 67 377 67 377 9 792 10"/></Shape>
          <TextLine ID="eSc_line_dee91847"
                    BASELINE="386 64 764 63" 
                    HPOS="386.0"
                    VPOS="63.0"
                    WIDTH="378.0"
                    HEIGHT="1.0">
	    <String CONTENT=""
                    HPOS="386.0"
                    VPOS="63.0"
                    WIDTH="378.0"
                    HEIGHT="1.0"></String>
          </TextLine>
        </TextBlock>
        <TextBlock HPOS="966"
                   VPOS="14"
                   WIDTH="122"
                   HEIGHT="50"
                   ID="region_1720870279573_211"
                   TAGREFS="BT3756">
          <Shape><Polygon POINTS="1061 64 966 64 966 14 1088 19"/></Shape>
          <TextLine ID="eSc_line_0fb39361"
                    BASELINE="984 59 1053 62" 
                    HPOS="984.0"
                    VPOS="59.0"
                    WIDTH="69.0"
                    HEIGHT="3.0">
	    <String CONTENT=""
                    HPOS="984.0"
                    VPOS="59.0"
                    WIDTH="69.0"
                    HEIGHT="3.0"></String>
          </TextLine>
        </TextBlock>
        <TextBlock HPOS="122.0"
                   VPOS="1609.0"
                   WIDTH="379.0"
                   HEIGHT="32.0"
                   ID="region_1720870228426_197"
                   TAGREFS="BT3758">
          <Shape><Polygon POINTS="501 1641 127 1640 122 1610 499 1609"/></Shape>
          <TextLine ID="eSc_line_48ac2336"
                    BASELINE="128 1640 490 1641" 
                    HPOS="128.0"
                    VPOS="1640.0"
                    WIDTH="362.0"
                    HEIGHT="1.0">
	    <String CONTENT=""
                    HPOS="128.0"
                    VPOS="1640.0"
                    WIDTH="362.0"
                    HEIGHT="1.0"></String>
          </TextLine>
        </TextBlock>
        <TextBlock HPOS="129.0"
                   VPOS="1672.0"
                   WIDTH="764.0"
                   HEIGHT="35.0"
                   ID="region_1721041145415_223"
                   TAGREFS="BT3758">
          <Shape><Polygon POINTS="893 1707 133 1707 129 1672 889 1672"/></Shape>
          <TextLine ID="eSc_line_1926ec14"
                    BASELINE="134 1674 543 1670" 
                    HPOS="134.0"
                    VPOS="1670.0"
                    WIDTH="409.0"
                    HEIGHT="4.0">
	    <String CONTENT=""
                    HPOS="134.0"
                    VPOS="1670.0"
                    WIDTH="409.0"
                    HEIGHT="4.0"></String>
          </TextLine>
          <TextLine ID="eSc_line_d7978211"
                    BASELINE="138 1706 891 1705" 
                    HPOS="138.0"
                    VPOS="1705.0"
                    WIDTH="753.0"
                    HEIGHT="1.0">
	    <String CONTENT=""
                    HPOS="138.0"
                    VPOS="1705.0"
                    WIDTH="753.0"
                    HEIGHT="1.0"></String>
          </TextLine>
        </TextBlock>
        <TextBlock HPOS="132.0"
                   VPOS="1780.0"
                   WIDTH="392.0"
                   HEIGHT="39.0"
                   ID="region_1721041159607_232"
                   TAGREFS="BT3758">
          <Shape><Polygon POINTS="524 1819 132 1819 132 1780 524 1780"/></Shape>
          <TextLine ID="eSc_line_bd4016c6"
                    BASELINE="137 1816 518 1812" 
                    HPOS="137.0"
                    VPOS="1812.0"
                    WIDTH="381.0"
                    HEIGHT="4.0">
	    <String CONTENT=""
                    HPOS="137.0"
                    VPOS="1812.0"
                    WIDTH="381.0"
                    HEIGHT="4.0"></String>
          </TextLine>
        </TextBlock>
        <TextBlock HPOS="129.0"
                   VPOS="1710.0"
                   WIDTH="482.0"
                   HEIGHT="33.0"
                   ID="region_1721041151207_226"
                   TAGREFS="BT3758">
          <Shape><Polygon POINTS="611 1743 129 1743 129 1710 611 1710"/></Shape>
        </TextBlock>
        <TextBlock HPOS="121.0"
                   VPOS="1746.0"
                   WIDTH="344.0"
                   HEIGHT="32.0"
                   ID="region_1721041155371_229"
                   TAGREFS="BT3758">
          <Shape><Polygon POINTS="465 1778 121 1778 121 1746 465 1746"/></Shape>
        </TextBlock>
        <TextBlock HPOS="127.0"
                   VPOS="1643.0"
                   WIDTH="419.0"
                   HEIGHT="32.0"
                   ID="region_1721041127703_220"
                   TAGREFS="BT3758">
          <Shape><Polygon POINTS="546 1675 127 1675 127 1643 546 1643"/></Shape>
        </TextBlock>
        <TextBlock ID="eSc_dummyblock_">
          <TextLine ID="eSc_line_5f68fb65"
                    BASELINE="136 1744 606 1743" 
                    HPOS="136.0"
                    VPOS="1743.0"
                    WIDTH="470.0"
                    HEIGHT="1.0">
	    <String CONTENT=""
                    HPOS="136.0"
                    VPOS="1743.0"
                    WIDTH="470.0"
                    HEIGHT="1.0"></String>
          </TextLine>
          <TextLine ID="eSc_line_fa450705"
                    BASELINE="134 1779 453 1777" 
                    HPOS="134.0"
                    VPOS="1777.0"
                    WIDTH="319.0"
                    HEIGHT="2.0">
	    <String CONTENT=""
                    HPOS="134.0"
                    VPOS="1777.0"
                    WIDTH="319.0"
                    HEIGHT="2.0"></String>
          </TextLine>
        </TextBlock>
      </PrintSpace>
    </Page>
  </Layout>
</alto>
