<?xml version="1.0" encoding="UTF-8"?>
<alto xmlns:xsi="http://www.w3.org/2001/XMLSchema-instance"
      xmlns="http://www.loc.gov/standards/alto/ns-v4#"
      xsi:schemaLocation="http://www.loc.gov/standards/alto/ns-v4# http://www.loc.gov/standards/alto/v4/alto-4-2.xsd">
  <Description>
    <MeasurementUnit>pixel</MeasurementUnit>
    <sourceImageInformation>
      <fileName>1757, Poetische Werke, Bohn, Bd. 1, VD18 9033213X_NEU-0016.jpeg</fileName>
    </sourceImageInformation>
  </Description>
  <Tags>
    <OtherTag ID="BT1" LABEL="Title" DESCRIPTION="block type Title"/><OtherTag ID="BT2" LABEL="Main" DESCRIPTION="block type Main"/><OtherTag ID="BT3" LABEL="Commentary" DESCRIPTION="block type Commentary"/><OtherTag ID="BT4" LABEL="Illustration" DESCRIPTION="block type Illustration"/><OtherTag ID="BT3755" LABEL="header" DESCRIPTION="block type header"/><OtherTag ID="BT3756" LABEL="paragraph" DESCRIPTION="block type paragraph"/><OtherTag ID="BT3757" LABEL="heading" DESCRIPTION="block type heading"/><OtherTag ID="BT3758" LABEL="footnote" DESCRIPTION="block type footnote"/><OtherTag ID="BT3759" LABEL="l-column" DESCRIPTION="block type l-column"/><OtherTag ID="BT3760" LABEL="r-column" DESCRIPTION="block type r-column"/><OtherTag ID="BT3761" LABEL="marginalia" DESCRIPTION="block type marginalia"/><OtherTag ID="BT4125" LABEL="drop-capital" DESCRIPTION="block type drop-capital"/><OtherTag ID="BT4126" LABEL="catch-word" DESCRIPTION="block type catch-word"/><OtherTag ID="BT4127" LABEL="page-number" DESCRIPTION="block type page-number"/><OtherTag ID="BT4128" LABEL="signature-mark" DESCRIPTION="block type signature-mark"/><OtherTag ID="BT4129" LABEL="poem_lg" DESCRIPTION="block type poem_lg"/><OtherTag ID="BT4130" LABEL="endnote" DESCRIPTION="block type endnote"/>
  </Tags>
  <Layout>
    <Page WIDTH="1505"
          HEIGHT="2338"
          PHYSICAL_IMG_NR="1"
          ID="eSc_dummypage_">
      <PrintSpace HPOS="0"
                  VPOS="0"
                  WIDTH="1505"
                  HEIGHT="2338">
        <TextBlock HPOS="353"
                   VPOS="272"
                   WIDTH="107"
                   HEIGHT="77"
                   ID="region_1718283764334_197"
                   TAGREFS="BT3756">
          <Shape><Polygon POINTS="418 349 353 349 353 299 460 272"/></Shape>
          <TextLine ID="eSc_line_928a914e"
                    BASELINE="363 341 365 341 409 341" 
                    HPOS="363.0"
                    VPOS="341.0"
                    WIDTH="46.0"
                    HEIGHT="0.0">
	    <String CONTENT=""
                    HPOS="363.0"
                    VPOS="341.0"
                    WIDTH="46.0"
                    HEIGHT="0.0"></String>
          </TextLine>
        </TextBlock>
        <TextBlock HPOS="694"
                   VPOS="283"
                   WIDTH="297"
                   HEIGHT="62"
                   ID="region_1718283757310_194"
                   TAGREFS="BT3756">
          <Shape><Polygon POINTS="975 345 694 345 694 284 991 283"/></Shape>
          <TextLine ID="eSc_line_b7d7665b"
                    BASELINE="720 342 780 342 912 345 965 342" 
                    HPOS="720.0"
                    VPOS="342.0"
                    WIDTH="245.0"
                    HEIGHT="3.0">
	    <String CONTENT=""
                    HPOS="720.0"
                    VPOS="342.0"
                    WIDTH="245.0"
                    HEIGHT="3.0"></String>
          </TextLine>
        </TextBlock>
        <TextBlock HPOS="347.0"
                   VPOS="388.0"
                   WIDTH="1010.0"
                   HEIGHT="1211.0"
                   ID="region_1718283781730_200"
                   TAGREFS="BT3756">
          <Shape><Polygon POINTS="1357 1591 349 1599 347 388 1343 388"/></Shape>
          <TextLine ID="eSc_line_429637c9"
                    BASELINE="373 457 438 460 520 466 643 468 861 464 964 461 1071 465 1233 464 1323 465" 
                    HPOS="373.0"
                    VPOS="457.0"
                    WIDTH="950.0"
                    HEIGHT="11.0">
	    <String CONTENT=""
                    HPOS="373.0"
                    VPOS="457.0"
                    WIDTH="950.0"
                    HEIGHT="11.0"></String>
          </TextLine>
          <TextLine ID="eSc_line_6f1983f9"
                    BASELINE="378 544 383 544 391 544 415 547 485 549 603 547 695 552 1061 551 1190 551 1245 551 1335 546" 
                    HPOS="378.0"
                    VPOS="544.0"
                    WIDTH="957.0"
                    HEIGHT="8.0">
	    <String CONTENT=""
                    HPOS="378.0"
                    VPOS="544.0"
                    WIDTH="957.0"
                    HEIGHT="8.0"></String>
          </TextLine>
          <TextLine ID="eSc_line_b11ee532"
                    BASELINE="375 632 545 643 742 639 913 636 1089 636 1326 631" 
                    HPOS="375.0"
                    VPOS="631.0"
                    WIDTH="951.0"
                    HEIGHT="12.0">
	    <String CONTENT=""
                    HPOS="375.0"
                    VPOS="631.0"
                    WIDTH="951.0"
                    HEIGHT="12.0"></String>
          </TextLine>
          <TextLine ID="eSc_line_309a3e85"
                    BASELINE="373 724 425 725 565 725 1108 723 1280 724 1328 721 1332 719" 
                    HPOS="373.0"
                    VPOS="719.0"
                    WIDTH="959.0"
                    HEIGHT="6.0">
	    <String CONTENT=""
                    HPOS="373.0"
                    VPOS="719.0"
                    WIDTH="959.0"
                    HEIGHT="6.0"></String>
          </TextLine>
          <TextLine ID="eSc_line_b92d152c"
                    BASELINE="379 812 453 816 650 812 795 814 974 811 1138 819 1329 810" 
                    HPOS="379.0"
                    VPOS="810.0"
                    WIDTH="950.0"
                    HEIGHT="9.0">
	    <String CONTENT=""
                    HPOS="379.0"
                    VPOS="810.0"
                    WIDTH="950.0"
                    HEIGHT="9.0"></String>
          </TextLine>
          <TextLine ID="eSc_line_1df785fa"
                    BASELINE="368 897 434 900 666 905 938 901 1060 900 1155 900 1284 894 1332 888" 
                    HPOS="368.0"
                    VPOS="888.0"
                    WIDTH="964.0"
                    HEIGHT="17.0">
	    <String CONTENT=""
                    HPOS="368.0"
                    VPOS="888.0"
                    WIDTH="964.0"
                    HEIGHT="17.0"></String>
          </TextLine>
          <TextLine ID="eSc_line_0c507258"
                    BASELINE="368 984 408 988 623 990 861 989 944 982 1059 995 1149 984" 
                    HPOS="368.0"
                    VPOS="982.0"
                    WIDTH="781.0"
                    HEIGHT="13.0">
	    <String CONTENT=""
                    HPOS="368.0"
                    VPOS="982.0"
                    WIDTH="781.0"
                    HEIGHT="13.0"></String>
          </TextLine>
          <TextLine ID="eSc_line_88b0a1fc"
                    BASELINE="410 1072 626 1083 820 1082 975 1079 1045 1079 1330 1078" 
                    HPOS="410.0"
                    VPOS="1072.0"
                    WIDTH="920.0"
                    HEIGHT="11.0">
	    <String CONTENT=""
                    HPOS="410.0"
                    VPOS="1072.0"
                    WIDTH="920.0"
                    HEIGHT="11.0"></String>
          </TextLine>
          <TextLine ID="eSc_line_21ca8e68"
                    BASELINE="368 1158 437 1158 613 1168 817 1171 904 1172 1020 1165 1108 1162 1341 1164" 
                    HPOS="368.0"
                    VPOS="1158.0"
                    WIDTH="973.0"
                    HEIGHT="14.0">
	    <String CONTENT=""
                    HPOS="368.0"
                    VPOS="1158.0"
                    WIDTH="973.0"
                    HEIGHT="14.0"></String>
          </TextLine>
          <TextLine ID="eSc_line_d760a03b"
                    BASELINE="373 1248 468 1248 735 1250 960 1251 1322 1246" 
                    HPOS="373.0"
                    VPOS="1246.0"
                    WIDTH="949.0"
                    HEIGHT="5.0">
	    <String CONTENT=""
                    HPOS="373.0"
                    VPOS="1246.0"
                    WIDTH="949.0"
                    HEIGHT="5.0"></String>
          </TextLine>
          <TextLine ID="eSc_line_54c5addc"
                    BASELINE="368 1333 438 1342 634 1343 880 1336 1036 1336 1341 1333" 
                    HPOS="368.0"
                    VPOS="1333.0"
                    WIDTH="973.0"
                    HEIGHT="10.0">
	    <String CONTENT=""
                    HPOS="368.0"
                    VPOS="1333.0"
                    WIDTH="973.0"
                    HEIGHT="10.0"></String>
          </TextLine>
          <TextLine ID="eSc_line_777172e6"
                    BASELINE="370 1418 386 1418 420 1418 591 1417 742 1415 832 1423 1000 1423 1153 1425 1334 1417" 
                    HPOS="370.0"
                    VPOS="1415.0"
                    WIDTH="964.0"
                    HEIGHT="10.0">
	    <String CONTENT=""
                    HPOS="370.0"
                    VPOS="1415.0"
                    WIDTH="964.0"
                    HEIGHT="10.0"></String>
          </TextLine>
          <TextLine ID="eSc_line_aabe7147"
                    BASELINE="368 1502 758 1505 926 1508 1087 1504 1250 1502 1339 1499" 
                    HPOS="368.0"
                    VPOS="1499.0"
                    WIDTH="971.0"
                    HEIGHT="9.0">
	    <String CONTENT=""
                    HPOS="368.0"
                    VPOS="1499.0"
                    WIDTH="971.0"
                    HEIGHT="9.0"></String>
          </TextLine>
          <TextLine ID="eSc_line_43772edd"
                    BASELINE="367 1587 403 1589 480 1589 694 1588 851 1597 1074 1588 1143 1590 1236 1587 1285 1588 1336 1583" 
                    HPOS="367.0"
                    VPOS="1583.0"
                    WIDTH="969.0"
                    HEIGHT="14.0">
	    <String CONTENT=""
                    HPOS="367.0"
                    VPOS="1583.0"
                    WIDTH="969.0"
                    HEIGHT="14.0"></String>
          </TextLine>
        </TextBlock>
        <TextBlock HPOS="1196"
                   VPOS="1621"
                   WIDTH="154"
                   HEIGHT="97"
                   ID="region_1718283796002_203"
                   TAGREFS="BT3756">
          <Shape><Polygon POINTS="1350 1718 1196 1697 1198 1621 1330 1621"/></Shape>
          <TextLine ID="eSc_line_e4757128"
                    BASELINE="1211 1687 1237 1686 1325 1682" 
                    HPOS="1211.0"
                    VPOS="1682.0"
                    WIDTH="114.0"
                    HEIGHT="5.0">
	    <String CONTENT=""
                    HPOS="1211.0"
                    VPOS="1682.0"
                    WIDTH="114.0"
                    HEIGHT="5.0"></String>
          </TextLine>
        </TextBlock>
        <TextBlock HPOS="344.0"
                   VPOS="1755.0"
                   WIDTH="993.0"
                   HEIGHT="285.0"
                   ID="region_1718283949525_229"
                   TAGREFS="BT3758">
          <Shape><Polygon POINTS="1336 2040 357 2040 344 1755 1337 1763"/></Shape>
          <TextLine ID="eSc_line_33d5f08d"
                    BASELINE="398 1807 477 1807 663 1810 867 1812 1316 1803" 
                    HPOS="398.0"
                    VPOS="1803.0"
                    WIDTH="918.0"
                    HEIGHT="9.0">
	    <String CONTENT=""
                    HPOS="398.0"
                    VPOS="1803.0"
                    WIDTH="918.0"
                    HEIGHT="9.0"></String>
          </TextLine>
          <TextLine ID="eSc_line_69b513c7"
                    BASELINE="403 1849 412 1851 435 1853 504 1856 711 1855 1109 1846 1225 1844 1326 1850" 
                    HPOS="403.0"
                    VPOS="1844.0"
                    WIDTH="923.0"
                    HEIGHT="12.0">
	    <String CONTENT=""
                    HPOS="403.0"
                    VPOS="1844.0"
                    WIDTH="923.0"
                    HEIGHT="12.0"></String>
          </TextLine>
          <TextLine ID="eSc_line_058bfdb4"
                    BASELINE="407 1898 442 1896 502 1896 678 1900 938 1902 1032 1898 1186 1896 1326 1894" 
                    HPOS="407.0"
                    VPOS="1894.0"
                    WIDTH="919.0"
                    HEIGHT="8.0">
	    <String CONTENT=""
                    HPOS="407.0"
                    VPOS="1894.0"
                    WIDTH="919.0"
                    HEIGHT="8.0"></String>
          </TextLine>
          <TextLine ID="eSc_line_6c300c77"
                    BASELINE="404 2036 471 2035 550 2040 646 2041 922 2039 1145 2037 1329 2034" 
                    HPOS="404.0"
                    VPOS="2034.0"
                    WIDTH="925.0"
                    HEIGHT="7.0">
	    <String CONTENT=""
                    HPOS="404.0"
                    VPOS="2034.0"
                    WIDTH="925.0"
                    HEIGHT="7.0"></String>
          </TextLine>
          <TextLine ID="eSc_line_b416fa55"
                    BASELINE="396 1946 408 1946 430 1947 497 1948 703 1948 933 1940 1030 1942 1185 1941 1322 1938" 
                    HPOS="396.0"
                    VPOS="1938.0"
                    WIDTH="926.0"
                    HEIGHT="10.0">
	    <String CONTENT=""
                    HPOS="396.0"
                    VPOS="1938.0"
                    WIDTH="926.0"
                    HEIGHT="10.0"></String>
          </TextLine>
          <TextLine ID="eSc_line_1ca02106"
                    BASELINE="396 1993 407 1996 430 1996 498 1993 702 1993 1085 1989 1155 1986 1317 1993" 
                    HPOS="396.0"
                    VPOS="1986.0"
                    WIDTH="921.0"
                    HEIGHT="10.0">
	    <String CONTENT=""
                    HPOS="396.0"
                    VPOS="1986.0"
                    WIDTH="921.0"
                    HEIGHT="10.0"></String>
          </TextLine>
        </TextBlock>
        <TextBlock HPOS="1215"
                   VPOS="2043"
                   WIDTH="120"
                   HEIGHT="51"
                   ID="region_1718283955641_232"
                   TAGREFS="BT3756">
          <Shape><Polygon POINTS="1335 2081 1215 2094 1223 2043 1335 2043"/></Shape>
          <TextLine ID="eSc_line_08d7cfbb"
                    BASELINE="1237 2083 1253 2085 1265 2084 1322 2081" 
                    HPOS="1237.0"
                    VPOS="2081.0"
                    WIDTH="85.0"
                    HEIGHT="4.0">
	    <String CONTENT=""
                    HPOS="1237.0"
                    VPOS="2081.0"
                    WIDTH="85.0"
                    HEIGHT="4.0"></String>
          </TextLine>
        </TextBlock>
      </PrintSpace>
    </Page>
  </Layout>
</alto>
