<?xml version="1.0" encoding="UTF-8"?>
<alto xmlns:xsi="http://www.w3.org/2001/XMLSchema-instance"
      xmlns="http://www.loc.gov/standards/alto/ns-v4#"
      xsi:schemaLocation="http://www.loc.gov/standards/alto/ns-v4# http://www.loc.gov/standards/alto/v4/alto-4-2.xsd">
  <Description>
    <MeasurementUnit>pixel</MeasurementUnit>
    <sourceImageInformation>
      <fileName>1757, Poetische Werke, Bohn, Bd. 2, VD18 90332148_NEU-0018.jpeg</fileName>
    </sourceImageInformation>
  </Description>
  <Tags>
    <OtherTag ID="BT1" LABEL="Title" DESCRIPTION="block type Title"/><OtherTag ID="BT2" LABEL="Main" DESCRIPTION="block type Main"/><OtherTag ID="BT3" LABEL="Commentary" DESCRIPTION="block type Commentary"/><OtherTag ID="BT4" LABEL="Illustration" DESCRIPTION="block type Illustration"/><OtherTag ID="BT3755" LABEL="header" DESCRIPTION="block type header"/><OtherTag ID="BT3756" LABEL="paragraph" DESCRIPTION="block type paragraph"/><OtherTag ID="BT3757" LABEL="heading" DESCRIPTION="block type heading"/><OtherTag ID="BT3758" LABEL="footnote" DESCRIPTION="block type footnote"/><OtherTag ID="BT3759" LABEL="l-column" DESCRIPTION="block type l-column"/><OtherTag ID="BT3760" LABEL="r-column" DESCRIPTION="block type r-column"/><OtherTag ID="BT3761" LABEL="marginalia" DESCRIPTION="block type marginalia"/><OtherTag ID="BT4125" LABEL="drop-capital" DESCRIPTION="block type drop-capital"/><OtherTag ID="BT4126" LABEL="catch-word" DESCRIPTION="block type catch-word"/><OtherTag ID="BT4127" LABEL="page-number" DESCRIPTION="block type page-number"/><OtherTag ID="BT4128" LABEL="signature-mark" DESCRIPTION="block type signature-mark"/><OtherTag ID="BT4129" LABEL="poem_lg" DESCRIPTION="block type poem_lg"/><OtherTag ID="BT4130" LABEL="endnote" DESCRIPTION="block type endnote"/>
  </Tags>
  <Layout>
    <Page WIDTH="1574"
          HEIGHT="2338"
          PHYSICAL_IMG_NR="5"
          ID="eSc_dummypage_">
      <PrintSpace HPOS="0"
                  VPOS="0"
                  WIDTH="1574"
                  HEIGHT="2338">
        <TextBlock HPOS="429"
                   VPOS="246"
                   WIDTH="124"
                   HEIGHT="68"
                   ID="region_1718287440835_89"
                   TAGREFS="BT3756">
          <Shape><Polygon POINTS="553 305 429 314 429 246 529 246"/></Shape>
          <TextLine ID="eSc_line_6e084067"
                    BASELINE="450 303 517 304" 
                    HPOS="450.0"
                    VPOS="303.0"
                    WIDTH="67.0"
                    HEIGHT="1.0">
	    <String CONTENT=""
                    HPOS="450.0"
                    VPOS="303.0"
                    WIDTH="67.0"
                    HEIGHT="1.0"></String>
          </TextLine>
        </TextBlock>
        <TextBlock HPOS="478.0"
                   VPOS="338.0"
                   WIDTH="898.0"
                   HEIGHT="102.0"
                   ID="region_1718287448661_95"
                   TAGREFS="BT3757">
          <Shape><Polygon POINTS="1376 440 478 429 486 338 1376 338"/></Shape>
          <TextLine ID="eSc_line_d4865056"
                    BASELINE="492 422 1354 438" 
                    HPOS="492.0"
                    VPOS="422.0"
                    WIDTH="862.0"
                    HEIGHT="16.0">
	    <String CONTENT=""
                    HPOS="492.0"
                    VPOS="422.0"
                    WIDTH="862.0"
                    HEIGHT="16.0"></String>
          </TextLine>
        </TextBlock>
        <TextBlock HPOS="349.0"
                   VPOS="465.0"
                   WIDTH="1063.0"
                   HEIGHT="1536.0"
                   ID="region_1718287585569_131"
                   TAGREFS="BT3756">
          <Shape><Polygon POINTS="1382 1957 438 2001 349 781 436 587 551 588 550 465 1412 465"/></Shape>
          <TextLine ID="eSc_line_868c3070"
                    BASELINE="559 533 543 521 1203 542" 
                    HPOS="543.0"
                    VPOS="521.0"
                    WIDTH="660.0"
                    HEIGHT="21.0">
	    <String CONTENT=""
                    HPOS="543.0"
                    VPOS="521.0"
                    WIDTH="660.0"
                    HEIGHT="21.0"></String>
          </TextLine>
          <TextLine ID="eSc_line_96a5a2ba"
                    BASELINE="454 647 459 647 1302 672" 
                    HPOS="454.0"
                    VPOS="647.0"
                    WIDTH="848.0"
                    HEIGHT="25.0">
	    <String CONTENT=""
                    HPOS="454.0"
                    VPOS="647.0"
                    WIDTH="848.0"
                    HEIGHT="25.0"></String>
          </TextLine>
          <TextLine ID="eSc_line_b3638c07"
                    BASELINE="556 585 560 585 1382 615" 
                    HPOS="556.0"
                    VPOS="585.0"
                    WIDTH="826.0"
                    HEIGHT="30.0">
	    <String CONTENT=""
                    HPOS="556.0"
                    VPOS="585.0"
                    WIDTH="826.0"
                    HEIGHT="30.0"></String>
          </TextLine>
          <TextLine ID="eSc_line_44abdfed"
                    BASELINE="432 704 1396 740" 
                    HPOS="432.0"
                    VPOS="704.0"
                    WIDTH="964.0"
                    HEIGHT="36.0">
	    <String CONTENT=""
                    HPOS="432.0"
                    VPOS="704.0"
                    WIDTH="964.0"
                    HEIGHT="36.0"></String>
          </TextLine>
          <TextLine ID="eSc_line_2ef8976a"
                    BASELINE="483 833 494 835 1142 858" 
                    HPOS="483.0"
                    VPOS="833.0"
                    WIDTH="659.0"
                    HEIGHT="25.0">
	    <String CONTENT=""
                    HPOS="483.0"
                    VPOS="833.0"
                    WIDTH="659.0"
                    HEIGHT="25.0"></String>
          </TextLine>
          <TextLine ID="eSc_line_dcb8fe46"
                    BASELINE="442 896 443 896 1349 921" 
                    HPOS="442.0"
                    VPOS="896.0"
                    WIDTH="907.0"
                    HEIGHT="25.0">
	    <String CONTENT=""
                    HPOS="442.0"
                    VPOS="896.0"
                    WIDTH="907.0"
                    HEIGHT="25.0"></String>
          </TextLine>
          <TextLine ID="eSc_line_1fd0dfc5"
                    BASELINE="433 955 1255 976" 
                    HPOS="433.0"
                    VPOS="955.0"
                    WIDTH="822.0"
                    HEIGHT="21.0">
	    <String CONTENT=""
                    HPOS="433.0"
                    VPOS="955.0"
                    WIDTH="822.0"
                    HEIGHT="21.0"></String>
          </TextLine>
          <TextLine ID="eSc_line_c931f249"
                    BASELINE="433 1011 1330 1045" 
                    HPOS="433.0"
                    VPOS="1011.0"
                    WIDTH="897.0"
                    HEIGHT="34.0">
	    <String CONTENT=""
                    HPOS="433.0"
                    VPOS="1011.0"
                    WIDTH="897.0"
                    HEIGHT="34.0"></String>
          </TextLine>
          <TextLine ID="eSc_line_a05d3ba1"
                    BASELINE="488 1144 495 1144 1284 1161" 
                    HPOS="488.0"
                    VPOS="1144.0"
                    WIDTH="796.0"
                    HEIGHT="17.0">
	    <String CONTENT=""
                    HPOS="488.0"
                    VPOS="1144.0"
                    WIDTH="796.0"
                    HEIGHT="17.0"></String>
          </TextLine>
          <TextLine ID="eSc_line_6e6ddccb"
                    BASELINE="441 1201 444 1202 459 1202 1370 1228" 
                    HPOS="441.0"
                    VPOS="1201.0"
                    WIDTH="929.0"
                    HEIGHT="27.0">
	    <String CONTENT=""
                    HPOS="441.0"
                    VPOS="1201.0"
                    WIDTH="929.0"
                    HEIGHT="27.0"></String>
          </TextLine>
          <TextLine ID="eSc_line_42e97606"
                    BASELINE="441 1260 413 1259 1376 1288" 
                    HPOS="413.0"
                    VPOS="1259.0"
                    WIDTH="963.0"
                    HEIGHT="29.0">
	    <String CONTENT=""
                    HPOS="413.0"
                    VPOS="1259.0"
                    WIDTH="963.0"
                    HEIGHT="29.0"></String>
          </TextLine>
          <TextLine ID="eSc_line_d2d4c067"
                    BASELINE="441 1321 459 1323 1271 1340" 
                    HPOS="441.0"
                    VPOS="1321.0"
                    WIDTH="830.0"
                    HEIGHT="19.0">
	    <String CONTENT=""
                    HPOS="441.0"
                    VPOS="1321.0"
                    WIDTH="830.0"
                    HEIGHT="19.0"></String>
          </TextLine>
          <TextLine ID="eSc_line_b5b872fb"
                    BASELINE="492 1460 488 1454 1165 1467" 
                    HPOS="488.0"
                    VPOS="1454.0"
                    WIDTH="677.0"
                    HEIGHT="13.0">
	    <String CONTENT=""
                    HPOS="488.0"
                    VPOS="1454.0"
                    WIDTH="677.0"
                    HEIGHT="13.0"></String>
          </TextLine>
          <TextLine ID="eSc_line_806a573b"
                    BASELINE="418 1519 428 1513 1382 1536" 
                    HPOS="418.0"
                    VPOS="1513.0"
                    WIDTH="964.0"
                    HEIGHT="23.0">
	    <String CONTENT=""
                    HPOS="418.0"
                    VPOS="1513.0"
                    WIDTH="964.0"
                    HEIGHT="23.0"></String>
          </TextLine>
          <TextLine ID="eSc_line_20e60dfd"
                    BASELINE="432 1567 441 1568 457 1570 1379 1591" 
                    HPOS="432.0"
                    VPOS="1567.0"
                    WIDTH="947.0"
                    HEIGHT="24.0">
	    <String CONTENT=""
                    HPOS="432.0"
                    VPOS="1567.0"
                    WIDTH="947.0"
                    HEIGHT="24.0"></String>
          </TextLine>
          <TextLine ID="eSc_line_2b8356d5"
                    BASELINE="424 1628 1364 1652" 
                    HPOS="424.0"
                    VPOS="1628.0"
                    WIDTH="940.0"
                    HEIGHT="24.0">
	    <String CONTENT=""
                    HPOS="424.0"
                    VPOS="1628.0"
                    WIDTH="940.0"
                    HEIGHT="24.0"></String>
          </TextLine>
          <TextLine ID="eSc_line_df4ea8e6"
                    BASELINE="466 1759 479 1759 1259 1784 530 1762 534 1762" 
                    HPOS="466.0"
                    VPOS="1759.0"
                    WIDTH="793.0"
                    HEIGHT="25.0">
	    <String CONTENT=""
                    HPOS="466.0"
                    VPOS="1759.0"
                    WIDTH="793.0"
                    HEIGHT="25.0"></String>
          </TextLine>
          <TextLine ID="eSc_line_e0f73309"
                    BASELINE="438 1818 435 1817 1230 1840" 
                    HPOS="435.0"
                    VPOS="1817.0"
                    WIDTH="795.0"
                    HEIGHT="23.0">
	    <String CONTENT=""
                    HPOS="435.0"
                    VPOS="1817.0"
                    WIDTH="795.0"
                    HEIGHT="23.0"></String>
          </TextLine>
          <TextLine ID="eSc_line_1a71f356"
                    BASELINE="433 1881 449 1881 1183 1894" 
                    HPOS="433.0"
                    VPOS="1881.0"
                    WIDTH="750.0"
                    HEIGHT="13.0">
	    <String CONTENT=""
                    HPOS="433.0"
                    VPOS="1881.0"
                    WIDTH="750.0"
                    HEIGHT="13.0"></String>
          </TextLine>
          <TextLine ID="eSc_line_92550b63"
                    BASELINE="448 1956 441 1950 447 1950 1375 1956" 
                    HPOS="441.0"
                    VPOS="1950.0"
                    WIDTH="934.0"
                    HEIGHT="6.0">
	    <String CONTENT=""
                    HPOS="441.0"
                    VPOS="1950.0"
                    WIDTH="934.0"
                    HEIGHT="6.0"></String>
          </TextLine>
        </TextBlock>
        <TextBlock HPOS="683"
                   VPOS="238"
                   WIDTH="550"
                   HEIGHT="92"
                   ID="region_1718287444658_92"
                   TAGREFS="BT3756">
          <Shape><Polygon POINTS="1195 330 683 330 683 238 1233 242"/></Shape>
          <TextLine ID="eSc_line_dbbea98b"
                    BASELINE="694 313 1178 323" 
                    HPOS="694.0"
                    VPOS="313.0"
                    WIDTH="484.0"
                    HEIGHT="10.0">
	    <String CONTENT=""
                    HPOS="694.0"
                    VPOS="313.0"
                    WIDTH="484.0"
                    HEIGHT="10.0"></String>
          </TextLine>
        </TextBlock>
        <TextBlock HPOS="1285"
                   VPOS="1992"
                   WIDTH="166"
                   HEIGHT="61"
                   ID="region_1718287530249_124"
                   TAGREFS="BT3756">
          <Shape><Polygon POINTS="1405 2053 1285 2053 1285 1992 1451 2004"/></Shape>
          <TextLine ID="eSc_line_ceb538e9"
                    BASELINE="1308 2043 1317 2044 1380 2046" 
                    HPOS="1308.0"
                    VPOS="2043.0"
                    WIDTH="72.0"
                    HEIGHT="3.0">
	    <String CONTENT=""
                    HPOS="1308.0"
                    VPOS="2043.0"
                    WIDTH="72.0"
                    HEIGHT="3.0"></String>
          </TextLine>
        </TextBlock>
        <TextBlock HPOS="440.0"
                   VPOS="462.0"
                   WIDTH="112.0"
                   HEIGHT="115.0"
                   ID="region_1718287466753_99"
                   TAGREFS="BT3756">
          <Shape><Polygon POINTS="552 577 440 575 440 462 552 464"/></Shape>
        </TextBlock>
      </PrintSpace>
    </Page>
  </Layout>
</alto>
