<?xml version="1.0" encoding="UTF-8"?>
<alto xmlns:xsi="http://www.w3.org/2001/XMLSchema-instance"
      xmlns="http://www.loc.gov/standards/alto/ns-v4#"
      xsi:schemaLocation="http://www.loc.gov/standards/alto/ns-v4# http://www.loc.gov/standards/alto/v4/alto-4-2.xsd">
  <Description>
    <MeasurementUnit>pixel</MeasurementUnit>
    <sourceImageInformation>
      <fileName>1757, Poetische Werke, Bohn, Bd. 1, VD18 9033213X_NEU-0015.jpeg</fileName>
    </sourceImageInformation>
  </Description>
  <Tags>
    <OtherTag ID="BT1" LABEL="Title" DESCRIPTION="block type Title"/><OtherTag ID="BT2" LABEL="Main" DESCRIPTION="block type Main"/><OtherTag ID="BT3" LABEL="Commentary" DESCRIPTION="block type Commentary"/><OtherTag ID="BT4" LABEL="Illustration" DESCRIPTION="block type Illustration"/><OtherTag ID="BT3755" LABEL="header" DESCRIPTION="block type header"/><OtherTag ID="BT3756" LABEL="paragraph" DESCRIPTION="block type paragraph"/><OtherTag ID="BT3757" LABEL="heading" DESCRIPTION="block type heading"/><OtherTag ID="BT3758" LABEL="footnote" DESCRIPTION="block type footnote"/><OtherTag ID="BT3759" LABEL="l-column" DESCRIPTION="block type l-column"/><OtherTag ID="BT3760" LABEL="r-column" DESCRIPTION="block type r-column"/><OtherTag ID="BT3761" LABEL="marginalia" DESCRIPTION="block type marginalia"/><OtherTag ID="BT4125" LABEL="drop-capital" DESCRIPTION="block type drop-capital"/><OtherTag ID="BT4126" LABEL="catch-word" DESCRIPTION="block type catch-word"/><OtherTag ID="BT4127" LABEL="page-number" DESCRIPTION="block type page-number"/><OtherTag ID="BT4128" LABEL="signature-mark" DESCRIPTION="block type signature-mark"/><OtherTag ID="BT4129" LABEL="poem_lg" DESCRIPTION="block type poem_lg"/><OtherTag ID="BT4130" LABEL="endnote" DESCRIPTION="block type endnote"/>
  </Tags>
  <Layout>
    <Page WIDTH="1505"
          HEIGHT="2338"
          PHYSICAL_IMG_NR="0"
          ID="eSc_dummypage_">
      <PrintSpace HPOS="0"
                  VPOS="0"
                  WIDTH="1505"
                  HEIGHT="2338">
        <TextBlock HPOS="443"
                   VPOS="276"
                   WIDTH="462"
                   HEIGHT="114"
                   ID="region_1718282684709_42"
                   TAGREFS="BT3756">
          <Shape><Polygon POINTS="871 390 443 390 443 280 905 276"/></Shape>
          <TextLine ID="eSc_line_8988bae0"
                    BASELINE="469 382 854 382" 
                    HPOS="469.0"
                    VPOS="382.0"
                    WIDTH="385.0"
                    HEIGHT="0.0">
	    <String CONTENT=""
                    HPOS="469.0"
                    VPOS="382.0"
                    WIDTH="385.0"
                    HEIGHT="0.0"></String>
          </TextLine>
        </TextBlock>
        <TextBlock HPOS="145.0"
                   VPOS="486.0"
                   WIDTH="1030.0"
                   HEIGHT="1415.0"
                   ID="region_1718282728796_64"
                   TAGREFS="BT3756">
          <Shape><Polygon POINTS="1175 1877 175 1901 145 675 354 671 352 486 1129 506"/></Shape>
          <TextLine ID="eSc_line_966bedc1"
                    BASELINE="360 563 363 563 382 563 444 563 619 566 765 566 963 568 1133 562" 
                    HPOS="360.0"
                    VPOS="562.0"
                    WIDTH="773.0"
                    HEIGHT="6.0">
	    <String CONTENT=""
                    HPOS="360.0"
                    VPOS="562.0"
                    WIDTH="773.0"
                    HEIGHT="6.0"></String>
          </TextLine>
          <TextLine ID="eSc_line_f5bb27b6"
                    BASELINE="374 644 380 647 438 655 648 649 899 647 1059 647 1131 652" 
                    HPOS="374.0"
                    VPOS="644.0"
                    WIDTH="757.0"
                    HEIGHT="11.0">
	    <String CONTENT=""
                    HPOS="374.0"
                    VPOS="644.0"
                    WIDTH="757.0"
                    HEIGHT="11.0"></String>
          </TextLine>
          <TextLine ID="eSc_line_ffd0c319"
                    BASELINE="182 745 238 749 407 739 541 731 671 740 815 736 911 747 1039 750 1125 744" 
                    HPOS="182.0"
                    VPOS="731.0"
                    WIDTH="943.0"
                    HEIGHT="19.0">
	    <String CONTENT=""
                    HPOS="182.0"
                    VPOS="731.0"
                    WIDTH="943.0"
                    HEIGHT="19.0"></String>
          </TextLine>
          <TextLine ID="eSc_line_ccfd56a4"
                    BASELINE="178 839 190 839 213 836 282 828 341 830 495 839 765 839 952 828 988 828 1123 833" 
                    HPOS="178.0"
                    VPOS="828.0"
                    WIDTH="945.0"
                    HEIGHT="11.0">
	    <String CONTENT=""
                    HPOS="178.0"
                    VPOS="828.0"
                    WIDTH="945.0"
                    HEIGHT="11.0"></String>
          </TextLine>
          <TextLine ID="eSc_line_7bd6fd54"
                    BASELINE="174 915 245 915 436 918 1130 923" 
                    HPOS="174.0"
                    VPOS="915.0"
                    WIDTH="956.0"
                    HEIGHT="8.0">
	    <String CONTENT=""
                    HPOS="174.0"
                    VPOS="915.0"
                    WIDTH="956.0"
                    HEIGHT="8.0"></String>
          </TextLine>
          <TextLine ID="eSc_line_15cfec6e"
                    BASELINE="185 998 276 1004 492 1012 670 1012 1134 1007" 
                    HPOS="185.0"
                    VPOS="998.0"
                    WIDTH="949.0"
                    HEIGHT="14.0">
	    <String CONTENT=""
                    HPOS="185.0"
                    VPOS="998.0"
                    WIDTH="949.0"
                    HEIGHT="14.0"></String>
          </TextLine>
          <TextLine ID="eSc_line_afad09e3"
                    BASELINE="179 1082 245 1087 347 1079 556 1088" 
                    HPOS="179.0"
                    VPOS="1079.0"
                    WIDTH="377.0"
                    HEIGHT="9.0">
	    <String CONTENT=""
                    HPOS="179.0"
                    VPOS="1079.0"
                    WIDTH="377.0"
                    HEIGHT="9.0"></String>
          </TextLine>
          <TextLine ID="eSc_line_c84e4d14"
                    BASELINE="227 1177 402 1193 486 1175 583 1177 774 1183 943 1179 1010 1165 1126 1172" 
                    HPOS="227.0"
                    VPOS="1165.0"
                    WIDTH="899.0"
                    HEIGHT="28.0">
	    <String CONTENT=""
                    HPOS="227.0"
                    VPOS="1165.0"
                    WIDTH="899.0"
                    HEIGHT="28.0"></String>
          </TextLine>
          <TextLine ID="eSc_line_9351876c"
                    BASELINE="184 1263 193 1261 218 1260 288 1260 502 1267 726 1271 1139 1258" 
                    HPOS="184.0"
                    VPOS="1258.0"
                    WIDTH="955.0"
                    HEIGHT="13.0">
	    <String CONTENT=""
                    HPOS="184.0"
                    VPOS="1258.0"
                    WIDTH="955.0"
                    HEIGHT="13.0"></String>
          </TextLine>
          <TextLine ID="eSc_line_1e60412e"
                    BASELINE="196 1345 256 1344 323 1344 439 1344 673 1347 1142 1345" 
                    HPOS="196.0"
                    VPOS="1344.0"
                    WIDTH="946.0"
                    HEIGHT="3.0">
	    <String CONTENT=""
                    HPOS="196.0"
                    VPOS="1344.0"
                    WIDTH="946.0"
                    HEIGHT="3.0"></String>
          </TextLine>
          <TextLine ID="eSc_line_931d8604"
                    BASELINE="187 1425 199 1425 220 1423 273 1419 531 1433 827 1431 941 1436 1119 1442" 
                    HPOS="187.0"
                    VPOS="1419.0"
                    WIDTH="932.0"
                    HEIGHT="23.0">
	    <String CONTENT=""
                    HPOS="187.0"
                    VPOS="1419.0"
                    WIDTH="932.0"
                    HEIGHT="23.0"></String>
          </TextLine>
          <TextLine ID="eSc_line_70944a3d"
                    BASELINE="193 1514 198 1514 246 1514 363 1518 418 1520 634 1528 791 1524 916 1524 1142 1523" 
                    HPOS="193.0"
                    VPOS="1514.0"
                    WIDTH="949.0"
                    HEIGHT="14.0">
	    <String CONTENT=""
                    HPOS="193.0"
                    VPOS="1514.0"
                    WIDTH="949.0"
                    HEIGHT="14.0"></String>
          </TextLine>
          <TextLine ID="eSc_line_472aa2a2"
                    BASELINE="195 1604 203 1604 229 1604 305 1604 449 1605 513 1612 701 1612 781 1612 958 1601 1006 1601 1145 1612" 
                    HPOS="195.0"
                    VPOS="1601.0"
                    WIDTH="950.0"
                    HEIGHT="11.0">
	    <String CONTENT=""
                    HPOS="195.0"
                    VPOS="1601.0"
                    WIDTH="950.0"
                    HEIGHT="11.0"></String>
          </TextLine>
          <TextLine ID="eSc_line_77420950"
                    BASELINE="199 1685 307 1690 365 1690 464 1702 541 1702 707 1694 763 1694 913 1699 1136 1699" 
                    HPOS="199.0"
                    VPOS="1685.0"
                    WIDTH="937.0"
                    HEIGHT="17.0">
	    <String CONTENT=""
                    HPOS="199.0"
                    VPOS="1685.0"
                    WIDTH="937.0"
                    HEIGHT="17.0"></String>
          </TextLine>
          <TextLine ID="eSc_line_94a46c42"
                    BASELINE="195 1778 201 1780 221 1785 280 1796 419 1806 513 1788 933 1797 1139 1783" 
                    HPOS="195.0"
                    VPOS="1778.0"
                    WIDTH="944.0"
                    HEIGHT="28.0">
	    <String CONTENT=""
                    HPOS="195.0"
                    VPOS="1778.0"
                    WIDTH="944.0"
                    HEIGHT="28.0"></String>
          </TextLine>
          <TextLine ID="eSc_line_81f34aca"
                    BASELINE="182 1870 243 1870 327 1867 424 1875 662 1872 745 1872 1164 1864" 
                    HPOS="182.0"
                    VPOS="1864.0"
                    WIDTH="982.0"
                    HEIGHT="11.0">
	    <String CONTENT=""
                    HPOS="182.0"
                    VPOS="1864.0"
                    WIDTH="982.0"
                    HEIGHT="11.0"></String>
          </TextLine>
        </TextBlock>
        <TextBlock HPOS="640"
                   VPOS="1901"
                   WIDTH="196"
                   HEIGHT="79"
                   ID="region_1718282927495_77"
                   TAGREFS="BT3756">
          <Shape><Polygon POINTS="791 1980 640 1980 640 1901 836 1903"/></Shape>
          <TextLine ID="eSc_line_eaca81b3"
                    BASELINE="667 1951 678 1951 700 1951 763 1953" 
                    HPOS="667.0"
                    VPOS="1951.0"
                    WIDTH="96.0"
                    HEIGHT="2.0">
	    <String CONTENT=""
                    HPOS="667.0"
                    VPOS="1951.0"
                    WIDTH="96.0"
                    HEIGHT="2.0"></String>
          </TextLine>
        </TextBlock>
        <TextBlock HPOS="954"
                   VPOS="1897"
                   WIDTH="236"
                   HEIGHT="78"
                   ID="region_1718282923404_74"
                   TAGREFS="BT3756">
          <Shape><Polygon POINTS="1160 1975 954 1975 954 1897 1190 1898"/></Shape>
          <TextLine ID="eSc_line_857963ea"
                    BASELINE="980 1953 986 1953 997 1953 1042 1953 1153 1959" 
                    HPOS="980.0"
                    VPOS="1953.0"
                    WIDTH="173.0"
                    HEIGHT="6.0">
	    <String CONTENT=""
                    HPOS="980.0"
                    VPOS="1953.0"
                    WIDTH="173.0"
                    HEIGHT="6.0"></String>
          </TextLine>
        </TextBlock>
        <TextBlock HPOS="176.0"
                   VPOS="1987.0"
                   WIDTH="1018.0"
                   HEIGHT="139.0"
                   ID="region_1718282935284_80"
                   TAGREFS="BT3758">
          <Shape><Polygon POINTS="1175 2126 176 2115 176 1987 1194 1987"/></Shape>
          <TextLine ID="eSc_line_7494e52b"
                    BASELINE="234 2045 238 2045 263 2045 337 2045 419 2051 539 2057 731 2062 819 2059 902 2056 974 2054 1122 2060 1151 2057" 
                    HPOS="234.0"
                    VPOS="2045.0"
                    WIDTH="917.0"
                    HEIGHT="17.0">
	    <String CONTENT=""
                    HPOS="234.0"
                    VPOS="2045.0"
                    WIDTH="917.0"
                    HEIGHT="17.0"></String>
          </TextLine>
          <TextLine ID="eSc_line_32a4dff4"
                    BASELINE="226 2095 229 2095 266 2097 302 2099 401 2105 563 2107 664 2110 826 2104" 
                    HPOS="226.0"
                    VPOS="2095.0"
                    WIDTH="600.0"
                    HEIGHT="15.0">
	    <String CONTENT=""
                    HPOS="226.0"
                    VPOS="2095.0"
                    WIDTH="600.0"
                    HEIGHT="15.0"></String>
          </TextLine>
        </TextBlock>
        <TextBlock HPOS="172.0"
                   VPOS="457.0"
                   WIDTH="184.0"
                   HEIGHT="212.0"
                   ID="region_1718282692063_45"
                   TAGREFS="BT3756">
          <Shape><Polygon POINTS="356 669 172 669 172 457 356 457"/></Shape>
        </TextBlock>
      </PrintSpace>
    </Page>
  </Layout>
</alto>
