<?xml version="1.0" encoding="UTF-8"?>
<alto xmlns:xsi="http://www.w3.org/2001/XMLSchema-instance"
      xmlns="http://www.loc.gov/standards/alto/ns-v4#"
      xsi:schemaLocation="http://www.loc.gov/standards/alto/ns-v4# http://www.loc.gov/standards/alto/v4/alto-4-2.xsd">
  <Description>
    <MeasurementUnit>pixel</MeasurementUnit>
    <sourceImageInformation>
      <fileName>1757, Poetische Werke, Bohn, Bd. 2, VD18 90332148_NEU-0023.jpeg</fileName>
    </sourceImageInformation>
  </Description>
  <Tags>
    <OtherTag ID="BT1" LABEL="Title" DESCRIPTION="block type Title"/><OtherTag ID="BT2" LABEL="Main" DESCRIPTION="block type Main"/><OtherTag ID="BT3" LABEL="Commentary" DESCRIPTION="block type Commentary"/><OtherTag ID="BT4" LABEL="Illustration" DESCRIPTION="block type Illustration"/><OtherTag ID="BT3755" LABEL="header" DESCRIPTION="block type header"/><OtherTag ID="BT3756" LABEL="paragraph" DESCRIPTION="block type paragraph"/><OtherTag ID="BT3757" LABEL="heading" DESCRIPTION="block type heading"/><OtherTag ID="BT3758" LABEL="footnote" DESCRIPTION="block type footnote"/><OtherTag ID="BT3759" LABEL="l-column" DESCRIPTION="block type l-column"/><OtherTag ID="BT3760" LABEL="r-column" DESCRIPTION="block type r-column"/><OtherTag ID="BT3761" LABEL="marginalia" DESCRIPTION="block type marginalia"/><OtherTag ID="BT4125" LABEL="drop-capital" DESCRIPTION="block type drop-capital"/><OtherTag ID="BT4126" LABEL="catch-word" DESCRIPTION="block type catch-word"/><OtherTag ID="BT4127" LABEL="page-number" DESCRIPTION="block type page-number"/><OtherTag ID="BT4128" LABEL="signature-mark" DESCRIPTION="block type signature-mark"/><OtherTag ID="BT4129" LABEL="poem_lg" DESCRIPTION="block type poem_lg"/><OtherTag ID="BT4130" LABEL="endnote" DESCRIPTION="block type endnote"/>
  </Tags>
  <Layout>
    <Page WIDTH="1574"
          HEIGHT="2338"
          PHYSICAL_IMG_NR="6"
          ID="eSc_dummypage_">
      <PrintSpace HPOS="0"
                  VPOS="0"
                  WIDTH="1574"
                  HEIGHT="2338">
        <TextBlock HPOS="68.0"
                   VPOS="367.0"
                   WIDTH="952.0"
                   HEIGHT="128.0"
                   ID="region_1718288370246_280"
                   TAGREFS="BT3757">
          <Shape><Polygon POINTS="1020 495 68 495 68 367 1020 367"/></Shape>
          <TextLine ID="eSc_line_b2ea56a1"
                    BASELINE="82 461 991 475" 
                    HPOS="82.0"
                    VPOS="461.0"
                    WIDTH="909.0"
                    HEIGHT="14.0">
	    <String CONTENT=""
                    HPOS="82.0"
                    VPOS="461.0"
                    WIDTH="909.0"
                    HEIGHT="14.0"></String>
          </TextLine>
        </TextBlock>
        <TextBlock HPOS="413"
                   VPOS="266"
                   WIDTH="282"
                   HEIGHT="93"
                   ID="region_1718288365353_277"
                   TAGREFS="BT3756">
          <Shape><Polygon POINTS="695 359 413 359 413 266 677 269"/></Shape>
          <TextLine ID="eSc_line_001ac3be"
                    BASELINE="424 345 439 345 669 352" 
                    HPOS="424.0"
                    VPOS="345.0"
                    WIDTH="245.0"
                    HEIGHT="7.0">
	    <String CONTENT=""
                    HPOS="424.0"
                    VPOS="345.0"
                    WIDTH="245.0"
                    HEIGHT="7.0"></String>
          </TextLine>
        </TextBlock>
        <TextBlock HPOS="107.0"
                   VPOS="500.0"
                   WIDTH="916.0"
                   HEIGHT="126.0"
                   ID="region_1718288377542_286"
                   TAGREFS="BT3756">
          <Shape><Polygon POINTS="1023 626 107 626 107 500 1023 500"/></Shape>
          <TextLine ID="eSc_line_e120747b"
                    BASELINE="131 554 994 572" 
                    HPOS="131.0"
                    VPOS="554.0"
                    WIDTH="863.0"
                    HEIGHT="18.0">
	    <String CONTENT=""
                    HPOS="131.0"
                    VPOS="554.0"
                    WIDTH="863.0"
                    HEIGHT="18.0"></String>
          </TextLine>
          <TextLine ID="eSc_line_2981dc86"
                    BASELINE="626 618 635 620 888 625" 
                    HPOS="626.0"
                    VPOS="618.0"
                    WIDTH="262.0"
                    HEIGHT="7.0">
	    <String CONTENT=""
                    HPOS="626.0"
                    VPOS="618.0"
                    WIDTH="262.0"
                    HEIGHT="7.0"></String>
          </TextLine>
        </TextBlock>
        <TextBlock HPOS="60.0"
                   VPOS="660.0"
                   WIDTH="978.0"
                   HEIGHT="938.0"
                   ID="region_1718288385366_292"
                   TAGREFS="BT3756">
          <Shape><Polygon POINTS="1029 1598 60 1598 62 793 63 770 157 766 153 661 1038 660"/></Shape>
          <TextLine ID="eSc_line_9f247adb"
                    BASELINE="159 721 992 737" 
                    HPOS="159.0"
                    VPOS="721.0"
                    WIDTH="833.0"
                    HEIGHT="16.0">
	    <String CONTENT=""
                    HPOS="159.0"
                    VPOS="721.0"
                    WIDTH="833.0"
                    HEIGHT="16.0"></String>
          </TextLine>
          <TextLine ID="eSc_line_90e1efa0"
                    BASELINE="164 778 1027 798 188 780" 
                    HPOS="164.0"
                    VPOS="778.0"
                    WIDTH="863.0"
                    HEIGHT="20.0">
	    <String CONTENT=""
                    HPOS="164.0"
                    VPOS="778.0"
                    WIDTH="863.0"
                    HEIGHT="20.0"></String>
          </TextLine>
          <TextLine ID="eSc_line_c6ebfc66"
                    BASELINE="82 844 978 860" 
                    HPOS="82.0"
                    VPOS="844.0"
                    WIDTH="896.0"
                    HEIGHT="16.0">
	    <String CONTENT=""
                    HPOS="82.0"
                    VPOS="844.0"
                    WIDTH="896.0"
                    HEIGHT="16.0"></String>
          </TextLine>
          <TextLine ID="eSc_line_32244965"
                    BASELINE="89 909 967 919" 
                    HPOS="89.0"
                    VPOS="909.0"
                    WIDTH="878.0"
                    HEIGHT="10.0">
	    <String CONTENT=""
                    HPOS="89.0"
                    VPOS="909.0"
                    WIDTH="878.0"
                    HEIGHT="10.0"></String>
          </TextLine>
          <TextLine ID="eSc_line_0372910e"
                    BASELINE="127 1011 135 1008 993 1018" 
                    HPOS="127.0"
                    VPOS="1008.0"
                    WIDTH="866.0"
                    HEIGHT="10.0">
	    <String CONTENT=""
                    HPOS="127.0"
                    VPOS="1008.0"
                    WIDTH="866.0"
                    HEIGHT="10.0"></String>
          </TextLine>
          <TextLine ID="eSc_line_3ede796d"
                    BASELINE="84 1065 81 1063 795 1071" 
                    HPOS="81.0"
                    VPOS="1063.0"
                    WIDTH="714.0"
                    HEIGHT="8.0">
	    <String CONTENT=""
                    HPOS="81.0"
                    VPOS="1063.0"
                    WIDTH="714.0"
                    HEIGHT="8.0"></String>
          </TextLine>
          <TextLine ID="eSc_line_11cc1fd6"
                    BASELINE="84 1119 989 1136" 
                    HPOS="84.0"
                    VPOS="1119.0"
                    WIDTH="905.0"
                    HEIGHT="17.0">
	    <String CONTENT=""
                    HPOS="84.0"
                    VPOS="1119.0"
                    WIDTH="905.0"
                    HEIGHT="17.0"></String>
          </TextLine>
          <TextLine ID="eSc_line_f1345d99"
                    BASELINE="83 1180 1022 1200" 
                    HPOS="83.0"
                    VPOS="1180.0"
                    WIDTH="939.0"
                    HEIGHT="20.0">
	    <String CONTENT=""
                    HPOS="83.0"
                    VPOS="1180.0"
                    WIDTH="939.0"
                    HEIGHT="20.0"></String>
          </TextLine>
          <TextLine ID="eSc_line_f101f2c0"
                    BASELINE="84 1239 967 1262" 
                    HPOS="84.0"
                    VPOS="1239.0"
                    WIDTH="883.0"
                    HEIGHT="23.0">
	    <String CONTENT=""
                    HPOS="84.0"
                    VPOS="1239.0"
                    WIDTH="883.0"
                    HEIGHT="23.0"></String>
          </TextLine>
          <TextLine ID="eSc_line_8310fb4f"
                    BASELINE="84 1296 931 1320" 
                    HPOS="84.0"
                    VPOS="1296.0"
                    WIDTH="847.0"
                    HEIGHT="24.0">
	    <String CONTENT=""
                    HPOS="84.0"
                    VPOS="1296.0"
                    WIDTH="847.0"
                    HEIGHT="24.0"></String>
          </TextLine>
          <TextLine ID="eSc_line_7af25806"
                    BASELINE="138 1404 134 1405 1025 1426" 
                    HPOS="134.0"
                    VPOS="1404.0"
                    WIDTH="891.0"
                    HEIGHT="22.0">
	    <String CONTENT=""
                    HPOS="134.0"
                    VPOS="1404.0"
                    WIDTH="891.0"
                    HEIGHT="22.0"></String>
          </TextLine>
          <TextLine ID="eSc_line_eb867442"
                    BASELINE="85 1465 87 1465 914 1481" 
                    HPOS="85.0"
                    VPOS="1465.0"
                    WIDTH="829.0"
                    HEIGHT="16.0">
	    <String CONTENT=""
                    HPOS="85.0"
                    VPOS="1465.0"
                    WIDTH="829.0"
                    HEIGHT="16.0"></String>
          </TextLine>
          <TextLine ID="eSc_line_6867664f"
                    BASELINE="82 1524 912 1540" 
                    HPOS="82.0"
                    VPOS="1524.0"
                    WIDTH="830.0"
                    HEIGHT="16.0">
	    <String CONTENT=""
                    HPOS="82.0"
                    VPOS="1524.0"
                    WIDTH="830.0"
                    HEIGHT="16.0"></String>
          </TextLine>
          <TextLine ID="eSc_line_87fab704"
                    BASELINE="78 1582 91 1583 815 1600" 
                    HPOS="78.0"
                    VPOS="1582.0"
                    WIDTH="737.0"
                    HEIGHT="18.0">
	    <String CONTENT=""
                    HPOS="78.0"
                    VPOS="1582.0"
                    WIDTH="737.0"
                    HEIGHT="18.0"></String>
          </TextLine>
        </TextBlock>
        <TextBlock HPOS="951"
                   VPOS="299"
                   WIDTH="89"
                   HEIGHT="59"
                   ID="region_1718288372890_283"
                   TAGREFS="BT3756">
          <Shape><Polygon POINTS="1033 358 951 357 955 299 1040 299"/></Shape>
          <TextLine ID="eSc_line_e6321fd8"
                    BASELINE="970 350 971 350 1012 352" 
                    HPOS="970.0"
                    VPOS="350.0"
                    WIDTH="42.0"
                    HEIGHT="2.0">
	    <String CONTENT=""
                    HPOS="970.0"
                    VPOS="350.0"
                    WIDTH="42.0"
                    HEIGHT="2.0"></String>
          </TextLine>
        </TextBlock>
        <TextBlock HPOS="610"
                   VPOS="1607"
                   WIDTH="137"
                   HEIGHT="51"
                   ID="region_1718288408730_306"
                   TAGREFS="BT3756">
          <Shape><Polygon POINTS="747 1658 614 1654 610 1607 743 1611"/></Shape>
          <TextLine ID="eSc_line_843db034"
                    BASELINE="635 1647 727 1649" 
                    HPOS="635.0"
                    VPOS="1647.0"
                    WIDTH="92.0"
                    HEIGHT="2.0">
	    <String CONTENT=""
                    HPOS="635.0"
                    VPOS="1647.0"
                    WIDTH="92.0"
                    HEIGHT="2.0"></String>
          </TextLine>
        </TextBlock>
        <TextBlock HPOS="71.0"
                   VPOS="1721.0"
                   WIDTH="1038.0"
                   HEIGHT="373.0"
                   ID="region_1718288433278_312"
                   TAGREFS="BT3758">
          <Shape><Polygon POINTS="1077 2080 71 2094 71 1721 1109 1721"/></Shape>
          <TextLine ID="eSc_line_96f42dee"
                    BASELINE="99 1774 1045 1784" 
                    HPOS="99.0"
                    VPOS="1774.0"
                    WIDTH="946.0"
                    HEIGHT="10.0">
	    <String CONTENT=""
                    HPOS="99.0"
                    VPOS="1774.0"
                    WIDTH="946.0"
                    HEIGHT="10.0"></String>
          </TextLine>
          <TextLine ID="eSc_line_bf81b792"
                    BASELINE="101 1816 1047 1832" 
                    HPOS="101.0"
                    VPOS="1816.0"
                    WIDTH="946.0"
                    HEIGHT="16.0">
	    <String CONTENT=""
                    HPOS="101.0"
                    VPOS="1816.0"
                    WIDTH="946.0"
                    HEIGHT="16.0"></String>
          </TextLine>
          <TextLine ID="eSc_line_f5d91d00"
                    BASELINE="105 1856 1044 1875" 
                    HPOS="105.0"
                    VPOS="1856.0"
                    WIDTH="939.0"
                    HEIGHT="19.0">
	    <String CONTENT=""
                    HPOS="105.0"
                    VPOS="1856.0"
                    WIDTH="939.0"
                    HEIGHT="19.0"></String>
          </TextLine>
          <TextLine ID="eSc_line_7dfdf1b2"
                    BASELINE="97 1894 1038 1914" 
                    HPOS="97.0"
                    VPOS="1894.0"
                    WIDTH="941.0"
                    HEIGHT="20.0">
	    <String CONTENT=""
                    HPOS="97.0"
                    VPOS="1894.0"
                    WIDTH="941.0"
                    HEIGHT="20.0"></String>
          </TextLine>
          <TextLine ID="eSc_line_51a4d4b3"
                    BASELINE="95 1928 101 1928 1049 1950" 
                    HPOS="95.0"
                    VPOS="1928.0"
                    WIDTH="954.0"
                    HEIGHT="22.0">
	    <String CONTENT=""
                    HPOS="95.0"
                    VPOS="1928.0"
                    WIDTH="954.0"
                    HEIGHT="22.0"></String>
          </TextLine>
          <TextLine ID="eSc_line_7e129b5e"
                    BASELINE="93 1970 1042 1989" 
                    HPOS="93.0"
                    VPOS="1970.0"
                    WIDTH="949.0"
                    HEIGHT="19.0">
	    <String CONTENT=""
                    HPOS="93.0"
                    VPOS="1970.0"
                    WIDTH="949.0"
                    HEIGHT="19.0"></String>
          </TextLine>
          <TextLine ID="eSc_line_f6c3082a"
                    BASELINE="96 2008 105 2007 1040 2027" 
                    HPOS="96.0"
                    VPOS="2007.0"
                    WIDTH="944.0"
                    HEIGHT="20.0">
	    <String CONTENT=""
                    HPOS="96.0"
                    VPOS="2007.0"
                    WIDTH="944.0"
                    HEIGHT="20.0"></String>
          </TextLine>
          <TextLine ID="eSc_line_52e97065"
                    BASELINE="107 2052 664 2062" 
                    HPOS="107.0"
                    VPOS="2052.0"
                    WIDTH="557.0"
                    HEIGHT="10.0">
	    <String CONTENT=""
                    HPOS="107.0"
                    VPOS="2052.0"
                    WIDTH="557.0"
                    HEIGHT="10.0"></String>
          </TextLine>
        </TextBlock>
        <TextBlock HPOS="952"
                   VPOS="1604"
                   WIDTH="112"
                   HEIGHT="71"
                   ID="region_1718288417658_309"
                   TAGREFS="BT3756">
          <Shape><Polygon POINTS="1064 1675 952 1675 960 1610 1064 1604"/></Shape>
          <TextLine ID="eSc_line_b7f5eb4a"
                    BASELINE="978 1656 982 1656 995 1657 1037 1658" 
                    HPOS="978.0"
                    VPOS="1656.0"
                    WIDTH="59.0"
                    HEIGHT="2.0">
	    <String CONTENT=""
                    HPOS="978.0"
                    VPOS="1656.0"
                    WIDTH="59.0"
                    HEIGHT="2.0"></String>
          </TextLine>
        </TextBlock>
        <TextBlock HPOS="86.0"
                   VPOS="659.0"
                   WIDTH="66.0"
                   HEIGHT="94.0"
                   ID="region_1718288381638_289"
                   TAGREFS="BT3756">
          <Shape><Polygon POINTS="152 753 86 753 86 659 152 659"/></Shape>
        </TextBlock>
      </PrintSpace>
    </Page>
  </Layout>
</alto>
