<?xml version="1.0" encoding="UTF-8"?>
<alto xmlns:xsi="http://www.w3.org/2001/XMLSchema-instance"
      xmlns="http://www.loc.gov/standards/alto/ns-v4#"
      xsi:schemaLocation="http://www.loc.gov/standards/alto/ns-v4# http://www.loc.gov/standards/alto/v4/alto-4-2.xsd">
  <Description>
    <MeasurementUnit>pixel</MeasurementUnit>
    <sourceImageInformation>
      <fileName>1757, Poetische Werke, Bohn, Bd. 2, VD18 90332148_NEU-0298.jpeg</fileName>
    </sourceImageInformation>
  </Description>
  <Tags>
    <OtherTag ID="BT1" LABEL="Title" DESCRIPTION="block type Title"/><OtherTag ID="BT2" LABEL="Main" DESCRIPTION="block type Main"/><OtherTag ID="BT3" LABEL="Commentary" DESCRIPTION="block type Commentary"/><OtherTag ID="BT4" LABEL="Illustration" DESCRIPTION="block type Illustration"/><OtherTag ID="BT3755" LABEL="header" DESCRIPTION="block type header"/><OtherTag ID="BT3756" LABEL="paragraph" DESCRIPTION="block type paragraph"/><OtherTag ID="BT3757" LABEL="heading" DESCRIPTION="block type heading"/><OtherTag ID="BT3758" LABEL="footnote" DESCRIPTION="block type footnote"/><OtherTag ID="BT3759" LABEL="l-column" DESCRIPTION="block type l-column"/><OtherTag ID="BT3760" LABEL="r-column" DESCRIPTION="block type r-column"/><OtherTag ID="BT3761" LABEL="marginalia" DESCRIPTION="block type marginalia"/><OtherTag ID="BT4125" LABEL="drop-capital" DESCRIPTION="block type drop-capital"/><OtherTag ID="BT4126" LABEL="catch-word" DESCRIPTION="block type catch-word"/><OtherTag ID="BT4127" LABEL="page-number" DESCRIPTION="block type page-number"/><OtherTag ID="BT4128" LABEL="signature-mark" DESCRIPTION="block type signature-mark"/><OtherTag ID="BT4129" LABEL="poem_lg" DESCRIPTION="block type poem_lg"/><OtherTag ID="BT4130" LABEL="endnote" DESCRIPTION="block type endnote"/>
  </Tags>
  <Layout>
    <Page WIDTH="1575"
          HEIGHT="2338"
          PHYSICAL_IMG_NR="7"
          ID="eSc_dummypage_">
      <PrintSpace HPOS="0"
                  VPOS="0"
                  WIDTH="1575"
                  HEIGHT="2338">
        <TextBlock HPOS="481"
                   VPOS="284"
                   WIDTH="121"
                   HEIGHT="73"
                   ID="region_1719932759241_99"
                   TAGREFS="BT3756">
          <Shape><Polygon POINTS="602 357 513 357 481 284 602 293"/></Shape>
          <TextLine ID="eSc_line_0caeb352"
                    BASELINE="516 344 524 344 597 346" 
                    HPOS="516.0"
                    VPOS="344.0"
                    WIDTH="81.0"
                    HEIGHT="2.0">
	    <String CONTENT=""
                    HPOS="516.0"
                    VPOS="344.0"
                    WIDTH="81.0"
                    HEIGHT="2.0"></String>
          </TextLine>
        </TextBlock>
        <TextBlock HPOS="464.0"
                   VPOS="379.0"
                   WIDTH="1004.0"
                   HEIGHT="1189.0"
                   ID="region_1719932835333_105"
                   TAGREFS="BT3756">
          <Shape><Polygon POINTS="1468 1566 466 1568 464 381 1466 379"/></Shape>
          <TextLine ID="eSc_line_8a4ab15a"
                    BASELINE="512 449 1235 451" 
                    HPOS="512.0"
                    VPOS="449.0"
                    WIDTH="723.0"
                    HEIGHT="2.0">
	    <String CONTENT=""
                    HPOS="512.0"
                    VPOS="449.0"
                    WIDTH="723.0"
                    HEIGHT="2.0"></String>
          </TextLine>
          <TextLine ID="eSc_line_e14e2786"
                    BASELINE="513 516 1277 511" 
                    HPOS="513.0"
                    VPOS="511.0"
                    WIDTH="764.0"
                    HEIGHT="5.0">
	    <String CONTENT=""
                    HPOS="513.0"
                    VPOS="511.0"
                    WIDTH="764.0"
                    HEIGHT="5.0"></String>
          </TextLine>
          <TextLine ID="eSc_line_21cf88b0"
                    BASELINE="540 640 1242 648" 
                    HPOS="540.0"
                    VPOS="640.0"
                    WIDTH="702.0"
                    HEIGHT="8.0">
	    <String CONTENT=""
                    HPOS="540.0"
                    VPOS="640.0"
                    WIDTH="702.0"
                    HEIGHT="8.0"></String>
          </TextLine>
          <TextLine ID="eSc_line_c3391fc9"
                    BASELINE="512 707 1139 703" 
                    HPOS="512.0"
                    VPOS="703.0"
                    WIDTH="627.0"
                    HEIGHT="4.0">
	    <String CONTENT=""
                    HPOS="512.0"
                    VPOS="703.0"
                    WIDTH="627.0"
                    HEIGHT="4.0"></String>
          </TextLine>
          <TextLine ID="eSc_line_1ef2860b"
                    BASELINE="507 773 1293 775" 
                    HPOS="507.0"
                    VPOS="773.0"
                    WIDTH="786.0"
                    HEIGHT="2.0">
	    <String CONTENT=""
                    HPOS="507.0"
                    VPOS="773.0"
                    WIDTH="786.0"
                    HEIGHT="2.0"></String>
          </TextLine>
          <TextLine ID="eSc_line_50df6be9"
                    BASELINE="500 830 1202 830" 
                    HPOS="500.0"
                    VPOS="830.0"
                    WIDTH="702.0"
                    HEIGHT="0.0">
	    <String CONTENT=""
                    HPOS="500.0"
                    VPOS="830.0"
                    WIDTH="702.0"
                    HEIGHT="0.0"></String>
          </TextLine>
          <TextLine ID="eSc_line_bb74338d"
                    BASELINE="503 890 1267 894" 
                    HPOS="503.0"
                    VPOS="890.0"
                    WIDTH="764.0"
                    HEIGHT="4.0">
	    <String CONTENT=""
                    HPOS="503.0"
                    VPOS="890.0"
                    WIDTH="764.0"
                    HEIGHT="4.0"></String>
          </TextLine>
          <TextLine ID="eSc_line_38d5a57d"
                    BASELINE="502 951 1218 953" 
                    HPOS="502.0"
                    VPOS="951.0"
                    WIDTH="716.0"
                    HEIGHT="2.0">
	    <String CONTENT=""
                    HPOS="502.0"
                    VPOS="951.0"
                    WIDTH="716.0"
                    HEIGHT="2.0"></String>
          </TextLine>
          <TextLine ID="eSc_line_89568c63"
                    BASELINE="504 1009 1449 1014" 
                    HPOS="504.0"
                    VPOS="1009.0"
                    WIDTH="945.0"
                    HEIGHT="5.0">
	    <String CONTENT=""
                    HPOS="504.0"
                    VPOS="1009.0"
                    WIDTH="945.0"
                    HEIGHT="5.0"></String>
          </TextLine>
          <TextLine ID="eSc_line_26fffc75"
                    BASELINE="507 1072 1461 1077" 
                    HPOS="507.0"
                    VPOS="1072.0"
                    WIDTH="954.0"
                    HEIGHT="5.0">
	    <String CONTENT=""
                    HPOS="507.0"
                    VPOS="1072.0"
                    WIDTH="954.0"
                    HEIGHT="5.0"></String>
          </TextLine>
          <TextLine ID="eSc_line_5d5155a0"
                    BASELINE="508 1131 1336 1132" 
                    HPOS="508.0"
                    VPOS="1131.0"
                    WIDTH="828.0"
                    HEIGHT="1.0">
	    <String CONTENT=""
                    HPOS="508.0"
                    VPOS="1131.0"
                    WIDTH="828.0"
                    HEIGHT="1.0"></String>
          </TextLine>
          <TextLine ID="eSc_line_c584179d"
                    BASELINE="504 1191 1284 1190" 
                    HPOS="504.0"
                    VPOS="1190.0"
                    WIDTH="780.0"
                    HEIGHT="1.0">
	    <String CONTENT=""
                    HPOS="504.0"
                    VPOS="1190.0"
                    WIDTH="780.0"
                    HEIGHT="1.0"></String>
          </TextLine>
          <TextLine ID="eSc_line_a5ad0a70"
                    BASELINE="503 1249 1346 1252" 
                    HPOS="503.0"
                    VPOS="1249.0"
                    WIDTH="843.0"
                    HEIGHT="3.0">
	    <String CONTENT=""
                    HPOS="503.0"
                    VPOS="1249.0"
                    WIDTH="843.0"
                    HEIGHT="3.0"></String>
          </TextLine>
          <TextLine ID="eSc_line_93891151"
                    BASELINE="496 1318 1317 1321" 
                    HPOS="496.0"
                    VPOS="1318.0"
                    WIDTH="821.0"
                    HEIGHT="3.0">
	    <String CONTENT=""
                    HPOS="496.0"
                    VPOS="1318.0"
                    WIDTH="821.0"
                    HEIGHT="3.0"></String>
          </TextLine>
          <TextLine ID="eSc_line_461f574e"
                    BASELINE="506 1373 1135 1372" 
                    HPOS="506.0"
                    VPOS="1372.0"
                    WIDTH="629.0"
                    HEIGHT="1.0">
	    <String CONTENT=""
                    HPOS="506.0"
                    VPOS="1372.0"
                    WIDTH="629.0"
                    HEIGHT="1.0"></String>
          </TextLine>
          <TextLine ID="eSc_line_d0752a9a"
                    BASELINE="496 1433 1296 1426" 
                    HPOS="496.0"
                    VPOS="1426.0"
                    WIDTH="800.0"
                    HEIGHT="7.0">
	    <String CONTENT=""
                    HPOS="496.0"
                    VPOS="1426.0"
                    WIDTH="800.0"
                    HEIGHT="7.0"></String>
          </TextLine>
          <TextLine ID="eSc_line_81333115"
                    BASELINE="500 1498 1409 1496" 
                    HPOS="500.0"
                    VPOS="1496.0"
                    WIDTH="909.0"
                    HEIGHT="2.0">
	    <String CONTENT=""
                    HPOS="500.0"
                    VPOS="1496.0"
                    WIDTH="909.0"
                    HEIGHT="2.0"></String>
          </TextLine>
          <TextLine ID="eSc_line_bbcf0f57"
                    BASELINE="502 1557 1250 1552" 
                    HPOS="502.0"
                    VPOS="1552.0"
                    WIDTH="748.0"
                    HEIGHT="5.0">
	    <String CONTENT=""
                    HPOS="502.0"
                    VPOS="1552.0"
                    WIDTH="748.0"
                    HEIGHT="5.0"></String>
          </TextLine>
        </TextBlock>
        <TextBlock HPOS="749"
                   VPOS="273"
                   WIDTH="586"
                   HEIGHT="91"
                   ID="region_1719932756150_96"
                   TAGREFS="BT3756">
          <Shape><Polygon POINTS="1246 364 749 364 749 275 1335 273"/></Shape>
          <TextLine ID="eSc_line_9405efa1"
                    BASELINE="760 351 1239 352" 
                    HPOS="760.0"
                    VPOS="351.0"
                    WIDTH="479.0"
                    HEIGHT="1.0">
	    <String CONTENT=""
                    HPOS="760.0"
                    VPOS="351.0"
                    WIDTH="479.0"
                    HEIGHT="1.0"></String>
          </TextLine>
        </TextBlock>
        <TextBlock HPOS="493.0"
                   VPOS="1731.0"
                   WIDTH="987.0"
                   HEIGHT="211.0"
                   ID="region_1719933189298_121"
                   TAGREFS="BT3758">
          <Shape><Polygon POINTS="1468 1934 498 1942 493 1731 1480 1731"/></Shape>
          <TextLine ID="eSc_line_097a369d"
                    BASELINE="512 1780 1464 1772" 
                    HPOS="512.0"
                    VPOS="1772.0"
                    WIDTH="952.0"
                    HEIGHT="8.0">
	    <String CONTENT=""
                    HPOS="512.0"
                    VPOS="1772.0"
                    WIDTH="952.0"
                    HEIGHT="8.0"></String>
          </TextLine>
          <TextLine ID="eSc_line_016eac1d"
                    BASELINE="523 1816 1469 1815" 
                    HPOS="523.0"
                    VPOS="1815.0"
                    WIDTH="946.0"
                    HEIGHT="1.0">
	    <String CONTENT=""
                    HPOS="523.0"
                    VPOS="1815.0"
                    WIDTH="946.0"
                    HEIGHT="1.0"></String>
          </TextLine>
          <TextLine ID="eSc_line_4ce3d185"
                    BASELINE="529 1857 1462 1852" 
                    HPOS="529.0"
                    VPOS="1852.0"
                    WIDTH="933.0"
                    HEIGHT="5.0">
	    <String CONTENT=""
                    HPOS="529.0"
                    VPOS="1852.0"
                    WIDTH="933.0"
                    HEIGHT="5.0"></String>
          </TextLine>
          <TextLine ID="eSc_line_2a6d3b1f"
                    BASELINE="529 1898 1460 1894" 
                    HPOS="529.0"
                    VPOS="1894.0"
                    WIDTH="931.0"
                    HEIGHT="4.0">
	    <String CONTENT=""
                    HPOS="529.0"
                    VPOS="1894.0"
                    WIDTH="931.0"
                    HEIGHT="4.0"></String>
          </TextLine>
          <TextLine ID="eSc_line_3fa61fbc"
                    BASELINE="530 1932 778 1933" 
                    HPOS="530.0"
                    VPOS="1932.0"
                    WIDTH="248.0"
                    HEIGHT="1.0">
	    <String CONTENT=""
                    HPOS="530.0"
                    VPOS="1932.0"
                    WIDTH="248.0"
                    HEIGHT="1.0"></String>
          </TextLine>
        </TextBlock>
        <TextBlock HPOS="503.0"
                   VPOS="1960.0"
                   WIDTH="923.0"
                   HEIGHT="138.0"
                   ID="region_1719933193062_124"
                   TAGREFS="BT3758">
          <Shape><Polygon POINTS="1338 2098 503 2098 503 1960 1426 1961"/></Shape>
          <TextLine ID="eSc_line_b82464e3"
                    BASELINE="507 2004 1262 2010" 
                    HPOS="507.0"
                    VPOS="2004.0"
                    WIDTH="755.0"
                    HEIGHT="6.0">
	    <String CONTENT=""
                    HPOS="507.0"
                    VPOS="2004.0"
                    WIDTH="755.0"
                    HEIGHT="6.0"></String>
          </TextLine>
          <TextLine ID="eSc_line_c35c937d"
                    BASELINE="512 2047 1273 2047" 
                    HPOS="512.0"
                    VPOS="2047.0"
                    WIDTH="761.0"
                    HEIGHT="0.0">
	    <String CONTENT=""
                    HPOS="512.0"
                    VPOS="2047.0"
                    WIDTH="761.0"
                    HEIGHT="0.0"></String>
          </TextLine>
          <TextLine ID="eSc_line_60e9c79c"
                    BASELINE="1051 2086 1311 2086" 
                    HPOS="1051.0"
                    VPOS="2086.0"
                    WIDTH="260.0"
                    HEIGHT="0.0">
	    <String CONTENT=""
                    HPOS="1051.0"
                    VPOS="2086.0"
                    WIDTH="260.0"
                    HEIGHT="0.0"></String>
          </TextLine>
        </TextBlock>
        <TextBlock HPOS="1343"
                   VPOS="1570"
                   WIDTH="118"
                   HEIGHT="89"
                   ID="region_1719933172077_115"
                   TAGREFS="BT3756">
          <Shape><Polygon POINTS="1461 1635 1343 1659 1367 1570 1460 1570"/></Shape>
          <TextLine ID="eSc_line_1eee9f66"
                    BASELINE="1367 1618 1456 1618" 
                    HPOS="1367.0"
                    VPOS="1618.0"
                    WIDTH="89.0"
                    HEIGHT="0.0">
	    <String CONTENT=""
                    HPOS="1367.0"
                    VPOS="1618.0"
                    WIDTH="89.0"
                    HEIGHT="0.0"></String>
          </TextLine>
        </TextBlock>
      </PrintSpace>
    </Page>
  </Layout>
</alto>
