<?xml version="1.0" encoding="UTF-8"?>
<alto xmlns:xsi="http://www.w3.org/2001/XMLSchema-instance"
      xmlns="http://www.loc.gov/standards/alto/ns-v4#"
      xsi:schemaLocation="http://www.loc.gov/standards/alto/ns-v4# http://www.loc.gov/standards/alto/v4/alto-4-2.xsd">
  <Description>
    <MeasurementUnit>pixel</MeasurementUnit>
    <sourceImageInformation>
      <fileName>1764,_Saemtliche_Poetische_Werke,_Bohn,_3._Aufl.,_Bd._1,_VD18_80365027_Seite_157_Bild_0001.jpg</fileName>
    </sourceImageInformation>
  </Description>
  <Tags>
    <OtherTag ID="BT1" LABEL="Title" DESCRIPTION="block type Title"/><OtherTag ID="BT2" LABEL="Main" DESCRIPTION="block type Main"/><OtherTag ID="BT3" LABEL="Commentary" DESCRIPTION="block type Commentary"/><OtherTag ID="BT4" LABEL="Illustration" DESCRIPTION="block type Illustration"/><OtherTag ID="BT3755" LABEL="header" DESCRIPTION="block type header"/><OtherTag ID="BT3756" LABEL="paragraph" DESCRIPTION="block type paragraph"/><OtherTag ID="BT3757" LABEL="heading" DESCRIPTION="block type heading"/><OtherTag ID="BT3758" LABEL="footnote" DESCRIPTION="block type footnote"/><OtherTag ID="BT3759" LABEL="l-column" DESCRIPTION="block type l-column"/><OtherTag ID="BT3760" LABEL="r-column" DESCRIPTION="block type r-column"/><OtherTag ID="BT3761" LABEL="marginalia" DESCRIPTION="block type marginalia"/><OtherTag ID="BT4125" LABEL="drop-capital" DESCRIPTION="block type drop-capital"/><OtherTag ID="BT4126" LABEL="catch-word" DESCRIPTION="block type catch-word"/><OtherTag ID="BT4127" LABEL="page-number" DESCRIPTION="block type page-number"/><OtherTag ID="BT4128" LABEL="signature-mark" DESCRIPTION="block type signature-mark"/><OtherTag ID="BT4129" LABEL="poem_lg" DESCRIPTION="block type poem_lg"/><OtherTag ID="BT4130" LABEL="endnote" DESCRIPTION="block type endnote"/>
  </Tags>
  <Layout>
    <Page WIDTH="949"
          HEIGHT="1500"
          PHYSICAL_IMG_NR="22"
          ID="eSc_dummypage_">
      <PrintSpace HPOS="0"
                  VPOS="0"
                  WIDTH="949"
                  HEIGHT="1500">
        <TextBlock HPOS="105.0"
                   VPOS="218.0"
                   WIDTH="670.0"
                   HEIGHT="269.0"
                   ID="region_1720164449409_54"
                   TAGREFS="BT3756">
          <Shape><Polygon POINTS="775 483 109 487 107 332 105 281 169 283 168 220 775 218"/></Shape>
          <TextLine ID="eSc_line_8d1c2990"
                    BASELINE="170 255 701 254" 
                    HPOS="170.0"
                    VPOS="254.0"
                    WIDTH="531.0"
                    HEIGHT="1.0">
	    <String CONTENT=""
                    HPOS="170.0"
                    VPOS="254.0"
                    WIDTH="531.0"
                    HEIGHT="1.0"></String>
          </TextLine>
          <TextLine ID="eSc_line_1fca94c1"
                    BASELINE="175 284 694 282" 
                    HPOS="175.0"
                    VPOS="282.0"
                    WIDTH="519.0"
                    HEIGHT="2.0">
	    <String CONTENT=""
                    HPOS="175.0"
                    VPOS="282.0"
                    WIDTH="519.0"
                    HEIGHT="2.0"></String>
          </TextLine>
          <TextLine ID="eSc_line_ccbbf9e7"
                    BASELINE="122 315 770 312" 
                    HPOS="122.0"
                    VPOS="312.0"
                    WIDTH="648.0"
                    HEIGHT="3.0">
	    <String CONTENT=""
                    HPOS="122.0"
                    VPOS="312.0"
                    WIDTH="648.0"
                    HEIGHT="3.0"></String>
          </TextLine>
          <TextLine ID="eSc_line_abfb2893"
                    BASELINE="462 342 560 341" 
                    HPOS="462.0"
                    VPOS="341.0"
                    WIDTH="98.0"
                    HEIGHT="1.0">
	    <String CONTENT=""
                    HPOS="462.0"
                    VPOS="341.0"
                    WIDTH="98.0"
                    HEIGHT="1.0"></String>
          </TextLine>
          <TextLine ID="eSc_line_fcd20ebd"
                    BASELINE="118 369 768 369" 
                    HPOS="118.0"
                    VPOS="369.0"
                    WIDTH="650.0"
                    HEIGHT="0.0">
	    <String CONTENT=""
                    HPOS="118.0"
                    VPOS="369.0"
                    WIDTH="650.0"
                    HEIGHT="0.0"></String>
          </TextLine>
          <TextLine ID="eSc_line_eaf87243"
                    BASELINE="116 400 617 397" 
                    HPOS="116.0"
                    VPOS="397.0"
                    WIDTH="501.0"
                    HEIGHT="3.0">
	    <String CONTENT=""
                    HPOS="116.0"
                    VPOS="397.0"
                    WIDTH="501.0"
                    HEIGHT="3.0"></String>
          </TextLine>
          <TextLine ID="eSc_line_488ec253"
                    BASELINE="116 427 664 424" 
                    HPOS="116.0"
                    VPOS="424.0"
                    WIDTH="548.0"
                    HEIGHT="3.0">
	    <String CONTENT=""
                    HPOS="116.0"
                    VPOS="424.0"
                    WIDTH="548.0"
                    HEIGHT="3.0"></String>
          </TextLine>
          <TextLine ID="eSc_line_7648e0c6"
                    BASELINE="114 457 747 454" 
                    HPOS="114.0"
                    VPOS="454.0"
                    WIDTH="633.0"
                    HEIGHT="3.0">
	    <String CONTENT=""
                    HPOS="114.0"
                    VPOS="454.0"
                    WIDTH="633.0"
                    HEIGHT="3.0"></String>
          </TextLine>
          <TextLine ID="eSc_line_8a44f8ed"
                    BASELINE="119 486 642 483" 
                    HPOS="119.0"
                    VPOS="483.0"
                    WIDTH="523.0"
                    HEIGHT="3.0">
	    <String CONTENT=""
                    HPOS="119.0"
                    VPOS="483.0"
                    WIDTH="523.0"
                    HEIGHT="3.0"></String>
          </TextLine>
        </TextBlock>
        <TextBlock HPOS="267"
                   VPOS="92"
                   WIDTH="370"
                   HEIGHT="49"
                   ID="region_1720164402790_30"
                   TAGREFS="BT3756">
          <Shape><Polygon POINTS="620 141 267 141 267 92 637 93"/></Shape>
          <TextLine ID="eSc_line_5bff21ab"
                    BASELINE="278 137 618 139" 
                    HPOS="278.0"
                    VPOS="137.0"
                    WIDTH="340.0"
                    HEIGHT="2.0">
	    <String CONTENT=""
                    HPOS="278.0"
                    VPOS="137.0"
                    WIDTH="340.0"
                    HEIGHT="2.0"></String>
          </TextLine>
        </TextBlock>
        <TextBlock HPOS="315.0"
                   VPOS="159.0"
                   WIDTH="293.0"
                   HEIGHT="52.0"
                   ID="region_1720164406584_33"
                   TAGREFS="BT3757">
          <Shape><Polygon POINTS="569 211 315 211 315 163 608 159"/></Shape>
          <TextLine ID="eSc_line_0f543414"
                    BASELINE="327 208 555 208" 
                    HPOS="327.0"
                    VPOS="208.0"
                    WIDTH="228.0"
                    HEIGHT="0.0">
	    <String CONTENT=""
                    HPOS="327.0"
                    VPOS="208.0"
                    WIDTH="228.0"
                    HEIGHT="0.0"></String>
          </TextLine>
        </TextBlock>
        <TextBlock HPOS="240.0"
                   VPOS="566.0"
                   WIDTH="437.0"
                   HEIGHT="43.0"
                   ID="region_1720164428637_42"
                   TAGREFS="BT3757">
          <Shape><Polygon POINTS="646 609 240 609 241 566 677 567"/></Shape>
          <TextLine ID="eSc_line_ba9f9891"
                    BASELINE="259 605 636 607" 
                    HPOS="259.0"
                    VPOS="605.0"
                    WIDTH="377.0"
                    HEIGHT="2.0">
	    <String CONTENT=""
                    HPOS="259.0"
                    VPOS="605.0"
                    WIDTH="377.0"
                    HEIGHT="2.0"></String>
          </TextLine>
        </TextBlock>
        <TextBlock HPOS="143.0"
                   VPOS="665.0"
                   WIDTH="567.0"
                   HEIGHT="359.0"
                   ID="region_1720164438941_51"
                   TAGREFS="BT3756">
          <Shape><Polygon POINTS="710 1021 143 1024 145 773 146 728 204 727 203 667 710 665"/></Shape>
          <TextLine ID="eSc_line_a7e7a55e"
                    BASELINE="205 696 689 690" 
                    HPOS="205.0"
                    VPOS="690.0"
                    WIDTH="484.0"
                    HEIGHT="6.0">
	    <String CONTENT=""
                    HPOS="205.0"
                    VPOS="690.0"
                    WIDTH="484.0"
                    HEIGHT="6.0"></String>
          </TextLine>
          <TextLine ID="eSc_line_09cf5e47"
                    BASELINE="217 726 703 720" 
                    HPOS="217.0"
                    VPOS="720.0"
                    WIDTH="486.0"
                    HEIGHT="6.0">
	    <String CONTENT=""
                    HPOS="217.0"
                    VPOS="720.0"
                    WIDTH="486.0"
                    HEIGHT="6.0"></String>
          </TextLine>
          <TextLine ID="eSc_line_01ee0955"
                    BASELINE="146 755 656 750" 
                    HPOS="146.0"
                    VPOS="750.0"
                    WIDTH="510.0"
                    HEIGHT="5.0">
	    <String CONTENT=""
                    HPOS="146.0"
                    VPOS="750.0"
                    WIDTH="510.0"
                    HEIGHT="5.0"></String>
          </TextLine>
          <TextLine ID="eSc_line_f9cb93bc"
                    BASELINE="151 782 636 779" 
                    HPOS="151.0"
                    VPOS="779.0"
                    WIDTH="485.0"
                    HEIGHT="3.0">
	    <String CONTENT=""
                    HPOS="151.0"
                    VPOS="779.0"
                    WIDTH="485.0"
                    HEIGHT="3.0"></String>
          </TextLine>
          <TextLine ID="eSc_line_8893428e"
                    BASELINE="150 813 632 813" 
                    HPOS="150.0"
                    VPOS="813.0"
                    WIDTH="482.0"
                    HEIGHT="0.0">
	    <String CONTENT=""
                    HPOS="150.0"
                    VPOS="813.0"
                    WIDTH="482.0"
                    HEIGHT="0.0"></String>
          </TextLine>
          <TextLine ID="eSc_line_975ea215"
                    BASELINE="152 845 564 839" 
                    HPOS="152.0"
                    VPOS="839.0"
                    WIDTH="412.0"
                    HEIGHT="6.0">
	    <String CONTENT=""
                    HPOS="152.0"
                    VPOS="839.0"
                    WIDTH="412.0"
                    HEIGHT="6.0"></String>
          </TextLine>
          <TextLine ID="eSc_line_22a4e208"
                    BASELINE="153 872 620 867" 
                    HPOS="153.0"
                    VPOS="867.0"
                    WIDTH="467.0"
                    HEIGHT="5.0">
	    <String CONTENT=""
                    HPOS="153.0"
                    VPOS="867.0"
                    WIDTH="467.0"
                    HEIGHT="5.0"></String>
          </TextLine>
          <TextLine ID="eSc_line_af7be93d"
                    BASELINE="150 899 490 898" 
                    HPOS="150.0"
                    VPOS="898.0"
                    WIDTH="340.0"
                    HEIGHT="1.0">
	    <String CONTENT=""
                    HPOS="150.0"
                    VPOS="898.0"
                    WIDTH="340.0"
                    HEIGHT="1.0"></String>
          </TextLine>
          <TextLine ID="eSc_line_6db1cc46"
                    BASELINE="151 928 667 927" 
                    HPOS="151.0"
                    VPOS="927.0"
                    WIDTH="516.0"
                    HEIGHT="1.0">
	    <String CONTENT=""
                    HPOS="151.0"
                    VPOS="927.0"
                    WIDTH="516.0"
                    HEIGHT="1.0"></String>
          </TextLine>
          <TextLine ID="eSc_line_0be0fe63"
                    BASELINE="151 954 583 956" 
                    HPOS="151.0"
                    VPOS="954.0"
                    WIDTH="432.0"
                    HEIGHT="2.0">
	    <String CONTENT=""
                    HPOS="151.0"
                    VPOS="954.0"
                    WIDTH="432.0"
                    HEIGHT="2.0"></String>
          </TextLine>
          <TextLine ID="eSc_line_68a2ff7a"
                    BASELINE="151 984 605 982" 
                    HPOS="151.0"
                    VPOS="982.0"
                    WIDTH="454.0"
                    HEIGHT="2.0">
	    <String CONTENT=""
                    HPOS="151.0"
                    VPOS="982.0"
                    WIDTH="454.0"
                    HEIGHT="2.0"></String>
          </TextLine>
          <TextLine ID="eSc_line_91f695d8"
                    BASELINE="153 1013 604 1016" 
                    HPOS="153.0"
                    VPOS="1013.0"
                    WIDTH="451.0"
                    HEIGHT="3.0">
	    <String CONTENT=""
                    HPOS="153.0"
                    VPOS="1013.0"
                    WIDTH="451.0"
                    HEIGHT="3.0"></String>
          </TextLine>
        </TextBlock>
        <TextBlock HPOS="709"
                   VPOS="94"
                   WIDTH="96"
                   HEIGHT="57"
                   ID="region_1720164415745_39"
                   TAGREFS="BT3756">
          <Shape><Polygon POINTS="779 151 709 151 709 94 805 95"/></Shape>
          <TextLine ID="eSc_line_2112bcf1"
                    BASELINE="723 143 770 143" 
                    HPOS="723.0"
                    VPOS="143.0"
                    WIDTH="47.0"
                    HEIGHT="0.0">
	    <String CONTENT=""
                    HPOS="723.0"
                    VPOS="143.0"
                    WIDTH="47.0"
                    HEIGHT="0.0"></String>
          </TextLine>
        </TextBlock>
        <TextBlock HPOS="365.0"
                   VPOS="616.0"
                   WIDTH="175.0"
                   HEIGHT="38.0"
                   ID="region_1720164431937_45"
                   TAGREFS="BT3757">
          <Shape><Polygon POINTS="516 654 365 654 365 616 540 619"/></Shape>
          <TextLine ID="eSc_line_a090b45a"
                    BASELINE="383 645 508 645" 
                    HPOS="383.0"
                    VPOS="645.0"
                    WIDTH="125.0"
                    HEIGHT="0.0">
	    <String CONTENT=""
                    HPOS="383.0"
                    VPOS="645.0"
                    WIDTH="125.0"
                    HEIGHT="0.0"></String>
          </TextLine>
        </TextBlock>
        <TextBlock HPOS="329.0"
                   VPOS="1079.0"
                   WIDTH="235.0"
                   HEIGHT="50.0"
                   ID="region_1720164456169_57"
                   TAGREFS="BT3757">
          <Shape><Polygon POINTS="564 1124 329 1129 332 1079 561 1079"/></Shape>
          <TextLine ID="eSc_line_5d3e48d3"
                    BASELINE="347 1124 557 1123" 
                    HPOS="347.0"
                    VPOS="1123.0"
                    WIDTH="210.0"
                    HEIGHT="1.0">
	    <String CONTENT=""
                    HPOS="347.0"
                    VPOS="1123.0"
                    WIDTH="210.0"
                    HEIGHT="1.0"></String>
          </TextLine>
        </TextBlock>
        <TextBlock HPOS="146.0"
                   VPOS="1133.0"
                   WIDTH="600.0"
                   HEIGHT="116.0"
                   ID="region_1720164463813_63"
                   TAGREFS="BT3756">
          <Shape><Polygon POINTS="739 1224 199 1249 146 1244 147 1208 207 1204 210 1135 746 1133"/></Shape>
          <TextLine ID="eSc_line_136f77f2"
                    BASELINE="212 1177 641 1175" 
                    HPOS="212.0"
                    VPOS="1175.0"
                    WIDTH="429.0"
                    HEIGHT="2.0">
	    <String CONTENT=""
                    HPOS="212.0"
                    VPOS="1175.0"
                    WIDTH="429.0"
                    HEIGHT="2.0"></String>
          </TextLine>
          <TextLine ID="eSc_line_110b055f"
                    BASELINE="221 1204 709 1200" 
                    HPOS="221.0"
                    VPOS="1200.0"
                    WIDTH="488.0"
                    HEIGHT="4.0">
	    <String CONTENT=""
                    HPOS="221.0"
                    VPOS="1200.0"
                    WIDTH="488.0"
                    HEIGHT="4.0"></String>
          </TextLine>
          <TextLine ID="eSc_line_cd153a14"
                    BASELINE="158 1236 634 1227" 
                    HPOS="158.0"
                    VPOS="1227.0"
                    WIDTH="476.0"
                    HEIGHT="9.0">
	    <String CONTENT=""
                    HPOS="158.0"
                    VPOS="1227.0"
                    WIDTH="476.0"
                    HEIGHT="9.0"></String>
          </TextLine>
        </TextBlock>
        <TextBlock HPOS="141.0"
                   VPOS="1286.0"
                   WIDTH="325.0"
                   HEIGHT="37.0"
                   ID="region_1720164873840_120"
                   TAGREFS="BT3759">
          <Shape><Polygon POINTS="466 1323 141 1323 141 1286 466 1286"/></Shape>
          <TextLine ID="eSc_line_130ed5ca"
                    BASELINE="148 1317 460 1318" 
                    HPOS="148.0"
                    VPOS="1317.0"
                    WIDTH="312.0"
                    HEIGHT="1.0">
	    <String CONTENT=""
                    HPOS="148.0"
                    VPOS="1317.0"
                    WIDTH="312.0"
                    HEIGHT="1.0"></String>
          </TextLine>
        </TextBlock>
        <TextBlock HPOS="492.0"
                   VPOS="1286.0"
                   WIDTH="225.0"
                   HEIGHT="33.0"
                   ID="region_1720164886584_123"
                   TAGREFS="BT3760">
          <Shape><Polygon POINTS="717 1319 492 1319 492 1286 717 1286"/></Shape>
          <TextLine ID="eSc_line_2d75ece7"
                    BASELINE="501 1315 712 1314" 
                    HPOS="501.0"
                    VPOS="1314.0"
                    WIDTH="211.0"
                    HEIGHT="1.0">
	    <String CONTENT=""
                    HPOS="501.0"
                    VPOS="1314.0"
                    WIDTH="211.0"
                    HEIGHT="1.0"></String>
          </TextLine>
        </TextBlock>
        <TextBlock HPOS="702"
                   VPOS="1228"
                   WIDTH="88"
                   HEIGHT="38"
                   ID="region_1720164467051_66"
                   TAGREFS="BT3756">
          <Shape><Polygon POINTS="790 1266 705 1266 702 1228 773 1230"/></Shape>
          <TextLine ID="eSc_line_54463e9e"
                    BASELINE="713 1260 781 1261" 
                    HPOS="713.0"
                    VPOS="1260.0"
                    WIDTH="68.0"
                    HEIGHT="1.0">
	    <String CONTENT=""
                    HPOS="713.0"
                    VPOS="1260.0"
                    WIDTH="68.0"
                    HEIGHT="1.0"></String>
          </TextLine>
        </TextBlock>
        <TextBlock HPOS="148.0"
                   VPOS="1147.0"
                   WIDTH="61.0"
                   HEIGHT="60.0"
                   ID="region_1720164459448_60"
                   TAGREFS="BT3756">
          <Shape><Polygon POINTS="208 1204 148 1207 149 1150 209 1147"/></Shape>
        </TextBlock>
        <TextBlock HPOS="131.0"
                   VPOS="666.0"
                   WIDTH="72.0"
                   HEIGHT="59.0"
                   ID="region_1720164434625_48"
                   TAGREFS="BT3756">
          <Shape><Polygon POINTS="203 724 147 725 131 666 203 667"/></Shape>
        </TextBlock>
        <TextBlock HPOS="112.0"
                   VPOS="226.0"
                   WIDTH="56.0"
                   HEIGHT="55.0"
                   ID="region_1720164412104_36"
                   TAGREFS="BT3756">
          <Shape><Polygon POINTS="167 281 112 280 113 226 168 227"/></Shape>
        </TextBlock>
      </PrintSpace>
    </Page>
  </Layout>
</alto>
