<?xml version="1.0" encoding="UTF-8"?>
<alto xmlns:xsi="http://www.w3.org/2001/XMLSchema-instance"
      xmlns="http://www.loc.gov/standards/alto/ns-v4#"
      xsi:schemaLocation="http://www.loc.gov/standards/alto/ns-v4# http://www.loc.gov/standards/alto/v4/alto-4-2.xsd">
  <Description>
    <MeasurementUnit>pixel</MeasurementUnit>
    <sourceImageInformation>
      <fileName>1766-71,_Poetische_Werke,_Walthard,_Bd._3_Seite_019_Bild_0001.jpg</fileName>
    </sourceImageInformation>
  </Description>
  <Tags>
    <OtherTag ID="BT1" LABEL="Title" DESCRIPTION="block type Title"/><OtherTag ID="BT2" LABEL="Main" DESCRIPTION="block type Main"/><OtherTag ID="BT3" LABEL="Commentary" DESCRIPTION="block type Commentary"/><OtherTag ID="BT4" LABEL="Illustration" DESCRIPTION="block type Illustration"/><OtherTag ID="BT3755" LABEL="header" DESCRIPTION="block type header"/><OtherTag ID="BT3756" LABEL="paragraph" DESCRIPTION="block type paragraph"/><OtherTag ID="BT3757" LABEL="heading" DESCRIPTION="block type heading"/><OtherTag ID="BT3758" LABEL="footnote" DESCRIPTION="block type footnote"/><OtherTag ID="BT3759" LABEL="l-column" DESCRIPTION="block type l-column"/><OtherTag ID="BT3760" LABEL="r-column" DESCRIPTION="block type r-column"/><OtherTag ID="BT3761" LABEL="marginalia" DESCRIPTION="block type marginalia"/><OtherTag ID="BT4125" LABEL="drop-capital" DESCRIPTION="block type drop-capital"/><OtherTag ID="BT4126" LABEL="catch-word" DESCRIPTION="block type catch-word"/><OtherTag ID="BT4127" LABEL="page-number" DESCRIPTION="block type page-number"/><OtherTag ID="BT4128" LABEL="signature-mark" DESCRIPTION="block type signature-mark"/><OtherTag ID="BT4129" LABEL="poem_lg" DESCRIPTION="block type poem_lg"/><OtherTag ID="BT4130" LABEL="endnote" DESCRIPTION="block type endnote"/>
  </Tags>
  <Layout>
    <Page WIDTH="587"
          HEIGHT="920"
          PHYSICAL_IMG_NR="132"
          ID="eSc_dummypage_">
      <PrintSpace HPOS="0"
                  VPOS="0"
                  WIDTH="587"
                  HEIGHT="920">
        <TextBlock HPOS="177.0"
                   VPOS="112.0"
                   WIDTH="278.0"
                   HEIGHT="25.0"
                   ID="region_1718567743043_95"
                   TAGREFS="BT3756">
          <Shape><Polygon POINTS="177 137 455 134 455 112 182 112"/></Shape>
          <TextLine ID="eSc_line_50337134"
                    BASELINE="187 133 449 131" 
                    HPOS="187.0"
                    VPOS="131.0"
                    WIDTH="262.0"
                    HEIGHT="2.0">
	    <String CONTENT=""
                    HPOS="187.0"
                    VPOS="131.0"
                    WIDTH="262.0"
                    HEIGHT="2.0"></String>
          </TextLine>
        </TextBlock>
        <TextBlock HPOS="123.0"
                   VPOS="175.0"
                   WIDTH="359.0"
                   HEIGHT="41.0"
                   ID="region_1718567824959_114"
                   TAGREFS="BT3757">
          <Shape><Polygon POINTS="482 175 123 175 123 216 479 215"/></Shape>
          <TextLine ID="eSc_line_08d84772"
                    BASELINE="131 213 481 210" 
                    HPOS="131.0"
                    VPOS="210.0"
                    WIDTH="350.0"
                    HEIGHT="3.0">
	    <String CONTENT=""
                    HPOS="131.0"
                    VPOS="210.0"
                    WIDTH="350.0"
                    HEIGHT="3.0"></String>
          </TextLine>
        </TextBlock>
        <TextBlock HPOS="129.0"
                   VPOS="233.0"
                   WIDTH="384.0"
                   HEIGHT="124.0"
                   ID="region_1718567836738_117"
                   TAGREFS="BT3756">
          <Shape><Polygon POINTS="129 237 505 233 513 357 129 357"/></Shape>
          <TextLine ID="eSc_line_eb727541"
                    BASELINE="132 256 458 253" 
                    HPOS="132.0"
                    VPOS="253.0"
                    WIDTH="326.0"
                    HEIGHT="3.0">
	    <String CONTENT=""
                    HPOS="132.0"
                    VPOS="253.0"
                    WIDTH="326.0"
                    HEIGHT="3.0"></String>
          </TextLine>
          <TextLine ID="eSc_line_13ad4554"
                    BASELINE="135 282 460 285" 
                    HPOS="135.0"
                    VPOS="282.0"
                    WIDTH="325.0"
                    HEIGHT="3.0">
	    <String CONTENT=""
                    HPOS="135.0"
                    VPOS="282.0"
                    WIDTH="325.0"
                    HEIGHT="3.0"></String>
          </TextLine>
          <TextLine ID="eSc_line_7bbf6a91"
                    BASELINE="135 315 491 315" 
                    HPOS="135.0"
                    VPOS="315.0"
                    WIDTH="356.0"
                    HEIGHT="0.0">
	    <String CONTENT=""
                    HPOS="135.0"
                    VPOS="315.0"
                    WIDTH="356.0"
                    HEIGHT="0.0"></String>
          </TextLine>
          <TextLine ID="eSc_line_c51ceb21"
                    BASELINE="181 350 505 351" 
                    HPOS="181.0"
                    VPOS="350.0"
                    WIDTH="324.0"
                    HEIGHT="1.0">
	    <String CONTENT=""
                    HPOS="181.0"
                    VPOS="350.0"
                    WIDTH="324.0"
                    HEIGHT="1.0"></String>
          </TextLine>
        </TextBlock>
        <TextBlock HPOS="96.0"
                   VPOS="381.0"
                   WIDTH="316.0"
                   HEIGHT="235.0"
                   ID="region_1718567868169_123"
                   TAGREFS="BT3756">
          <Shape><Polygon POINTS="96 413 96 616 412 616 412 381 131 384 127 393 126 412"/></Shape>
          <TextLine ID="eSc_line_540d3eed"
                    BASELINE="130 402 350 401" 
                    HPOS="130.0"
                    VPOS="401.0"
                    WIDTH="220.0"
                    HEIGHT="1.0">
	    <String CONTENT=""
                    HPOS="130.0"
                    VPOS="401.0"
                    WIDTH="220.0"
                    HEIGHT="1.0"></String>
          </TextLine>
          <TextLine ID="eSc_line_363d6371"
                    BASELINE="102 430 377 430" 
                    HPOS="102.0"
                    VPOS="430.0"
                    WIDTH="275.0"
                    HEIGHT="0.0">
	    <String CONTENT=""
                    HPOS="102.0"
                    VPOS="430.0"
                    WIDTH="275.0"
                    HEIGHT="0.0"></String>
          </TextLine>
          <TextLine ID="eSc_line_7f35de02"
                    BASELINE="101 463 354 464" 
                    HPOS="101.0"
                    VPOS="463.0"
                    WIDTH="253.0"
                    HEIGHT="1.0">
	    <String CONTENT=""
                    HPOS="101.0"
                    VPOS="463.0"
                    WIDTH="253.0"
                    HEIGHT="1.0"></String>
          </TextLine>
          <TextLine ID="eSc_line_65a52fad"
                    BASELINE="103 488 350 489" 
                    HPOS="103.0"
                    VPOS="488.0"
                    WIDTH="247.0"
                    HEIGHT="1.0">
	    <String CONTENT=""
                    HPOS="103.0"
                    VPOS="488.0"
                    WIDTH="247.0"
                    HEIGHT="1.0"></String>
          </TextLine>
          <TextLine ID="eSc_line_d900b6d5"
                    BASELINE="102 522 389 522" 
                    HPOS="102.0"
                    VPOS="522.0"
                    WIDTH="287.0"
                    HEIGHT="0.0">
	    <String CONTENT=""
                    HPOS="102.0"
                    VPOS="522.0"
                    WIDTH="287.0"
                    HEIGHT="0.0"></String>
          </TextLine>
          <TextLine ID="eSc_line_c4e3054d"
                    BASELINE="102 553 411 551" 
                    HPOS="102.0"
                    VPOS="551.0"
                    WIDTH="309.0"
                    HEIGHT="2.0">
	    <String CONTENT=""
                    HPOS="102.0"
                    VPOS="551.0"
                    WIDTH="309.0"
                    HEIGHT="2.0"></String>
          </TextLine>
          <TextLine ID="eSc_line_24f7977e"
                    BASELINE="102 582 395 581" 
                    HPOS="102.0"
                    VPOS="581.0"
                    WIDTH="293.0"
                    HEIGHT="1.0">
	    <String CONTENT=""
                    HPOS="102.0"
                    VPOS="581.0"
                    WIDTH="293.0"
                    HEIGHT="1.0"></String>
          </TextLine>
          <TextLine ID="eSc_line_8075f689"
                    BASELINE="103 613 377 611" 
                    HPOS="103.0"
                    VPOS="611.0"
                    WIDTH="274.0"
                    HEIGHT="2.0">
	    <String CONTENT=""
                    HPOS="103.0"
                    VPOS="611.0"
                    WIDTH="274.0"
                    HEIGHT="2.0"></String>
          </TextLine>
        </TextBlock>
        <TextBlock HPOS="96.0"
                   VPOS="634.0"
                   WIDTH="336.0"
                   HEIGHT="140.0"
                   ID="region_1718567882961_126"
                   TAGREFS="BT3756">
          <Shape><Polygon POINTS="96 774 424 773 432 634 96 634"/></Shape>
          <TextLine ID="eSc_line_7fbb718a"
                    BASELINE="137 655 410 655" 
                    HPOS="137.0"
                    VPOS="655.0"
                    WIDTH="273.0"
                    HEIGHT="0.0">
	    <String CONTENT=""
                    HPOS="137.0"
                    VPOS="655.0"
                    WIDTH="273.0"
                    HEIGHT="0.0"></String>
          </TextLine>
          <TextLine ID="eSc_line_4e3b59ac"
                    BASELINE="103 686 368 686" 
                    HPOS="103.0"
                    VPOS="686.0"
                    WIDTH="265.0"
                    HEIGHT="0.0">
	    <String CONTENT=""
                    HPOS="103.0"
                    VPOS="686.0"
                    WIDTH="265.0"
                    HEIGHT="0.0"></String>
          </TextLine>
          <TextLine ID="eSc_line_efcaf1b4"
                    BASELINE="102 716 426 716" 
                    HPOS="102.0"
                    VPOS="716.0"
                    WIDTH="324.0"
                    HEIGHT="0.0">
	    <String CONTENT=""
                    HPOS="102.0"
                    VPOS="716.0"
                    WIDTH="324.0"
                    HEIGHT="0.0"></String>
          </TextLine>
          <TextLine ID="eSc_line_8245e924"
                    BASELINE="103 746 378 744" 
                    HPOS="103.0"
                    VPOS="744.0"
                    WIDTH="275.0"
                    HEIGHT="2.0">
	    <String CONTENT=""
                    HPOS="103.0"
                    VPOS="744.0"
                    WIDTH="275.0"
                    HEIGHT="2.0"></String>
          </TextLine>
          <TextLine ID="eSc_line_8afdbec7"
                    BASELINE="103 772 361 772" 
                    HPOS="103.0"
                    VPOS="772.0"
                    WIDTH="258.0"
                    HEIGHT="0.0">
	    <String CONTENT=""
                    HPOS="103.0"
                    VPOS="772.0"
                    WIDTH="258.0"
                    HEIGHT="0.0"></String>
          </TextLine>
        </TextBlock>
        <TextBlock HPOS="95.0"
                   VPOS="117.0"
                   WIDTH="28.0"
                   HEIGHT="18.0"
                   ID="region_1718567730776_92"
                   TAGREFS="BT3756">
          <Shape><Polygon POINTS="95 117 119 118 123 135 95 135"/></Shape>
        </TextBlock>
        <TextBlock HPOS="95.0"
                   VPOS="366.0"
                   WIDTH="32.0"
                   HEIGHT="43.0"
                   ID="region_1718567852118_120"
                   TAGREFS="BT3756">
          <Shape><Polygon POINTS="100 366 125 366 127 386 122 407 95 409"/></Shape>
        </TextBlock>
      </PrintSpace>
    </Page>
  </Layout>
</alto>
