<?xml version="1.0" encoding="UTF-8"?>
<alto xmlns:xsi="http://www.w3.org/2001/XMLSchema-instance"
      xmlns="http://www.loc.gov/standards/alto/ns-v4#"
      xsi:schemaLocation="http://www.loc.gov/standards/alto/ns-v4# http://www.loc.gov/standards/alto/v4/alto-4-2.xsd">
  <Description>
    <MeasurementUnit>pixel</MeasurementUnit>
    <sourceImageInformation>
      <fileName>1766-71,_Poetische_Werke,_Walthard,_Bd._3_Seite_030_Bild_0001.jpg</fileName>
    </sourceImageInformation>
  </Description>
  <Tags>
    <OtherTag ID="BT1" LABEL="Title" DESCRIPTION="block type Title"/><OtherTag ID="BT2" LABEL="Main" DESCRIPTION="block type Main"/><OtherTag ID="BT3" LABEL="Commentary" DESCRIPTION="block type Commentary"/><OtherTag ID="BT4" LABEL="Illustration" DESCRIPTION="block type Illustration"/><OtherTag ID="BT3755" LABEL="header" DESCRIPTION="block type header"/><OtherTag ID="BT3756" LABEL="paragraph" DESCRIPTION="block type paragraph"/><OtherTag ID="BT3757" LABEL="heading" DESCRIPTION="block type heading"/><OtherTag ID="BT3758" LABEL="footnote" DESCRIPTION="block type footnote"/><OtherTag ID="BT3759" LABEL="l-column" DESCRIPTION="block type l-column"/><OtherTag ID="BT3760" LABEL="r-column" DESCRIPTION="block type r-column"/><OtherTag ID="BT3761" LABEL="marginalia" DESCRIPTION="block type marginalia"/><OtherTag ID="BT4125" LABEL="drop-capital" DESCRIPTION="block type drop-capital"/><OtherTag ID="BT4126" LABEL="catch-word" DESCRIPTION="block type catch-word"/><OtherTag ID="BT4127" LABEL="page-number" DESCRIPTION="block type page-number"/><OtherTag ID="BT4128" LABEL="signature-mark" DESCRIPTION="block type signature-mark"/><OtherTag ID="BT4129" LABEL="poem_lg" DESCRIPTION="block type poem_lg"/><OtherTag ID="BT4130" LABEL="endnote" DESCRIPTION="block type endnote"/>
  </Tags>
  <Layout>
    <Page WIDTH="586"
          HEIGHT="918"
          PHYSICAL_IMG_NR="133"
          ID="eSc_dummypage_">
      <PrintSpace HPOS="0"
                  VPOS="0"
                  WIDTH="586"
                  HEIGHT="918">
        <TextBlock HPOS="177.0"
                   VPOS="116.0"
                   WIDTH="133.0"
                   HEIGHT="22.0"
                   ID="region_1718570574099_200"
                   TAGREFS="BT3756">
          <Shape><Polygon POINTS="177 116 305 116 310 138 177 138"/></Shape>
        </TextBlock>
        <TextBlock HPOS="443.0"
                   VPOS="121.0"
                   WIDTH="21.0"
                   HEIGHT="17.0"
                   ID="region_1718570577694_203"
                   TAGREFS="BT3756">
          <Shape><Polygon POINTS="443 121 464 121 464 138 443 138"/></Shape>
        </TextBlock>
        <TextBlock HPOS="69.0"
                   VPOS="151.0"
                   WIDTH="405.0"
                   HEIGHT="284.0"
                   ID="region_1718570613073_209"
                   TAGREFS="BT3758">
          <Shape><Polygon POINTS="468 157 465 153 462 151 456 156 69 157 69 434 474 435"/></Shape>
        </TextBlock>
        <TextBlock HPOS="49.0"
                   VPOS="453.0"
                   WIDTH="381.0"
                   HEIGHT="86.0"
                   ID="region_1718570628220_212"
                   TAGREFS="BT3758">
          <Shape><Polygon POINTS="49 453 429 453 430 539 54 514"/></Shape>
        </TextBlock>
        <TextBlock HPOS="47.0"
                   VPOS="553.0"
                   WIDTH="376.0"
                   HEIGHT="74.0"
                   ID="region_1718570634826_215"
                   TAGREFS="BT3758">
          <Shape><Polygon POINTS="47 553 423 553 423 626 56 627"/></Shape>
        </TextBlock>
        <TextBlock HPOS="51.0"
                   VPOS="644.0"
                   WIDTH="412.0"
                   HEIGHT="126.0"
                   ID="region_1718570642824_218"
                   TAGREFS="BT3758">
          <Shape><Polygon POINTS="51 644 434 645 463 770 51 770"/></Shape>
        </TextBlock>
        <TextBlock HPOS="260.0"
                   VPOS="771.0"
                   WIDTH="47.0"
                   HEIGHT="20.0"
                   ID="region_1718570651286_221"
                   TAGREFS="BT3756">
          <Shape><Polygon POINTS="260 788 307 791 304 771 260 771"/></Shape>
        </TextBlock>
      </PrintSpace>
    </Page>
  </Layout>
</alto>
