<?xml version="1.0" encoding="UTF-8"?>
<alto xmlns:xsi="http://www.w3.org/2001/XMLSchema-instance"
      xmlns="http://www.loc.gov/standards/alto/ns-v4#"
      xsi:schemaLocation="http://www.loc.gov/standards/alto/ns-v4# http://www.loc.gov/standards/alto/v4/alto-4-2.xsd">
  <Description>
    <MeasurementUnit>pixel</MeasurementUnit>
    <sourceImageInformation>
      <fileName>1766-71,_Poetische_Werke,_Walthard,_Bd._4_Seite_269_Bild_0001.jpg</fileName>
    </sourceImageInformation>
  </Description>
  <Tags>
    <OtherTag ID="BT1" LABEL="Title" DESCRIPTION="block type Title"/><OtherTag ID="BT2" LABEL="Main" DESCRIPTION="block type Main"/><OtherTag ID="BT3" LABEL="Commentary" DESCRIPTION="block type Commentary"/><OtherTag ID="BT4" LABEL="Illustration" DESCRIPTION="block type Illustration"/><OtherTag ID="BT3755" LABEL="header" DESCRIPTION="block type header"/><OtherTag ID="BT3756" LABEL="paragraph" DESCRIPTION="block type paragraph"/><OtherTag ID="BT3757" LABEL="heading" DESCRIPTION="block type heading"/><OtherTag ID="BT3758" LABEL="footnote" DESCRIPTION="block type footnote"/><OtherTag ID="BT3759" LABEL="l-column" DESCRIPTION="block type l-column"/><OtherTag ID="BT3760" LABEL="r-column" DESCRIPTION="block type r-column"/><OtherTag ID="BT3761" LABEL="marginalia" DESCRIPTION="block type marginalia"/><OtherTag ID="BT4125" LABEL="drop-capital" DESCRIPTION="block type drop-capital"/><OtherTag ID="BT4126" LABEL="catch-word" DESCRIPTION="block type catch-word"/><OtherTag ID="BT4127" LABEL="page-number" DESCRIPTION="block type page-number"/><OtherTag ID="BT4128" LABEL="signature-mark" DESCRIPTION="block type signature-mark"/><OtherTag ID="BT4129" LABEL="poem_lg" DESCRIPTION="block type poem_lg"/><OtherTag ID="BT4130" LABEL="endnote" DESCRIPTION="block type endnote"/>
  </Tags>
  <Layout>
    <Page WIDTH="583"
          HEIGHT="915"
          PHYSICAL_IMG_NR="136"
          ID="eSc_dummypage_">
      <PrintSpace HPOS="0"
                  VPOS="0"
                  WIDTH="583"
                  HEIGHT="915">
        <TextBlock HPOS="121.0"
                   VPOS="146.0"
                   WIDTH="404.0"
                   HEIGHT="38.0"
                   ID="region_1719259142803_221"
                   TAGREFS="BT3758">
          <Shape><Polygon POINTS="121 146 521 146 525 178 121 184"/></Shape>
          <TextLine ID="eSc_line_bbe896da"
                    BASELINE="124 164 517 162" 
                    HPOS="124.0"
                    VPOS="162.0"
                    WIDTH="393.0"
                    HEIGHT="2.0">
	    <String CONTENT=""
                    HPOS="124.0"
                    VPOS="162.0"
                    WIDTH="393.0"
                    HEIGHT="2.0"></String>
          </TextLine>
          <TextLine ID="eSc_line_25648328"
                    BASELINE="143 178 218 178" 
                    HPOS="143.0"
                    VPOS="178.0"
                    WIDTH="75.0"
                    HEIGHT="0.0">
	    <String CONTENT=""
                    HPOS="143.0"
                    VPOS="178.0"
                    WIDTH="75.0"
                    HEIGHT="0.0"></String>
          </TextLine>
        </TextBlock>
        <TextBlock HPOS="116.0"
                   VPOS="195.0"
                   WIDTH="408.0"
                   HEIGHT="96.0"
                   ID="TextRegion_1720863169430_215"
                   TAGREFS="BT3758">
          <Shape><Polygon POINTS="116 198 524 195 524 291 121 291"/></Shape>
          <TextLine ID="eSc_line_f00c5e84"
                    BASELINE="125 216 523 218" 
                    HPOS="125.0"
                    VPOS="216.0"
                    WIDTH="398.0"
                    HEIGHT="2.0">
	    <String CONTENT=""
                    HPOS="125.0"
                    VPOS="216.0"
                    WIDTH="398.0"
                    HEIGHT="2.0"></String>
          </TextLine>
          <TextLine ID="eSc_line_3cf23a91"
                    BASELINE="143 234 522 234" 
                    HPOS="143.0"
                    VPOS="234.0"
                    WIDTH="379.0"
                    HEIGHT="0.0">
	    <String CONTENT=""
                    HPOS="143.0"
                    VPOS="234.0"
                    WIDTH="379.0"
                    HEIGHT="0.0"></String>
          </TextLine>
          <TextLine ID="eSc_line_765e141e"
                    BASELINE="143 248 522 248" 
                    HPOS="143.0"
                    VPOS="248.0"
                    WIDTH="379.0"
                    HEIGHT="0.0">
	    <String CONTENT=""
                    HPOS="143.0"
                    VPOS="248.0"
                    WIDTH="379.0"
                    HEIGHT="0.0"></String>
          </TextLine>
          <TextLine ID="eSc_line_3ed5935e"
                    BASELINE="143 269 522 269" 
                    HPOS="143.0"
                    VPOS="269.0"
                    WIDTH="379.0"
                    HEIGHT="0.0">
	    <String CONTENT=""
                    HPOS="143.0"
                    VPOS="269.0"
                    WIDTH="379.0"
                    HEIGHT="0.0"></String>
          </TextLine>
          <TextLine ID="eSc_line_35555adf"
                    BASELINE="143 285 240 284" 
                    HPOS="143.0"
                    VPOS="284.0"
                    WIDTH="97.0"
                    HEIGHT="1.0">
	    <String CONTENT=""
                    HPOS="143.0"
                    VPOS="284.0"
                    WIDTH="97.0"
                    HEIGHT="1.0"></String>
          </TextLine>
        </TextBlock>
        <TextBlock HPOS="225.0"
                   VPOS="101.0"
                   WIDTH="174.0"
                   HEIGHT="23.0"
                   ID="region_1719259084756_207"
                   TAGREFS="BT3756">
          <Shape><Polygon POINTS="225 124 399 124 399 101 225 106"/></Shape>
          <TextLine ID="eSc_line_ab838e7b"
                    BASELINE="229 120 397 120" 
                    HPOS="229.0"
                    VPOS="120.0"
                    WIDTH="168.0"
                    HEIGHT="0.0">
	    <String CONTENT=""
                    HPOS="229.0"
                    VPOS="120.0"
                    WIDTH="168.0"
                    HEIGHT="0.0"></String>
          </TextLine>
        </TextBlock>
        <TextBlock HPOS="188.0"
                   VPOS="296.0"
                   WIDTH="302.0"
                   HEIGHT="74.0"
                   ID="TextRegion_1720863193302_220"
                   TAGREFS="BT3756">
          <Shape><Polygon POINTS="188 296 432 297 490 370 188 370"/></Shape>
          <TextLine ID="eSc_line_db871769"
                    BASELINE="193 312 375 312" 
                    HPOS="193.0"
                    VPOS="312.0"
                    WIDTH="182.0"
                    HEIGHT="0.0">
	    <String CONTENT=""
                    HPOS="193.0"
                    VPOS="312.0"
                    WIDTH="182.0"
                    HEIGHT="0.0"></String>
          </TextLine>
          <TextLine ID="eSc_line_8e2a4b6d"
                    BASELINE="193 331 383 332" 
                    HPOS="193.0"
                    VPOS="331.0"
                    WIDTH="190.0"
                    HEIGHT="1.0">
	    <String CONTENT=""
                    HPOS="193.0"
                    VPOS="331.0"
                    WIDTH="190.0"
                    HEIGHT="1.0"></String>
          </TextLine>
          <TextLine ID="eSc_line_b4b8b687"
                    BASELINE="191 346 447 347" 
                    HPOS="191.0"
                    VPOS="346.0"
                    WIDTH="256.0"
                    HEIGHT="1.0">
	    <String CONTENT=""
                    HPOS="191.0"
                    VPOS="346.0"
                    WIDTH="256.0"
                    HEIGHT="1.0"></String>
          </TextLine>
          <TextLine ID="eSc_line_b84fe6d6"
                    BASELINE="323 365 484 367" 
                    HPOS="323.0"
                    VPOS="365.0"
                    WIDTH="161.0"
                    HEIGHT="2.0">
	    <String CONTENT=""
                    HPOS="323.0"
                    VPOS="365.0"
                    WIDTH="161.0"
                    HEIGHT="2.0"></String>
          </TextLine>
        </TextBlock>
        <TextBlock HPOS="131.0"
                   VPOS="373.0"
                   WIDTH="393.0"
                   HEIGHT="66.0"
                   ID="TextRegion_1720863200611_225"
                   TAGREFS="BT3758">
          <Shape><Polygon POINTS="133 376 524 373 524 439 131 436"/></Shape>
          <TextLine ID="eSc_line_3e2e59cd"
                    BASELINE="142 398 522 393" 
                    HPOS="142.0"
                    VPOS="393.0"
                    WIDTH="380.0"
                    HEIGHT="5.0">
	    <String CONTENT=""
                    HPOS="142.0"
                    VPOS="393.0"
                    WIDTH="380.0"
                    HEIGHT="5.0"></String>
          </TextLine>
          <TextLine ID="eSc_line_03744783"
                    BASELINE="142 413 522 414" 
                    HPOS="142.0"
                    VPOS="413.0"
                    WIDTH="380.0"
                    HEIGHT="1.0">
	    <String CONTENT=""
                    HPOS="142.0"
                    VPOS="413.0"
                    WIDTH="380.0"
                    HEIGHT="1.0"></String>
          </TextLine>
          <TextLine ID="eSc_line_331b27f8"
                    BASELINE="137 431 289 429" 
                    HPOS="137.0"
                    VPOS="429.0"
                    WIDTH="152.0"
                    HEIGHT="2.0">
	    <String CONTENT=""
                    HPOS="137.0"
                    VPOS="429.0"
                    WIDTH="152.0"
                    HEIGHT="2.0"></String>
          </TextLine>
        </TextBlock>
        <TextBlock HPOS="144.0"
                   VPOS="441.0"
                   WIDTH="356.0"
                   HEIGHT="98.0"
                   ID="TextRegion_1720863200611_224"
                   TAGREFS="BT3756">
          <Shape><Polygon POINTS="145 441 500 443 500 539 144 530"/></Shape>
          <TextLine ID="eSc_line_17dabdd9"
                    BASELINE="149 457 440 459" 
                    HPOS="149.0"
                    VPOS="457.0"
                    WIDTH="291.0"
                    HEIGHT="2.0">
	    <String CONTENT=""
                    HPOS="149.0"
                    VPOS="457.0"
                    WIDTH="291.0"
                    HEIGHT="2.0"></String>
          </TextLine>
          <TextLine ID="eSc_line_589170fe"
                    BASELINE="154 474 445 475" 
                    HPOS="154.0"
                    VPOS="474.0"
                    WIDTH="291.0"
                    HEIGHT="1.0">
	    <String CONTENT=""
                    HPOS="154.0"
                    VPOS="474.0"
                    WIDTH="291.0"
                    HEIGHT="1.0"></String>
          </TextLine>
          <TextLine ID="eSc_line_b7aa5469"
                    BASELINE="152 492 498 494" 
                    HPOS="152.0"
                    VPOS="492.0"
                    WIDTH="346.0"
                    HEIGHT="2.0">
	    <String CONTENT=""
                    HPOS="152.0"
                    VPOS="492.0"
                    WIDTH="346.0"
                    HEIGHT="2.0"></String>
          </TextLine>
          <TextLine ID="eSc_line_91241dd0"
                    BASELINE="153 511 305 509" 
                    HPOS="153.0"
                    VPOS="509.0"
                    WIDTH="152.0"
                    HEIGHT="2.0">
	    <String CONTENT=""
                    HPOS="153.0"
                    VPOS="509.0"
                    WIDTH="152.0"
                    HEIGHT="2.0"></String>
          </TextLine>
          <TextLine ID="eSc_line_36e2d2bd"
                    BASELINE="288 526 474 530" 
                    HPOS="288.0"
                    VPOS="526.0"
                    WIDTH="186.0"
                    HEIGHT="4.0">
	    <String CONTENT=""
                    HPOS="288.0"
                    VPOS="526.0"
                    WIDTH="186.0"
                    HEIGHT="4.0"></String>
          </TextLine>
        </TextBlock>
        <TextBlock HPOS="104.0"
                   VPOS="111.0"
                   WIDTH="31.0"
                   HEIGHT="19.0"
                   ID="region_1719259076286_204"
                   TAGREFS="BT3756">
          <Shape><Polygon POINTS="135 127 104 130 106 111 135 111"/></Shape>
        </TextBlock>
      </PrintSpace>
    </Page>
  </Layout>
</alto>
