<?xml version="1.0" encoding="UTF-8"?>
<alto xmlns:xsi="http://www.w3.org/2001/XMLSchema-instance"
      xmlns="http://www.loc.gov/standards/alto/ns-v4#"
      xsi:schemaLocation="http://www.loc.gov/standards/alto/ns-v4# http://www.loc.gov/standards/alto/v4/alto-4-2.xsd">
  <Description>
    <MeasurementUnit>pixel</MeasurementUnit>
    <sourceImageInformation>
      <fileName>1766-71,_Poetische_Werke,_Walthard,_Bd._2_Seite_034_Bild_0001.jpg</fileName>
    </sourceImageInformation>
  </Description>
  <Tags>
    <OtherTag ID="BT1" LABEL="Title" DESCRIPTION="block type Title"/><OtherTag ID="BT2" LABEL="Main" DESCRIPTION="block type Main"/><OtherTag ID="BT3" LABEL="Commentary" DESCRIPTION="block type Commentary"/><OtherTag ID="BT4" LABEL="Illustration" DESCRIPTION="block type Illustration"/><OtherTag ID="BT3755" LABEL="header" DESCRIPTION="block type header"/><OtherTag ID="BT3756" LABEL="paragraph" DESCRIPTION="block type paragraph"/><OtherTag ID="BT3757" LABEL="heading" DESCRIPTION="block type heading"/><OtherTag ID="BT3758" LABEL="footnote" DESCRIPTION="block type footnote"/><OtherTag ID="BT3759" LABEL="l-column" DESCRIPTION="block type l-column"/><OtherTag ID="BT3760" LABEL="r-column" DESCRIPTION="block type r-column"/><OtherTag ID="BT3761" LABEL="marginalia" DESCRIPTION="block type marginalia"/><OtherTag ID="BT4125" LABEL="drop-capital" DESCRIPTION="block type drop-capital"/><OtherTag ID="BT4126" LABEL="catch-word" DESCRIPTION="block type catch-word"/><OtherTag ID="BT4127" LABEL="page-number" DESCRIPTION="block type page-number"/><OtherTag ID="BT4128" LABEL="signature-mark" DESCRIPTION="block type signature-mark"/><OtherTag ID="BT4129" LABEL="poem_lg" DESCRIPTION="block type poem_lg"/><OtherTag ID="BT4130" LABEL="endnote" DESCRIPTION="block type endnote"/>
  </Tags>
  <Layout>
    <Page WIDTH="578"
          HEIGHT="915"
          PHYSICAL_IMG_NR="131"
          ID="eSc_dummypage_">
      <PrintSpace HPOS="0"
                  VPOS="0"
                  WIDTH="578"
                  HEIGHT="915">
        <TextBlock HPOS="215.0"
                   VPOS="106.0"
                   WIDTH="130.0"
                   HEIGHT="22.0"
                   ID="region_1718564722093_751"
                   TAGREFS="BT3756">
          <Shape><Polygon POINTS="215 106 345 106 344 128 215 128"/></Shape>
        </TextBlock>
        <TextBlock HPOS="453.0"
                   VPOS="109.0"
                   WIDTH="25.0"
                   HEIGHT="21.0"
                   ID="region_1718564725476_754"
                   TAGREFS="BT3756">
          <Shape><Polygon POINTS="453 109 478 109 474 130 453 130"/></Shape>
        </TextBlock>
        <TextBlock HPOS="64.0"
                   VPOS="147.0"
                   WIDTH="420.0"
                   HEIGHT="112.0"
                   ID="region_1718564754110_760"
                   TAGREFS="BT3756">
          <Shape><Polygon POINTS="64 257 484 259 475 147 64 147"/></Shape>
        </TextBlock>
        <TextBlock HPOS="98.0"
                   VPOS="324.0"
                   WIDTH="332.0"
                   HEIGHT="112.0"
                   ID="region_1718564807612_766"
                   TAGREFS="BT3756">
          <Shape><Polygon POINTS="98 324 430 324 421 436 98 436"/></Shape>
        </TextBlock>
        <TextBlock HPOS="66.0"
                   VPOS="515.0"
                   WIDTH="422.0"
                   HEIGHT="163.0"
                   ID="region_1718564842325_772"
                   TAGREFS="BT3758">
          <Shape><Polygon POINTS="66 515 488 515 488 678 71 675"/></Shape>
        </TextBlock>
        <TextBlock HPOS="68.0"
                   VPOS="701.0"
                   WIDTH="420.0"
                   HEIGHT="56.0"
                   ID="region_1718564859460_775"
                   TAGREFS="BT3758">
          <Shape><Polygon POINTS="68 701 488 701 488 757 74 756"/></Shape>
        </TextBlock>
        <TextBlock HPOS="353.0"
                   VPOS="768.0"
                   WIDTH="38.0"
                   HEIGHT="28.0"
                   ID="region_1718564864041_778"
                   TAGREFS="BT3756">
          <Shape><Polygon POINTS="353 768 391 768 391 796 357 794"/></Shape>
        </TextBlock>
      </PrintSpace>
    </Page>
  </Layout>
</alto>
