<?xml version="1.0" encoding="UTF-8"?>
<alto xmlns:xsi="http://www.w3.org/2001/XMLSchema-instance"
      xmlns="http://www.loc.gov/standards/alto/ns-v4#"
      xsi:schemaLocation="http://www.loc.gov/standards/alto/ns-v4# http://www.loc.gov/standards/alto/v4/alto-4-2.xsd">
  <Description>
    <MeasurementUnit>pixel</MeasurementUnit>
    <sourceImageInformation>
      <fileName>1766-71,_Poetische_Werke,_Walthard,_Bd._4_Seite_267_Bild_0001.jpg</fileName>
    </sourceImageInformation>
  </Description>
  <Tags>
    <OtherTag ID="BT1" LABEL="Title" DESCRIPTION="block type Title"/><OtherTag ID="BT2" LABEL="Main" DESCRIPTION="block type Main"/><OtherTag ID="BT3" LABEL="Commentary" DESCRIPTION="block type Commentary"/><OtherTag ID="BT4" LABEL="Illustration" DESCRIPTION="block type Illustration"/><OtherTag ID="BT3755" LABEL="header" DESCRIPTION="block type header"/><OtherTag ID="BT3756" LABEL="paragraph" DESCRIPTION="block type paragraph"/><OtherTag ID="BT3757" LABEL="heading" DESCRIPTION="block type heading"/><OtherTag ID="BT3758" LABEL="footnote" DESCRIPTION="block type footnote"/><OtherTag ID="BT3759" LABEL="l-column" DESCRIPTION="block type l-column"/><OtherTag ID="BT3760" LABEL="r-column" DESCRIPTION="block type r-column"/><OtherTag ID="BT3761" LABEL="marginalia" DESCRIPTION="block type marginalia"/><OtherTag ID="BT4125" LABEL="drop-capital" DESCRIPTION="block type drop-capital"/><OtherTag ID="BT4126" LABEL="catch-word" DESCRIPTION="block type catch-word"/><OtherTag ID="BT4127" LABEL="page-number" DESCRIPTION="block type page-number"/><OtherTag ID="BT4128" LABEL="signature-mark" DESCRIPTION="block type signature-mark"/><OtherTag ID="BT4129" LABEL="poem_lg" DESCRIPTION="block type poem_lg"/><OtherTag ID="BT4130" LABEL="endnote" DESCRIPTION="block type endnote"/>
  </Tags>
  <Layout>
    <Page WIDTH="569"
          HEIGHT="917"
          PHYSICAL_IMG_NR="135"
          ID="eSc_dummypage_">
      <PrintSpace HPOS="0"
                  VPOS="0"
                  WIDTH="569"
                  HEIGHT="917">
        <TextBlock HPOS="109.0"
                   VPOS="102.0"
                   WIDTH="34.0"
                   HEIGHT="18.0"
                   ID="region_1719258772312_137"
                   TAGREFS="BT3756">
          <Shape><Polygon POINTS="109 105 143 102 143 119 110 120"/></Shape>
        </TextBlock>
        <TextBlock HPOS="225.0"
                   VPOS="92.0"
                   WIDTH="189.0"
                   HEIGHT="26.0"
                   ID="region_1719258777947_140"
                   TAGREFS="BT3756">
          <Shape><Polygon POINTS="225 92 408 93 414 118 225 118"/></Shape>
        </TextBlock>
        <TextBlock HPOS="147.0"
                   VPOS="136.0"
                   WIDTH="388.0"
                   HEIGHT="43.0"
                   ID="region_1719258798681_146"
                   TAGREFS="BT3758">
          <Shape><Polygon POINTS="147 179 535 174 533 136 147 136"/></Shape>
        </TextBlock>
        <TextBlock HPOS="132.0"
                   VPOS="187.0"
                   WIDTH="385.0"
                   HEIGHT="29.0"
                   ID="region_1719258805427_149"
                   TAGREFS="BT3758">
          <Shape><Polygon POINTS="133 193 517 187 516 216 132 216"/></Shape>
        </TextBlock>
        <TextBlock HPOS="131.0"
                   VPOS="228.0"
                   WIDTH="411.0"
                   HEIGHT="421.0"
                   ID="region_1719258811574_152"
                   TAGREFS="BT3758">
          <Shape><Polygon POINTS="131 228 541 228 542 643 148 649"/></Shape>
        </TextBlock>
        <TextBlock HPOS="139.0"
                   VPOS="663.0"
                   WIDTH="401.0"
                   HEIGHT="58.0"
                   ID="region_1719258819355_155"
                   TAGREFS="BT3758">
          <Shape><Polygon POINTS="540 663 139 664 145 721 540 721"/></Shape>
        </TextBlock>
        <TextBlock HPOS="139.0"
                   VPOS="739.0"
                   WIDTH="85.0"
                   HEIGHT="23.0"
                   ID="region_1719258824874_158"
                   TAGREFS="BT3758">
          <Shape><Polygon POINTS="224 759 139 762 139 739 224 739"/></Shape>
        </TextBlock>
      </PrintSpace>
    </Page>
  </Layout>
</alto>
