<?xml version="1.0" encoding="UTF-8"?>
<alto xmlns:xsi="http://www.w3.org/2001/XMLSchema-instance"
      xmlns="http://www.loc.gov/standards/alto/ns-v4#"
      xsi:schemaLocation="http://www.loc.gov/standards/alto/ns-v4# http://www.loc.gov/standards/alto/v4/alto-4-2.xsd">
  <Description>
    <MeasurementUnit>pixel</MeasurementUnit>
    <sourceImageInformation>
      <fileName>1766-71,_Poetische_Werke,_Walthard,_Bd._5_Seite_173_Bild_0001.jpg</fileName>
    </sourceImageInformation>
  </Description>
  <Tags>
    <OtherTag ID="BT1" LABEL="Title" DESCRIPTION="block type Title"/><OtherTag ID="BT2" LABEL="Main" DESCRIPTION="block type Main"/><OtherTag ID="BT3" LABEL="Commentary" DESCRIPTION="block type Commentary"/><OtherTag ID="BT4" LABEL="Illustration" DESCRIPTION="block type Illustration"/><OtherTag ID="BT3755" LABEL="header" DESCRIPTION="block type header"/><OtherTag ID="BT3756" LABEL="paragraph" DESCRIPTION="block type paragraph"/><OtherTag ID="BT3757" LABEL="heading" DESCRIPTION="block type heading"/><OtherTag ID="BT3758" LABEL="footnote" DESCRIPTION="block type footnote"/><OtherTag ID="BT3759" LABEL="l-column" DESCRIPTION="block type l-column"/><OtherTag ID="BT3760" LABEL="r-column" DESCRIPTION="block type r-column"/><OtherTag ID="BT3761" LABEL="marginalia" DESCRIPTION="block type marginalia"/><OtherTag ID="BT4125" LABEL="drop-capital" DESCRIPTION="block type drop-capital"/><OtherTag ID="BT4126" LABEL="catch-word" DESCRIPTION="block type catch-word"/><OtherTag ID="BT4127" LABEL="page-number" DESCRIPTION="block type page-number"/><OtherTag ID="BT4128" LABEL="signature-mark" DESCRIPTION="block type signature-mark"/><OtherTag ID="BT4129" LABEL="poem_lg" DESCRIPTION="block type poem_lg"/><OtherTag ID="BT4130" LABEL="endnote" DESCRIPTION="block type endnote"/>
  </Tags>
  <Layout>
    <Page WIDTH="556"
          HEIGHT="914"
          PHYSICAL_IMG_NR="138"
          ID="eSc_dummypage_">
      <PrintSpace HPOS="0"
                  VPOS="0"
                  WIDTH="556"
                  HEIGHT="914">
        <TextBlock HPOS="114.0"
                   VPOS="141.0"
                   WIDTH="355.0"
                   HEIGHT="206.0"
                   ID="region_1719316816806_760"
                   TAGREFS="BT3758">
          <Shape><Polygon POINTS="114 141 469 141 449 344 114 347"/></Shape>
          <TextLine ID="eSc_line_6898602b"
                    BASELINE="120 156 464 153" 
                    HPOS="120.0"
                    VPOS="153.0"
                    WIDTH="344.0"
                    HEIGHT="3.0">
	    <String CONTENT=""
                    HPOS="120.0"
                    VPOS="153.0"
                    WIDTH="344.0"
                    HEIGHT="3.0"></String>
          </TextLine>
          <TextLine ID="eSc_line_f8149ac6"
                    BASELINE="120 172 457 167" 
                    HPOS="120.0"
                    VPOS="167.0"
                    WIDTH="337.0"
                    HEIGHT="5.0">
	    <String CONTENT=""
                    HPOS="120.0"
                    VPOS="167.0"
                    WIDTH="337.0"
                    HEIGHT="5.0"></String>
          </TextLine>
          <TextLine ID="eSc_line_c3f008fc"
                    BASELINE="136 192 388 187" 
                    HPOS="136.0"
                    VPOS="187.0"
                    WIDTH="252.0"
                    HEIGHT="5.0">
	    <String CONTENT=""
                    HPOS="136.0"
                    VPOS="187.0"
                    WIDTH="252.0"
                    HEIGHT="5.0"></String>
          </TextLine>
          <TextLine ID="eSc_line_fea5c5d5"
                    BASELINE="118 208 456 205" 
                    HPOS="118.0"
                    VPOS="205.0"
                    WIDTH="338.0"
                    HEIGHT="3.0">
	    <String CONTENT=""
                    HPOS="118.0"
                    VPOS="205.0"
                    WIDTH="338.0"
                    HEIGHT="3.0"></String>
          </TextLine>
          <TextLine ID="eSc_line_4a2a184e"
                    BASELINE="141 224 386 220" 
                    HPOS="141.0"
                    VPOS="220.0"
                    WIDTH="245.0"
                    HEIGHT="4.0">
	    <String CONTENT=""
                    HPOS="141.0"
                    VPOS="220.0"
                    WIDTH="245.0"
                    HEIGHT="4.0"></String>
          </TextLine>
          <TextLine ID="eSc_line_7b5a209c"
                    BASELINE="120 243 418 237" 
                    HPOS="120.0"
                    VPOS="237.0"
                    WIDTH="298.0"
                    HEIGHT="6.0">
	    <String CONTENT=""
                    HPOS="120.0"
                    VPOS="237.0"
                    WIDTH="298.0"
                    HEIGHT="6.0"></String>
          </TextLine>
          <TextLine ID="eSc_line_1fa014cd"
                    BASELINE="134 259 402 255" 
                    HPOS="134.0"
                    VPOS="255.0"
                    WIDTH="268.0"
                    HEIGHT="4.0">
	    <String CONTENT=""
                    HPOS="134.0"
                    VPOS="255.0"
                    WIDTH="268.0"
                    HEIGHT="4.0"></String>
          </TextLine>
          <TextLine ID="eSc_line_b5e9b7b1"
                    BASELINE="117 275 450 271" 
                    HPOS="117.0"
                    VPOS="271.0"
                    WIDTH="333.0"
                    HEIGHT="4.0">
	    <String CONTENT=""
                    HPOS="117.0"
                    VPOS="271.0"
                    WIDTH="333.0"
                    HEIGHT="4.0"></String>
          </TextLine>
          <TextLine ID="eSc_line_34366b73"
                    BASELINE="136 292 397 290" 
                    HPOS="136.0"
                    VPOS="290.0"
                    WIDTH="261.0"
                    HEIGHT="2.0">
	    <String CONTENT=""
                    HPOS="136.0"
                    VPOS="290.0"
                    WIDTH="261.0"
                    HEIGHT="2.0"></String>
          </TextLine>
          <TextLine ID="eSc_line_d5382935"
                    BASELINE="117 313 439 307" 
                    HPOS="117.0"
                    VPOS="307.0"
                    WIDTH="322.0"
                    HEIGHT="6.0">
	    <String CONTENT=""
                    HPOS="117.0"
                    VPOS="307.0"
                    WIDTH="322.0"
                    HEIGHT="6.0"></String>
          </TextLine>
          <TextLine ID="eSc_line_7c840394"
                    BASELINE="135 327 380 324" 
                    HPOS="135.0"
                    VPOS="324.0"
                    WIDTH="245.0"
                    HEIGHT="3.0">
	    <String CONTENT=""
                    HPOS="135.0"
                    VPOS="324.0"
                    WIDTH="245.0"
                    HEIGHT="3.0"></String>
          </TextLine>
          <TextLine ID="eSc_line_b6f92965"
                    BASELINE="181 343 293 342" 
                    HPOS="181.0"
                    VPOS="342.0"
                    WIDTH="112.0"
                    HEIGHT="1.0">
	    <String CONTENT=""
                    HPOS="181.0"
                    VPOS="342.0"
                    WIDTH="112.0"
                    HEIGHT="1.0"></String>
          </TextLine>
        </TextBlock>
        <TextBlock HPOS="170.0"
                   VPOS="95.0"
                   WIDTH="273.0"
                   HEIGHT="26.0"
                   ID="region_1719316793617_754"
                   TAGREFS="BT3756">
          <Shape><Polygon POINTS="170 121 443 119 443 95 172 101"/></Shape>
          <TextLine ID="eSc_line_9866e811"
                    BASELINE="176 119 443 115" 
                    HPOS="176.0"
                    VPOS="115.0"
                    WIDTH="267.0"
                    HEIGHT="4.0">
	    <String CONTENT=""
                    HPOS="176.0"
                    VPOS="115.0"
                    WIDTH="267.0"
                    HEIGHT="4.0"></String>
          </TextLine>
        </TextBlock>
        <TextBlock HPOS="221.0"
                   VPOS="368.0"
                   WIDTH="166.0"
                   HEIGHT="36.0"
                   ID="region_1719316838614_767"
                   TAGREFS="BT3757">
          <Shape><Polygon POINTS="221 368 387 368 381 404 221 404"/></Shape>
          <TextLine ID="eSc_line_9e7cee24"
                    BASELINE="227 401 377 399" 
                    HPOS="227.0"
                    VPOS="399.0"
                    WIDTH="150.0"
                    HEIGHT="2.0">
	    <String CONTENT=""
                    HPOS="227.0"
                    VPOS="399.0"
                    WIDTH="150.0"
                    HEIGHT="2.0"></String>
          </TextLine>
        </TextBlock>
        <TextBlock HPOS="97.0"
                   VPOS="436.0"
                   WIDTH="402.0"
                   HEIGHT="118.0"
                   ID="region_1719316857304_776"
                   TAGREFS="BT3756">
          <Shape><Polygon POINTS="97 463 101 554 499 554 499 437 134 436 134 463"/></Shape>
          <TextLine ID="eSc_line_ef88e129"
                    BASELINE="137 460 382 457" 
                    HPOS="137.0"
                    VPOS="457.0"
                    WIDTH="245.0"
                    HEIGHT="3.0">
	    <String CONTENT=""
                    HPOS="137.0"
                    VPOS="457.0"
                    WIDTH="245.0"
                    HEIGHT="3.0"></String>
          </TextLine>
          <TextLine ID="eSc_line_87f93761"
                    BASELINE="103 490 498 485" 
                    HPOS="103.0"
                    VPOS="485.0"
                    WIDTH="395.0"
                    HEIGHT="5.0">
	    <String CONTENT=""
                    HPOS="103.0"
                    VPOS="485.0"
                    WIDTH="395.0"
                    HEIGHT="5.0"></String>
          </TextLine>
          <TextLine ID="eSc_line_2c667f3b"
                    BASELINE="103 518 485 518" 
                    HPOS="103.0"
                    VPOS="518.0"
                    WIDTH="382.0"
                    HEIGHT="0.0">
	    <String CONTENT=""
                    HPOS="103.0"
                    VPOS="518.0"
                    WIDTH="382.0"
                    HEIGHT="0.0"></String>
          </TextLine>
          <TextLine ID="eSc_line_a34d0767"
                    BASELINE="103 549 322 546" 
                    HPOS="103.0"
                    VPOS="546.0"
                    WIDTH="219.0"
                    HEIGHT="3.0">
	    <String CONTENT=""
                    HPOS="103.0"
                    VPOS="546.0"
                    WIDTH="219.0"
                    HEIGHT="3.0"></String>
          </TextLine>
        </TextBlock>
        <TextBlock HPOS="115.0"
                   VPOS="574.0"
                   WIDTH="246.0"
                   HEIGHT="27.0"
                   ID="region_1719316846211_770"
                   TAGREFS="BT3758">
          <Shape><Polygon POINTS="115 574 361 574 361 601 120 600"/></Shape>
          <TextLine ID="eSc_line_55ac35ac"
                    BASELINE="121 595 360 595" 
                    HPOS="121.0"
                    VPOS="595.0"
                    WIDTH="239.0"
                    HEIGHT="0.0">
	    <String CONTENT=""
                    HPOS="121.0"
                    VPOS="595.0"
                    WIDTH="239.0"
                    HEIGHT="0.0"></String>
          </TextLine>
        </TextBlock>
        <TextBlock HPOS="160.0"
                   VPOS="629.0"
                   WIDTH="292.0"
                   HEIGHT="34.0"
                   ID="region_1719316862469_779"
                   TAGREFS="BT3757">
          <Shape><Polygon POINTS="160 629 452 629 452 663 165 662"/></Shape>
          <TextLine ID="eSc_line_c0ae4635"
                    BASELINE="168 658 450 656" 
                    HPOS="168.0"
                    VPOS="656.0"
                    WIDTH="282.0"
                    HEIGHT="2.0">
	    <String CONTENT=""
                    HPOS="168.0"
                    VPOS="656.0"
                    WIDTH="282.0"
                    HEIGHT="2.0"></String>
          </TextLine>
        </TextBlock>
        <TextBlock HPOS="100.0"
                   VPOS="697.0"
                   WIDTH="71.0"
                   HEIGHT="27.0"
                   ID="region_1737552857480_913"
                   TAGREFS="BT3756">
          <Shape><Polygon POINTS="100 697 171 701 169 724 100 722"/></Shape>
          <TextLine ID="eSc_line_7657653c"
                    BASELINE="102 720 166 721" 
                    HPOS="102.0"
                    VPOS="720.0"
                    WIDTH="64.0"
                    HEIGHT="1.0">
	    <String CONTENT=""
                    HPOS="102.0"
                    VPOS="720.0"
                    WIDTH="64.0"
                    HEIGHT="1.0"></String>
          </TextLine>
        </TextBlock>
        <TextBlock HPOS="180.0"
                   VPOS="693.0"
                   WIDTH="286.0"
                   HEIGHT="62.0"
                   ID="TextRegion_1737552804206_897"
                   TAGREFS="BT3756">
          <Shape><Polygon POINTS="208 699 464 693 466 755 180 755 181 731 208 725"/></Shape>
          <TextLine ID="eSc_line_9d35a2f7"
                    BASELINE="210 720 463 718" 
                    HPOS="210.0"
                    VPOS="718.0"
                    WIDTH="253.0"
                    HEIGHT="2.0">
	    <String CONTENT=""
                    HPOS="210.0"
                    VPOS="718.0"
                    WIDTH="253.0"
                    HEIGHT="2.0"></String>
          </TextLine>
          <TextLine ID="eSc_line_26ee16a4"
                    BASELINE="182 753 464 750" 
                    HPOS="182.0"
                    VPOS="750.0"
                    WIDTH="282.0"
                    HEIGHT="3.0">
	    <String CONTENT=""
                    HPOS="182.0"
                    VPOS="750.0"
                    WIDTH="282.0"
                    HEIGHT="3.0"></String>
          </TextLine>
        </TextBlock>
        <TextBlock HPOS="183.0"
                   VPOS="686.0"
                   WIDTH="24.0"
                   HEIGHT="36.0"
                   ID="region_1719316872007_782"
                   TAGREFS="BT3756">
          <Shape><Polygon POINTS="183 686 207 686 207 722 183 719"/></Shape>
        </TextBlock>
        <TextBlock HPOS="95.0"
                   VPOS="422.0"
                   WIDTH="37.0"
                   HEIGHT="38.0"
                   ID="region_1719316852583_773"
                   TAGREFS="BT3756">
          <Shape><Polygon POINTS="99 425 132 422 132 460 95 460"/></Shape>
        </TextBlock>
        <TextBlock HPOS="95.0"
                   VPOS="106.0"
                   WIDTH="33.0"
                   HEIGHT="17.0"
                   ID="region_1719316783596_751"
                   TAGREFS="BT3756">
          <Shape><Polygon POINTS="95 106 128 106 128 123 97 122"/></Shape>
        </TextBlock>
      </PrintSpace>
    </Page>
  </Layout>
</alto>
