<?xml version="1.0" encoding="UTF-8"?>
<alto xmlns:xsi="http://www.w3.org/2001/XMLSchema-instance"
      xmlns="http://www.loc.gov/standards/alto/ns-v4#"
      xsi:schemaLocation="http://www.loc.gov/standards/alto/ns-v4# http://www.loc.gov/standards/alto/v4/alto-4-2.xsd">
  <Description>
    <MeasurementUnit>pixel</MeasurementUnit>
    <sourceImageInformation>
      <fileName>1766-71,_Poetische_Werke,_Walthard,_Bd._2_Seite_030_Bild_0001.jpg</fileName>
    </sourceImageInformation>
  </Description>
  <Tags>
    <OtherTag ID="BT1" LABEL="Title" DESCRIPTION="block type Title"/><OtherTag ID="BT2" LABEL="Main" DESCRIPTION="block type Main"/><OtherTag ID="BT3" LABEL="Commentary" DESCRIPTION="block type Commentary"/><OtherTag ID="BT4" LABEL="Illustration" DESCRIPTION="block type Illustration"/><OtherTag ID="BT3755" LABEL="header" DESCRIPTION="block type header"/><OtherTag ID="BT3756" LABEL="paragraph" DESCRIPTION="block type paragraph"/><OtherTag ID="BT3757" LABEL="heading" DESCRIPTION="block type heading"/><OtherTag ID="BT3758" LABEL="footnote" DESCRIPTION="block type footnote"/><OtherTag ID="BT3759" LABEL="l-column" DESCRIPTION="block type l-column"/><OtherTag ID="BT3760" LABEL="r-column" DESCRIPTION="block type r-column"/><OtherTag ID="BT3761" LABEL="marginalia" DESCRIPTION="block type marginalia"/><OtherTag ID="BT4125" LABEL="drop-capital" DESCRIPTION="block type drop-capital"/><OtherTag ID="BT4126" LABEL="catch-word" DESCRIPTION="block type catch-word"/><OtherTag ID="BT4127" LABEL="page-number" DESCRIPTION="block type page-number"/><OtherTag ID="BT4128" LABEL="signature-mark" DESCRIPTION="block type signature-mark"/><OtherTag ID="BT4129" LABEL="poem_lg" DESCRIPTION="block type poem_lg"/><OtherTag ID="BT4130" LABEL="endnote" DESCRIPTION="block type endnote"/>
  </Tags>
  <Layout>
    <Page WIDTH="584"
          HEIGHT="915"
          PHYSICAL_IMG_NR="130"
          ID="eSc_dummypage_">
      <PrintSpace HPOS="0"
                  VPOS="0"
                  WIDTH="584"
                  HEIGHT="915">
        <TextBlock HPOS="67.0"
                   VPOS="181.0"
                   WIDTH="415.0"
                   HEIGHT="38.0"
                   ID="region_1718562534493_472"
                   TAGREFS="BT3757">
          <Shape><Polygon POINTS="67 181 482 181 481 219 67 219"/></Shape>
          <TextLine ID="eSc_line_2da77a80"
                    BASELINE="73 211 474 214" 
                    HPOS="73.0"
                    VPOS="211.0"
                    WIDTH="401.0"
                    HEIGHT="3.0">
	    <String CONTENT=""
                    HPOS="73.0"
                    VPOS="211.0"
                    WIDTH="401.0"
                    HEIGHT="3.0"></String>
          </TextLine>
        </TextBlock>
        <TextBlock HPOS="209.0"
                   VPOS="111.0"
                   WIDTH="130.0"
                   HEIGHT="23.0"
                   ID="region_1718562513837_466"
                   TAGREFS="BT3756">
          <Shape><Polygon POINTS="209 111 339 114 337 134 209 134"/></Shape>
          <TextLine ID="eSc_line_b11217ee"
                    BASELINE="212 132 333 132" 
                    HPOS="212.0"
                    VPOS="132.0"
                    WIDTH="121.0"
                    HEIGHT="0.0">
	    <String CONTENT=""
                    HPOS="212.0"
                    VPOS="132.0"
                    WIDTH="121.0"
                    HEIGHT="0.0"></String>
          </TextLine>
        </TextBlock>
        <TextBlock HPOS="104.0"
                   VPOS="236.0"
                   WIDTH="346.0"
                   HEIGHT="52.0"
                   ID="region_1718562543272_475"
                   TAGREFS="BT3756">
          <Shape><Polygon POINTS="104 236 450 236 450 288 109 285"/></Shape>
          <TextLine ID="eSc_line_e413cc88"
                    BASELINE="106 255 447 258" 
                    HPOS="106.0"
                    VPOS="255.0"
                    WIDTH="341.0"
                    HEIGHT="3.0">
	    <String CONTENT=""
                    HPOS="106.0"
                    VPOS="255.0"
                    WIDTH="341.0"
                    HEIGHT="3.0"></String>
          </TextLine>
          <TextLine ID="eSc_line_7162b837"
                    BASELINE="288 281 409 284" 
                    HPOS="288.0"
                    VPOS="281.0"
                    WIDTH="121.0"
                    HEIGHT="3.0">
	    <String CONTENT=""
                    HPOS="288.0"
                    VPOS="281.0"
                    WIDTH="121.0"
                    HEIGHT="3.0"></String>
          </TextLine>
        </TextBlock>
        <TextBlock HPOS="68.0"
                   VPOS="325.0"
                   WIDTH="400.0"
                   HEIGHT="118.0"
                   ID="region_1718562706709_491"
                   TAGREFS="BT3756">
          <Shape><Polygon POINTS="468 443 68 437 69 347 97 347 98 328 464 325"/></Shape>
          <TextLine ID="eSc_line_bfdf38a8"
                    BASELINE="98 345 459 348" 
                    HPOS="98.0"
                    VPOS="345.0"
                    WIDTH="361.0"
                    HEIGHT="3.0">
	    <String CONTENT=""
                    HPOS="98.0"
                    VPOS="345.0"
                    WIDTH="361.0"
                    HEIGHT="3.0"></String>
          </TextLine>
          <TextLine ID="eSc_line_e7b9f6bd"
                    BASELINE="74 372 458 376" 
                    HPOS="74.0"
                    VPOS="372.0"
                    WIDTH="384.0"
                    HEIGHT="4.0">
	    <String CONTENT=""
                    HPOS="74.0"
                    VPOS="372.0"
                    WIDTH="384.0"
                    HEIGHT="4.0"></String>
          </TextLine>
          <TextLine ID="eSc_line_402f2a13"
                    BASELINE="70 404 456 408" 
                    HPOS="70.0"
                    VPOS="404.0"
                    WIDTH="386.0"
                    HEIGHT="4.0">
	    <String CONTENT=""
                    HPOS="70.0"
                    VPOS="404.0"
                    WIDTH="386.0"
                    HEIGHT="4.0"></String>
          </TextLine>
          <TextLine ID="eSc_line_09a9df59"
                    BASELINE="73 432 462 434" 
                    HPOS="73.0"
                    VPOS="432.0"
                    WIDTH="389.0"
                    HEIGHT="2.0">
	    <String CONTENT=""
                    HPOS="73.0"
                    VPOS="432.0"
                    WIDTH="389.0"
                    HEIGHT="2.0"></String>
          </TextLine>
        </TextBlock>
        <TextBlock HPOS="66.0"
                   VPOS="458.0"
                   WIDTH="414.0"
                   HEIGHT="173.0"
                   ID="region_1718562720643_494"
                   TAGREFS="BT3756">
          <Shape><Polygon POINTS="66 629 467 631 480 458 66 458"/></Shape>
          <TextLine ID="eSc_line_2487386a"
                    BASELINE="105 478 476 479" 
                    HPOS="105.0"
                    VPOS="478.0"
                    WIDTH="371.0"
                    HEIGHT="1.0">
	    <String CONTENT=""
                    HPOS="105.0"
                    VPOS="478.0"
                    WIDTH="371.0"
                    HEIGHT="1.0"></String>
          </TextLine>
          <TextLine ID="eSc_line_200f3ac0"
                    BASELINE="74 506 377 508" 
                    HPOS="74.0"
                    VPOS="506.0"
                    WIDTH="303.0"
                    HEIGHT="2.0">
	    <String CONTENT=""
                    HPOS="74.0"
                    VPOS="506.0"
                    WIDTH="303.0"
                    HEIGHT="2.0"></String>
          </TextLine>
          <TextLine ID="eSc_line_20b1a14e"
                    BASELINE="73 535 466 540" 
                    HPOS="73.0"
                    VPOS="535.0"
                    WIDTH="393.0"
                    HEIGHT="5.0">
	    <String CONTENT=""
                    HPOS="73.0"
                    VPOS="535.0"
                    WIDTH="393.0"
                    HEIGHT="5.0"></String>
          </TextLine>
          <TextLine ID="eSc_line_ccf787d6"
                    BASELINE="73 569 470 569" 
                    HPOS="73.0"
                    VPOS="569.0"
                    WIDTH="397.0"
                    HEIGHT="0.0">
	    <String CONTENT=""
                    HPOS="73.0"
                    VPOS="569.0"
                    WIDTH="397.0"
                    HEIGHT="0.0"></String>
          </TextLine>
          <TextLine ID="eSc_line_59554726"
                    BASELINE="70 594 462 596" 
                    HPOS="70.0"
                    VPOS="594.0"
                    WIDTH="392.0"
                    HEIGHT="2.0">
	    <String CONTENT=""
                    HPOS="70.0"
                    VPOS="594.0"
                    WIDTH="392.0"
                    HEIGHT="2.0"></String>
          </TextLine>
          <TextLine ID="eSc_line_6f9e8d2e"
                    BASELINE="68 624 438 626" 
                    HPOS="68.0"
                    VPOS="624.0"
                    WIDTH="370.0"
                    HEIGHT="2.0">
	    <String CONTENT=""
                    HPOS="68.0"
                    VPOS="624.0"
                    WIDTH="370.0"
                    HEIGHT="2.0"></String>
          </TextLine>
        </TextBlock>
        <TextBlock HPOS="67.0"
                   VPOS="649.0"
                   WIDTH="413.0"
                   HEIGHT="112.0"
                   ID="region_1718562725816_497"
                   TAGREFS="BT3756">
          <Shape><Polygon POINTS="67 760 475 761 480 649 67 649"/></Shape>
          <TextLine ID="eSc_line_88dfaddf"
                    BASELINE="101 671 476 673" 
                    HPOS="101.0"
                    VPOS="671.0"
                    WIDTH="375.0"
                    HEIGHT="2.0">
	    <String CONTENT=""
                    HPOS="101.0"
                    VPOS="671.0"
                    WIDTH="375.0"
                    HEIGHT="2.0"></String>
          </TextLine>
          <TextLine ID="eSc_line_12717964"
                    BASELINE="72 697 421 698" 
                    HPOS="72.0"
                    VPOS="697.0"
                    WIDTH="349.0"
                    HEIGHT="1.0">
	    <String CONTENT=""
                    HPOS="72.0"
                    VPOS="697.0"
                    WIDTH="349.0"
                    HEIGHT="1.0"></String>
          </TextLine>
          <TextLine ID="eSc_line_5becc3c0"
                    BASELINE="73 725 423 727" 
                    HPOS="73.0"
                    VPOS="725.0"
                    WIDTH="350.0"
                    HEIGHT="2.0">
	    <String CONTENT=""
                    HPOS="73.0"
                    VPOS="725.0"
                    WIDTH="350.0"
                    HEIGHT="2.0"></String>
          </TextLine>
          <TextLine ID="eSc_line_b7261c55"
                    BASELINE="72 755 379 752" 
                    HPOS="72.0"
                    VPOS="752.0"
                    WIDTH="307.0"
                    HEIGHT="3.0">
	    <String CONTENT=""
                    HPOS="72.0"
                    VPOS="752.0"
                    WIDTH="307.0"
                    HEIGHT="3.0"></String>
          </TextLine>
        </TextBlock>
        <TextBlock HPOS="332.0"
                   VPOS="765.0"
                   WIDTH="35.0"
                   HEIGHT="19.0"
                   ID="region_1718562731240_500"
                   TAGREFS="BT3756">
          <Shape><Polygon POINTS="332 784 367 784 364 768 336 765"/></Shape>
        </TextBlock>
        <TextBlock HPOS="461"
                   VPOS="116"
                   WIDTH="24"
                   HEIGHT="18"
                   ID="region_1718562521256_469"
                   TAGREFS="BT3756">
          <Shape><Polygon POINTS="461 116 482 116 485 134 461 132"/></Shape>
        </TextBlock>
        <TextBlock HPOS="70.0"
                   VPOS="310.0"
                   WIDTH="26.0"
                   HEIGHT="34.0"
                   ID="region_1718562578966_478"
                   TAGREFS="BT3756">
          <Shape><Polygon POINTS="72 311 96 310 96 344 70 344"/></Shape>
        </TextBlock>
      </PrintSpace>
    </Page>
  </Layout>
</alto>
