<?xml version="1.0" encoding="UTF-8"?>
<alto xmlns:xsi="http://www.w3.org/2001/XMLSchema-instance"
      xmlns="http://www.loc.gov/standards/alto/ns-v4#"
      xsi:schemaLocation="http://www.loc.gov/standards/alto/ns-v4# http://www.loc.gov/standards/alto/v4/alto-4-2.xsd">
  <Description>
    <MeasurementUnit>pixel</MeasurementUnit>
    <sourceImageInformation>
      <fileName>1766-71,_Poetische_Werke,_Walthard,_Bd._3_Seite_066_Bild_0001.jpg</fileName>
    </sourceImageInformation>
  </Description>
  <Tags>
    <OtherTag ID="BT1" LABEL="Title" DESCRIPTION="block type Title"/><OtherTag ID="BT2" LABEL="Main" DESCRIPTION="block type Main"/><OtherTag ID="BT3" LABEL="Commentary" DESCRIPTION="block type Commentary"/><OtherTag ID="BT4" LABEL="Illustration" DESCRIPTION="block type Illustration"/><OtherTag ID="BT3755" LABEL="header" DESCRIPTION="block type header"/><OtherTag ID="BT3756" LABEL="paragraph" DESCRIPTION="block type paragraph"/><OtherTag ID="BT3757" LABEL="heading" DESCRIPTION="block type heading"/><OtherTag ID="BT3758" LABEL="footnote" DESCRIPTION="block type footnote"/><OtherTag ID="BT3759" LABEL="l-column" DESCRIPTION="block type l-column"/><OtherTag ID="BT3760" LABEL="r-column" DESCRIPTION="block type r-column"/><OtherTag ID="BT3761" LABEL="marginalia" DESCRIPTION="block type marginalia"/><OtherTag ID="BT4125" LABEL="drop-capital" DESCRIPTION="block type drop-capital"/><OtherTag ID="BT4126" LABEL="catch-word" DESCRIPTION="block type catch-word"/><OtherTag ID="BT4127" LABEL="page-number" DESCRIPTION="block type page-number"/><OtherTag ID="BT4128" LABEL="signature-mark" DESCRIPTION="block type signature-mark"/><OtherTag ID="BT4129" LABEL="poem_lg" DESCRIPTION="block type poem_lg"/><OtherTag ID="BT4130" LABEL="endnote" DESCRIPTION="block type endnote"/>
  </Tags>
  <Layout>
    <Page WIDTH="576"
          HEIGHT="922"
          PHYSICAL_IMG_NR="134"
          ID="eSc_dummypage_">
      <PrintSpace HPOS="0"
                  VPOS="0"
                  WIDTH="576"
                  HEIGHT="922">
        <TextBlock HPOS="81.0"
                   VPOS="148.0"
                   WIDTH="394.0"
                   HEIGHT="179.0"
                   ID="region_1718570864896_270"
                   TAGREFS="BT3758">
          <Shape><Polygon POINTS="81 148 475 148 475 319 82 327"/></Shape>
          <TextLine ID="eSc_line_0cb88723"
                    BASELINE="85 163 468 161" 
                    HPOS="85.0"
                    VPOS="161.0"
                    WIDTH="383.0"
                    HEIGHT="2.0">
	    <String CONTENT=""
                    HPOS="85.0"
                    VPOS="161.0"
                    WIDTH="383.0"
                    HEIGHT="2.0"></String>
          </TextLine>
          <TextLine ID="eSc_line_d5e95813"
                    BASELINE="85 182 474 182" 
                    HPOS="85.0"
                    VPOS="182.0"
                    WIDTH="389.0"
                    HEIGHT="0.0">
	    <String CONTENT=""
                    HPOS="85.0"
                    VPOS="182.0"
                    WIDTH="389.0"
                    HEIGHT="0.0"></String>
          </TextLine>
          <TextLine ID="eSc_line_1c105017"
                    BASELINE="86 199 471 199" 
                    HPOS="86.0"
                    VPOS="199.0"
                    WIDTH="385.0"
                    HEIGHT="0.0">
	    <String CONTENT=""
                    HPOS="86.0"
                    VPOS="199.0"
                    WIDTH="385.0"
                    HEIGHT="0.0"></String>
          </TextLine>
          <TextLine ID="eSc_line_06cbf371"
                    BASELINE="84 215 474 215" 
                    HPOS="84.0"
                    VPOS="215.0"
                    WIDTH="390.0"
                    HEIGHT="0.0">
	    <String CONTENT=""
                    HPOS="84.0"
                    VPOS="215.0"
                    WIDTH="390.0"
                    HEIGHT="0.0"></String>
          </TextLine>
          <TextLine ID="eSc_line_36829823"
                    BASELINE="85 234 474 232" 
                    HPOS="85.0"
                    VPOS="232.0"
                    WIDTH="389.0"
                    HEIGHT="2.0">
	    <String CONTENT=""
                    HPOS="85.0"
                    VPOS="232.0"
                    WIDTH="389.0"
                    HEIGHT="2.0"></String>
          </TextLine>
          <TextLine ID="eSc_line_a640a09d"
                    BASELINE="84 248 475 248" 
                    HPOS="84.0"
                    VPOS="248.0"
                    WIDTH="391.0"
                    HEIGHT="0.0">
	    <String CONTENT=""
                    HPOS="84.0"
                    VPOS="248.0"
                    WIDTH="391.0"
                    HEIGHT="0.0"></String>
          </TextLine>
          <TextLine ID="eSc_line_71c7226a"
                    BASELINE="84 264 473 264" 
                    HPOS="84.0"
                    VPOS="264.0"
                    WIDTH="389.0"
                    HEIGHT="0.0">
	    <String CONTENT=""
                    HPOS="84.0"
                    VPOS="264.0"
                    WIDTH="389.0"
                    HEIGHT="0.0"></String>
          </TextLine>
          <TextLine ID="eSc_line_4b203252"
                    BASELINE="84 282 475 282" 
                    HPOS="84.0"
                    VPOS="282.0"
                    WIDTH="391.0"
                    HEIGHT="0.0">
	    <String CONTENT=""
                    HPOS="84.0"
                    VPOS="282.0"
                    WIDTH="391.0"
                    HEIGHT="0.0"></String>
          </TextLine>
          <TextLine ID="eSc_line_336cd722"
                    BASELINE="84 298 473 299" 
                    HPOS="84.0"
                    VPOS="298.0"
                    WIDTH="389.0"
                    HEIGHT="1.0">
	    <String CONTENT=""
                    HPOS="84.0"
                    VPOS="298.0"
                    WIDTH="389.0"
                    HEIGHT="1.0"></String>
          </TextLine>
          <TextLine ID="eSc_line_0db29768"
                    BASELINE="86 317 359 317" 
                    HPOS="86.0"
                    VPOS="317.0"
                    WIDTH="273.0"
                    HEIGHT="0.0">
	    <String CONTENT=""
                    HPOS="86.0"
                    VPOS="317.0"
                    WIDTH="273.0"
                    HEIGHT="0.0"></String>
          </TextLine>
        </TextBlock>
        <TextBlock HPOS="176.0"
                   VPOS="108.0"
                   WIDTH="160.0"
                   HEIGHT="21.0"
                   ID="region_1718570837929_261"
                   TAGREFS="BT3756">
          <Shape><Polygon POINTS="176 108 332 109 336 129 176 129"/></Shape>
          <TextLine ID="eSc_line_9f5457e1"
                    BASELINE="179 127 335 127" 
                    HPOS="179.0"
                    VPOS="127.0"
                    WIDTH="156.0"
                    HEIGHT="0.0">
	    <String CONTENT=""
                    HPOS="179.0"
                    VPOS="127.0"
                    WIDTH="156.0"
                    HEIGHT="0.0"></String>
          </TextLine>
        </TextBlock>
        <TextBlock HPOS="97.0"
                   VPOS="332.0"
                   WIDTH="383.0"
                   HEIGHT="151.0"
                   ID="region_1718570873062_273"
                   TAGREFS="BT3756">
          <Shape><Polygon POINTS="97 339 480 332 479 483 97 483"/></Shape>
          <TextLine ID="eSc_line_8649cc7b"
                    BASELINE="101 358 473 357" 
                    HPOS="101.0"
                    VPOS="357.0"
                    WIDTH="372.0"
                    HEIGHT="1.0">
	    <String CONTENT=""
                    HPOS="101.0"
                    VPOS="357.0"
                    WIDTH="372.0"
                    HEIGHT="1.0"></String>
          </TextLine>
          <TextLine ID="eSc_line_7b653f0a"
                    BASELINE="104 378 478 382" 
                    HPOS="104.0"
                    VPOS="378.0"
                    WIDTH="374.0"
                    HEIGHT="4.0">
	    <String CONTENT=""
                    HPOS="104.0"
                    VPOS="378.0"
                    WIDTH="374.0"
                    HEIGHT="4.0"></String>
          </TextLine>
          <TextLine ID="eSc_line_f17069c4"
                    BASELINE="104 404 473 406" 
                    HPOS="104.0"
                    VPOS="404.0"
                    WIDTH="369.0"
                    HEIGHT="2.0">
	    <String CONTENT=""
                    HPOS="104.0"
                    VPOS="404.0"
                    WIDTH="369.0"
                    HEIGHT="2.0"></String>
          </TextLine>
          <TextLine ID="eSc_line_6de0424d"
                    BASELINE="107 431 477 432" 
                    HPOS="107.0"
                    VPOS="431.0"
                    WIDTH="370.0"
                    HEIGHT="1.0">
	    <String CONTENT=""
                    HPOS="107.0"
                    VPOS="431.0"
                    WIDTH="370.0"
                    HEIGHT="1.0"></String>
          </TextLine>
          <TextLine ID="eSc_line_2f66ca88"
                    BASELINE="105 454 419 453" 
                    HPOS="105.0"
                    VPOS="453.0"
                    WIDTH="314.0"
                    HEIGHT="1.0">
	    <String CONTENT=""
                    HPOS="105.0"
                    VPOS="453.0"
                    WIDTH="314.0"
                    HEIGHT="1.0"></String>
          </TextLine>
          <TextLine ID="eSc_line_ec6ed924"
                    BASELINE="107 475 229 479" 
                    HPOS="107.0"
                    VPOS="475.0"
                    WIDTH="122.0"
                    HEIGHT="4.0">
	    <String CONTENT=""
                    HPOS="107.0"
                    VPOS="475.0"
                    WIDTH="122.0"
                    HEIGHT="4.0"></String>
          </TextLine>
          <TextLine ID="eSc_line_b7f32225"
                    BASELINE="399 477 477 478" 
                    HPOS="399.0"
                    VPOS="477.0"
                    WIDTH="78.0"
                    HEIGHT="1.0">
	    <String CONTENT=""
                    HPOS="399.0"
                    VPOS="477.0"
                    WIDTH="78.0"
                    HEIGHT="1.0"></String>
          </TextLine>
        </TextBlock>
        <TextBlock HPOS="85.0"
                   VPOS="492.0"
                   WIDTH="395.0"
                   HEIGHT="150.0"
                   ID="region_1718570879771_276"
                   TAGREFS="BT3758">
          <Shape><Polygon POINTS="85 498 480 492 479 642 85 642"/></Shape>
          <TextLine ID="eSc_line_fff93a0e"
                    BASELINE="89 533 477 533" 
                    HPOS="89.0"
                    VPOS="533.0"
                    WIDTH="388.0"
                    HEIGHT="0.0">
	    <String CONTENT=""
                    HPOS="89.0"
                    VPOS="533.0"
                    WIDTH="388.0"
                    HEIGHT="0.0"></String>
          </TextLine>
          <TextLine ID="eSc_line_7f1ba5aa"
                    BASELINE="91 551 474 549" 
                    HPOS="91.0"
                    VPOS="549.0"
                    WIDTH="383.0"
                    HEIGHT="2.0">
	    <String CONTENT=""
                    HPOS="91.0"
                    VPOS="549.0"
                    WIDTH="383.0"
                    HEIGHT="2.0"></String>
          </TextLine>
          <TextLine ID="eSc_line_a73e2e6d"
                    BASELINE="89 568 477 568" 
                    HPOS="89.0"
                    VPOS="568.0"
                    WIDTH="388.0"
                    HEIGHT="0.0">
	    <String CONTENT=""
                    HPOS="89.0"
                    VPOS="568.0"
                    WIDTH="388.0"
                    HEIGHT="0.0"></String>
          </TextLine>
          <TextLine ID="eSc_line_5cddb976"
                    BASELINE="88 587 479 587" 
                    HPOS="88.0"
                    VPOS="587.0"
                    WIDTH="391.0"
                    HEIGHT="0.0">
	    <String CONTENT=""
                    HPOS="88.0"
                    VPOS="587.0"
                    WIDTH="391.0"
                    HEIGHT="0.0"></String>
          </TextLine>
          <TextLine ID="eSc_line_5ad03a08"
                    BASELINE="89 601 477 604" 
                    HPOS="89.0"
                    VPOS="601.0"
                    WIDTH="388.0"
                    HEIGHT="3.0">
	    <String CONTENT=""
                    HPOS="89.0"
                    VPOS="601.0"
                    WIDTH="388.0"
                    HEIGHT="3.0"></String>
          </TextLine>
          <TextLine ID="eSc_line_bfd334e6"
                    BASELINE="88 619 474 620" 
                    HPOS="88.0"
                    VPOS="619.0"
                    WIDTH="386.0"
                    HEIGHT="1.0">
	    <String CONTENT=""
                    HPOS="88.0"
                    VPOS="619.0"
                    WIDTH="386.0"
                    HEIGHT="1.0"></String>
          </TextLine>
          <TextLine ID="eSc_line_19d60cfe"
                    BASELINE="89 638 328 639" 
                    HPOS="89.0"
                    VPOS="638.0"
                    WIDTH="239.0"
                    HEIGHT="1.0">
	    <String CONTENT=""
                    HPOS="89.0"
                    VPOS="638.0"
                    WIDTH="239.0"
                    HEIGHT="1.0"></String>
          </TextLine>
        </TextBlock>
        <TextBlock HPOS="450.0"
                   VPOS="114.0"
                   WIDTH="24.0"
                   HEIGHT="16.0"
                   ID="region_1718570841356_264"
                   TAGREFS="BT3756">
          <Shape><Polygon POINTS="450 114 474 114 473 130 450 130"/></Shape>
        </TextBlock>
        <TextBlock HPOS="379.0"
                   VPOS="739.0"
                   WIDTH="45.0"
                   HEIGHT="31.0"
                   ID="region_1718570890955_282"
                   TAGREFS="BT3756">
          <Shape><Polygon POINTS="379 739 424 739 424 770 381 766"/></Shape>
        </TextBlock>
        <TextBlock ID="eSc_dummyblock_">
          <TextLine ID="eSc_line_a3379561"
                    BASELINE="85 517 475 514" 
                    HPOS="85.0"
                    VPOS="514.0"
                    WIDTH="390.0"
                    HEIGHT="3.0">
	    <String CONTENT=""
                    HPOS="85.0"
                    VPOS="514.0"
                    WIDTH="390.0"
                    HEIGHT="3.0"></String>
          </TextLine>
        </TextBlock>
      </PrintSpace>
    </Page>
  </Layout>
</alto>
