<?xml version="1.0" encoding="UTF-8"?>
<alto xmlns:xsi="http://www.w3.org/2001/XMLSchema-instance"
      xmlns="http://www.loc.gov/standards/alto/ns-v4#"
      xsi:schemaLocation="http://www.loc.gov/standards/alto/ns-v4# http://www.loc.gov/standards/alto/v4/alto-4-2.xsd">
  <Description>
    <MeasurementUnit>pixel</MeasurementUnit>
    <sourceImageInformation>
      <fileName>1766-71,_Poetische_Werke,_Walthard,_Bd._5_Seite_188_Bild_0001.jpg</fileName>
    </sourceImageInformation>
  </Description>
  <Tags>
    <OtherTag ID="BT1" LABEL="Title" DESCRIPTION="block type Title"/><OtherTag ID="BT2" LABEL="Main" DESCRIPTION="block type Main"/><OtherTag ID="BT3" LABEL="Commentary" DESCRIPTION="block type Commentary"/><OtherTag ID="BT4" LABEL="Illustration" DESCRIPTION="block type Illustration"/><OtherTag ID="BT3755" LABEL="header" DESCRIPTION="block type header"/><OtherTag ID="BT3756" LABEL="paragraph" DESCRIPTION="block type paragraph"/><OtherTag ID="BT3757" LABEL="heading" DESCRIPTION="block type heading"/><OtherTag ID="BT3758" LABEL="footnote" DESCRIPTION="block type footnote"/><OtherTag ID="BT3759" LABEL="l-column" DESCRIPTION="block type l-column"/><OtherTag ID="BT3760" LABEL="r-column" DESCRIPTION="block type r-column"/><OtherTag ID="BT3761" LABEL="marginalia" DESCRIPTION="block type marginalia"/><OtherTag ID="BT4125" LABEL="drop-capital" DESCRIPTION="block type drop-capital"/><OtherTag ID="BT4126" LABEL="catch-word" DESCRIPTION="block type catch-word"/><OtherTag ID="BT4127" LABEL="page-number" DESCRIPTION="block type page-number"/><OtherTag ID="BT4128" LABEL="signature-mark" DESCRIPTION="block type signature-mark"/><OtherTag ID="BT4129" LABEL="poem_lg" DESCRIPTION="block type poem_lg"/><OtherTag ID="BT4130" LABEL="endnote" DESCRIPTION="block type endnote"/>
  </Tags>
  <Layout>
    <Page WIDTH="569"
          HEIGHT="916"
          PHYSICAL_IMG_NR="139"
          ID="eSc_dummypage_">
      <PrintSpace HPOS="0"
                  VPOS="0"
                  WIDTH="569"
                  HEIGHT="916">
        <TextBlock HPOS="117.0"
                   VPOS="104.0"
                   WIDTH="282.0"
                   HEIGHT="23.0"
                   ID="region_1719317743396_895"
                   TAGREFS="BT3756">
          <Shape><Polygon POINTS="398 127 117 123 117 104 399 104"/></Shape>
        </TextBlock>
        <TextBlock HPOS="434.0"
                   VPOS="106.0"
                   WIDTH="30.0"
                   HEIGHT="20.0"
                   ID="region_1719317759589_903"
                   TAGREFS="BT3756">
          <Shape><Polygon POINTS="434 108 464 106 464 126 434 126"/></Shape>
        </TextBlock>
        <TextBlock HPOS="50.0"
                   VPOS="143.0"
                   WIDTH="266.0"
                   HEIGHT="54.0"
                   ID="region_1719317689277_868"
                   TAGREFS="BT3756">
          <Shape><Polygon POINTS="50 143 305 144 316 197 50 197"/></Shape>
        </TextBlock>
        <TextBlock HPOS="69.0"
                   VPOS="212.0"
                   WIDTH="149.0"
                   HEIGHT="22.0"
                   ID="region_1719317692552_871"
                   TAGREFS="BT3758">
          <Shape><Polygon POINTS="69 212 213 213 218 234 69 234"/></Shape>
        </TextBlock>
        <TextBlock HPOS="118.0"
                   VPOS="257.0"
                   WIDTH="285.0"
                   HEIGHT="34.0"
                   ID="region_1719317696261_874"
                   TAGREFS="BT3757">
          <Shape><Polygon POINTS="118 257 397 257 403 291 118 291"/></Shape>
        </TextBlock>
        <TextBlock HPOS="49.0"
                   VPOS="304.0"
                   WIDTH="31.0"
                   HEIGHT="35.0"
                   ID="region_1719317700957_877"
                   TAGREFS="BT3756">
          <Shape><Polygon POINTS="49 304 80 304 80 339 55 336"/></Shape>
        </TextBlock>
        <TextBlock HPOS="53.0"
                   VPOS="318.0"
                   WIDTH="365.0"
                   HEIGHT="112.0"
                   ID="region_1719317707275_880"
                   TAGREFS="BT3756">
          <Shape><Polygon POINTS="53 342 53 429 403 430 418 319 82 318 82 342"/></Shape>
        </TextBlock>
        <TextBlock HPOS="83.0"
                   VPOS="455.0"
                   WIDTH="358.0"
                   HEIGHT="31.0"
                   ID="region_1719317713188_883"
                   TAGREFS="BT3757">
          <Shape><Polygon POINTS="83 455 437 455 441 485 83 486"/></Shape>
        </TextBlock>
        <TextBlock HPOS="56.0"
                   VPOS="500.0"
                   WIDTH="43.0"
                   HEIGHT="36.0"
                   ID="region_1719317720713_886"
                   TAGREFS="BT3756">
          <Shape><Polygon POINTS="56 500 98 500 99 536 57 536"/></Shape>
        </TextBlock>
        <TextBlock HPOS="56.0"
                   VPOS="518.0"
                   WIDTH="414.0"
                   HEIGHT="172.0"
                   ID="region_1719317727197_889"
                   TAGREFS="BT3756">
          <Shape><Polygon POINTS="56 538 56 690 470 690 470 518 100 518 101 537"/></Shape>
        </TextBlock>
        <TextBlock HPOS="79.0"
                   VPOS="705.0"
                   WIDTH="262.0"
                   HEIGHT="25.0"
                   ID="region_1719317731824_892"
                   TAGREFS="BT3758">
          <Shape><Polygon POINTS="79 705 341 705 341 730 82 730"/></Shape>
        </TextBlock>
      </PrintSpace>
    </Page>
  </Layout>
</alto>
