<?xml version="1.0" encoding="UTF-8"?>
<alto xmlns:xsi="http://www.w3.org/2001/XMLSchema-instance"
      xmlns="http://www.loc.gov/standards/alto/ns-v4#"
      xsi:schemaLocation="http://www.loc.gov/standards/alto/ns-v4# http://www.loc.gov/standards/alto/v4/alto-4-2.xsd">
  <Description>
    <MeasurementUnit>pixel</MeasurementUnit>
    <sourceImageInformation>
      <fileName>1766-71,_Poetische_Werke,_Walthard,_Bd._5_Seite_195_Bild_0001.jpg</fileName>
    </sourceImageInformation>
  </Description>
  <Tags>
    <OtherTag ID="BT1" LABEL="Title" DESCRIPTION="block type Title"/><OtherTag ID="BT2" LABEL="Main" DESCRIPTION="block type Main"/><OtherTag ID="BT3" LABEL="Commentary" DESCRIPTION="block type Commentary"/><OtherTag ID="BT4" LABEL="Illustration" DESCRIPTION="block type Illustration"/><OtherTag ID="BT3755" LABEL="header" DESCRIPTION="block type header"/><OtherTag ID="BT3756" LABEL="paragraph" DESCRIPTION="block type paragraph"/><OtherTag ID="BT3757" LABEL="heading" DESCRIPTION="block type heading"/><OtherTag ID="BT3758" LABEL="footnote" DESCRIPTION="block type footnote"/><OtherTag ID="BT3759" LABEL="l-column" DESCRIPTION="block type l-column"/><OtherTag ID="BT3760" LABEL="r-column" DESCRIPTION="block type r-column"/><OtherTag ID="BT3761" LABEL="marginalia" DESCRIPTION="block type marginalia"/><OtherTag ID="BT4125" LABEL="drop-capital" DESCRIPTION="block type drop-capital"/><OtherTag ID="BT4126" LABEL="catch-word" DESCRIPTION="block type catch-word"/><OtherTag ID="BT4127" LABEL="page-number" DESCRIPTION="block type page-number"/><OtherTag ID="BT4128" LABEL="signature-mark" DESCRIPTION="block type signature-mark"/><OtherTag ID="BT4129" LABEL="poem_lg" DESCRIPTION="block type poem_lg"/><OtherTag ID="BT4130" LABEL="endnote" DESCRIPTION="block type endnote"/>
  </Tags>
  <Layout>
    <Page WIDTH="570"
          HEIGHT="915"
          PHYSICAL_IMG_NR="140"
          ID="eSc_dummypage_">
      <PrintSpace HPOS="0"
                  VPOS="0"
                  WIDTH="570"
                  HEIGHT="915">
        <TextBlock HPOS="107.0"
                   VPOS="126.0"
                   WIDTH="430.0"
                   HEIGHT="153.0"
                   ID="region_1719318464593_978"
                   TAGREFS="BT3756">
          <Shape><Polygon POINTS="107 126 537 128 534 277 107 279"/></Shape>
          <TextLine ID="eSc_line_603af3aa"
                    BASELINE="112 146 534 150" 
                    HPOS="112.0"
                    VPOS="146.0"
                    WIDTH="422.0"
                    HEIGHT="4.0">
	    <String CONTENT=""
                    HPOS="112.0"
                    VPOS="146.0"
                    WIDTH="422.0"
                    HEIGHT="4.0"></String>
          </TextLine>
          <TextLine ID="eSc_line_8a21cd27"
                    BASELINE="316 172 390 173" 
                    HPOS="316.0"
                    VPOS="172.0"
                    WIDTH="74.0"
                    HEIGHT="1.0">
	    <String CONTENT=""
                    HPOS="316.0"
                    VPOS="172.0"
                    WIDTH="74.0"
                    HEIGHT="1.0"></String>
          </TextLine>
          <TextLine ID="eSc_line_dba1cc45"
                    BASELINE="110 205 531 210" 
                    HPOS="110.0"
                    VPOS="205.0"
                    WIDTH="421.0"
                    HEIGHT="5.0">
	    <String CONTENT=""
                    HPOS="110.0"
                    VPOS="205.0"
                    WIDTH="421.0"
                    HEIGHT="5.0"></String>
          </TextLine>
          <TextLine ID="eSc_line_782f65b7"
                    BASELINE="315 232 348 230" 
                    HPOS="315.0"
                    VPOS="230.0"
                    WIDTH="33.0"
                    HEIGHT="2.0">
	    <String CONTENT=""
                    HPOS="315.0"
                    VPOS="230.0"
                    WIDTH="33.0"
                    HEIGHT="2.0"></String>
          </TextLine>
          <TextLine ID="eSc_line_60b02e40"
                    BASELINE="116 264 534 270" 
                    HPOS="116.0"
                    VPOS="264.0"
                    WIDTH="418.0"
                    HEIGHT="6.0">
	    <String CONTENT=""
                    HPOS="116.0"
                    VPOS="264.0"
                    WIDTH="418.0"
                    HEIGHT="6.0"></String>
          </TextLine>
        </TextBlock>
        <TextBlock HPOS="176.0"
                   VPOS="86.0"
                   WIDTH="284.0"
                   HEIGHT="24.0"
                   ID="region_1719318454229_972"
                   TAGREFS="BT3756">
          <Shape><Polygon POINTS="176 86 454 86 460 110 176 110"/></Shape>
          <TextLine ID="eSc_line_0c4f373f"
                    BASELINE="183 106 461 107" 
                    HPOS="183.0"
                    VPOS="106.0"
                    WIDTH="278.0"
                    HEIGHT="1.0">
	    <String CONTENT=""
                    HPOS="183.0"
                    VPOS="106.0"
                    WIDTH="278.0"
                    HEIGHT="1.0"></String>
          </TextLine>
        </TextBlock>
        <TextBlock HPOS="124.0"
                   VPOS="299.0"
                   WIDTH="409.0"
                   HEIGHT="452.0"
                   ID="region_1719318472030_981"
                   TAGREFS="BT3758">
          <Shape><Polygon POINTS="124 299 533 299 533 751 144 750"/></Shape>
          <TextLine ID="eSc_line_a3f90b69"
                    BASELINE="132 321 535 328" 
                    HPOS="132.0"
                    VPOS="321.0"
                    WIDTH="403.0"
                    HEIGHT="7.0">
	    <String CONTENT=""
                    HPOS="132.0"
                    VPOS="321.0"
                    WIDTH="403.0"
                    HEIGHT="7.0"></String>
          </TextLine>
          <TextLine ID="eSc_line_462c906b"
                    BASELINE="153 342 532 347" 
                    HPOS="153.0"
                    VPOS="342.0"
                    WIDTH="379.0"
                    HEIGHT="5.0">
	    <String CONTENT=""
                    HPOS="153.0"
                    VPOS="342.0"
                    WIDTH="379.0"
                    HEIGHT="5.0"></String>
          </TextLine>
          <TextLine ID="eSc_line_3d0eafd2"
                    BASELINE="151 358 537 367" 
                    HPOS="151.0"
                    VPOS="358.0"
                    WIDTH="386.0"
                    HEIGHT="9.0">
	    <String CONTENT=""
                    HPOS="151.0"
                    VPOS="358.0"
                    WIDTH="386.0"
                    HEIGHT="9.0"></String>
          </TextLine>
          <TextLine ID="eSc_line_edde3cab"
                    BASELINE="153 377 532 381" 
                    HPOS="153.0"
                    VPOS="377.0"
                    WIDTH="379.0"
                    HEIGHT="4.0">
	    <String CONTENT=""
                    HPOS="153.0"
                    VPOS="377.0"
                    WIDTH="379.0"
                    HEIGHT="4.0"></String>
          </TextLine>
          <TextLine ID="eSc_line_1ab74df2"
                    BASELINE="152 393 534 397" 
                    HPOS="152.0"
                    VPOS="393.0"
                    WIDTH="382.0"
                    HEIGHT="4.0">
	    <String CONTENT=""
                    HPOS="152.0"
                    VPOS="393.0"
                    WIDTH="382.0"
                    HEIGHT="4.0"></String>
          </TextLine>
          <TextLine ID="eSc_line_27c15f68"
                    BASELINE="152 409 529 413" 
                    HPOS="152.0"
                    VPOS="409.0"
                    WIDTH="377.0"
                    HEIGHT="4.0">
	    <String CONTENT=""
                    HPOS="152.0"
                    VPOS="409.0"
                    WIDTH="377.0"
                    HEIGHT="4.0"></String>
          </TextLine>
          <TextLine ID="eSc_line_736867ac"
                    BASELINE="154 427 531 432" 
                    HPOS="154.0"
                    VPOS="427.0"
                    WIDTH="377.0"
                    HEIGHT="5.0">
	    <String CONTENT=""
                    HPOS="154.0"
                    VPOS="427.0"
                    WIDTH="377.0"
                    HEIGHT="5.0"></String>
          </TextLine>
          <TextLine ID="eSc_line_06e18221"
                    BASELINE="152 444 531 451" 
                    HPOS="152.0"
                    VPOS="444.0"
                    WIDTH="379.0"
                    HEIGHT="7.0">
	    <String CONTENT=""
                    HPOS="152.0"
                    VPOS="444.0"
                    WIDTH="379.0"
                    HEIGHT="7.0"></String>
          </TextLine>
          <TextLine ID="eSc_line_e6730890"
                    BASELINE="152 461 531 468" 
                    HPOS="152.0"
                    VPOS="461.0"
                    WIDTH="379.0"
                    HEIGHT="7.0">
	    <String CONTENT=""
                    HPOS="152.0"
                    VPOS="461.0"
                    WIDTH="379.0"
                    HEIGHT="7.0"></String>
          </TextLine>
          <TextLine ID="eSc_line_560544cb"
                    BASELINE="151 481 530 485" 
                    HPOS="151.0"
                    VPOS="481.0"
                    WIDTH="379.0"
                    HEIGHT="4.0">
	    <String CONTENT=""
                    HPOS="151.0"
                    VPOS="481.0"
                    WIDTH="379.0"
                    HEIGHT="4.0"></String>
          </TextLine>
          <TextLine ID="eSc_line_71b15b9f"
                    BASELINE="152 494 532 501" 
                    HPOS="152.0"
                    VPOS="494.0"
                    WIDTH="380.0"
                    HEIGHT="7.0">
	    <String CONTENT=""
                    HPOS="152.0"
                    VPOS="494.0"
                    WIDTH="380.0"
                    HEIGHT="7.0"></String>
          </TextLine>
          <TextLine ID="eSc_line_97e451ef"
                    BASELINE="151 513 531 518" 
                    HPOS="151.0"
                    VPOS="513.0"
                    WIDTH="380.0"
                    HEIGHT="5.0">
	    <String CONTENT=""
                    HPOS="151.0"
                    VPOS="513.0"
                    WIDTH="380.0"
                    HEIGHT="5.0"></String>
          </TextLine>
          <TextLine ID="eSc_line_6e1ec400"
                    BASELINE="152 532 534 537" 
                    HPOS="152.0"
                    VPOS="532.0"
                    WIDTH="382.0"
                    HEIGHT="5.0">
	    <String CONTENT=""
                    HPOS="152.0"
                    VPOS="532.0"
                    WIDTH="382.0"
                    HEIGHT="5.0"></String>
          </TextLine>
          <TextLine ID="eSc_line_66819c00"
                    BASELINE="152 549 529 554" 
                    HPOS="152.0"
                    VPOS="549.0"
                    WIDTH="377.0"
                    HEIGHT="5.0">
	    <String CONTENT=""
                    HPOS="152.0"
                    VPOS="549.0"
                    WIDTH="377.0"
                    HEIGHT="5.0"></String>
          </TextLine>
          <TextLine ID="eSc_line_fb8f3015"
                    BASELINE="151 565 534 570" 
                    HPOS="151.0"
                    VPOS="565.0"
                    WIDTH="383.0"
                    HEIGHT="5.0">
	    <String CONTENT=""
                    HPOS="151.0"
                    VPOS="565.0"
                    WIDTH="383.0"
                    HEIGHT="5.0"></String>
          </TextLine>
          <TextLine ID="eSc_line_2587c073"
                    BASELINE="151 582 532 587" 
                    HPOS="151.0"
                    VPOS="582.0"
                    WIDTH="381.0"
                    HEIGHT="5.0">
	    <String CONTENT=""
                    HPOS="151.0"
                    VPOS="582.0"
                    WIDTH="381.0"
                    HEIGHT="5.0"></String>
          </TextLine>
          <TextLine ID="eSc_line_db685abb"
                    BASELINE="154 601 531 606" 
                    HPOS="154.0"
                    VPOS="601.0"
                    WIDTH="377.0"
                    HEIGHT="5.0">
	    <String CONTENT=""
                    HPOS="154.0"
                    VPOS="601.0"
                    WIDTH="377.0"
                    HEIGHT="5.0"></String>
          </TextLine>
          <TextLine ID="eSc_line_52c9e06c"
                    BASELINE="152 617 534 622" 
                    HPOS="152.0"
                    VPOS="617.0"
                    WIDTH="382.0"
                    HEIGHT="5.0">
	    <String CONTENT=""
                    HPOS="152.0"
                    VPOS="617.0"
                    WIDTH="382.0"
                    HEIGHT="5.0"></String>
          </TextLine>
          <TextLine ID="eSc_line_ca562d50"
                    BASELINE="151 634 532 637" 
                    HPOS="151.0"
                    VPOS="634.0"
                    WIDTH="381.0"
                    HEIGHT="3.0">
	    <String CONTENT=""
                    HPOS="151.0"
                    VPOS="634.0"
                    WIDTH="381.0"
                    HEIGHT="3.0"></String>
          </TextLine>
          <TextLine ID="eSc_line_314f1aae"
                    BASELINE="150 652 532 657" 
                    HPOS="150.0"
                    VPOS="652.0"
                    WIDTH="382.0"
                    HEIGHT="5.0">
	    <String CONTENT=""
                    HPOS="150.0"
                    VPOS="652.0"
                    WIDTH="382.0"
                    HEIGHT="5.0"></String>
          </TextLine>
          <TextLine ID="eSc_line_7908ff75"
                    BASELINE="154 668 531 675" 
                    HPOS="154.0"
                    VPOS="668.0"
                    WIDTH="377.0"
                    HEIGHT="7.0">
	    <String CONTENT=""
                    HPOS="154.0"
                    VPOS="668.0"
                    WIDTH="377.0"
                    HEIGHT="7.0"></String>
          </TextLine>
          <TextLine ID="eSc_line_96da918e"
                    BASELINE="156 687 531 691" 
                    HPOS="156.0"
                    VPOS="687.0"
                    WIDTH="375.0"
                    HEIGHT="4.0">
	    <String CONTENT=""
                    HPOS="156.0"
                    VPOS="687.0"
                    WIDTH="375.0"
                    HEIGHT="4.0"></String>
          </TextLine>
          <TextLine ID="eSc_line_047e80a3"
                    BASELINE="154 703 532 708" 
                    HPOS="154.0"
                    VPOS="703.0"
                    WIDTH="378.0"
                    HEIGHT="5.0">
	    <String CONTENT=""
                    HPOS="154.0"
                    VPOS="703.0"
                    WIDTH="378.0"
                    HEIGHT="5.0"></String>
          </TextLine>
          <TextLine ID="eSc_line_3ae30233"
                    BASELINE="152 720 530 725" 
                    HPOS="152.0"
                    VPOS="720.0"
                    WIDTH="378.0"
                    HEIGHT="5.0">
	    <String CONTENT=""
                    HPOS="152.0"
                    VPOS="720.0"
                    WIDTH="378.0"
                    HEIGHT="5.0"></String>
          </TextLine>
          <TextLine ID="eSc_line_94cd5259"
                    BASELINE="151 739 531 741" 
                    HPOS="151.0"
                    VPOS="739.0"
                    WIDTH="380.0"
                    HEIGHT="2.0">
	    <String CONTENT=""
                    HPOS="151.0"
                    VPOS="739.0"
                    WIDTH="380.0"
                    HEIGHT="2.0"></String>
          </TextLine>
        </TextBlock>
        <TextBlock HPOS="111.0"
                   VPOS="91.0"
                   WIDTH="30.0"
                   HEIGHT="17.0"
                   ID="region_1719318457735_975"
                   TAGREFS="BT3756">
          <Shape><Polygon POINTS="114 92 141 91 141 108 111 108"/></Shape>
        </TextBlock>
      </PrintSpace>
    </Page>
  </Layout>
</alto>
