<?xml version="1.0" encoding="UTF-8"?>
<alto xmlns:xsi="http://www.w3.org/2001/XMLSchema-instance"
      xmlns="http://www.loc.gov/standards/alto/ns-v4#"
      xsi:schemaLocation="http://www.loc.gov/standards/alto/ns-v4# http://www.loc.gov/standards/alto/v4/alto-4-2.xsd">
  <Description>
    <MeasurementUnit>pixel</MeasurementUnit>
    <sourceImageInformation>
      <fileName>1769,_Saemtliche_Poetische_Werke,_Bohn,_4._Aufl.,_Bd._3,_VD18_90481127_Seite_100_Bild_0001.jpg</fileName>
    </sourceImageInformation>
  </Description>
  <Tags>
    <OtherTag ID="BT1" LABEL="Title" DESCRIPTION="block type Title"/><OtherTag ID="BT2" LABEL="Main" DESCRIPTION="block type Main"/><OtherTag ID="BT3" LABEL="Commentary" DESCRIPTION="block type Commentary"/><OtherTag ID="BT4" LABEL="Illustration" DESCRIPTION="block type Illustration"/><OtherTag ID="BT3755" LABEL="header" DESCRIPTION="block type header"/><OtherTag ID="BT3756" LABEL="paragraph" DESCRIPTION="block type paragraph"/><OtherTag ID="BT3757" LABEL="heading" DESCRIPTION="block type heading"/><OtherTag ID="BT3758" LABEL="footnote" DESCRIPTION="block type footnote"/><OtherTag ID="BT3759" LABEL="l-column" DESCRIPTION="block type l-column"/><OtherTag ID="BT3760" LABEL="r-column" DESCRIPTION="block type r-column"/><OtherTag ID="BT3761" LABEL="marginalia" DESCRIPTION="block type marginalia"/><OtherTag ID="BT4125" LABEL="drop-capital" DESCRIPTION="block type drop-capital"/><OtherTag ID="BT4126" LABEL="catch-word" DESCRIPTION="block type catch-word"/><OtherTag ID="BT4127" LABEL="page-number" DESCRIPTION="block type page-number"/><OtherTag ID="BT4128" LABEL="signature-mark" DESCRIPTION="block type signature-mark"/><OtherTag ID="BT4129" LABEL="poem_lg" DESCRIPTION="block type poem_lg"/><OtherTag ID="BT4130" LABEL="endnote" DESCRIPTION="block type endnote"/>
  </Tags>
  <Layout>
    <Page WIDTH="1971"
          HEIGHT="2897"
          PHYSICAL_IMG_NR="35"
          ID="eSc_dummypage_">
      <PrintSpace HPOS="0"
                  VPOS="0"
                  WIDTH="1971"
                  HEIGHT="2897">
        <TextBlock HPOS="696"
                   VPOS="529"
                   WIDTH="90"
                   HEIGHT="72"
                   ID="region_1724839911438_475"
                   TAGREFS="BT3756">
          <Shape><Polygon POINTS="781 587 696 601 696 529 786 529"/></Shape>
          <TextLine ID="eSc_line_37ced326"
                    BASELINE="702 587 760 587" 
                    HPOS="702.0"
                    VPOS="587.0"
                    WIDTH="58.0"
                    HEIGHT="0.0">
	    <String CONTENT=""
                    HPOS="702.0"
                    VPOS="587.0"
                    WIDTH="58.0"
                    HEIGHT="0.0"></String>
          </TextLine>
        </TextBlock>
        <TextBlock HPOS="1018"
                   VPOS="525"
                   WIDTH="412"
                   HEIGHT="75"
                   ID="region_1724839914006_478"
                   TAGREFS="BT3756">
          <Shape><Polygon POINTS="1411 600 1018 600 1018 527 1430 525"/></Shape>
          <TextLine ID="eSc_line_3a6a4a53"
                    BASELINE="1031 589 1396 595" 
                    HPOS="1031.0"
                    VPOS="589.0"
                    WIDTH="365.0"
                    HEIGHT="6.0">
	    <String CONTENT=""
                    HPOS="1031.0"
                    VPOS="589.0"
                    WIDTH="365.0"
                    HEIGHT="6.0"></String>
          </TextLine>
        </TextBlock>
        <TextBlock HPOS="771.0"
                   VPOS="743.0"
                   WIDTH="715.0"
                   HEIGHT="1427.0"
                   ID="region_1724839937302_487"
                   TAGREFS="BT3756">
          <Shape><Polygon POINTS="1486 2170 771 2170 791 910 778 875 901 873 896 747 1486 743"/></Shape>
          <TextLine ID="eSc_line_1a360f92"
                    BASELINE="901 793 1424 808" 
                    HPOS="901.0"
                    VPOS="793.0"
                    WIDTH="523.0"
                    HEIGHT="15.0">
	    <String CONTENT=""
                    HPOS="901.0"
                    VPOS="793.0"
                    WIDTH="523.0"
                    HEIGHT="15.0"></String>
          </TextLine>
          <TextLine ID="eSc_line_f3c26bdf"
                    BASELINE="917 860 1471 880" 
                    HPOS="917.0"
                    VPOS="860.0"
                    WIDTH="554.0"
                    HEIGHT="20.0">
	    <String CONTENT=""
                    HPOS="917.0"
                    VPOS="860.0"
                    WIDTH="554.0"
                    HEIGHT="20.0"></String>
          </TextLine>
          <TextLine ID="eSc_line_e6614917"
                    BASELINE="807 934 1383 934" 
                    HPOS="807.0"
                    VPOS="934.0"
                    WIDTH="576.0"
                    HEIGHT="0.0">
	    <String CONTENT=""
                    HPOS="807.0"
                    VPOS="934.0"
                    WIDTH="576.0"
                    HEIGHT="0.0"></String>
          </TextLine>
          <TextLine ID="eSc_line_93fd9eb4"
                    BASELINE="801 994 1426 1001" 
                    HPOS="801.0"
                    VPOS="994.0"
                    WIDTH="625.0"
                    HEIGHT="7.0">
	    <String CONTENT=""
                    HPOS="801.0"
                    VPOS="994.0"
                    WIDTH="625.0"
                    HEIGHT="7.0"></String>
          </TextLine>
          <TextLine ID="eSc_line_e380e05d"
                    BASELINE="801 1064 1389 1067" 
                    HPOS="801.0"
                    VPOS="1064.0"
                    WIDTH="588.0"
                    HEIGHT="3.0">
	    <String CONTENT=""
                    HPOS="801.0"
                    VPOS="1064.0"
                    WIDTH="588.0"
                    HEIGHT="3.0"></String>
          </TextLine>
          <TextLine ID="eSc_line_42fdd2a0"
                    BASELINE="798 1131 1380 1143" 
                    HPOS="798.0"
                    VPOS="1131.0"
                    WIDTH="582.0"
                    HEIGHT="12.0">
	    <String CONTENT=""
                    HPOS="798.0"
                    VPOS="1131.0"
                    WIDTH="582.0"
                    HEIGHT="12.0"></String>
          </TextLine>
          <TextLine ID="eSc_line_440e1f1c"
                    BASELINE="797 1196 1263 1210" 
                    HPOS="797.0"
                    VPOS="1196.0"
                    WIDTH="466.0"
                    HEIGHT="14.0">
	    <String CONTENT=""
                    HPOS="797.0"
                    VPOS="1196.0"
                    WIDTH="466.0"
                    HEIGHT="14.0"></String>
          </TextLine>
          <TextLine ID="eSc_line_55cd95c3"
                    BASELINE="803 1265 1344 1279" 
                    HPOS="803.0"
                    VPOS="1265.0"
                    WIDTH="541.0"
                    HEIGHT="14.0">
	    <String CONTENT=""
                    HPOS="803.0"
                    VPOS="1265.0"
                    WIDTH="541.0"
                    HEIGHT="14.0"></String>
          </TextLine>
          <TextLine ID="eSc_line_43c6eba1"
                    BASELINE="845 1375 1457 1385" 
                    HPOS="845.0"
                    VPOS="1375.0"
                    WIDTH="612.0"
                    HEIGHT="10.0">
	    <String CONTENT=""
                    HPOS="845.0"
                    VPOS="1375.0"
                    WIDTH="612.0"
                    HEIGHT="10.0"></String>
          </TextLine>
          <TextLine ID="eSc_line_3a4bd109"
                    BASELINE="804 1431 1408 1443" 
                    HPOS="804.0"
                    VPOS="1431.0"
                    WIDTH="604.0"
                    HEIGHT="12.0">
	    <String CONTENT=""
                    HPOS="804.0"
                    VPOS="1431.0"
                    WIDTH="604.0"
                    HEIGHT="12.0"></String>
          </TextLine>
          <TextLine ID="eSc_line_09985ef2"
                    BASELINE="804 1505 1484 1516" 
                    HPOS="804.0"
                    VPOS="1505.0"
                    WIDTH="680.0"
                    HEIGHT="11.0">
	    <String CONTENT=""
                    HPOS="804.0"
                    VPOS="1505.0"
                    WIDTH="680.0"
                    HEIGHT="11.0"></String>
          </TextLine>
          <TextLine ID="eSc_line_d162d7c7"
                    BASELINE="792 1566 1207 1574" 
                    HPOS="792.0"
                    VPOS="1566.0"
                    WIDTH="415.0"
                    HEIGHT="8.0">
	    <String CONTENT=""
                    HPOS="792.0"
                    VPOS="1566.0"
                    WIDTH="415.0"
                    HEIGHT="8.0"></String>
          </TextLine>
          <TextLine ID="eSc_line_fbac2df1"
                    BASELINE="792 1630 1435 1638" 
                    HPOS="792.0"
                    VPOS="1630.0"
                    WIDTH="643.0"
                    HEIGHT="8.0">
	    <String CONTENT=""
                    HPOS="792.0"
                    VPOS="1630.0"
                    WIDTH="643.0"
                    HEIGHT="8.0"></String>
          </TextLine>
          <TextLine ID="eSc_line_8a4a6063"
                    BASELINE="785 1687 1454 1700" 
                    HPOS="785.0"
                    VPOS="1687.0"
                    WIDTH="669.0"
                    HEIGHT="13.0">
	    <String CONTENT=""
                    HPOS="785.0"
                    VPOS="1687.0"
                    WIDTH="669.0"
                    HEIGHT="13.0"></String>
          </TextLine>
          <TextLine ID="eSc_line_8039d91c"
                    BASELINE="786 1759 1308 1763" 
                    HPOS="786.0"
                    VPOS="1759.0"
                    WIDTH="522.0"
                    HEIGHT="4.0">
	    <String CONTENT=""
                    HPOS="786.0"
                    VPOS="1759.0"
                    WIDTH="522.0"
                    HEIGHT="4.0"></String>
          </TextLine>
          <TextLine ID="eSc_line_6a8d3a1d"
                    BASELINE="792 1825 1226 1832" 
                    HPOS="792.0"
                    VPOS="1825.0"
                    WIDTH="434.0"
                    HEIGHT="7.0">
	    <String CONTENT=""
                    HPOS="792.0"
                    VPOS="1825.0"
                    WIDTH="434.0"
                    HEIGHT="7.0"></String>
          </TextLine>
          <TextLine ID="eSc_line_c551d6c5"
                    BASELINE="820 1944 1340 1946" 
                    HPOS="820.0"
                    VPOS="1944.0"
                    WIDTH="520.0"
                    HEIGHT="2.0">
	    <String CONTENT=""
                    HPOS="820.0"
                    VPOS="1944.0"
                    WIDTH="520.0"
                    HEIGHT="2.0"></String>
          </TextLine>
          <TextLine ID="eSc_line_44d61dc1"
                    BASELINE="788 2001 1342 2011" 
                    HPOS="788.0"
                    VPOS="2001.0"
                    WIDTH="554.0"
                    HEIGHT="10.0">
	    <String CONTENT=""
                    HPOS="788.0"
                    VPOS="2001.0"
                    WIDTH="554.0"
                    HEIGHT="10.0"></String>
          </TextLine>
          <TextLine ID="eSc_line_d1fd5933"
                    BASELINE="792 2075 1390 2076" 
                    HPOS="792.0"
                    VPOS="2075.0"
                    WIDTH="598.0"
                    HEIGHT="1.0">
	    <String CONTENT=""
                    HPOS="792.0"
                    VPOS="2075.0"
                    WIDTH="598.0"
                    HEIGHT="1.0"></String>
          </TextLine>
          <TextLine ID="eSc_line_dc9296d9"
                    BASELINE="781 2147 1290 2144" 
                    HPOS="781.0"
                    VPOS="2144.0"
                    WIDTH="509.0"
                    HEIGHT="3.0">
	    <String CONTENT=""
                    HPOS="781.0"
                    VPOS="2144.0"
                    WIDTH="509.0"
                    HEIGHT="3.0"></String>
          </TextLine>
        </TextBlock>
        <TextBlock HPOS="1046.0"
                   VPOS="624.0"
                   WIDTH="378.0"
                   HEIGHT="89.0"
                   ID="region_1724839917685_481"
                   TAGREFS="BT3757">
          <Shape><Polygon POINTS="1392 713 1046 713 1046 625 1424 624"/></Shape>
          <TextLine ID="eSc_line_37ed27bd"
                    BASELINE="1052 706 1381 706" 
                    HPOS="1052.0"
                    VPOS="706.0"
                    WIDTH="329.0"
                    HEIGHT="0.0">
	    <String CONTENT=""
                    HPOS="1052.0"
                    VPOS="706.0"
                    WIDTH="329.0"
                    HEIGHT="0.0"></String>
          </TextLine>
        </TextBlock>
        <TextBlock HPOS="650.0"
                   VPOS="2231.0"
                   WIDTH="1121.0"
                   HEIGHT="159.0"
                   ID="region_1724839947342_490"
                   TAGREFS="BT3758">
          <Shape><Polygon POINTS="1734 2390 650 2390 650 2237 1771 2231"/></Shape>
          <TextLine ID="eSc_line_6aebb656"
                    BASELINE="677 2277 1693 2289" 
                    HPOS="677.0"
                    VPOS="2277.0"
                    WIDTH="1016.0"
                    HEIGHT="12.0">
	    <String CONTENT=""
                    HPOS="677.0"
                    VPOS="2277.0"
                    WIDTH="1016.0"
                    HEIGHT="12.0"></String>
          </TextLine>
          <TextLine ID="eSc_line_8dbe1f1e"
                    BASELINE="663 2324 1479 2333" 
                    HPOS="663.0"
                    VPOS="2324.0"
                    WIDTH="816.0"
                    HEIGHT="9.0">
	    <String CONTENT=""
                    HPOS="663.0"
                    VPOS="2324.0"
                    WIDTH="816.0"
                    HEIGHT="9.0"></String>
          </TextLine>
          <TextLine ID="eSc_line_7d2d7971"
                    BASELINE="661 2372 1185 2378" 
                    HPOS="661.0"
                    VPOS="2372.0"
                    WIDTH="524.0"
                    HEIGHT="6.0">
	    <String CONTENT=""
                    HPOS="661.0"
                    VPOS="2372.0"
                    WIDTH="524.0"
                    HEIGHT="6.0"></String>
          </TextLine>
        </TextBlock>
        <TextBlock HPOS="1599"
                   VPOS="2148"
                   WIDTH="125"
                   HEIGHT="49"
                   ID="region_1724839949525_493"
                   TAGREFS="BT3756">
          <Shape><Polygon POINTS="1701 2197 1599 2197 1599 2149 1724 2148"/></Shape>
          <TextLine ID="eSc_line_6d70c4d8"
                    BASELINE="1620 2197 1699 2195" 
                    HPOS="1620.0"
                    VPOS="2195.0"
                    WIDTH="79.0"
                    HEIGHT="2.0">
	    <String CONTENT=""
                    HPOS="1620.0"
                    VPOS="2195.0"
                    WIDTH="79.0"
                    HEIGHT="2.0"></String>
          </TextLine>
        </TextBlock>
        <TextBlock HPOS="810.0"
                   VPOS="740.0"
                   WIDTH="85.0"
                   HEIGHT="123.0"
                   ID="region_1724839925642_484"
                   TAGREFS="BT3756">
          <Shape><Polygon POINTS="895 863 813 863 810 740 892 740"/></Shape>
        </TextBlock>
      </PrintSpace>
    </Page>
  </Layout>
</alto>
