<?xml version="1.0" encoding="UTF-8"?>
<alto xmlns:xsi="http://www.w3.org/2001/XMLSchema-instance"
      xmlns="http://www.loc.gov/standards/alto/ns-v4#"
      xsi:schemaLocation="http://www.loc.gov/standards/alto/ns-v4# http://www.loc.gov/standards/alto/v4/alto-4-2.xsd">
  <Description>
    <MeasurementUnit>pixel</MeasurementUnit>
    <sourceImageInformation>
      <fileName>1769,_Saemtliche_Poetische_Werke,_Bohn,_4._Aufl.,_Bd._2,_VD18_90481100_Seite_291_Bild_0001.jpg</fileName>
    </sourceImageInformation>
  </Description>
  <Tags>
    <OtherTag ID="BT1" LABEL="Title" DESCRIPTION="block type Title"/><OtherTag ID="BT2" LABEL="Main" DESCRIPTION="block type Main"/><OtherTag ID="BT3" LABEL="Commentary" DESCRIPTION="block type Commentary"/><OtherTag ID="BT4" LABEL="Illustration" DESCRIPTION="block type Illustration"/><OtherTag ID="BT3755" LABEL="header" DESCRIPTION="block type header"/><OtherTag ID="BT3756" LABEL="paragraph" DESCRIPTION="block type paragraph"/><OtherTag ID="BT3757" LABEL="heading" DESCRIPTION="block type heading"/><OtherTag ID="BT3758" LABEL="footnote" DESCRIPTION="block type footnote"/><OtherTag ID="BT3759" LABEL="l-column" DESCRIPTION="block type l-column"/><OtherTag ID="BT3760" LABEL="r-column" DESCRIPTION="block type r-column"/><OtherTag ID="BT3761" LABEL="marginalia" DESCRIPTION="block type marginalia"/><OtherTag ID="BT4125" LABEL="drop-capital" DESCRIPTION="block type drop-capital"/><OtherTag ID="BT4126" LABEL="catch-word" DESCRIPTION="block type catch-word"/><OtherTag ID="BT4127" LABEL="page-number" DESCRIPTION="block type page-number"/><OtherTag ID="BT4128" LABEL="signature-mark" DESCRIPTION="block type signature-mark"/><OtherTag ID="BT4129" LABEL="poem_lg" DESCRIPTION="block type poem_lg"/><OtherTag ID="BT4130" LABEL="endnote" DESCRIPTION="block type endnote"/>
  </Tags>
  <Layout>
    <Page WIDTH="1873"
          HEIGHT="2869"
          PHYSICAL_IMG_NR="50"
          ID="eSc_dummypage_">
      <PrintSpace HPOS="0"
                  VPOS="0"
                  WIDTH="1873"
                  HEIGHT="2869">
        <TextBlock HPOS="154.0"
                   VPOS="635.0"
                   WIDTH="930.0"
                   HEIGHT="665.0"
                   ID="region_1724839227622_287"
                   TAGREFS="BT3756">
          <Shape><Polygon POINTS="1056 1300 154 1300 154 635 1084 638"/></Shape>
          <TextLine ID="eSc_line_6972356a"
                    BASELINE="191 690 902 679" 
                    HPOS="191.0"
                    VPOS="679.0"
                    WIDTH="711.0"
                    HEIGHT="11.0">
	    <String CONTENT=""
                    HPOS="191.0"
                    VPOS="679.0"
                    WIDTH="711.0"
                    HEIGHT="11.0"></String>
          </TextLine>
          <TextLine ID="eSc_line_bb7f22e9"
                    BASELINE="189 745 1038 741" 
                    HPOS="189.0"
                    VPOS="741.0"
                    WIDTH="849.0"
                    HEIGHT="4.0">
	    <String CONTENT=""
                    HPOS="189.0"
                    VPOS="741.0"
                    WIDTH="849.0"
                    HEIGHT="4.0"></String>
          </TextLine>
          <TextLine ID="eSc_line_f637b912"
                    BASELINE="191 804 1037 794" 
                    HPOS="191.0"
                    VPOS="794.0"
                    WIDTH="846.0"
                    HEIGHT="10.0">
	    <String CONTENT=""
                    HPOS="191.0"
                    VPOS="794.0"
                    WIDTH="846.0"
                    HEIGHT="10.0"></String>
          </TextLine>
          <TextLine ID="eSc_line_24f7296d"
                    BASELINE="191 866 988 847" 
                    HPOS="191.0"
                    VPOS="847.0"
                    WIDTH="797.0"
                    HEIGHT="19.0">
	    <String CONTENT=""
                    HPOS="191.0"
                    VPOS="847.0"
                    WIDTH="797.0"
                    HEIGHT="19.0"></String>
          </TextLine>
          <TextLine ID="eSc_line_0dcd57d7"
                    BASELINE="188 925 947 907" 
                    HPOS="188.0"
                    VPOS="907.0"
                    WIDTH="759.0"
                    HEIGHT="18.0">
	    <String CONTENT=""
                    HPOS="188.0"
                    VPOS="907.0"
                    WIDTH="759.0"
                    HEIGHT="18.0"></String>
          </TextLine>
          <TextLine ID="eSc_line_7ff5ab33"
                    BASELINE="193 977 944 966" 
                    HPOS="193.0"
                    VPOS="966.0"
                    WIDTH="751.0"
                    HEIGHT="11.0">
	    <String CONTENT=""
                    HPOS="193.0"
                    VPOS="966.0"
                    WIDTH="751.0"
                    HEIGHT="11.0"></String>
          </TextLine>
          <TextLine ID="eSc_line_c48932cb"
                    BASELINE="190 1038 938 1023" 
                    HPOS="190.0"
                    VPOS="1023.0"
                    WIDTH="748.0"
                    HEIGHT="15.0">
	    <String CONTENT=""
                    HPOS="190.0"
                    VPOS="1023.0"
                    WIDTH="748.0"
                    HEIGHT="15.0"></String>
          </TextLine>
          <TextLine ID="eSc_line_0547b673"
                    BASELINE="187 1098 1018 1082" 
                    HPOS="187.0"
                    VPOS="1082.0"
                    WIDTH="831.0"
                    HEIGHT="16.0">
	    <String CONTENT=""
                    HPOS="187.0"
                    VPOS="1082.0"
                    WIDTH="831.0"
                    HEIGHT="16.0"></String>
          </TextLine>
          <TextLine ID="eSc_line_fd770059"
                    BASELINE="185 1149 894 1135" 
                    HPOS="185.0"
                    VPOS="1135.0"
                    WIDTH="709.0"
                    HEIGHT="14.0">
	    <String CONTENT=""
                    HPOS="185.0"
                    VPOS="1135.0"
                    WIDTH="709.0"
                    HEIGHT="14.0"></String>
          </TextLine>
          <TextLine ID="eSc_line_9ea9a297"
                    BASELINE="189 1205 973 1186" 
                    HPOS="189.0"
                    VPOS="1186.0"
                    WIDTH="784.0"
                    HEIGHT="19.0">
	    <String CONTENT=""
                    HPOS="189.0"
                    VPOS="1186.0"
                    WIDTH="784.0"
                    HEIGHT="19.0"></String>
          </TextLine>
          <TextLine ID="eSc_line_47bf45e7"
                    BASELINE="183 1260 855 1244" 
                    HPOS="183.0"
                    VPOS="1244.0"
                    WIDTH="672.0"
                    HEIGHT="16.0">
	    <String CONTENT=""
                    HPOS="183.0"
                    VPOS="1244.0"
                    WIDTH="672.0"
                    HEIGHT="16.0"></String>
          </TextLine>
        </TextBlock>
        <TextBlock HPOS="531"
                   VPOS="528"
                   WIDTH="397"
                   HEIGHT="63"
                   ID="region_1724839220226_281"
                   TAGREFS="BT3756">
          <Shape><Polygon POINTS="873 591 531 591 531 528 928 528"/></Shape>
          <TextLine ID="eSc_line_8b58e7e3"
                    BASELINE="541 588 859 586" 
                    HPOS="541.0"
                    VPOS="586.0"
                    WIDTH="318.0"
                    HEIGHT="2.0">
	    <String CONTENT=""
                    HPOS="541.0"
                    VPOS="586.0"
                    WIDTH="318.0"
                    HEIGHT="2.0"></String>
          </TextLine>
        </TextBlock>
        <TextBlock HPOS="1105"
                   VPOS="528"
                   WIDTH="137"
                   HEIGHT="69"
                   ID="region_1724839222042_284"
                   TAGREFS="BT3756">
          <Shape><Polygon POINTS="1218 597 1105 597 1105 528 1242 536"/></Shape>
          <TextLine ID="eSc_line_69de4205"
                    BASELINE="1122 590 1203 590" 
                    HPOS="1122.0"
                    VPOS="590.0"
                    WIDTH="81.0"
                    HEIGHT="0.0">
	    <String CONTENT=""
                    HPOS="1122.0"
                    VPOS="590.0"
                    WIDTH="81.0"
                    HEIGHT="0.0"></String>
          </TextLine>
        </TextBlock>
        <TextBlock HPOS="133.0"
                   VPOS="1385.0"
                   WIDTH="573.0"
                   HEIGHT="959.0"
                   ID="region_1724839240694_293"
                   TAGREFS="BT3759">
          <Shape><Polygon POINTS="706 2344 144 2343 133 1385 704 1385"/></Shape>
          <TextLine ID="eSc_line_0269feb0"
                    BASELINE="203 1463 695 1447" 
                    HPOS="203.0"
                    VPOS="1447.0"
                    WIDTH="492.0"
                    HEIGHT="16.0">
	    <String CONTENT=""
                    HPOS="203.0"
                    VPOS="1447.0"
                    WIDTH="492.0"
                    HEIGHT="16.0"></String>
          </TextLine>
          <TextLine ID="eSc_line_c4ad0c64"
                    BASELINE="203 1509 689 1499" 
                    HPOS="203.0"
                    VPOS="1499.0"
                    WIDTH="486.0"
                    HEIGHT="10.0">
	    <String CONTENT=""
                    HPOS="203.0"
                    VPOS="1499.0"
                    WIDTH="486.0"
                    HEIGHT="10.0"></String>
          </TextLine>
          <TextLine ID="eSc_line_15b5c04c"
                    BASELINE="207 1554 699 1545" 
                    HPOS="207.0"
                    VPOS="1545.0"
                    WIDTH="492.0"
                    HEIGHT="9.0">
	    <String CONTENT=""
                    HPOS="207.0"
                    VPOS="1545.0"
                    WIDTH="492.0"
                    HEIGHT="9.0"></String>
          </TextLine>
          <TextLine ID="eSc_line_ef11bc3c"
                    BASELINE="203 1597 689 1594" 
                    HPOS="203.0"
                    VPOS="1594.0"
                    WIDTH="486.0"
                    HEIGHT="3.0">
	    <String CONTENT=""
                    HPOS="203.0"
                    VPOS="1594.0"
                    WIDTH="486.0"
                    HEIGHT="3.0"></String>
          </TextLine>
          <TextLine ID="eSc_line_6a82a998"
                    BASELINE="199 1643 700 1635" 
                    HPOS="199.0"
                    VPOS="1635.0"
                    WIDTH="501.0"
                    HEIGHT="8.0">
	    <String CONTENT=""
                    HPOS="199.0"
                    VPOS="1635.0"
                    WIDTH="501.0"
                    HEIGHT="8.0"></String>
          </TextLine>
          <TextLine ID="eSc_line_d7d124d8"
                    BASELINE="207 1687 697 1686" 
                    HPOS="207.0"
                    VPOS="1686.0"
                    WIDTH="490.0"
                    HEIGHT="1.0">
	    <String CONTENT=""
                    HPOS="207.0"
                    VPOS="1686.0"
                    WIDTH="490.0"
                    HEIGHT="1.0"></String>
          </TextLine>
          <TextLine ID="eSc_line_c406abb9"
                    BASELINE="210 1733 700 1728" 
                    HPOS="210.0"
                    VPOS="1728.0"
                    WIDTH="490.0"
                    HEIGHT="5.0">
	    <String CONTENT=""
                    HPOS="210.0"
                    VPOS="1728.0"
                    WIDTH="490.0"
                    HEIGHT="5.0"></String>
          </TextLine>
          <TextLine ID="eSc_line_62d22b7c"
                    BASELINE="200 1775 695 1771" 
                    HPOS="200.0"
                    VPOS="1771.0"
                    WIDTH="495.0"
                    HEIGHT="4.0">
	    <String CONTENT=""
                    HPOS="200.0"
                    VPOS="1771.0"
                    WIDTH="495.0"
                    HEIGHT="4.0"></String>
          </TextLine>
          <TextLine ID="eSc_line_83c67b47"
                    BASELINE="205 1820 698 1815" 
                    HPOS="205.0"
                    VPOS="1815.0"
                    WIDTH="493.0"
                    HEIGHT="5.0">
	    <String CONTENT=""
                    HPOS="205.0"
                    VPOS="1815.0"
                    WIDTH="493.0"
                    HEIGHT="5.0"></String>
          </TextLine>
          <TextLine ID="eSc_line_56f2a9f4"
                    BASELINE="208 1863 698 1866" 
                    HPOS="208.0"
                    VPOS="1863.0"
                    WIDTH="490.0"
                    HEIGHT="3.0">
	    <String CONTENT=""
                    HPOS="208.0"
                    VPOS="1863.0"
                    WIDTH="490.0"
                    HEIGHT="3.0"></String>
          </TextLine>
          <TextLine ID="eSc_line_2e246b05"
                    BASELINE="218 1908 699 1909" 
                    HPOS="218.0"
                    VPOS="1908.0"
                    WIDTH="481.0"
                    HEIGHT="1.0">
	    <String CONTENT=""
                    HPOS="218.0"
                    VPOS="1908.0"
                    WIDTH="481.0"
                    HEIGHT="1.0"></String>
          </TextLine>
          <TextLine ID="eSc_line_2f27efdc"
                    BASELINE="207 1951 702 1955" 
                    HPOS="207.0"
                    VPOS="1951.0"
                    WIDTH="495.0"
                    HEIGHT="4.0">
	    <String CONTENT=""
                    HPOS="207.0"
                    VPOS="1951.0"
                    WIDTH="495.0"
                    HEIGHT="4.0"></String>
          </TextLine>
          <TextLine ID="eSc_line_04f42dcc"
                    BASELINE="211 1988 705 1994" 
                    HPOS="211.0"
                    VPOS="1988.0"
                    WIDTH="494.0"
                    HEIGHT="6.0">
	    <String CONTENT=""
                    HPOS="211.0"
                    VPOS="1988.0"
                    WIDTH="494.0"
                    HEIGHT="6.0"></String>
          </TextLine>
          <TextLine ID="eSc_line_086fae8d"
                    BASELINE="210 2031 702 2032" 
                    HPOS="210.0"
                    VPOS="2031.0"
                    WIDTH="492.0"
                    HEIGHT="1.0">
	    <String CONTENT=""
                    HPOS="210.0"
                    VPOS="2031.0"
                    WIDTH="492.0"
                    HEIGHT="1.0"></String>
          </TextLine>
          <TextLine ID="eSc_line_e1f22d08"
                    BASELINE="199 2085 702 2079" 
                    HPOS="199.0"
                    VPOS="2079.0"
                    WIDTH="503.0"
                    HEIGHT="6.0">
	    <String CONTENT=""
                    HPOS="199.0"
                    VPOS="2079.0"
                    WIDTH="503.0"
                    HEIGHT="6.0"></String>
          </TextLine>
          <TextLine ID="eSc_line_8514acf8"
                    BASELINE="202 2128 700 2127" 
                    HPOS="202.0"
                    VPOS="2127.0"
                    WIDTH="498.0"
                    HEIGHT="1.0">
	    <String CONTENT=""
                    HPOS="202.0"
                    VPOS="2127.0"
                    WIDTH="498.0"
                    HEIGHT="1.0"></String>
          </TextLine>
          <TextLine ID="eSc_line_477187b1"
                    BASELINE="195 2166 704 2175" 
                    HPOS="195.0"
                    VPOS="2166.0"
                    WIDTH="509.0"
                    HEIGHT="9.0">
	    <String CONTENT=""
                    HPOS="195.0"
                    VPOS="2166.0"
                    WIDTH="509.0"
                    HEIGHT="9.0"></String>
          </TextLine>
          <TextLine ID="eSc_line_760cdab7"
                    BASELINE="200 2212 700 2215" 
                    HPOS="200.0"
                    VPOS="2212.0"
                    WIDTH="500.0"
                    HEIGHT="3.0">
	    <String CONTENT=""
                    HPOS="200.0"
                    VPOS="2212.0"
                    WIDTH="500.0"
                    HEIGHT="3.0"></String>
          </TextLine>
          <TextLine ID="eSc_line_2d8e4da6"
                    BASELINE="196 2254 703 2255" 
                    HPOS="196.0"
                    VPOS="2254.0"
                    WIDTH="507.0"
                    HEIGHT="1.0">
	    <String CONTENT=""
                    HPOS="196.0"
                    VPOS="2254.0"
                    WIDTH="507.0"
                    HEIGHT="1.0"></String>
          </TextLine>
          <TextLine ID="eSc_line_99ddc477"
                    BASELINE="194 2297 707 2303" 
                    HPOS="194.0"
                    VPOS="2297.0"
                    WIDTH="513.0"
                    HEIGHT="6.0">
	    <String CONTENT=""
                    HPOS="194.0"
                    VPOS="2297.0"
                    WIDTH="513.0"
                    HEIGHT="6.0"></String>
          </TextLine>
          <TextLine ID="eSc_line_1a6391f1"
                    BASELINE="197 2334 701 2339" 
                    HPOS="197.0"
                    VPOS="2334.0"
                    WIDTH="504.0"
                    HEIGHT="5.0">
	    <String CONTENT=""
                    HPOS="197.0"
                    VPOS="2334.0"
                    WIDTH="504.0"
                    HEIGHT="5.0"></String>
          </TextLine>
        </TextBlock>
        <TextBlock HPOS="722.0"
                   VPOS="1390.0"
                   WIDTH="530.0"
                   HEIGHT="948.0"
                   ID="region_1724839244618_296"
                   TAGREFS="BT3760">
          <Shape><Polygon POINTS="1243 2337 722 2338 722 1394 1252 1390"/></Shape>
          <TextLine ID="eSc_line_c6a161b2"
                    BASELINE="723 1541 1220 1534" 
                    HPOS="723.0"
                    VPOS="1534.0"
                    WIDTH="497.0"
                    HEIGHT="7.0">
	    <String CONTENT=""
                    HPOS="723.0"
                    VPOS="1534.0"
                    WIDTH="497.0"
                    HEIGHT="7.0"></String>
          </TextLine>
          <TextLine ID="eSc_line_dbde0700"
                    BASELINE="740 1632 1223 1633" 
                    HPOS="740.0"
                    VPOS="1632.0"
                    WIDTH="483.0"
                    HEIGHT="1.0">
	    <String CONTENT=""
                    HPOS="740.0"
                    VPOS="1632.0"
                    WIDTH="483.0"
                    HEIGHT="1.0"></String>
          </TextLine>
          <TextLine ID="eSc_line_19afcfef"
                    BASELINE="724 1682 1220 1680" 
                    HPOS="724.0"
                    VPOS="1680.0"
                    WIDTH="496.0"
                    HEIGHT="2.0">
	    <String CONTENT=""
                    HPOS="724.0"
                    VPOS="1680.0"
                    WIDTH="496.0"
                    HEIGHT="2.0"></String>
          </TextLine>
          <TextLine ID="eSc_line_8410c545"
                    BASELINE="728 1730 1219 1726" 
                    HPOS="728.0"
                    VPOS="1726.0"
                    WIDTH="491.0"
                    HEIGHT="4.0">
	    <String CONTENT=""
                    HPOS="728.0"
                    VPOS="1726.0"
                    WIDTH="491.0"
                    HEIGHT="4.0"></String>
          </TextLine>
          <TextLine ID="eSc_line_70e10f11"
                    BASELINE="734 1771 1223 1774" 
                    HPOS="734.0"
                    VPOS="1771.0"
                    WIDTH="489.0"
                    HEIGHT="3.0">
	    <String CONTENT=""
                    HPOS="734.0"
                    VPOS="1771.0"
                    WIDTH="489.0"
                    HEIGHT="3.0"></String>
          </TextLine>
          <TextLine ID="eSc_line_1f185bde"
                    BASELINE="735 1815 1233 1816" 
                    HPOS="735.0"
                    VPOS="1815.0"
                    WIDTH="498.0"
                    HEIGHT="1.0">
	    <String CONTENT=""
                    HPOS="735.0"
                    VPOS="1815.0"
                    WIDTH="498.0"
                    HEIGHT="1.0"></String>
          </TextLine>
          <TextLine ID="eSc_line_51dd3ada"
                    BASELINE="724 1859 1225 1861" 
                    HPOS="724.0"
                    VPOS="1859.0"
                    WIDTH="501.0"
                    HEIGHT="2.0">
	    <String CONTENT=""
                    HPOS="724.0"
                    VPOS="1859.0"
                    WIDTH="501.0"
                    HEIGHT="2.0"></String>
          </TextLine>
          <TextLine ID="eSc_line_27fa637e"
                    BASELINE="725 1945 1227 1955" 
                    HPOS="725.0"
                    VPOS="1945.0"
                    WIDTH="502.0"
                    HEIGHT="10.0">
	    <String CONTENT=""
                    HPOS="725.0"
                    VPOS="1945.0"
                    WIDTH="502.0"
                    HEIGHT="10.0"></String>
          </TextLine>
          <TextLine ID="eSc_line_5bce469e"
                    BASELINE="726 2087 1218 2091" 
                    HPOS="726.0"
                    VPOS="2087.0"
                    WIDTH="492.0"
                    HEIGHT="4.0">
	    <String CONTENT=""
                    HPOS="726.0"
                    VPOS="2087.0"
                    WIDTH="492.0"
                    HEIGHT="4.0"></String>
          </TextLine>
          <TextLine ID="eSc_line_bdd2997f"
                    BASELINE="728 2136 1230 2129" 
                    HPOS="728.0"
                    VPOS="2129.0"
                    WIDTH="502.0"
                    HEIGHT="7.0">
	    <String CONTENT=""
                    HPOS="728.0"
                    VPOS="2129.0"
                    WIDTH="502.0"
                    HEIGHT="7.0"></String>
          </TextLine>
          <TextLine ID="eSc_line_d9e2f47a"
                    BASELINE="730 2173 1232 2171" 
                    HPOS="730.0"
                    VPOS="2171.0"
                    WIDTH="502.0"
                    HEIGHT="2.0">
	    <String CONTENT=""
                    HPOS="730.0"
                    VPOS="2171.0"
                    WIDTH="502.0"
                    HEIGHT="2.0"></String>
          </TextLine>
          <TextLine ID="eSc_line_42e9c151"
                    BASELINE="730 2220 1224 2217" 
                    HPOS="730.0"
                    VPOS="2217.0"
                    WIDTH="494.0"
                    HEIGHT="3.0">
	    <String CONTENT=""
                    HPOS="730.0"
                    VPOS="2217.0"
                    WIDTH="494.0"
                    HEIGHT="3.0"></String>
          </TextLine>
          <TextLine ID="eSc_line_e7e7ae96"
                    BASELINE="731 2263 1233 2260" 
                    HPOS="731.0"
                    VPOS="2260.0"
                    WIDTH="502.0"
                    HEIGHT="3.0">
	    <String CONTENT=""
                    HPOS="731.0"
                    VPOS="2260.0"
                    WIDTH="502.0"
                    HEIGHT="3.0"></String>
          </TextLine>
          <TextLine ID="eSc_line_a2437edf"
                    BASELINE="735 2302 1228 2297" 
                    HPOS="735.0"
                    VPOS="2297.0"
                    WIDTH="493.0"
                    HEIGHT="5.0">
	    <String CONTENT=""
                    HPOS="735.0"
                    VPOS="2297.0"
                    WIDTH="493.0"
                    HEIGHT="5.0"></String>
          </TextLine>
          <TextLine ID="eSc_line_9b2a63e9"
                    BASELINE="743 2334 1236 2334" 
                    HPOS="743.0"
                    VPOS="2334.0"
                    WIDTH="493.0"
                    HEIGHT="0.0">
	    <String CONTENT=""
                    HPOS="743.0"
                    VPOS="2334.0"
                    WIDTH="493.0"
                    HEIGHT="0.0"></String>
          </TextLine>
        </TextBlock>
        <TextBlock HPOS="1108"
                   VPOS="1300"
                   WIDTH="170"
                   HEIGHT="65"
                   ID="region_1724839229906_290"
                   TAGREFS="BT3756">
          <Shape><Polygon POINTS="1237 1365 1108 1365 1108 1300 1278 1300"/></Shape>
          <TextLine ID="eSc_line_420540c6"
                    BASELINE="1136 1359 1219 1360" 
                    HPOS="1136.0"
                    VPOS="1359.0"
                    WIDTH="83.0"
                    HEIGHT="1.0">
	    <String CONTENT=""
                    HPOS="1136.0"
                    VPOS="1359.0"
                    WIDTH="83.0"
                    HEIGHT="1.0"></String>
          </TextLine>
        </TextBlock>
        <TextBlock HPOS="252"
                   VPOS="2349"
                   WIDTH="185"
                   HEIGHT="63"
                   ID="region_1724839249138_299"
                   TAGREFS="BT3756">
          <Shape><Polygon POINTS="422 2412 252 2412 252 2349 437 2353"/></Shape>
          <TextLine ID="eSc_line_40628e8a"
                    BASELINE="258 2401 411 2400" 
                    HPOS="258.0"
                    VPOS="2400.0"
                    WIDTH="153.0"
                    HEIGHT="1.0">
	    <String CONTENT=""
                    HPOS="258.0"
                    VPOS="2400.0"
                    WIDTH="153.0"
                    HEIGHT="1.0"></String>
          </TextLine>
        </TextBlock>
        <TextBlock HPOS="724"
                   VPOS="2345"
                   WIDTH="107"
                   HEIGHT="50"
                   ID="region_1724839255214_305"
                   TAGREFS="BT3756">
          <Shape><Polygon POINTS="813 2395 724 2395 725 2345 831 2350"/></Shape>
          <TextLine ID="eSc_line_8f8d9c4c"
                    BASELINE="746 2388 797 2388" 
                    HPOS="746.0"
                    VPOS="2388.0"
                    WIDTH="51.0"
                    HEIGHT="0.0">
	    <String CONTENT=""
                    HPOS="746.0"
                    VPOS="2388.0"
                    WIDTH="51.0"
                    HEIGHT="0.0"></String>
          </TextLine>
        </TextBlock>
        <TextBlock HPOS="1120"
                   VPOS="2341"
                   WIDTH="150"
                   HEIGHT="52"
                   ID="region_1724839252558_302"
                   TAGREFS="BT3756">
          <Shape><Polygon POINTS="1247 2393 1120 2393 1120 2342 1270 2341"/></Shape>
          <TextLine ID="eSc_line_48b9e20b"
                    BASELINE="1138 2384 1239 2383" 
                    HPOS="1138.0"
                    VPOS="2383.0"
                    WIDTH="101.0"
                    HEIGHT="1.0">
	    <String CONTENT=""
                    HPOS="1138.0"
                    VPOS="2383.0"
                    WIDTH="101.0"
                    HEIGHT="1.0"></String>
          </TextLine>
        </TextBlock>
        <TextBlock ID="eSc_dummyblock_">
          <TextLine ID="eSc_line_e9e6eee2"
                    BASELINE="225 1313 952 1299" 
                    HPOS="225.0"
                    VPOS="1299.0"
                    WIDTH="727.0"
                    HEIGHT="14.0">
	    <String CONTENT=""
                    HPOS="225.0"
                    VPOS="1299.0"
                    WIDTH="727.0"
                    HEIGHT="14.0"></String>
          </TextLine>
          <TextLine ID="eSc_line_f1d85ebd"
                    BASELINE="721 1448 1222 1440" 
                    HPOS="721.0"
                    VPOS="1440.0"
                    WIDTH="501.0"
                    HEIGHT="8.0">
	    <String CONTENT=""
                    HPOS="721.0"
                    VPOS="1440.0"
                    WIDTH="501.0"
                    HEIGHT="8.0"></String>
          </TextLine>
          <TextLine ID="eSc_line_a876cda5"
                    BASELINE="720 1492 1224 1485" 
                    HPOS="720.0"
                    VPOS="1485.0"
                    WIDTH="504.0"
                    HEIGHT="7.0">
	    <String CONTENT=""
                    HPOS="720.0"
                    VPOS="1485.0"
                    WIDTH="504.0"
                    HEIGHT="7.0"></String>
          </TextLine>
          <TextLine ID="eSc_line_380f39ae"
                    BASELINE="718 1585 1115 1580" 
                    HPOS="718.0"
                    VPOS="1580.0"
                    WIDTH="397.0"
                    HEIGHT="5.0">
	    <String CONTENT=""
                    HPOS="718.0"
                    VPOS="1580.0"
                    WIDTH="397.0"
                    HEIGHT="5.0"></String>
          </TextLine>
          <TextLine ID="eSc_line_ebcbe22d"
                    BASELINE="721 1904 1224 1903" 
                    HPOS="721.0"
                    VPOS="1903.0"
                    WIDTH="503.0"
                    HEIGHT="1.0">
	    <String CONTENT=""
                    HPOS="721.0"
                    VPOS="1903.0"
                    WIDTH="503.0"
                    HEIGHT="1.0"></String>
          </TextLine>
          <TextLine ID="eSc_line_b6d3160c"
                    BASELINE="712 1998 1225 1994" 
                    HPOS="712.0"
                    VPOS="1994.0"
                    WIDTH="513.0"
                    HEIGHT="4.0">
	    <String CONTENT=""
                    HPOS="712.0"
                    VPOS="1994.0"
                    WIDTH="513.0"
                    HEIGHT="4.0"></String>
          </TextLine>
          <TextLine ID="eSc_line_bcb32f21"
                    BASELINE="721 2047 1228 2045" 
                    HPOS="721.0"
                    VPOS="2045.0"
                    WIDTH="507.0"
                    HEIGHT="2.0">
	    <String CONTENT=""
                    HPOS="721.0"
                    VPOS="2045.0"
                    WIDTH="507.0"
                    HEIGHT="2.0"></String>
          </TextLine>
        </TextBlock>
      </PrintSpace>
    </Page>
  </Layout>
</alto>
