<?xml version="1.0" encoding="UTF-8"?>
<alto xmlns:xsi="http://www.w3.org/2001/XMLSchema-instance"
      xmlns="http://www.loc.gov/standards/alto/ns-v4#"
      xsi:schemaLocation="http://www.loc.gov/standards/alto/ns-v4# http://www.loc.gov/standards/alto/v4/alto-4-2.xsd">
  <Description>
    <MeasurementUnit>pixel</MeasurementUnit>
    <sourceImageInformation>
      <fileName>1769,_Saemtliche_Poetische_Werke,_Bohn,_4._Aufl.,_Bd._2,_VD18_90481100_Seite_093_Bild_0001.jpg</fileName>
    </sourceImageInformation>
  </Description>
  <Tags>
    <OtherTag ID="BT1" LABEL="Title" DESCRIPTION="block type Title"/><OtherTag ID="BT2" LABEL="Main" DESCRIPTION="block type Main"/><OtherTag ID="BT3" LABEL="Commentary" DESCRIPTION="block type Commentary"/><OtherTag ID="BT4" LABEL="Illustration" DESCRIPTION="block type Illustration"/><OtherTag ID="BT3755" LABEL="header" DESCRIPTION="block type header"/><OtherTag ID="BT3756" LABEL="paragraph" DESCRIPTION="block type paragraph"/><OtherTag ID="BT3757" LABEL="heading" DESCRIPTION="block type heading"/><OtherTag ID="BT3758" LABEL="footnote" DESCRIPTION="block type footnote"/><OtherTag ID="BT3759" LABEL="l-column" DESCRIPTION="block type l-column"/><OtherTag ID="BT3760" LABEL="r-column" DESCRIPTION="block type r-column"/><OtherTag ID="BT3761" LABEL="marginalia" DESCRIPTION="block type marginalia"/><OtherTag ID="BT4125" LABEL="drop-capital" DESCRIPTION="block type drop-capital"/><OtherTag ID="BT4126" LABEL="catch-word" DESCRIPTION="block type catch-word"/><OtherTag ID="BT4127" LABEL="page-number" DESCRIPTION="block type page-number"/><OtherTag ID="BT4128" LABEL="signature-mark" DESCRIPTION="block type signature-mark"/><OtherTag ID="BT4129" LABEL="poem_lg" DESCRIPTION="block type poem_lg"/><OtherTag ID="BT4130" LABEL="endnote" DESCRIPTION="block type endnote"/>
  </Tags>
  <Layout>
    <Page WIDTH="1873"
          HEIGHT="2869"
          PHYSICAL_IMG_NR="31"
          ID="eSc_dummypage_">
      <PrintSpace HPOS="0"
                  VPOS="0"
                  WIDTH="1873"
                  HEIGHT="2869">
        <TextBlock HPOS="267.0"
                   VPOS="603.0"
                   WIDTH="907.0"
                   HEIGHT="104.0"
                   ID="region_1719567046706_264"
                   TAGREFS="BT3757">
          <Shape><Polygon POINTS="1174 696 267 707 271 603 1168 603"/></Shape>
          <TextLine ID="eSc_line_289be8aa"
                    BASELINE="280 700 1135 687" 
                    HPOS="280.0"
                    VPOS="687.0"
                    WIDTH="855.0"
                    HEIGHT="13.0">
	    <String CONTENT=""
                    HPOS="280.0"
                    VPOS="687.0"
                    WIDTH="855.0"
                    HEIGHT="13.0"></String>
          </TextLine>
        </TextBlock>
        <TextBlock HPOS="537"
                   VPOS="488"
                   WIDTH="337"
                   HEIGHT="89"
                   ID="region_1719567039338_258"
                   TAGREFS="BT3756">
          <Shape><Polygon POINTS="854 577 537 577 537 498 874 488"/></Shape>
          <TextLine ID="eSc_line_ad7c65ab"
                    BASELINE="578 567 848 572" 
                    HPOS="578.0"
                    VPOS="567.0"
                    WIDTH="270.0"
                    HEIGHT="5.0">
	    <String CONTENT=""
                    HPOS="578.0"
                    VPOS="567.0"
                    WIDTH="270.0"
                    HEIGHT="5.0"></String>
          </TextLine>
        </TextBlock>
        <TextBlock HPOS="307.0"
                   VPOS="722.0"
                   WIDTH="837.0"
                   HEIGHT="1127.0"
                   ID="region_1719567135322_275"
                   TAGREFS="BT3756">
          <Shape><Polygon POINTS="1144 1848 319 1849 308 905 307 843 413 847 414 723 1128 722"/></Shape>
          <TextLine ID="eSc_line_0f6a4247"
                    BASELINE="417 785 983 766" 
                    HPOS="417.0"
                    VPOS="766.0"
                    WIDTH="566.0"
                    HEIGHT="19.0">
	    <String CONTENT=""
                    HPOS="417.0"
                    VPOS="766.0"
                    WIDTH="566.0"
                    HEIGHT="19.0"></String>
          </TextLine>
          <TextLine ID="eSc_line_1c504dbe"
                    BASELINE="442 842 1109 829" 
                    HPOS="442.0"
                    VPOS="829.0"
                    WIDTH="667.0"
                    HEIGHT="13.0">
	    <String CONTENT=""
                    HPOS="442.0"
                    VPOS="829.0"
                    WIDTH="667.0"
                    HEIGHT="13.0"></String>
          </TextLine>
          <TextLine ID="eSc_line_9bf6ef9e"
                    BASELINE="323 912 940 897" 
                    HPOS="323.0"
                    VPOS="897.0"
                    WIDTH="617.0"
                    HEIGHT="15.0">
	    <String CONTENT=""
                    HPOS="323.0"
                    VPOS="897.0"
                    WIDTH="617.0"
                    HEIGHT="15.0"></String>
          </TextLine>
          <TextLine ID="eSc_line_7d5bbea6"
                    BASELINE="328 986 1056 972" 
                    HPOS="328.0"
                    VPOS="972.0"
                    WIDTH="728.0"
                    HEIGHT="14.0">
	    <String CONTENT=""
                    HPOS="328.0"
                    VPOS="972.0"
                    WIDTH="728.0"
                    HEIGHT="14.0"></String>
          </TextLine>
          <TextLine ID="eSc_line_b83956b7"
                    BASELINE="325 1050 1010 1029" 
                    HPOS="325.0"
                    VPOS="1029.0"
                    WIDTH="685.0"
                    HEIGHT="21.0">
	    <String CONTENT=""
                    HPOS="325.0"
                    VPOS="1029.0"
                    WIDTH="685.0"
                    HEIGHT="21.0"></String>
          </TextLine>
          <TextLine ID="eSc_line_2a1dc8a3"
                    BASELINE="321 1111 1041 1098" 
                    HPOS="321.0"
                    VPOS="1098.0"
                    WIDTH="720.0"
                    HEIGHT="13.0">
	    <String CONTENT=""
                    HPOS="321.0"
                    VPOS="1098.0"
                    WIDTH="720.0"
                    HEIGHT="13.0"></String>
          </TextLine>
          <TextLine ID="eSc_line_cd5a181e"
                    BASELINE="380 1216 925 1197" 
                    HPOS="380.0"
                    VPOS="1197.0"
                    WIDTH="545.0"
                    HEIGHT="19.0">
	    <String CONTENT=""
                    HPOS="380.0"
                    VPOS="1197.0"
                    WIDTH="545.0"
                    HEIGHT="19.0"></String>
          </TextLine>
          <TextLine ID="eSc_line_bd7dc6e9"
                    BASELINE="325 1278 1088 1260" 
                    HPOS="325.0"
                    VPOS="1260.0"
                    WIDTH="763.0"
                    HEIGHT="18.0">
	    <String CONTENT=""
                    HPOS="325.0"
                    VPOS="1260.0"
                    WIDTH="763.0"
                    HEIGHT="18.0"></String>
          </TextLine>
          <TextLine ID="eSc_line_c90f2a29"
                    BASELINE="331 1342 869 1329" 
                    HPOS="331.0"
                    VPOS="1329.0"
                    WIDTH="538.0"
                    HEIGHT="13.0">
	    <String CONTENT=""
                    HPOS="331.0"
                    VPOS="1329.0"
                    WIDTH="538.0"
                    HEIGHT="13.0"></String>
          </TextLine>
          <TextLine ID="eSc_line_6c76eda2"
                    BASELINE="332 1404 1051 1400" 
                    HPOS="332.0"
                    VPOS="1400.0"
                    WIDTH="719.0"
                    HEIGHT="4.0">
	    <String CONTENT=""
                    HPOS="332.0"
                    VPOS="1400.0"
                    WIDTH="719.0"
                    HEIGHT="4.0"></String>
          </TextLine>
          <TextLine ID="eSc_line_b2570510"
                    BASELINE="330 1468 1059 1461" 
                    HPOS="330.0"
                    VPOS="1461.0"
                    WIDTH="729.0"
                    HEIGHT="7.0">
	    <String CONTENT=""
                    HPOS="330.0"
                    VPOS="1461.0"
                    WIDTH="729.0"
                    HEIGHT="7.0"></String>
          </TextLine>
          <TextLine ID="eSc_line_2e0d5ee5"
                    BASELINE="327 1547 1138 1538" 
                    HPOS="327.0"
                    VPOS="1538.0"
                    WIDTH="811.0"
                    HEIGHT="9.0">
	    <String CONTENT=""
                    HPOS="327.0"
                    VPOS="1538.0"
                    WIDTH="811.0"
                    HEIGHT="9.0"></String>
          </TextLine>
          <TextLine ID="eSc_line_c556ef2d"
                    BASELINE="380 1650 915 1650" 
                    HPOS="380.0"
                    VPOS="1650.0"
                    WIDTH="535.0"
                    HEIGHT="0.0">
	    <String CONTENT=""
                    HPOS="380.0"
                    VPOS="1650.0"
                    WIDTH="535.0"
                    HEIGHT="0.0"></String>
          </TextLine>
          <TextLine ID="eSc_line_3f34e273"
                    BASELINE="345 1720 963 1705" 
                    HPOS="345.0"
                    VPOS="1705.0"
                    WIDTH="618.0"
                    HEIGHT="15.0">
	    <String CONTENT=""
                    HPOS="345.0"
                    VPOS="1705.0"
                    WIDTH="618.0"
                    HEIGHT="15.0"></String>
          </TextLine>
          <TextLine ID="eSc_line_3a00879c"
                    BASELINE="338 1786 1016 1782" 
                    HPOS="338.0"
                    VPOS="1782.0"
                    WIDTH="678.0"
                    HEIGHT="4.0">
	    <String CONTENT=""
                    HPOS="338.0"
                    VPOS="1782.0"
                    WIDTH="678.0"
                    HEIGHT="4.0"></String>
          </TextLine>
          <TextLine ID="eSc_line_4719c927"
                    BASELINE="341 1843 1110 1843" 
                    HPOS="341.0"
                    VPOS="1843.0"
                    WIDTH="769.0"
                    HEIGHT="0.0">
	    <String CONTENT=""
                    HPOS="341.0"
                    VPOS="1843.0"
                    WIDTH="769.0"
                    HEIGHT="0.0"></String>
          </TextLine>
        </TextBlock>
        <TextBlock HPOS="1151"
                   VPOS="514"
                   WIDTH="123"
                   HEIGHT="79"
                   ID="region_1719567041764_261"
                   TAGREFS="BT3756">
          <Shape><Polygon POINTS="1230 593 1151 593 1151 516 1274 514"/></Shape>
          <TextLine ID="eSc_line_d8f94451"
                    BASELINE="1171 575 1231 577" 
                    HPOS="1171.0"
                    VPOS="575.0"
                    WIDTH="60.0"
                    HEIGHT="2.0">
	    <String CONTENT=""
                    HPOS="1171.0"
                    VPOS="575.0"
                    WIDTH="60.0"
                    HEIGHT="2.0"></String>
          </TextLine>
        </TextBlock>
        <TextBlock HPOS="182.0"
                   VPOS="1950.0"
                   WIDTH="554.0"
                   HEIGHT="421.0"
                   ID="region_1719567175062_290"
                   TAGREFS="BT3759">
          <Shape><Polygon POINTS="736 2369 182 2371 211 1950 736 1950"/></Shape>
          <TextLine ID="eSc_line_c75446ff"
                    BASELINE="225 1994 728 1997" 
                    HPOS="225.0"
                    VPOS="1994.0"
                    WIDTH="503.0"
                    HEIGHT="3.0">
	    <String CONTENT=""
                    HPOS="225.0"
                    VPOS="1994.0"
                    WIDTH="503.0"
                    HEIGHT="3.0"></String>
          </TextLine>
          <TextLine ID="eSc_line_21622f69"
                    BASELINE="224 2039 719 2043" 
                    HPOS="224.0"
                    VPOS="2039.0"
                    WIDTH="495.0"
                    HEIGHT="4.0">
	    <String CONTENT=""
                    HPOS="224.0"
                    VPOS="2039.0"
                    WIDTH="495.0"
                    HEIGHT="4.0"></String>
          </TextLine>
          <TextLine ID="eSc_line_68c80516"
                    BASELINE="234 2083 732 2091" 
                    HPOS="234.0"
                    VPOS="2083.0"
                    WIDTH="498.0"
                    HEIGHT="8.0">
	    <String CONTENT=""
                    HPOS="234.0"
                    VPOS="2083.0"
                    WIDTH="498.0"
                    HEIGHT="8.0"></String>
          </TextLine>
          <TextLine ID="eSc_line_c955c7fd"
                    BASELINE="222 2132 717 2132" 
                    HPOS="222.0"
                    VPOS="2132.0"
                    WIDTH="495.0"
                    HEIGHT="0.0">
	    <String CONTENT=""
                    HPOS="222.0"
                    VPOS="2132.0"
                    WIDTH="495.0"
                    HEIGHT="0.0"></String>
          </TextLine>
          <TextLine ID="eSc_line_c89655ba"
                    BASELINE="239 2171 724 2176" 
                    HPOS="239.0"
                    VPOS="2171.0"
                    WIDTH="485.0"
                    HEIGHT="5.0">
	    <String CONTENT=""
                    HPOS="239.0"
                    VPOS="2171.0"
                    WIDTH="485.0"
                    HEIGHT="5.0"></String>
          </TextLine>
          <TextLine ID="eSc_line_44a92637"
                    BASELINE="231 2218 725 2222" 
                    HPOS="231.0"
                    VPOS="2218.0"
                    WIDTH="494.0"
                    HEIGHT="4.0">
	    <String CONTENT=""
                    HPOS="231.0"
                    VPOS="2218.0"
                    WIDTH="494.0"
                    HEIGHT="4.0"></String>
          </TextLine>
          <TextLine ID="eSc_line_a2423f71"
                    BASELINE="227 2263 724 2270" 
                    HPOS="227.0"
                    VPOS="2263.0"
                    WIDTH="497.0"
                    HEIGHT="7.0">
	    <String CONTENT=""
                    HPOS="227.0"
                    VPOS="2263.0"
                    WIDTH="497.0"
                    HEIGHT="7.0"></String>
          </TextLine>
          <TextLine ID="eSc_line_e9e4f941"
                    BASELINE="224 2305 725 2314" 
                    HPOS="224.0"
                    VPOS="2305.0"
                    WIDTH="501.0"
                    HEIGHT="9.0">
	    <String CONTENT=""
                    HPOS="224.0"
                    VPOS="2305.0"
                    WIDTH="501.0"
                    HEIGHT="9.0"></String>
          </TextLine>
          <TextLine ID="eSc_line_a6317d34"
                    BASELINE="220 2348 726 2360" 
                    HPOS="220.0"
                    VPOS="2348.0"
                    WIDTH="506.0"
                    HEIGHT="12.0">
	    <String CONTENT=""
                    HPOS="220.0"
                    VPOS="2348.0"
                    WIDTH="506.0"
                    HEIGHT="12.0"></String>
          </TextLine>
        </TextBlock>
        <TextBlock HPOS="746.0"
                   VPOS="1950.0"
                   WIDTH="572.0"
                   HEIGHT="415.0"
                   ID="region_1719567181242_293"
                   TAGREFS="BT3760">
          <Shape><Polygon POINTS="1318 2365 746 2363 746 1950 1263 1950"/></Shape>
          <TextLine ID="eSc_line_5b1878ae"
                    BASELINE="755 2000 1248 2008" 
                    HPOS="755.0"
                    VPOS="2000.0"
                    WIDTH="493.0"
                    HEIGHT="8.0">
	    <String CONTENT=""
                    HPOS="755.0"
                    VPOS="2000.0"
                    WIDTH="493.0"
                    HEIGHT="8.0"></String>
          </TextLine>
          <TextLine ID="eSc_line_c6a2e384"
                    BASELINE="756 2049 1247 2042" 
                    HPOS="756.0"
                    VPOS="2042.0"
                    WIDTH="491.0"
                    HEIGHT="7.0">
	    <String CONTENT=""
                    HPOS="756.0"
                    VPOS="2042.0"
                    WIDTH="491.0"
                    HEIGHT="7.0"></String>
          </TextLine>
          <TextLine ID="eSc_line_b63559c8"
                    BASELINE="753 2094 1245 2086" 
                    HPOS="753.0"
                    VPOS="2086.0"
                    WIDTH="492.0"
                    HEIGHT="8.0">
	    <String CONTENT=""
                    HPOS="753.0"
                    VPOS="2086.0"
                    WIDTH="492.0"
                    HEIGHT="8.0"></String>
          </TextLine>
          <TextLine ID="eSc_line_4aec72f0"
                    BASELINE="754 2131 1261 2132" 
                    HPOS="754.0"
                    VPOS="2131.0"
                    WIDTH="507.0"
                    HEIGHT="1.0">
	    <String CONTENT=""
                    HPOS="754.0"
                    VPOS="2131.0"
                    WIDTH="507.0"
                    HEIGHT="1.0"></String>
          </TextLine>
          <TextLine ID="eSc_line_e2418217"
                    BASELINE="758 2178 1253 2176" 
                    HPOS="758.0"
                    VPOS="2176.0"
                    WIDTH="495.0"
                    HEIGHT="2.0">
	    <String CONTENT=""
                    HPOS="758.0"
                    VPOS="2176.0"
                    WIDTH="495.0"
                    HEIGHT="2.0"></String>
          </TextLine>
          <TextLine ID="eSc_line_aa91b8f2"
                    BASELINE="755 2226 1253 2226" 
                    HPOS="755.0"
                    VPOS="2226.0"
                    WIDTH="498.0"
                    HEIGHT="0.0">
	    <String CONTENT=""
                    HPOS="755.0"
                    VPOS="2226.0"
                    WIDTH="498.0"
                    HEIGHT="0.0"></String>
          </TextLine>
          <TextLine ID="eSc_line_e7666a6a"
                    BASELINE="756 2265 1245 2272" 
                    HPOS="756.0"
                    VPOS="2265.0"
                    WIDTH="489.0"
                    HEIGHT="7.0">
	    <String CONTENT=""
                    HPOS="756.0"
                    VPOS="2265.0"
                    WIDTH="489.0"
                    HEIGHT="7.0"></String>
          </TextLine>
          <TextLine ID="eSc_line_b6d4e5fc"
                    BASELINE="753 2313 1240 2319" 
                    HPOS="753.0"
                    VPOS="2313.0"
                    WIDTH="487.0"
                    HEIGHT="6.0">
	    <String CONTENT=""
                    HPOS="753.0"
                    VPOS="2313.0"
                    WIDTH="487.0"
                    HEIGHT="6.0"></String>
          </TextLine>
          <TextLine ID="eSc_line_9480c714"
                    BASELINE="754 2351 903 2351" 
                    HPOS="754.0"
                    VPOS="2351.0"
                    WIDTH="149.0"
                    HEIGHT="0.0">
	    <String CONTENT=""
                    HPOS="754.0"
                    VPOS="2351.0"
                    WIDTH="149.0"
                    HEIGHT="0.0"></String>
          </TextLine>
        </TextBlock>
        <TextBlock HPOS="1178"
                   VPOS="1845"
                   WIDTH="90"
                   HEIGHT="68"
                   ID="region_1719567154666_284"
                   TAGREFS="BT3756">
          <Shape><Polygon POINTS="1239 1913 1178 1913 1178 1865 1268 1845"/></Shape>
          <TextLine ID="eSc_line_8151794c"
                    BASELINE="1189 1912 1238 1914" 
                    HPOS="1189.0"
                    VPOS="1912.0"
                    WIDTH="49.0"
                    HEIGHT="2.0">
	    <String CONTENT=""
                    HPOS="1189.0"
                    VPOS="1912.0"
                    WIDTH="49.0"
                    HEIGHT="2.0"></String>
          </TextLine>
        </TextBlock>
        <TextBlock HPOS="283.0"
                   VPOS="729.0"
                   WIDTH="129.0"
                   HEIGHT="110.0"
                   ID="region_1719567051738_267"
                   TAGREFS="BT3756">
          <Shape><Polygon POINTS="412 839 283 830 310 729 412 731"/></Shape>
        </TextBlock>
      </PrintSpace>
    </Page>
  </Layout>
</alto>
