<?xml version="1.0" encoding="UTF-8"?>
<alto xmlns:xsi="http://www.w3.org/2001/XMLSchema-instance"
      xmlns="http://www.loc.gov/standards/alto/ns-v4#"
      xsi:schemaLocation="http://www.loc.gov/standards/alto/ns-v4# http://www.loc.gov/standards/alto/v4/alto-4-2.xsd">
  <Description>
    <MeasurementUnit>pixel</MeasurementUnit>
    <sourceImageInformation>
      <fileName>1770,_Saemmtliche_Poetische_Werke,_Trattner,_VD18_12002895_Seite_019_Bild_0001.jpg</fileName>
    </sourceImageInformation>
  </Description>
  <Tags>
    <OtherTag ID="BT1" LABEL="Title" DESCRIPTION="block type Title"/><OtherTag ID="BT2" LABEL="Main" DESCRIPTION="block type Main"/><OtherTag ID="BT3" LABEL="Commentary" DESCRIPTION="block type Commentary"/><OtherTag ID="BT4" LABEL="Illustration" DESCRIPTION="block type Illustration"/><OtherTag ID="BT3755" LABEL="header" DESCRIPTION="block type header"/><OtherTag ID="BT3756" LABEL="paragraph" DESCRIPTION="block type paragraph"/><OtherTag ID="BT3757" LABEL="heading" DESCRIPTION="block type heading"/><OtherTag ID="BT3758" LABEL="footnote" DESCRIPTION="block type footnote"/><OtherTag ID="BT3759" LABEL="l-column" DESCRIPTION="block type l-column"/><OtherTag ID="BT3760" LABEL="r-column" DESCRIPTION="block type r-column"/><OtherTag ID="BT3761" LABEL="marginalia" DESCRIPTION="block type marginalia"/><OtherTag ID="BT4125" LABEL="drop-capital" DESCRIPTION="block type drop-capital"/><OtherTag ID="BT4126" LABEL="catch-word" DESCRIPTION="block type catch-word"/><OtherTag ID="BT4127" LABEL="page-number" DESCRIPTION="block type page-number"/><OtherTag ID="BT4128" LABEL="signature-mark" DESCRIPTION="block type signature-mark"/><OtherTag ID="BT4129" LABEL="poem_lg" DESCRIPTION="block type poem_lg"/><OtherTag ID="BT4130" LABEL="endnote" DESCRIPTION="block type endnote"/>
  </Tags>
  <Layout>
    <Page WIDTH="1096"
          HEIGHT="1745"
          PHYSICAL_IMG_NR="154"
          ID="eSc_dummypage_">
      <PrintSpace HPOS="0"
                  VPOS="0"
                  WIDTH="1096"
                  HEIGHT="1745">
        <TextBlock HPOS="122.0"
                   VPOS="164.0"
                   WIDTH="482.0"
                   HEIGHT="56.0"
                   ID="region_1719303017878_50"
                   TAGREFS="BT3756">
          <Shape><Polygon POINTS="122 164 590 165 604 220 122 220"/></Shape>
          <TextLine ID="eSc_line_051bc6dc"
                    BASELINE="136 208 594 213" 
                    HPOS="136.0"
                    VPOS="208.0"
                    WIDTH="458.0"
                    HEIGHT="5.0">
	    <String CONTENT=""
                    HPOS="136.0"
                    VPOS="208.0"
                    WIDTH="458.0"
                    HEIGHT="5.0"></String>
          </TextLine>
        </TextBlock>
        <TextBlock HPOS="36.0"
                   VPOS="247.0"
                   WIDTH="679.0"
                   HEIGHT="189.0"
                   ID="region_1719303023624_53"
                   TAGREFS="BT3756">
          <Shape><Polygon POINTS="36 249 709 247 715 390 456 390 457 433 36 436"/></Shape>
          <TextLine ID="eSc_line_4a7c47e1"
                    BASELINE="48 288 710 283" 
                    HPOS="48.0"
                    VPOS="283.0"
                    WIDTH="662.0"
                    HEIGHT="5.0">
	    <String CONTENT=""
                    HPOS="48.0"
                    VPOS="283.0"
                    WIDTH="662.0"
                    HEIGHT="5.0"></String>
          </TextLine>
          <TextLine ID="eSc_line_3b3bd28b"
                    BASELINE="43 332 702 332" 
                    HPOS="43.0"
                    VPOS="332.0"
                    WIDTH="659.0"
                    HEIGHT="0.0">
	    <String CONTENT=""
                    HPOS="43.0"
                    VPOS="332.0"
                    WIDTH="659.0"
                    HEIGHT="0.0"></String>
          </TextLine>
          <TextLine ID="eSc_line_47992956"
                    BASELINE="46 382 702 380" 
                    HPOS="46.0"
                    VPOS="380.0"
                    WIDTH="656.0"
                    HEIGHT="2.0">
	    <String CONTENT=""
                    HPOS="46.0"
                    VPOS="380.0"
                    WIDTH="656.0"
                    HEIGHT="2.0"></String>
          </TextLine>
          <TextLine ID="eSc_line_0ff5b49b"
                    BASELINE="41 427 448 422" 
                    HPOS="41.0"
                    VPOS="422.0"
                    WIDTH="407.0"
                    HEIGHT="5.0">
	    <String CONTENT=""
                    HPOS="41.0"
                    VPOS="422.0"
                    WIDTH="407.0"
                    HEIGHT="5.0"></String>
          </TextLine>
        </TextBlock>
        <TextBlock HPOS="77.0"
                   VPOS="504.0"
                   WIDTH="641.0"
                   HEIGHT="176.0"
                   ID="region_1719303040224_59"
                   TAGREFS="BT3758">
          <Shape><Polygon POINTS="77 504 718 504 715 667 77 680"/></Shape>
          <TextLine ID="eSc_line_2a77f42a"
                    BASELINE="86 545 702 547" 
                    HPOS="86.0"
                    VPOS="545.0"
                    WIDTH="616.0"
                    HEIGHT="2.0">
	    <String CONTENT=""
                    HPOS="86.0"
                    VPOS="545.0"
                    WIDTH="616.0"
                    HEIGHT="2.0"></String>
          </TextLine>
          <TextLine ID="eSc_line_a5c4a6f5"
                    BASELINE="87 581 708 579" 
                    HPOS="87.0"
                    VPOS="579.0"
                    WIDTH="621.0"
                    HEIGHT="2.0">
	    <String CONTENT=""
                    HPOS="87.0"
                    VPOS="579.0"
                    WIDTH="621.0"
                    HEIGHT="2.0"></String>
          </TextLine>
          <TextLine ID="eSc_line_9a8af363"
                    BASELINE="87 624 704 620" 
                    HPOS="87.0"
                    VPOS="620.0"
                    WIDTH="617.0"
                    HEIGHT="4.0">
	    <String CONTENT=""
                    HPOS="87.0"
                    VPOS="620.0"
                    WIDTH="617.0"
                    HEIGHT="4.0"></String>
          </TextLine>
          <TextLine ID="eSc_line_daa608e9"
                    BASELINE="87 667 267 665" 
                    HPOS="87.0"
                    VPOS="665.0"
                    WIDTH="180.0"
                    HEIGHT="2.0">
	    <String CONTENT=""
                    HPOS="87.0"
                    VPOS="665.0"
                    WIDTH="180.0"
                    HEIGHT="2.0"></String>
          </TextLine>
        </TextBlock>
        <TextBlock HPOS="76.0"
                   VPOS="700.0"
                   WIDTH="663.0"
                   HEIGHT="787.0"
                   ID="region_1719303060179_62"
                   TAGREFS="BT3758">
          <Shape><Polygon POINTS="731 700 76 701 76 1485 739 1487"/></Shape>
          <TextLine ID="eSc_line_a8d08204"
                    BASELINE="128 737 712 739" 
                    HPOS="128.0"
                    VPOS="737.0"
                    WIDTH="584.0"
                    HEIGHT="2.0">
	    <String CONTENT=""
                    HPOS="128.0"
                    VPOS="737.0"
                    WIDTH="584.0"
                    HEIGHT="2.0"></String>
          </TextLine>
          <TextLine ID="eSc_line_e09d500d"
                    BASELINE="91 777 717 777" 
                    HPOS="91.0"
                    VPOS="777.0"
                    WIDTH="626.0"
                    HEIGHT="0.0">
	    <String CONTENT=""
                    HPOS="91.0"
                    VPOS="777.0"
                    WIDTH="626.0"
                    HEIGHT="0.0"></String>
          </TextLine>
          <TextLine ID="eSc_line_67ba4c1d"
                    BASELINE="93 819 712 817" 
                    HPOS="93.0"
                    VPOS="817.0"
                    WIDTH="619.0"
                    HEIGHT="2.0">
	    <String CONTENT=""
                    HPOS="93.0"
                    VPOS="817.0"
                    WIDTH="619.0"
                    HEIGHT="2.0"></String>
          </TextLine>
          <TextLine ID="eSc_line_41b1e587"
                    BASELINE="101 857 712 857" 
                    HPOS="101.0"
                    VPOS="857.0"
                    WIDTH="611.0"
                    HEIGHT="0.0">
	    <String CONTENT=""
                    HPOS="101.0"
                    VPOS="857.0"
                    WIDTH="611.0"
                    HEIGHT="0.0"></String>
          </TextLine>
          <TextLine ID="eSc_line_7c64c95a"
                    BASELINE="98 899 712 902" 
                    HPOS="98.0"
                    VPOS="899.0"
                    WIDTH="614.0"
                    HEIGHT="3.0">
	    <String CONTENT=""
                    HPOS="98.0"
                    VPOS="899.0"
                    WIDTH="614.0"
                    HEIGHT="3.0"></String>
          </TextLine>
          <TextLine ID="eSc_line_3eb51f31"
                    BASELINE="103 942 715 942" 
                    HPOS="103.0"
                    VPOS="942.0"
                    WIDTH="612.0"
                    HEIGHT="0.0">
	    <String CONTENT=""
                    HPOS="103.0"
                    VPOS="942.0"
                    WIDTH="612.0"
                    HEIGHT="0.0"></String>
          </TextLine>
          <TextLine ID="eSc_line_97917d12"
                    BASELINE="98 984 717 984" 
                    HPOS="98.0"
                    VPOS="984.0"
                    WIDTH="619.0"
                    HEIGHT="0.0">
	    <String CONTENT=""
                    HPOS="98.0"
                    VPOS="984.0"
                    WIDTH="619.0"
                    HEIGHT="0.0"></String>
          </TextLine>
          <TextLine ID="eSc_line_3ad5e4bd"
                    BASELINE="101 1022 712 1027" 
                    HPOS="101.0"
                    VPOS="1022.0"
                    WIDTH="611.0"
                    HEIGHT="5.0">
	    <String CONTENT=""
                    HPOS="101.0"
                    VPOS="1022.0"
                    WIDTH="611.0"
                    HEIGHT="5.0"></String>
          </TextLine>
          <TextLine ID="eSc_line_47381233"
                    BASELINE="98 1066 720 1071" 
                    HPOS="98.0"
                    VPOS="1066.0"
                    WIDTH="622.0"
                    HEIGHT="5.0">
	    <String CONTENT=""
                    HPOS="98.0"
                    VPOS="1066.0"
                    WIDTH="622.0"
                    HEIGHT="5.0"></String>
          </TextLine>
          <TextLine ID="eSc_line_55773de6"
                    BASELINE="103 1106 715 1104" 
                    HPOS="103.0"
                    VPOS="1104.0"
                    WIDTH="612.0"
                    HEIGHT="2.0">
	    <String CONTENT=""
                    HPOS="103.0"
                    VPOS="1104.0"
                    WIDTH="612.0"
                    HEIGHT="2.0"></String>
          </TextLine>
          <TextLine ID="eSc_line_0845b7fb"
                    BASELINE="101 1141 717 1146" 
                    HPOS="101.0"
                    VPOS="1141.0"
                    WIDTH="616.0"
                    HEIGHT="5.0">
	    <String CONTENT=""
                    HPOS="101.0"
                    VPOS="1141.0"
                    WIDTH="616.0"
                    HEIGHT="5.0"></String>
          </TextLine>
          <TextLine ID="eSc_line_de323aa3"
                    BASELINE="101 1186 717 1189" 
                    HPOS="101.0"
                    VPOS="1186.0"
                    WIDTH="616.0"
                    HEIGHT="3.0">
	    <String CONTENT=""
                    HPOS="101.0"
                    VPOS="1186.0"
                    WIDTH="616.0"
                    HEIGHT="3.0"></String>
          </TextLine>
          <TextLine ID="eSc_line_5bdec639"
                    BASELINE="106 1226 722 1226" 
                    HPOS="106.0"
                    VPOS="1226.0"
                    WIDTH="616.0"
                    HEIGHT="0.0">
	    <String CONTENT=""
                    HPOS="106.0"
                    VPOS="1226.0"
                    WIDTH="616.0"
                    HEIGHT="0.0"></String>
          </TextLine>
          <TextLine ID="eSc_line_5f654e74"
                    BASELINE="103 1264 722 1271" 
                    HPOS="103.0"
                    VPOS="1264.0"
                    WIDTH="619.0"
                    HEIGHT="7.0">
	    <String CONTENT=""
                    HPOS="103.0"
                    VPOS="1264.0"
                    WIDTH="619.0"
                    HEIGHT="7.0"></String>
          </TextLine>
          <TextLine ID="eSc_line_f2941405"
                    BASELINE="111 1306 720 1314" 
                    HPOS="111.0"
                    VPOS="1306.0"
                    WIDTH="609.0"
                    HEIGHT="8.0">
	    <String CONTENT=""
                    HPOS="111.0"
                    VPOS="1306.0"
                    WIDTH="609.0"
                    HEIGHT="8.0"></String>
          </TextLine>
          <TextLine ID="eSc_line_ed2c2cc9"
                    BASELINE="98 1351 732 1356" 
                    HPOS="98.0"
                    VPOS="1351.0"
                    WIDTH="634.0"
                    HEIGHT="5.0">
	    <String CONTENT=""
                    HPOS="98.0"
                    VPOS="1351.0"
                    WIDTH="634.0"
                    HEIGHT="5.0"></String>
          </TextLine>
          <TextLine ID="eSc_line_5fcc2577"
                    BASELINE="103 1386 732 1391" 
                    HPOS="103.0"
                    VPOS="1386.0"
                    WIDTH="629.0"
                    HEIGHT="5.0">
	    <String CONTENT=""
                    HPOS="103.0"
                    VPOS="1386.0"
                    WIDTH="629.0"
                    HEIGHT="5.0"></String>
          </TextLine>
          <TextLine ID="eSc_line_ef531c81"
                    BASELINE="103 1431 732 1433" 
                    HPOS="103.0"
                    VPOS="1431.0"
                    WIDTH="629.0"
                    HEIGHT="2.0">
	    <String CONTENT=""
                    HPOS="103.0"
                    VPOS="1431.0"
                    WIDTH="629.0"
                    HEIGHT="2.0"></String>
          </TextLine>
          <TextLine ID="eSc_line_b7c39a5d"
                    BASELINE="106 1476 732 1473" 
                    HPOS="106.0"
                    VPOS="1473.0"
                    WIDTH="626.0"
                    HEIGHT="3.0">
	    <String CONTENT=""
                    HPOS="106.0"
                    VPOS="1473.0"
                    WIDTH="626.0"
                    HEIGHT="3.0"></String>
          </TextLine>
        </TextBlock>
        <TextBlock HPOS="545.0"
                   VPOS="426.0"
                   WIDTH="125.0"
                   HEIGHT="54.0"
                   ID="region_1719303031808_56"
                   TAGREFS="BT3756">
          <Shape><Polygon POINTS="545 480 670 480 664 430 545 426"/></Shape>
        </TextBlock>
        <TextBlock HPOS="661.0"
                   VPOS="1490.0"
                   WIDTH="38.0"
                   HEIGHT="35.0"
                   ID="region_1719303068682_65"
                   TAGREFS="BT3756">
          <Shape><Polygon POINTS="661 1490 699 1490 699 1525 664 1522"/></Shape>
        </TextBlock>
      </PrintSpace>
    </Page>
  </Layout>
</alto>
