<?xml version="1.0" encoding="UTF-8"?>
<alto xmlns:xsi="http://www.w3.org/2001/XMLSchema-instance"
      xmlns="http://www.loc.gov/standards/alto/ns-v4#"
      xsi:schemaLocation="http://www.loc.gov/standards/alto/ns-v4# http://www.loc.gov/standards/alto/v4/alto-4-2.xsd">
  <Description>
    <MeasurementUnit>pixel</MeasurementUnit>
    <sourceImageInformation>
      <fileName>1770,_Saemmtliche_Poetische_Werke,_Trattner,_VD18_12002895_Seite_378_Bild_0001.jpg</fileName>
    </sourceImageInformation>
  </Description>
  <Tags>
    <OtherTag ID="BT1" LABEL="Title" DESCRIPTION="block type Title"/><OtherTag ID="BT2" LABEL="Main" DESCRIPTION="block type Main"/><OtherTag ID="BT3" LABEL="Commentary" DESCRIPTION="block type Commentary"/><OtherTag ID="BT4" LABEL="Illustration" DESCRIPTION="block type Illustration"/><OtherTag ID="BT3755" LABEL="header" DESCRIPTION="block type header"/><OtherTag ID="BT3756" LABEL="paragraph" DESCRIPTION="block type paragraph"/><OtherTag ID="BT3757" LABEL="heading" DESCRIPTION="block type heading"/><OtherTag ID="BT3758" LABEL="footnote" DESCRIPTION="block type footnote"/><OtherTag ID="BT3759" LABEL="l-column" DESCRIPTION="block type l-column"/><OtherTag ID="BT3760" LABEL="r-column" DESCRIPTION="block type r-column"/><OtherTag ID="BT3761" LABEL="marginalia" DESCRIPTION="block type marginalia"/><OtherTag ID="BT4125" LABEL="drop-capital" DESCRIPTION="block type drop-capital"/><OtherTag ID="BT4126" LABEL="catch-word" DESCRIPTION="block type catch-word"/><OtherTag ID="BT4127" LABEL="page-number" DESCRIPTION="block type page-number"/><OtherTag ID="BT4128" LABEL="signature-mark" DESCRIPTION="block type signature-mark"/><OtherTag ID="BT4129" LABEL="poem_lg" DESCRIPTION="block type poem_lg"/><OtherTag ID="BT4130" LABEL="endnote" DESCRIPTION="block type endnote"/>
  </Tags>
  <Layout>
    <Page WIDTH="1093"
          HEIGHT="1745"
          PHYSICAL_IMG_NR="159"
          ID="eSc_dummypage_">
      <PrintSpace HPOS="0"
                  VPOS="0"
                  WIDTH="1093"
                  HEIGHT="1745">
        <TextBlock HPOS="369.0"
                   VPOS="190.0"
                   WIDTH="55.0"
                   HEIGHT="49.0"
                   ID="region_1719312796316_365"
                   TAGREFS="BT3756">
          <Shape><Polygon POINTS="369 190 424 190 424 239 369 239"/></Shape>
        </TextBlock>
        <TextBlock HPOS="487.0"
                   VPOS="181.0"
                   WIDTH="432.0"
                   HEIGHT="58.0"
                   ID="region_1719312804183_368"
                   TAGREFS="BT3756">
          <Shape><Polygon POINTS="487 239 919 237 919 181 487 183"/></Shape>
        </TextBlock>
        <TextBlock HPOS="363.0"
                   VPOS="251.0"
                   WIDTH="678.0"
                   HEIGHT="293.0"
                   ID="region_1719312811141_371"
                   TAGREFS="BT3756">
          <Shape><Polygon POINTS="372 254 1041 251 1041 544 363 544"/></Shape>
        </TextBlock>
        <TextBlock HPOS="364.0"
                   VPOS="618.0"
                   WIDTH="685.0"
                   HEIGHT="290.0"
                   ID="region_1719312840751_377"
                   TAGREFS="BT3756">
          <Shape><Polygon POINTS="364 624 1049 618 1045 908 364 908"/></Shape>
        </TextBlock>
        <TextBlock HPOS="375.0"
                   VPOS="1015.0"
                   WIDTH="676.0"
                   HEIGHT="112.0"
                   ID="region_1719312862366_383"
                   TAGREFS="BT3757">
          <Shape><Polygon POINTS="375 1016 1051 1015 1042 1127 375 1126"/></Shape>
        </TextBlock>
        <TextBlock HPOS="370.0"
                   VPOS="1161.0"
                   WIDTH="58.0"
                   HEIGHT="66.0"
                   ID="region_1719312868753_386"
                   TAGREFS="BT3756">
          <Shape><Polygon POINTS="376 1161 428 1161 428 1227 370 1227"/></Shape>
        </TextBlock>
        <TextBlock HPOS="365.0"
                   VPOS="1185.0"
                   WIDTH="689.0"
                   HEIGHT="123.0"
                   ID="region_1719312872936_389"
                   TAGREFS="BT3756">
          <Shape><Polygon POINTS="365 1230 430 1230 430 1186 1054 1185 1041 1308 365 1307"/></Shape>
        </TextBlock>
        <TextBlock HPOS="922.0"
                   VPOS="1337.0"
                   WIDTH="87.0"
                   HEIGHT="48.0"
                   ID="region_1719312879554_392"
                   TAGREFS="BT3756">
          <Shape><Polygon POINTS="922 1338 1009 1337 1003 1385 922 1385"/></Shape>
        </TextBlock>
        <TextBlock HPOS="438.0"
                   VPOS="1419.0"
                   WIDTH="611.0"
                   HEIGHT="110.0"
                   ID="region_1719312885264_395"
                   TAGREFS="BT3758">
          <Shape><Polygon POINTS="438 1419 1049 1419 1044 1526 438 1529"/></Shape>
        </TextBlock>
      </PrintSpace>
    </Page>
  </Layout>
</alto>
