<?xml version="1.0" encoding="UTF-8"?>
<alto xmlns:xsi="http://www.w3.org/2001/XMLSchema-instance"
      xmlns="http://www.loc.gov/standards/alto/ns-v4#"
      xsi:schemaLocation="http://www.loc.gov/standards/alto/ns-v4# http://www.loc.gov/standards/alto/v4/alto-4-2.xsd">
  <Description>
    <MeasurementUnit>pixel</MeasurementUnit>
    <sourceImageInformation>
      <fileName>1770,_Saemmtliche_Poetische_Werke,_Trattner,_VD18_12002895_Seite_490_Bild_0001.jpg</fileName>
    </sourceImageInformation>
  </Description>
  <Tags>
    <OtherTag ID="BT1" LABEL="Title" DESCRIPTION="block type Title"/><OtherTag ID="BT2" LABEL="Main" DESCRIPTION="block type Main"/><OtherTag ID="BT3" LABEL="Commentary" DESCRIPTION="block type Commentary"/><OtherTag ID="BT4" LABEL="Illustration" DESCRIPTION="block type Illustration"/><OtherTag ID="BT3755" LABEL="header" DESCRIPTION="block type header"/><OtherTag ID="BT3756" LABEL="paragraph" DESCRIPTION="block type paragraph"/><OtherTag ID="BT3757" LABEL="heading" DESCRIPTION="block type heading"/><OtherTag ID="BT3758" LABEL="footnote" DESCRIPTION="block type footnote"/><OtherTag ID="BT3759" LABEL="l-column" DESCRIPTION="block type l-column"/><OtherTag ID="BT3760" LABEL="r-column" DESCRIPTION="block type r-column"/><OtherTag ID="BT3761" LABEL="marginalia" DESCRIPTION="block type marginalia"/><OtherTag ID="BT4125" LABEL="drop-capital" DESCRIPTION="block type drop-capital"/><OtherTag ID="BT4126" LABEL="catch-word" DESCRIPTION="block type catch-word"/><OtherTag ID="BT4127" LABEL="page-number" DESCRIPTION="block type page-number"/><OtherTag ID="BT4128" LABEL="signature-mark" DESCRIPTION="block type signature-mark"/><OtherTag ID="BT4129" LABEL="poem_lg" DESCRIPTION="block type poem_lg"/><OtherTag ID="BT4130" LABEL="endnote" DESCRIPTION="block type endnote"/>
  </Tags>
  <Layout>
    <Page WIDTH="1104"
          HEIGHT="1763"
          PHYSICAL_IMG_NR="160"
          ID="eSc_dummypage_">
      <PrintSpace HPOS="0"
                  VPOS="0"
                  WIDTH="1104"
                  HEIGHT="1763">
        <TextBlock HPOS="397.0"
                   VPOS="235.0"
                   WIDTH="690.0"
                   HEIGHT="459.0"
                   ID="region_1737733491293_1118"
                   TAGREFS="BT3756">
          <Shape><Polygon POINTS="411 235 1026 237 1033 287 1087 366 1071 434 1019 428 1068 584 1001 588 980 638 1066 654 1074 693 406 694 397 424"/></Shape>
          <TextLine ID="eSc_line_a5c8528e"
                    BASELINE="413 276 1023 274" 
                    HPOS="413.0"
                    VPOS="274.0"
                    WIDTH="610.0"
                    HEIGHT="2.0">
	    <String CONTENT=""
                    HPOS="413.0"
                    VPOS="274.0"
                    WIDTH="610.0"
                    HEIGHT="2.0"></String>
          </TextLine>
          <TextLine ID="eSc_line_9c817fc6"
                    BASELINE="410 317 1046 315" 
                    HPOS="410.0"
                    VPOS="315.0"
                    WIDTH="636.0"
                    HEIGHT="2.0">
	    <String CONTENT=""
                    HPOS="410.0"
                    VPOS="315.0"
                    WIDTH="636.0"
                    HEIGHT="2.0"></String>
          </TextLine>
          <TextLine ID="eSc_line_8848be8f"
                    BASELINE="404 362 1075 360" 
                    HPOS="404.0"
                    VPOS="360.0"
                    WIDTH="671.0"
                    HEIGHT="2.0">
	    <String CONTENT=""
                    HPOS="404.0"
                    VPOS="360.0"
                    WIDTH="671.0"
                    HEIGHT="2.0"></String>
          </TextLine>
          <TextLine ID="eSc_line_a5e1fca6"
                    BASELINE="404 399 1080 396" 
                    HPOS="404.0"
                    VPOS="396.0"
                    WIDTH="676.0"
                    HEIGHT="3.0">
	    <String CONTENT=""
                    HPOS="404.0"
                    VPOS="396.0"
                    WIDTH="676.0"
                    HEIGHT="3.0"></String>
          </TextLine>
          <TextLine ID="eSc_line_eb623e7e"
                    BASELINE="404 442 1009 437" 
                    HPOS="404.0"
                    VPOS="437.0"
                    WIDTH="605.0"
                    HEIGHT="5.0">
	    <String CONTENT=""
                    HPOS="404.0"
                    VPOS="437.0"
                    WIDTH="605.0"
                    HEIGHT="5.0"></String>
          </TextLine>
          <TextLine ID="eSc_line_35141487"
                    BASELINE="408 485 1027 481" 
                    HPOS="408.0"
                    VPOS="481.0"
                    WIDTH="619.0"
                    HEIGHT="4.0">
	    <String CONTENT=""
                    HPOS="408.0"
                    VPOS="481.0"
                    WIDTH="619.0"
                    HEIGHT="4.0"></String>
          </TextLine>
          <TextLine ID="eSc_line_87ea3519"
                    BASELINE="406 522 1034 519" 
                    HPOS="406.0"
                    VPOS="519.0"
                    WIDTH="628.0"
                    HEIGHT="3.0">
	    <String CONTENT=""
                    HPOS="406.0"
                    VPOS="519.0"
                    WIDTH="628.0"
                    HEIGHT="3.0"></String>
          </TextLine>
          <TextLine ID="eSc_line_8c5235ae"
                    BASELINE="410 563 1046 560" 
                    HPOS="410.0"
                    VPOS="560.0"
                    WIDTH="636.0"
                    HEIGHT="3.0">
	    <String CONTENT=""
                    HPOS="410.0"
                    VPOS="560.0"
                    WIDTH="636.0"
                    HEIGHT="3.0"></String>
          </TextLine>
          <TextLine ID="eSc_line_6d50a5cc"
                    BASELINE="406 601 989 606" 
                    HPOS="406.0"
                    VPOS="601.0"
                    WIDTH="583.0"
                    HEIGHT="5.0">
	    <String CONTENT=""
                    HPOS="406.0"
                    VPOS="601.0"
                    WIDTH="583.0"
                    HEIGHT="5.0"></String>
          </TextLine>
          <TextLine ID="eSc_line_2b283298"
                    BASELINE="408 645 959 642" 
                    HPOS="408.0"
                    VPOS="642.0"
                    WIDTH="551.0"
                    HEIGHT="3.0">
	    <String CONTENT=""
                    HPOS="408.0"
                    VPOS="642.0"
                    WIDTH="551.0"
                    HEIGHT="3.0"></String>
          </TextLine>
          <TextLine ID="eSc_line_15596c23"
                    BASELINE="410 686 1064 681" 
                    HPOS="410.0"
                    VPOS="681.0"
                    WIDTH="654.0"
                    HEIGHT="5.0">
	    <String CONTENT=""
                    HPOS="410.0"
                    VPOS="681.0"
                    WIDTH="654.0"
                    HEIGHT="5.0"></String>
          </TextLine>
        </TextBlock>
        <TextBlock HPOS="496.0"
                   VPOS="159.0"
                   WIDTH="570.0"
                   HEIGHT="60.0"
                   ID="region_1737733467344_1115"
                   TAGREFS="BT3756">
          <Shape><Polygon POINTS="498 164 1066 159 1064 214 496 219"/></Shape>
          <TextLine ID="eSc_line_ee521b4a"
                    BASELINE="504 206 1066 206" 
                    HPOS="504.0"
                    VPOS="206.0"
                    WIDTH="562.0"
                    HEIGHT="0.0">
	    <String CONTENT=""
                    HPOS="504.0"
                    VPOS="206.0"
                    WIDTH="562.0"
                    HEIGHT="0.0"></String>
          </TextLine>
        </TextBlock>
        <TextBlock HPOS="408.0"
                   VPOS="175.0"
                   WIDTH="75.0"
                   HEIGHT="37.0"
                   ID="region_1737733455120_1112"
                   TAGREFS="BT3756">
          <Shape><Polygon POINTS="481 176 408 175 408 212 483 212"/></Shape>
        </TextBlock>
        <TextBlock HPOS="924.0"
                   VPOS="1409.0"
                   WIDTH="94.0"
                   HEIGHT="74.0"
                   ID="region_1737733500570_1121"
                   TAGREFS="BT3756">
          <Shape><Polygon POINTS="935 1409 1018 1411 1010 1483 924 1473"/></Shape>
        </TextBlock>
      </PrintSpace>
    </Page>
  </Layout>
</alto>
