<?xml version="1.0" encoding="UTF-8"?>
<alto xmlns:xsi="http://www.w3.org/2001/XMLSchema-instance"
      xmlns="http://www.loc.gov/standards/alto/ns-v4#"
      xsi:schemaLocation="http://www.loc.gov/standards/alto/ns-v4# http://www.loc.gov/standards/alto/v4/alto-4-2.xsd">
  <Description>
    <MeasurementUnit>pixel</MeasurementUnit>
    <sourceImageInformation>
      <fileName>1770,_Saemmtliche_Poetische_Werke,_Trattner,_VD18_12002895_Seite_272_Bild_0001.jpg</fileName>
    </sourceImageInformation>
  </Description>
  <Tags>
    <OtherTag ID="BT1" LABEL="Title" DESCRIPTION="block type Title"/><OtherTag ID="BT2" LABEL="Main" DESCRIPTION="block type Main"/><OtherTag ID="BT3" LABEL="Commentary" DESCRIPTION="block type Commentary"/><OtherTag ID="BT4" LABEL="Illustration" DESCRIPTION="block type Illustration"/><OtherTag ID="BT3755" LABEL="header" DESCRIPTION="block type header"/><OtherTag ID="BT3756" LABEL="paragraph" DESCRIPTION="block type paragraph"/><OtherTag ID="BT3757" LABEL="heading" DESCRIPTION="block type heading"/><OtherTag ID="BT3758" LABEL="footnote" DESCRIPTION="block type footnote"/><OtherTag ID="BT3759" LABEL="l-column" DESCRIPTION="block type l-column"/><OtherTag ID="BT3760" LABEL="r-column" DESCRIPTION="block type r-column"/><OtherTag ID="BT3761" LABEL="marginalia" DESCRIPTION="block type marginalia"/><OtherTag ID="BT4125" LABEL="drop-capital" DESCRIPTION="block type drop-capital"/><OtherTag ID="BT4126" LABEL="catch-word" DESCRIPTION="block type catch-word"/><OtherTag ID="BT4127" LABEL="page-number" DESCRIPTION="block type page-number"/><OtherTag ID="BT4128" LABEL="signature-mark" DESCRIPTION="block type signature-mark"/><OtherTag ID="BT4129" LABEL="poem_lg" DESCRIPTION="block type poem_lg"/><OtherTag ID="BT4130" LABEL="endnote" DESCRIPTION="block type endnote"/>
  </Tags>
  <Layout>
    <Page WIDTH="1061"
          HEIGHT="1742"
          PHYSICAL_IMG_NR="158"
          ID="eSc_dummypage_">
      <PrintSpace HPOS="0"
                  VPOS="0"
                  WIDTH="1061"
                  HEIGHT="1742">
        <TextBlock HPOS="316.0"
                   VPOS="255.0"
                   WIDTH="682.0"
                   HEIGHT="159.0"
                   ID="region_1737733162662_1012"
                   TAGREFS="BT3757">
          <Shape><Polygon POINTS="487 261 842 255 844 313 996 309 998 360 719 364 723 410 599 414 595 369 316 372 316 324 475 318"/></Shape>
          <TextLine ID="eSc_line_620ee83a"
                    BASELINE="496 311 842 303" 
                    HPOS="496.0"
                    VPOS="303.0"
                    WIDTH="346.0"
                    HEIGHT="8.0">
	    <String CONTENT=""
                    HPOS="496.0"
                    VPOS="303.0"
                    WIDTH="346.0"
                    HEIGHT="8.0"></String>
          </TextLine>
          <TextLine ID="eSc_line_8b2fa6fa"
                    BASELINE="332 363 989 351" 
                    HPOS="332.0"
                    VPOS="351.0"
                    WIDTH="657.0"
                    HEIGHT="12.0">
	    <String CONTENT=""
                    HPOS="332.0"
                    VPOS="351.0"
                    WIDTH="657.0"
                    HEIGHT="12.0"></String>
          </TextLine>
          <TextLine ID="eSc_line_c26059d3"
                    BASELINE="617 406 709 402" 
                    HPOS="617.0"
                    VPOS="402.0"
                    WIDTH="92.0"
                    HEIGHT="4.0">
	    <String CONTENT=""
                    HPOS="617.0"
                    VPOS="402.0"
                    WIDTH="92.0"
                    HEIGHT="4.0"></String>
          </TextLine>
        </TextBlock>
        <TextBlock HPOS="461.0"
                   VPOS="173.0"
                   WIDTH="445.0"
                   HEIGHT="61.0"
                   ID="region_1737733145266_1009"
                   TAGREFS="BT3756">
          <Shape><Polygon POINTS="461 181 906 173 904 220 680 233 462 234"/></Shape>
          <TextLine ID="eSc_line_4818bf45"
                    BASELINE="887 218 480 222" 
                    HPOS="480.0"
                    VPOS="218.0"
                    WIDTH="407.0"
                    HEIGHT="4.0">
	    <String CONTENT=""
                    HPOS="480.0"
                    VPOS="218.0"
                    WIDTH="407.0"
                    HEIGHT="4.0"></String>
          </TextLine>
        </TextBlock>
        <TextBlock HPOS="320.0"
                   VPOS="430.0"
                   WIDTH="695.0"
                   HEIGHT="333.0"
                   ID="region_1737733277346_1030"
                   TAGREFS="BT3756">
          <Shape><Polygon POINTS="370 458 373 481 365 485 357 486 331 485 320 590 329 734 602 730 602 763 697 762 695 727 1015 723 1001 435 920 430 499 439 377 451"/></Shape>
          <TextLine ID="eSc_line_5067bb50"
                    BASELINE="377 473 983 460" 
                    HPOS="377.0"
                    VPOS="460.0"
                    WIDTH="606.0"
                    HEIGHT="13.0">
	    <String CONTENT=""
                    HPOS="377.0"
                    VPOS="460.0"
                    WIDTH="606.0"
                    HEIGHT="13.0"></String>
          </TextLine>
          <TextLine ID="eSc_line_3ef8cb35"
                    BASELINE="335 517 992 506" 
                    HPOS="335.0"
                    VPOS="506.0"
                    WIDTH="657.0"
                    HEIGHT="11.0">
	    <String CONTENT=""
                    HPOS="335.0"
                    VPOS="506.0"
                    WIDTH="657.0"
                    HEIGHT="11.0"></String>
          </TextLine>
          <TextLine ID="eSc_line_9eb4b297"
                    BASELINE="648 556 817 554" 
                    HPOS="648.0"
                    VPOS="554.0"
                    WIDTH="169.0"
                    HEIGHT="2.0">
	    <String CONTENT=""
                    HPOS="648.0"
                    VPOS="554.0"
                    WIDTH="169.0"
                    HEIGHT="2.0"></String>
          </TextLine>
          <TextLine ID="eSc_line_65217b66"
                    BASELINE="329 600 990 584" 
                    HPOS="329.0"
                    VPOS="584.0"
                    WIDTH="661.0"
                    HEIGHT="16.0">
	    <String CONTENT=""
                    HPOS="329.0"
                    VPOS="584.0"
                    WIDTH="661.0"
                    HEIGHT="16.0"></String>
          </TextLine>
          <TextLine ID="eSc_line_7bbe32b3"
                    BASELINE="333 637 994 635" 
                    HPOS="333.0"
                    VPOS="635.0"
                    WIDTH="661.0"
                    HEIGHT="2.0">
	    <String CONTENT=""
                    HPOS="333.0"
                    VPOS="635.0"
                    WIDTH="661.0"
                    HEIGHT="2.0"></String>
          </TextLine>
          <TextLine ID="eSc_line_5cb2b6fe"
                    BASELINE="607 676 703 676" 
                    HPOS="607.0"
                    VPOS="676.0"
                    WIDTH="96.0"
                    HEIGHT="0.0">
	    <String CONTENT=""
                    HPOS="607.0"
                    VPOS="676.0"
                    WIDTH="96.0"
                    HEIGHT="0.0"></String>
          </TextLine>
          <TextLine ID="eSc_line_d343bada"
                    BASELINE="335 727 989 714" 
                    HPOS="335.0"
                    VPOS="714.0"
                    WIDTH="654.0"
                    HEIGHT="13.0">
	    <String CONTENT=""
                    HPOS="335.0"
                    VPOS="714.0"
                    WIDTH="654.0"
                    HEIGHT="13.0"></String>
          </TextLine>
          <TextLine ID="eSc_line_5e505264"
                    BASELINE="679 757 615 759" 
                    HPOS="615.0"
                    VPOS="757.0"
                    WIDTH="64.0"
                    HEIGHT="2.0">
	    <String CONTENT=""
                    HPOS="615.0"
                    VPOS="757.0"
                    WIDTH="64.0"
                    HEIGHT="2.0"></String>
          </TextLine>
        </TextBlock>
        <TextBlock HPOS="540.0"
                   VPOS="869.0"
                   WIDTH="257.0"
                   HEIGHT="109.0"
                   ID="region_1737733289036_1033"
                   TAGREFS="BT3757">
          <Shape><Polygon POINTS="541 869 797 870 796 926 762 931 768 975 579 978 580 937 540 925"/></Shape>
          <TextLine ID="eSc_line_35fcc2b3"
                    BASELINE="552 919 782 915" 
                    HPOS="552.0"
                    VPOS="915.0"
                    WIDTH="230.0"
                    HEIGHT="4.0">
	    <String CONTENT=""
                    HPOS="552.0"
                    VPOS="915.0"
                    WIDTH="230.0"
                    HEIGHT="4.0"></String>
          </TextLine>
          <TextLine ID="eSc_line_4813ed5c"
                    BASELINE="585 972 760 967" 
                    HPOS="585.0"
                    VPOS="967.0"
                    WIDTH="175.0"
                    HEIGHT="5.0">
	    <String CONTENT=""
                    HPOS="585.0"
                    VPOS="967.0"
                    WIDTH="175.0"
                    HEIGHT="5.0"></String>
          </TextLine>
        </TextBlock>
        <TextBlock HPOS="331.0"
                   VPOS="986.0"
                   WIDTH="638.0"
                   HEIGHT="353.0"
                   ID="region_1737733326619_1039"
                   TAGREFS="BT3756">
          <Shape><Polygon POINTS="399 1034 406 1005 964 986 965 1046 836 1060 969 1143 855 1199 897 1283 831 1332 331 1339 331 1048 347 1042 368 1049 391 1050"/></Shape>
          <TextLine ID="eSc_line_7640dc4f"
                    BASELINE="402 1040 955 1035" 
                    HPOS="402.0"
                    VPOS="1035.0"
                    WIDTH="553.0"
                    HEIGHT="5.0">
	    <String CONTENT=""
                    HPOS="402.0"
                    VPOS="1035.0"
                    WIDTH="553.0"
                    HEIGHT="5.0"></String>
          </TextLine>
          <TextLine ID="eSc_line_16082d44"
                    BASELINE="339 1083 798 1073" 
                    HPOS="339.0"
                    VPOS="1073.0"
                    WIDTH="459.0"
                    HEIGHT="10.0">
	    <String CONTENT=""
                    HPOS="339.0"
                    VPOS="1073.0"
                    WIDTH="459.0"
                    HEIGHT="10.0"></String>
          </TextLine>
          <TextLine ID="eSc_line_bc995433"
                    BASELINE="337 1122 859 1112" 
                    HPOS="337.0"
                    VPOS="1112.0"
                    WIDTH="522.0"
                    HEIGHT="10.0">
	    <String CONTENT=""
                    HPOS="337.0"
                    VPOS="1112.0"
                    WIDTH="522.0"
                    HEIGHT="10.0"></String>
          </TextLine>
          <TextLine ID="eSc_line_71209254"
                    BASELINE="337 1165 917 1160" 
                    HPOS="337.0"
                    VPOS="1160.0"
                    WIDTH="580.0"
                    HEIGHT="5.0">
	    <String CONTENT=""
                    HPOS="337.0"
                    VPOS="1160.0"
                    WIDTH="580.0"
                    HEIGHT="5.0"></String>
          </TextLine>
          <TextLine ID="eSc_line_6a0ed2b1"
                    BASELINE="337 1206 815 1204" 
                    HPOS="337.0"
                    VPOS="1204.0"
                    WIDTH="478.0"
                    HEIGHT="2.0">
	    <String CONTENT=""
                    HPOS="337.0"
                    VPOS="1204.0"
                    WIDTH="478.0"
                    HEIGHT="2.0"></String>
          </TextLine>
          <TextLine ID="eSc_line_068112aa"
                    BASELINE="334 1243 832 1238" 
                    HPOS="334.0"
                    VPOS="1238.0"
                    WIDTH="498.0"
                    HEIGHT="5.0">
	    <String CONTENT=""
                    HPOS="334.0"
                    VPOS="1238.0"
                    WIDTH="498.0"
                    HEIGHT="5.0"></String>
          </TextLine>
          <TextLine ID="eSc_line_c2441ef3"
                    BASELINE="332 1284 881 1284" 
                    HPOS="332.0"
                    VPOS="1284.0"
                    WIDTH="549.0"
                    HEIGHT="0.0">
	    <String CONTENT=""
                    HPOS="332.0"
                    VPOS="1284.0"
                    WIDTH="549.0"
                    HEIGHT="0.0"></String>
          </TextLine>
          <TextLine ID="eSc_line_8fd5c9e1"
                    BASELINE="337 1325 830 1320" 
                    HPOS="337.0"
                    VPOS="1320.0"
                    WIDTH="493.0"
                    HEIGHT="5.0">
	    <String CONTENT=""
                    HPOS="337.0"
                    VPOS="1320.0"
                    WIDTH="493.0"
                    HEIGHT="5.0"></String>
          </TextLine>
        </TextBlock>
        <TextBlock HPOS="364.0"
                   VPOS="1449.0"
                   WIDTH="644.0"
                   HEIGHT="78.0"
                   ID="region_1737733365606_1053"
                   TAGREFS="BT3758">
          <Shape><Polygon POINTS="368 1449 1008 1449 1003 1490 477 1495 476 1527 390 1523 391 1484 364 1473"/></Shape>
          <TextLine ID="eSc_line_9627baa3"
                    BASELINE="377 1477 998 1481" 
                    HPOS="377.0"
                    VPOS="1477.0"
                    WIDTH="621.0"
                    HEIGHT="4.0">
	    <String CONTENT=""
                    HPOS="377.0"
                    VPOS="1477.0"
                    WIDTH="621.0"
                    HEIGHT="4.0"></String>
          </TextLine>
          <TextLine ID="eSc_line_5ea68b6a"
                    BASELINE="401 1513 478 1519" 
                    HPOS="401.0"
                    VPOS="1513.0"
                    WIDTH="77.0"
                    HEIGHT="6.0">
	    <String CONTENT=""
                    HPOS="401.0"
                    VPOS="1513.0"
                    WIDTH="77.0"
                    HEIGHT="6.0"></String>
          </TextLine>
        </TextBlock>
        <TextBlock HPOS="330.0"
                   VPOS="970.0"
                   WIDTH="77.0"
                   HEIGHT="74.0"
                   ID="region_1737733307471_1036"
                   TAGREFS="BT3756">
          <Shape><Polygon POINTS="343 1034 354 1041 385 1044 396 1033 401 1014 397 994 407 979 397 970 333 979 330 1007"/></Shape>
        </TextBlock>
        <TextBlock HPOS="327.0"
                   VPOS="412.0"
                   WIDTH="51.0"
                   HEIGHT="72.0"
                   ID="region_1737733242273_1027"
                   TAGREFS="BT3756">
          <Shape><Polygon POINTS="350 484 363 484 370 478 370 463 361 444 378 445 374 412 327 413 330 471 335 483"/></Shape>
        </TextBlock>
        <TextBlock HPOS="854.0"
                   VPOS="1354.0"
                   WIDTH="92.0"
                   HEIGHT="58.0"
                   ID="region_1737733356046_1050"
                   TAGREFS="BT3756">
          <Shape><Polygon POINTS="859 1354 946 1361 946 1412 854 1410"/></Shape>
        </TextBlock>
        <TextBlock HPOS="320.0"
                   VPOS="188.0"
                   WIDTH="88.0"
                   HEIGHT="38.0"
                   ID="region_1737733133937_1006"
                   TAGREFS="BT3756">
          <Shape><Polygon POINTS="324 226 408 225 408 188 320 193"/></Shape>
        </TextBlock>
      </PrintSpace>
    </Page>
  </Layout>
</alto>
