<?xml version="1.0" encoding="UTF-8"?>
<alto xmlns:xsi="http://www.w3.org/2001/XMLSchema-instance"
      xmlns="http://www.loc.gov/standards/alto/ns-v4#"
      xsi:schemaLocation="http://www.loc.gov/standards/alto/ns-v4# http://www.loc.gov/standards/alto/v4/alto-4-2.xsd">
  <Description>
    <MeasurementUnit>pixel</MeasurementUnit>
    <sourceImageInformation>
      <fileName>1770,_Saemmtliche_Poetische_Werke,_Trattner,_VD18_12002895_Seite_011_Bild_0001.jpg</fileName>
    </sourceImageInformation>
  </Description>
  <Tags>
    <OtherTag ID="BT1" LABEL="Title" DESCRIPTION="block type Title"/><OtherTag ID="BT2" LABEL="Main" DESCRIPTION="block type Main"/><OtherTag ID="BT3" LABEL="Commentary" DESCRIPTION="block type Commentary"/><OtherTag ID="BT4" LABEL="Illustration" DESCRIPTION="block type Illustration"/><OtherTag ID="BT3755" LABEL="header" DESCRIPTION="block type header"/><OtherTag ID="BT3756" LABEL="paragraph" DESCRIPTION="block type paragraph"/><OtherTag ID="BT3757" LABEL="heading" DESCRIPTION="block type heading"/><OtherTag ID="BT3758" LABEL="footnote" DESCRIPTION="block type footnote"/><OtherTag ID="BT3759" LABEL="l-column" DESCRIPTION="block type l-column"/><OtherTag ID="BT3760" LABEL="r-column" DESCRIPTION="block type r-column"/><OtherTag ID="BT3761" LABEL="marginalia" DESCRIPTION="block type marginalia"/><OtherTag ID="BT4125" LABEL="drop-capital" DESCRIPTION="block type drop-capital"/><OtherTag ID="BT4126" LABEL="catch-word" DESCRIPTION="block type catch-word"/><OtherTag ID="BT4127" LABEL="page-number" DESCRIPTION="block type page-number"/><OtherTag ID="BT4128" LABEL="signature-mark" DESCRIPTION="block type signature-mark"/><OtherTag ID="BT4129" LABEL="poem_lg" DESCRIPTION="block type poem_lg"/><OtherTag ID="BT4130" LABEL="endnote" DESCRIPTION="block type endnote"/>
  </Tags>
  <Layout>
    <Page WIDTH="1136"
          HEIGHT="1747"
          PHYSICAL_IMG_NR="153"
          ID="eSc_dummypage_">
      <PrintSpace HPOS="0"
                  VPOS="0"
                  WIDTH="1136"
                  HEIGHT="1747">
        <TextBlock HPOS="95.0"
                   VPOS="521.0"
                   WIDTH="675.0"
                   HEIGHT="94.0"
                   ID="region_1719302830194_12"
                   TAGREFS="BT3757">
          <Shape><Polygon POINTS="100 531 768 521 770 613 95 615"/></Shape>
          <TextLine ID="line_1741431422074_140"
                    BASELINE="109 606 763 602" 
                    HPOS="109.0"
                    VPOS="557.0"
                    WIDTH="654.0"
                    HEIGHT="54.0">
            <Shape><Polygon POINTS="109 561 763 557 763 607 109 611"/></Shape>
	    <String CONTENT=""
                    HPOS="109.0"
                    VPOS="557.0"
                    WIDTH="654.0"
                    HEIGHT="54.0"></String>
          </TextLine>
        </TextBlock>
        <TextBlock HPOS="93.0"
                   VPOS="687.0"
                   WIDTH="691.0"
                   HEIGHT="730.0"
                   ID="region_1719302846994_18"
                   TAGREFS="BT3756">
          <Shape><Polygon POINTS="768 691 210 687 211 822 93 823 93 1417 784 1417"/></Shape>
          <TextLine ID="region_1719302846994_18_tl_1"
                    BASELINE="104 817 205 812 213 747 230 749 259 747 287 747 316 747 344 745 372 745 401 743 429 743 458 745 486 743 514 741 543 743 571 743 599 743 628 743 656 743 685 741 713 741 741 740 769 738" 
                    HPOS="213.0"
                    VPOS="693.0"
                    WIDTH="556.0"
                    HEIGHT="61.0">
            <Shape><Polygon POINTS="213 702 230 704 259 702 287 702 316 702 344 700 372 700 401 698 429 698 458 700 486 698 514 696 543 698 571 698 599 698 628 698 656 698 685 696 713 696 741 695 769 693 769 743 741 745 713 746 685 746 656 748 628 748 599 748 571 748 543 748 514 746 486 748 458 750 429 748 401 748 372 750 344 750 316 752 287 752 259 752 230 754 213 752"/></Shape>
	    <String CONTENT=""
                    HPOS="213.0"
                    VPOS="693.0"
                    WIDTH="556.0"
                    HEIGHT="61.0"></String>
          </TextLine>
          <TextLine ID="region_1719302846994_18_tl_2"
                    BASELINE="210 811 215 811 244 813 272 815 300 815 329 815 357 817 386 815 414 817 442 817 471 815 499 815 528 813 556 813 584 815 613 813 641 815 670 813 698 813 726 813 755 813 770 810" 
                    HPOS="210.0"
                    VPOS="765.0"
                    WIDTH="560.0"
                    HEIGHT="57.0">
            <Shape><Polygon POINTS="210 766 215 766 244 768 272 770 300 770 329 770 357 772 386 770 414 772 442 772 471 770 499 770 528 768 556 768 584 770 613 768 641 770 670 768 698 768 726 768 755 768 770 765 770 815 755 818 726 818 698 818 670 818 641 820 613 818 584 820 556 818 528 818 499 820 471 820 442 822 414 822 386 820 357 822 329 820 300 820 272 820 244 818 215 816 210 816"/></Shape>
	    <String CONTENT=""
                    HPOS="210.0"
                    VPOS="765.0"
                    WIDTH="560.0"
                    HEIGHT="57.0"></String>
          </TextLine>
          <TextLine ID="region_1719302846994_18_tl_3"
                    BASELINE="100 887 119 889 147 891 176 889 204 889 232 891 261 891 289 891 317 891 346 891 374 889 403 887 431 889 459 889 488 887 516 887 545 887 573 887 601 887 630 885 658 885 687 887 715 885 743 883 772 883" 
                    HPOS="100.0"
                    VPOS="838.0"
                    WIDTH="672.0"
                    HEIGHT="58.0">
            <Shape><Polygon POINTS="100 842 119 844 147 846 176 844 204 844 232 846 261 846 289 846 317 846 346 846 374 844 403 842 431 844 459 844 488 842 516 842 545 842 573 842 601 842 630 840 658 840 687 842 715 840 743 838 772 838 772 888 743 888 715 890 687 892 658 890 630 890 601 892 573 892 545 892 516 892 488 892 459 894 431 894 403 892 374 894 346 896 317 896 289 896 261 896 232 896 204 894 176 894 147 896 119 894 100 892"/></Shape>
	    <String CONTENT=""
                    HPOS="100.0"
                    VPOS="838.0"
                    WIDTH="672.0"
                    HEIGHT="58.0"></String>
          </TextLine>
          <TextLine ID="region_1719302846994_18_tl_4"
                    BASELINE="98 961 126 963 155 963 183 963 211 961 240 961 268 961 297 961 325 963 353 959 382 961 410 961 439 961 467 959 495 959 524 959 552 957 581 959 609 959 637 959 666 957 694 957 723 957 751 955 773 954" 
                    HPOS="98.0"
                    VPOS="909.0"
                    WIDTH="675.0"
                    HEIGHT="59.0">
            <Shape><Polygon POINTS="98 916 126 918 155 918 183 918 211 916 240 916 268 916 297 916 325 918 353 914 382 916 410 916 439 916 467 914 495 914 524 914 552 912 581 914 609 914 637 914 666 912 694 912 723 912 751 910 773 909 773 959 751 960 723 962 694 962 666 962 637 964 609 964 581 964 552 962 524 964 495 964 467 964 439 966 410 966 382 966 353 964 325 968 297 966 268 966 240 966 211 966 183 968 155 968 126 968 98 966"/></Shape>
	    <String CONTENT=""
                    HPOS="98.0"
                    VPOS="909.0"
                    WIDTH="675.0"
                    HEIGHT="59.0"></String>
          </TextLine>
          <TextLine ID="region_1719302846994_18_tl_5"
                    BASELINE="111 1037 121 1035 149 1033 177 1033 206 1033 234 1033 263 1031 291 1031 319 1031 348 1031 376 1031 405 1031 433 1031 461 1031 490 1031 518 1031 547 1029 575 1029 603 1029 632 1029 660 1031 688 1031 717 1029 745 1029 774 1025" 
                    HPOS="111.0"
                    VPOS="980.0"
                    WIDTH="663.0"
                    HEIGHT="62.0">
            <Shape><Polygon POINTS="111 992 121 990 149 988 177 988 206 988 234 988 263 986 291 986 319 986 348 986 376 986 405 986 433 986 461 986 490 986 518 986 547 984 575 984 603 984 632 984 660 986 688 986 717 984 745 984 774 980 774 1030 745 1034 717 1034 688 1036 660 1036 632 1034 603 1034 575 1034 547 1034 518 1036 490 1036 461 1036 433 1036 405 1036 376 1036 348 1036 319 1036 291 1036 263 1036 234 1038 206 1038 177 1038 149 1038 121 1040 111 1042"/></Shape>
	    <String CONTENT=""
                    HPOS="111.0"
                    VPOS="980.0"
                    WIDTH="663.0"
                    HEIGHT="62.0"></String>
          </TextLine>
          <TextLine ID="region_1719302846994_18_tl_6"
                    BASELINE="98 1103 121 1103 149 1105 177 1105 206 1105 234 1105 263 1105 291 1105 319 1105 348 1107 376 1105 405 1105 433 1105 461 1105 490 1105 518 1105 547 1103 575 1101 603 1101 632 1101 660 1101 688 1101 717 1101 745 1099 774 1097" 
                    HPOS="98.0"
                    VPOS="1052.0"
                    WIDTH="676.0"
                    HEIGHT="60.0">
            <Shape><Polygon POINTS="98 1058 121 1058 149 1060 177 1060 206 1060 234 1060 263 1060 291 1060 319 1060 348 1062 376 1060 405 1060 433 1060 461 1060 490 1060 518 1060 547 1058 575 1056 603 1056 632 1056 660 1056 688 1056 717 1056 745 1054 774 1052 774 1102 745 1104 717 1106 688 1106 660 1106 632 1106 603 1106 575 1106 547 1108 518 1110 490 1110 461 1110 433 1110 405 1110 376 1110 348 1112 319 1110 291 1110 263 1110 234 1110 206 1110 177 1110 149 1110 121 1108 98 1108"/></Shape>
	    <String CONTENT=""
                    HPOS="98.0"
                    VPOS="1052.0"
                    WIDTH="676.0"
                    HEIGHT="60.0"></String>
          </TextLine>
          <TextLine ID="region_1719302846994_18_tl_7"
                    BASELINE="100 1173 128 1175 157 1175 185 1177 213 1175 242 1175 270 1175 299 1175 327 1175 355 1175 384 1175 412 1175 441 1175 469 1175 497 1175 526 1175 554 1175 582 1177 611 1177 639 1177 668 1177 696 1177 724 1177 753 1175 770 1177" 
                    HPOS="100.0"
                    VPOS="1128.0"
                    WIDTH="670.0"
                    HEIGHT="54.0">
            <Shape><Polygon POINTS="100 1128 128 1130 157 1130 185 1132 213 1130 242 1130 270 1130 299 1130 327 1130 355 1130 384 1130 412 1130 441 1130 469 1130 497 1130 526 1130 554 1130 582 1132 611 1132 639 1132 668 1132 696 1132 724 1132 753 1130 770 1132 770 1182 753 1180 724 1182 696 1182 668 1182 639 1182 611 1182 582 1182 554 1180 526 1180 497 1180 469 1180 441 1180 412 1180 384 1180 355 1180 327 1180 299 1180 270 1180 242 1180 213 1180 185 1182 157 1180 128 1180 100 1178"/></Shape>
	    <String CONTENT=""
                    HPOS="100.0"
                    VPOS="1128.0"
                    WIDTH="670.0"
                    HEIGHT="54.0"></String>
          </TextLine>
          <TextLine ID="region_1719302846994_18_tl_8"
                    BASELINE="98 1245 126 1245 155 1245 183 1247 211 1247 240 1247 268 1247 297 1247 325 1249 353 1249 382 1249 410 1249 439 1249 467 1249 495 1249 524 1249 552 1249 581 1249 609 1249 637 1249 666 1249 694 1249 723 1249 751 1249 772 1249" 
                    HPOS="98.0"
                    VPOS="1200.0"
                    WIDTH="674.0"
                    HEIGHT="54.0">
            <Shape><Polygon POINTS="98 1200 126 1200 155 1200 183 1202 211 1202 240 1202 268 1202 297 1202 325 1204 353 1204 382 1204 410 1204 439 1204 467 1204 495 1204 524 1204 552 1204 581 1204 609 1204 637 1204 666 1204 694 1204 723 1204 751 1204 772 1204 772 1254 751 1254 723 1254 694 1254 666 1254 637 1254 609 1254 581 1254 552 1254 524 1254 495 1254 467 1254 439 1254 410 1254 382 1254 353 1254 325 1254 297 1252 268 1252 240 1252 211 1252 183 1252 155 1250 126 1250 98 1250"/></Shape>
	    <String CONTENT=""
                    HPOS="98.0"
                    VPOS="1200.0"
                    WIDTH="674.0"
                    HEIGHT="54.0"></String>
          </TextLine>
          <TextLine ID="region_1719302846994_18_tl_9"
                    BASELINE="102 1319 130 1319 158 1319 187 1319 215 1319 244 1319 272 1317 300 1319 329 1317 357 1319 386 1319 414 1319 442 1321 471 1321 499 1321 528 1321 556 1321 584 1321 613 1321 641 1319 670 1319 698 1319 726 1319 755 1319 774 1321" 
                    HPOS="102.0"
                    VPOS="1272.0"
                    WIDTH="672.0"
                    HEIGHT="54.0">
            <Shape><Polygon POINTS="102 1274 130 1274 158 1274 187 1274 215 1274 244 1274 272 1272 300 1274 329 1272 357 1274 386 1274 414 1274 442 1276 471 1276 499 1276 528 1276 556 1276 584 1276 613 1276 641 1274 670 1274 698 1274 726 1274 755 1274 774 1276 774 1326 755 1324 726 1324 698 1324 670 1324 641 1324 613 1326 584 1326 556 1326 528 1326 499 1326 471 1326 442 1326 414 1324 386 1324 357 1324 329 1322 300 1324 272 1322 244 1324 215 1324 187 1324 158 1324 130 1324 102 1324"/></Shape>
	    <String CONTENT=""
                    HPOS="102.0"
                    VPOS="1272.0"
                    WIDTH="672.0"
                    HEIGHT="54.0"></String>
          </TextLine>
          <TextLine ID="region_1719302846994_18_tl_10"
                    BASELINE="98 1389 126 1389 155 1391 183 1391 211 1391 240 1391 268 1393 297 1393 325 1393 353 1393 382 1393 410 1393 439 1393 467 1393 495 1394 524 1394 552 1396 581 1396 609 1396 637 1398 666 1396 694 1396 723 1396 751 1396 770 1396" 
                    HPOS="98.0"
                    VPOS="1344.0"
                    WIDTH="672.0"
                    HEIGHT="59.0">
            <Shape><Polygon POINTS="98 1344 126 1344 155 1346 183 1346 211 1346 240 1346 268 1348 297 1348 325 1348 353 1348 382 1348 410 1348 439 1348 467 1348 495 1349 524 1349 552 1351 581 1351 609 1351 637 1353 666 1351 694 1351 723 1351 751 1351 770 1351 770 1401 751 1401 723 1401 694 1401 666 1401 637 1403 609 1401 581 1401 552 1401 524 1399 495 1399 467 1398 439 1398 410 1398 382 1398 353 1398 325 1398 297 1398 268 1398 240 1396 211 1396 183 1396 155 1396 126 1394 98 1394"/></Shape>
	    <String CONTENT=""
                    HPOS="98.0"
                    VPOS="1344.0"
                    WIDTH="672.0"
                    HEIGHT="59.0"></String>
          </TextLine>
        </TextBlock>
        <TextBlock HPOS="363.0"
                   VPOS="1425.0"
                   WIDTH="94.0"
                   HEIGHT="59.0"
                   ID="region_1719302851243_21"
                   TAGREFS="BT3756">
          <Shape><Polygon POINTS="363 1425 449 1427 457 1484 363 1484"/></Shape>
          <TextLine ID="line_1741431435584_146"
                    BASELINE="374 1475 446 1476" 
                    HPOS="374.0"
                    VPOS="1430.0"
                    WIDTH="73.0"
                    HEIGHT="51.0">
            <Shape><Polygon POINTS="375 1430 447 1431 446 1481 374 1480"/></Shape>
	    <String CONTENT=""
                    HPOS="374.0"
                    VPOS="1430.0"
                    WIDTH="73.0"
                    HEIGHT="51.0"></String>
          </TextLine>
        </TextBlock>
        <TextBlock HPOS="613.0"
                   VPOS="1421.0"
                   WIDTH="103.0"
                   HEIGHT="66.0"
                   ID="region_1719302858171_24"
                   TAGREFS="BT3756">
          <Shape><Polygon POINTS="613 1421 716 1421 713 1481 613 1487"/></Shape>
          <TextLine ID="line_1741431449624_152"
                    BASELINE="621 1479 706 1475" 
                    HPOS="619.0"
                    VPOS="1430.0"
                    WIDTH="87.0"
                    HEIGHT="54.0">
            <Shape><Polygon POINTS="619 1434 704 1430 706 1480 621 1484"/></Shape>
	    <String CONTENT=""
                    HPOS="619.0"
                    VPOS="1430.0"
                    WIDTH="87.0"
                    HEIGHT="54.0"></String>
          </TextLine>
        </TextBlock>
        <TextBlock HPOS="93.0"
                   VPOS="702.0"
                   WIDTH="112.0"
                   HEIGHT="113.0"
                   ID="region_1719302836213_15"
                   TAGREFS="BT3756">
          <Shape><Polygon POINTS="93 702 205 702 205 815 101 814"/></Shape>
        </TextBlock>
      </PrintSpace>
    </Page>
  </Layout>
</alto>
