<?xml version="1.0" encoding="UTF-8"?>
<alto xmlns:xsi="http://www.w3.org/2001/XMLSchema-instance"
      xmlns="http://www.loc.gov/standards/alto/ns-v4#"
      xsi:schemaLocation="http://www.loc.gov/standards/alto/ns-v4# http://www.loc.gov/standards/alto/v4/alto-4-2.xsd">
  <Description>
    <MeasurementUnit>pixel</MeasurementUnit>
    <sourceImageInformation>
      <fileName>1770,_Saemmtliche_Poetische_Werke,_Trattner,_VD18_12002895_Seite_154_Bild_0001.jpg</fileName>
    </sourceImageInformation>
  </Description>
  <Tags>
    <OtherTag ID="BT1" LABEL="Title" DESCRIPTION="block type Title"/><OtherTag ID="BT2" LABEL="Main" DESCRIPTION="block type Main"/><OtherTag ID="BT3" LABEL="Commentary" DESCRIPTION="block type Commentary"/><OtherTag ID="BT4" LABEL="Illustration" DESCRIPTION="block type Illustration"/><OtherTag ID="BT3755" LABEL="header" DESCRIPTION="block type header"/><OtherTag ID="BT3756" LABEL="paragraph" DESCRIPTION="block type paragraph"/><OtherTag ID="BT3757" LABEL="heading" DESCRIPTION="block type heading"/><OtherTag ID="BT3758" LABEL="footnote" DESCRIPTION="block type footnote"/><OtherTag ID="BT3759" LABEL="l-column" DESCRIPTION="block type l-column"/><OtherTag ID="BT3760" LABEL="r-column" DESCRIPTION="block type r-column"/><OtherTag ID="BT3761" LABEL="marginalia" DESCRIPTION="block type marginalia"/><OtherTag ID="BT4125" LABEL="drop-capital" DESCRIPTION="block type drop-capital"/><OtherTag ID="BT4126" LABEL="catch-word" DESCRIPTION="block type catch-word"/><OtherTag ID="BT4127" LABEL="page-number" DESCRIPTION="block type page-number"/><OtherTag ID="BT4128" LABEL="signature-mark" DESCRIPTION="block type signature-mark"/><OtherTag ID="BT4129" LABEL="poem_lg" DESCRIPTION="block type poem_lg"/><OtherTag ID="BT4130" LABEL="endnote" DESCRIPTION="block type endnote"/>
  </Tags>
  <Layout>
    <Page WIDTH="1004"
          HEIGHT="1738"
          PHYSICAL_IMG_NR="156"
          ID="eSc_dummypage_">
      <PrintSpace HPOS="0"
                  VPOS="0"
                  WIDTH="1004"
                  HEIGHT="1738">
        <TextBlock HPOS="234.0"
                   VPOS="222.0"
                   WIDTH="694.0"
                   HEIGHT="421.0"
                   ID="region_1719311780406_162"
                   TAGREFS="BT3756">
          <Shape><Polygon POINTS="246 223 926 222 928 643 234 643"/></Shape>
          <TextLine ID="eSc_line_9b96f535"
                    BASELINE="296 263 922 268" 
                    HPOS="296.0"
                    VPOS="263.0"
                    WIDTH="626.0"
                    HEIGHT="5.0">
	    <String CONTENT=""
                    HPOS="296.0"
                    VPOS="263.0"
                    WIDTH="626.0"
                    HEIGHT="5.0"></String>
          </TextLine>
          <TextLine ID="eSc_line_b8adbb1c"
                    BASELINE="255 346 918 350" 
                    HPOS="255.0"
                    VPOS="346.0"
                    WIDTH="663.0"
                    HEIGHT="4.0">
	    <String CONTENT=""
                    HPOS="255.0"
                    VPOS="346.0"
                    WIDTH="663.0"
                    HEIGHT="4.0"></String>
          </TextLine>
          <TextLine ID="eSc_line_115c0b22"
                    BASELINE="534 307 726 309" 
                    HPOS="534.0"
                    VPOS="307.0"
                    WIDTH="192.0"
                    HEIGHT="2.0">
	    <String CONTENT=""
                    HPOS="534.0"
                    VPOS="307.0"
                    WIDTH="192.0"
                    HEIGHT="2.0"></String>
          </TextLine>
          <TextLine ID="eSc_line_1019f36b"
                    BASELINE="255 387 920 396" 
                    HPOS="255.0"
                    VPOS="387.0"
                    WIDTH="665.0"
                    HEIGHT="9.0">
	    <String CONTENT=""
                    HPOS="255.0"
                    VPOS="387.0"
                    WIDTH="665.0"
                    HEIGHT="9.0"></String>
          </TextLine>
          <TextLine ID="eSc_line_f37dcfbd"
                    BASELINE="257 428 932 433" 
                    HPOS="257.0"
                    VPOS="428.0"
                    WIDTH="675.0"
                    HEIGHT="5.0">
	    <String CONTENT=""
                    HPOS="257.0"
                    VPOS="428.0"
                    WIDTH="675.0"
                    HEIGHT="5.0"></String>
          </TextLine>
          <TextLine ID="eSc_line_0d28c266"
                    BASELINE="252 513 927 517" 
                    HPOS="252.0"
                    VPOS="513.0"
                    WIDTH="675.0"
                    HEIGHT="4.0">
	    <String CONTENT=""
                    HPOS="252.0"
                    VPOS="513.0"
                    WIDTH="675.0"
                    HEIGHT="4.0"></String>
          </TextLine>
          <TextLine ID="eSc_line_38a8e2db"
                    BASELINE="524 474 648 476" 
                    HPOS="524.0"
                    VPOS="474.0"
                    WIDTH="124.0"
                    HEIGHT="2.0">
	    <String CONTENT=""
                    HPOS="524.0"
                    VPOS="474.0"
                    WIDTH="124.0"
                    HEIGHT="2.0"></String>
          </TextLine>
          <TextLine ID="eSc_line_351244a0"
                    BASELINE="255 590 922 597" 
                    HPOS="255.0"
                    VPOS="590.0"
                    WIDTH="667.0"
                    HEIGHT="7.0">
	    <String CONTENT=""
                    HPOS="255.0"
                    VPOS="590.0"
                    WIDTH="667.0"
                    HEIGHT="7.0"></String>
          </TextLine>
          <TextLine ID="eSc_line_8f686f41"
                    BASELINE="529 552 616 554" 
                    HPOS="529.0"
                    VPOS="552.0"
                    WIDTH="87.0"
                    HEIGHT="2.0">
	    <String CONTENT=""
                    HPOS="529.0"
                    VPOS="552.0"
                    WIDTH="87.0"
                    HEIGHT="2.0"></String>
          </TextLine>
          <TextLine ID="eSc_line_1200dcb0"
                    BASELINE="524 634 609 634" 
                    HPOS="524.0"
                    VPOS="634.0"
                    WIDTH="85.0"
                    HEIGHT="0.0">
	    <String CONTENT=""
                    HPOS="524.0"
                    VPOS="634.0"
                    WIDTH="85.0"
                    HEIGHT="0.0"></String>
          </TextLine>
        </TextBlock>
        <TextBlock HPOS="411.0"
                   VPOS="149.0"
                   WIDTH="347.0"
                   HEIGHT="60.0"
                   ID="region_1719311764671_159"
                   TAGREFS="BT3756">
          <Shape><Polygon POINTS="416 208 758 209 758 149 411 149"/></Shape>
          <TextLine ID="eSc_line_346faf3f"
                    BASELINE="417 195 753 199" 
                    HPOS="417.0"
                    VPOS="195.0"
                    WIDTH="336.0"
                    HEIGHT="4.0">
	    <String CONTENT=""
                    HPOS="417.0"
                    VPOS="195.0"
                    WIDTH="336.0"
                    HEIGHT="4.0"></String>
          </TextLine>
        </TextBlock>
        <TextBlock HPOS="279.0"
                   VPOS="668.0"
                   WIDTH="645.0"
                   HEIGHT="96.0"
                   ID="region_1719311788804_165"
                   TAGREFS="BT3756">
          <Shape><Polygon POINTS="281 672 924 668 922 760 279 764"/></Shape>
          <TextLine ID="eSc_line_a1335c19"
                    BASELINE="296 716 918 716" 
                    HPOS="296.0"
                    VPOS="716.0"
                    WIDTH="622.0"
                    HEIGHT="0.0">
	    <String CONTENT=""
                    HPOS="296.0"
                    VPOS="716.0"
                    WIDTH="622.0"
                    HEIGHT="0.0"></String>
          </TextLine>
          <TextLine ID="eSc_line_e8df5dab"
                    BASELINE="524 757 707 760" 
                    HPOS="524.0"
                    VPOS="757.0"
                    WIDTH="183.0"
                    HEIGHT="3.0">
	    <String CONTENT=""
                    HPOS="524.0"
                    VPOS="757.0"
                    WIDTH="183.0"
                    HEIGHT="3.0"></String>
          </TextLine>
        </TextBlock>
        <TextBlock HPOS="310.0"
                   VPOS="838.0"
                   WIDTH="615.0"
                   HEIGHT="262.0"
                   ID="region_1719311832049_177"
                   TAGREFS="BT3758">
          <Shape><Polygon POINTS="310 1100 925 1099 925 839 315 838"/></Shape>
          <TextLine ID="eSc_line_08e89477"
                    BASELINE="319 872 922 869" 
                    HPOS="319.0"
                    VPOS="869.0"
                    WIDTH="603.0"
                    HEIGHT="3.0">
	    <String CONTENT=""
                    HPOS="319.0"
                    VPOS="869.0"
                    WIDTH="603.0"
                    HEIGHT="3.0"></String>
          </TextLine>
          <TextLine ID="eSc_line_211a102e"
                    BASELINE="326 904 918 904" 
                    HPOS="326.0"
                    VPOS="904.0"
                    WIDTH="592.0"
                    HEIGHT="0.0">
	    <String CONTENT=""
                    HPOS="326.0"
                    VPOS="904.0"
                    WIDTH="592.0"
                    HEIGHT="0.0"></String>
          </TextLine>
          <TextLine ID="eSc_line_6e8a69d8"
                    BASELINE="323 931 916 936" 
                    HPOS="323.0"
                    VPOS="931.0"
                    WIDTH="593.0"
                    HEIGHT="5.0">
	    <String CONTENT=""
                    HPOS="323.0"
                    VPOS="931.0"
                    WIDTH="593.0"
                    HEIGHT="5.0"></String>
          </TextLine>
          <TextLine ID="eSc_line_2c1a50df"
                    BASELINE="321 966 918 968" 
                    HPOS="321.0"
                    VPOS="966.0"
                    WIDTH="597.0"
                    HEIGHT="2.0">
	    <String CONTENT=""
                    HPOS="321.0"
                    VPOS="966.0"
                    WIDTH="597.0"
                    HEIGHT="2.0"></String>
          </TextLine>
          <TextLine ID="eSc_line_6293a2ef"
                    BASELINE="314 1000 925 1002" 
                    HPOS="314.0"
                    VPOS="1000.0"
                    WIDTH="611.0"
                    HEIGHT="2.0">
	    <String CONTENT=""
                    HPOS="314.0"
                    VPOS="1000.0"
                    WIDTH="611.0"
                    HEIGHT="2.0"></String>
          </TextLine>
          <TextLine ID="eSc_line_c537f165"
                    BASELINE="314 1027 918 1034" 
                    HPOS="314.0"
                    VPOS="1027.0"
                    WIDTH="604.0"
                    HEIGHT="7.0">
	    <String CONTENT=""
                    HPOS="314.0"
                    VPOS="1027.0"
                    WIDTH="604.0"
                    HEIGHT="7.0"></String>
          </TextLine>
          <TextLine ID="eSc_line_b573484a"
                    BASELINE="321 1064 913 1068" 
                    HPOS="321.0"
                    VPOS="1064.0"
                    WIDTH="592.0"
                    HEIGHT="4.0">
	    <String CONTENT=""
                    HPOS="321.0"
                    VPOS="1064.0"
                    WIDTH="592.0"
                    HEIGHT="4.0"></String>
          </TextLine>
          <TextLine ID="eSc_line_a6140ee1"
                    BASELINE="321 1096 378 1094" 
                    HPOS="321.0"
                    VPOS="1094.0"
                    WIDTH="57.0"
                    HEIGHT="2.0">
	    <String CONTENT=""
                    HPOS="321.0"
                    VPOS="1094.0"
                    WIDTH="57.0"
                    HEIGHT="2.0"></String>
          </TextLine>
        </TextBlock>
        <TextBlock HPOS="272.0"
                   VPOS="1103.0"
                   WIDTH="641.0"
                   HEIGHT="395.0"
                   ID="region_1719311836745_180"
                   TAGREFS="BT3758">
          <Shape><Polygon POINTS="272 1103 913 1103 909 1492 272 1498"/></Shape>
          <TextLine ID="eSc_line_48f54fd8"
                    BASELINE="275 1128 909 1130" 
                    HPOS="275.0"
                    VPOS="1128.0"
                    WIDTH="634.0"
                    HEIGHT="2.0">
	    <String CONTENT=""
                    HPOS="275.0"
                    VPOS="1128.0"
                    WIDTH="634.0"
                    HEIGHT="2.0"></String>
          </TextLine>
          <TextLine ID="eSc_line_3bdb1071"
                    BASELINE="313 1160 907 1160" 
                    HPOS="313.0"
                    VPOS="1160.0"
                    WIDTH="594.0"
                    HEIGHT="0.0">
	    <String CONTENT=""
                    HPOS="313.0"
                    VPOS="1160.0"
                    WIDTH="594.0"
                    HEIGHT="0.0"></String>
          </TextLine>
          <TextLine ID="eSc_line_18fcbdbf"
                    BASELINE="312 1193 913 1193" 
                    HPOS="312.0"
                    VPOS="1193.0"
                    WIDTH="601.0"
                    HEIGHT="0.0">
	    <String CONTENT=""
                    HPOS="312.0"
                    VPOS="1193.0"
                    WIDTH="601.0"
                    HEIGHT="0.0"></String>
          </TextLine>
          <TextLine ID="eSc_line_5c3a0a0f"
                    BASELINE="315 1223 907 1225" 
                    HPOS="315.0"
                    VPOS="1223.0"
                    WIDTH="592.0"
                    HEIGHT="2.0">
	    <String CONTENT=""
                    HPOS="315.0"
                    VPOS="1223.0"
                    WIDTH="592.0"
                    HEIGHT="2.0"></String>
          </TextLine>
          <TextLine ID="eSc_line_e0242c32"
                    BASELINE="308 1259 905 1261" 
                    HPOS="308.0"
                    VPOS="1259.0"
                    WIDTH="597.0"
                    HEIGHT="2.0">
	    <String CONTENT=""
                    HPOS="308.0"
                    VPOS="1259.0"
                    WIDTH="597.0"
                    HEIGHT="2.0"></String>
          </TextLine>
          <TextLine ID="eSc_line_39088837"
                    BASELINE="308 1295 905 1295" 
                    HPOS="308.0"
                    VPOS="1295.0"
                    WIDTH="597.0"
                    HEIGHT="0.0">
	    <String CONTENT=""
                    HPOS="308.0"
                    VPOS="1295.0"
                    WIDTH="597.0"
                    HEIGHT="0.0"></String>
          </TextLine>
          <TextLine ID="eSc_line_d7f9f6a3"
                    BASELINE="308 1328 907 1328" 
                    HPOS="308.0"
                    VPOS="1328.0"
                    WIDTH="599.0"
                    HEIGHT="0.0">
	    <String CONTENT=""
                    HPOS="308.0"
                    VPOS="1328.0"
                    WIDTH="599.0"
                    HEIGHT="0.0"></String>
          </TextLine>
          <TextLine ID="eSc_line_8b7f60f5"
                    BASELINE="310 1358 903 1360" 
                    HPOS="310.0"
                    VPOS="1358.0"
                    WIDTH="593.0"
                    HEIGHT="2.0">
	    <String CONTENT=""
                    HPOS="310.0"
                    VPOS="1358.0"
                    WIDTH="593.0"
                    HEIGHT="2.0"></String>
          </TextLine>
          <TextLine ID="eSc_line_8885b68e"
                    BASELINE="310 1392 907 1396" 
                    HPOS="310.0"
                    VPOS="1392.0"
                    WIDTH="597.0"
                    HEIGHT="4.0">
	    <String CONTENT=""
                    HPOS="310.0"
                    VPOS="1392.0"
                    WIDTH="597.0"
                    HEIGHT="4.0"></String>
          </TextLine>
          <TextLine ID="eSc_line_e2780d60"
                    BASELINE="313 1426 903 1426" 
                    HPOS="313.0"
                    VPOS="1426.0"
                    WIDTH="590.0"
                    HEIGHT="0.0">
	    <String CONTENT=""
                    HPOS="313.0"
                    VPOS="1426.0"
                    WIDTH="590.0"
                    HEIGHT="0.0"></String>
          </TextLine>
          <TextLine ID="eSc_line_cc396b3d"
                    BASELINE="310 1454 907 1456" 
                    HPOS="310.0"
                    VPOS="1454.0"
                    WIDTH="597.0"
                    HEIGHT="2.0">
	    <String CONTENT=""
                    HPOS="310.0"
                    VPOS="1454.0"
                    WIDTH="597.0"
                    HEIGHT="2.0"></String>
          </TextLine>
          <TextLine ID="eSc_line_3b8a7009"
                    BASELINE="313 1489 377 1489" 
                    HPOS="313.0"
                    VPOS="1489.0"
                    WIDTH="64.0"
                    HEIGHT="0.0">
	    <String CONTENT=""
                    HPOS="313.0"
                    VPOS="1489.0"
                    WIDTH="64.0"
                    HEIGHT="0.0"></String>
          </TextLine>
        </TextBlock>
        <TextBlock HPOS="257.0"
                   VPOS="159.0"
                   WIDTH="69.0"
                   HEIGHT="30.0"
                   ID="region_1719311758707_156"
                   TAGREFS="BT3756">
          <Shape><Polygon POINTS="257 159 326 159 326 189 257 189"/></Shape>
        </TextBlock>
        <TextBlock HPOS="785.0"
                   VPOS="766.0"
                   WIDTH="99.0"
                   HEIGHT="40.0"
                   ID="region_1719311794380_168"
                   TAGREFS="BT3756">
          <Shape><Polygon POINTS="785 806 884 806 884 766 785 766"/></Shape>
        </TextBlock>
      </PrintSpace>
    </Page>
  </Layout>
</alto>
