<?xml version="1.0" encoding="UTF-8"?>
<alto xmlns:xsi="http://www.w3.org/2001/XMLSchema-instance"
      xmlns="http://www.loc.gov/standards/alto/ns-v4#"
      xsi:schemaLocation="http://www.loc.gov/standards/alto/ns-v4# http://www.loc.gov/standards/alto/v4/alto-4-2.xsd">
  <Description>
    <MeasurementUnit>pixel</MeasurementUnit>
    <sourceImageInformation>
      <fileName>1770,_Saemmtliche_Poetische_Werke,_Trattner,_VD18_12002895_Seite_889_Bild_0001.jpg</fileName>
    </sourceImageInformation>
  </Description>
  <Tags>
    <OtherTag ID="BT1" LABEL="Title" DESCRIPTION="block type Title"/><OtherTag ID="BT2" LABEL="Main" DESCRIPTION="block type Main"/><OtherTag ID="BT3" LABEL="Commentary" DESCRIPTION="block type Commentary"/><OtherTag ID="BT4" LABEL="Illustration" DESCRIPTION="block type Illustration"/><OtherTag ID="BT3755" LABEL="header" DESCRIPTION="block type header"/><OtherTag ID="BT3756" LABEL="paragraph" DESCRIPTION="block type paragraph"/><OtherTag ID="BT3757" LABEL="heading" DESCRIPTION="block type heading"/><OtherTag ID="BT3758" LABEL="footnote" DESCRIPTION="block type footnote"/><OtherTag ID="BT3759" LABEL="l-column" DESCRIPTION="block type l-column"/><OtherTag ID="BT3760" LABEL="r-column" DESCRIPTION="block type r-column"/><OtherTag ID="BT3761" LABEL="marginalia" DESCRIPTION="block type marginalia"/><OtherTag ID="BT4125" LABEL="drop-capital" DESCRIPTION="block type drop-capital"/><OtherTag ID="BT4126" LABEL="catch-word" DESCRIPTION="block type catch-word"/><OtherTag ID="BT4127" LABEL="page-number" DESCRIPTION="block type page-number"/><OtherTag ID="BT4128" LABEL="signature-mark" DESCRIPTION="block type signature-mark"/><OtherTag ID="BT4129" LABEL="poem_lg" DESCRIPTION="block type poem_lg"/><OtherTag ID="BT4130" LABEL="endnote" DESCRIPTION="block type endnote"/>
  </Tags>
  <Layout>
    <Page WIDTH="978"
          HEIGHT="1733"
          PHYSICAL_IMG_NR="163"
          ID="eSc_dummypage_">
      <PrintSpace HPOS="0"
                  VPOS="0"
                  WIDTH="978"
                  HEIGHT="1733">
        <TextBlock HPOS="254.0"
                   VPOS="157.0"
                   WIDTH="314.0"
                   HEIGHT="53.0"
                   ID="region_1737734052942_1329"
                   TAGREFS="BT3756">
          <Shape><Polygon POINTS="258 163 566 157 568 210 254 208"/></Shape>
        </TextBlock>
        <TextBlock HPOS="683.0"
                   VPOS="155.0"
                   WIDTH="94.0"
                   HEIGHT="52.0"
                   ID="region_1737734056978_1332"
                   TAGREFS="BT3756">
          <Shape><Polygon POINTS="685 162 748 155 777 188 763 207 683 203"/></Shape>
        </TextBlock>
        <TextBlock HPOS="87.0"
                   VPOS="288.0"
                   WIDTH="687.0"
                   HEIGHT="230.0"
                   ID="region_1737734076469_1335"
                   TAGREFS="BT3757">
          <Shape><Polygon POINTS="218 291 649 288 650 360 769 376 774 471 683 467 677 509 440 518 210 516 188 511 184 477 87 466 92 364 224 369"/></Shape>
        </TextBlock>
        <TextBlock HPOS="88.0"
                   VPOS="565.0"
                   WIDTH="64.0"
                   HEIGHT="64.0"
                   ID="region_1737734088576_1338"
                   TAGREFS="BT3756">
          <Shape><Polygon POINTS="144 614 141 600 152 591 151 565 88 566 96 625 131 629 143 622"/></Shape>
        </TextBlock>
        <TextBlock HPOS="88.0"
                   VPOS="583.0"
                   WIDTH="695.0"
                   HEIGHT="896.0"
                   ID="region_1737734130272_1346"
                   TAGREFS="BT3756">
          <Shape><Polygon POINTS="146 617 144 600 192 590 771 583 783 1471 735 1474 448 1475 404 1470 371 1476 104 1479 90 1068 88 641 121 632 144 634"/></Shape>
        </TextBlock>
        <TextBlock HPOS="380.0"
                   VPOS="1474.0"
                   WIDTH="83.0"
                   HEIGHT="46.0"
                   ID="region_1737734143029_1351"
                   TAGREFS="BT3756">
          <Shape><Polygon POINTS="384 1516 462 1520 463 1481 423 1476 407 1474 382 1476 380 1497"/></Shape>
        </TextBlock>
        <TextBlock HPOS="662.0"
                   VPOS="1477.0"
                   WIDTH="83.0"
                   HEIGHT="37.0"
                   ID="region_1737734151737_1355"
                   TAGREFS="BT3756">
          <Shape><Polygon POINTS="669 1477 745 1482 745 1514 662 1510"/></Shape>
        </TextBlock>
      </PrintSpace>
    </Page>
  </Layout>
</alto>
