<?xml version="1.0" encoding="UTF-8"?>
<alto xmlns:xsi="http://www.w3.org/2001/XMLSchema-instance"
      xmlns="http://www.loc.gov/standards/alto/ns-v4#"
      xsi:schemaLocation="http://www.loc.gov/standards/alto/ns-v4# http://www.loc.gov/standards/alto/v4/alto-4-2.xsd">
  <Description>
    <MeasurementUnit>pixel</MeasurementUnit>
    <sourceImageInformation>
      <fileName>1771,_Saemtliche_Poetische_Werke,_Bohn,_5._Aufl.,_Bd._3,_VD18_90396774_Seite_067_Bild_0001.jpg</fileName>
    </sourceImageInformation>
  </Description>
  <Tags>
    <OtherTag ID="BT1" LABEL="Title" DESCRIPTION="block type Title"/><OtherTag ID="BT2" LABEL="Main" DESCRIPTION="block type Main"/><OtherTag ID="BT3" LABEL="Commentary" DESCRIPTION="block type Commentary"/><OtherTag ID="BT4" LABEL="Illustration" DESCRIPTION="block type Illustration"/><OtherTag ID="BT3755" LABEL="header" DESCRIPTION="block type header"/><OtherTag ID="BT3756" LABEL="paragraph" DESCRIPTION="block type paragraph"/><OtherTag ID="BT3757" LABEL="heading" DESCRIPTION="block type heading"/><OtherTag ID="BT3758" LABEL="footnote" DESCRIPTION="block type footnote"/><OtherTag ID="BT3759" LABEL="l-column" DESCRIPTION="block type l-column"/><OtherTag ID="BT3760" LABEL="r-column" DESCRIPTION="block type r-column"/><OtherTag ID="BT3761" LABEL="marginalia" DESCRIPTION="block type marginalia"/><OtherTag ID="BT4125" LABEL="drop-capital" DESCRIPTION="block type drop-capital"/><OtherTag ID="BT4126" LABEL="catch-word" DESCRIPTION="block type catch-word"/><OtherTag ID="BT4127" LABEL="page-number" DESCRIPTION="block type page-number"/><OtherTag ID="BT4128" LABEL="signature-mark" DESCRIPTION="block type signature-mark"/><OtherTag ID="BT4129" LABEL="poem_lg" DESCRIPTION="block type poem_lg"/><OtherTag ID="BT4130" LABEL="endnote" DESCRIPTION="block type endnote"/>
  </Tags>
  <Layout>
    <Page WIDTH="1122"
          HEIGHT="2082"
          PHYSICAL_IMG_NR="47"
          ID="eSc_dummypage_">
      <PrintSpace HPOS="0"
                  VPOS="0"
                  WIDTH="1122"
                  HEIGHT="2082">
        <TextBlock HPOS="114"
                   VPOS="73"
                   WIDTH="107"
                   HEIGHT="64"
                   ID="region_1719492639529_321"
                   TAGREFS="BT3756">
          <Shape><Polygon POINTS="221 137 114 128 114 73 194 73"/></Shape>
          <TextLine ID="eSc_line_9661c215"
                    BASELINE="127 122 198 126" 
                    HPOS="127.0"
                    VPOS="122.0"
                    WIDTH="71.0"
                    HEIGHT="4.0">
	    <String CONTENT=""
                    HPOS="127.0"
                    VPOS="122.0"
                    WIDTH="71.0"
                    HEIGHT="4.0"></String>
          </TextLine>
        </TextBlock>
        <TextBlock HPOS="418"
                   VPOS="67"
                   WIDTH="396"
                   HEIGHT="73"
                   ID="region_1719492642532_324"
                   TAGREFS="BT3756">
          <Shape><Polygon POINTS="814 133 418 140 418 67 788 67"/></Shape>
          <TextLine ID="eSc_line_38b704d7"
                    BASELINE="442 130 791 125" 
                    HPOS="442.0"
                    VPOS="125.0"
                    WIDTH="349.0"
                    HEIGHT="5.0">
	    <String CONTENT=""
                    HPOS="442.0"
                    VPOS="125.0"
                    WIDTH="349.0"
                    HEIGHT="5.0"></String>
          </TextLine>
        </TextBlock>
        <TextBlock HPOS="270.0"
                   VPOS="249.0"
                   WIDTH="608.0"
                   HEIGHT="1537.0"
                   ID="region_1719492659299_333"
                   TAGREFS="BT3756">
          <Shape><Polygon POINTS="864 1786 270 1786 290 432 281 347 374 352 364 254 878 249"/></Shape>
          <TextLine ID="eSc_line_203fc223"
                    BASELINE="371 298 707 298" 
                    HPOS="371.0"
                    VPOS="298.0"
                    WIDTH="336.0"
                    HEIGHT="0.0">
	    <String CONTENT=""
                    HPOS="371.0"
                    VPOS="298.0"
                    WIDTH="336.0"
                    HEIGHT="0.0"></String>
          </TextLine>
          <TextLine ID="eSc_line_010186ec"
                    BASELINE="384 340 874 345" 
                    HPOS="384.0"
                    VPOS="340.0"
                    WIDTH="490.0"
                    HEIGHT="5.0">
	    <String CONTENT=""
                    HPOS="384.0"
                    VPOS="340.0"
                    WIDTH="490.0"
                    HEIGHT="5.0"></String>
          </TextLine>
          <TextLine ID="eSc_line_8544b808"
                    BASELINE="308 385 773 388" 
                    HPOS="308.0"
                    VPOS="385.0"
                    WIDTH="465.0"
                    HEIGHT="3.0">
	    <String CONTENT=""
                    HPOS="308.0"
                    VPOS="385.0"
                    WIDTH="465.0"
                    HEIGHT="3.0"></String>
          </TextLine>
          <TextLine ID="eSc_line_dd17148b"
                    BASELINE="308 424 779 429" 
                    HPOS="308.0"
                    VPOS="424.0"
                    WIDTH="471.0"
                    HEIGHT="5.0">
	    <String CONTENT=""
                    HPOS="308.0"
                    VPOS="424.0"
                    WIDTH="471.0"
                    HEIGHT="5.0"></String>
          </TextLine>
          <TextLine ID="eSc_line_1b28822c"
                    BASELINE="304 472 773 475" 
                    HPOS="304.0"
                    VPOS="472.0"
                    WIDTH="469.0"
                    HEIGHT="3.0">
	    <String CONTENT=""
                    HPOS="304.0"
                    VPOS="472.0"
                    WIDTH="469.0"
                    HEIGHT="3.0"></String>
          </TextLine>
          <TextLine ID="eSc_line_80c0c68b"
                    BASELINE="306 514 797 517" 
                    HPOS="306.0"
                    VPOS="514.0"
                    WIDTH="491.0"
                    HEIGHT="3.0">
	    <String CONTENT=""
                    HPOS="306.0"
                    VPOS="514.0"
                    WIDTH="491.0"
                    HEIGHT="3.0"></String>
          </TextLine>
          <TextLine ID="eSc_line_fb9d5511"
                    BASELINE="300 557 842 564" 
                    HPOS="300.0"
                    VPOS="557.0"
                    WIDTH="542.0"
                    HEIGHT="7.0">
	    <String CONTENT=""
                    HPOS="300.0"
                    VPOS="557.0"
                    WIDTH="542.0"
                    HEIGHT="7.0"></String>
          </TextLine>
          <TextLine ID="eSc_line_8ffce3d6"
                    BASELINE="296 600 743 605" 
                    HPOS="296.0"
                    VPOS="600.0"
                    WIDTH="447.0"
                    HEIGHT="5.0">
	    <String CONTENT=""
                    HPOS="296.0"
                    VPOS="600.0"
                    WIDTH="447.0"
                    HEIGHT="5.0"></String>
          </TextLine>
          <TextLine ID="eSc_line_f88e2da1"
                    BASELINE="297 641 731 646" 
                    HPOS="297.0"
                    VPOS="641.0"
                    WIDTH="434.0"
                    HEIGHT="5.0">
	    <String CONTENT=""
                    HPOS="297.0"
                    VPOS="641.0"
                    WIDTH="434.0"
                    HEIGHT="5.0"></String>
          </TextLine>
          <TextLine ID="eSc_line_f6228b28"
                    BASELINE="298 687 810 691" 
                    HPOS="298.0"
                    VPOS="687.0"
                    WIDTH="512.0"
                    HEIGHT="4.0">
	    <String CONTENT=""
                    HPOS="298.0"
                    VPOS="687.0"
                    WIDTH="512.0"
                    HEIGHT="4.0"></String>
          </TextLine>
          <TextLine ID="eSc_line_0e4ac30f"
                    BASELINE="297 729 730 731" 
                    HPOS="297.0"
                    VPOS="729.0"
                    WIDTH="433.0"
                    HEIGHT="2.0">
	    <String CONTENT=""
                    HPOS="297.0"
                    VPOS="729.0"
                    WIDTH="433.0"
                    HEIGHT="2.0"></String>
          </TextLine>
          <TextLine ID="eSc_line_80227c8c"
                    BASELINE="293 776 799 782" 
                    HPOS="293.0"
                    VPOS="776.0"
                    WIDTH="506.0"
                    HEIGHT="6.0">
	    <String CONTENT=""
                    HPOS="293.0"
                    VPOS="776.0"
                    WIDTH="506.0"
                    HEIGHT="6.0"></String>
          </TextLine>
          <TextLine ID="eSc_line_38f00fcb"
                    BASELINE="299 818 756 820" 
                    HPOS="299.0"
                    VPOS="818.0"
                    WIDTH="457.0"
                    HEIGHT="2.0">
	    <String CONTENT=""
                    HPOS="299.0"
                    VPOS="818.0"
                    WIDTH="457.0"
                    HEIGHT="2.0"></String>
          </TextLine>
          <TextLine ID="eSc_line_b1c76234"
                    BASELINE="301 861 758 866" 
                    HPOS="301.0"
                    VPOS="861.0"
                    WIDTH="457.0"
                    HEIGHT="5.0">
	    <String CONTENT=""
                    HPOS="301.0"
                    VPOS="861.0"
                    WIDTH="457.0"
                    HEIGHT="5.0"></String>
          </TextLine>
          <TextLine ID="eSc_line_7fc72b67"
                    BASELINE="300 906 702 909" 
                    HPOS="300.0"
                    VPOS="906.0"
                    WIDTH="402.0"
                    HEIGHT="3.0">
	    <String CONTENT=""
                    HPOS="300.0"
                    VPOS="906.0"
                    WIDTH="402.0"
                    HEIGHT="3.0"></String>
          </TextLine>
          <TextLine ID="eSc_line_d5d25900"
                    BASELINE="296 949 830 959" 
                    HPOS="296.0"
                    VPOS="949.0"
                    WIDTH="534.0"
                    HEIGHT="10.0">
	    <String CONTENT=""
                    HPOS="296.0"
                    VPOS="949.0"
                    WIDTH="534.0"
                    HEIGHT="10.0"></String>
          </TextLine>
          <TextLine ID="eSc_line_943e5729"
                    BASELINE="292 992 742 997" 
                    HPOS="292.0"
                    VPOS="992.0"
                    WIDTH="450.0"
                    HEIGHT="5.0">
	    <String CONTENT=""
                    HPOS="292.0"
                    VPOS="992.0"
                    WIDTH="450.0"
                    HEIGHT="5.0"></String>
          </TextLine>
          <TextLine ID="eSc_line_dfe0734a"
                    BASELINE="291 1035 686 1038" 
                    HPOS="291.0"
                    VPOS="1035.0"
                    WIDTH="395.0"
                    HEIGHT="3.0">
	    <String CONTENT=""
                    HPOS="291.0"
                    VPOS="1035.0"
                    WIDTH="395.0"
                    HEIGHT="3.0"></String>
          </TextLine>
          <TextLine ID="eSc_line_619e71fd"
                    BASELINE="290 1078 772 1083" 
                    HPOS="290.0"
                    VPOS="1078.0"
                    WIDTH="482.0"
                    HEIGHT="5.0">
	    <String CONTENT=""
                    HPOS="290.0"
                    VPOS="1078.0"
                    WIDTH="482.0"
                    HEIGHT="5.0"></String>
          </TextLine>
          <TextLine ID="eSc_line_ef782e8a"
                    BASELINE="296 1120 724 1124" 
                    HPOS="296.0"
                    VPOS="1120.0"
                    WIDTH="428.0"
                    HEIGHT="4.0">
	    <String CONTENT=""
                    HPOS="296.0"
                    VPOS="1120.0"
                    WIDTH="428.0"
                    HEIGHT="4.0"></String>
          </TextLine>
          <TextLine ID="eSc_line_a871a922"
                    BASELINE="294 1167 808 1166" 
                    HPOS="294.0"
                    VPOS="1166.0"
                    WIDTH="514.0"
                    HEIGHT="1.0">
	    <String CONTENT=""
                    HPOS="294.0"
                    VPOS="1166.0"
                    WIDTH="514.0"
                    HEIGHT="1.0"></String>
          </TextLine>
          <TextLine ID="eSc_line_d6869ff7"
                    BASELINE="295 1209 825 1215" 
                    HPOS="295.0"
                    VPOS="1209.0"
                    WIDTH="530.0"
                    HEIGHT="6.0">
	    <String CONTENT=""
                    HPOS="295.0"
                    VPOS="1209.0"
                    WIDTH="530.0"
                    HEIGHT="6.0"></String>
          </TextLine>
          <TextLine ID="eSc_line_2f32e316"
                    BASELINE="296 1247 766 1254" 
                    HPOS="296.0"
                    VPOS="1247.0"
                    WIDTH="470.0"
                    HEIGHT="7.0">
	    <String CONTENT=""
                    HPOS="296.0"
                    VPOS="1247.0"
                    WIDTH="470.0"
                    HEIGHT="7.0"></String>
          </TextLine>
          <TextLine ID="eSc_line_00f4a584"
                    BASELINE="289 1292 813 1300" 
                    HPOS="289.0"
                    VPOS="1292.0"
                    WIDTH="524.0"
                    HEIGHT="8.0">
	    <String CONTENT=""
                    HPOS="289.0"
                    VPOS="1292.0"
                    WIDTH="524.0"
                    HEIGHT="8.0"></String>
          </TextLine>
          <TextLine ID="eSc_line_abb11a05"
                    BASELINE="291 1334 788 1341" 
                    HPOS="291.0"
                    VPOS="1334.0"
                    WIDTH="497.0"
                    HEIGHT="7.0">
	    <String CONTENT=""
                    HPOS="291.0"
                    VPOS="1334.0"
                    WIDTH="497.0"
                    HEIGHT="7.0"></String>
          </TextLine>
          <TextLine ID="eSc_line_fe1d261e"
                    BASELINE="291 1377 751 1380" 
                    HPOS="291.0"
                    VPOS="1377.0"
                    WIDTH="460.0"
                    HEIGHT="3.0">
	    <String CONTENT=""
                    HPOS="291.0"
                    VPOS="1377.0"
                    WIDTH="460.0"
                    HEIGHT="3.0"></String>
          </TextLine>
          <TextLine ID="eSc_line_6a1364e7"
                    BASELINE="291 1423 729 1424" 
                    HPOS="291.0"
                    VPOS="1423.0"
                    WIDTH="438.0"
                    HEIGHT="1.0">
	    <String CONTENT=""
                    HPOS="291.0"
                    VPOS="1423.0"
                    WIDTH="438.0"
                    HEIGHT="1.0"></String>
          </TextLine>
          <TextLine ID="eSc_line_d03225ca"
                    BASELINE="289 1463 802 1474" 
                    HPOS="289.0"
                    VPOS="1463.0"
                    WIDTH="513.0"
                    HEIGHT="11.0">
	    <String CONTENT=""
                    HPOS="289.0"
                    VPOS="1463.0"
                    WIDTH="513.0"
                    HEIGHT="11.0"></String>
          </TextLine>
          <TextLine ID="eSc_line_c66d5e86"
                    BASELINE="293 1505 737 1510" 
                    HPOS="293.0"
                    VPOS="1505.0"
                    WIDTH="444.0"
                    HEIGHT="5.0">
	    <String CONTENT=""
                    HPOS="293.0"
                    VPOS="1505.0"
                    WIDTH="444.0"
                    HEIGHT="5.0"></String>
          </TextLine>
          <TextLine ID="eSc_line_b1f898f5"
                    BASELINE="290 1546 745 1554" 
                    HPOS="290.0"
                    VPOS="1546.0"
                    WIDTH="455.0"
                    HEIGHT="8.0">
	    <String CONTENT=""
                    HPOS="290.0"
                    VPOS="1546.0"
                    WIDTH="455.0"
                    HEIGHT="8.0"></String>
          </TextLine>
          <TextLine ID="eSc_line_35b9210c"
                    BASELINE="281 1594 768 1603" 
                    HPOS="281.0"
                    VPOS="1594.0"
                    WIDTH="487.0"
                    HEIGHT="9.0">
	    <String CONTENT=""
                    HPOS="281.0"
                    VPOS="1594.0"
                    WIDTH="487.0"
                    HEIGHT="9.0"></String>
          </TextLine>
          <TextLine ID="eSc_line_88dc10d9"
                    BASELINE="287 1633 696 1643" 
                    HPOS="287.0"
                    VPOS="1633.0"
                    WIDTH="409.0"
                    HEIGHT="10.0">
	    <String CONTENT=""
                    HPOS="287.0"
                    VPOS="1633.0"
                    WIDTH="409.0"
                    HEIGHT="10.0"></String>
          </TextLine>
          <TextLine ID="eSc_line_2535eeec"
                    BASELINE="293 1675 693 1686" 
                    HPOS="293.0"
                    VPOS="1675.0"
                    WIDTH="400.0"
                    HEIGHT="11.0">
	    <String CONTENT=""
                    HPOS="293.0"
                    VPOS="1675.0"
                    WIDTH="400.0"
                    HEIGHT="11.0"></String>
          </TextLine>
          <TextLine ID="eSc_line_d5360168"
                    BASELINE="288 1724 719 1728" 
                    HPOS="288.0"
                    VPOS="1724.0"
                    WIDTH="431.0"
                    HEIGHT="4.0">
	    <String CONTENT=""
                    HPOS="288.0"
                    VPOS="1724.0"
                    WIDTH="431.0"
                    HEIGHT="4.0"></String>
          </TextLine>
          <TextLine ID="eSc_line_eb279986"
                    BASELINE="287 1768 795 1768" 
                    HPOS="287.0"
                    VPOS="1768.0"
                    WIDTH="508.0"
                    HEIGHT="0.0">
	    <String CONTENT=""
                    HPOS="287.0"
                    VPOS="1768.0"
                    WIDTH="508.0"
                    HEIGHT="0.0"></String>
          </TextLine>
        </TextBlock>
        <TextBlock HPOS="471.0"
                   VPOS="154.0"
                   WIDTH="319.0"
                   HEIGHT="76.0"
                   ID="region_1719492646087_327"
                   TAGREFS="BT3757">
          <Shape><Polygon POINTS="790 228 471 230 471 154 771 154"/></Shape>
          <TextLine ID="eSc_line_6727dc08"
                    BASELINE="508 225 758 221" 
                    HPOS="508.0"
                    VPOS="221.0"
                    WIDTH="250.0"
                    HEIGHT="4.0">
	    <String CONTENT=""
                    HPOS="508.0"
                    VPOS="221.0"
                    WIDTH="250.0"
                    HEIGHT="4.0"></String>
          </TextLine>
        </TextBlock>
        <TextBlock HPOS="117.0"
                   VPOS="1806.0"
                   WIDTH="476.0"
                   HEIGHT="145.0"
                   ID="region_1719492835409_367"
                   TAGREFS="BT3759">
          <Shape><Polygon POINTS="593 1951 117 1949 117 1806 593 1808"/></Shape>
          <TextLine ID="eSc_line_d3d3e09c"
                    BASELINE="153 1835 587 1847" 
                    HPOS="153.0"
                    VPOS="1835.0"
                    WIDTH="434.0"
                    HEIGHT="12.0">
	    <String CONTENT=""
                    HPOS="153.0"
                    VPOS="1835.0"
                    WIDTH="434.0"
                    HEIGHT="12.0"></String>
          </TextLine>
          <TextLine ID="eSc_line_902905be"
                    BASELINE="119 1867 589 1879" 
                    HPOS="119.0"
                    VPOS="1867.0"
                    WIDTH="470.0"
                    HEIGHT="12.0">
	    <String CONTENT=""
                    HPOS="119.0"
                    VPOS="1867.0"
                    WIDTH="470.0"
                    HEIGHT="12.0"></String>
          </TextLine>
          <TextLine ID="eSc_line_7903fee6"
                    BASELINE="117 1902 589 1916" 
                    HPOS="117.0"
                    VPOS="1902.0"
                    WIDTH="472.0"
                    HEIGHT="14.0">
	    <String CONTENT=""
                    HPOS="117.0"
                    VPOS="1902.0"
                    WIDTH="472.0"
                    HEIGHT="14.0"></String>
          </TextLine>
        </TextBlock>
        <TextBlock HPOS="604.0"
                   VPOS="1802.0"
                   WIDTH="463.0"
                   HEIGHT="163.0"
                   ID="region_1719492842804_370"
                   TAGREFS="BT3760">
          <Shape><Polygon POINTS="1067 1915 834 1965 604 1952 612 1803 1062 1802"/></Shape>
          <TextLine ID="eSc_line_aacfd1af"
                    BASELINE="614 1850 680 1849 947 1842 981 1841 998 1833 1044 1827 1055 1824" 
                    HPOS="614.0"
                    VPOS="1824.0"
                    WIDTH="441.0"
                    HEIGHT="26.0">
	    <String CONTENT=""
                    HPOS="614.0"
                    VPOS="1824.0"
                    WIDTH="441.0"
                    HEIGHT="26.0"></String>
          </TextLine>
          <TextLine ID="eSc_line_8f45587d"
                    BASELINE="613 1888 614 1887 649 1886 775 1882 922 1883 951 1875 1009 1870 1061 1859" 
                    HPOS="613.0"
                    VPOS="1859.0"
                    WIDTH="448.0"
                    HEIGHT="29.0">
	    <String CONTENT=""
                    HPOS="613.0"
                    VPOS="1859.0"
                    WIDTH="448.0"
                    HEIGHT="29.0"></String>
          </TextLine>
          <TextLine ID="eSc_line_bf242aa2"
                    BASELINE="608 1917 714 1921 765 1912 874 1920 958 1909 988 1900 1040 1896 1057 1889 1063 1888" 
                    HPOS="608.0"
                    VPOS="1888.0"
                    WIDTH="455.0"
                    HEIGHT="33.0">
	    <String CONTENT=""
                    HPOS="608.0"
                    VPOS="1888.0"
                    WIDTH="455.0"
                    HEIGHT="33.0"></String>
          </TextLine>
          <TextLine ID="eSc_line_54cd5f8a"
                    BASELINE="615 1949 625 1948 658 1949 752 1957 849 1950 908 1948 954 1935 996 1939 1060 1914" 
                    HPOS="615.0"
                    VPOS="1914.0"
                    WIDTH="445.0"
                    HEIGHT="43.0">
	    <String CONTENT=""
                    HPOS="615.0"
                    VPOS="1914.0"
                    WIDTH="445.0"
                    HEIGHT="43.0"></String>
          </TextLine>
        </TextBlock>
        <TextBlock HPOS="1004"
                   VPOS="1924"
                   WIDTH="74"
                   HEIGHT="50"
                   ID="region_1719492678216_342"
                   TAGREFS="BT3756">
          <Shape><Polygon POINTS="1078 1950 1020 1974 1004 1936 1063 1924"/></Shape>
          <TextLine ID="eSc_line_c3edae61"
                    BASELINE="1025 1965 1062 1954" 
                    HPOS="1025.0"
                    VPOS="1954.0"
                    WIDTH="37.0"
                    HEIGHT="11.0">
	    <String CONTENT=""
                    HPOS="1025.0"
                    VPOS="1954.0"
                    WIDTH="37.0"
                    HEIGHT="11.0"></String>
          </TextLine>
        </TextBlock>
        <TextBlock HPOS="297.0"
                   VPOS="245.0"
                   WIDTH="75.0"
                   HEIGHT="102.0"
                   ID="region_1719492652479_330"
                   TAGREFS="BT3756">
          <Shape><Polygon POINTS="372 347 297 341 297 247 364 245"/></Shape>
        </TextBlock>
        <TextBlock HPOS="986"
                   VPOS="1745"
                   WIDTH="74"
                   HEIGHT="45"
                   ID="region_1719492670376_336"
                   TAGREFS="BT3756">
          <Shape><Polygon POINTS="1060 1790 987 1790 986 1745 1059 1745"/></Shape>
        </TextBlock>
        <TextBlock ID="eSc_dummyblock_">
          <TextLine ID="eSc_line_ca2e132e"
                    BASELINE="995 1793 1059 1785" 
                    HPOS="995.0"
                    VPOS="1785.0"
                    WIDTH="64.0"
                    HEIGHT="8.0">
	    <String CONTENT=""
                    HPOS="995.0"
                    VPOS="1785.0"
                    WIDTH="64.0"
                    HEIGHT="8.0"></String>
          </TextLine>
          <TextLine ID="eSc_line_4cedefbf"
                    BASELINE="116 1936 590 1949" 
                    HPOS="116.0"
                    VPOS="1936.0"
                    WIDTH="474.0"
                    HEIGHT="13.0">
	    <String CONTENT=""
                    HPOS="116.0"
                    VPOS="1936.0"
                    WIDTH="474.0"
                    HEIGHT="13.0"></String>
          </TextLine>
        </TextBlock>
      </PrintSpace>
    </Page>
  </Layout>
</alto>
