<?xml version="1.0" encoding="UTF-8"?>
<alto xmlns:xsi="http://www.w3.org/2001/XMLSchema-instance"
      xmlns="http://www.loc.gov/standards/alto/ns-v4#"
      xsi:schemaLocation="http://www.loc.gov/standards/alto/ns-v4# http://www.loc.gov/standards/alto/v4/alto-4-2.xsd">
  <Description>
    <MeasurementUnit>pixel</MeasurementUnit>
    <sourceImageInformation>
      <fileName>1771,_Saemtliche_Poetische_Werke,_Bohn,_5._Aufl.,_Bd._2,_VD18_90396766_Seite_032_Bild_0001.jpg</fileName>
    </sourceImageInformation>
  </Description>
  <Tags>
    <OtherTag ID="BT1" LABEL="Title" DESCRIPTION="block type Title"/><OtherTag ID="BT2" LABEL="Main" DESCRIPTION="block type Main"/><OtherTag ID="BT3" LABEL="Commentary" DESCRIPTION="block type Commentary"/><OtherTag ID="BT4" LABEL="Illustration" DESCRIPTION="block type Illustration"/><OtherTag ID="BT3755" LABEL="header" DESCRIPTION="block type header"/><OtherTag ID="BT3756" LABEL="paragraph" DESCRIPTION="block type paragraph"/><OtherTag ID="BT3757" LABEL="heading" DESCRIPTION="block type heading"/><OtherTag ID="BT3758" LABEL="footnote" DESCRIPTION="block type footnote"/><OtherTag ID="BT3759" LABEL="l-column" DESCRIPTION="block type l-column"/><OtherTag ID="BT3760" LABEL="r-column" DESCRIPTION="block type r-column"/><OtherTag ID="BT3761" LABEL="marginalia" DESCRIPTION="block type marginalia"/><OtherTag ID="BT4125" LABEL="drop-capital" DESCRIPTION="block type drop-capital"/><OtherTag ID="BT4126" LABEL="catch-word" DESCRIPTION="block type catch-word"/><OtherTag ID="BT4127" LABEL="page-number" DESCRIPTION="block type page-number"/><OtherTag ID="BT4128" LABEL="signature-mark" DESCRIPTION="block type signature-mark"/><OtherTag ID="BT4129" LABEL="poem_lg" DESCRIPTION="block type poem_lg"/><OtherTag ID="BT4130" LABEL="endnote" DESCRIPTION="block type endnote"/>
  </Tags>
  <Layout>
    <Page WIDTH="1130"
          HEIGHT="2055"
          PHYSICAL_IMG_NR="42"
          ID="eSc_dummypage_">
      <PrintSpace HPOS="0"
                  VPOS="0"
                  WIDTH="1130"
                  HEIGHT="2055">
        <TextBlock HPOS="34.0"
                   VPOS="155.0"
                   WIDTH="707.0"
                   HEIGHT="193.0"
                   ID="r3"
                   TAGREFS="BT3756">
          <Shape><Polygon POINTS="714 348 34 348 34 155 741 162"/></Shape>
          <TextLine ID="eSc_line_b4bb6f9d"
                    BASELINE="53 213 606 206" 
                    HPOS="53.0"
                    VPOS="206.0"
                    WIDTH="553.0"
                    HEIGHT="7.0">
	    <String CONTENT=""
                    HPOS="53.0"
                    VPOS="206.0"
                    WIDTH="553.0"
                    HEIGHT="7.0"></String>
          </TextLine>
          <TextLine ID="eSc_line_252d7a04"
                    BASELINE="49 258 638 249" 
                    HPOS="49.0"
                    VPOS="249.0"
                    WIDTH="589.0"
                    HEIGHT="9.0">
	    <String CONTENT=""
                    HPOS="49.0"
                    VPOS="249.0"
                    WIDTH="589.0"
                    HEIGHT="9.0"></String>
          </TextLine>
          <TextLine ID="eSc_line_f29816cf"
                    BASELINE="50 295 602 292" 
                    HPOS="50.0"
                    VPOS="292.0"
                    WIDTH="552.0"
                    HEIGHT="3.0">
	    <String CONTENT=""
                    HPOS="50.0"
                    VPOS="292.0"
                    WIDTH="552.0"
                    HEIGHT="3.0"></String>
          </TextLine>
          <TextLine ID="eSc_line_257c06b4"
                    BASELINE="55 338 698 338" 
                    HPOS="55.0"
                    VPOS="338.0"
                    WIDTH="643.0"
                    HEIGHT="0.0">
	    <String CONTENT=""
                    HPOS="55.0"
                    VPOS="338.0"
                    WIDTH="643.0"
                    HEIGHT="0.0"></String>
          </TextLine>
        </TextBlock>
        <TextBlock HPOS="394"
                   VPOS="58"
                   WIDTH="303"
                   HEIGHT="82"
                   ID="r1"
                   TAGREFS="BT3756">
          <Shape><Polygon POINTS="685 140 394 140 394 58 697 59"/></Shape>
          <TextLine ID="eSc_line_d51e5885"
                    BASELINE="415 129 676 131" 
                    HPOS="415.0"
                    VPOS="129.0"
                    WIDTH="261.0"
                    HEIGHT="2.0">
	    <String CONTENT=""
                    HPOS="415.0"
                    VPOS="129.0"
                    WIDTH="261.0"
                    HEIGHT="2.0"></String>
          </TextLine>
        </TextBlock>
        <TextBlock HPOS="174.0"
                   VPOS="420.0"
                   WIDTH="722.0"
                   HEIGHT="97.0"
                   ID="r4"
                   TAGREFS="BT3757">
          <Shape><Polygon POINTS="881 517 174 517 174 420 896 424"/></Shape>
          <TextLine ID="eSc_line_3bc9f28b"
                    BASELINE="205 506 860 505" 
                    HPOS="205.0"
                    VPOS="505.0"
                    WIDTH="655.0"
                    HEIGHT="1.0">
	    <String CONTENT=""
                    HPOS="205.0"
                    VPOS="505.0"
                    WIDTH="655.0"
                    HEIGHT="1.0"></String>
          </TextLine>
        </TextBlock>
        <TextBlock HPOS="109.0"
                   VPOS="532.0"
                   WIDTH="637.0"
                   HEIGHT="492.0"
                   ID="r6"
                   TAGREFS="BT3756">
          <Shape><Polygon POINTS="746 1024 116 1024 109 640 113 637 187 641 184 532 746 534"/></Shape>
          <TextLine ID="eSc_line_5b1b3aa4"
                    BASELINE="187 585 663 584" 
                    HPOS="187.0"
                    VPOS="584.0"
                    WIDTH="476.0"
                    HEIGHT="1.0">
	    <String CONTENT=""
                    HPOS="187.0"
                    VPOS="584.0"
                    WIDTH="476.0"
                    HEIGHT="1.0"></String>
          </TextLine>
          <TextLine ID="eSc_line_5ee5c03c"
                    BASELINE="206 626 710 627" 
                    HPOS="206.0"
                    VPOS="626.0"
                    WIDTH="504.0"
                    HEIGHT="1.0">
	    <String CONTENT=""
                    HPOS="206.0"
                    VPOS="626.0"
                    WIDTH="504.0"
                    HEIGHT="1.0"></String>
          </TextLine>
          <TextLine ID="eSc_line_855bcf5f"
                    BASELINE="128 673 550 671" 
                    HPOS="128.0"
                    VPOS="671.0"
                    WIDTH="422.0"
                    HEIGHT="2.0">
	    <String CONTENT=""
                    HPOS="128.0"
                    VPOS="671.0"
                    WIDTH="422.0"
                    HEIGHT="2.0"></String>
          </TextLine>
          <TextLine ID="eSc_line_095f4319"
                    BASELINE="124 719 636 711" 
                    HPOS="124.0"
                    VPOS="711.0"
                    WIDTH="512.0"
                    HEIGHT="8.0">
	    <String CONTENT=""
                    HPOS="124.0"
                    VPOS="711.0"
                    WIDTH="512.0"
                    HEIGHT="8.0"></String>
          </TextLine>
          <TextLine ID="eSc_line_c7f79e27"
                    BASELINE="131 761 717 758" 
                    HPOS="131.0"
                    VPOS="758.0"
                    WIDTH="586.0"
                    HEIGHT="3.0">
	    <String CONTENT=""
                    HPOS="131.0"
                    VPOS="758.0"
                    WIDTH="586.0"
                    HEIGHT="3.0"></String>
          </TextLine>
          <TextLine ID="eSc_line_65fcd93a"
                    BASELINE="137 803 558 798" 
                    HPOS="137.0"
                    VPOS="798.0"
                    WIDTH="421.0"
                    HEIGHT="5.0">
	    <String CONTENT=""
                    HPOS="137.0"
                    VPOS="798.0"
                    WIDTH="421.0"
                    HEIGHT="5.0"></String>
          </TextLine>
          <TextLine ID="eSc_line_9d2ae03d"
                    BASELINE="134 849 678 844" 
                    HPOS="134.0"
                    VPOS="844.0"
                    WIDTH="544.0"
                    HEIGHT="5.0">
	    <String CONTENT=""
                    HPOS="134.0"
                    VPOS="844.0"
                    WIDTH="544.0"
                    HEIGHT="5.0"></String>
          </TextLine>
          <TextLine ID="eSc_line_162f0f0d"
                    BASELINE="126 892 592 886" 
                    HPOS="126.0"
                    VPOS="886.0"
                    WIDTH="466.0"
                    HEIGHT="6.0">
	    <String CONTENT=""
                    HPOS="126.0"
                    VPOS="886.0"
                    WIDTH="466.0"
                    HEIGHT="6.0"></String>
          </TextLine>
          <TextLine ID="eSc_line_05cd4a9c"
                    BASELINE="133 935 647 930" 
                    HPOS="133.0"
                    VPOS="930.0"
                    WIDTH="514.0"
                    HEIGHT="5.0">
	    <String CONTENT=""
                    HPOS="133.0"
                    VPOS="930.0"
                    WIDTH="514.0"
                    HEIGHT="5.0"></String>
          </TextLine>
          <TextLine ID="eSc_line_4ca55e8c"
                    BASELINE="141 977 574 972" 
                    HPOS="141.0"
                    VPOS="972.0"
                    WIDTH="433.0"
                    HEIGHT="5.0">
	    <String CONTENT=""
                    HPOS="141.0"
                    VPOS="972.0"
                    WIDTH="433.0"
                    HEIGHT="5.0"></String>
          </TextLine>
          <TextLine ID="eSc_line_a67195da"
                    BASELINE="138 1019 607 1019" 
                    HPOS="138.0"
                    VPOS="1019.0"
                    WIDTH="469.0"
                    HEIGHT="0.0">
	    <String CONTENT=""
                    HPOS="138.0"
                    VPOS="1019.0"
                    WIDTH="469.0"
                    HEIGHT="0.0"></String>
          </TextLine>
        </TextBlock>
        <TextBlock HPOS="959"
                   VPOS="81"
                   WIDTH="72"
                   HEIGHT="73"
                   ID="r2"
                   TAGREFS="BT3756">
          <Shape><Polygon POINTS="1031 144 959 154 959 81 1030 81"/></Shape>
          <TextLine ID="eSc_line_8795165b"
                    BASELINE="969 137 1026 136" 
                    HPOS="969.0"
                    VPOS="136.0"
                    WIDTH="57.0"
                    HEIGHT="1.0">
	    <String CONTENT=""
                    HPOS="969.0"
                    VPOS="136.0"
                    WIDTH="57.0"
                    HEIGHT="1.0"></String>
          </TextLine>
        </TextBlock>
        <TextBlock HPOS="47.0"
                   VPOS="1099.0"
                   WIDTH="989.0"
                   HEIGHT="82.0"
                   ID="r7"
                   TAGREFS="BT3757">
          <Shape><Polygon POINTS="1032 1175 47 1181 47 1099 1036 1099"/></Shape>
          <TextLine ID="eSc_line_5bfd0c50"
                    BASELINE="71 1173 1020 1170" 
                    HPOS="71.0"
                    VPOS="1170.0"
                    WIDTH="949.0"
                    HEIGHT="3.0">
	    <String CONTENT=""
                    HPOS="71.0"
                    VPOS="1170.0"
                    WIDTH="949.0"
                    HEIGHT="3.0"></String>
          </TextLine>
        </TextBlock>
        <TextBlock HPOS="121.0"
                   VPOS="1203.0"
                   WIDTH="706.0"
                   HEIGHT="537.0"
                   ID="r9"
                   TAGREFS="BT3756">
          <Shape><Polygon POINTS="827 1740 121 1740 126 1330 125 1294 200 1295 202 1204 827 1203"/></Shape>
          <TextLine ID="eSc_line_94af9e6f"
                    BASELINE="203 1249 578 1247" 
                    HPOS="203.0"
                    VPOS="1247.0"
                    WIDTH="375.0"
                    HEIGHT="2.0">
	    <String CONTENT=""
                    HPOS="203.0"
                    VPOS="1247.0"
                    WIDTH="375.0"
                    HEIGHT="2.0"></String>
          </TextLine>
          <TextLine ID="eSc_line_bc03ecfd"
                    BASELINE="225 1294 724 1294" 
                    HPOS="225.0"
                    VPOS="1294.0"
                    WIDTH="499.0"
                    HEIGHT="0.0">
	    <String CONTENT=""
                    HPOS="225.0"
                    VPOS="1294.0"
                    WIDTH="499.0"
                    HEIGHT="0.0"></String>
          </TextLine>
          <TextLine ID="eSc_line_eddaef56"
                    BASELINE="145 1337 623 1330" 
                    HPOS="145.0"
                    VPOS="1330.0"
                    WIDTH="478.0"
                    HEIGHT="7.0">
	    <String CONTENT=""
                    HPOS="145.0"
                    VPOS="1330.0"
                    WIDTH="478.0"
                    HEIGHT="7.0"></String>
          </TextLine>
          <TextLine ID="eSc_line_2d80f464"
                    BASELINE="143 1380 664 1377" 
                    HPOS="143.0"
                    VPOS="1377.0"
                    WIDTH="521.0"
                    HEIGHT="3.0">
	    <String CONTENT=""
                    HPOS="143.0"
                    VPOS="1377.0"
                    WIDTH="521.0"
                    HEIGHT="3.0"></String>
          </TextLine>
          <TextLine ID="eSc_line_2ce865de"
                    BASELINE="126 1424 539 1420" 
                    HPOS="126.0"
                    VPOS="1420.0"
                    WIDTH="413.0"
                    HEIGHT="4.0">
	    <String CONTENT=""
                    HPOS="126.0"
                    VPOS="1420.0"
                    WIDTH="413.0"
                    HEIGHT="4.0"></String>
          </TextLine>
          <TextLine ID="eSc_line_849c265c"
                    BASELINE="142 1463 624 1460" 
                    HPOS="142.0"
                    VPOS="1460.0"
                    WIDTH="482.0"
                    HEIGHT="3.0">
	    <String CONTENT=""
                    HPOS="142.0"
                    VPOS="1460.0"
                    WIDTH="482.0"
                    HEIGHT="3.0"></String>
          </TextLine>
          <TextLine ID="eSc_line_6914196c"
                    BASELINE="148 1506 737 1504" 
                    HPOS="148.0"
                    VPOS="1504.0"
                    WIDTH="589.0"
                    HEIGHT="2.0">
	    <String CONTENT=""
                    HPOS="148.0"
                    VPOS="1504.0"
                    WIDTH="589.0"
                    HEIGHT="2.0"></String>
          </TextLine>
          <TextLine ID="eSc_line_9cdc2ab2"
                    BASELINE="146 1548 619 1547" 
                    HPOS="146.0"
                    VPOS="1547.0"
                    WIDTH="473.0"
                    HEIGHT="1.0">
	    <String CONTENT=""
                    HPOS="146.0"
                    VPOS="1547.0"
                    WIDTH="473.0"
                    HEIGHT="1.0"></String>
          </TextLine>
          <TextLine ID="eSc_line_c6640c8e"
                    BASELINE="144 1594 768 1590" 
                    HPOS="144.0"
                    VPOS="1590.0"
                    WIDTH="624.0"
                    HEIGHT="4.0">
	    <String CONTENT=""
                    HPOS="144.0"
                    VPOS="1590.0"
                    WIDTH="624.0"
                    HEIGHT="4.0"></String>
          </TextLine>
          <TextLine ID="eSc_line_8366f65d"
                    BASELINE="142 1635 685 1633" 
                    HPOS="142.0"
                    VPOS="1633.0"
                    WIDTH="543.0"
                    HEIGHT="2.0">
	    <String CONTENT=""
                    HPOS="142.0"
                    VPOS="1633.0"
                    WIDTH="543.0"
                    HEIGHT="2.0"></String>
          </TextLine>
          <TextLine ID="eSc_line_90472e02"
                    BASELINE="146 1677 780 1675" 
                    HPOS="146.0"
                    VPOS="1675.0"
                    WIDTH="634.0"
                    HEIGHT="2.0">
	    <String CONTENT=""
                    HPOS="146.0"
                    VPOS="1675.0"
                    WIDTH="634.0"
                    HEIGHT="2.0"></String>
          </TextLine>
          <TextLine ID="eSc_line_b1c9f65a"
                    BASELINE="153 1719 552 1724" 
                    HPOS="153.0"
                    VPOS="1719.0"
                    WIDTH="399.0"
                    HEIGHT="5.0">
	    <String CONTENT=""
                    HPOS="153.0"
                    VPOS="1719.0"
                    WIDTH="399.0"
                    HEIGHT="5.0"></String>
          </TextLine>
        </TextBlock>
        <TextBlock HPOS="59.0"
                   VPOS="1896.0"
                   WIDTH="901.0"
                   HEIGHT="69.0"
                   ID="r11"
                   TAGREFS="BT3758">
          <Shape><Polygon POINTS="960 1965 59 1965 59 1896 954 1904"/></Shape>
          <TextLine ID="eSc_line_012bfca2"
                    BASELINE="105 1954 945 1954" 
                    HPOS="105.0"
                    VPOS="1954.0"
                    WIDTH="840.0"
                    HEIGHT="0.0">
	    <String CONTENT=""
                    HPOS="105.0"
                    VPOS="1954.0"
                    WIDTH="840.0"
                    HEIGHT="0.0"></String>
          </TextLine>
        </TextBlock>
        <TextBlock HPOS="925"
                   VPOS="1785"
                   WIDTH="137"
                   HEIGHT="96"
                   ID="r10"
                   TAGREFS="BT3756">
          <Shape><Polygon POINTS="1062 1881 927 1881 925 1785 1060 1785"/></Shape>
          <TextLine ID="eSc_line_da367fe3"
                    BASELINE="930 1866 1052 1863" 
                    HPOS="930.0"
                    VPOS="1863.0"
                    WIDTH="122.0"
                    HEIGHT="3.0">
	    <String CONTENT=""
                    HPOS="930.0"
                    VPOS="1863.0"
                    WIDTH="122.0"
                    HEIGHT="3.0"></String>
          </TextLine>
        </TextBlock>
        <TextBlock HPOS="134.0"
                   VPOS="1208.0"
                   WIDTH="70.0"
                   HEIGHT="83.0"
                   ID="r8"
                   TAGREFS="BT3756">
          <Shape><Polygon POINTS="204 1290 134 1291 134 1209 204 1208"/></Shape>
        </TextBlock>
        <TextBlock HPOS="112.0"
                   VPOS="531.0"
                   WIDTH="71.0"
                   HEIGHT="105.0"
                   ID="r5"
                   TAGREFS="BT3756">
          <Shape><Polygon POINTS="183 636 112 636 123 544 183 531"/></Shape>
        </TextBlock>
      </PrintSpace>
    </Page>
  </Layout>
</alto>
