<?xml version="1.0" encoding="UTF-8"?>
<alto xmlns:xsi="http://www.w3.org/2001/XMLSchema-instance"
      xmlns="http://www.loc.gov/standards/alto/ns-v4#"
      xsi:schemaLocation="http://www.loc.gov/standards/alto/ns-v4# http://www.loc.gov/standards/alto/v4/alto-4-2.xsd">
  <Description>
    <MeasurementUnit>pixel</MeasurementUnit>
    <sourceImageInformation>
      <fileName>1771,_Saemtliche_Poetische_Werke,_Bohn,_5._Aufl.,_Bd._1,_VD18_90396758_Seite_143_Bild_0001.jpg</fileName>
    </sourceImageInformation>
  </Description>
  <Tags>
    <OtherTag ID="BT1" LABEL="Title" DESCRIPTION="block type Title"/><OtherTag ID="BT2" LABEL="Main" DESCRIPTION="block type Main"/><OtherTag ID="BT3" LABEL="Commentary" DESCRIPTION="block type Commentary"/><OtherTag ID="BT4" LABEL="Illustration" DESCRIPTION="block type Illustration"/><OtherTag ID="BT3755" LABEL="header" DESCRIPTION="block type header"/><OtherTag ID="BT3756" LABEL="paragraph" DESCRIPTION="block type paragraph"/><OtherTag ID="BT3757" LABEL="heading" DESCRIPTION="block type heading"/><OtherTag ID="BT3758" LABEL="footnote" DESCRIPTION="block type footnote"/><OtherTag ID="BT3759" LABEL="l-column" DESCRIPTION="block type l-column"/><OtherTag ID="BT3760" LABEL="r-column" DESCRIPTION="block type r-column"/><OtherTag ID="BT3761" LABEL="marginalia" DESCRIPTION="block type marginalia"/><OtherTag ID="BT4125" LABEL="drop-capital" DESCRIPTION="block type drop-capital"/><OtherTag ID="BT4126" LABEL="catch-word" DESCRIPTION="block type catch-word"/><OtherTag ID="BT4127" LABEL="page-number" DESCRIPTION="block type page-number"/><OtherTag ID="BT4128" LABEL="signature-mark" DESCRIPTION="block type signature-mark"/><OtherTag ID="BT4129" LABEL="poem_lg" DESCRIPTION="block type poem_lg"/><OtherTag ID="BT4130" LABEL="endnote" DESCRIPTION="block type endnote"/>
  </Tags>
  <Layout>
    <Page WIDTH="1194"
          HEIGHT="2044"
          PHYSICAL_IMG_NR="40"
          ID="eSc_dummypage_">
      <PrintSpace HPOS="0"
                  VPOS="0"
                  WIDTH="1194"
                  HEIGHT="2044">
        <TextBlock HPOS="107"
                   VPOS="51"
                   WIDTH="102"
                   HEIGHT="72"
                   ID="region_1719331634818_232"
                   TAGREFS="BT3756">
          <Shape><Polygon POINTS="209 123 121 114 107 51 209 51"/></Shape>
          <TextLine ID="eSc_line_8d5f14d9"
                    BASELINE="130 104 197 106" 
                    HPOS="130.0"
                    VPOS="104.0"
                    WIDTH="67.0"
                    HEIGHT="2.0">
	    <String CONTENT=""
                    HPOS="130.0"
                    VPOS="104.0"
                    WIDTH="67.0"
                    HEIGHT="2.0"></String>
          </TextLine>
        </TextBlock>
        <TextBlock HPOS="94.0"
                   VPOS="215.0"
                   WIDTH="1016.0"
                   HEIGHT="365.0"
                   ID="region_1719331685181_250"
                   TAGREFS="BT3756">
          <Shape><Polygon POINTS="1110 580 94 580 101 375 97 323 220 323 219 215 1110 226"/></Shape>
          <TextLine ID="eSc_line_339f49db"
                    BASELINE="227 323 1069 327" 
                    HPOS="227.0"
                    VPOS="323.0"
                    WIDTH="842.0"
                    HEIGHT="4.0">
	    <String CONTENT=""
                    HPOS="227.0"
                    VPOS="323.0"
                    WIDTH="842.0"
                    HEIGHT="4.0"></String>
          </TextLine>
          <TextLine ID="eSc_line_0a77e004"
                    BASELINE="136 364 1035 369" 
                    HPOS="136.0"
                    VPOS="364.0"
                    WIDTH="899.0"
                    HEIGHT="5.0">
	    <String CONTENT=""
                    HPOS="136.0"
                    VPOS="364.0"
                    WIDTH="899.0"
                    HEIGHT="5.0"></String>
          </TextLine>
          <TextLine ID="eSc_line_a99df617"
                    BASELINE="141 409 1100 415" 
                    HPOS="141.0"
                    VPOS="409.0"
                    WIDTH="959.0"
                    HEIGHT="6.0">
	    <String CONTENT=""
                    HPOS="141.0"
                    VPOS="409.0"
                    WIDTH="959.0"
                    HEIGHT="6.0"></String>
          </TextLine>
          <TextLine ID="eSc_line_5e60d71d"
                    BASELINE="138 449 1066 451" 
                    HPOS="138.0"
                    VPOS="449.0"
                    WIDTH="928.0"
                    HEIGHT="2.0">
	    <String CONTENT=""
                    HPOS="138.0"
                    VPOS="449.0"
                    WIDTH="928.0"
                    HEIGHT="2.0"></String>
          </TextLine>
          <TextLine ID="eSc_line_225b047a"
                    BASELINE="130 492 991 498" 
                    HPOS="130.0"
                    VPOS="492.0"
                    WIDTH="861.0"
                    HEIGHT="6.0">
	    <String CONTENT=""
                    HPOS="130.0"
                    VPOS="492.0"
                    WIDTH="861.0"
                    HEIGHT="6.0"></String>
          </TextLine>
          <TextLine ID="eSc_line_6009a2a8"
                    BASELINE="130 541 1086 543" 
                    HPOS="130.0"
                    VPOS="541.0"
                    WIDTH="956.0"
                    HEIGHT="2.0">
	    <String CONTENT=""
                    HPOS="130.0"
                    VPOS="541.0"
                    WIDTH="956.0"
                    HEIGHT="2.0"></String>
          </TextLine>
        </TextBlock>
        <TextBlock HPOS="347"
                   VPOS="23"
                   WIDTH="599"
                   HEIGHT="92"
                   ID="region_1719331673481_244"
                   TAGREFS="BT3756">
          <Shape><Polygon POINTS="946 115 349 115 347 23 907 33"/></Shape>
          <TextLine ID="eSc_line_bcd0ddb1"
                    BASELINE="388 107 917 110" 
                    HPOS="388.0"
                    VPOS="107.0"
                    WIDTH="529.0"
                    HEIGHT="3.0">
	    <String CONTENT=""
                    HPOS="388.0"
                    VPOS="107.0"
                    WIDTH="529.0"
                    HEIGHT="3.0"></String>
          </TextLine>
        </TextBlock>
        <TextBlock HPOS="518.0"
                   VPOS="144.0"
                   WIDTH="238.0"
                   HEIGHT="66.0"
                   ID="region_1719331679701_247"
                   TAGREFS="BT3757">
          <Shape><Polygon POINTS="734 210 518 205 518 144 756 149"/></Shape>
          <TextLine ID="eSc_line_9accf89b"
                    BASELINE="553 204 728 204" 
                    HPOS="553.0"
                    VPOS="204.0"
                    WIDTH="175.0"
                    HEIGHT="0.0">
	    <String CONTENT=""
                    HPOS="553.0"
                    VPOS="204.0"
                    WIDTH="175.0"
                    HEIGHT="0.0"></String>
          </TextLine>
        </TextBlock>
        <TextBlock HPOS="391.0"
                   VPOS="640.0"
                   WIDTH="470.0"
                   HEIGHT="94.0"
                   ID="region_1719331689141_253"
                   TAGREFS="BT3757">
          <Shape><Polygon POINTS="839 734 391 734 391 640 861 655"/></Shape>
          <TextLine ID="eSc_line_d7846f40"
                    BASELINE="418 729 828 727" 
                    HPOS="418.0"
                    VPOS="727.0"
                    WIDTH="410.0"
                    HEIGHT="2.0">
	    <String CONTENT=""
                    HPOS="418.0"
                    VPOS="727.0"
                    WIDTH="410.0"
                    HEIGHT="2.0"></String>
          </TextLine>
        </TextBlock>
        <TextBlock HPOS="108.0"
                   VPOS="739.0"
                   WIDTH="1002.0"
                   HEIGHT="221.0"
                   ID="region_1719331693425_256"
                   TAGREFS="BT3756">
          <Shape><Polygon POINTS="1107 960 108 960 111 846 139 842 192 845 193 739 1110 743"/></Shape>
          <TextLine ID="eSc_line_9bfbb2ad"
                    BASELINE="200 799 1093 798" 
                    HPOS="200.0"
                    VPOS="798.0"
                    WIDTH="893.0"
                    HEIGHT="1.0">
	    <String CONTENT=""
                    HPOS="200.0"
                    VPOS="798.0"
                    WIDTH="893.0"
                    HEIGHT="1.0"></String>
          </TextLine>
          <TextLine ID="eSc_line_ae747109"
                    BASELINE="209 840 1077 842" 
                    HPOS="209.0"
                    VPOS="840.0"
                    WIDTH="868.0"
                    HEIGHT="2.0">
	    <String CONTENT=""
                    HPOS="209.0"
                    VPOS="840.0"
                    WIDTH="868.0"
                    HEIGHT="2.0"></String>
          </TextLine>
          <TextLine ID="eSc_line_94d91a1d"
                    BASELINE="125 889 919 884" 
                    HPOS="125.0"
                    VPOS="884.0"
                    WIDTH="794.0"
                    HEIGHT="5.0">
	    <String CONTENT=""
                    HPOS="125.0"
                    VPOS="884.0"
                    WIDTH="794.0"
                    HEIGHT="5.0"></String>
          </TextLine>
          <TextLine ID="eSc_line_215d5acd"
                    BASELINE="125 931 961 924" 
                    HPOS="125.0"
                    VPOS="924.0"
                    WIDTH="836.0"
                    HEIGHT="7.0">
	    <String CONTENT=""
                    HPOS="125.0"
                    VPOS="924.0"
                    WIDTH="836.0"
                    HEIGHT="7.0"></String>
          </TextLine>
        </TextBlock>
        <TextBlock HPOS="90.0"
                   VPOS="997.0"
                   WIDTH="1031.0"
                   HEIGHT="135.0"
                   ID="region_1719331698877_259"
                   TAGREFS="BT3756">
          <Shape><Polygon POINTS="1117 1132 90 1132 94 997 1121 997"/></Shape>
          <TextLine ID="eSc_line_0b58a7fb"
                    BASELINE="123 1077 1111 1078" 
                    HPOS="123.0"
                    VPOS="1077.0"
                    WIDTH="988.0"
                    HEIGHT="1.0">
	    <String CONTENT=""
                    HPOS="123.0"
                    VPOS="1077.0"
                    WIDTH="988.0"
                    HEIGHT="1.0"></String>
          </TextLine>
          <TextLine ID="eSc_line_9e43b955"
                    BASELINE="400 1127 854 1128" 
                    HPOS="400.0"
                    VPOS="1127.0"
                    WIDTH="454.0"
                    HEIGHT="1.0">
	    <String CONTENT=""
                    HPOS="400.0"
                    VPOS="1127.0"
                    WIDTH="454.0"
                    HEIGHT="1.0"></String>
          </TextLine>
        </TextBlock>
        <TextBlock HPOS="102.0"
                   VPOS="1139.0"
                   WIDTH="979.0"
                   HEIGHT="214.0"
                   ID="region_1719331702597_262"
                   TAGREFS="BT3756">
          <Shape><Polygon POINTS="1081 1353 108 1353 105 1307 102 1246 210 1249 211 1151 1081 1139"/></Shape>
          <TextLine ID="eSc_line_6f5e9fc3"
                    BASELINE="220 1252 867 1243" 
                    HPOS="220.0"
                    VPOS="1243.0"
                    WIDTH="647.0"
                    HEIGHT="9.0">
	    <String CONTENT=""
                    HPOS="220.0"
                    VPOS="1243.0"
                    WIDTH="647.0"
                    HEIGHT="9.0"></String>
          </TextLine>
          <TextLine ID="eSc_line_280d6c65"
                    BASELINE="121 1289 1035 1297" 
                    HPOS="121.0"
                    VPOS="1289.0"
                    WIDTH="914.0"
                    HEIGHT="8.0">
	    <String CONTENT=""
                    HPOS="121.0"
                    VPOS="1289.0"
                    WIDTH="914.0"
                    HEIGHT="8.0"></String>
          </TextLine>
          <TextLine ID="eSc_line_549f81a4"
                    BASELINE="123 1341 834 1337" 
                    HPOS="123.0"
                    VPOS="1337.0"
                    WIDTH="711.0"
                    HEIGHT="4.0">
	    <String CONTENT=""
                    HPOS="123.0"
                    VPOS="1337.0"
                    WIDTH="711.0"
                    HEIGHT="4.0"></String>
          </TextLine>
        </TextBlock>
        <TextBlock HPOS="108.0"
                   VPOS="1468.0"
                   WIDTH="493.0"
                   HEIGHT="445.0"
                   ID="region_1719331723365_271"
                   TAGREFS="BT3759">
          <Shape><Polygon POINTS="588 1913 108 1913 108 1468 601 1478"/></Shape>
          <TextLine ID="eSc_line_f3cc1272"
                    BASELINE="123 1515 595 1518" 
                    HPOS="123.0"
                    VPOS="1515.0"
                    WIDTH="472.0"
                    HEIGHT="3.0">
	    <String CONTENT=""
                    HPOS="123.0"
                    VPOS="1515.0"
                    WIDTH="472.0"
                    HEIGHT="3.0"></String>
          </TextLine>
          <TextLine ID="eSc_line_448239d0"
                    BASELINE="108 1551 596 1556" 
                    HPOS="108.0"
                    VPOS="1551.0"
                    WIDTH="488.0"
                    HEIGHT="5.0">
	    <String CONTENT=""
                    HPOS="108.0"
                    VPOS="1551.0"
                    WIDTH="488.0"
                    HEIGHT="5.0"></String>
          </TextLine>
          <TextLine ID="eSc_line_1bf15818"
                    BASELINE="113 1592 589 1588" 
                    HPOS="113.0"
                    VPOS="1588.0"
                    WIDTH="476.0"
                    HEIGHT="4.0">
	    <String CONTENT=""
                    HPOS="113.0"
                    VPOS="1588.0"
                    WIDTH="476.0"
                    HEIGHT="4.0"></String>
          </TextLine>
          <TextLine ID="eSc_line_6eadafc0"
                    BASELINE="120 1626 591 1627" 
                    HPOS="120.0"
                    VPOS="1626.0"
                    WIDTH="471.0"
                    HEIGHT="1.0">
	    <String CONTENT=""
                    HPOS="120.0"
                    VPOS="1626.0"
                    WIDTH="471.0"
                    HEIGHT="1.0"></String>
          </TextLine>
          <TextLine ID="eSc_line_c8399ea0"
                    BASELINE="117 1659 592 1659" 
                    HPOS="117.0"
                    VPOS="1659.0"
                    WIDTH="475.0"
                    HEIGHT="0.0">
	    <String CONTENT=""
                    HPOS="117.0"
                    VPOS="1659.0"
                    WIDTH="475.0"
                    HEIGHT="0.0"></String>
          </TextLine>
          <TextLine ID="eSc_line_275bedd4"
                    BASELINE="113 1691 592 1691" 
                    HPOS="113.0"
                    VPOS="1691.0"
                    WIDTH="479.0"
                    HEIGHT="0.0">
	    <String CONTENT=""
                    HPOS="113.0"
                    VPOS="1691.0"
                    WIDTH="479.0"
                    HEIGHT="0.0"></String>
          </TextLine>
          <TextLine ID="eSc_line_cb7cfcff"
                    BASELINE="114 1727 591 1727" 
                    HPOS="114.0"
                    VPOS="1727.0"
                    WIDTH="477.0"
                    HEIGHT="0.0">
	    <String CONTENT=""
                    HPOS="114.0"
                    VPOS="1727.0"
                    WIDTH="477.0"
                    HEIGHT="0.0"></String>
          </TextLine>
        </TextBlock>
        <TextBlock HPOS="613.0"
                   VPOS="1473.0"
                   WIDTH="527.0"
                   HEIGHT="425.0"
                   ID="region_1719331727397_274"
                   TAGREFS="BT3760">
          <Shape><Polygon POINTS="1140 1898 615 1898 613 1473 1138 1473"/></Shape>
          <TextLine ID="eSc_line_190ee4b9"
                    BASELINE="618 1522 1125 1516" 
                    HPOS="618.0"
                    VPOS="1516.0"
                    WIDTH="507.0"
                    HEIGHT="6.0">
	    <String CONTENT=""
                    HPOS="618.0"
                    VPOS="1516.0"
                    WIDTH="507.0"
                    HEIGHT="6.0"></String>
          </TextLine>
          <TextLine ID="eSc_line_de62d541"
                    BASELINE="618 1550 1119 1549" 
                    HPOS="618.0"
                    VPOS="1549.0"
                    WIDTH="501.0"
                    HEIGHT="1.0">
	    <String CONTENT=""
                    HPOS="618.0"
                    VPOS="1549.0"
                    WIDTH="501.0"
                    HEIGHT="1.0"></String>
          </TextLine>
          <TextLine ID="eSc_line_27fe3af2"
                    BASELINE="622 1590 1121 1586" 
                    HPOS="622.0"
                    VPOS="1586.0"
                    WIDTH="499.0"
                    HEIGHT="4.0">
	    <String CONTENT=""
                    HPOS="622.0"
                    VPOS="1586.0"
                    WIDTH="499.0"
                    HEIGHT="4.0"></String>
          </TextLine>
          <TextLine ID="eSc_line_767e7822"
                    BASELINE="615 1625 1123 1619" 
                    HPOS="615.0"
                    VPOS="1619.0"
                    WIDTH="508.0"
                    HEIGHT="6.0">
	    <String CONTENT=""
                    HPOS="615.0"
                    VPOS="1619.0"
                    WIDTH="508.0"
                    HEIGHT="6.0"></String>
          </TextLine>
          <TextLine ID="eSc_line_6305c668"
                    BASELINE="617 1663 1115 1655" 
                    HPOS="617.0"
                    VPOS="1655.0"
                    WIDTH="498.0"
                    HEIGHT="8.0">
	    <String CONTENT=""
                    HPOS="617.0"
                    VPOS="1655.0"
                    WIDTH="498.0"
                    HEIGHT="8.0"></String>
          </TextLine>
          <TextLine ID="eSc_line_ad42b036"
                    BASELINE="620 1694 1126 1689" 
                    HPOS="620.0"
                    VPOS="1689.0"
                    WIDTH="506.0"
                    HEIGHT="5.0">
	    <String CONTENT=""
                    HPOS="620.0"
                    VPOS="1689.0"
                    WIDTH="506.0"
                    HEIGHT="5.0"></String>
          </TextLine>
          <TextLine ID="eSc_line_bcd93730"
                    BASELINE="622 1725 1130 1725" 
                    HPOS="622.0"
                    VPOS="1725.0"
                    WIDTH="508.0"
                    HEIGHT="0.0">
	    <String CONTENT=""
                    HPOS="622.0"
                    VPOS="1725.0"
                    WIDTH="508.0"
                    HEIGHT="0.0"></String>
          </TextLine>
          <TextLine ID="eSc_line_d1192f42"
                    BASELINE="633 1760 1118 1758" 
                    HPOS="633.0"
                    VPOS="1758.0"
                    WIDTH="485.0"
                    HEIGHT="2.0">
	    <String CONTENT=""
                    HPOS="633.0"
                    VPOS="1758.0"
                    WIDTH="485.0"
                    HEIGHT="2.0"></String>
          </TextLine>
          <TextLine ID="eSc_line_4f56a8c9"
                    BASELINE="620 1794 1121 1792" 
                    HPOS="620.0"
                    VPOS="1792.0"
                    WIDTH="501.0"
                    HEIGHT="2.0">
	    <String CONTENT=""
                    HPOS="620.0"
                    VPOS="1792.0"
                    WIDTH="501.0"
                    HEIGHT="2.0"></String>
          </TextLine>
          <TextLine ID="eSc_line_90b90271"
                    BASELINE="618 1830 1115 1826" 
                    HPOS="618.0"
                    VPOS="1826.0"
                    WIDTH="497.0"
                    HEIGHT="4.0">
	    <String CONTENT=""
                    HPOS="618.0"
                    VPOS="1826.0"
                    WIDTH="497.0"
                    HEIGHT="4.0"></String>
          </TextLine>
          <TextLine ID="eSc_line_5b5e3fed"
                    BASELINE="617 1863 1102 1858" 
                    HPOS="617.0"
                    VPOS="1858.0"
                    WIDTH="485.0"
                    HEIGHT="5.0">
	    <String CONTENT=""
                    HPOS="617.0"
                    VPOS="1858.0"
                    WIDTH="485.0"
                    HEIGHT="5.0"></String>
          </TextLine>
        </TextBlock>
        <TextBlock HPOS="969"
                   VPOS="1382"
                   WIDTH="173"
                   HEIGHT="76"
                   ID="region_1719331704961_265"
                   TAGREFS="BT3756">
          <Shape><Polygon POINTS="1120 1458 969 1458 970 1391 1142 1382"/></Shape>
          <TextLine ID="eSc_line_c3fb41c7"
                    BASELINE="994 1453 1111 1452" 
                    HPOS="994.0"
                    VPOS="1452.0"
                    WIDTH="117.0"
                    HEIGHT="1.0">
	    <String CONTENT=""
                    HPOS="994.0"
                    VPOS="1452.0"
                    WIDTH="117.0"
                    HEIGHT="1.0"></String>
          </TextLine>
        </TextBlock>
        <TextBlock HPOS="959"
                   VPOS="1893"
                   WIDTH="159"
                   HEIGHT="66"
                   ID="region_1719331729569_277"
                   TAGREFS="BT3756">
          <Shape><Polygon POINTS="1110 1951 959 1959 959 1893 1118 1893"/></Shape>
          <TextLine ID="eSc_line_cefb2a7a"
                    BASELINE="966 1939 1108 1937" 
                    HPOS="966.0"
                    VPOS="1937.0"
                    WIDTH="142.0"
                    HEIGHT="2.0">
	    <String CONTENT=""
                    HPOS="966.0"
                    VPOS="1937.0"
                    WIDTH="142.0"
                    HEIGHT="2.0"></String>
          </TextLine>
        </TextBlock>
        <TextBlock HPOS="96.0"
                   VPOS="1155.0"
                   WIDTH="108.0"
                   HEIGHT="90.0"
                   ID="region_1719331646949_241"
                   TAGREFS="BT3756">
          <Shape><Polygon POINTS="204 1245 104 1245 96 1155 204 1155"/></Shape>
        </TextBlock>
        <TextBlock HPOS="115.0"
                   VPOS="225.0"
                   WIDTH="98.0"
                   HEIGHT="94.0"
                   ID="region_1719331640581_235"
                   TAGREFS="BT3756">
          <Shape><Polygon POINTS="213 319 129 319 115 227 213 225"/></Shape>
        </TextBlock>
        <TextBlock HPOS="96.0"
                   VPOS="743.0"
                   WIDTH="99.0"
                   HEIGHT="96.0"
                   ID="region_1719331643837_238"
                   TAGREFS="BT3756">
          <Shape><Polygon POINTS="195 839 118 839 96 743 195 747"/></Shape>
        </TextBlock>
        <TextBlock ID="eSc_dummyblock_">
          <TextLine ID="eSc_line_71ea36dd"
                    BASELINE="214 275 1057 282" 
                    HPOS="214.0"
                    VPOS="275.0"
                    WIDTH="843.0"
                    HEIGHT="7.0">
	    <String CONTENT=""
                    HPOS="214.0"
                    VPOS="275.0"
                    WIDTH="843.0"
                    HEIGHT="7.0"></String>
          </TextLine>
          <TextLine ID="eSc_line_9439a4f9"
                    BASELINE="136 581 723 580" 
                    HPOS="136.0"
                    VPOS="580.0"
                    WIDTH="587.0"
                    HEIGHT="1.0">
	    <String CONTENT=""
                    HPOS="136.0"
                    VPOS="580.0"
                    WIDTH="587.0"
                    HEIGHT="1.0"></String>
          </TextLine>
          <TextLine ID="eSc_line_957c241e"
                    BASELINE="210 1203 1054 1207" 
                    HPOS="210.0"
                    VPOS="1203.0"
                    WIDTH="844.0"
                    HEIGHT="4.0">
	    <String CONTENT=""
                    HPOS="210.0"
                    VPOS="1203.0"
                    WIDTH="844.0"
                    HEIGHT="4.0"></String>
          </TextLine>
          <TextLine ID="eSc_line_03c351a2"
                    BASELINE="108 1760 591 1763" 
                    HPOS="108.0"
                    VPOS="1760.0"
                    WIDTH="483.0"
                    HEIGHT="3.0">
	    <String CONTENT=""
                    HPOS="108.0"
                    VPOS="1760.0"
                    WIDTH="483.0"
                    HEIGHT="3.0"></String>
          </TextLine>
          <TextLine ID="eSc_line_7ba58f65"
                    BASELINE="106 1797 594 1796" 
                    HPOS="106.0"
                    VPOS="1796.0"
                    WIDTH="488.0"
                    HEIGHT="1.0">
	    <String CONTENT=""
                    HPOS="106.0"
                    VPOS="1796.0"
                    WIDTH="488.0"
                    HEIGHT="1.0"></String>
          </TextLine>
          <TextLine ID="eSc_line_05b3804f"
                    BASELINE="108 1834 592 1832" 
                    HPOS="108.0"
                    VPOS="1832.0"
                    WIDTH="484.0"
                    HEIGHT="2.0">
	    <String CONTENT=""
                    HPOS="108.0"
                    VPOS="1832.0"
                    WIDTH="484.0"
                    HEIGHT="2.0"></String>
          </TextLine>
          <TextLine ID="eSc_line_a23fe2d6"
                    BASELINE="104 1865 591 1865" 
                    HPOS="104.0"
                    VPOS="1865.0"
                    WIDTH="487.0"
                    HEIGHT="0.0">
	    <String CONTENT=""
                    HPOS="104.0"
                    VPOS="1865.0"
                    WIDTH="487.0"
                    HEIGHT="0.0"></String>
          </TextLine>
          <TextLine ID="eSc_line_8b40f5e2"
                    BASELINE="106 1899 585 1897" 
                    HPOS="106.0"
                    VPOS="1897.0"
                    WIDTH="479.0"
                    HEIGHT="2.0">
	    <String CONTENT=""
                    HPOS="106.0"
                    VPOS="1897.0"
                    WIDTH="479.0"
                    HEIGHT="2.0"></String>
          </TextLine>
          <TextLine ID="eSc_line_f55f8a3b"
                    BASELINE="612 1897 1111 1895" 
                    HPOS="612.0"
                    VPOS="1895.0"
                    WIDTH="499.0"
                    HEIGHT="2.0">
	    <String CONTENT=""
                    HPOS="612.0"
                    VPOS="1895.0"
                    WIDTH="499.0"
                    HEIGHT="2.0"></String>
          </TextLine>
        </TextBlock>
      </PrintSpace>
    </Page>
  </Layout>
</alto>
