<?xml version="1.0" encoding="UTF-8"?>
<alto xmlns:xsi="http://www.w3.org/2001/XMLSchema-instance"
      xmlns="http://www.loc.gov/standards/alto/ns-v4#"
      xsi:schemaLocation="http://www.loc.gov/standards/alto/ns-v4# http://www.loc.gov/standards/alto/v4/alto-4-2.xsd">
  <Description>
    <MeasurementUnit>pixel</MeasurementUnit>
    <sourceImageInformation>
      <fileName>1771,_Saemtliche_Poetische_Werke,_Bohn,_5._Aufl.,_Bd._1,_VD18_90396758_Seite_114_Bild_0001.jpg</fileName>
    </sourceImageInformation>
  </Description>
  <Tags>
    <OtherTag ID="BT1" LABEL="Title" DESCRIPTION="block type Title"/><OtherTag ID="BT2" LABEL="Main" DESCRIPTION="block type Main"/><OtherTag ID="BT3" LABEL="Commentary" DESCRIPTION="block type Commentary"/><OtherTag ID="BT4" LABEL="Illustration" DESCRIPTION="block type Illustration"/><OtherTag ID="BT3755" LABEL="header" DESCRIPTION="block type header"/><OtherTag ID="BT3756" LABEL="paragraph" DESCRIPTION="block type paragraph"/><OtherTag ID="BT3757" LABEL="heading" DESCRIPTION="block type heading"/><OtherTag ID="BT3758" LABEL="footnote" DESCRIPTION="block type footnote"/><OtherTag ID="BT3759" LABEL="l-column" DESCRIPTION="block type l-column"/><OtherTag ID="BT3760" LABEL="r-column" DESCRIPTION="block type r-column"/><OtherTag ID="BT3761" LABEL="marginalia" DESCRIPTION="block type marginalia"/><OtherTag ID="BT4125" LABEL="drop-capital" DESCRIPTION="block type drop-capital"/><OtherTag ID="BT4126" LABEL="catch-word" DESCRIPTION="block type catch-word"/><OtherTag ID="BT4127" LABEL="page-number" DESCRIPTION="block type page-number"/><OtherTag ID="BT4128" LABEL="signature-mark" DESCRIPTION="block type signature-mark"/><OtherTag ID="BT4129" LABEL="poem_lg" DESCRIPTION="block type poem_lg"/><OtherTag ID="BT4130" LABEL="endnote" DESCRIPTION="block type endnote"/>
  </Tags>
  <Layout>
    <Page WIDTH="1146"
          HEIGHT="2055"
          PHYSICAL_IMG_NR="39"
          ID="eSc_dummypage_">
      <PrintSpace HPOS="0"
                  VPOS="0"
                  WIDTH="1146"
                  HEIGHT="2055">
        <TextBlock HPOS="109"
                   VPOS="142"
                   WIDTH="859"
                   HEIGHT="145"
                   ID="region_1719330799194_16"
                   TAGREFS="BT3756">
          <Shape><Polygon POINTS="968 287 118 280 109 142 962 142"/></Shape>
          <TextLine ID="eSc_line_0324cebd"
                    BASELINE="133 274 948 278" 
                    HPOS="133.0"
                    VPOS="274.0"
                    WIDTH="815.0"
                    HEIGHT="4.0">
	    <String CONTENT=""
                    HPOS="133.0"
                    VPOS="274.0"
                    WIDTH="815.0"
                    HEIGHT="4.0"></String>
          </TextLine>
        </TextBlock>
        <TextBlock HPOS="97.0"
                   VPOS="445.0"
                   WIDTH="948.0"
                   HEIGHT="164.0"
                   ID="region_1719330812610_25"
                   TAGREFS="BT3756">
          <Shape><Polygon POINTS="1045 609 99 609 97 445 1043 445"/></Shape>
          <TextLine ID="eSc_line_30450fe3"
                    BASELINE="145 488 858 490" 
                    HPOS="145.0"
                    VPOS="488.0"
                    WIDTH="713.0"
                    HEIGHT="2.0">
	    <String CONTENT=""
                    HPOS="145.0"
                    VPOS="488.0"
                    WIDTH="713.0"
                    HEIGHT="2.0"></String>
          </TextLine>
          <TextLine ID="eSc_line_0225413a"
                    BASELINE="127 547 728 547" 
                    HPOS="127.0"
                    VPOS="547.0"
                    WIDTH="601.0"
                    HEIGHT="0.0">
	    <String CONTENT=""
                    HPOS="127.0"
                    VPOS="547.0"
                    WIDTH="601.0"
                    HEIGHT="0.0"></String>
          </TextLine>
          <TextLine ID="eSc_line_ca332528"
                    BASELINE="762 600 1028 598" 
                    HPOS="762.0"
                    VPOS="598.0"
                    WIDTH="266.0"
                    HEIGHT="2.0">
	    <String CONTENT=""
                    HPOS="762.0"
                    VPOS="598.0"
                    WIDTH="266.0"
                    HEIGHT="2.0"></String>
          </TextLine>
        </TextBlock>
        <TextBlock HPOS="285.0"
                   VPOS="352.0"
                   WIDTH="502.0"
                   HEIGHT="88.0"
                   ID="region_1719330807069_22"
                   TAGREFS="BT3757">
          <Shape><Polygon POINTS="777 440 285 440 295 352 787 352"/></Shape>
          <TextLine ID="eSc_line_b0e1a954"
                    BASELINE="290 431 768 432" 
                    HPOS="290.0"
                    VPOS="431.0"
                    WIDTH="478.0"
                    HEIGHT="1.0">
	    <String CONTENT=""
                    HPOS="290.0"
                    VPOS="431.0"
                    WIDTH="478.0"
                    HEIGHT="1.0"></String>
          </TextLine>
        </TextBlock>
        <TextBlock HPOS="31.0"
                   VPOS="615.0"
                   WIDTH="1016.0"
                   HEIGHT="293.0"
                   ID="region_1719330839230_39"
                   TAGREFS="BT3756">
          <Shape><Polygon POINTS="1047 908 238 896 31 896 32 793 210 799 210 615 1047 621"/></Shape>
          <TextLine ID="eSc_line_c1190e4b"
                    BASELINE="223 719 1033 717" 
                    HPOS="223.0"
                    VPOS="717.0"
                    WIDTH="810.0"
                    HEIGHT="2.0">
	    <String CONTENT=""
                    HPOS="223.0"
                    VPOS="717.0"
                    WIDTH="810.0"
                    HEIGHT="2.0"></String>
          </TextLine>
          <TextLine ID="eSc_line_55addf8b"
                    BASELINE="226 766 1047 763" 
                    HPOS="226.0"
                    VPOS="763.0"
                    WIDTH="821.0"
                    HEIGHT="3.0">
	    <String CONTENT=""
                    HPOS="226.0"
                    VPOS="763.0"
                    WIDTH="821.0"
                    HEIGHT="3.0"></String>
          </TextLine>
          <TextLine ID="eSc_line_adccc154"
                    BASELINE="213 803 1035 807" 
                    HPOS="213.0"
                    VPOS="803.0"
                    WIDTH="822.0"
                    HEIGHT="4.0">
	    <String CONTENT=""
                    HPOS="213.0"
                    VPOS="803.0"
                    WIDTH="822.0"
                    HEIGHT="4.0"></String>
          </TextLine>
          <TextLine ID="eSc_line_0de84bbe"
                    BASELINE="57 842 894 848" 
                    HPOS="57.0"
                    VPOS="842.0"
                    WIDTH="837.0"
                    HEIGHT="6.0">
	    <String CONTENT=""
                    HPOS="57.0"
                    VPOS="842.0"
                    WIDTH="837.0"
                    HEIGHT="6.0"></String>
          </TextLine>
          <TextLine ID="eSc_line_aa31c2da"
                    BASELINE="57 889 957 897" 
                    HPOS="57.0"
                    VPOS="889.0"
                    WIDTH="900.0"
                    HEIGHT="8.0">
	    <String CONTENT=""
                    HPOS="57.0"
                    VPOS="889.0"
                    WIDTH="900.0"
                    HEIGHT="8.0"></String>
          </TextLine>
        </TextBlock>
        <TextBlock HPOS="971"
                   VPOS="95"
                   WIDTH="87"
                   HEIGHT="82"
                   ID="region_1719330794468_13"
                   TAGREFS="BT3756">
          <Shape><Polygon POINTS="1058 177 976 177 971 95 1052 95"/></Shape>
          <TextLine ID="eSc_line_ad3aa58c"
                    BASELINE="989 165 1039 164" 
                    HPOS="989.0"
                    VPOS="164.0"
                    WIDTH="50.0"
                    HEIGHT="1.0">
	    <String CONTENT=""
                    HPOS="989.0"
                    VPOS="164.0"
                    WIDTH="50.0"
                    HEIGHT="1.0"></String>
          </TextLine>
        </TextBlock>
        <TextBlock HPOS="335.0"
                   VPOS="955.0"
                   WIDTH="394.0"
                   HEIGHT="89.0"
                   ID="region_1719330843158_42"
                   TAGREFS="BT3757">
          <Shape><Polygon POINTS="729 1044 335 1044 337 955 724 971"/></Shape>
          <TextLine ID="eSc_line_88654c23"
                    BASELINE="357 1037 705 1038" 
                    HPOS="357.0"
                    VPOS="1037.0"
                    WIDTH="348.0"
                    HEIGHT="1.0">
	    <String CONTENT=""
                    HPOS="357.0"
                    VPOS="1037.0"
                    WIDTH="348.0"
                    HEIGHT="1.0"></String>
          </TextLine>
        </TextBlock>
        <TextBlock HPOS="33.0"
                   VPOS="1048.0"
                   WIDTH="1044.0"
                   HEIGHT="387.0"
                   ID="region_1719330848322_45"
                   TAGREFS="BT3756">
          <Shape><Polygon POINTS="1077 1435 38 1433 34 1283 33 1162 155 1170 154 1055 977 1048"/></Shape>
          <TextLine ID="eSc_line_1e7b6bcb"
                    BASELINE="156 1115 884 1118" 
                    HPOS="156.0"
                    VPOS="1115.0"
                    WIDTH="728.0"
                    HEIGHT="3.0">
	    <String CONTENT=""
                    HPOS="156.0"
                    VPOS="1115.0"
                    WIDTH="728.0"
                    HEIGHT="3.0"></String>
          </TextLine>
          <TextLine ID="eSc_line_3abe33ed"
                    BASELINE="169 1159 933 1157" 
                    HPOS="169.0"
                    VPOS="1157.0"
                    WIDTH="764.0"
                    HEIGHT="2.0">
	    <String CONTENT=""
                    HPOS="169.0"
                    VPOS="1157.0"
                    WIDTH="764.0"
                    HEIGHT="2.0"></String>
          </TextLine>
          <TextLine ID="eSc_line_28bacca8"
                    BASELINE="57 1198 981 1207" 
                    HPOS="57.0"
                    VPOS="1198.0"
                    WIDTH="924.0"
                    HEIGHT="9.0">
	    <String CONTENT=""
                    HPOS="57.0"
                    VPOS="1198.0"
                    WIDTH="924.0"
                    HEIGHT="9.0"></String>
          </TextLine>
          <TextLine ID="eSc_line_4642777e"
                    BASELINE="61 1240 944 1244" 
                    HPOS="61.0"
                    VPOS="1240.0"
                    WIDTH="883.0"
                    HEIGHT="4.0">
	    <String CONTENT=""
                    HPOS="61.0"
                    VPOS="1240.0"
                    WIDTH="883.0"
                    HEIGHT="4.0"></String>
          </TextLine>
          <TextLine ID="eSc_line_23baeee7"
                    BASELINE="56 1285 923 1290" 
                    HPOS="56.0"
                    VPOS="1285.0"
                    WIDTH="867.0"
                    HEIGHT="5.0">
	    <String CONTENT=""
                    HPOS="56.0"
                    VPOS="1285.0"
                    WIDTH="867.0"
                    HEIGHT="5.0"></String>
          </TextLine>
          <TextLine ID="eSc_line_60373d57"
                    BASELINE="48 1327 944 1330" 
                    HPOS="48.0"
                    VPOS="1327.0"
                    WIDTH="896.0"
                    HEIGHT="3.0">
	    <String CONTENT=""
                    HPOS="48.0"
                    VPOS="1327.0"
                    WIDTH="896.0"
                    HEIGHT="3.0"></String>
          </TextLine>
          <TextLine ID="eSc_line_291818f1"
                    BASELINE="54 1368 957 1375" 
                    HPOS="54.0"
                    VPOS="1368.0"
                    WIDTH="903.0"
                    HEIGHT="7.0">
	    <String CONTENT=""
                    HPOS="54.0"
                    VPOS="1368.0"
                    WIDTH="903.0"
                    HEIGHT="7.0"></String>
          </TextLine>
          <TextLine ID="eSc_line_2a748d62"
                    BASELINE="54 1413 966 1422" 
                    HPOS="54.0"
                    VPOS="1413.0"
                    WIDTH="912.0"
                    HEIGHT="9.0">
	    <String CONTENT=""
                    HPOS="54.0"
                    VPOS="1413.0"
                    WIDTH="912.0"
                    HEIGHT="9.0"></String>
          </TextLine>
        </TextBlock>
        <TextBlock HPOS="187.0"
                   VPOS="1485.0"
                   WIDTH="706.0"
                   HEIGHT="102.0"
                   ID="region_1719330883742_49"
                   TAGREFS="BT3757">
          <Shape><Polygon POINTS="893 1587 187 1587 198 1496 891 1485"/></Shape>
          <TextLine ID="eSc_line_7d8406f0"
                    BASELINE="225 1563 871 1563" 
                    HPOS="225.0"
                    VPOS="1563.0"
                    WIDTH="646.0"
                    HEIGHT="0.0">
	    <String CONTENT=""
                    HPOS="225.0"
                    VPOS="1563.0"
                    WIDTH="646.0"
                    HEIGHT="0.0"></String>
          </TextLine>
        </TextBlock>
        <TextBlock HPOS="156.0"
                   VPOS="1587.0"
                   WIDTH="689.0"
                   HEIGHT="296.0"
                   ID="region_1719330889114_55"
                   TAGREFS="BT3756">
          <Shape><Polygon POINTS="845 1883 165 1883 156 1687 261 1691 258 1632 263 1587 845 1588"/></Shape>
          <TextLine ID="eSc_line_ada1b7fe"
                    BASELINE="262 1636 739 1645" 
                    HPOS="262.0"
                    VPOS="1636.0"
                    WIDTH="477.0"
                    HEIGHT="9.0">
	    <String CONTENT=""
                    HPOS="262.0"
                    VPOS="1636.0"
                    WIDTH="477.0"
                    HEIGHT="9.0"></String>
          </TextLine>
          <TextLine ID="eSc_line_a3f4943d"
                    BASELINE="275 1683 832 1683" 
                    HPOS="275.0"
                    VPOS="1683.0"
                    WIDTH="557.0"
                    HEIGHT="0.0">
	    <String CONTENT=""
                    HPOS="275.0"
                    VPOS="1683.0"
                    WIDTH="557.0"
                    HEIGHT="0.0"></String>
          </TextLine>
          <TextLine ID="eSc_line_a0b8ba59"
                    BASELINE="182 1720 706 1728" 
                    HPOS="182.0"
                    VPOS="1720.0"
                    WIDTH="524.0"
                    HEIGHT="8.0">
	    <String CONTENT=""
                    HPOS="182.0"
                    VPOS="1720.0"
                    WIDTH="524.0"
                    HEIGHT="8.0"></String>
          </TextLine>
          <TextLine ID="eSc_line_b0b7b353"
                    BASELINE="184 1765 675 1768" 
                    HPOS="184.0"
                    VPOS="1765.0"
                    WIDTH="491.0"
                    HEIGHT="3.0">
	    <String CONTENT=""
                    HPOS="184.0"
                    VPOS="1765.0"
                    WIDTH="491.0"
                    HEIGHT="3.0"></String>
          </TextLine>
          <TextLine ID="eSc_line_0d0262d2"
                    BASELINE="187 1808 709 1806" 
                    HPOS="187.0"
                    VPOS="1806.0"
                    WIDTH="522.0"
                    HEIGHT="2.0">
	    <String CONTENT=""
                    HPOS="187.0"
                    VPOS="1806.0"
                    WIDTH="522.0"
                    HEIGHT="2.0"></String>
          </TextLine>
          <TextLine ID="eSc_line_6bf3dc8d"
                    BASELINE="178 1854 817 1852" 
                    HPOS="178.0"
                    VPOS="1852.0"
                    WIDTH="639.0"
                    HEIGHT="2.0">
	    <String CONTENT=""
                    HPOS="178.0"
                    VPOS="1852.0"
                    WIDTH="639.0"
                    HEIGHT="2.0"></String>
          </TextLine>
        </TextBlock>
        <TextBlock HPOS="503"
                   VPOS="1918"
                   WIDTH="90"
                   HEIGHT="59"
                   ID="region_1719330891482_58"
                   TAGREFS="BT3756">
          <Shape><Polygon POINTS="582 1968 503 1977 503 1918 593 1918"/></Shape>
          <TextLine ID="eSc_line_c01b98fd"
                    BASELINE="513 1962 578 1958" 
                    HPOS="513.0"
                    VPOS="1958.0"
                    WIDTH="65.0"
                    HEIGHT="4.0">
	    <String CONTENT=""
                    HPOS="513.0"
                    VPOS="1958.0"
                    WIDTH="65.0"
                    HEIGHT="4.0"></String>
          </TextLine>
        </TextBlock>
        <TextBlock HPOS="908"
                   VPOS="1884"
                   WIDTH="154"
                   HEIGHT="106"
                   ID="region_1719330893534_61"
                   TAGREFS="BT3756">
          <Shape><Polygon POINTS="1062 1990 908 1990 923 1898 1062 1884"/></Shape>
          <TextLine ID="eSc_line_18437d1f"
                    BASELINE="949 1979 1045 1973" 
                    HPOS="949.0"
                    VPOS="1973.0"
                    WIDTH="96.0"
                    HEIGHT="6.0">
	    <String CONTENT=""
                    HPOS="949.0"
                    VPOS="1973.0"
                    WIDTH="96.0"
                    HEIGHT="6.0"></String>
          </TextLine>
        </TextBlock>
        <TextBlock HPOS="162.0"
                   VPOS="1594.0"
                   WIDTH="94.0"
                   HEIGHT="90.0"
                   ID="region_1719330885810_52"
                   TAGREFS="BT3756">
          <Shape><Polygon POINTS="256 1684 162 1683 162 1594 256 1595"/></Shape>
        </TextBlock>
        <TextBlock HPOS="48.0"
                   VPOS="1067.0"
                   WIDTH="108.0"
                   HEIGHT="96.0"
                   ID="region_1719330916105_69"
                   TAGREFS="BT3756">
          <Shape><Polygon POINTS="156 1163 48 1163 57 1072 156 1067"/></Shape>
        </TextBlock>
        <TextBlock HPOS="46.0"
                   VPOS="628.0"
                   WIDTH="157.0"
                   HEIGHT="161.0"
                   ID="region_1719330815419_28"
                   TAGREFS="BT3756">
          <Shape><Polygon POINTS="203 789 46 789 55 637 203 628"/></Shape>
        </TextBlock>
        <TextBlock ID="eSc_dummyblock_">
          <TextLine ID="eSc_line_b26a6a2a"
                    BASELINE="210 673 1016 673" 
                    HPOS="210.0"
                    VPOS="673.0"
                    WIDTH="806.0"
                    HEIGHT="0.0">
	    <String CONTENT=""
                    HPOS="210.0"
                    VPOS="673.0"
                    WIDTH="806.0"
                    HEIGHT="0.0"></String>
          </TextLine>
        </TextBlock>
      </PrintSpace>
    </Page>
  </Layout>
</alto>
