<?xml version="1.0" encoding="UTF-8"?>
<alto xmlns:xsi="http://www.w3.org/2001/XMLSchema-instance"
      xmlns="http://www.loc.gov/standards/alto/ns-v4#"
      xsi:schemaLocation="http://www.loc.gov/standards/alto/ns-v4# http://www.loc.gov/standards/alto/v4/alto-4-2.xsd">
  <Description>
    <MeasurementUnit>pixel</MeasurementUnit>
    <sourceImageInformation>
      <fileName>1771,_Saemtliche_Poetische_Werke,_Bohn,_5._Aufl.,_Bd._2,_VD18_90396766_Seite_065_Bild_0001.jpg</fileName>
    </sourceImageInformation>
  </Description>
  <Tags>
    <OtherTag ID="BT1" LABEL="Title" DESCRIPTION="block type Title"/><OtherTag ID="BT2" LABEL="Main" DESCRIPTION="block type Main"/><OtherTag ID="BT3" LABEL="Commentary" DESCRIPTION="block type Commentary"/><OtherTag ID="BT4" LABEL="Illustration" DESCRIPTION="block type Illustration"/><OtherTag ID="BT3755" LABEL="header" DESCRIPTION="block type header"/><OtherTag ID="BT3756" LABEL="paragraph" DESCRIPTION="block type paragraph"/><OtherTag ID="BT3757" LABEL="heading" DESCRIPTION="block type heading"/><OtherTag ID="BT3758" LABEL="footnote" DESCRIPTION="block type footnote"/><OtherTag ID="BT3759" LABEL="l-column" DESCRIPTION="block type l-column"/><OtherTag ID="BT3760" LABEL="r-column" DESCRIPTION="block type r-column"/><OtherTag ID="BT3761" LABEL="marginalia" DESCRIPTION="block type marginalia"/><OtherTag ID="BT4125" LABEL="drop-capital" DESCRIPTION="block type drop-capital"/><OtherTag ID="BT4126" LABEL="catch-word" DESCRIPTION="block type catch-word"/><OtherTag ID="BT4127" LABEL="page-number" DESCRIPTION="block type page-number"/><OtherTag ID="BT4128" LABEL="signature-mark" DESCRIPTION="block type signature-mark"/><OtherTag ID="BT4129" LABEL="poem_lg" DESCRIPTION="block type poem_lg"/><OtherTag ID="BT4130" LABEL="endnote" DESCRIPTION="block type endnote"/>
  </Tags>
  <Layout>
    <Page WIDTH="1147"
          HEIGHT="2055"
          PHYSICAL_IMG_NR="43"
          ID="eSc_dummypage_">
      <PrintSpace HPOS="0"
                  VPOS="0"
                  WIDTH="1147"
                  HEIGHT="2055">
        <TextBlock HPOS="109"
                   VPOS="70"
                   WIDTH="82"
                   HEIGHT="71"
                   ID="region_1719481428106_6"
                   TAGREFS="BT3756">
          <Shape><Polygon POINTS="190 141 109 141 116 77 191 70"/></Shape>
          <TextLine ID="eSc_line_5d493b67"
                    BASELINE="125 130 178 135" 
                    HPOS="125.0"
                    VPOS="130.0"
                    WIDTH="53.0"
                    HEIGHT="5.0">
	    <String CONTENT=""
                    HPOS="125.0"
                    VPOS="130.0"
                    WIDTH="53.0"
                    HEIGHT="5.0"></String>
          </TextLine>
        </TextBlock>
        <TextBlock HPOS="90.0"
                   VPOS="153.0"
                   WIDTH="875.0"
                   HEIGHT="358.0"
                   ID="region_1719481436419_12"
                   TAGREFS="BT3756">
          <Shape><Polygon POINTS="965 511 100 511 90 156 965 153"/></Shape>
          <TextLine ID="eSc_line_27b12ea0"
                    BASELINE="121 210 672 202" 
                    HPOS="121.0"
                    VPOS="202.0"
                    WIDTH="551.0"
                    HEIGHT="8.0">
	    <String CONTENT=""
                    HPOS="121.0"
                    VPOS="202.0"
                    WIDTH="551.0"
                    HEIGHT="8.0"></String>
          </TextLine>
          <TextLine ID="eSc_line_d6c1a0fb"
                    BASELINE="140 252 865 245" 
                    HPOS="140.0"
                    VPOS="245.0"
                    WIDTH="725.0"
                    HEIGHT="7.0">
	    <String CONTENT=""
                    HPOS="140.0"
                    VPOS="245.0"
                    WIDTH="725.0"
                    HEIGHT="7.0"></String>
          </TextLine>
          <TextLine ID="eSc_line_a5651ddb"
                    BASELINE="135 295 903 287" 
                    HPOS="135.0"
                    VPOS="287.0"
                    WIDTH="768.0"
                    HEIGHT="8.0">
	    <String CONTENT=""
                    HPOS="135.0"
                    VPOS="287.0"
                    WIDTH="768.0"
                    HEIGHT="8.0"></String>
          </TextLine>
          <TextLine ID="eSc_line_f7e513ba"
                    BASELINE="126 339 790 329" 
                    HPOS="126.0"
                    VPOS="329.0"
                    WIDTH="664.0"
                    HEIGHT="10.0">
	    <String CONTENT=""
                    HPOS="126.0"
                    VPOS="329.0"
                    WIDTH="664.0"
                    HEIGHT="10.0"></String>
          </TextLine>
          <TextLine ID="eSc_line_115db91d"
                    BASELINE="199 379 924 369" 
                    HPOS="199.0"
                    VPOS="369.0"
                    WIDTH="725.0"
                    HEIGHT="10.0">
	    <String CONTENT=""
                    HPOS="199.0"
                    VPOS="369.0"
                    WIDTH="725.0"
                    HEIGHT="10.0"></String>
          </TextLine>
          <TextLine ID="eSc_line_9a74bf42"
                    BASELINE="129 423 735 418" 
                    HPOS="129.0"
                    VPOS="418.0"
                    WIDTH="606.0"
                    HEIGHT="5.0">
	    <String CONTENT=""
                    HPOS="129.0"
                    VPOS="418.0"
                    WIDTH="606.0"
                    HEIGHT="5.0"></String>
          </TextLine>
          <TextLine ID="eSc_line_37be72ee"
                    BASELINE="124 469 768 460" 
                    HPOS="124.0"
                    VPOS="460.0"
                    WIDTH="644.0"
                    HEIGHT="9.0">
	    <String CONTENT=""
                    HPOS="124.0"
                    VPOS="460.0"
                    WIDTH="644.0"
                    HEIGHT="9.0"></String>
          </TextLine>
          <TextLine ID="eSc_line_7bad9573"
                    BASELINE="135 511 756 507" 
                    HPOS="135.0"
                    VPOS="507.0"
                    WIDTH="621.0"
                    HEIGHT="4.0">
	    <String CONTENT=""
                    HPOS="135.0"
                    VPOS="507.0"
                    WIDTH="621.0"
                    HEIGHT="4.0"></String>
          </TextLine>
        </TextBlock>
        <TextBlock HPOS="365"
                   VPOS="38"
                   WIDTH="517"
                   HEIGHT="96"
                   ID="region_1719481431323_9"
                   TAGREFS="BT3756">
          <Shape><Polygon POINTS="882 134 365 134 365 38 882 38"/></Shape>
          <TextLine ID="eSc_line_6c6e29e2"
                    BASELINE="376 130 868 128" 
                    HPOS="376.0"
                    VPOS="128.0"
                    WIDTH="492.0"
                    HEIGHT="2.0">
	    <String CONTENT=""
                    HPOS="376.0"
                    VPOS="128.0"
                    WIDTH="492.0"
                    HEIGHT="2.0"></String>
          </TextLine>
        </TextBlock>
        <TextBlock HPOS="85.0"
                   VPOS="613.0"
                   WIDTH="1027.0"
                   HEIGHT="166.0"
                   ID="region_1719481442707_15"
                   TAGREFS="BT3757">
          <Shape><Polygon POINTS="1112 779 85 779 106 625 1112 613"/></Shape>
          <TextLine ID="eSc_line_50c3435b"
                    BASELINE="571 682 711 680" 
                    HPOS="571.0"
                    VPOS="680.0"
                    WIDTH="140.0"
                    HEIGHT="2.0">
	    <String CONTENT=""
                    HPOS="571.0"
                    VPOS="680.0"
                    WIDTH="140.0"
                    HEIGHT="2.0"></String>
          </TextLine>
          <TextLine ID="eSc_line_5fe6f81a"
                    BASELINE="132 776 1114 770" 
                    HPOS="132.0"
                    VPOS="770.0"
                    WIDTH="982.0"
                    HEIGHT="6.0">
	    <String CONTENT=""
                    HPOS="132.0"
                    VPOS="770.0"
                    WIDTH="982.0"
                    HEIGHT="6.0"></String>
          </TextLine>
        </TextBlock>
        <TextBlock HPOS="111.0"
                   VPOS="790.0"
                   WIDTH="1003.0"
                   HEIGHT="625.0"
                   ID="region_1719481452811_21"
                   TAGREFS="BT3756">
          <Shape><Polygon POINTS="1113 1415 111 1414 118 954 117 896 199 889 197 795 1114 790"/></Shape>
          <TextLine ID="eSc_line_3cd1ae3c"
                    BASELINE="200 846 949 841" 
                    HPOS="200.0"
                    VPOS="841.0"
                    WIDTH="749.0"
                    HEIGHT="5.0">
	    <String CONTENT=""
                    HPOS="200.0"
                    VPOS="841.0"
                    WIDTH="749.0"
                    HEIGHT="5.0"></String>
          </TextLine>
          <TextLine ID="eSc_line_1d914a48"
                    BASELINE="218 889 854 883" 
                    HPOS="218.0"
                    VPOS="883.0"
                    WIDTH="636.0"
                    HEIGHT="6.0">
	    <String CONTENT=""
                    HPOS="218.0"
                    VPOS="883.0"
                    WIDTH="636.0"
                    HEIGHT="6.0"></String>
          </TextLine>
          <TextLine ID="eSc_line_2d0efdf1"
                    BASELINE="128 932 631 924" 
                    HPOS="128.0"
                    VPOS="924.0"
                    WIDTH="503.0"
                    HEIGHT="8.0">
	    <String CONTENT=""
                    HPOS="128.0"
                    VPOS="924.0"
                    WIDTH="503.0"
                    HEIGHT="8.0"></String>
          </TextLine>
          <TextLine ID="eSc_line_3843a4b9"
                    BASELINE="141 974 775 966" 
                    HPOS="141.0"
                    VPOS="966.0"
                    WIDTH="634.0"
                    HEIGHT="8.0">
	    <String CONTENT=""
                    HPOS="141.0"
                    VPOS="966.0"
                    WIDTH="634.0"
                    HEIGHT="8.0"></String>
          </TextLine>
          <TextLine ID="eSc_line_e03dbd0f"
                    BASELINE="136 1021 634 1014" 
                    HPOS="136.0"
                    VPOS="1014.0"
                    WIDTH="498.0"
                    HEIGHT="7.0">
	    <String CONTENT=""
                    HPOS="136.0"
                    VPOS="1014.0"
                    WIDTH="498.0"
                    HEIGHT="7.0"></String>
          </TextLine>
          <TextLine ID="eSc_line_c0fa29fe"
                    BASELINE="136 1056 727 1055" 
                    HPOS="136.0"
                    VPOS="1055.0"
                    WIDTH="591.0"
                    HEIGHT="1.0">
	    <String CONTENT=""
                    HPOS="136.0"
                    VPOS="1055.0"
                    WIDTH="591.0"
                    HEIGHT="1.0"></String>
          </TextLine>
          <TextLine ID="eSc_line_d1544085"
                    BASELINE="129 1107 629 1098" 
                    HPOS="129.0"
                    VPOS="1098.0"
                    WIDTH="500.0"
                    HEIGHT="9.0">
	    <String CONTENT=""
                    HPOS="129.0"
                    VPOS="1098.0"
                    WIDTH="500.0"
                    HEIGHT="9.0"></String>
          </TextLine>
          <TextLine ID="eSc_line_be180631"
                    BASELINE="142 1152 1000 1134" 
                    HPOS="142.0"
                    VPOS="1134.0"
                    WIDTH="858.0"
                    HEIGHT="18.0">
	    <String CONTENT=""
                    HPOS="142.0"
                    VPOS="1134.0"
                    WIDTH="858.0"
                    HEIGHT="18.0"></String>
          </TextLine>
          <TextLine ID="eSc_line_05a7279c"
                    BASELINE="139 1194 814 1186" 
                    HPOS="139.0"
                    VPOS="1186.0"
                    WIDTH="675.0"
                    HEIGHT="8.0">
	    <String CONTENT=""
                    HPOS="139.0"
                    VPOS="1186.0"
                    WIDTH="675.0"
                    HEIGHT="8.0"></String>
          </TextLine>
          <TextLine ID="eSc_line_ca151640"
                    BASELINE="140 1236 675 1232" 
                    HPOS="140.0"
                    VPOS="1232.0"
                    WIDTH="535.0"
                    HEIGHT="4.0">
	    <String CONTENT=""
                    HPOS="140.0"
                    VPOS="1232.0"
                    WIDTH="535.0"
                    HEIGHT="4.0"></String>
          </TextLine>
          <TextLine ID="eSc_line_2f7808b9"
                    BASELINE="185 1277 1104 1257" 
                    HPOS="185.0"
                    VPOS="1257.0"
                    WIDTH="919.0"
                    HEIGHT="20.0">
	    <String CONTENT=""
                    HPOS="185.0"
                    VPOS="1257.0"
                    WIDTH="919.0"
                    HEIGHT="20.0"></String>
          </TextLine>
          <TextLine ID="eSc_line_69f376b1"
                    BASELINE="140 1321 716 1316" 
                    HPOS="140.0"
                    VPOS="1316.0"
                    WIDTH="576.0"
                    HEIGHT="5.0">
	    <String CONTENT=""
                    HPOS="140.0"
                    VPOS="1316.0"
                    WIDTH="576.0"
                    HEIGHT="5.0"></String>
          </TextLine>
          <TextLine ID="eSc_line_210a9f4f"
                    BASELINE="144 1364 664 1354" 
                    HPOS="144.0"
                    VPOS="1354.0"
                    WIDTH="520.0"
                    HEIGHT="10.0">
	    <String CONTENT=""
                    HPOS="144.0"
                    VPOS="1354.0"
                    WIDTH="520.0"
                    HEIGHT="10.0"></String>
          </TextLine>
          <TextLine ID="eSc_line_62489c85"
                    BASELINE="140 1411 797 1403" 
                    HPOS="140.0"
                    VPOS="1403.0"
                    WIDTH="657.0"
                    HEIGHT="8.0">
	    <String CONTENT=""
                    HPOS="140.0"
                    VPOS="1403.0"
                    WIDTH="657.0"
                    HEIGHT="8.0"></String>
          </TextLine>
        </TextBlock>
        <TextBlock HPOS="100.0"
                   VPOS="1449.0"
                   WIDTH="907.0"
                   HEIGHT="187.0"
                   ID="region_1719481459639_24"
                   TAGREFS="BT3756">
          <Shape><Polygon POINTS="960 1624 100 1636 101 1453 1007 1449"/></Shape>
          <TextLine ID="eSc_line_e6725177"
                    BASELINE="183 1504 980 1493" 
                    HPOS="183.0"
                    VPOS="1493.0"
                    WIDTH="797.0"
                    HEIGHT="11.0">
	    <String CONTENT=""
                    HPOS="183.0"
                    VPOS="1493.0"
                    WIDTH="797.0"
                    HEIGHT="11.0"></String>
          </TextLine>
          <TextLine ID="eSc_line_e6104222"
                    BASELINE="133 1554 738 1537" 
                    HPOS="133.0"
                    VPOS="1537.0"
                    WIDTH="605.0"
                    HEIGHT="17.0">
	    <String CONTENT=""
                    HPOS="133.0"
                    VPOS="1537.0"
                    WIDTH="605.0"
                    HEIGHT="17.0"></String>
          </TextLine>
          <TextLine ID="eSc_line_5c775a2a"
                    BASELINE="127 1592 758 1580" 
                    HPOS="127.0"
                    VPOS="1580.0"
                    WIDTH="631.0"
                    HEIGHT="12.0">
	    <String CONTENT=""
                    HPOS="127.0"
                    VPOS="1580.0"
                    WIDTH="631.0"
                    HEIGHT="12.0"></String>
          </TextLine>
          <TextLine ID="eSc_line_eaa123e5"
                    BASELINE="130 1634 685 1626" 
                    HPOS="130.0"
                    VPOS="1626.0"
                    WIDTH="555.0"
                    HEIGHT="8.0">
	    <String CONTENT=""
                    HPOS="130.0"
                    VPOS="1626.0"
                    WIDTH="555.0"
                    HEIGHT="8.0"></String>
          </TextLine>
        </TextBlock>
        <TextBlock HPOS="122.0"
                   VPOS="1731.0"
                   WIDTH="495.0"
                   HEIGHT="231.0"
                   ID="region_1719481483311_33"
                   TAGREFS="BT3759">
          <Shape><Polygon POINTS="615 1962 122 1951 122 1731 617 1731"/></Shape>
          <TextLine ID="eSc_line_194a373a"
                    BASELINE="139 1779 609 1769" 
                    HPOS="139.0"
                    VPOS="1769.0"
                    WIDTH="470.0"
                    HEIGHT="10.0">
	    <String CONTENT=""
                    HPOS="139.0"
                    VPOS="1769.0"
                    WIDTH="470.0"
                    HEIGHT="10.0"></String>
          </TextLine>
          <TextLine ID="eSc_line_3b5647e2"
                    BASELINE="225 1823 607 1805" 
                    HPOS="225.0"
                    VPOS="1805.0"
                    WIDTH="382.0"
                    HEIGHT="18.0">
	    <String CONTENT=""
                    HPOS="225.0"
                    VPOS="1805.0"
                    WIDTH="382.0"
                    HEIGHT="18.0"></String>
          </TextLine>
          <TextLine ID="eSc_line_69d28acc"
                    BASELINE="169 1857 601 1853" 
                    HPOS="169.0"
                    VPOS="1853.0"
                    WIDTH="432.0"
                    HEIGHT="4.0">
	    <String CONTENT=""
                    HPOS="169.0"
                    VPOS="1853.0"
                    WIDTH="432.0"
                    HEIGHT="4.0"></String>
          </TextLine>
          <TextLine ID="eSc_line_9535830f"
                    BASELINE="350 1896 516 1890" 
                    HPOS="350.0"
                    VPOS="1890.0"
                    WIDTH="166.0"
                    HEIGHT="6.0">
	    <String CONTENT=""
                    HPOS="350.0"
                    VPOS="1890.0"
                    WIDTH="166.0"
                    HEIGHT="6.0"></String>
          </TextLine>
          <TextLine ID="eSc_line_55811422"
                    BASELINE="263 1939 601 1938" 
                    HPOS="263.0"
                    VPOS="1938.0"
                    WIDTH="338.0"
                    HEIGHT="1.0">
	    <String CONTENT=""
                    HPOS="263.0"
                    VPOS="1938.0"
                    WIDTH="338.0"
                    HEIGHT="1.0"></String>
          </TextLine>
        </TextBlock>
        <TextBlock HPOS="628.0"
                   VPOS="1720.0"
                   WIDTH="480.0"
                   HEIGHT="241.0"
                   ID="region_1719481488171_36"
                   TAGREFS="BT3760">
          <Shape><Polygon POINTS="1108 1961 628 1957 628 1720 1108 1724"/></Shape>
          <TextLine ID="eSc_line_81f4c8f5"
                    BASELINE="675 1759 1112 1747" 
                    HPOS="675.0"
                    VPOS="1747.0"
                    WIDTH="437.0"
                    HEIGHT="12.0">
	    <String CONTENT=""
                    HPOS="675.0"
                    VPOS="1747.0"
                    WIDTH="437.0"
                    HEIGHT="12.0"></String>
          </TextLine>
          <TextLine ID="eSc_line_4a0903ef"
                    BASELINE="644 1791 1113 1780" 
                    HPOS="644.0"
                    VPOS="1780.0"
                    WIDTH="469.0"
                    HEIGHT="11.0">
	    <String CONTENT=""
                    HPOS="644.0"
                    VPOS="1780.0"
                    WIDTH="469.0"
                    HEIGHT="11.0"></String>
          </TextLine>
          <TextLine ID="eSc_line_d480806a"
                    BASELINE="649 1832 1112 1815" 
                    HPOS="649.0"
                    VPOS="1815.0"
                    WIDTH="463.0"
                    HEIGHT="17.0">
	    <String CONTENT=""
                    HPOS="649.0"
                    VPOS="1815.0"
                    WIDTH="463.0"
                    HEIGHT="17.0"></String>
          </TextLine>
          <TextLine ID="eSc_line_80aa01f6"
                    BASELINE="638 1866 1098 1852" 
                    HPOS="638.0"
                    VPOS="1852.0"
                    WIDTH="460.0"
                    HEIGHT="14.0">
	    <String CONTENT=""
                    HPOS="638.0"
                    VPOS="1852.0"
                    WIDTH="460.0"
                    HEIGHT="14.0"></String>
          </TextLine>
          <TextLine ID="eSc_line_fd8a8126"
                    BASELINE="642 1905 1102 1885" 
                    HPOS="642.0"
                    VPOS="1885.0"
                    WIDTH="460.0"
                    HEIGHT="20.0">
	    <String CONTENT=""
                    HPOS="642.0"
                    VPOS="1885.0"
                    WIDTH="460.0"
                    HEIGHT="20.0"></String>
          </TextLine>
          <TextLine ID="eSc_line_66fb7d0f"
                    BASELINE="651 1936 1101 1919" 
                    HPOS="651.0"
                    VPOS="1919.0"
                    WIDTH="450.0"
                    HEIGHT="17.0">
	    <String CONTENT=""
                    HPOS="651.0"
                    VPOS="1919.0"
                    WIDTH="450.0"
                    HEIGHT="17.0"></String>
          </TextLine>
          <TextLine ID="eSc_line_1ea66825"
                    BASELINE="1018 1956 1107 1950" 
                    HPOS="1018.0"
                    VPOS="1950.0"
                    WIDTH="89.0"
                    HEIGHT="6.0">
	    <String CONTENT=""
                    HPOS="1018.0"
                    VPOS="1950.0"
                    WIDTH="89.0"
                    HEIGHT="6.0"></String>
          </TextLine>
        </TextBlock>
        <TextBlock HPOS="1016"
                   VPOS="1596"
                   WIDTH="87"
                   HEIGHT="84"
                   ID="region_1719481462167_27"
                   TAGREFS="BT3756">
          <Shape><Polygon POINTS="1103 1680 1016 1679 1016 1596 1103 1597"/></Shape>
          <TextLine ID="eSc_line_34b6f6c6"
                    BASELINE="1029 1671 1101 1668" 
                    HPOS="1029.0"
                    VPOS="1668.0"
                    WIDTH="72.0"
                    HEIGHT="3.0">
	    <String CONTENT=""
                    HPOS="1029.0"
                    VPOS="1668.0"
                    WIDTH="72.0"
                    HEIGHT="3.0"></String>
          </TextLine>
        </TextBlock>
        <TextBlock HPOS="119.0"
                   VPOS="794.0"
                   WIDTH="78.0"
                   HEIGHT="94.0"
                   ID="region_1719481446515_18"
                   TAGREFS="BT3756">
          <Shape><Polygon POINTS="197 888 119 888 119 794 197 794"/></Shape>
        </TextBlock>
      </PrintSpace>
    </Page>
  </Layout>
</alto>
