<?xml version="1.0" encoding="UTF-8"?>
<alto xmlns:xsi="http://www.w3.org/2001/XMLSchema-instance"
      xmlns="http://www.loc.gov/standards/alto/ns-v4#"
      xsi:schemaLocation="http://www.loc.gov/standards/alto/ns-v4# http://www.loc.gov/standards/alto/v4/alto-4-2.xsd">
  <Description>
    <MeasurementUnit>pixel</MeasurementUnit>
    <sourceImageInformation>
      <fileName>1772f.,_Poetische_Werke,_Walthard,_Bd._2,_VD18_90660080_Seite_046_Bild_0001.jpg</fileName>
    </sourceImageInformation>
  </Description>
  <Tags>
    <OtherTag ID="BT1" LABEL="Title" DESCRIPTION="block type Title"/><OtherTag ID="BT2" LABEL="Main" DESCRIPTION="block type Main"/><OtherTag ID="BT3" LABEL="Commentary" DESCRIPTION="block type Commentary"/><OtherTag ID="BT4" LABEL="Illustration" DESCRIPTION="block type Illustration"/><OtherTag ID="BT3755" LABEL="header" DESCRIPTION="block type header"/><OtherTag ID="BT3756" LABEL="paragraph" DESCRIPTION="block type paragraph"/><OtherTag ID="BT3757" LABEL="heading" DESCRIPTION="block type heading"/><OtherTag ID="BT3758" LABEL="footnote" DESCRIPTION="block type footnote"/><OtherTag ID="BT3759" LABEL="l-column" DESCRIPTION="block type l-column"/><OtherTag ID="BT3760" LABEL="r-column" DESCRIPTION="block type r-column"/><OtherTag ID="BT3761" LABEL="marginalia" DESCRIPTION="block type marginalia"/><OtherTag ID="BT4125" LABEL="drop-capital" DESCRIPTION="block type drop-capital"/><OtherTag ID="BT4126" LABEL="catch-word" DESCRIPTION="block type catch-word"/><OtherTag ID="BT4127" LABEL="page-number" DESCRIPTION="block type page-number"/><OtherTag ID="BT4128" LABEL="signature-mark" DESCRIPTION="block type signature-mark"/><OtherTag ID="BT4129" LABEL="poem_lg" DESCRIPTION="block type poem_lg"/><OtherTag ID="BT4130" LABEL="endnote" DESCRIPTION="block type endnote"/>
  </Tags>
  <Layout>
    <Page WIDTH="800"
          HEIGHT="1446"
          PHYSICAL_IMG_NR="144"
          ID="eSc_dummypage_">
      <PrintSpace HPOS="0"
                  VPOS="0"
                  WIDTH="800"
                  HEIGHT="1446">
        <TextBlock HPOS="185.0"
                   VPOS="147.0"
                   WIDTH="46.0"
                   HEIGHT="34.0"
                   ID="region_1740321870018_63"
                   TAGREFS="BT3756">
          <Shape><Polygon POINTS="188 147 230 147 231 181 185 179"/></Shape>
        </TextBlock>
        <TextBlock HPOS="303.0"
                   VPOS="137.0"
                   WIDTH="337.0"
                   HEIGHT="44.0"
                   ID="region_1740321880108_66"
                   TAGREFS="BT3756">
          <Shape><Polygon POINTS="313 137 640 138 633 181 303 175"/></Shape>
        </TextBlock>
        <TextBlock HPOS="181.0"
                   VPOS="200.0"
                   WIDTH="580.0"
                   HEIGHT="101.0"
                   ID="region_1740321894653_69"
                   TAGREFS="BT3756">
          <Shape><Polygon POINTS="187 200 761 200 755 246 733 267 607 299 181 301"/></Shape>
        </TextBlock>
        <TextBlock HPOS="176.0"
                   VPOS="316.0"
                   WIDTH="586.0"
                   HEIGHT="234.0"
                   ID="region_1740321912587_72"
                   TAGREFS="BT3756">
          <Shape><Polygon POINTS="245 316 725 326 707 365 607 400 762 416 757 449 632 468 662 496 630 546 176 550 176 343 234 339"/></Shape>
        </TextBlock>
        <TextBlock HPOS="171.0"
                   VPOS="561.0"
                   WIDTH="589.0"
                   HEIGHT="199.0"
                   ID="region_1740321938552_77"
                   TAGREFS="BT3756">
          <Shape><Polygon POINTS="240 561 718 561 716 593 596 650 760 661 751 697 551 760 174 755 171 596 234 589"/></Shape>
        </TextBlock>
        <TextBlock HPOS="682.0"
                   VPOS="753.0"
                   WIDTH="72.0"
                   HEIGHT="43.0"
                   ID="region_1740321943860_80"
                   TAGREFS="BT3756">
          <Shape><Polygon POINTS="685 753 754 756 744 796 682 789"/></Shape>
        </TextBlock>
        <TextBlock HPOS="164.0"
                   VPOS="790.0"
                   WIDTH="295.0"
                   HEIGHT="72.0"
                   ID="TextRegion_1740324521902_903"
                   TAGREFS="BT3759">
          <Shape><Polygon POINTS="164 790 459 791 458 852 321 852 288 859 239 859 183 862 164 861"/></Shape>
        </TextBlock>
        <TextBlock HPOS="163.0"
                   VPOS="854.0"
                   WIDTH="295.0"
                   HEIGHT="316.0"
                   ID="TextRegion_1740324521901_902"
                   TAGREFS="BT3759">
          <Shape><Polygon POINTS="163 866 180 865 240 861 296 862 321 854 458 854 456 1170 163 1170"/></Shape>
        </TextBlock>
        <TextBlock HPOS="466.0"
                   VPOS="786.0"
                   WIDTH="289.0"
                   HEIGHT="354.0"
                   ID="region_1740322080652_87"
                   TAGREFS="BT3760">
          <Shape><Polygon POINTS="467 786 755 799 742 1129 615 1140 466 1133"/></Shape>
        </TextBlock>
        <TextBlock HPOS="711.0"
                   VPOS="1147.0"
                   WIDTH="39.0"
                   HEIGHT="32.0"
                   ID="region_1740322087238_90"
                   TAGREFS="BT3756">
          <Shape><Polygon POINTS="715 1147 750 1148 743 1179 711 1174"/></Shape>
        </TextBlock>
      </PrintSpace>
    </Page>
  </Layout>
</alto>
