<?xml version="1.0" encoding="UTF-8"?>
<alto xmlns:xsi="http://www.w3.org/2001/XMLSchema-instance"
      xmlns="http://www.loc.gov/standards/alto/ns-v4#"
      xsi:schemaLocation="http://www.loc.gov/standards/alto/ns-v4# http://www.loc.gov/standards/alto/v4/alto-4-2.xsd">
  <Description>
    <MeasurementUnit>pixel</MeasurementUnit>
    <sourceImageInformation>
      <fileName>1772f.,_Poetische_Werke,_Walthard,_Bd._4,_VD18_90660110_Seite_179_Bild_0001.jpg</fileName>
    </sourceImageInformation>
  </Description>
  <Tags>
    <OtherTag ID="BT1" LABEL="Title" DESCRIPTION="block type Title"/><OtherTag ID="BT2" LABEL="Main" DESCRIPTION="block type Main"/><OtherTag ID="BT3" LABEL="Commentary" DESCRIPTION="block type Commentary"/><OtherTag ID="BT4" LABEL="Illustration" DESCRIPTION="block type Illustration"/><OtherTag ID="BT3755" LABEL="header" DESCRIPTION="block type header"/><OtherTag ID="BT3756" LABEL="paragraph" DESCRIPTION="block type paragraph"/><OtherTag ID="BT3757" LABEL="heading" DESCRIPTION="block type heading"/><OtherTag ID="BT3758" LABEL="footnote" DESCRIPTION="block type footnote"/><OtherTag ID="BT3759" LABEL="l-column" DESCRIPTION="block type l-column"/><OtherTag ID="BT3760" LABEL="r-column" DESCRIPTION="block type r-column"/><OtherTag ID="BT3761" LABEL="marginalia" DESCRIPTION="block type marginalia"/><OtherTag ID="BT4125" LABEL="drop-capital" DESCRIPTION="block type drop-capital"/><OtherTag ID="BT4126" LABEL="catch-word" DESCRIPTION="block type catch-word"/><OtherTag ID="BT4127" LABEL="page-number" DESCRIPTION="block type page-number"/><OtherTag ID="BT4128" LABEL="signature-mark" DESCRIPTION="block type signature-mark"/><OtherTag ID="BT4129" LABEL="poem_lg" DESCRIPTION="block type poem_lg"/><OtherTag ID="BT4130" LABEL="endnote" DESCRIPTION="block type endnote"/>
  </Tags>
  <Layout>
    <Page WIDTH="800"
          HEIGHT="1420"
          PHYSICAL_IMG_NR="149"
          ID="eSc_dummypage_">
      <PrintSpace HPOS="0"
                  VPOS="0"
                  WIDTH="800"
                  HEIGHT="1420">
        <TextBlock HPOS="100.0"
                   VPOS="258.0"
                   WIDTH="455.0"
                   HEIGHT="48.0"
                   ID="region_1740323704809_668"
                   TAGREFS="BT3757">
          <Shape><Polygon POINTS="100 291 126 258 555 260 544 306 112 304"/></Shape>
          <TextLine ID="eSc_line_f368d6c8"
                    BASELINE="111 291 544 296" 
                    HPOS="111.0"
                    VPOS="291.0"
                    WIDTH="433.0"
                    HEIGHT="5.0">
	    <String CONTENT=""
                    HPOS="111.0"
                    VPOS="291.0"
                    WIDTH="433.0"
                    HEIGHT="5.0"></String>
          </TextLine>
        </TextBlock>
        <TextBlock HPOS="37.0"
                   VPOS="324.0"
                   WIDTH="539.0"
                   HEIGHT="140.0"
                   ID="region_1740323732827_674"
                   TAGREFS="BT3756">
          <Shape><Polygon POINTS="111 337 181 324 490 332 495 359 576 364 566 407 489 410 491 464 37 463 40 393 98 392"/></Shape>
          <TextLine ID="eSc_line_c212f47d"
                    BASELINE="113 355 485 361" 
                    HPOS="113.0"
                    VPOS="355.0"
                    WIDTH="372.0"
                    HEIGHT="6.0">
	    <String CONTENT=""
                    HPOS="113.0"
                    VPOS="355.0"
                    WIDTH="372.0"
                    HEIGHT="6.0"></String>
          </TextLine>
          <TextLine ID="eSc_line_675eff3b"
                    BASELINE="127 381 563 391" 
                    HPOS="127.0"
                    VPOS="381.0"
                    WIDTH="436.0"
                    HEIGHT="10.0">
	    <String CONTENT=""
                    HPOS="127.0"
                    VPOS="381.0"
                    WIDTH="436.0"
                    HEIGHT="10.0"></String>
          </TextLine>
          <TextLine ID="eSc_line_9d093b73"
                    BASELINE="54 418 473 422" 
                    HPOS="54.0"
                    VPOS="418.0"
                    WIDTH="419.0"
                    HEIGHT="4.0">
	    <String CONTENT=""
                    HPOS="54.0"
                    VPOS="418.0"
                    WIDTH="419.0"
                    HEIGHT="4.0"></String>
          </TextLine>
          <TextLine ID="eSc_line_5f7e08f7"
                    BASELINE="50 446 485 456" 
                    HPOS="50.0"
                    VPOS="446.0"
                    WIDTH="435.0"
                    HEIGHT="10.0">
	    <String CONTENT=""
                    HPOS="50.0"
                    VPOS="446.0"
                    WIDTH="435.0"
                    HEIGHT="10.0"></String>
          </TextLine>
        </TextBlock>
        <TextBlock HPOS="46.0"
                   VPOS="506.0"
                   WIDTH="286.0"
                   HEIGHT="583.0"
                   ID="region_1740323770339_680"
                   TAGREFS="BT3759">
          <Shape><Polygon POINTS="65 507 320 506 332 1089 51 1083 46 530 65 525"/></Shape>
          <TextLine ID="eSc_line_8058b1b2"
                    BASELINE="68 529 315 531" 
                    HPOS="68.0"
                    VPOS="529.0"
                    WIDTH="247.0"
                    HEIGHT="2.0">
	    <String CONTENT=""
                    HPOS="68.0"
                    VPOS="529.0"
                    WIDTH="247.0"
                    HEIGHT="2.0"></String>
          </TextLine>
          <TextLine ID="eSc_line_49ceb18b"
                    BASELINE="56 552 317 558" 
                    HPOS="56.0"
                    VPOS="552.0"
                    WIDTH="261.0"
                    HEIGHT="6.0">
	    <String CONTENT=""
                    HPOS="56.0"
                    VPOS="552.0"
                    WIDTH="261.0"
                    HEIGHT="6.0"></String>
          </TextLine>
          <TextLine ID="eSc_line_a81824f5"
                    BASELINE="56 570 317 576" 
                    HPOS="56.0"
                    VPOS="570.0"
                    WIDTH="261.0"
                    HEIGHT="6.0">
	    <String CONTENT=""
                    HPOS="56.0"
                    VPOS="570.0"
                    WIDTH="261.0"
                    HEIGHT="6.0"></String>
          </TextLine>
          <TextLine ID="eSc_line_f33e76bc"
                    BASELINE="56 588 320 597" 
                    HPOS="56.0"
                    VPOS="588.0"
                    WIDTH="264.0"
                    HEIGHT="9.0">
	    <String CONTENT=""
                    HPOS="56.0"
                    VPOS="588.0"
                    WIDTH="264.0"
                    HEIGHT="9.0"></String>
          </TextLine>
          <TextLine ID="eSc_line_2166196b"
                    BASELINE="56 613 320 613" 
                    HPOS="56.0"
                    VPOS="613.0"
                    WIDTH="264.0"
                    HEIGHT="0.0">
	    <String CONTENT=""
                    HPOS="56.0"
                    VPOS="613.0"
                    WIDTH="264.0"
                    HEIGHT="0.0"></String>
          </TextLine>
          <TextLine ID="eSc_line_7b14ad0d"
                    BASELINE="56 630 318 635" 
                    HPOS="56.0"
                    VPOS="630.0"
                    WIDTH="262.0"
                    HEIGHT="5.0">
	    <String CONTENT=""
                    HPOS="56.0"
                    VPOS="630.0"
                    WIDTH="262.0"
                    HEIGHT="5.0"></String>
          </TextLine>
          <TextLine ID="eSc_line_3734ccb1"
                    BASELINE="55 651 318 657" 
                    HPOS="55.0"
                    VPOS="651.0"
                    WIDTH="263.0"
                    HEIGHT="6.0">
	    <String CONTENT=""
                    HPOS="55.0"
                    VPOS="651.0"
                    WIDTH="263.0"
                    HEIGHT="6.0"></String>
          </TextLine>
          <TextLine ID="eSc_line_3c4e8fa8"
                    BASELINE="56 675 320 678" 
                    HPOS="56.0"
                    VPOS="675.0"
                    WIDTH="264.0"
                    HEIGHT="3.0">
	    <String CONTENT=""
                    HPOS="56.0"
                    VPOS="675.0"
                    WIDTH="264.0"
                    HEIGHT="3.0"></String>
          </TextLine>
          <TextLine ID="eSc_line_98eb5821"
                    BASELINE="56 693 317 695" 
                    HPOS="56.0"
                    VPOS="693.0"
                    WIDTH="261.0"
                    HEIGHT="2.0">
	    <String CONTENT=""
                    HPOS="56.0"
                    VPOS="693.0"
                    WIDTH="261.0"
                    HEIGHT="2.0"></String>
          </TextLine>
          <TextLine ID="eSc_line_be04c09b"
                    BASELINE="59 713 315 714" 
                    HPOS="59.0"
                    VPOS="713.0"
                    WIDTH="256.0"
                    HEIGHT="1.0">
	    <String CONTENT=""
                    HPOS="59.0"
                    VPOS="713.0"
                    WIDTH="256.0"
                    HEIGHT="1.0"></String>
          </TextLine>
          <TextLine ID="eSc_line_568315b1"
                    BASELINE="53 732 318 732" 
                    HPOS="53.0"
                    VPOS="732.0"
                    WIDTH="265.0"
                    HEIGHT="0.0">
	    <String CONTENT=""
                    HPOS="53.0"
                    VPOS="732.0"
                    WIDTH="265.0"
                    HEIGHT="0.0"></String>
          </TextLine>
          <TextLine ID="eSc_line_797d7be9"
                    BASELINE="56 751 320 757" 
                    HPOS="56.0"
                    VPOS="751.0"
                    WIDTH="264.0"
                    HEIGHT="6.0">
	    <String CONTENT=""
                    HPOS="56.0"
                    VPOS="751.0"
                    WIDTH="264.0"
                    HEIGHT="6.0"></String>
          </TextLine>
          <TextLine ID="eSc_line_015b7ef9"
                    BASELINE="61 774 321 777" 
                    HPOS="61.0"
                    VPOS="774.0"
                    WIDTH="260.0"
                    HEIGHT="3.0">
	    <String CONTENT=""
                    HPOS="61.0"
                    VPOS="774.0"
                    WIDTH="260.0"
                    HEIGHT="3.0"></String>
          </TextLine>
          <TextLine ID="eSc_line_4e7db057"
                    BASELINE="58 793 324 800" 
                    HPOS="58.0"
                    VPOS="793.0"
                    WIDTH="266.0"
                    HEIGHT="7.0">
	    <String CONTENT=""
                    HPOS="58.0"
                    VPOS="793.0"
                    WIDTH="266.0"
                    HEIGHT="7.0"></String>
          </TextLine>
          <TextLine ID="eSc_line_1ecbd452"
                    BASELINE="56 815 323 816" 
                    HPOS="56.0"
                    VPOS="815.0"
                    WIDTH="267.0"
                    HEIGHT="1.0">
	    <String CONTENT=""
                    HPOS="56.0"
                    VPOS="815.0"
                    WIDTH="267.0"
                    HEIGHT="1.0"></String>
          </TextLine>
          <TextLine ID="eSc_line_4c30ea0d"
                    BASELINE="60 835 323 836" 
                    HPOS="60.0"
                    VPOS="835.0"
                    WIDTH="263.0"
                    HEIGHT="1.0">
	    <String CONTENT=""
                    HPOS="60.0"
                    VPOS="835.0"
                    WIDTH="263.0"
                    HEIGHT="1.0"></String>
          </TextLine>
          <TextLine ID="eSc_line_0af1f6ec"
                    BASELINE="326 858 58 857" 
                    HPOS="58.0"
                    VPOS="857.0"
                    WIDTH="268.0"
                    HEIGHT="1.0">
	    <String CONTENT=""
                    HPOS="58.0"
                    VPOS="857.0"
                    WIDTH="268.0"
                    HEIGHT="1.0"></String>
          </TextLine>
          <TextLine ID="eSc_line_d3508754"
                    BASELINE="325 876 61 874" 
                    HPOS="61.0"
                    VPOS="874.0"
                    WIDTH="264.0"
                    HEIGHT="2.0">
	    <String CONTENT=""
                    HPOS="61.0"
                    VPOS="874.0"
                    WIDTH="264.0"
                    HEIGHT="2.0"></String>
          </TextLine>
          <TextLine ID="eSc_line_c88a1db8"
                    BASELINE="58 895 328 895" 
                    HPOS="58.0"
                    VPOS="895.0"
                    WIDTH="270.0"
                    HEIGHT="0.0">
	    <String CONTENT=""
                    HPOS="58.0"
                    VPOS="895.0"
                    WIDTH="270.0"
                    HEIGHT="0.0"></String>
          </TextLine>
          <TextLine ID="eSc_line_d869e6df"
                    BASELINE="61 913 325 915" 
                    HPOS="61.0"
                    VPOS="913.0"
                    WIDTH="264.0"
                    HEIGHT="2.0">
	    <String CONTENT=""
                    HPOS="61.0"
                    VPOS="913.0"
                    WIDTH="264.0"
                    HEIGHT="2.0"></String>
          </TextLine>
          <TextLine ID="eSc_line_56f21033"
                    BASELINE="61 934 328 937" 
                    HPOS="61.0"
                    VPOS="934.0"
                    WIDTH="267.0"
                    HEIGHT="3.0">
	    <String CONTENT=""
                    HPOS="61.0"
                    VPOS="934.0"
                    WIDTH="267.0"
                    HEIGHT="3.0"></String>
          </TextLine>
          <TextLine ID="eSc_line_3ed35ba9"
                    BASELINE="61 956 330 959" 
                    HPOS="61.0"
                    VPOS="956.0"
                    WIDTH="269.0"
                    HEIGHT="3.0">
	    <String CONTENT=""
                    HPOS="61.0"
                    VPOS="956.0"
                    WIDTH="269.0"
                    HEIGHT="3.0"></String>
          </TextLine>
          <TextLine ID="eSc_line_80aa6038"
                    BASELINE="60 976 329 982" 
                    HPOS="60.0"
                    VPOS="976.0"
                    WIDTH="269.0"
                    HEIGHT="6.0">
	    <String CONTENT=""
                    HPOS="60.0"
                    VPOS="976.0"
                    WIDTH="269.0"
                    HEIGHT="6.0"></String>
          </TextLine>
          <TextLine ID="eSc_line_afcc3c5d"
                    BASELINE="61 994 329 1001" 
                    HPOS="61.0"
                    VPOS="994.0"
                    WIDTH="268.0"
                    HEIGHT="7.0">
	    <String CONTENT=""
                    HPOS="61.0"
                    VPOS="994.0"
                    WIDTH="268.0"
                    HEIGHT="7.0"></String>
          </TextLine>
          <TextLine ID="eSc_line_b9a7ee5c"
                    BASELINE="61 1015 328 1021" 
                    HPOS="61.0"
                    VPOS="1015.0"
                    WIDTH="267.0"
                    HEIGHT="6.0">
	    <String CONTENT=""
                    HPOS="61.0"
                    VPOS="1015.0"
                    WIDTH="267.0"
                    HEIGHT="6.0"></String>
          </TextLine>
          <TextLine ID="eSc_line_1aa2a7e2"
                    BASELINE="65 1035 329 1041" 
                    HPOS="65.0"
                    VPOS="1035.0"
                    WIDTH="264.0"
                    HEIGHT="6.0">
	    <String CONTENT=""
                    HPOS="65.0"
                    VPOS="1035.0"
                    WIDTH="264.0"
                    HEIGHT="6.0"></String>
          </TextLine>
          <TextLine ID="eSc_line_e057b994"
                    BASELINE="63 1057 328 1067" 
                    HPOS="63.0"
                    VPOS="1057.0"
                    WIDTH="265.0"
                    HEIGHT="10.0">
	    <String CONTENT=""
                    HPOS="63.0"
                    VPOS="1057.0"
                    WIDTH="265.0"
                    HEIGHT="10.0"></String>
          </TextLine>
          <TextLine ID="eSc_line_983e1466"
                    BASELINE="63 1076 333 1082" 
                    HPOS="63.0"
                    VPOS="1076.0"
                    WIDTH="270.0"
                    HEIGHT="6.0">
	    <String CONTENT=""
                    HPOS="63.0"
                    VPOS="1076.0"
                    WIDTH="270.0"
                    HEIGHT="6.0"></String>
          </TextLine>
        </TextBlock>
        <TextBlock HPOS="329.0"
                   VPOS="509.0"
                   WIDTH="298.0"
                   HEIGHT="583.0"
                   ID="region_1740323862114_692"
                   TAGREFS="BT3760">
          <Shape><Polygon POINTS="563 1092 627 1092 615 509 329 510 342 1089"/></Shape>
          <TextLine ID="eSc_line_4ce83901"
                    BASELINE="334 535 612 535" 
                    HPOS="334.0"
                    VPOS="535.0"
                    WIDTH="278.0"
                    HEIGHT="0.0">
	    <String CONTENT=""
                    HPOS="334.0"
                    VPOS="535.0"
                    WIDTH="278.0"
                    HEIGHT="0.0"></String>
          </TextLine>
          <TextLine ID="eSc_line_9b39df2d"
                    BASELINE="334 552 612 559" 
                    HPOS="334.0"
                    VPOS="552.0"
                    WIDTH="278.0"
                    HEIGHT="7.0">
	    <String CONTENT=""
                    HPOS="334.0"
                    VPOS="552.0"
                    WIDTH="278.0"
                    HEIGHT="7.0"></String>
          </TextLine>
          <TextLine ID="eSc_line_6ff96d58"
                    BASELINE="334 574 614 575" 
                    HPOS="334.0"
                    VPOS="574.0"
                    WIDTH="280.0"
                    HEIGHT="1.0">
	    <String CONTENT=""
                    HPOS="334.0"
                    VPOS="574.0"
                    WIDTH="280.0"
                    HEIGHT="1.0"></String>
          </TextLine>
          <TextLine ID="eSc_line_e0d5159c"
                    BASELINE="337 594 611 599" 
                    HPOS="337.0"
                    VPOS="594.0"
                    WIDTH="274.0"
                    HEIGHT="5.0">
	    <String CONTENT=""
                    HPOS="337.0"
                    VPOS="594.0"
                    WIDTH="274.0"
                    HEIGHT="5.0"></String>
          </TextLine>
          <TextLine ID="eSc_line_5b45fb3f"
                    BASELINE="336 614 607 619" 
                    HPOS="336.0"
                    VPOS="614.0"
                    WIDTH="271.0"
                    HEIGHT="5.0">
	    <String CONTENT=""
                    HPOS="336.0"
                    VPOS="614.0"
                    WIDTH="271.0"
                    HEIGHT="5.0"></String>
          </TextLine>
          <TextLine ID="eSc_line_efcc5a04"
                    BASELINE="336 637 611 639" 
                    HPOS="336.0"
                    VPOS="637.0"
                    WIDTH="275.0"
                    HEIGHT="2.0">
	    <String CONTENT=""
                    HPOS="336.0"
                    VPOS="637.0"
                    WIDTH="275.0"
                    HEIGHT="2.0"></String>
          </TextLine>
          <TextLine ID="eSc_line_2c9ad796"
                    BASELINE="339 655 617 662" 
                    HPOS="339.0"
                    VPOS="655.0"
                    WIDTH="278.0"
                    HEIGHT="7.0">
	    <String CONTENT=""
                    HPOS="339.0"
                    VPOS="655.0"
                    WIDTH="278.0"
                    HEIGHT="7.0"></String>
          </TextLine>
          <TextLine ID="eSc_line_d51925bc"
                    BASELINE="341 674 604 679" 
                    HPOS="341.0"
                    VPOS="674.0"
                    WIDTH="263.0"
                    HEIGHT="5.0">
	    <String CONTENT=""
                    HPOS="341.0"
                    VPOS="674.0"
                    WIDTH="263.0"
                    HEIGHT="5.0"></String>
          </TextLine>
          <TextLine ID="eSc_line_bc41ae6c"
                    BASELINE="341 694 611 700" 
                    HPOS="341.0"
                    VPOS="694.0"
                    WIDTH="270.0"
                    HEIGHT="6.0">
	    <String CONTENT=""
                    HPOS="341.0"
                    VPOS="694.0"
                    WIDTH="270.0"
                    HEIGHT="6.0"></String>
          </TextLine>
          <TextLine ID="eSc_line_36fe38d1"
                    BASELINE="341 714 614 725" 
                    HPOS="341.0"
                    VPOS="714.0"
                    WIDTH="273.0"
                    HEIGHT="11.0">
	    <String CONTENT=""
                    HPOS="341.0"
                    VPOS="714.0"
                    WIDTH="273.0"
                    HEIGHT="11.0"></String>
          </TextLine>
          <TextLine ID="eSc_line_f2f1da64"
                    BASELINE="341 739 619 740" 
                    HPOS="341.0"
                    VPOS="739.0"
                    WIDTH="278.0"
                    HEIGHT="1.0">
	    <String CONTENT=""
                    HPOS="341.0"
                    VPOS="739.0"
                    WIDTH="278.0"
                    HEIGHT="1.0"></String>
          </TextLine>
          <TextLine ID="eSc_line_89d5add8"
                    BASELINE="341 757 614 760" 
                    HPOS="341.0"
                    VPOS="757.0"
                    WIDTH="273.0"
                    HEIGHT="3.0">
	    <String CONTENT=""
                    HPOS="341.0"
                    VPOS="757.0"
                    WIDTH="273.0"
                    HEIGHT="3.0"></String>
          </TextLine>
          <TextLine ID="eSc_line_17cc45de"
                    BASELINE="344 779 617 785" 
                    HPOS="344.0"
                    VPOS="779.0"
                    WIDTH="273.0"
                    HEIGHT="6.0">
	    <String CONTENT=""
                    HPOS="344.0"
                    VPOS="779.0"
                    WIDTH="273.0"
                    HEIGHT="6.0"></String>
          </TextLine>
          <TextLine ID="eSc_line_f4521b42"
                    BASELINE="342 799 612 807" 
                    HPOS="342.0"
                    VPOS="799.0"
                    WIDTH="270.0"
                    HEIGHT="8.0">
	    <String CONTENT=""
                    HPOS="342.0"
                    VPOS="799.0"
                    WIDTH="270.0"
                    HEIGHT="8.0"></String>
          </TextLine>
          <TextLine ID="eSc_line_14e5b86c"
                    BASELINE="344 820 621 827" 
                    HPOS="344.0"
                    VPOS="820.0"
                    WIDTH="277.0"
                    HEIGHT="7.0">
	    <String CONTENT=""
                    HPOS="344.0"
                    VPOS="820.0"
                    WIDTH="277.0"
                    HEIGHT="7.0"></String>
          </TextLine>
          <TextLine ID="eSc_line_8cf4bbf5"
                    BASELINE="344 839 614 845" 
                    HPOS="344.0"
                    VPOS="839.0"
                    WIDTH="270.0"
                    HEIGHT="6.0">
	    <String CONTENT=""
                    HPOS="344.0"
                    VPOS="839.0"
                    WIDTH="270.0"
                    HEIGHT="6.0"></String>
          </TextLine>
          <TextLine ID="eSc_line_3450b3e5"
                    BASELINE="342 859 613 863" 
                    HPOS="342.0"
                    VPOS="859.0"
                    WIDTH="271.0"
                    HEIGHT="4.0">
	    <String CONTENT=""
                    HPOS="342.0"
                    VPOS="859.0"
                    WIDTH="271.0"
                    HEIGHT="4.0"></String>
          </TextLine>
          <TextLine ID="eSc_line_c1926958"
                    BASELINE="344 876 617 881" 
                    HPOS="344.0"
                    VPOS="876.0"
                    WIDTH="273.0"
                    HEIGHT="5.0">
	    <String CONTENT=""
                    HPOS="344.0"
                    VPOS="876.0"
                    WIDTH="273.0"
                    HEIGHT="5.0"></String>
          </TextLine>
          <TextLine ID="eSc_line_59e44584"
                    BASELINE="346 896 613 902" 
                    HPOS="346.0"
                    VPOS="896.0"
                    WIDTH="267.0"
                    HEIGHT="6.0">
	    <String CONTENT=""
                    HPOS="346.0"
                    VPOS="896.0"
                    WIDTH="267.0"
                    HEIGHT="6.0"></String>
          </TextLine>
          <TextLine ID="eSc_line_613d02bf"
                    BASELINE="345 916 617 923" 
                    HPOS="345.0"
                    VPOS="916.0"
                    WIDTH="272.0"
                    HEIGHT="7.0">
	    <String CONTENT=""
                    HPOS="345.0"
                    VPOS="916.0"
                    WIDTH="272.0"
                    HEIGHT="7.0"></String>
          </TextLine>
          <TextLine ID="eSc_line_dfb95b45"
                    BASELINE="346 937 612 943" 
                    HPOS="346.0"
                    VPOS="937.0"
                    WIDTH="266.0"
                    HEIGHT="6.0">
	    <String CONTENT=""
                    HPOS="346.0"
                    VPOS="937.0"
                    WIDTH="266.0"
                    HEIGHT="6.0"></String>
          </TextLine>
          <TextLine ID="eSc_line_217358ef"
                    BASELINE="345 959 616 965" 
                    HPOS="345.0"
                    VPOS="959.0"
                    WIDTH="271.0"
                    HEIGHT="6.0">
	    <String CONTENT=""
                    HPOS="345.0"
                    VPOS="959.0"
                    WIDTH="271.0"
                    HEIGHT="6.0"></String>
          </TextLine>
          <TextLine ID="eSc_line_b0523290"
                    BASELINE="348 976 619 983" 
                    HPOS="348.0"
                    VPOS="976.0"
                    WIDTH="271.0"
                    HEIGHT="7.0">
	    <String CONTENT=""
                    HPOS="348.0"
                    VPOS="976.0"
                    WIDTH="271.0"
                    HEIGHT="7.0"></String>
          </TextLine>
          <TextLine ID="eSc_line_d970e2f2"
                    BASELINE="346 999 616 1004" 
                    HPOS="346.0"
                    VPOS="999.0"
                    WIDTH="270.0"
                    HEIGHT="5.0">
	    <String CONTENT=""
                    HPOS="346.0"
                    VPOS="999.0"
                    WIDTH="270.0"
                    HEIGHT="5.0"></String>
          </TextLine>
          <TextLine ID="eSc_line_770c9ff7"
                    BASELINE="345 1020 621 1028" 
                    HPOS="345.0"
                    VPOS="1020.0"
                    WIDTH="276.0"
                    HEIGHT="8.0">
	    <String CONTENT=""
                    HPOS="345.0"
                    VPOS="1020.0"
                    WIDTH="276.0"
                    HEIGHT="8.0"></String>
          </TextLine>
          <TextLine ID="eSc_line_a41de04c"
                    BASELINE="345 1041 623 1050" 
                    HPOS="345.0"
                    VPOS="1041.0"
                    WIDTH="278.0"
                    HEIGHT="9.0">
	    <String CONTENT=""
                    HPOS="345.0"
                    VPOS="1041.0"
                    WIDTH="278.0"
                    HEIGHT="9.0"></String>
          </TextLine>
          <TextLine ID="eSc_line_d4f690d2"
                    BASELINE="346 1064 621 1070" 
                    HPOS="346.0"
                    VPOS="1064.0"
                    WIDTH="275.0"
                    HEIGHT="6.0">
	    <String CONTENT=""
                    HPOS="346.0"
                    VPOS="1064.0"
                    WIDTH="275.0"
                    HEIGHT="6.0"></String>
          </TextLine>
          <TextLine ID="eSc_line_6e88093b"
                    BASELINE="348 1084 619 1089" 
                    HPOS="348.0"
                    VPOS="1084.0"
                    WIDTH="271.0"
                    HEIGHT="5.0">
	    <String CONTENT=""
                    HPOS="348.0"
                    VPOS="1084.0"
                    WIDTH="271.0"
                    HEIGHT="5.0"></String>
          </TextLine>
        </TextBlock>
        <TextBlock HPOS="553.0"
                   VPOS="460.0"
                   WIDTH="55.0"
                   HEIGHT="36.0"
                   ID="region_1740323738557_677"
                   TAGREFS="BT3756">
          <Shape><Polygon POINTS="557 462 608 460 608 496 553 492"/></Shape>
        </TextBlock>
        <TextBlock HPOS="39.0"
                   VPOS="321.0"
                   WIDTH="79.0"
                   HEIGHT="65.0"
                   ID="region_1740323715925_671"
                   TAGREFS="BT3756">
          <Shape><Polygon POINTS="105 337 118 333 108 321 39 327 47 341 64 386 95 386"/></Shape>
        </TextBlock>
        <TextBlock HPOS="553.0"
                   VPOS="1093.0"
                   WIDTH="70.0"
                   HEIGHT="22.0"
                   ID="region_1740323836755_686"
                   TAGREFS="BT3756">
          <Shape><Polygon POINTS="563 1093 623 1096 622 1115 553 1114 555 1096"/></Shape>
        </TextBlock>
        <TextBlock HPOS="73.0"
                   VPOS="1101.0"
                   WIDTH="403.0"
                   HEIGHT="51.0"
                   ID="region_1740323881935_701"
                   TAGREFS="BT3756">
          <Shape><Polygon POINTS="75 1101 476 1111 468 1152 73 1145"/></Shape>
        </TextBlock>
      </PrintSpace>
    </Page>
  </Layout>
</alto>
