<?xml version="1.0" encoding="UTF-8"?>
<alto xmlns:xsi="http://www.w3.org/2001/XMLSchema-instance"
      xmlns="http://www.loc.gov/standards/alto/ns-v4#"
      xsi:schemaLocation="http://www.loc.gov/standards/alto/ns-v4# http://www.loc.gov/standards/alto/v4/alto-4-2.xsd">
  <Description>
    <MeasurementUnit>pixel</MeasurementUnit>
    <sourceImageInformation>
      <fileName>1772f.,_Poetische_Werke,_Walthard,_Bd._4,_VD18_90660110_Seite_147_Bild_0001.jpg</fileName>
    </sourceImageInformation>
  </Description>
  <Tags>
    <OtherTag ID="BT1" LABEL="Title" DESCRIPTION="block type Title"/><OtherTag ID="BT2" LABEL="Main" DESCRIPTION="block type Main"/><OtherTag ID="BT3" LABEL="Commentary" DESCRIPTION="block type Commentary"/><OtherTag ID="BT4" LABEL="Illustration" DESCRIPTION="block type Illustration"/><OtherTag ID="BT3755" LABEL="header" DESCRIPTION="block type header"/><OtherTag ID="BT3756" LABEL="paragraph" DESCRIPTION="block type paragraph"/><OtherTag ID="BT3757" LABEL="heading" DESCRIPTION="block type heading"/><OtherTag ID="BT3758" LABEL="footnote" DESCRIPTION="block type footnote"/><OtherTag ID="BT3759" LABEL="l-column" DESCRIPTION="block type l-column"/><OtherTag ID="BT3760" LABEL="r-column" DESCRIPTION="block type r-column"/><OtherTag ID="BT3761" LABEL="marginalia" DESCRIPTION="block type marginalia"/><OtherTag ID="BT4125" LABEL="drop-capital" DESCRIPTION="block type drop-capital"/><OtherTag ID="BT4126" LABEL="catch-word" DESCRIPTION="block type catch-word"/><OtherTag ID="BT4127" LABEL="page-number" DESCRIPTION="block type page-number"/><OtherTag ID="BT4128" LABEL="signature-mark" DESCRIPTION="block type signature-mark"/><OtherTag ID="BT4129" LABEL="poem_lg" DESCRIPTION="block type poem_lg"/><OtherTag ID="BT4130" LABEL="endnote" DESCRIPTION="block type endnote"/>
  </Tags>
  <Layout>
    <Page WIDTH="800"
          HEIGHT="1420"
          PHYSICAL_IMG_NR="148"
          ID="eSc_dummypage_">
      <PrintSpace HPOS="0"
                  VPOS="0"
                  WIDTH="800"
                  HEIGHT="1420">
        <TextBlock HPOS="238.0"
                   VPOS="160.0"
                   WIDTH="196.0"
                   HEIGHT="47.0"
                   ID="region_1740323426683_583"
                   TAGREFS="BT3756">
          <Shape><Polygon POINTS="249 160 434 162 432 207 238 201"/></Shape>
        </TextBlock>
        <TextBlock HPOS="550.0"
                   VPOS="167.0"
                   WIDTH="76.0"
                   HEIGHT="41.0"
                   ID="region_1740323430869_586"
                   TAGREFS="BT3756">
          <Shape><Polygon POINTS="550 167 626 168 617 208 553 202"/></Shape>
        </TextBlock>
        <TextBlock HPOS="53.0"
                   VPOS="215.0"
                   WIDTH="577.0"
                   HEIGHT="182.0"
                   ID="region_1740323444736_589"
                   TAGREFS="BT3756">
          <Shape><Polygon POINTS="112 259 320 215 614 261 630 351 565 381 57 397 53 281"/></Shape>
        </TextBlock>
        <TextBlock HPOS="55.0"
                   VPOS="392.0"
                   WIDTH="590.0"
                   HEIGHT="190.0"
                   ID="region_1740323460024_592"
                   TAGREFS="BT3756">
          <Shape><Polygon POINTS="283 392 399 392 645 421 503 578 55 582 57 475 118 410"/></Shape>
        </TextBlock>
        <TextBlock HPOS="53.0"
                   VPOS="585.0"
                   WIDTH="587.0"
                   HEIGHT="190.0"
                   ID="region_1740323479950_595"
                   TAGREFS="BT3756">
          <Shape><Polygon POINTS="289 587 390 585 623 620 622 664 491 662 619 695 640 742 602 775 53 773 61 683 115 659 122 616 263 606"/></Shape>
        </TextBlock>
        <TextBlock HPOS="193.0"
                   VPOS="808.0"
                   WIDTH="284.0"
                   HEIGHT="83.0"
                   ID="region_1740323517773_601"
                   TAGREFS="BT3757">
          <Shape><Polygon POINTS="204 808 477 814 468 850 434 859 426 891 245 891 246 852 193 843"/></Shape>
        </TextBlock>
        <TextBlock HPOS="66.0"
                   VPOS="892.0"
                   WIDTH="62.0"
                   HEIGHT="54.0"
                   ID="region_1740323537169_604"
                   TAGREFS="BT3756">
          <Shape><Polygon POINTS="118 902 126 901 128 893 69 892 66 903 71 918 67 945 127 946 126 940 119 932"/></Shape>
        </TextBlock>
        <TextBlock HPOS="67.0"
                   VPOS="888.0"
                   WIDTH="434.0"
                   HEIGHT="272.0"
                   ID="region_1740323565198_607"
                   TAGREFS="BT3756">
          <Shape><Polygon POINTS="132 901 134 888 266 895 440 898 501 934 473 994 458 1096 406 1160 67 1154 68 955 142 962 121 928 120 905"/></Shape>
        </TextBlock>
        <TextBlock HPOS="531.0"
                   VPOS="1147.0"
                   WIDTH="100.0"
                   HEIGHT="37.0"
                   ID="region_1740323572082_610"
                   TAGREFS="BT3756">
          <Shape><Polygon POINTS="533 1147 631 1149 631 1184 531 1180"/></Shape>
        </TextBlock>
      </PrintSpace>
    </Page>
  </Layout>
</alto>
