<?xml version="1.0" encoding="UTF-8"?>
<alto xmlns:xsi="http://www.w3.org/2001/XMLSchema-instance"
      xmlns="http://www.loc.gov/standards/alto/ns-v4#"
      xsi:schemaLocation="http://www.loc.gov/standards/alto/ns-v4# http://www.loc.gov/standards/alto/v4/alto-4-2.xsd">
  <Description>
    <MeasurementUnit>pixel</MeasurementUnit>
    <sourceImageInformation>
      <fileName>1772f.,_Poetische_Werke,_Walthard,_Bd._2,_VD18_90660080_Seite_156_Bild_0001.jpg</fileName>
    </sourceImageInformation>
  </Description>
  <Tags>
    <OtherTag ID="BT1" LABEL="Title" DESCRIPTION="block type Title"/><OtherTag ID="BT2" LABEL="Main" DESCRIPTION="block type Main"/><OtherTag ID="BT3" LABEL="Commentary" DESCRIPTION="block type Commentary"/><OtherTag ID="BT4" LABEL="Illustration" DESCRIPTION="block type Illustration"/><OtherTag ID="BT3755" LABEL="header" DESCRIPTION="block type header"/><OtherTag ID="BT3756" LABEL="paragraph" DESCRIPTION="block type paragraph"/><OtherTag ID="BT3757" LABEL="heading" DESCRIPTION="block type heading"/><OtherTag ID="BT3758" LABEL="footnote" DESCRIPTION="block type footnote"/><OtherTag ID="BT3759" LABEL="l-column" DESCRIPTION="block type l-column"/><OtherTag ID="BT3760" LABEL="r-column" DESCRIPTION="block type r-column"/><OtherTag ID="BT3761" LABEL="marginalia" DESCRIPTION="block type marginalia"/><OtherTag ID="BT4125" LABEL="drop-capital" DESCRIPTION="block type drop-capital"/><OtherTag ID="BT4126" LABEL="catch-word" DESCRIPTION="block type catch-word"/><OtherTag ID="BT4127" LABEL="page-number" DESCRIPTION="block type page-number"/><OtherTag ID="BT4128" LABEL="signature-mark" DESCRIPTION="block type signature-mark"/><OtherTag ID="BT4129" LABEL="poem_lg" DESCRIPTION="block type poem_lg"/><OtherTag ID="BT4130" LABEL="endnote" DESCRIPTION="block type endnote"/>
  </Tags>
  <Layout>
    <Page WIDTH="800"
          HEIGHT="1446"
          PHYSICAL_IMG_NR="146"
          ID="eSc_dummypage_">
      <PrintSpace HPOS="0"
                  VPOS="0"
                  WIDTH="800"
                  HEIGHT="1446">
        <TextBlock HPOS="196.0"
                   VPOS="184.0"
                   WIDTH="59.0"
                   HEIGHT="36.0"
                   ID="region_1740322695404_306"
                   TAGREFS="BT3756">
          <Shape><Polygon POINTS="197 184 255 185 253 220 196 217"/></Shape>
        </TextBlock>
        <TextBlock HPOS="312.0"
                   VPOS="171.0"
                   WIDTH="331.0"
                   HEIGHT="41.0"
                   ID="region_1740322704195_309"
                   TAGREFS="BT3756">
          <Shape><Polygon POINTS="312 176 643 171 638 209 586 212 314 211"/></Shape>
        </TextBlock>
        <TextBlock HPOS="399.0"
                   VPOS="313.0"
                   WIDTH="161.0"
                   HEIGHT="48.0"
                   ID="region_1740322727016_315"
                   TAGREFS="BT3757">
          <Shape><Polygon POINTS="407 314 560 313 558 358 399 361"/></Shape>
        </TextBlock>
        <TextBlock HPOS="191.0"
                   VPOS="382.0"
                   WIDTH="39.0"
                   HEIGHT="56.0"
                   ID="region_1740322738238_318"
                   TAGREFS="BT3756">
          <Shape><Polygon POINTS="200 438 225 436 225 430 221 421 221 393 229 390 230 382 195 382 191 425"/></Shape>
        </TextBlock>
        <TextBlock HPOS="194.0"
                   VPOS="379.0"
                   WIDTH="585.0"
                   HEIGHT="268.0"
                   ID="region_1740322777946_321"
                   TAGREFS="BT3756">
          <Shape><Polygon POINTS="225 396 264 384 474 383 700 379 704 411 770 408 769 448 739 451 685 490 712 525 778 535 779 577 709 586 752 630 462 637 194 647 195 452 226 449 229 432 225 417"/></Shape>
        </TextBlock>
        <TextBlock HPOS="422.0"
                   VPOS="666.0"
                   WIDTH="107.0"
                   HEIGHT="38.0"
                   ID="region_1740322800874_324"
                   TAGREFS="BT3756">
          <Shape><Polygon POINTS="425 669 528 666 529 704 422 704"/></Shape>
        </TextBlock>
        <TextBlock HPOS="190.0"
                   VPOS="719.0"
                   WIDTH="588.0"
                   HEIGHT="74.0"
                   ID="region_1740322807496_327"
                   TAGREFS="BT3756">
          <Shape><Polygon POINTS="254 721 778 719 759 790 190 793 194 755 255 752"/></Shape>
        </TextBlock>
        <TextBlock HPOS="437.0"
                   VPOS="812.0"
                   WIDTH="99.0"
                   HEIGHT="38.0"
                   ID="region_1740322811907_330"
                   TAGREFS="BT3756">
          <Shape><Polygon POINTS="437 812 536 815 535 850 440 846"/></Shape>
        </TextBlock>
        <TextBlock HPOS="195.0"
                   VPOS="865.0"
                   WIDTH="583.0"
                   HEIGHT="242.0"
                   ID="region_1740322873529_333"
                   TAGREFS="BT3756">
          <Shape><Polygon POINTS="262 869 777 865 776 940 671 945 778 985 776 1093 196 1107 195 904 262 907"/></Shape>
        </TextBlock>
        <TextBlock HPOS="667.0"
                   VPOS="1124.0"
                   WIDTH="106.0"
                   HEIGHT="41.0"
                   ID="region_1740322882031_336"
                   TAGREFS="BT3756">
          <Shape><Polygon POINTS="680 1129 772 1124 773 1165 667 1162 669 1129"/></Shape>
        </TextBlock>
      </PrintSpace>
    </Page>
  </Layout>
</alto>
