<?xml version="1.0" encoding="UTF-8"?>
<alto xmlns:xsi="http://www.w3.org/2001/XMLSchema-instance"
      xmlns="http://www.loc.gov/standards/alto/ns-v4#"
      xsi:schemaLocation="http://www.loc.gov/standards/alto/ns-v4# http://www.loc.gov/standards/alto/v4/alto-4-2.xsd">
  <Description>
    <MeasurementUnit>pixel</MeasurementUnit>
    <sourceImageInformation>
      <fileName>1772f.,_Poetische_Werke,_Walthard,_Bd._1,_VD18_90660072_Seite_016_Bild_0001.jpg</fileName>
    </sourceImageInformation>
  </Description>
  <Tags>
    <OtherTag ID="BT1" LABEL="Title" DESCRIPTION="block type Title"/><OtherTag ID="BT2" LABEL="Main" DESCRIPTION="block type Main"/><OtherTag ID="BT3" LABEL="Commentary" DESCRIPTION="block type Commentary"/><OtherTag ID="BT4" LABEL="Illustration" DESCRIPTION="block type Illustration"/><OtherTag ID="BT3755" LABEL="header" DESCRIPTION="block type header"/><OtherTag ID="BT3756" LABEL="paragraph" DESCRIPTION="block type paragraph"/><OtherTag ID="BT3757" LABEL="heading" DESCRIPTION="block type heading"/><OtherTag ID="BT3758" LABEL="footnote" DESCRIPTION="block type footnote"/><OtherTag ID="BT3759" LABEL="l-column" DESCRIPTION="block type l-column"/><OtherTag ID="BT3760" LABEL="r-column" DESCRIPTION="block type r-column"/><OtherTag ID="BT3761" LABEL="marginalia" DESCRIPTION="block type marginalia"/><OtherTag ID="BT4125" LABEL="drop-capital" DESCRIPTION="block type drop-capital"/><OtherTag ID="BT4126" LABEL="catch-word" DESCRIPTION="block type catch-word"/><OtherTag ID="BT4127" LABEL="page-number" DESCRIPTION="block type page-number"/><OtherTag ID="BT4128" LABEL="signature-mark" DESCRIPTION="block type signature-mark"/><OtherTag ID="BT4129" LABEL="poem_lg" DESCRIPTION="block type poem_lg"/><OtherTag ID="BT4130" LABEL="endnote" DESCRIPTION="block type endnote"/>
  </Tags>
  <Layout>
    <Page WIDTH="800"
          HEIGHT="1447"
          PHYSICAL_IMG_NR="142"
          ID="eSc_dummypage_">
      <PrintSpace HPOS="0"
                  VPOS="0"
                  WIDTH="800"
                  HEIGHT="1447">
        <TextBlock HPOS="179.0"
                   VPOS="193.0"
                   WIDTH="604.0"
                   HEIGHT="177.0"
                   ID="region_1719318829256_1058"
                   TAGREFS="BT3756">
          <Shape><Polygon POINTS="179 193 779 193 783 357 179 370"/></Shape>
          <TextLine ID="eSc_line_1d81c650"
                    BASELINE="186 220 776 222" 
                    HPOS="186.0"
                    VPOS="220.0"
                    WIDTH="590.0"
                    HEIGHT="2.0">
	    <String CONTENT=""
                    HPOS="186.0"
                    VPOS="220.0"
                    WIDTH="590.0"
                    HEIGHT="2.0"></String>
          </TextLine>
          <TextLine ID="eSc_line_b4dc5bd8"
                    BASELINE="190 255 780 257" 
                    HPOS="190.0"
                    VPOS="255.0"
                    WIDTH="590.0"
                    HEIGHT="2.0">
	    <String CONTENT=""
                    HPOS="190.0"
                    VPOS="255.0"
                    WIDTH="590.0"
                    HEIGHT="2.0"></String>
          </TextLine>
          <TextLine ID="eSc_line_b7abf6c3"
                    BASELINE="188 291 776 291" 
                    HPOS="188.0"
                    VPOS="291.0"
                    WIDTH="588.0"
                    HEIGHT="0.0">
	    <String CONTENT=""
                    HPOS="188.0"
                    VPOS="291.0"
                    WIDTH="588.0"
                    HEIGHT="0.0"></String>
          </TextLine>
          <TextLine ID="eSc_line_9c546652"
                    BASELINE="190 318 774 324" 
                    HPOS="190.0"
                    VPOS="318.0"
                    WIDTH="584.0"
                    HEIGHT="6.0">
	    <String CONTENT=""
                    HPOS="190.0"
                    VPOS="318.0"
                    WIDTH="584.0"
                    HEIGHT="6.0"></String>
          </TextLine>
          <TextLine ID="eSc_line_815fd96e"
                    BASELINE="190 355 563 357" 
                    HPOS="190.0"
                    VPOS="355.0"
                    WIDTH="373.0"
                    HEIGHT="2.0">
	    <String CONTENT=""
                    HPOS="190.0"
                    VPOS="355.0"
                    WIDTH="373.0"
                    HEIGHT="2.0"></String>
          </TextLine>
        </TextBlock>
        <TextBlock HPOS="395.0"
                   VPOS="130.0"
                   WIDTH="163.0"
                   HEIGHT="40.0"
                   ID="region_1719318822246_1055"
                   TAGREFS="BT3756">
          <Shape><Polygon POINTS="395 130 546 132 558 170 406 170"/></Shape>
          <TextLine ID="eSc_line_3fd82f8b"
                    BASELINE="409 164 560 164" 
                    HPOS="409.0"
                    VPOS="164.0"
                    WIDTH="151.0"
                    HEIGHT="0.0">
	    <String CONTENT=""
                    HPOS="409.0"
                    VPOS="164.0"
                    WIDTH="151.0"
                    HEIGHT="0.0"></String>
          </TextLine>
        </TextBlock>
        <TextBlock HPOS="180.0"
                   VPOS="396.0"
                   WIDTH="600.0"
                   HEIGHT="210.0"
                   ID="region_1719318836352_1061"
                   TAGREFS="BT3756">
          <Shape><Polygon POINTS="186 402 745 396 780 606 180 606"/></Shape>
          <TextLine ID="eSc_line_fe1443fb"
                    BASELINE="449 430 587 430" 
                    HPOS="449.0"
                    VPOS="430.0"
                    WIDTH="138.0"
                    HEIGHT="0.0">
	    <String CONTENT=""
                    HPOS="449.0"
                    VPOS="430.0"
                    WIDTH="138.0"
                    HEIGHT="0.0"></String>
          </TextLine>
          <TextLine ID="eSc_line_f8e6c0fe"
                    BASELINE="190 469 524 471" 
                    HPOS="190.0"
                    VPOS="469.0"
                    WIDTH="334.0"
                    HEIGHT="2.0">
	    <String CONTENT=""
                    HPOS="190.0"
                    VPOS="469.0"
                    WIDTH="334.0"
                    HEIGHT="2.0"></String>
          </TextLine>
          <TextLine ID="eSc_line_d2a6924c"
                    BASELINE="186 511 556 513" 
                    HPOS="186.0"
                    VPOS="511.0"
                    WIDTH="370.0"
                    HEIGHT="2.0">
	    <String CONTENT=""
                    HPOS="186.0"
                    VPOS="511.0"
                    WIDTH="370.0"
                    HEIGHT="2.0"></String>
          </TextLine>
          <TextLine ID="eSc_line_53b07675"
                    BASELINE="186 552 768 558" 
                    HPOS="186.0"
                    VPOS="552.0"
                    WIDTH="582.0"
                    HEIGHT="6.0">
	    <String CONTENT=""
                    HPOS="186.0"
                    VPOS="552.0"
                    WIDTH="582.0"
                    HEIGHT="6.0"></String>
          </TextLine>
          <TextLine ID="eSc_line_914d9b0e"
                    BASELINE="186 593 662 595" 
                    HPOS="186.0"
                    VPOS="593.0"
                    WIDTH="476.0"
                    HEIGHT="2.0">
	    <String CONTENT=""
                    HPOS="186.0"
                    VPOS="593.0"
                    WIDTH="476.0"
                    HEIGHT="2.0"></String>
          </TextLine>
        </TextBlock>
        <TextBlock HPOS="230.0"
                   VPOS="660.0"
                   WIDTH="427.0"
                   HEIGHT="45.0"
                   ID="region_1719318854406_1066"
                   TAGREFS="BT3756">
          <Shape><Polygon POINTS="233 660 657 660 657 705 230 701"/></Shape>
          <TextLine ID="eSc_line_c0bc1d6d"
                    BASELINE="236 692 648 694" 
                    HPOS="236.0"
                    VPOS="692.0"
                    WIDTH="412.0"
                    HEIGHT="2.0">
	    <String CONTENT=""
                    HPOS="236.0"
                    VPOS="692.0"
                    WIDTH="412.0"
                    HEIGHT="2.0"></String>
          </TextLine>
        </TextBlock>
        <TextBlock HPOS="182.0"
                   VPOS="139.0"
                   WIDTH="28.0"
                   HEIGHT="29.0"
                   ID="region_1719318818471_1052"
                   TAGREFS="BT3756">
          <Shape><Polygon POINTS="182 139 210 139 208 167 182 168"/></Shape>
        </TextBlock>
        <TextBlock HPOS="605.0"
                   VPOS="1103.0"
                   WIDTH="163.0"
                   HEIGHT="51.0"
                   ID="region_1719318933651_1085"
                   TAGREFS="BT3756">
          <Shape><Polygon POINTS="605 1103 753 1103 768 1154 605 1154"/></Shape>
        </TextBlock>
      </PrintSpace>
    </Page>
  </Layout>
</alto>
