<?xml version="1.0" encoding="UTF-8"?>
<alto xmlns:xsi="http://www.w3.org/2001/XMLSchema-instance"
      xmlns="http://www.loc.gov/standards/alto/ns-v4#"
      xsi:schemaLocation="http://www.loc.gov/standards/alto/ns-v4# http://www.loc.gov/standards/alto/v4/alto-4-2.xsd">
  <Description>
    <MeasurementUnit>pixel</MeasurementUnit>
    <sourceImageInformation>
      <fileName>1772f.,_Poetische_Werke,_Walthard,_Bd._4,_VD18_90660110_Seite_076_Bild_0001.jpg</fileName>
    </sourceImageInformation>
  </Description>
  <Tags>
    <OtherTag ID="BT1" LABEL="Title" DESCRIPTION="block type Title"/><OtherTag ID="BT2" LABEL="Main" DESCRIPTION="block type Main"/><OtherTag ID="BT3" LABEL="Commentary" DESCRIPTION="block type Commentary"/><OtherTag ID="BT4" LABEL="Illustration" DESCRIPTION="block type Illustration"/><OtherTag ID="BT3755" LABEL="header" DESCRIPTION="block type header"/><OtherTag ID="BT3756" LABEL="paragraph" DESCRIPTION="block type paragraph"/><OtherTag ID="BT3757" LABEL="heading" DESCRIPTION="block type heading"/><OtherTag ID="BT3758" LABEL="footnote" DESCRIPTION="block type footnote"/><OtherTag ID="BT3759" LABEL="l-column" DESCRIPTION="block type l-column"/><OtherTag ID="BT3760" LABEL="r-column" DESCRIPTION="block type r-column"/><OtherTag ID="BT3761" LABEL="marginalia" DESCRIPTION="block type marginalia"/><OtherTag ID="BT4125" LABEL="drop-capital" DESCRIPTION="block type drop-capital"/><OtherTag ID="BT4126" LABEL="catch-word" DESCRIPTION="block type catch-word"/><OtherTag ID="BT4127" LABEL="page-number" DESCRIPTION="block type page-number"/><OtherTag ID="BT4128" LABEL="signature-mark" DESCRIPTION="block type signature-mark"/><OtherTag ID="BT4129" LABEL="poem_lg" DESCRIPTION="block type poem_lg"/><OtherTag ID="BT4130" LABEL="endnote" DESCRIPTION="block type endnote"/>
  </Tags>
  <Layout>
    <Page WIDTH="800"
          HEIGHT="1420"
          PHYSICAL_IMG_NR="147"
          ID="eSc_dummypage_">
      <PrintSpace HPOS="0"
                  VPOS="0"
                  WIDTH="800"
                  HEIGHT="1420">
        <TextBlock HPOS="188.0"
                   VPOS="200.0"
                   WIDTH="526.0"
                   HEIGHT="201.0"
                   ID="region_1740323038525_392"
                   TAGREFS="BT3756">
          <Shape><Polygon POINTS="258 200 714 203 701 284 642 401 189 401 188 231 252 230"/></Shape>
          <TextLine ID="eSc_line_16cfed80"
                    BASELINE="269 230 701 238" 
                    HPOS="269.0"
                    VPOS="230.0"
                    WIDTH="432.0"
                    HEIGHT="8.0">
	    <String CONTENT=""
                    HPOS="269.0"
                    VPOS="230.0"
                    WIDTH="432.0"
                    HEIGHT="8.0"></String>
          </TextLine>
          <TextLine ID="eSc_line_e5261fc9"
                    BASELINE="657 267 210 267" 
                    HPOS="210.0"
                    VPOS="267.0"
                    WIDTH="447.0"
                    HEIGHT="0.0">
	    <String CONTENT=""
                    HPOS="210.0"
                    VPOS="267.0"
                    WIDTH="447.0"
                    HEIGHT="0.0"></String>
          </TextLine>
          <TextLine ID="eSc_line_30d0ab17"
                    BASELINE="208 291 661 296" 
                    HPOS="208.0"
                    VPOS="291.0"
                    WIDTH="453.0"
                    HEIGHT="5.0">
	    <String CONTENT=""
                    HPOS="208.0"
                    VPOS="291.0"
                    WIDTH="453.0"
                    HEIGHT="5.0"></String>
          </TextLine>
          <TextLine ID="eSc_line_e9fdaa64"
                    BASELINE="613 328 203 328" 
                    HPOS="203.0"
                    VPOS="328.0"
                    WIDTH="410.0"
                    HEIGHT="0.0">
	    <String CONTENT=""
                    HPOS="203.0"
                    VPOS="328.0"
                    WIDTH="410.0"
                    HEIGHT="0.0"></String>
          </TextLine>
          <TextLine ID="eSc_line_f5bc7a6f"
                    BASELINE="205 359 574 361" 
                    HPOS="205.0"
                    VPOS="359.0"
                    WIDTH="369.0"
                    HEIGHT="2.0">
	    <String CONTENT=""
                    HPOS="205.0"
                    VPOS="359.0"
                    WIDTH="369.0"
                    HEIGHT="2.0"></String>
          </TextLine>
          <TextLine ID="eSc_line_1cbf58f4"
                    BASELINE="633 392 207 388" 
                    HPOS="207.0"
                    VPOS="388.0"
                    WIDTH="426.0"
                    HEIGHT="4.0">
	    <String CONTENT=""
                    HPOS="207.0"
                    VPOS="388.0"
                    WIDTH="426.0"
                    HEIGHT="4.0"></String>
          </TextLine>
        </TextBlock>
        <TextBlock HPOS="363.0"
                   VPOS="144.0"
                   WIDTH="243.0"
                   HEIGHT="43.0"
                   ID="region_1740323030208_389"
                   TAGREFS="BT3756">
          <Shape><Polygon POINTS="397 144 606 145 602 187 363 180 367 144"/></Shape>
          <TextLine ID="eSc_line_1eae463a"
                    BASELINE="374 175 596 181" 
                    HPOS="374.0"
                    VPOS="175.0"
                    WIDTH="222.0"
                    HEIGHT="6.0">
	    <String CONTENT=""
                    HPOS="374.0"
                    VPOS="175.0"
                    WIDTH="222.0"
                    HEIGHT="6.0"></String>
          </TextLine>
        </TextBlock>
        <TextBlock HPOS="182.0"
                   VPOS="434.0"
                   WIDTH="530.0"
                   HEIGHT="209.0"
                   ID="region_1740323083882_409"
                   TAGREFS="BT3756">
          <Shape><Polygon POINTS="263 434 712 438 655 643 182 639 187 461 246 460"/></Shape>
          <TextLine ID="eSc_line_698f7b1d"
                    BASELINE="269 466 683 469" 
                    HPOS="269.0"
                    VPOS="466.0"
                    WIDTH="414.0"
                    HEIGHT="3.0">
	    <String CONTENT=""
                    HPOS="269.0"
                    VPOS="466.0"
                    WIDTH="414.0"
                    HEIGHT="3.0"></String>
          </TextLine>
          <TextLine ID="eSc_line_bd6d21d8"
                    BASELINE="681 499 201 495" 
                    HPOS="201.0"
                    VPOS="495.0"
                    WIDTH="480.0"
                    HEIGHT="4.0">
	    <String CONTENT=""
                    HPOS="201.0"
                    VPOS="495.0"
                    WIDTH="480.0"
                    HEIGHT="4.0"></String>
          </TextLine>
          <TextLine ID="eSc_line_969e3485"
                    BASELINE="201 526 655 532" 
                    HPOS="201.0"
                    VPOS="526.0"
                    WIDTH="454.0"
                    HEIGHT="6.0">
	    <String CONTENT=""
                    HPOS="201.0"
                    VPOS="526.0"
                    WIDTH="454.0"
                    HEIGHT="6.0"></String>
          </TextLine>
          <TextLine ID="eSc_line_960a67db"
                    BASELINE="670 559 197 558" 
                    HPOS="197.0"
                    VPOS="558.0"
                    WIDTH="473.0"
                    HEIGHT="1.0">
	    <String CONTENT=""
                    HPOS="197.0"
                    VPOS="558.0"
                    WIDTH="473.0"
                    HEIGHT="1.0"></String>
          </TextLine>
          <TextLine ID="eSc_line_64ee54c8"
                    BASELINE="199 587 659 591" 
                    HPOS="199.0"
                    VPOS="587.0"
                    WIDTH="460.0"
                    HEIGHT="4.0">
	    <String CONTENT=""
                    HPOS="199.0"
                    VPOS="587.0"
                    WIDTH="460.0"
                    HEIGHT="4.0"></String>
          </TextLine>
          <TextLine ID="eSc_line_27c70732"
                    BASELINE="642 620 196 624" 
                    HPOS="196.0"
                    VPOS="620.0"
                    WIDTH="446.0"
                    HEIGHT="4.0">
	    <String CONTENT=""
                    HPOS="196.0"
                    VPOS="620.0"
                    WIDTH="446.0"
                    HEIGHT="4.0"></String>
          </TextLine>
        </TextBlock>
        <TextBlock HPOS="268.0"
                   VPOS="737.0"
                   WIDTH="404.0"
                   HEIGHT="49.0"
                   ID="region_1740323126524_415"
                   TAGREFS="BT3757">
          <Shape><Polygon POINTS="295 737 672 740 659 786 268 780"/></Shape>
          <TextLine ID="eSc_line_4b2dc53a"
                    BASELINE="284 774 658 776" 
                    HPOS="284.0"
                    VPOS="774.0"
                    WIDTH="374.0"
                    HEIGHT="2.0">
	    <String CONTENT=""
                    HPOS="284.0"
                    VPOS="774.0"
                    WIDTH="374.0"
                    HEIGHT="2.0"></String>
          </TextLine>
        </TextBlock>
        <TextBlock HPOS="180.0"
                   VPOS="805.0"
                   WIDTH="529.0"
                   HEIGHT="271.0"
                   ID="region_1740323189410_425"
                   TAGREFS="BT3756">
          <Shape><Polygon POINTS="217 816 221 813 238 805 556 810 709 845 702 895 640 971 696 1047 664 1073 180 1076 185 876 200 875 226 871 217 843 214 825"/></Shape>
          <TextLine ID="eSc_line_0d29f06b"
                    BASELINE="536 839 223 839" 
                    HPOS="223.0"
                    VPOS="839.0"
                    WIDTH="313.0"
                    HEIGHT="0.0">
	    <String CONTENT=""
                    HPOS="223.0"
                    VPOS="839.0"
                    WIDTH="313.0"
                    HEIGHT="0.0"></String>
          </TextLine>
          <TextLine ID="eSc_line_f6e1da0f"
                    BASELINE="234 863 697 868" 
                    HPOS="234.0"
                    VPOS="863.0"
                    WIDTH="463.0"
                    HEIGHT="5.0">
	    <String CONTENT=""
                    HPOS="234.0"
                    VPOS="863.0"
                    WIDTH="463.0"
                    HEIGHT="5.0"></String>
          </TextLine>
          <TextLine ID="eSc_line_e36bddbb"
                    BASELINE="196 897 583 899" 
                    HPOS="196.0"
                    VPOS="897.0"
                    WIDTH="387.0"
                    HEIGHT="2.0">
	    <String CONTENT=""
                    HPOS="196.0"
                    VPOS="897.0"
                    WIDTH="387.0"
                    HEIGHT="2.0"></String>
          </TextLine>
          <TextLine ID="eSc_line_f1b14071"
                    BASELINE="641 933 185 933" 
                    HPOS="185.0"
                    VPOS="933.0"
                    WIDTH="456.0"
                    HEIGHT="0.0">
	    <String CONTENT=""
                    HPOS="185.0"
                    VPOS="933.0"
                    WIDTH="456.0"
                    HEIGHT="0.0"></String>
          </TextLine>
          <TextLine ID="eSc_line_aa3d6615"
                    BASELINE="192 960 574 964" 
                    HPOS="192.0"
                    VPOS="960.0"
                    WIDTH="382.0"
                    HEIGHT="4.0">
	    <String CONTENT=""
                    HPOS="192.0"
                    VPOS="960.0"
                    WIDTH="382.0"
                    HEIGHT="4.0"></String>
          </TextLine>
          <TextLine ID="eSc_line_51d1d898"
                    BASELINE="596 991 194 991" 
                    HPOS="194.0"
                    VPOS="991.0"
                    WIDTH="402.0"
                    HEIGHT="0.0">
	    <String CONTENT=""
                    HPOS="194.0"
                    VPOS="991.0"
                    WIDTH="402.0"
                    HEIGHT="0.0"></String>
          </TextLine>
          <TextLine ID="eSc_line_38f5eecf"
                    BASELINE="192 1023 637 1025" 
                    HPOS="192.0"
                    VPOS="1023.0"
                    WIDTH="445.0"
                    HEIGHT="2.0">
	    <String CONTENT=""
                    HPOS="192.0"
                    VPOS="1023.0"
                    WIDTH="445.0"
                    HEIGHT="2.0"></String>
          </TextLine>
          <TextLine ID="eSc_line_bf20a1c2"
                    BASELINE="668 1054 183 1059" 
                    HPOS="183.0"
                    VPOS="1054.0"
                    WIDTH="485.0"
                    HEIGHT="5.0">
	    <String CONTENT=""
                    HPOS="183.0"
                    VPOS="1054.0"
                    WIDTH="485.0"
                    HEIGHT="5.0"></String>
          </TextLine>
        </TextBlock>
        <TextBlock HPOS="690.0"
                   VPOS="1096.0"
                   WIDTH="63.0"
                   HEIGHT="39.0"
                   ID="region_1740323283278_465"
                   TAGREFS="BT3756">
          <Shape><Polygon POINTS="691 1096 753 1105 748 1135 690 1131"/></Shape>
        </TextBlock>
        <TextBlock HPOS="189.0"
                   VPOS="809.0"
                   WIDTH="28.0"
                   HEIGHT="54.0"
                   ID="region_1740323149038_418"
                   TAGREFS="BT3756">
          <Shape><Polygon POINTS="212 815 216 815 217 810 191 809 189 863 216 863 217 853 211 830"/></Shape>
        </TextBlock>
        <TextBlock HPOS="198.0"
                   VPOS="141.0"
                   WIDTH="57.0"
                   HEIGHT="41.0"
                   ID="region_1740323025052_386"
                   TAGREFS="BT3756">
          <Shape><Polygon POINTS="204 141 255 143 246 182 198 178"/></Shape>
        </TextBlock>
      </PrintSpace>
    </Page>
  </Layout>
</alto>
