<?xml version="1.0" encoding="UTF-8"?>
<alto xmlns:xsi="http://www.w3.org/2001/XMLSchema-instance"
      xmlns="http://www.loc.gov/standards/alto/ns-v4#"
      xsi:schemaLocation="http://www.loc.gov/standards/alto/ns-v4# http://www.loc.gov/standards/alto/v4/alto-4-2.xsd">
  <Description>
    <MeasurementUnit>pixel</MeasurementUnit>
    <sourceImageInformation>
      <fileName>1772f.,_Poetische_Werke,_Walthard,_Bd._5,_VD18_90660129_Seite_052_Bild_0001.jpg</fileName>
    </sourceImageInformation>
  </Description>
  <Tags>
    <OtherTag ID="BT1" LABEL="Title" DESCRIPTION="block type Title"/><OtherTag ID="BT2" LABEL="Main" DESCRIPTION="block type Main"/><OtherTag ID="BT3" LABEL="Commentary" DESCRIPTION="block type Commentary"/><OtherTag ID="BT4" LABEL="Illustration" DESCRIPTION="block type Illustration"/><OtherTag ID="BT3755" LABEL="header" DESCRIPTION="block type header"/><OtherTag ID="BT3756" LABEL="paragraph" DESCRIPTION="block type paragraph"/><OtherTag ID="BT3757" LABEL="heading" DESCRIPTION="block type heading"/><OtherTag ID="BT3758" LABEL="footnote" DESCRIPTION="block type footnote"/><OtherTag ID="BT3759" LABEL="l-column" DESCRIPTION="block type l-column"/><OtherTag ID="BT3760" LABEL="r-column" DESCRIPTION="block type r-column"/><OtherTag ID="BT3761" LABEL="marginalia" DESCRIPTION="block type marginalia"/><OtherTag ID="BT4125" LABEL="drop-capital" DESCRIPTION="block type drop-capital"/><OtherTag ID="BT4126" LABEL="catch-word" DESCRIPTION="block type catch-word"/><OtherTag ID="BT4127" LABEL="page-number" DESCRIPTION="block type page-number"/><OtherTag ID="BT4128" LABEL="signature-mark" DESCRIPTION="block type signature-mark"/><OtherTag ID="BT4129" LABEL="poem_lg" DESCRIPTION="block type poem_lg"/><OtherTag ID="BT4130" LABEL="endnote" DESCRIPTION="block type endnote"/>
  </Tags>
  <Layout>
    <Page WIDTH="800"
          HEIGHT="1458"
          PHYSICAL_IMG_NR="151"
          ID="eSc_dummypage_">
      <PrintSpace HPOS="0"
                  VPOS="0"
                  WIDTH="800"
                  HEIGHT="1458">
        <TextBlock HPOS="272.0"
                   VPOS="167.0"
                   WIDTH="429.0"
                   HEIGHT="44.0"
                   ID="region_1740324164706_767"
                   TAGREFS="BT3756">
          <Shape><Polygon POINTS="287 168 701 167 690 209 272 211"/></Shape>
          <TextLine ID="eSc_line_2d38b79a"
                    BASELINE="278 203 690 199" 
                    HPOS="278.0"
                    VPOS="199.0"
                    WIDTH="412.0"
                    HEIGHT="4.0">
	    <String CONTENT=""
                    HPOS="278.0"
                    VPOS="199.0"
                    WIDTH="412.0"
                    HEIGHT="4.0"></String>
          </TextLine>
        </TextBlock>
        <TextBlock HPOS="313.0"
                   VPOS="233.0"
                   WIDTH="389.0"
                   HEIGHT="140.0"
                   ID="region_1740324182818_770"
                   TAGREFS="BT3756">
          <Shape><Polygon POINTS="313 233 702 236 699 273 532 285 544 332 664 340 661 369 313 373 321 298"/></Shape>
          <TextLine ID="eSc_line_df2b9b97"
                    BASELINE="320 261 690 265" 
                    HPOS="320.0"
                    VPOS="261.0"
                    WIDTH="370.0"
                    HEIGHT="4.0">
	    <String CONTENT=""
                    HPOS="320.0"
                    VPOS="261.0"
                    WIDTH="370.0"
                    HEIGHT="4.0"></String>
          </TextLine>
          <TextLine ID="eSc_line_795dd88f"
                    BASELINE="356 295 517 295" 
                    HPOS="356.0"
                    VPOS="295.0"
                    WIDTH="161.0"
                    HEIGHT="0.0">
	    <String CONTENT=""
                    HPOS="356.0"
                    VPOS="295.0"
                    WIDTH="161.0"
                    HEIGHT="0.0"></String>
          </TextLine>
          <TextLine ID="eSc_line_16530e7c"
                    BASELINE="353 325 527 328" 
                    HPOS="353.0"
                    VPOS="325.0"
                    WIDTH="174.0"
                    HEIGHT="3.0">
	    <String CONTENT=""
                    HPOS="353.0"
                    VPOS="325.0"
                    WIDTH="174.0"
                    HEIGHT="3.0"></String>
          </TextLine>
          <TextLine ID="eSc_line_173dd213"
                    BASELINE="322 361 650 361" 
                    HPOS="322.0"
                    VPOS="361.0"
                    WIDTH="328.0"
                    HEIGHT="0.0">
	    <String CONTENT=""
                    HPOS="322.0"
                    VPOS="361.0"
                    WIDTH="328.0"
                    HEIGHT="0.0"></String>
          </TextLine>
        </TextBlock>
        <TextBlock HPOS="165.0"
                   VPOS="381.0"
                   WIDTH="619.0"
                   HEIGHT="244.0"
                   ID="region_1740324197092_773"
                   TAGREFS="BT3756">
          <Shape><Polygon POINTS="244 382 784 381 776 592 303 590 291 619 165 625 178 415 219 417"/></Shape>
          <TextLine ID="eSc_line_efc658aa"
                    BASELINE="254 418 766 410" 
                    HPOS="254.0"
                    VPOS="410.0"
                    WIDTH="512.0"
                    HEIGHT="8.0">
	    <String CONTENT=""
                    HPOS="254.0"
                    VPOS="410.0"
                    WIDTH="512.0"
                    HEIGHT="8.0"></String>
          </TextLine>
          <TextLine ID="eSc_line_9e6deac9"
                    BASELINE="184 448 768 443" 
                    HPOS="184.0"
                    VPOS="443.0"
                    WIDTH="584.0"
                    HEIGHT="5.0">
	    <String CONTENT=""
                    HPOS="184.0"
                    VPOS="443.0"
                    WIDTH="584.0"
                    HEIGHT="5.0"></String>
          </TextLine>
          <TextLine ID="eSc_line_5f5b9bfc"
                    BASELINE="187 477 769 481" 
                    HPOS="187.0"
                    VPOS="477.0"
                    WIDTH="582.0"
                    HEIGHT="4.0">
	    <String CONTENT=""
                    HPOS="187.0"
                    VPOS="477.0"
                    WIDTH="582.0"
                    HEIGHT="4.0"></String>
          </TextLine>
          <TextLine ID="eSc_line_a1e813f0"
                    BASELINE="185 513 765 513" 
                    HPOS="185.0"
                    VPOS="513.0"
                    WIDTH="580.0"
                    HEIGHT="0.0">
	    <String CONTENT=""
                    HPOS="185.0"
                    VPOS="513.0"
                    WIDTH="580.0"
                    HEIGHT="0.0"></String>
          </TextLine>
          <TextLine ID="eSc_line_cd65ca30"
                    BASELINE="181 544 774 546" 
                    HPOS="181.0"
                    VPOS="544.0"
                    WIDTH="593.0"
                    HEIGHT="2.0">
	    <String CONTENT=""
                    HPOS="181.0"
                    VPOS="544.0"
                    WIDTH="593.0"
                    HEIGHT="2.0"></String>
          </TextLine>
          <TextLine ID="eSc_line_83d06a9f"
                    BASELINE="181 576 771 578" 
                    HPOS="181.0"
                    VPOS="576.0"
                    WIDTH="590.0"
                    HEIGHT="2.0">
	    <String CONTENT=""
                    HPOS="181.0"
                    VPOS="576.0"
                    WIDTH="590.0"
                    HEIGHT="2.0"></String>
          </TextLine>
          <TextLine ID="eSc_line_01a35c0f"
                    BASELINE="179 611 282 611" 
                    HPOS="179.0"
                    VPOS="611.0"
                    WIDTH="103.0"
                    HEIGHT="0.0">
	    <String CONTENT=""
                    HPOS="179.0"
                    VPOS="611.0"
                    WIDTH="103.0"
                    HEIGHT="0.0"></String>
          </TextLine>
        </TextBlock>
        <TextBlock HPOS="168.0"
                   VPOS="632.0"
                   WIDTH="607.0"
                   HEIGHT="308.0"
                   ID="region_1740324220218_776"
                   TAGREFS="BT3756">
          <Shape><Polygon POINTS="243 634 775 632 764 926 477 931 444 940 168 938 169 670 240 672"/></Shape>
          <TextLine ID="eSc_line_c3d0d2b6"
                    BASELINE="253 662 768 662" 
                    HPOS="253.0"
                    VPOS="662.0"
                    WIDTH="515.0"
                    HEIGHT="0.0">
	    <String CONTENT=""
                    HPOS="253.0"
                    VPOS="662.0"
                    WIDTH="515.0"
                    HEIGHT="0.0"></String>
          </TextLine>
          <TextLine ID="eSc_line_1a06e6a5"
                    BASELINE="181 695 764 695" 
                    HPOS="181.0"
                    VPOS="695.0"
                    WIDTH="583.0"
                    HEIGHT="0.0">
	    <String CONTENT=""
                    HPOS="181.0"
                    VPOS="695.0"
                    WIDTH="583.0"
                    HEIGHT="0.0"></String>
          </TextLine>
          <TextLine ID="eSc_line_9e526b17"
                    BASELINE="186 729 760 725" 
                    HPOS="186.0"
                    VPOS="725.0"
                    WIDTH="574.0"
                    HEIGHT="4.0">
	    <String CONTENT=""
                    HPOS="186.0"
                    VPOS="725.0"
                    WIDTH="574.0"
                    HEIGHT="4.0"></String>
          </TextLine>
          <TextLine ID="eSc_line_34ff73f7"
                    BASELINE="179 760 760 760" 
                    HPOS="179.0"
                    VPOS="760.0"
                    WIDTH="581.0"
                    HEIGHT="0.0">
	    <String CONTENT=""
                    HPOS="179.0"
                    VPOS="760.0"
                    WIDTH="581.0"
                    HEIGHT="0.0"></String>
          </TextLine>
          <TextLine ID="eSc_line_e0a41822"
                    BASELINE="186 791 756 789" 
                    HPOS="186.0"
                    VPOS="789.0"
                    WIDTH="570.0"
                    HEIGHT="2.0">
	    <String CONTENT=""
                    HPOS="186.0"
                    VPOS="789.0"
                    WIDTH="570.0"
                    HEIGHT="2.0"></String>
          </TextLine>
          <TextLine ID="eSc_line_7a0a21fb"
                    BASELINE="175 828 764 828" 
                    HPOS="175.0"
                    VPOS="828.0"
                    WIDTH="589.0"
                    HEIGHT="0.0">
	    <String CONTENT=""
                    HPOS="175.0"
                    VPOS="828.0"
                    WIDTH="589.0"
                    HEIGHT="0.0"></String>
          </TextLine>
          <TextLine ID="eSc_line_4a482212"
                    BASELINE="179 859 762 859" 
                    HPOS="179.0"
                    VPOS="859.0"
                    WIDTH="583.0"
                    HEIGHT="0.0">
	    <String CONTENT=""
                    HPOS="179.0"
                    VPOS="859.0"
                    WIDTH="583.0"
                    HEIGHT="0.0"></String>
          </TextLine>
          <TextLine ID="eSc_line_01131b9a"
                    BASELINE="175 892 760 894" 
                    HPOS="175.0"
                    VPOS="892.0"
                    WIDTH="585.0"
                    HEIGHT="2.0">
	    <String CONTENT=""
                    HPOS="175.0"
                    VPOS="892.0"
                    WIDTH="585.0"
                    HEIGHT="2.0"></String>
          </TextLine>
          <TextLine ID="eSc_line_bf0fc581"
                    BASELINE="178 925 758 922" 
                    HPOS="178.0"
                    VPOS="922.0"
                    WIDTH="580.0"
                    HEIGHT="3.0">
	    <String CONTENT=""
                    HPOS="178.0"
                    VPOS="922.0"
                    WIDTH="580.0"
                    HEIGHT="3.0"></String>
          </TextLine>
        </TextBlock>
        <TextBlock HPOS="204.0"
                   VPOS="986.0"
                   WIDTH="130.0"
                   HEIGHT="27.0"
                   ID="region_1740324287077_799"
                   TAGREFS="BT3759">
          <Shape><Polygon POINTS="204 986 334 986 334 1012 204 1013"/></Shape>
          <TextLine ID="eSc_line_b3c58086"
                    BASELINE="212 1008 330 1007" 
                    HPOS="212.0"
                    VPOS="1007.0"
                    WIDTH="118.0"
                    HEIGHT="1.0">
	    <String CONTENT=""
                    HPOS="212.0"
                    VPOS="1007.0"
                    WIDTH="118.0"
                    HEIGHT="1.0"></String>
          </TextLine>
        </TextBlock>
        <TextBlock HPOS="208.0"
                   VPOS="1011.0"
                   WIDTH="255.0"
                   HEIGHT="32.0"
                   ID="region_1740324315767_802"
                   TAGREFS="BT3759">
          <Shape><Polygon POINTS="211 1014 318 1014 428 1011 463 1015 460 1035 439 1038 410 1039 404 1038 239 1037 223 1043 216 1039 208 1038"/></Shape>
          <TextLine ID="eSc_line_ede1c775"
                    BASELINE="217 1034 455 1031" 
                    HPOS="217.0"
                    VPOS="1031.0"
                    WIDTH="238.0"
                    HEIGHT="3.0">
	    <String CONTENT=""
                    HPOS="217.0"
                    VPOS="1031.0"
                    WIDTH="238.0"
                    HEIGHT="3.0"></String>
          </TextLine>
        </TextBlock>
        <TextBlock HPOS="201.0"
                   VPOS="1039.0"
                   WIDTH="259.0"
                   HEIGHT="27.0"
                   ID="region_1740324335746_805"
                   TAGREFS="BT3759">
          <Shape><Polygon POINTS="208 1042 223 1047 241 1044 252 1039 403 1039 422 1041 460 1041 459 1064 444 1066 201 1065 202 1057"/></Shape>
          <TextLine ID="eSc_line_5d16c0da"
                    BASELINE="208 1061 459 1059" 
                    HPOS="208.0"
                    VPOS="1059.0"
                    WIDTH="251.0"
                    HEIGHT="2.0">
	    <String CONTENT=""
                    HPOS="208.0"
                    VPOS="1059.0"
                    WIDTH="251.0"
                    HEIGHT="2.0"></String>
          </TextLine>
        </TextBlock>
        <TextBlock HPOS="170.0"
                   VPOS="1070.0"
                   WIDTH="296.0"
                   HEIGHT="98.0"
                   ID="region_1740324257886_785"
                   TAGREFS="BT3759">
          <Shape><Polygon POINTS="191 1070 463 1070 466 1165 170 1168 172 1097 187 1093"/></Shape>
          <TextLine ID="eSc_line_1717468a"
                    BASELINE="193 1093 457 1096" 
                    HPOS="193.0"
                    VPOS="1093.0"
                    WIDTH="264.0"
                    HEIGHT="3.0">
	    <String CONTENT=""
                    HPOS="193.0"
                    VPOS="1093.0"
                    WIDTH="264.0"
                    HEIGHT="3.0"></String>
          </TextLine>
          <TextLine ID="eSc_line_052341f3"
                    BASELINE="174 1117 459 1120" 
                    HPOS="174.0"
                    VPOS="1117.0"
                    WIDTH="285.0"
                    HEIGHT="3.0">
	    <String CONTENT=""
                    HPOS="174.0"
                    VPOS="1117.0"
                    WIDTH="285.0"
                    HEIGHT="3.0"></String>
          </TextLine>
          <TextLine ID="eSc_line_4856219c"
                    BASELINE="172 1136 463 1139" 
                    HPOS="172.0"
                    VPOS="1136.0"
                    WIDTH="291.0"
                    HEIGHT="3.0">
	    <String CONTENT=""
                    HPOS="172.0"
                    VPOS="1136.0"
                    WIDTH="291.0"
                    HEIGHT="3.0"></String>
          </TextLine>
          <TextLine ID="eSc_line_0d3dd4fb"
                    BASELINE="175 1159 460 1157" 
                    HPOS="175.0"
                    VPOS="1157.0"
                    WIDTH="285.0"
                    HEIGHT="2.0">
	    <String CONTENT=""
                    HPOS="175.0"
                    VPOS="1157.0"
                    WIDTH="285.0"
                    HEIGHT="2.0"></String>
          </TextLine>
        </TextBlock>
        <TextBlock HPOS="472.0"
                   VPOS="980.0"
                   WIDTH="296.0"
                   HEIGHT="176.0"
                   ID="region_1740324359810_808"
                   TAGREFS="BT3760">
          <Shape><Polygon POINTS="475 1156 621 1152 712 1151 757 1151 768 980 472 982"/></Shape>
          <TextLine ID="eSc_line_589822cc"
                    BASELINE="480 1004 758 1002" 
                    HPOS="480.0"
                    VPOS="1002.0"
                    WIDTH="278.0"
                    HEIGHT="2.0">
	    <String CONTENT=""
                    HPOS="480.0"
                    VPOS="1002.0"
                    WIDTH="278.0"
                    HEIGHT="2.0"></String>
          </TextLine>
          <TextLine ID="eSc_line_7c7b7510"
                    BASELINE="478 1025 761 1025" 
                    HPOS="478.0"
                    VPOS="1025.0"
                    WIDTH="283.0"
                    HEIGHT="0.0">
	    <String CONTENT=""
                    HPOS="478.0"
                    VPOS="1025.0"
                    WIDTH="283.0"
                    HEIGHT="0.0"></String>
          </TextLine>
          <TextLine ID="eSc_line_bfd0c988"
                    BASELINE="478 1046 760 1046" 
                    HPOS="478.0"
                    VPOS="1046.0"
                    WIDTH="282.0"
                    HEIGHT="0.0">
	    <String CONTENT=""
                    HPOS="478.0"
                    VPOS="1046.0"
                    WIDTH="282.0"
                    HEIGHT="0.0"></String>
          </TextLine>
          <TextLine ID="eSc_line_50574aef"
                    BASELINE="478 1070 761 1071" 
                    HPOS="478.0"
                    VPOS="1070.0"
                    WIDTH="283.0"
                    HEIGHT="1.0">
	    <String CONTENT=""
                    HPOS="478.0"
                    VPOS="1070.0"
                    WIDTH="283.0"
                    HEIGHT="1.0"></String>
          </TextLine>
          <TextLine ID="eSc_line_800e290d"
                    BASELINE="475 1091 767 1087" 
                    HPOS="475.0"
                    VPOS="1087.0"
                    WIDTH="292.0"
                    HEIGHT="4.0">
	    <String CONTENT=""
                    HPOS="475.0"
                    VPOS="1087.0"
                    WIDTH="292.0"
                    HEIGHT="4.0"></String>
          </TextLine>
          <TextLine ID="eSc_line_f6e37fef"
                    BASELINE="479 1112 755 1109" 
                    HPOS="479.0"
                    VPOS="1109.0"
                    WIDTH="276.0"
                    HEIGHT="3.0">
	    <String CONTENT=""
                    HPOS="479.0"
                    VPOS="1109.0"
                    WIDTH="276.0"
                    HEIGHT="3.0"></String>
          </TextLine>
          <TextLine ID="eSc_line_45c7f55b"
                    BASELINE="478 1131 755 1129" 
                    HPOS="478.0"
                    VPOS="1129.0"
                    WIDTH="277.0"
                    HEIGHT="2.0">
	    <String CONTENT=""
                    HPOS="478.0"
                    VPOS="1129.0"
                    WIDTH="277.0"
                    HEIGHT="2.0"></String>
          </TextLine>
          <TextLine ID="eSc_line_7669a032"
                    BASELINE="479 1153 754 1148" 
                    HPOS="479.0"
                    VPOS="1148.0"
                    WIDTH="275.0"
                    HEIGHT="5.0">
	    <String CONTENT=""
                    HPOS="479.0"
                    VPOS="1148.0"
                    WIDTH="275.0"
                    HEIGHT="5.0"></String>
          </TextLine>
        </TextBlock>
        <TextBlock HPOS="689.0"
                   VPOS="1153.0"
                   WIDTH="70.0"
                   HEIGHT="28.0"
                   ID="region_1740324371879_811"
                   TAGREFS="BT3756">
          <Shape><Polygon POINTS="689 1159 709 1153 754 1156 759 1161 757 1178 689 1181 691 1167"/></Shape>
        </TextBlock>
        <TextBlock HPOS="679.0"
                   VPOS="932.0"
                   WIDTH="89.0"
                   HEIGHT="33.0"
                   ID="region_1740324227517_779"
                   TAGREFS="BT3756">
          <Shape><Polygon POINTS="692 932 768 934 764 965 679 964"/></Shape>
        </TextBlock>
        <TextBlock HPOS="184.0"
                   VPOS="179.0"
                   WIDTH="52.0"
                   HEIGHT="40.0"
                   ID="region_1740324159944_764"
                   TAGREFS="BT3756">
          <Shape><Polygon POINTS="190 179 236 182 231 219 184 215"/></Shape>
        </TextBlock>
      </PrintSpace>
    </Page>
  </Layout>
</alto>
