<?xml version="1.0" encoding="UTF-8"?>
<alto xmlns:xsi="http://www.w3.org/2001/XMLSchema-instance"
      xmlns="http://www.loc.gov/standards/alto/ns-v4#"
      xsi:schemaLocation="http://www.loc.gov/standards/alto/ns-v4# http://www.loc.gov/standards/alto/v4/alto-4-2.xsd">
  <Description>
    <MeasurementUnit>pixel</MeasurementUnit>
    <sourceImageInformation>
      <fileName>1775-Saemmtliche_Poetische_Werke_Schmieder_Bd_2_VD18_90914287_NEU-281.png</fileName>
      <fileIdentifier>mets//SchmiederZeilenUnb.zip/1775-Saemmtliche_Poetische_Werke_Schmieder_Bd_2_VD18_90914287_NEU-281.png</fileIdentifier>
    </sourceImageInformation>
  </Description>
  <Tags>
    <OtherTag ID="BT1" LABEL="Title" DESCRIPTION="block type Title"/><OtherTag ID="BT2" LABEL="Main" DESCRIPTION="block type Main"/><OtherTag ID="BT3" LABEL="Commentary" DESCRIPTION="block type Commentary"/><OtherTag ID="BT4" LABEL="Illustration" DESCRIPTION="block type Illustration"/><OtherTag ID="BT3755" LABEL="header" DESCRIPTION="block type header"/><OtherTag ID="BT3756" LABEL="paragraph" DESCRIPTION="block type paragraph"/><OtherTag ID="BT3757" LABEL="heading" DESCRIPTION="block type heading"/><OtherTag ID="BT3758" LABEL="footnote" DESCRIPTION="block type footnote"/><OtherTag ID="BT3759" LABEL="l-column" DESCRIPTION="block type l-column"/><OtherTag ID="BT3760" LABEL="r-column" DESCRIPTION="block type r-column"/><OtherTag ID="BT3761" LABEL="marginalia" DESCRIPTION="block type marginalia"/><OtherTag ID="BT4125" LABEL="drop-capital" DESCRIPTION="block type drop-capital"/><OtherTag ID="BT4126" LABEL="catch-word" DESCRIPTION="block type catch-word"/><OtherTag ID="BT4127" LABEL="page-number" DESCRIPTION="block type page-number"/><OtherTag ID="BT4128" LABEL="signature-mark" DESCRIPTION="block type signature-mark"/><OtherTag ID="BT4129" LABEL="poem_lg" DESCRIPTION="block type poem_lg"/><OtherTag ID="BT4130" LABEL="endnote" DESCRIPTION="block type endnote"/>
  </Tags>
  <Layout>
    <Page WIDTH="657"
          HEIGHT="1097"
          PHYSICAL_IMG_NR="92"
          ID="eSc_dummypage_">
      <PrintSpace HPOS="0"
                  VPOS="0"
                  WIDTH="657"
                  HEIGHT="1097">
        <TextBlock HPOS="133"
                   VPOS="95"
                   WIDTH="64"
                   HEIGHT="37"
                   ID="region_1720034037719_141"
                   TAGREFS="BT3756">
          <Shape><Polygon POINTS="197 132 197 97 133 95 145 128"/></Shape>
          <TextLine ID="eSc_line_edfca690"
                    BASELINE="147 121 189 123" 
                    HPOS="147"
                    VPOS="121"
                    WIDTH="42"
                    HEIGHT="2">
	    <String CONTENT=""
                    HPOS="147"
                    VPOS="121"
                    WIDTH="42"
                    HEIGHT="2"></String>
          </TextLine>
        </TextBlock>
        <TextBlock HPOS="232"
                   VPOS="90"
                   WIDTH="274"
                   HEIGHT="45"
                   ID="region_1720034045708_144"
                   TAGREFS="BT3756">
          <Shape><Polygon POINTS="232 130 234 90 506 104 504 135"/></Shape>
          <TextLine ID="eSc_line_67223c2b"
                    BASELINE="238 126 486 128" 
                    HPOS="238"
                    VPOS="126"
                    WIDTH="248"
                    HEIGHT="2">
	    <String CONTENT=""
                    HPOS="238"
                    VPOS="126"
                    WIDTH="248"
                    HEIGHT="2"></String>
          </TextLine>
        </TextBlock>
        <TextBlock HPOS="136"
                   VPOS="182"
                   WIDTH="434"
                   HEIGHT="230"
                   ID="region_1720034090627_153"
                   TAGREFS="BT3756">
          <Shape><Polygon POINTS="183 211 182 198 191 183 223 182 533 195 570 412 136 409 141 214"/></Shape>
          <TextLine ID="eSc_line_26393dfd"
                    BASELINE="145 234 441 243" 
                    HPOS="145"
                    VPOS="234"
                    WIDTH="296"
                    HEIGHT="9">
	    <String CONTENT=""
                    HPOS="145"
                    VPOS="234"
                    WIDTH="296"
                    HEIGHT="9"></String>
          </TextLine>
          <TextLine ID="eSc_line_0edda732"
                    BASELINE="144 261 517 270" 
                    HPOS="144"
                    VPOS="261"
                    WIDTH="373"
                    HEIGHT="9">
	    <String CONTENT=""
                    HPOS="144"
                    VPOS="261"
                    WIDTH="373"
                    HEIGHT="9"></String>
          </TextLine>
          <TextLine ID="eSc_line_1ed4b9e7"
                    BASELINE="144 288 542 299" 
                    HPOS="144"
                    VPOS="288"
                    WIDTH="398"
                    HEIGHT="11">
	    <String CONTENT=""
                    HPOS="144"
                    VPOS="288"
                    WIDTH="398"
                    HEIGHT="11"></String>
          </TextLine>
          <TextLine ID="eSc_line_36bcc0c7"
                    BASELINE="144 317 536 323" 
                    HPOS="144"
                    VPOS="317"
                    WIDTH="392"
                    HEIGHT="6">
	    <String CONTENT=""
                    HPOS="144"
                    VPOS="317"
                    WIDTH="392"
                    HEIGHT="6"></String>
          </TextLine>
          <TextLine ID="eSc_line_3d0e663a"
                    BASELINE="146 346 519 350" 
                    HPOS="146"
                    VPOS="346"
                    WIDTH="373"
                    HEIGHT="4">
	    <String CONTENT=""
                    HPOS="146"
                    VPOS="346"
                    WIDTH="373"
                    HEIGHT="4"></String>
          </TextLine>
          <TextLine ID="eSc_line_ec83b0b9"
                    BASELINE="146 369 540 380" 
                    HPOS="146"
                    VPOS="369"
                    WIDTH="394"
                    HEIGHT="11">
	    <String CONTENT=""
                    HPOS="146"
                    VPOS="369"
                    WIDTH="394"
                    HEIGHT="11"></String>
          </TextLine>
          <TextLine ID="eSc_line_47f0dca8"
                    BASELINE="143 400 506 407" 
                    HPOS="143"
                    VPOS="400"
                    WIDTH="363"
                    HEIGHT="7">
	    <String CONTENT=""
                    HPOS="143"
                    VPOS="400"
                    WIDTH="363"
                    HEIGHT="7"></String>
          </TextLine>
        </TextBlock>
        <TextBlock HPOS="301"
                   VPOS="139"
                   WIDTH="121"
                   HEIGHT="38"
                   ID="region_1720034053967_147"
                   TAGREFS="BT3757">
          <Shape><Polygon POINTS="301 144 302 174 422 177 413 141 312 139"/></Shape>
          <TextLine ID="eSc_line_04e64657"
                    BASELINE="304 168 418 172" 
                    HPOS="304"
                    VPOS="168"
                    WIDTH="114"
                    HEIGHT="4">
	    <String CONTENT=""
                    HPOS="304"
                    VPOS="168"
                    WIDTH="114"
                    HEIGHT="4"></String>
          </TextLine>
        </TextBlock>
        <TextBlock HPOS="124"
                   VPOS="418"
                   WIDTH="471"
                   HEIGHT="265"
                   ID="region_1720034144568_166"
                   TAGREFS="BT3756">
          <Shape><Polygon POINTS="148 434 124 503 128 683 574 671 595 425 174 418"/></Shape>
          <TextLine ID="eSc_line_18ef9dee"
                    BASELINE="174 447 580 452" 
                    HPOS="174"
                    VPOS="447"
                    WIDTH="406"
                    HEIGHT="5">
	    <String CONTENT=""
                    HPOS="174"
                    VPOS="447"
                    WIDTH="406"
                    HEIGHT="5"></String>
          </TextLine>
          <TextLine ID="eSc_line_b3e819cd"
                    BASELINE="371 479 439 479" 
                    HPOS="371"
                    VPOS="479"
                    WIDTH="68"
                    HEIGHT="0">
	    <String CONTENT=""
                    HPOS="371"
                    VPOS="479"
                    WIDTH="68"
                    HEIGHT="0"></String>
          </TextLine>
          <TextLine ID="eSc_line_3e12f482"
                    BASELINE="145 498 564 510" 
                    HPOS="145"
                    VPOS="498"
                    WIDTH="419"
                    HEIGHT="12">
	    <String CONTENT=""
                    HPOS="145"
                    VPOS="498"
                    WIDTH="419"
                    HEIGHT="12"></String>
          </TextLine>
          <TextLine ID="eSc_line_ab56aa8c"
                    BASELINE="140 522 558 539" 
                    HPOS="140"
                    VPOS="522"
                    WIDTH="418"
                    HEIGHT="17">
	    <String CONTENT=""
                    HPOS="140"
                    VPOS="522"
                    WIDTH="418"
                    HEIGHT="17"></String>
          </TextLine>
          <TextLine ID="eSc_line_aa21c924"
                    BASELINE="136 552 528 561" 
                    HPOS="136"
                    VPOS="552"
                    WIDTH="392"
                    HEIGHT="9">
	    <String CONTENT=""
                    HPOS="136"
                    VPOS="552"
                    WIDTH="392"
                    HEIGHT="9"></String>
          </TextLine>
          <TextLine ID="eSc_line_d4a40d13"
                    BASELINE="140 579 514 585" 
                    HPOS="140"
                    VPOS="579"
                    WIDTH="374"
                    HEIGHT="6">
	    <String CONTENT=""
                    HPOS="140"
                    VPOS="579"
                    WIDTH="374"
                    HEIGHT="6"></String>
          </TextLine>
          <TextLine ID="eSc_line_1888a201"
                    BASELINE="139 604 517 612" 
                    HPOS="139"
                    VPOS="604"
                    WIDTH="378"
                    HEIGHT="8">
	    <String CONTENT=""
                    HPOS="139"
                    VPOS="604"
                    WIDTH="378"
                    HEIGHT="8"></String>
          </TextLine>
          <TextLine ID="eSc_line_5e335dd5"
                    BASELINE="133 633 545 643" 
                    HPOS="133"
                    VPOS="633"
                    WIDTH="412"
                    HEIGHT="10">
	    <String CONTENT=""
                    HPOS="133"
                    VPOS="633"
                    WIDTH="412"
                    HEIGHT="10"></String>
          </TextLine>
          <TextLine ID="eSc_line_be58b025"
                    BASELINE="140 663 516 672" 
                    HPOS="140"
                    VPOS="663"
                    WIDTH="376"
                    HEIGHT="9">
	    <String CONTENT=""
                    HPOS="140"
                    VPOS="663"
                    WIDTH="376"
                    HEIGHT="9"></String>
          </TextLine>
        </TextBlock>
        <TextBlock HPOS="153"
                   VPOS="705"
                   WIDTH="437"
                   HEIGHT="201"
                   ID="region_1720034169453_172"
                   TAGREFS="BT3758">
          <Shape><Polygon POINTS="174 900 153 705 590 713 571 906"/></Shape>
          <TextLine ID="eSc_line_b717e7bf"
                    BASELINE="176 733 575 739" 
                    HPOS="176"
                    VPOS="733"
                    WIDTH="399"
                    HEIGHT="6">
	    <String CONTENT=""
                    HPOS="176"
                    VPOS="733"
                    WIDTH="399"
                    HEIGHT="6"></String>
          </TextLine>
          <TextLine ID="eSc_line_89aee17c"
                    BASELINE="370 764 458 768" 
                    HPOS="370"
                    VPOS="764"
                    WIDTH="88"
                    HEIGHT="4">
	    <String CONTENT=""
                    HPOS="370"
                    VPOS="764"
                    WIDTH="88"
                    HEIGHT="4"></String>
          </TextLine>
          <TextLine ID="eSc_line_6c1bca59"
                    BASELINE="176 786 569 792" 
                    HPOS="176"
                    VPOS="786"
                    WIDTH="393"
                    HEIGHT="6">
	    <String CONTENT=""
                    HPOS="176"
                    VPOS="786"
                    WIDTH="393"
                    HEIGHT="6"></String>
          </TextLine>
          <TextLine ID="eSc_line_70a4ee43"
                    BASELINE="366 816 442 816" 
                    HPOS="366"
                    VPOS="816"
                    WIDTH="76"
                    HEIGHT="0">
	    <String CONTENT=""
                    HPOS="366"
                    VPOS="816"
                    WIDTH="76"
                    HEIGHT="0"></String>
          </TextLine>
          <TextLine ID="eSc_line_614fbe7c"
                    BASELINE="177 842 574 847" 
                    HPOS="177"
                    VPOS="842"
                    WIDTH="397"
                    HEIGHT="5">
	    <String CONTENT=""
                    HPOS="177"
                    VPOS="842"
                    WIDTH="397"
                    HEIGHT="5"></String>
          </TextLine>
          <TextLine ID="eSc_line_a82b2203"
                    BASELINE="365 875 434 876" 
                    HPOS="365"
                    VPOS="875"
                    WIDTH="69"
                    HEIGHT="1">
	    <String CONTENT=""
                    HPOS="365"
                    VPOS="875"
                    WIDTH="69"
                    HEIGHT="1"></String>
          </TextLine>
          <TextLine ID="eSc_line_e7b1d068"
                    BASELINE="181 895 530 902" 
                    HPOS="181"
                    VPOS="895"
                    WIDTH="349"
                    HEIGHT="7">
	    <String CONTENT=""
                    HPOS="181"
                    VPOS="895"
                    WIDTH="349"
                    HEIGHT="7"></String>
          </TextLine>
        </TextBlock>
        <TextBlock HPOS="510"
                   VPOS="675"
                   WIDTH="64"
                   HEIGHT="28"
                   ID="region_1720034154421_169"
                   TAGREFS="BT3756">
          <Shape><Polygon POINTS="520 675 574 676 572 702 517 703 510 681"/></Shape>
          <TextLine ID="eSc_line_d009343a"
                    BASELINE="519 702 565 702" 
                    HPOS="519"
                    VPOS="702"
                    WIDTH="46"
                    HEIGHT="0">
	    <String CONTENT=""
                    HPOS="519"
                    VPOS="702"
                    WIDTH="46"
                    HEIGHT="0"></String>
          </TextLine>
        </TextBlock>
        <TextBlock HPOS="151"
                   VPOS="905"
                   WIDTH="168"
                   HEIGHT="27"
                   ID="region_1720034202972_181"
                   TAGREFS="BT3758">
          <Shape><Polygon POINTS="151 927 153 905 319 912 317 932"/></Shape>
          <TextLine ID="eSc_line_a5411cba"
                    BASELINE="155 921 315 928" 
                    HPOS="155"
                    VPOS="921"
                    WIDTH="160"
                    HEIGHT="7">
	    <String CONTENT=""
                    HPOS="155"
                    VPOS="921"
                    WIDTH="160"
                    HEIGHT="7"></String>
          </TextLine>
        </TextBlock>
        <TextBlock HPOS="151"
                   VPOS="929"
                   WIDTH="163"
                   HEIGHT="26"
                   ID="region_1720034208141_184"
                   TAGREFS="BT3758">
          <Shape><Polygon POINTS="314 955 311 934 163 929 154 930 151 936 152 950"/></Shape>
          <TextLine ID="eSc_line_1425930c"
                    BASELINE="156 947 308 950" 
                    HPOS="156"
                    VPOS="947"
                    WIDTH="152"
                    HEIGHT="3">
	    <String CONTENT=""
                    HPOS="156"
                    VPOS="947"
                    WIDTH="152"
                    HEIGHT="3"></String>
          </TextLine>
        </TextBlock>
        <TextBlock HPOS="142"
                   VPOS="159"
                   WIDTH="44"
                   HEIGHT="48"
                   ID="region_1720034065764_150"
                   TAGREFS="BT3756">
          <Shape><Polygon POINTS="179 207 186 167 168 159 142 165 144 206"/></Shape>
        </TextBlock>
        <TextBlock ID="eSc_dummyblock_">
          <TextLine ID="eSc_line_65803369"
                    BASELINE="142 212 519 220" 
                    HPOS="142"
                    VPOS="212"
                    WIDTH="377"
                    HEIGHT="8">
	    <String CONTENT=""
                    HPOS="142"
                    VPOS="212"
                    WIDTH="377"
                    HEIGHT="8"></String>
          </TextLine>
        </TextBlock>
      </PrintSpace>
    </Page>
  </Layout>
</alto>
