<?xml version="1.0" encoding="UTF-8"?>
<alto xmlns:xsi="http://www.w3.org/2001/XMLSchema-instance"
      xmlns="http://www.loc.gov/standards/alto/ns-v4#"
      xsi:schemaLocation="http://www.loc.gov/standards/alto/ns-v4# http://www.loc.gov/standards/alto/v4/alto-4-2.xsd">
  <Description>
    <MeasurementUnit>pixel</MeasurementUnit>
    <sourceImageInformation>
      <fileName>1775-Saemmtliche_Poetische_Werke_Schmieder_Bd_1_VD18_90914260_NEU-190.png</fileName>
      <fileIdentifier>mets//SchmiederZeilenUnb.zip/1775-Saemmtliche_Poetische_Werke_Schmieder_Bd_1_VD18_90914260_NEU-190.png</fileIdentifier>
    </sourceImageInformation>
  </Description>
  <Tags>
    <OtherTag ID="BT1" LABEL="Title" DESCRIPTION="block type Title"/><OtherTag ID="BT2" LABEL="Main" DESCRIPTION="block type Main"/><OtherTag ID="BT3" LABEL="Commentary" DESCRIPTION="block type Commentary"/><OtherTag ID="BT4" LABEL="Illustration" DESCRIPTION="block type Illustration"/><OtherTag ID="BT3755" LABEL="header" DESCRIPTION="block type header"/><OtherTag ID="BT3756" LABEL="paragraph" DESCRIPTION="block type paragraph"/><OtherTag ID="BT3757" LABEL="heading" DESCRIPTION="block type heading"/><OtherTag ID="BT3758" LABEL="footnote" DESCRIPTION="block type footnote"/><OtherTag ID="BT3759" LABEL="l-column" DESCRIPTION="block type l-column"/><OtherTag ID="BT3760" LABEL="r-column" DESCRIPTION="block type r-column"/><OtherTag ID="BT3761" LABEL="marginalia" DESCRIPTION="block type marginalia"/><OtherTag ID="BT4125" LABEL="drop-capital" DESCRIPTION="block type drop-capital"/><OtherTag ID="BT4126" LABEL="catch-word" DESCRIPTION="block type catch-word"/><OtherTag ID="BT4127" LABEL="page-number" DESCRIPTION="block type page-number"/><OtherTag ID="BT4128" LABEL="signature-mark" DESCRIPTION="block type signature-mark"/><OtherTag ID="BT4129" LABEL="poem_lg" DESCRIPTION="block type poem_lg"/><OtherTag ID="BT4130" LABEL="endnote" DESCRIPTION="block type endnote"/>
  </Tags>
  <Layout>
    <Page WIDTH="658"
          HEIGHT="1096"
          PHYSICAL_IMG_NR="85"
          ID="eSc_dummypage_">
      <PrintSpace HPOS="0"
                  VPOS="0"
                  WIDTH="658"
                  HEIGHT="1096">
        <TextBlock HPOS="125"
                   VPOS="91"
                   WIDTH="54"
                   HEIGHT="32"
                   ID="region_1719337968666_1166"
                   TAGREFS="BT3756">
          <Shape><Polygon POINTS="125 93 127 123 179 119 177 91"/></Shape>
          <TextLine ID="eSc_line_96dad1a8"
                    BASELINE="129 115 171 114" 
                    HPOS="129"
                    VPOS="114"
                    WIDTH="42"
                    HEIGHT="1">
	    <String CONTENT=""
                    HPOS="129"
                    VPOS="114"
                    WIDTH="42"
                    HEIGHT="1"></String>
          </TextLine>
        </TextBlock>
        <TextBlock HPOS="139"
                   VPOS="131"
                   WIDTH="452"
                   HEIGHT="137"
                   ID="region_1719338003018_1172"
                   TAGREFS="BT3756">
          <Shape><Polygon POINTS="139 264 144 131 507 131 504 157 591 166 590 217 482 228 468 268"/></Shape>
          <TextLine ID="eSc_line_7da25ff3"
                    BASELINE="149 153 470 157" 
                    HPOS="149"
                    VPOS="153"
                    WIDTH="321"
                    HEIGHT="4">
	    <String CONTENT=""
                    HPOS="149"
                    VPOS="153"
                    WIDTH="321"
                    HEIGHT="4"></String>
          </TextLine>
          <TextLine ID="eSc_line_bc4db05e"
                    BASELINE="150 180 552 184" 
                    HPOS="150"
                    VPOS="180"
                    WIDTH="402"
                    HEIGHT="4">
	    <String CONTENT=""
                    HPOS="150"
                    VPOS="180"
                    WIDTH="402"
                    HEIGHT="4"></String>
          </TextLine>
          <TextLine ID="eSc_line_1be88bc6"
                    BASELINE="144 210 585 210" 
                    HPOS="144"
                    VPOS="210"
                    WIDTH="441"
                    HEIGHT="0">
	    <String CONTENT=""
                    HPOS="144"
                    VPOS="210"
                    WIDTH="441"
                    HEIGHT="0"></String>
          </TextLine>
          <TextLine ID="eSc_line_160e947a"
                    BASELINE="148 233 322 235" 
                    HPOS="148"
                    VPOS="233"
                    WIDTH="174"
                    HEIGHT="2">
	    <String CONTENT=""
                    HPOS="148"
                    VPOS="233"
                    WIDTH="174"
                    HEIGHT="2"></String>
          </TextLine>
          <TextLine ID="eSc_line_fc57f3c5"
                    BASELINE="152 258 459 262" 
                    HPOS="152"
                    VPOS="258"
                    WIDTH="307"
                    HEIGHT="4">
	    <String CONTENT=""
                    HPOS="152"
                    VPOS="258"
                    WIDTH="307"
                    HEIGHT="4"></String>
          </TextLine>
        </TextBlock>
        <TextBlock HPOS="214"
                   VPOS="86"
                   WIDTH="306"
                   HEIGHT="35"
                   ID="region_1719337981632_1169"
                   TAGREFS="BT3756">
          <Shape><Polygon POINTS="214 118 216 86 520 91 518 121"/></Shape>
          <TextLine ID="eSc_line_afd60b31"
                    BASELINE="219 112 506 115" 
                    HPOS="219"
                    VPOS="112"
                    WIDTH="287"
                    HEIGHT="3">
	    <String CONTENT=""
                    HPOS="219"
                    VPOS="112"
                    WIDTH="287"
                    HEIGHT="3"></String>
          </TextLine>
        </TextBlock>
        <TextBlock HPOS="190"
                   VPOS="279"
                   WIDTH="343"
                   HEIGHT="45"
                   ID="region_1719338153590_1185"
                   TAGREFS="BT3757">
          <Shape><Polygon POINTS="190 315 194 284 205 282 221 283 226 286 247 286 259 283 275 283 289 285 348 285 358 282 369 282 375 285 404 279 423 280 431 285 477 281 506 284 515 282 533 283 524 322 466 324 410 324 327 320 205 322"/></Shape>
          <TextLine ID="eSc_line_b2a3e012"
                    BASELINE="195 316 521 316" 
                    HPOS="195"
                    VPOS="316"
                    WIDTH="326"
                    HEIGHT="0">
	    <String CONTENT=""
                    HPOS="195"
                    VPOS="316"
                    WIDTH="326"
                    HEIGHT="0"></String>
          </TextLine>
        </TextBlock>
        <TextBlock HPOS="124"
                   VPOS="317"
                   WIDTH="57"
                   HEIGHT="54"
                   ID="TextRegion_1719338291090_1201"
                   TAGREFS="BT3756">
          <Shape><Polygon POINTS="126 326 147 319 173 317 179 321 173 336 173 341 181 347 180 356 175 371 141 370 124 367"/></Shape>
          <TextLine ID="eSc_line_65e258fe"
                    BASELINE="136 366 176 366 177 349 580 348" 
                    HPOS="136"
                    VPOS="348"
                    WIDTH="444"
                    HEIGHT="18">
	    <String CONTENT=""
                    HPOS="136"
                    VPOS="348"
                    WIDTH="444"
                    HEIGHT="18"></String>
          </TextLine>
        </TextBlock>
        <TextBlock HPOS="120"
                   VPOS="321"
                   WIDTH="482"
                   HEIGHT="218"
                   ID="TextRegion_1719338291090_1200"
                   TAGREFS="BT3756">
          <Shape><Polygon POINTS="179 321 185 325 216 323 229 324 234 326 249 325 275 324 286 326 325 325 347 326 394 326 413 328 429 326 437 328 464 327 602 324 579 539 323 538 183 537 138 536 120 532 124 367 141 370 175 371 180 356 181 347 173 341 173 336"/></Shape>
          <TextLine ID="eSc_line_03557fbd"
                    BASELINE="178 374 593 375" 
                    HPOS="178"
                    VPOS="374"
                    WIDTH="415"
                    HEIGHT="1">
	    <String CONTENT=""
                    HPOS="178"
                    VPOS="374"
                    WIDTH="415"
                    HEIGHT="1"></String>
          </TextLine>
          <TextLine ID="eSc_line_682d1f0b"
                    BASELINE="130 398 565 399" 
                    HPOS="130"
                    VPOS="398"
                    WIDTH="435"
                    HEIGHT="1">
	    <String CONTENT=""
                    HPOS="130"
                    VPOS="398"
                    WIDTH="435"
                    HEIGHT="1"></String>
          </TextLine>
          <TextLine ID="eSc_line_42638e2c"
                    BASELINE="133 427 563 429" 
                    HPOS="133"
                    VPOS="427"
                    WIDTH="430"
                    HEIGHT="2">
	    <String CONTENT=""
                    HPOS="133"
                    VPOS="427"
                    WIDTH="430"
                    HEIGHT="2"></String>
          </TextLine>
          <TextLine ID="eSc_line_68bcebc8"
                    BASELINE="128 456 550 453" 
                    HPOS="128"
                    VPOS="453"
                    WIDTH="422"
                    HEIGHT="3">
	    <String CONTENT=""
                    HPOS="128"
                    VPOS="453"
                    WIDTH="422"
                    HEIGHT="3"></String>
          </TextLine>
          <TextLine ID="eSc_line_cb10f645"
                    BASELINE="132 478 577 482" 
                    HPOS="132"
                    VPOS="478"
                    WIDTH="445"
                    HEIGHT="4">
	    <String CONTENT=""
                    HPOS="132"
                    VPOS="478"
                    WIDTH="445"
                    HEIGHT="4"></String>
          </TextLine>
          <TextLine ID="eSc_line_f76c018d"
                    BASELINE="130 507 469 508" 
                    HPOS="130"
                    VPOS="507"
                    WIDTH="339"
                    HEIGHT="1">
	    <String CONTENT=""
                    HPOS="130"
                    VPOS="507"
                    WIDTH="339"
                    HEIGHT="1"></String>
          </TextLine>
          <TextLine ID="eSc_line_eb6922de"
                    BASELINE="127 531 523 532" 
                    HPOS="127"
                    VPOS="531"
                    WIDTH="396"
                    HEIGHT="1">
	    <String CONTENT=""
                    HPOS="127"
                    VPOS="531"
                    WIDTH="396"
                    HEIGHT="1"></String>
          </TextLine>
        </TextBlock>
        <TextBlock HPOS="179"
                   VPOS="549"
                   WIDTH="360"
                   HEIGHT="47"
                   ID="region_1719338376294_1211"
                   TAGREFS="BT3757">
          <Shape><Polygon POINTS="179 591 179 550 248 554 270 555 281 550 292 549 295 555 361 555 379 551 412 553 442 555 450 552 468 551 498 552 539 558 536 596 481 590 448 591 296 591 263 587"/></Shape>
          <TextLine ID="eSc_line_5b502ca5"
                    BASELINE="185 581 534 587" 
                    HPOS="185"
                    VPOS="581"
                    WIDTH="349"
                    HEIGHT="6">
	    <String CONTENT=""
                    HPOS="185"
                    VPOS="581"
                    WIDTH="349"
                    HEIGHT="6"></String>
          </TextLine>
        </TextBlock>
        <TextBlock HPOS="186"
                   VPOS="592"
                   WIDTH="391"
                   HEIGHT="95"
                   ID="region_1719338417133_1214"
                   TAGREFS="BT3756">
          <Shape><Polygon POINTS="265 616 267 592 281 592 288 597 315 597 326 594 334 594 340 597 458 597 471 594 504 597 512 625 498 647 577 657 576 687 310 686 303 661 186 655 197 617"/></Shape>
          <TextLine ID="eSc_line_4b439cba"
                    BASELINE="274 619 502 620" 
                    HPOS="274"
                    VPOS="619"
                    WIDTH="228"
                    HEIGHT="1">
	    <String CONTENT=""
                    HPOS="274"
                    VPOS="619"
                    WIDTH="228"
                    HEIGHT="1"></String>
          </TextLine>
          <TextLine ID="eSc_line_50d12db7"
                    BASELINE="198 653 468 651" 
                    HPOS="198"
                    VPOS="651"
                    WIDTH="270"
                    HEIGHT="2">
	    <String CONTENT=""
                    HPOS="198"
                    VPOS="651"
                    WIDTH="270"
                    HEIGHT="2"></String>
          </TextLine>
          <TextLine ID="eSc_line_841d6ebb"
                    BASELINE="332 681 564 681" 
                    HPOS="332"
                    VPOS="681"
                    WIDTH="232"
                    HEIGHT="0">
	    <String CONTENT=""
                    HPOS="332"
                    VPOS="681"
                    WIDTH="232"
                    HEIGHT="0"></String>
          </TextLine>
        </TextBlock>
        <TextBlock HPOS="125"
                   VPOS="685"
                   WIDTH="56"
                   HEIGHT="51"
                   ID="TextRegion_1719338548430_1234"
                   TAGREFS="BT3756">
          <Shape><Polygon POINTS="129 686 170 685 171 700 181 716 175 736 125 736"/></Shape>
          <TextLine ID="eSc_line_ce46f698"
                    BASELINE="130 731 169 732 177 713 585 713" 
                    HPOS="130"
                    VPOS="713"
                    WIDTH="455"
                    HEIGHT="19">
	    <String CONTENT=""
                    HPOS="130"
                    VPOS="713"
                    WIDTH="455"
                    HEIGHT="19"></String>
          </TextLine>
        </TextBlock>
        <TextBlock HPOS="119"
                   VPOS="684"
                   WIDTH="481"
                   HEIGHT="165"
                   ID="TextRegion_1719338548430_1235"
                   TAGREFS="BT3756">
          <Shape><Polygon POINTS="175 684 300 684 306 691 346 691 353 690 368 689 404 689 440 693 538 690 551 689 594 692 600 848 119 849 125 736 175 736 181 716 173 698"/></Shape>
          <TextLine ID="eSc_line_31c01d3f"
                    BASELINE="418 739 488 738" 
                    HPOS="418"
                    VPOS="738"
                    WIDTH="70"
                    HEIGHT="1">
	    <String CONTENT=""
                    HPOS="418"
                    VPOS="738"
                    WIDTH="70"
                    HEIGHT="1"></String>
          </TextLine>
          <TextLine ID="eSc_line_de35bf4d"
                    BASELINE="127 764 571 765" 
                    HPOS="127"
                    VPOS="764"
                    WIDTH="444"
                    HEIGHT="1">
	    <String CONTENT=""
                    HPOS="127"
                    VPOS="764"
                    WIDTH="444"
                    HEIGHT="1"></String>
          </TextLine>
          <TextLine ID="eSc_line_254fd8a0"
                    BASELINE="130 793 592 792" 
                    HPOS="130"
                    VPOS="792"
                    WIDTH="462"
                    HEIGHT="1">
	    <String CONTENT=""
                    HPOS="130"
                    VPOS="792"
                    WIDTH="462"
                    HEIGHT="1"></String>
          </TextLine>
          <TextLine ID="eSc_line_d18e72fe"
                    BASELINE="416 816 552 818" 
                    HPOS="416"
                    VPOS="816"
                    WIDTH="136"
                    HEIGHT="2">
	    <String CONTENT=""
                    HPOS="416"
                    VPOS="816"
                    WIDTH="136"
                    HEIGHT="2"></String>
          </TextLine>
          <TextLine ID="eSc_line_c2cb12b0"
                    BASELINE="127 841 591 843" 
                    HPOS="127"
                    VPOS="841"
                    WIDTH="464"
                    HEIGHT="2">
	    <String CONTENT=""
                    HPOS="127"
                    VPOS="841"
                    WIDTH="464"
                    HEIGHT="2"></String>
          </TextLine>
        </TextBlock>
        <TextBlock HPOS="141"
                   VPOS="869"
                   WIDTH="453"
                   HEIGHT="116"
                   ID="region_1719338503295_1225"
                   TAGREFS="BT3758">
          <Shape><Polygon POINTS="594 877 592 985 343 979 141 973 151 869 545 878"/></Shape>
          <TextLine ID="eSc_line_77c60e7c"
                    BASELINE="163 897 587 897" 
                    HPOS="163"
                    VPOS="897"
                    WIDTH="424"
                    HEIGHT="0">
	    <String CONTENT=""
                    HPOS="163"
                    VPOS="897"
                    WIDTH="424"
                    HEIGHT="0"></String>
          </TextLine>
          <TextLine ID="eSc_line_7c8fc8ad"
                    BASELINE="151 920 587 921" 
                    HPOS="151"
                    VPOS="920"
                    WIDTH="436"
                    HEIGHT="1">
	    <String CONTENT=""
                    HPOS="151"
                    VPOS="920"
                    WIDTH="436"
                    HEIGHT="1"></String>
          </TextLine>
          <TextLine ID="eSc_line_308c031f"
                    BASELINE="168 936 589 940" 
                    HPOS="168"
                    VPOS="936"
                    WIDTH="421"
                    HEIGHT="4">
	    <String CONTENT=""
                    HPOS="168"
                    VPOS="936"
                    WIDTH="421"
                    HEIGHT="4"></String>
          </TextLine>
          <TextLine ID="eSc_line_c5d6fd2b"
                    BASELINE="149 967 469 974" 
                    HPOS="149"
                    VPOS="967"
                    WIDTH="320"
                    HEIGHT="7">
	    <String CONTENT=""
                    HPOS="149"
                    VPOS="967"
                    WIDTH="320"
                    HEIGHT="7"></String>
          </TextLine>
        </TextBlock>
        <TextBlock HPOS="557"
                   VPOS="850"
                   WIDTH="34"
                   HEIGHT="24"
                   ID="region_1719338470628_1220"
                   TAGREFS="BT3756">
          <Shape><Polygon POINTS="561 851 591 850 587 872 557 874"/></Shape>
          <TextLine ID="eSc_line_53057d7b"
                    BASELINE="562 870 587 869" 
                    HPOS="562"
                    VPOS="869"
                    WIDTH="25"
                    HEIGHT="1">
	    <String CONTENT=""
                    HPOS="562"
                    VPOS="869"
                    WIDTH="25"
                    HEIGHT="1"></String>
          </TextLine>
        </TextBlock>
      </PrintSpace>
    </Page>
  </Layout>
</alto>
