<?xml version="1.0" encoding="UTF-8"?>
<alto xmlns:xsi="http://www.w3.org/2001/XMLSchema-instance"
      xmlns="http://www.loc.gov/standards/alto/ns-v4#"
      xsi:schemaLocation="http://www.loc.gov/standards/alto/ns-v4# http://www.loc.gov/standards/alto/v4/alto-4-2.xsd">
  <Description>
    <MeasurementUnit>pixel</MeasurementUnit>
    <sourceImageInformation>
      <fileName>1775-Saemmtliche_Poetische_Werke_Schmieder_Bd_1_VD18_90914260_NEU-023.png</fileName>
      <fileIdentifier>mets//SchmiederZeilenUnb.zip/1775-Saemmtliche_Poetische_Werke_Schmieder_Bd_1_VD18_90914260_NEU-023.png</fileIdentifier>
    </sourceImageInformation>
  </Description>
  <Tags>
    <OtherTag ID="BT1" LABEL="Title" DESCRIPTION="block type Title"/><OtherTag ID="BT2" LABEL="Main" DESCRIPTION="block type Main"/><OtherTag ID="BT3" LABEL="Commentary" DESCRIPTION="block type Commentary"/><OtherTag ID="BT4" LABEL="Illustration" DESCRIPTION="block type Illustration"/><OtherTag ID="BT3755" LABEL="header" DESCRIPTION="block type header"/><OtherTag ID="BT3756" LABEL="paragraph" DESCRIPTION="block type paragraph"/><OtherTag ID="BT3757" LABEL="heading" DESCRIPTION="block type heading"/><OtherTag ID="BT3758" LABEL="footnote" DESCRIPTION="block type footnote"/><OtherTag ID="BT3759" LABEL="l-column" DESCRIPTION="block type l-column"/><OtherTag ID="BT3760" LABEL="r-column" DESCRIPTION="block type r-column"/><OtherTag ID="BT3761" LABEL="marginalia" DESCRIPTION="block type marginalia"/><OtherTag ID="BT4125" LABEL="drop-capital" DESCRIPTION="block type drop-capital"/><OtherTag ID="BT4126" LABEL="catch-word" DESCRIPTION="block type catch-word"/><OtherTag ID="BT4127" LABEL="page-number" DESCRIPTION="block type page-number"/><OtherTag ID="BT4128" LABEL="signature-mark" DESCRIPTION="block type signature-mark"/><OtherTag ID="BT4129" LABEL="poem_lg" DESCRIPTION="block type poem_lg"/><OtherTag ID="BT4130" LABEL="endnote" DESCRIPTION="block type endnote"/>
  </Tags>
  <Layout>
    <Page WIDTH="658"
          HEIGHT="1096"
          PHYSICAL_IMG_NR="74"
          ID="eSc_dummypage_">
      <PrintSpace HPOS="0"
                  VPOS="0"
                  WIDTH="658"
                  HEIGHT="1096">
        <TextBlock HPOS="72"
                   VPOS="122"
                   WIDTH="482"
                   HEIGHT="221"
                   ID="region_1718620619409_21"
                   TAGREFS="BT3756">
          <Shape><Polygon POINTS="75 343 546 342 554 122 72 122"/></Shape>
          <TextLine ID="eSc_line_8de3c632"
                    BASELINE="84 153 540 147" 
                    HPOS="84"
                    VPOS="147"
                    WIDTH="456"
                    HEIGHT="6">
	    <String CONTENT=""
                    HPOS="84"
                    VPOS="147"
                    WIDTH="456"
                    HEIGHT="6"></String>
          </TextLine>
          <TextLine ID="eSc_line_95044ece"
                    BASELINE="81 182 542 179" 
                    HPOS="81"
                    VPOS="179"
                    WIDTH="461"
                    HEIGHT="3">
	    <String CONTENT=""
                    HPOS="81"
                    VPOS="179"
                    WIDTH="461"
                    HEIGHT="3"></String>
          </TextLine>
          <TextLine ID="eSc_line_7bc4aae4"
                    BASELINE="81 212 539 209" 
                    HPOS="81"
                    VPOS="209"
                    WIDTH="458"
                    HEIGHT="3">
	    <String CONTENT=""
                    HPOS="81"
                    VPOS="209"
                    WIDTH="458"
                    HEIGHT="3"></String>
          </TextLine>
          <TextLine ID="eSc_line_d37532d1"
                    BASELINE="81 241 536 242" 
                    HPOS="81"
                    VPOS="241"
                    WIDTH="455"
                    HEIGHT="1">
	    <String CONTENT=""
                    HPOS="81"
                    VPOS="241"
                    WIDTH="455"
                    HEIGHT="1"></String>
          </TextLine>
          <TextLine ID="eSc_line_8c8acc1a"
                    BASELINE="83 270 539 272" 
                    HPOS="83"
                    VPOS="270"
                    WIDTH="456"
                    HEIGHT="2">
	    <String CONTENT=""
                    HPOS="83"
                    VPOS="270"
                    WIDTH="456"
                    HEIGHT="2"></String>
          </TextLine>
          <TextLine ID="eSc_line_33bcc0ea"
                    BASELINE="82 302 538 303" 
                    HPOS="82"
                    VPOS="302"
                    WIDTH="456"
                    HEIGHT="1">
	    <String CONTENT=""
                    HPOS="82"
                    VPOS="302"
                    WIDTH="456"
                    HEIGHT="1"></String>
          </TextLine>
          <TextLine ID="eSc_line_51283cb8"
                    BASELINE="82 335 501 333" 
                    HPOS="82"
                    VPOS="333"
                    WIDTH="419"
                    HEIGHT="2">
	    <String CONTENT=""
                    HPOS="82"
                    VPOS="333"
                    WIDTH="419"
                    HEIGHT="2"></String>
          </TextLine>
        </TextBlock>
        <TextBlock HPOS="188"
                   VPOS="76"
                   WIDTH="237"
                   HEIGHT="35"
                   ID="region_1718620611636_15"
                   TAGREFS="BT3756">
          <Shape><Polygon POINTS="188 111 425 111 425 76 188 76"/></Shape>
          <TextLine ID="eSc_line_16325867"
                    BASELINE="197 105 372 103 412 103" 
                    HPOS="197"
                    VPOS="103"
                    WIDTH="215"
                    HEIGHT="2">
	    <String CONTENT=""
                    HPOS="197"
                    VPOS="103"
                    WIDTH="215"
                    HEIGHT="2"></String>
          </TextLine>
        </TextBlock>
        <TextBlock HPOS="83"
                   VPOS="355"
                   WIDTH="467"
                   HEIGHT="192"
                   ID="region_1718620644033_25"
                   TAGREFS="BT3756">
          <Shape><Polygon POINTS="96 542 541 547 550 355 83 355"/></Shape>
          <TextLine ID="eSc_line_805ee0b8"
                    BASELINE="100 379 525 378" 
                    HPOS="100"
                    VPOS="378"
                    WIDTH="425"
                    HEIGHT="1">
	    <String CONTENT=""
                    HPOS="100"
                    VPOS="378"
                    WIDTH="425"
                    HEIGHT="1"></String>
          </TextLine>
          <TextLine ID="eSc_line_270eb56c"
                    BASELINE="101 408 522 405" 
                    HPOS="101"
                    VPOS="405"
                    WIDTH="421"
                    HEIGHT="3">
	    <String CONTENT=""
                    HPOS="101"
                    VPOS="405"
                    WIDTH="421"
                    HEIGHT="3"></String>
          </TextLine>
          <TextLine ID="eSc_line_53d92c3e"
                    BASELINE="101 435 525 432" 
                    HPOS="101"
                    VPOS="432"
                    WIDTH="424"
                    HEIGHT="3">
	    <String CONTENT=""
                    HPOS="101"
                    VPOS="432"
                    WIDTH="424"
                    HEIGHT="3"></String>
          </TextLine>
          <TextLine ID="eSc_line_170cad51"
                    BASELINE="101 461 522 461" 
                    HPOS="101"
                    VPOS="461"
                    WIDTH="421"
                    HEIGHT="0">
	    <String CONTENT=""
                    HPOS="101"
                    VPOS="461"
                    WIDTH="421"
                    HEIGHT="0"></String>
          </TextLine>
          <TextLine ID="eSc_line_8f1cecd3"
                    BASELINE="103 488 541 487" 
                    HPOS="103"
                    VPOS="487"
                    WIDTH="438"
                    HEIGHT="1">
	    <String CONTENT=""
                    HPOS="103"
                    VPOS="487"
                    WIDTH="438"
                    HEIGHT="1"></String>
          </TextLine>
          <TextLine ID="eSc_line_3ca458fb"
                    BASELINE="104 516 500 513" 
                    HPOS="104"
                    VPOS="513"
                    WIDTH="396"
                    HEIGHT="3">
	    <String CONTENT=""
                    HPOS="104"
                    VPOS="513"
                    WIDTH="396"
                    HEIGHT="3"></String>
          </TextLine>
          <TextLine ID="eSc_line_50a1f39f"
                    BASELINE="202 540 535 543" 
                    HPOS="202"
                    VPOS="540"
                    WIDTH="333"
                    HEIGHT="3">
	    <String CONTENT=""
                    HPOS="202"
                    VPOS="540"
                    WIDTH="333"
                    HEIGHT="3"></String>
          </TextLine>
        </TextBlock>
        <TextBlock HPOS="477"
                   VPOS="74"
                   WIDTH="68"
                   HEIGHT="31"
                   ID="region_1718620614305_18"
                   TAGREFS="BT3756">
          <Shape><Polygon POINTS="477 105 545 105 545 74 477 74"/></Shape>
          <TextLine ID="eSc_line_fa8ea3e0"
                    BASELINE="484 102 535 101" 
                    HPOS="484"
                    VPOS="101"
                    WIDTH="51"
                    HEIGHT="1">
	    <String CONTENT=""
                    HPOS="484"
                    VPOS="101"
                    WIDTH="51"
                    HEIGHT="1"></String>
          </TextLine>
        </TextBlock>
        <TextBlock HPOS="95"
                   VPOS="599"
                   WIDTH="458"
                   HEIGHT="110"
                   ID="region_1718620657866_34"
                   TAGREFS="BT3758">
          <Shape><Polygon POINTS="95 709 552 705 553 599 96 599"/></Shape>
          <TextLine ID="eSc_line_bff57653"
                    BASELINE="101 626 539 625" 
                    HPOS="101"
                    VPOS="625"
                    WIDTH="438"
                    HEIGHT="1">
	    <String CONTENT=""
                    HPOS="101"
                    VPOS="625"
                    WIDTH="438"
                    HEIGHT="1"></String>
          </TextLine>
          <TextLine ID="eSc_line_696e12ca"
                    BASELINE="101 652 538 652" 
                    HPOS="101"
                    VPOS="652"
                    WIDTH="437"
                    HEIGHT="0">
	    <String CONTENT=""
                    HPOS="101"
                    VPOS="652"
                    WIDTH="437"
                    HEIGHT="0"></String>
          </TextLine>
          <TextLine ID="eSc_line_10190df3"
                    BASELINE="102 681 541 677" 
                    HPOS="102"
                    VPOS="677"
                    WIDTH="439"
                    HEIGHT="4">
	    <String CONTENT=""
                    HPOS="102"
                    VPOS="677"
                    WIDTH="439"
                    HEIGHT="4"></String>
          </TextLine>
          <TextLine ID="eSc_line_d9379c41"
                    BASELINE="101 704 461 700" 
                    HPOS="101"
                    VPOS="700"
                    WIDTH="360"
                    HEIGHT="4">
	    <String CONTENT=""
                    HPOS="101"
                    VPOS="700"
                    WIDTH="360"
                    HEIGHT="4"></String>
          </TextLine>
        </TextBlock>
        <TextBlock HPOS="287"
                   VPOS="554"
                   WIDTH="53"
                   HEIGHT="30"
                   ID="region_1718620648441_28"
                   TAGREFS="BT3756">
          <Shape><Polygon POINTS="287 584 340 584 340 554 287 554"/></Shape>
          <TextLine ID="eSc_line_463444a2"
                    BASELINE="293 577 535 579" 
                    HPOS="293"
                    VPOS="577"
                    WIDTH="242"
                    HEIGHT="2">
	    <String CONTENT=""
                    HPOS="293"
                    VPOS="577"
                    WIDTH="242"
                    HEIGHT="2"></String>
          </TextLine>
        </TextBlock>
        <TextBlock HPOS="91"
                   VPOS="719"
                   WIDTH="458"
                   HEIGHT="244"
                   ID="region_1718620662770_37"
                   TAGREFS="BT3758">
          <Shape><Polygon POINTS="91 963 549 963 549 719 91 719"/></Shape>
          <TextLine ID="eSc_line_34459602"
                    BASELINE="121 738 541 738" 
                    HPOS="121"
                    VPOS="738"
                    WIDTH="420"
                    HEIGHT="0">
	    <String CONTENT=""
                    HPOS="121"
                    VPOS="738"
                    WIDTH="420"
                    HEIGHT="0"></String>
          </TextLine>
          <TextLine ID="eSc_line_b06ee94b"
                    BASELINE="101 765 539 764" 
                    HPOS="101"
                    VPOS="764"
                    WIDTH="438"
                    HEIGHT="1">
	    <String CONTENT=""
                    HPOS="101"
                    VPOS="764"
                    WIDTH="438"
                    HEIGHT="1"></String>
          </TextLine>
          <TextLine ID="eSc_line_75605815"
                    BASELINE="100 792 537 788" 
                    HPOS="100"
                    VPOS="788"
                    WIDTH="437"
                    HEIGHT="4">
	    <String CONTENT=""
                    HPOS="100"
                    VPOS="788"
                    WIDTH="437"
                    HEIGHT="4"></String>
          </TextLine>
          <TextLine ID="eSc_line_572f3cd5"
                    BASELINE="100 820 543 817" 
                    HPOS="100"
                    VPOS="817"
                    WIDTH="443"
                    HEIGHT="3">
	    <String CONTENT=""
                    HPOS="100"
                    VPOS="817"
                    WIDTH="443"
                    HEIGHT="3"></String>
          </TextLine>
          <TextLine ID="eSc_line_8ae09c16"
                    BASELINE="101 846 540 846" 
                    HPOS="101"
                    VPOS="846"
                    WIDTH="439"
                    HEIGHT="0">
	    <String CONTENT=""
                    HPOS="101"
                    VPOS="846"
                    WIDTH="439"
                    HEIGHT="0"></String>
          </TextLine>
          <TextLine ID="eSc_line_84ffa00c"
                    BASELINE="99 871 543 872" 
                    HPOS="99"
                    VPOS="871"
                    WIDTH="444"
                    HEIGHT="1">
	    <String CONTENT=""
                    HPOS="99"
                    VPOS="871"
                    WIDTH="444"
                    HEIGHT="1"></String>
          </TextLine>
          <TextLine ID="eSc_line_1555a8bc"
                    BASELINE="99 902 539 899" 
                    HPOS="99"
                    VPOS="899"
                    WIDTH="440"
                    HEIGHT="3">
	    <String CONTENT=""
                    HPOS="99"
                    VPOS="899"
                    WIDTH="440"
                    HEIGHT="3"></String>
          </TextLine>
          <TextLine ID="eSc_line_2b595865"
                    BASELINE="101 928 539 923" 
                    HPOS="101"
                    VPOS="923"
                    WIDTH="438"
                    HEIGHT="5">
	    <String CONTENT=""
                    HPOS="101"
                    VPOS="923"
                    WIDTH="438"
                    HEIGHT="5"></String>
          </TextLine>
          <TextLine ID="eSc_line_8439b3d4"
                    BASELINE="103 949 460 955" 
                    HPOS="103"
                    VPOS="949"
                    WIDTH="357"
                    HEIGHT="6">
	    <String CONTENT=""
                    HPOS="103"
                    VPOS="949"
                    WIDTH="357"
                    HEIGHT="6"></String>
          </TextLine>
        </TextBlock>
        <TextBlock HPOS="473"
                   VPOS="552"
                   WIDTH="71"
                   HEIGHT="33"
                   ID="region_1718620651266_31"
                   TAGREFS="BT4126">
          <Shape><Polygon POINTS="473 585 544 585 542 560 477 552"/></Shape>
        </TextBlock>
      </PrintSpace>
    </Page>
  </Layout>
</alto>
