<?xml version="1.0" encoding="UTF-8"?>
<alto xmlns:xsi="http://www.w3.org/2001/XMLSchema-instance"
      xmlns="http://www.loc.gov/standards/alto/ns-v4#"
      xsi:schemaLocation="http://www.loc.gov/standards/alto/ns-v4# http://www.loc.gov/standards/alto/v4/alto-4-2.xsd">
  <Description>
    <MeasurementUnit>pixel</MeasurementUnit>
    <sourceImageInformation>
      <fileName>1775-Saemmtliche_Poetische_Werke_Schmieder_Bd_1_VD18_90914260_NEU-194.png</fileName>
      <fileIdentifier>mets//SchmiederZeilenUnb.zip/1775-Saemmtliche_Poetische_Werke_Schmieder_Bd_1_VD18_90914260_NEU-194.png</fileIdentifier>
    </sourceImageInformation>
  </Description>
  <Tags>
    <OtherTag ID="BT1" LABEL="Title" DESCRIPTION="block type Title"/><OtherTag ID="BT2" LABEL="Main" DESCRIPTION="block type Main"/><OtherTag ID="BT3" LABEL="Commentary" DESCRIPTION="block type Commentary"/><OtherTag ID="BT4" LABEL="Illustration" DESCRIPTION="block type Illustration"/><OtherTag ID="BT3755" LABEL="header" DESCRIPTION="block type header"/><OtherTag ID="BT3756" LABEL="paragraph" DESCRIPTION="block type paragraph"/><OtherTag ID="BT3757" LABEL="heading" DESCRIPTION="block type heading"/><OtherTag ID="BT3758" LABEL="footnote" DESCRIPTION="block type footnote"/><OtherTag ID="BT3759" LABEL="l-column" DESCRIPTION="block type l-column"/><OtherTag ID="BT3760" LABEL="r-column" DESCRIPTION="block type r-column"/><OtherTag ID="BT3761" LABEL="marginalia" DESCRIPTION="block type marginalia"/><OtherTag ID="BT4125" LABEL="drop-capital" DESCRIPTION="block type drop-capital"/><OtherTag ID="BT4126" LABEL="catch-word" DESCRIPTION="block type catch-word"/><OtherTag ID="BT4127" LABEL="page-number" DESCRIPTION="block type page-number"/><OtherTag ID="BT4128" LABEL="signature-mark" DESCRIPTION="block type signature-mark"/><OtherTag ID="BT4129" LABEL="poem_lg" DESCRIPTION="block type poem_lg"/><OtherTag ID="BT4130" LABEL="endnote" DESCRIPTION="block type endnote"/>
  </Tags>
  <Layout>
    <Page WIDTH="658"
          HEIGHT="1096"
          PHYSICAL_IMG_NR="86"
          ID="eSc_dummypage_">
      <PrintSpace HPOS="0"
                  VPOS="0"
                  WIDTH="658"
                  HEIGHT="1096">
        <TextBlock HPOS="134"
                   VPOS="87"
                   WIDTH="59"
                   HEIGHT="34"
                   ID="region_1719339136740_1289"
                   TAGREFS="BT3756">
          <Shape><Polygon POINTS="193 121 191 87 134 89 144 119"/></Shape>
          <TextLine ID="eSc_line_4a003efb"
                    BASELINE="144 110 188 112" 
                    HPOS="144"
                    VPOS="110"
                    WIDTH="44"
                    HEIGHT="2">
	    <String CONTENT=""
                    HPOS="144"
                    VPOS="110"
                    WIDTH="44"
                    HEIGHT="2"></String>
          </TextLine>
        </TextBlock>
        <TextBlock HPOS="139"
                   VPOS="124"
                   WIDTH="469"
                   HEIGHT="312"
                   ID="region_1719339181397_1295"
                   TAGREFS="BT3756">
          <Shape><Polygon POINTS="140 131 167 124 239 124 330 128 352 124 398 125 445 126 507 126 560 126 603 124 608 276 607 425 531 432 400 428 139 436"/></Shape>
          <TextLine ID="eSc_line_bb5ccb78"
                    BASELINE="148 152 599 148" 
                    HPOS="148"
                    VPOS="148"
                    WIDTH="451"
                    HEIGHT="4">
	    <String CONTENT=""
                    HPOS="148"
                    VPOS="148"
                    WIDTH="451"
                    HEIGHT="4"></String>
          </TextLine>
          <TextLine ID="eSc_line_addec955"
                    BASELINE="146 203 599 198" 
                    HPOS="146"
                    VPOS="198"
                    WIDTH="453"
                    HEIGHT="5">
	    <String CONTENT=""
                    HPOS="146"
                    VPOS="198"
                    WIDTH="453"
                    HEIGHT="5"></String>
          </TextLine>
          <TextLine ID="eSc_line_8a5af370"
                    BASELINE="432 177 499 177" 
                    HPOS="432"
                    VPOS="177"
                    WIDTH="67"
                    HEIGHT="0">
	    <String CONTENT=""
                    HPOS="432"
                    VPOS="177"
                    WIDTH="67"
                    HEIGHT="0"></String>
          </TextLine>
          <TextLine ID="eSc_line_98df27bf"
                    BASELINE="424 228 515 228" 
                    HPOS="424"
                    VPOS="228"
                    WIDTH="91"
                    HEIGHT="0">
	    <String CONTENT=""
                    HPOS="424"
                    VPOS="228"
                    WIDTH="91"
                    HEIGHT="0"></String>
          </TextLine>
          <TextLine ID="eSc_line_cda49b17"
                    BASELINE="142 257 600 253" 
                    HPOS="142"
                    VPOS="253"
                    WIDTH="458"
                    HEIGHT="4">
	    <String CONTENT=""
                    HPOS="142"
                    VPOS="253"
                    WIDTH="458"
                    HEIGHT="4"></String>
          </TextLine>
          <TextLine ID="eSc_line_beaf3155"
                    BASELINE="146 282 600 281" 
                    HPOS="146"
                    VPOS="281"
                    WIDTH="454"
                    HEIGHT="1">
	    <String CONTENT=""
                    HPOS="146"
                    VPOS="281"
                    WIDTH="454"
                    HEIGHT="1"></String>
          </TextLine>
          <TextLine ID="eSc_line_c6912e17"
                    BASELINE="148 308 600 308" 
                    HPOS="148"
                    VPOS="308"
                    WIDTH="452"
                    HEIGHT="0">
	    <String CONTENT=""
                    HPOS="148"
                    VPOS="308"
                    WIDTH="452"
                    HEIGHT="0"></String>
          </TextLine>
          <TextLine ID="eSc_line_cc67b0c4"
                    BASELINE="148 336 600 334" 
                    HPOS="148"
                    VPOS="334"
                    WIDTH="452"
                    HEIGHT="2">
	    <String CONTENT=""
                    HPOS="148"
                    VPOS="334"
                    WIDTH="452"
                    HEIGHT="2"></String>
          </TextLine>
          <TextLine ID="eSc_line_27f714a7"
                    BASELINE="149 364 603 361" 
                    HPOS="149"
                    VPOS="361"
                    WIDTH="454"
                    HEIGHT="3">
	    <String CONTENT=""
                    HPOS="149"
                    VPOS="361"
                    WIDTH="454"
                    HEIGHT="3"></String>
          </TextLine>
          <TextLine ID="eSc_line_f0fa7380"
                    BASELINE="430 391 513 391" 
                    HPOS="430"
                    VPOS="391"
                    WIDTH="83"
                    HEIGHT="0">
	    <String CONTENT=""
                    HPOS="430"
                    VPOS="391"
                    WIDTH="83"
                    HEIGHT="0"></String>
          </TextLine>
          <TextLine ID="eSc_line_5a60a4ae"
                    BASELINE="147 422 585 417" 
                    HPOS="147"
                    VPOS="417"
                    WIDTH="438"
                    HEIGHT="5">
	    <String CONTENT=""
                    HPOS="147"
                    VPOS="417"
                    WIDTH="438"
                    HEIGHT="5"></String>
          </TextLine>
        </TextBlock>
        <TextBlock HPOS="239"
                   VPOS="79"
                   WIDTH="298"
                   HEIGHT="38"
                   ID="region_1719339150451_1292"
                   TAGREFS="BT3756">
          <Shape><Polygon POINTS="239 113 241 79 537 83 534 116 350 113 274 117"/></Shape>
          <TextLine ID="eSc_line_36f2311e"
                    BASELINE="246 108 528 107" 
                    HPOS="246"
                    VPOS="107"
                    WIDTH="282"
                    HEIGHT="1">
	    <String CONTENT=""
                    HPOS="246"
                    VPOS="107"
                    WIDTH="282"
                    HEIGHT="1"></String>
          </TextLine>
        </TextBlock>
        <TextBlock HPOS="153"
                   VPOS="483"
                   WIDTH="453"
                   HEIGHT="250"
                   ID="region_1719339243798_1304"
                   TAGREFS="BT3758">
          <Shape><Polygon POINTS="163 487 227 486 244 484 483 483 605 486 606 724 425 732 168 733 153 708"/></Shape>
          <TextLine ID="eSc_line_d9ceeb77"
                    BASELINE="182 508 604 507" 
                    HPOS="182"
                    VPOS="507"
                    WIDTH="422"
                    HEIGHT="1">
	    <String CONTENT=""
                    HPOS="182"
                    VPOS="507"
                    WIDTH="422"
                    HEIGHT="1"></String>
          </TextLine>
          <TextLine ID="eSc_line_2edea249"
                    BASELINE="168 535 601 532" 
                    HPOS="168"
                    VPOS="532"
                    WIDTH="433"
                    HEIGHT="3">
	    <String CONTENT=""
                    HPOS="168"
                    VPOS="532"
                    WIDTH="433"
                    HEIGHT="3"></String>
          </TextLine>
          <TextLine ID="eSc_line_4eeac8b4"
                    BASELINE="170 562 602 559" 
                    HPOS="170"
                    VPOS="559"
                    WIDTH="432"
                    HEIGHT="3">
	    <String CONTENT=""
                    HPOS="170"
                    VPOS="559"
                    WIDTH="432"
                    HEIGHT="3"></String>
          </TextLine>
          <TextLine ID="eSc_line_9b233da4"
                    BASELINE="170 591 602 586" 
                    HPOS="170"
                    VPOS="586"
                    WIDTH="432"
                    HEIGHT="5">
	    <String CONTENT=""
                    HPOS="170"
                    VPOS="586"
                    WIDTH="432"
                    HEIGHT="5"></String>
          </TextLine>
          <TextLine ID="eSc_line_abc3738a"
                    BASELINE="170 618 604 613" 
                    HPOS="170"
                    VPOS="613"
                    WIDTH="434"
                    HEIGHT="5">
	    <String CONTENT=""
                    HPOS="170"
                    VPOS="613"
                    WIDTH="434"
                    HEIGHT="5"></String>
          </TextLine>
          <TextLine ID="eSc_line_7a23b9b8"
                    BASELINE="171 645 600 640" 
                    HPOS="171"
                    VPOS="640"
                    WIDTH="429"
                    HEIGHT="5">
	    <String CONTENT=""
                    HPOS="171"
                    VPOS="640"
                    WIDTH="429"
                    HEIGHT="5"></String>
          </TextLine>
          <TextLine ID="eSc_line_b218c4b1"
                    BASELINE="168 670 602 667" 
                    HPOS="168"
                    VPOS="667"
                    WIDTH="434"
                    HEIGHT="3">
	    <String CONTENT=""
                    HPOS="168"
                    VPOS="667"
                    WIDTH="434"
                    HEIGHT="3"></String>
          </TextLine>
          <TextLine ID="eSc_line_1c0fb9a1"
                    BASELINE="167 697 601 693" 
                    HPOS="167"
                    VPOS="693"
                    WIDTH="434"
                    HEIGHT="4">
	    <String CONTENT=""
                    HPOS="167"
                    VPOS="693"
                    WIDTH="434"
                    HEIGHT="4"></String>
          </TextLine>
          <TextLine ID="eSc_line_42fae269"
                    BASELINE="169 725 514 722" 
                    HPOS="169"
                    VPOS="722"
                    WIDTH="345"
                    HEIGHT="3">
	    <String CONTENT=""
                    HPOS="169"
                    VPOS="722"
                    WIDTH="345"
                    HEIGHT="3"></String>
          </TextLine>
        </TextBlock>
        <TextBlock HPOS="548"
                   VPOS="434"
                   WIDTH="59"
                   HEIGHT="30"
                   ID="region_1719339189491_1298"
                   TAGREFS="BT3756">
          <Shape><Polygon POINTS="548 464 551 435 579 434 607 434 606 463"/></Shape>
          <TextLine ID="eSc_line_e103400d"
                    BASELINE="554 456 603 456" 
                    HPOS="554"
                    VPOS="456"
                    WIDTH="49"
                    HEIGHT="0">
	    <String CONTENT=""
                    HPOS="554"
                    VPOS="456"
                    WIDTH="49"
                    HEIGHT="0"></String>
          </TextLine>
        </TextBlock>
        <TextBlock HPOS="184"
                   VPOS="734"
                   WIDTH="358"
                   HEIGHT="37"
                   ID="region_1719339294401_1309"
                   TAGREFS="BT3758">
          <Shape><Polygon POINTS="184 742 186 771 542 763 540 734 407 739 365 739 257 741 226 738"/></Shape>
          <TextLine ID="eSc_line_d7679d32"
                    BASELINE="190 764 538 758" 
                    HPOS="190"
                    VPOS="758"
                    WIDTH="348"
                    HEIGHT="6">
	    <String CONTENT=""
                    HPOS="190"
                    VPOS="758"
                    WIDTH="348"
                    HEIGHT="6"></String>
          </TextLine>
        </TextBlock>
        <TextBlock HPOS="162"
                   VPOS="774"
                   WIDTH="445"
                   HEIGHT="156"
                   ID="region_1719339320877_1312"
                   TAGREFS="BT3758">
          <Shape><Polygon POINTS="162 781 162 930 326 926 407 926 413 929 429 929 443 927 503 927 605 922 607 774 252 777"/></Shape>
          <TextLine ID="eSc_line_0351a23d"
                    BASELINE="178 802 603 798" 
                    HPOS="178"
                    VPOS="798"
                    WIDTH="425"
                    HEIGHT="4">
	    <String CONTENT=""
                    HPOS="178"
                    VPOS="798"
                    WIDTH="425"
                    HEIGHT="4"></String>
          </TextLine>
          <TextLine ID="eSc_line_267e535b"
                    BASELINE="165 828 602 819" 
                    HPOS="165"
                    VPOS="819"
                    WIDTH="437"
                    HEIGHT="9">
	    <String CONTENT=""
                    HPOS="165"
                    VPOS="819"
                    WIDTH="437"
                    HEIGHT="9"></String>
          </TextLine>
          <TextLine ID="eSc_line_a6b4918d"
                    BASELINE="167 850 602 843" 
                    HPOS="167"
                    VPOS="843"
                    WIDTH="435"
                    HEIGHT="7">
	    <String CONTENT=""
                    HPOS="167"
                    VPOS="843"
                    WIDTH="435"
                    HEIGHT="7"></String>
          </TextLine>
          <TextLine ID="eSc_line_17b5abf7"
                    BASELINE="170 874 603 867" 
                    HPOS="170"
                    VPOS="867"
                    WIDTH="433"
                    HEIGHT="7">
	    <String CONTENT=""
                    HPOS="170"
                    VPOS="867"
                    WIDTH="433"
                    HEIGHT="7"></String>
          </TextLine>
          <TextLine ID="eSc_line_1e0ce42c"
                    BASELINE="167 899 605 893" 
                    HPOS="167"
                    VPOS="893"
                    WIDTH="438"
                    HEIGHT="6">
	    <String CONTENT=""
                    HPOS="167"
                    VPOS="893"
                    WIDTH="438"
                    HEIGHT="6"></String>
          </TextLine>
          <TextLine ID="eSc_line_40fc59dc"
                    BASELINE="169 923 602 918" 
                    HPOS="169"
                    VPOS="918"
                    WIDTH="433"
                    HEIGHT="5">
	    <String CONTENT=""
                    HPOS="169"
                    VPOS="918"
                    WIDTH="433"
                    HEIGHT="5"></String>
          </TextLine>
        </TextBlock>
        <TextBlock HPOS="559"
                   VPOS="935"
                   WIDTH="52"
                   HEIGHT="27"
                   ID="region_1719339336183_1315"
                   TAGREFS="BT3756">
          <Shape><Polygon POINTS="559 956 562 936 579 935 603 939 611 950 603 962"/></Shape>
          <TextLine ID="eSc_line_7f2ba4a0"
                    BASELINE="564 955 603 951" 
                    HPOS="564"
                    VPOS="951"
                    WIDTH="39"
                    HEIGHT="4">
	    <String CONTENT=""
                    HPOS="564"
                    VPOS="951"
                    WIDTH="39"
                    HEIGHT="4"></String>
          </TextLine>
        </TextBlock>
      </PrintSpace>
    </Page>
  </Layout>
</alto>
