<?xml version="1.0" encoding="UTF-8"?>
<alto xmlns:xsi="http://www.w3.org/2001/XMLSchema-instance"
      xmlns="http://www.loc.gov/standards/alto/ns-v4#"
      xsi:schemaLocation="http://www.loc.gov/standards/alto/ns-v4# http://www.loc.gov/standards/alto/v4/alto-4-2.xsd">
  <Description>
    <MeasurementUnit>pixel</MeasurementUnit>
    <sourceImageInformation>
      <fileName>1775-Saemmtliche_Poetische_Werke_Schmieder_Bd_1_VD18_90914260_NEU-187.png</fileName>
      <fileIdentifier>mets//SchmiederZeilenUnb.zip/1775-Saemmtliche_Poetische_Werke_Schmieder_Bd_1_VD18_90914260_NEU-187.png</fileIdentifier>
    </sourceImageInformation>
  </Description>
  <Tags>
    <OtherTag ID="BT1" LABEL="Title" DESCRIPTION="block type Title"/><OtherTag ID="BT2" LABEL="Main" DESCRIPTION="block type Main"/><OtherTag ID="BT3" LABEL="Commentary" DESCRIPTION="block type Commentary"/><OtherTag ID="BT4" LABEL="Illustration" DESCRIPTION="block type Illustration"/><OtherTag ID="BT3755" LABEL="header" DESCRIPTION="block type header"/><OtherTag ID="BT3756" LABEL="paragraph" DESCRIPTION="block type paragraph"/><OtherTag ID="BT3757" LABEL="heading" DESCRIPTION="block type heading"/><OtherTag ID="BT3758" LABEL="footnote" DESCRIPTION="block type footnote"/><OtherTag ID="BT3759" LABEL="l-column" DESCRIPTION="block type l-column"/><OtherTag ID="BT3760" LABEL="r-column" DESCRIPTION="block type r-column"/><OtherTag ID="BT3761" LABEL="marginalia" DESCRIPTION="block type marginalia"/><OtherTag ID="BT4125" LABEL="drop-capital" DESCRIPTION="block type drop-capital"/><OtherTag ID="BT4126" LABEL="catch-word" DESCRIPTION="block type catch-word"/><OtherTag ID="BT4127" LABEL="page-number" DESCRIPTION="block type page-number"/><OtherTag ID="BT4128" LABEL="signature-mark" DESCRIPTION="block type signature-mark"/><OtherTag ID="BT4129" LABEL="poem_lg" DESCRIPTION="block type poem_lg"/><OtherTag ID="BT4130" LABEL="endnote" DESCRIPTION="block type endnote"/>
  </Tags>
  <Layout>
    <Page WIDTH="658"
          HEIGHT="1096"
          PHYSICAL_IMG_NR="84"
          ID="eSc_dummypage_">
      <PrintSpace HPOS="0"
                  VPOS="0"
                  WIDTH="658"
                  HEIGHT="1096">
        <TextBlock HPOS="140"
                   VPOS="91"
                   WIDTH="304"
                   HEIGHT="38"
                   ID="region_1719337361989_1085"
                   TAGREFS="BT3756">
          <Shape><Polygon POINTS="140 129 141 91 444 93 443 129"/></Shape>
          <TextLine ID="eSc_line_622fc44b"
                    BASELINE="144 121 434 122" 
                    HPOS="144"
                    VPOS="121"
                    WIDTH="290"
                    HEIGHT="1">
	    <String CONTENT=""
                    HPOS="144"
                    VPOS="121"
                    WIDTH="290"
                    HEIGHT="1"></String>
          </TextLine>
        </TextBlock>
        <TextBlock HPOS="99"
                   VPOS="193"
                   WIDTH="66"
                   HEIGHT="56"
                   ID="TextRegion_1719337415422_1099"
                   TAGREFS="BT3756">
          <Shape><Polygon POINTS="99 193 155 193 157 222 165 228 162 249 99 247"/></Shape>
          <TextLine ID="eSc_line_a4892476"
                    BASELINE="114 241 161 240 156 222 438 221" 
                    HPOS="114"
                    VPOS="221"
                    WIDTH="324"
                    HEIGHT="20">
	    <String CONTENT=""
                    HPOS="114"
                    VPOS="221"
                    WIDTH="324"
                    HEIGHT="20"></String>
          </TextLine>
        </TextBlock>
        <TextBlock HPOS="99"
                   VPOS="193"
                   WIDTH="435"
                   HEIGHT="174"
                   ID="TextRegion_1719337415422_1098"
                   TAGREFS="BT3756">
          <Shape><Polygon POINTS="155 193 534 199 513 363 100 367 99 247 162 249 165 228 157 222"/></Shape>
          <TextLine ID="eSc_line_e8a2c132"
                    BASELINE="166 252 510 248" 
                    HPOS="166"
                    VPOS="248"
                    WIDTH="344"
                    HEIGHT="4">
	    <String CONTENT=""
                    HPOS="166"
                    VPOS="248"
                    WIDTH="344"
                    HEIGHT="4"></String>
          </TextLine>
          <TextLine ID="eSc_line_ec25aeaf"
                    BASELINE="108 275 409 273" 
                    HPOS="108"
                    VPOS="273"
                    WIDTH="301"
                    HEIGHT="2">
	    <String CONTENT=""
                    HPOS="108"
                    VPOS="273"
                    WIDTH="301"
                    HEIGHT="2"></String>
          </TextLine>
          <TextLine ID="eSc_line_fc9b64fc"
                    BASELINE="112 303 488 300" 
                    HPOS="112"
                    VPOS="300"
                    WIDTH="376"
                    HEIGHT="3">
	    <String CONTENT=""
                    HPOS="112"
                    VPOS="300"
                    WIDTH="376"
                    HEIGHT="3"></String>
          </TextLine>
          <TextLine ID="eSc_line_b9b98a62"
                    BASELINE="109 329 421 325" 
                    HPOS="109"
                    VPOS="325"
                    WIDTH="312"
                    HEIGHT="4">
	    <String CONTENT=""
                    HPOS="109"
                    VPOS="325"
                    WIDTH="312"
                    HEIGHT="4"></String>
          </TextLine>
          <TextLine ID="eSc_line_bbb89562"
                    BASELINE="109 354 418 353" 
                    HPOS="109"
                    VPOS="353"
                    WIDTH="309"
                    HEIGHT="1">
	    <String CONTENT=""
                    HPOS="109"
                    VPOS="353"
                    WIDTH="309"
                    HEIGHT="1"></String>
          </TextLine>
        </TextBlock>
        <TextBlock HPOS="210"
                   VPOS="136"
                   WIDTH="205"
                   HEIGHT="48"
                   ID="region_1719337376975_1091"
                   TAGREFS="BT3757">
          <Shape><Polygon POINTS="415 182 408 143 298 136 210 137 217 184"/></Shape>
          <TextLine ID="eSc_line_44c787cc"
                    BASELINE="229 166 405 170" 
                    HPOS="229"
                    VPOS="166"
                    WIDTH="176"
                    HEIGHT="4">
	    <String CONTENT=""
                    HPOS="229"
                    VPOS="166"
                    WIDTH="176"
                    HEIGHT="4"></String>
          </TextLine>
        </TextBlock>
        <TextBlock HPOS="74"
                   VPOS="405"
                   WIDTH="476"
                   HEIGHT="47"
                   ID="region_1719337478380_1110"
                   TAGREFS="BT3757">
          <Shape><Polygon POINTS="74 451 82 409 271 411 350 405 550 411 550 452"/></Shape>
          <TextLine ID="eSc_line_3b9360a4"
                    BASELINE="84 445 541 442" 
                    HPOS="84"
                    VPOS="442"
                    WIDTH="457"
                    HEIGHT="3">
	    <String CONTENT=""
                    HPOS="84"
                    VPOS="442"
                    WIDTH="457"
                    HEIGHT="3"></String>
          </TextLine>
        </TextBlock>
        <TextBlock HPOS="80"
                   VPOS="464"
                   WIDTH="52"
                   HEIGHT="51"
                   ID="TextRegion_1719337596363_1133"
                   TAGREFS="BT3756">
          <Shape><Polygon POINTS="80 465 122 464 125 474 132 491 130 509 105 515 80 513"/></Shape>
          <TextLine ID="eSc_line_6d4b6fc3"
                    BASELINE="92 507 127 507 137 491 544 489" 
                    HPOS="92"
                    VPOS="489"
                    WIDTH="452"
                    HEIGHT="18">
	    <String CONTENT=""
                    HPOS="92"
                    VPOS="489"
                    WIDTH="452"
                    HEIGHT="18"></String>
          </TextLine>
        </TextBlock>
        <TextBlock HPOS="80"
                   VPOS="458"
                   WIDTH="484"
                   HEIGHT="177"
                   ID="TextRegion_1719337596363_1134"
                   TAGREFS="BT3756">
          <Shape><Polygon POINTS="122 464 564 458 559 635 80 623 80 513 105 515 130 509 132 491 125 474"/></Shape>
          <TextLine ID="eSc_line_244b7383"
                    BASELINE="371 511 437 513" 
                    HPOS="371"
                    VPOS="511"
                    WIDTH="66"
                    HEIGHT="2">
	    <String CONTENT=""
                    HPOS="371"
                    VPOS="511"
                    WIDTH="66"
                    HEIGHT="2"></String>
          </TextLine>
          <TextLine ID="eSc_line_865112f0"
                    BASELINE="89 544 544 541" 
                    HPOS="89"
                    VPOS="541"
                    WIDTH="455"
                    HEIGHT="3">
	    <String CONTENT=""
                    HPOS="89"
                    VPOS="541"
                    WIDTH="455"
                    HEIGHT="3"></String>
          </TextLine>
          <TextLine ID="eSc_line_1fb3f763"
                    BASELINE="380 567 476 564" 
                    HPOS="380"
                    VPOS="564"
                    WIDTH="96"
                    HEIGHT="3">
	    <String CONTENT=""
                    HPOS="380"
                    VPOS="564"
                    WIDTH="96"
                    HEIGHT="3"></String>
          </TextLine>
          <TextLine ID="eSc_line_926842c1"
                    BASELINE="88 596 548 598" 
                    HPOS="88"
                    VPOS="596"
                    WIDTH="460"
                    HEIGHT="2">
	    <String CONTENT=""
                    HPOS="88"
                    VPOS="596"
                    WIDTH="460"
                    HEIGHT="2"></String>
          </TextLine>
          <TextLine ID="eSc_line_0f04946f"
                    BASELINE="398 618 477 617" 
                    HPOS="398"
                    VPOS="617"
                    WIDTH="79"
                    HEIGHT="1">
	    <String CONTENT=""
                    HPOS="398"
                    VPOS="617"
                    WIDTH="79"
                    HEIGHT="1"></String>
          </TextLine>
        </TextBlock>
        <TextBlock HPOS="484"
                   VPOS="92"
                   WIDTH="65"
                   HEIGHT="42"
                   ID="region_1719337367865_1088"
                   TAGREFS="BT3756">
          <Shape><Polygon POINTS="484 124 484 95 549 92 538 134"/></Shape>
          <TextLine ID="eSc_line_b2d81b97"
                    BASELINE="491 119 535 119" 
                    HPOS="491"
                    VPOS="119"
                    WIDTH="44"
                    HEIGHT="0">
	    <String CONTENT=""
                    HPOS="491"
                    VPOS="119"
                    WIDTH="44"
                    HEIGHT="0"></String>
          </TextLine>
        </TextBlock>
        <TextBlock HPOS="282"
                   VPOS="639"
                   WIDTH="66"
                   HEIGHT="32"
                   ID="region_1719337500446_1116"
                   TAGREFS="BT3756">
          <Shape><Polygon POINTS="347 670 348 643 287 639 282 671"/></Shape>
          <TextLine ID="eSc_line_d5bee340"
                    BASELINE="285 666 550 669" 
                    HPOS="285"
                    VPOS="666"
                    WIDTH="265"
                    HEIGHT="3">
	    <String CONTENT=""
                    HPOS="285"
                    VPOS="666"
                    WIDTH="265"
                    HEIGHT="3"></String>
          </TextLine>
        </TextBlock>
        <TextBlock HPOS="96"
                   VPOS="712"
                   WIDTH="460"
                   HEIGHT="114"
                   ID="region_1719337554058_1128"
                   TAGREFS="BT3758">
          <Shape><Polygon POINTS="553 818 556 715 467 712 96 719 102 826"/></Shape>
          <TextLine ID="eSc_line_52ac1fee"
                    BASELINE="112 743 549 740" 
                    HPOS="112"
                    VPOS="740"
                    WIDTH="437"
                    HEIGHT="3">
	    <String CONTENT=""
                    HPOS="112"
                    VPOS="740"
                    WIDTH="437"
                    HEIGHT="3"></String>
          </TextLine>
          <TextLine ID="eSc_line_0c050b72"
                    BASELINE="114 763 550 770" 
                    HPOS="114"
                    VPOS="763"
                    WIDTH="436"
                    HEIGHT="7">
	    <String CONTENT=""
                    HPOS="114"
                    VPOS="763"
                    WIDTH="436"
                    HEIGHT="7"></String>
          </TextLine>
          <TextLine ID="eSc_line_107b9beb"
                    BASELINE="112 794 551 795" 
                    HPOS="112"
                    VPOS="794"
                    WIDTH="439"
                    HEIGHT="1">
	    <String CONTENT=""
                    HPOS="112"
                    VPOS="794"
                    WIDTH="439"
                    HEIGHT="1"></String>
          </TextLine>
          <TextLine ID="eSc_line_a4445aaf"
                    BASELINE="109 814 388 816" 
                    HPOS="109"
                    VPOS="814"
                    WIDTH="279"
                    HEIGHT="2">
	    <String CONTENT=""
                    HPOS="109"
                    VPOS="814"
                    WIDTH="279"
                    HEIGHT="2"></String>
          </TextLine>
        </TextBlock>
        <TextBlock HPOS="105"
                   VPOS="836"
                   WIDTH="462"
                   HEIGHT="137"
                   ID="region_1719337530539_1125"
                   TAGREFS="BT3758">
          <Shape><Polygon POINTS="105 972 108 836 562 838 567 973"/></Shape>
          <TextLine ID="eSc_line_80fcf4f3"
                    BASELINE="128 865 556 861" 
                    HPOS="128"
                    VPOS="861"
                    WIDTH="428"
                    HEIGHT="4">
	    <String CONTENT=""
                    HPOS="128"
                    VPOS="861"
                    WIDTH="428"
                    HEIGHT="4"></String>
          </TextLine>
          <TextLine ID="eSc_line_76241d44"
                    BASELINE="118 886 555 886" 
                    HPOS="118"
                    VPOS="886"
                    WIDTH="437"
                    HEIGHT="0">
	    <String CONTENT=""
                    HPOS="118"
                    VPOS="886"
                    WIDTH="437"
                    HEIGHT="0"></String>
          </TextLine>
          <TextLine ID="eSc_line_682a526b"
                    BASELINE="118 913 558 916" 
                    HPOS="118"
                    VPOS="913"
                    WIDTH="440"
                    HEIGHT="3">
	    <String CONTENT=""
                    HPOS="118"
                    VPOS="913"
                    WIDTH="440"
                    HEIGHT="3"></String>
          </TextLine>
          <TextLine ID="eSc_line_8fdbd210"
                    BASELINE="118 936 554 937" 
                    HPOS="118"
                    VPOS="936"
                    WIDTH="436"
                    HEIGHT="1">
	    <String CONTENT=""
                    HPOS="118"
                    VPOS="936"
                    WIDTH="436"
                    HEIGHT="1"></String>
          </TextLine>
          <TextLine ID="eSc_line_4b8a0c4e"
                    BASELINE="118 961 448 967" 
                    HPOS="118"
                    VPOS="961"
                    WIDTH="330"
                    HEIGHT="6">
	    <String CONTENT=""
                    HPOS="118"
                    VPOS="961"
                    WIDTH="330"
                    HEIGHT="6"></String>
          </TextLine>
        </TextBlock>
        <TextBlock HPOS="477"
                   VPOS="642"
                   WIDTH="84"
                   HEIGHT="34"
                   ID="region_1719337508815_1119"
                   TAGREFS="BT3756">
          <Shape><Polygon POINTS="477 671 478 642 561 645 558 676"/></Shape>
        </TextBlock>
      </PrintSpace>
    </Page>
  </Layout>
</alto>
