<?xml version="1.0" encoding="UTF-8"?>
<alto xmlns:xsi="http://www.w3.org/2001/XMLSchema-instance"
      xmlns="http://www.loc.gov/standards/alto/ns-v4#"
      xsi:schemaLocation="http://www.loc.gov/standards/alto/ns-v4# http://www.loc.gov/standards/alto/v4/alto-4-2.xsd">
  <Description>
    <MeasurementUnit>pixel</MeasurementUnit>
    <sourceImageInformation>
      <fileName>1775-Saemmtliche_Poetische_Werke_Schmieder_Bd_1_VD18_90914260_NEU-045.png</fileName>
      <fileIdentifier>mets//SchmiederZeilenUnb.zip/1775-Saemmtliche_Poetische_Werke_Schmieder_Bd_1_VD18_90914260_NEU-045.png</fileIdentifier>
    </sourceImageInformation>
  </Description>
  <Tags>
    <OtherTag ID="BT1" LABEL="Title" DESCRIPTION="block type Title"/><OtherTag ID="BT2" LABEL="Main" DESCRIPTION="block type Main"/><OtherTag ID="BT3" LABEL="Commentary" DESCRIPTION="block type Commentary"/><OtherTag ID="BT4" LABEL="Illustration" DESCRIPTION="block type Illustration"/><OtherTag ID="BT3755" LABEL="header" DESCRIPTION="block type header"/><OtherTag ID="BT3756" LABEL="paragraph" DESCRIPTION="block type paragraph"/><OtherTag ID="BT3757" LABEL="heading" DESCRIPTION="block type heading"/><OtherTag ID="BT3758" LABEL="footnote" DESCRIPTION="block type footnote"/><OtherTag ID="BT3759" LABEL="l-column" DESCRIPTION="block type l-column"/><OtherTag ID="BT3760" LABEL="r-column" DESCRIPTION="block type r-column"/><OtherTag ID="BT3761" LABEL="marginalia" DESCRIPTION="block type marginalia"/><OtherTag ID="BT4125" LABEL="drop-capital" DESCRIPTION="block type drop-capital"/><OtherTag ID="BT4126" LABEL="catch-word" DESCRIPTION="block type catch-word"/><OtherTag ID="BT4127" LABEL="page-number" DESCRIPTION="block type page-number"/><OtherTag ID="BT4128" LABEL="signature-mark" DESCRIPTION="block type signature-mark"/><OtherTag ID="BT4129" LABEL="poem_lg" DESCRIPTION="block type poem_lg"/><OtherTag ID="BT4130" LABEL="endnote" DESCRIPTION="block type endnote"/>
  </Tags>
  <Layout>
    <Page WIDTH="658"
          HEIGHT="1096"
          PHYSICAL_IMG_NR="77"
          ID="eSc_dummypage_">
      <PrintSpace HPOS="0"
                  VPOS="0"
                  WIDTH="658"
                  HEIGHT="1096">
        <TextBlock HPOS="133"
                   VPOS="122"
                   WIDTH="31"
                   HEIGHT="35"
                   ID="region_1718646703247_54"
                   TAGREFS="BT3756">
          <Shape><Polygon POINTS="133 157 163 154 164 122 133 122"/></Shape>
          <TextLine ID="eSc_line_abdba116"
                    BASELINE="138 153 549 141" 
                    HPOS="138"
                    VPOS="141"
                    WIDTH="411"
                    HEIGHT="12">
	    <String CONTENT=""
                    HPOS="138"
                    VPOS="141"
                    WIDTH="411"
                    HEIGHT="12"></String>
          </TextLine>
        </TextBlock>
        <TextBlock HPOS="76"
                   VPOS="116"
                   WIDTH="505"
                   HEIGHT="228"
                   ID="region_1718646027149_22"
                   TAGREFS="BT3756">
          <Shape><Polygon POINTS="581 344 76 344 81 176 164 170 165 127 581 116"/></Shape>
          <TextLine ID="eSc_line_bfc9ed1c"
                    BASELINE="375 175 506 168" 
                    HPOS="375"
                    VPOS="168"
                    WIDTH="131"
                    HEIGHT="7">
	    <String CONTENT=""
                    HPOS="375"
                    VPOS="168"
                    WIDTH="131"
                    HEIGHT="7"></String>
          </TextLine>
          <TextLine ID="eSc_line_09359ea9"
                    BASELINE="89 206 552 198" 
                    HPOS="89"
                    VPOS="198"
                    WIDTH="463"
                    HEIGHT="8">
	    <String CONTENT=""
                    HPOS="89"
                    VPOS="198"
                    WIDTH="463"
                    HEIGHT="8"></String>
          </TextLine>
          <TextLine ID="eSc_line_6e32f461"
                    BASELINE="380 228 480 223" 
                    HPOS="380"
                    VPOS="223"
                    WIDTH="100"
                    HEIGHT="5">
	    <String CONTENT=""
                    HPOS="380"
                    VPOS="223"
                    WIDTH="100"
                    HEIGHT="5"></String>
          </TextLine>
          <TextLine ID="eSc_line_58c00812"
                    BASELINE="95 257 551 251" 
                    HPOS="95"
                    VPOS="251"
                    WIDTH="456"
                    HEIGHT="6">
	    <String CONTENT=""
                    HPOS="95"
                    VPOS="251"
                    WIDTH="456"
                    HEIGHT="6"></String>
          </TextLine>
          <TextLine ID="eSc_line_08cd200d"
                    BASELINE="378 282 532 277" 
                    HPOS="378"
                    VPOS="277"
                    WIDTH="154"
                    HEIGHT="5">
	    <String CONTENT=""
                    HPOS="378"
                    VPOS="277"
                    WIDTH="154"
                    HEIGHT="5"></String>
          </TextLine>
          <TextLine ID="eSc_line_48bfd09e"
                    BASELINE="97 315 561 302" 
                    HPOS="97"
                    VPOS="302"
                    WIDTH="464"
                    HEIGHT="13">
	    <String CONTENT=""
                    HPOS="97"
                    VPOS="302"
                    WIDTH="464"
                    HEIGHT="13"></String>
          </TextLine>
          <TextLine ID="eSc_line_1919ad4b"
                    BASELINE="376 329 503 334" 
                    HPOS="376"
                    VPOS="329"
                    WIDTH="127"
                    HEIGHT="5">
	    <String CONTENT=""
                    HPOS="376"
                    VPOS="329"
                    WIDTH="127"
                    HEIGHT="5"></String>
          </TextLine>
        </TextBlock>
        <TextBlock HPOS="200"
                   VPOS="70"
                   WIDTH="229"
                   HEIGHT="41"
                   ID="region_1718646016478_16"
                   TAGREFS="BT3756">
          <Shape><Polygon POINTS="429 111 200 111 200 70 429 70"/></Shape>
          <TextLine ID="eSc_line_80dc0b9b"
                    BASELINE="202 104 424 99" 
                    HPOS="202"
                    VPOS="99"
                    WIDTH="222"
                    HEIGHT="5">
	    <String CONTENT=""
                    HPOS="202"
                    VPOS="99"
                    WIDTH="222"
                    HEIGHT="5"></String>
          </TextLine>
        </TextBlock>
        <TextBlock HPOS="140"
                   VPOS="376"
                   WIDTH="32"
                   HEIGHT="33"
                   ID="region_1718646776240_72"
                   TAGREFS="BT3756">
          <Shape><Polygon POINTS="168 409 144 406 140 376 172 377"/></Shape>
          <TextLine ID="eSc_line_95191822"
                    BASELINE="147 403 564 394" 
                    HPOS="147"
                    VPOS="394"
                    WIDTH="417"
                    HEIGHT="9">
	    <String CONTENT=""
                    HPOS="147"
                    VPOS="394"
                    WIDTH="417"
                    HEIGHT="9"></String>
          </TextLine>
        </TextBlock>
        <TextBlock HPOS="95"
                   VPOS="364"
                   WIDTH="496"
                   HEIGHT="232"
                   ID="region_1718646033726_25"
                   TAGREFS="BT3756">
          <Shape><Polygon POINTS="580 589 98 596 95 435 169 422 174 370 591 364"/></Shape>
          <TextLine ID="eSc_line_c0d9a509"
                    BASELINE="378 427 535 423" 
                    HPOS="378"
                    VPOS="423"
                    WIDTH="157"
                    HEIGHT="4">
	    <String CONTENT=""
                    HPOS="378"
                    VPOS="423"
                    WIDTH="157"
                    HEIGHT="4"></String>
          </TextLine>
          <TextLine ID="eSc_line_f5b9e36a"
                    BASELINE="99 457 560 450" 
                    HPOS="99"
                    VPOS="450"
                    WIDTH="461"
                    HEIGHT="7">
	    <String CONTENT=""
                    HPOS="99"
                    VPOS="450"
                    WIDTH="461"
                    HEIGHT="7"></String>
          </TextLine>
          <TextLine ID="eSc_line_3dd9d84d"
                    BASELINE="384 478 465 477" 
                    HPOS="384"
                    VPOS="477"
                    WIDTH="81"
                    HEIGHT="1">
	    <String CONTENT=""
                    HPOS="384"
                    VPOS="477"
                    WIDTH="81"
                    HEIGHT="1"></String>
          </TextLine>
          <TextLine ID="eSc_line_4314ea80"
                    BASELINE="101 512 567 503" 
                    HPOS="101"
                    VPOS="503"
                    WIDTH="466"
                    HEIGHT="9">
	    <String CONTENT=""
                    HPOS="101"
                    VPOS="503"
                    WIDTH="466"
                    HEIGHT="9"></String>
          </TextLine>
          <TextLine ID="eSc_line_8f4afe98"
                    BASELINE="389 535 522 530" 
                    HPOS="389"
                    VPOS="530"
                    WIDTH="133"
                    HEIGHT="5">
	    <String CONTENT=""
                    HPOS="389"
                    VPOS="530"
                    WIDTH="133"
                    HEIGHT="5"></String>
          </TextLine>
          <TextLine ID="eSc_line_673e8589"
                    BASELINE="105 567 567 555" 
                    HPOS="105"
                    VPOS="555"
                    WIDTH="462"
                    HEIGHT="12">
	    <String CONTENT=""
                    HPOS="105"
                    VPOS="555"
                    WIDTH="462"
                    HEIGHT="12"></String>
          </TextLine>
          <TextLine ID="eSc_line_cb2d4842"
                    BASELINE="386 587 517 583" 
                    HPOS="386"
                    VPOS="583"
                    WIDTH="131"
                    HEIGHT="4">
	    <String CONTENT=""
                    HPOS="386"
                    VPOS="583"
                    WIDTH="131"
                    HEIGHT="4"></String>
          </TextLine>
        </TextBlock>
        <TextBlock HPOS="522"
                   VPOS="70"
                   WIDTH="33"
                   HEIGHT="31"
                   ID="region_1718646020339_19"
                   TAGREFS="BT3756">
          <Shape><Polygon POINTS="555 101 522 101 522 70 555 70"/></Shape>
          <TextLine ID="eSc_line_0df40426"
                    BASELINE="528 96 547 96" 
                    HPOS="528"
                    VPOS="96"
                    WIDTH="19"
                    HEIGHT="0">
	    <String CONTENT=""
                    HPOS="528"
                    VPOS="96"
                    WIDTH="19"
                    HEIGHT="0"></String>
          </TextLine>
        </TextBlock>
        <TextBlock HPOS="119"
                   VPOS="651"
                   WIDTH="367"
                   HEIGHT="129"
                   ID="region_1718646068628_34"
                   TAGREFS="BT3758">
          <Shape><Polygon POINTS="486 780 119 780 119 651 486 651"/></Shape>
          <TextLine ID="eSc_line_5e3f932f"
                    BASELINE="127 691 450 682" 
                    HPOS="127"
                    VPOS="682"
                    WIDTH="323"
                    HEIGHT="9">
	    <String CONTENT=""
                    HPOS="127"
                    VPOS="682"
                    WIDTH="323"
                    HEIGHT="9"></String>
          </TextLine>
          <TextLine ID="eSc_line_1aa6d1b9"
                    BASELINE="219 717 463 709" 
                    HPOS="219"
                    VPOS="709"
                    WIDTH="244"
                    HEIGHT="8">
	    <String CONTENT=""
                    HPOS="219"
                    VPOS="709"
                    WIDTH="244"
                    HEIGHT="8"></String>
          </TextLine>
          <TextLine ID="eSc_line_90618a25"
                    BASELINE="130 746 467 737" 
                    HPOS="130"
                    VPOS="737"
                    WIDTH="337"
                    HEIGHT="9">
	    <String CONTENT=""
                    HPOS="130"
                    VPOS="737"
                    WIDTH="337"
                    HEIGHT="9"></String>
          </TextLine>
          <TextLine ID="eSc_line_6e37bfaa"
                    BASELINE="224 773 463 765" 
                    HPOS="224"
                    VPOS="765"
                    WIDTH="239"
                    HEIGHT="8">
	    <String CONTENT=""
                    HPOS="224"
                    VPOS="765"
                    WIDTH="239"
                    HEIGHT="8"></String>
          </TextLine>
        </TextBlock>
        <TextBlock HPOS="509"
                   VPOS="594"
                   WIDTH="65"
                   HEIGHT="26"
                   ID="region_1718646056317_28"
                   TAGREFS="BT4126">
          <Shape><Polygon POINTS="574 620 509 620 510 594 573 599"/></Shape>
          <TextLine ID="eSc_line_57a57354"
                    BASELINE="513 615 569 615" 
                    HPOS="513"
                    VPOS="615"
                    WIDTH="56"
                    HEIGHT="0">
	    <String CONTENT=""
                    HPOS="513"
                    VPOS="615"
                    WIDTH="56"
                    HEIGHT="0"></String>
          </TextLine>
        </TextBlock>
        <TextBlock HPOS="118"
                   VPOS="798"
                   WIDTH="397"
                   HEIGHT="122"
                   ID="region_1718646072181_37"
                   TAGREFS="BT3758">
          <Shape><Polygon POINTS="515 909 128 920 118 807 510 798"/></Shape>
          <TextLine ID="eSc_line_636ea246"
                    BASELINE="131 832 444 824" 
                    HPOS="131"
                    VPOS="824"
                    WIDTH="313"
                    HEIGHT="8">
	    <String CONTENT=""
                    HPOS="131"
                    VPOS="824"
                    WIDTH="313"
                    HEIGHT="8"></String>
          </TextLine>
          <TextLine ID="eSc_line_8a07add1"
                    BASELINE="225 858 442 851" 
                    HPOS="225"
                    VPOS="851"
                    WIDTH="217"
                    HEIGHT="7">
	    <String CONTENT=""
                    HPOS="225"
                    VPOS="851"
                    WIDTH="217"
                    HEIGHT="7"></String>
          </TextLine>
          <TextLine ID="eSc_line_c53002d8"
                    BASELINE="131 886 469 876" 
                    HPOS="131"
                    VPOS="876"
                    WIDTH="338"
                    HEIGHT="10">
	    <String CONTENT=""
                    HPOS="131"
                    VPOS="876"
                    WIDTH="338"
                    HEIGHT="10"></String>
          </TextLine>
          <TextLine ID="eSc_line_061bddf6"
                    BASELINE="222 912 506 902" 
                    HPOS="222"
                    VPOS="902"
                    WIDTH="284"
                    HEIGHT="10">
	    <String CONTENT=""
                    HPOS="222"
                    VPOS="902"
                    WIDTH="284"
                    HEIGHT="10"></String>
          </TextLine>
        </TextBlock>
        <TextBlock HPOS="313"
                   VPOS="928"
                   WIDTH="67"
                   HEIGHT="35"
                   ID="region_1718646074893_40"
                   TAGREFS="BT3756">
          <Shape><Polygon POINTS="380 963 313 963 313 928 380 928"/></Shape>
          <TextLine ID="eSc_line_4616191c"
                    BASELINE="324 953 577 947" 
                    HPOS="324"
                    VPOS="947"
                    WIDTH="253"
                    HEIGHT="6">
	    <String CONTENT=""
                    HPOS="324"
                    VPOS="947"
                    WIDTH="253"
                    HEIGHT="6"></String>
          </TextLine>
        </TextBlock>
        <TextBlock HPOS="512"
                   VPOS="926"
                   WIDTH="71"
                   HEIGHT="30"
                   ID="region_1718646077870_43"
                   TAGREFS="BT3756">
          <Shape><Polygon POINTS="582 953 515 956 512 926 583 926"/></Shape>
        </TextBlock>
      </PrintSpace>
    </Page>
  </Layout>
</alto>
