<?xml version="1.0" encoding="UTF-8"?>
<alto xmlns:xsi="http://www.w3.org/2001/XMLSchema-instance"
      xmlns="http://www.loc.gov/standards/alto/ns-v4#"
      xsi:schemaLocation="http://www.loc.gov/standards/alto/ns-v4# http://www.loc.gov/standards/alto/v4/alto-4-2.xsd">
  <Description>
    <MeasurementUnit>pixel</MeasurementUnit>
    <sourceImageInformation>
      <fileName>1775-Saemmtliche_Poetische_Werke_Schmieder_Bd_1_VD18_90914260_NEU-089.png</fileName>
      <fileIdentifier>mets//SchmiederZeilenUnb.zip/1775-Saemmtliche_Poetische_Werke_Schmieder_Bd_1_VD18_90914260_NEU-089.png</fileIdentifier>
    </sourceImageInformation>
  </Description>
  <Tags>
    <OtherTag ID="BT1" LABEL="Title" DESCRIPTION="block type Title"/><OtherTag ID="BT2" LABEL="Main" DESCRIPTION="block type Main"/><OtherTag ID="BT3" LABEL="Commentary" DESCRIPTION="block type Commentary"/><OtherTag ID="BT4" LABEL="Illustration" DESCRIPTION="block type Illustration"/><OtherTag ID="BT3755" LABEL="header" DESCRIPTION="block type header"/><OtherTag ID="BT3756" LABEL="paragraph" DESCRIPTION="block type paragraph"/><OtherTag ID="BT3757" LABEL="heading" DESCRIPTION="block type heading"/><OtherTag ID="BT3758" LABEL="footnote" DESCRIPTION="block type footnote"/><OtherTag ID="BT3759" LABEL="l-column" DESCRIPTION="block type l-column"/><OtherTag ID="BT3760" LABEL="r-column" DESCRIPTION="block type r-column"/><OtherTag ID="BT3761" LABEL="marginalia" DESCRIPTION="block type marginalia"/><OtherTag ID="BT4125" LABEL="drop-capital" DESCRIPTION="block type drop-capital"/><OtherTag ID="BT4126" LABEL="catch-word" DESCRIPTION="block type catch-word"/><OtherTag ID="BT4127" LABEL="page-number" DESCRIPTION="block type page-number"/><OtherTag ID="BT4128" LABEL="signature-mark" DESCRIPTION="block type signature-mark"/><OtherTag ID="BT4129" LABEL="poem_lg" DESCRIPTION="block type poem_lg"/><OtherTag ID="BT4130" LABEL="endnote" DESCRIPTION="block type endnote"/>
  </Tags>
  <Layout>
    <Page WIDTH="658"
          HEIGHT="1096"
          PHYSICAL_IMG_NR="79"
          ID="eSc_dummypage_">
      <PrintSpace HPOS="0"
                  VPOS="0"
                  WIDTH="658"
                  HEIGHT="1096">
        <TextBlock HPOS="71"
                   VPOS="122"
                   WIDTH="467"
                   HEIGHT="368"
                   ID="region_1718627445436_780"
                   TAGREFS="BT3756">
          <Shape><Polygon POINTS="71 122 535 122 538 484 71 490"/></Shape>
          <TextLine ID="eSc_line_4f73758a"
                    BASELINE="75 149 512 148" 
                    HPOS="75"
                    VPOS="148"
                    WIDTH="437"
                    HEIGHT="1">
	    <String CONTENT=""
                    HPOS="75"
                    VPOS="148"
                    WIDTH="437"
                    HEIGHT="1"></String>
          </TextLine>
          <TextLine ID="eSc_line_8ad2eb49"
                    BASELINE="74 175 529 172" 
                    HPOS="74"
                    VPOS="172"
                    WIDTH="455"
                    HEIGHT="3">
	    <String CONTENT=""
                    HPOS="74"
                    VPOS="172"
                    WIDTH="455"
                    HEIGHT="3"></String>
          </TextLine>
          <TextLine ID="eSc_line_765db2a2"
                    BASELINE="74 224 529 226" 
                    HPOS="74"
                    VPOS="224"
                    WIDTH="455"
                    HEIGHT="2">
	    <String CONTENT=""
                    HPOS="74"
                    VPOS="224"
                    WIDTH="455"
                    HEIGHT="2"></String>
          </TextLine>
          <TextLine ID="eSc_line_061ef353"
                    BASELINE="361 198 439 199" 
                    HPOS="361"
                    VPOS="198"
                    WIDTH="78"
                    HEIGHT="1">
	    <String CONTENT=""
                    HPOS="361"
                    VPOS="198"
                    WIDTH="78"
                    HEIGHT="1"></String>
          </TextLine>
          <TextLine ID="eSc_line_9e04f2fa"
                    BASELINE="74 250 530 249" 
                    HPOS="74"
                    VPOS="249"
                    WIDTH="456"
                    HEIGHT="1">
	    <String CONTENT=""
                    HPOS="74"
                    VPOS="249"
                    WIDTH="456"
                    HEIGHT="1"></String>
          </TextLine>
          <TextLine ID="eSc_line_a0aaa8d4"
                    BASELINE="361 279 405 279" 
                    HPOS="361"
                    VPOS="279"
                    WIDTH="44"
                    HEIGHT="0">
	    <String CONTENT=""
                    HPOS="361"
                    VPOS="279"
                    WIDTH="44"
                    HEIGHT="0"></String>
          </TextLine>
          <TextLine ID="eSc_line_f08ff77c"
                    BASELINE="72 320 527 318" 
                    HPOS="72"
                    VPOS="318"
                    WIDTH="455"
                    HEIGHT="2">
	    <String CONTENT=""
                    HPOS="72"
                    VPOS="318"
                    WIDTH="455"
                    HEIGHT="2"></String>
          </TextLine>
          <TextLine ID="eSc_line_3a6208e0"
                    BASELINE="73 373 532 370" 
                    HPOS="73"
                    VPOS="370"
                    WIDTH="459"
                    HEIGHT="3">
	    <String CONTENT=""
                    HPOS="73"
                    VPOS="370"
                    WIDTH="459"
                    HEIGHT="3"></String>
          </TextLine>
          <TextLine ID="eSc_line_7b0c2f69"
                    BASELINE="357 344 426 343" 
                    HPOS="357"
                    VPOS="343"
                    WIDTH="69"
                    HEIGHT="1">
	    <String CONTENT=""
                    HPOS="357"
                    VPOS="343"
                    WIDTH="69"
                    HEIGHT="1"></String>
          </TextLine>
          <TextLine ID="eSc_line_d4798eda"
                    BASELINE="75 424 528 425" 
                    HPOS="75"
                    VPOS="424"
                    WIDTH="453"
                    HEIGHT="1">
	    <String CONTENT=""
                    HPOS="75"
                    VPOS="424"
                    WIDTH="453"
                    HEIGHT="1"></String>
          </TextLine>
          <TextLine ID="eSc_line_d9543391"
                    BASELINE="353 395 447 395" 
                    HPOS="353"
                    VPOS="395"
                    WIDTH="94"
                    HEIGHT="0">
	    <String CONTENT=""
                    HPOS="353"
                    VPOS="395"
                    WIDTH="94"
                    HEIGHT="0"></String>
          </TextLine>
          <TextLine ID="eSc_line_42aa7900"
                    BASELINE="74 481 525 477" 
                    HPOS="74"
                    VPOS="477"
                    WIDTH="451"
                    HEIGHT="4">
	    <String CONTENT=""
                    HPOS="74"
                    VPOS="477"
                    WIDTH="451"
                    HEIGHT="4"></String>
          </TextLine>
          <TextLine ID="eSc_line_f2d0740e"
                    BASELINE="357 452 421 452" 
                    HPOS="357"
                    VPOS="452"
                    WIDTH="64"
                    HEIGHT="0">
	    <String CONTENT=""
                    HPOS="357"
                    VPOS="452"
                    WIDTH="64"
                    HEIGHT="0"></String>
          </TextLine>
        </TextBlock>
        <TextBlock HPOS="174"
                   VPOS="79"
                   WIDTH="232"
                   HEIGHT="35"
                   ID="region_1718627434756_774"
                   TAGREFS="BT3756">
          <Shape><Polygon POINTS="406 114 174 114 174 79 406 79"/></Shape>
          <TextLine ID="eSc_line_45d43e9b"
                    BASELINE="181 109 399 105" 
                    HPOS="181"
                    VPOS="105"
                    WIDTH="218"
                    HEIGHT="4">
	    <String CONTENT=""
                    HPOS="181"
                    VPOS="105"
                    WIDTH="218"
                    HEIGHT="4"></String>
          </TextLine>
        </TextBlock>
        <TextBlock HPOS="486"
                   VPOS="84"
                   WIDTH="47"
                   HEIGHT="31"
                   ID="region_1718627437644_777"
                   TAGREFS="BT3756">
          <Shape><Polygon POINTS="533 115 486 115 486 84 533 84"/></Shape>
          <TextLine ID="eSc_line_473a7a93"
                    BASELINE="494 107 529 107" 
                    HPOS="494"
                    VPOS="107"
                    WIDTH="35"
                    HEIGHT="0">
	    <String CONTENT=""
                    HPOS="494"
                    VPOS="107"
                    WIDTH="35"
                    HEIGHT="0"></String>
          </TextLine>
        </TextBlock>
        <TextBlock HPOS="106"
                   VPOS="532"
                   WIDTH="435"
                   HEIGHT="87"
                   ID="region_1718627492850_799"
                   TAGREFS="BT3758">
          <Shape><Polygon POINTS="106 613 541 619 538 532 106 532"/></Shape>
          <TextLine ID="eSc_line_ab9793cf"
                    BASELINE="114 555 527 555" 
                    HPOS="114"
                    VPOS="555"
                    WIDTH="413"
                    HEIGHT="0">
	    <String CONTENT=""
                    HPOS="114"
                    VPOS="555"
                    WIDTH="413"
                    HEIGHT="0"></String>
          </TextLine>
          <TextLine ID="eSc_line_b7d3592c"
                    BASELINE="120 586 509 582" 
                    HPOS="120"
                    VPOS="582"
                    WIDTH="389"
                    HEIGHT="4">
	    <String CONTENT=""
                    HPOS="120"
                    VPOS="582"
                    WIDTH="389"
                    HEIGHT="4"></String>
          </TextLine>
          <TextLine ID="eSc_line_4f194e37"
                    BASELINE="178 609 527 611" 
                    HPOS="178"
                    VPOS="609"
                    WIDTH="349"
                    HEIGHT="2">
	    <String CONTENT=""
                    HPOS="178"
                    VPOS="609"
                    WIDTH="349"
                    HEIGHT="2"></String>
          </TextLine>
        </TextBlock>
        <TextBlock HPOS="86"
                   VPOS="626"
                   WIDTH="456"
                   HEIGHT="108"
                   ID="region_1718627497635_802"
                   TAGREFS="BT3758">
          <Shape><Polygon POINTS="86 734 541 728 542 626 92 626"/></Shape>
          <TextLine ID="eSc_line_fed52a5b"
                    BASELINE="109 649 531 645" 
                    HPOS="109"
                    VPOS="645"
                    WIDTH="422"
                    HEIGHT="4">
	    <String CONTENT=""
                    HPOS="109"
                    VPOS="645"
                    WIDTH="422"
                    HEIGHT="4"></String>
          </TextLine>
          <TextLine ID="eSc_line_04d3dba5"
                    BASELINE="95 677 528 677" 
                    HPOS="95"
                    VPOS="677"
                    WIDTH="433"
                    HEIGHT="0">
	    <String CONTENT=""
                    HPOS="95"
                    VPOS="677"
                    WIDTH="433"
                    HEIGHT="0"></String>
          </TextLine>
          <TextLine ID="eSc_line_bab067aa"
                    BASELINE="93 727 312 726" 
                    HPOS="93"
                    VPOS="726"
                    WIDTH="219"
                    HEIGHT="1">
	    <String CONTENT=""
                    HPOS="93"
                    VPOS="726"
                    WIDTH="219"
                    HEIGHT="1"></String>
          </TextLine>
        </TextBlock>
        <TextBlock HPOS="486"
                   VPOS="491"
                   WIDTH="47"
                   HEIGHT="23"
                   ID="region_1718627462587_785"
                   TAGREFS="BT3756">
          <Shape><Polygon POINTS="486 514 533 514 533 491 486 491"/></Shape>
          <TextLine ID="eSc_line_1f1b8faa"
                    BASELINE="488 510 527 511" 
                    HPOS="488"
                    VPOS="510"
                    WIDTH="39"
                    HEIGHT="1">
	    <String CONTENT=""
                    HPOS="488"
                    VPOS="510"
                    WIDTH="39"
                    HEIGHT="1"></String>
          </TextLine>
        </TextBlock>
        <TextBlock HPOS="105"
                   VPOS="741"
                   WIDTH="433"
                   HEIGHT="194"
                   ID="region_1718627512123_805"
                   TAGREFS="BT3758">
          <Shape><Polygon POINTS="105 925 168 930 180 935 193 931 191 929 249 930 260 934 271 934 279 930 492 929 517 925 538 741 113 741"/></Shape>
          <TextLine ID="eSc_line_fa7acd4d"
                    BASELINE="116 770 528 766" 
                    HPOS="116"
                    VPOS="766"
                    WIDTH="412"
                    HEIGHT="4">
	    <String CONTENT=""
                    HPOS="116"
                    VPOS="766"
                    WIDTH="412"
                    HEIGHT="4"></String>
          </TextLine>
          <TextLine ID="eSc_line_e8d3d8c5"
                    BASELINE="117 797 527 796" 
                    HPOS="117"
                    VPOS="796"
                    WIDTH="410"
                    HEIGHT="1">
	    <String CONTENT=""
                    HPOS="117"
                    VPOS="796"
                    WIDTH="410"
                    HEIGHT="1"></String>
          </TextLine>
          <TextLine ID="eSc_line_1d6e74fb"
                    BASELINE="159 822 316 824" 
                    HPOS="159"
                    VPOS="822"
                    WIDTH="157"
                    HEIGHT="2">
	    <String CONTENT=""
                    HPOS="159"
                    VPOS="822"
                    WIDTH="157"
                    HEIGHT="2"></String>
          </TextLine>
          <TextLine ID="eSc_line_18fc6b76"
                    BASELINE="113 847 523 850" 
                    HPOS="113"
                    VPOS="847"
                    WIDTH="410"
                    HEIGHT="3">
	    <String CONTENT=""
                    HPOS="113"
                    VPOS="847"
                    WIDTH="410"
                    HEIGHT="3"></String>
          </TextLine>
          <TextLine ID="eSc_line_a726080a"
                    BASELINE="284 877 482 876" 
                    HPOS="284"
                    VPOS="876"
                    WIDTH="198"
                    HEIGHT="1">
	    <String CONTENT=""
                    HPOS="284"
                    VPOS="876"
                    WIDTH="198"
                    HEIGHT="1"></String>
          </TextLine>
          <TextLine ID="eSc_line_2118064e"
                    BASELINE="115 900 472 901" 
                    HPOS="115"
                    VPOS="900"
                    WIDTH="357"
                    HEIGHT="1">
	    <String CONTENT=""
                    HPOS="115"
                    VPOS="900"
                    WIDTH="357"
                    HEIGHT="1"></String>
          </TextLine>
          <TextLine ID="eSc_line_97d41355"
                    BASELINE="115 925 491 928" 
                    HPOS="115"
                    VPOS="925"
                    WIDTH="376"
                    HEIGHT="3">
	    <String CONTENT=""
                    HPOS="115"
                    VPOS="925"
                    WIDTH="376"
                    HEIGHT="3"></String>
          </TextLine>
        </TextBlock>
        <TextBlock HPOS="90"
                   VPOS="933"
                   WIDTH="258"
                   HEIGHT="33"
                   ID="region_1718627487980_796"
                   TAGREFS="BT3756">
          <Shape><Polygon POINTS="348 966 90 961 96 935 103 933 116 936 160 936 188 939 192 937 224 938 252 947 292 948 323 934 341 935"/></Shape>
          <TextLine ID="eSc_line_bdb61b04"
                    BASELINE="98 954 338 959" 
                    HPOS="98"
                    VPOS="954"
                    WIDTH="240"
                    HEIGHT="5">
	    <String CONTENT=""
                    HPOS="98"
                    VPOS="954"
                    WIDTH="240"
                    HEIGHT="5"></String>
          </TextLine>
        </TextBlock>
        <TextBlock HPOS="492"
                   VPOS="934"
                   WIDTH="45"
                   HEIGHT="26"
                   ID="region_1718627485235_793"
                   TAGREFS="BT3756">
          <Shape><Polygon POINTS="492 960 537 960 530 938 503 934"/></Shape>
          <TextLine ID="eSc_line_26d75a00"
                    BASELINE="498 957 524 954" 
                    HPOS="498"
                    VPOS="954"
                    WIDTH="26"
                    HEIGHT="3">
	    <String CONTENT=""
                    HPOS="498"
                    VPOS="954"
                    WIDTH="26"
                    HEIGHT="3"></String>
          </TextLine>
        </TextBlock>
        <TextBlock ID="eSc_dummyblock_">
          <TextLine ID="eSc_line_b5412b5a"
                    BASELINE="88 701 531 703" 
                    HPOS="88"
                    VPOS="701"
                    WIDTH="443"
                    HEIGHT="2">
	    <String CONTENT=""
                    HPOS="88"
                    VPOS="701"
                    WIDTH="443"
                    HEIGHT="2"></String>
          </TextLine>
        </TextBlock>
      </PrintSpace>
    </Page>
  </Layout>
</alto>
