<?xml version="1.0" encoding="UTF-8"?>
<alto xmlns:xsi="http://www.w3.org/2001/XMLSchema-instance"
      xmlns="http://www.loc.gov/standards/alto/ns-v4#"
      xsi:schemaLocation="http://www.loc.gov/standards/alto/ns-v4# http://www.loc.gov/standards/alto/v4/alto-4-2.xsd">
  <Description>
    <MeasurementUnit>pixel</MeasurementUnit>
    <sourceImageInformation>
      <fileName>1775-Saemmtliche_Poetische_Werke_Schmieder_Bd_1_VD18_90914260_NEU-013.png</fileName>
      <fileIdentifier>mets//SchmiederZeilenUnb.zip/1775-Saemmtliche_Poetische_Werke_Schmieder_Bd_1_VD18_90914260_NEU-013.png</fileIdentifier>
    </sourceImageInformation>
  </Description>
  <Tags>
    <OtherTag ID="BT1" LABEL="Title" DESCRIPTION="block type Title"/><OtherTag ID="BT2" LABEL="Main" DESCRIPTION="block type Main"/><OtherTag ID="BT3" LABEL="Commentary" DESCRIPTION="block type Commentary"/><OtherTag ID="BT4" LABEL="Illustration" DESCRIPTION="block type Illustration"/><OtherTag ID="BT3755" LABEL="header" DESCRIPTION="block type header"/><OtherTag ID="BT3756" LABEL="paragraph" DESCRIPTION="block type paragraph"/><OtherTag ID="BT3757" LABEL="heading" DESCRIPTION="block type heading"/><OtherTag ID="BT3758" LABEL="footnote" DESCRIPTION="block type footnote"/><OtherTag ID="BT3759" LABEL="l-column" DESCRIPTION="block type l-column"/><OtherTag ID="BT3760" LABEL="r-column" DESCRIPTION="block type r-column"/><OtherTag ID="BT3761" LABEL="marginalia" DESCRIPTION="block type marginalia"/><OtherTag ID="BT4125" LABEL="drop-capital" DESCRIPTION="block type drop-capital"/><OtherTag ID="BT4126" LABEL="catch-word" DESCRIPTION="block type catch-word"/><OtherTag ID="BT4127" LABEL="page-number" DESCRIPTION="block type page-number"/><OtherTag ID="BT4128" LABEL="signature-mark" DESCRIPTION="block type signature-mark"/><OtherTag ID="BT4129" LABEL="poem_lg" DESCRIPTION="block type poem_lg"/><OtherTag ID="BT4130" LABEL="endnote" DESCRIPTION="block type endnote"/>
  </Tags>
  <Layout>
    <Page WIDTH="658"
          HEIGHT="1096"
          PHYSICAL_IMG_NR="73"
          ID="eSc_dummypage_">
      <PrintSpace HPOS="0"
                  VPOS="0"
                  WIDTH="658"
                  HEIGHT="1096">
        <TextBlock HPOS="72"
                   VPOS="77"
                   WIDTH="468"
                   HEIGHT="100"
                   ID="TextRegion_1718626849852_645"
                   TAGREFS="BT3757">
          <Shape><Polygon POINTS="72 77 540 77 540 137 364 177 253 177 72 137"/></Shape>
          <TextLine ID="eSc_line_19613140"
                    BASELINE="81 133 533 133" 
                    HPOS="81"
                    VPOS="133"
                    WIDTH="452"
                    HEIGHT="0">
	    <String CONTENT=""
                    HPOS="81"
                    VPOS="133"
                    WIDTH="452"
                    HEIGHT="0"></String>
          </TextLine>
          <TextLine ID="eSc_line_d89cfff2"
                    BASELINE="255 168 358 170" 
                    HPOS="255"
                    VPOS="168"
                    WIDTH="103"
                    HEIGHT="2">
	    <String CONTENT=""
                    HPOS="255"
                    VPOS="168"
                    WIDTH="103"
                    HEIGHT="2"></String>
          </TextLine>
        </TextBlock>
        <TextBlock HPOS="105"
                   VPOS="181"
                   WIDTH="412"
                   HEIGHT="49"
                   ID="region_1718626661562_595"
                   TAGREFS="BT3757">
          <Shape><Polygon POINTS="517 230 105 230 105 181 517 181"/></Shape>
          <TextLine ID="eSc_line_e96a28f6"
                    BASELINE="108 217 502 222" 
                    HPOS="108"
                    VPOS="217"
                    WIDTH="394"
                    HEIGHT="5">
	    <String CONTENT=""
                    HPOS="108"
                    VPOS="217"
                    WIDTH="394"
                    HEIGHT="5"></String>
          </TextLine>
        </TextBlock>
        <TextBlock HPOS="77"
                   VPOS="253"
                   WIDTH="62"
                   HEIGHT="94"
                   ID="region_1718626668563_598"
                   TAGREFS="BT3756">
          <Shape><Polygon POINTS="139 347 78 347 77 253 137 254"/></Shape>
          <TextLine ID="eSc_line_1db802bc"
                    BASELINE="79 343 139 344 139 283 534 285" 
                    HPOS="79"
                    VPOS="283"
                    WIDTH="455"
                    HEIGHT="61">
	    <String CONTENT=""
                    HPOS="79"
                    VPOS="283"
                    WIDTH="455"
                    HEIGHT="61"></String>
          </TextLine>
        </TextBlock>
        <TextBlock HPOS="59"
                   VPOS="255"
                   WIDTH="483"
                   HEIGHT="695"
                   ID="region_1718626683291_601"
                   TAGREFS="BT3756">
          <Shape><Polygon POINTS="76 350 145 350 142 290 138 264 143 255 540 258 542 942 59 950"/></Shape>
          <TextLine ID="eSc_line_2db4bfe3"
                    BASELINE="148 314 537 318" 
                    HPOS="148"
                    VPOS="314"
                    WIDTH="389"
                    HEIGHT="4">
	    <String CONTENT=""
                    HPOS="148"
                    VPOS="314"
                    WIDTH="389"
                    HEIGHT="4"></String>
          </TextLine>
          <TextLine ID="eSc_line_1c69d52c"
                    BASELINE="151 348 536 350" 
                    HPOS="151"
                    VPOS="348"
                    WIDTH="385"
                    HEIGHT="2">
	    <String CONTENT=""
                    HPOS="151"
                    VPOS="348"
                    WIDTH="385"
                    HEIGHT="2"></String>
          </TextLine>
          <TextLine ID="eSc_line_4f9f44b8"
                    BASELINE="78 375 533 375" 
                    HPOS="78"
                    VPOS="375"
                    WIDTH="455"
                    HEIGHT="0">
	    <String CONTENT=""
                    HPOS="78"
                    VPOS="375"
                    WIDTH="455"
                    HEIGHT="0"></String>
          </TextLine>
          <TextLine ID="eSc_line_a0a739ec"
                    BASELINE="76 406 535 409" 
                    HPOS="76"
                    VPOS="406"
                    WIDTH="459"
                    HEIGHT="3">
	    <String CONTENT=""
                    HPOS="76"
                    VPOS="406"
                    WIDTH="459"
                    HEIGHT="3"></String>
          </TextLine>
          <TextLine ID="eSc_line_7e3d3b0d"
                    BASELINE="80 434 536 441" 
                    HPOS="80"
                    VPOS="434"
                    WIDTH="456"
                    HEIGHT="7">
	    <String CONTENT=""
                    HPOS="80"
                    VPOS="434"
                    WIDTH="456"
                    HEIGHT="7"></String>
          </TextLine>
          <TextLine ID="eSc_line_924504b6"
                    BASELINE="76 464 531 470" 
                    HPOS="76"
                    VPOS="464"
                    WIDTH="455"
                    HEIGHT="6">
	    <String CONTENT=""
                    HPOS="76"
                    VPOS="464"
                    WIDTH="455"
                    HEIGHT="6"></String>
          </TextLine>
          <TextLine ID="eSc_line_287bc20b"
                    BASELINE="76 495 535 502" 
                    HPOS="76"
                    VPOS="495"
                    WIDTH="459"
                    HEIGHT="7">
	    <String CONTENT=""
                    HPOS="76"
                    VPOS="495"
                    WIDTH="459"
                    HEIGHT="7"></String>
          </TextLine>
          <TextLine ID="eSc_line_a23cb4e9"
                    BASELINE="76 528 535 533" 
                    HPOS="76"
                    VPOS="528"
                    WIDTH="459"
                    HEIGHT="5">
	    <String CONTENT=""
                    HPOS="76"
                    VPOS="528"
                    WIDTH="459"
                    HEIGHT="5"></String>
          </TextLine>
          <TextLine ID="eSc_line_5ba01802"
                    BASELINE="74 558 532 565" 
                    HPOS="74"
                    VPOS="558"
                    WIDTH="458"
                    HEIGHT="7">
	    <String CONTENT=""
                    HPOS="74"
                    VPOS="558"
                    WIDTH="458"
                    HEIGHT="7"></String>
          </TextLine>
          <TextLine ID="eSc_line_e5612620"
                    BASELINE="73 587 535 595" 
                    HPOS="73"
                    VPOS="587"
                    WIDTH="462"
                    HEIGHT="8">
	    <String CONTENT=""
                    HPOS="73"
                    VPOS="587"
                    WIDTH="462"
                    HEIGHT="8"></String>
          </TextLine>
          <TextLine ID="eSc_line_d9b20991"
                    BASELINE="76 621 535 627" 
                    HPOS="76"
                    VPOS="621"
                    WIDTH="459"
                    HEIGHT="6">
	    <String CONTENT=""
                    HPOS="76"
                    VPOS="621"
                    WIDTH="459"
                    HEIGHT="6"></String>
          </TextLine>
          <TextLine ID="eSc_line_d838d5e3"
                    BASELINE="78 650 535 656" 
                    HPOS="78"
                    VPOS="650"
                    WIDTH="457"
                    HEIGHT="6">
	    <String CONTENT=""
                    HPOS="78"
                    VPOS="650"
                    WIDTH="457"
                    HEIGHT="6"></String>
          </TextLine>
          <TextLine ID="eSc_line_ffb8f823"
                    BASELINE="75 683 537 688" 
                    HPOS="75"
                    VPOS="683"
                    WIDTH="462"
                    HEIGHT="5">
	    <String CONTENT=""
                    HPOS="75"
                    VPOS="683"
                    WIDTH="462"
                    HEIGHT="5"></String>
          </TextLine>
          <TextLine ID="eSc_line_fa1095bc"
                    BASELINE="75 711 537 720" 
                    HPOS="75"
                    VPOS="711"
                    WIDTH="462"
                    HEIGHT="9">
	    <String CONTENT=""
                    HPOS="75"
                    VPOS="711"
                    WIDTH="462"
                    HEIGHT="9"></String>
          </TextLine>
          <TextLine ID="eSc_line_2e46795c"
                    BASELINE="76 744 534 751" 
                    HPOS="76"
                    VPOS="744"
                    WIDTH="458"
                    HEIGHT="7">
	    <String CONTENT=""
                    HPOS="76"
                    VPOS="744"
                    WIDTH="458"
                    HEIGHT="7"></String>
          </TextLine>
          <TextLine ID="eSc_line_9ed9562b"
                    BASELINE="77 777 537 782" 
                    HPOS="77"
                    VPOS="777"
                    WIDTH="460"
                    HEIGHT="5">
	    <String CONTENT=""
                    HPOS="77"
                    VPOS="777"
                    WIDTH="460"
                    HEIGHT="5"></String>
          </TextLine>
          <TextLine ID="eSc_line_c828d44e"
                    BASELINE="78 808 538 813" 
                    HPOS="78"
                    VPOS="808"
                    WIDTH="460"
                    HEIGHT="5">
	    <String CONTENT=""
                    HPOS="78"
                    VPOS="808"
                    WIDTH="460"
                    HEIGHT="5"></String>
          </TextLine>
          <TextLine ID="eSc_line_5f4a365a"
                    BASELINE="74 835 535 847" 
                    HPOS="74"
                    VPOS="835"
                    WIDTH="461"
                    HEIGHT="12">
	    <String CONTENT=""
                    HPOS="74"
                    VPOS="835"
                    WIDTH="461"
                    HEIGHT="12"></String>
          </TextLine>
          <TextLine ID="eSc_line_3a489c3d"
                    BASELINE="76 869 533 876" 
                    HPOS="76"
                    VPOS="869"
                    WIDTH="457"
                    HEIGHT="7">
	    <String CONTENT=""
                    HPOS="76"
                    VPOS="869"
                    WIDTH="457"
                    HEIGHT="7"></String>
          </TextLine>
          <TextLine ID="eSc_line_0c256f63"
                    BASELINE="76 899 539 908" 
                    HPOS="76"
                    VPOS="899"
                    WIDTH="463"
                    HEIGHT="9">
	    <String CONTENT=""
                    HPOS="76"
                    VPOS="899"
                    WIDTH="463"
                    HEIGHT="9"></String>
          </TextLine>
          <TextLine ID="eSc_line_c55828e7"
                    BASELINE="76 933 533 937" 
                    HPOS="76"
                    VPOS="933"
                    WIDTH="457"
                    HEIGHT="4">
	    <String CONTENT=""
                    HPOS="76"
                    VPOS="933"
                    WIDTH="457"
                    HEIGHT="4"></String>
          </TextLine>
        </TextBlock>
        <TextBlock HPOS="473"
                   VPOS="946"
                   WIDTH="60"
                   HEIGHT="32"
                   ID="region_1718626685883_604"
                   TAGREFS="BT4126">
          <Shape><Polygon POINTS="533 974 475 978 473 946 527 949"/></Shape>
          <TextLine ID="eSc_line_01f92e67"
                    BASELINE="478 969 528 970" 
                    HPOS="478"
                    VPOS="969"
                    WIDTH="50"
                    HEIGHT="1">
	    <String CONTENT=""
                    HPOS="478"
                    VPOS="969"
                    WIDTH="50"
                    HEIGHT="1"></String>
          </TextLine>
        </TextBlock>
      </PrintSpace>
    </Page>
  </Layout>
</alto>
