<?xml version="1.0" encoding="UTF-8"?>
<alto xmlns:xsi="http://www.w3.org/2001/XMLSchema-instance"
      xmlns="http://www.loc.gov/standards/alto/ns-v4#"
      xsi:schemaLocation="http://www.loc.gov/standards/alto/ns-v4# http://www.loc.gov/standards/alto/v4/alto-4-2.xsd">
  <Description>
    <MeasurementUnit>pixel</MeasurementUnit>
    <sourceImageInformation>
      <fileName>1775-Saemmtliche_Poetische_Werke_Schmieder_Bd_2_VD18_90914287_NEU-047.png</fileName>
      <fileIdentifier>mets//SchmiederZeilenUnb.zip/1775-Saemmtliche_Poetische_Werke_Schmieder_Bd_2_VD18_90914287_NEU-047.png</fileIdentifier>
    </sourceImageInformation>
  </Description>
  <Tags>
    <OtherTag ID="BT1" LABEL="Title" DESCRIPTION="block type Title"/><OtherTag ID="BT2" LABEL="Main" DESCRIPTION="block type Main"/><OtherTag ID="BT3" LABEL="Commentary" DESCRIPTION="block type Commentary"/><OtherTag ID="BT4" LABEL="Illustration" DESCRIPTION="block type Illustration"/><OtherTag ID="BT3755" LABEL="header" DESCRIPTION="block type header"/><OtherTag ID="BT3756" LABEL="paragraph" DESCRIPTION="block type paragraph"/><OtherTag ID="BT3757" LABEL="heading" DESCRIPTION="block type heading"/><OtherTag ID="BT3758" LABEL="footnote" DESCRIPTION="block type footnote"/><OtherTag ID="BT3759" LABEL="l-column" DESCRIPTION="block type l-column"/><OtherTag ID="BT3760" LABEL="r-column" DESCRIPTION="block type r-column"/><OtherTag ID="BT3761" LABEL="marginalia" DESCRIPTION="block type marginalia"/><OtherTag ID="BT4125" LABEL="drop-capital" DESCRIPTION="block type drop-capital"/><OtherTag ID="BT4126" LABEL="catch-word" DESCRIPTION="block type catch-word"/><OtherTag ID="BT4127" LABEL="page-number" DESCRIPTION="block type page-number"/><OtherTag ID="BT4128" LABEL="signature-mark" DESCRIPTION="block type signature-mark"/><OtherTag ID="BT4129" LABEL="poem_lg" DESCRIPTION="block type poem_lg"/><OtherTag ID="BT4130" LABEL="endnote" DESCRIPTION="block type endnote"/>
  </Tags>
  <Layout>
    <Page WIDTH="657"
          HEIGHT="1095"
          PHYSICAL_IMG_NR="88"
          ID="eSc_dummypage_">
      <PrintSpace HPOS="0"
                  VPOS="0"
                  WIDTH="657"
                  HEIGHT="1095">
        <TextBlock HPOS="160"
                   VPOS="98"
                   WIDTH="41"
                   HEIGHT="34"
                   ID="region_1720036711602_588"
                   TAGREFS="BT3756">
          <Shape><Polygon POINTS="161 127 160 98 201 101 200 132"/></Shape>
          <TextLine ID="eSc_line_861a56f4"
                    BASELINE="167 123 197 123" 
                    HPOS="167"
                    VPOS="123"
                    WIDTH="30"
                    HEIGHT="0">
	    <String CONTENT=""
                    HPOS="167"
                    VPOS="123"
                    WIDTH="30"
                    HEIGHT="0"></String>
          </TextLine>
        </TextBlock>
        <TextBlock HPOS="163"
                   VPOS="160"
                   WIDTH="26"
                   HEIGHT="31"
                   ID="region_1720036741498_594"
                   TAGREFS="BT3756">
          <Shape><Polygon POINTS="186 191 189 161 167 160 163 191"/></Shape>
          <TextLine ID="eSc_line_eef460b9"
                    BASELINE="166 188 594 190" 
                    HPOS="166"
                    VPOS="188"
                    WIDTH="428"
                    HEIGHT="2">
	    <String CONTENT=""
                    HPOS="166"
                    VPOS="188"
                    WIDTH="428"
                    HEIGHT="2"></String>
          </TextLine>
        </TextBlock>
        <TextBlock HPOS="157"
                   VPOS="167"
                   WIDTH="451"
                   HEIGHT="178"
                   ID="region_1720036769323_597"
                   TAGREFS="BT3756">
          <Shape><Polygon POINTS="188 189 190 169 596 167 608 345 157 334 167 216 186 202"/></Shape>
          <TextLine ID="eSc_line_1e04e4e6"
                    BASELINE="396 218 453 219" 
                    HPOS="396"
                    VPOS="218"
                    WIDTH="57"
                    HEIGHT="1">
	    <String CONTENT=""
                    HPOS="396"
                    VPOS="218"
                    WIDTH="57"
                    HEIGHT="1"></String>
          </TextLine>
          <TextLine ID="eSc_line_50f948a7"
                    BASELINE="167 244 597 243" 
                    HPOS="167"
                    VPOS="243"
                    WIDTH="430"
                    HEIGHT="1">
	    <String CONTENT=""
                    HPOS="167"
                    VPOS="243"
                    WIDTH="430"
                    HEIGHT="1"></String>
          </TextLine>
          <TextLine ID="eSc_line_2a9204c6"
                    BASELINE="403 275 463 276" 
                    HPOS="403"
                    VPOS="275"
                    WIDTH="60"
                    HEIGHT="1">
	    <String CONTENT=""
                    HPOS="403"
                    VPOS="275"
                    WIDTH="60"
                    HEIGHT="1"></String>
          </TextLine>
          <TextLine ID="eSc_line_326ff792"
                    BASELINE="163 300 600 298" 
                    HPOS="163"
                    VPOS="298"
                    WIDTH="437"
                    HEIGHT="2">
	    <String CONTENT=""
                    HPOS="163"
                    VPOS="298"
                    WIDTH="437"
                    HEIGHT="2"></String>
          </TextLine>
          <TextLine ID="eSc_line_efacef4a"
                    BASELINE="245 327 602 329" 
                    HPOS="245"
                    VPOS="327"
                    WIDTH="357"
                    HEIGHT="2">
	    <String CONTENT=""
                    HPOS="245"
                    VPOS="327"
                    WIDTH="357"
                    HEIGHT="2"></String>
          </TextLine>
        </TextBlock>
        <TextBlock HPOS="253"
                   VPOS="88"
                   WIDTH="263"
                   HEIGHT="41"
                   ID="region_1720036728644_591"
                   TAGREFS="BT3756">
          <Shape><Polygon POINTS="253 127 253 88 516 93 516 129 425 128 293 125 272 128"/></Shape>
          <TextLine ID="eSc_line_c52641a3"
                    BASELINE="258 120 512 122" 
                    HPOS="258"
                    VPOS="120"
                    WIDTH="254"
                    HEIGHT="2">
	    <String CONTENT=""
                    HPOS="258"
                    VPOS="120"
                    WIDTH="254"
                    HEIGHT="2"></String>
          </TextLine>
        </TextBlock>
        <TextBlock HPOS="235"
                   VPOS="426"
                   WIDTH="299"
                   HEIGHT="39"
                   ID="region_1720036846143_623"
                   TAGREFS="BT3757">
          <Shape><Polygon POINTS="235 464 237 426 532 426 534 465"/></Shape>
          <TextLine ID="eSc_line_0735e8d1"
                    BASELINE="237 456 530 459" 
                    HPOS="237"
                    VPOS="456"
                    WIDTH="293"
                    HEIGHT="3">
	    <String CONTENT=""
                    HPOS="237"
                    VPOS="456"
                    WIDTH="293"
                    HEIGHT="3"></String>
          </TextLine>
        </TextBlock>
        <TextBlock HPOS="162"
                   VPOS="476"
                   WIDTH="38"
                   HEIGHT="41"
                   ID="region_1720036857602_626"
                   TAGREFS="BT3756">
          <Shape><Polygon POINTS="197 516 193 510 191 506 196 494 200 484 192 476 162 476 163 513 177 517"/></Shape>
          <TextLine ID="eSc_line_2c89fab9"
                    BASELINE="167 511 507 518" 
                    HPOS="167"
                    VPOS="511"
                    WIDTH="340"
                    HEIGHT="7">
	    <String CONTENT=""
                    HPOS="167"
                    VPOS="511"
                    WIDTH="340"
                    HEIGHT="7"></String>
          </TextLine>
        </TextBlock>
        <TextBlock HPOS="150"
                   VPOS="492"
                   WIDTH="366"
                   HEIGHT="302"
                   ID="region_1720036917567_639"
                   TAGREFS="BT3756">
          <Shape><Polygon POINTS="161 520 202 519 194 511 193 505 201 494 516 492 487 794 150 778"/></Shape>
          <TextLine ID="eSc_line_f69d6d68"
                    BASELINE="165 540 461 541" 
                    HPOS="165"
                    VPOS="540"
                    WIDTH="296"
                    HEIGHT="1">
	    <String CONTENT=""
                    HPOS="165"
                    VPOS="540"
                    WIDTH="296"
                    HEIGHT="1"></String>
          </TextLine>
          <TextLine ID="eSc_line_f76110ae"
                    BASELINE="163 572 485 571" 
                    HPOS="163"
                    VPOS="571"
                    WIDTH="322"
                    HEIGHT="1">
	    <String CONTENT=""
                    HPOS="163"
                    VPOS="571"
                    WIDTH="322"
                    HEIGHT="1"></String>
          </TextLine>
          <TextLine ID="eSc_line_e6b6464b"
                    BASELINE="163 595 491 596" 
                    HPOS="163"
                    VPOS="595"
                    WIDTH="328"
                    HEIGHT="1">
	    <String CONTENT=""
                    HPOS="163"
                    VPOS="595"
                    WIDTH="328"
                    HEIGHT="1"></String>
          </TextLine>
          <TextLine ID="eSc_line_7e5a8f7b"
                    BASELINE="165 623 458 626" 
                    HPOS="165"
                    VPOS="623"
                    WIDTH="293"
                    HEIGHT="3">
	    <String CONTENT=""
                    HPOS="165"
                    VPOS="623"
                    WIDTH="293"
                    HEIGHT="3"></String>
          </TextLine>
          <TextLine ID="eSc_line_aaf331be"
                    BASELINE="167 655 477 651" 
                    HPOS="167"
                    VPOS="651"
                    WIDTH="310"
                    HEIGHT="4">
	    <String CONTENT=""
                    HPOS="167"
                    VPOS="651"
                    WIDTH="310"
                    HEIGHT="4"></String>
          </TextLine>
          <TextLine ID="eSc_line_85c6afe9"
                    BASELINE="162 680 464 679" 
                    HPOS="162"
                    VPOS="679"
                    WIDTH="302"
                    HEIGHT="1">
	    <String CONTENT=""
                    HPOS="162"
                    VPOS="679"
                    WIDTH="302"
                    HEIGHT="1"></String>
          </TextLine>
          <TextLine ID="eSc_line_aeba30f7"
                    BASELINE="159 702 475 709" 
                    HPOS="159"
                    VPOS="702"
                    WIDTH="316"
                    HEIGHT="7">
	    <String CONTENT=""
                    HPOS="159"
                    VPOS="702"
                    WIDTH="316"
                    HEIGHT="7"></String>
          </TextLine>
          <TextLine ID="eSc_line_e290956a"
                    BASELINE="161 731 452 737" 
                    HPOS="161"
                    VPOS="731"
                    WIDTH="291"
                    HEIGHT="6">
	    <String CONTENT=""
                    HPOS="161"
                    VPOS="731"
                    WIDTH="291"
                    HEIGHT="6"></String>
          </TextLine>
          <TextLine ID="eSc_line_386e71a1"
                    BASELINE="161 761 454 767" 
                    HPOS="161"
                    VPOS="761"
                    WIDTH="293"
                    HEIGHT="6">
	    <String CONTENT=""
                    HPOS="161"
                    VPOS="761"
                    WIDTH="293"
                    HEIGHT="6"></String>
          </TextLine>
        </TextBlock>
        <TextBlock HPOS="536"
                   VPOS="950"
                   WIDTH="61"
                   HEIGHT="39"
                   ID="region_1720036926668_642"
                   TAGREFS="BT3756">
          <Shape><Polygon POINTS="536 955 541 989 597 985 595 950"/></Shape>
          <TextLine ID="eSc_line_eeccb46b"
                    BASELINE="549 978 593 979" 
                    HPOS="549"
                    VPOS="978"
                    WIDTH="44"
                    HEIGHT="1">
	    <String CONTENT=""
                    HPOS="549"
                    VPOS="978"
                    WIDTH="44"
                    HEIGHT="1"></String>
          </TextLine>
        </TextBlock>
      </PrintSpace>
    </Page>
  </Layout>
</alto>
