<?xml version="1.0" encoding="UTF-8"?>
<alto xmlns:xsi="http://www.w3.org/2001/XMLSchema-instance"
      xmlns="http://www.loc.gov/standards/alto/ns-v4#"
      xsi:schemaLocation="http://www.loc.gov/standards/alto/ns-v4# http://www.loc.gov/standards/alto/v4/alto-4-2.xsd">
  <Description>
    <MeasurementUnit>pixel</MeasurementUnit>
    <sourceImageInformation>
      <fileName>1775-Saemmtliche_Poetische_Werke_Schmieder_Bd_1_VD18_90914260_NEU-196.png</fileName>
      <fileIdentifier>mets//SchmiederZeilenUnb.zip/1775-Saemmtliche_Poetische_Werke_Schmieder_Bd_1_VD18_90914260_NEU-196.png</fileIdentifier>
    </sourceImageInformation>
  </Description>
  <Tags>
    <OtherTag ID="BT1" LABEL="Title" DESCRIPTION="block type Title"/><OtherTag ID="BT2" LABEL="Main" DESCRIPTION="block type Main"/><OtherTag ID="BT3" LABEL="Commentary" DESCRIPTION="block type Commentary"/><OtherTag ID="BT4" LABEL="Illustration" DESCRIPTION="block type Illustration"/><OtherTag ID="BT3755" LABEL="header" DESCRIPTION="block type header"/><OtherTag ID="BT3756" LABEL="paragraph" DESCRIPTION="block type paragraph"/><OtherTag ID="BT3757" LABEL="heading" DESCRIPTION="block type heading"/><OtherTag ID="BT3758" LABEL="footnote" DESCRIPTION="block type footnote"/><OtherTag ID="BT3759" LABEL="l-column" DESCRIPTION="block type l-column"/><OtherTag ID="BT3760" LABEL="r-column" DESCRIPTION="block type r-column"/><OtherTag ID="BT3761" LABEL="marginalia" DESCRIPTION="block type marginalia"/><OtherTag ID="BT4125" LABEL="drop-capital" DESCRIPTION="block type drop-capital"/><OtherTag ID="BT4126" LABEL="catch-word" DESCRIPTION="block type catch-word"/><OtherTag ID="BT4127" LABEL="page-number" DESCRIPTION="block type page-number"/><OtherTag ID="BT4128" LABEL="signature-mark" DESCRIPTION="block type signature-mark"/><OtherTag ID="BT4129" LABEL="poem_lg" DESCRIPTION="block type poem_lg"/><OtherTag ID="BT4130" LABEL="endnote" DESCRIPTION="block type endnote"/>
  </Tags>
  <Layout>
    <Page WIDTH="658"
          HEIGHT="1096"
          PHYSICAL_IMG_NR="87"
          ID="eSc_dummypage_">
      <PrintSpace HPOS="0"
                  VPOS="0"
                  WIDTH="658"
                  HEIGHT="1096">
        <TextBlock HPOS="141"
                   VPOS="91"
                   WIDTH="50"
                   HEIGHT="38"
                   ID="region_1718624170844_500"
                   TAGREFS="BT3756">
          <Shape><Polygon POINTS="141 129 191 129 191 91 141 91"/></Shape>
          <TextLine ID="eSc_line_3ad2f98a"
                    BASELINE="147 117 187 118" 
                    HPOS="147"
                    VPOS="117"
                    WIDTH="40"
                    HEIGHT="1">
	    <String CONTENT=""
                    HPOS="147"
                    VPOS="117"
                    WIDTH="40"
                    HEIGHT="1"></String>
          </TextLine>
        </TextBlock>
        <TextBlock HPOS="183"
                   VPOS="134"
                   WIDTH="378"
                   HEIGHT="51"
                   ID="region_1718624179900_506"
                   TAGREFS="BT3757">
          <Shape><Polygon POINTS="183 185 561 185 561 134 183 134"/></Shape>
          <TextLine ID="eSc_line_6b785ba6"
                    BASELINE="187 172 557 176" 
                    HPOS="187"
                    VPOS="172"
                    WIDTH="370"
                    HEIGHT="4">
	    <String CONTENT=""
                    HPOS="187"
                    VPOS="172"
                    WIDTH="370"
                    HEIGHT="4"></String>
          </TextLine>
        </TextBlock>
        <TextBlock HPOS="141"
                   VPOS="197"
                   WIDTH="45"
                   HEIGHT="46"
                   ID="region_1718624188892_512"
                   TAGREFS="BT3756">
          <Shape><Polygon POINTS="186 223 181 243 144 243 141 197 181 199"/></Shape>
          <TextLine ID="eSc_line_97c96ac8"
                    BASELINE="147 240 188 240 188 219 385 222" 
                    HPOS="147"
                    VPOS="219"
                    WIDTH="238"
                    HEIGHT="21">
	    <String CONTENT=""
                    HPOS="147"
                    VPOS="219"
                    WIDTH="238"
                    HEIGHT="21"></String>
          </TextLine>
        </TextBlock>
        <TextBlock HPOS="241"
                   VPOS="93"
                   WIDTH="288"
                   HEIGHT="30"
                   ID="region_1718624176244_503"
                   TAGREFS="BT3756">
          <Shape><Polygon POINTS="241 123 529 123 529 93 241 93"/></Shape>
          <TextLine ID="eSc_line_63565ba7"
                    BASELINE="246 119 526 119" 
                    HPOS="246"
                    VPOS="119"
                    WIDTH="280"
                    HEIGHT="0">
	    <String CONTENT=""
                    HPOS="246"
                    VPOS="119"
                    WIDTH="280"
                    HEIGHT="0"></String>
          </TextLine>
        </TextBlock>
        <TextBlock HPOS="124"
                   VPOS="186"
                   WIDTH="487"
                   HEIGHT="161"
                   ID="region_1718624185044_509"
                   TAGREFS="BT3756">
          <Shape><Polygon POINTS="185 211 192 229 187 247 137 252 124 347 611 347 611 186 186 201"/></Shape>
          <TextLine ID="eSc_line_49af4555"
                    BASELINE="197 251 599 248" 
                    HPOS="197"
                    VPOS="248"
                    WIDTH="402"
                    HEIGHT="3">
	    <String CONTENT=""
                    HPOS="197"
                    VPOS="248"
                    WIDTH="402"
                    HEIGHT="3"></String>
          </TextLine>
          <TextLine ID="eSc_line_0fd56533"
                    BASELINE="429 280 491 278" 
                    HPOS="429"
                    VPOS="278"
                    WIDTH="62"
                    HEIGHT="2">
	    <String CONTENT=""
                    HPOS="429"
                    VPOS="278"
                    WIDTH="62"
                    HEIGHT="2"></String>
          </TextLine>
          <TextLine ID="eSc_line_675154ab"
                    BASELINE="138 299 504 306" 
                    HPOS="138"
                    VPOS="299"
                    WIDTH="366"
                    HEIGHT="7">
	    <String CONTENT=""
                    HPOS="138"
                    VPOS="299"
                    WIDTH="366"
                    HEIGHT="7"></String>
          </TextLine>
          <TextLine ID="eSc_line_f5a104ae"
                    BASELINE="142 335 485 332" 
                    HPOS="142"
                    VPOS="332"
                    WIDTH="343"
                    HEIGHT="3">
	    <String CONTENT=""
                    HPOS="142"
                    VPOS="332"
                    WIDTH="343"
                    HEIGHT="3"></String>
          </TextLine>
        </TextBlock>
        <TextBlock HPOS="151"
                   VPOS="414"
                   WIDTH="450"
                   HEIGHT="253"
                   ID="region_1718624196948_518"
                   TAGREFS="BT3758">
          <Shape><Polygon POINTS="151 667 601 667 601 414 151 414"/></Shape>
          <TextLine ID="eSc_line_7ec3f6c2"
                    BASELINE="158 437 594 440" 
                    HPOS="158"
                    VPOS="437"
                    WIDTH="436"
                    HEIGHT="3">
	    <String CONTENT=""
                    HPOS="158"
                    VPOS="437"
                    WIDTH="436"
                    HEIGHT="3"></String>
          </TextLine>
          <TextLine ID="eSc_line_9e18b2b6"
                    BASELINE="164 465 595 467" 
                    HPOS="164"
                    VPOS="465"
                    WIDTH="431"
                    HEIGHT="2">
	    <String CONTENT=""
                    HPOS="164"
                    VPOS="465"
                    WIDTH="431"
                    HEIGHT="2"></String>
          </TextLine>
          <TextLine ID="eSc_line_f52d92f4"
                    BASELINE="158 491 597 495" 
                    HPOS="158"
                    VPOS="491"
                    WIDTH="439"
                    HEIGHT="4">
	    <String CONTENT=""
                    HPOS="158"
                    VPOS="491"
                    WIDTH="439"
                    HEIGHT="4"></String>
          </TextLine>
          <TextLine ID="eSc_line_75ca8e36"
                    BASELINE="159 516 595 520" 
                    HPOS="159"
                    VPOS="516"
                    WIDTH="436"
                    HEIGHT="4">
	    <String CONTENT=""
                    HPOS="159"
                    VPOS="516"
                    WIDTH="436"
                    HEIGHT="4"></String>
          </TextLine>
          <TextLine ID="eSc_line_820bfd42"
                    BASELINE="159 543 597 548" 
                    HPOS="159"
                    VPOS="543"
                    WIDTH="438"
                    HEIGHT="5">
	    <String CONTENT=""
                    HPOS="159"
                    VPOS="543"
                    WIDTH="438"
                    HEIGHT="5"></String>
          </TextLine>
          <TextLine ID="eSc_line_a0cd2bf6"
                    BASELINE="159 571 595 574" 
                    HPOS="159"
                    VPOS="571"
                    WIDTH="436"
                    HEIGHT="3">
	    <String CONTENT=""
                    HPOS="159"
                    VPOS="571"
                    WIDTH="436"
                    HEIGHT="3"></String>
          </TextLine>
          <TextLine ID="eSc_line_97b119fd"
                    BASELINE="155 596 591 602" 
                    HPOS="155"
                    VPOS="596"
                    WIDTH="436"
                    HEIGHT="6">
	    <String CONTENT=""
                    HPOS="155"
                    VPOS="596"
                    WIDTH="436"
                    HEIGHT="6"></String>
          </TextLine>
          <TextLine ID="eSc_line_9d9e3cf9"
                    BASELINE="155 629 595 629" 
                    HPOS="155"
                    VPOS="629"
                    WIDTH="440"
                    HEIGHT="0">
	    <String CONTENT=""
                    HPOS="155"
                    VPOS="629"
                    WIDTH="440"
                    HEIGHT="0"></String>
          </TextLine>
          <TextLine ID="eSc_line_09ad8bf3"
                    BASELINE="155 657 430 658" 
                    HPOS="155"
                    VPOS="657"
                    WIDTH="275"
                    HEIGHT="1">
	    <String CONTENT=""
                    HPOS="155"
                    VPOS="657"
                    WIDTH="275"
                    HEIGHT="1"></String>
          </TextLine>
        </TextBlock>
        <TextBlock HPOS="557"
                   VPOS="351"
                   WIDTH="42"
                   HEIGHT="26"
                   ID="region_1718624191268_515"
                   TAGREFS="BT3756">
          <Shape><Polygon POINTS="557 377 599 377 599 351 557 351"/></Shape>
          <TextLine ID="eSc_line_de01f5ac"
                    BASELINE="562 374 597 373" 
                    HPOS="562"
                    VPOS="373"
                    WIDTH="35"
                    HEIGHT="1">
	    <String CONTENT=""
                    HPOS="562"
                    VPOS="373"
                    WIDTH="35"
                    HEIGHT="1"></String>
          </TextLine>
        </TextBlock>
        <TextBlock HPOS="150"
                   VPOS="692"
                   WIDTH="448"
                   HEIGHT="110"
                   ID="region_1718624202596_521"
                   TAGREFS="BT3758">
          <Shape><Polygon POINTS="150 802 598 802 598 692 150 692"/></Shape>
          <TextLine ID="eSc_line_11fac260"
                    BASELINE="162 713 592 719" 
                    HPOS="162"
                    VPOS="713"
                    WIDTH="430"
                    HEIGHT="6">
	    <String CONTENT=""
                    HPOS="162"
                    VPOS="713"
                    WIDTH="430"
                    HEIGHT="6"></String>
          </TextLine>
          <TextLine ID="eSc_line_6aa64107"
                    BASELINE="152 740 592 743" 
                    HPOS="152"
                    VPOS="740"
                    WIDTH="440"
                    HEIGHT="3">
	    <String CONTENT=""
                    HPOS="152"
                    VPOS="740"
                    WIDTH="440"
                    HEIGHT="3"></String>
          </TextLine>
          <TextLine ID="eSc_line_e6bf9ba3"
                    BASELINE="153 763 593 770" 
                    HPOS="153"
                    VPOS="763"
                    WIDTH="440"
                    HEIGHT="7">
	    <String CONTENT=""
                    HPOS="153"
                    VPOS="763"
                    WIDTH="440"
                    HEIGHT="7"></String>
          </TextLine>
          <TextLine ID="eSc_line_7624785d"
                    BASELINE="152 790 278 788" 
                    HPOS="152"
                    VPOS="788"
                    WIDTH="126"
                    HEIGHT="2">
	    <String CONTENT=""
                    HPOS="152"
                    VPOS="788"
                    WIDTH="126"
                    HEIGHT="2"></String>
          </TextLine>
        </TextBlock>
        <TextBlock HPOS="158"
                   VPOS="821"
                   WIDTH="441"
                   HEIGHT="150"
                   ID="region_1718624207292_524"
                   TAGREFS="BT3758">
          <Shape><Polygon POINTS="158 971 599 971 599 821 166 825"/></Shape>
          <TextLine ID="eSc_line_9e0f1f42"
                    BASELINE="185 849 590 857" 
                    HPOS="185"
                    VPOS="849"
                    WIDTH="405"
                    HEIGHT="8">
	    <String CONTENT=""
                    HPOS="185"
                    VPOS="849"
                    WIDTH="405"
                    HEIGHT="8"></String>
          </TextLine>
          <TextLine ID="eSc_line_e24403d3"
                    BASELINE="171 879 591 885" 
                    HPOS="171"
                    VPOS="879"
                    WIDTH="420"
                    HEIGHT="6">
	    <String CONTENT=""
                    HPOS="171"
                    VPOS="879"
                    WIDTH="420"
                    HEIGHT="6"></String>
          </TextLine>
          <TextLine ID="eSc_line_2da337a5"
                    BASELINE="169 909 592 914" 
                    HPOS="169"
                    VPOS="909"
                    WIDTH="423"
                    HEIGHT="5">
	    <String CONTENT=""
                    HPOS="169"
                    VPOS="909"
                    WIDTH="423"
                    HEIGHT="5"></String>
          </TextLine>
          <TextLine ID="eSc_line_4ffa535a"
                    BASELINE="167 933 588 939" 
                    HPOS="167"
                    VPOS="933"
                    WIDTH="421"
                    HEIGHT="6">
	    <String CONTENT=""
                    HPOS="167"
                    VPOS="933"
                    WIDTH="421"
                    HEIGHT="6"></String>
          </TextLine>
          <TextLine ID="eSc_line_ba3f1781"
                    BASELINE="169 962 532 967" 
                    HPOS="169"
                    VPOS="962"
                    WIDTH="363"
                    HEIGHT="5">
	    <String CONTENT=""
                    HPOS="169"
                    VPOS="962"
                    WIDTH="363"
                    HEIGHT="5"></String>
          </TextLine>
        </TextBlock>
      </PrintSpace>
    </Page>
  </Layout>
</alto>
