<?xml version="1.0" encoding="UTF-8"?>
<alto xmlns:xsi="http://www.w3.org/2001/XMLSchema-instance"
      xmlns="http://www.loc.gov/standards/alto/ns-v4#"
      xsi:schemaLocation="http://www.loc.gov/standards/alto/ns-v4# http://www.loc.gov/standards/alto/v4/alto-4-2.xsd">
  <Description>
    <MeasurementUnit>pixel</MeasurementUnit>
    <sourceImageInformation>
      <fileName>1775-Saemmtliche_Poetische_Werke_Schmieder_Bd_2_VD18_90914287_NEU-181.png</fileName>
      <fileIdentifier>mets//SchmiederZeilenUnb.zip/1775-Saemmtliche_Poetische_Werke_Schmieder_Bd_2_VD18_90914287_NEU-181.png</fileIdentifier>
    </sourceImageInformation>
  </Description>
  <Tags>
    <OtherTag ID="BT1" LABEL="Title" DESCRIPTION="block type Title"/><OtherTag ID="BT2" LABEL="Main" DESCRIPTION="block type Main"/><OtherTag ID="BT3" LABEL="Commentary" DESCRIPTION="block type Commentary"/><OtherTag ID="BT4" LABEL="Illustration" DESCRIPTION="block type Illustration"/><OtherTag ID="BT3755" LABEL="header" DESCRIPTION="block type header"/><OtherTag ID="BT3756" LABEL="paragraph" DESCRIPTION="block type paragraph"/><OtherTag ID="BT3757" LABEL="heading" DESCRIPTION="block type heading"/><OtherTag ID="BT3758" LABEL="footnote" DESCRIPTION="block type footnote"/><OtherTag ID="BT3759" LABEL="l-column" DESCRIPTION="block type l-column"/><OtherTag ID="BT3760" LABEL="r-column" DESCRIPTION="block type r-column"/><OtherTag ID="BT3761" LABEL="marginalia" DESCRIPTION="block type marginalia"/><OtherTag ID="BT4125" LABEL="drop-capital" DESCRIPTION="block type drop-capital"/><OtherTag ID="BT4126" LABEL="catch-word" DESCRIPTION="block type catch-word"/><OtherTag ID="BT4127" LABEL="page-number" DESCRIPTION="block type page-number"/><OtherTag ID="BT4128" LABEL="signature-mark" DESCRIPTION="block type signature-mark"/><OtherTag ID="BT4129" LABEL="poem_lg" DESCRIPTION="block type poem_lg"/><OtherTag ID="BT4130" LABEL="endnote" DESCRIPTION="block type endnote"/>
  </Tags>
  <Layout>
    <Page WIDTH="657"
          HEIGHT="1095"
          PHYSICAL_IMG_NR="90"
          ID="eSc_dummypage_">
      <PrintSpace HPOS="0"
                  VPOS="0"
                  WIDTH="657"
                  HEIGHT="1095">
        <TextBlock HPOS="134"
                   VPOS="90"
                   WIDTH="64"
                   HEIGHT="39"
                   ID="region_1720035723001_411"
                   TAGREFS="BT3756">
          <Shape><Polygon POINTS="135 124 134 97 198 90 195 125 155 129"/></Shape>
          <TextLine ID="eSc_line_cee7eb29"
                    BASELINE="144 119 186 119" 
                    HPOS="144"
                    VPOS="119"
                    WIDTH="42"
                    HEIGHT="0">
	    <String CONTENT=""
                    HPOS="144"
                    VPOS="119"
                    WIDTH="42"
                    HEIGHT="0"></String>
          </TextLine>
        </TextBlock>
        <TextBlock HPOS="160"
                   VPOS="133"
                   WIDTH="371"
                   HEIGHT="115"
                   ID="region_1720035750002_417"
                   TAGREFS="BT3756">
          <Shape><Polygon POINTS="162 134 493 133 507 215 531 218 526 248 160 247"/></Shape>
          <TextLine ID="eSc_line_1d4549a0"
                    BASELINE="163 157 480 155" 
                    HPOS="163"
                    VPOS="155"
                    WIDTH="317"
                    HEIGHT="2">
	    <String CONTENT=""
                    HPOS="163"
                    VPOS="155"
                    WIDTH="317"
                    HEIGHT="2"></String>
          </TextLine>
          <TextLine ID="eSc_line_2ee11d65"
                    BASELINE="167 183 462 183" 
                    HPOS="167"
                    VPOS="183"
                    WIDTH="295"
                    HEIGHT="0">
	    <String CONTENT=""
                    HPOS="167"
                    VPOS="183"
                    WIDTH="295"
                    HEIGHT="0"></String>
          </TextLine>
          <TextLine ID="eSc_line_8bacacce"
                    BASELINE="165 210 390 209" 
                    HPOS="165"
                    VPOS="209"
                    WIDTH="225"
                    HEIGHT="1">
	    <String CONTENT=""
                    HPOS="165"
                    VPOS="209"
                    WIDTH="225"
                    HEIGHT="1"></String>
          </TextLine>
          <TextLine ID="eSc_line_02d825f5"
                    BASELINE="167 239 516 236" 
                    HPOS="167"
                    VPOS="236"
                    WIDTH="349"
                    HEIGHT="3">
	    <String CONTENT=""
                    HPOS="167"
                    VPOS="236"
                    WIDTH="349"
                    HEIGHT="3"></String>
          </TextLine>
        </TextBlock>
        <TextBlock HPOS="234"
                   VPOS="87"
                   WIDTH="269"
                   HEIGHT="39"
                   ID="region_1720035734482_414"
                   TAGREFS="BT3756">
          <Shape><Polygon POINTS="234 90 238 126 503 122 492 87"/></Shape>
          <TextLine ID="eSc_line_44b5893b"
                    BASELINE="241 117 489 115" 
                    HPOS="241"
                    VPOS="115"
                    WIDTH="248"
                    HEIGHT="2">
	    <String CONTENT=""
                    HPOS="241"
                    VPOS="115"
                    WIDTH="248"
                    HEIGHT="2"></String>
          </TextLine>
        </TextBlock>
        <TextBlock HPOS="183"
                   VPOS="263"
                   WIDTH="37"
                   HEIGHT="34"
                   ID="region_1720035760542_420"
                   TAGREFS="BT3756">
          <Shape><Polygon POINTS="219 296 220 263 183 263 186 297"/></Shape>
          <TextLine ID="eSc_line_176a9e56"
                    BASELINE="187 294 584 289" 
                    HPOS="187"
                    VPOS="289"
                    WIDTH="397"
                    HEIGHT="5">
	    <String CONTENT=""
                    HPOS="187"
                    VPOS="289"
                    WIDTH="397"
                    HEIGHT="5"></String>
          </TextLine>
        </TextBlock>
        <TextBlock HPOS="133"
                   VPOS="265"
                   WIDTH="464"
                   HEIGHT="230"
                   ID="region_1720035781721_423"
                   TAGREFS="BT3756">
          <Shape><Polygon POINTS="221 298 221 277 231 265 597 266 579 495 311 490 133 494 141 321 209 315"/></Shape>
          <TextLine ID="eSc_line_06f72b53"
                    BASELINE="374 317 444 320" 
                    HPOS="374"
                    VPOS="317"
                    WIDTH="70"
                    HEIGHT="3">
	    <String CONTENT=""
                    HPOS="374"
                    VPOS="317"
                    WIDTH="70"
                    HEIGHT="3"></String>
          </TextLine>
          <TextLine ID="eSc_line_723ac682"
                    BASELINE="142 349 428 349" 
                    HPOS="142"
                    VPOS="349"
                    WIDTH="286"
                    HEIGHT="0">
	    <String CONTENT=""
                    HPOS="142"
                    VPOS="349"
                    WIDTH="286"
                    HEIGHT="0"></String>
          </TextLine>
          <TextLine ID="eSc_line_a62d1c9c"
                    BASELINE="144 378 437 373" 
                    HPOS="144"
                    VPOS="373"
                    WIDTH="293"
                    HEIGHT="5">
	    <String CONTENT=""
                    HPOS="144"
                    VPOS="373"
                    WIDTH="293"
                    HEIGHT="5"></String>
          </TextLine>
          <TextLine ID="eSc_line_3db3f0af"
                    BASELINE="144 405 515 399" 
                    HPOS="144"
                    VPOS="399"
                    WIDTH="371"
                    HEIGHT="6">
	    <String CONTENT=""
                    HPOS="144"
                    VPOS="399"
                    WIDTH="371"
                    HEIGHT="6"></String>
          </TextLine>
          <TextLine ID="eSc_line_6e6fc414"
                    BASELINE="143 433 421 427" 
                    HPOS="143"
                    VPOS="427"
                    WIDTH="278"
                    HEIGHT="6">
	    <String CONTENT=""
                    HPOS="143"
                    VPOS="427"
                    WIDTH="278"
                    HEIGHT="6"></String>
          </TextLine>
          <TextLine ID="eSc_line_ab7716a4"
                    BASELINE="146 456 569 454" 
                    HPOS="146"
                    VPOS="454"
                    WIDTH="423"
                    HEIGHT="2">
	    <String CONTENT=""
                    HPOS="146"
                    VPOS="454"
                    WIDTH="423"
                    HEIGHT="2"></String>
          </TextLine>
        </TextBlock>
        <TextBlock HPOS="126"
                   VPOS="497"
                   WIDTH="480"
                   HEIGHT="266"
                   ID="region_1720035831633_428"
                   TAGREFS="BT3756">
          <Shape><Polygon POINTS="141 507 271 497 543 501 585 500 587 541 533 545 542 640 606 641 594 706 465 705 457 727 446 760 152 763 126 762"/></Shape>
          <TextLine ID="eSc_line_05b1eadc"
                    BASELINE="186 529 581 525" 
                    HPOS="186"
                    VPOS="525"
                    WIDTH="395"
                    HEIGHT="4">
	    <String CONTENT=""
                    HPOS="186"
                    VPOS="525"
                    WIDTH="395"
                    HEIGHT="4"></String>
          </TextLine>
          <TextLine ID="eSc_line_bc0fa0ee"
                    BASELINE="146 556 389 554" 
                    HPOS="146"
                    VPOS="554"
                    WIDTH="243"
                    HEIGHT="2">
	    <String CONTENT=""
                    HPOS="146"
                    VPOS="554"
                    WIDTH="243"
                    HEIGHT="2"></String>
          </TextLine>
          <TextLine ID="eSc_line_daa52e68"
                    BASELINE="143 582 472 576" 
                    HPOS="143"
                    VPOS="576"
                    WIDTH="329"
                    HEIGHT="6">
	    <String CONTENT=""
                    HPOS="143"
                    VPOS="576"
                    WIDTH="329"
                    HEIGHT="6"></String>
          </TextLine>
          <TextLine ID="eSc_line_5fc55ddd"
                    BASELINE="143 611 506 607" 
                    HPOS="143"
                    VPOS="607"
                    WIDTH="363"
                    HEIGHT="4">
	    <String CONTENT=""
                    HPOS="143"
                    VPOS="607"
                    WIDTH="363"
                    HEIGHT="4"></String>
          </TextLine>
          <TextLine ID="eSc_line_690733f2"
                    BASELINE="142 641 448 632" 
                    HPOS="142"
                    VPOS="632"
                    WIDTH="306"
                    HEIGHT="9">
	    <String CONTENT=""
                    HPOS="142"
                    VPOS="632"
                    WIDTH="306"
                    HEIGHT="9"></String>
          </TextLine>
          <TextLine ID="eSc_line_1acdf747"
                    BASELINE="146 666 429 663" 
                    HPOS="146"
                    VPOS="663"
                    WIDTH="283"
                    HEIGHT="3">
	    <String CONTENT=""
                    HPOS="146"
                    VPOS="663"
                    WIDTH="283"
                    HEIGHT="3"></String>
          </TextLine>
          <TextLine ID="eSc_line_d852b901"
                    BASELINE="139 696 585 685" 
                    HPOS="139"
                    VPOS="685"
                    WIDTH="446"
                    HEIGHT="11">
	    <String CONTENT=""
                    HPOS="139"
                    VPOS="685"
                    WIDTH="446"
                    HEIGHT="11"></String>
          </TextLine>
          <TextLine ID="eSc_line_d24e0d2b"
                    BASELINE="380 717 449 716" 
                    HPOS="380"
                    VPOS="716"
                    WIDTH="69"
                    HEIGHT="1">
	    <String CONTENT=""
                    HPOS="380"
                    VPOS="716"
                    WIDTH="69"
                    HEIGHT="1"></String>
          </TextLine>
          <TextLine ID="eSc_line_8148db39"
                    BASELINE="140 748 347 747" 
                    HPOS="140"
                    VPOS="747"
                    WIDTH="207"
                    HEIGHT="1">
	    <String CONTENT=""
                    HPOS="140"
                    VPOS="747"
                    WIDTH="207"
                    HEIGHT="1"></String>
          </TextLine>
        </TextBlock>
        <TextBlock HPOS="179"
                   VPOS="779"
                   WIDTH="407"
                   HEIGHT="99"
                   ID="region_1720035924102_438"
                   TAGREFS="BT3758">
          <Shape><Polygon POINTS="181 878 231 876 247 878 299 878 362 877 379 878 471 878 558 875 585 857 586 780 502 779 316 782 179 784"/></Shape>
          <TextLine ID="eSc_line_2373da78"
                    BASELINE="185 806 582 799" 
                    HPOS="185"
                    VPOS="799"
                    WIDTH="397"
                    HEIGHT="7">
	    <String CONTENT=""
                    HPOS="185"
                    VPOS="799"
                    WIDTH="397"
                    HEIGHT="7"></String>
          </TextLine>
          <TextLine ID="eSc_line_a07b0ceb"
                    BASELINE="183 831 581 825" 
                    HPOS="183"
                    VPOS="825"
                    WIDTH="398"
                    HEIGHT="6">
	    <String CONTENT=""
                    HPOS="183"
                    VPOS="825"
                    WIDTH="398"
                    HEIGHT="6"></String>
          </TextLine>
          <TextLine ID="eSc_line_8f6ffd3a"
                    BASELINE="183 854 583 847" 
                    HPOS="183"
                    VPOS="847"
                    WIDTH="400"
                    HEIGHT="7">
	    <String CONTENT=""
                    HPOS="183"
                    VPOS="847"
                    WIDTH="400"
                    HEIGHT="7"></String>
          </TextLine>
          <TextLine ID="eSc_line_ce2715b7"
                    BASELINE="184 874 560 869" 
                    HPOS="184"
                    VPOS="869"
                    WIDTH="376"
                    HEIGHT="5">
	    <String CONTENT=""
                    HPOS="184"
                    VPOS="869"
                    WIDTH="376"
                    HEIGHT="5"></String>
          </TextLine>
        </TextBlock>
        <TextBlock HPOS="165"
                   VPOS="878"
                   WIDTH="409"
                   HEIGHT="81"
                   ID="region_1720035890986_435"
                   TAGREFS="BT3758">
          <Shape><Polygon POINTS="165 885 173 940 475 947 502 959 574 954 564 878 428 882 409 879 382 881 332 880 263 881 228 881 185 881"/></Shape>
          <TextLine ID="eSc_line_728e12bd"
                    BASELINE="171 902 561 898" 
                    HPOS="171"
                    VPOS="898"
                    WIDTH="390"
                    HEIGHT="4">
	    <String CONTENT=""
                    HPOS="171"
                    VPOS="898"
                    WIDTH="390"
                    HEIGHT="4"></String>
          </TextLine>
          <TextLine ID="eSc_line_a280911e"
                    BASELINE="192 926 504 926" 
                    HPOS="192"
                    VPOS="926"
                    WIDTH="312"
                    HEIGHT="0">
	    <String CONTENT=""
                    HPOS="192"
                    VPOS="926"
                    WIDTH="312"
                    HEIGHT="0"></String>
          </TextLine>
          <TextLine ID="eSc_line_aeeea076"
                    BASELINE="506 953 559 947" 
                    HPOS="506"
                    VPOS="947"
                    WIDTH="53"
                    HEIGHT="6">
	    <String CONTENT=""
                    HPOS="506"
                    VPOS="947"
                    WIDTH="53"
                    HEIGHT="6"></String>
          </TextLine>
        </TextBlock>
        <TextBlock HPOS="541"
                   VPOS="737"
                   WIDTH="57"
                   HEIGHT="34"
                   ID="region_1720035940774_441"
                   TAGREFS="BT3756">
          <Shape><Polygon POINTS="544 771 541 750 580 737 598 758 575 770"/></Shape>
          <TextLine ID="eSc_line_18b8728a"
                    BASELINE="550 768 583 764" 
                    HPOS="550"
                    VPOS="764"
                    WIDTH="33"
                    HEIGHT="4">
	    <String CONTENT=""
                    HPOS="550"
                    VPOS="764"
                    WIDTH="33"
                    HEIGHT="4"></String>
          </TextLine>
        </TextBlock>
      </PrintSpace>
    </Page>
  </Layout>
</alto>
