<?xml version="1.0" encoding="UTF-8"?>
<alto xmlns:xsi="http://www.w3.org/2001/XMLSchema-instance"
      xmlns="http://www.loc.gov/standards/alto/ns-v4#"
      xsi:schemaLocation="http://www.loc.gov/standards/alto/ns-v4# http://www.loc.gov/standards/alto/v4/alto-4-2.xsd">
  <Description>
    <MeasurementUnit>pixel</MeasurementUnit>
    <sourceImageInformation>
      <fileName>1782,_Poetische_Werke,_Fleischhauer,_Bd._3,_VD18_89276881-001_Seite_015_Bild_0001.jpg</fileName>
      <fileIdentifier>mets//export_doc3216_fleischahuer_2_alto_202504271704.zip/1782,_Poetische_Werke,_Fleischhauer,_Bd._3,_VD18_89276881-001_Seite_015_Bild_0001.jpg</fileIdentifier>
    </sourceImageInformation>
  </Description>
  <Tags>
    <OtherTag ID="BT1" LABEL="Title" DESCRIPTION="block type Title"/><OtherTag ID="BT2" LABEL="Main" DESCRIPTION="block type Main"/><OtherTag ID="BT3" LABEL="Commentary" DESCRIPTION="block type Commentary"/><OtherTag ID="BT4" LABEL="Illustration" DESCRIPTION="block type Illustration"/><OtherTag ID="BT3755" LABEL="header" DESCRIPTION="block type header"/><OtherTag ID="BT3756" LABEL="paragraph" DESCRIPTION="block type paragraph"/><OtherTag ID="BT3757" LABEL="heading" DESCRIPTION="block type heading"/><OtherTag ID="BT3758" LABEL="footnote" DESCRIPTION="block type footnote"/><OtherTag ID="BT3759" LABEL="l-column" DESCRIPTION="block type l-column"/><OtherTag ID="BT3760" LABEL="r-column" DESCRIPTION="block type r-column"/><OtherTag ID="BT3761" LABEL="marginalia" DESCRIPTION="block type marginalia"/><OtherTag ID="BT4125" LABEL="drop-capital" DESCRIPTION="block type drop-capital"/><OtherTag ID="BT4126" LABEL="catch-word" DESCRIPTION="block type catch-word"/><OtherTag ID="BT4127" LABEL="page-number" DESCRIPTION="block type page-number"/><OtherTag ID="BT4128" LABEL="signature-mark" DESCRIPTION="block type signature-mark"/><OtherTag ID="BT4129" LABEL="poem_lg" DESCRIPTION="block type poem_lg"/><OtherTag ID="BT4130" LABEL="endnote" DESCRIPTION="block type endnote"/>
  </Tags>
  <Layout>
    <Page WIDTH="1187"
          HEIGHT="2038"
          PHYSICAL_IMG_NR="201"
          ID="eSc_dummypage_">
      <PrintSpace HPOS="0"
                  VPOS="0"
                  WIDTH="1187"
                  HEIGHT="2038">
        <TextBlock HPOS="217.0"
                   VPOS="133.0"
                   WIDTH="47.0"
                   HEIGHT="39.0"
                   ID="region_1720085356423_7"
                   TAGREFS="BT3756">
          <Shape><Polygon POINTS="217 168 218 134 264 133 258 172"/></Shape>
          <TextLine ID="eSc_line_d4285c59"
                    BASELINE="220 164 254 164" 
                    HPOS="220.0"
                    VPOS="164.0"
                    WIDTH="34.0"
                    HEIGHT="0.0">
	    <String CONTENT=""
                    HPOS="220.0"
                    VPOS="164.0"
                    WIDTH="34.0"
                    HEIGHT="0.0"></String>
          </TextLine>
        </TextBlock>
        <TextBlock HPOS="161.0"
                   VPOS="204.0"
                   WIDTH="950.0"
                   HEIGHT="1576.0"
                   ID="region_1720085396013_13"
                   TAGREFS="BT3756">
          <Shape><Polygon POINTS="194 208 1111 204 1096 1780 161 1780"/></Shape>
          <TextLine ID="eSc_line_0ce1432a"
                    BASELINE="222 266 1084 266" 
                    HPOS="222.0"
                    VPOS="266.0"
                    WIDTH="862.0"
                    HEIGHT="0.0">
	    <String CONTENT=""
                    HPOS="222.0"
                    VPOS="266.0"
                    WIDTH="862.0"
                    HEIGHT="0.0"></String>
          </TextLine>
          <TextLine ID="eSc_line_fd1b6954"
                    BASELINE="214 332 1093 329" 
                    HPOS="214.0"
                    VPOS="329.0"
                    WIDTH="879.0"
                    HEIGHT="3.0">
	    <String CONTENT=""
                    HPOS="214.0"
                    VPOS="329.0"
                    WIDTH="879.0"
                    HEIGHT="3.0"></String>
          </TextLine>
          <TextLine ID="eSc_line_fb54038d"
                    BASELINE="208 401 1084 395" 
                    HPOS="208.0"
                    VPOS="395.0"
                    WIDTH="876.0"
                    HEIGHT="6.0">
	    <String CONTENT=""
                    HPOS="208.0"
                    VPOS="395.0"
                    WIDTH="876.0"
                    HEIGHT="6.0"></String>
          </TextLine>
          <TextLine ID="eSc_line_42bc44ad"
                    BASELINE="206 463 1086 455" 
                    HPOS="206.0"
                    VPOS="455.0"
                    WIDTH="880.0"
                    HEIGHT="8.0">
	    <String CONTENT=""
                    HPOS="206.0"
                    VPOS="455.0"
                    WIDTH="880.0"
                    HEIGHT="8.0"></String>
          </TextLine>
          <TextLine ID="eSc_line_88b586f7"
                    BASELINE="215 525 1082 535" 
                    HPOS="215.0"
                    VPOS="525.0"
                    WIDTH="867.0"
                    HEIGHT="10.0">
	    <String CONTENT=""
                    HPOS="215.0"
                    VPOS="525.0"
                    WIDTH="867.0"
                    HEIGHT="10.0"></String>
          </TextLine>
          <TextLine ID="eSc_line_25368206"
                    BASELINE="213 590 1086 596" 
                    HPOS="213.0"
                    VPOS="590.0"
                    WIDTH="873.0"
                    HEIGHT="6.0">
	    <String CONTENT=""
                    HPOS="213.0"
                    VPOS="590.0"
                    WIDTH="873.0"
                    HEIGHT="6.0"></String>
          </TextLine>
          <TextLine ID="eSc_line_8cde56f3"
                    BASELINE="210 653 1092 655" 
                    HPOS="210.0"
                    VPOS="653.0"
                    WIDTH="882.0"
                    HEIGHT="2.0">
	    <String CONTENT=""
                    HPOS="210.0"
                    VPOS="653.0"
                    WIDTH="882.0"
                    HEIGHT="2.0"></String>
          </TextLine>
          <TextLine ID="eSc_line_34c7a16c"
                    BASELINE="208 720 1079 721" 
                    HPOS="208.0"
                    VPOS="720.0"
                    WIDTH="871.0"
                    HEIGHT="1.0">
	    <String CONTENT=""
                    HPOS="208.0"
                    VPOS="720.0"
                    WIDTH="871.0"
                    HEIGHT="1.0"></String>
          </TextLine>
          <TextLine ID="eSc_line_65bca14f"
                    BASELINE="205 783 1088 788" 
                    HPOS="205.0"
                    VPOS="783.0"
                    WIDTH="883.0"
                    HEIGHT="5.0">
	    <String CONTENT=""
                    HPOS="205.0"
                    VPOS="783.0"
                    WIDTH="883.0"
                    HEIGHT="5.0"></String>
          </TextLine>
          <TextLine ID="eSc_line_3e403373"
                    BASELINE="200 849 1092 852" 
                    HPOS="200.0"
                    VPOS="849.0"
                    WIDTH="892.0"
                    HEIGHT="3.0">
	    <String CONTENT=""
                    HPOS="200.0"
                    VPOS="849.0"
                    WIDTH="892.0"
                    HEIGHT="3.0"></String>
          </TextLine>
          <TextLine ID="eSc_line_2105a9ee"
                    BASELINE="205 913 1083 918" 
                    HPOS="205.0"
                    VPOS="913.0"
                    WIDTH="878.0"
                    HEIGHT="5.0">
	    <String CONTENT=""
                    HPOS="205.0"
                    VPOS="913.0"
                    WIDTH="878.0"
                    HEIGHT="5.0"></String>
          </TextLine>
          <TextLine ID="eSc_line_20753b85"
                    BASELINE="204 977 1081 987" 
                    HPOS="204.0"
                    VPOS="977.0"
                    WIDTH="877.0"
                    HEIGHT="10.0">
	    <String CONTENT=""
                    HPOS="204.0"
                    VPOS="977.0"
                    WIDTH="877.0"
                    HEIGHT="10.0"></String>
          </TextLine>
          <TextLine ID="eSc_line_17fe4391"
                    BASELINE="205 1038 1079 1052" 
                    HPOS="205.0"
                    VPOS="1038.0"
                    WIDTH="874.0"
                    HEIGHT="14.0">
	    <String CONTENT=""
                    HPOS="205.0"
                    VPOS="1038.0"
                    WIDTH="874.0"
                    HEIGHT="14.0"></String>
          </TextLine>
          <TextLine ID="eSc_line_687edb47"
                    BASELINE="196 1107 1082 1118" 
                    HPOS="196.0"
                    VPOS="1107.0"
                    WIDTH="886.0"
                    HEIGHT="11.0">
	    <String CONTENT=""
                    HPOS="196.0"
                    VPOS="1107.0"
                    WIDTH="886.0"
                    HEIGHT="11.0"></String>
          </TextLine>
          <TextLine ID="eSc_line_0bb57dd4"
                    BASELINE="201 1177 1088 1177" 
                    HPOS="201.0"
                    VPOS="1177.0"
                    WIDTH="887.0"
                    HEIGHT="0.0">
	    <String CONTENT=""
                    HPOS="201.0"
                    VPOS="1177.0"
                    WIDTH="887.0"
                    HEIGHT="0.0"></String>
          </TextLine>
          <TextLine ID="eSc_line_282be433"
                    BASELINE="199 1245 1083 1246" 
                    HPOS="199.0"
                    VPOS="1245.0"
                    WIDTH="884.0"
                    HEIGHT="1.0">
	    <String CONTENT=""
                    HPOS="199.0"
                    VPOS="1245.0"
                    WIDTH="884.0"
                    HEIGHT="1.0"></String>
          </TextLine>
          <TextLine ID="eSc_line_c5cf3226"
                    BASELINE="202 1306 1089 1308" 
                    HPOS="202.0"
                    VPOS="1306.0"
                    WIDTH="887.0"
                    HEIGHT="2.0">
	    <String CONTENT=""
                    HPOS="202.0"
                    VPOS="1306.0"
                    WIDTH="887.0"
                    HEIGHT="2.0"></String>
          </TextLine>
          <TextLine ID="eSc_line_68126330"
                    BASELINE="196 1375 1078 1377" 
                    HPOS="196.0"
                    VPOS="1375.0"
                    WIDTH="882.0"
                    HEIGHT="2.0">
	    <String CONTENT=""
                    HPOS="196.0"
                    VPOS="1375.0"
                    WIDTH="882.0"
                    HEIGHT="2.0"></String>
          </TextLine>
          <TextLine ID="eSc_line_a150f32a"
                    BASELINE="190 1434 1083 1438" 
                    HPOS="190.0"
                    VPOS="1434.0"
                    WIDTH="893.0"
                    HEIGHT="4.0">
	    <String CONTENT=""
                    HPOS="190.0"
                    VPOS="1434.0"
                    WIDTH="893.0"
                    HEIGHT="4.0"></String>
          </TextLine>
          <TextLine ID="eSc_line_9e92f936"
                    BASELINE="187 1503 1079 1503" 
                    HPOS="187.0"
                    VPOS="1503.0"
                    WIDTH="892.0"
                    HEIGHT="0.0">
	    <String CONTENT=""
                    HPOS="187.0"
                    VPOS="1503.0"
                    WIDTH="892.0"
                    HEIGHT="0.0"></String>
          </TextLine>
          <TextLine ID="eSc_line_5c5da182"
                    BASELINE="195 1565 1073 1576" 
                    HPOS="195.0"
                    VPOS="1565.0"
                    WIDTH="878.0"
                    HEIGHT="11.0">
	    <String CONTENT=""
                    HPOS="195.0"
                    VPOS="1565.0"
                    WIDTH="878.0"
                    HEIGHT="11.0"></String>
          </TextLine>
          <TextLine ID="eSc_line_c229491c"
                    BASELINE="195 1633 1078 1634" 
                    HPOS="195.0"
                    VPOS="1633.0"
                    WIDTH="883.0"
                    HEIGHT="1.0">
	    <String CONTENT=""
                    HPOS="195.0"
                    VPOS="1633.0"
                    WIDTH="883.0"
                    HEIGHT="1.0"></String>
          </TextLine>
          <TextLine ID="eSc_line_6244161c"
                    BASELINE="193 1697 1069 1700" 
                    HPOS="193.0"
                    VPOS="1697.0"
                    WIDTH="876.0"
                    HEIGHT="3.0">
	    <String CONTENT=""
                    HPOS="193.0"
                    VPOS="1697.0"
                    WIDTH="876.0"
                    HEIGHT="3.0"></String>
          </TextLine>
          <TextLine ID="eSc_line_508c3fae"
                    BASELINE="189 1764 1077 1762" 
                    HPOS="189.0"
                    VPOS="1762.0"
                    WIDTH="888.0"
                    HEIGHT="2.0">
	    <String CONTENT=""
                    HPOS="189.0"
                    VPOS="1762.0"
                    WIDTH="888.0"
                    HEIGHT="2.0"></String>
          </TextLine>
        </TextBlock>
        <TextBlock HPOS="497.0"
                   VPOS="115.0"
                   WIDTH="320.0"
                   HEIGHT="66.0"
                   ID="region_1720085365477_10"
                   TAGREFS="BT3756">
          <Shape><Polygon POINTS="497 181 497 115 817 116 815 181"/></Shape>
          <TextLine ID="eSc_line_8387261b"
                    BASELINE="508 171 795 171" 
                    HPOS="508.0"
                    VPOS="171.0"
                    WIDTH="287.0"
                    HEIGHT="0.0">
	    <String CONTENT=""
                    HPOS="508.0"
                    VPOS="171.0"
                    WIDTH="287.0"
                    HEIGHT="0.0"></String>
          </TextLine>
        </TextBlock>
        <TextBlock HPOS="976.0"
                   VPOS="1786.0"
                   WIDTH="105.0"
                   HEIGHT="54.0"
                   ID="region_1720085408199_16"
                   TAGREFS="BT3756">
          <Shape><Polygon POINTS="976 1794 978 1840 1081 1836 1073 1786 1010 1787"/></Shape>
          <TextLine ID="eSc_line_644aa97c"
                    BASELINE="982 1831 1075 1828" 
                    HPOS="982.0"
                    VPOS="1828.0"
                    WIDTH="93.0"
                    HEIGHT="3.0">
	    <String CONTENT=""
                    HPOS="982.0"
                    VPOS="1828.0"
                    WIDTH="93.0"
                    HEIGHT="3.0"></String>
          </TextLine>
        </TextBlock>
      </PrintSpace>
    </Page>
  </Layout>
</alto>
