<?xml version="1.0" encoding="UTF-8"?>
<alto xmlns:xsi="http://www.w3.org/2001/XMLSchema-instance"
      xmlns="http://www.loc.gov/standards/alto/ns-v4#"
      xsi:schemaLocation="http://www.loc.gov/standards/alto/ns-v4# http://www.loc.gov/standards/alto/v4/alto-4-2.xsd">
  <Description>
    <MeasurementUnit>pixel</MeasurementUnit>
    <sourceImageInformation>
      <fileName>1782,_Poetische_Werke,_Fleischhauer,_Bd._2,_VD18_89276873-001_Seite_094_Bild_0001.jpg</fileName>
      <fileIdentifier>mets//export_doc3216_fleischahuer_2_alto_202504271704.zip/1782,_Poetische_Werke,_Fleischhauer,_Bd._2,_VD18_89276873-001_Seite_094_Bild_0001.jpg</fileIdentifier>
    </sourceImageInformation>
  </Description>
  <Tags>
    <OtherTag ID="BT1" LABEL="Title" DESCRIPTION="block type Title"/><OtherTag ID="BT2" LABEL="Main" DESCRIPTION="block type Main"/><OtherTag ID="BT3" LABEL="Commentary" DESCRIPTION="block type Commentary"/><OtherTag ID="BT4" LABEL="Illustration" DESCRIPTION="block type Illustration"/><OtherTag ID="BT3755" LABEL="header" DESCRIPTION="block type header"/><OtherTag ID="BT3756" LABEL="paragraph" DESCRIPTION="block type paragraph"/><OtherTag ID="BT3757" LABEL="heading" DESCRIPTION="block type heading"/><OtherTag ID="BT3758" LABEL="footnote" DESCRIPTION="block type footnote"/><OtherTag ID="BT3759" LABEL="l-column" DESCRIPTION="block type l-column"/><OtherTag ID="BT3760" LABEL="r-column" DESCRIPTION="block type r-column"/><OtherTag ID="BT3761" LABEL="marginalia" DESCRIPTION="block type marginalia"/><OtherTag ID="BT4125" LABEL="drop-capital" DESCRIPTION="block type drop-capital"/><OtherTag ID="BT4126" LABEL="catch-word" DESCRIPTION="block type catch-word"/><OtherTag ID="BT4127" LABEL="page-number" DESCRIPTION="block type page-number"/><OtherTag ID="BT4128" LABEL="signature-mark" DESCRIPTION="block type signature-mark"/><OtherTag ID="BT4129" LABEL="poem_lg" DESCRIPTION="block type poem_lg"/><OtherTag ID="BT4130" LABEL="endnote" DESCRIPTION="block type endnote"/>
  </Tags>
  <Layout>
    <Page WIDTH="1207"
          HEIGHT="2034"
          PHYSICAL_IMG_NR="192"
          ID="eSc_dummypage_">
      <PrintSpace HPOS="0"
                  VPOS="0"
                  WIDTH="1207"
                  HEIGHT="2034">
        <TextBlock HPOS="133.0"
                   VPOS="205.0"
                   WIDTH="924.0"
                   HEIGHT="253.0"
                   ID="region_1719324992811_531"
                   TAGREFS="BT3756">
          <Shape><Polygon POINTS="137 437 133 205 827 214 828 251 1049 281 1057 458 746 441"/></Shape>
          <TextLine ID="eSc_line_03b65196"
                    BASELINE="152 266 778 262" 
                    HPOS="149.0"
                    VPOS="205.0"
                    WIDTH="627.0"
                    HEIGHT="66.0">
            <Shape><Polygon POINTS="759 213 742 213 725 213 708 211 691 211 674 211 657 211 640 211 623 211 606 211 589 210 586 210 586 211 584 210 572 210 564 210 562 211 557 215 430 215 413 211 396 208 386 208 372 208 367 213 364 215 349 213 308 206 306 206 305 206 284 213 276 215 259 213 188 205 186 205 184 205 149 213 150 264 150 271 776 269 776 261 773 213 759 213"/></Shape>
	    <String CONTENT=""
                    HPOS="149.0"
                    VPOS="205.0"
                    WIDTH="627.0"
                    HEIGHT="66.0"></String>
          </TextLine>
          <TextLine ID="eSc_line_987e4028"
                    BASELINE="154 317 979 317" 
                    HPOS="152.0"
                    VPOS="261.0"
                    WIDTH="826.0"
                    HEIGHT="71.0">
            <Shape><Polygon POINTS="762 262 745 262 728 262 723 262 535 271 522 262 508 262 491 262 474 262 457 264 440 264 423 264 406 264 389 264 384 264 376 271 359 264 355 264 339 264 322 264 313 264 272 271 249 264 237 264 220 264 218 264 205 272 152 272 152 316 152 330 976 332 978 316 978 272 862 261 861 261 859 261 857 261 845 271 815 262 813 262 812 262 810 262 788 271 766 261 764 261 762 261 762 262"/></Shape>
	    <String CONTENT=""
                    HPOS="152.0"
                    VPOS="261.0"
                    WIDTH="826.0"
                    HEIGHT="71.0"></String>
          </TextLine>
          <TextLine ID="eSc_line_66621ccb"
                    BASELINE="152 368 1026 377" 
                    HPOS="149.0"
                    VPOS="316.0"
                    WIDTH="874.0"
                    HEIGHT="65.0">
            <Shape><Polygon POINTS="964 318 150 316 149 381 1023 381 1023 316 964 318"/></Shape>
	    <String CONTENT=""
                    HPOS="149.0"
                    VPOS="316.0"
                    WIDTH="874.0"
                    HEIGHT="65.0"></String>
          </TextLine>
          <TextLine ID="eSc_line_1361eb03"
                    BASELINE="146 415 1031 434" 
                    HPOS="144.0"
                    VPOS="369.0"
                    WIDTH="886.0"
                    HEIGHT="85.0">
            <Shape><Polygon POINTS="993 376 859 376 849 381 842 374 813 374 796 379 773 374 689 374 683 381 666 372 642 372 632 379 593 372 554 372 520 377 510 372 484 371 306 374 298 369 145 369 144 428 152 435 211 428 291 439 503 430 540 442 547 442 562 432 622 433 635 445 718 435 732 449 918 439 934 452 1027 454 1030 433 1030 388 993 376"/></Shape>
	    <String CONTENT=""
                    HPOS="144.0"
                    VPOS="369.0"
                    WIDTH="886.0"
                    HEIGHT="85.0"></String>
          </TextLine>
        </TextBlock>
        <TextBlock HPOS="410.0"
                   VPOS="107.0"
                   WIDTH="300.0"
                   HEIGHT="81.0"
                   ID="region_1719324960200_525"
                   TAGREFS="BT3756">
          <Shape><Polygon POINTS="410 188 414 124 686 107 710 178"/></Shape>
          <TextLine ID="eSc_line_67ab3d35"
                    BASELINE="422 175 691 169" 
                    HPOS="418.0"
                    VPOS="110.0"
                    WIDTH="271.0"
                    HEIGHT="90.0">
            <Shape><Polygon POINTS="674 110 637 110 637 110 620 111 603 111 586 113 571 115 554 115 537 116 520 118 503 118 486 120 469 120 452 122 435 123 418 123 420 174 420 188 440 200 442 200 444 200 522 198 523 198 559 188 576 183 688 188 689 167 686 120 674 110"/></Shape>
	    <String CONTENT=""
                    HPOS="418.0"
                    VPOS="110.0"
                    WIDTH="271.0"
                    HEIGHT="90.0"></String>
          </TextLine>
        </TextBlock>
        <TextBlock HPOS="141.0"
                   VPOS="495.0"
                   WIDTH="881.0"
                   HEIGHT="116.0"
                   ID="region_1719325004461_534"
                   TAGREFS="BT3758">
          <Shape><Polygon POINTS="149 611 141 495 1022 504 1021 606"/></Shape>
          <TextLine ID="eSc_line_23e7dca9"
                    BASELINE="151 547 1010 562" 
                    HPOS="149.0"
                    VPOS="496.0"
                    WIDTH="859.0"
                    HEIGHT="90.0">
            <Shape><Polygon POINTS="964 503 930 511 912 503 893 503 881 515 862 503 851 503 837 508 817 501 793 501 762 513 732 501 698 501 673 510 640 500 578 500 535 505 527 500 501 498 500 501 488 498 444 498 430 501 423 498 391 498 374 506 247 506 211 496 191 496 150 501 149 561 279 552 366 562 552 555 576 569 610 561 637 577 645 577 667 559 683 567 706 559 813 559 834 583 1005 586 1008 561 1006 510 978 503 964 503"/></Shape>
	    <String CONTENT=""
                    HPOS="149.0"
                    VPOS="496.0"
                    WIDTH="859.0"
                    HEIGHT="90.0"></String>
          </TextLine>
          <TextLine ID="eSc_line_d8671052"
                    BASELINE="185 599 697 596" 
                    HPOS="183.0"
                    VPOS="547.0"
                    WIDTH="513.0"
                    HEIGHT="80.0">
            <Shape><Polygon POINTS="691 555 569 555 522 552 459 554 420 550 379 550 337 555 196 547 183 555 184 627 276 627 303 601 400 601 418 613 427 613 442 601 488 610 564 603 586 615 652 601 693 615 696 594 691 555"/></Shape>
	    <String CONTENT=""
                    HPOS="183.0"
                    VPOS="547.0"
                    WIDTH="513.0"
                    HEIGHT="80.0"></String>
          </TextLine>
        </TextBlock>
        <TextBlock HPOS="942.0"
                   VPOS="130.0"
                   WIDTH="94.0"
                   HEIGHT="72.0"
                   ID="region_1719324973149_528"
                   TAGREFS="BT3756">
          <Shape><Polygon POINTS="942 197 948 130 1036 131 1027 202"/></Shape>
          <TextLine ID="eSc_line_47e9f020"
                    BASELINE="960 185 1016 184" 
                    HPOS="956.0"
                    VPOS="130.0"
                    WIDTH="59.0"
                    HEIGHT="68.0">
            <Shape><Polygon POINTS="1006 130 990 130 973 130 956 130 959 184 959 198 1015 189 1015 183 1010 130 1006 130"/></Shape>
	    <String CONTENT=""
                    HPOS="956.0"
                    VPOS="130.0"
                    WIDTH="59.0"
                    HEIGHT="68.0"></String>
          </TextLine>
        </TextBlock>
        <TextBlock HPOS="530.0"
                   VPOS="1776.0"
                   WIDTH="128.0"
                   HEIGHT="90.0"
                   ID="region_1719324941527_519"
                   TAGREFS="BT3756">
          <Shape><Polygon POINTS="535 1863 530 1776 654 1781 658 1866"/></Shape>
          <TextLine ID="eSc_line_1abb93e4"
                    BASELINE="557 1828 636 1827" 
                    HPOS="554.0"
                    VPOS="1778.0"
                    WIDTH="81.0"
                    HEIGHT="69.0">
            <Shape><Polygon POINTS="588 1778 574 1778 554 1784 556 1827 556 1847 635 1844 635 1825 632 1788 603 1788 603 1786 593 1778 588 1778"/></Shape>
	    <String CONTENT=""
                    HPOS="554.0"
                    VPOS="1778.0"
                    WIDTH="81.0"
                    HEIGHT="69.0"></String>
          </TextLine>
        </TextBlock>
        <TextBlock HPOS="919.0"
                   VPOS="1776.0"
                   WIDTH="130.0"
                   HEIGHT="96.0"
                   ID="region_1719324947259_522"
                   TAGREFS="BT3756">
          <Shape><Polygon POINTS="919 1865 921 1776 1040 1776 1049 1872"/></Shape>
          <TextLine ID="region_1719324947259_522_tl_1"
                    BASELINE="938 1838 942 1838 972 1838 1002 1838 1032 1834" 
                    HPOS="938.0"
                    VPOS="1789.0"
                    WIDTH="94.0"
                    HEIGHT="54.0">
            <Shape><Polygon POINTS="938 1793 942 1793 972 1793 1002 1793 1032 1789 1032 1839 1002 1843 972 1843 942 1843 938 1843"/></Shape>
	    <String CONTENT=""
                    HPOS="938.0"
                    VPOS="1789.0"
                    WIDTH="94.0"
                    HEIGHT="54.0"></String>
          </TextLine>
        </TextBlock>
      </PrintSpace>
    </Page>
  </Layout>
</alto>
