<?xml version="1.0" encoding="UTF-8"?>
<alto xmlns:xsi="http://www.w3.org/2001/XMLSchema-instance"
      xmlns="http://www.loc.gov/standards/alto/ns-v4#"
      xsi:schemaLocation="http://www.loc.gov/standards/alto/ns-v4# http://www.loc.gov/standards/alto/v4/alto-4-2.xsd">
  <Description>
    <MeasurementUnit>pixel</MeasurementUnit>
    <sourceImageInformation>
      <fileName>1782,_Poetische_Werke,_Fleischhauer,_Bd._2,_VD18_89276873-001_Seite_284_Bild_0001.jpg</fileName>
      <fileIdentifier>mets//export_doc3216_fleischahuer_2_alto_202504271704.zip/1782,_Poetische_Werke,_Fleischhauer,_Bd._2,_VD18_89276873-001_Seite_284_Bild_0001.jpg</fileIdentifier>
    </sourceImageInformation>
  </Description>
  <Tags>
    <OtherTag ID="BT1" LABEL="Title" DESCRIPTION="block type Title"/><OtherTag ID="BT2" LABEL="Main" DESCRIPTION="block type Main"/><OtherTag ID="BT3" LABEL="Commentary" DESCRIPTION="block type Commentary"/><OtherTag ID="BT4" LABEL="Illustration" DESCRIPTION="block type Illustration"/><OtherTag ID="BT3755" LABEL="header" DESCRIPTION="block type header"/><OtherTag ID="BT3756" LABEL="paragraph" DESCRIPTION="block type paragraph"/><OtherTag ID="BT3757" LABEL="heading" DESCRIPTION="block type heading"/><OtherTag ID="BT3758" LABEL="footnote" DESCRIPTION="block type footnote"/><OtherTag ID="BT3759" LABEL="l-column" DESCRIPTION="block type l-column"/><OtherTag ID="BT3760" LABEL="r-column" DESCRIPTION="block type r-column"/><OtherTag ID="BT3761" LABEL="marginalia" DESCRIPTION="block type marginalia"/><OtherTag ID="BT4125" LABEL="drop-capital" DESCRIPTION="block type drop-capital"/><OtherTag ID="BT4126" LABEL="catch-word" DESCRIPTION="block type catch-word"/><OtherTag ID="BT4127" LABEL="page-number" DESCRIPTION="block type page-number"/><OtherTag ID="BT4128" LABEL="signature-mark" DESCRIPTION="block type signature-mark"/><OtherTag ID="BT4129" LABEL="poem_lg" DESCRIPTION="block type poem_lg"/><OtherTag ID="BT4130" LABEL="endnote" DESCRIPTION="block type endnote"/>
  </Tags>
  <Layout>
    <Page WIDTH="1208"
          HEIGHT="2037"
          PHYSICAL_IMG_NR="196"
          ID="eSc_dummypage_">
      <PrintSpace HPOS="0"
                  VPOS="0"
                  WIDTH="1208"
                  HEIGHT="2037">
        <TextBlock HPOS="132.0"
                   VPOS="203.0"
                   WIDTH="844.0"
                   HEIGHT="126.0"
                   ID="region_1719923961550_193"
                   TAGREFS="BT3758">
          <Shape><Polygon POINTS="171 324 132 212 976 203 967 329"/></Shape>
          <TextLine ID="eSc_line_49e37330"
                    BASELINE="150 256 918 251" 
                    HPOS="150.0"
                    VPOS="251.0"
                    WIDTH="768.0"
                    HEIGHT="5.0">
	    <String CONTENT=""
                    HPOS="150.0"
                    VPOS="251.0"
                    WIDTH="768.0"
                    HEIGHT="5.0"></String>
          </TextLine>
          <TextLine ID="eSc_line_cce21f13"
                    BASELINE="598 317 921 312" 
                    HPOS="598.0"
                    VPOS="312.0"
                    WIDTH="323.0"
                    HEIGHT="5.0">
	    <String CONTENT=""
                    HPOS="598.0"
                    VPOS="312.0"
                    WIDTH="323.0"
                    HEIGHT="5.0"></String>
          </TextLine>
        </TextBlock>
        <TextBlock HPOS="163.0"
                   VPOS="351.0"
                   WIDTH="870.0"
                   HEIGHT="837.0"
                   ID="region_1719923973259_196"
                   TAGREFS="BT3758">
          <Shape><Polygon POINTS="1033 1188 1028 351 163 360 163 1188"/></Shape>
          <TextLine ID="eSc_line_cd766f2d"
                    BASELINE="221 415 1014 399" 
                    HPOS="221.0"
                    VPOS="399.0"
                    WIDTH="793.0"
                    HEIGHT="16.0">
	    <String CONTENT=""
                    HPOS="221.0"
                    VPOS="399.0"
                    WIDTH="793.0"
                    HEIGHT="16.0"></String>
          </TextLine>
          <TextLine ID="eSc_line_e89c83c2"
                    BASELINE="184 450 1016 438" 
                    HPOS="184.0"
                    VPOS="438.0"
                    WIDTH="832.0"
                    HEIGHT="12.0">
	    <String CONTENT=""
                    HPOS="184.0"
                    VPOS="438.0"
                    WIDTH="832.0"
                    HEIGHT="12.0"></String>
          </TextLine>
          <TextLine ID="eSc_line_80aee4f9"
                    BASELINE="179 482 1017 470" 
                    HPOS="179.0"
                    VPOS="470.0"
                    WIDTH="838.0"
                    HEIGHT="12.0">
	    <String CONTENT=""
                    HPOS="179.0"
                    VPOS="470.0"
                    WIDTH="838.0"
                    HEIGHT="12.0"></String>
          </TextLine>
          <TextLine ID="eSc_line_7d76db5d"
                    BASELINE="183 519 1018 512" 
                    HPOS="183.0"
                    VPOS="512.0"
                    WIDTH="835.0"
                    HEIGHT="7.0">
	    <String CONTENT=""
                    HPOS="183.0"
                    VPOS="512.0"
                    WIDTH="835.0"
                    HEIGHT="7.0"></String>
          </TextLine>
          <TextLine ID="eSc_line_06334d20"
                    BASELINE="184 554 1014 541" 
                    HPOS="184.0"
                    VPOS="541.0"
                    WIDTH="830.0"
                    HEIGHT="13.0">
	    <String CONTENT=""
                    HPOS="184.0"
                    VPOS="541.0"
                    WIDTH="830.0"
                    HEIGHT="13.0"></String>
          </TextLine>
          <TextLine ID="eSc_line_7285186a"
                    BASELINE="188 586 1022 574" 
                    HPOS="188.0"
                    VPOS="574.0"
                    WIDTH="834.0"
                    HEIGHT="12.0">
	    <String CONTENT=""
                    HPOS="188.0"
                    VPOS="574.0"
                    WIDTH="834.0"
                    HEIGHT="12.0"></String>
          </TextLine>
          <TextLine ID="eSc_line_040538a4"
                    BASELINE="182 617 1016 610" 
                    HPOS="182.0"
                    VPOS="610.0"
                    WIDTH="834.0"
                    HEIGHT="7.0">
	    <String CONTENT=""
                    HPOS="182.0"
                    VPOS="610.0"
                    WIDTH="834.0"
                    HEIGHT="7.0"></String>
          </TextLine>
          <TextLine ID="eSc_line_7bff706b"
                    BASELINE="178 653 1016 638" 
                    HPOS="178.0"
                    VPOS="638.0"
                    WIDTH="838.0"
                    HEIGHT="15.0">
	    <String CONTENT=""
                    HPOS="178.0"
                    VPOS="638.0"
                    WIDTH="838.0"
                    HEIGHT="15.0"></String>
          </TextLine>
          <TextLine ID="eSc_line_e0e014b6"
                    BASELINE="180 688 1021 677" 
                    HPOS="180.0"
                    VPOS="677.0"
                    WIDTH="841.0"
                    HEIGHT="11.0">
	    <String CONTENT=""
                    HPOS="180.0"
                    VPOS="677.0"
                    WIDTH="841.0"
                    HEIGHT="11.0"></String>
          </TextLine>
          <TextLine ID="eSc_line_a8f219d2"
                    BASELINE="180 723 1017 712" 
                    HPOS="180.0"
                    VPOS="712.0"
                    WIDTH="837.0"
                    HEIGHT="11.0">
	    <String CONTENT=""
                    HPOS="180.0"
                    VPOS="712.0"
                    WIDTH="837.0"
                    HEIGHT="11.0"></String>
          </TextLine>
          <TextLine ID="eSc_line_441e6031"
                    BASELINE="187 759 1017 747" 
                    HPOS="187.0"
                    VPOS="747.0"
                    WIDTH="830.0"
                    HEIGHT="12.0">
	    <String CONTENT=""
                    HPOS="187.0"
                    VPOS="747.0"
                    WIDTH="830.0"
                    HEIGHT="12.0"></String>
          </TextLine>
          <TextLine ID="eSc_line_1f1208aa"
                    BASELINE="186 794 1022 777" 
                    HPOS="186.0"
                    VPOS="777.0"
                    WIDTH="836.0"
                    HEIGHT="17.0">
	    <String CONTENT=""
                    HPOS="186.0"
                    VPOS="777.0"
                    WIDTH="836.0"
                    HEIGHT="17.0"></String>
          </TextLine>
          <TextLine ID="eSc_line_3297c0d2"
                    BASELINE="184 828 1013 813" 
                    HPOS="184.0"
                    VPOS="813.0"
                    WIDTH="829.0"
                    HEIGHT="15.0">
	    <String CONTENT=""
                    HPOS="184.0"
                    VPOS="813.0"
                    WIDTH="829.0"
                    HEIGHT="15.0"></String>
          </TextLine>
          <TextLine ID="eSc_line_261f318d"
                    BASELINE="184 864 1016 850" 
                    HPOS="184.0"
                    VPOS="850.0"
                    WIDTH="832.0"
                    HEIGHT="14.0">
	    <String CONTENT=""
                    HPOS="184.0"
                    VPOS="850.0"
                    WIDTH="832.0"
                    HEIGHT="14.0"></String>
          </TextLine>
          <TextLine ID="eSc_line_2072fae7"
                    BASELINE="179 899 1018 876" 
                    HPOS="179.0"
                    VPOS="876.0"
                    WIDTH="839.0"
                    HEIGHT="23.0">
	    <String CONTENT=""
                    HPOS="179.0"
                    VPOS="876.0"
                    WIDTH="839.0"
                    HEIGHT="23.0"></String>
          </TextLine>
          <TextLine ID="eSc_line_5237b744"
                    BASELINE="187 930 1016 914" 
                    HPOS="187.0"
                    VPOS="914.0"
                    WIDTH="829.0"
                    HEIGHT="16.0">
	    <String CONTENT=""
                    HPOS="187.0"
                    VPOS="914.0"
                    WIDTH="829.0"
                    HEIGHT="16.0"></String>
          </TextLine>
          <TextLine ID="eSc_line_dbe52cbf"
                    BASELINE="180 965 1016 948" 
                    HPOS="180.0"
                    VPOS="948.0"
                    WIDTH="836.0"
                    HEIGHT="17.0">
	    <String CONTENT=""
                    HPOS="180.0"
                    VPOS="948.0"
                    WIDTH="836.0"
                    HEIGHT="17.0"></String>
          </TextLine>
          <TextLine ID="eSc_line_66623a0c"
                    BASELINE="184 1003 1020 980" 
                    HPOS="184.0"
                    VPOS="980.0"
                    WIDTH="836.0"
                    HEIGHT="23.0">
	    <String CONTENT=""
                    HPOS="184.0"
                    VPOS="980.0"
                    WIDTH="836.0"
                    HEIGHT="23.0"></String>
          </TextLine>
          <TextLine ID="eSc_line_4007f7a5"
                    BASELINE="179 1032 1020 1020" 
                    HPOS="179.0"
                    VPOS="1020.0"
                    WIDTH="841.0"
                    HEIGHT="12.0">
	    <String CONTENT=""
                    HPOS="179.0"
                    VPOS="1020.0"
                    WIDTH="841.0"
                    HEIGHT="12.0"></String>
          </TextLine>
          <TextLine ID="eSc_line_30d3bdc5"
                    BASELINE="184 1069 1014 1054" 
                    HPOS="184.0"
                    VPOS="1054.0"
                    WIDTH="830.0"
                    HEIGHT="15.0">
	    <String CONTENT=""
                    HPOS="184.0"
                    VPOS="1054.0"
                    WIDTH="830.0"
                    HEIGHT="15.0"></String>
          </TextLine>
          <TextLine ID="eSc_line_e5cf168d"
                    BASELINE="182 1102 1012 1082" 
                    HPOS="182.0"
                    VPOS="1082.0"
                    WIDTH="830.0"
                    HEIGHT="20.0">
	    <String CONTENT=""
                    HPOS="182.0"
                    VPOS="1082.0"
                    WIDTH="830.0"
                    HEIGHT="20.0"></String>
          </TextLine>
          <TextLine ID="eSc_line_d2bfe625"
                    BASELINE="179 1133 1017 1121" 
                    HPOS="179.0"
                    VPOS="1121.0"
                    WIDTH="838.0"
                    HEIGHT="12.0">
	    <String CONTENT=""
                    HPOS="179.0"
                    VPOS="1121.0"
                    WIDTH="838.0"
                    HEIGHT="12.0"></String>
          </TextLine>
          <TextLine ID="eSc_line_8000daef"
                    BASELINE="184 1174 802 1164" 
                    HPOS="184.0"
                    VPOS="1164.0"
                    WIDTH="618.0"
                    HEIGHT="10.0">
	    <String CONTENT=""
                    HPOS="184.0"
                    VPOS="1164.0"
                    WIDTH="618.0"
                    HEIGHT="10.0"></String>
          </TextLine>
        </TextBlock>
        <TextBlock HPOS="419.0"
                   VPOS="100.0"
                   WIDTH="334.0"
                   HEIGHT="79.0"
                   ID="region_1719326356177_715"
                   TAGREFS="BT3756">
          <Shape><Polygon POINTS="419 179 420 111 751 100 753 174"/></Shape>
          <TextLine ID="eSc_line_4908fe23"
                    BASELINE="427 164 734 162" 
                    HPOS="427.0"
                    VPOS="162.0"
                    WIDTH="307.0"
                    HEIGHT="2.0">
	    <String CONTENT=""
                    HPOS="427.0"
                    VPOS="162.0"
                    WIDTH="307.0"
                    HEIGHT="2.0"></String>
          </TextLine>
        </TextBlock>
        <TextBlock HPOS="933.0"
                   VPOS="102.0"
                   WIDTH="113.0"
                   HEIGHT="76.0"
                   ID="region_1719326363764_718"
                   TAGREFS="BT3756">
          <Shape><Polygon POINTS="935 173 933 102 1046 111 1032 178"/></Shape>
          <TextLine ID="eSc_line_24c4db1f"
                    BASELINE="938 156 1022 158" 
                    HPOS="938.0"
                    VPOS="156.0"
                    WIDTH="84.0"
                    HEIGHT="2.0">
	    <String CONTENT=""
                    HPOS="938.0"
                    VPOS="156.0"
                    WIDTH="84.0"
                    HEIGHT="2.0"></String>
          </TextLine>
        </TextBlock>
        <TextBlock HPOS="208.0"
                   VPOS="1217.0"
                   WIDTH="702.0"
                   HEIGHT="61.0"
                   ID="region_1719923988265_200"
                   TAGREFS="BT3758">
          <Shape><Polygon POINTS="208 1278 211 1217 901 1221 910 1271"/></Shape>
          <TextLine ID="eSc_line_26394d62"
                    BASELINE="225 1267 900 1258" 
                    HPOS="225.0"
                    VPOS="1258.0"
                    WIDTH="675.0"
                    HEIGHT="9.0">
	    <String CONTENT=""
                    HPOS="225.0"
                    VPOS="1258.0"
                    WIDTH="675.0"
                    HEIGHT="9.0"></String>
          </TextLine>
        </TextBlock>
        <TextBlock HPOS="176.0"
                   VPOS="1308.0"
                   WIDTH="866.0"
                   HEIGHT="429.0"
                   ID="region_1719924004531_203"
                   TAGREFS="BT3758">
          <Shape><Polygon POINTS="176 1334 179 1728 841 1737 1042 1669 1040 1308 201 1319"/></Shape>
          <TextLine ID="eSc_line_9be7e9a0"
                    BASELINE="192 1366 1022 1352" 
                    HPOS="192.0"
                    VPOS="1352.0"
                    WIDTH="830.0"
                    HEIGHT="14.0">
	    <String CONTENT=""
                    HPOS="192.0"
                    VPOS="1352.0"
                    WIDTH="830.0"
                    HEIGHT="14.0"></String>
          </TextLine>
          <TextLine ID="eSc_line_0be16998"
                    BASELINE="187 1405 1025 1387" 
                    HPOS="187.0"
                    VPOS="1387.0"
                    WIDTH="838.0"
                    HEIGHT="18.0">
	    <String CONTENT=""
                    HPOS="187.0"
                    VPOS="1387.0"
                    WIDTH="838.0"
                    HEIGHT="18.0"></String>
          </TextLine>
          <TextLine ID="eSc_line_7814e730"
                    BASELINE="195 1444 1025 1423" 
                    HPOS="195.0"
                    VPOS="1423.0"
                    WIDTH="830.0"
                    HEIGHT="21.0">
	    <String CONTENT=""
                    HPOS="195.0"
                    VPOS="1423.0"
                    WIDTH="830.0"
                    HEIGHT="21.0"></String>
          </TextLine>
          <TextLine ID="eSc_line_ea4347b7"
                    BASELINE="186 1480 1018 1465" 
                    HPOS="186.0"
                    VPOS="1465.0"
                    WIDTH="832.0"
                    HEIGHT="15.0">
	    <String CONTENT=""
                    HPOS="186.0"
                    VPOS="1465.0"
                    WIDTH="832.0"
                    HEIGHT="15.0"></String>
          </TextLine>
          <TextLine ID="eSc_line_8a85f52f"
                    BASELINE="189 1514 1027 1499" 
                    HPOS="189.0"
                    VPOS="1499.0"
                    WIDTH="838.0"
                    HEIGHT="15.0">
	    <String CONTENT=""
                    HPOS="189.0"
                    VPOS="1499.0"
                    WIDTH="838.0"
                    HEIGHT="15.0"></String>
          </TextLine>
          <TextLine ID="eSc_line_9a187d0a"
                    BASELINE="189 1549 1024 1538" 
                    HPOS="189.0"
                    VPOS="1538.0"
                    WIDTH="835.0"
                    HEIGHT="11.0">
	    <String CONTENT=""
                    HPOS="189.0"
                    VPOS="1538.0"
                    WIDTH="835.0"
                    HEIGHT="11.0"></String>
          </TextLine>
          <TextLine ID="eSc_line_6b55d3ae"
                    BASELINE="192 1585 1024 1579" 
                    HPOS="192.0"
                    VPOS="1579.0"
                    WIDTH="832.0"
                    HEIGHT="6.0">
	    <String CONTENT=""
                    HPOS="192.0"
                    VPOS="1579.0"
                    WIDTH="832.0"
                    HEIGHT="6.0"></String>
          </TextLine>
          <TextLine ID="eSc_line_43dd0790"
                    BASELINE="190 1624 1022 1609" 
                    HPOS="190.0"
                    VPOS="1609.0"
                    WIDTH="832.0"
                    HEIGHT="15.0">
	    <String CONTENT=""
                    HPOS="190.0"
                    VPOS="1609.0"
                    WIDTH="832.0"
                    HEIGHT="15.0"></String>
          </TextLine>
          <TextLine ID="eSc_line_17e53b36"
                    BASELINE="192 1654 1028 1637" 
                    HPOS="192.0"
                    VPOS="1637.0"
                    WIDTH="836.0"
                    HEIGHT="17.0">
	    <String CONTENT=""
                    HPOS="192.0"
                    VPOS="1637.0"
                    WIDTH="836.0"
                    HEIGHT="17.0"></String>
          </TextLine>
          <TextLine ID="eSc_line_fe5de00d"
                    BASELINE="195 1688 1007 1676" 
                    HPOS="195.0"
                    VPOS="1676.0"
                    WIDTH="812.0"
                    HEIGHT="12.0">
	    <String CONTENT=""
                    HPOS="195.0"
                    VPOS="1676.0"
                    WIDTH="812.0"
                    HEIGHT="12.0"></String>
          </TextLine>
          <TextLine ID="eSc_line_7039e750"
                    BASELINE="190 1719 811 1725" 
                    HPOS="190.0"
                    VPOS="1719.0"
                    WIDTH="621.0"
                    HEIGHT="6.0">
	    <String CONTENT=""
                    HPOS="190.0"
                    VPOS="1719.0"
                    WIDTH="621.0"
                    HEIGHT="6.0"></String>
          </TextLine>
        </TextBlock>
        <TextBlock HPOS="549.0"
                   VPOS="1782.0"
                   WIDTH="112.0"
                   HEIGHT="72.0"
                   ID="region_1719326405667_724"
                   TAGREFS="BT3756">
          <Shape><Polygon POINTS="551 1853 549 1783 661 1782 660 1854"/></Shape>
          <TextLine ID="eSc_line_afaadfcf"
                    BASELINE="559 1840 649 1838" 
                    HPOS="559.0"
                    VPOS="1838.0"
                    WIDTH="90.0"
                    HEIGHT="2.0">
	    <String CONTENT=""
                    HPOS="559.0"
                    VPOS="1838.0"
                    WIDTH="90.0"
                    HEIGHT="2.0"></String>
          </TextLine>
        </TextBlock>
        <TextBlock HPOS="929.0"
                   VPOS="1774.0"
                   WIDTH="110.0"
                   HEIGHT="67.0"
                   ID="region_1719326412019_727"
                   TAGREFS="BT3756">
          <Shape><Polygon POINTS="929 1835 930 1774 1039 1774 1032 1841"/></Shape>
          <TextLine ID="eSc_line_a957587a"
                    BASELINE="936 1826 1029 1828" 
                    HPOS="936.0"
                    VPOS="1826.0"
                    WIDTH="93.0"
                    HEIGHT="2.0">
	    <String CONTENT=""
                    HPOS="936.0"
                    VPOS="1826.0"
                    WIDTH="93.0"
                    HEIGHT="2.0"></String>
          </TextLine>
        </TextBlock>
      </PrintSpace>
    </Page>
  </Layout>
</alto>
