<?xml version="1.0" encoding="UTF-8"?>
<alto xmlns:xsi="http://www.w3.org/2001/XMLSchema-instance"
      xmlns="http://www.loc.gov/standards/alto/ns-v4#"
      xsi:schemaLocation="http://www.loc.gov/standards/alto/ns-v4# http://www.loc.gov/standards/alto/v4/alto-4-2.xsd">
  <Description>
    <MeasurementUnit>pixel</MeasurementUnit>
    <sourceImageInformation>
      <fileName>1782,_Poetische_Werke,_Fleischhauer,_Bd._1,_VD18_89276865-001_Seite_227_Bild_0001.jpg</fileName>
      <fileIdentifier>mets//export_doc3216_fleischahuer_2_alto_202504271704.zip/1782,_Poetische_Werke,_Fleischhauer,_Bd._1,_VD18_89276865-001_Seite_227_Bild_0001.jpg</fileIdentifier>
    </sourceImageInformation>
  </Description>
  <Tags>
    <OtherTag ID="BT1" LABEL="Title" DESCRIPTION="block type Title"/><OtherTag ID="BT2" LABEL="Main" DESCRIPTION="block type Main"/><OtherTag ID="BT3" LABEL="Commentary" DESCRIPTION="block type Commentary"/><OtherTag ID="BT4" LABEL="Illustration" DESCRIPTION="block type Illustration"/><OtherTag ID="BT3755" LABEL="header" DESCRIPTION="block type header"/><OtherTag ID="BT3756" LABEL="paragraph" DESCRIPTION="block type paragraph"/><OtherTag ID="BT3757" LABEL="heading" DESCRIPTION="block type heading"/><OtherTag ID="BT3758" LABEL="footnote" DESCRIPTION="block type footnote"/><OtherTag ID="BT3759" LABEL="l-column" DESCRIPTION="block type l-column"/><OtherTag ID="BT3760" LABEL="r-column" DESCRIPTION="block type r-column"/><OtherTag ID="BT3761" LABEL="marginalia" DESCRIPTION="block type marginalia"/><OtherTag ID="BT4125" LABEL="drop-capital" DESCRIPTION="block type drop-capital"/><OtherTag ID="BT4126" LABEL="catch-word" DESCRIPTION="block type catch-word"/><OtherTag ID="BT4127" LABEL="page-number" DESCRIPTION="block type page-number"/><OtherTag ID="BT4128" LABEL="signature-mark" DESCRIPTION="block type signature-mark"/><OtherTag ID="BT4129" LABEL="poem_lg" DESCRIPTION="block type poem_lg"/><OtherTag ID="BT4130" LABEL="endnote" DESCRIPTION="block type endnote"/>
  </Tags>
  <Layout>
    <Page WIDTH="1148"
          HEIGHT="2036"
          PHYSICAL_IMG_NR="187"
          ID="eSc_dummypage_">
      <PrintSpace HPOS="0"
                  VPOS="0"
                  WIDTH="1148"
                  HEIGHT="2036">
        <TextBlock HPOS="172.0"
                   VPOS="124.0"
                   WIDTH="109.0"
                   HEIGHT="53.0"
                   ID="region_1721150211123_402"
                   TAGREFS="BT3756">
          <Shape><Polygon POINTS="172 126 176 177 281 177 271 124"/></Shape>
          <TextLine ID="eSc_line_134ac060"
                    BASELINE="180 170 260 164" 
                    HPOS="180.0"
                    VPOS="164.0"
                    WIDTH="80.0"
                    HEIGHT="6.0">
	    <String CONTENT=""
                    HPOS="180.0"
                    VPOS="164.0"
                    WIDTH="80.0"
                    HEIGHT="6.0"></String>
          </TextLine>
        </TextBlock>
        <TextBlock HPOS="186.0"
                   VPOS="192.0"
                   WIDTH="902.0"
                   HEIGHT="467.0"
                   ID="region_1721150206070_399"
                   TAGREFS="BT3756">
          <Shape><Polygon POINTS="186 208 188 659 839 650 849 604 1079 604 1088 192"/></Shape>
          <TextLine ID="eSc_line_1c622ea5"
                    BASELINE="208 254 1057 250" 
                    HPOS="208.0"
                    VPOS="250.0"
                    WIDTH="849.0"
                    HEIGHT="4.0">
	    <String CONTENT=""
                    HPOS="208.0"
                    VPOS="250.0"
                    WIDTH="849.0"
                    HEIGHT="4.0"></String>
          </TextLine>
          <TextLine ID="eSc_line_4a2aca9a"
                    BASELINE="211 300 1057 295" 
                    HPOS="211.0"
                    VPOS="295.0"
                    WIDTH="846.0"
                    HEIGHT="5.0">
	    <String CONTENT=""
                    HPOS="211.0"
                    VPOS="295.0"
                    WIDTH="846.0"
                    HEIGHT="5.0"></String>
          </TextLine>
          <TextLine ID="eSc_line_201c605e"
                    BASELINE="204 352 1062 342" 
                    HPOS="204.0"
                    VPOS="342.0"
                    WIDTH="858.0"
                    HEIGHT="10.0">
	    <String CONTENT=""
                    HPOS="204.0"
                    VPOS="342.0"
                    WIDTH="858.0"
                    HEIGHT="10.0"></String>
          </TextLine>
          <TextLine ID="eSc_line_a0a9b79c"
                    BASELINE="205 401 1054 395" 
                    HPOS="205.0"
                    VPOS="395.0"
                    WIDTH="849.0"
                    HEIGHT="6.0">
	    <String CONTENT=""
                    HPOS="205.0"
                    VPOS="395.0"
                    WIDTH="849.0"
                    HEIGHT="6.0"></String>
          </TextLine>
          <TextLine ID="eSc_line_a25a6f77"
                    BASELINE="215 448 1070 439" 
                    HPOS="215.0"
                    VPOS="439.0"
                    WIDTH="855.0"
                    HEIGHT="9.0">
	    <String CONTENT=""
                    HPOS="215.0"
                    VPOS="439.0"
                    WIDTH="855.0"
                    HEIGHT="9.0"></String>
          </TextLine>
          <TextLine ID="eSc_line_9e8a05d4"
                    BASELINE="210 496 1064 492" 
                    HPOS="210.0"
                    VPOS="492.0"
                    WIDTH="854.0"
                    HEIGHT="4.0">
	    <String CONTENT=""
                    HPOS="210.0"
                    VPOS="492.0"
                    WIDTH="854.0"
                    HEIGHT="4.0"></String>
          </TextLine>
          <TextLine ID="eSc_line_4ac22818"
                    BASELINE="219 544 1059 538" 
                    HPOS="219.0"
                    VPOS="538.0"
                    WIDTH="840.0"
                    HEIGHT="6.0">
	    <String CONTENT=""
                    HPOS="219.0"
                    VPOS="538.0"
                    WIDTH="840.0"
                    HEIGHT="6.0"></String>
          </TextLine>
          <TextLine ID="eSc_line_1fcfcdca"
                    BASELINE="214 589 1049 591" 
                    HPOS="214.0"
                    VPOS="589.0"
                    WIDTH="835.0"
                    HEIGHT="2.0">
	    <String CONTENT=""
                    HPOS="214.0"
                    VPOS="589.0"
                    WIDTH="835.0"
                    HEIGHT="2.0"></String>
          </TextLine>
          <TextLine ID="eSc_line_32b484b5"
                    BASELINE="221 637 787 631" 
                    HPOS="221.0"
                    VPOS="631.0"
                    WIDTH="566.0"
                    HEIGHT="6.0">
	    <String CONTENT=""
                    HPOS="221.0"
                    VPOS="631.0"
                    WIDTH="566.0"
                    HEIGHT="6.0"></String>
          </TextLine>
        </TextBlock>
        <TextBlock HPOS="386.0"
                   VPOS="99.0"
                   WIDTH="468.0"
                   HEIGHT="78.0"
                   ID="region_1721150216678_405"
                   TAGREFS="BT3756">
          <Shape><Polygon POINTS="386 99 389 177 854 171 836 103"/></Shape>
          <TextLine ID="eSc_line_6f1b1545"
                    BASELINE="395 162 838 159" 
                    HPOS="395.0"
                    VPOS="159.0"
                    WIDTH="443.0"
                    HEIGHT="3.0">
	    <String CONTENT=""
                    HPOS="395.0"
                    VPOS="159.0"
                    WIDTH="443.0"
                    HEIGHT="3.0"></String>
          </TextLine>
        </TextBlock>
        <TextBlock HPOS="357.0"
                   VPOS="787.0"
                   WIDTH="518.0"
                   HEIGHT="103.0"
                   ID="region_1721150193140_396"
                   TAGREFS="BT3757">
          <Shape><Polygon POINTS="357 792 367 890 875 881 875 787"/></Shape>
          <TextLine ID="eSc_line_d8ebcee9"
                    BASELINE="380 874 864 869" 
                    HPOS="380.0"
                    VPOS="869.0"
                    WIDTH="484.0"
                    HEIGHT="5.0">
	    <String CONTENT=""
                    HPOS="380.0"
                    VPOS="869.0"
                    WIDTH="484.0"
                    HEIGHT="5.0"></String>
          </TextLine>
        </TextBlock>
        <TextBlock HPOS="169.0"
                   VPOS="904.0"
                   WIDTH="115.0"
                   HEIGHT="97.0"
                   ID="region_1721150145951_387"
                   TAGREFS="BT3756">
          <Shape><Polygon POINTS="284 927 276 996 169 1001 200 904"/></Shape>
          <TextLine ID="eSc_line_87d94047"
                    BASELINE="189 996 832 989" 
                    HPOS="189.0"
                    VPOS="989.0"
                    WIDTH="643.0"
                    HEIGHT="7.0">
	    <String CONTENT=""
                    HPOS="189.0"
                    VPOS="989.0"
                    WIDTH="643.0"
                    HEIGHT="7.0"></String>
          </TextLine>
        </TextBlock>
        <TextBlock HPOS="186.0"
                   VPOS="931.0"
                   WIDTH="669.0"
                   HEIGHT="243.0"
                   ID="region_1721150177588_390"
                   TAGREFS="BT3756">
          <Shape><Polygon POINTS="288 946 280 972 281 1003 253 1002 194 1006 186 1174 818 1147 855 931"/></Shape>
          <TextLine ID="eSc_line_231a3d18"
                    BASELINE="198 1051 745 1038" 
                    HPOS="198.0"
                    VPOS="1038.0"
                    WIDTH="547.0"
                    HEIGHT="13.0">
	    <String CONTENT=""
                    HPOS="198.0"
                    VPOS="1038.0"
                    WIDTH="547.0"
                    HEIGHT="13.0"></String>
          </TextLine>
          <TextLine ID="eSc_line_1d4983e1"
                    BASELINE="197 1101 763 1091" 
                    HPOS="197.0"
                    VPOS="1091.0"
                    WIDTH="566.0"
                    HEIGHT="10.0">
	    <String CONTENT=""
                    HPOS="197.0"
                    VPOS="1091.0"
                    WIDTH="566.0"
                    HEIGHT="10.0"></String>
          </TextLine>
          <TextLine ID="eSc_line_b2ea5552"
                    BASELINE="202 1150 800 1140" 
                    HPOS="202.0"
                    VPOS="1140.0"
                    WIDTH="598.0"
                    HEIGHT="10.0">
	    <String CONTENT=""
                    HPOS="202.0"
                    VPOS="1140.0"
                    WIDTH="598.0"
                    HEIGHT="10.0"></String>
          </TextLine>
        </TextBlock>
        <TextBlock HPOS="245.0"
                   VPOS="1172.0"
                   WIDTH="604.0"
                   HEIGHT="61.0"
                   ID="region_1721150185783_393"
                   TAGREFS="BT3756">
          <Shape><Polygon POINTS="252 1181 245 1233 849 1229 843 1172"/></Shape>
          <TextLine ID="eSc_line_8c3cde89"
                    BASELINE="256 1223 839 1220" 
                    HPOS="256.0"
                    VPOS="1220.0"
                    WIDTH="583.0"
                    HEIGHT="3.0">
	    <String CONTENT=""
                    HPOS="256.0"
                    VPOS="1220.0"
                    WIDTH="583.0"
                    HEIGHT="3.0"></String>
          </TextLine>
        </TextBlock>
        <TextBlock HPOS="214.0"
                   VPOS="1372.0"
                   WIDTH="857.0"
                   HEIGHT="201.0"
                   ID="region_1721150013932_367"
                   TAGREFS="BT3757">
          <Shape><Polygon POINTS="433 1379 214 1491 248 1573 1071 1558 1016 1469 816 1372"/></Shape>
          <TextLine ID="eSc_line_d60456cb"
                    BASELINE="430 1464 839 1472" 
                    HPOS="430.0"
                    VPOS="1464.0"
                    WIDTH="409.0"
                    HEIGHT="8.0">
	    <String CONTENT=""
                    HPOS="430.0"
                    VPOS="1464.0"
                    WIDTH="409.0"
                    HEIGHT="8.0"></String>
          </TextLine>
          <TextLine ID="eSc_line_fab7db78"
                    BASELINE="252 1557 1026 1548" 
                    HPOS="252.0"
                    VPOS="1548.0"
                    WIDTH="774.0"
                    HEIGHT="9.0">
	    <String CONTENT=""
                    HPOS="252.0"
                    VPOS="1548.0"
                    WIDTH="774.0"
                    HEIGHT="9.0"></String>
          </TextLine>
        </TextBlock>
        <TextBlock HPOS="199.0"
                   VPOS="1612.0"
                   WIDTH="895.0"
                   HEIGHT="173.0"
                   ID="region_1721150064849_375"
                   TAGREFS="BT3756">
          <Shape><Polygon POINTS="1036 1613 289 1617 281 1630 271 1647 276 1671 271 1684 234 1684 202 1681 199 1785 898 1785 934 1705 1094 1670 1084 1612"/></Shape>
          <TextLine ID="eSc_line_4248e507"
                    BASELINE="218 1684 1063 1666" 
                    HPOS="218.0"
                    VPOS="1666.0"
                    WIDTH="845.0"
                    HEIGHT="18.0">
	    <String CONTENT=""
                    HPOS="218.0"
                    VPOS="1666.0"
                    WIDTH="845.0"
                    HEIGHT="18.0"></String>
          </TextLine>
          <TextLine ID="eSc_line_07af54d6"
                    BASELINE="217 1734 860 1723" 
                    HPOS="217.0"
                    VPOS="1723.0"
                    WIDTH="643.0"
                    HEIGHT="11.0">
	    <String CONTENT=""
                    HPOS="217.0"
                    VPOS="1723.0"
                    WIDTH="643.0"
                    HEIGHT="11.0"></String>
          </TextLine>
          <TextLine ID="eSc_line_52607ca8"
                    BASELINE="215 1783 755 1772" 
                    HPOS="215.0"
                    VPOS="1772.0"
                    WIDTH="540.0"
                    HEIGHT="11.0">
	    <String CONTENT=""
                    HPOS="215.0"
                    VPOS="1772.0"
                    WIDTH="540.0"
                    HEIGHT="11.0"></String>
          </TextLine>
        </TextBlock>
        <TextBlock HPOS="999.0"
                   VPOS="1761.0"
                   WIDTH="100.0"
                   HEIGHT="83.0"
                   ID="region_1721150124760_384"
                   TAGREFS="BT3756">
          <Shape><Polygon POINTS="999 1767 999 1844 1099 1833 1092 1761"/></Shape>
          <TextLine ID="eSc_line_31dacfd0"
                    BASELINE="1018 1830 1083 1820" 
                    HPOS="1018.0"
                    VPOS="1820.0"
                    WIDTH="65.0"
                    HEIGHT="10.0">
	    <String CONTENT=""
                    HPOS="1018.0"
                    VPOS="1820.0"
                    WIDTH="65.0"
                    HEIGHT="10.0"></String>
          </TextLine>
        </TextBlock>
        <TextBlock HPOS="196.0"
                   VPOS="1590.0"
                   WIDTH="83.0"
                   HEIGHT="89.0"
                   ID="region_1721150025427_370"
                   TAGREFS="BT3756">
          <Shape><Polygon POINTS="279 1598 275 1636 267 1644 271 1660 269 1674 216 1679 196 1590"/></Shape>
        </TextBlock>
      </PrintSpace>
    </Page>
  </Layout>
</alto>
