<?xml version="1.0" encoding="UTF-8"?>
<alto xmlns:xsi="http://www.w3.org/2001/XMLSchema-instance"
      xmlns="http://www.loc.gov/standards/alto/ns-v4#"
      xsi:schemaLocation="http://www.loc.gov/standards/alto/ns-v4# http://www.loc.gov/standards/alto/v4/alto-4-2.xsd">
  <Description>
    <MeasurementUnit>pixel</MeasurementUnit>
    <sourceImageInformation>
      <fileName>1782,_Poetische_Werke,_Fleischhauer,_Bd._2,_VD18_89276873-001_Seite_328_Bild_0001.jpg</fileName>
      <fileIdentifier>mets//export_doc3216_fleischahuer_2_alto_202504271704.zip/1782,_Poetische_Werke,_Fleischhauer,_Bd._2,_VD18_89276873-001_Seite_328_Bild_0001.jpg</fileIdentifier>
    </sourceImageInformation>
  </Description>
  <Tags>
    <OtherTag ID="BT1" LABEL="Title" DESCRIPTION="block type Title"/><OtherTag ID="BT2" LABEL="Main" DESCRIPTION="block type Main"/><OtherTag ID="BT3" LABEL="Commentary" DESCRIPTION="block type Commentary"/><OtherTag ID="BT4" LABEL="Illustration" DESCRIPTION="block type Illustration"/><OtherTag ID="BT3755" LABEL="header" DESCRIPTION="block type header"/><OtherTag ID="BT3756" LABEL="paragraph" DESCRIPTION="block type paragraph"/><OtherTag ID="BT3757" LABEL="heading" DESCRIPTION="block type heading"/><OtherTag ID="BT3758" LABEL="footnote" DESCRIPTION="block type footnote"/><OtherTag ID="BT3759" LABEL="l-column" DESCRIPTION="block type l-column"/><OtherTag ID="BT3760" LABEL="r-column" DESCRIPTION="block type r-column"/><OtherTag ID="BT3761" LABEL="marginalia" DESCRIPTION="block type marginalia"/><OtherTag ID="BT4125" LABEL="drop-capital" DESCRIPTION="block type drop-capital"/><OtherTag ID="BT4126" LABEL="catch-word" DESCRIPTION="block type catch-word"/><OtherTag ID="BT4127" LABEL="page-number" DESCRIPTION="block type page-number"/><OtherTag ID="BT4128" LABEL="signature-mark" DESCRIPTION="block type signature-mark"/><OtherTag ID="BT4129" LABEL="poem_lg" DESCRIPTION="block type poem_lg"/><OtherTag ID="BT4130" LABEL="endnote" DESCRIPTION="block type endnote"/>
  </Tags>
  <Layout>
    <Page WIDTH="1198"
          HEIGHT="2039"
          PHYSICAL_IMG_NR="199"
          ID="eSc_dummypage_">
      <PrintSpace HPOS="0"
                  VPOS="0"
                  WIDTH="1198"
                  HEIGHT="2039">
        <TextBlock HPOS="136.0"
                   VPOS="249.0"
                   WIDTH="939.0"
                   HEIGHT="400.0"
                   ID="region_1719326797482_807"
                   TAGREFS="BT3756">
          <Shape><Polygon POINTS="150 649 136 249 990 270 1000 517 1075 535 1048 634"/></Shape>
          <TextLine ID="eSc_line_66db4c64"
                    BASELINE="160 309 935 316" 
                    HPOS="160.0"
                    VPOS="309.0"
                    WIDTH="775.0"
                    HEIGHT="7.0">
	    <String CONTENT=""
                    HPOS="160.0"
                    VPOS="309.0"
                    WIDTH="775.0"
                    HEIGHT="7.0"></String>
          </TextLine>
          <TextLine ID="eSc_line_ece02edf"
                    BASELINE="162 358 941 368" 
                    HPOS="162.0"
                    VPOS="358.0"
                    WIDTH="779.0"
                    HEIGHT="10.0">
	    <String CONTENT=""
                    HPOS="162.0"
                    VPOS="358.0"
                    WIDTH="779.0"
                    HEIGHT="10.0"></String>
          </TextLine>
          <TextLine ID="eSc_line_9dc636a3"
                    BASELINE="161 414 918 412" 
                    HPOS="161.0"
                    VPOS="412.0"
                    WIDTH="757.0"
                    HEIGHT="2.0">
	    <String CONTENT=""
                    HPOS="161.0"
                    VPOS="412.0"
                    WIDTH="757.0"
                    HEIGHT="2.0"></String>
          </TextLine>
          <TextLine ID="eSc_line_a19d6672"
                    BASELINE="162 463 815 468" 
                    HPOS="162.0"
                    VPOS="463.0"
                    WIDTH="653.0"
                    HEIGHT="5.0">
	    <String CONTENT=""
                    HPOS="162.0"
                    VPOS="463.0"
                    WIDTH="653.0"
                    HEIGHT="5.0"></String>
          </TextLine>
          <TextLine ID="eSc_line_e367cd54"
                    BASELINE="160 522 873 520" 
                    HPOS="160.0"
                    VPOS="520.0"
                    WIDTH="713.0"
                    HEIGHT="2.0">
	    <String CONTENT=""
                    HPOS="160.0"
                    VPOS="520.0"
                    WIDTH="713.0"
                    HEIGHT="2.0"></String>
          </TextLine>
          <TextLine ID="eSc_line_da447d9d"
                    BASELINE="163 569 1034 580" 
                    HPOS="163.0"
                    VPOS="569.0"
                    WIDTH="871.0"
                    HEIGHT="11.0">
	    <String CONTENT=""
                    HPOS="163.0"
                    VPOS="569.0"
                    WIDTH="871.0"
                    HEIGHT="11.0"></String>
          </TextLine>
          <TextLine ID="eSc_line_80188360"
                    BASELINE="598 635 747 630" 
                    HPOS="598.0"
                    VPOS="630.0"
                    WIDTH="149.0"
                    HEIGHT="5.0">
	    <String CONTENT=""
                    HPOS="598.0"
                    VPOS="630.0"
                    WIDTH="149.0"
                    HEIGHT="5.0"></String>
          </TextLine>
        </TextBlock>
        <TextBlock HPOS="399.0"
                   VPOS="159.0"
                   WIDTH="362.0"
                   HEIGHT="77.0"
                   ID="region_1719326789142_804"
                   TAGREFS="BT3756">
          <Shape><Polygon POINTS="761 228 746 160 399 159 408 236"/></Shape>
          <TextLine ID="eSc_line_85e662bb"
                    BASELINE="422 217 741 213" 
                    HPOS="422.0"
                    VPOS="213.0"
                    WIDTH="319.0"
                    HEIGHT="4.0">
	    <String CONTENT=""
                    HPOS="422.0"
                    VPOS="213.0"
                    WIDTH="319.0"
                    HEIGHT="4.0"></String>
          </TextLine>
        </TextBlock>
        <TextBlock HPOS="145.0"
                   VPOS="758.0"
                   WIDTH="955.0"
                   HEIGHT="250.0"
                   ID="region_1719326805943_810"
                   TAGREFS="BT3756">
          <Shape><Polygon POINTS="145 1001 145 785 198 760 1100 758 1073 1008"/></Shape>
          <TextLine ID="eSc_line_fa47125a"
                    BASELINE="212 813 1029 815" 
                    HPOS="212.0"
                    VPOS="813.0"
                    WIDTH="817.0"
                    HEIGHT="2.0">
	    <String CONTENT=""
                    HPOS="212.0"
                    VPOS="813.0"
                    WIDTH="817.0"
                    HEIGHT="2.0"></String>
          </TextLine>
          <TextLine ID="eSc_line_2ed24e75"
                    BASELINE="161 863 1015 868" 
                    HPOS="161.0"
                    VPOS="863.0"
                    WIDTH="854.0"
                    HEIGHT="5.0">
	    <String CONTENT=""
                    HPOS="161.0"
                    VPOS="863.0"
                    WIDTH="854.0"
                    HEIGHT="5.0"></String>
          </TextLine>
          <TextLine ID="eSc_line_c33e058d"
                    BASELINE="163 917 844 916" 
                    HPOS="163.0"
                    VPOS="916.0"
                    WIDTH="681.0"
                    HEIGHT="1.0">
	    <String CONTENT=""
                    HPOS="163.0"
                    VPOS="916.0"
                    WIDTH="681.0"
                    HEIGHT="1.0"></String>
          </TextLine>
          <TextLine ID="eSc_line_3ef2fae2"
                    BASELINE="163 974 818 976" 
                    HPOS="163.0"
                    VPOS="974.0"
                    WIDTH="655.0"
                    HEIGHT="2.0">
	    <String CONTENT=""
                    HPOS="163.0"
                    VPOS="974.0"
                    WIDTH="655.0"
                    HEIGHT="2.0"></String>
          </TextLine>
        </TextBlock>
        <TextBlock HPOS="938.0"
                   VPOS="171.0"
                   WIDTH="130.0"
                   HEIGHT="78.0"
                   ID="region_1719326783951_801"
                   TAGREFS="BT3756">
          <Shape><Polygon POINTS="939 239 938 171 1068 174 1056 249"/></Shape>
          <TextLine ID="eSc_line_471ebfce"
                    BASELINE="948 231 1036 229" 
                    HPOS="948.0"
                    VPOS="229.0"
                    WIDTH="88.0"
                    HEIGHT="2.0">
	    <String CONTENT=""
                    HPOS="948.0"
                    VPOS="229.0"
                    WIDTH="88.0"
                    HEIGHT="2.0"></String>
          </TextLine>
        </TextBlock>
        <TextBlock HPOS="137.0"
                   VPOS="1113.0"
                   WIDTH="911.0"
                   HEIGHT="699.0"
                   ID="region_1719326818412_813"
                   TAGREFS="BT3756">
          <Shape><Polygon POINTS="159 1113 1048 1122 983 1793 839 1812 137 1805"/></Shape>
          <TextLine ID="eSc_line_a497a510"
                    BASELINE="210 1160 920 1165" 
                    HPOS="210.0"
                    VPOS="1160.0"
                    WIDTH="710.0"
                    HEIGHT="5.0">
	    <String CONTENT=""
                    HPOS="210.0"
                    VPOS="1160.0"
                    WIDTH="710.0"
                    HEIGHT="5.0"></String>
          </TextLine>
          <TextLine ID="eSc_line_6adf26b9"
                    BASELINE="164 1213 982 1215" 
                    HPOS="164.0"
                    VPOS="1213.0"
                    WIDTH="818.0"
                    HEIGHT="2.0">
	    <String CONTENT=""
                    HPOS="164.0"
                    VPOS="1213.0"
                    WIDTH="818.0"
                    HEIGHT="2.0"></String>
          </TextLine>
          <TextLine ID="eSc_line_2d53a048"
                    BASELINE="168 1269 996 1267" 
                    HPOS="168.0"
                    VPOS="1267.0"
                    WIDTH="828.0"
                    HEIGHT="2.0">
	    <String CONTENT=""
                    HPOS="168.0"
                    VPOS="1267.0"
                    WIDTH="828.0"
                    HEIGHT="2.0"></String>
          </TextLine>
          <TextLine ID="eSc_line_57f2667a"
                    BASELINE="164 1321 928 1328" 
                    HPOS="164.0"
                    VPOS="1321.0"
                    WIDTH="764.0"
                    HEIGHT="7.0">
	    <String CONTENT=""
                    HPOS="164.0"
                    VPOS="1321.0"
                    WIDTH="764.0"
                    HEIGHT="7.0"></String>
          </TextLine>
          <TextLine ID="eSc_line_db3d3e4a"
                    BASELINE="162 1368 871 1369" 
                    HPOS="162.0"
                    VPOS="1368.0"
                    WIDTH="709.0"
                    HEIGHT="1.0">
	    <String CONTENT=""
                    HPOS="162.0"
                    VPOS="1368.0"
                    WIDTH="709.0"
                    HEIGHT="1.0"></String>
          </TextLine>
          <TextLine ID="eSc_line_7462722f"
                    BASELINE="158 1423 987 1431" 
                    HPOS="158.0"
                    VPOS="1423.0"
                    WIDTH="829.0"
                    HEIGHT="8.0">
	    <String CONTENT=""
                    HPOS="158.0"
                    VPOS="1423.0"
                    WIDTH="829.0"
                    HEIGHT="8.0"></String>
          </TextLine>
          <TextLine ID="eSc_line_d91c2db7"
                    BASELINE="154 1479 835 1480" 
                    HPOS="154.0"
                    VPOS="1479.0"
                    WIDTH="681.0"
                    HEIGHT="1.0">
	    <String CONTENT=""
                    HPOS="154.0"
                    VPOS="1479.0"
                    WIDTH="681.0"
                    HEIGHT="1.0"></String>
          </TextLine>
          <TextLine ID="eSc_line_f756922c"
                    BASELINE="156 1534 948 1535" 
                    HPOS="156.0"
                    VPOS="1534.0"
                    WIDTH="792.0"
                    HEIGHT="1.0">
	    <String CONTENT=""
                    HPOS="156.0"
                    VPOS="1534.0"
                    WIDTH="792.0"
                    HEIGHT="1.0"></String>
          </TextLine>
          <TextLine ID="eSc_line_c549bf0f"
                    BASELINE="156 1580 815 1588" 
                    HPOS="156.0"
                    VPOS="1580.0"
                    WIDTH="659.0"
                    HEIGHT="8.0">
	    <String CONTENT=""
                    HPOS="156.0"
                    VPOS="1580.0"
                    WIDTH="659.0"
                    HEIGHT="8.0"></String>
          </TextLine>
          <TextLine ID="eSc_line_5b110f4d"
                    BASELINE="153 1635 975 1644" 
                    HPOS="153.0"
                    VPOS="1635.0"
                    WIDTH="822.0"
                    HEIGHT="9.0">
	    <String CONTENT=""
                    HPOS="153.0"
                    VPOS="1635.0"
                    WIDTH="822.0"
                    HEIGHT="9.0"></String>
          </TextLine>
          <TextLine ID="eSc_line_ff28976f"
                    BASELINE="149 1680 773 1696" 
                    HPOS="149.0"
                    VPOS="1680.0"
                    WIDTH="624.0"
                    HEIGHT="16.0">
	    <String CONTENT=""
                    HPOS="149.0"
                    VPOS="1680.0"
                    WIDTH="624.0"
                    HEIGHT="16.0"></String>
          </TextLine>
          <TextLine ID="eSc_line_84d0f834"
                    BASELINE="154 1740 961 1746" 
                    HPOS="154.0"
                    VPOS="1740.0"
                    WIDTH="807.0"
                    HEIGHT="6.0">
	    <String CONTENT=""
                    HPOS="154.0"
                    VPOS="1740.0"
                    WIDTH="807.0"
                    HEIGHT="6.0"></String>
          </TextLine>
          <TextLine ID="eSc_line_c8069c46"
                    BASELINE="153 1786 889 1799" 
                    HPOS="153.0"
                    VPOS="1786.0"
                    WIDTH="736.0"
                    HEIGHT="13.0">
	    <String CONTENT=""
                    HPOS="153.0"
                    VPOS="1786.0"
                    WIDTH="736.0"
                    HEIGHT="13.0"></String>
          </TextLine>
        </TextBlock>
        <TextBlock HPOS="572.0"
                   VPOS="1811.0"
                   WIDTH="103.0"
                   HEIGHT="53.0"
                   ID="region_1719326829322_816"
                   TAGREFS="BT3756">
          <Shape><Polygon POINTS="675 1864 667 1820 629 1816 605 1811 572 1812 583 1859"/></Shape>
          <TextLine ID="eSc_line_554df7f3"
                    BASELINE="587 1848 660 1847" 
                    HPOS="587.0"
                    VPOS="1847.0"
                    WIDTH="73.0"
                    HEIGHT="1.0">
	    <String CONTENT=""
                    HPOS="587.0"
                    VPOS="1847.0"
                    WIDTH="73.0"
                    HEIGHT="1.0"></String>
          </TextLine>
        </TextBlock>
        <TextBlock HPOS="937.0"
                   VPOS="1805.0"
                   WIDTH="105.0"
                   HEIGHT="62.0"
                   ID="region_1719326838957_819"
                   TAGREFS="BT3756">
          <Shape><Polygon POINTS="937 1858 943 1810 1042 1805 1030 1867"/></Shape>
          <TextLine ID="eSc_line_7e0bc0b8"
                    BASELINE="943 1840 1023 1852" 
                    HPOS="943.0"
                    VPOS="1840.0"
                    WIDTH="80.0"
                    HEIGHT="12.0">
	    <String CONTENT=""
                    HPOS="943.0"
                    VPOS="1840.0"
                    WIDTH="80.0"
                    HEIGHT="12.0"></String>
          </TextLine>
        </TextBlock>
      </PrintSpace>
    </Page>
  </Layout>
</alto>
