<?xml version="1.0" encoding="UTF-8"?>
<alto xmlns:xsi="http://www.w3.org/2001/XMLSchema-instance"
      xmlns="http://www.loc.gov/standards/alto/ns-v4#"
      xsi:schemaLocation="http://www.loc.gov/standards/alto/ns-v4# http://www.loc.gov/standards/alto/v4/alto-4-2.xsd">
  <Description>
    <MeasurementUnit>pixel</MeasurementUnit>
    <sourceImageInformation>
      <fileName>1782,_Poetische_Werke,_Fleischhauer,_Bd._2,_VD18_89276873-001_Seite_145_Bild_0001.jpg</fileName>
      <fileIdentifier>mets//export_doc3216_fleischahuer_2_alto_202504271704.zip/1782,_Poetische_Werke,_Fleischhauer,_Bd._2,_VD18_89276873-001_Seite_145_Bild_0001.jpg</fileIdentifier>
    </sourceImageInformation>
  </Description>
  <Tags>
    <OtherTag ID="BT1" LABEL="Title" DESCRIPTION="block type Title"/><OtherTag ID="BT2" LABEL="Main" DESCRIPTION="block type Main"/><OtherTag ID="BT3" LABEL="Commentary" DESCRIPTION="block type Commentary"/><OtherTag ID="BT4" LABEL="Illustration" DESCRIPTION="block type Illustration"/><OtherTag ID="BT3755" LABEL="header" DESCRIPTION="block type header"/><OtherTag ID="BT3756" LABEL="paragraph" DESCRIPTION="block type paragraph"/><OtherTag ID="BT3757" LABEL="heading" DESCRIPTION="block type heading"/><OtherTag ID="BT3758" LABEL="footnote" DESCRIPTION="block type footnote"/><OtherTag ID="BT3759" LABEL="l-column" DESCRIPTION="block type l-column"/><OtherTag ID="BT3760" LABEL="r-column" DESCRIPTION="block type r-column"/><OtherTag ID="BT3761" LABEL="marginalia" DESCRIPTION="block type marginalia"/><OtherTag ID="BT4125" LABEL="drop-capital" DESCRIPTION="block type drop-capital"/><OtherTag ID="BT4126" LABEL="catch-word" DESCRIPTION="block type catch-word"/><OtherTag ID="BT4127" LABEL="page-number" DESCRIPTION="block type page-number"/><OtherTag ID="BT4128" LABEL="signature-mark" DESCRIPTION="block type signature-mark"/><OtherTag ID="BT4129" LABEL="poem_lg" DESCRIPTION="block type poem_lg"/><OtherTag ID="BT4130" LABEL="endnote" DESCRIPTION="block type endnote"/>
  </Tags>
  <Layout>
    <Page WIDTH="1219"
          HEIGHT="2032"
          PHYSICAL_IMG_NR="194"
          ID="eSc_dummypage_">
      <PrintSpace HPOS="0"
                  VPOS="0"
                  WIDTH="1219"
                  HEIGHT="2032">
        <TextBlock HPOS="192.0"
                   VPOS="127.0"
                   WIDTH="122.0"
                   HEIGHT="74.0"
                   ID="region_1719325633749_622"
                   TAGREFS="BT3756">
          <Shape><Polygon POINTS="197 201 192 137 314 127 312 190"/></Shape>
          <TextLine ID="eSc_line_3244b2d8"
                    BASELINE="205 182 286 179" 
                    HPOS="205.0"
                    VPOS="179.0"
                    WIDTH="81.0"
                    HEIGHT="3.0">
	    <String CONTENT=""
                    HPOS="205.0"
                    VPOS="179.0"
                    WIDTH="81.0"
                    HEIGHT="3.0"></String>
          </TextLine>
        </TextBlock>
        <TextBlock HPOS="182.0"
                   VPOS="210.0"
                   WIDTH="923.0"
                   HEIGHT="182.0"
                   ID="region_1719325674531_628"
                   TAGREFS="BT3756">
          <Shape><Polygon POINTS="192 354 182 232 352 210 876 222 1105 266 1072 342 892 349 890 382 642 392 574 363"/></Shape>
          <TextLine ID="eSc_line_b060f146"
                    BASELINE="204 284 836 265" 
                    HPOS="204.0"
                    VPOS="265.0"
                    WIDTH="632.0"
                    HEIGHT="19.0">
	    <String CONTENT=""
                    HPOS="204.0"
                    VPOS="265.0"
                    WIDTH="632.0"
                    HEIGHT="19.0"></String>
          </TextLine>
          <TextLine ID="eSc_line_0a3a0cd5"
                    BASELINE="201 331 1071 317" 
                    HPOS="201.0"
                    VPOS="317.0"
                    WIDTH="870.0"
                    HEIGHT="14.0">
	    <String CONTENT=""
                    HPOS="201.0"
                    VPOS="317.0"
                    WIDTH="870.0"
                    HEIGHT="14.0"></String>
          </TextLine>
          <TextLine ID="eSc_line_7eef7553"
                    BASELINE="654 374 859 368" 
                    HPOS="654.0"
                    VPOS="368.0"
                    WIDTH="205.0"
                    HEIGHT="6.0">
	    <String CONTENT=""
                    HPOS="654.0"
                    VPOS="368.0"
                    WIDTH="205.0"
                    HEIGHT="6.0"></String>
          </TextLine>
        </TextBlock>
        <TextBlock HPOS="355.0"
                   VPOS="110.0"
                   WIDTH="544.0"
                   HEIGHT="89.0"
                   ID="region_1719325651895_625"
                   TAGREFS="BT3756">
          <Shape><Polygon POINTS="355 195 359 132 402 122 899 110 878 199"/></Shape>
          <TextLine ID="eSc_line_1a38858b"
                    BASELINE="372 182 882 175" 
                    HPOS="372.0"
                    VPOS="175.0"
                    WIDTH="510.0"
                    HEIGHT="7.0">
	    <String CONTENT=""
                    HPOS="372.0"
                    VPOS="175.0"
                    WIDTH="510.0"
                    HEIGHT="7.0"></String>
          </TextLine>
        </TextBlock>
        <TextBlock HPOS="177.0"
                   VPOS="451.0"
                   WIDTH="927.0"
                   HEIGHT="581.0"
                   ID="region_1719325685501_631"
                   TAGREFS="BT3756">
          <Shape><Polygon POINTS="179 1032 177 480 270 451 1104 456 1101 1012"/></Shape>
          <TextLine ID="eSc_line_908e2676"
                    BASELINE="255 519 1076 504" 
                    HPOS="255.0"
                    VPOS="504.0"
                    WIDTH="821.0"
                    HEIGHT="15.0">
	    <String CONTENT=""
                    HPOS="255.0"
                    VPOS="504.0"
                    WIDTH="821.0"
                    HEIGHT="15.0"></String>
          </TextLine>
          <TextLine ID="eSc_line_2d5b53b9"
                    BASELINE="196 572 842 564" 
                    HPOS="196.0"
                    VPOS="564.0"
                    WIDTH="646.0"
                    HEIGHT="8.0">
	    <String CONTENT=""
                    HPOS="196.0"
                    VPOS="564.0"
                    WIDTH="646.0"
                    HEIGHT="8.0"></String>
          </TextLine>
          <TextLine ID="eSc_line_56e6b9b4"
                    BASELINE="196 625 1076 617" 
                    HPOS="196.0"
                    VPOS="617.0"
                    WIDTH="880.0"
                    HEIGHT="8.0">
	    <String CONTENT=""
                    HPOS="196.0"
                    VPOS="617.0"
                    WIDTH="880.0"
                    HEIGHT="8.0"></String>
          </TextLine>
          <TextLine ID="eSc_line_496ee572"
                    BASELINE="195 679 1027 667" 
                    HPOS="195.0"
                    VPOS="667.0"
                    WIDTH="832.0"
                    HEIGHT="12.0">
	    <String CONTENT=""
                    HPOS="195.0"
                    VPOS="667.0"
                    WIDTH="832.0"
                    HEIGHT="12.0"></String>
          </TextLine>
          <TextLine ID="eSc_line_bc0dcd17"
                    BASELINE="199 736 937 719" 
                    HPOS="199.0"
                    VPOS="719.0"
                    WIDTH="738.0"
                    HEIGHT="17.0">
	    <String CONTENT=""
                    HPOS="199.0"
                    VPOS="719.0"
                    WIDTH="738.0"
                    HEIGHT="17.0"></String>
          </TextLine>
          <TextLine ID="eSc_line_20245d01"
                    BASELINE="197 783 827 779" 
                    HPOS="197.0"
                    VPOS="779.0"
                    WIDTH="630.0"
                    HEIGHT="4.0">
	    <String CONTENT=""
                    HPOS="197.0"
                    VPOS="779.0"
                    WIDTH="630.0"
                    HEIGHT="4.0"></String>
          </TextLine>
          <TextLine ID="eSc_line_6af68ae1"
                    BASELINE="198 844 819 828" 
                    HPOS="198.0"
                    VPOS="828.0"
                    WIDTH="621.0"
                    HEIGHT="16.0">
	    <String CONTENT=""
                    HPOS="198.0"
                    VPOS="828.0"
                    WIDTH="621.0"
                    HEIGHT="16.0"></String>
          </TextLine>
          <TextLine ID="eSc_line_e3d0c3a4"
                    BASELINE="200 894 966 881" 
                    HPOS="200.0"
                    VPOS="881.0"
                    WIDTH="766.0"
                    HEIGHT="13.0">
	    <String CONTENT=""
                    HPOS="200.0"
                    VPOS="881.0"
                    WIDTH="766.0"
                    HEIGHT="13.0"></String>
          </TextLine>
          <TextLine ID="eSc_line_6529d4c8"
                    BASELINE="199 947 775 935" 
                    HPOS="199.0"
                    VPOS="935.0"
                    WIDTH="576.0"
                    HEIGHT="12.0">
	    <String CONTENT=""
                    HPOS="199.0"
                    VPOS="935.0"
                    WIDTH="576.0"
                    HEIGHT="12.0"></String>
          </TextLine>
          <TextLine ID="eSc_line_da119d32"
                    BASELINE="193 1002 857 988" 
                    HPOS="193.0"
                    VPOS="988.0"
                    WIDTH="664.0"
                    HEIGHT="14.0">
	    <String CONTENT=""
                    HPOS="193.0"
                    VPOS="988.0"
                    WIDTH="664.0"
                    HEIGHT="14.0"></String>
          </TextLine>
        </TextBlock>
        <TextBlock HPOS="260.0"
                   VPOS="1251.0"
                   WIDTH="81.0"
                   HEIGHT="87.0"
                   ID="TextRegion_1719325858174_652"
                   TAGREFS="BT3756">
          <Shape><Polygon POINTS="306 1251 341 1267 337 1275 322 1303 323 1321 320 1332 296 1338 260 1327 265 1268"/></Shape>
          <TextLine ID="eSc_line_40e78bde"
                    BASELINE="272 1330 976 1327" 
                    HPOS="272.0"
                    VPOS="1327.0"
                    WIDTH="704.0"
                    HEIGHT="3.0">
	    <String CONTENT=""
                    HPOS="272.0"
                    VPOS="1327.0"
                    WIDTH="704.0"
                    HEIGHT="3.0"></String>
          </TextLine>
        </TextBlock>
        <TextBlock HPOS="179.0"
                   VPOS="1267.0"
                   WIDTH="909.0"
                   HEIGHT="272.0"
                   ID="TextRegion_1719325858173_651"
                   TAGREFS="BT3756">
          <Shape><Polygon POINTS="341 1267 347 1270 1076 1268 1088 1514 191 1539 179 1330 260 1338 260 1327 296 1338 320 1332 323 1321 322 1303 337 1275"/></Shape>
          <TextLine ID="eSc_line_bad00915"
                    BASELINE="198 1390 947 1378" 
                    HPOS="198.0"
                    VPOS="1378.0"
                    WIDTH="749.0"
                    HEIGHT="12.0">
	    <String CONTENT=""
                    HPOS="198.0"
                    VPOS="1378.0"
                    WIDTH="749.0"
                    HEIGHT="12.0"></String>
          </TextLine>
          <TextLine ID="eSc_line_ba5780ba"
                    BASELINE="203 1442 1067 1427" 
                    HPOS="203.0"
                    VPOS="1427.0"
                    WIDTH="864.0"
                    HEIGHT="15.0">
	    <String CONTENT=""
                    HPOS="203.0"
                    VPOS="1427.0"
                    WIDTH="864.0"
                    HEIGHT="15.0"></String>
          </TextLine>
          <TextLine ID="eSc_line_480f1d22"
                    BASELINE="203 1503 737 1489" 
                    HPOS="203.0"
                    VPOS="1489.0"
                    WIDTH="534.0"
                    HEIGHT="14.0">
	    <String CONTENT=""
                    HPOS="203.0"
                    VPOS="1489.0"
                    WIDTH="534.0"
                    HEIGHT="14.0"></String>
          </TextLine>
        </TextBlock>
        <TextBlock HPOS="171.0"
                   VPOS="1609.0"
                   WIDTH="926.0"
                   HEIGHT="220.0"
                   ID="region_1719325726217_637"
                   TAGREFS="BT3758">
          <Shape><Polygon POINTS="202 1818 171 1609 1097 1616 1087 1784 387 1829"/></Shape>
          <TextLine ID="eSc_line_2d67e69c"
                    BASELINE="202 1671 844 1661" 
                    HPOS="202.0"
                    VPOS="1661.0"
                    WIDTH="642.0"
                    HEIGHT="10.0">
	    <String CONTENT=""
                    HPOS="202.0"
                    VPOS="1661.0"
                    WIDTH="642.0"
                    HEIGHT="10.0"></String>
          </TextLine>
          <TextLine ID="eSc_line_acfebece"
                    BASELINE="232 1705 1074 1704" 
                    HPOS="232.0"
                    VPOS="1704.0"
                    WIDTH="842.0"
                    HEIGHT="1.0">
	    <String CONTENT=""
                    HPOS="232.0"
                    VPOS="1704.0"
                    WIDTH="842.0"
                    HEIGHT="1.0"></String>
          </TextLine>
          <TextLine ID="eSc_line_bea41f75"
                    BASELINE="232 1757 758 1757" 
                    HPOS="232.0"
                    VPOS="1757.0"
                    WIDTH="526.0"
                    HEIGHT="0.0">
	    <String CONTENT=""
                    HPOS="232.0"
                    VPOS="1757.0"
                    WIDTH="526.0"
                    HEIGHT="0.0"></String>
          </TextLine>
          <TextLine ID="eSc_line_98668eb6"
                    BASELINE="227 1805 891 1793" 
                    HPOS="227.0"
                    VPOS="1793.0"
                    WIDTH="664.0"
                    HEIGHT="12.0">
	    <String CONTENT=""
                    HPOS="227.0"
                    VPOS="1793.0"
                    WIDTH="664.0"
                    HEIGHT="12.0"></String>
          </TextLine>
        </TextBlock>
        <TextBlock HPOS="998.0"
                   VPOS="1798.0"
                   WIDTH="84.0"
                   HEIGHT="51.0"
                   ID="region_1719325738151_640"
                   TAGREFS="BT3756">
          <Shape><Polygon POINTS="998 1849 998 1803 1082 1798 1081 1842"/></Shape>
          <TextLine ID="eSc_line_ea8151fd"
                    BASELINE="1008 1838 1073 1837" 
                    HPOS="1008.0"
                    VPOS="1837.0"
                    WIDTH="65.0"
                    HEIGHT="1.0">
	    <String CONTENT=""
                    HPOS="1008.0"
                    VPOS="1837.0"
                    WIDTH="65.0"
                    HEIGHT="1.0"></String>
          </TextLine>
        </TextBlock>
      </PrintSpace>
    </Page>
  </Layout>
</alto>
