<?xml version="1.0" encoding="UTF-8"?>
<alto xmlns:xsi="http://www.w3.org/2001/XMLSchema-instance"
      xmlns="http://www.loc.gov/standards/alto/ns-v4#"
      xsi:schemaLocation="http://www.loc.gov/standards/alto/ns-v4# http://www.loc.gov/standards/alto/v4/alto-4-2.xsd">
  <Description>
    <MeasurementUnit>pixel</MeasurementUnit>
    <sourceImageInformation>
      <fileName>1782,_Poetische_Werke,_Fleischhauer,_Bd._3,_VD18_89276881-001_Seite_297_Bild_0001.jpg</fileName>
      <fileIdentifier>mets//export_doc3216_fleischahuer_2_alto_202504271704.zip/1782,_Poetische_Werke,_Fleischhauer,_Bd._3,_VD18_89276881-001_Seite_297_Bild_0001.jpg</fileIdentifier>
    </sourceImageInformation>
  </Description>
  <Tags>
    <OtherTag ID="BT1" LABEL="Title" DESCRIPTION="block type Title"/><OtherTag ID="BT2" LABEL="Main" DESCRIPTION="block type Main"/><OtherTag ID="BT3" LABEL="Commentary" DESCRIPTION="block type Commentary"/><OtherTag ID="BT4" LABEL="Illustration" DESCRIPTION="block type Illustration"/><OtherTag ID="BT3755" LABEL="header" DESCRIPTION="block type header"/><OtherTag ID="BT3756" LABEL="paragraph" DESCRIPTION="block type paragraph"/><OtherTag ID="BT3757" LABEL="heading" DESCRIPTION="block type heading"/><OtherTag ID="BT3758" LABEL="footnote" DESCRIPTION="block type footnote"/><OtherTag ID="BT3759" LABEL="l-column" DESCRIPTION="block type l-column"/><OtherTag ID="BT3760" LABEL="r-column" DESCRIPTION="block type r-column"/><OtherTag ID="BT3761" LABEL="marginalia" DESCRIPTION="block type marginalia"/><OtherTag ID="BT4125" LABEL="drop-capital" DESCRIPTION="block type drop-capital"/><OtherTag ID="BT4126" LABEL="catch-word" DESCRIPTION="block type catch-word"/><OtherTag ID="BT4127" LABEL="page-number" DESCRIPTION="block type page-number"/><OtherTag ID="BT4128" LABEL="signature-mark" DESCRIPTION="block type signature-mark"/><OtherTag ID="BT4129" LABEL="poem_lg" DESCRIPTION="block type poem_lg"/><OtherTag ID="BT4130" LABEL="endnote" DESCRIPTION="block type endnote"/>
  </Tags>
  <Layout>
    <Page WIDTH="1195"
          HEIGHT="2029"
          PHYSICAL_IMG_NR="205"
          ID="eSc_dummypage_">
      <PrintSpace HPOS="0"
                  VPOS="0"
                  WIDTH="1195"
                  HEIGHT="2029">
        <TextBlock HPOS="179.0"
                   VPOS="130.0"
                   WIDTH="99.0"
                   HEIGHT="81.0"
                   ID="region_1720085512220_33"
                   TAGREFS="BT3756">
          <Shape><Polygon POINTS="179 145 180 211 278 196 266 130"/></Shape>
          <TextLine ID="eSc_line_2355ca96"
                    BASELINE="184 190 270 183" 
                    HPOS="184.0"
                    VPOS="183.0"
                    WIDTH="86.0"
                    HEIGHT="7.0">
	    <String CONTENT=""
                    HPOS="184.0"
                    VPOS="183.0"
                    WIDTH="86.0"
                    HEIGHT="7.0"></String>
          </TextLine>
        </TextBlock>
        <TextBlock HPOS="232.0"
                   VPOS="214.0"
                   WIDTH="693.0"
                   HEIGHT="413.0"
                   ID="region_1720085536222_39"
                   TAGREFS="BT3756">
          <Shape><Polygon POINTS="235 227 232 617 914 627 925 214"/></Shape>
          <TextLine ID="eSc_line_35997a01"
                    BASELINE="284 273 920 266" 
                    HPOS="284.0"
                    VPOS="266.0"
                    WIDTH="636.0"
                    HEIGHT="7.0">
	    <String CONTENT=""
                    HPOS="284.0"
                    VPOS="266.0"
                    WIDTH="636.0"
                    HEIGHT="7.0"></String>
          </TextLine>
          <TextLine ID="eSc_line_287a3e56"
                    BASELINE="259 322 589 310" 
                    HPOS="259.0"
                    VPOS="310.0"
                    WIDTH="330.0"
                    HEIGHT="12.0">
	    <String CONTENT=""
                    HPOS="259.0"
                    VPOS="310.0"
                    WIDTH="330.0"
                    HEIGHT="12.0"></String>
          </TextLine>
          <TextLine ID="eSc_line_04cee5b0"
                    BASELINE="252 372 843 364" 
                    HPOS="252.0"
                    VPOS="364.0"
                    WIDTH="591.0"
                    HEIGHT="8.0">
	    <String CONTENT=""
                    HPOS="252.0"
                    VPOS="364.0"
                    WIDTH="591.0"
                    HEIGHT="8.0"></String>
          </TextLine>
          <TextLine ID="eSc_line_44e04b33"
                    BASELINE="258 415 549 409" 
                    HPOS="258.0"
                    VPOS="409.0"
                    WIDTH="291.0"
                    HEIGHT="6.0">
	    <String CONTENT=""
                    HPOS="258.0"
                    VPOS="409.0"
                    WIDTH="291.0"
                    HEIGHT="6.0"></String>
          </TextLine>
          <TextLine ID="eSc_line_cb852e1a"
                    BASELINE="254 463 855 461" 
                    HPOS="254.0"
                    VPOS="461.0"
                    WIDTH="601.0"
                    HEIGHT="2.0">
	    <String CONTENT=""
                    HPOS="254.0"
                    VPOS="461.0"
                    WIDTH="601.0"
                    HEIGHT="2.0"></String>
          </TextLine>
          <TextLine ID="eSc_line_f601ce43"
                    BASELINE="249 509 541 499" 
                    HPOS="249.0"
                    VPOS="499.0"
                    WIDTH="292.0"
                    HEIGHT="10.0">
	    <String CONTENT=""
                    HPOS="249.0"
                    VPOS="499.0"
                    WIDTH="292.0"
                    HEIGHT="10.0"></String>
          </TextLine>
          <TextLine ID="eSc_line_21b128e3"
                    BASELINE="252 552 813 550" 
                    HPOS="252.0"
                    VPOS="550.0"
                    WIDTH="561.0"
                    HEIGHT="2.0">
	    <String CONTENT=""
                    HPOS="252.0"
                    VPOS="550.0"
                    WIDTH="561.0"
                    HEIGHT="2.0"></String>
          </TextLine>
          <TextLine ID="eSc_line_f20d9ca0"
                    BASELINE="253 608 629 604" 
                    HPOS="253.0"
                    VPOS="604.0"
                    WIDTH="376.0"
                    HEIGHT="4.0">
	    <String CONTENT=""
                    HPOS="253.0"
                    VPOS="604.0"
                    WIDTH="376.0"
                    HEIGHT="4.0"></String>
          </TextLine>
        </TextBlock>
        <TextBlock HPOS="311.0"
                   VPOS="125.0"
                   WIDTH="630.0"
                   HEIGHT="72.0"
                   ID="region_1720085525554_36"
                   TAGREFS="BT3756">
          <Shape><Polygon POINTS="311 129 314 197 941 193 930 125"/></Shape>
          <TextLine ID="eSc_line_4e07d786"
                    BASELINE="320 185 934 183" 
                    HPOS="320.0"
                    VPOS="183.0"
                    WIDTH="614.0"
                    HEIGHT="2.0">
	    <String CONTENT=""
                    HPOS="320.0"
                    VPOS="183.0"
                    WIDTH="614.0"
                    HEIGHT="2.0"></String>
          </TextLine>
        </TextBlock>
        <TextBlock HPOS="171.0"
                   VPOS="678.0"
                   WIDTH="771.0"
                   HEIGHT="92.0"
                   ID="region_1720085547877_42"
                   TAGREFS="BT3757">
          <Shape><Polygon POINTS="171 770 173 695 942 678 939 751"/></Shape>
          <TextLine ID="eSc_line_1319c8aa"
                    BASELINE="181 745 931 734" 
                    HPOS="181.0"
                    VPOS="734.0"
                    WIDTH="750.0"
                    HEIGHT="11.0">
	    <String CONTENT=""
                    HPOS="181.0"
                    VPOS="734.0"
                    WIDTH="750.0"
                    HEIGHT="11.0"></String>
          </TextLine>
        </TextBlock>
        <TextBlock HPOS="212.0"
                   VPOS="801.0"
                   WIDTH="551.0"
                   HEIGHT="486.0"
                   ID="region_1720085560352_45"
                   TAGREFS="BT3756">
          <Shape><Polygon POINTS="232 825 212 1264 248 1287 733 1285 763 801 274 806"/></Shape>
          <TextLine ID="eSc_line_64e32c15"
                    BASELINE="282 857 726 855" 
                    HPOS="282.0"
                    VPOS="855.0"
                    WIDTH="444.0"
                    HEIGHT="2.0">
	    <String CONTENT=""
                    HPOS="282.0"
                    VPOS="855.0"
                    WIDTH="444.0"
                    HEIGHT="2.0"></String>
          </TextLine>
          <TextLine ID="eSc_line_2c3542fc"
                    BASELINE="248 905 695 905" 
                    HPOS="248.0"
                    VPOS="905.0"
                    WIDTH="447.0"
                    HEIGHT="0.0">
	    <String CONTENT=""
                    HPOS="248.0"
                    VPOS="905.0"
                    WIDTH="447.0"
                    HEIGHT="0.0"></String>
          </TextLine>
          <TextLine ID="eSc_line_d24fbfd3"
                    BASELINE="245 952 626 950" 
                    HPOS="245.0"
                    VPOS="950.0"
                    WIDTH="381.0"
                    HEIGHT="2.0">
	    <String CONTENT=""
                    HPOS="245.0"
                    VPOS="950.0"
                    WIDTH="381.0"
                    HEIGHT="2.0"></String>
          </TextLine>
          <TextLine ID="eSc_line_3de7ea01"
                    BASELINE="237 993 648 990" 
                    HPOS="237.0"
                    VPOS="990.0"
                    WIDTH="411.0"
                    HEIGHT="3.0">
	    <String CONTENT=""
                    HPOS="237.0"
                    VPOS="990.0"
                    WIDTH="411.0"
                    HEIGHT="3.0"></String>
          </TextLine>
          <TextLine ID="eSc_line_2421c72d"
                    BASELINE="243 1039 734 1039" 
                    HPOS="243.0"
                    VPOS="1039.0"
                    WIDTH="491.0"
                    HEIGHT="0.0">
	    <String CONTENT=""
                    HPOS="243.0"
                    VPOS="1039.0"
                    WIDTH="491.0"
                    HEIGHT="0.0"></String>
          </TextLine>
          <TextLine ID="eSc_line_59e17ef2"
                    BASELINE="252 1088 631 1086" 
                    HPOS="252.0"
                    VPOS="1086.0"
                    WIDTH="379.0"
                    HEIGHT="2.0">
	    <String CONTENT=""
                    HPOS="252.0"
                    VPOS="1086.0"
                    WIDTH="379.0"
                    HEIGHT="2.0"></String>
          </TextLine>
          <TextLine ID="eSc_line_eb9e356b"
                    BASELINE="245 1129 504 1127" 
                    HPOS="245.0"
                    VPOS="1127.0"
                    WIDTH="259.0"
                    HEIGHT="2.0">
	    <String CONTENT=""
                    HPOS="245.0"
                    VPOS="1127.0"
                    WIDTH="259.0"
                    HEIGHT="2.0"></String>
          </TextLine>
          <TextLine ID="eSc_line_f2bfe30e"
                    BASELINE="243 1179 523 1175" 
                    HPOS="243.0"
                    VPOS="1175.0"
                    WIDTH="280.0"
                    HEIGHT="4.0">
	    <String CONTENT=""
                    HPOS="243.0"
                    VPOS="1175.0"
                    WIDTH="280.0"
                    HEIGHT="4.0"></String>
          </TextLine>
          <TextLine ID="eSc_line_f89db91a"
                    BASELINE="238 1223 554 1221" 
                    HPOS="238.0"
                    VPOS="1221.0"
                    WIDTH="316.0"
                    HEIGHT="2.0">
	    <String CONTENT=""
                    HPOS="238.0"
                    VPOS="1221.0"
                    WIDTH="316.0"
                    HEIGHT="2.0"></String>
          </TextLine>
          <TextLine ID="eSc_line_08902025"
                    BASELINE="244 1268 661 1264" 
                    HPOS="244.0"
                    VPOS="1264.0"
                    WIDTH="417.0"
                    HEIGHT="4.0">
	    <String CONTENT=""
                    HPOS="244.0"
                    VPOS="1264.0"
                    WIDTH="417.0"
                    HEIGHT="4.0"></String>
          </TextLine>
        </TextBlock>
        <TextBlock HPOS="164.0"
                   VPOS="1321.0"
                   WIDTH="910.0"
                   HEIGHT="345.0"
                   ID="region_1720085574722_48"
                   TAGREFS="BT3756">
          <Shape><Polygon POINTS="164 1336 169 1666 1074 1647 1048 1321"/></Shape>
          <TextLine ID="eSc_line_e78545e1"
                    BASELINE="237 1380 1046 1381" 
                    HPOS="237.0"
                    VPOS="1380.0"
                    WIDTH="809.0"
                    HEIGHT="1.0">
	    <String CONTENT=""
                    HPOS="237.0"
                    VPOS="1380.0"
                    WIDTH="809.0"
                    HEIGHT="1.0"></String>
          </TextLine>
          <TextLine ID="eSc_line_3717cc8e"
                    BASELINE="179 1439 1048 1433" 
                    HPOS="179.0"
                    VPOS="1433.0"
                    WIDTH="869.0"
                    HEIGHT="6.0">
	    <String CONTENT=""
                    HPOS="179.0"
                    VPOS="1433.0"
                    WIDTH="869.0"
                    HEIGHT="6.0"></String>
          </TextLine>
          <TextLine ID="eSc_line_22b1d68b"
                    BASELINE="174 1490 1052 1483" 
                    HPOS="174.0"
                    VPOS="1483.0"
                    WIDTH="878.0"
                    HEIGHT="7.0">
	    <String CONTENT=""
                    HPOS="174.0"
                    VPOS="1483.0"
                    WIDTH="878.0"
                    HEIGHT="7.0"></String>
          </TextLine>
          <TextLine ID="eSc_line_7df50722"
                    BASELINE="176 1543 1049 1538" 
                    HPOS="176.0"
                    VPOS="1538.0"
                    WIDTH="873.0"
                    HEIGHT="5.0">
	    <String CONTENT=""
                    HPOS="176.0"
                    VPOS="1538.0"
                    WIDTH="873.0"
                    HEIGHT="5.0"></String>
          </TextLine>
          <TextLine ID="eSc_line_8ce00175"
                    BASELINE="176 1595 1046 1594" 
                    HPOS="176.0"
                    VPOS="1594.0"
                    WIDTH="870.0"
                    HEIGHT="1.0">
	    <String CONTENT=""
                    HPOS="176.0"
                    VPOS="1594.0"
                    WIDTH="870.0"
                    HEIGHT="1.0"></String>
          </TextLine>
          <TextLine ID="eSc_line_b4371f9b"
                    BASELINE="179 1653 1054 1636" 
                    HPOS="179.0"
                    VPOS="1636.0"
                    WIDTH="875.0"
                    HEIGHT="17.0">
	    <String CONTENT=""
                    HPOS="179.0"
                    VPOS="1636.0"
                    WIDTH="875.0"
                    HEIGHT="17.0"></String>
          </TextLine>
        </TextBlock>
        <TextBlock HPOS="208.0"
                   VPOS="1738.0"
                   WIDTH="140.0"
                   HEIGHT="44.0"
                   ID="region_1720085659296_62"
                   TAGREFS="BT3758">
          <Shape><Polygon POINTS="208 1747 208 1782 348 1778 343 1738 228 1743"/></Shape>
          <TextLine ID="eSc_line_24545622"
                    BASELINE="211 1774 342 1770" 
                    HPOS="211.0"
                    VPOS="1770.0"
                    WIDTH="131.0"
                    HEIGHT="4.0">
	    <String CONTENT=""
                    HPOS="211.0"
                    VPOS="1770.0"
                    WIDTH="131.0"
                    HEIGHT="4.0"></String>
          </TextLine>
        </TextBlock>
        <TextBlock HPOS="209.0"
                   VPOS="1783.0"
                   WIDTH="584.0"
                   HEIGHT="49.0"
                   ID="region_1720085641104_59"
                   TAGREFS="BT3758">
          <Shape><Polygon POINTS="210 1788 209 1832 793 1829 783 1783"/></Shape>
          <TextLine ID="eSc_line_5b3cb439"
                    BASELINE="215 1822 778 1818" 
                    HPOS="215.0"
                    VPOS="1818.0"
                    WIDTH="563.0"
                    HEIGHT="4.0">
	    <String CONTENT=""
                    HPOS="215.0"
                    VPOS="1818.0"
                    WIDTH="563.0"
                    HEIGHT="4.0"></String>
          </TextLine>
        </TextBlock>
        <TextBlock HPOS="984.0"
                   VPOS="1653.0"
                   WIDTH="69.0"
                   HEIGHT="48.0"
                   ID="region_1720085612499_53"
                   TAGREFS="BT3756">
          <Shape><Polygon POINTS="985 1658 984 1701 1053 1699 1044 1653 1002 1654"/></Shape>
          <TextLine ID="eSc_line_61bfa61f"
                    BASELINE="989 1694 1047 1692" 
                    HPOS="989.0"
                    VPOS="1692.0"
                    WIDTH="58.0"
                    HEIGHT="2.0">
	    <String CONTENT=""
                    HPOS="989.0"
                    VPOS="1692.0"
                    WIDTH="58.0"
                    HEIGHT="2.0"></String>
          </TextLine>
        </TextBlock>
      </PrintSpace>
    </Page>
  </Layout>
</alto>
