<?xml version="1.0" encoding="UTF-8"?>
<alto xmlns:xsi="http://www.w3.org/2001/XMLSchema-instance"
      xmlns="http://www.loc.gov/standards/alto/ns-v4#"
      xsi:schemaLocation="http://www.loc.gov/standards/alto/ns-v4# http://www.loc.gov/standards/alto/v4/alto-4-2.xsd">
  <Description>
    <MeasurementUnit>pixel</MeasurementUnit>
    <sourceImageInformation>
      <fileName>1782,_Poetische_Werke,_Fleischhauer,_Bd._2,_VD18_89276873-001_Seite_214_Bild_0001.jpg</fileName>
      <fileIdentifier>mets//export_doc3216_fleischahuer_2_alto_202504271704.zip/1782,_Poetische_Werke,_Fleischhauer,_Bd._2,_VD18_89276873-001_Seite_214_Bild_0001.jpg</fileIdentifier>
    </sourceImageInformation>
  </Description>
  <Tags>
    <OtherTag ID="BT1" LABEL="Title" DESCRIPTION="block type Title"/><OtherTag ID="BT2" LABEL="Main" DESCRIPTION="block type Main"/><OtherTag ID="BT3" LABEL="Commentary" DESCRIPTION="block type Commentary"/><OtherTag ID="BT4" LABEL="Illustration" DESCRIPTION="block type Illustration"/><OtherTag ID="BT3755" LABEL="header" DESCRIPTION="block type header"/><OtherTag ID="BT3756" LABEL="paragraph" DESCRIPTION="block type paragraph"/><OtherTag ID="BT3757" LABEL="heading" DESCRIPTION="block type heading"/><OtherTag ID="BT3758" LABEL="footnote" DESCRIPTION="block type footnote"/><OtherTag ID="BT3759" LABEL="l-column" DESCRIPTION="block type l-column"/><OtherTag ID="BT3760" LABEL="r-column" DESCRIPTION="block type r-column"/><OtherTag ID="BT3761" LABEL="marginalia" DESCRIPTION="block type marginalia"/><OtherTag ID="BT4125" LABEL="drop-capital" DESCRIPTION="block type drop-capital"/><OtherTag ID="BT4126" LABEL="catch-word" DESCRIPTION="block type catch-word"/><OtherTag ID="BT4127" LABEL="page-number" DESCRIPTION="block type page-number"/><OtherTag ID="BT4128" LABEL="signature-mark" DESCRIPTION="block type signature-mark"/><OtherTag ID="BT4129" LABEL="poem_lg" DESCRIPTION="block type poem_lg"/><OtherTag ID="BT4130" LABEL="endnote" DESCRIPTION="block type endnote"/>
  </Tags>
  <Layout>
    <Page WIDTH="1190"
          HEIGHT="2038"
          PHYSICAL_IMG_NR="195"
          ID="eSc_dummypage_">
      <PrintSpace HPOS="0"
                  VPOS="0"
                  WIDTH="1190"
                  HEIGHT="2038">
        <TextBlock HPOS="121.0"
                   VPOS="249.0"
                   WIDTH="916.0"
                   HEIGHT="203.0"
                   ID="region_1719326022883_674"
                   TAGREFS="BT3757">
          <Shape><Polygon POINTS="121 452 130 257 1037 249 1030 444"/></Shape>
          <TextLine ID="eSc_line_1f1636ae"
                    BASELINE="130 335 1000 329" 
                    HPOS="130.0"
                    VPOS="329.0"
                    WIDTH="870.0"
                    HEIGHT="6.0">
	    <String CONTENT=""
                    HPOS="130.0"
                    VPOS="329.0"
                    WIDTH="870.0"
                    HEIGHT="6.0"></String>
          </TextLine>
          <TextLine ID="eSc_line_d4eb52a1"
                    BASELINE="429 424 713 419" 
                    HPOS="429.0"
                    VPOS="419.0"
                    WIDTH="284.0"
                    HEIGHT="5.0">
	    <String CONTENT=""
                    HPOS="429.0"
                    VPOS="419.0"
                    WIDTH="284.0"
                    HEIGHT="5.0"></String>
          </TextLine>
        </TextBlock>
        <TextBlock HPOS="413.0"
                   VPOS="120.0"
                   WIDTH="308.0"
                   HEIGHT="83.0"
                   ID="region_1719326005893_668"
                   TAGREFS="BT3756">
          <Shape><Polygon POINTS="413 203 414 121 721 120 717 203"/></Shape>
          <TextLine ID="eSc_line_b7f2e17e"
                    BASELINE="428 184 698 182" 
                    HPOS="428.0"
                    VPOS="182.0"
                    WIDTH="270.0"
                    HEIGHT="2.0">
	    <String CONTENT=""
                    HPOS="428.0"
                    VPOS="182.0"
                    WIDTH="270.0"
                    HEIGHT="2.0"></String>
          </TextLine>
        </TextBlock>
        <TextBlock HPOS="140.0"
                   VPOS="481.0"
                   WIDTH="887.0"
                   HEIGHT="308.0"
                   ID="region_1719326034938_677"
                   TAGREFS="BT3756">
          <Shape><Polygon POINTS="145 789 140 490 1027 481 1019 751"/></Shape>
          <TextLine ID="eSc_line_ac4f7f73"
                    BASELINE="158 544 936 542" 
                    HPOS="158.0"
                    VPOS="542.0"
                    WIDTH="778.0"
                    HEIGHT="2.0">
	    <String CONTENT=""
                    HPOS="158.0"
                    VPOS="542.0"
                    WIDTH="778.0"
                    HEIGHT="2.0"></String>
          </TextLine>
          <TextLine ID="eSc_line_4bf8b409"
                    BASELINE="161 600 827 603" 
                    HPOS="161.0"
                    VPOS="600.0"
                    WIDTH="666.0"
                    HEIGHT="3.0">
	    <String CONTENT=""
                    HPOS="161.0"
                    VPOS="600.0"
                    WIDTH="666.0"
                    HEIGHT="3.0"></String>
          </TextLine>
          <TextLine ID="eSc_line_97386b7b"
                    BASELINE="161 663 958 660" 
                    HPOS="161.0"
                    VPOS="660.0"
                    WIDTH="797.0"
                    HEIGHT="3.0">
	    <String CONTENT=""
                    HPOS="161.0"
                    VPOS="660.0"
                    WIDTH="797.0"
                    HEIGHT="3.0"></String>
          </TextLine>
          <TextLine ID="eSc_line_1a9bfbea"
                    BASELINE="379 732 966 737" 
                    HPOS="379.0"
                    VPOS="732.0"
                    WIDTH="587.0"
                    HEIGHT="5.0">
	    <String CONTENT=""
                    HPOS="379.0"
                    VPOS="732.0"
                    WIDTH="587.0"
                    HEIGHT="5.0"></String>
          </TextLine>
        </TextBlock>
        <TextBlock HPOS="909.0"
                   VPOS="129.0"
                   WIDTH="129.0"
                   HEIGHT="73.0"
                   ID="region_1719326011991_671"
                   TAGREFS="BT3756">
          <Shape><Polygon POINTS="909 196 909 140 1038 129 1019 202"/></Shape>
          <TextLine ID="eSc_line_97e4c48f"
                    BASELINE="916 182 1004 180" 
                    HPOS="916.0"
                    VPOS="180.0"
                    WIDTH="88.0"
                    HEIGHT="2.0">
	    <String CONTENT=""
                    HPOS="916.0"
                    VPOS="180.0"
                    WIDTH="88.0"
                    HEIGHT="2.0"></String>
          </TextLine>
        </TextBlock>
        <TextBlock HPOS="102.0"
                   VPOS="925.0"
                   WIDTH="155.0"
                   HEIGHT="105.0"
                   ID="TextRegion_1719326177247_697"
                   TAGREFS="BT3756">
          <Shape><Polygon POINTS="102 928 245 925 257 957 240 964 225 999 234 1019 233 1030 175 1025 105 1028"/></Shape>
          <TextLine ID="eSc_line_f654c19d"
                    BASELINE="130 1011 1002 1013" 
                    HPOS="130.0"
                    VPOS="1011.0"
                    WIDTH="872.0"
                    HEIGHT="2.0">
	    <String CONTENT=""
                    HPOS="130.0"
                    VPOS="1011.0"
                    WIDTH="872.0"
                    HEIGHT="2.0"></String>
          </TextLine>
        </TextBlock>
        <TextBlock HPOS="105.0"
                   VPOS="951.0"
                   WIDTH="918.0"
                   HEIGHT="450.0"
                   ID="TextRegion_1719326177247_696"
                   TAGREFS="BT3756">
          <Shape><Polygon POINTS="257 957 263 971 349 966 379 951 1020 951 1023 1399 120 1401 105 1028 175 1025 233 1030 234 1019 225 999 240 964"/></Shape>
          <TextLine ID="eSc_line_3e5d94eb"
                    BASELINE="134 1071 1012 1063" 
                    HPOS="134.0"
                    VPOS="1063.0"
                    WIDTH="878.0"
                    HEIGHT="8.0">
	    <String CONTENT=""
                    HPOS="134.0"
                    VPOS="1063.0"
                    WIDTH="878.0"
                    HEIGHT="8.0"></String>
          </TextLine>
          <TextLine ID="eSc_line_a7a43d01"
                    BASELINE="123 1118 826 1128" 
                    HPOS="123.0"
                    VPOS="1118.0"
                    WIDTH="703.0"
                    HEIGHT="10.0">
	    <String CONTENT=""
                    HPOS="123.0"
                    VPOS="1118.0"
                    WIDTH="703.0"
                    HEIGHT="10.0"></String>
          </TextLine>
          <TextLine ID="eSc_line_7e3bf84c"
                    BASELINE="134 1173 900 1176" 
                    HPOS="134.0"
                    VPOS="1173.0"
                    WIDTH="766.0"
                    HEIGHT="3.0">
	    <String CONTENT=""
                    HPOS="134.0"
                    VPOS="1173.0"
                    WIDTH="766.0"
                    HEIGHT="3.0"></String>
          </TextLine>
          <TextLine ID="eSc_line_6a2accb9"
                    BASELINE="123 1230 858 1226" 
                    HPOS="123.0"
                    VPOS="1226.0"
                    WIDTH="735.0"
                    HEIGHT="4.0">
	    <String CONTENT=""
                    HPOS="123.0"
                    VPOS="1226.0"
                    WIDTH="735.0"
                    HEIGHT="4.0"></String>
          </TextLine>
          <TextLine ID="eSc_line_ebd8c951"
                    BASELINE="128 1273 852 1278" 
                    HPOS="128.0"
                    VPOS="1273.0"
                    WIDTH="724.0"
                    HEIGHT="5.0">
	    <String CONTENT=""
                    HPOS="128.0"
                    VPOS="1273.0"
                    WIDTH="724.0"
                    HEIGHT="5.0"></String>
          </TextLine>
          <TextLine ID="eSc_line_59fad8f9"
                    BASELINE="133 1332 960 1332" 
                    HPOS="133.0"
                    VPOS="1332.0"
                    WIDTH="827.0"
                    HEIGHT="0.0">
	    <String CONTENT=""
                    HPOS="133.0"
                    VPOS="1332.0"
                    WIDTH="827.0"
                    HEIGHT="0.0"></String>
          </TextLine>
          <TextLine ID="eSc_line_76948635"
                    BASELINE="139 1387 847 1388" 
                    HPOS="139.0"
                    VPOS="1387.0"
                    WIDTH="708.0"
                    HEIGHT="1.0">
	    <String CONTENT=""
                    HPOS="139.0"
                    VPOS="1387.0"
                    WIDTH="708.0"
                    HEIGHT="1.0"></String>
          </TextLine>
        </TextBlock>
        <TextBlock HPOS="121.0"
                   VPOS="1453.0"
                   WIDTH="894.0"
                   HEIGHT="342.0"
                   ID="region_1719326125082_689"
                   TAGREFS="BT3756">
          <Shape><Polygon POINTS="129 1795 121 1489 194 1458 611 1453 1015 1469 967 1792 648 1792 423 1791 349 1787 269 1787 241 1793"/></Shape>
          <TextLine ID="eSc_line_72b35094"
                    BASELINE="194 1528 1002 1521" 
                    HPOS="194.0"
                    VPOS="1521.0"
                    WIDTH="808.0"
                    HEIGHT="7.0">
	    <String CONTENT=""
                    HPOS="194.0"
                    VPOS="1521.0"
                    WIDTH="808.0"
                    HEIGHT="7.0"></String>
          </TextLine>
          <TextLine ID="eSc_line_4d07b576"
                    BASELINE="139 1581 847 1578" 
                    HPOS="139.0"
                    VPOS="1578.0"
                    WIDTH="708.0"
                    HEIGHT="3.0">
	    <String CONTENT=""
                    HPOS="139.0"
                    VPOS="1578.0"
                    WIDTH="708.0"
                    HEIGHT="3.0"></String>
          </TextLine>
          <TextLine ID="eSc_line_33accded"
                    BASELINE="136 1631 918 1631" 
                    HPOS="136.0"
                    VPOS="1631.0"
                    WIDTH="782.0"
                    HEIGHT="0.0">
	    <String CONTENT=""
                    HPOS="136.0"
                    VPOS="1631.0"
                    WIDTH="782.0"
                    HEIGHT="0.0"></String>
          </TextLine>
          <TextLine ID="eSc_line_bd365c8f"
                    BASELINE="134 1685 832 1685" 
                    HPOS="134.0"
                    VPOS="1685.0"
                    WIDTH="698.0"
                    HEIGHT="0.0">
	    <String CONTENT=""
                    HPOS="134.0"
                    VPOS="1685.0"
                    WIDTH="698.0"
                    HEIGHT="0.0"></String>
          </TextLine>
          <TextLine ID="eSc_line_0a9c7b02"
                    BASELINE="134 1741 856 1738" 
                    HPOS="134.0"
                    VPOS="1738.0"
                    WIDTH="722.0"
                    HEIGHT="3.0">
	    <String CONTENT=""
                    HPOS="134.0"
                    VPOS="1738.0"
                    WIDTH="722.0"
                    HEIGHT="3.0"></String>
          </TextLine>
          <TextLine ID="eSc_line_08143f3c"
                    BASELINE="144 1788 946 1790" 
                    HPOS="144.0"
                    VPOS="1788.0"
                    WIDTH="802.0"
                    HEIGHT="2.0">
	    <String CONTENT=""
                    HPOS="144.0"
                    VPOS="1788.0"
                    WIDTH="802.0"
                    HEIGHT="2.0"></String>
          </TextLine>
        </TextBlock>
        <TextBlock HPOS="172.0"
                   VPOS="1793.0"
                   WIDTH="568.0"
                   HEIGHT="64.0"
                   ID="region_1719326080176_683"
                   TAGREFS="BT3756">
          <Shape><Polygon POINTS="172 1857 177 1801 213 1797 565 1793 605 1816 664 1804 720 1796 740 1848"/></Shape>
          <TextLine ID="eSc_line_75f016bc"
                    BASELINE="179 1845 726 1839" 
                    HPOS="179.0"
                    VPOS="1839.0"
                    WIDTH="547.0"
                    HEIGHT="6.0">
	    <String CONTENT=""
                    HPOS="179.0"
                    VPOS="1839.0"
                    WIDTH="547.0"
                    HEIGHT="6.0"></String>
          </TextLine>
        </TextBlock>
        <TextBlock HPOS="906.0"
                   VPOS="1796.0"
                   WIDTH="123.0"
                   HEIGHT="66.0"
                   ID="region_1719326087667_686"
                   TAGREFS="BT3756">
          <Shape><Polygon POINTS="907 1856 906 1796 1025 1796 1029 1862"/></Shape>
          <TextLine ID="eSc_line_d53842b5"
                    BASELINE="917 1841 1010 1845" 
                    HPOS="917.0"
                    VPOS="1841.0"
                    WIDTH="93.0"
                    HEIGHT="4.0">
	    <String CONTENT=""
                    HPOS="917.0"
                    VPOS="1841.0"
                    WIDTH="93.0"
                    HEIGHT="4.0"></String>
          </TextLine>
        </TextBlock>
      </PrintSpace>
    </Page>
  </Layout>
</alto>
