<?xml version="1.0" encoding="UTF-8"?>
<alto xmlns:xsi="http://www.w3.org/2001/XMLSchema-instance"
      xmlns="http://www.loc.gov/standards/alto/ns-v4#"
      xsi:schemaLocation="http://www.loc.gov/standards/alto/ns-v4# http://www.loc.gov/standards/alto/v4/alto-4-2.xsd">
  <Description>
    <MeasurementUnit>pixel</MeasurementUnit>
    <sourceImageInformation>
      <fileName>1782,_Poetische_Werke,_Fleischhauer,_Bd._2,_VD18_89276873-001_Seite_028_Bild_0001.jpg</fileName>
      <fileIdentifier>mets//export_doc3216_fleischahuer_2_alto_202504271704.zip/1782,_Poetische_Werke,_Fleischhauer,_Bd._2,_VD18_89276873-001_Seite_028_Bild_0001.jpg</fileIdentifier>
    </sourceImageInformation>
  </Description>
  <Tags>
    <OtherTag ID="BT1" LABEL="Title" DESCRIPTION="block type Title"/><OtherTag ID="BT2" LABEL="Main" DESCRIPTION="block type Main"/><OtherTag ID="BT3" LABEL="Commentary" DESCRIPTION="block type Commentary"/><OtherTag ID="BT4" LABEL="Illustration" DESCRIPTION="block type Illustration"/><OtherTag ID="BT3755" LABEL="header" DESCRIPTION="block type header"/><OtherTag ID="BT3756" LABEL="paragraph" DESCRIPTION="block type paragraph"/><OtherTag ID="BT3757" LABEL="heading" DESCRIPTION="block type heading"/><OtherTag ID="BT3758" LABEL="footnote" DESCRIPTION="block type footnote"/><OtherTag ID="BT3759" LABEL="l-column" DESCRIPTION="block type l-column"/><OtherTag ID="BT3760" LABEL="r-column" DESCRIPTION="block type r-column"/><OtherTag ID="BT3761" LABEL="marginalia" DESCRIPTION="block type marginalia"/><OtherTag ID="BT4125" LABEL="drop-capital" DESCRIPTION="block type drop-capital"/><OtherTag ID="BT4126" LABEL="catch-word" DESCRIPTION="block type catch-word"/><OtherTag ID="BT4127" LABEL="page-number" DESCRIPTION="block type page-number"/><OtherTag ID="BT4128" LABEL="signature-mark" DESCRIPTION="block type signature-mark"/><OtherTag ID="BT4129" LABEL="poem_lg" DESCRIPTION="block type poem_lg"/><OtherTag ID="BT4130" LABEL="endnote" DESCRIPTION="block type endnote"/>
  </Tags>
  <Layout>
    <Page WIDTH="1194"
          HEIGHT="2032"
          PHYSICAL_IMG_NR="188"
          ID="eSc_dummypage_">
      <PrintSpace HPOS="0"
                  VPOS="0"
                  WIDTH="1194"
                  HEIGHT="2032">
        <TextBlock HPOS="212.0"
                   VPOS="327.0"
                   WIDTH="59.0"
                   HEIGHT="76.0"
                   ID="region_1719323466666_283"
                   TAGREFS="BT3756">
          <Shape><Polygon POINTS="220 403 263 402 265 379 271 340 263 327 212 331"/></Shape>
          <TextLine ID="eSc_line_e8427437"
                    BASELINE="225 402 788 405" 
                    HPOS="225.0"
                    VPOS="402.0"
                    WIDTH="563.0"
                    HEIGHT="3.0">
	    <String CONTENT=""
                    HPOS="225.0"
                    VPOS="402.0"
                    WIDTH="563.0"
                    HEIGHT="3.0"></String>
          </TextLine>
        </TextBlock>
        <TextBlock HPOS="425.0"
                   VPOS="109.0"
                   WIDTH="318.0"
                   HEIGHT="83.0"
                   ID="region_1719323398337_267"
                   TAGREFS="BT3756">
          <Shape><Polygon POINTS="743 192 425 192 425 109 743 109"/></Shape>
          <TextLine ID="eSc_line_34e3dd47"
                    BASELINE="447 177 722 179" 
                    HPOS="447.0"
                    VPOS="177.0"
                    WIDTH="275.0"
                    HEIGHT="2.0">
	    <String CONTENT=""
                    HPOS="447.0"
                    VPOS="177.0"
                    WIDTH="275.0"
                    HEIGHT="2.0"></String>
          </TextLine>
        </TextBlock>
        <TextBlock HPOS="141.0"
                   VPOS="357.0"
                   WIDTH="791.0"
                   HEIGHT="230.0"
                   ID="region_1719323516953_288"
                   TAGREFS="BT3756">
          <Shape><Polygon POINTS="267 412 266 386 266 372 275 363 799 357 800 399 919 405 932 463 808 477 809 580 141 587 143 419"/></Shape>
          <TextLine ID="eSc_line_ebfbb57f"
                    BASELINE="147 464 916 454" 
                    HPOS="147.0"
                    VPOS="454.0"
                    WIDTH="769.0"
                    HEIGHT="10.0">
	    <String CONTENT=""
                    HPOS="147.0"
                    VPOS="454.0"
                    WIDTH="769.0"
                    HEIGHT="10.0"></String>
          </TextLine>
          <TextLine ID="eSc_line_16687ca2"
                    BASELINE="151 523 773 514" 
                    HPOS="151.0"
                    VPOS="514.0"
                    WIDTH="622.0"
                    HEIGHT="9.0">
	    <String CONTENT=""
                    HPOS="151.0"
                    VPOS="514.0"
                    WIDTH="622.0"
                    HEIGHT="9.0"></String>
          </TextLine>
          <TextLine ID="eSc_line_4e6ed85e"
                    BASELINE="150 574 771 562" 
                    HPOS="150.0"
                    VPOS="562.0"
                    WIDTH="621.0"
                    HEIGHT="12.0">
	    <String CONTENT=""
                    HPOS="150.0"
                    VPOS="562.0"
                    WIDTH="621.0"
                    HEIGHT="12.0"></String>
          </TextLine>
        </TextBlock>
        <TextBlock HPOS="106.0"
                   VPOS="641.0"
                   WIDTH="941.0"
                   HEIGHT="440.0"
                   ID="region_1719323540871_291"
                   TAGREFS="BT3758">
          <Shape><Polygon POINTS="110 1081 106 641 1037 641 1047 1058"/></Shape>
          <TextLine ID="eSc_line_9db6808a"
                    BASELINE="152 691 1020 684" 
                    HPOS="152.0"
                    VPOS="684.0"
                    WIDTH="868.0"
                    HEIGHT="7.0">
	    <String CONTENT=""
                    HPOS="152.0"
                    VPOS="684.0"
                    WIDTH="868.0"
                    HEIGHT="7.0"></String>
          </TextLine>
          <TextLine ID="eSc_line_eec0ced3"
                    BASELINE="176 729 1029 724" 
                    HPOS="176.0"
                    VPOS="724.0"
                    WIDTH="853.0"
                    HEIGHT="5.0">
	    <String CONTENT=""
                    HPOS="176.0"
                    VPOS="724.0"
                    WIDTH="853.0"
                    HEIGHT="5.0"></String>
          </TextLine>
          <TextLine ID="eSc_line_726674dc"
                    BASELINE="174 784 1022 775" 
                    HPOS="174.0"
                    VPOS="775.0"
                    WIDTH="848.0"
                    HEIGHT="9.0">
	    <String CONTENT=""
                    HPOS="174.0"
                    VPOS="775.0"
                    WIDTH="848.0"
                    HEIGHT="9.0"></String>
          </TextLine>
          <TextLine ID="eSc_line_18301278"
                    BASELINE="174 824 1030 820" 
                    HPOS="174.0"
                    VPOS="820.0"
                    WIDTH="856.0"
                    HEIGHT="4.0">
	    <String CONTENT=""
                    HPOS="174.0"
                    VPOS="820.0"
                    WIDTH="856.0"
                    HEIGHT="4.0"></String>
          </TextLine>
          <TextLine ID="eSc_line_6093ffe3"
                    BASELINE="182 864 1024 866" 
                    HPOS="182.0"
                    VPOS="864.0"
                    WIDTH="842.0"
                    HEIGHT="2.0">
	    <String CONTENT=""
                    HPOS="182.0"
                    VPOS="864.0"
                    WIDTH="842.0"
                    HEIGHT="2.0"></String>
          </TextLine>
          <TextLine ID="eSc_line_48700f20"
                    BASELINE="178 906 1028 915" 
                    HPOS="178.0"
                    VPOS="906.0"
                    WIDTH="850.0"
                    HEIGHT="9.0">
	    <String CONTENT=""
                    HPOS="178.0"
                    VPOS="906.0"
                    WIDTH="850.0"
                    HEIGHT="9.0"></String>
          </TextLine>
          <TextLine ID="eSc_line_5e4d8fdd"
                    BASELINE="179 961 1024 961" 
                    HPOS="179.0"
                    VPOS="961.0"
                    WIDTH="845.0"
                    HEIGHT="0.0">
	    <String CONTENT=""
                    HPOS="179.0"
                    VPOS="961.0"
                    WIDTH="845.0"
                    HEIGHT="0.0"></String>
          </TextLine>
          <TextLine ID="eSc_line_2651a1ee"
                    BASELINE="174 1011 1030 1005" 
                    HPOS="174.0"
                    VPOS="1005.0"
                    WIDTH="856.0"
                    HEIGHT="6.0">
	    <String CONTENT=""
                    HPOS="174.0"
                    VPOS="1005.0"
                    WIDTH="856.0"
                    HEIGHT="6.0"></String>
          </TextLine>
          <TextLine ID="eSc_line_a5ab2d6b"
                    BASELINE="179 1048 947 1052" 
                    HPOS="179.0"
                    VPOS="1048.0"
                    WIDTH="768.0"
                    HEIGHT="4.0">
	    <String CONTENT=""
                    HPOS="179.0"
                    VPOS="1048.0"
                    WIDTH="768.0"
                    HEIGHT="4.0"></String>
          </TextLine>
        </TextBlock>
        <TextBlock HPOS="935.0"
                   VPOS="118.0"
                   WIDTH="114.0"
                   HEIGHT="82.0"
                   ID="region_1719323401521_270"
                   TAGREFS="BT3756">
          <Shape><Polygon POINTS="1049 200 935 200 935 118 1049 118"/></Shape>
          <TextLine ID="eSc_line_9a0d4b91"
                    BASELINE="963 180 1019 183" 
                    HPOS="963.0"
                    VPOS="180.0"
                    WIDTH="56.0"
                    HEIGHT="3.0">
	    <String CONTENT=""
                    HPOS="963.0"
                    VPOS="180.0"
                    WIDTH="56.0"
                    HEIGHT="3.0"></String>
          </TextLine>
        </TextBlock>
        <TextBlock HPOS="109.0"
                   VPOS="1097.0"
                   WIDTH="950.0"
                   HEIGHT="265.0"
                   ID="region_1719323547938_294"
                   TAGREFS="BT3758">
          <Shape><Polygon POINTS="109 1362 1059 1362 1059 1097 110 1097"/></Shape>
          <TextLine ID="eSc_line_22fddb52"
                    BASELINE="149 1160 1033 1159" 
                    HPOS="149.0"
                    VPOS="1159.0"
                    WIDTH="884.0"
                    HEIGHT="1.0">
	    <String CONTENT=""
                    HPOS="149.0"
                    VPOS="1159.0"
                    WIDTH="884.0"
                    HEIGHT="1.0"></String>
          </TextLine>
          <TextLine ID="eSc_line_b110ad88"
                    BASELINE="174 1208 1028 1209" 
                    HPOS="174.0"
                    VPOS="1208.0"
                    WIDTH="854.0"
                    HEIGHT="1.0">
	    <String CONTENT=""
                    HPOS="174.0"
                    VPOS="1208.0"
                    WIDTH="854.0"
                    HEIGHT="1.0"></String>
          </TextLine>
          <TextLine ID="eSc_line_31623e21"
                    BASELINE="179 1253 1030 1252" 
                    HPOS="179.0"
                    VPOS="1252.0"
                    WIDTH="851.0"
                    HEIGHT="1.0">
	    <String CONTENT=""
                    HPOS="179.0"
                    VPOS="1252.0"
                    WIDTH="851.0"
                    HEIGHT="1.0"></String>
          </TextLine>
          <TextLine ID="eSc_line_f3c9ad42"
                    BASELINE="174 1298 1038 1294" 
                    HPOS="174.0"
                    VPOS="1294.0"
                    WIDTH="864.0"
                    HEIGHT="4.0">
	    <String CONTENT=""
                    HPOS="174.0"
                    VPOS="1294.0"
                    WIDTH="864.0"
                    HEIGHT="4.0"></String>
          </TextLine>
          <TextLine ID="eSc_line_598c6f4b"
                    BASELINE="181 1342 592 1342" 
                    HPOS="181.0"
                    VPOS="1342.0"
                    WIDTH="411.0"
                    HEIGHT="0.0">
	    <String CONTENT=""
                    HPOS="181.0"
                    VPOS="1342.0"
                    WIDTH="411.0"
                    HEIGHT="0.0"></String>
          </TextLine>
        </TextBlock>
        <TextBlock HPOS="137.0"
                   VPOS="1398.0"
                   WIDTH="906.0"
                   HEIGHT="255.0"
                   ID="region_1719323553409_297"
                   TAGREFS="BT3758">
          <Shape><Polygon POINTS="187 1653 1040 1642 1043 1398 137 1399"/></Shape>
          <TextLine ID="eSc_line_1e58218d"
                    BASELINE="156 1450 1025 1453" 
                    HPOS="156.0"
                    VPOS="1450.0"
                    WIDTH="869.0"
                    HEIGHT="3.0">
	    <String CONTENT=""
                    HPOS="156.0"
                    VPOS="1450.0"
                    WIDTH="869.0"
                    HEIGHT="3.0"></String>
          </TextLine>
          <TextLine ID="eSc_line_de0862bc"
                    BASELINE="185 1500 1028 1498" 
                    HPOS="185.0"
                    VPOS="1498.0"
                    WIDTH="843.0"
                    HEIGHT="2.0">
	    <String CONTENT=""
                    HPOS="185.0"
                    VPOS="1498.0"
                    WIDTH="843.0"
                    HEIGHT="2.0"></String>
          </TextLine>
          <TextLine ID="eSc_line_aa12bbc7"
                    BASELINE="176 1541 1030 1546" 
                    HPOS="176.0"
                    VPOS="1541.0"
                    WIDTH="854.0"
                    HEIGHT="5.0">
	    <String CONTENT=""
                    HPOS="176.0"
                    VPOS="1541.0"
                    WIDTH="854.0"
                    HEIGHT="5.0"></String>
          </TextLine>
          <TextLine ID="eSc_line_8c60fd6f"
                    BASELINE="194 1594 1027 1589" 
                    HPOS="194.0"
                    VPOS="1589.0"
                    WIDTH="833.0"
                    HEIGHT="5.0">
	    <String CONTENT=""
                    HPOS="194.0"
                    VPOS="1589.0"
                    WIDTH="833.0"
                    HEIGHT="5.0"></String>
          </TextLine>
          <TextLine ID="eSc_line_bc110cbb"
                    BASELINE="199 1640 785 1636" 
                    HPOS="199.0"
                    VPOS="1636.0"
                    WIDTH="586.0"
                    HEIGHT="4.0">
	    <String CONTENT=""
                    HPOS="199.0"
                    VPOS="1636.0"
                    WIDTH="586.0"
                    HEIGHT="4.0"></String>
          </TextLine>
        </TextBlock>
        <TextBlock HPOS="150.0"
                   VPOS="1679.0"
                   WIDTH="902.0"
                   HEIGHT="133.0"
                   ID="region_1719323558203_300"
                   TAGREFS="BT3758">
          <Shape><Polygon POINTS="155 1800 366 1812 411 1795 684 1801 736 1803 754 1798 935 1795 941 1790 968 1790 982 1791 993 1789 1040 1787 1052 1771 1048 1679 150 1679"/></Shape>
          <TextLine ID="eSc_line_3febeabe"
                    BASELINE="158 1752 1038 1743" 
                    HPOS="158.0"
                    VPOS="1743.0"
                    WIDTH="880.0"
                    HEIGHT="9.0">
	    <String CONTENT=""
                    HPOS="158.0"
                    VPOS="1743.0"
                    WIDTH="880.0"
                    HEIGHT="9.0"></String>
          </TextLine>
          <TextLine ID="eSc_line_f17afed3"
                    BASELINE="190 1795 1036 1780" 
                    HPOS="190.0"
                    VPOS="1780.0"
                    WIDTH="846.0"
                    HEIGHT="15.0">
	    <String CONTENT=""
                    HPOS="190.0"
                    VPOS="1780.0"
                    WIDTH="846.0"
                    HEIGHT="15.0"></String>
          </TextLine>
        </TextBlock>
        <TextBlock HPOS="565.0"
                   VPOS="1803.0"
                   WIDTH="79.0"
                   HEIGHT="38.0"
                   ID="region_1719323617545_307"
                   TAGREFS="BT3756">
          <Shape><Polygon POINTS="565 1841 644 1841 638 1805 565 1803"/></Shape>
          <TextLine ID="eSc_line_195e1ca1"
                    BASELINE="577 1837 637 1840" 
                    HPOS="577.0"
                    VPOS="1837.0"
                    WIDTH="60.0"
                    HEIGHT="3.0">
	    <String CONTENT=""
                    HPOS="577.0"
                    VPOS="1837.0"
                    WIDTH="60.0"
                    HEIGHT="3.0"></String>
          </TextLine>
        </TextBlock>
        <TextBlock HPOS="984.0"
                   VPOS="1798.0"
                   WIDTH="53.0"
                   HEIGHT="36.0"
                   ID="region_1719323621529_310"
                   TAGREFS="BT3756">
          <Shape><Polygon POINTS="984 1834 1037 1834 1037 1798 984 1798"/></Shape>
          <TextLine ID="eSc_line_baa88890"
                    BASELINE="989 1830 1034 1830" 
                    HPOS="989.0"
                    VPOS="1830.0"
                    WIDTH="45.0"
                    HEIGHT="0.0">
	    <String CONTENT=""
                    HPOS="989.0"
                    VPOS="1830.0"
                    WIDTH="45.0"
                    HEIGHT="0.0"></String>
          </TextLine>
        </TextBlock>
      </PrintSpace>
    </Page>
  </Layout>
</alto>
