<?xml version="1.0" encoding="UTF-8"?>
<alto xmlns:xsi="http://www.w3.org/2001/XMLSchema-instance"
      xmlns="http://www.loc.gov/standards/alto/ns-v4#"
      xsi:schemaLocation="http://www.loc.gov/standards/alto/ns-v4# http://www.loc.gov/standards/alto/v4/alto-4-2.xsd">
  <Description>
    <MeasurementUnit>pixel</MeasurementUnit>
    <sourceImageInformation>
      <fileName>1782,_Poetische_Werke,_Fleischhauer,_Bd._1,_VD18_89276865-001_Seite_060_Bild_0001.jpg</fileName>
      <fileIdentifier>mets//export_doc3216_fleischahuer_2_alto_202504271704.zip/1782,_Poetische_Werke,_Fleischhauer,_Bd._1,_VD18_89276865-001_Seite_060_Bild_0001.jpg</fileIdentifier>
    </sourceImageInformation>
  </Description>
  <Tags>
    <OtherTag ID="BT1" LABEL="Title" DESCRIPTION="block type Title"/><OtherTag ID="BT2" LABEL="Main" DESCRIPTION="block type Main"/><OtherTag ID="BT3" LABEL="Commentary" DESCRIPTION="block type Commentary"/><OtherTag ID="BT4" LABEL="Illustration" DESCRIPTION="block type Illustration"/><OtherTag ID="BT3755" LABEL="header" DESCRIPTION="block type header"/><OtherTag ID="BT3756" LABEL="paragraph" DESCRIPTION="block type paragraph"/><OtherTag ID="BT3757" LABEL="heading" DESCRIPTION="block type heading"/><OtherTag ID="BT3758" LABEL="footnote" DESCRIPTION="block type footnote"/><OtherTag ID="BT3759" LABEL="l-column" DESCRIPTION="block type l-column"/><OtherTag ID="BT3760" LABEL="r-column" DESCRIPTION="block type r-column"/><OtherTag ID="BT3761" LABEL="marginalia" DESCRIPTION="block type marginalia"/><OtherTag ID="BT4125" LABEL="drop-capital" DESCRIPTION="block type drop-capital"/><OtherTag ID="BT4126" LABEL="catch-word" DESCRIPTION="block type catch-word"/><OtherTag ID="BT4127" LABEL="page-number" DESCRIPTION="block type page-number"/><OtherTag ID="BT4128" LABEL="signature-mark" DESCRIPTION="block type signature-mark"/><OtherTag ID="BT4129" LABEL="poem_lg" DESCRIPTION="block type poem_lg"/><OtherTag ID="BT4130" LABEL="endnote" DESCRIPTION="block type endnote"/>
  </Tags>
  <Layout>
    <Page WIDTH="1182"
          HEIGHT="2037"
          PHYSICAL_IMG_NR="184"
          ID="eSc_dummypage_">
      <PrintSpace HPOS="0"
                  VPOS="0"
                  WIDTH="1182"
                  HEIGHT="2037">
        <TextBlock HPOS="119.0"
                   VPOS="165.0"
                   WIDTH="862.0"
                   HEIGHT="93.0"
                   ID="region_1721149493324_264"
                   TAGREFS="BT3758">
          <Shape><Polygon POINTS="119 192 124 258 981 236 981 165"/></Shape>
          <TextLine ID="eSc_line_a65731ad"
                    BASELINE="139 238 949 221" 
                    HPOS="139.0"
                    VPOS="221.0"
                    WIDTH="810.0"
                    HEIGHT="17.0">
	    <String CONTENT=""
                    HPOS="139.0"
                    VPOS="221.0"
                    WIDTH="810.0"
                    HEIGHT="17.0"></String>
          </TextLine>
        </TextBlock>
        <TextBlock HPOS="129.0"
                   VPOS="250.0"
                   WIDTH="895.0"
                   HEIGHT="192.0"
                   ID="region_1721149499890_267"
                   TAGREFS="BT3758">
          <Shape><Polygon POINTS="129 281 137 442 1006 371 1024 250"/></Shape>
          <TextLine ID="eSc_line_d8ec9cf2"
                    BASELINE="139 330 1012 308" 
                    HPOS="139.0"
                    VPOS="308.0"
                    WIDTH="873.0"
                    HEIGHT="22.0">
	    <String CONTENT=""
                    HPOS="139.0"
                    VPOS="308.0"
                    WIDTH="873.0"
                    HEIGHT="22.0"></String>
          </TextLine>
          <TextLine ID="eSc_line_082cfcb3"
                    BASELINE="165 371 995 354" 
                    HPOS="165.0"
                    VPOS="354.0"
                    WIDTH="830.0"
                    HEIGHT="17.0">
	    <String CONTENT=""
                    HPOS="165.0"
                    VPOS="354.0"
                    WIDTH="830.0"
                    HEIGHT="17.0"></String>
          </TextLine>
          <TextLine ID="eSc_line_d224bf98"
                    BASELINE="161 423 455 406" 
                    HPOS="161.0"
                    VPOS="406.0"
                    WIDTH="294.0"
                    HEIGHT="17.0">
	    <String CONTENT=""
                    HPOS="161.0"
                    VPOS="406.0"
                    WIDTH="294.0"
                    HEIGHT="17.0"></String>
          </TextLine>
        </TextBlock>
        <TextBlock HPOS="375.0"
                   VPOS="86.0"
                   WIDTH="437.0"
                   HEIGHT="71.0"
                   ID="region_1721149523982_276"
                   TAGREFS="BT3756">
          <Shape><Polygon POINTS="375 92 382 157 812 147 786 86"/></Shape>
          <TextLine ID="eSc_line_094e65a1"
                    BASELINE="383 151 787 139" 
                    HPOS="383.0"
                    VPOS="139.0"
                    WIDTH="404.0"
                    HEIGHT="12.0">
	    <String CONTENT=""
                    HPOS="383.0"
                    VPOS="139.0"
                    WIDTH="404.0"
                    HEIGHT="12.0"></String>
          </TextLine>
        </TextBlock>
        <TextBlock HPOS="127.0"
                   VPOS="407.0"
                   WIDTH="919.0"
                   HEIGHT="526.0"
                   ID="region_1721149506280_270"
                   TAGREFS="BT3758">
          <Shape><Polygon POINTS="127 448 147 933 1046 917 1044 407"/></Shape>
          <TextLine ID="eSc_line_6ee90f23"
                    BASELINE="139 504 1019 473" 
                    HPOS="139.0"
                    VPOS="473.0"
                    WIDTH="880.0"
                    HEIGHT="31.0">
	    <String CONTENT=""
                    HPOS="139.0"
                    VPOS="473.0"
                    WIDTH="880.0"
                    HEIGHT="31.0"></String>
          </TextLine>
          <TextLine ID="eSc_line_3fefc44e"
                    BASELINE="176 543 1014 526" 
                    HPOS="176.0"
                    VPOS="526.0"
                    WIDTH="838.0"
                    HEIGHT="17.0">
	    <String CONTENT=""
                    HPOS="176.0"
                    VPOS="526.0"
                    WIDTH="838.0"
                    HEIGHT="17.0"></String>
          </TextLine>
          <TextLine ID="eSc_line_f96772a7"
                    BASELINE="170 595 1019 571" 
                    HPOS="170.0"
                    VPOS="571.0"
                    WIDTH="849.0"
                    HEIGHT="24.0">
	    <String CONTENT=""
                    HPOS="170.0"
                    VPOS="571.0"
                    WIDTH="849.0"
                    HEIGHT="24.0"></String>
          </TextLine>
          <TextLine ID="eSc_line_a42cffec"
                    BASELINE="168 650 1034 611" 
                    HPOS="168.0"
                    VPOS="611.0"
                    WIDTH="866.0"
                    HEIGHT="39.0">
	    <String CONTENT=""
                    HPOS="168.0"
                    VPOS="611.0"
                    WIDTH="866.0"
                    HEIGHT="39.0"></String>
          </TextLine>
          <TextLine ID="eSc_line_752f7bf3"
                    BASELINE="174 689 1025 661" 
                    HPOS="174.0"
                    VPOS="661.0"
                    WIDTH="851.0"
                    HEIGHT="28.0">
	    <String CONTENT=""
                    HPOS="174.0"
                    VPOS="661.0"
                    WIDTH="851.0"
                    HEIGHT="28.0"></String>
          </TextLine>
          <TextLine ID="eSc_line_e610feb6"
                    BASELINE="165 730 1017 715" 
                    HPOS="165.0"
                    VPOS="715.0"
                    WIDTH="852.0"
                    HEIGHT="15.0">
	    <String CONTENT=""
                    HPOS="165.0"
                    VPOS="715.0"
                    WIDTH="852.0"
                    HEIGHT="15.0"></String>
          </TextLine>
          <TextLine ID="eSc_line_2da58311"
                    BASELINE="176 791 1025 754" 
                    HPOS="176.0"
                    VPOS="754.0"
                    WIDTH="849.0"
                    HEIGHT="37.0">
	    <String CONTENT=""
                    HPOS="176.0"
                    VPOS="754.0"
                    WIDTH="849.0"
                    HEIGHT="37.0"></String>
          </TextLine>
          <TextLine ID="eSc_line_4c5ac2c1"
                    BASELINE="172 830 1017 800" 
                    HPOS="172.0"
                    VPOS="800.0"
                    WIDTH="845.0"
                    HEIGHT="30.0">
	    <String CONTENT=""
                    HPOS="172.0"
                    VPOS="800.0"
                    WIDTH="845.0"
                    HEIGHT="30.0"></String>
          </TextLine>
          <TextLine ID="eSc_line_0877c782"
                    BASELINE="183 876 1006 852" 
                    HPOS="183.0"
                    VPOS="852.0"
                    WIDTH="823.0"
                    HEIGHT="24.0">
	    <String CONTENT=""
                    HPOS="183.0"
                    VPOS="852.0"
                    WIDTH="823.0"
                    HEIGHT="24.0"></String>
          </TextLine>
          <TextLine ID="eSc_line_811c38a0"
                    BASELINE="995 896 180 912" 
                    HPOS="180.0"
                    VPOS="896.0"
                    WIDTH="815.0"
                    HEIGHT="16.0">
	    <String CONTENT=""
                    HPOS="180.0"
                    VPOS="896.0"
                    WIDTH="815.0"
                    HEIGHT="16.0"></String>
          </TextLine>
        </TextBlock>
        <TextBlock HPOS="948.0"
                   VPOS="89.0"
                   WIDTH="103.0"
                   HEIGHT="66.0"
                   ID="region_1721149510829_273"
                   TAGREFS="BT3756">
          <Shape><Polygon POINTS="953 89 948 132 1041 155 1051 92"/></Shape>
          <TextLine ID="eSc_line_e67d2151"
                    BASELINE="963 127 1012 128" 
                    HPOS="963.0"
                    VPOS="127.0"
                    WIDTH="49.0"
                    HEIGHT="1.0">
	    <String CONTENT=""
                    HPOS="963.0"
                    VPOS="127.0"
                    WIDTH="49.0"
                    HEIGHT="1.0"></String>
          </TextLine>
        </TextBlock>
        <TextBlock HPOS="539.0"
                   VPOS="1749.0"
                   WIDTH="142.0"
                   HEIGHT="82.0"
                   ID="region_1721149477461_258"
                   TAGREFS="BT3756">
          <Shape><Polygon POINTS="545 1749 539 1825 681 1831 680 1764"/></Shape>
          <TextLine ID="eSc_line_49c1600b"
                    BASELINE="557 1814 669 1818" 
                    HPOS="557.0"
                    VPOS="1814.0"
                    WIDTH="112.0"
                    HEIGHT="4.0">
	    <String CONTENT=""
                    HPOS="557.0"
                    VPOS="1814.0"
                    WIDTH="112.0"
                    HEIGHT="4.0"></String>
          </TextLine>
        </TextBlock>
        <TextBlock HPOS="930.0"
                   VPOS="1734.0"
                   WIDTH="125.0"
                   HEIGHT="85.0"
                   ID="region_1721149482544_261"
                   TAGREFS="BT3756">
          <Shape><Polygon POINTS="941 1734 930 1819 1055 1809 1052 1740"/></Shape>
          <TextLine ID="eSc_line_3a6dcac3"
                    BASELINE="945 1803 1037 1803" 
                    HPOS="945.0"
                    VPOS="1803.0"
                    WIDTH="92.0"
                    HEIGHT="0.0">
	    <String CONTENT=""
                    HPOS="945.0"
                    VPOS="1803.0"
                    WIDTH="92.0"
                    HEIGHT="0.0"></String>
          </TextLine>
        </TextBlock>
      </PrintSpace>
    </Page>
  </Layout>
</alto>
