<?xml version="1.0" encoding="UTF-8"?>
<alto xmlns:xsi="http://www.w3.org/2001/XMLSchema-instance"
      xmlns="http://www.loc.gov/standards/alto/ns-v4#"
      xsi:schemaLocation="http://www.loc.gov/standards/alto/ns-v4# http://www.loc.gov/standards/alto/v4/alto-4-2.xsd">
  <Description>
    <MeasurementUnit>pixel</MeasurementUnit>
    <sourceImageInformation>
      <fileName>1789,_Saemmtliche_Poetische_Werke,_Baumeister,_Bd._1,_VD18_80391559-001_Seite_042_Bild_0001.jpg</fileName>
    </sourceImageInformation>
  </Description>
  <Tags>
    <OtherTag ID="BT1" LABEL="Title" DESCRIPTION="block type Title"/><OtherTag ID="BT2" LABEL="Main" DESCRIPTION="block type Main"/><OtherTag ID="BT3" LABEL="Commentary" DESCRIPTION="block type Commentary"/><OtherTag ID="BT4" LABEL="Illustration" DESCRIPTION="block type Illustration"/><OtherTag ID="BT3755" LABEL="header" DESCRIPTION="block type header"/><OtherTag ID="BT3756" LABEL="paragraph" DESCRIPTION="block type paragraph"/><OtherTag ID="BT3757" LABEL="heading" DESCRIPTION="block type heading"/><OtherTag ID="BT3758" LABEL="footnote" DESCRIPTION="block type footnote"/><OtherTag ID="BT3759" LABEL="l-column" DESCRIPTION="block type l-column"/><OtherTag ID="BT3760" LABEL="r-column" DESCRIPTION="block type r-column"/><OtherTag ID="BT3761" LABEL="marginalia" DESCRIPTION="block type marginalia"/><OtherTag ID="BT4125" LABEL="drop-capital" DESCRIPTION="block type drop-capital"/><OtherTag ID="BT4126" LABEL="catch-word" DESCRIPTION="block type catch-word"/><OtherTag ID="BT4127" LABEL="page-number" DESCRIPTION="block type page-number"/><OtherTag ID="BT4128" LABEL="signature-mark" DESCRIPTION="block type signature-mark"/><OtherTag ID="BT4129" LABEL="poem_lg" DESCRIPTION="block type poem_lg"/><OtherTag ID="BT4130" LABEL="endnote" DESCRIPTION="block type endnote"/>
  </Tags>
  <Layout>
    <Page WIDTH="862"
          HEIGHT="1488"
          PHYSICAL_IMG_NR="167"
          ID="eSc_dummypage_">
      <PrintSpace HPOS="0"
                  VPOS="0"
                  WIDTH="862"
                  HEIGHT="1488">
        <TextBlock HPOS="176.0"
                   VPOS="262.0"
                   WIDTH="488.0"
                   HEIGHT="200.0"
                   ID="region_1737727703953_184"
                   TAGREFS="BT3757">
          <Shape><Polygon POINTS="282 263 296 329 350 336 351 379 176 405 182 462 664 448 626 397 498 380 491 342 542 308 540 262"/></Shape>
          <TextLine ID="eSc_line_fcde6c6a"
                    BASELINE="299 314 531 307" 
                    HPOS="299.0"
                    VPOS="307.0"
                    WIDTH="232.0"
                    HEIGHT="7.0">
	    <String CONTENT=""
                    HPOS="299.0"
                    VPOS="307.0"
                    WIDTH="232.0"
                    HEIGHT="7.0"></String>
          </TextLine>
          <TextLine ID="eSc_line_e85dee9a"
                    BASELINE="361 381 481 379" 
                    HPOS="361.0"
                    VPOS="379.0"
                    WIDTH="120.0"
                    HEIGHT="2.0">
	    <String CONTENT=""
                    HPOS="361.0"
                    VPOS="379.0"
                    WIDTH="120.0"
                    HEIGHT="2.0"></String>
          </TextLine>
          <TextLine ID="eSc_line_cfb58510"
                    BASELINE="188 441 639 439" 
                    HPOS="188.0"
                    VPOS="439.0"
                    WIDTH="451.0"
                    HEIGHT="2.0">
	    <String CONTENT=""
                    HPOS="188.0"
                    VPOS="439.0"
                    WIDTH="451.0"
                    HEIGHT="2.0"></String>
          </TextLine>
        </TextBlock>
        <TextBlock HPOS="76.0"
                   VPOS="510.0"
                   WIDTH="649.0"
                   HEIGHT="422.0"
                   ID="region_1737727718505_187"
                   TAGREFS="BT3756">
          <Shape><Polygon POINTS="101 574 144 556 151 525 721 510 725 883 258 883 254 925 76 932"/></Shape>
          <TextLine ID="eSc_line_e7988724"
                    BASELINE="150 559 714 549" 
                    HPOS="150.0"
                    VPOS="549.0"
                    WIDTH="564.0"
                    HEIGHT="10.0">
	    <String CONTENT=""
                    HPOS="150.0"
                    VPOS="549.0"
                    WIDTH="564.0"
                    HEIGHT="10.0"></String>
          </TextLine>
          <TextLine ID="eSc_line_f8fc5f9b"
                    BASELINE="102 605 712 609" 
                    HPOS="102.0"
                    VPOS="605.0"
                    WIDTH="610.0"
                    HEIGHT="4.0">
	    <String CONTENT=""
                    HPOS="102.0"
                    VPOS="605.0"
                    WIDTH="610.0"
                    HEIGHT="4.0"></String>
          </TextLine>
          <TextLine ID="eSc_line_055d7441"
                    BASELINE="106 653 712 655" 
                    HPOS="106.0"
                    VPOS="653.0"
                    WIDTH="606.0"
                    HEIGHT="2.0">
	    <String CONTENT=""
                    HPOS="106.0"
                    VPOS="653.0"
                    WIDTH="606.0"
                    HEIGHT="2.0"></String>
          </TextLine>
          <TextLine ID="eSc_line_0993b645"
                    BASELINE="102 710 716 713" 
                    HPOS="102.0"
                    VPOS="710.0"
                    WIDTH="614.0"
                    HEIGHT="3.0">
	    <String CONTENT=""
                    HPOS="102.0"
                    VPOS="710.0"
                    WIDTH="614.0"
                    HEIGHT="3.0"></String>
          </TextLine>
          <TextLine ID="eSc_line_3ce52804"
                    BASELINE="94 761 712 766" 
                    HPOS="94.0"
                    VPOS="761.0"
                    WIDTH="618.0"
                    HEIGHT="5.0">
	    <String CONTENT=""
                    HPOS="94.0"
                    VPOS="761.0"
                    WIDTH="618.0"
                    HEIGHT="5.0"></String>
          </TextLine>
          <TextLine ID="eSc_line_c4efcb79"
                    BASELINE="94 818 716 816" 
                    HPOS="94.0"
                    VPOS="816.0"
                    WIDTH="622.0"
                    HEIGHT="2.0">
	    <String CONTENT=""
                    HPOS="94.0"
                    VPOS="816.0"
                    WIDTH="622.0"
                    HEIGHT="2.0"></String>
          </TextLine>
          <TextLine ID="eSc_line_afcf6e52"
                    BASELINE="97 866 716 876" 
                    HPOS="97.0"
                    VPOS="866.0"
                    WIDTH="619.0"
                    HEIGHT="10.0">
	    <String CONTENT=""
                    HPOS="97.0"
                    VPOS="866.0"
                    WIDTH="619.0"
                    HEIGHT="10.0"></String>
          </TextLine>
          <TextLine ID="eSc_line_af9ca731"
                    BASELINE="85 924 255 924" 
                    HPOS="85.0"
                    VPOS="924.0"
                    WIDTH="170.0"
                    HEIGHT="0.0">
	    <String CONTENT=""
                    HPOS="85.0"
                    VPOS="924.0"
                    WIDTH="170.0"
                    HEIGHT="0.0"></String>
          </TextLine>
        </TextBlock>
        <TextBlock HPOS="69.0"
                   VPOS="982.0"
                   WIDTH="670.0"
                   HEIGHT="326.0"
                   ID="region_1737727876526_190"
                   TAGREFS="BT3756">
          <Shape><Polygon POINTS="130 1021 134 982 739 982 711 1303 69 1308 86 1034"/></Shape>
          <TextLine ID="eSc_line_eb6b4fae"
                    BASELINE="138 1027 719 1022" 
                    HPOS="138.0"
                    VPOS="1022.0"
                    WIDTH="581.0"
                    HEIGHT="5.0">
	    <String CONTENT=""
                    HPOS="138.0"
                    VPOS="1022.0"
                    WIDTH="581.0"
                    HEIGHT="5.0"></String>
          </TextLine>
          <TextLine ID="eSc_line_d7c71ec9"
                    BASELINE="90 1077 715 1081" 
                    HPOS="90.0"
                    VPOS="1077.0"
                    WIDTH="625.0"
                    HEIGHT="4.0">
	    <String CONTENT=""
                    HPOS="90.0"
                    VPOS="1077.0"
                    WIDTH="625.0"
                    HEIGHT="4.0"></String>
          </TextLine>
          <TextLine ID="eSc_line_efc5af13"
                    BASELINE="90 1133 711 1131" 
                    HPOS="90.0"
                    VPOS="1131.0"
                    WIDTH="621.0"
                    HEIGHT="2.0">
	    <String CONTENT=""
                    HPOS="90.0"
                    VPOS="1131.0"
                    WIDTH="621.0"
                    HEIGHT="2.0"></String>
          </TextLine>
          <TextLine ID="eSc_line_f4ccb39f"
                    BASELINE="92 1181 713 1183" 
                    HPOS="92.0"
                    VPOS="1181.0"
                    WIDTH="621.0"
                    HEIGHT="2.0">
	    <String CONTENT=""
                    HPOS="92.0"
                    VPOS="1181.0"
                    WIDTH="621.0"
                    HEIGHT="2.0"></String>
          </TextLine>
          <TextLine ID="eSc_line_90524092"
                    BASELINE="85 1235 711 1237" 
                    HPOS="85.0"
                    VPOS="1235.0"
                    WIDTH="626.0"
                    HEIGHT="2.0">
	    <String CONTENT=""
                    HPOS="85.0"
                    VPOS="1235.0"
                    WIDTH="626.0"
                    HEIGHT="2.0"></String>
          </TextLine>
          <TextLine ID="eSc_line_7dd1fcd0"
                    BASELINE="85 1279 702 1287" 
                    HPOS="85.0"
                    VPOS="1279.0"
                    WIDTH="617.0"
                    HEIGHT="8.0">
	    <String CONTENT=""
                    HPOS="85.0"
                    VPOS="1279.0"
                    WIDTH="617.0"
                    HEIGHT="8.0"></String>
          </TextLine>
        </TextBlock>
        <TextBlock HPOS="98.0"
                   VPOS="510.0"
                   WIDTH="54.0"
                   HEIGHT="45.0"
                   ID="region_1737729112729_680"
                   TAGREFS="BT3756">
          <Shape><Polygon POINTS="108 511 152 510 148 529 141 555 98 555"/></Shape>
        </TextBlock>
        <TextBlock HPOS="348.0"
                   VPOS="1312.0"
                   WIDTH="102.0"
                   HEIGHT="48.0"
                   ID="region_1737727885189_193"
                   TAGREFS="BT3756">
          <Shape><Polygon POINTS="350 1312 450 1314 448 1360 348 1348"/></Shape>
        </TextBlock>
      </PrintSpace>
    </Page>
  </Layout>
</alto>
