<?xml version="1.0" encoding="UTF-8"?>
<alto xmlns:xsi="http://www.w3.org/2001/XMLSchema-instance"
      xmlns="http://www.loc.gov/standards/alto/ns-v4#"
      xsi:schemaLocation="http://www.loc.gov/standards/alto/ns-v4# http://www.loc.gov/standards/alto/v4/alto-4-2.xsd">
  <Description>
    <MeasurementUnit>pixel</MeasurementUnit>
    <sourceImageInformation>
      <fileName>1789,_Saemmtliche_Poetische_Werke,_Baumeister,_Bd._1,_VD18_80391559-001_Seite_083_Bild_0001.jpg</fileName>
    </sourceImageInformation>
  </Description>
  <Tags>
    <OtherTag ID="BT1" LABEL="Title" DESCRIPTION="block type Title"/><OtherTag ID="BT2" LABEL="Main" DESCRIPTION="block type Main"/><OtherTag ID="BT3" LABEL="Commentary" DESCRIPTION="block type Commentary"/><OtherTag ID="BT4" LABEL="Illustration" DESCRIPTION="block type Illustration"/><OtherTag ID="BT3755" LABEL="header" DESCRIPTION="block type header"/><OtherTag ID="BT3756" LABEL="paragraph" DESCRIPTION="block type paragraph"/><OtherTag ID="BT3757" LABEL="heading" DESCRIPTION="block type heading"/><OtherTag ID="BT3758" LABEL="footnote" DESCRIPTION="block type footnote"/><OtherTag ID="BT3759" LABEL="l-column" DESCRIPTION="block type l-column"/><OtherTag ID="BT3760" LABEL="r-column" DESCRIPTION="block type r-column"/><OtherTag ID="BT3761" LABEL="marginalia" DESCRIPTION="block type marginalia"/><OtherTag ID="BT4125" LABEL="drop-capital" DESCRIPTION="block type drop-capital"/><OtherTag ID="BT4126" LABEL="catch-word" DESCRIPTION="block type catch-word"/><OtherTag ID="BT4127" LABEL="page-number" DESCRIPTION="block type page-number"/><OtherTag ID="BT4128" LABEL="signature-mark" DESCRIPTION="block type signature-mark"/><OtherTag ID="BT4129" LABEL="poem_lg" DESCRIPTION="block type poem_lg"/><OtherTag ID="BT4130" LABEL="endnote" DESCRIPTION="block type endnote"/>
  </Tags>
  <Layout>
    <Page WIDTH="852"
          HEIGHT="1505"
          PHYSICAL_IMG_NR="170"
          ID="eSc_dummypage_">
      <PrintSpace HPOS="0"
                  VPOS="0"
                  WIDTH="852"
                  HEIGHT="1505">
        <TextBlock HPOS="89.0"
                   VPOS="73.0"
                   WIDTH="72.0"
                   HEIGHT="46.0"
                   ID="region_1737728308754_436"
                   TAGREFS="BT3756">
          <Shape><Polygon POINTS="89 77 90 119 161 117 155 73"/></Shape>
        </TextBlock>
        <TextBlock HPOS="92.0"
                   VPOS="149.0"
                   WIDTH="648.0"
                   HEIGHT="419.0"
                   ID="region_1737728319185_439"
                   TAGREFS="BT3756">
          <Shape><Polygon POINTS="92 153 736 149 740 505 342 515 343 557 98 568"/></Shape>
        </TextBlock>
        <TextBlock HPOS="128.0"
                   VPOS="612.0"
                   WIDTH="590.0"
                   HEIGHT="204.0"
                   ID="region_1737728330817_442"
                   TAGREFS="BT3756">
          <Shape><Polygon POINTS="128 614 136 816 718 813 667 612"/></Shape>
        </TextBlock>
        <TextBlock HPOS="104.0"
                   VPOS="871.0"
                   WIDTH="627.0"
                   HEIGHT="107.0"
                   ID="region_1737728339816_445"
                   TAGREFS="BT3756">
          <Shape><Polygon POINTS="140 872 731 871 728 920 479 925 470 974 104 978 105 925 144 916"/></Shape>
        </TextBlock>
        <TextBlock HPOS="167.0"
                   VPOS="1015.0"
                   WIDTH="385.0"
                   HEIGHT="65.0"
                   ID="region_1737728344436_448"
                   TAGREFS="BT3756">
          <Shape><Polygon POINTS="173 1019 552 1015 549 1079 167 1080"/></Shape>
        </TextBlock>
        <TextBlock HPOS="417.0"
                   VPOS="1120.0"
                   WIDTH="328.0"
                   HEIGHT="110.0"
                   ID="region_1737728353616_451"
                   TAGREFS="BT3756">
          <Shape><Polygon POINTS="422 1131 744 1120 745 1166 665 1178 673 1217 481 1230 474 1183 417 1188"/></Shape>
        </TextBlock>
        <TextBlock HPOS="605.0"
                   VPOS="1238.0"
                   WIDTH="94.0"
                   HEIGHT="60.0"
                   ID="region_1737728357284_454"
                   TAGREFS="BT3756">
          <Shape><Polygon POINTS="611 1238 699 1239 690 1298 605 1290"/></Shape>
        </TextBlock>
      </PrintSpace>
    </Page>
  </Layout>
</alto>
