<?xml version="1.0" encoding="UTF-8"?>
<alto xmlns:xsi="http://www.w3.org/2001/XMLSchema-instance"
      xmlns="http://www.loc.gov/standards/alto/ns-v4#"
      xsi:schemaLocation="http://www.loc.gov/standards/alto/ns-v4# http://www.loc.gov/standards/alto/v4/alto-4-2.xsd">
  <Description>
    <MeasurementUnit>pixel</MeasurementUnit>
    <sourceImageInformation>
      <fileName>1789,_Saemmtliche_Poetische_Werke,_Baumeister,_Bd._1,_VD18_80391559-001_Seite_064_Bild_0001.jpg</fileName>
    </sourceImageInformation>
  </Description>
  <Tags>
    <OtherTag ID="BT1" LABEL="Title" DESCRIPTION="block type Title"/><OtherTag ID="BT2" LABEL="Main" DESCRIPTION="block type Main"/><OtherTag ID="BT3" LABEL="Commentary" DESCRIPTION="block type Commentary"/><OtherTag ID="BT4" LABEL="Illustration" DESCRIPTION="block type Illustration"/><OtherTag ID="BT3755" LABEL="header" DESCRIPTION="block type header"/><OtherTag ID="BT3756" LABEL="paragraph" DESCRIPTION="block type paragraph"/><OtherTag ID="BT3757" LABEL="heading" DESCRIPTION="block type heading"/><OtherTag ID="BT3758" LABEL="footnote" DESCRIPTION="block type footnote"/><OtherTag ID="BT3759" LABEL="l-column" DESCRIPTION="block type l-column"/><OtherTag ID="BT3760" LABEL="r-column" DESCRIPTION="block type r-column"/><OtherTag ID="BT3761" LABEL="marginalia" DESCRIPTION="block type marginalia"/><OtherTag ID="BT4125" LABEL="drop-capital" DESCRIPTION="block type drop-capital"/><OtherTag ID="BT4126" LABEL="catch-word" DESCRIPTION="block type catch-word"/><OtherTag ID="BT4127" LABEL="page-number" DESCRIPTION="block type page-number"/><OtherTag ID="BT4128" LABEL="signature-mark" DESCRIPTION="block type signature-mark"/><OtherTag ID="BT4129" LABEL="poem_lg" DESCRIPTION="block type poem_lg"/><OtherTag ID="BT4130" LABEL="endnote" DESCRIPTION="block type endnote"/>
  </Tags>
  <Layout>
    <Page WIDTH="889"
          HEIGHT="1502"
          PHYSICAL_IMG_NR="169"
          ID="eSc_dummypage_">
      <PrintSpace HPOS="0"
                  VPOS="0"
                  WIDTH="889"
                  HEIGHT="1502">
        <TextBlock HPOS="161.0"
                   VPOS="134.0"
                   WIDTH="635.0"
                   HEIGHT="514.0"
                   ID="region_1737727935202_214"
                   TAGREFS="BT3756">
          <Shape><Polygon POINTS="162 134 796 145 790 608 289 608 288 648 161 648"/></Shape>
          <TextLine ID="eSc_line_759b1932"
                    BASELINE="173 184 784 193" 
                    HPOS="173.0"
                    VPOS="184.0"
                    WIDTH="611.0"
                    HEIGHT="9.0">
	    <String CONTENT=""
                    HPOS="173.0"
                    VPOS="184.0"
                    WIDTH="611.0"
                    HEIGHT="9.0"></String>
          </TextLine>
          <TextLine ID="eSc_line_5ef34403"
                    BASELINE="176 232 784 232" 
                    HPOS="176.0"
                    VPOS="232.0"
                    WIDTH="608.0"
                    HEIGHT="0.0">
	    <String CONTENT=""
                    HPOS="176.0"
                    VPOS="232.0"
                    WIDTH="608.0"
                    HEIGHT="0.0"></String>
          </TextLine>
          <TextLine ID="eSc_line_b3deda98"
                    BASELINE="173 278 790 287" 
                    HPOS="173.0"
                    VPOS="278.0"
                    WIDTH="617.0"
                    HEIGHT="9.0">
	    <String CONTENT=""
                    HPOS="173.0"
                    VPOS="278.0"
                    WIDTH="617.0"
                    HEIGHT="9.0"></String>
          </TextLine>
          <TextLine ID="eSc_line_5e3ed66b"
                    BASELINE="167 326 778 338" 
                    HPOS="167.0"
                    VPOS="326.0"
                    WIDTH="611.0"
                    HEIGHT="12.0">
	    <String CONTENT=""
                    HPOS="167.0"
                    VPOS="326.0"
                    WIDTH="611.0"
                    HEIGHT="12.0"></String>
          </TextLine>
          <TextLine ID="eSc_line_4c715f2d"
                    BASELINE="173 387 793 393" 
                    HPOS="173.0"
                    VPOS="387.0"
                    WIDTH="620.0"
                    HEIGHT="6.0">
	    <String CONTENT=""
                    HPOS="173.0"
                    VPOS="387.0"
                    WIDTH="620.0"
                    HEIGHT="6.0"></String>
          </TextLine>
          <TextLine ID="eSc_line_eed918a4"
                    BASELINE="179 435 781 447" 
                    HPOS="179.0"
                    VPOS="435.0"
                    WIDTH="602.0"
                    HEIGHT="12.0">
	    <String CONTENT=""
                    HPOS="179.0"
                    VPOS="435.0"
                    WIDTH="602.0"
                    HEIGHT="12.0"></String>
          </TextLine>
          <TextLine ID="eSc_line_b3a5b75d"
                    BASELINE="167 486 784 495" 
                    HPOS="167.0"
                    VPOS="486.0"
                    WIDTH="617.0"
                    HEIGHT="9.0">
	    <String CONTENT=""
                    HPOS="167.0"
                    VPOS="486.0"
                    WIDTH="617.0"
                    HEIGHT="9.0"></String>
          </TextLine>
          <TextLine ID="eSc_line_0c71211a"
                    BASELINE="173 538 784 553" 
                    HPOS="173.0"
                    VPOS="538.0"
                    WIDTH="611.0"
                    HEIGHT="15.0">
	    <String CONTENT=""
                    HPOS="173.0"
                    VPOS="538.0"
                    WIDTH="611.0"
                    HEIGHT="15.0"></String>
          </TextLine>
          <TextLine ID="eSc_line_1f0bf5d3"
                    BASELINE="170 589 778 598" 
                    HPOS="170.0"
                    VPOS="589.0"
                    WIDTH="608.0"
                    HEIGHT="9.0">
	    <String CONTENT=""
                    HPOS="170.0"
                    VPOS="589.0"
                    WIDTH="608.0"
                    HEIGHT="9.0"></String>
          </TextLine>
          <TextLine ID="eSc_line_fc27333f"
                    BASELINE="167 641 291 641" 
                    HPOS="167.0"
                    VPOS="641.0"
                    WIDTH="124.0"
                    HEIGHT="0.0">
	    <String CONTENT=""
                    HPOS="167.0"
                    VPOS="641.0"
                    WIDTH="124.0"
                    HEIGHT="0.0"></String>
          </TextLine>
        </TextBlock>
        <TextBlock HPOS="184.0"
                   VPOS="655.0"
                   WIDTH="609.0"
                   HEIGHT="681.0"
                   ID="region_1737727997863_255"
                   TAGREFS="BT3756">
          <Shape><Polygon POINTS="207 655 793 670 781 1336 184 1329"/></Shape>
          <TextLine ID="eSc_line_c89bfa5c"
                    BASELINE="216 695 787 707" 
                    HPOS="216.0"
                    VPOS="695.0"
                    WIDTH="571.0"
                    HEIGHT="12.0">
	    <String CONTENT=""
                    HPOS="216.0"
                    VPOS="695.0"
                    WIDTH="571.0"
                    HEIGHT="12.0"></String>
          </TextLine>
          <TextLine ID="eSc_line_082422e2"
                    BASELINE="452 749 681 755" 
                    HPOS="452.0"
                    VPOS="749.0"
                    WIDTH="229.0"
                    HEIGHT="6.0">
	    <String CONTENT=""
                    HPOS="452.0"
                    VPOS="749.0"
                    WIDTH="229.0"
                    HEIGHT="6.0"></String>
          </TextLine>
          <TextLine ID="eSc_line_832cca01"
                    BASELINE="210 804 787 810" 
                    HPOS="210.0"
                    VPOS="804.0"
                    WIDTH="577.0"
                    HEIGHT="6.0">
	    <String CONTENT=""
                    HPOS="210.0"
                    VPOS="804.0"
                    WIDTH="577.0"
                    HEIGHT="6.0"></String>
          </TextLine>
          <TextLine ID="eSc_line_516cfead"
                    BASELINE="455 855 642 855" 
                    HPOS="455.0"
                    VPOS="855.0"
                    WIDTH="187.0"
                    HEIGHT="0.0">
	    <String CONTENT=""
                    HPOS="455.0"
                    VPOS="855.0"
                    WIDTH="187.0"
                    HEIGHT="0.0"></String>
          </TextLine>
          <TextLine ID="eSc_line_9f44932c"
                    BASELINE="210 907 781 913" 
                    HPOS="210.0"
                    VPOS="907.0"
                    WIDTH="571.0"
                    HEIGHT="6.0">
	    <String CONTENT=""
                    HPOS="210.0"
                    VPOS="907.0"
                    WIDTH="571.0"
                    HEIGHT="6.0"></String>
          </TextLine>
          <TextLine ID="eSc_line_3b1d43fd"
                    BASELINE="455 958 675 955" 
                    HPOS="455.0"
                    VPOS="955.0"
                    WIDTH="220.0"
                    HEIGHT="3.0">
	    <String CONTENT=""
                    HPOS="455.0"
                    VPOS="955.0"
                    WIDTH="220.0"
                    HEIGHT="3.0"></String>
          </TextLine>
          <TextLine ID="eSc_line_f829ed5e"
                    BASELINE="204 1006 772 1015" 
                    HPOS="204.0"
                    VPOS="1006.0"
                    WIDTH="568.0"
                    HEIGHT="9.0">
	    <String CONTENT=""
                    HPOS="204.0"
                    VPOS="1006.0"
                    WIDTH="568.0"
                    HEIGHT="9.0"></String>
          </TextLine>
          <TextLine ID="eSc_line_070fff5a"
                    BASELINE="449 1058 672 1064" 
                    HPOS="449.0"
                    VPOS="1058.0"
                    WIDTH="223.0"
                    HEIGHT="6.0">
	    <String CONTENT=""
                    HPOS="449.0"
                    VPOS="1058.0"
                    WIDTH="223.0"
                    HEIGHT="6.0"></String>
          </TextLine>
          <TextLine ID="eSc_line_c14fc04d"
                    BASELINE="207 1109 778 1115" 
                    HPOS="207.0"
                    VPOS="1109.0"
                    WIDTH="571.0"
                    HEIGHT="6.0">
	    <String CONTENT=""
                    HPOS="207.0"
                    VPOS="1109.0"
                    WIDTH="571.0"
                    HEIGHT="6.0"></String>
          </TextLine>
          <TextLine ID="eSc_line_24f39f49"
                    BASELINE="446 1167 730 1173" 
                    HPOS="446.0"
                    VPOS="1167.0"
                    WIDTH="284.0"
                    HEIGHT="6.0">
	    <String CONTENT=""
                    HPOS="446.0"
                    VPOS="1167.0"
                    WIDTH="284.0"
                    HEIGHT="6.0"></String>
          </TextLine>
          <TextLine ID="eSc_line_5ac38706"
                    BASELINE="204 1212 766 1221" 
                    HPOS="204.0"
                    VPOS="1212.0"
                    WIDTH="562.0"
                    HEIGHT="9.0">
	    <String CONTENT=""
                    HPOS="204.0"
                    VPOS="1212.0"
                    WIDTH="562.0"
                    HEIGHT="9.0"></String>
          </TextLine>
          <TextLine ID="eSc_line_0722f353"
                    BASELINE="442 1269 585 1273" 
                    HPOS="442.0"
                    VPOS="1269.0"
                    WIDTH="143.0"
                    HEIGHT="4.0">
	    <String CONTENT=""
                    HPOS="442.0"
                    VPOS="1269.0"
                    WIDTH="143.0"
                    HEIGHT="4.0"></String>
          </TextLine>
          <TextLine ID="eSc_line_0f7e2522"
                    BASELINE="255 1321 772 1330" 
                    HPOS="255.0"
                    VPOS="1321.0"
                    WIDTH="517.0"
                    HEIGHT="9.0">
	    <String CONTENT=""
                    HPOS="255.0"
                    VPOS="1321.0"
                    WIDTH="517.0"
                    HEIGHT="9.0"></String>
          </TextLine>
        </TextBlock>
        <TextBlock HPOS="735.0"
                   VPOS="79.0"
                   WIDTH="60.0"
                   HEIGHT="49.0"
                   ID="region_1737727939630_217"
                   TAGREFS="BT3756">
          <Shape><Polygon POINTS="741 79 793 82 795 128 735 119"/></Shape>
        </TextBlock>
      </PrintSpace>
    </Page>
  </Layout>
</alto>
