<?xml version="1.0" encoding="UTF-8"?>
<alto xmlns:xsi="http://www.w3.org/2001/XMLSchema-instance"
      xmlns="http://www.loc.gov/standards/alto/ns-v4#"
      xsi:schemaLocation="http://www.loc.gov/standards/alto/ns-v4# http://www.loc.gov/standards/alto/v4/alto-4-2.xsd">
  <Description>
    <MeasurementUnit>pixel</MeasurementUnit>
    <sourceImageInformation>
      <fileName>1789,_Saemmtliche_Poetische_Werke,_Baumeister,_Bd._1,_VD18_80391559-001_Seite_098_Bild_0001.jpg</fileName>
    </sourceImageInformation>
  </Description>
  <Tags>
    <OtherTag ID="BT1" LABEL="Title" DESCRIPTION="block type Title"/><OtherTag ID="BT2" LABEL="Main" DESCRIPTION="block type Main"/><OtherTag ID="BT3" LABEL="Commentary" DESCRIPTION="block type Commentary"/><OtherTag ID="BT4" LABEL="Illustration" DESCRIPTION="block type Illustration"/><OtherTag ID="BT3755" LABEL="header" DESCRIPTION="block type header"/><OtherTag ID="BT3756" LABEL="paragraph" DESCRIPTION="block type paragraph"/><OtherTag ID="BT3757" LABEL="heading" DESCRIPTION="block type heading"/><OtherTag ID="BT3758" LABEL="footnote" DESCRIPTION="block type footnote"/><OtherTag ID="BT3759" LABEL="l-column" DESCRIPTION="block type l-column"/><OtherTag ID="BT3760" LABEL="r-column" DESCRIPTION="block type r-column"/><OtherTag ID="BT3761" LABEL="marginalia" DESCRIPTION="block type marginalia"/><OtherTag ID="BT4125" LABEL="drop-capital" DESCRIPTION="block type drop-capital"/><OtherTag ID="BT4126" LABEL="catch-word" DESCRIPTION="block type catch-word"/><OtherTag ID="BT4127" LABEL="page-number" DESCRIPTION="block type page-number"/><OtherTag ID="BT4128" LABEL="signature-mark" DESCRIPTION="block type signature-mark"/><OtherTag ID="BT4129" LABEL="poem_lg" DESCRIPTION="block type poem_lg"/><OtherTag ID="BT4130" LABEL="endnote" DESCRIPTION="block type endnote"/>
  </Tags>
  <Layout>
    <Page WIDTH="904"
          HEIGHT="1505"
          PHYSICAL_IMG_NR="171"
          ID="eSc_dummypage_">
      <PrintSpace HPOS="0"
                  VPOS="0"
                  WIDTH="904"
                  HEIGHT="1505">
        <TextBlock HPOS="136.0"
                   VPOS="204.0"
                   WIDTH="635.0"
                   HEIGHT="221.0"
                   ID="region_1737728439287_487"
                   TAGREFS="BT3757">
          <Shape><Polygon POINTS="157 209 727 204 722 259 500 310 765 364 771 391 759 403 136 425 153 354 369 317 146 269"/></Shape>
          <TextLine ID="eSc_line_620464fa"
                    BASELINE="171 261 710 250" 
                    HPOS="171.0"
                    VPOS="250.0"
                    WIDTH="539.0"
                    HEIGHT="11.0">
	    <String CONTENT=""
                    HPOS="171.0"
                    VPOS="250.0"
                    WIDTH="539.0"
                    HEIGHT="11.0"></String>
          </TextLine>
          <TextLine ID="eSc_line_4b24b78f"
                    BASELINE="404 321 479 321" 
                    HPOS="404.0"
                    VPOS="321.0"
                    WIDTH="75.0"
                    HEIGHT="0.0">
	    <String CONTENT=""
                    HPOS="404.0"
                    VPOS="321.0"
                    WIDTH="75.0"
                    HEIGHT="0.0"></String>
          </TextLine>
          <TextLine ID="eSc_line_9481baec"
                    BASELINE="149 403 741 394" 
                    HPOS="149.0"
                    VPOS="394.0"
                    WIDTH="592.0"
                    HEIGHT="9.0">
	    <String CONTENT=""
                    HPOS="149.0"
                    VPOS="394.0"
                    WIDTH="592.0"
                    HEIGHT="9.0"></String>
          </TextLine>
        </TextBlock>
        <TextBlock HPOS="124.0"
                   VPOS="605.0"
                   WIDTH="635.0"
                   HEIGHT="420.0"
                   ID="region_1737728485819_493"
                   TAGREFS="BT3756">
          <Shape><Polygon POINTS="186 644 180 631 183 615 254 607 679 605 751 676 759 1021 124 1025 131 650"/></Shape>
          <TextLine ID="eSc_line_040c556d"
                    BASELINE="190 640 682 640" 
                    HPOS="190.0"
                    VPOS="640.0"
                    WIDTH="492.0"
                    HEIGHT="0.0">
	    <String CONTENT=""
                    HPOS="190.0"
                    VPOS="640.0"
                    WIDTH="492.0"
                    HEIGHT="0.0"></String>
          </TextLine>
          <TextLine ID="eSc_line_e940b8d6"
                    BASELINE="140 681 726 673" 
                    HPOS="140.0"
                    VPOS="673.0"
                    WIDTH="586.0"
                    HEIGHT="8.0">
	    <String CONTENT=""
                    HPOS="140.0"
                    VPOS="673.0"
                    WIDTH="586.0"
                    HEIGHT="8.0"></String>
          </TextLine>
          <TextLine ID="eSc_line_6a0ad3e1"
                    BASELINE="136 719 651 719" 
                    HPOS="136.0"
                    VPOS="719.0"
                    WIDTH="515.0"
                    HEIGHT="0.0">
	    <String CONTENT=""
                    HPOS="136.0"
                    VPOS="719.0"
                    WIDTH="515.0"
                    HEIGHT="0.0"></String>
          </TextLine>
          <TextLine ID="eSc_line_603b47d8"
                    BASELINE="140 764 684 762" 
                    HPOS="140.0"
                    VPOS="762.0"
                    WIDTH="544.0"
                    HEIGHT="2.0">
	    <String CONTENT=""
                    HPOS="140.0"
                    VPOS="762.0"
                    WIDTH="544.0"
                    HEIGHT="2.0"></String>
          </TextLine>
          <TextLine ID="eSc_line_efa50e4b"
                    BASELINE="142 806 751 804" 
                    HPOS="142.0"
                    VPOS="804.0"
                    WIDTH="609.0"
                    HEIGHT="2.0">
	    <String CONTENT=""
                    HPOS="142.0"
                    VPOS="804.0"
                    WIDTH="609.0"
                    HEIGHT="2.0"></String>
          </TextLine>
          <TextLine ID="eSc_line_f97621ad"
                    BASELINE="142 848 664 848" 
                    HPOS="142.0"
                    VPOS="848.0"
                    WIDTH="522.0"
                    HEIGHT="0.0">
	    <String CONTENT=""
                    HPOS="142.0"
                    VPOS="848.0"
                    WIDTH="522.0"
                    HEIGHT="0.0"></String>
          </TextLine>
          <TextLine ID="eSc_line_82c9d686"
                    BASELINE="136 887 751 889" 
                    HPOS="136.0"
                    VPOS="887.0"
                    WIDTH="615.0"
                    HEIGHT="2.0">
	    <String CONTENT=""
                    HPOS="136.0"
                    VPOS="887.0"
                    WIDTH="615.0"
                    HEIGHT="2.0"></String>
          </TextLine>
          <TextLine ID="eSc_line_27b2fcec"
                    BASELINE="136 931 747 924" 
                    HPOS="136.0"
                    VPOS="924.0"
                    WIDTH="611.0"
                    HEIGHT="7.0">
	    <String CONTENT=""
                    HPOS="136.0"
                    VPOS="924.0"
                    WIDTH="611.0"
                    HEIGHT="7.0"></String>
          </TextLine>
          <TextLine ID="eSc_line_5f0d0fb2"
                    BASELINE="134 974 751 972" 
                    HPOS="134.0"
                    VPOS="972.0"
                    WIDTH="617.0"
                    HEIGHT="2.0">
	    <String CONTENT=""
                    HPOS="134.0"
                    VPOS="972.0"
                    WIDTH="617.0"
                    HEIGHT="2.0"></String>
          </TextLine>
          <TextLine ID="eSc_line_de946feb"
                    BASELINE="138 1014 747 1005" 
                    HPOS="138.0"
                    VPOS="1005.0"
                    WIDTH="609.0"
                    HEIGHT="9.0">
	    <String CONTENT=""
                    HPOS="138.0"
                    VPOS="1005.0"
                    WIDTH="609.0"
                    HEIGHT="9.0"></String>
          </TextLine>
        </TextBlock>
        <TextBlock HPOS="108.0"
                   VPOS="1059.0"
                   WIDTH="659.0"
                   HEIGHT="268.0"
                   ID="region_1737728504096_496"
                   TAGREFS="BT3756">
          <Shape><Polygon POINTS="172 1059 767 1059 765 1098 640 1117 761 1135 751 1286 674 1310 108 1327 121 1138 490 1118 162 1101"/></Shape>
          <TextLine ID="eSc_line_c240c469"
                    BASELINE="179 1089 751 1091" 
                    HPOS="179.0"
                    VPOS="1089.0"
                    WIDTH="572.0"
                    HEIGHT="2.0">
	    <String CONTENT=""
                    HPOS="179.0"
                    VPOS="1089.0"
                    WIDTH="572.0"
                    HEIGHT="2.0"></String>
          </TextLine>
          <TextLine ID="eSc_line_239a231e"
                    BASELINE="516 1130 624 1134" 
                    HPOS="516.0"
                    VPOS="1130.0"
                    WIDTH="108.0"
                    HEIGHT="4.0">
	    <String CONTENT=""
                    HPOS="516.0"
                    VPOS="1130.0"
                    WIDTH="108.0"
                    HEIGHT="4.0"></String>
          </TextLine>
          <TextLine ID="eSc_line_fd081b8c"
                    BASELINE="132 1180 747 1174" 
                    HPOS="132.0"
                    VPOS="1174.0"
                    WIDTH="615.0"
                    HEIGHT="6.0">
	    <String CONTENT=""
                    HPOS="132.0"
                    VPOS="1174.0"
                    WIDTH="615.0"
                    HEIGHT="6.0"></String>
          </TextLine>
          <TextLine ID="eSc_line_ae0271f7"
                    BASELINE="130 1213 747 1211" 
                    HPOS="130.0"
                    VPOS="1211.0"
                    WIDTH="617.0"
                    HEIGHT="2.0">
	    <String CONTENT=""
                    HPOS="130.0"
                    VPOS="1211.0"
                    WIDTH="617.0"
                    HEIGHT="2.0"></String>
          </TextLine>
          <TextLine ID="eSc_line_bcccb7c7"
                    BASELINE="127 1259 736 1257" 
                    HPOS="127.0"
                    VPOS="1257.0"
                    WIDTH="609.0"
                    HEIGHT="2.0">
	    <String CONTENT=""
                    HPOS="127.0"
                    VPOS="1257.0"
                    WIDTH="609.0"
                    HEIGHT="2.0"></String>
          </TextLine>
          <TextLine ID="eSc_line_2b888b32"
                    BASELINE="130 1301 668 1303" 
                    HPOS="130.0"
                    VPOS="1301.0"
                    WIDTH="538.0"
                    HEIGHT="2.0">
	    <String CONTENT=""
                    HPOS="130.0"
                    VPOS="1301.0"
                    WIDTH="538.0"
                    HEIGHT="2.0"></String>
          </TextLine>
        </TextBlock>
        <TextBlock HPOS="688.0"
                   VPOS="99.0"
                   WIDTH="81.0"
                   HEIGHT="51.0"
                   ID="region_1737728422292_484"
                   TAGREFS="BT3756">
          <Shape><Polygon POINTS="692 99 688 150 769 138 760 101"/></Shape>
        </TextBlock>
        <TextBlock HPOS="132.0"
                   VPOS="593.0"
                   WIDTH="51.0"
                   HEIGHT="50.0"
                   ID="region_1737728463251_490"
                   TAGREFS="BT3756">
          <Shape><Polygon POINTS="136 642 183 643 178 634 177 603 183 600 182 594 132 593"/></Shape>
        </TextBlock>
      </PrintSpace>
    </Page>
  </Layout>
</alto>
