<?xml version="1.0" encoding="UTF-8"?>
<alto xmlns:xsi="http://www.w3.org/2001/XMLSchema-instance"
      xmlns="http://www.loc.gov/standards/alto/ns-v4#"
      xsi:schemaLocation="http://www.loc.gov/standards/alto/ns-v4# http://www.loc.gov/standards/alto/v4/alto-4-2.xsd">
  <Description>
    <MeasurementUnit>pixel</MeasurementUnit>
    <sourceImageInformation>
      <fileName>1789,_Saemmtliche_Poetische_Werke,_Baumeister,_Bd._1,_VD18_80391559-001_Seite_148_Bild_0001.jpg</fileName>
    </sourceImageInformation>
  </Description>
  <Tags>
    <OtherTag ID="BT1" LABEL="Title" DESCRIPTION="block type Title"/><OtherTag ID="BT2" LABEL="Main" DESCRIPTION="block type Main"/><OtherTag ID="BT3" LABEL="Commentary" DESCRIPTION="block type Commentary"/><OtherTag ID="BT4" LABEL="Illustration" DESCRIPTION="block type Illustration"/><OtherTag ID="BT3755" LABEL="header" DESCRIPTION="block type header"/><OtherTag ID="BT3756" LABEL="paragraph" DESCRIPTION="block type paragraph"/><OtherTag ID="BT3757" LABEL="heading" DESCRIPTION="block type heading"/><OtherTag ID="BT3758" LABEL="footnote" DESCRIPTION="block type footnote"/><OtherTag ID="BT3759" LABEL="l-column" DESCRIPTION="block type l-column"/><OtherTag ID="BT3760" LABEL="r-column" DESCRIPTION="block type r-column"/><OtherTag ID="BT3761" LABEL="marginalia" DESCRIPTION="block type marginalia"/><OtherTag ID="BT4125" LABEL="drop-capital" DESCRIPTION="block type drop-capital"/><OtherTag ID="BT4126" LABEL="catch-word" DESCRIPTION="block type catch-word"/><OtherTag ID="BT4127" LABEL="page-number" DESCRIPTION="block type page-number"/><OtherTag ID="BT4128" LABEL="signature-mark" DESCRIPTION="block type signature-mark"/><OtherTag ID="BT4129" LABEL="poem_lg" DESCRIPTION="block type poem_lg"/><OtherTag ID="BT4130" LABEL="endnote" DESCRIPTION="block type endnote"/>
  </Tags>
  <Layout>
    <Page WIDTH="896"
          HEIGHT="1506"
          PHYSICAL_IMG_NR="173"
          ID="eSc_dummypage_">
      <PrintSpace HPOS="0"
                  VPOS="0"
                  WIDTH="896"
                  HEIGHT="1506">
        <TextBlock HPOS="109.0"
                   VPOS="149.0"
                   WIDTH="638.0"
                   HEIGHT="220.0"
                   ID="region_1719307871587_274"
                   TAGREFS="BT3758">
          <Shape><Polygon POINTS="121 149 747 149 747 367 109 369"/></Shape>
          <TextLine ID="eSc_line_cb635c09"
                    BASELINE="126 182 739 193" 
                    HPOS="126.0"
                    VPOS="182.0"
                    WIDTH="613.0"
                    HEIGHT="11.0">
	    <String CONTENT=""
                    HPOS="126.0"
                    VPOS="182.0"
                    WIDTH="613.0"
                    HEIGHT="11.0"></String>
          </TextLine>
          <TextLine ID="eSc_line_42da0e55"
                    BASELINE="126 230 744 239" 
                    HPOS="126.0"
                    VPOS="230.0"
                    WIDTH="618.0"
                    HEIGHT="9.0">
	    <String CONTENT=""
                    HPOS="126.0"
                    VPOS="230.0"
                    WIDTH="618.0"
                    HEIGHT="9.0"></String>
          </TextLine>
          <TextLine ID="eSc_line_eb8d97c5"
                    BASELINE="122 273 739 275" 
                    HPOS="122.0"
                    VPOS="273.0"
                    WIDTH="617.0"
                    HEIGHT="2.0">
	    <String CONTENT=""
                    HPOS="122.0"
                    VPOS="273.0"
                    WIDTH="617.0"
                    HEIGHT="2.0"></String>
          </TextLine>
          <TextLine ID="eSc_line_b3d7e495"
                    BASELINE="119 317 742 326" 
                    HPOS="119.0"
                    VPOS="317.0"
                    WIDTH="623.0"
                    HEIGHT="9.0">
	    <String CONTENT=""
                    HPOS="119.0"
                    VPOS="317.0"
                    WIDTH="623.0"
                    HEIGHT="9.0"></String>
          </TextLine>
          <TextLine ID="eSc_line_98cae875"
                    BASELINE="122 360 468 360" 
                    HPOS="122.0"
                    VPOS="360.0"
                    WIDTH="346.0"
                    HEIGHT="0.0">
	    <String CONTENT=""
                    HPOS="122.0"
                    VPOS="360.0"
                    WIDTH="346.0"
                    HEIGHT="0.0"></String>
          </TextLine>
        </TextBlock>
        <TextBlock HPOS="161.0"
                   VPOS="402.0"
                   WIDTH="595.0"
                   HEIGHT="312.0"
                   ID="region_1719307897838_277"
                   TAGREFS="BT3758">
          <Shape><Polygon POINTS="743 402 161 402 161 705 756 714"/></Shape>
          <TextLine ID="eSc_line_95c8ba05"
                    BASELINE="172 440 737 440" 
                    HPOS="172.0"
                    VPOS="440.0"
                    WIDTH="565.0"
                    HEIGHT="0.0">
	    <String CONTENT=""
                    HPOS="172.0"
                    VPOS="440.0"
                    WIDTH="565.0"
                    HEIGHT="0.0"></String>
          </TextLine>
          <TextLine ID="eSc_line_9634c3da"
                    BASELINE="409 478 502 481" 
                    HPOS="409.0"
                    VPOS="478.0"
                    WIDTH="93.0"
                    HEIGHT="3.0">
	    <String CONTENT=""
                    HPOS="409.0"
                    VPOS="478.0"
                    WIDTH="93.0"
                    HEIGHT="3.0"></String>
          </TextLine>
          <TextLine ID="eSc_line_247c42d9"
                    BASELINE="181 522 737 526" 
                    HPOS="181.0"
                    VPOS="522.0"
                    WIDTH="556.0"
                    HEIGHT="4.0">
	    <String CONTENT=""
                    HPOS="181.0"
                    VPOS="522.0"
                    WIDTH="556.0"
                    HEIGHT="4.0"></String>
          </TextLine>
          <TextLine ID="eSc_line_041c5934"
                    BASELINE="423 563 632 567" 
                    HPOS="423.0"
                    VPOS="563.0"
                    WIDTH="209.0"
                    HEIGHT="4.0">
	    <String CONTENT=""
                    HPOS="423.0"
                    VPOS="563.0"
                    WIDTH="209.0"
                    HEIGHT="4.0"></String>
          </TextLine>
          <TextLine ID="eSc_line_a3f51020"
                    BASELINE="263 608 744 608" 
                    HPOS="263.0"
                    VPOS="608.0"
                    WIDTH="481.0"
                    HEIGHT="0.0">
	    <String CONTENT=""
                    HPOS="263.0"
                    VPOS="608.0"
                    WIDTH="481.0"
                    HEIGHT="0.0"></String>
          </TextLine>
          <TextLine ID="eSc_line_f317a0a3"
                    BASELINE="318 640 742 645" 
                    HPOS="318.0"
                    VPOS="640.0"
                    WIDTH="424.0"
                    HEIGHT="5.0">
	    <String CONTENT=""
                    HPOS="318.0"
                    VPOS="640.0"
                    WIDTH="424.0"
                    HEIGHT="5.0"></String>
          </TextLine>
          <TextLine ID="eSc_line_3a3451c8"
                    BASELINE="315 686 477 690" 
                    HPOS="315.0"
                    VPOS="686.0"
                    WIDTH="162.0"
                    HEIGHT="4.0">
	    <String CONTENT=""
                    HPOS="315.0"
                    VPOS="686.0"
                    WIDTH="162.0"
                    HEIGHT="4.0"></String>
          </TextLine>
        </TextBlock>
        <TextBlock HPOS="134.0"
                   VPOS="734.0"
                   WIDTH="618.0"
                   HEIGHT="585.0"
                   ID="TextRegion_1721132416673_1175"
                   TAGREFS="BT3758">
          <Shape><Polygon POINTS="134 734 743 734 752 1290 461 1291 461 1319 134 1319"/></Shape>
          <TextLine ID="eSc_line_80ad9079"
                    BASELINE="139 772 733 777" 
                    HPOS="139.0"
                    VPOS="772.0"
                    WIDTH="594.0"
                    HEIGHT="5.0">
	    <String CONTENT=""
                    HPOS="139.0"
                    VPOS="772.0"
                    WIDTH="594.0"
                    HEIGHT="5.0"></String>
          </TextLine>
          <TextLine ID="eSc_line_86bfedfb"
                    BASELINE="205 858 738 863" 
                    HPOS="205.0"
                    VPOS="858.0"
                    WIDTH="533.0"
                    HEIGHT="5.0">
	    <String CONTENT=""
                    HPOS="205.0"
                    VPOS="858.0"
                    WIDTH="533.0"
                    HEIGHT="5.0"></String>
          </TextLine>
          <TextLine ID="eSc_line_e241702d"
                    BASELINE="409 810 539 818" 
                    HPOS="409.0"
                    VPOS="810.0"
                    WIDTH="130.0"
                    HEIGHT="8.0">
	    <String CONTENT=""
                    HPOS="409.0"
                    VPOS="810.0"
                    WIDTH="130.0"
                    HEIGHT="8.0"></String>
          </TextLine>
          <TextLine ID="eSc_line_1476d502"
                    BASELINE="205 933 741 943" 
                    HPOS="205.0"
                    VPOS="933.0"
                    WIDTH="536.0"
                    HEIGHT="10.0">
	    <String CONTENT=""
                    HPOS="205.0"
                    VPOS="933.0"
                    WIDTH="536.0"
                    HEIGHT="10.0"></String>
          </TextLine>
          <TextLine ID="eSc_line_f3e4d072"
                    BASELINE="411 901 560 903" 
                    HPOS="411.0"
                    VPOS="901.0"
                    WIDTH="149.0"
                    HEIGHT="2.0">
	    <String CONTENT=""
                    HPOS="411.0"
                    VPOS="901.0"
                    WIDTH="149.0"
                    HEIGHT="2.0"></String>
          </TextLine>
          <TextLine ID="eSc_line_e9812c35"
                    BASELINE="197 1019 738 1029" 
                    HPOS="197.0"
                    VPOS="1019.0"
                    WIDTH="541.0"
                    HEIGHT="10.0">
	    <String CONTENT=""
                    HPOS="197.0"
                    VPOS="1019.0"
                    WIDTH="541.0"
                    HEIGHT="10.0"></String>
          </TextLine>
          <TextLine ID="eSc_line_2711ab3b"
                    BASELINE="406 979 524 981" 
                    HPOS="406.0"
                    VPOS="979.0"
                    WIDTH="118.0"
                    HEIGHT="2.0">
	    <String CONTENT=""
                    HPOS="406.0"
                    VPOS="979.0"
                    WIDTH="118.0"
                    HEIGHT="2.0"></String>
          </TextLine>
          <TextLine ID="eSc_line_f497efac"
                    BASELINE="202 1059 733 1069" 
                    HPOS="202.0"
                    VPOS="1059.0"
                    WIDTH="531.0"
                    HEIGHT="10.0">
	    <String CONTENT=""
                    HPOS="202.0"
                    VPOS="1059.0"
                    WIDTH="531.0"
                    HEIGHT="10.0"></String>
          </TextLine>
          <TextLine ID="eSc_line_565b8bd9"
                    BASELINE="197 1145 736 1150" 
                    HPOS="197.0"
                    VPOS="1145.0"
                    WIDTH="539.0"
                    HEIGHT="5.0">
	    <String CONTENT=""
                    HPOS="197.0"
                    VPOS="1145.0"
                    WIDTH="539.0"
                    HEIGHT="5.0"></String>
          </TextLine>
          <TextLine ID="eSc_line_d628af40"
                    BASELINE="409 1104 595 1110" 
                    HPOS="409.0"
                    VPOS="1104.0"
                    WIDTH="186.0"
                    HEIGHT="6.0">
	    <String CONTENT=""
                    HPOS="409.0"
                    VPOS="1104.0"
                    WIDTH="186.0"
                    HEIGHT="6.0"></String>
          </TextLine>
          <TextLine ID="eSc_line_df9c41ad"
                    BASELINE="205 1230 701 1235" 
                    HPOS="205.0"
                    VPOS="1230.0"
                    WIDTH="496.0"
                    HEIGHT="5.0">
	    <String CONTENT=""
                    HPOS="205.0"
                    VPOS="1230.0"
                    WIDTH="496.0"
                    HEIGHT="5.0"></String>
          </TextLine>
          <TextLine ID="eSc_line_d55205c2"
                    BASELINE="406 1190 570 1190" 
                    HPOS="406.0"
                    VPOS="1190.0"
                    WIDTH="164.0"
                    HEIGHT="0.0">
	    <String CONTENT=""
                    HPOS="406.0"
                    VPOS="1190.0"
                    WIDTH="164.0"
                    HEIGHT="0.0"></String>
          </TextLine>
          <TextLine ID="eSc_line_3eb586fb"
                    BASELINE="298 1271 733 1276" 
                    HPOS="298.0"
                    VPOS="1271.0"
                    WIDTH="435.0"
                    HEIGHT="5.0">
	    <String CONTENT=""
                    HPOS="298.0"
                    VPOS="1271.0"
                    WIDTH="435.0"
                    HEIGHT="5.0"></String>
          </TextLine>
          <TextLine ID="eSc_line_f349869c"
                    BASELINE="346 1312 441 1314" 
                    HPOS="346.0"
                    VPOS="1312.0"
                    WIDTH="95.0"
                    HEIGHT="2.0">
	    <String CONTENT=""
                    HPOS="346.0"
                    VPOS="1312.0"
                    WIDTH="95.0"
                    HEIGHT="2.0"></String>
          </TextLine>
        </TextBlock>
        <TextBlock HPOS="695.0"
                   VPOS="106.0"
                   WIDTH="54.0"
                   HEIGHT="38.0"
                   ID="region_1719307866826_271"
                   TAGREFS="BT3756">
          <Shape><Polygon POINTS="695 106 749 106 749 144 695 140"/></Shape>
        </TextBlock>
        <TextBlock HPOS="136.0"
                   VPOS="1322.0"
                   WIDTH="513.0"
                   HEIGHT="39.0"
                   ID="TextRegion_1721132416672_1174"
                   TAGREFS="BT3756">
          <Shape><Polygon POINTS="136 1322 649 1324 646 1361 136 1361"/></Shape>
        </TextBlock>
      </PrintSpace>
    </Page>
  </Layout>
</alto>
