<?xml version="1.0" encoding="UTF-8"?>
<alto xmlns:xsi="http://www.w3.org/2001/XMLSchema-instance"
      xmlns="http://www.loc.gov/standards/alto/ns-v4#"
      xsi:schemaLocation="http://www.loc.gov/standards/alto/ns-v4# http://www.loc.gov/standards/alto/v4/alto-4-2.xsd">
  <Description>
    <MeasurementUnit>pixel</MeasurementUnit>
    <sourceImageInformation>
      <fileName>1789,_Saemmtliche_Poetische_Werke,_Baumeister,_Bd._1,_VD18_80391559-001_Seite_377_Bild_0001.jpg</fileName>
    </sourceImageInformation>
  </Description>
  <Tags>
    <OtherTag ID="BT1" LABEL="Title" DESCRIPTION="block type Title"/><OtherTag ID="BT2" LABEL="Main" DESCRIPTION="block type Main"/><OtherTag ID="BT3" LABEL="Commentary" DESCRIPTION="block type Commentary"/><OtherTag ID="BT4" LABEL="Illustration" DESCRIPTION="block type Illustration"/><OtherTag ID="BT3755" LABEL="header" DESCRIPTION="block type header"/><OtherTag ID="BT3756" LABEL="paragraph" DESCRIPTION="block type paragraph"/><OtherTag ID="BT3757" LABEL="heading" DESCRIPTION="block type heading"/><OtherTag ID="BT3758" LABEL="footnote" DESCRIPTION="block type footnote"/><OtherTag ID="BT3759" LABEL="l-column" DESCRIPTION="block type l-column"/><OtherTag ID="BT3760" LABEL="r-column" DESCRIPTION="block type r-column"/><OtherTag ID="BT3761" LABEL="marginalia" DESCRIPTION="block type marginalia"/><OtherTag ID="BT4125" LABEL="drop-capital" DESCRIPTION="block type drop-capital"/><OtherTag ID="BT4126" LABEL="catch-word" DESCRIPTION="block type catch-word"/><OtherTag ID="BT4127" LABEL="page-number" DESCRIPTION="block type page-number"/><OtherTag ID="BT4128" LABEL="signature-mark" DESCRIPTION="block type signature-mark"/><OtherTag ID="BT4129" LABEL="poem_lg" DESCRIPTION="block type poem_lg"/><OtherTag ID="BT4130" LABEL="endnote" DESCRIPTION="block type endnote"/>
  </Tags>
  <Layout>
    <Page WIDTH="869"
          HEIGHT="1492"
          PHYSICAL_IMG_NR="175"
          ID="eSc_dummypage_">
      <PrintSpace HPOS="0"
                  VPOS="0"
                  WIDTH="869"
                  HEIGHT="1492">
        <TextBlock HPOS="90.0"
                   VPOS="119.0"
                   WIDTH="667.0"
                   HEIGHT="863.0"
                   ID="region_1737728768346_590"
                   TAGREFS="BT3758">
          <Shape><Polygon POINTS="104 119 757 125 741 982 90 970"/></Shape>
          <TextLine ID="eSc_line_71af197d"
                    BASELINE="122 167 749 167" 
                    HPOS="122.0"
                    VPOS="167.0"
                    WIDTH="627.0"
                    HEIGHT="0.0">
	    <String CONTENT=""
                    HPOS="122.0"
                    VPOS="167.0"
                    WIDTH="627.0"
                    HEIGHT="0.0"></String>
          </TextLine>
          <TextLine ID="eSc_line_6ede48bb"
                    BASELINE="122 201 751 205" 
                    HPOS="122.0"
                    VPOS="201.0"
                    WIDTH="629.0"
                    HEIGHT="4.0">
	    <String CONTENT=""
                    HPOS="122.0"
                    VPOS="201.0"
                    WIDTH="629.0"
                    HEIGHT="4.0"></String>
          </TextLine>
          <TextLine ID="eSc_line_9ab3d8f2"
                    BASELINE="119 249 746 249" 
                    HPOS="119.0"
                    VPOS="249.0"
                    WIDTH="627.0"
                    HEIGHT="0.0">
	    <String CONTENT=""
                    HPOS="119.0"
                    VPOS="249.0"
                    WIDTH="627.0"
                    HEIGHT="0.0"></String>
          </TextLine>
          <TextLine ID="eSc_line_59b869e2"
                    BASELINE="129 288 746 292" 
                    HPOS="129.0"
                    VPOS="288.0"
                    WIDTH="617.0"
                    HEIGHT="4.0">
	    <String CONTENT=""
                    HPOS="129.0"
                    VPOS="288.0"
                    WIDTH="617.0"
                    HEIGHT="4.0"></String>
          </TextLine>
          <TextLine ID="eSc_line_10d57a09"
                    BASELINE="122 329 746 336" 
                    HPOS="122.0"
                    VPOS="329.0"
                    WIDTH="624.0"
                    HEIGHT="7.0">
	    <String CONTENT=""
                    HPOS="122.0"
                    VPOS="329.0"
                    WIDTH="624.0"
                    HEIGHT="7.0"></String>
          </TextLine>
          <TextLine ID="eSc_line_ba0a2736"
                    BASELINE="119 368 744 375" 
                    HPOS="119.0"
                    VPOS="368.0"
                    WIDTH="625.0"
                    HEIGHT="7.0">
	    <String CONTENT=""
                    HPOS="119.0"
                    VPOS="368.0"
                    WIDTH="625.0"
                    HEIGHT="7.0"></String>
          </TextLine>
          <TextLine ID="eSc_line_b5555c2d"
                    BASELINE="115 414 744 418" 
                    HPOS="115.0"
                    VPOS="414.0"
                    WIDTH="629.0"
                    HEIGHT="4.0">
	    <String CONTENT=""
                    HPOS="115.0"
                    VPOS="414.0"
                    WIDTH="629.0"
                    HEIGHT="4.0"></String>
          </TextLine>
          <TextLine ID="eSc_line_f579c7d1"
                    BASELINE="110 452 744 462" 
                    HPOS="110.0"
                    VPOS="452.0"
                    WIDTH="634.0"
                    HEIGHT="10.0">
	    <String CONTENT=""
                    HPOS="110.0"
                    VPOS="452.0"
                    WIDTH="634.0"
                    HEIGHT="10.0"></String>
          </TextLine>
          <TextLine ID="eSc_line_0386d891"
                    BASELINE="117 498 742 498" 
                    HPOS="117.0"
                    VPOS="498.0"
                    WIDTH="625.0"
                    HEIGHT="0.0">
	    <String CONTENT=""
                    HPOS="117.0"
                    VPOS="498.0"
                    WIDTH="625.0"
                    HEIGHT="0.0"></String>
          </TextLine>
          <TextLine ID="eSc_line_154bb835"
                    BASELINE="115 535 737 537" 
                    HPOS="115.0"
                    VPOS="535.0"
                    WIDTH="622.0"
                    HEIGHT="2.0">
	    <String CONTENT=""
                    HPOS="115.0"
                    VPOS="535.0"
                    WIDTH="622.0"
                    HEIGHT="2.0"></String>
          </TextLine>
          <TextLine ID="eSc_line_99286aad"
                    BASELINE="107 581 734 581" 
                    HPOS="107.0"
                    VPOS="581.0"
                    WIDTH="627.0"
                    HEIGHT="0.0">
	    <String CONTENT=""
                    HPOS="107.0"
                    VPOS="581.0"
                    WIDTH="627.0"
                    HEIGHT="0.0"></String>
          </TextLine>
          <TextLine ID="eSc_line_b5410801"
                    BASELINE="107 622 737 629" 
                    HPOS="107.0"
                    VPOS="622.0"
                    WIDTH="630.0"
                    HEIGHT="7.0">
	    <String CONTENT=""
                    HPOS="107.0"
                    VPOS="622.0"
                    WIDTH="630.0"
                    HEIGHT="7.0"></String>
          </TextLine>
          <TextLine ID="eSc_line_fd180301"
                    BASELINE="107 660 732 670" 
                    HPOS="107.0"
                    VPOS="660.0"
                    WIDTH="625.0"
                    HEIGHT="10.0">
	    <String CONTENT=""
                    HPOS="107.0"
                    VPOS="660.0"
                    WIDTH="625.0"
                    HEIGHT="10.0"></String>
          </TextLine>
          <TextLine ID="eSc_line_a165920b"
                    BASELINE="161 704 732 704" 
                    HPOS="161.0"
                    VPOS="704.0"
                    WIDTH="571.0"
                    HEIGHT="0.0">
	    <String CONTENT=""
                    HPOS="161.0"
                    VPOS="704.0"
                    WIDTH="571.0"
                    HEIGHT="0.0"></String>
          </TextLine>
          <TextLine ID="eSc_line_d453ac42"
                    BASELINE="107 745 737 748" 
                    HPOS="107.0"
                    VPOS="745.0"
                    WIDTH="630.0"
                    HEIGHT="3.0">
	    <String CONTENT=""
                    HPOS="107.0"
                    VPOS="745.0"
                    WIDTH="630.0"
                    HEIGHT="3.0"></String>
          </TextLine>
          <TextLine ID="eSc_line_27c9e908"
                    BASELINE="110 781 734 789" 
                    HPOS="110.0"
                    VPOS="781.0"
                    WIDTH="624.0"
                    HEIGHT="8.0">
	    <String CONTENT=""
                    HPOS="110.0"
                    VPOS="781.0"
                    WIDTH="624.0"
                    HEIGHT="8.0"></String>
          </TextLine>
          <TextLine ID="eSc_line_9612506d"
                    BASELINE="105 823 739 830" 
                    HPOS="105.0"
                    VPOS="823.0"
                    WIDTH="634.0"
                    HEIGHT="7.0">
	    <String CONTENT=""
                    HPOS="105.0"
                    VPOS="823.0"
                    WIDTH="634.0"
                    HEIGHT="7.0"></String>
          </TextLine>
          <TextLine ID="eSc_line_53ae787d"
                    BASELINE="102 873 732 873" 
                    HPOS="102.0"
                    VPOS="873.0"
                    WIDTH="630.0"
                    HEIGHT="0.0">
	    <String CONTENT=""
                    HPOS="102.0"
                    VPOS="873.0"
                    WIDTH="630.0"
                    HEIGHT="0.0"></String>
          </TextLine>
          <TextLine ID="eSc_line_1ac21efc"
                    BASELINE="100 912 729 917" 
                    HPOS="100.0"
                    VPOS="912.0"
                    WIDTH="629.0"
                    HEIGHT="5.0">
	    <String CONTENT=""
                    HPOS="100.0"
                    VPOS="912.0"
                    WIDTH="629.0"
                    HEIGHT="5.0"></String>
          </TextLine>
          <TextLine ID="eSc_line_9b16bd96"
                    BASELINE="105 958 734 961" 
                    HPOS="105.0"
                    VPOS="958.0"
                    WIDTH="629.0"
                    HEIGHT="3.0">
	    <String CONTENT=""
                    HPOS="105.0"
                    VPOS="958.0"
                    WIDTH="629.0"
                    HEIGHT="3.0"></String>
          </TextLine>
        </TextBlock>
        <TextBlock HPOS="115.0"
                   VPOS="997.0"
                   WIDTH="582.0"
                   HEIGHT="143.0"
                   ID="region_1737728864906_593"
                   TAGREFS="BT3757">
          <Shape><Polygon POINTS="295 999 530 997 530 1050 697 1059 692 1104 484 1140 295 1139 115 1096 125 1044 278 1044"/></Shape>
          <TextLine ID="eSc_line_b5ff5236"
                    BASELINE="290 1037 527 1041" 
                    HPOS="290.0"
                    VPOS="1037.0"
                    WIDTH="237.0"
                    HEIGHT="4.0">
	    <String CONTENT=""
                    HPOS="290.0"
                    VPOS="1037.0"
                    WIDTH="237.0"
                    HEIGHT="4.0"></String>
          </TextLine>
          <TextLine ID="eSc_line_65fe4b9c"
                    BASELINE="129 1090 680 1094" 
                    HPOS="129.0"
                    VPOS="1090.0"
                    WIDTH="551.0"
                    HEIGHT="4.0">
	    <String CONTENT=""
                    HPOS="129.0"
                    VPOS="1090.0"
                    WIDTH="551.0"
                    HEIGHT="4.0"></String>
          </TextLine>
          <TextLine ID="eSc_line_29531ea1"
                    BASELINE="313 1128 503 1128" 
                    HPOS="313.0"
                    VPOS="1128.0"
                    WIDTH="190.0"
                    HEIGHT="0.0">
	    <String CONTENT=""
                    HPOS="313.0"
                    VPOS="1128.0"
                    WIDTH="190.0"
                    HEIGHT="0.0"></String>
          </TextLine>
        </TextBlock>
        <TextBlock HPOS="88.0"
                   VPOS="1162.0"
                   WIDTH="647.0"
                   HEIGHT="183.0"
                   ID="region_1737728898454_599"
                   TAGREFS="BT3756">
          <Shape><Polygon POINTS="142 1183 144 1203 296 1228 98 1242 88 1297 310 1303 338 1345 635 1343 641 1302 714 1294 722 1256 443 1243 440 1220 735 1213 732 1162 151 1168"/></Shape>
          <TextLine ID="eSc_line_f26259d0"
                    BASELINE="153 1199 713 1203" 
                    HPOS="153.0"
                    VPOS="1199.0"
                    WIDTH="560.0"
                    HEIGHT="4.0">
	    <String CONTENT=""
                    HPOS="153.0"
                    VPOS="1199.0"
                    WIDTH="560.0"
                    HEIGHT="4.0"></String>
          </TextLine>
          <TextLine ID="eSc_line_76285f77"
                    BASELINE="321 1241 430 1239" 
                    HPOS="321.0"
                    VPOS="1239.0"
                    WIDTH="109.0"
                    HEIGHT="2.0">
	    <String CONTENT=""
                    HPOS="321.0"
                    VPOS="1239.0"
                    WIDTH="109.0"
                    HEIGHT="2.0"></String>
          </TextLine>
          <TextLine ID="eSc_line_9349f494"
                    BASELINE="96 1286 709 1282" 
                    HPOS="96.0"
                    VPOS="1282.0"
                    WIDTH="613.0"
                    HEIGHT="4.0">
	    <String CONTENT=""
                    HPOS="96.0"
                    VPOS="1282.0"
                    WIDTH="613.0"
                    HEIGHT="4.0"></String>
          </TextLine>
          <TextLine ID="eSc_line_947461e5"
                    BASELINE="335 1326 630 1328" 
                    HPOS="335.0"
                    VPOS="1326.0"
                    WIDTH="295.0"
                    HEIGHT="2.0">
	    <String CONTENT=""
                    HPOS="335.0"
                    VPOS="1326.0"
                    WIDTH="295.0"
                    HEIGHT="2.0"></String>
          </TextLine>
        </TextBlock>
        <TextBlock HPOS="118.0"
                   VPOS="66.0"
                   WIDTH="80.0"
                   HEIGHT="47.0"
                   ID="region_1737728755939_587"
                   TAGREFS="BT3756">
          <Shape><Polygon POINTS="118 108 123 73 198 66 190 107 129 113"/></Shape>
        </TextBlock>
        <TextBlock HPOS="99.0"
                   VPOS="1154.0"
                   WIDTH="44.0"
                   HEIGHT="49.0"
                   ID="region_1737728879530_596"
                   TAGREFS="BT3756">
          <Shape><Polygon POINTS="138 1193 142 1184 143 1168 137 1154 99 1154 99 1203 132 1202"/></Shape>
        </TextBlock>
      </PrintSpace>
    </Page>
  </Layout>
</alto>
