<?xml version="1.0" encoding="UTF-8"?>
<alto xmlns:xsi="http://www.w3.org/2001/XMLSchema-instance"
      xmlns="http://www.loc.gov/standards/alto/ns-v4#"
      xsi:schemaLocation="http://www.loc.gov/standards/alto/ns-v4# http://www.loc.gov/standards/alto/v4/alto-4-2.xsd">
  <Description>
    <MeasurementUnit>pixel</MeasurementUnit>
    <sourceImageInformation>
      <fileName>1789,_Saemmtliche_Poetische_Werke,_Baumeister,_Bd._2,_VD18_80391567-001_Seite_049_Bild_0001.jpg</fileName>
    </sourceImageInformation>
  </Description>
  <Tags>
    <OtherTag ID="BT1" LABEL="Title" DESCRIPTION="block type Title"/><OtherTag ID="BT2" LABEL="Main" DESCRIPTION="block type Main"/><OtherTag ID="BT3" LABEL="Commentary" DESCRIPTION="block type Commentary"/><OtherTag ID="BT4" LABEL="Illustration" DESCRIPTION="block type Illustration"/><OtherTag ID="BT3755" LABEL="header" DESCRIPTION="block type header"/><OtherTag ID="BT3756" LABEL="paragraph" DESCRIPTION="block type paragraph"/><OtherTag ID="BT3757" LABEL="heading" DESCRIPTION="block type heading"/><OtherTag ID="BT3758" LABEL="footnote" DESCRIPTION="block type footnote"/><OtherTag ID="BT3759" LABEL="l-column" DESCRIPTION="block type l-column"/><OtherTag ID="BT3760" LABEL="r-column" DESCRIPTION="block type r-column"/><OtherTag ID="BT3761" LABEL="marginalia" DESCRIPTION="block type marginalia"/><OtherTag ID="BT4125" LABEL="drop-capital" DESCRIPTION="block type drop-capital"/><OtherTag ID="BT4126" LABEL="catch-word" DESCRIPTION="block type catch-word"/><OtherTag ID="BT4127" LABEL="page-number" DESCRIPTION="block type page-number"/><OtherTag ID="BT4128" LABEL="signature-mark" DESCRIPTION="block type signature-mark"/><OtherTag ID="BT4129" LABEL="poem_lg" DESCRIPTION="block type poem_lg"/><OtherTag ID="BT4130" LABEL="endnote" DESCRIPTION="block type endnote"/>
  </Tags>
  <Layout>
    <Page WIDTH="895"
          HEIGHT="1508"
          PHYSICAL_IMG_NR="177"
          ID="eSc_dummypage_">
      <PrintSpace HPOS="0"
                  VPOS="0"
                  WIDTH="895"
                  HEIGHT="1508">
        <TextBlock HPOS="129.0"
                   VPOS="151.0"
                   WIDTH="641.0"
                   HEIGHT="97.0"
                   ID="TextRegion_1721132769075_1262"
                   TAGREFS="BT3758">
          <Shape><Polygon POINTS="129 151 770 151 767 229 547 223 281 225 279 241 157 239 156 246 129 248"/></Shape>
          <TextLine ID="eSc_line_ec1c1d9c"
                    BASELINE="150 194 763 194" 
                    HPOS="150.0"
                    VPOS="194.0"
                    WIDTH="613.0"
                    HEIGHT="0.0">
	    <String CONTENT=""
                    HPOS="150.0"
                    VPOS="194.0"
                    WIDTH="613.0"
                    HEIGHT="0.0"></String>
          </TextLine>
          <TextLine ID="eSc_line_93108af7"
                    BASELINE="141 236 260 234" 
                    HPOS="141.0"
                    VPOS="234.0"
                    WIDTH="119.0"
                    HEIGHT="2.0">
	    <String CONTENT=""
                    HPOS="141.0"
                    VPOS="234.0"
                    WIDTH="119.0"
                    HEIGHT="2.0"></String>
          </TextLine>
        </TextBlock>
        <TextBlock HPOS="129.0"
                   VPOS="248.0"
                   WIDTH="641.0"
                   HEIGHT="169.0"
                   ID="TextRegion_1721132859590_1272"
                   TAGREFS="BT3758">
          <Shape><Polygon POINTS="129 281 131 282 188 283 188 252 188 248 770 248 770 414 131 417"/></Shape>
          <TextLine ID="eSc_line_61ac7a59"
                    BASELINE="192 277 767 279" 
                    HPOS="192.0"
                    VPOS="277.0"
                    WIDTH="575.0"
                    HEIGHT="2.0">
	    <String CONTENT=""
                    HPOS="192.0"
                    VPOS="277.0"
                    WIDTH="575.0"
                    HEIGHT="2.0"></String>
          </TextLine>
          <TextLine ID="eSc_line_8cdbe8b5"
                    BASELINE="145 317 760 315" 
                    HPOS="145.0"
                    VPOS="315.0"
                    WIDTH="615.0"
                    HEIGHT="2.0">
	    <String CONTENT=""
                    HPOS="145.0"
                    VPOS="315.0"
                    WIDTH="615.0"
                    HEIGHT="2.0"></String>
          </TextLine>
          <TextLine ID="eSc_line_f7f34814"
                    BASELINE="150 362 763 365" 
                    HPOS="150.0"
                    VPOS="362.0"
                    WIDTH="613.0"
                    HEIGHT="3.0">
	    <String CONTENT=""
                    HPOS="150.0"
                    VPOS="362.0"
                    WIDTH="613.0"
                    HEIGHT="3.0"></String>
          </TextLine>
          <TextLine ID="eSc_line_38542203"
                    BASELINE="141 401 763 401" 
                    HPOS="141.0"
                    VPOS="401.0"
                    WIDTH="622.0"
                    HEIGHT="0.0">
	    <String CONTENT=""
                    HPOS="141.0"
                    VPOS="401.0"
                    WIDTH="622.0"
                    HEIGHT="0.0"></String>
          </TextLine>
        </TextBlock>
        <TextBlock HPOS="283.0"
                   VPOS="437.0"
                   WIDTH="337.0"
                   HEIGHT="64.0"
                   ID="region_1719311343472_24"
                   TAGREFS="BT3757">
          <Shape><Polygon POINTS="283 437 619 437 620 501 283 497"/></Shape>
          <TextLine ID="eSc_line_ed0074ae"
                    BASELINE="296 491 615 489" 
                    HPOS="296.0"
                    VPOS="489.0"
                    WIDTH="319.0"
                    HEIGHT="2.0">
	    <String CONTENT=""
                    HPOS="296.0"
                    VPOS="489.0"
                    WIDTH="319.0"
                    HEIGHT="2.0"></String>
          </TextLine>
        </TextBlock>
        <TextBlock HPOS="225.0"
                   VPOS="549.0"
                   WIDTH="469.0"
                   HEIGHT="63.0"
                   ID="region_1719311347610_27"
                   TAGREFS="BT3757">
          <Shape><Polygon POINTS="225 549 688 549 694 612 225 609"/></Shape>
          <TextLine ID="eSc_line_6d6c3da8"
                    BASELINE="235 595 684 595" 
                    HPOS="235.0"
                    VPOS="595.0"
                    WIDTH="449.0"
                    HEIGHT="0.0">
	    <String CONTENT=""
                    HPOS="235.0"
                    VPOS="595.0"
                    WIDTH="449.0"
                    HEIGHT="0.0"></String>
          </TextLine>
        </TextBlock>
        <TextBlock HPOS="139.0"
                   VPOS="632.0"
                   WIDTH="635.0"
                   HEIGHT="323.0"
                   ID="TextRegion_1721132634367_1228"
                   TAGREFS="BT3756">
          <Shape><Polygon POINTS="195 635 774 632 774 950 139 955 144 698 192 697 199 657"/></Shape>
          <TextLine ID="eSc_line_9d42cf42"
                    BASELINE="201 687 715 687" 
                    HPOS="201.0"
                    VPOS="687.0"
                    WIDTH="514.0"
                    HEIGHT="0.0">
	    <String CONTENT=""
                    HPOS="201.0"
                    VPOS="687.0"
                    WIDTH="514.0"
                    HEIGHT="0.0"></String>
          </TextLine>
          <TextLine ID="eSc_line_d3dc5173"
                    BASELINE="147 730 758 726" 
                    HPOS="147.0"
                    VPOS="726.0"
                    WIDTH="611.0"
                    HEIGHT="4.0">
	    <String CONTENT=""
                    HPOS="147.0"
                    VPOS="726.0"
                    WIDTH="611.0"
                    HEIGHT="4.0"></String>
          </TextLine>
          <TextLine ID="eSc_line_af7fd6c6"
                    BASELINE="145 771 655 766" 
                    HPOS="145.0"
                    VPOS="766.0"
                    WIDTH="510.0"
                    HEIGHT="5.0">
	    <String CONTENT=""
                    HPOS="145.0"
                    VPOS="766.0"
                    WIDTH="510.0"
                    HEIGHT="5.0"></String>
          </TextLine>
          <TextLine ID="eSc_line_6d0e37b3"
                    BASELINE="156 811 758 807" 
                    HPOS="156.0"
                    VPOS="807.0"
                    WIDTH="602.0"
                    HEIGHT="4.0">
	    <String CONTENT=""
                    HPOS="156.0"
                    VPOS="807.0"
                    WIDTH="602.0"
                    HEIGHT="4.0"></String>
          </TextLine>
          <TextLine ID="eSc_line_c33a9253"
                    BASELINE="346 854 551 847" 
                    HPOS="346.0"
                    VPOS="847.0"
                    WIDTH="205.0"
                    HEIGHT="7.0">
	    <String CONTENT=""
                    HPOS="346.0"
                    VPOS="847.0"
                    WIDTH="205.0"
                    HEIGHT="7.0"></String>
          </TextLine>
          <TextLine ID="eSc_line_4753df9f"
                    BASELINE="150 892 668 897" 
                    HPOS="150.0"
                    VPOS="892.0"
                    WIDTH="518.0"
                    HEIGHT="5.0">
	    <String CONTENT=""
                    HPOS="150.0"
                    VPOS="892.0"
                    WIDTH="518.0"
                    HEIGHT="5.0"></String>
          </TextLine>
          <TextLine ID="eSc_line_f4f66d7b"
                    BASELINE="145 937 702 940" 
                    HPOS="145.0"
                    VPOS="937.0"
                    WIDTH="557.0"
                    HEIGHT="3.0">
	    <String CONTENT=""
                    HPOS="145.0"
                    VPOS="937.0"
                    WIDTH="557.0"
                    HEIGHT="3.0"></String>
          </TextLine>
        </TextBlock>
        <TextBlock HPOS="140.0"
                   VPOS="983.0"
                   WIDTH="643.0"
                   HEIGHT="347.0"
                   ID="region_1719311376283_33"
                   TAGREFS="BT3756">
          <Shape><Polygon POINTS="140 983 783 984 769 1330 140 1330"/></Shape>
          <TextLine ID="eSc_line_a38c384e"
                    BASELINE="154 1023 763 1023" 
                    HPOS="154.0"
                    VPOS="1023.0"
                    WIDTH="609.0"
                    HEIGHT="0.0">
	    <String CONTENT=""
                    HPOS="154.0"
                    VPOS="1023.0"
                    WIDTH="609.0"
                    HEIGHT="0.0"></String>
          </TextLine>
          <TextLine ID="eSc_line_7a973972"
                    BASELINE="152 1064 765 1057" 
                    HPOS="152.0"
                    VPOS="1057.0"
                    WIDTH="613.0"
                    HEIGHT="7.0">
	    <String CONTENT=""
                    HPOS="152.0"
                    VPOS="1057.0"
                    WIDTH="613.0"
                    HEIGHT="7.0"></String>
          </TextLine>
          <TextLine ID="eSc_line_541d2f93"
                    BASELINE="443 1104 567 1102" 
                    HPOS="443.0"
                    VPOS="1102.0"
                    WIDTH="124.0"
                    HEIGHT="2.0">
	    <String CONTENT=""
                    HPOS="443.0"
                    VPOS="1102.0"
                    WIDTH="124.0"
                    HEIGHT="2.0"></String>
          </TextLine>
          <TextLine ID="eSc_line_80687e8d"
                    BASELINE="154 1154 763 1152" 
                    HPOS="154.0"
                    VPOS="1152.0"
                    WIDTH="609.0"
                    HEIGHT="2.0">
	    <String CONTENT=""
                    HPOS="154.0"
                    VPOS="1152.0"
                    WIDTH="609.0"
                    HEIGHT="2.0"></String>
          </TextLine>
          <TextLine ID="eSc_line_982d964d"
                    BASELINE="154 1188 763 1189" 
                    HPOS="154.0"
                    VPOS="1188.0"
                    WIDTH="609.0"
                    HEIGHT="1.0">
	    <String CONTENT=""
                    HPOS="154.0"
                    VPOS="1188.0"
                    WIDTH="609.0"
                    HEIGHT="1.0"></String>
          </TextLine>
          <TextLine ID="eSc_line_d56d5bbc"
                    BASELINE="444 1225 722 1229" 
                    HPOS="444.0"
                    VPOS="1225.0"
                    WIDTH="278.0"
                    HEIGHT="4.0">
	    <String CONTENT=""
                    HPOS="444.0"
                    VPOS="1225.0"
                    WIDTH="278.0"
                    HEIGHT="4.0"></String>
          </TextLine>
          <TextLine ID="eSc_line_086690e8"
                    BASELINE="157 1267 750 1271" 
                    HPOS="157.0"
                    VPOS="1267.0"
                    WIDTH="593.0"
                    HEIGHT="4.0">
	    <String CONTENT=""
                    HPOS="157.0"
                    VPOS="1267.0"
                    WIDTH="593.0"
                    HEIGHT="4.0"></String>
          </TextLine>
          <TextLine ID="eSc_line_645a6375"
                    BASELINE="159 1312 597 1314" 
                    HPOS="159.0"
                    VPOS="1312.0"
                    WIDTH="438.0"
                    HEIGHT="2.0">
	    <String CONTENT=""
                    HPOS="159.0"
                    VPOS="1312.0"
                    WIDTH="438.0"
                    HEIGHT="2.0"></String>
          </TextLine>
        </TextBlock>
        <TextBlock HPOS="143.0"
                   VPOS="632.0"
                   WIDTH="53.0"
                   HEIGHT="61.0"
                   ID="TextRegion_1721132634367_1229"
                   TAGREFS="BT3756">
          <Shape><Polygon POINTS="143 632 183 632 196 660 190 693 143 693"/></Shape>
        </TextBlock>
        <TextBlock HPOS="139.0"
                   VPOS="106.0"
                   WIDTH="50.0"
                   HEIGHT="39.0"
                   ID="region_1719311332527_18"
                   TAGREFS="BT3756">
          <Shape><Polygon POINTS="140 106 189 106 189 144 139 145"/></Shape>
        </TextBlock>
      </PrintSpace>
    </Page>
  </Layout>
</alto>
