<?xml version="1.0" encoding="UTF-8"?>
<alto xmlns:xsi="http://www.w3.org/2001/XMLSchema-instance"
      xmlns="http://www.loc.gov/standards/alto/ns-v4#"
      xsi:schemaLocation="http://www.loc.gov/standards/alto/ns-v4# http://www.loc.gov/standards/alto/v4/alto-4-2.xsd">
  <Description>
    <MeasurementUnit>pixel</MeasurementUnit>
    <sourceImageInformation>
      <fileName>1789,_Saemmtliche_Poetische_Werke,_Baumeister,_Bd._2,_VD18_80391567-001_Seite_243_Bild_0001.jpg</fileName>
    </sourceImageInformation>
  </Description>
  <Tags>
    <OtherTag ID="BT1" LABEL="Title" DESCRIPTION="block type Title"/><OtherTag ID="BT2" LABEL="Main" DESCRIPTION="block type Main"/><OtherTag ID="BT3" LABEL="Commentary" DESCRIPTION="block type Commentary"/><OtherTag ID="BT4" LABEL="Illustration" DESCRIPTION="block type Illustration"/><OtherTag ID="BT3755" LABEL="header" DESCRIPTION="block type header"/><OtherTag ID="BT3756" LABEL="paragraph" DESCRIPTION="block type paragraph"/><OtherTag ID="BT3757" LABEL="heading" DESCRIPTION="block type heading"/><OtherTag ID="BT3758" LABEL="footnote" DESCRIPTION="block type footnote"/><OtherTag ID="BT3759" LABEL="l-column" DESCRIPTION="block type l-column"/><OtherTag ID="BT3760" LABEL="r-column" DESCRIPTION="block type r-column"/><OtherTag ID="BT3761" LABEL="marginalia" DESCRIPTION="block type marginalia"/><OtherTag ID="BT4125" LABEL="drop-capital" DESCRIPTION="block type drop-capital"/><OtherTag ID="BT4126" LABEL="catch-word" DESCRIPTION="block type catch-word"/><OtherTag ID="BT4127" LABEL="page-number" DESCRIPTION="block type page-number"/><OtherTag ID="BT4128" LABEL="signature-mark" DESCRIPTION="block type signature-mark"/><OtherTag ID="BT4129" LABEL="poem_lg" DESCRIPTION="block type poem_lg"/><OtherTag ID="BT4130" LABEL="endnote" DESCRIPTION="block type endnote"/>
  </Tags>
  <Layout>
    <Page WIDTH="901"
          HEIGHT="1509"
          PHYSICAL_IMG_NR="180"
          ID="eSc_dummypage_">
      <PrintSpace HPOS="0"
                  VPOS="0"
                  WIDTH="901"
                  HEIGHT="1509">
        <TextBlock HPOS="134.0"
                   VPOS="101.0"
                   WIDTH="71.0"
                   HEIGHT="38.0"
                   ID="region_1737732334598_868"
                   TAGREFS="BT3756">
          <Shape><Polygon POINTS="134 101 205 101 204 139 138 133"/></Shape>
        </TextBlock>
        <TextBlock HPOS="136.0"
                   VPOS="153.0"
                   WIDTH="632.0"
                   HEIGHT="541.0"
                   ID="region_1737732197116_829"
                   TAGREFS="BT3758">
          <Shape><Polygon POINTS="136 154 759 153 768 615 735 623 758 687 720 694 596 692 587 656 506 649 495 613 171 618"/></Shape>
        </TextBlock>
        <TextBlock HPOS="147.0"
                   VPOS="721.0"
                   WIDTH="620.0"
                   HEIGHT="106.0"
                   ID="region_1737732213522_833"
                   TAGREFS="BT3757">
          <Shape><Polygon POINTS="149 721 765 726 767 777 564 779 550 827 364 823 351 784 147 771"/></Shape>
        </TextBlock>
        <TextBlock HPOS="186.0"
                   VPOS="847.0"
                   WIDTH="595.0"
                   HEIGHT="344.0"
                   ID="region_1737732234098_836"
                   TAGREFS="BT3756">
          <Shape><Polygon POINTS="194 847 778 852 781 1146 616 1153 601 1191 428 1190 430 1151 270 1142 262 1077 186 1066"/></Shape>
        </TextBlock>
        <TextBlock HPOS="158.0"
                   VPOS="1200.0"
                   WIDTH="61.0"
                   HEIGHT="55.0"
                   ID="region_1737732246561_839"
                   TAGREFS="BT3756">
          <Shape><Polygon POINTS="164 1255 219 1253 215 1239 217 1215 218 1207 198 1200 158 1205"/></Shape>
        </TextBlock>
        <TextBlock HPOS="218.0"
                   VPOS="1206.0"
                   WIDTH="572.0"
                   HEIGHT="103.0"
                   ID="region_1737732262961_842"
                   TAGREFS="BT3756">
          <Shape><Polygon POINTS="218 1243 221 1227 298 1206 790 1219 776 1273 585 1266 589 1309 394 1307 392 1268 222 1256"/></Shape>
        </TextBlock>
      </PrintSpace>
    </Page>
  </Layout>
</alto>
