<?xml version="1.0" encoding="UTF-8"?>
<alto xmlns:xsi="http://www.w3.org/2001/XMLSchema-instance"
      xmlns="http://www.loc.gov/standards/alto/ns-v4#"
      xsi:schemaLocation="http://www.loc.gov/standards/alto/ns-v4# http://www.loc.gov/standards/alto/v4/alto-4-2.xsd">
  <Description>
    <MeasurementUnit>pixel</MeasurementUnit>
    <sourceImageInformation>
      <fileName>1793,_Saemmtliche_Poetische_Werke,_Schraembl,_Bd._1,_VD18_90245881_Seite_213_Bild_0001.jpg</fileName>
      <fileIdentifier>mets//SchraemblZeilenUnb.zip/1793,_Saemmtliche_Poetische_Werke,_Schraembl,_Bd._1,_VD18_90245881_Seite_213_Bild_0001.jpg</fileIdentifier>
    </sourceImageInformation>
  </Description>
  <Tags>
    <OtherTag ID="BT1" LABEL="Title" DESCRIPTION="block type Title"/><OtherTag ID="BT2" LABEL="Main" DESCRIPTION="block type Main"/><OtherTag ID="BT3" LABEL="Commentary" DESCRIPTION="block type Commentary"/><OtherTag ID="BT4" LABEL="Illustration" DESCRIPTION="block type Illustration"/><OtherTag ID="BT3755" LABEL="header" DESCRIPTION="block type header"/><OtherTag ID="BT3756" LABEL="paragraph" DESCRIPTION="block type paragraph"/><OtherTag ID="BT3757" LABEL="heading" DESCRIPTION="block type heading"/><OtherTag ID="BT3758" LABEL="footnote" DESCRIPTION="block type footnote"/><OtherTag ID="BT3759" LABEL="l-column" DESCRIPTION="block type l-column"/><OtherTag ID="BT3760" LABEL="r-column" DESCRIPTION="block type r-column"/><OtherTag ID="BT3761" LABEL="marginalia" DESCRIPTION="block type marginalia"/><OtherTag ID="BT4125" LABEL="drop-capital" DESCRIPTION="block type drop-capital"/><OtherTag ID="BT4126" LABEL="catch-word" DESCRIPTION="block type catch-word"/><OtherTag ID="BT4127" LABEL="page-number" DESCRIPTION="block type page-number"/><OtherTag ID="BT4128" LABEL="signature-mark" DESCRIPTION="block type signature-mark"/><OtherTag ID="BT4129" LABEL="poem_lg" DESCRIPTION="block type poem_lg"/><OtherTag ID="BT4130" LABEL="endnote" DESCRIPTION="block type endnote"/>
  </Tags>
  <Layout>
    <Page WIDTH="1076"
          HEIGHT="1876"
          PHYSICAL_IMG_NR="102"
          ID="eSc_dummypage_">
      <PrintSpace HPOS="0"
                  VPOS="0"
                  WIDTH="1076"
                  HEIGHT="1876">
        <TextBlock HPOS="311"
                   VPOS="145"
                   WIDTH="78"
                   HEIGHT="42"
                   ID="region_1718557281618_187"
                   TAGREFS="BT3756">
          <Shape><Polygon POINTS="311 187 389 187 389 145 311 145"/></Shape>
          <TextLine ID="eSc_line_862525ac"
                    BASELINE="315 183 377 178" 
                    HPOS="315"
                    VPOS="178"
                    WIDTH="62"
                    HEIGHT="5">
	    <String CONTENT=""
                    HPOS="315"
                    VPOS="178"
                    WIDTH="62"
                    HEIGHT="5"></String>
          </TextLine>
        </TextBlock>
        <TextBlock HPOS="295"
                   VPOS="369"
                   WIDTH="696"
                   HEIGHT="102"
                   ID="region_1718557365795_204"
                   TAGREFS="BT3758">
          <Shape><Polygon POINTS="305 458 991 471 991 369 295 369"/></Shape>
          <TextLine ID="eSc_line_cbb90e1d"
                    BASELINE="342 414 988 426" 
                    HPOS="342"
                    VPOS="414"
                    WIDTH="646"
                    HEIGHT="12">
	    <String CONTENT=""
                    HPOS="342"
                    VPOS="414"
                    WIDTH="646"
                    HEIGHT="12"></String>
          </TextLine>
          <TextLine ID="eSc_line_e88d39e0"
                    BASELINE="307 454 459 453" 
                    HPOS="307"
                    VPOS="453"
                    WIDTH="152"
                    HEIGHT="1">
	    <String CONTENT=""
                    HPOS="307"
                    VPOS="453"
                    WIDTH="152"
                    HEIGHT="1"></String>
          </TextLine>
        </TextBlock>
        <TextBlock HPOS="452"
                   VPOS="277"
                   WIDTH="390"
                   HEIGHT="54"
                   ID="region_1718557327131_197"
                   TAGREFS="BT3757">
          <Shape><Polygon POINTS="452 331 842 331 842 277 452 277"/></Shape>
          <TextLine ID="eSc_line_3ac37bc1"
                    BASELINE="461 319 837 321" 
                    HPOS="461"
                    VPOS="319"
                    WIDTH="376"
                    HEIGHT="2">
	    <String CONTENT=""
                    HPOS="461"
                    VPOS="319"
                    WIDTH="376"
                    HEIGHT="2"></String>
          </TextLine>
        </TextBlock>
        <TextBlock HPOS="292"
                   VPOS="468"
                   WIDTH="703"
                   HEIGHT="141"
                   ID="region_1718557380899_208"
                   TAGREFS="BT3758">
          <Shape><Polygon POINTS="297 529 292 599 451 608 709 609 801 591 994 574 995 485 328 468"/></Shape>
          <TextLine ID="eSc_line_436c9176"
                    BASELINE="333 499 988 514" 
                    HPOS="333"
                    VPOS="499"
                    WIDTH="655"
                    HEIGHT="15">
	    <String CONTENT=""
                    HPOS="333"
                    VPOS="499"
                    WIDTH="655"
                    HEIGHT="15"></String>
          </TextLine>
          <TextLine ID="eSc_line_38940de0"
                    BASELINE="304 552 987 566" 
                    HPOS="304"
                    VPOS="552"
                    WIDTH="683"
                    HEIGHT="14">
	    <String CONTENT=""
                    HPOS="304"
                    VPOS="552"
                    WIDTH="683"
                    HEIGHT="14"></String>
          </TextLine>
          <TextLine ID="eSc_line_a409bbc1"
                    BASELINE="305 591 708 603" 
                    HPOS="305"
                    VPOS="591"
                    WIDTH="403"
                    HEIGHT="12">
	    <String CONTENT=""
                    HPOS="305"
                    VPOS="591"
                    WIDTH="403"
                    HEIGHT="12"></String>
          </TextLine>
        </TextBlock>
        <TextBlock HPOS="287"
                   VPOS="613"
                   WIDTH="709"
                   HEIGHT="557"
                   ID="region_1718557429243_212"
                   TAGREFS="BT3758">
          <Shape><Polygon POINTS="290 615 996 613 996 1170 287 1169"/></Shape>
          <TextLine ID="eSc_line_1a23e5a2"
                    BASELINE="330 643 989 660" 
                    HPOS="330"
                    VPOS="643"
                    WIDTH="659"
                    HEIGHT="17">
	    <String CONTENT=""
                    HPOS="330"
                    VPOS="643"
                    WIDTH="659"
                    HEIGHT="17"></String>
          </TextLine>
          <TextLine ID="eSc_line_eccd8059"
                    BASELINE="303 688 980 702" 
                    HPOS="303"
                    VPOS="688"
                    WIDTH="677"
                    HEIGHT="14">
	    <String CONTENT=""
                    HPOS="303"
                    VPOS="688"
                    WIDTH="677"
                    HEIGHT="14"></String>
          </TextLine>
          <TextLine ID="eSc_line_ce091f8a"
                    BASELINE="302 736 983 748" 
                    HPOS="302"
                    VPOS="736"
                    WIDTH="681"
                    HEIGHT="12">
	    <String CONTENT=""
                    HPOS="302"
                    VPOS="736"
                    WIDTH="681"
                    HEIGHT="12"></String>
          </TextLine>
          <TextLine ID="eSc_line_3e2c566b"
                    BASELINE="301 783 978 792" 
                    HPOS="301"
                    VPOS="783"
                    WIDTH="677"
                    HEIGHT="9">
	    <String CONTENT=""
                    HPOS="301"
                    VPOS="783"
                    WIDTH="677"
                    HEIGHT="9"></String>
          </TextLine>
          <TextLine ID="eSc_line_c9668c51"
                    BASELINE="300 834 988 842" 
                    HPOS="300"
                    VPOS="834"
                    WIDTH="688"
                    HEIGHT="8">
	    <String CONTENT=""
                    HPOS="300"
                    VPOS="834"
                    WIDTH="688"
                    HEIGHT="8"></String>
          </TextLine>
          <TextLine ID="eSc_line_9e7bdaff"
                    BASELINE="299 875 978 883" 
                    HPOS="299"
                    VPOS="875"
                    WIDTH="679"
                    HEIGHT="8">
	    <String CONTENT=""
                    HPOS="299"
                    VPOS="875"
                    WIDTH="679"
                    HEIGHT="8"></String>
          </TextLine>
          <TextLine ID="eSc_line_89cfdfa3"
                    BASELINE="301 921 976 935" 
                    HPOS="301"
                    VPOS="921"
                    WIDTH="675"
                    HEIGHT="14">
	    <String CONTENT=""
                    HPOS="301"
                    VPOS="921"
                    WIDTH="675"
                    HEIGHT="14"></String>
          </TextLine>
          <TextLine ID="eSc_line_0fffb40e"
                    BASELINE="292 968 979 980" 
                    HPOS="292"
                    VPOS="968"
                    WIDTH="687"
                    HEIGHT="12">
	    <String CONTENT=""
                    HPOS="292"
                    VPOS="968"
                    WIDTH="687"
                    HEIGHT="12"></String>
          </TextLine>
          <TextLine ID="eSc_line_40939e57"
                    BASELINE="296 1011 980 1016" 
                    HPOS="296"
                    VPOS="1011"
                    WIDTH="684"
                    HEIGHT="5">
	    <String CONTENT=""
                    HPOS="296"
                    VPOS="1011"
                    WIDTH="684"
                    HEIGHT="5"></String>
          </TextLine>
          <TextLine ID="eSc_line_f0f50ba9"
                    BASELINE="300 1052 979 1066" 
                    HPOS="300"
                    VPOS="1052"
                    WIDTH="679"
                    HEIGHT="14">
	    <String CONTENT=""
                    HPOS="300"
                    VPOS="1052"
                    WIDTH="679"
                    HEIGHT="14"></String>
          </TextLine>
          <TextLine ID="eSc_line_27414211"
                    BASELINE="290 1101 988 1116" 
                    HPOS="290"
                    VPOS="1101"
                    WIDTH="698"
                    HEIGHT="15">
	    <String CONTENT=""
                    HPOS="290"
                    VPOS="1101"
                    WIDTH="698"
                    HEIGHT="15"></String>
          </TextLine>
          <TextLine ID="eSc_line_45ade847"
                    BASELINE="296 1150 956 1156" 
                    HPOS="296"
                    VPOS="1150"
                    WIDTH="660"
                    HEIGHT="6">
	    <String CONTENT=""
                    HPOS="296"
                    VPOS="1150"
                    WIDTH="660"
                    HEIGHT="6"></String>
          </TextLine>
        </TextBlock>
        <TextBlock HPOS="339"
                   VPOS="1210"
                   WIDTH="593"
                   HEIGHT="43"
                   ID="region_1718557451092_218"
                   TAGREFS="BT3757">
          <Shape><Polygon POINTS="339 1253 932 1253 932 1210 339 1210"/></Shape>
          <TextLine ID="eSc_line_0ea27a51"
                    BASELINE="351 1245 911 1245" 
                    HPOS="351"
                    VPOS="1245"
                    WIDTH="560"
                    HEIGHT="0">
	    <String CONTENT=""
                    HPOS="351"
                    VPOS="1245"
                    WIDTH="560"
                    HEIGHT="0"></String>
          </TextLine>
        </TextBlock>
        <TextBlock HPOS="271"
                   VPOS="1286"
                   WIDTH="727"
                   HEIGHT="249"
                   ID="region_1718557460340_221"
                   TAGREFS="BT3758">
          <Shape><Polygon POINTS="271 1535 996 1535 998 1290 291 1286"/></Shape>
          <TextLine ID="eSc_line_f56f861d"
                    BASELINE="322 1330 971 1345" 
                    HPOS="322"
                    VPOS="1330"
                    WIDTH="649"
                    HEIGHT="15">
	    <String CONTENT=""
                    HPOS="322"
                    VPOS="1330"
                    WIDTH="649"
                    HEIGHT="15"></String>
          </TextLine>
          <TextLine ID="eSc_line_611e27a9"
                    BASELINE="294 1392 972 1393" 
                    HPOS="294"
                    VPOS="1392"
                    WIDTH="678"
                    HEIGHT="1">
	    <String CONTENT=""
                    HPOS="294"
                    VPOS="1392"
                    WIDTH="678"
                    HEIGHT="1"></String>
          </TextLine>
          <TextLine ID="eSc_line_d0bd2567"
                    BASELINE="291 1439 979 1434" 
                    HPOS="291"
                    VPOS="1434"
                    WIDTH="688"
                    HEIGHT="5">
	    <String CONTENT=""
                    HPOS="291"
                    VPOS="1434"
                    WIDTH="688"
                    HEIGHT="5"></String>
          </TextLine>
          <TextLine ID="eSc_line_74c0699b"
                    BASELINE="292 1481 972 1486" 
                    HPOS="292"
                    VPOS="1481"
                    WIDTH="680"
                    HEIGHT="5">
	    <String CONTENT=""
                    HPOS="292"
                    VPOS="1481"
                    WIDTH="680"
                    HEIGHT="5"></String>
          </TextLine>
          <TextLine ID="eSc_line_d9910137"
                    BASELINE="282 1521 578 1526" 
                    HPOS="282"
                    VPOS="1521"
                    WIDTH="296"
                    HEIGHT="5">
	    <String CONTENT=""
                    HPOS="282"
                    VPOS="1521"
                    WIDTH="296"
                    HEIGHT="5"></String>
          </TextLine>
        </TextBlock>
      </PrintSpace>
    </Page>
  </Layout>
</alto>
