<?xml version="1.0" encoding="UTF-8"?>
<alto xmlns:xsi="http://www.w3.org/2001/XMLSchema-instance"
      xmlns="http://www.loc.gov/standards/alto/ns-v4#"
      xsi:schemaLocation="http://www.loc.gov/standards/alto/ns-v4# http://www.loc.gov/standards/alto/v4/alto-4-2.xsd">
  <Description>
    <MeasurementUnit>pixel</MeasurementUnit>
    <sourceImageInformation>
      <fileName>1793,_Saemmtliche_Poetische_Werke,_Schraembl,_Bd._2,_VD18_9024589X_Seite_182_Bild_0001.jpg</fileName>
      <fileIdentifier>mets//SchraemblZeilenUnb.zip/1793,_Saemmtliche_Poetische_Werke,_Schraembl,_Bd._2,_VD18_9024589X_Seite_182_Bild_0001.jpg</fileIdentifier>
    </sourceImageInformation>
  </Description>
  <Tags>
    <OtherTag ID="BT1" LABEL="Title" DESCRIPTION="block type Title"/><OtherTag ID="BT2" LABEL="Main" DESCRIPTION="block type Main"/><OtherTag ID="BT3" LABEL="Commentary" DESCRIPTION="block type Commentary"/><OtherTag ID="BT4" LABEL="Illustration" DESCRIPTION="block type Illustration"/><OtherTag ID="BT3755" LABEL="header" DESCRIPTION="block type header"/><OtherTag ID="BT3756" LABEL="paragraph" DESCRIPTION="block type paragraph"/><OtherTag ID="BT3757" LABEL="heading" DESCRIPTION="block type heading"/><OtherTag ID="BT3758" LABEL="footnote" DESCRIPTION="block type footnote"/><OtherTag ID="BT3759" LABEL="l-column" DESCRIPTION="block type l-column"/><OtherTag ID="BT3760" LABEL="r-column" DESCRIPTION="block type r-column"/><OtherTag ID="BT3761" LABEL="marginalia" DESCRIPTION="block type marginalia"/><OtherTag ID="BT4125" LABEL="drop-capital" DESCRIPTION="block type drop-capital"/><OtherTag ID="BT4126" LABEL="catch-word" DESCRIPTION="block type catch-word"/><OtherTag ID="BT4127" LABEL="page-number" DESCRIPTION="block type page-number"/><OtherTag ID="BT4128" LABEL="signature-mark" DESCRIPTION="block type signature-mark"/><OtherTag ID="BT4129" LABEL="poem_lg" DESCRIPTION="block type poem_lg"/><OtherTag ID="BT4130" LABEL="endnote" DESCRIPTION="block type endnote"/>
  </Tags>
  <Layout>
    <Page WIDTH="1084"
          HEIGHT="1912"
          PHYSICAL_IMG_NR="108"
          ID="eSc_dummypage_">
      <PrintSpace HPOS="0"
                  VPOS="0"
                  WIDTH="1084"
                  HEIGHT="1912">
        <TextBlock HPOS="157"
                   VPOS="375"
                   WIDTH="543"
                   HEIGHT="69"
                   ID="region_1720168297109_669"
                   TAGREFS="BT3757">
          <Shape><Polygon POINTS="163 386 157 444 690 435 700 375"/></Shape>
          <TextLine ID="eSc_line_bea2450c"
                    BASELINE="165 420 678 419" 
                    HPOS="165"
                    VPOS="419"
                    WIDTH="513"
                    HEIGHT="1">
	    <String CONTENT=""
                    HPOS="165"
                    VPOS="419"
                    WIDTH="513"
                    HEIGHT="1"></String>
          </TextLine>
        </TextBlock>
        <TextBlock HPOS="113"
                   VPOS="497"
                   WIDTH="673"
                   HEIGHT="181"
                   ID="region_1720168307082_672"
                   TAGREFS="BT3756">
          <Shape><Polygon POINTS="113 501 113 666 786 678 754 497"/></Shape>
          <TextLine ID="eSc_line_735e5e40"
                    BASELINE="119 541 721 543" 
                    HPOS="119"
                    VPOS="541"
                    WIDTH="602"
                    HEIGHT="2">
	    <String CONTENT=""
                    HPOS="119"
                    VPOS="541"
                    WIDTH="602"
                    HEIGHT="2"></String>
          </TextLine>
          <TextLine ID="eSc_line_c5d5371a"
                    BASELINE="142 574 685 581" 
                    HPOS="142"
                    VPOS="574"
                    WIDTH="543"
                    HEIGHT="7">
	    <String CONTENT=""
                    HPOS="142"
                    VPOS="574"
                    WIDTH="543"
                    HEIGHT="7"></String>
          </TextLine>
          <TextLine ID="eSc_line_51014321"
                    BASELINE="123 620 757 616" 
                    HPOS="123"
                    VPOS="616"
                    WIDTH="634"
                    HEIGHT="4">
	    <String CONTENT=""
                    HPOS="123"
                    VPOS="616"
                    WIDTH="634"
                    HEIGHT="4"></String>
          </TextLine>
          <TextLine ID="eSc_line_e7a5c99d"
                    BASELINE="231 656 769 661" 
                    HPOS="231"
                    VPOS="656"
                    WIDTH="538"
                    HEIGHT="5">
	    <String CONTENT=""
                    HPOS="231"
                    VPOS="656"
                    WIDTH="538"
                    HEIGHT="5"></String>
          </TextLine>
        </TextBlock>
        <TextBlock HPOS="708"
                   VPOS="212"
                   WIDTH="68"
                   HEIGHT="41"
                   ID="region_1720168288155_666"
                   TAGREFS="BT3756">
          <Shape><Polygon POINTS="708 215 711 247 770 253 776 212"/></Shape>
          <TextLine ID="eSc_line_d8377b72"
                    BASELINE="713 241 768 243" 
                    HPOS="713"
                    VPOS="241"
                    WIDTH="55"
                    HEIGHT="2">
	    <String CONTENT=""
                    HPOS="713"
                    VPOS="241"
                    WIDTH="55"
                    HEIGHT="2"></String>
          </TextLine>
        </TextBlock>
        <TextBlock HPOS="118"
                   VPOS="737"
                   WIDTH="75"
                   HEIGHT="58"
                   ID="region_1720168316450_675"
                   TAGREFS="BT3756">
          <Shape><Polygon POINTS="193 740 192 793 118 795 122 737"/></Shape>
          <TextLine ID="eSc_line_6bef8aa6"
                    BASELINE="120 788 828 799" 
                    HPOS="120"
                    VPOS="788"
                    WIDTH="708"
                    HEIGHT="11">
	    <String CONTENT=""
                    HPOS="120"
                    VPOS="788"
                    WIDTH="708"
                    HEIGHT="11"></String>
          </TextLine>
        </TextBlock>
        <TextBlock HPOS="82"
                   VPOS="746"
                   WIDTH="762"
                   HEIGHT="396"
                   ID="region_1720168337378_678"
                   TAGREFS="BT3756">
          <Shape><Polygon POINTS="195 753 195 801 89 802 82 1138 797 1142 826 848 844 746"/></Shape>
          <TextLine ID="eSc_line_e5574a54"
                    BASELINE="93 840 683 847" 
                    HPOS="93"
                    VPOS="840"
                    WIDTH="590"
                    HEIGHT="7">
	    <String CONTENT=""
                    HPOS="93"
                    VPOS="840"
                    WIDTH="590"
                    HEIGHT="7"></String>
          </TextLine>
          <TextLine ID="eSc_line_d9890ba8"
                    BASELINE="94 887 697 888" 
                    HPOS="94"
                    VPOS="887"
                    WIDTH="603"
                    HEIGHT="1">
	    <String CONTENT=""
                    HPOS="94"
                    VPOS="887"
                    WIDTH="603"
                    HEIGHT="1"></String>
          </TextLine>
          <TextLine ID="eSc_line_0c0eac1a"
                    BASELINE="91 928 795 936" 
                    HPOS="91"
                    VPOS="928"
                    WIDTH="704"
                    HEIGHT="8">
	    <String CONTENT=""
                    HPOS="91"
                    VPOS="928"
                    WIDTH="704"
                    HEIGHT="8"></String>
          </TextLine>
          <TextLine ID="eSc_line_2bd0d5b0"
                    BASELINE="90 978 713 986" 
                    HPOS="90"
                    VPOS="978"
                    WIDTH="623"
                    HEIGHT="8">
	    <String CONTENT=""
                    HPOS="90"
                    VPOS="978"
                    WIDTH="623"
                    HEIGHT="8"></String>
          </TextLine>
          <TextLine ID="eSc_line_6ff883f5"
                    BASELINE="94 1016 675 1030" 
                    HPOS="94"
                    VPOS="1016"
                    WIDTH="581"
                    HEIGHT="14">
	    <String CONTENT=""
                    HPOS="94"
                    VPOS="1016"
                    WIDTH="581"
                    HEIGHT="14"></String>
          </TextLine>
          <TextLine ID="eSc_line_de8b91e6"
                    BASELINE="94 1069 692 1069" 
                    HPOS="94"
                    VPOS="1069"
                    WIDTH="598"
                    HEIGHT="0">
	    <String CONTENT=""
                    HPOS="94"
                    VPOS="1069"
                    WIDTH="598"
                    HEIGHT="0"></String>
          </TextLine>
          <TextLine ID="eSc_line_8d3196c2"
                    BASELINE="91 1113 743 1121" 
                    HPOS="91"
                    VPOS="1113"
                    WIDTH="652"
                    HEIGHT="8">
	    <String CONTENT=""
                    HPOS="91"
                    VPOS="1113"
                    WIDTH="652"
                    HEIGHT="8"></String>
          </TextLine>
        </TextBlock>
        <TextBlock HPOS="68"
                   VPOS="1197"
                   WIDTH="696"
                   HEIGHT="411"
                   ID="region_1720168343664_681"
                   TAGREFS="BT3756">
          <Shape><Polygon POINTS="70 1204 68 1605 762 1608 764 1197"/></Shape>
          <TextLine ID="eSc_line_96eb4b1e"
                    BASELINE="133 1254 711 1257" 
                    HPOS="133"
                    VPOS="1254"
                    WIDTH="578"
                    HEIGHT="3">
	    <String CONTENT=""
                    HPOS="133"
                    VPOS="1254"
                    WIDTH="578"
                    HEIGHT="3"></String>
          </TextLine>
          <TextLine ID="eSc_line_e0c70d89"
                    BASELINE="91 1299 578 1303" 
                    HPOS="91"
                    VPOS="1299"
                    WIDTH="487"
                    HEIGHT="4">
	    <String CONTENT=""
                    HPOS="91"
                    VPOS="1299"
                    WIDTH="487"
                    HEIGHT="4"></String>
          </TextLine>
          <TextLine ID="eSc_line_9228c94d"
                    BASELINE="84 1349 741 1356" 
                    HPOS="84"
                    VPOS="1349"
                    WIDTH="657"
                    HEIGHT="7">
	    <String CONTENT=""
                    HPOS="84"
                    VPOS="1349"
                    WIDTH="657"
                    HEIGHT="7"></String>
          </TextLine>
          <TextLine ID="eSc_line_c3ca7bf3"
                    BASELINE="91 1397 635 1399" 
                    HPOS="91"
                    VPOS="1397"
                    WIDTH="544"
                    HEIGHT="2">
	    <String CONTENT=""
                    HPOS="91"
                    VPOS="1397"
                    WIDTH="544"
                    HEIGHT="2"></String>
          </TextLine>
          <TextLine ID="eSc_line_d5336712"
                    BASELINE="91 1438 707 1445" 
                    HPOS="91"
                    VPOS="1438"
                    WIDTH="616"
                    HEIGHT="7">
	    <String CONTENT=""
                    HPOS="91"
                    VPOS="1438"
                    WIDTH="616"
                    HEIGHT="7"></String>
          </TextLine>
          <TextLine ID="eSc_line_456ed3c1"
                    BASELINE="91 1483 733 1492" 
                    HPOS="91"
                    VPOS="1483"
                    WIDTH="642"
                    HEIGHT="9">
	    <String CONTENT=""
                    HPOS="91"
                    VPOS="1483"
                    WIDTH="642"
                    HEIGHT="9"></String>
          </TextLine>
          <TextLine ID="eSc_line_7e4a67ef"
                    BASELINE="92 1533 673 1539" 
                    HPOS="92"
                    VPOS="1533"
                    WIDTH="581"
                    HEIGHT="6">
	    <String CONTENT=""
                    HPOS="92"
                    VPOS="1533"
                    WIDTH="581"
                    HEIGHT="6"></String>
          </TextLine>
          <TextLine ID="eSc_line_fca3279a"
                    BASELINE="90 1579 699 1587" 
                    HPOS="90"
                    VPOS="1579"
                    WIDTH="609"
                    HEIGHT="8">
	    <String CONTENT=""
                    HPOS="90"
                    VPOS="1579"
                    WIDTH="609"
                    HEIGHT="8"></String>
          </TextLine>
        </TextBlock>
      </PrintSpace>
    </Page>
  </Layout>
</alto>
