<?xml version="1.0" encoding="UTF-8"?>
<alto xmlns:xsi="http://www.w3.org/2001/XMLSchema-instance"
      xmlns="http://www.loc.gov/standards/alto/ns-v4#"
      xsi:schemaLocation="http://www.loc.gov/standards/alto/ns-v4# http://www.loc.gov/standards/alto/v4/alto-4-2.xsd">
  <Description>
    <MeasurementUnit>pixel</MeasurementUnit>
    <sourceImageInformation>
      <fileName>1793,_Saemmtliche_Poetische_Werke,_Schraembl,_Bd._2,_VD18_9024589X_Seite_131_Bild_0001.jpg</fileName>
      <fileIdentifier>mets//SchraemblZeilenUnb.zip/1793,_Saemmtliche_Poetische_Werke,_Schraembl,_Bd._2,_VD18_9024589X_Seite_131_Bild_0001.jpg</fileIdentifier>
    </sourceImageInformation>
  </Description>
  <Tags>
    <OtherTag ID="BT1" LABEL="Title" DESCRIPTION="block type Title"/><OtherTag ID="BT2" LABEL="Main" DESCRIPTION="block type Main"/><OtherTag ID="BT3" LABEL="Commentary" DESCRIPTION="block type Commentary"/><OtherTag ID="BT4" LABEL="Illustration" DESCRIPTION="block type Illustration"/><OtherTag ID="BT3755" LABEL="header" DESCRIPTION="block type header"/><OtherTag ID="BT3756" LABEL="paragraph" DESCRIPTION="block type paragraph"/><OtherTag ID="BT3757" LABEL="heading" DESCRIPTION="block type heading"/><OtherTag ID="BT3758" LABEL="footnote" DESCRIPTION="block type footnote"/><OtherTag ID="BT3759" LABEL="l-column" DESCRIPTION="block type l-column"/><OtherTag ID="BT3760" LABEL="r-column" DESCRIPTION="block type r-column"/><OtherTag ID="BT3761" LABEL="marginalia" DESCRIPTION="block type marginalia"/><OtherTag ID="BT4125" LABEL="drop-capital" DESCRIPTION="block type drop-capital"/><OtherTag ID="BT4126" LABEL="catch-word" DESCRIPTION="block type catch-word"/><OtherTag ID="BT4127" LABEL="page-number" DESCRIPTION="block type page-number"/><OtherTag ID="BT4128" LABEL="signature-mark" DESCRIPTION="block type signature-mark"/><OtherTag ID="BT4129" LABEL="poem_lg" DESCRIPTION="block type poem_lg"/><OtherTag ID="BT4130" LABEL="endnote" DESCRIPTION="block type endnote"/>
  </Tags>
  <Layout>
    <Page WIDTH="1096"
          HEIGHT="1912"
          PHYSICAL_IMG_NR="106"
          ID="eSc_dummypage_">
      <PrintSpace HPOS="0"
                  VPOS="0"
                  WIDTH="1096"
                  HEIGHT="1912">
        <TextBlock HPOS="304"
                   VPOS="208"
                   WIDTH="56"
                   HEIGHT="45"
                   ID="region_1718561082888_429"
                   TAGREFS="BT3756">
          <Shape><Polygon POINTS="304 253 360 253 360 208 304 208"/></Shape>
          <TextLine ID="eSc_line_5f93142d"
                    BASELINE="312 244 352 239" 
                    HPOS="312"
                    VPOS="239"
                    WIDTH="40"
                    HEIGHT="5">
	    <String CONTENT=""
                    HPOS="312"
                    VPOS="239"
                    WIDTH="40"
                    HEIGHT="5"></String>
          </TextLine>
        </TextBlock>
        <TextBlock HPOS="362"
                   VPOS="457"
                   WIDTH="579"
                   HEIGHT="82"
                   ID="region_1718561123696_437"
                   TAGREFS="BT3757">
          <Shape><Polygon POINTS="362 539 941 539 941 457 362 457"/></Shape>
          <TextLine ID="eSc_line_49d9f2a1"
                    BASELINE="380 518 932 512" 
                    HPOS="380"
                    VPOS="512"
                    WIDTH="552"
                    HEIGHT="6">
	    <String CONTENT=""
                    HPOS="380"
                    VPOS="512"
                    WIDTH="552"
                    HEIGHT="6"></String>
          </TextLine>
        </TextBlock>
        <TextBlock HPOS="332"
                   VPOS="634"
                   WIDTH="59"
                   HEIGHT="80"
                   ID="TextRegion_1719228894541_164"
                   TAGREFS="BT3756">
          <Shape><Polygon POINTS="345 634 391 636 387 666 374 714 338 713 332 691"/></Shape>
          <TextLine ID="eSc_line_e233fa96"
                    BASELINE="343 705 999 702" 
                    HPOS="343"
                    VPOS="702"
                    WIDTH="656"
                    HEIGHT="3">
	    <String CONTENT=""
                    HPOS="343"
                    VPOS="702"
                    WIDTH="656"
                    HEIGHT="3"></String>
          </TextLine>
        </TextBlock>
        <TextBlock HPOS="276"
                   VPOS="636"
                   WIDTH="747"
                   HEIGHT="450"
                   ID="TextRegion_1719228894540_163"
                   TAGREFS="BT3756">
          <Shape><Polygon POINTS="391 636 1023 636 1023 1086 276 1086 292 767 372 744 379 716 387 666"/></Shape>
          <TextLine ID="eSc_line_c7c920b7"
                    BASELINE="494 749 719 747" 
                    HPOS="494"
                    VPOS="747"
                    WIDTH="225"
                    HEIGHT="2">
	    <String CONTENT=""
                    HPOS="494"
                    VPOS="747"
                    WIDTH="225"
                    HEIGHT="2"></String>
          </TextLine>
          <TextLine ID="eSc_line_92e35caa"
                    BASELINE="314 799 1012 795" 
                    HPOS="314"
                    VPOS="795"
                    WIDTH="698"
                    HEIGHT="4">
	    <String CONTENT=""
                    HPOS="314"
                    VPOS="795"
                    WIDTH="698"
                    HEIGHT="4"></String>
          </TextLine>
          <TextLine ID="eSc_line_ae092bd2"
                    BASELINE="500 841 780 841" 
                    HPOS="500"
                    VPOS="841"
                    WIDTH="280"
                    HEIGHT="0">
	    <String CONTENT=""
                    HPOS="500"
                    VPOS="841"
                    WIDTH="280"
                    HEIGHT="0"></String>
          </TextLine>
          <TextLine ID="eSc_line_e07f2afa"
                    BASELINE="306 885 971 884" 
                    HPOS="306"
                    VPOS="884"
                    WIDTH="665"
                    HEIGHT="1">
	    <String CONTENT=""
                    HPOS="306"
                    VPOS="884"
                    WIDTH="665"
                    HEIGHT="1"></String>
          </TextLine>
          <TextLine ID="eSc_line_699e6ed0"
                    BASELINE="311 929 999 930" 
                    HPOS="311"
                    VPOS="929"
                    WIDTH="688"
                    HEIGHT="1">
	    <String CONTENT=""
                    HPOS="311"
                    VPOS="929"
                    WIDTH="688"
                    HEIGHT="1"></String>
          </TextLine>
          <TextLine ID="eSc_line_eddad94c"
                    BASELINE="310 980 951 978" 
                    HPOS="310"
                    VPOS="978"
                    WIDTH="641"
                    HEIGHT="2">
	    <String CONTENT=""
                    HPOS="310"
                    VPOS="978"
                    WIDTH="641"
                    HEIGHT="2"></String>
          </TextLine>
          <TextLine ID="eSc_line_f55ccdbf"
                    BASELINE="316 1027 996 1020" 
                    HPOS="316"
                    VPOS="1020"
                    WIDTH="680"
                    HEIGHT="7">
	    <String CONTENT=""
                    HPOS="316"
                    VPOS="1020"
                    WIDTH="680"
                    HEIGHT="7"></String>
          </TextLine>
          <TextLine ID="eSc_line_444691d8"
                    BASELINE="502 1076 638 1072" 
                    HPOS="502"
                    VPOS="1072"
                    WIDTH="136"
                    HEIGHT="4">
	    <String CONTENT=""
                    HPOS="502"
                    VPOS="1072"
                    WIDTH="136"
                    HEIGHT="4"></String>
          </TextLine>
        </TextBlock>
        <TextBlock HPOS="292"
                   VPOS="1114"
                   WIDTH="712"
                   HEIGHT="452"
                   ID="region_1718561136704_443"
                   TAGREFS="BT3756">
          <Shape><Polygon POINTS="292 1566 1004 1566 1004 1114 292 1114"/></Shape>
          <TextLine ID="eSc_line_62b4c3ac"
                    BASELINE="341 1164 994 1164" 
                    HPOS="341"
                    VPOS="1164"
                    WIDTH="653"
                    HEIGHT="0">
	    <String CONTENT=""
                    HPOS="341"
                    VPOS="1164"
                    WIDTH="653"
                    HEIGHT="0"></String>
          </TextLine>
          <TextLine ID="eSc_line_ca9c211e"
                    BASELINE="502 1209 994 1208" 
                    HPOS="502"
                    VPOS="1208"
                    WIDTH="492"
                    HEIGHT="1">
	    <String CONTENT=""
                    HPOS="502"
                    VPOS="1208"
                    WIDTH="492"
                    HEIGHT="1"></String>
          </TextLine>
          <TextLine ID="eSc_line_1c5aa513"
                    BASELINE="310 1256 996 1252" 
                    HPOS="310"
                    VPOS="1252"
                    WIDTH="686"
                    HEIGHT="4">
	    <String CONTENT=""
                    HPOS="310"
                    VPOS="1252"
                    WIDTH="686"
                    HEIGHT="4"></String>
          </TextLine>
          <TextLine ID="eSc_line_bc53aa54"
                    BASELINE="502 1301 673 1297" 
                    HPOS="502"
                    VPOS="1297"
                    WIDTH="171"
                    HEIGHT="4">
	    <String CONTENT=""
                    HPOS="502"
                    VPOS="1297"
                    WIDTH="171"
                    HEIGHT="4"></String>
          </TextLine>
          <TextLine ID="eSc_line_0d3def52"
                    BASELINE="315 1352 956 1345" 
                    HPOS="315"
                    VPOS="1345"
                    WIDTH="641"
                    HEIGHT="7">
	    <String CONTENT=""
                    HPOS="315"
                    VPOS="1345"
                    WIDTH="641"
                    HEIGHT="7"></String>
          </TextLine>
          <TextLine ID="eSc_line_4ea6425d"
                    BASELINE="312 1398 995 1390" 
                    HPOS="312"
                    VPOS="1390"
                    WIDTH="683"
                    HEIGHT="8">
	    <String CONTENT=""
                    HPOS="312"
                    VPOS="1390"
                    WIDTH="683"
                    HEIGHT="8"></String>
          </TextLine>
          <TextLine ID="eSc_line_fc132c0a"
                    BASELINE="313 1441 998 1433" 
                    HPOS="313"
                    VPOS="1433"
                    WIDTH="685"
                    HEIGHT="8">
	    <String CONTENT=""
                    HPOS="313"
                    VPOS="1433"
                    WIDTH="685"
                    HEIGHT="8"></String>
          </TextLine>
          <TextLine ID="eSc_line_a486e995"
                    BASELINE="310 1489 998 1480" 
                    HPOS="310"
                    VPOS="1480"
                    WIDTH="688"
                    HEIGHT="9">
	    <String CONTENT=""
                    HPOS="310"
                    VPOS="1480"
                    WIDTH="688"
                    HEIGHT="9"></String>
          </TextLine>
          <TextLine ID="eSc_line_bae547b1"
                    BASELINE="494 1533 654 1534" 
                    HPOS="494"
                    VPOS="1533"
                    WIDTH="160"
                    HEIGHT="1">
	    <String CONTENT=""
                    HPOS="494"
                    VPOS="1533"
                    WIDTH="160"
                    HEIGHT="1"></String>
          </TextLine>
        </TextBlock>
      </PrintSpace>
    </Page>
  </Layout>
</alto>
