<?xml version="1.0" encoding="UTF-8"?>
<alto xmlns:xsi="http://www.w3.org/2001/XMLSchema-instance"
      xmlns="http://www.loc.gov/standards/alto/ns-v4#"
      xsi:schemaLocation="http://www.loc.gov/standards/alto/ns-v4# http://www.loc.gov/standards/alto/v4/alto-4-2.xsd">
  <Description>
    <MeasurementUnit>pixel</MeasurementUnit>
    <sourceImageInformation>
      <fileName>1793,_Saemmtliche_Poetische_Werke,_Schraembl,_Bd._2,_VD18_9024589X_Seite_274_Bild_0001.jpg</fileName>
      <fileIdentifier>mets//SchraemblZeilenUnb.zip/1793,_Saemmtliche_Poetische_Werke,_Schraembl,_Bd._2,_VD18_9024589X_Seite_274_Bild_0001.jpg</fileIdentifier>
    </sourceImageInformation>
  </Description>
  <Tags>
    <OtherTag ID="BT1" LABEL="Title" DESCRIPTION="block type Title"/><OtherTag ID="BT2" LABEL="Main" DESCRIPTION="block type Main"/><OtherTag ID="BT3" LABEL="Commentary" DESCRIPTION="block type Commentary"/><OtherTag ID="BT4" LABEL="Illustration" DESCRIPTION="block type Illustration"/><OtherTag ID="BT3755" LABEL="header" DESCRIPTION="block type header"/><OtherTag ID="BT3756" LABEL="paragraph" DESCRIPTION="block type paragraph"/><OtherTag ID="BT3757" LABEL="heading" DESCRIPTION="block type heading"/><OtherTag ID="BT3758" LABEL="footnote" DESCRIPTION="block type footnote"/><OtherTag ID="BT3759" LABEL="l-column" DESCRIPTION="block type l-column"/><OtherTag ID="BT3760" LABEL="r-column" DESCRIPTION="block type r-column"/><OtherTag ID="BT3761" LABEL="marginalia" DESCRIPTION="block type marginalia"/><OtherTag ID="BT4125" LABEL="drop-capital" DESCRIPTION="block type drop-capital"/><OtherTag ID="BT4126" LABEL="catch-word" DESCRIPTION="block type catch-word"/><OtherTag ID="BT4127" LABEL="page-number" DESCRIPTION="block type page-number"/><OtherTag ID="BT4128" LABEL="signature-mark" DESCRIPTION="block type signature-mark"/><OtherTag ID="BT4129" LABEL="poem_lg" DESCRIPTION="block type poem_lg"/><OtherTag ID="BT4130" LABEL="endnote" DESCRIPTION="block type endnote"/>
  </Tags>
  <Layout>
    <Page WIDTH="1088"
          HEIGHT="1912"
          PHYSICAL_IMG_NR="109"
          ID="eSc_dummypage_">
      <PrintSpace HPOS="0"
                  VPOS="0"
                  WIDTH="1088"
                  HEIGHT="1912">
        <TextBlock HPOS="114"
                   VPOS="281"
                   WIDTH="703"
                   HEIGHT="132"
                   ID="region_1718563007326_786"
                   TAGREFS="BT3758">
          <Shape><Polygon POINTS="118 408 405 413 487 408 809 404 817 284 114 281"/></Shape>
          <TextLine ID="eSc_line_2b192feb"
                    BASELINE="156 320 806 319" 
                    HPOS="156"
                    VPOS="319"
                    WIDTH="650"
                    HEIGHT="1">
	    <String CONTENT=""
                    HPOS="156"
                    VPOS="319"
                    WIDTH="650"
                    HEIGHT="1"></String>
          </TextLine>
          <TextLine ID="eSc_line_07b124e7"
                    BASELINE="127 365 804 365" 
                    HPOS="127"
                    VPOS="365"
                    WIDTH="677"
                    HEIGHT="0">
	    <String CONTENT=""
                    HPOS="127"
                    VPOS="365"
                    WIDTH="677"
                    HEIGHT="0"></String>
          </TextLine>
          <TextLine ID="eSc_line_55f8fcc6"
                    BASELINE="128 401 607 401" 
                    HPOS="128"
                    VPOS="401"
                    WIDTH="479"
                    HEIGHT="0">
	    <String CONTENT=""
                    HPOS="128"
                    VPOS="401"
                    WIDTH="479"
                    HEIGHT="0"></String>
          </TextLine>
        </TextBlock>
        <TextBlock HPOS="113"
                   VPOS="415"
                   WIDTH="700"
                   HEIGHT="137"
                   ID="region_1718562984301_781"
                   TAGREFS="BT3758">
          <Shape><Polygon POINTS="113 552 813 552 813 415 124 420"/></Shape>
          <TextLine ID="eSc_line_573b0e59"
                    BASELINE="150 454 806 458" 
                    HPOS="150"
                    VPOS="454"
                    WIDTH="656"
                    HEIGHT="4">
	    <String CONTENT=""
                    HPOS="150"
                    VPOS="454"
                    WIDTH="656"
                    HEIGHT="4"></String>
          </TextLine>
          <TextLine ID="eSc_line_77ead1ee"
                    BASELINE="126 499 806 502" 
                    HPOS="126"
                    VPOS="499"
                    WIDTH="680"
                    HEIGHT="3">
	    <String CONTENT=""
                    HPOS="126"
                    VPOS="499"
                    WIDTH="680"
                    HEIGHT="3"></String>
          </TextLine>
          <TextLine ID="eSc_line_98b0c7a0"
                    BASELINE="125 544 652 544" 
                    HPOS="125"
                    VPOS="544"
                    WIDTH="527"
                    HEIGHT="0">
	    <String CONTENT=""
                    HPOS="125"
                    VPOS="544"
                    WIDTH="527"
                    HEIGHT="0"></String>
          </TextLine>
        </TextBlock>
        <TextBlock HPOS="172"
                   VPOS="595"
                   WIDTH="588"
                   HEIGHT="51"
                   ID="region_1718562382289_714"
                   TAGREFS="BT3757">
          <Shape><Polygon POINTS="172 646 760 646 760 595 172 595"/></Shape>
          <TextLine ID="eSc_line_cfbf37ed"
                    BASELINE="183 631 750 636" 
                    HPOS="183"
                    VPOS="631"
                    WIDTH="567"
                    HEIGHT="5">
	    <String CONTENT=""
                    HPOS="183"
                    VPOS="631"
                    WIDTH="567"
                    HEIGHT="5"></String>
          </TextLine>
        </TextBlock>
        <TextBlock HPOS="105"
                   VPOS="692"
                   WIDTH="716"
                   HEIGHT="291"
                   ID="region_1718562397369_717"
                   TAGREFS="BT3758">
          <Shape><Polygon POINTS="105 692 821 692 821 983 105 983"/></Shape>
          <TextLine ID="eSc_line_b55b4b85"
                    BASELINE="158 729 813 738" 
                    HPOS="158"
                    VPOS="729"
                    WIDTH="655"
                    HEIGHT="9">
	    <String CONTENT=""
                    HPOS="158"
                    VPOS="729"
                    WIDTH="655"
                    HEIGHT="9"></String>
          </TextLine>
          <TextLine ID="eSc_line_0975729c"
                    BASELINE="122 780 811 783" 
                    HPOS="122"
                    VPOS="780"
                    WIDTH="689"
                    HEIGHT="3">
	    <String CONTENT=""
                    HPOS="122"
                    VPOS="780"
                    WIDTH="689"
                    HEIGHT="3"></String>
          </TextLine>
          <TextLine ID="eSc_line_d8caf94b"
                    BASELINE="126 824 804 831" 
                    HPOS="126"
                    VPOS="824"
                    WIDTH="678"
                    HEIGHT="7">
	    <String CONTENT=""
                    HPOS="126"
                    VPOS="824"
                    WIDTH="678"
                    HEIGHT="7"></String>
          </TextLine>
          <TextLine ID="eSc_line_9260980a"
                    BASELINE="128 866 809 877" 
                    HPOS="128"
                    VPOS="866"
                    WIDTH="681"
                    HEIGHT="11">
	    <String CONTENT=""
                    HPOS="128"
                    VPOS="866"
                    WIDTH="681"
                    HEIGHT="11"></String>
          </TextLine>
          <TextLine ID="eSc_line_7bce54c5"
                    BASELINE="122 909 802 926" 
                    HPOS="122"
                    VPOS="909"
                    WIDTH="680"
                    HEIGHT="17">
	    <String CONTENT=""
                    HPOS="122"
                    VPOS="909"
                    WIDTH="680"
                    HEIGHT="17"></String>
          </TextLine>
          <TextLine ID="eSc_line_803896ce"
                    BASELINE="126 960 807 974" 
                    HPOS="126"
                    VPOS="960"
                    WIDTH="681"
                    HEIGHT="14">
	    <String CONTENT=""
                    HPOS="126"
                    VPOS="960"
                    WIDTH="681"
                    HEIGHT="14"></String>
          </TextLine>
        </TextBlock>
        <TextBlock HPOS="735"
                   VPOS="193"
                   WIDTH="84"
                   HEIGHT="41"
                   ID="region_1718562325520_703"
                   TAGREFS="BT3756">
          <Shape><Polygon POINTS="741 228 819 234 818 193 735 193"/></Shape>
          <TextLine ID="eSc_line_9f209c4b"
                    BASELINE="750 224 813 222" 
                    HPOS="750"
                    VPOS="222"
                    WIDTH="63"
                    HEIGHT="2">
	    <String CONTENT=""
                    HPOS="750"
                    VPOS="222"
                    WIDTH="63"
                    HEIGHT="2"></String>
          </TextLine>
        </TextBlock>
        <TextBlock HPOS="105"
                   VPOS="1002"
                   WIDTH="727"
                   HEIGHT="529"
                   ID="region_1718562432665_720"
                   TAGREFS="BT3758">
          <Shape><Polygon POINTS="105 1514 832 1531 832 1002 108 1002"/></Shape>
          <TextLine ID="eSc_line_6a9aba6e"
                    BASELINE="120 1057 812 1072" 
                    HPOS="120"
                    VPOS="1057"
                    WIDTH="692"
                    HEIGHT="15">
	    <String CONTENT=""
                    HPOS="120"
                    VPOS="1057"
                    WIDTH="692"
                    HEIGHT="15"></String>
          </TextLine>
          <TextLine ID="eSc_line_4bdb9495"
                    BASELINE="124 1103 807 1115" 
                    HPOS="124"
                    VPOS="1103"
                    WIDTH="683"
                    HEIGHT="12">
	    <String CONTENT=""
                    HPOS="124"
                    VPOS="1103"
                    WIDTH="683"
                    HEIGHT="12"></String>
          </TextLine>
          <TextLine ID="eSc_line_2f5ce1d0"
                    BASELINE="116 1187 808 1201" 
                    HPOS="116"
                    VPOS="1187"
                    WIDTH="692"
                    HEIGHT="14">
	    <String CONTENT=""
                    HPOS="116"
                    VPOS="1187"
                    WIDTH="692"
                    HEIGHT="14"></String>
          </TextLine>
          <TextLine ID="eSc_line_8f02a7eb"
                    BASELINE="390 1150 588 1153" 
                    HPOS="390"
                    VPOS="1150"
                    WIDTH="198"
                    HEIGHT="3">
	    <String CONTENT=""
                    HPOS="390"
                    VPOS="1150"
                    WIDTH="198"
                    HEIGHT="3"></String>
          </TextLine>
          <TextLine ID="eSc_line_10961757"
                    BASELINE="125 1281 795 1299" 
                    HPOS="125"
                    VPOS="1281"
                    WIDTH="670"
                    HEIGHT="18">
	    <String CONTENT=""
                    HPOS="125"
                    VPOS="1281"
                    WIDTH="670"
                    HEIGHT="18"></String>
          </TextLine>
          <TextLine ID="eSc_line_190cf7bb"
                    BASELINE="397 1240 665 1248" 
                    HPOS="397"
                    VPOS="1240"
                    WIDTH="268"
                    HEIGHT="8">
	    <String CONTENT=""
                    HPOS="397"
                    VPOS="1240"
                    WIDTH="268"
                    HEIGHT="8"></String>
          </TextLine>
          <TextLine ID="eSc_line_7d1094e8"
                    BASELINE="122 1367 801 1386" 
                    HPOS="122"
                    VPOS="1367"
                    WIDTH="679"
                    HEIGHT="19">
	    <String CONTENT=""
                    HPOS="122"
                    VPOS="1367"
                    WIDTH="679"
                    HEIGHT="19"></String>
          </TextLine>
          <TextLine ID="eSc_line_6aefd8d1"
                    BASELINE="399 1332 586 1335" 
                    HPOS="399"
                    VPOS="1332"
                    WIDTH="187"
                    HEIGHT="3">
	    <String CONTENT=""
                    HPOS="399"
                    VPOS="1332"
                    WIDTH="187"
                    HEIGHT="3"></String>
          </TextLine>
          <TextLine ID="eSc_line_1a532b66"
                    BASELINE="122 1414 806 1429" 
                    HPOS="122"
                    VPOS="1414"
                    WIDTH="684"
                    HEIGHT="15">
	    <String CONTENT=""
                    HPOS="122"
                    VPOS="1414"
                    WIDTH="684"
                    HEIGHT="15"></String>
          </TextLine>
          <TextLine ID="eSc_line_c5cbc369"
                    BASELINE="147 1456 803 1468" 
                    HPOS="147"
                    VPOS="1456"
                    WIDTH="656"
                    HEIGHT="12">
	    <String CONTENT=""
                    HPOS="147"
                    VPOS="1456"
                    WIDTH="656"
                    HEIGHT="12"></String>
          </TextLine>
          <TextLine ID="eSc_line_b69fcd32"
                    BASELINE="113 1502 311 1502" 
                    HPOS="113"
                    VPOS="1502"
                    WIDTH="198"
                    HEIGHT="0">
	    <String CONTENT=""
                    HPOS="113"
                    VPOS="1502"
                    WIDTH="198"
                    HEIGHT="0"></String>
          </TextLine>
        </TextBlock>
        <TextBlock HPOS="154"
                   VPOS="1530"
                   WIDTH="651"
                   HEIGHT="41"
                   ID="region_1718562674659_762"
                   TAGREFS="BT3756">
          <Shape><Polygon POINTS="154 1562 805 1571 795 1541 156 1530"/></Shape>
          <TextLine ID="eSc_line_c1166b9b"
                    BASELINE="161 1552 797 1557" 
                    HPOS="161"
                    VPOS="1552"
                    WIDTH="636"
                    HEIGHT="5">
	    <String CONTENT=""
                    HPOS="161"
                    VPOS="1552"
                    WIDTH="636"
                    HEIGHT="5"></String>
          </TextLine>
        </TextBlock>
      </PrintSpace>
    </Page>
  </Layout>
</alto>
