<?xml version="1.0" encoding="UTF-8"?>
<alto xmlns:xsi="http://www.w3.org/2001/XMLSchema-instance"
      xmlns="http://www.loc.gov/standards/alto/ns-v4#"
      xsi:schemaLocation="http://www.loc.gov/standards/alto/ns-v4# http://www.loc.gov/standards/alto/v4/alto-4-2.xsd">
  <Description>
    <MeasurementUnit>pixel</MeasurementUnit>
    <sourceImageInformation>
      <fileName>1793,_Saemmtliche_Poetische_Werke,_Schraembl,_Bd._4,_VD18_90245911_Seite_168_Bild_0001.jpg</fileName>
      <fileIdentifier>mets//SchraemblZeilenUnb.zip/1793,_Saemmtliche_Poetische_Werke,_Schraembl,_Bd._4,_VD18_90245911_Seite_168_Bild_0001.jpg</fileIdentifier>
    </sourceImageInformation>
  </Description>
  <Tags>
    <OtherTag ID="BT1" LABEL="Title" DESCRIPTION="block type Title"/><OtherTag ID="BT2" LABEL="Main" DESCRIPTION="block type Main"/><OtherTag ID="BT3" LABEL="Commentary" DESCRIPTION="block type Commentary"/><OtherTag ID="BT4" LABEL="Illustration" DESCRIPTION="block type Illustration"/><OtherTag ID="BT3755" LABEL="header" DESCRIPTION="block type header"/><OtherTag ID="BT3756" LABEL="paragraph" DESCRIPTION="block type paragraph"/><OtherTag ID="BT3757" LABEL="heading" DESCRIPTION="block type heading"/><OtherTag ID="BT3758" LABEL="footnote" DESCRIPTION="block type footnote"/><OtherTag ID="BT3759" LABEL="l-column" DESCRIPTION="block type l-column"/><OtherTag ID="BT3760" LABEL="r-column" DESCRIPTION="block type r-column"/><OtherTag ID="BT3761" LABEL="marginalia" DESCRIPTION="block type marginalia"/><OtherTag ID="BT4125" LABEL="drop-capital" DESCRIPTION="block type drop-capital"/><OtherTag ID="BT4126" LABEL="catch-word" DESCRIPTION="block type catch-word"/><OtherTag ID="BT4127" LABEL="page-number" DESCRIPTION="block type page-number"/><OtherTag ID="BT4128" LABEL="signature-mark" DESCRIPTION="block type signature-mark"/><OtherTag ID="BT4129" LABEL="poem_lg" DESCRIPTION="block type poem_lg"/><OtherTag ID="BT4130" LABEL="endnote" DESCRIPTION="block type endnote"/>
  </Tags>
  <Layout>
    <Page WIDTH="1065"
          HEIGHT="1842"
          PHYSICAL_IMG_NR="122"
          ID="eSc_dummypage_">
      <PrintSpace HPOS="0"
                  VPOS="0"
                  WIDTH="1065"
                  HEIGHT="1842">
        <TextBlock HPOS="152"
                   VPOS="374"
                   WIDTH="538"
                   HEIGHT="69"
                   ID="region_1720171286038_1067"
                   TAGREFS="BT3757">
          <Shape><Polygon POINTS="152 375 152 442 673 443 690 374"/></Shape>
          <TextLine ID="eSc_line_0375f2e3"
                    BASELINE="161 422 665 425" 
                    HPOS="161"
                    VPOS="422"
                    WIDTH="504"
                    HEIGHT="3">
	    <String CONTENT=""
                    HPOS="161"
                    VPOS="422"
                    WIDTH="504"
                    HEIGHT="3"></String>
          </TextLine>
        </TextBlock>
        <TextBlock HPOS="107"
                   VPOS="594"
                   WIDTH="59"
                   HEIGHT="66"
                   ID="region_1720171301326_1073"
                   TAGREFS="BT3756">
          <Shape><Polygon POINTS="162 606 166 660 107 658 116 594"/></Shape>
          <TextLine ID="eSc_line_215c06cf"
                    BASELINE="112 652 765 656" 
                    HPOS="112"
                    VPOS="652"
                    WIDTH="653"
                    HEIGHT="4">
	    <String CONTENT=""
                    HPOS="112"
                    VPOS="652"
                    WIDTH="653"
                    HEIGHT="4"></String>
          </TextLine>
        </TextBlock>
        <TextBlock HPOS="301"
                   VPOS="528"
                   WIDTH="220"
                   HEIGHT="58"
                   ID="region_1720171291114_1070"
                   TAGREFS="BT3757">
          <Shape><Polygon POINTS="301 528 304 586 518 584 521 533"/></Shape>
          <TextLine ID="eSc_line_11c7dbb4"
                    BASELINE="319 563 509 564" 
                    HPOS="319"
                    VPOS="563"
                    WIDTH="190"
                    HEIGHT="1">
	    <String CONTENT=""
                    HPOS="319"
                    VPOS="563"
                    WIDTH="190"
                    HEIGHT="1"></String>
          </TextLine>
        </TextBlock>
        <TextBlock HPOS="64"
                   VPOS="605"
                   WIDTH="742"
                   HEIGHT="390"
                   ID="region_1720171322973_1076"
                   TAGREFS="BT3756">
          <Shape><Polygon POINTS="165 629 169 656 165 693 64 707 66 977 806 995 775 618 204 605"/></Shape>
          <TextLine ID="eSc_line_f3ccee22"
                    BASELINE="358 703 598 700" 
                    HPOS="358"
                    VPOS="700"
                    WIDTH="240"
                    HEIGHT="3">
	    <String CONTENT=""
                    HPOS="358"
                    VPOS="700"
                    WIDTH="240"
                    HEIGHT="3"></String>
          </TextLine>
          <TextLine ID="eSc_line_8d4521a7"
                    BASELINE="73 743 755 747" 
                    HPOS="73"
                    VPOS="743"
                    WIDTH="682"
                    HEIGHT="4">
	    <String CONTENT=""
                    HPOS="73"
                    VPOS="743"
                    WIDTH="682"
                    HEIGHT="4"></String>
          </TextLine>
          <TextLine ID="eSc_line_f750ff26"
                    BASELINE="363 790 467 792" 
                    HPOS="363"
                    VPOS="790"
                    WIDTH="104"
                    HEIGHT="2">
	    <String CONTENT=""
                    HPOS="363"
                    VPOS="790"
                    WIDTH="104"
                    HEIGHT="2"></String>
          </TextLine>
          <TextLine ID="eSc_line_b50b3fe9"
                    BASELINE="72 832 768 838" 
                    HPOS="72"
                    VPOS="832"
                    WIDTH="696"
                    HEIGHT="6">
	    <String CONTENT=""
                    HPOS="72"
                    VPOS="832"
                    WIDTH="696"
                    HEIGHT="6"></String>
          </TextLine>
          <TextLine ID="eSc_line_233d0915"
                    BASELINE="361 885 488 886" 
                    HPOS="361"
                    VPOS="885"
                    WIDTH="127"
                    HEIGHT="1">
	    <String CONTENT=""
                    HPOS="361"
                    VPOS="885"
                    WIDTH="127"
                    HEIGHT="1"></String>
          </TextLine>
          <TextLine ID="eSc_line_a242ecc1"
                    BASELINE="72 927 762 932" 
                    HPOS="72"
                    VPOS="927"
                    WIDTH="690"
                    HEIGHT="5">
	    <String CONTENT=""
                    HPOS="72"
                    VPOS="927"
                    WIDTH="690"
                    HEIGHT="5"></String>
          </TextLine>
          <TextLine ID="eSc_line_9f4fa3bf"
                    BASELINE="360 975 468 975" 
                    HPOS="360"
                    VPOS="975"
                    WIDTH="108"
                    HEIGHT="0">
	    <String CONTENT=""
                    HPOS="360"
                    VPOS="975"
                    WIDTH="108"
                    HEIGHT="0"></String>
          </TextLine>
        </TextBlock>
        <TextBlock HPOS="694"
                   VPOS="169"
                   WIDTH="82"
                   HEIGHT="39"
                   ID="region_1720171245787_1055"
                   TAGREFS="BT3756">
          <Shape><Polygon POINTS="694 173 696 208 776 204 765 169"/></Shape>
          <TextLine ID="eSc_line_f89afb74"
                    BASELINE="699 199 759 198" 
                    HPOS="699"
                    VPOS="198"
                    WIDTH="60"
                    HEIGHT="1">
	    <String CONTENT=""
                    HPOS="699"
                    VPOS="198"
                    WIDTH="60"
                    HEIGHT="1"></String>
          </TextLine>
        </TextBlock>
        <TextBlock HPOS="59"
                   VPOS="1031"
                   WIDTH="735"
                   HEIGHT="190"
                   ID="region_1720171381662_1087"
                   TAGREFS="BT3756">
          <Shape><Polygon POINTS="59 1031 60 1207 794 1221 783 1039 370 1033"/></Shape>
          <TextLine ID="eSc_line_6804a8a5"
                    BASELINE="110 1061 754 1072" 
                    HPOS="110"
                    VPOS="1061"
                    WIDTH="644"
                    HEIGHT="11">
	    <String CONTENT=""
                    HPOS="110"
                    VPOS="1061"
                    WIDTH="644"
                    HEIGHT="11"></String>
          </TextLine>
          <TextLine ID="eSc_line_9700d60f"
                    BASELINE="75 1106 714 1119" 
                    HPOS="75"
                    VPOS="1106"
                    WIDTH="639"
                    HEIGHT="13">
	    <String CONTENT=""
                    HPOS="75"
                    VPOS="1106"
                    WIDTH="639"
                    HEIGHT="13"></String>
          </TextLine>
          <TextLine ID="eSc_line_64011828"
                    BASELINE="72 1157 765 1163" 
                    HPOS="72"
                    VPOS="1157"
                    WIDTH="693"
                    HEIGHT="6">
	    <String CONTENT=""
                    HPOS="72"
                    VPOS="1157"
                    WIDTH="693"
                    HEIGHT="6"></String>
          </TextLine>
          <TextLine ID="eSc_line_ec3ed4b3"
                    BASELINE="72 1199 765 1206" 
                    HPOS="72"
                    VPOS="1199"
                    WIDTH="693"
                    HEIGHT="7">
	    <String CONTENT=""
                    HPOS="72"
                    VPOS="1199"
                    WIDTH="693"
                    HEIGHT="7"></String>
          </TextLine>
        </TextBlock>
        <TextBlock HPOS="291"
                   VPOS="992"
                   WIDTH="260"
                   HEIGHT="38"
                   ID="region_1720171355743_1083"
                   TAGREFS="BT3757">
          <Shape><Polygon POINTS="291 992 295 1024 551 1030 534 1000"/></Shape>
          <TextLine ID="eSc_line_14db6aa1"
                    BASELINE="299 1021 535 1024" 
                    HPOS="299"
                    VPOS="1021"
                    WIDTH="236"
                    HEIGHT="3">
	    <String CONTENT=""
                    HPOS="299"
                    VPOS="1021"
                    WIDTH="236"
                    HEIGHT="3"></String>
          </TextLine>
        </TextBlock>
        <TextBlock HPOS="47"
                   VPOS="1253"
                   WIDTH="739"
                   HEIGHT="295"
                   ID="region_1720171468685_1094"
                   TAGREFS="BT3756">
          <Shape><Polygon POINTS="58 1265 47 1531 786 1548 774 1264 106 1253"/></Shape>
          <TextLine ID="eSc_line_7e6a6578"
                    BASELINE="107 1293 755 1298" 
                    HPOS="107"
                    VPOS="1293"
                    WIDTH="648"
                    HEIGHT="5">
	    <String CONTENT=""
                    HPOS="107"
                    VPOS="1293"
                    WIDTH="648"
                    HEIGHT="5"></String>
          </TextLine>
          <TextLine ID="eSc_line_25b4137f"
                    BASELINE="359 1340 494 1346" 
                    HPOS="359"
                    VPOS="1340"
                    WIDTH="135"
                    HEIGHT="6">
	    <String CONTENT=""
                    HPOS="359"
                    VPOS="1340"
                    WIDTH="135"
                    HEIGHT="6"></String>
          </TextLine>
          <TextLine ID="eSc_line_51e443d8"
                    BASELINE="73 1385 716 1392" 
                    HPOS="73"
                    VPOS="1385"
                    WIDTH="643"
                    HEIGHT="7">
	    <String CONTENT=""
                    HPOS="73"
                    VPOS="1385"
                    WIDTH="643"
                    HEIGHT="7"></String>
          </TextLine>
          <TextLine ID="eSc_line_b0916c70"
                    BASELINE="75 1431 760 1438" 
                    HPOS="75"
                    VPOS="1431"
                    WIDTH="685"
                    HEIGHT="7">
	    <String CONTENT=""
                    HPOS="75"
                    VPOS="1431"
                    WIDTH="685"
                    HEIGHT="7"></String>
          </TextLine>
          <TextLine ID="eSc_line_a9cabbbb"
                    BASELINE="363 1481 500 1482" 
                    HPOS="363"
                    VPOS="1481"
                    WIDTH="137"
                    HEIGHT="1">
	    <String CONTENT=""
                    HPOS="363"
                    VPOS="1481"
                    WIDTH="137"
                    HEIGHT="1"></String>
          </TextLine>
          <TextLine ID="eSc_line_8013fc1a"
                    BASELINE="74 1519 758 1532" 
                    HPOS="74"
                    VPOS="1519"
                    WIDTH="684"
                    HEIGHT="13">
	    <String CONTENT=""
                    HPOS="74"
                    VPOS="1519"
                    WIDTH="684"
                    HEIGHT="13"></String>
          </TextLine>
        </TextBlock>
        <TextBlock HPOS="315"
                   VPOS="1227"
                   WIDTH="211"
                   HEIGHT="30"
                   ID="region_1720171453598_1091"
                   TAGREFS="BT3757">
          <Shape><Polygon POINTS="315 1227 315 1254 526 1257 516 1227"/></Shape>
          <TextLine ID="eSc_line_ca1e9335"
                    BASELINE="324 1249 512 1252" 
                    HPOS="324"
                    VPOS="1249"
                    WIDTH="188"
                    HEIGHT="3">
	    <String CONTENT=""
                    HPOS="324"
                    VPOS="1249"
                    WIDTH="188"
                    HEIGHT="3"></String>
          </TextLine>
        </TextBlock>
      </PrintSpace>
    </Page>
  </Layout>
</alto>
