<?xml version="1.0" encoding="UTF-8"?>
<alto xmlns:xsi="http://www.w3.org/2001/XMLSchema-instance"
      xmlns="http://www.loc.gov/standards/alto/ns-v4#"
      xsi:schemaLocation="http://www.loc.gov/standards/alto/ns-v4# http://www.loc.gov/standards/alto/v4/alto-4-2.xsd">
  <Description>
    <MeasurementUnit>pixel</MeasurementUnit>
    <sourceImageInformation>
      <fileName>1793,_Saemmtliche_Poetische_Werke,_Schraembl,_Bd._1,_VD18_90245881_Seite_059_Bild_0001.jpg</fileName>
      <fileIdentifier>mets//SchraemblZeilenUnb.zip/1793,_Saemmtliche_Poetische_Werke,_Schraembl,_Bd._1,_VD18_90245881_Seite_059_Bild_0001.jpg</fileIdentifier>
    </sourceImageInformation>
  </Description>
  <Tags>
    <OtherTag ID="BT1" LABEL="Title" DESCRIPTION="block type Title"/><OtherTag ID="BT2" LABEL="Main" DESCRIPTION="block type Main"/><OtherTag ID="BT3" LABEL="Commentary" DESCRIPTION="block type Commentary"/><OtherTag ID="BT4" LABEL="Illustration" DESCRIPTION="block type Illustration"/><OtherTag ID="BT3755" LABEL="header" DESCRIPTION="block type header"/><OtherTag ID="BT3756" LABEL="paragraph" DESCRIPTION="block type paragraph"/><OtherTag ID="BT3757" LABEL="heading" DESCRIPTION="block type heading"/><OtherTag ID="BT3758" LABEL="footnote" DESCRIPTION="block type footnote"/><OtherTag ID="BT3759" LABEL="l-column" DESCRIPTION="block type l-column"/><OtherTag ID="BT3760" LABEL="r-column" DESCRIPTION="block type r-column"/><OtherTag ID="BT3761" LABEL="marginalia" DESCRIPTION="block type marginalia"/><OtherTag ID="BT4125" LABEL="drop-capital" DESCRIPTION="block type drop-capital"/><OtherTag ID="BT4126" LABEL="catch-word" DESCRIPTION="block type catch-word"/><OtherTag ID="BT4127" LABEL="page-number" DESCRIPTION="block type page-number"/><OtherTag ID="BT4128" LABEL="signature-mark" DESCRIPTION="block type signature-mark"/><OtherTag ID="BT4129" LABEL="poem_lg" DESCRIPTION="block type poem_lg"/><OtherTag ID="BT4130" LABEL="endnote" DESCRIPTION="block type endnote"/>
  </Tags>
  <Layout>
    <Page WIDTH="1076"
          HEIGHT="1876"
          PHYSICAL_IMG_NR="100"
          ID="eSc_dummypage_">
      <PrintSpace HPOS="0"
                  VPOS="0"
                  WIDTH="1076"
                  HEIGHT="1876">
        <TextBlock HPOS="272"
                   VPOS="202"
                   WIDTH="110"
                   HEIGHT="38"
                   ID="region_1718552524354_30"
                   TAGREFS="BT3756">
          <Shape><Polygon POINTS="272 240 382 240 382 202 272 202"/></Shape>
          <TextLine ID="eSc_line_a2a6b77b"
                    BASELINE="282 233 367 233" 
                    HPOS="282"
                    VPOS="233"
                    WIDTH="85"
                    HEIGHT="0">
	    <String CONTENT=""
                    HPOS="282"
                    VPOS="233"
                    WIDTH="85"
                    HEIGHT="0"></String>
          </TextLine>
        </TextBlock>
        <TextBlock HPOS="259"
                   VPOS="281"
                   WIDTH="728"
                   HEIGHT="578"
                   ID="region_1718552568082_36"
                   TAGREFS="BT3756">
          <Shape><Polygon POINTS="259 859 987 859 987 281 259 281"/></Shape>
          <TextLine ID="eSc_line_8241c726"
                    BASELINE="279 327 969 324" 
                    HPOS="279"
                    VPOS="324"
                    WIDTH="690"
                    HEIGHT="3">
	    <String CONTENT=""
                    HPOS="279"
                    VPOS="324"
                    WIDTH="690"
                    HEIGHT="3"></String>
          </TextLine>
          <TextLine ID="eSc_line_7ef33e07"
                    BASELINE="279 370 970 367" 
                    HPOS="279"
                    VPOS="367"
                    WIDTH="691"
                    HEIGHT="3">
	    <String CONTENT=""
                    HPOS="279"
                    VPOS="367"
                    WIDTH="691"
                    HEIGHT="3"></String>
          </TextLine>
          <TextLine ID="eSc_line_4e83843e"
                    BASELINE="276 419 972 419" 
                    HPOS="276"
                    VPOS="419"
                    WIDTH="696"
                    HEIGHT="0">
	    <String CONTENT=""
                    HPOS="276"
                    VPOS="419"
                    WIDTH="696"
                    HEIGHT="0"></String>
          </TextLine>
          <TextLine ID="eSc_line_47dafd2c"
                    BASELINE="275 466 968 460" 
                    HPOS="275"
                    VPOS="460"
                    WIDTH="693"
                    HEIGHT="6">
	    <String CONTENT=""
                    HPOS="275"
                    VPOS="460"
                    WIDTH="693"
                    HEIGHT="6"></String>
          </TextLine>
          <TextLine ID="eSc_line_d80c2fdd"
                    BASELINE="278 514 973 514" 
                    HPOS="278"
                    VPOS="514"
                    WIDTH="695"
                    HEIGHT="0">
	    <String CONTENT=""
                    HPOS="278"
                    VPOS="514"
                    WIDTH="695"
                    HEIGHT="0"></String>
          </TextLine>
          <TextLine ID="eSc_line_1e51f06e"
                    BASELINE="276 560 970 556" 
                    HPOS="276"
                    VPOS="556"
                    WIDTH="694"
                    HEIGHT="4">
	    <String CONTENT=""
                    HPOS="276"
                    VPOS="556"
                    WIDTH="694"
                    HEIGHT="4"></String>
          </TextLine>
          <TextLine ID="eSc_line_daad3e2e"
                    BASELINE="277 606 976 602" 
                    HPOS="277"
                    VPOS="602"
                    WIDTH="699"
                    HEIGHT="4">
	    <String CONTENT=""
                    HPOS="277"
                    VPOS="602"
                    WIDTH="699"
                    HEIGHT="4"></String>
          </TextLine>
          <TextLine ID="eSc_line_2af37ea7"
                    BASELINE="277 653 971 652" 
                    HPOS="277"
                    VPOS="652"
                    WIDTH="694"
                    HEIGHT="1">
	    <String CONTENT=""
                    HPOS="277"
                    VPOS="652"
                    WIDTH="694"
                    HEIGHT="1"></String>
          </TextLine>
          <TextLine ID="eSc_line_7edcee99"
                    BASELINE="277 699 977 696" 
                    HPOS="277"
                    VPOS="696"
                    WIDTH="700"
                    HEIGHT="3">
	    <String CONTENT=""
                    HPOS="277"
                    VPOS="696"
                    WIDTH="700"
                    HEIGHT="3"></String>
          </TextLine>
          <TextLine ID="eSc_line_81e3a9bd"
                    BASELINE="279 741 969 743" 
                    HPOS="279"
                    VPOS="741"
                    WIDTH="690"
                    HEIGHT="2">
	    <String CONTENT=""
                    HPOS="279"
                    VPOS="741"
                    WIDTH="690"
                    HEIGHT="2"></String>
          </TextLine>
          <TextLine ID="eSc_line_511ff70d"
                    BASELINE="280 793 968 790" 
                    HPOS="280"
                    VPOS="790"
                    WIDTH="688"
                    HEIGHT="3">
	    <String CONTENT=""
                    HPOS="280"
                    VPOS="790"
                    WIDTH="688"
                    HEIGHT="3"></String>
          </TextLine>
          <TextLine ID="eSc_line_428f98b5"
                    BASELINE="271 844 857 836" 
                    HPOS="271"
                    VPOS="836"
                    WIDTH="586"
                    HEIGHT="8">
	    <String CONTENT=""
                    HPOS="271"
                    VPOS="836"
                    WIDTH="586"
                    HEIGHT="8"></String>
          </TextLine>
        </TextBlock>
        <TextBlock HPOS="347"
                   VPOS="868"
                   WIDTH="556"
                   HEIGHT="174"
                   ID="region_1718552579387_39"
                   TAGREFS="BT3756">
          <Shape><Polygon POINTS="347 1042 903 1042 903 868 347 868"/></Shape>
          <TextLine ID="eSc_line_1570f852"
                    BASELINE="379 918 855 922" 
                    HPOS="379"
                    VPOS="918"
                    WIDTH="476"
                    HEIGHT="4">
	    <String CONTENT=""
                    HPOS="379"
                    VPOS="918"
                    WIDTH="476"
                    HEIGHT="4"></String>
          </TextLine>
          <TextLine ID="eSc_line_c7cfa5ad"
                    BASELINE="375 959 839 956" 
                    HPOS="375"
                    VPOS="956"
                    WIDTH="464"
                    HEIGHT="3">
	    <String CONTENT=""
                    HPOS="375"
                    VPOS="956"
                    WIDTH="464"
                    HEIGHT="3"></String>
          </TextLine>
          <TextLine ID="eSc_line_c1429b92"
                    BASELINE="368 1002 890 998" 
                    HPOS="368"
                    VPOS="998"
                    WIDTH="522"
                    HEIGHT="4">
	    <String CONTENT=""
                    HPOS="368"
                    VPOS="998"
                    WIDTH="522"
                    HEIGHT="4"></String>
          </TextLine>
          <TextLine ID="eSc_line_10837c7d"
                    BASELINE="377 1030 874 1031" 
                    HPOS="377"
                    VPOS="1030"
                    WIDTH="497"
                    HEIGHT="1">
	    <String CONTENT=""
                    HPOS="377"
                    VPOS="1030"
                    WIDTH="497"
                    HEIGHT="1"></String>
          </TextLine>
        </TextBlock>
        <TextBlock HPOS="277"
                   VPOS="1059"
                   WIDTH="712"
                   HEIGHT="338"
                   ID="region_1718552583234_42"
                   TAGREFS="BT3756">
          <Shape><Polygon POINTS="277 1261 585 1268 589 1395 981 1397 989 1067 278 1059"/></Shape>
          <TextLine ID="eSc_line_42734832"
                    BASELINE="308 1116 971 1118" 
                    HPOS="308"
                    VPOS="1116"
                    WIDTH="663"
                    HEIGHT="2">
	    <String CONTENT=""
                    HPOS="308"
                    VPOS="1116"
                    WIDTH="663"
                    HEIGHT="2"></String>
          </TextLine>
          <TextLine ID="eSc_line_08ded8d6"
                    BASELINE="288 1171 584 1159" 
                    HPOS="288"
                    VPOS="1159"
                    WIDTH="296"
                    HEIGHT="12">
	    <String CONTENT=""
                    HPOS="288"
                    VPOS="1159"
                    WIDTH="296"
                    HEIGHT="12"></String>
          </TextLine>
          <TextLine ID="eSc_line_d7b7008d"
                    BASELINE="377 1257 698 1259" 
                    HPOS="377"
                    VPOS="1257"
                    WIDTH="321"
                    HEIGHT="2">
	    <String CONTENT=""
                    HPOS="377"
                    VPOS="1257"
                    WIDTH="321"
                    HEIGHT="2"></String>
          </TextLine>
          <TextLine ID="eSc_line_e562ccb0"
                    BASELINE="651 1351 970 1346" 
                    HPOS="651"
                    VPOS="1346"
                    WIDTH="319"
                    HEIGHT="5">
	    <String CONTENT=""
                    HPOS="651"
                    VPOS="1346"
                    WIDTH="319"
                    HEIGHT="5"></String>
          </TextLine>
          <TextLine ID="eSc_line_b738a1ab"
                    BASELINE="738 1389 897 1389" 
                    HPOS="738"
                    VPOS="1389"
                    WIDTH="159"
                    HEIGHT="0">
	    <String CONTENT=""
                    HPOS="738"
                    VPOS="1389"
                    WIDTH="159"
                    HEIGHT="0"></String>
          </TextLine>
        </TextBlock>
        <TextBlock HPOS="268"
                   VPOS="1435"
                   WIDTH="724"
                   HEIGHT="115"
                   ID="region_1718552663530_47"
                   TAGREFS="BT3758">
          <Shape><Polygon POINTS="268 1550 992 1550 992 1435 268 1435"/></Shape>
          <TextLine ID="eSc_line_607a4c8a"
                    BASELINE="306 1488 964 1490" 
                    HPOS="306"
                    VPOS="1488"
                    WIDTH="658"
                    HEIGHT="2">
	    <String CONTENT=""
                    HPOS="306"
                    VPOS="1488"
                    WIDTH="658"
                    HEIGHT="2"></String>
          </TextLine>
          <TextLine ID="eSc_line_96eaddff"
                    BASELINE="281 1528 559 1532" 
                    HPOS="281"
                    VPOS="1528"
                    WIDTH="278"
                    HEIGHT="4">
	    <String CONTENT=""
                    HPOS="281"
                    VPOS="1528"
                    WIDTH="278"
                    HEIGHT="4"></String>
          </TextLine>
        </TextBlock>
      </PrintSpace>
    </Page>
  </Layout>
</alto>
