<?xml version="1.0" encoding="UTF-8"?>
<alto xmlns:xsi="http://www.w3.org/2001/XMLSchema-instance"
      xmlns="http://www.loc.gov/standards/alto/ns-v4#"
      xsi:schemaLocation="http://www.loc.gov/standards/alto/ns-v4# http://www.loc.gov/standards/alto/v4/alto-4-2.xsd">
  <Description>
    <MeasurementUnit>pixel</MeasurementUnit>
    <sourceImageInformation>
      <fileName>1793,_Saemmtliche_Poetische_Werke,_Schraembl,_Bd._4,_VD18_90245911_Seite_049_Bild_0001.jpg</fileName>
      <fileIdentifier>mets//SchraemblZeilenUnb.zip/1793,_Saemmtliche_Poetische_Werke,_Schraembl,_Bd._4,_VD18_90245911_Seite_049_Bild_0001.jpg</fileIdentifier>
    </sourceImageInformation>
  </Description>
  <Tags>
    <OtherTag ID="BT1" LABEL="Title" DESCRIPTION="block type Title"/><OtherTag ID="BT2" LABEL="Main" DESCRIPTION="block type Main"/><OtherTag ID="BT3" LABEL="Commentary" DESCRIPTION="block type Commentary"/><OtherTag ID="BT4" LABEL="Illustration" DESCRIPTION="block type Illustration"/><OtherTag ID="BT3755" LABEL="header" DESCRIPTION="block type header"/><OtherTag ID="BT3756" LABEL="paragraph" DESCRIPTION="block type paragraph"/><OtherTag ID="BT3757" LABEL="heading" DESCRIPTION="block type heading"/><OtherTag ID="BT3758" LABEL="footnote" DESCRIPTION="block type footnote"/><OtherTag ID="BT3759" LABEL="l-column" DESCRIPTION="block type l-column"/><OtherTag ID="BT3760" LABEL="r-column" DESCRIPTION="block type r-column"/><OtherTag ID="BT3761" LABEL="marginalia" DESCRIPTION="block type marginalia"/><OtherTag ID="BT4125" LABEL="drop-capital" DESCRIPTION="block type drop-capital"/><OtherTag ID="BT4126" LABEL="catch-word" DESCRIPTION="block type catch-word"/><OtherTag ID="BT4127" LABEL="page-number" DESCRIPTION="block type page-number"/><OtherTag ID="BT4128" LABEL="signature-mark" DESCRIPTION="block type signature-mark"/><OtherTag ID="BT4129" LABEL="poem_lg" DESCRIPTION="block type poem_lg"/><OtherTag ID="BT4130" LABEL="endnote" DESCRIPTION="block type endnote"/>
  </Tags>
  <Layout>
    <Page WIDTH="1077"
          HEIGHT="1842"
          PHYSICAL_IMG_NR="121"
          ID="eSc_dummypage_">
      <PrintSpace HPOS="0"
                  VPOS="0"
                  WIDTH="1077"
                  HEIGHT="1842">
        <TextBlock HPOS="274"
                   VPOS="159"
                   WIDTH="60"
                   HEIGHT="34"
                   ID="region_1718697418697_432"
                   TAGREFS="BT3756">
          <Shape><Polygon POINTS="334 193 274 193 274 159 334 159"/></Shape>
          <TextLine ID="eSc_line_60a62d79"
                    BASELINE="285 188 326 188" 
                    HPOS="285"
                    VPOS="188"
                    WIDTH="41"
                    HEIGHT="0">
	    <String CONTENT=""
                    HPOS="285"
                    VPOS="188"
                    WIDTH="41"
                    HEIGHT="0"></String>
          </TextLine>
        </TextBlock>
        <TextBlock HPOS="258"
                   VPOS="245"
                   WIDTH="734"
                   HEIGHT="238"
                   ID="region_1718697430196_438"
                   TAGREFS="BT3756">
          <Shape><Polygon POINTS="992 483 258 483 258 245 992 245"/></Shape>
          <TextLine ID="eSc_line_37bbec37"
                    BASELINE="275 276 971 279" 
                    HPOS="275"
                    VPOS="276"
                    WIDTH="696"
                    HEIGHT="3">
	    <String CONTENT=""
                    HPOS="275"
                    VPOS="276"
                    WIDTH="696"
                    HEIGHT="3"></String>
          </TextLine>
          <TextLine ID="eSc_line_2e516ba1"
                    BASELINE="272 326 969 326" 
                    HPOS="272"
                    VPOS="326"
                    WIDTH="697"
                    HEIGHT="0">
	    <String CONTENT=""
                    HPOS="272"
                    VPOS="326"
                    WIDTH="697"
                    HEIGHT="0"></String>
          </TextLine>
          <TextLine ID="eSc_line_00a45199"
                    BASELINE="275 371 974 371" 
                    HPOS="275"
                    VPOS="371"
                    WIDTH="699"
                    HEIGHT="0">
	    <String CONTENT=""
                    HPOS="275"
                    VPOS="371"
                    WIDTH="699"
                    HEIGHT="0"></String>
          </TextLine>
          <TextLine ID="eSc_line_32723653"
                    BASELINE="281 418 970 419" 
                    HPOS="281"
                    VPOS="418"
                    WIDTH="689"
                    HEIGHT="1">
	    <String CONTENT=""
                    HPOS="281"
                    VPOS="418"
                    WIDTH="689"
                    HEIGHT="1"></String>
          </TextLine>
          <TextLine ID="eSc_line_8b6181e9"
                    BASELINE="279 464 971 461" 
                    HPOS="279"
                    VPOS="461"
                    WIDTH="692"
                    HEIGHT="3">
	    <String CONTENT=""
                    HPOS="279"
                    VPOS="461"
                    WIDTH="692"
                    HEIGHT="3"></String>
          </TextLine>
        </TextBlock>
        <TextBlock HPOS="295"
                   VPOS="512"
                   WIDTH="697"
                   HEIGHT="394"
                   ID="region_1718697442781_444"
                   TAGREFS="BT3758">
          <Shape><Polygon POINTS="992 906 295 906 295 512 992 512"/></Shape>
          <TextLine ID="eSc_line_fbbce54b"
                    BASELINE="315 551 969 551" 
                    HPOS="315"
                    VPOS="551"
                    WIDTH="654"
                    HEIGHT="0">
	    <String CONTENT=""
                    HPOS="315"
                    VPOS="551"
                    WIDTH="654"
                    HEIGHT="0"></String>
          </TextLine>
          <TextLine ID="eSc_line_e5f77e0e"
                    BASELINE="336 590 973 590" 
                    HPOS="336"
                    VPOS="590"
                    WIDTH="637"
                    HEIGHT="0">
	    <String CONTENT=""
                    HPOS="336"
                    VPOS="590"
                    WIDTH="637"
                    HEIGHT="0"></String>
          </TextLine>
          <TextLine ID="eSc_line_5766d93b"
                    BASELINE="339 626 979 628" 
                    HPOS="339"
                    VPOS="626"
                    WIDTH="640"
                    HEIGHT="2">
	    <String CONTENT=""
                    HPOS="339"
                    VPOS="626"
                    WIDTH="640"
                    HEIGHT="2"></String>
          </TextLine>
          <TextLine ID="eSc_line_13161cb7"
                    BASELINE="335 666 981 669" 
                    HPOS="335"
                    VPOS="666"
                    WIDTH="646"
                    HEIGHT="3">
	    <String CONTENT=""
                    HPOS="335"
                    VPOS="666"
                    WIDTH="646"
                    HEIGHT="3"></String>
          </TextLine>
          <TextLine ID="eSc_line_7f14f2c8"
                    BASELINE="331 706 979 706" 
                    HPOS="331"
                    VPOS="706"
                    WIDTH="648"
                    HEIGHT="0">
	    <String CONTENT=""
                    HPOS="331"
                    VPOS="706"
                    WIDTH="648"
                    HEIGHT="0"></String>
          </TextLine>
          <TextLine ID="eSc_line_757e4864"
                    BASELINE="337 748 965 746" 
                    HPOS="337"
                    VPOS="746"
                    WIDTH="628"
                    HEIGHT="2">
	    <String CONTENT=""
                    HPOS="337"
                    VPOS="746"
                    WIDTH="628"
                    HEIGHT="2"></String>
          </TextLine>
          <TextLine ID="eSc_line_fa7a5402"
                    BASELINE="334 782 979 780" 
                    HPOS="334"
                    VPOS="780"
                    WIDTH="645"
                    HEIGHT="2">
	    <String CONTENT=""
                    HPOS="334"
                    VPOS="780"
                    WIDTH="645"
                    HEIGHT="2"></String>
          </TextLine>
          <TextLine ID="eSc_line_a960ef66"
                    BASELINE="336 818 973 823" 
                    HPOS="336"
                    VPOS="818"
                    WIDTH="637"
                    HEIGHT="5">
	    <String CONTENT=""
                    HPOS="336"
                    VPOS="818"
                    WIDTH="637"
                    HEIGHT="5"></String>
          </TextLine>
          <TextLine ID="eSc_line_e9c768eb"
                    BASELINE="341 863 971 864" 
                    HPOS="341"
                    VPOS="863"
                    WIDTH="630"
                    HEIGHT="1">
	    <String CONTENT=""
                    HPOS="341"
                    VPOS="863"
                    WIDTH="630"
                    HEIGHT="1"></String>
          </TextLine>
          <TextLine ID="eSc_line_2a2b11bb"
                    BASELINE="340 896 492 895" 
                    HPOS="340"
                    VPOS="895"
                    WIDTH="152"
                    HEIGHT="1">
	    <String CONTENT=""
                    HPOS="340"
                    VPOS="895"
                    WIDTH="152"
                    HEIGHT="1"></String>
          </TextLine>
        </TextBlock>
        <TextBlock HPOS="295"
                   VPOS="909"
                   WIDTH="695"
                   HEIGHT="609"
                   ID="region_1718697449969_447"
                   TAGREFS="BT3758">
          <Shape><Polygon POINTS="990 1518 295 1518 295 909 990 909"/></Shape>
          <TextLine ID="eSc_line_16bb542e"
                    BASELINE="314 941 982 940" 
                    HPOS="314"
                    VPOS="940"
                    WIDTH="668"
                    HEIGHT="1">
	    <String CONTENT=""
                    HPOS="314"
                    VPOS="940"
                    WIDTH="668"
                    HEIGHT="1"></String>
          </TextLine>
          <TextLine ID="eSc_line_2077647c"
                    BASELINE="342 979 974 980" 
                    HPOS="342"
                    VPOS="979"
                    WIDTH="632"
                    HEIGHT="1">
	    <String CONTENT=""
                    HPOS="342"
                    VPOS="979"
                    WIDTH="632"
                    HEIGHT="1"></String>
          </TextLine>
          <TextLine ID="eSc_line_b8a88f55"
                    BASELINE="338 1017 974 1019" 
                    HPOS="338"
                    VPOS="1017"
                    WIDTH="636"
                    HEIGHT="2">
	    <String CONTENT=""
                    HPOS="338"
                    VPOS="1017"
                    WIDTH="636"
                    HEIGHT="2"></String>
          </TextLine>
          <TextLine ID="eSc_line_4ce6d6c7"
                    BASELINE="343 1056 972 1053" 
                    HPOS="343"
                    VPOS="1053"
                    WIDTH="629"
                    HEIGHT="3">
	    <String CONTENT=""
                    HPOS="343"
                    VPOS="1053"
                    WIDTH="629"
                    HEIGHT="3"></String>
          </TextLine>
          <TextLine ID="eSc_line_831ff087"
                    BASELINE="340 1098 975 1090" 
                    HPOS="340"
                    VPOS="1090"
                    WIDTH="635"
                    HEIGHT="8">
	    <String CONTENT=""
                    HPOS="340"
                    VPOS="1090"
                    WIDTH="635"
                    HEIGHT="8"></String>
          </TextLine>
          <TextLine ID="eSc_line_58463449"
                    BASELINE="343 1128 974 1133" 
                    HPOS="343"
                    VPOS="1128"
                    WIDTH="631"
                    HEIGHT="5">
	    <String CONTENT=""
                    HPOS="343"
                    VPOS="1128"
                    WIDTH="631"
                    HEIGHT="5"></String>
          </TextLine>
          <TextLine ID="eSc_line_c0c7e8a6"
                    BASELINE="345 1168 980 1173" 
                    HPOS="345"
                    VPOS="1168"
                    WIDTH="635"
                    HEIGHT="5">
	    <String CONTENT=""
                    HPOS="345"
                    VPOS="1168"
                    WIDTH="635"
                    HEIGHT="5"></String>
          </TextLine>
          <TextLine ID="eSc_line_f3dad766"
                    BASELINE="338 1209 982 1210" 
                    HPOS="338"
                    VPOS="1209"
                    WIDTH="644"
                    HEIGHT="1">
	    <String CONTENT=""
                    HPOS="338"
                    VPOS="1209"
                    WIDTH="644"
                    HEIGHT="1"></String>
          </TextLine>
          <TextLine ID="eSc_line_76ff689f"
                    BASELINE="339 1251 979 1251" 
                    HPOS="339"
                    VPOS="1251"
                    WIDTH="640"
                    HEIGHT="0">
	    <String CONTENT=""
                    HPOS="339"
                    VPOS="1251"
                    WIDTH="640"
                    HEIGHT="0"></String>
          </TextLine>
          <TextLine ID="eSc_line_11c50e08"
                    BASELINE="347 1291 974 1288" 
                    HPOS="347"
                    VPOS="1288"
                    WIDTH="627"
                    HEIGHT="3">
	    <String CONTENT=""
                    HPOS="347"
                    VPOS="1288"
                    WIDTH="627"
                    HEIGHT="3"></String>
          </TextLine>
          <TextLine ID="eSc_line_20eae710"
                    BASELINE="347 1329 974 1328" 
                    HPOS="347"
                    VPOS="1328"
                    WIDTH="627"
                    HEIGHT="1">
	    <String CONTENT=""
                    HPOS="347"
                    VPOS="1328"
                    WIDTH="627"
                    HEIGHT="1"></String>
          </TextLine>
          <TextLine ID="eSc_line_cd46c473"
                    BASELINE="341 1366 971 1366" 
                    HPOS="341"
                    VPOS="1366"
                    WIDTH="630"
                    HEIGHT="0">
	    <String CONTENT=""
                    HPOS="341"
                    VPOS="1366"
                    WIDTH="630"
                    HEIGHT="0"></String>
          </TextLine>
          <TextLine ID="eSc_line_94093a57"
                    BASELINE="338 1410 976 1405" 
                    HPOS="338"
                    VPOS="1405"
                    WIDTH="638"
                    HEIGHT="5">
	    <String CONTENT=""
                    HPOS="338"
                    VPOS="1405"
                    WIDTH="638"
                    HEIGHT="5"></String>
          </TextLine>
          <TextLine ID="eSc_line_9ff1b369"
                    BASELINE="341 1447 979 1440" 
                    HPOS="341"
                    VPOS="1440"
                    WIDTH="638"
                    HEIGHT="7">
	    <String CONTENT=""
                    HPOS="341"
                    VPOS="1440"
                    WIDTH="638"
                    HEIGHT="7"></String>
          </TextLine>
          <TextLine ID="eSc_line_1c41a7cb"
                    BASELINE="338 1477 821 1480" 
                    HPOS="338"
                    VPOS="1477"
                    WIDTH="483"
                    HEIGHT="3">
	    <String CONTENT=""
                    HPOS="338"
                    VPOS="1477"
                    WIDTH="483"
                    HEIGHT="3"></String>
          </TextLine>
        </TextBlock>
      </PrintSpace>
    </Page>
  </Layout>
</alto>
