<?xml version="1.0" encoding="UTF-8"?>
<alto xmlns:xsi="http://www.w3.org/2001/XMLSchema-instance"
      xmlns="http://www.loc.gov/standards/alto/ns-v4#"
      xsi:schemaLocation="http://www.loc.gov/standards/alto/ns-v4# http://www.loc.gov/standards/alto/v4/alto-4-2.xsd">
  <Description>
    <MeasurementUnit>pixel</MeasurementUnit>
    <sourceImageInformation>
      <fileName>1793,_Saemmtliche_Poetische_Werke,_Schraembl,_Bd._3,_VD18_90245903_Seite_180_Bild_0001.jpg</fileName>
      <fileIdentifier>mets//SchraemblZeilenUnb.zip/1793,_Saemmtliche_Poetische_Werke,_Schraembl,_Bd._3,_VD18_90245903_Seite_180_Bild_0001.jpg</fileIdentifier>
    </sourceImageInformation>
  </Description>
  <Tags>
    <OtherTag ID="BT1" LABEL="Title" DESCRIPTION="block type Title"/><OtherTag ID="BT2" LABEL="Main" DESCRIPTION="block type Main"/><OtherTag ID="BT3" LABEL="Commentary" DESCRIPTION="block type Commentary"/><OtherTag ID="BT4" LABEL="Illustration" DESCRIPTION="block type Illustration"/><OtherTag ID="BT3755" LABEL="header" DESCRIPTION="block type header"/><OtherTag ID="BT3756" LABEL="paragraph" DESCRIPTION="block type paragraph"/><OtherTag ID="BT3757" LABEL="heading" DESCRIPTION="block type heading"/><OtherTag ID="BT3758" LABEL="footnote" DESCRIPTION="block type footnote"/><OtherTag ID="BT3759" LABEL="l-column" DESCRIPTION="block type l-column"/><OtherTag ID="BT3760" LABEL="r-column" DESCRIPTION="block type r-column"/><OtherTag ID="BT3761" LABEL="marginalia" DESCRIPTION="block type marginalia"/><OtherTag ID="BT4125" LABEL="drop-capital" DESCRIPTION="block type drop-capital"/><OtherTag ID="BT4126" LABEL="catch-word" DESCRIPTION="block type catch-word"/><OtherTag ID="BT4127" LABEL="page-number" DESCRIPTION="block type page-number"/><OtherTag ID="BT4128" LABEL="signature-mark" DESCRIPTION="block type signature-mark"/><OtherTag ID="BT4129" LABEL="poem_lg" DESCRIPTION="block type poem_lg"/><OtherTag ID="BT4130" LABEL="endnote" DESCRIPTION="block type endnote"/>
  </Tags>
  <Layout>
    <Page WIDTH="1080"
          HEIGHT="1900"
          PHYSICAL_IMG_NR="111"
          ID="eSc_dummypage_">
      <PrintSpace HPOS="0"
                  VPOS="0"
                  WIDTH="1080"
                  HEIGHT="1900">
        <TextBlock HPOS="120"
                   VPOS="400"
                   WIDTH="615"
                   HEIGHT="62"
                   ID="region_1720111636529_36"
                   TAGREFS="BT3757">
          <Shape><Polygon POINTS="120 419 120 462 735 455 734 400"/></Shape>
          <TextLine ID="eSc_line_83fadd6b"
                    BASELINE="127 451 727 447" 
                    HPOS="127"
                    VPOS="447"
                    WIDTH="600"
                    HEIGHT="4">
	    <String CONTENT=""
                    HPOS="127"
                    VPOS="447"
                    WIDTH="600"
                    HEIGHT="4"></String>
          </TextLine>
        </TextBlock>
        <TextBlock HPOS="115"
                   VPOS="584"
                   WIDTH="61"
                   HEIGHT="57"
                   ID="region_1720111648231_39"
                   TAGREFS="BT3756">
          <Shape><Polygon POINTS="171 640 176 585 115 584 122 641"/></Shape>
          <TextLine ID="eSc_line_8d2ceb43"
                    BASELINE="126 637 721 636" 
                    HPOS="126"
                    VPOS="636"
                    WIDTH="595"
                    HEIGHT="1">
	    <String CONTENT=""
                    HPOS="126"
                    VPOS="636"
                    WIDTH="595"
                    HEIGHT="1"></String>
          </TextLine>
        </TextBlock>
        <TextBlock HPOS="64"
                   VPOS="593"
                   WIDTH="706"
                   HEIGHT="309"
                   ID="region_1720111674190_42"
                   TAGREFS="BT3756">
          <Shape><Polygon POINTS="78 646 173 646 178 610 732 593 770 883 64 902"/></Shape>
          <TextLine ID="eSc_line_0d8b84aa"
                    BASELINE="84 681 690 677" 
                    HPOS="84"
                    VPOS="677"
                    WIDTH="606"
                    HEIGHT="4">
	    <String CONTENT=""
                    HPOS="84"
                    VPOS="677"
                    WIDTH="606"
                    HEIGHT="4"></String>
          </TextLine>
          <TextLine ID="eSc_line_f431387e"
                    BASELINE="86 729 669 725" 
                    HPOS="86"
                    VPOS="725"
                    WIDTH="583"
                    HEIGHT="4">
	    <String CONTENT=""
                    HPOS="86"
                    VPOS="725"
                    WIDTH="583"
                    HEIGHT="4"></String>
          </TextLine>
          <TextLine ID="eSc_line_3515bd8c"
                    BASELINE="87 779 661 772" 
                    HPOS="87"
                    VPOS="772"
                    WIDTH="574"
                    HEIGHT="7">
	    <String CONTENT=""
                    HPOS="87"
                    VPOS="772"
                    WIDTH="574"
                    HEIGHT="7"></String>
          </TextLine>
          <TextLine ID="eSc_line_8bd8006b"
                    BASELINE="84 822 689 817" 
                    HPOS="84"
                    VPOS="817"
                    WIDTH="605"
                    HEIGHT="5">
	    <String CONTENT=""
                    HPOS="84"
                    VPOS="817"
                    WIDTH="605"
                    HEIGHT="5"></String>
          </TextLine>
          <TextLine ID="eSc_line_11fdf3d8"
                    BASELINE="86 866 749 861" 
                    HPOS="86"
                    VPOS="861"
                    WIDTH="663"
                    HEIGHT="5">
	    <String CONTENT=""
                    HPOS="86"
                    VPOS="861"
                    WIDTH="663"
                    HEIGHT="5"></String>
          </TextLine>
        </TextBlock>
        <TextBlock HPOS="706"
                   VPOS="193"
                   WIDTH="63"
                   HEIGHT="38"
                   ID="region_1720111617686_33"
                   TAGREFS="BT3756">
          <Shape><Polygon POINTS="706 194 707 230 769 231 769 193"/></Shape>
          <TextLine ID="eSc_line_9bd90e57"
                    BASELINE="713 224 764 223" 
                    HPOS="713"
                    VPOS="223"
                    WIDTH="51"
                    HEIGHT="1">
	    <String CONTENT=""
                    HPOS="713"
                    VPOS="223"
                    WIDTH="51"
                    HEIGHT="1"></String>
          </TextLine>
        </TextBlock>
        <TextBlock HPOS="148"
                   VPOS="1003"
                   WIDTH="570"
                   HEIGHT="63"
                   ID="region_1720111731590_53"
                   TAGREFS="BT3757">
          <Shape><Polygon POINTS="148 1007 154 1066 718 1063 700 1003"/></Shape>
          <TextLine ID="eSc_line_0be9013e"
                    BASELINE="161 1052 704 1051" 
                    HPOS="161"
                    VPOS="1051"
                    WIDTH="543"
                    HEIGHT="1">
	    <String CONTENT=""
                    HPOS="161"
                    VPOS="1051"
                    WIDTH="543"
                    HEIGHT="1"></String>
          </TextLine>
        </TextBlock>
        <TextBlock HPOS="123"
                   VPOS="1176"
                   WIDTH="84"
                   HEIGHT="63"
                   ID="region_1720111738714_56"
                   TAGREFS="BT3756">
          <Shape><Polygon POINTS="207 1183 186 1232 130 1239 123 1176"/></Shape>
          <TextLine ID="eSc_line_aff84309"
                    BASELINE="136 1231 772 1231" 
                    HPOS="136"
                    VPOS="1231"
                    WIDTH="636"
                    HEIGHT="0">
	    <String CONTENT=""
                    HPOS="136"
                    VPOS="1231"
                    WIDTH="636"
                    HEIGHT="0"></String>
          </TextLine>
        </TextBlock>
        <TextBlock HPOS="59"
                   VPOS="1179"
                   WIDTH="746"
                   HEIGHT="222"
                   ID="region_1720111781387_59"
                   TAGREFS="BT3756">
          <Shape><Polygon POINTS="208 1197 196 1214 191 1243 59 1299 107 1401 805 1378 801 1187 416 1179"/></Shape>
          <TextLine ID="eSc_line_cd0d74f5"
                    BASELINE="372 1280 703 1275" 
                    HPOS="372"
                    VPOS="1275"
                    WIDTH="331"
                    HEIGHT="5">
	    <String CONTENT=""
                    HPOS="372"
                    VPOS="1275"
                    WIDTH="331"
                    HEIGHT="5"></String>
          </TextLine>
          <TextLine ID="eSc_line_d03c7f59"
                    BASELINE="94 1332 775 1322" 
                    HPOS="94"
                    VPOS="1322"
                    WIDTH="681"
                    HEIGHT="10">
	    <String CONTENT=""
                    HPOS="94"
                    VPOS="1322"
                    WIDTH="681"
                    HEIGHT="10"></String>
          </TextLine>
          <TextLine ID="eSc_line_b3df6b93"
                    BASELINE="380 1373 664 1371" 
                    HPOS="380"
                    VPOS="1371"
                    WIDTH="284"
                    HEIGHT="2">
	    <String CONTENT=""
                    HPOS="380"
                    VPOS="1371"
                    WIDTH="284"
                    HEIGHT="2"></String>
          </TextLine>
        </TextBlock>
      </PrintSpace>
    </Page>
  </Layout>
</alto>
