<?xml version="1.0" encoding="UTF-8"?>
<alto xmlns:xsi="http://www.w3.org/2001/XMLSchema-instance"
      xmlns="http://www.loc.gov/standards/alto/ns-v4#"
      xsi:schemaLocation="http://www.loc.gov/standards/alto/ns-v4# http://www.loc.gov/standards/alto/v4/alto-4-2.xsd">
  <Description>
    <MeasurementUnit>pixel</MeasurementUnit>
    <sourceImageInformation>
      <fileName>1800,_Poetische_Werke,_Bohn,_Bd._3,_VD18_8046145X_Seite_202_Bild_0001.jpg</fileName>
    </sourceImageInformation>
  </Description>
  <Tags>
    <OtherTag ID="BT1" LABEL="Title" DESCRIPTION="block type Title"/><OtherTag ID="BT2" LABEL="Main" DESCRIPTION="block type Main"/><OtherTag ID="BT3" LABEL="Commentary" DESCRIPTION="block type Commentary"/><OtherTag ID="BT4" LABEL="Illustration" DESCRIPTION="block type Illustration"/><OtherTag ID="BT3755" LABEL="header" DESCRIPTION="block type header"/><OtherTag ID="BT3756" LABEL="paragraph" DESCRIPTION="block type paragraph"/><OtherTag ID="BT3757" LABEL="heading" DESCRIPTION="block type heading"/><OtherTag ID="BT3758" LABEL="footnote" DESCRIPTION="block type footnote"/><OtherTag ID="BT3759" LABEL="l-column" DESCRIPTION="block type l-column"/><OtherTag ID="BT3760" LABEL="r-column" DESCRIPTION="block type r-column"/><OtherTag ID="BT3761" LABEL="marginalia" DESCRIPTION="block type marginalia"/><OtherTag ID="BT4125" LABEL="drop-capital" DESCRIPTION="block type drop-capital"/><OtherTag ID="BT4126" LABEL="catch-word" DESCRIPTION="block type catch-word"/><OtherTag ID="BT4127" LABEL="page-number" DESCRIPTION="block type page-number"/><OtherTag ID="BT4128" LABEL="signature-mark" DESCRIPTION="block type signature-mark"/><OtherTag ID="BT4129" LABEL="poem_lg" DESCRIPTION="block type poem_lg"/><OtherTag ID="BT4130" LABEL="endnote" DESCRIPTION="block type endnote"/>
  </Tags>
  <Layout>
    <Page WIDTH="1763"
          HEIGHT="2767"
          PHYSICAL_IMG_NR="71"
          ID="eSc_dummypage_">
      <PrintSpace HPOS="0"
                  VPOS="0"
                  WIDTH="1763"
                  HEIGHT="2767">
        <TextBlock HPOS="522.0"
                   VPOS="448.0"
                   WIDTH="919.0"
                   HEIGHT="840.0"
                   ID="region_1724226397064_146"
                   TAGREFS="BT3756">
          <Shape><Polygon POINTS="1441 990 1434 1288 522 1288 522 448 1434 448"/></Shape>
          <TextLine ID="eSc_line_b32957d2"
                    BASELINE="596 524 1193 524" 
                    HPOS="596.0"
                    VPOS="524.0"
                    WIDTH="597.0"
                    HEIGHT="0.0">
	    <String CONTENT=""
                    HPOS="596.0"
                    VPOS="524.0"
                    WIDTH="597.0"
                    HEIGHT="0.0"></String>
          </TextLine>
          <TextLine ID="eSc_line_3f8d5e6b"
                    BASELINE="602 587 1218 589" 
                    HPOS="602.0"
                    VPOS="587.0"
                    WIDTH="616.0"
                    HEIGHT="2.0">
	    <String CONTENT=""
                    HPOS="602.0"
                    VPOS="587.0"
                    WIDTH="616.0"
                    HEIGHT="2.0"></String>
          </TextLine>
          <TextLine ID="eSc_line_645d59d8"
                    BASELINE="592 656 1314 652" 
                    HPOS="592.0"
                    VPOS="652.0"
                    WIDTH="722.0"
                    HEIGHT="4.0">
	    <String CONTENT=""
                    HPOS="592.0"
                    VPOS="652.0"
                    WIDTH="722.0"
                    HEIGHT="4.0"></String>
          </TextLine>
          <TextLine ID="eSc_line_edd42622"
                    BASELINE="597 704 1425 717" 
                    HPOS="597.0"
                    VPOS="704.0"
                    WIDTH="828.0"
                    HEIGHT="13.0">
	    <String CONTENT=""
                    HPOS="597.0"
                    VPOS="704.0"
                    WIDTH="828.0"
                    HEIGHT="13.0"></String>
          </TextLine>
          <TextLine ID="eSc_line_2e658655"
                    BASELINE="585 777 1329 771" 
                    HPOS="585.0"
                    VPOS="771.0"
                    WIDTH="744.0"
                    HEIGHT="6.0">
	    <String CONTENT=""
                    HPOS="585.0"
                    VPOS="771.0"
                    WIDTH="744.0"
                    HEIGHT="6.0"></String>
          </TextLine>
          <TextLine ID="eSc_line_a1b56ade"
                    BASELINE="599 840 1293 843" 
                    HPOS="599.0"
                    VPOS="840.0"
                    WIDTH="694.0"
                    HEIGHT="3.0">
	    <String CONTENT=""
                    HPOS="599.0"
                    VPOS="840.0"
                    WIDTH="694.0"
                    HEIGHT="3.0"></String>
          </TextLine>
          <TextLine ID="eSc_line_6e240598"
                    BASELINE="636 976 1253 984" 
                    HPOS="636.0"
                    VPOS="976.0"
                    WIDTH="617.0"
                    HEIGHT="8.0">
	    <String CONTENT=""
                    HPOS="636.0"
                    VPOS="976.0"
                    WIDTH="617.0"
                    HEIGHT="8.0"></String>
          </TextLine>
          <TextLine ID="eSc_line_32f3a92f"
                    BASELINE="582 1032 1291 1036" 
                    HPOS="582.0"
                    VPOS="1032.0"
                    WIDTH="709.0"
                    HEIGHT="4.0">
	    <String CONTENT=""
                    HPOS="582.0"
                    VPOS="1032.0"
                    WIDTH="709.0"
                    HEIGHT="4.0"></String>
          </TextLine>
          <TextLine ID="eSc_line_8a040ba3"
                    BASELINE="580 1093 1401 1104" 
                    HPOS="580.0"
                    VPOS="1093.0"
                    WIDTH="821.0"
                    HEIGHT="11.0">
	    <String CONTENT=""
                    HPOS="580.0"
                    VPOS="1093.0"
                    WIDTH="821.0"
                    HEIGHT="11.0"></String>
          </TextLine>
          <TextLine ID="eSc_line_dd1e7d69"
                    BASELINE="567 1149 1268 1156" 
                    HPOS="567.0"
                    VPOS="1149.0"
                    WIDTH="701.0"
                    HEIGHT="7.0">
	    <String CONTENT=""
                    HPOS="567.0"
                    VPOS="1149.0"
                    WIDTH="701.0"
                    HEIGHT="7.0"></String>
          </TextLine>
          <TextLine ID="eSc_line_f5f57e28"
                    BASELINE="587 1213 1297 1213" 
                    HPOS="587.0"
                    VPOS="1213.0"
                    WIDTH="710.0"
                    HEIGHT="0.0">
	    <String CONTENT=""
                    HPOS="587.0"
                    VPOS="1213.0"
                    WIDTH="710.0"
                    HEIGHT="0.0"></String>
          </TextLine>
          <TextLine ID="eSc_line_6e6c6b14"
                    BASELINE="584 1272 1343 1280" 
                    HPOS="584.0"
                    VPOS="1272.0"
                    WIDTH="759.0"
                    HEIGHT="8.0">
	    <String CONTENT=""
                    HPOS="584.0"
                    VPOS="1272.0"
                    WIDTH="759.0"
                    HEIGHT="8.0"></String>
          </TextLine>
        </TextBlock>
        <TextBlock HPOS="972"
                   VPOS="369"
                   WIDTH="135"
                   HEIGHT="72"
                   ID="region_1720166825624_587"
                   TAGREFS="BT3756">
          <Shape><Polygon POINTS="1107 441 989 441 972 403 988 369 1106 369"/></Shape>
          <TextLine ID="eSc_line_9693b54b"
                    BASELINE="986 426 1105 432" 
                    HPOS="986.0"
                    VPOS="426.0"
                    WIDTH="119.0"
                    HEIGHT="6.0">
	    <String CONTENT=""
                    HPOS="986.0"
                    VPOS="426.0"
                    WIDTH="119.0"
                    HEIGHT="6.0"></String>
          </TextLine>
        </TextBlock>
        <TextBlock HPOS="545.0"
                   VPOS="1520.0"
                   WIDTH="1001.0"
                   HEIGHT="82.0"
                   ID="region_1720166875649_603"
                   TAGREFS="BT3758">
          <Shape><Polygon POINTS="1546 1602 545 1602 545 1538 1202 1520 1546 1538"/></Shape>
          <TextLine ID="eSc_line_3a88ef08"
                    BASELINE="562 1590 1545 1593" 
                    HPOS="562.0"
                    VPOS="1590.0"
                    WIDTH="983.0"
                    HEIGHT="3.0">
	    <String CONTENT=""
                    HPOS="562.0"
                    VPOS="1590.0"
                    WIDTH="983.0"
                    HEIGHT="3.0"></String>
          </TextLine>
        </TextBlock>
        <TextBlock HPOS="469.0"
                   VPOS="1621.0"
                   WIDTH="1121.0"
                   HEIGHT="785.0"
                   ID="region_1720166881913_606"
                   TAGREFS="BT3758">
          <Shape><Polygon POINTS="1590 1980 1570 2406 471 2406 469 1621 1568 1621"/></Shape>
          <TextLine ID="eSc_line_00d24de0"
                    BASELINE="552 1674 1549 1676" 
                    HPOS="552.0"
                    VPOS="1674.0"
                    WIDTH="997.0"
                    HEIGHT="2.0">
	    <String CONTENT=""
                    HPOS="552.0"
                    VPOS="1674.0"
                    WIDTH="997.0"
                    HEIGHT="2.0"></String>
          </TextLine>
          <TextLine ID="eSc_line_8040834a"
                    BASELINE="482 1716 1558 1721" 
                    HPOS="482.0"
                    VPOS="1716.0"
                    WIDTH="1076.0"
                    HEIGHT="5.0">
	    <String CONTENT=""
                    HPOS="482.0"
                    VPOS="1716.0"
                    WIDTH="1076.0"
                    HEIGHT="5.0"></String>
          </TextLine>
          <TextLine ID="eSc_line_2ef04c20"
                    BASELINE="479 1764 1567 1767" 
                    HPOS="479.0"
                    VPOS="1764.0"
                    WIDTH="1088.0"
                    HEIGHT="3.0">
	    <String CONTENT=""
                    HPOS="479.0"
                    VPOS="1764.0"
                    WIDTH="1088.0"
                    HEIGHT="3.0"></String>
          </TextLine>
          <TextLine ID="eSc_line_66c89bee"
                    BASELINE="476 1814 885 1805" 
                    HPOS="476.0"
                    VPOS="1805.0"
                    WIDTH="409.0"
                    HEIGHT="9.0">
	    <String CONTENT=""
                    HPOS="476.0"
                    VPOS="1805.0"
                    WIDTH="409.0"
                    HEIGHT="9.0"></String>
          </TextLine>
          <TextLine ID="eSc_line_28b5eccf"
                    BASELINE="589 1869 1044 1871" 
                    HPOS="589.0"
                    VPOS="1869.0"
                    WIDTH="455.0"
                    HEIGHT="2.0">
	    <String CONTENT=""
                    HPOS="589.0"
                    VPOS="1869.0"
                    WIDTH="455.0"
                    HEIGHT="2.0"></String>
          </TextLine>
          <TextLine ID="eSc_line_b51e302a"
                    BASELINE="588 1920 1024 1922" 
                    HPOS="588.0"
                    VPOS="1920.0"
                    WIDTH="436.0"
                    HEIGHT="2.0">
	    <String CONTENT=""
                    HPOS="588.0"
                    VPOS="1920.0"
                    WIDTH="436.0"
                    HEIGHT="2.0"></String>
          </TextLine>
          <TextLine ID="eSc_line_d022ccf3"
                    BASELINE="584 1973 1184 1972" 
                    HPOS="584.0"
                    VPOS="1972.0"
                    WIDTH="600.0"
                    HEIGHT="1.0">
	    <String CONTENT=""
                    HPOS="584.0"
                    VPOS="1972.0"
                    WIDTH="600.0"
                    HEIGHT="1.0"></String>
          </TextLine>
          <TextLine ID="eSc_line_75eb720b"
                    BASELINE="1139 2012 1508 2017" 
                    HPOS="1139.0"
                    VPOS="2012.0"
                    WIDTH="369.0"
                    HEIGHT="5.0">
	    <String CONTENT=""
                    HPOS="1139.0"
                    VPOS="2012.0"
                    WIDTH="369.0"
                    HEIGHT="5.0"></String>
          </TextLine>
          <TextLine ID="eSc_line_e2a91f81"
                    BASELINE="484 2078 1535 2081" 
                    HPOS="484.0"
                    VPOS="2078.0"
                    WIDTH="1051.0"
                    HEIGHT="3.0">
	    <String CONTENT=""
                    HPOS="484.0"
                    VPOS="2078.0"
                    WIDTH="1051.0"
                    HEIGHT="3.0"></String>
          </TextLine>
          <TextLine ID="eSc_line_0bf74f3e"
                    BASELINE="485 2123 1362 2126" 
                    HPOS="485.0"
                    VPOS="2123.0"
                    WIDTH="877.0"
                    HEIGHT="3.0">
	    <String CONTENT=""
                    HPOS="485.0"
                    VPOS="2123.0"
                    WIDTH="877.0"
                    HEIGHT="3.0"></String>
          </TextLine>
          <TextLine ID="eSc_line_9ffffc42"
                    BASELINE="556 2192 1200 2197" 
                    HPOS="556.0"
                    VPOS="2192.0"
                    WIDTH="644.0"
                    HEIGHT="5.0">
	    <String CONTENT=""
                    HPOS="556.0"
                    VPOS="2192.0"
                    WIDTH="644.0"
                    HEIGHT="5.0"></String>
          </TextLine>
          <TextLine ID="eSc_line_91fd1319"
                    BASELINE="623 2237 1328 2237" 
                    HPOS="623.0"
                    VPOS="2237.0"
                    WIDTH="705.0"
                    HEIGHT="0.0">
	    <String CONTENT=""
                    HPOS="623.0"
                    VPOS="2237.0"
                    WIDTH="705.0"
                    HEIGHT="0.0"></String>
          </TextLine>
          <TextLine ID="eSc_line_9586e3c7"
                    BASELINE="631 2277 1478 2283" 
                    HPOS="631.0"
                    VPOS="2277.0"
                    WIDTH="847.0"
                    HEIGHT="6.0">
	    <String CONTENT=""
                    HPOS="631.0"
                    VPOS="2277.0"
                    WIDTH="847.0"
                    HEIGHT="6.0"></String>
          </TextLine>
          <TextLine ID="eSc_line_602d3eb5"
                    BASELINE="627 2329 1009 2328" 
                    HPOS="627.0"
                    VPOS="2328.0"
                    WIDTH="382.0"
                    HEIGHT="1.0">
	    <String CONTENT=""
                    HPOS="627.0"
                    VPOS="2328.0"
                    WIDTH="382.0"
                    HEIGHT="1.0"></String>
          </TextLine>
          <TextLine ID="eSc_line_5c367b44"
                    BASELINE="1055 2372 1496 2378" 
                    HPOS="1055.0"
                    VPOS="2372.0"
                    WIDTH="441.0"
                    HEIGHT="6.0">
	    <String CONTENT=""
                    HPOS="1055.0"
                    VPOS="2372.0"
                    WIDTH="441.0"
                    HEIGHT="6.0"></String>
          </TextLine>
        </TextBlock>
      </PrintSpace>
    </Page>
  </Layout>
</alto>
