<?xml version="1.0" encoding="UTF-8"?>
<alto xmlns:xsi="http://www.w3.org/2001/XMLSchema-instance"
      xmlns="http://www.loc.gov/standards/alto/ns-v4#"
      xsi:schemaLocation="http://www.loc.gov/standards/alto/ns-v4# http://www.loc.gov/standards/alto/v4/alto-4-2.xsd">
  <Description>
    <MeasurementUnit>pixel</MeasurementUnit>
    <sourceImageInformation>
      <fileName>1800,_Poetische_Werke,_Bohn,_Bd._5,_VD18_80461476_Seite_299_Bild_0001.jpg</fileName>
    </sourceImageInformation>
  </Description>
  <Tags>
    <OtherTag ID="BT1" LABEL="Title" DESCRIPTION="block type Title"/><OtherTag ID="BT2" LABEL="Main" DESCRIPTION="block type Main"/><OtherTag ID="BT3" LABEL="Commentary" DESCRIPTION="block type Commentary"/><OtherTag ID="BT4" LABEL="Illustration" DESCRIPTION="block type Illustration"/><OtherTag ID="BT3755" LABEL="header" DESCRIPTION="block type header"/><OtherTag ID="BT3756" LABEL="paragraph" DESCRIPTION="block type paragraph"/><OtherTag ID="BT3757" LABEL="heading" DESCRIPTION="block type heading"/><OtherTag ID="BT3758" LABEL="footnote" DESCRIPTION="block type footnote"/><OtherTag ID="BT3759" LABEL="l-column" DESCRIPTION="block type l-column"/><OtherTag ID="BT3760" LABEL="r-column" DESCRIPTION="block type r-column"/><OtherTag ID="BT3761" LABEL="marginalia" DESCRIPTION="block type marginalia"/><OtherTag ID="BT4125" LABEL="drop-capital" DESCRIPTION="block type drop-capital"/><OtherTag ID="BT4126" LABEL="catch-word" DESCRIPTION="block type catch-word"/><OtherTag ID="BT4127" LABEL="page-number" DESCRIPTION="block type page-number"/><OtherTag ID="BT4128" LABEL="signature-mark" DESCRIPTION="block type signature-mark"/><OtherTag ID="BT4129" LABEL="poem_lg" DESCRIPTION="block type poem_lg"/><OtherTag ID="BT4130" LABEL="endnote" DESCRIPTION="block type endnote"/>
  </Tags>
  <Layout>
    <Page WIDTH="1872"
          HEIGHT="2838"
          PHYSICAL_IMG_NR="70"
          ID="eSc_dummypage_">
      <PrintSpace HPOS="0"
                  VPOS="0"
                  WIDTH="1872"
                  HEIGHT="2838">
        <TextBlock HPOS="224.0"
                   VPOS="484.0"
                   WIDTH="1106.0"
                   HEIGHT="1964.0"
                   ID="region_1720167910765_838"
                   TAGREFS="BT3756">
          <Shape><Polygon POINTS="1330 1404 1305 2448 224 2448 226 484 1307 484"/></Shape>
          <TextLine ID="eSc_line_4ea564ff"
                    BASELINE="243 566 1286 563" 
                    HPOS="243.0"
                    VPOS="563.0"
                    WIDTH="1043.0"
                    HEIGHT="3.0">
	    <String CONTENT=""
                    HPOS="243.0"
                    VPOS="563.0"
                    WIDTH="1043.0"
                    HEIGHT="3.0"></String>
          </TextLine>
          <TextLine ID="eSc_line_a4477407"
                    BASELINE="242 628 1295 626" 
                    HPOS="242.0"
                    VPOS="626.0"
                    WIDTH="1053.0"
                    HEIGHT="2.0">
	    <String CONTENT=""
                    HPOS="242.0"
                    VPOS="626.0"
                    WIDTH="1053.0"
                    HEIGHT="2.0"></String>
          </TextLine>
          <TextLine ID="eSc_line_9ade5ccb"
                    BASELINE="239 694 1288 690" 
                    HPOS="239.0"
                    VPOS="690.0"
                    WIDTH="1049.0"
                    HEIGHT="4.0">
	    <String CONTENT=""
                    HPOS="239.0"
                    VPOS="690.0"
                    WIDTH="1049.0"
                    HEIGHT="4.0"></String>
          </TextLine>
          <TextLine ID="eSc_line_d62b2a65"
                    BASELINE="231 760 1296 751" 
                    HPOS="231.0"
                    VPOS="751.0"
                    WIDTH="1065.0"
                    HEIGHT="9.0">
	    <String CONTENT=""
                    HPOS="231.0"
                    VPOS="751.0"
                    WIDTH="1065.0"
                    HEIGHT="9.0"></String>
          </TextLine>
          <TextLine ID="eSc_line_cef5a138"
                    BASELINE="238 823 1293 812" 
                    HPOS="238.0"
                    VPOS="812.0"
                    WIDTH="1055.0"
                    HEIGHT="11.0">
	    <String CONTENT=""
                    HPOS="238.0"
                    VPOS="812.0"
                    WIDTH="1055.0"
                    HEIGHT="11.0"></String>
          </TextLine>
          <TextLine ID="eSc_line_8dc8b430"
                    BASELINE="235 878 1302 874" 
                    HPOS="235.0"
                    VPOS="874.0"
                    WIDTH="1067.0"
                    HEIGHT="4.0">
	    <String CONTENT=""
                    HPOS="235.0"
                    VPOS="874.0"
                    WIDTH="1067.0"
                    HEIGHT="4.0"></String>
          </TextLine>
          <TextLine ID="eSc_line_373455ac"
                    BASELINE="236 947 1286 935" 
                    HPOS="236.0"
                    VPOS="935.0"
                    WIDTH="1050.0"
                    HEIGHT="12.0">
	    <String CONTENT=""
                    HPOS="236.0"
                    VPOS="935.0"
                    WIDTH="1050.0"
                    HEIGHT="12.0"></String>
          </TextLine>
          <TextLine ID="eSc_line_8a374202"
                    BASELINE="236 999 1300 999" 
                    HPOS="236.0"
                    VPOS="999.0"
                    WIDTH="1064.0"
                    HEIGHT="0.0">
	    <String CONTENT=""
                    HPOS="236.0"
                    VPOS="999.0"
                    WIDTH="1064.0"
                    HEIGHT="0.0"></String>
          </TextLine>
          <TextLine ID="eSc_line_1e7c54e8"
                    BASELINE="240 1055 1306 1057" 
                    HPOS="240.0"
                    VPOS="1055.0"
                    WIDTH="1066.0"
                    HEIGHT="2.0">
	    <String CONTENT=""
                    HPOS="240.0"
                    VPOS="1055.0"
                    WIDTH="1066.0"
                    HEIGHT="2.0"></String>
          </TextLine>
          <TextLine ID="eSc_line_a6be34e7"
                    BASELINE="231 1122 1310 1126" 
                    HPOS="231.0"
                    VPOS="1122.0"
                    WIDTH="1079.0"
                    HEIGHT="4.0">
	    <String CONTENT=""
                    HPOS="231.0"
                    VPOS="1122.0"
                    WIDTH="1079.0"
                    HEIGHT="4.0"></String>
          </TextLine>
          <TextLine ID="eSc_line_b966e824"
                    BASELINE="232 1182 1310 1180" 
                    HPOS="232.0"
                    VPOS="1180.0"
                    WIDTH="1078.0"
                    HEIGHT="2.0">
	    <String CONTENT=""
                    HPOS="232.0"
                    VPOS="1180.0"
                    WIDTH="1078.0"
                    HEIGHT="2.0"></String>
          </TextLine>
          <TextLine ID="eSc_line_94acf533"
                    BASELINE="238 1243 561 1244" 
                    HPOS="238.0"
                    VPOS="1243.0"
                    WIDTH="323.0"
                    HEIGHT="1.0">
	    <String CONTENT=""
                    HPOS="238.0"
                    VPOS="1243.0"
                    WIDTH="323.0"
                    HEIGHT="1.0"></String>
          </TextLine>
          <TextLine ID="eSc_line_f05a7167"
                    BASELINE="326 1328 1321 1334" 
                    HPOS="326.0"
                    VPOS="1328.0"
                    WIDTH="995.0"
                    HEIGHT="6.0">
	    <String CONTENT=""
                    HPOS="326.0"
                    VPOS="1328.0"
                    WIDTH="995.0"
                    HEIGHT="6.0"></String>
          </TextLine>
          <TextLine ID="eSc_line_ef1ff2bb"
                    BASELINE="231 1387 1298 1387" 
                    HPOS="231.0"
                    VPOS="1387.0"
                    WIDTH="1067.0"
                    HEIGHT="0.0">
	    <String CONTENT=""
                    HPOS="231.0"
                    VPOS="1387.0"
                    WIDTH="1067.0"
                    HEIGHT="0.0"></String>
          </TextLine>
          <TextLine ID="eSc_line_1c044a15"
                    BASELINE="246 1448 1306 1448" 
                    HPOS="246.0"
                    VPOS="1448.0"
                    WIDTH="1060.0"
                    HEIGHT="0.0">
	    <String CONTENT=""
                    HPOS="246.0"
                    VPOS="1448.0"
                    WIDTH="1060.0"
                    HEIGHT="0.0"></String>
          </TextLine>
          <TextLine ID="eSc_line_dbedc27e"
                    BASELINE="235 1510 348 1510" 
                    HPOS="235.0"
                    VPOS="1510.0"
                    WIDTH="113.0"
                    HEIGHT="0.0">
	    <String CONTENT=""
                    HPOS="235.0"
                    VPOS="1510.0"
                    WIDTH="113.0"
                    HEIGHT="0.0"></String>
          </TextLine>
          <TextLine ID="eSc_line_ca340660"
                    BASELINE="370 1582 1308 1578" 
                    HPOS="370.0"
                    VPOS="1578.0"
                    WIDTH="938.0"
                    HEIGHT="4.0">
	    <String CONTENT=""
                    HPOS="370.0"
                    VPOS="1578.0"
                    WIDTH="938.0"
                    HEIGHT="4.0"></String>
          </TextLine>
          <TextLine ID="eSc_line_5d1c3a22"
                    BASELINE="863 1640 1023 1633" 
                    HPOS="863.0"
                    VPOS="1633.0"
                    WIDTH="160.0"
                    HEIGHT="7.0">
	    <String CONTENT=""
                    HPOS="863.0"
                    VPOS="1633.0"
                    WIDTH="160.0"
                    HEIGHT="7.0"></String>
          </TextLine>
          <TextLine ID="eSc_line_65e315c6"
                    BASELINE="355 1716 1314 1701" 
                    HPOS="355.0"
                    VPOS="1701.0"
                    WIDTH="959.0"
                    HEIGHT="15.0">
	    <String CONTENT=""
                    HPOS="355.0"
                    VPOS="1701.0"
                    WIDTH="959.0"
                    HEIGHT="15.0"></String>
          </TextLine>
          <TextLine ID="eSc_line_57c58b6c"
                    BASELINE="843 1763 998 1765" 
                    HPOS="843.0"
                    VPOS="1763.0"
                    WIDTH="155.0"
                    HEIGHT="2.0">
	    <String CONTENT=""
                    HPOS="843.0"
                    VPOS="1763.0"
                    WIDTH="155.0"
                    HEIGHT="2.0"></String>
          </TextLine>
          <TextLine ID="eSc_line_34213f5b"
                    BASELINE="302 1845 1294 1839" 
                    HPOS="302.0"
                    VPOS="1839.0"
                    WIDTH="992.0"
                    HEIGHT="6.0">
	    <String CONTENT=""
                    HPOS="302.0"
                    VPOS="1839.0"
                    WIDTH="992.0"
                    HEIGHT="6.0"></String>
          </TextLine>
          <TextLine ID="eSc_line_87aa3c75"
                    BASELINE="226 1904 1302 1897" 
                    HPOS="226.0"
                    VPOS="1897.0"
                    WIDTH="1076.0"
                    HEIGHT="7.0">
	    <String CONTENT=""
                    HPOS="226.0"
                    VPOS="1897.0"
                    WIDTH="1076.0"
                    HEIGHT="7.0"></String>
          </TextLine>
          <TextLine ID="eSc_line_b837dac3"
                    BASELINE="226 1963 1304 1959" 
                    HPOS="226.0"
                    VPOS="1959.0"
                    WIDTH="1078.0"
                    HEIGHT="4.0">
	    <String CONTENT=""
                    HPOS="226.0"
                    VPOS="1959.0"
                    WIDTH="1078.0"
                    HEIGHT="4.0"></String>
          </TextLine>
          <TextLine ID="eSc_line_3b33109f"
                    BASELINE="587 2039 893 2037" 
                    HPOS="587.0"
                    VPOS="2037.0"
                    WIDTH="306.0"
                    HEIGHT="2.0">
	    <String CONTENT=""
                    HPOS="587.0"
                    VPOS="2037.0"
                    WIDTH="306.0"
                    HEIGHT="2.0"></String>
          </TextLine>
          <TextLine ID="eSc_line_b4f1cc32"
                    BASELINE="652 2098 1232 2094" 
                    HPOS="652.0"
                    VPOS="2094.0"
                    WIDTH="580.0"
                    HEIGHT="4.0">
	    <String CONTENT=""
                    HPOS="652.0"
                    VPOS="2094.0"
                    WIDTH="580.0"
                    HEIGHT="4.0"></String>
          </TextLine>
          <TextLine ID="eSc_line_67bf7e33"
                    BASELINE="358 2164 1292 2154" 
                    HPOS="358.0"
                    VPOS="2154.0"
                    WIDTH="934.0"
                    HEIGHT="10.0">
	    <String CONTENT=""
                    HPOS="358.0"
                    VPOS="2154.0"
                    WIDTH="934.0"
                    HEIGHT="10.0"></String>
          </TextLine>
          <TextLine ID="eSc_line_8f87054b"
                    BASELINE="280 2275 1289 2281" 
                    HPOS="280.0"
                    VPOS="2275.0"
                    WIDTH="1009.0"
                    HEIGHT="6.0">
	    <String CONTENT=""
                    HPOS="280.0"
                    VPOS="2275.0"
                    WIDTH="1009.0"
                    HEIGHT="6.0"></String>
          </TextLine>
          <TextLine ID="eSc_line_053219a4"
                    BASELINE="854 2219 1022 2221" 
                    HPOS="854.0"
                    VPOS="2219.0"
                    WIDTH="168.0"
                    HEIGHT="2.0">
	    <String CONTENT=""
                    HPOS="854.0"
                    VPOS="2219.0"
                    WIDTH="168.0"
                    HEIGHT="2.0"></String>
          </TextLine>
          <TextLine ID="eSc_line_eea229a7"
                    BASELINE="840 2346 1040 2346" 
                    HPOS="840.0"
                    VPOS="2346.0"
                    WIDTH="200.0"
                    HEIGHT="0.0">
	    <String CONTENT=""
                    HPOS="840.0"
                    VPOS="2346.0"
                    WIDTH="200.0"
                    HEIGHT="0.0"></String>
          </TextLine>
          <TextLine ID="eSc_line_8d1d3832"
                    BASELINE="361 2419 1222 2422" 
                    HPOS="361.0"
                    VPOS="2419.0"
                    WIDTH="861.0"
                    HEIGHT="3.0">
	    <String CONTENT=""
                    HPOS="361.0"
                    VPOS="2419.0"
                    WIDTH="861.0"
                    HEIGHT="3.0"></String>
          </TextLine>
        </TextBlock>
        <TextBlock HPOS="713"
                   VPOS="397"
                   WIDTH="95"
                   HEIGHT="77"
                   ID="region_1720167905753_835"
                   TAGREFS="BT3756">
          <Shape><Polygon POINTS="808 474 713 474 713 410 798 397 808 410"/></Shape>
          <TextLine ID="eSc_line_8a6408ce"
                    BASELINE="722 465 800 468" 
                    HPOS="722.0"
                    VPOS="465.0"
                    WIDTH="78.0"
                    HEIGHT="3.0">
	    <String CONTENT=""
                    HPOS="722.0"
                    VPOS="465.0"
                    WIDTH="78.0"
                    HEIGHT="3.0"></String>
          </TextLine>
        </TextBlock>
      </PrintSpace>
    </Page>
  </Layout>
</alto>
