<?xml version="1.0" encoding="UTF-8"?>
<alto xmlns:xsi="http://www.w3.org/2001/XMLSchema-instance"
      xmlns="http://www.loc.gov/standards/alto/ns-v4#"
      xsi:schemaLocation="http://www.loc.gov/standards/alto/ns-v4# http://www.loc.gov/standards/alto/v4/alto-4-2.xsd">
  <Description>
    <MeasurementUnit>pixel</MeasurementUnit>
    <sourceImageInformation>
      <fileName>1800,_Poetische_Werke,_Bohn,_Bd._1,_VD18_80461433_Seite_209_Bild_0001.jpg</fileName>
    </sourceImageInformation>
  </Description>
  <Tags>
    <OtherTag ID="BT1" LABEL="Title" DESCRIPTION="block type Title"/><OtherTag ID="BT2" LABEL="Main" DESCRIPTION="block type Main"/><OtherTag ID="BT3" LABEL="Commentary" DESCRIPTION="block type Commentary"/><OtherTag ID="BT4" LABEL="Illustration" DESCRIPTION="block type Illustration"/><OtherTag ID="BT3755" LABEL="header" DESCRIPTION="block type header"/><OtherTag ID="BT3756" LABEL="paragraph" DESCRIPTION="block type paragraph"/><OtherTag ID="BT3757" LABEL="heading" DESCRIPTION="block type heading"/><OtherTag ID="BT3758" LABEL="footnote" DESCRIPTION="block type footnote"/><OtherTag ID="BT3759" LABEL="l-column" DESCRIPTION="block type l-column"/><OtherTag ID="BT3760" LABEL="r-column" DESCRIPTION="block type r-column"/><OtherTag ID="BT3761" LABEL="marginalia" DESCRIPTION="block type marginalia"/><OtherTag ID="BT4125" LABEL="drop-capital" DESCRIPTION="block type drop-capital"/><OtherTag ID="BT4126" LABEL="catch-word" DESCRIPTION="block type catch-word"/><OtherTag ID="BT4127" LABEL="page-number" DESCRIPTION="block type page-number"/><OtherTag ID="BT4128" LABEL="signature-mark" DESCRIPTION="block type signature-mark"/><OtherTag ID="BT4129" LABEL="poem_lg" DESCRIPTION="block type poem_lg"/><OtherTag ID="BT4130" LABEL="endnote" DESCRIPTION="block type endnote"/>
  </Tags>
  <Layout>
    <Page WIDTH="1869"
          HEIGHT="2751"
          PHYSICAL_IMG_NR="58"
          ID="eSc_dummypage_">
      <PrintSpace HPOS="0"
                  VPOS="0"
                  WIDTH="1869"
                  HEIGHT="2751">
        <TextBlock HPOS="155.0"
                   VPOS="534.0"
                   WIDTH="998.0"
                   HEIGHT="398.0"
                   ID="region_1720347019583_577"
                   TAGREFS="BT3756">
          <Shape><Polygon POINTS="1153 915 357 932 227 784 155 633 156 534 1113 534"/></Shape>
          <TextLine ID="eSc_line_42157fcd"
                    BASELINE="169 589 314 605" 
                    HPOS="169.0"
                    VPOS="589.0"
                    WIDTH="145.0"
                    HEIGHT="16.0">
	    <String CONTENT=""
                    HPOS="169.0"
                    VPOS="589.0"
                    WIDTH="145.0"
                    HEIGHT="16.0"></String>
          </TextLine>
          <TextLine ID="eSc_line_c35b25f6"
                    BASELINE="392 604 1056 599" 
                    HPOS="392.0"
                    VPOS="599.0"
                    WIDTH="664.0"
                    HEIGHT="5.0">
	    <String CONTENT=""
                    HPOS="392.0"
                    VPOS="599.0"
                    WIDTH="664.0"
                    HEIGHT="5.0"></String>
          </TextLine>
          <TextLine ID="eSc_line_180e470d"
                    BASELINE="374 678 1036 665" 
                    HPOS="374.0"
                    VPOS="665.0"
                    WIDTH="662.0"
                    HEIGHT="13.0">
	    <String CONTENT=""
                    HPOS="374.0"
                    VPOS="665.0"
                    WIDTH="662.0"
                    HEIGHT="13.0"></String>
          </TextLine>
          <TextLine ID="eSc_line_1d4b323a"
                    BASELINE="388 733 948 728" 
                    HPOS="388.0"
                    VPOS="728.0"
                    WIDTH="560.0"
                    HEIGHT="5.0">
	    <String CONTENT=""
                    HPOS="388.0"
                    VPOS="728.0"
                    WIDTH="560.0"
                    HEIGHT="5.0"></String>
          </TextLine>
          <TextLine ID="eSc_line_528178c2"
                    BASELINE="381 798 1069 790" 
                    HPOS="381.0"
                    VPOS="790.0"
                    WIDTH="688.0"
                    HEIGHT="8.0">
	    <String CONTENT=""
                    HPOS="381.0"
                    VPOS="790.0"
                    WIDTH="688.0"
                    HEIGHT="8.0"></String>
          </TextLine>
          <TextLine ID="eSc_line_dddc5432"
                    BASELINE="383 859 1109 850" 
                    HPOS="383.0"
                    VPOS="850.0"
                    WIDTH="726.0"
                    HEIGHT="9.0">
	    <String CONTENT=""
                    HPOS="383.0"
                    VPOS="850.0"
                    WIDTH="726.0"
                    HEIGHT="9.0"></String>
          </TextLine>
          <TextLine ID="eSc_line_b45d8c9d"
                    BASELINE="383 919 833 912" 
                    HPOS="383.0"
                    VPOS="912.0"
                    WIDTH="450.0"
                    HEIGHT="7.0">
	    <String CONTENT=""
                    HPOS="383.0"
                    VPOS="912.0"
                    WIDTH="450.0"
                    HEIGHT="7.0"></String>
          </TextLine>
        </TextBlock>
        <TextBlock HPOS="382.0"
                   VPOS="451.0"
                   WIDTH="597.0"
                   HEIGHT="68.0"
                   ID="region_1720347015687_574"
                   TAGREFS="BT3757">
          <Shape><Polygon POINTS="979 510 382 519 382 454 963 451"/></Shape>
          <TextLine ID="eSc_line_ecd6b18e"
                    BASELINE="409 513 981 511" 
                    HPOS="409.0"
                    VPOS="511.0"
                    WIDTH="572.0"
                    HEIGHT="2.0">
	    <String CONTENT=""
                    HPOS="409.0"
                    VPOS="511.0"
                    WIDTH="572.0"
                    HEIGHT="2.0"></String>
          </TextLine>
        </TextBlock>
        <TextBlock HPOS="635"
                   VPOS="360"
                   WIDTH="109"
                   HEIGHT="74"
                   ID="region_1720347012894_571"
                   TAGREFS="BT3756">
          <Shape><Polygon POINTS="744 415 635 434 635 360 741 360"/></Shape>
          <TextLine ID="eSc_line_d75e54ca"
                    BASELINE="638 420 725 419" 
                    HPOS="638.0"
                    VPOS="419.0"
                    WIDTH="87.0"
                    HEIGHT="1.0">
	    <String CONTENT=""
                    HPOS="638.0"
                    VPOS="419.0"
                    WIDTH="87.0"
                    HEIGHT="1.0"></String>
          </TextLine>
        </TextBlock>
        <TextBlock HPOS="502.0"
                   VPOS="1101.0"
                   WIDTH="413.0"
                   HEIGHT="84.0"
                   ID="region_1720347027867_583"
                   TAGREFS="BT3757">
          <Shape><Polygon POINTS="903 1178 502 1185 502 1101 915 1101"/></Shape>
          <TextLine ID="eSc_line_24a3bea8"
                    BASELINE="512 1174 892 1164" 
                    HPOS="512.0"
                    VPOS="1164.0"
                    WIDTH="380.0"
                    HEIGHT="10.0">
	    <String CONTENT=""
                    HPOS="512.0"
                    VPOS="1164.0"
                    WIDTH="380.0"
                    HEIGHT="10.0"></String>
          </TextLine>
        </TextBlock>
        <TextBlock HPOS="302.0"
                   VPOS="1198.0"
                   WIDTH="895.0"
                   HEIGHT="525.0"
                   ID="region_1720347037759_586"
                   TAGREFS="BT3756">
          <Shape><Polygon POINTS="1197 1723 302 1723 302 1198 1197 1198"/></Shape>
          <TextLine ID="eSc_line_5cebfe24"
                    BASELINE="333 1276 1068 1270" 
                    HPOS="333.0"
                    VPOS="1270.0"
                    WIDTH="735.0"
                    HEIGHT="6.0">
	    <String CONTENT=""
                    HPOS="333.0"
                    VPOS="1270.0"
                    WIDTH="735.0"
                    HEIGHT="6.0"></String>
          </TextLine>
          <TextLine ID="eSc_line_b367e689"
                    BASELINE="338 1343 986 1329" 
                    HPOS="338.0"
                    VPOS="1329.0"
                    WIDTH="648.0"
                    HEIGHT="14.0">
	    <String CONTENT=""
                    HPOS="338.0"
                    VPOS="1329.0"
                    WIDTH="648.0"
                    HEIGHT="14.0"></String>
          </TextLine>
          <TextLine ID="eSc_line_ae26a26c"
                    BASELINE="330 1404 1102 1394" 
                    HPOS="330.0"
                    VPOS="1394.0"
                    WIDTH="772.0"
                    HEIGHT="10.0">
	    <String CONTENT=""
                    HPOS="330.0"
                    VPOS="1394.0"
                    WIDTH="772.0"
                    HEIGHT="10.0"></String>
          </TextLine>
          <TextLine ID="eSc_line_4a184a78"
                    BASELINE="332 1456 1060 1450" 
                    HPOS="332.0"
                    VPOS="1450.0"
                    WIDTH="728.0"
                    HEIGHT="6.0">
	    <String CONTENT=""
                    HPOS="332.0"
                    VPOS="1450.0"
                    WIDTH="728.0"
                    HEIGHT="6.0"></String>
          </TextLine>
          <TextLine ID="eSc_line_17271675"
                    BASELINE="333 1524 1022 1514" 
                    HPOS="333.0"
                    VPOS="1514.0"
                    WIDTH="689.0"
                    HEIGHT="10.0">
	    <String CONTENT=""
                    HPOS="333.0"
                    VPOS="1514.0"
                    WIDTH="689.0"
                    HEIGHT="10.0"></String>
          </TextLine>
          <TextLine ID="eSc_line_fe175763"
                    BASELINE="327 1580 1161 1571" 
                    HPOS="327.0"
                    VPOS="1571.0"
                    WIDTH="834.0"
                    HEIGHT="9.0">
	    <String CONTENT=""
                    HPOS="327.0"
                    VPOS="1571.0"
                    WIDTH="834.0"
                    HEIGHT="9.0"></String>
          </TextLine>
          <TextLine ID="eSc_line_e905738e"
                    BASELINE="323 1641 971 1631" 
                    HPOS="323.0"
                    VPOS="1631.0"
                    WIDTH="648.0"
                    HEIGHT="10.0">
	    <String CONTENT=""
                    HPOS="323.0"
                    VPOS="1631.0"
                    WIDTH="648.0"
                    HEIGHT="10.0"></String>
          </TextLine>
          <TextLine ID="eSc_line_1edde5c9"
                    BASELINE="334 1694 1008 1693" 
                    HPOS="334.0"
                    VPOS="1693.0"
                    WIDTH="674.0"
                    HEIGHT="1.0">
	    <String CONTENT=""
                    HPOS="334.0"
                    VPOS="1693.0"
                    WIDTH="674.0"
                    HEIGHT="1.0"></String>
          </TextLine>
        </TextBlock>
        <TextBlock HPOS="520.0"
                   VPOS="1853.0"
                   WIDTH="366.0"
                   HEIGHT="80.0"
                   ID="region_1720347041351_589"
                   TAGREFS="BT3757">
          <Shape><Polygon POINTS="886 1933 520 1933 520 1853 868 1863"/></Shape>
          <TextLine ID="eSc_line_4dafef0d"
                    BASELINE="569 1929 866 1931" 
                    HPOS="569.0"
                    VPOS="1929.0"
                    WIDTH="297.0"
                    HEIGHT="2.0">
	    <String CONTENT=""
                    HPOS="569.0"
                    VPOS="1929.0"
                    WIDTH="297.0"
                    HEIGHT="2.0"></String>
          </TextLine>
        </TextBlock>
        <TextBlock HPOS="137.0"
                   VPOS="1949.0"
                   WIDTH="1117.0"
                   HEIGHT="182.0"
                   ID="region_1720347053327_592"
                   TAGREFS="BT3756">
          <Shape><Polygon POINTS="1254 2131 137 2131 138 1949 1233 1954"/></Shape>
          <TextLine ID="eSc_line_67640648"
                    BASELINE="198 2023 1228 2028" 
                    HPOS="198.0"
                    VPOS="2023.0"
                    WIDTH="1030.0"
                    HEIGHT="5.0">
	    <String CONTENT=""
                    HPOS="198.0"
                    VPOS="2023.0"
                    WIDTH="1030.0"
                    HEIGHT="5.0"></String>
          </TextLine>
          <TextLine ID="eSc_line_f984be9e"
                    BASELINE="187 2089 1225 2101" 
                    HPOS="187.0"
                    VPOS="2089.0"
                    WIDTH="1038.0"
                    HEIGHT="12.0">
	    <String CONTENT=""
                    HPOS="187.0"
                    VPOS="2089.0"
                    WIDTH="1038.0"
                    HEIGHT="12.0"></String>
          </TextLine>
        </TextBlock>
        <TextBlock HPOS="164.0"
                   VPOS="2205.0"
                   WIDTH="1130.0"
                   HEIGHT="180.0"
                   ID="region_1720347056327_595"
                   TAGREFS="BT3758">
          <Shape><Polygon POINTS="1235 2343 164 2385 164 2205 1294 2205"/></Shape>
          <TextLine ID="eSc_line_ce5a600d"
                    BASELINE="256 2296 1241 2286" 
                    HPOS="256.0"
                    VPOS="2286.0"
                    WIDTH="985.0"
                    HEIGHT="10.0">
	    <String CONTENT=""
                    HPOS="256.0"
                    VPOS="2286.0"
                    WIDTH="985.0"
                    HEIGHT="10.0"></String>
          </TextLine>
          <TextLine ID="eSc_line_2d146437"
                    BASELINE="205 2328 360 2341" 
                    HPOS="205.0"
                    VPOS="2328.0"
                    WIDTH="155.0"
                    HEIGHT="13.0">
	    <String CONTENT=""
                    HPOS="205.0"
                    VPOS="2328.0"
                    WIDTH="155.0"
                    HEIGHT="13.0"></String>
          </TextLine>
        </TextBlock>
        <TextBlock ID="eSc_dummyblock_">
          <TextLine ID="eSc_line_35c2b7b7"
                    BASELINE="187 709 345 736" 
                    HPOS="187.0"
                    VPOS="709.0"
                    WIDTH="158.0"
                    HEIGHT="27.0">
	    <String CONTENT=""
                    HPOS="187.0"
                    VPOS="709.0"
                    WIDTH="158.0"
                    HEIGHT="27.0"></String>
          </TextLine>
        </TextBlock>
      </PrintSpace>
    </Page>
  </Layout>
</alto>
