<?xml version="1.0" encoding="UTF-8"?>
<alto xmlns:xsi="http://www.w3.org/2001/XMLSchema-instance"
      xmlns="http://www.loc.gov/standards/alto/ns-v4#"
      xsi:schemaLocation="http://www.loc.gov/standards/alto/ns-v4# http://www.loc.gov/standards/alto/v4/alto-4-2.xsd">
  <Description>
    <MeasurementUnit>pixel</MeasurementUnit>
    <sourceImageInformation>
      <fileName>1800,_Poetische_Werke,_Bohn,_Bd._1,_VD18_80461433_Seite_207_Bild_0001.jpg</fileName>
    </sourceImageInformation>
  </Description>
  <Tags>
    <OtherTag ID="BT1" LABEL="Title" DESCRIPTION="block type Title"/><OtherTag ID="BT2" LABEL="Main" DESCRIPTION="block type Main"/><OtherTag ID="BT3" LABEL="Commentary" DESCRIPTION="block type Commentary"/><OtherTag ID="BT4" LABEL="Illustration" DESCRIPTION="block type Illustration"/><OtherTag ID="BT3755" LABEL="header" DESCRIPTION="block type header"/><OtherTag ID="BT3756" LABEL="paragraph" DESCRIPTION="block type paragraph"/><OtherTag ID="BT3757" LABEL="heading" DESCRIPTION="block type heading"/><OtherTag ID="BT3758" LABEL="footnote" DESCRIPTION="block type footnote"/><OtherTag ID="BT3759" LABEL="l-column" DESCRIPTION="block type l-column"/><OtherTag ID="BT3760" LABEL="r-column" DESCRIPTION="block type r-column"/><OtherTag ID="BT3761" LABEL="marginalia" DESCRIPTION="block type marginalia"/><OtherTag ID="BT4125" LABEL="drop-capital" DESCRIPTION="block type drop-capital"/><OtherTag ID="BT4126" LABEL="catch-word" DESCRIPTION="block type catch-word"/><OtherTag ID="BT4127" LABEL="page-number" DESCRIPTION="block type page-number"/><OtherTag ID="BT4128" LABEL="signature-mark" DESCRIPTION="block type signature-mark"/><OtherTag ID="BT4129" LABEL="poem_lg" DESCRIPTION="block type poem_lg"/><OtherTag ID="BT4130" LABEL="endnote" DESCRIPTION="block type endnote"/>
  </Tags>
  <Layout>
    <Page WIDTH="1869"
          HEIGHT="2751"
          PHYSICAL_IMG_NR="57"
          ID="eSc_dummypage_">
      <PrintSpace HPOS="0"
                  VPOS="0"
                  WIDTH="1869"
                  HEIGHT="2751">
        <TextBlock HPOS="174.0"
                   VPOS="541.0"
                   WIDTH="883.0"
                   HEIGHT="134.0"
                   ID="region_1720346716048_474"
                   TAGREFS="BT3756">
          <Shape><Polygon POINTS="1057 675 174 675 175 604 244 606 252 541 1057 542"/></Shape>
          <TextLine ID="eSc_line_c9003404"
                    BASELINE="186 668 1034 667" 
                    HPOS="186.0"
                    VPOS="667.0"
                    WIDTH="848.0"
                    HEIGHT="1.0">
	    <String CONTENT=""
                    HPOS="186.0"
                    VPOS="667.0"
                    WIDTH="848.0"
                    HEIGHT="1.0"></String>
          </TextLine>
        </TextBlock>
        <TextBlock HPOS="431.0"
                   VPOS="461.0"
                   WIDTH="509.0"
                   HEIGHT="72.0"
                   ID="region_1720346707076_468"
                   TAGREFS="BT3757">
          <Shape><Polygon POINTS="940 528 435 533 431 461 940 461"/></Shape>
          <TextLine ID="eSc_line_eb5b32c3"
                    BASELINE="450 530 946 522" 
                    HPOS="450.0"
                    VPOS="522.0"
                    WIDTH="496.0"
                    HEIGHT="8.0">
	    <String CONTENT=""
                    HPOS="450.0"
                    VPOS="522.0"
                    WIDTH="496.0"
                    HEIGHT="8.0"></String>
          </TextLine>
        </TextBlock>
        <TextBlock HPOS="627"
                   VPOS="384"
                   WIDTH="112"
                   HEIGHT="57"
                   ID="region_1720346703284_465"
                   TAGREFS="BT3756">
          <Shape><Polygon POINTS="739 435 627 441 627 384 735 384"/></Shape>
          <TextLine ID="eSc_line_d852d779"
                    BASELINE="637 437 731 434" 
                    HPOS="637.0"
                    VPOS="434.0"
                    WIDTH="94.0"
                    HEIGHT="3.0">
	    <String CONTENT=""
                    HPOS="637.0"
                    VPOS="434.0"
                    WIDTH="94.0"
                    HEIGHT="3.0"></String>
          </TextLine>
        </TextBlock>
        <TextBlock HPOS="183.0"
                   VPOS="890.0"
                   WIDTH="1024.0"
                   HEIGHT="128.0"
                   ID="region_1720346728347_483"
                   TAGREFS="BT3756">
          <Shape><Polygon POINTS="1207 1018 183 1015 183 954 236 951 242 895 1207 890"/></Shape>
          <TextLine ID="eSc_line_e33809c1"
                    BASELINE="238 950 1180 954" 
                    HPOS="238.0"
                    VPOS="950.0"
                    WIDTH="942.0"
                    HEIGHT="4.0">
	    <String CONTENT=""
                    HPOS="238.0"
                    VPOS="950.0"
                    WIDTH="942.0"
                    HEIGHT="4.0"></String>
          </TextLine>
          <TextLine ID="eSc_line_1a5ac1af"
                    BASELINE="186 1012 1026 1014" 
                    HPOS="186.0"
                    VPOS="1012.0"
                    WIDTH="840.0"
                    HEIGHT="2.0">
	    <String CONTENT=""
                    HPOS="186.0"
                    VPOS="1012.0"
                    WIDTH="840.0"
                    HEIGHT="2.0"></String>
          </TextLine>
        </TextBlock>
        <TextBlock HPOS="492.0"
                   VPOS="810.0"
                   WIDTH="406.0"
                   HEIGHT="72.0"
                   ID="region_1720346720096_477"
                   TAGREFS="BT3757">
          <Shape><Polygon POINTS="898 869 492 882 496 810 895 810"/></Shape>
          <TextLine ID="eSc_line_e73d4e1b"
                    BASELINE="508 876 889 868" 
                    HPOS="508.0"
                    VPOS="868.0"
                    WIDTH="381.0"
                    HEIGHT="8.0">
	    <String CONTENT=""
                    HPOS="508.0"
                    VPOS="868.0"
                    WIDTH="381.0"
                    HEIGHT="8.0"></String>
          </TextLine>
        </TextBlock>
        <TextBlock HPOS="182.0"
                   VPOS="1238.0"
                   WIDTH="1069.0"
                   HEIGHT="273.0"
                   ID="region_1720346738680_492"
                   TAGREFS="BT3756">
          <Shape><Polygon POINTS="1248 1511 182 1509 183 1311 243 1307 246 1241 1251 1238"/></Shape>
          <TextLine ID="eSc_line_f943deac"
                    BASELINE="240 1308 1227 1305" 
                    HPOS="240.0"
                    VPOS="1305.0"
                    WIDTH="987.0"
                    HEIGHT="3.0">
	    <String CONTENT=""
                    HPOS="240.0"
                    VPOS="1305.0"
                    WIDTH="987.0"
                    HEIGHT="3.0"></String>
          </TextLine>
          <TextLine ID="eSc_line_fee8e22f"
                    BASELINE="192 1360 1212 1363" 
                    HPOS="192.0"
                    VPOS="1360.0"
                    WIDTH="1020.0"
                    HEIGHT="3.0">
	    <String CONTENT=""
                    HPOS="192.0"
                    VPOS="1360.0"
                    WIDTH="1020.0"
                    HEIGHT="3.0"></String>
          </TextLine>
          <TextLine ID="eSc_line_41449f5b"
                    BASELINE="194 1429 1229 1432" 
                    HPOS="194.0"
                    VPOS="1429.0"
                    WIDTH="1035.0"
                    HEIGHT="3.0">
	    <String CONTENT=""
                    HPOS="194.0"
                    VPOS="1429.0"
                    WIDTH="1035.0"
                    HEIGHT="3.0"></String>
          </TextLine>
          <TextLine ID="eSc_line_77abcaa3"
                    BASELINE="194 1490 1167 1485" 
                    HPOS="194.0"
                    VPOS="1485.0"
                    WIDTH="973.0"
                    HEIGHT="5.0">
	    <String CONTENT=""
                    HPOS="194.0"
                    VPOS="1485.0"
                    WIDTH="973.0"
                    HEIGHT="5.0"></String>
          </TextLine>
        </TextBlock>
        <TextBlock HPOS="498.0"
                   VPOS="1164.0"
                   WIDTH="403.0"
                   HEIGHT="64.0"
                   ID="region_1720346731856_486"
                   TAGREFS="BT3757">
          <Shape><Polygon POINTS="901 1228 498 1228 498 1164 883 1164"/></Shape>
          <TextLine ID="eSc_line_efbbbb16"
                    BASELINE="524 1219 894 1222" 
                    HPOS="524.0"
                    VPOS="1219.0"
                    WIDTH="370.0"
                    HEIGHT="3.0">
	    <String CONTENT=""
                    HPOS="524.0"
                    VPOS="1219.0"
                    WIDTH="370.0"
                    HEIGHT="3.0"></String>
          </TextLine>
        </TextBlock>
        <TextBlock HPOS="153.0"
                   VPOS="1575.0"
                   WIDTH="1165.0"
                   HEIGHT="835.0"
                   ID="region_1720346751144_495"
                   TAGREFS="BT3758">
          <Shape><Polygon POINTS="1318 2410 153 2410 153 1575 1275 1602"/></Shape>
          <TextLine ID="eSc_line_b6fd154e"
                    BASELINE="235 1682 237 1682 267 1687 347 1689 574 1688 661 1688 740 1690 835 1689 934 1693 1060 1677 1240 1681" 
                    HPOS="235.0"
                    VPOS="1677.0"
                    WIDTH="1005.0"
                    HEIGHT="16.0">
	    <String CONTENT=""
                    HPOS="235.0"
                    VPOS="1677.0"
                    WIDTH="1005.0"
                    HEIGHT="16.0"></String>
          </TextLine>
          <TextLine ID="eSc_line_81609139"
                    BASELINE="191 1722 248 1729 318 1729 550 1734 647 1733 699 1734 856 1735 1017 1729 1159 1733 1250 1729" 
                    HPOS="191.0"
                    VPOS="1722.0"
                    WIDTH="1059.0"
                    HEIGHT="13.0">
	    <String CONTENT=""
                    HPOS="191.0"
                    VPOS="1722.0"
                    WIDTH="1059.0"
                    HEIGHT="13.0"></String>
          </TextLine>
          <TextLine ID="eSc_line_cb7ea37a"
                    BASELINE="197 1763 202 1763 246 1764 295 1777 471 1784 685 1770 750 1771 798 1771 942 1776 1085 1772 1186 1774 1265 1767" 
                    HPOS="197.0"
                    VPOS="1763.0"
                    WIDTH="1068.0"
                    HEIGHT="21.0">
	    <String CONTENT=""
                    HPOS="197.0"
                    VPOS="1763.0"
                    WIDTH="1068.0"
                    HEIGHT="21.0"></String>
          </TextLine>
          <TextLine ID="eSc_line_78c6c7b3"
                    BASELINE="181 1805 239 1816 414 1822 513 1824 682 1823 810 1823 890 1819 999 1809 1126 1809 1189 1810 1240 1809 1241 1808" 
                    HPOS="181.0"
                    VPOS="1805.0"
                    WIDTH="1060.0"
                    HEIGHT="19.0">
	    <String CONTENT=""
                    HPOS="181.0"
                    VPOS="1805.0"
                    WIDTH="1060.0"
                    HEIGHT="19.0"></String>
          </TextLine>
          <TextLine ID="eSc_line_0ada7014"
                    BASELINE="178 1850 187 1850 233 1856 331 1864 435 1866 560 1866 626 1866 687 1858 896 1864 1264 1859" 
                    HPOS="178.0"
                    VPOS="1850.0"
                    WIDTH="1086.0"
                    HEIGHT="16.0">
	    <String CONTENT=""
                    HPOS="178.0"
                    VPOS="1850.0"
                    WIDTH="1086.0"
                    HEIGHT="16.0"></String>
          </TextLine>
          <TextLine ID="eSc_line_a97ed538"
                    BASELINE="202 1893 209 1895 221 1898 243 1900 315 1905 553 1909 742 1903 946 1899 1022 1897 1076 1898 1248 1900" 
                    HPOS="202.0"
                    VPOS="1893.0"
                    WIDTH="1046.0"
                    HEIGHT="16.0">
	    <String CONTENT=""
                    HPOS="202.0"
                    VPOS="1893.0"
                    WIDTH="1046.0"
                    HEIGHT="16.0"></String>
          </TextLine>
          <TextLine ID="eSc_line_ce359f73"
                    BASELINE="190 1941 208 1943 253 1946 1264 1940" 
                    HPOS="190.0"
                    VPOS="1940.0"
                    WIDTH="1074.0"
                    HEIGHT="6.0">
	    <String CONTENT=""
                    HPOS="190.0"
                    VPOS="1940.0"
                    WIDTH="1074.0"
                    HEIGHT="6.0"></String>
          </TextLine>
          <TextLine ID="eSc_line_639f4926"
                    BASELINE="203 1981 246 1994 237 1985 1256 1982" 
                    HPOS="203.0"
                    VPOS="1981.0"
                    WIDTH="1053.0"
                    HEIGHT="13.0">
	    <String CONTENT=""
                    HPOS="203.0"
                    VPOS="1981.0"
                    WIDTH="1053.0"
                    HEIGHT="13.0"></String>
          </TextLine>
          <TextLine ID="eSc_line_be9e3ac5"
                    BASELINE="201 2024 204 2024 242 2032 318 2036 558 2044 819 2041 985 2041 1140 2038 1256 2032" 
                    HPOS="201.0"
                    VPOS="2024.0"
                    WIDTH="1055.0"
                    HEIGHT="20.0">
	    <String CONTENT=""
                    HPOS="201.0"
                    VPOS="2024.0"
                    WIDTH="1055.0"
                    HEIGHT="20.0"></String>
          </TextLine>
          <TextLine ID="eSc_line_757bc39b"
                    BASELINE="197 2060 207 2064 221 2066 266 2069 310 2069 466 2078 716 2084 783 2085 919 2080 1041 2068 1169 2074 1262 2064" 
                    HPOS="197.0"
                    VPOS="2060.0"
                    WIDTH="1065.0"
                    HEIGHT="25.0">
	    <String CONTENT=""
                    HPOS="197.0"
                    VPOS="2060.0"
                    WIDTH="1065.0"
                    HEIGHT="25.0"></String>
          </TextLine>
          <TextLine ID="eSc_line_67a5508a"
                    BASELINE="192 2103 346 2117 678 2122 942 2120 1244 2116" 
                    HPOS="192.0"
                    VPOS="2103.0"
                    WIDTH="1052.0"
                    HEIGHT="19.0">
	    <String CONTENT=""
                    HPOS="192.0"
                    VPOS="2103.0"
                    WIDTH="1052.0"
                    HEIGHT="19.0"></String>
          </TextLine>
          <TextLine ID="eSc_line_c16c1a8d"
                    BASELINE="190 2147 219 2149 308 2161 518 2168 611 2164 699 2161 877 2165 936 2161 1132 2156 1298 2159" 
                    HPOS="190.0"
                    VPOS="2147.0"
                    WIDTH="1108.0"
                    HEIGHT="21.0">
	    <String CONTENT=""
                    HPOS="190.0"
                    VPOS="2147.0"
                    WIDTH="1108.0"
                    HEIGHT="21.0"></String>
          </TextLine>
          <TextLine ID="eSc_line_b38b8d0d"
                    BASELINE="196 2194 269 2202 480 2205 704 2207 791 2207 1236 2199" 
                    HPOS="196.0"
                    VPOS="2194.0"
                    WIDTH="1040.0"
                    HEIGHT="13.0">
	    <String CONTENT=""
                    HPOS="196.0"
                    VPOS="2194.0"
                    WIDTH="1040.0"
                    HEIGHT="13.0"></String>
          </TextLine>
          <TextLine ID="eSc_line_de494d10"
                    BASELINE="193 2229 200 2229 247 2237 446 2248 840 2247 966 2247 1112 2243 1191 2241 1254 2246" 
                    HPOS="193.0"
                    VPOS="2229.0"
                    WIDTH="1061.0"
                    HEIGHT="19.0">
	    <String CONTENT=""
                    HPOS="193.0"
                    VPOS="2229.0"
                    WIDTH="1061.0"
                    HEIGHT="19.0"></String>
          </TextLine>
          <TextLine ID="eSc_line_96d639de"
                    BASELINE="197 2275 335 2293 467 2301 675 2297 842 2298 896 2298 924 2292 1002 2293 1092 2288 1159 2286 1266 2292" 
                    HPOS="197.0"
                    VPOS="2275.0"
                    WIDTH="1069.0"
                    HEIGHT="26.0">
	    <String CONTENT=""
                    HPOS="197.0"
                    VPOS="2275.0"
                    WIDTH="1069.0"
                    HEIGHT="26.0"></String>
          </TextLine>
          <TextLine ID="eSc_line_0304288e"
                    BASELINE="188 2324 1257 2335" 
                    HPOS="188.0"
                    VPOS="2324.0"
                    WIDTH="1069.0"
                    HEIGHT="11.0">
	    <String CONTENT=""
                    HPOS="188.0"
                    VPOS="2324.0"
                    WIDTH="1069.0"
                    HEIGHT="11.0"></String>
          </TextLine>
        </TextBlock>
        <TextBlock HPOS="191.0"
                   VPOS="1237.0"
                   WIDTH="48.0"
                   HEIGHT="68.0"
                   ID="region_1720346735412_489"
                   TAGREFS="BT3756">
          <Shape><Polygon POINTS="239 1305 191 1305 191 1237 239 1237"/></Shape>
        </TextBlock>
        <TextBlock HPOS="185.0"
                   VPOS="889.0"
                   WIDTH="49.0"
                   HEIGHT="57.0"
                   ID="region_1720346723480_480"
                   TAGREFS="BT3756">
          <Shape><Polygon POINTS="234 946 185 945 185 889 234 890"/></Shape>
        </TextBlock>
        <TextBlock HPOS="182.0"
                   VPOS="536.0"
                   WIDTH="63.0"
                   HEIGHT="67.0"
                   ID="region_1720346711288_471"
                   TAGREFS="BT3756">
          <Shape><Polygon POINTS="245 603 182 603 182 536 245 536"/></Shape>
        </TextBlock>
        <TextBlock ID="eSc_dummyblock_">
          <TextLine ID="eSc_line_482a1421"
                    BASELINE="242 605 980 605" 
                    HPOS="242.0"
                    VPOS="605.0"
                    WIDTH="738.0"
                    HEIGHT="0.0">
	    <String CONTENT=""
                    HPOS="242.0"
                    VPOS="605.0"
                    WIDTH="738.0"
                    HEIGHT="0.0"></String>
          </TextLine>
        </TextBlock>
      </PrintSpace>
    </Page>
  </Layout>
</alto>
