<?xml version="1.0" encoding="UTF-8"?>
<alto xmlns:xsi="http://www.w3.org/2001/XMLSchema-instance"
      xmlns="http://www.loc.gov/standards/alto/ns-v4#"
      xsi:schemaLocation="http://www.loc.gov/standards/alto/ns-v4# http://www.loc.gov/standards/alto/v4/alto-4-2.xsd">
  <Description>
    <MeasurementUnit>pixel</MeasurementUnit>
    <sourceImageInformation>
      <fileName>1800,_Poetische_Werke,_Bohn,_Bd._1,_VD18_80461433_Seite_034_Bild_0001.jpg</fileName>
    </sourceImageInformation>
  </Description>
  <Tags>
    <OtherTag ID="BT1" LABEL="Title" DESCRIPTION="block type Title"/><OtherTag ID="BT2" LABEL="Main" DESCRIPTION="block type Main"/><OtherTag ID="BT3" LABEL="Commentary" DESCRIPTION="block type Commentary"/><OtherTag ID="BT4" LABEL="Illustration" DESCRIPTION="block type Illustration"/><OtherTag ID="BT3755" LABEL="header" DESCRIPTION="block type header"/><OtherTag ID="BT3756" LABEL="paragraph" DESCRIPTION="block type paragraph"/><OtherTag ID="BT3757" LABEL="heading" DESCRIPTION="block type heading"/><OtherTag ID="BT3758" LABEL="footnote" DESCRIPTION="block type footnote"/><OtherTag ID="BT3759" LABEL="l-column" DESCRIPTION="block type l-column"/><OtherTag ID="BT3760" LABEL="r-column" DESCRIPTION="block type r-column"/><OtherTag ID="BT3761" LABEL="marginalia" DESCRIPTION="block type marginalia"/><OtherTag ID="BT4125" LABEL="drop-capital" DESCRIPTION="block type drop-capital"/><OtherTag ID="BT4126" LABEL="catch-word" DESCRIPTION="block type catch-word"/><OtherTag ID="BT4127" LABEL="page-number" DESCRIPTION="block type page-number"/><OtherTag ID="BT4128" LABEL="signature-mark" DESCRIPTION="block type signature-mark"/><OtherTag ID="BT4129" LABEL="poem_lg" DESCRIPTION="block type poem_lg"/><OtherTag ID="BT4130" LABEL="endnote" DESCRIPTION="block type endnote"/>
  </Tags>
  <Layout>
    <Page WIDTH="1862"
          HEIGHT="2742"
          PHYSICAL_IMG_NR="52"
          ID="eSc_dummypage_">
      <PrintSpace HPOS="0"
                  VPOS="0"
                  WIDTH="1862"
                  HEIGHT="2742">
        <TextBlock HPOS="624.0"
                   VPOS="403.0"
                   WIDTH="1108.0"
                   HEIGHT="1954.0"
                   ID="region_1718802241629_192"
                   TAGREFS="BT3756">
          <Shape><Polygon POINTS="1732 2357 624 2357 625 417 1709 403"/></Shape>
          <TextLine ID="eSc_line_104632cc"
                    BASELINE="666 477 1719 478" 
                    HPOS="666.0"
                    VPOS="477.0"
                    WIDTH="1053.0"
                    HEIGHT="1.0">
	    <String CONTENT=""
                    HPOS="666.0"
                    VPOS="477.0"
                    WIDTH="1053.0"
                    HEIGHT="1.0"></String>
          </TextLine>
          <TextLine ID="eSc_line_7385f408"
                    BASELINE="678 534 1716 543" 
                    HPOS="678.0"
                    VPOS="534.0"
                    WIDTH="1038.0"
                    HEIGHT="9.0">
	    <String CONTENT=""
                    HPOS="678.0"
                    VPOS="534.0"
                    WIDTH="1038.0"
                    HEIGHT="9.0"></String>
          </TextLine>
          <TextLine ID="eSc_line_92b49d62"
                    BASELINE="678 602 1710 605" 
                    HPOS="678.0"
                    VPOS="602.0"
                    WIDTH="1032.0"
                    HEIGHT="3.0">
	    <String CONTENT=""
                    HPOS="678.0"
                    VPOS="602.0"
                    WIDTH="1032.0"
                    HEIGHT="3.0"></String>
          </TextLine>
          <TextLine ID="eSc_line_99873d7d"
                    BASELINE="672 660 1719 668" 
                    HPOS="672.0"
                    VPOS="660.0"
                    WIDTH="1047.0"
                    HEIGHT="8.0">
	    <String CONTENT=""
                    HPOS="672.0"
                    VPOS="660.0"
                    WIDTH="1047.0"
                    HEIGHT="8.0"></String>
          </TextLine>
          <TextLine ID="eSc_line_a5f8f825"
                    BASELINE="667 727 1713 736" 
                    HPOS="667.0"
                    VPOS="727.0"
                    WIDTH="1046.0"
                    HEIGHT="9.0">
	    <String CONTENT=""
                    HPOS="667.0"
                    VPOS="727.0"
                    WIDTH="1046.0"
                    HEIGHT="9.0"></String>
          </TextLine>
          <TextLine ID="eSc_line_d6808f42"
                    BASELINE="664 784 1716 792" 
                    HPOS="664.0"
                    VPOS="784.0"
                    WIDTH="1052.0"
                    HEIGHT="8.0">
	    <String CONTENT=""
                    HPOS="664.0"
                    VPOS="784.0"
                    WIDTH="1052.0"
                    HEIGHT="8.0"></String>
          </TextLine>
          <TextLine ID="eSc_line_8324db48"
                    BASELINE="665 853 1713 861" 
                    HPOS="665.0"
                    VPOS="853.0"
                    WIDTH="1048.0"
                    HEIGHT="8.0">
	    <String CONTENT=""
                    HPOS="665.0"
                    VPOS="853.0"
                    WIDTH="1048.0"
                    HEIGHT="8.0"></String>
          </TextLine>
          <TextLine ID="eSc_line_673cb03b"
                    BASELINE="667 915 1715 925" 
                    HPOS="667.0"
                    VPOS="915.0"
                    WIDTH="1048.0"
                    HEIGHT="10.0">
	    <String CONTENT=""
                    HPOS="667.0"
                    VPOS="915.0"
                    WIDTH="1048.0"
                    HEIGHT="10.0"></String>
          </TextLine>
          <TextLine ID="eSc_line_96d60988"
                    BASELINE="664 979 1714 984" 
                    HPOS="664.0"
                    VPOS="979.0"
                    WIDTH="1050.0"
                    HEIGHT="5.0">
	    <String CONTENT=""
                    HPOS="664.0"
                    VPOS="979.0"
                    WIDTH="1050.0"
                    HEIGHT="5.0"></String>
          </TextLine>
          <TextLine ID="eSc_line_9eb15aa9"
                    BASELINE="671 1033 1496 1042" 
                    HPOS="671.0"
                    VPOS="1033.0"
                    WIDTH="825.0"
                    HEIGHT="9.0">
	    <String CONTENT=""
                    HPOS="671.0"
                    VPOS="1033.0"
                    WIDTH="825.0"
                    HEIGHT="9.0"></String>
          </TextLine>
          <TextLine ID="eSc_line_c12cf708"
                    BASELINE="739 1146 1718 1164" 
                    HPOS="739.0"
                    VPOS="1146.0"
                    WIDTH="979.0"
                    HEIGHT="18.0">
	    <String CONTENT=""
                    HPOS="739.0"
                    VPOS="1146.0"
                    WIDTH="979.0"
                    HEIGHT="18.0"></String>
          </TextLine>
          <TextLine ID="eSc_line_6ea438e4"
                    BASELINE="657 1225 1715 1223" 
                    HPOS="657.0"
                    VPOS="1223.0"
                    WIDTH="1058.0"
                    HEIGHT="2.0">
	    <String CONTENT=""
                    HPOS="657.0"
                    VPOS="1223.0"
                    WIDTH="1058.0"
                    HEIGHT="2.0"></String>
          </TextLine>
          <TextLine ID="eSc_line_b3338f18"
                    BASELINE="660 1278 1712 1284" 
                    HPOS="660.0"
                    VPOS="1278.0"
                    WIDTH="1052.0"
                    HEIGHT="6.0">
	    <String CONTENT=""
                    HPOS="660.0"
                    VPOS="1278.0"
                    WIDTH="1052.0"
                    HEIGHT="6.0"></String>
          </TextLine>
          <TextLine ID="eSc_line_95009b4d"
                    BASELINE="660 1349 1707 1352" 
                    HPOS="660.0"
                    VPOS="1349.0"
                    WIDTH="1047.0"
                    HEIGHT="3.0">
	    <String CONTENT=""
                    HPOS="660.0"
                    VPOS="1349.0"
                    WIDTH="1047.0"
                    HEIGHT="3.0"></String>
          </TextLine>
          <TextLine ID="eSc_line_fe6f9f14"
                    BASELINE="657 1413 1718 1412" 
                    HPOS="657.0"
                    VPOS="1412.0"
                    WIDTH="1061.0"
                    HEIGHT="1.0">
	    <String CONTENT=""
                    HPOS="657.0"
                    VPOS="1412.0"
                    WIDTH="1061.0"
                    HEIGHT="1.0"></String>
          </TextLine>
          <TextLine ID="eSc_line_30af2766"
                    BASELINE="655 1470 1715 1474" 
                    HPOS="655.0"
                    VPOS="1470.0"
                    WIDTH="1060.0"
                    HEIGHT="4.0">
	    <String CONTENT=""
                    HPOS="655.0"
                    VPOS="1470.0"
                    WIDTH="1060.0"
                    HEIGHT="4.0"></String>
          </TextLine>
          <TextLine ID="eSc_line_af707376"
                    BASELINE="658 1531 1718 1532" 
                    HPOS="658.0"
                    VPOS="1531.0"
                    WIDTH="1060.0"
                    HEIGHT="1.0">
	    <String CONTENT=""
                    HPOS="658.0"
                    VPOS="1531.0"
                    WIDTH="1060.0"
                    HEIGHT="1.0"></String>
          </TextLine>
          <TextLine ID="eSc_line_cc256ecd"
                    BASELINE="656 1590 1713 1596" 
                    HPOS="656.0"
                    VPOS="1590.0"
                    WIDTH="1057.0"
                    HEIGHT="6.0">
	    <String CONTENT=""
                    HPOS="656.0"
                    VPOS="1590.0"
                    WIDTH="1057.0"
                    HEIGHT="6.0"></String>
          </TextLine>
          <TextLine ID="eSc_line_f92e64b5"
                    BASELINE="642 1651 1711 1656" 
                    HPOS="642.0"
                    VPOS="1651.0"
                    WIDTH="1069.0"
                    HEIGHT="5.0">
	    <String CONTENT=""
                    HPOS="642.0"
                    VPOS="1651.0"
                    WIDTH="1069.0"
                    HEIGHT="5.0"></String>
          </TextLine>
          <TextLine ID="eSc_line_7ea63f10"
                    BASELINE="656 1716 1709 1716" 
                    HPOS="656.0"
                    VPOS="1716.0"
                    WIDTH="1053.0"
                    HEIGHT="0.0">
	    <String CONTENT=""
                    HPOS="656.0"
                    VPOS="1716.0"
                    WIDTH="1053.0"
                    HEIGHT="0.0"></String>
          </TextLine>
          <TextLine ID="eSc_line_82316a7f"
                    BASELINE="663 1775 1707 1778" 
                    HPOS="663.0"
                    VPOS="1775.0"
                    WIDTH="1044.0"
                    HEIGHT="3.0">
	    <String CONTENT=""
                    HPOS="663.0"
                    VPOS="1775.0"
                    WIDTH="1044.0"
                    HEIGHT="3.0"></String>
          </TextLine>
          <TextLine ID="eSc_line_e55ef816"
                    BASELINE="660 1834 1710 1838" 
                    HPOS="660.0"
                    VPOS="1834.0"
                    WIDTH="1050.0"
                    HEIGHT="4.0">
	    <String CONTENT=""
                    HPOS="660.0"
                    VPOS="1834.0"
                    WIDTH="1050.0"
                    HEIGHT="4.0"></String>
          </TextLine>
          <TextLine ID="eSc_line_76e72bfa"
                    BASELINE="650 1904 1699 1905" 
                    HPOS="650.0"
                    VPOS="1904.0"
                    WIDTH="1049.0"
                    HEIGHT="1.0">
	    <String CONTENT=""
                    HPOS="650.0"
                    VPOS="1904.0"
                    WIDTH="1049.0"
                    HEIGHT="1.0"></String>
          </TextLine>
          <TextLine ID="eSc_line_aae2a7b1"
                    BASELINE="657 1958 1702 1963" 
                    HPOS="657.0"
                    VPOS="1958.0"
                    WIDTH="1045.0"
                    HEIGHT="5.0">
	    <String CONTENT=""
                    HPOS="657.0"
                    VPOS="1958.0"
                    WIDTH="1045.0"
                    HEIGHT="5.0"></String>
          </TextLine>
          <TextLine ID="eSc_line_4d7b4962"
                    BASELINE="644 2013 870 2015" 
                    HPOS="644.0"
                    VPOS="2013.0"
                    WIDTH="226.0"
                    HEIGHT="2.0">
	    <String CONTENT=""
                    HPOS="644.0"
                    VPOS="2013.0"
                    WIDTH="226.0"
                    HEIGHT="2.0"></String>
          </TextLine>
          <TextLine ID="eSc_line_a90d767c"
                    BASELINE="755 2095 1485 2101" 
                    HPOS="755.0"
                    VPOS="2095.0"
                    WIDTH="730.0"
                    HEIGHT="6.0">
	    <String CONTENT=""
                    HPOS="755.0"
                    VPOS="2095.0"
                    WIDTH="730.0"
                    HEIGHT="6.0"></String>
          </TextLine>
          <TextLine ID="eSc_line_2fce3544"
                    BASELINE="754 2148 1463 2153" 
                    HPOS="754.0"
                    VPOS="2148.0"
                    WIDTH="709.0"
                    HEIGHT="5.0">
	    <String CONTENT=""
                    HPOS="754.0"
                    VPOS="2148.0"
                    WIDTH="709.0"
                    HEIGHT="5.0"></String>
          </TextLine>
          <TextLine ID="eSc_line_fc0c92d9"
                    BASELINE="754 2201 1585 2204" 
                    HPOS="754.0"
                    VPOS="2201.0"
                    WIDTH="831.0"
                    HEIGHT="3.0">
	    <String CONTENT=""
                    HPOS="754.0"
                    VPOS="2201.0"
                    WIDTH="831.0"
                    HEIGHT="3.0"></String>
          </TextLine>
          <TextLine ID="eSc_line_579c566f"
                    BASELINE="756 2258 1357 2253" 
                    HPOS="756.0"
                    VPOS="2253.0"
                    WIDTH="601.0"
                    HEIGHT="5.0">
	    <String CONTENT=""
                    HPOS="756.0"
                    VPOS="2253.0"
                    WIDTH="601.0"
                    HEIGHT="5.0"></String>
          </TextLine>
          <TextLine ID="eSc_line_04800184"
                    BASELINE="1700 2331 1149 2324" 
                    HPOS="1149.0"
                    VPOS="2324.0"
                    WIDTH="551.0"
                    HEIGHT="7.0">
	    <String CONTENT=""
                    HPOS="1149.0"
                    VPOS="2324.0"
                    WIDTH="551.0"
                    HEIGHT="7.0"></String>
          </TextLine>
        </TextBlock>
        <TextBlock HPOS="1044"
                   VPOS="320"
                   WIDTH="346"
                   HEIGHT="79"
                   ID="region_1718802223017_186"
                   TAGREFS="BT3756">
          <Shape><Polygon POINTS="1322 399 1044 399 1044 321 1390 320"/></Shape>
          <TextLine ID="eSc_line_90d80a03"
                    BASELINE="1088 384 1304 382" 
                    HPOS="1088.0"
                    VPOS="382.0"
                    WIDTH="216.0"
                    HEIGHT="2.0">
	    <String CONTENT=""
                    HPOS="1088.0"
                    VPOS="382.0"
                    WIDTH="216.0"
                    HEIGHT="2.0"></String>
          </TextLine>
        </TextBlock>
      </PrintSpace>
    </Page>
  </Layout>
</alto>
