<?xml version="1.0" encoding="UTF-8"?>
<alto xmlns:xsi="http://www.w3.org/2001/XMLSchema-instance"
      xmlns="http://www.loc.gov/standards/alto/ns-v4#"
      xsi:schemaLocation="http://www.loc.gov/standards/alto/ns-v4# http://www.loc.gov/standards/alto/v4/alto-4-2.xsd">
  <Description>
    <MeasurementUnit>pixel</MeasurementUnit>
    <sourceImageInformation>
      <fileName>1800,_Poetische_Werke,_Bohn,_Bd._4,_VD18_80461468_Seite_097_Bild_0001.jpg</fileName>
    </sourceImageInformation>
  </Description>
  <Tags>
    <OtherTag ID="BT1" LABEL="Title" DESCRIPTION="block type Title"/><OtherTag ID="BT2" LABEL="Main" DESCRIPTION="block type Main"/><OtherTag ID="BT3" LABEL="Commentary" DESCRIPTION="block type Commentary"/><OtherTag ID="BT4" LABEL="Illustration" DESCRIPTION="block type Illustration"/><OtherTag ID="BT3755" LABEL="header" DESCRIPTION="block type header"/><OtherTag ID="BT3756" LABEL="paragraph" DESCRIPTION="block type paragraph"/><OtherTag ID="BT3757" LABEL="heading" DESCRIPTION="block type heading"/><OtherTag ID="BT3758" LABEL="footnote" DESCRIPTION="block type footnote"/><OtherTag ID="BT3759" LABEL="l-column" DESCRIPTION="block type l-column"/><OtherTag ID="BT3760" LABEL="r-column" DESCRIPTION="block type r-column"/><OtherTag ID="BT3761" LABEL="marginalia" DESCRIPTION="block type marginalia"/><OtherTag ID="BT4125" LABEL="drop-capital" DESCRIPTION="block type drop-capital"/><OtherTag ID="BT4126" LABEL="catch-word" DESCRIPTION="block type catch-word"/><OtherTag ID="BT4127" LABEL="page-number" DESCRIPTION="block type page-number"/><OtherTag ID="BT4128" LABEL="signature-mark" DESCRIPTION="block type signature-mark"/><OtherTag ID="BT4129" LABEL="poem_lg" DESCRIPTION="block type poem_lg"/><OtherTag ID="BT4130" LABEL="endnote" DESCRIPTION="block type endnote"/>
  </Tags>
  <Layout>
    <Page WIDTH="1839"
          HEIGHT="2753"
          PHYSICAL_IMG_NR="66"
          ID="eSc_dummypage_">
      <PrintSpace HPOS="0"
                  VPOS="0"
                  WIDTH="1839"
                  HEIGHT="2753">
        <TextBlock HPOS="178.0"
                   VPOS="444.0"
                   WIDTH="1196.0"
                   HEIGHT="1968.0"
                   ID="region_1724841200102_747"
                   TAGREFS="BT3756">
          <Shape><Polygon POINTS="178 450 1374 444 1343 2412 178 2412"/></Shape>
          <TextLine ID="eSc_line_c827790e"
                    BASELINE="219 521 1282 528" 
                    HPOS="219.0"
                    VPOS="521.0"
                    WIDTH="1063.0"
                    HEIGHT="7.0">
	    <String CONTENT=""
                    HPOS="219.0"
                    VPOS="521.0"
                    WIDTH="1063.0"
                    HEIGHT="7.0"></String>
          </TextLine>
          <TextLine ID="eSc_line_f6664735"
                    BASELINE="208 587 1278 594" 
                    HPOS="208.0"
                    VPOS="587.0"
                    WIDTH="1070.0"
                    HEIGHT="7.0">
	    <String CONTENT=""
                    HPOS="208.0"
                    VPOS="587.0"
                    WIDTH="1070.0"
                    HEIGHT="7.0"></String>
          </TextLine>
          <TextLine ID="eSc_line_77c5d142"
                    BASELINE="199 654 1269 656" 
                    HPOS="199.0"
                    VPOS="654.0"
                    WIDTH="1070.0"
                    HEIGHT="2.0">
	    <String CONTENT=""
                    HPOS="199.0"
                    VPOS="654.0"
                    WIDTH="1070.0"
                    HEIGHT="2.0"></String>
          </TextLine>
          <TextLine ID="eSc_line_baad60a8"
                    BASELINE="215 703 1296 720" 
                    HPOS="215.0"
                    VPOS="703.0"
                    WIDTH="1081.0"
                    HEIGHT="17.0">
	    <String CONTENT=""
                    HPOS="215.0"
                    VPOS="703.0"
                    WIDTH="1081.0"
                    HEIGHT="17.0"></String>
          </TextLine>
          <TextLine ID="eSc_line_a842313e"
                    BASELINE="206 772 528 762" 
                    HPOS="206.0"
                    VPOS="762.0"
                    WIDTH="322.0"
                    HEIGHT="10.0">
	    <String CONTENT=""
                    HPOS="206.0"
                    VPOS="762.0"
                    WIDTH="322.0"
                    HEIGHT="10.0"></String>
          </TextLine>
          <TextLine ID="eSc_line_2ebe79c7"
                    BASELINE="305 894 1177 909" 
                    HPOS="305.0"
                    VPOS="894.0"
                    WIDTH="872.0"
                    HEIGHT="15.0">
	    <String CONTENT=""
                    HPOS="305.0"
                    VPOS="894.0"
                    WIDTH="872.0"
                    HEIGHT="15.0"></String>
          </TextLine>
          <TextLine ID="eSc_line_5bfb7d5a"
                    BASELINE="211 1028 479 1036" 
                    HPOS="211.0"
                    VPOS="1028.0"
                    WIDTH="268.0"
                    HEIGHT="8.0">
	    <String CONTENT=""
                    HPOS="211.0"
                    VPOS="1028.0"
                    WIDTH="268.0"
                    HEIGHT="8.0"></String>
          </TextLine>
          <TextLine ID="eSc_line_dd2fc2cd"
                    BASELINE="299 1159 1160 1174" 
                    HPOS="299.0"
                    VPOS="1159.0"
                    WIDTH="861.0"
                    HEIGHT="15.0">
	    <String CONTENT=""
                    HPOS="299.0"
                    VPOS="1159.0"
                    WIDTH="861.0"
                    HEIGHT="15.0"></String>
          </TextLine>
          <TextLine ID="eSc_line_9dd93141"
                    BASELINE="300 1220 1097 1235" 
                    HPOS="300.0"
                    VPOS="1220.0"
                    WIDTH="797.0"
                    HEIGHT="15.0">
	    <String CONTENT=""
                    HPOS="300.0"
                    VPOS="1220.0"
                    WIDTH="797.0"
                    HEIGHT="15.0"></String>
          </TextLine>
          <TextLine ID="eSc_line_f68691a1"
                    BASELINE="212 1349 529 1350" 
                    HPOS="212.0"
                    VPOS="1349.0"
                    WIDTH="317.0"
                    HEIGHT="1.0">
	    <String CONTENT=""
                    HPOS="212.0"
                    VPOS="1349.0"
                    WIDTH="317.0"
                    HEIGHT="1.0"></String>
          </TextLine>
          <TextLine ID="eSc_line_365e8d5b"
                    BASELINE="307 1473 1163 1483" 
                    HPOS="307.0"
                    VPOS="1473.0"
                    WIDTH="856.0"
                    HEIGHT="10.0">
	    <String CONTENT=""
                    HPOS="307.0"
                    VPOS="1473.0"
                    WIDTH="856.0"
                    HEIGHT="10.0"></String>
          </TextLine>
          <TextLine ID="eSc_line_1267eef0"
                    BASELINE="308 1538 1235 1557" 
                    HPOS="308.0"
                    VPOS="1538.0"
                    WIDTH="927.0"
                    HEIGHT="19.0">
	    <String CONTENT=""
                    HPOS="308.0"
                    VPOS="1538.0"
                    WIDTH="927.0"
                    HEIGHT="19.0"></String>
          </TextLine>
          <TextLine ID="eSc_line_0d66bac5"
                    BASELINE="217 1668 1279 1676" 
                    HPOS="217.0"
                    VPOS="1668.0"
                    WIDTH="1062.0"
                    HEIGHT="8.0">
	    <String CONTENT=""
                    HPOS="217.0"
                    VPOS="1668.0"
                    WIDTH="1062.0"
                    HEIGHT="8.0"></String>
          </TextLine>
          <TextLine ID="eSc_line_d2426581"
                    BASELINE="222 1729 1303 1742" 
                    HPOS="222.0"
                    VPOS="1729.0"
                    WIDTH="1081.0"
                    HEIGHT="13.0">
	    <String CONTENT=""
                    HPOS="222.0"
                    VPOS="1729.0"
                    WIDTH="1081.0"
                    HEIGHT="13.0"></String>
          </TextLine>
          <TextLine ID="eSc_line_687b5759"
                    BASELINE="441 1850 935 1851" 
                    HPOS="441.0"
                    VPOS="1850.0"
                    WIDTH="494.0"
                    HEIGHT="1.0">
	    <String CONTENT=""
                    HPOS="441.0"
                    VPOS="1850.0"
                    WIDTH="494.0"
                    HEIGHT="1.0"></String>
          </TextLine>
          <TextLine ID="eSc_line_011b531c"
                    BASELINE="323 1911 1025 1918" 
                    HPOS="323.0"
                    VPOS="1911.0"
                    WIDTH="702.0"
                    HEIGHT="7.0">
	    <String CONTENT=""
                    HPOS="323.0"
                    VPOS="1911.0"
                    WIDTH="702.0"
                    HEIGHT="7.0"></String>
          </TextLine>
          <TextLine ID="eSc_line_52e08171"
                    BASELINE="728 1979 1033 1986" 
                    HPOS="728.0"
                    VPOS="1979.0"
                    WIDTH="305.0"
                    HEIGHT="7.0">
	    <String CONTENT=""
                    HPOS="728.0"
                    VPOS="1979.0"
                    WIDTH="305.0"
                    HEIGHT="7.0"></String>
          </TextLine>
          <TextLine ID="eSc_line_44998c7a"
                    BASELINE="216 2107 391 2106" 
                    HPOS="216.0"
                    VPOS="2106.0"
                    WIDTH="175.0"
                    HEIGHT="1.0">
	    <String CONTENT=""
                    HPOS="216.0"
                    VPOS="2106.0"
                    WIDTH="175.0"
                    HEIGHT="1.0"></String>
          </TextLine>
          <TextLine ID="eSc_line_7c7f3d8e"
                    BASELINE="351 2229 1158 2232" 
                    HPOS="351.0"
                    VPOS="2229.0"
                    WIDTH="807.0"
                    HEIGHT="3.0">
	    <String CONTENT=""
                    HPOS="351.0"
                    VPOS="2229.0"
                    WIDTH="807.0"
                    HEIGHT="3.0"></String>
          </TextLine>
          <TextLine ID="eSc_line_559d7127"
                    BASELINE="363 2285 1127 2290" 
                    HPOS="363.0"
                    VPOS="2285.0"
                    WIDTH="764.0"
                    HEIGHT="5.0">
	    <String CONTENT=""
                    HPOS="363.0"
                    VPOS="2285.0"
                    WIDTH="764.0"
                    HEIGHT="5.0"></String>
          </TextLine>
          <TextLine ID="eSc_line_b97cbb5a"
                    BASELINE="1033 2361 1171 2366" 
                    HPOS="1033.0"
                    VPOS="2361.0"
                    WIDTH="138.0"
                    HEIGHT="5.0">
	    <String CONTENT=""
                    HPOS="1033.0"
                    VPOS="2361.0"
                    WIDTH="138.0"
                    HEIGHT="5.0"></String>
          </TextLine>
        </TextBlock>
        <TextBlock HPOS="689"
                   VPOS="353"
                   WIDTH="125"
                   HEIGHT="85"
                   ID="region_1724841188798_744"
                   TAGREFS="BT3756">
          <Shape><Polygon POINTS="788 438 689 437 691 353 814 355"/></Shape>
          <TextLine ID="eSc_line_1879fbe9"
                    BASELINE="703 427 782 432" 
                    HPOS="703.0"
                    VPOS="427.0"
                    WIDTH="79.0"
                    HEIGHT="5.0">
	    <String CONTENT=""
                    HPOS="703.0"
                    VPOS="427.0"
                    WIDTH="79.0"
                    HEIGHT="5.0"></String>
          </TextLine>
        </TextBlock>
      </PrintSpace>
    </Page>
  </Layout>
</alto>
