<?xml version="1.0" encoding="UTF-8"?>
<alto xmlns:xsi="http://www.w3.org/2001/XMLSchema-instance"
      xmlns="http://www.loc.gov/standards/alto/ns-v4#"
      xsi:schemaLocation="http://www.loc.gov/standards/alto/ns-v4# http://www.loc.gov/standards/alto/v4/alto-4-2.xsd">
  <Description>
    <MeasurementUnit>pixel</MeasurementUnit>
    <sourceImageInformation>
      <fileName>1800,_Poetische_Werke,_Bohn,_Bd._1,_VD18_80461433_Seite_038_Bild_0001.jpg</fileName>
    </sourceImageInformation>
  </Description>
  <Tags>
    <OtherTag ID="BT1" LABEL="Title" DESCRIPTION="block type Title"/><OtherTag ID="BT2" LABEL="Main" DESCRIPTION="block type Main"/><OtherTag ID="BT3" LABEL="Commentary" DESCRIPTION="block type Commentary"/><OtherTag ID="BT4" LABEL="Illustration" DESCRIPTION="block type Illustration"/><OtherTag ID="BT3755" LABEL="header" DESCRIPTION="block type header"/><OtherTag ID="BT3756" LABEL="paragraph" DESCRIPTION="block type paragraph"/><OtherTag ID="BT3757" LABEL="heading" DESCRIPTION="block type heading"/><OtherTag ID="BT3758" LABEL="footnote" DESCRIPTION="block type footnote"/><OtherTag ID="BT3759" LABEL="l-column" DESCRIPTION="block type l-column"/><OtherTag ID="BT3760" LABEL="r-column" DESCRIPTION="block type r-column"/><OtherTag ID="BT3761" LABEL="marginalia" DESCRIPTION="block type marginalia"/><OtherTag ID="BT4125" LABEL="drop-capital" DESCRIPTION="block type drop-capital"/><OtherTag ID="BT4126" LABEL="catch-word" DESCRIPTION="block type catch-word"/><OtherTag ID="BT4127" LABEL="page-number" DESCRIPTION="block type page-number"/><OtherTag ID="BT4128" LABEL="signature-mark" DESCRIPTION="block type signature-mark"/><OtherTag ID="BT4129" LABEL="poem_lg" DESCRIPTION="block type poem_lg"/><OtherTag ID="BT4130" LABEL="endnote" DESCRIPTION="block type endnote"/>
  </Tags>
  <Layout>
    <Page WIDTH="1862"
          HEIGHT="2742"
          PHYSICAL_IMG_NR="53"
          ID="eSc_dummypage_">
      <PrintSpace HPOS="0"
                  VPOS="0"
                  WIDTH="1862"
                  HEIGHT="2742">
        <TextBlock HPOS="630.0"
                   VPOS="422.0"
                   WIDTH="1115.0"
                   HEIGHT="1351.0"
                   ID="region_1718802446481_225"
                   TAGREFS="BT3756">
          <Shape><Polygon POINTS="1741 1773 648 1773 630 422 1745 430"/></Shape>
          <TextLine ID="eSc_line_69449fbe"
                    BASELINE="680 502 1731 510" 
                    HPOS="680.0"
                    VPOS="502.0"
                    WIDTH="1051.0"
                    HEIGHT="8.0">
	    <String CONTENT=""
                    HPOS="680.0"
                    VPOS="502.0"
                    WIDTH="1051.0"
                    HEIGHT="8.0"></String>
          </TextLine>
          <TextLine ID="eSc_line_fc535ba7"
                    BASELINE="685 560 1738 570" 
                    HPOS="685.0"
                    VPOS="560.0"
                    WIDTH="1053.0"
                    HEIGHT="10.0">
	    <String CONTENT=""
                    HPOS="685.0"
                    VPOS="560.0"
                    WIDTH="1053.0"
                    HEIGHT="10.0"></String>
          </TextLine>
          <TextLine ID="eSc_line_8557cad2"
                    BASELINE="686 618 1728 635" 
                    HPOS="686.0"
                    VPOS="618.0"
                    WIDTH="1042.0"
                    HEIGHT="17.0">
	    <String CONTENT=""
                    HPOS="686.0"
                    VPOS="618.0"
                    WIDTH="1042.0"
                    HEIGHT="17.0"></String>
          </TextLine>
          <TextLine ID="eSc_line_daa6fe6c"
                    BASELINE="680 679 1730 695" 
                    HPOS="680.0"
                    VPOS="679.0"
                    WIDTH="1050.0"
                    HEIGHT="16.0">
	    <String CONTENT=""
                    HPOS="680.0"
                    VPOS="679.0"
                    WIDTH="1050.0"
                    HEIGHT="16.0"></String>
          </TextLine>
          <TextLine ID="eSc_line_da045735"
                    BASELINE="688 740 1734 759" 
                    HPOS="688.0"
                    VPOS="740.0"
                    WIDTH="1046.0"
                    HEIGHT="19.0">
	    <String CONTENT=""
                    HPOS="688.0"
                    VPOS="740.0"
                    WIDTH="1046.0"
                    HEIGHT="19.0"></String>
          </TextLine>
          <TextLine ID="eSc_line_1303d454"
                    BASELINE="674 807 1732 821" 
                    HPOS="674.0"
                    VPOS="807.0"
                    WIDTH="1058.0"
                    HEIGHT="14.0">
	    <String CONTENT=""
                    HPOS="674.0"
                    VPOS="807.0"
                    WIDTH="1058.0"
                    HEIGHT="14.0"></String>
          </TextLine>
          <TextLine ID="eSc_line_ff7dd19e"
                    BASELINE="684 864 1739 881" 
                    HPOS="684.0"
                    VPOS="864.0"
                    WIDTH="1055.0"
                    HEIGHT="17.0">
	    <String CONTENT=""
                    HPOS="684.0"
                    VPOS="864.0"
                    WIDTH="1055.0"
                    HEIGHT="17.0"></String>
          </TextLine>
          <TextLine ID="eSc_line_0f9230dc"
                    BASELINE="677 931 1077 931" 
                    HPOS="677.0"
                    VPOS="931.0"
                    WIDTH="400.0"
                    HEIGHT="0.0">
	    <String CONTENT=""
                    HPOS="677.0"
                    VPOS="931.0"
                    WIDTH="400.0"
                    HEIGHT="0.0"></String>
          </TextLine>
          <TextLine ID="eSc_line_1c7be9c3"
                    BASELINE="775 991 1590 1002" 
                    HPOS="775.0"
                    VPOS="991.0"
                    WIDTH="815.0"
                    HEIGHT="11.0">
	    <String CONTENT=""
                    HPOS="775.0"
                    VPOS="991.0"
                    WIDTH="815.0"
                    HEIGHT="11.0"></String>
          </TextLine>
          <TextLine ID="eSc_line_03187417"
                    BASELINE="779 1044 1734 1056" 
                    HPOS="779.0"
                    VPOS="1044.0"
                    WIDTH="955.0"
                    HEIGHT="12.0">
	    <String CONTENT=""
                    HPOS="779.0"
                    VPOS="1044.0"
                    WIDTH="955.0"
                    HEIGHT="12.0"></String>
          </TextLine>
          <TextLine ID="eSc_line_9a3644bc"
                    BASELINE="1335 1105 1530 1108" 
                    HPOS="1335.0"
                    VPOS="1105.0"
                    WIDTH="195.0"
                    HEIGHT="3.0">
	    <String CONTENT=""
                    HPOS="1335.0"
                    VPOS="1105.0"
                    WIDTH="195.0"
                    HEIGHT="3.0"></String>
          </TextLine>
          <TextLine ID="eSc_line_0dd80f65"
                    BASELINE="737 1162 1732 1171" 
                    HPOS="737.0"
                    VPOS="1162.0"
                    WIDTH="995.0"
                    HEIGHT="9.0">
	    <String CONTENT=""
                    HPOS="737.0"
                    VPOS="1162.0"
                    WIDTH="995.0"
                    HEIGHT="9.0"></String>
          </TextLine>
          <TextLine ID="eSc_line_a0d86d0c"
                    BASELINE="676 1219 1725 1231" 
                    HPOS="676.0"
                    VPOS="1219.0"
                    WIDTH="1049.0"
                    HEIGHT="12.0">
	    <String CONTENT=""
                    HPOS="676.0"
                    VPOS="1219.0"
                    WIDTH="1049.0"
                    HEIGHT="12.0"></String>
          </TextLine>
          <TextLine ID="eSc_line_eed6dce7"
                    BASELINE="672 1281 1728 1298" 
                    HPOS="672.0"
                    VPOS="1281.0"
                    WIDTH="1056.0"
                    HEIGHT="17.0">
	    <String CONTENT=""
                    HPOS="672.0"
                    VPOS="1281.0"
                    WIDTH="1056.0"
                    HEIGHT="17.0"></String>
          </TextLine>
          <TextLine ID="eSc_line_592ee8c8"
                    BASELINE="658 1343 1728 1358" 
                    HPOS="658.0"
                    VPOS="1343.0"
                    WIDTH="1070.0"
                    HEIGHT="15.0">
	    <String CONTENT=""
                    HPOS="658.0"
                    VPOS="1343.0"
                    WIDTH="1070.0"
                    HEIGHT="15.0"></String>
          </TextLine>
          <TextLine ID="eSc_line_b2171386"
                    BASELINE="678 1397 1721 1422" 
                    HPOS="678.0"
                    VPOS="1397.0"
                    WIDTH="1043.0"
                    HEIGHT="25.0">
	    <String CONTENT=""
                    HPOS="678.0"
                    VPOS="1397.0"
                    WIDTH="1043.0"
                    HEIGHT="25.0"></String>
          </TextLine>
          <TextLine ID="eSc_line_d2cc7dc2"
                    BASELINE="666 1463 1718 1480" 
                    HPOS="666.0"
                    VPOS="1463.0"
                    WIDTH="1052.0"
                    HEIGHT="17.0">
	    <String CONTENT=""
                    HPOS="666.0"
                    VPOS="1463.0"
                    WIDTH="1052.0"
                    HEIGHT="17.0"></String>
          </TextLine>
          <TextLine ID="eSc_line_dea06b4f"
                    BASELINE="661 1529 1721 1538" 
                    HPOS="661.0"
                    VPOS="1529.0"
                    WIDTH="1060.0"
                    HEIGHT="9.0">
	    <String CONTENT=""
                    HPOS="661.0"
                    VPOS="1529.0"
                    WIDTH="1060.0"
                    HEIGHT="9.0"></String>
          </TextLine>
          <TextLine ID="eSc_line_e85e655f"
                    BASELINE="663 1588 1728 1603" 
                    HPOS="663.0"
                    VPOS="1588.0"
                    WIDTH="1065.0"
                    HEIGHT="15.0">
	    <String CONTENT=""
                    HPOS="663.0"
                    VPOS="1588.0"
                    WIDTH="1065.0"
                    HEIGHT="15.0"></String>
          </TextLine>
          <TextLine ID="eSc_line_25dee802"
                    BASELINE="670 1651 1719 1669" 
                    HPOS="670.0"
                    VPOS="1651.0"
                    WIDTH="1049.0"
                    HEIGHT="18.0">
	    <String CONTENT=""
                    HPOS="670.0"
                    VPOS="1651.0"
                    WIDTH="1049.0"
                    HEIGHT="18.0"></String>
          </TextLine>
          <TextLine ID="eSc_line_9e11c31c"
                    BASELINE="662 1710 1721 1726" 
                    HPOS="662.0"
                    VPOS="1710.0"
                    WIDTH="1059.0"
                    HEIGHT="16.0">
	    <String CONTENT=""
                    HPOS="662.0"
                    VPOS="1710.0"
                    WIDTH="1059.0"
                    HEIGHT="16.0"></String>
          </TextLine>
          <TextLine ID="eSc_line_6b66c1c3"
                    BASELINE="660 1763 1107 1773" 
                    HPOS="660.0"
                    VPOS="1763.0"
                    WIDTH="447.0"
                    HEIGHT="10.0">
	    <String CONTENT=""
                    HPOS="660.0"
                    VPOS="1763.0"
                    WIDTH="447.0"
                    HEIGHT="10.0"></String>
          </TextLine>
        </TextBlock>
        <TextBlock HPOS="1113"
                   VPOS="353"
                   WIDTH="226"
                   HEIGHT="63"
                   ID="region_1718802437585_222"
                   TAGREFS="BT3756">
          <Shape><Polygon POINTS="1339 416 1113 416 1113 353 1323 360"/></Shape>
          <TextLine ID="eSc_line_3765c072"
                    BASELINE="1129 404 1313 405" 
                    HPOS="1129.0"
                    VPOS="404.0"
                    WIDTH="184.0"
                    HEIGHT="1.0">
	    <String CONTENT=""
                    HPOS="1129.0"
                    VPOS="404.0"
                    WIDTH="184.0"
                    HEIGHT="1.0"></String>
          </TextLine>
        </TextBlock>
        <TextBlock HPOS="651.0"
                   VPOS="1782.0"
                   WIDTH="1082.0"
                   HEIGHT="338.0"
                   ID="region_1718802471833_231"
                   TAGREFS="BT3758">
          <Shape><Polygon POINTS="1696 2120 651 2112 653 1788 1733 1782"/></Shape>
          <TextLine ID="eSc_line_433811f7"
                    BASELINE="723 1843 1709 1856" 
                    HPOS="723.0"
                    VPOS="1843.0"
                    WIDTH="986.0"
                    HEIGHT="13.0">
	    <String CONTENT=""
                    HPOS="723.0"
                    VPOS="1843.0"
                    WIDTH="986.0"
                    HEIGHT="13.0"></String>
          </TextLine>
          <TextLine ID="eSc_line_b73f579c"
                    BASELINE="664 1895 1713 1907" 
                    HPOS="664.0"
                    VPOS="1895.0"
                    WIDTH="1049.0"
                    HEIGHT="12.0">
	    <String CONTENT=""
                    HPOS="664.0"
                    VPOS="1895.0"
                    WIDTH="1049.0"
                    HEIGHT="12.0"></String>
          </TextLine>
          <TextLine ID="eSc_line_3e08904d"
                    BASELINE="660 1946 1477 1959" 
                    HPOS="660.0"
                    VPOS="1946.0"
                    WIDTH="817.0"
                    HEIGHT="13.0">
	    <String CONTENT=""
                    HPOS="660.0"
                    VPOS="1946.0"
                    WIDTH="817.0"
                    HEIGHT="13.0"></String>
          </TextLine>
          <TextLine ID="eSc_line_6ac55695"
                    BASELINE="767 2000 1685 2013" 
                    HPOS="767.0"
                    VPOS="2000.0"
                    WIDTH="918.0"
                    HEIGHT="13.0">
	    <String CONTENT=""
                    HPOS="767.0"
                    VPOS="2000.0"
                    WIDTH="918.0"
                    HEIGHT="13.0"></String>
          </TextLine>
          <TextLine ID="eSc_line_5bda67dd"
                    BASELINE="763 2060 1621 2061" 
                    HPOS="763.0"
                    VPOS="2060.0"
                    WIDTH="858.0"
                    HEIGHT="1.0">
	    <String CONTENT=""
                    HPOS="763.0"
                    VPOS="2060.0"
                    WIDTH="858.0"
                    HEIGHT="1.0"></String>
          </TextLine>
          <TextLine ID="eSc_line_abb5e3f1"
                    BASELINE="1291 2110 1682 2116" 
                    HPOS="1291.0"
                    VPOS="2110.0"
                    WIDTH="391.0"
                    HEIGHT="6.0">
	    <String CONTENT=""
                    HPOS="1291.0"
                    VPOS="2110.0"
                    WIDTH="391.0"
                    HEIGHT="6.0"></String>
          </TextLine>
        </TextBlock>
        <TextBlock HPOS="648.0"
                   VPOS="2131.0"
                   WIDTH="1063.0"
                   HEIGHT="245.0"
                   ID="region_1718802481270_234"
                   TAGREFS="BT3758">
          <Shape><Polygon POINTS="1711 2356 648 2376 652 2131 1711 2131"/></Shape>
          <TextLine ID="eSc_line_964d5402"
                    BASELINE="712 2173 1699 2187" 
                    HPOS="712.0"
                    VPOS="2173.0"
                    WIDTH="987.0"
                    HEIGHT="14.0">
	    <String CONTENT=""
                    HPOS="712.0"
                    VPOS="2173.0"
                    WIDTH="987.0"
                    HEIGHT="14.0"></String>
          </TextLine>
          <TextLine ID="eSc_line_5a18a4a9"
                    BASELINE="651 2278 1703 2297" 
                    HPOS="651.0"
                    VPOS="2278.0"
                    WIDTH="1052.0"
                    HEIGHT="19.0">
	    <String CONTENT=""
                    HPOS="651.0"
                    VPOS="2278.0"
                    WIDTH="1052.0"
                    HEIGHT="19.0"></String>
          </TextLine>
          <TextLine ID="eSc_line_7326f416"
                    BASELINE="658 2320 1470 2348" 
                    HPOS="658.0"
                    VPOS="2320.0"
                    WIDTH="812.0"
                    HEIGHT="28.0">
	    <String CONTENT=""
                    HPOS="658.0"
                    VPOS="2320.0"
                    WIDTH="812.0"
                    HEIGHT="28.0"></String>
          </TextLine>
        </TextBlock>
        <TextBlock ID="eSc_dummyblock_">
          <TextLine ID="eSc_line_46c46e57"
                    BASELINE="648 2227 1704 2241" 
                    HPOS="648.0"
                    VPOS="2227.0"
                    WIDTH="1056.0"
                    HEIGHT="14.0">
	    <String CONTENT=""
                    HPOS="648.0"
                    VPOS="2227.0"
                    WIDTH="1056.0"
                    HEIGHT="14.0"></String>
          </TextLine>
        </TextBlock>
      </PrintSpace>
    </Page>
  </Layout>
</alto>
