<?xml version="1.0" encoding="UTF-8"?>
<alto xmlns:xsi="http://www.w3.org/2001/XMLSchema-instance"
      xmlns="http://www.loc.gov/standards/alto/ns-v4#"
      xsi:schemaLocation="http://www.loc.gov/standards/alto/ns-v4# http://www.loc.gov/standards/alto/v4/alto-4-2.xsd">
  <Description>
    <MeasurementUnit>pixel</MeasurementUnit>
    <sourceImageInformation>
      <fileName>1789,_Saemmtliche_Poetische_Werke,_Baumeister,_Bd._2,_VD18_80391567-001_Seite_289_Bild_0001.jpg</fileName>
    </sourceImageInformation>
  </Description>
  <Tags>
    <OtherTag ID="BT1" LABEL="Title" DESCRIPTION="block type Title"/><OtherTag ID="BT2" LABEL="Main" DESCRIPTION="block type Main"/><OtherTag ID="BT3" LABEL="Commentary" DESCRIPTION="block type Commentary"/><OtherTag ID="BT4" LABEL="Illustration" DESCRIPTION="block type Illustration"/><OtherTag ID="BT3928" LABEL="heading" DESCRIPTION="block type heading"/><OtherTag ID="BT3929" LABEL="paragraph" DESCRIPTION="block type paragraph"/><OtherTag ID="BT3930" LABEL="footnote" DESCRIPTION="block type footnote"/><OtherTag ID="BT3931" LABEL="page-number" DESCRIPTION="block type page-number"/>
  </Tags>
  <Layout>
    <Page WIDTH="891"
          HEIGHT="1503"
          PHYSICAL_IMG_NR="16"
          ID="eSc_dummypage_">
      <PrintSpace HPOS="0"
                  VPOS="0"
                  WIDTH="891"
                  HEIGHT="1503">
        <TextBlock HPOS="147"
                   VPOS="109"
                   WIDTH="74"
                   HEIGHT="36"
                   ID="region_1737732606348_907"
                   TAGREFS="BT3929">
          <Shape><Polygon POINTS="153 145 221 144 218 110 147 109"/></Shape>
        </TextBlock>
        <TextBlock HPOS="142"
                   VPOS="161"
                   WIDTH="648"
                   HEIGHT="379"
                   ID="region_1737732622026_910"
                   TAGREFS="BT3929">
          <Shape><Polygon POINTS="142 166 782 161 790 540 147 540"/></Shape>
        </TextBlock>
        <TextBlock HPOS="147"
                   VPOS="568"
                   WIDTH="662"
                   HEIGHT="762"
                   ID="region_1737732638523_913"
                   TAGREFS="BT3930">
          <Shape><Polygon POINTS="198 572 783 568 809 1330 147 1329 149 620 192 615"/></Shape>
        </TextBlock>
      </PrintSpace>
    </Page>
  </Layout>
</alto>
