<?xml version="1.0" encoding="UTF-8"?>
<alto xmlns:xsi="http://www.w3.org/2001/XMLSchema-instance"
      xmlns="http://www.loc.gov/standards/alto/ns-v4#"
      xsi:schemaLocation="http://www.loc.gov/standards/alto/ns-v4# http://www.loc.gov/standards/alto/v4/alto-4-2.xsd">
  <Description>
    <MeasurementUnit>pixel</MeasurementUnit>
    <sourceImageInformation>
      <fileName>1789,_Saemmtliche_Poetische_Werke,_Baumeister,_Bd._2,_VD18_80391567-001_Seite_243_Bild_0001.jpg</fileName>
    </sourceImageInformation>
  </Description>
  <Tags>
    <OtherTag ID="BT1" LABEL="Title" DESCRIPTION="block type Title"/><OtherTag ID="BT2" LABEL="Main" DESCRIPTION="block type Main"/><OtherTag ID="BT3" LABEL="Commentary" DESCRIPTION="block type Commentary"/><OtherTag ID="BT4" LABEL="Illustration" DESCRIPTION="block type Illustration"/><OtherTag ID="BT3928" LABEL="heading" DESCRIPTION="block type heading"/><OtherTag ID="BT3929" LABEL="paragraph" DESCRIPTION="block type paragraph"/><OtherTag ID="BT3930" LABEL="footnote" DESCRIPTION="block type footnote"/><OtherTag ID="BT3931" LABEL="page-number" DESCRIPTION="block type page-number"/>
  </Tags>
  <Layout>
    <Page WIDTH="901"
          HEIGHT="1509"
          PHYSICAL_IMG_NR="14"
          ID="eSc_dummypage_">
      <PrintSpace HPOS="0"
                  VPOS="0"
                  WIDTH="901"
                  HEIGHT="1509">
        <TextBlock HPOS="134"
                   VPOS="101"
                   WIDTH="71"
                   HEIGHT="38"
                   ID="region_1737732334598_868"
                   TAGREFS="BT3929">
          <Shape><Polygon POINTS="134 101 205 101 204 139 138 133"/></Shape>
        </TextBlock>
        <TextBlock HPOS="136"
                   VPOS="153"
                   WIDTH="632"
                   HEIGHT="541"
                   ID="region_1737732197116_829"
                   TAGREFS="BT3930">
          <Shape><Polygon POINTS="136 154 759 153 768 615 735 623 758 687 720 694 596 692 587 656 506 649 495 613 171 618"/></Shape>
        </TextBlock>
        <TextBlock HPOS="147"
                   VPOS="721"
                   WIDTH="620"
                   HEIGHT="106"
                   ID="region_1737732213522_833"
                   TAGREFS="BT3928">
          <Shape><Polygon POINTS="149 721 765 726 767 777 564 779 550 827 364 823 351 784 147 771"/></Shape>
        </TextBlock>
        <TextBlock HPOS="186"
                   VPOS="847"
                   WIDTH="595"
                   HEIGHT="344"
                   ID="region_1737732234098_836"
                   TAGREFS="BT3929">
          <Shape><Polygon POINTS="194 847 778 852 781 1146 616 1153 601 1191 428 1190 430 1151 270 1142 262 1077 186 1066"/></Shape>
        </TextBlock>
        <TextBlock HPOS="158"
                   VPOS="1200"
                   WIDTH="61"
                   HEIGHT="55"
                   ID="region_1737732246561_839"
                   TAGREFS="BT3929">
          <Shape><Polygon POINTS="164 1255 219 1253 215 1239 217 1215 218 1207 198 1200 158 1205"/></Shape>
        </TextBlock>
        <TextBlock HPOS="218"
                   VPOS="1206"
                   WIDTH="572"
                   HEIGHT="103"
                   ID="region_1737732262961_842"
                   TAGREFS="BT3929">
          <Shape><Polygon POINTS="218 1243 221 1227 298 1206 790 1219 776 1273 585 1266 589 1309 394 1307 392 1268 222 1256"/></Shape>
        </TextBlock>
      </PrintSpace>
    </Page>
  </Layout>
</alto>
