<?xml version="1.0" encoding="UTF-8"?>
<alto xmlns:xsi="http://www.w3.org/2001/XMLSchema-instance"
      xmlns="http://www.loc.gov/standards/alto/ns-v4#"
      xsi:schemaLocation="http://www.loc.gov/standards/alto/ns-v4# http://www.loc.gov/standards/alto/v4/alto-4-2.xsd">
  <Description>
    <MeasurementUnit>pixel</MeasurementUnit>
    <sourceImageInformation>
      <fileName>1789,_Saemmtliche_Poetische_Werke,_Baumeister,_Bd._1,_VD18_80391559-001_Seite_098_Bild_0001.jpg</fileName>
    </sourceImageInformation>
  </Description>
  <Tags>
    <OtherTag ID="BT1" LABEL="Title" DESCRIPTION="block type Title"/><OtherTag ID="BT2" LABEL="Main" DESCRIPTION="block type Main"/><OtherTag ID="BT3" LABEL="Commentary" DESCRIPTION="block type Commentary"/><OtherTag ID="BT4" LABEL="Illustration" DESCRIPTION="block type Illustration"/><OtherTag ID="BT3928" LABEL="heading" DESCRIPTION="block type heading"/><OtherTag ID="BT3929" LABEL="paragraph" DESCRIPTION="block type paragraph"/><OtherTag ID="BT3930" LABEL="footnote" DESCRIPTION="block type footnote"/><OtherTag ID="BT3931" LABEL="page-number" DESCRIPTION="block type page-number"/>
  </Tags>
  <Layout>
    <Page WIDTH="904"
          HEIGHT="1505"
          PHYSICAL_IMG_NR="5"
          ID="eSc_dummypage_">
      <PrintSpace HPOS="0"
                  VPOS="0"
                  WIDTH="904"
                  HEIGHT="1505">
        <TextBlock HPOS="688"
                   VPOS="99"
                   WIDTH="81"
                   HEIGHT="51"
                   ID="region_1737728422292_484"
                   TAGREFS="BT3929">
          <Shape><Polygon POINTS="692 99 688 150 769 138 760 101"/></Shape>
        </TextBlock>
        <TextBlock HPOS="136"
                   VPOS="204"
                   WIDTH="635"
                   HEIGHT="221"
                   ID="region_1737728439287_487"
                   TAGREFS="BT3928">
          <Shape><Polygon POINTS="157 209 727 204 722 259 500 310 765 364 771 391 759 403 136 425 153 354 369 317 146 269"/></Shape>
        </TextBlock>
        <TextBlock HPOS="132"
                   VPOS="593"
                   WIDTH="51"
                   HEIGHT="50"
                   ID="region_1737728463251_490"
                   TAGREFS="BT3929">
          <Shape><Polygon POINTS="136 642 183 643 178 634 177 603 183 600 182 594 132 593"/></Shape>
        </TextBlock>
        <TextBlock HPOS="124"
                   VPOS="605"
                   WIDTH="635"
                   HEIGHT="420"
                   ID="region_1737728485819_493"
                   TAGREFS="BT3929">
          <Shape><Polygon POINTS="186 644 180 631 183 615 254 607 679 605 751 676 759 1021 124 1025 131 650"/></Shape>
        </TextBlock>
        <TextBlock HPOS="108"
                   VPOS="1059"
                   WIDTH="659"
                   HEIGHT="268"
                   ID="region_1737728504096_496"
                   TAGREFS="BT3929">
          <Shape><Polygon POINTS="172 1059 767 1059 765 1098 640 1117 761 1135 751 1286 674 1310 108 1327 121 1138 490 1118 162 1101"/></Shape>
        </TextBlock>
      </PrintSpace>
    </Page>
  </Layout>
</alto>
