<?xml version="1.0" encoding="UTF-8"?>
<alto xmlns:xsi="http://www.w3.org/2001/XMLSchema-instance"
      xmlns="http://www.loc.gov/standards/alto/ns-v4#"
      xsi:schemaLocation="http://www.loc.gov/standards/alto/ns-v4# http://www.loc.gov/standards/alto/v4/alto-4-2.xsd">
  <Description>
    <MeasurementUnit>pixel</MeasurementUnit>
    <sourceImageInformation>
      <fileName>1789,_Saemmtliche_Poetische_Werke,_Baumeister,_Bd._2,_VD18_80391567-001_Seite_059_Bild_0001.jpg</fileName>
    </sourceImageInformation>
  </Description>
  <Tags>
    <OtherTag ID="BT1" LABEL="Title" DESCRIPTION="block type Title"/><OtherTag ID="BT2" LABEL="Main" DESCRIPTION="block type Main"/><OtherTag ID="BT3" LABEL="Commentary" DESCRIPTION="block type Commentary"/><OtherTag ID="BT4" LABEL="Illustration" DESCRIPTION="block type Illustration"/><OtherTag ID="BT3928" LABEL="heading" DESCRIPTION="block type heading"/><OtherTag ID="BT3929" LABEL="paragraph" DESCRIPTION="block type paragraph"/><OtherTag ID="BT3930" LABEL="footnote" DESCRIPTION="block type footnote"/><OtherTag ID="BT3931" LABEL="page-number" DESCRIPTION="block type page-number"/>
  </Tags>
  <Layout>
    <Page WIDTH="887"
          HEIGHT="1509"
          PHYSICAL_IMG_NR="12"
          ID="eSc_dummypage_">
      <PrintSpace HPOS="0"
                  VPOS="0"
                  WIDTH="887"
                  HEIGHT="1509">
        <TextBlock HPOS="152"
                   VPOS="101"
                   WIDTH="54"
                   HEIGHT="44"
                   ID="region_1719311434746_52"
                   TAGREFS="BT3929">
          <Shape><Polygon POINTS="154 101 206 101 206 139 152 145"/></Shape>
        </TextBlock>
        <TextBlock HPOS="131"
                   VPOS="154"
                   WIDTH="644"
                   HEIGHT="378"
                   ID="region_1719311439386_55"
                   TAGREFS="BT3929">
          <Shape><Polygon POINTS="131 154 775 154 768 532 131 531"/></Shape>
        </TextBlock>
        <TextBlock HPOS="171"
                   VPOS="649"
                   WIDTH="596"
                   HEIGHT="224"
                   ID="region_1719311445418_58"
                   TAGREFS="BT3929">
          <Shape><Polygon POINTS="171 649 763 649 767 873 181 867"/></Shape>
        </TextBlock>
        <TextBlock HPOS="195"
                   VPOS="928"
                   WIDTH="512"
                   HEIGHT="51"
                   ID="region_1719311448927_61"
                   TAGREFS="BT3928">
          <Shape><Polygon POINTS="195 928 707 928 706 979 202 976"/></Shape>
        </TextBlock>
        <TextBlock HPOS="137"
                   VPOS="1005"
                   WIDTH="53"
                   HEIGHT="67"
                   ID="region_1719311465841_67"
                   TAGREFS="BT3929">
          <Shape><Polygon POINTS="140 1006 190 1005 190 1072 137 1072"/></Shape>
        </TextBlock>
        <TextBlock HPOS="143"
                   VPOS="1025"
                   WIDTH="631"
                   HEIGHT="302"
                   ID="region_1719311461608_64"
                   TAGREFS="BT3929">
          <Shape><Polygon POINTS="143 1079 192 1078 192 1030 774 1025 767 1327 143 1327"/></Shape>
        </TextBlock>
      </PrintSpace>
    </Page>
  </Layout>
</alto>
