<?xml version="1.0" encoding="UTF-8"?>
<alto xmlns:xsi="http://www.w3.org/2001/XMLSchema-instance"
      xmlns="http://www.loc.gov/standards/alto/ns-v4#"
      xsi:schemaLocation="http://www.loc.gov/standards/alto/ns-v4# http://www.loc.gov/standards/alto/v4/alto-4-2.xsd">
  <Description>
    <MeasurementUnit>pixel</MeasurementUnit>
    <sourceImageInformation>
      <fileName>1789,_Saemmtliche_Poetische_Werke,_Baumeister,_Bd._1,_VD18_80391559-001_Seite_402_Bild_0001.jpg</fileName>
    </sourceImageInformation>
  </Description>
  <Tags>
    <OtherTag ID="BT1" LABEL="Title" DESCRIPTION="block type Title"/><OtherTag ID="BT2" LABEL="Main" DESCRIPTION="block type Main"/><OtherTag ID="BT3" LABEL="Commentary" DESCRIPTION="block type Commentary"/><OtherTag ID="BT4" LABEL="Illustration" DESCRIPTION="block type Illustration"/><OtherTag ID="BT3928" LABEL="heading" DESCRIPTION="block type heading"/><OtherTag ID="BT3929" LABEL="paragraph" DESCRIPTION="block type paragraph"/><OtherTag ID="BT3930" LABEL="footnote" DESCRIPTION="block type footnote"/><OtherTag ID="BT3931" LABEL="page-number" DESCRIPTION="block type page-number"/>
  </Tags>
  <Layout>
    <Page WIDTH="1003"
          HEIGHT="1474"
          PHYSICAL_IMG_NR="10"
          ID="eSc_dummypage_">
      <PrintSpace HPOS="0"
                  VPOS="0"
                  WIDTH="1003"
                  HEIGHT="1474">
        <TextBlock HPOS="659"
                   VPOS="75"
                   WIDTH="80"
                   HEIGHT="44"
                   ID="region_1737728948669_619"
                   TAGREFS="BT3929">
          <Shape><Polygon POINTS="659 75 664 119 739 119 736 77"/></Shape>
        </TextBlock>
        <TextBlock HPOS="326"
                   VPOS="133"
                   WIDTH="208"
                   HEIGHT="51"
                   ID="region_1737728953866_622"
                   TAGREFS="BT3928">
          <Shape><Polygon POINTS="326 133 332 184 530 182 534 135"/></Shape>
        </TextBlock>
        <TextBlock HPOS="104"
                   VPOS="206"
                   WIDTH="71"
                   HEIGHT="51"
                   ID="region_1737728969179_625"
                   TAGREFS="BT3929">
          <Shape><Polygon POINTS="168 252 165 248 166 212 175 206 104 209 113 256 159 254 171 257"/></Shape>
        </TextBlock>
        <TextBlock HPOS="109"
                   VPOS="218"
                   WIDTH="647"
                   HEIGHT="721"
                   ID="region_1737728995263_628"
                   TAGREFS="BT3929">
          <Shape><Polygon POINTS="174 258 167 246 171 231 219 218 685 219 747 254 756 895 652 889 650 935 301 939 299 891 115 895 109 262"/></Shape>
        </TextBlock>
        <TextBlock HPOS="111"
                   VPOS="961"
                   WIDTH="638"
                   HEIGHT="349"
                   ID="region_1737729010094_631"
                   TAGREFS="BT3930">
          <Shape><Polygon POINTS="157 961 749 967 745 1304 405 1310 113 1310 111 1009 153 1009"/></Shape>
        </TextBlock>
      </PrintSpace>
    </Page>
  </Layout>
</alto>
