<?xml version="1.0" encoding="UTF-8"?>
<alto xmlns:xsi="http://www.w3.org/2001/XMLSchema-instance"
      xmlns="http://www.loc.gov/standards/alto/ns-v4#"
      xsi:schemaLocation="http://www.loc.gov/standards/alto/ns-v4# http://www.loc.gov/standards/alto/v4/alto-4-2.xsd">
  <Description>
    <MeasurementUnit>pixel</MeasurementUnit>
    <sourceImageInformation>
      <fileName>1789,_Saemmtliche_Poetische_Werke,_Baumeister,_Bd._2,_VD18_80391567-001_Seite_049_Bild_0001.jpg</fileName>
    </sourceImageInformation>
  </Description>
  <Tags>
    <OtherTag ID="BT1" LABEL="Title" DESCRIPTION="block type Title"/><OtherTag ID="BT2" LABEL="Main" DESCRIPTION="block type Main"/><OtherTag ID="BT3" LABEL="Commentary" DESCRIPTION="block type Commentary"/><OtherTag ID="BT4" LABEL="Illustration" DESCRIPTION="block type Illustration"/><OtherTag ID="BT3928" LABEL="heading" DESCRIPTION="block type heading"/><OtherTag ID="BT3929" LABEL="paragraph" DESCRIPTION="block type paragraph"/><OtherTag ID="BT3930" LABEL="footnote" DESCRIPTION="block type footnote"/><OtherTag ID="BT3931" LABEL="page-number" DESCRIPTION="block type page-number"/>
  </Tags>
  <Layout>
    <Page WIDTH="895"
          HEIGHT="1508"
          PHYSICAL_IMG_NR="11"
          ID="eSc_dummypage_">
      <PrintSpace HPOS="0"
                  VPOS="0"
                  WIDTH="895"
                  HEIGHT="1508">
        <TextBlock HPOS="139"
                   VPOS="106"
                   WIDTH="50"
                   HEIGHT="39"
                   ID="region_1719311332527_18"
                   TAGREFS="BT3929">
          <Shape><Polygon POINTS="140 106 189 106 189 144 139 145"/></Shape>
        </TextBlock>
        <TextBlock HPOS="129"
                   VPOS="151"
                   WIDTH="641"
                   HEIGHT="97"
                   ID="TextRegion_1721132769075_1262"
                   TAGREFS="BT3930">
          <Shape><Polygon POINTS="129 151 770 151 767 229 547 223 281 225 279 241 157 239 156 246 129 248"/></Shape>
        </TextBlock>
        <TextBlock HPOS="129"
                   VPOS="248"
                   WIDTH="641"
                   HEIGHT="169"
                   ID="TextRegion_1721132859590_1272"
                   TAGREFS="BT3930">
          <Shape><Polygon POINTS="129 281 131 282 188 283 188 252 188 248 770 248 770 414 131 417"/></Shape>
        </TextBlock>
        <TextBlock HPOS="283"
                   VPOS="437"
                   WIDTH="337"
                   HEIGHT="64"
                   ID="region_1719311343472_24"
                   TAGREFS="BT3928">
          <Shape><Polygon POINTS="283 437 619 437 620 501 283 497"/></Shape>
        </TextBlock>
        <TextBlock HPOS="225"
                   VPOS="549"
                   WIDTH="469"
                   HEIGHT="63"
                   ID="region_1719311347610_27"
                   TAGREFS="BT3928">
          <Shape><Polygon POINTS="225 549 688 549 694 612 225 609"/></Shape>
        </TextBlock>
        <TextBlock HPOS="143"
                   VPOS="632"
                   WIDTH="53"
                   HEIGHT="61"
                   ID="TextRegion_1721132634367_1229"
                   TAGREFS="BT3929">
          <Shape><Polygon POINTS="143 632 183 632 196 660 190 693 143 693"/></Shape>
        </TextBlock>
        <TextBlock HPOS="139"
                   VPOS="632"
                   WIDTH="635"
                   HEIGHT="323"
                   ID="TextRegion_1721132634367_1228"
                   TAGREFS="BT3929">
          <Shape><Polygon POINTS="195 635 774 632 774 950 139 955 144 698 192 697 199 657"/></Shape>
        </TextBlock>
        <TextBlock HPOS="140"
                   VPOS="983"
                   WIDTH="643"
                   HEIGHT="347"
                   ID="region_1719311376283_33"
                   TAGREFS="BT3929">
          <Shape><Polygon POINTS="140 983 783 984 769 1330 140 1330"/></Shape>
        </TextBlock>
      </PrintSpace>
    </Page>
  </Layout>
</alto>
