<?xml version="1.0" encoding="UTF-8"?>
<alto xmlns:xsi="http://www.w3.org/2001/XMLSchema-instance"
      xmlns="http://www.loc.gov/standards/alto/ns-v4#"
      xsi:schemaLocation="http://www.loc.gov/standards/alto/ns-v4# http://www.loc.gov/standards/alto/v4/alto-4-2.xsd">
  <Description>
    <MeasurementUnit>pixel</MeasurementUnit>
    <sourceImageInformation>
      <fileName>1789,_Saemmtliche_Poetische_Werke,_Baumeister,_Bd._1,_VD18_80391559-001_Seite_148_Bild_0001.jpg</fileName>
    </sourceImageInformation>
  </Description>
  <Tags>
    <OtherTag ID="BT1" LABEL="Title" DESCRIPTION="block type Title"/><OtherTag ID="BT2" LABEL="Main" DESCRIPTION="block type Main"/><OtherTag ID="BT3" LABEL="Commentary" DESCRIPTION="block type Commentary"/><OtherTag ID="BT4" LABEL="Illustration" DESCRIPTION="block type Illustration"/><OtherTag ID="BT3928" LABEL="heading" DESCRIPTION="block type heading"/><OtherTag ID="BT3929" LABEL="paragraph" DESCRIPTION="block type paragraph"/><OtherTag ID="BT3930" LABEL="footnote" DESCRIPTION="block type footnote"/><OtherTag ID="BT3931" LABEL="page-number" DESCRIPTION="block type page-number"/>
  </Tags>
  <Layout>
    <Page WIDTH="896"
          HEIGHT="1506"
          PHYSICAL_IMG_NR="7"
          ID="eSc_dummypage_">
      <PrintSpace HPOS="0"
                  VPOS="0"
                  WIDTH="896"
                  HEIGHT="1506">
        <TextBlock HPOS="695"
                   VPOS="106"
                   WIDTH="54"
                   HEIGHT="38"
                   ID="region_1719307866826_271"
                   TAGREFS="BT3929">
          <Shape><Polygon POINTS="695 106 749 106 749 144 695 140"/></Shape>
        </TextBlock>
        <TextBlock HPOS="109"
                   VPOS="149"
                   WIDTH="638"
                   HEIGHT="220"
                   ID="region_1719307871587_274"
                   TAGREFS="BT3930">
          <Shape><Polygon POINTS="121 149 747 149 747 367 109 369"/></Shape>
        </TextBlock>
        <TextBlock HPOS="161"
                   VPOS="402"
                   WIDTH="595"
                   HEIGHT="312"
                   ID="region_1719307897838_277"
                   TAGREFS="BT3930">
          <Shape><Polygon POINTS="743 402 161 402 161 705 756 714"/></Shape>
        </TextBlock>
        <TextBlock HPOS="134"
                   VPOS="734"
                   WIDTH="618"
                   HEIGHT="585"
                   ID="TextRegion_1721132416673_1175"
                   TAGREFS="BT3930">
          <Shape><Polygon POINTS="134 734 743 734 752 1290 461 1291 461 1319 134 1319"/></Shape>
        </TextBlock>
        <TextBlock HPOS="136"
                   VPOS="1322"
                   WIDTH="513"
                   HEIGHT="39"
                   ID="TextRegion_1721132416672_1174"
                   TAGREFS="BT3929">
          <Shape><Polygon POINTS="136 1322 649 1324 646 1361 136 1361"/></Shape>
        </TextBlock>
      </PrintSpace>
    </Page>
  </Layout>
</alto>
