<?xml version="1.0" encoding="UTF-8"?>
<alto xmlns:xsi="http://www.w3.org/2001/XMLSchema-instance"
      xmlns="http://www.loc.gov/standards/alto/ns-v4#"
      xsi:schemaLocation="http://www.loc.gov/standards/alto/ns-v4# http://www.loc.gov/standards/alto/v4/alto-4-2.xsd">
  <Description>
    <MeasurementUnit>pixel</MeasurementUnit>
    <sourceImageInformation>
      <fileName>1789,_Saemmtliche_Poetische_Werke,_Baumeister,_Bd._1,_VD18_80391559-001_Seite_035_Bild_0001.jpg</fileName>
    </sourceImageInformation>
  </Description>
  <Tags>
    <OtherTag ID="BT1" LABEL="Title" DESCRIPTION="block type Title"/><OtherTag ID="BT2" LABEL="Main" DESCRIPTION="block type Main"/><OtherTag ID="BT3" LABEL="Commentary" DESCRIPTION="block type Commentary"/><OtherTag ID="BT4" LABEL="Illustration" DESCRIPTION="block type Illustration"/><OtherTag ID="BT3928" LABEL="heading" DESCRIPTION="block type heading"/><OtherTag ID="BT3929" LABEL="paragraph" DESCRIPTION="block type paragraph"/><OtherTag ID="BT3930" LABEL="footnote" DESCRIPTION="block type footnote"/><OtherTag ID="BT3931" LABEL="page-number" DESCRIPTION="block type page-number"/>
  </Tags>
  <Layout>
    <Page WIDTH="884"
          HEIGHT="1509"
          PHYSICAL_IMG_NR="0"
          ID="eSc_dummypage_">
      <PrintSpace HPOS="0"
                  VPOS="0"
                  WIDTH="884"
                  HEIGHT="1509">
        <TextBlock HPOS="150"
                   VPOS="95"
                   WIDTH="112"
                   HEIGHT="40"
                   ID="region_1737727506925_141"
                   TAGREFS="BT3929">
          <Shape><Polygon POINTS="150 98 262 95 262 131 151 135"/></Shape>
        </TextBlock>
        <TextBlock HPOS="148"
                   VPOS="156"
                   WIDTH="633"
                   HEIGHT="132"
                   ID="region_1737727519587_144"
                   TAGREFS="BT3929">
          <Shape><Polygon POINTS="149 156 148 280 299 288 781 280 775 158"/></Shape>
        </TextBlock>
        <TextBlock HPOS="128"
                   VPOS="356"
                   WIDTH="652"
                   HEIGHT="559"
                   ID="region_1737727550603_147"
                   TAGREFS="BT3929">
          <Shape><Polygon POINTS="128 915 773 912 780 356 185 362 180 392 140 406"/></Shape>
        </TextBlock>
        <TextBlock HPOS="178"
                   VPOS="984"
                   WIDTH="593"
                   HEIGHT="132"
                   ID="region_1737727563747_150"
                   TAGREFS="BT3930">
          <Shape><Polygon POINTS="180 995 178 1034 219 1042 217 1116 453 1115 449 1084 770 1073 771 984 221 988"/></Shape>
        </TextBlock>
        <TextBlock HPOS="157"
                   VPOS="1151"
                   WIDTH="624"
                   HEIGHT="183"
                   ID="region_1737727576348_153"
                   TAGREFS="BT3930">
          <Shape><Polygon POINTS="158 1161 157 1199 217 1199 222 1322 385 1334 569 1315 569 1283 781 1280 780 1153 174 1151"/></Shape>
        </TextBlock>
      </PrintSpace>
    </Page>
  </Layout>
</alto>
