<?xml version="1.0" encoding="UTF-8"?>
<alto xmlns:xsi="http://www.w3.org/2001/XMLSchema-instance"
      xmlns="http://www.loc.gov/standards/alto/ns-v4#"
      xsi:schemaLocation="http://www.loc.gov/standards/alto/ns-v4# http://www.loc.gov/standards/alto/v4/alto-4-2.xsd">
  <Description>
    <MeasurementUnit>pixel</MeasurementUnit>
    <sourceImageInformation>
      <fileName>1789,_Saemmtliche_Poetische_Werke,_Baumeister,_Bd._2,_VD18_80391567-001_Seite_273_Bild_0001.jpg</fileName>
    </sourceImageInformation>
  </Description>
  <Tags>
    <OtherTag ID="BT1" LABEL="Title" DESCRIPTION="block type Title"/><OtherTag ID="BT2" LABEL="Main" DESCRIPTION="block type Main"/><OtherTag ID="BT3" LABEL="Commentary" DESCRIPTION="block type Commentary"/><OtherTag ID="BT4" LABEL="Illustration" DESCRIPTION="block type Illustration"/><OtherTag ID="BT3928" LABEL="heading" DESCRIPTION="block type heading"/><OtherTag ID="BT3929" LABEL="paragraph" DESCRIPTION="block type paragraph"/><OtherTag ID="BT3930" LABEL="footnote" DESCRIPTION="block type footnote"/><OtherTag ID="BT3931" LABEL="page-number" DESCRIPTION="block type page-number"/>
  </Tags>
  <Layout>
    <Page WIDTH="882"
          HEIGHT="1508"
          PHYSICAL_IMG_NR="15"
          ID="eSc_dummypage_">
      <PrintSpace HPOS="0"
                  VPOS="0"
                  WIDTH="882"
                  HEIGHT="1508">
        <TextBlock HPOS="128"
                   VPOS="82"
                   WIDTH="74"
                   HEIGHT="43"
                   ID="region_1719311598376_96"
                   TAGREFS="BT3929">
          <Shape><Polygon POINTS="134 83 202 82 202 125 128 125"/></Shape>
        </TextBlock>
        <TextBlock HPOS="120"
                   VPOS="138"
                   WIDTH="639"
                   HEIGHT="293"
                   ID="region_1719311603644_99"
                   TAGREFS="BT3929">
          <Shape><Polygon POINTS="130 138 759 138 759 426 120 431"/></Shape>
        </TextBlock>
        <TextBlock HPOS="130"
                   VPOS="457"
                   WIDTH="637"
                   HEIGHT="178"
                   ID="region_1719311608709_102"
                   TAGREFS="BT3930">
          <Shape><Polygon POINTS="130 457 767 457 758 634 130 635"/></Shape>
        </TextBlock>
        <TextBlock HPOS="186"
                   VPOS="662"
                   WIDTH="521"
                   HEIGHT="55"
                   ID="region_1719311614412_105"
                   TAGREFS="BT3928">
          <Shape><Polygon POINTS="186 666 704 662 707 717 186 717"/></Shape>
        </TextBlock>
        <TextBlock HPOS="166"
                   VPOS="734"
                   WIDTH="56"
                   HEIGHT="59"
                   ID="region_1719311695358_125"
                   TAGREFS="BT3929">
          <Shape><Polygon POINTS="166 734 221 737 222 792 171 793"/></Shape>
        </TextBlock>
        <TextBlock HPOS="170"
                   VPOS="729"
                   WIDTH="479"
                   HEIGHT="277"
                   ID="region_1719311627005_108"
                   TAGREFS="BT3929">
          <Shape><Polygon POINTS="170 795 224 794 223 729 649 742 639 1006 170 1006"/></Shape>
        </TextBlock>
        <TextBlock HPOS="164"
                   VPOS="1035"
                   WIDTH="549"
                   HEIGHT="260"
                   ID="region_1719311631624_111"
                   TAGREFS="BT3929">
          <Shape><Polygon POINTS="170 1035 713 1035 692 1293 164 1295"/></Shape>
        </TextBlock>
      </PrintSpace>
    </Page>
  </Layout>
</alto>
