<?xml version="1.0" encoding="UTF-8"?>
<alto xmlns:xsi="http://www.w3.org/2001/XMLSchema-instance"
      xmlns="http://www.loc.gov/standards/alto/ns-v4#"
      xsi:schemaLocation="http://www.loc.gov/standards/alto/ns-v4# http://www.loc.gov/standards/alto/v4/alto-4-2.xsd">
  <Description>
    <MeasurementUnit>pixel</MeasurementUnit>
    <sourceImageInformation>
      <fileName>1789,_Saemmtliche_Poetische_Werke,_Baumeister,_Bd._1,_VD18_80391559-001_Seite_047_Bild_0001.jpg</fileName>
    </sourceImageInformation>
  </Description>
  <Tags>
    <OtherTag ID="BT1" LABEL="Title" DESCRIPTION="block type Title"/><OtherTag ID="BT2" LABEL="Main" DESCRIPTION="block type Main"/><OtherTag ID="BT3" LABEL="Commentary" DESCRIPTION="block type Commentary"/><OtherTag ID="BT4" LABEL="Illustration" DESCRIPTION="block type Illustration"/><OtherTag ID="BT3928" LABEL="heading" DESCRIPTION="block type heading"/><OtherTag ID="BT3929" LABEL="paragraph" DESCRIPTION="block type paragraph"/><OtherTag ID="BT3930" LABEL="footnote" DESCRIPTION="block type footnote"/><OtherTag ID="BT3931" LABEL="page-number" DESCRIPTION="block type page-number"/>
  </Tags>
  <Layout>
    <Page WIDTH="888"
          HEIGHT="1510"
          PHYSICAL_IMG_NR="2"
          ID="eSc_dummypage_">
      <PrintSpace HPOS="0"
                  VPOS="0"
                  WIDTH="888"
                  HEIGHT="1510">
        <TextBlock HPOS="99"
                   VPOS="95"
                   WIDTH="186"
                   HEIGHT="44"
                   ID="region_1719307695690_245"
                   TAGREFS="BT3929">
          <Shape><Polygon POINTS="99 96 285 95 276 139 99 139"/></Shape>
        </TextBlock>
        <TextBlock HPOS="81"
                   VPOS="168"
                   WIDTH="663"
                   HEIGHT="365"
                   ID="region_1719307713447_251"
                   TAGREFS="BT3929">
          <Shape><Polygon POINTS="81 170 737 168 744 533 95 532"/></Shape>
        </TextBlock>
        <TextBlock HPOS="126"
                   VPOS="572"
                   WIDTH="615"
                   HEIGHT="334"
                   ID="TextRegion_1720167160937_296"
                   TAGREFS="BT3929">
          <Shape><Polygon POINTS="126 572 733 572 741 906 134 906"/></Shape>
        </TextBlock>
        <TextBlock HPOS="126"
                   VPOS="940"
                   WIDTH="441"
                   HEIGHT="115"
                   ID="TextRegion_1720167160937_295"
                   TAGREFS="BT3929">
          <Shape><Polygon POINTS="126 944 567 940 564 1054 126 1055"/></Shape>
        </TextBlock>
        <TextBlock HPOS="108"
                   VPOS="1187"
                   WIDTH="635"
                   HEIGHT="139"
                   ID="region_1719307732181_257"
                   TAGREFS="BT3930">
          <Shape><Polygon POINTS="108 1326 743 1326 743 1187 120 1190"/></Shape>
        </TextBlock>
      </PrintSpace>
    </Page>
  </Layout>
</alto>
