<?xml version="1.0" encoding="UTF-8"?>
<alto xmlns:xsi="http://www.w3.org/2001/XMLSchema-instance"
      xmlns="http://www.loc.gov/standards/alto/ns-v4#"
      xsi:schemaLocation="http://www.loc.gov/standards/alto/ns-v4# http://www.loc.gov/standards/alto/v4/alto-4-2.xsd">
  <Description>
    <MeasurementUnit>pixel</MeasurementUnit>
    <sourceImageInformation>
      <fileName>1789,_Saemmtliche_Poetische_Werke,_Baumeister,_Bd._1,_VD18_80391559-001_Seite_377_Bild_0001.jpg</fileName>
    </sourceImageInformation>
  </Description>
  <Tags>
    <OtherTag ID="BT1" LABEL="Title" DESCRIPTION="block type Title"/><OtherTag ID="BT2" LABEL="Main" DESCRIPTION="block type Main"/><OtherTag ID="BT3" LABEL="Commentary" DESCRIPTION="block type Commentary"/><OtherTag ID="BT4" LABEL="Illustration" DESCRIPTION="block type Illustration"/><OtherTag ID="BT3928" LABEL="heading" DESCRIPTION="block type heading"/><OtherTag ID="BT3929" LABEL="paragraph" DESCRIPTION="block type paragraph"/><OtherTag ID="BT3930" LABEL="footnote" DESCRIPTION="block type footnote"/><OtherTag ID="BT3931" LABEL="page-number" DESCRIPTION="block type page-number"/>
  </Tags>
  <Layout>
    <Page WIDTH="869"
          HEIGHT="1492"
          PHYSICAL_IMG_NR="9"
          ID="eSc_dummypage_">
      <PrintSpace HPOS="0"
                  VPOS="0"
                  WIDTH="869"
                  HEIGHT="1492">
        <TextBlock HPOS="118"
                   VPOS="66"
                   WIDTH="80"
                   HEIGHT="47"
                   ID="region_1737728755939_587"
                   TAGREFS="BT3929">
          <Shape><Polygon POINTS="118 108 123 73 198 66 190 107 129 113"/></Shape>
        </TextBlock>
        <TextBlock HPOS="88"
                   VPOS="1162"
                   WIDTH="647"
                   HEIGHT="183"
                   ID="region_1737728898454_599"
                   TAGREFS="BT3929">
          <Shape><Polygon POINTS="142 1183 144 1203 296 1228 98 1242 88 1297 310 1303 338 1345 635 1343 641 1302 714 1294 722 1256 443 1243 440 1220 735 1213 732 1162 151 1168"/></Shape>
        </TextBlock>
        <TextBlock HPOS="99"
                   VPOS="1154"
                   WIDTH="44"
                   HEIGHT="49"
                   ID="region_1737728879530_596"
                   TAGREFS="BT3929">
          <Shape><Polygon POINTS="138 1193 142 1184 143 1168 137 1154 99 1154 99 1203 132 1202"/></Shape>
        </TextBlock>
        <TextBlock HPOS="90"
                   VPOS="119"
                   WIDTH="667"
                   HEIGHT="863"
                   ID="region_1737728768346_590"
                   TAGREFS="BT3930">
          <Shape><Polygon POINTS="104 119 757 125 741 982 90 970"/></Shape>
        </TextBlock>
        <TextBlock HPOS="115"
                   VPOS="997"
                   WIDTH="582"
                   HEIGHT="143"
                   ID="region_1737728864906_593"
                   TAGREFS="BT3928">
          <Shape><Polygon POINTS="295 999 530 997 530 1050 697 1059 692 1104 484 1140 295 1139 115 1096 125 1044 278 1044"/></Shape>
        </TextBlock>
      </PrintSpace>
    </Page>
  </Layout>
</alto>
