<?xml version="1.0" encoding="UTF-8"?>
<alto xmlns:xsi="http://www.w3.org/2001/XMLSchema-instance"
      xmlns="http://www.loc.gov/standards/alto/ns-v4#"
      xsi:schemaLocation="http://www.loc.gov/standards/alto/ns-v4# http://www.loc.gov/standards/alto/v4/alto-4-2.xsd">
  <Description>
    <MeasurementUnit>pixel</MeasurementUnit>
    <sourceImageInformation>
      <fileName>1789,_Saemmtliche_Poetische_Werke,_Baumeister,_Bd._1,_VD18_80391559-001_Seite_181_Bild_0001.jpg</fileName>
    </sourceImageInformation>
  </Description>
  <Tags>
    <OtherTag ID="BT1" LABEL="Title" DESCRIPTION="block type Title"/><OtherTag ID="BT2" LABEL="Main" DESCRIPTION="block type Main"/><OtherTag ID="BT3" LABEL="Commentary" DESCRIPTION="block type Commentary"/><OtherTag ID="BT4" LABEL="Illustration" DESCRIPTION="block type Illustration"/><OtherTag ID="BT3928" LABEL="heading" DESCRIPTION="block type heading"/><OtherTag ID="BT3929" LABEL="paragraph" DESCRIPTION="block type paragraph"/><OtherTag ID="BT3930" LABEL="footnote" DESCRIPTION="block type footnote"/><OtherTag ID="BT3931" LABEL="page-number" DESCRIPTION="block type page-number"/>
  </Tags>
  <Layout>
    <Page WIDTH="863"
          HEIGHT="1510"
          PHYSICAL_IMG_NR="8"
          ID="eSc_dummypage_">
      <PrintSpace HPOS="0"
                  VPOS="0"
                  WIDTH="863"
                  HEIGHT="1510">
        <TextBlock HPOS="122"
                   VPOS="68"
                   WIDTH="76"
                   HEIGHT="43"
                   ID="region_1719308262687_355"
                   TAGREFS="BT3929">
          <Shape><Polygon POINTS="122 68 195 68 198 111 122 110"/></Shape>
        </TextBlock>
        <TextBlock HPOS="115"
                   VPOS="118"
                   WIDTH="648"
                   HEIGHT="143"
                   ID="region_1719308271823_358"
                   TAGREFS="BT3930">
          <Shape><Polygon POINTS="115 118 763 118 751 259 115 261"/></Shape>
        </TextBlock>
        <TextBlock HPOS="154"
                   VPOS="288"
                   WIDTH="606"
                   HEIGHT="254"
                   ID="region_1719308277786_361"
                   TAGREFS="BT3930">
          <Shape><Polygon POINTS="154 290 760 288 760 542 161 538"/></Shape>
        </TextBlock>
        <TextBlock HPOS="112"
                   VPOS="544"
                   WIDTH="647"
                   HEIGHT="207"
                   ID="region_1719308291599_364"
                   TAGREFS="BT3930">
          <Shape><Polygon POINTS="112 544 759 544 740 748 112 751"/></Shape>
        </TextBlock>
        <TextBlock HPOS="157"
                   VPOS="751"
                   WIDTH="595"
                   HEIGHT="545"
                   ID="region_1719308305266_367"
                   TAGREFS="BT3930">
          <Shape><Polygon POINTS="157 754 752 751 752 1296 184 1294"/></Shape>
        </TextBlock>
      </PrintSpace>
    </Page>
  </Layout>
</alto>
