<?xml version="1.0" encoding="UTF-8"?>
<alto xmlns:xsi="http://www.w3.org/2001/XMLSchema-instance"
      xmlns="http://www.loc.gov/standards/alto/ns-v4#"
      xsi:schemaLocation="http://www.loc.gov/standards/alto/ns-v4# http://www.loc.gov/standards/alto/v4/alto-4-2.xsd">
  <Description>
    <MeasurementUnit>pixel</MeasurementUnit>
    <sourceImageInformation>
      <fileName>1789,_Saemmtliche_Poetische_Werke,_Baumeister,_Bd._1,_VD18_80391559-001_Seite_042_Bild_0001.jpg</fileName>
    </sourceImageInformation>
  </Description>
  <Tags>
    <OtherTag ID="BT1" LABEL="Title" DESCRIPTION="block type Title"/><OtherTag ID="BT2" LABEL="Main" DESCRIPTION="block type Main"/><OtherTag ID="BT3" LABEL="Commentary" DESCRIPTION="block type Commentary"/><OtherTag ID="BT4" LABEL="Illustration" DESCRIPTION="block type Illustration"/><OtherTag ID="BT3928" LABEL="heading" DESCRIPTION="block type heading"/><OtherTag ID="BT3929" LABEL="paragraph" DESCRIPTION="block type paragraph"/><OtherTag ID="BT3930" LABEL="footnote" DESCRIPTION="block type footnote"/><OtherTag ID="BT3931" LABEL="page-number" DESCRIPTION="block type page-number"/>
  </Tags>
  <Layout>
    <Page WIDTH="862"
          HEIGHT="1488"
          PHYSICAL_IMG_NR="1"
          ID="eSc_dummypage_">
      <PrintSpace HPOS="0"
                  VPOS="0"
                  WIDTH="862"
                  HEIGHT="1488">
        <TextBlock HPOS="176"
                   VPOS="262"
                   WIDTH="488"
                   HEIGHT="200"
                   ID="region_1737727703953_184"
                   TAGREFS="BT3928">
          <Shape><Polygon POINTS="282 263 296 329 350 336 351 379 176 405 182 462 664 448 626 397 498 380 491 342 542 308 540 262"/></Shape>
        </TextBlock>
        <TextBlock HPOS="98"
                   VPOS="510"
                   WIDTH="54"
                   HEIGHT="45"
                   ID="region_1737729112729_680"
                   TAGREFS="BT3929">
          <Shape><Polygon POINTS="108 511 152 510 148 529 141 555 98 555"/></Shape>
        </TextBlock>
        <TextBlock HPOS="76"
                   VPOS="510"
                   WIDTH="649"
                   HEIGHT="422"
                   ID="region_1737727718505_187"
                   TAGREFS="BT3929">
          <Shape><Polygon POINTS="101 574 144 556 151 525 721 510 725 883 258 883 254 925 76 932"/></Shape>
        </TextBlock>
        <TextBlock HPOS="69"
                   VPOS="982"
                   WIDTH="670"
                   HEIGHT="326"
                   ID="region_1737727876526_190"
                   TAGREFS="BT3929">
          <Shape><Polygon POINTS="130 1021 134 982 739 982 711 1303 69 1308 86 1034"/></Shape>
        </TextBlock>
        <TextBlock HPOS="348"
                   VPOS="1312"
                   WIDTH="102"
                   HEIGHT="48"
                   ID="region_1737727885189_193"
                   TAGREFS="BT3929">
          <Shape><Polygon POINTS="350 1312 450 1314 448 1360 348 1348"/></Shape>
        </TextBlock>
      </PrintSpace>
    </Page>
  </Layout>
</alto>
