<?xml version="1.0" encoding="UTF-8"?>
<alto xmlns:xsi="http://www.w3.org/2001/XMLSchema-instance"
      xmlns="http://www.loc.gov/standards/alto/ns-v4#"
      xsi:schemaLocation="http://www.loc.gov/standards/alto/ns-v4# http://www.loc.gov/standards/alto/v4/alto-4-2.xsd">
  <Description>
    <MeasurementUnit>pixel</MeasurementUnit>
    <sourceImageInformation>
      <fileName>1789,_Saemmtliche_Poetische_Werke,_Baumeister,_Bd._1,_VD18_80391559-001_Seite_113_Bild_0001.jpg</fileName>
    </sourceImageInformation>
  </Description>
  <Tags>
    <OtherTag ID="BT1" LABEL="Title" DESCRIPTION="block type Title"/><OtherTag ID="BT2" LABEL="Main" DESCRIPTION="block type Main"/><OtherTag ID="BT3" LABEL="Commentary" DESCRIPTION="block type Commentary"/><OtherTag ID="BT4" LABEL="Illustration" DESCRIPTION="block type Illustration"/><OtherTag ID="BT3928" LABEL="heading" DESCRIPTION="block type heading"/><OtherTag ID="BT3929" LABEL="paragraph" DESCRIPTION="block type paragraph"/><OtherTag ID="BT3930" LABEL="footnote" DESCRIPTION="block type footnote"/><OtherTag ID="BT3931" LABEL="page-number" DESCRIPTION="block type page-number"/>
  </Tags>
  <Layout>
    <Page WIDTH="871"
          HEIGHT="1511"
          PHYSICAL_IMG_NR="6"
          ID="eSc_dummypage_">
      <PrintSpace HPOS="0"
                  VPOS="0"
                  WIDTH="871"
                  HEIGHT="1511">
        <TextBlock HPOS="143"
                   VPOS="91"
                   WIDTH="63"
                   HEIGHT="49"
                   ID="region_1737728591807_546"
                   TAGREFS="BT3929">
          <Shape><Polygon POINTS="143 91 147 140 206 132 203 92"/></Shape>
        </TextBlock>
        <TextBlock HPOS="147"
                   VPOS="155"
                   WIDTH="658"
                   HEIGHT="257"
                   ID="region_1737728603036_549"
                   TAGREFS="BT3929">
          <Shape><Polygon POINTS="147 155 805 157 793 377 650 409 148 412"/></Shape>
        </TextBlock>
        <TextBlock HPOS="144"
                   VPOS="436"
                   WIDTH="660"
                   HEIGHT="353"
                   ID="region_1737728614534_552"
                   TAGREFS="BT3929">
          <Shape><Polygon POINTS="188 436 804 444 789 789 144 782 146 520 192 515"/></Shape>
        </TextBlock>
        <TextBlock HPOS="132"
                   VPOS="859"
                   WIDTH="656"
                   HEIGHT="90"
                   ID="region_1737728634739_555"
                   TAGREFS="BT3930">
          <Shape><Polygon POINTS="190 859 788 863 783 904 409 907 415 943 132 949 132 913 192 901"/></Shape>
        </TextBlock>
        <TextBlock HPOS="135"
                   VPOS="979"
                   WIDTH="655"
                   HEIGHT="134"
                   ID="region_1737728643470_558"
                   TAGREFS="BT3930">
          <Shape><Polygon POINTS="198 979 789 988 790 1067 658 1076 663 1109 135 1113 143 1029 186 1033"/></Shape>
        </TextBlock>
        <TextBlock HPOS="140"
                   VPOS="1146"
                   WIDTH="656"
                   HEIGHT="188"
                   ID="region_1737728657014_561"
                   TAGREFS="BT3930">
          <Shape><Polygon POINTS="189 1146 796 1156 784 1332 140 1334 148 1201 194 1195"/></Shape>
        </TextBlock>
      </PrintSpace>
    </Page>
  </Layout>
</alto>
