<?xml version="1.0" encoding="UTF-8"?>
<alto xmlns:xsi="http://www.w3.org/2001/XMLSchema-instance"
      xmlns="http://www.loc.gov/standards/alto/ns-v4#"
      xsi:schemaLocation="http://www.loc.gov/standards/alto/ns-v4# http://www.loc.gov/standards/alto/v4/alto-4-2.xsd">
  <Description>
    <MeasurementUnit>pixel</MeasurementUnit>
    <sourceImageInformation>
      <fileName>1775-Saemmtliche_Poetische_Werke_Schmieder_Bd_1_VD18_90914260_NEU-160.png</fileName>
      <fileIdentifier>mets//SchmiederZeilenUnb.zip/1775-Saemmtliche_Poetische_Werke_Schmieder_Bd_1_VD18_90914260_NEU-160.png</fileIdentifier>
    </sourceImageInformation>
  </Description>
  <Tags>
    <OtherTag ID="BT1" LABEL="Title" DESCRIPTION="block type Title"/><OtherTag ID="BT2" LABEL="Main" DESCRIPTION="block type Main"/><OtherTag ID="BT3" LABEL="Commentary" DESCRIPTION="block type Commentary"/><OtherTag ID="BT4" LABEL="Illustration" DESCRIPTION="block type Illustration"/><OtherTag ID="BT3755" LABEL="header" DESCRIPTION="block type header"/><OtherTag ID="BT3756" LABEL="paragraph" DESCRIPTION="block type paragraph"/><OtherTag ID="BT3757" LABEL="heading" DESCRIPTION="block type heading"/><OtherTag ID="BT3758" LABEL="footnote" DESCRIPTION="block type footnote"/><OtherTag ID="BT3759" LABEL="l-column" DESCRIPTION="block type l-column"/><OtherTag ID="BT3760" LABEL="r-column" DESCRIPTION="block type r-column"/><OtherTag ID="BT3761" LABEL="marginalia" DESCRIPTION="block type marginalia"/><OtherTag ID="BT4125" LABEL="drop-capital" DESCRIPTION="block type drop-capital"/><OtherTag ID="BT4126" LABEL="catch-word" DESCRIPTION="block type catch-word"/><OtherTag ID="BT4127" LABEL="page-number" DESCRIPTION="block type page-number"/><OtherTag ID="BT4128" LABEL="signature-mark" DESCRIPTION="block type signature-mark"/><OtherTag ID="BT4129" LABEL="poem_lg" DESCRIPTION="block type poem_lg"/><OtherTag ID="BT4130" LABEL="endnote" DESCRIPTION="block type endnote"/>
  </Tags>
  <Layout>
    <Page WIDTH="658"
          HEIGHT="1096"
          PHYSICAL_IMG_NR="81"
          ID="eSc_dummypage_">
      <PrintSpace HPOS="0"
                  VPOS="0"
                  WIDTH="658"
                  HEIGHT="1096">
        <TextBlock HPOS="125"
                   VPOS="71"
                   WIDTH="57"
                   HEIGHT="28"
                   ID="region_1718626919115_657"
                   TAGREFS="BT3756">
          <Shape><Polygon POINTS="125 99 182 99 182 71 125 71"/></Shape>
          <TextLine ID="eSc_line_00559324"
                    BASELINE="135 93 179 94" 
                    HPOS="135"
                    VPOS="93"
                    WIDTH="44"
                    HEIGHT="1">
	    <String CONTENT=""
                    HPOS="135"
                    VPOS="93"
                    WIDTH="44"
                    HEIGHT="1"></String>
          </TextLine>
        </TextBlock>
        <TextBlock HPOS="113"
                   VPOS="113"
                   WIDTH="489"
                   HEIGHT="331"
                   ID="region_1718626937563_663"
                   TAGREFS="BT3756">
          <Shape><Polygon POINTS="113 444 602 444 602 113 113 113"/></Shape>
          <TextLine ID="eSc_line_411eee21"
                    BASELINE="133 136 538 148" 
                    HPOS="133"
                    VPOS="136"
                    WIDTH="405"
                    HEIGHT="12">
	    <String CONTENT=""
                    HPOS="133"
                    VPOS="136"
                    WIDTH="405"
                    HEIGHT="12"></String>
          </TextLine>
          <TextLine ID="eSc_line_f3e3d75d"
                    BASELINE="129 159 587 174" 
                    HPOS="129"
                    VPOS="159"
                    WIDTH="458"
                    HEIGHT="15">
	    <String CONTENT=""
                    HPOS="129"
                    VPOS="159"
                    WIDTH="458"
                    HEIGHT="15"></String>
          </TextLine>
          <TextLine ID="eSc_line_c93b1ea0"
                    BASELINE="130 187 513 201" 
                    HPOS="130"
                    VPOS="187"
                    WIDTH="383"
                    HEIGHT="14">
	    <String CONTENT=""
                    HPOS="130"
                    VPOS="187"
                    WIDTH="383"
                    HEIGHT="14"></String>
          </TextLine>
          <TextLine ID="eSc_line_5095e472"
                    BASELINE="126 215 569 230" 
                    HPOS="126"
                    VPOS="215"
                    WIDTH="443"
                    HEIGHT="15">
	    <String CONTENT=""
                    HPOS="126"
                    VPOS="215"
                    WIDTH="443"
                    HEIGHT="15"></String>
          </TextLine>
          <TextLine ID="eSc_line_c5dd4138"
                    BASELINE="127 240 585 258" 
                    HPOS="127"
                    VPOS="240"
                    WIDTH="458"
                    HEIGHT="18">
	    <String CONTENT=""
                    HPOS="127"
                    VPOS="240"
                    WIDTH="458"
                    HEIGHT="18"></String>
          </TextLine>
          <TextLine ID="eSc_line_4eff060c"
                    BASELINE="125 268 556 285" 
                    HPOS="125"
                    VPOS="268"
                    WIDTH="431"
                    HEIGHT="17">
	    <String CONTENT=""
                    HPOS="125"
                    VPOS="268"
                    WIDTH="431"
                    HEIGHT="17"></String>
          </TextLine>
          <TextLine ID="eSc_line_73aedb7d"
                    BASELINE="118 297 523 310" 
                    HPOS="118"
                    VPOS="297"
                    WIDTH="405"
                    HEIGHT="13">
	    <String CONTENT=""
                    HPOS="118"
                    VPOS="297"
                    WIDTH="405"
                    HEIGHT="13"></String>
          </TextLine>
          <TextLine ID="eSc_line_e6a616b4"
                    BASELINE="124 324 585 342" 
                    HPOS="124"
                    VPOS="324"
                    WIDTH="461"
                    HEIGHT="18">
	    <String CONTENT=""
                    HPOS="124"
                    VPOS="324"
                    WIDTH="461"
                    HEIGHT="18"></String>
          </TextLine>
          <TextLine ID="eSc_line_82a6a354"
                    BASELINE="126 349 523 366" 
                    HPOS="126"
                    VPOS="349"
                    WIDTH="397"
                    HEIGHT="17">
	    <String CONTENT=""
                    HPOS="126"
                    VPOS="349"
                    WIDTH="397"
                    HEIGHT="17"></String>
          </TextLine>
          <TextLine ID="eSc_line_721c4e8f"
                    BASELINE="120 379 527 394" 
                    HPOS="120"
                    VPOS="379"
                    WIDTH="407"
                    HEIGHT="15">
	    <String CONTENT=""
                    HPOS="120"
                    VPOS="379"
                    WIDTH="407"
                    HEIGHT="15"></String>
          </TextLine>
          <TextLine ID="eSc_line_5ec129e2"
                    BASELINE="124 406 520 421" 
                    HPOS="124"
                    VPOS="406"
                    WIDTH="396"
                    HEIGHT="15">
	    <String CONTENT=""
                    HPOS="124"
                    VPOS="406"
                    WIDTH="396"
                    HEIGHT="15"></String>
          </TextLine>
          <TextLine ID="eSc_line_9bc6b3c5"
                    BASELINE="122 433 536 444" 
                    HPOS="122"
                    VPOS="433"
                    WIDTH="414"
                    HEIGHT="11">
	    <String CONTENT=""
                    HPOS="122"
                    VPOS="433"
                    WIDTH="414"
                    HEIGHT="11"></String>
          </TextLine>
        </TextBlock>
        <TextBlock HPOS="248"
                   VPOS="71"
                   WIDTH="242"
                   HEIGHT="36"
                   ID="region_1718626930354_660"
                   TAGREFS="BT3756">
          <Shape><Polygon POINTS="248 107 490 107 490 71 248 71"/></Shape>
          <TextLine ID="eSc_line_4a71513f"
                    BASELINE="252 102 476 102" 
                    HPOS="252"
                    VPOS="102"
                    WIDTH="224"
                    HEIGHT="0">
	    <String CONTENT=""
                    HPOS="252"
                    VPOS="102"
                    WIDTH="224"
                    HEIGHT="0"></String>
          </TextLine>
        </TextBlock>
        <TextBlock HPOS="118"
                   VPOS="449"
                   WIDTH="476"
                   HEIGHT="119"
                   ID="region_1718626942555_666"
                   TAGREFS="BT3756">
          <Shape><Polygon POINTS="118 568 594 560 577 457 123 449"/></Shape>
          <TextLine ID="eSc_line_d704a9cd"
                    BASELINE="141 473 518 483" 
                    HPOS="141"
                    VPOS="473"
                    WIDTH="377"
                    HEIGHT="10">
	    <String CONTENT=""
                    HPOS="141"
                    VPOS="473"
                    WIDTH="377"
                    HEIGHT="10"></String>
          </TextLine>
          <TextLine ID="eSc_line_44d6df08"
                    BASELINE="125 495 537 509" 
                    HPOS="125"
                    VPOS="495"
                    WIDTH="412"
                    HEIGHT="14">
	    <String CONTENT=""
                    HPOS="125"
                    VPOS="495"
                    WIDTH="412"
                    HEIGHT="14"></String>
          </TextLine>
          <TextLine ID="eSc_line_de7e8a07"
                    BASELINE="125 529 583 535" 
                    HPOS="125"
                    VPOS="529"
                    WIDTH="458"
                    HEIGHT="6">
	    <String CONTENT=""
                    HPOS="125"
                    VPOS="529"
                    WIDTH="458"
                    HEIGHT="6"></String>
          </TextLine>
          <TextLine ID="eSc_line_4d779ee2"
                    BASELINE="124 550 450 553" 
                    HPOS="124"
                    VPOS="550"
                    WIDTH="326"
                    HEIGHT="3">
	    <String CONTENT=""
                    HPOS="124"
                    VPOS="550"
                    WIDTH="326"
                    HEIGHT="3"></String>
          </TextLine>
        </TextBlock>
        <TextBlock HPOS="134"
                   VPOS="608"
                   WIDTH="447"
                   HEIGHT="88"
                   ID="region_1718626965777_684"
                   TAGREFS="BT3758">
          <Shape><Polygon POINTS="134 687 239 688 243 693 251 692 256 689 294 690 298 694 337 694 365 689 579 696 581 614 142 608"/></Shape>
          <TextLine ID="eSc_line_fa9811f9"
                    BASELINE="157 634 572 640" 
                    HPOS="157"
                    VPOS="634"
                    WIDTH="415"
                    HEIGHT="6">
	    <String CONTENT=""
                    HPOS="157"
                    VPOS="634"
                    WIDTH="415"
                    HEIGHT="6"></String>
          </TextLine>
          <TextLine ID="eSc_line_87c601cd"
                    BASELINE="140 657 575 669" 
                    HPOS="140"
                    VPOS="657"
                    WIDTH="435"
                    HEIGHT="12">
	    <String CONTENT=""
                    HPOS="140"
                    VPOS="657"
                    WIDTH="435"
                    HEIGHT="12"></String>
          </TextLine>
          <TextLine ID="eSc_line_7786b3a9"
                    BASELINE="140 680 351 686" 
                    HPOS="140"
                    VPOS="680"
                    WIDTH="211"
                    HEIGHT="6">
	    <String CONTENT=""
                    HPOS="140"
                    VPOS="680"
                    WIDTH="211"
                    HEIGHT="6"></String>
          </TextLine>
        </TextBlock>
        <TextBlock HPOS="134"
                   VPOS="690"
                   WIDTH="447"
                   HEIGHT="169"
                   ID="region_1718626962664_681"
                   TAGREFS="BT3758">
          <Shape><Polygon POINTS="149 842 250 834 265 852 553 859 581 837 572 706 489 699 443 697 357 695 351 699 134 690"/></Shape>
          <TextLine ID="eSc_line_3ab7740a"
                    BASELINE="142 713 518 723" 
                    HPOS="142"
                    VPOS="713"
                    WIDTH="376"
                    HEIGHT="10">
	    <String CONTENT=""
                    HPOS="142"
                    VPOS="713"
                    WIDTH="376"
                    HEIGHT="10"></String>
          </TextLine>
          <TextLine ID="eSc_line_7b0dc215"
                    BASELINE="157 737 530 746" 
                    HPOS="157"
                    VPOS="737"
                    WIDTH="373"
                    HEIGHT="9">
	    <String CONTENT=""
                    HPOS="157"
                    VPOS="737"
                    WIDTH="373"
                    HEIGHT="9"></String>
          </TextLine>
          <TextLine ID="eSc_line_17958084"
                    BASELINE="160 766 572 776" 
                    HPOS="160"
                    VPOS="766"
                    WIDTH="412"
                    HEIGHT="10">
	    <String CONTENT=""
                    HPOS="160"
                    VPOS="766"
                    WIDTH="412"
                    HEIGHT="10"></String>
          </TextLine>
          <TextLine ID="eSc_line_9da9a284"
                    BASELINE="213 795 277 794" 
                    HPOS="213"
                    VPOS="794"
                    WIDTH="64"
                    HEIGHT="1">
	    <String CONTENT=""
                    HPOS="213"
                    VPOS="794"
                    WIDTH="64"
                    HEIGHT="1"></String>
          </TextLine>
          <TextLine ID="eSc_line_aa6ee4bc"
                    BASELINE="157 817 571 829" 
                    HPOS="157"
                    VPOS="817"
                    WIDTH="414"
                    HEIGHT="12">
	    <String CONTENT=""
                    HPOS="157"
                    VPOS="817"
                    WIDTH="414"
                    HEIGHT="12"></String>
          </TextLine>
          <TextLine ID="eSc_line_4989cc34"
                    BASELINE="272 848 544 857" 
                    HPOS="272"
                    VPOS="848"
                    WIDTH="272"
                    HEIGHT="9">
	    <String CONTENT=""
                    HPOS="272"
                    VPOS="848"
                    WIDTH="272"
                    HEIGHT="9"></String>
          </TextLine>
        </TextBlock>
        <TextBlock HPOS="532"
                   VPOS="567"
                   WIDTH="53"
                   HEIGHT="24"
                   ID="region_1718626944633_669"
                   TAGREFS="BT3756">
          <Shape><Polygon POINTS="532 591 585 591 581 567 533 567"/></Shape>
          <TextLine ID="eSc_line_956fd535"
                    BASELINE="541 588 578 586" 
                    HPOS="541"
                    VPOS="586"
                    WIDTH="37"
                    HEIGHT="2">
	    <String CONTENT=""
                    HPOS="541"
                    VPOS="586"
                    WIDTH="37"
                    HEIGHT="2"></String>
          </TextLine>
        </TextBlock>
        <TextBlock HPOS="120"
                   VPOS="846"
                   WIDTH="454"
                   HEIGHT="112"
                   ID="region_1718626959449_678"
                   TAGREFS="BT3758">
          <Shape><Polygon POINTS="120 950 274 958 291 938 574 940 574 862 249 856 239 847 121 846"/></Shape>
          <TextLine ID="eSc_line_ebc844e1"
                    BASELINE="132 876 571 884" 
                    HPOS="132"
                    VPOS="876"
                    WIDTH="439"
                    HEIGHT="8">
	    <String CONTENT=""
                    HPOS="132"
                    VPOS="876"
                    WIDTH="439"
                    HEIGHT="8"></String>
          </TextLine>
          <TextLine ID="eSc_line_3c421ce2"
                    BASELINE="204 900 272 904" 
                    HPOS="204"
                    VPOS="900"
                    WIDTH="68"
                    HEIGHT="4">
	    <String CONTENT=""
                    HPOS="204"
                    VPOS="900"
                    WIDTH="68"
                    HEIGHT="4"></String>
          </TextLine>
          <TextLine ID="eSc_line_ac1aee04"
                    BASELINE="151 924 567 935" 
                    HPOS="151"
                    VPOS="924"
                    WIDTH="416"
                    HEIGHT="11">
	    <String CONTENT=""
                    HPOS="151"
                    VPOS="924"
                    WIDTH="416"
                    HEIGHT="11"></String>
          </TextLine>
          <TextLine ID="eSc_line_a56cc11f"
                    BASELINE="189 950 274 955" 
                    HPOS="189"
                    VPOS="950"
                    WIDTH="85"
                    HEIGHT="5">
	    <String CONTENT=""
                    HPOS="189"
                    VPOS="950"
                    WIDTH="85"
                    HEIGHT="5"></String>
          </TextLine>
        </TextBlock>
        <TextBlock HPOS="507"
                   VPOS="944"
                   WIDTH="66"
                   HEIGHT="25"
                   ID="region_1718626955130_675"
                   TAGREFS="BT3756">
          <Shape><Polygon POINTS="515 969 573 966 566 944 507 944"/></Shape>
          <TextLine ID="eSc_line_51d794e0"
                    BASELINE="514 962 564 963" 
                    HPOS="514"
                    VPOS="962"
                    WIDTH="50"
                    HEIGHT="1">
	    <String CONTENT=""
                    HPOS="514"
                    VPOS="962"
                    WIDTH="50"
                    HEIGHT="1"></String>
          </TextLine>
        </TextBlock>
      </PrintSpace>
    </Page>
  </Layout>
</alto>
