<?xml version="1.0" encoding="UTF-8"?>
<alto xmlns:xsi="http://www.w3.org/2001/XMLSchema-instance"
      xmlns="http://www.loc.gov/standards/alto/ns-v4#"
      xsi:schemaLocation="http://www.loc.gov/standards/alto/ns-v4# http://www.loc.gov/standards/alto/v4/alto-4-2.xsd">
  <Description>
    <MeasurementUnit>pixel</MeasurementUnit>
    <sourceImageInformation>
      <fileName>1775-Saemmtliche_Poetische_Werke_Schmieder_Bd_2_VD18_90914287_NEU-228.png</fileName>
      <fileIdentifier>mets//SchmiederZeilenUnb.zip/1775-Saemmtliche_Poetische_Werke_Schmieder_Bd_2_VD18_90914287_NEU-228.png</fileIdentifier>
    </sourceImageInformation>
  </Description>
  <Tags>
    <OtherTag ID="BT1" LABEL="Title" DESCRIPTION="block type Title"/><OtherTag ID="BT2" LABEL="Main" DESCRIPTION="block type Main"/><OtherTag ID="BT3" LABEL="Commentary" DESCRIPTION="block type Commentary"/><OtherTag ID="BT4" LABEL="Illustration" DESCRIPTION="block type Illustration"/><OtherTag ID="BT3755" LABEL="header" DESCRIPTION="block type header"/><OtherTag ID="BT3756" LABEL="paragraph" DESCRIPTION="block type paragraph"/><OtherTag ID="BT3757" LABEL="heading" DESCRIPTION="block type heading"/><OtherTag ID="BT3758" LABEL="footnote" DESCRIPTION="block type footnote"/><OtherTag ID="BT3759" LABEL="l-column" DESCRIPTION="block type l-column"/><OtherTag ID="BT3760" LABEL="r-column" DESCRIPTION="block type r-column"/><OtherTag ID="BT3761" LABEL="marginalia" DESCRIPTION="block type marginalia"/><OtherTag ID="BT4125" LABEL="drop-capital" DESCRIPTION="block type drop-capital"/><OtherTag ID="BT4126" LABEL="catch-word" DESCRIPTION="block type catch-word"/><OtherTag ID="BT4127" LABEL="page-number" DESCRIPTION="block type page-number"/><OtherTag ID="BT4128" LABEL="signature-mark" DESCRIPTION="block type signature-mark"/><OtherTag ID="BT4129" LABEL="poem_lg" DESCRIPTION="block type poem_lg"/><OtherTag ID="BT4130" LABEL="endnote" DESCRIPTION="block type endnote"/>
  </Tags>
  <Layout>
    <Page WIDTH="657"
          HEIGHT="1097"
          PHYSICAL_IMG_NR="91"
          ID="eSc_dummypage_">
      <PrintSpace HPOS="0"
                  VPOS="0"
                  WIDTH="657"
                  HEIGHT="1097">
        <TextBlock HPOS="82"
                   VPOS="173"
                   WIDTH="50"
                   HEIGHT="51"
                   ID="region_1720034806205_294"
                   TAGREFS="BT3756">
          <Shape><Polygon POINTS="82 220 82 173 132 176 129 201 124 206 123 224"/></Shape>
          <TextLine ID="eSc_line_8e4811d5"
                    BASELINE="88 216 143 225 525 222" 
                    HPOS="88"
                    VPOS="216"
                    WIDTH="437"
                    HEIGHT="9">
	    <String CONTENT=""
                    HPOS="88"
                    VPOS="216"
                    WIDTH="437"
                    HEIGHT="9"></String>
          </TextLine>
        </TextBlock>
        <TextBlock HPOS="142"
                   VPOS="140"
                   WIDTH="320"
                   HEIGHT="46"
                   ID="region_1720034824193_297"
                   TAGREFS="BT3757">
          <Shape><Polygon POINTS="142 175 144 140 461 151 462 179 384 185 206 184 149 186"/></Shape>
          <TextLine ID="eSc_line_5d07cb9d"
                    BASELINE="146 178 451 175" 
                    HPOS="146"
                    VPOS="175"
                    WIDTH="305"
                    HEIGHT="3">
	    <String CONTENT=""
                    HPOS="146"
                    VPOS="175"
                    WIDTH="305"
                    HEIGHT="3"></String>
          </TextLine>
        </TextBlock>
        <TextBlock HPOS="77"
                   VPOS="188"
                   WIDTH="461"
                   HEIGHT="125"
                   ID="region_1720034798199_291"
                   TAGREFS="BT3756">
          <Shape><Polygon POINTS="77 249 77 304 91 313 538 308 537 188 142 199 130 204 125 209 124 226 124 247"/></Shape>
          <TextLine ID="eSc_line_cfa9ae32"
                    BASELINE="315 251 380 250" 
                    HPOS="315"
                    VPOS="250"
                    WIDTH="65"
                    HEIGHT="1">
	    <String CONTENT=""
                    HPOS="315"
                    VPOS="250"
                    WIDTH="65"
                    HEIGHT="1"></String>
          </TextLine>
          <TextLine ID="eSc_line_dcbb7747"
                    BASELINE="83 276 523 273" 
                    HPOS="83"
                    VPOS="273"
                    WIDTH="440"
                    HEIGHT="3">
	    <String CONTENT=""
                    HPOS="83"
                    VPOS="273"
                    WIDTH="440"
                    HEIGHT="3"></String>
          </TextLine>
          <TextLine ID="eSc_line_3ff31bb8"
                    BASELINE="82 300 521 299" 
                    HPOS="82"
                    VPOS="299"
                    WIDTH="439"
                    HEIGHT="1">
	    <String CONTENT=""
                    HPOS="82"
                    VPOS="299"
                    WIDTH="439"
                    HEIGHT="1"></String>
          </TextLine>
        </TextBlock>
        <TextBlock HPOS="227"
                   VPOS="106"
                   WIDTH="158"
                   HEIGHT="34"
                   ID="region_1720034832143_300"
                   TAGREFS="BT3756">
          <Shape><Polygon POINTS="227 135 229 106 379 106 385 140 265 138 235 140"/></Shape>
          <TextLine ID="eSc_line_2fc41e97"
                    BASELINE="231 130 384 136" 
                    HPOS="231"
                    VPOS="130"
                    WIDTH="153"
                    HEIGHT="6">
	    <String CONTENT=""
                    HPOS="231"
                    VPOS="130"
                    WIDTH="153"
                    HEIGHT="6"></String>
          </TextLine>
        </TextBlock>
        <TextBlock HPOS="70"
                   VPOS="318"
                   WIDTH="463"
                   HEIGHT="366"
                   ID="region_1720034772635_288"
                   TAGREFS="BT3756">
          <Shape><Polygon POINTS="70 665 76 318 533 318 524 684 102 682"/></Shape>
          <TextLine ID="eSc_line_622c3528"
                    BASELINE="126 352 490 345" 
                    HPOS="126"
                    VPOS="345"
                    WIDTH="364"
                    HEIGHT="7">
	    <String CONTENT=""
                    HPOS="126"
                    VPOS="345"
                    WIDTH="364"
                    HEIGHT="7"></String>
          </TextLine>
          <TextLine ID="eSc_line_9d9fb1de"
                    BASELINE="86 375 521 372" 
                    HPOS="86"
                    VPOS="372"
                    WIDTH="435"
                    HEIGHT="3">
	    <String CONTENT=""
                    HPOS="86"
                    VPOS="372"
                    WIDTH="435"
                    HEIGHT="3"></String>
          </TextLine>
          <TextLine ID="eSc_line_7e37aec6"
                    BASELINE="311 404 371 402" 
                    HPOS="311"
                    VPOS="402"
                    WIDTH="60"
                    HEIGHT="2">
	    <String CONTENT=""
                    HPOS="311"
                    VPOS="402"
                    WIDTH="60"
                    HEIGHT="2"></String>
          </TextLine>
          <TextLine ID="eSc_line_d70253f2"
                    BASELINE="88 428 388 428" 
                    HPOS="88"
                    VPOS="428"
                    WIDTH="300"
                    HEIGHT="0">
	    <String CONTENT=""
                    HPOS="88"
                    VPOS="428"
                    WIDTH="300"
                    HEIGHT="0"></String>
          </TextLine>
          <TextLine ID="eSc_line_025cb642"
                    BASELINE="88 457 523 451" 
                    HPOS="88"
                    VPOS="451"
                    WIDTH="435"
                    HEIGHT="6">
	    <String CONTENT=""
                    HPOS="88"
                    VPOS="451"
                    WIDTH="435"
                    HEIGHT="6"></String>
          </TextLine>
          <TextLine ID="eSc_line_f0961d97"
                    BASELINE="316 483 407 482" 
                    HPOS="316"
                    VPOS="482"
                    WIDTH="91"
                    HEIGHT="1">
	    <String CONTENT=""
                    HPOS="316"
                    VPOS="482"
                    WIDTH="91"
                    HEIGHT="1"></String>
          </TextLine>
          <TextLine ID="eSc_line_09a34827"
                    BASELINE="83 508 388 507" 
                    HPOS="83"
                    VPOS="507"
                    WIDTH="305"
                    HEIGHT="1">
	    <String CONTENT=""
                    HPOS="83"
                    VPOS="507"
                    WIDTH="305"
                    HEIGHT="1"></String>
          </TextLine>
          <TextLine ID="eSc_line_d48d1127"
                    BASELINE="88 536 520 536" 
                    HPOS="88"
                    VPOS="536"
                    WIDTH="432"
                    HEIGHT="0">
	    <String CONTENT=""
                    HPOS="88"
                    VPOS="536"
                    WIDTH="432"
                    HEIGHT="0"></String>
          </TextLine>
          <TextLine ID="eSc_line_138149bf"
                    BASELINE="87 562 480 566" 
                    HPOS="87"
                    VPOS="562"
                    WIDTH="393"
                    HEIGHT="4">
	    <String CONTENT=""
                    HPOS="87"
                    VPOS="562"
                    WIDTH="393"
                    HEIGHT="4"></String>
          </TextLine>
          <TextLine ID="eSc_line_ea222f71"
                    BASELINE="83 588 411 594" 
                    HPOS="83"
                    VPOS="588"
                    WIDTH="328"
                    HEIGHT="6">
	    <String CONTENT=""
                    HPOS="83"
                    VPOS="588"
                    WIDTH="328"
                    HEIGHT="6"></String>
          </TextLine>
          <TextLine ID="eSc_line_5d64c3f6"
                    BASELINE="85 619 409 617" 
                    HPOS="85"
                    VPOS="617"
                    WIDTH="324"
                    HEIGHT="2">
	    <String CONTENT=""
                    HPOS="85"
                    VPOS="617"
                    WIDTH="324"
                    HEIGHT="2"></String>
          </TextLine>
          <TextLine ID="eSc_line_7faeb0d2"
                    BASELINE="85 645 522 642" 
                    HPOS="85"
                    VPOS="642"
                    WIDTH="437"
                    HEIGHT="3">
	    <String CONTENT=""
                    HPOS="85"
                    VPOS="642"
                    WIDTH="437"
                    HEIGHT="3"></String>
          </TextLine>
          <TextLine ID="eSc_line_d1eeaa04"
                    BASELINE="85 669 434 668" 
                    HPOS="85"
                    VPOS="668"
                    WIDTH="349"
                    HEIGHT="1">
	    <String CONTENT=""
                    HPOS="85"
                    VPOS="668"
                    WIDTH="349"
                    HEIGHT="1"></String>
          </TextLine>
        </TextBlock>
        <TextBlock HPOS="472"
                   VPOS="110"
                   WIDTH="54"
                   HEIGHT="30"
                   ID="region_1720034843064_303"
                   TAGREFS="BT3756">
          <Shape><Polygon POINTS="473 137 472 110 526 113 521 140"/></Shape>
          <TextLine ID="eSc_line_75edb09d"
                    BASELINE="474 134 515 132" 
                    HPOS="474"
                    VPOS="132"
                    WIDTH="41"
                    HEIGHT="2">
	    <String CONTENT=""
                    HPOS="474"
                    VPOS="132"
                    WIDTH="41"
                    HEIGHT="2"></String>
          </TextLine>
        </TextBlock>
        <TextBlock HPOS="80"
                   VPOS="723"
                   WIDTH="463"
                   HEIGHT="100"
                   ID="region_1720034753874_285"
                   TAGREFS="BT3756">
          <Shape><Polygon POINTS="150 743 150 763 125 758 81 754 80 797 286 807 316 819 423 823 478 798 543 794 530 723 157 728"/></Shape>
          <TextLine ID="eSc_line_e6656b68"
                    BASELINE="127 759 448 758" 
                    HPOS="127"
                    VPOS="758"
                    WIDTH="321"
                    HEIGHT="1">
	    <String CONTENT=""
                    HPOS="127"
                    VPOS="758"
                    WIDTH="321"
                    HEIGHT="1"></String>
          </TextLine>
          <TextLine ID="eSc_line_c09f5916"
                    BASELINE="89 790 522 781" 
                    HPOS="89"
                    VPOS="781"
                    WIDTH="433"
                    HEIGHT="9">
	    <String CONTENT=""
                    HPOS="89"
                    VPOS="781"
                    WIDTH="433"
                    HEIGHT="9"></String>
          </TextLine>
          <TextLine ID="eSc_line_d0f8b0e5"
                    BASELINE="315 812 391 812" 
                    HPOS="315"
                    VPOS="812"
                    WIDTH="76"
                    HEIGHT="0">
	    <String CONTENT=""
                    HPOS="315"
                    VPOS="812"
                    WIDTH="76"
                    HEIGHT="0"></String>
          </TextLine>
        </TextBlock>
        <TextBlock HPOS="100"
                   VPOS="827"
                   WIDTH="152"
                   HEIGHT="37"
                   ID="region_1720034724186_279"
                   TAGREFS="BT3758">
          <Shape><Polygon POINTS="252 859 250 835 100 827 100 856 220 864"/></Shape>
          <TextLine ID="eSc_line_7eca3cb8"
                    BASELINE="108 850 247 857" 
                    HPOS="108"
                    VPOS="850"
                    WIDTH="139"
                    HEIGHT="7">
	    <String CONTENT=""
                    HPOS="108"
                    VPOS="850"
                    WIDTH="139"
                    HEIGHT="7"></String>
          </TextLine>
        </TextBlock>
        <TextBlock HPOS="84"
                   VPOS="943"
                   WIDTH="301"
                   HEIGHT="52"
                   ID="region_1720034705794_273"
                   TAGREFS="BT4128">
          <Shape><Polygon POINTS="84 979 84 943 385 945 379 995 210 990"/></Shape>
          <TextLine ID="eSc_line_824a1c70"
                    BASELINE="103 975 528 983" 
                    HPOS="103"
                    VPOS="975"
                    WIDTH="425"
                    HEIGHT="8">
	    <String CONTENT=""
                    HPOS="103"
                    VPOS="975"
                    WIDTH="425"
                    HEIGHT="8"></String>
          </TextLine>
        </TextBlock>
        <TextBlock HPOS="127"
                   VPOS="727"
                   WIDTH="24"
                   HEIGHT="32"
                   ID="region_1720034936289_320"
                   TAGREFS="BT3756">
          <Shape><Polygon POINTS="127 753 129 727 150 727 151 735 147 748 148 758 138 759"/></Shape>
        </TextBlock>
        <TextBlock HPOS="472"
                   VPOS="943"
                   WIDTH="67"
                   HEIGHT="45"
                   ID="region_1720034710437_276"
                   TAGREFS="BT4126">
          <Shape><Polygon POINTS="477 988 472 943 539 951 536 988"/></Shape>
        </TextBlock>
      </PrintSpace>
    </Page>
  </Layout>
</alto>
