<?xml version="1.0" encoding="UTF-8"?>
<alto xmlns:xsi="http://www.w3.org/2001/XMLSchema-instance"
      xmlns="http://www.loc.gov/standards/alto/ns-v4#"
      xsi:schemaLocation="http://www.loc.gov/standards/alto/ns-v4# http://www.loc.gov/standards/alto/v4/alto-4-2.xsd">
  <Description>
    <MeasurementUnit>pixel</MeasurementUnit>
    <sourceImageInformation>
      <fileName>1775-Saemmtliche_Poetische_Werke_Schmieder_Bd_1_VD18_90914260_NEU-033.png</fileName>
      <fileIdentifier>mets//SchmiederZeilenUnb.zip/1775-Saemmtliche_Poetische_Werke_Schmieder_Bd_1_VD18_90914260_NEU-033.png</fileIdentifier>
    </sourceImageInformation>
  </Description>
  <Tags>
    <OtherTag ID="BT1" LABEL="Title" DESCRIPTION="block type Title"/><OtherTag ID="BT2" LABEL="Main" DESCRIPTION="block type Main"/><OtherTag ID="BT3" LABEL="Commentary" DESCRIPTION="block type Commentary"/><OtherTag ID="BT4" LABEL="Illustration" DESCRIPTION="block type Illustration"/><OtherTag ID="BT3755" LABEL="header" DESCRIPTION="block type header"/><OtherTag ID="BT3756" LABEL="paragraph" DESCRIPTION="block type paragraph"/><OtherTag ID="BT3757" LABEL="heading" DESCRIPTION="block type heading"/><OtherTag ID="BT3758" LABEL="footnote" DESCRIPTION="block type footnote"/><OtherTag ID="BT3759" LABEL="l-column" DESCRIPTION="block type l-column"/><OtherTag ID="BT3760" LABEL="r-column" DESCRIPTION="block type r-column"/><OtherTag ID="BT3761" LABEL="marginalia" DESCRIPTION="block type marginalia"/><OtherTag ID="BT4125" LABEL="drop-capital" DESCRIPTION="block type drop-capital"/><OtherTag ID="BT4126" LABEL="catch-word" DESCRIPTION="block type catch-word"/><OtherTag ID="BT4127" LABEL="page-number" DESCRIPTION="block type page-number"/><OtherTag ID="BT4128" LABEL="signature-mark" DESCRIPTION="block type signature-mark"/><OtherTag ID="BT4129" LABEL="poem_lg" DESCRIPTION="block type poem_lg"/><OtherTag ID="BT4130" LABEL="endnote" DESCRIPTION="block type endnote"/>
  </Tags>
  <Layout>
    <Page WIDTH="658"
          HEIGHT="1096"
          PHYSICAL_IMG_NR="75"
          ID="eSc_dummypage_">
      <PrintSpace HPOS="0"
                  VPOS="0"
                  WIDTH="658"
                  HEIGHT="1096">
        <TextBlock HPOS="63"
                   VPOS="127"
                   WIDTH="474"
                   HEIGHT="452"
                   ID="region_1718620845163_81"
                   TAGREFS="BT3756">
          <Shape><Polygon POINTS="535 572 63 579 63 127 537 127"/></Shape>
          <TextLine ID="eSc_line_a7b07bc1"
                    BASELINE="90 158 526 161" 
                    HPOS="90"
                    VPOS="158"
                    WIDTH="436"
                    HEIGHT="3">
	    <String CONTENT=""
                    HPOS="90"
                    VPOS="158"
                    WIDTH="436"
                    HEIGHT="3"></String>
          </TextLine>
          <TextLine ID="eSc_line_c55a7d4d"
                    BASELINE="69 186 529 192" 
                    HPOS="69"
                    VPOS="186"
                    WIDTH="460"
                    HEIGHT="6">
	    <String CONTENT=""
                    HPOS="69"
                    VPOS="186"
                    WIDTH="460"
                    HEIGHT="6"></String>
          </TextLine>
          <TextLine ID="eSc_line_60d974db"
                    BASELINE="66 217 526 225" 
                    HPOS="66"
                    VPOS="217"
                    WIDTH="460"
                    HEIGHT="8">
	    <String CONTENT=""
                    HPOS="66"
                    VPOS="217"
                    WIDTH="460"
                    HEIGHT="8"></String>
          </TextLine>
          <TextLine ID="eSc_line_2d9902bb"
                    BASELINE="70 251 527 254" 
                    HPOS="70"
                    VPOS="251"
                    WIDTH="457"
                    HEIGHT="3">
	    <String CONTENT=""
                    HPOS="70"
                    VPOS="251"
                    WIDTH="457"
                    HEIGHT="3"></String>
          </TextLine>
          <TextLine ID="eSc_line_8ff77cc3"
                    BASELINE="68 280 528 284" 
                    HPOS="68"
                    VPOS="280"
                    WIDTH="460"
                    HEIGHT="4">
	    <String CONTENT=""
                    HPOS="68"
                    VPOS="280"
                    WIDTH="460"
                    HEIGHT="4"></String>
          </TextLine>
          <TextLine ID="eSc_line_5fbb8c2b"
                    BASELINE="71 311 527 318" 
                    HPOS="71"
                    VPOS="311"
                    WIDTH="456"
                    HEIGHT="7">
	    <String CONTENT=""
                    HPOS="71"
                    VPOS="311"
                    WIDTH="456"
                    HEIGHT="7"></String>
          </TextLine>
          <TextLine ID="eSc_line_30d744a8"
                    BASELINE="71 344 527 346" 
                    HPOS="71"
                    VPOS="344"
                    WIDTH="456"
                    HEIGHT="2">
	    <String CONTENT=""
                    HPOS="71"
                    VPOS="344"
                    WIDTH="456"
                    HEIGHT="2"></String>
          </TextLine>
          <TextLine ID="eSc_line_ba42ed84"
                    BASELINE="70 375 525 378" 
                    HPOS="70"
                    VPOS="375"
                    WIDTH="455"
                    HEIGHT="3">
	    <String CONTENT=""
                    HPOS="70"
                    VPOS="375"
                    WIDTH="455"
                    HEIGHT="3"></String>
          </TextLine>
          <TextLine ID="eSc_line_3bdc66b9"
                    BASELINE="71 407 531 409" 
                    HPOS="71"
                    VPOS="407"
                    WIDTH="460"
                    HEIGHT="2">
	    <String CONTENT=""
                    HPOS="71"
                    VPOS="407"
                    WIDTH="460"
                    HEIGHT="2"></String>
          </TextLine>
          <TextLine ID="eSc_line_fe1c9c8b"
                    BASELINE="70 436 532 440" 
                    HPOS="70"
                    VPOS="436"
                    WIDTH="462"
                    HEIGHT="4">
	    <String CONTENT=""
                    HPOS="70"
                    VPOS="436"
                    WIDTH="462"
                    HEIGHT="4"></String>
          </TextLine>
          <TextLine ID="eSc_line_6347af1b"
                    BASELINE="68 468 529 474" 
                    HPOS="68"
                    VPOS="468"
                    WIDTH="461"
                    HEIGHT="6">
	    <String CONTENT=""
                    HPOS="68"
                    VPOS="468"
                    WIDTH="461"
                    HEIGHT="6"></String>
          </TextLine>
          <TextLine ID="eSc_line_070a399d"
                    BASELINE="70 500 530 503" 
                    HPOS="70"
                    VPOS="500"
                    WIDTH="460"
                    HEIGHT="3">
	    <String CONTENT=""
                    HPOS="70"
                    VPOS="500"
                    WIDTH="460"
                    HEIGHT="3"></String>
          </TextLine>
          <TextLine ID="eSc_line_192432a5"
                    BASELINE="70 529 529 535" 
                    HPOS="70"
                    VPOS="529"
                    WIDTH="459"
                    HEIGHT="6">
	    <String CONTENT=""
                    HPOS="70"
                    VPOS="529"
                    WIDTH="459"
                    HEIGHT="6"></String>
          </TextLine>
          <TextLine ID="eSc_line_befceed2"
                    BASELINE="72 560 528 565" 
                    HPOS="72"
                    VPOS="560"
                    WIDTH="456"
                    HEIGHT="5">
	    <String CONTENT=""
                    HPOS="72"
                    VPOS="560"
                    WIDTH="456"
                    HEIGHT="5"></String>
          </TextLine>
        </TextBlock>
        <TextBlock HPOS="182"
                   VPOS="89"
                   WIDTH="221"
                   HEIGHT="32"
                   ID="region_1718620836723_78"
                   TAGREFS="BT3756">
          <Shape><Polygon POINTS="182 121 403 121 403 89 182 89"/></Shape>
          <TextLine ID="eSc_line_06acf7b7"
                    BASELINE="192 115 399 117" 
                    HPOS="192"
                    VPOS="115"
                    WIDTH="207"
                    HEIGHT="2">
	    <String CONTENT=""
                    HPOS="192"
                    VPOS="115"
                    WIDTH="207"
                    HEIGHT="2"></String>
          </TextLine>
        </TextBlock>
        <TextBlock HPOS="453"
                   VPOS="84"
                   WIDTH="84"
                   HEIGHT="35"
                   ID="region_1718620825066_75"
                   TAGREFS="BT3756">
          <Shape><Polygon POINTS="453 119 537 119 537 84 453 84"/></Shape>
          <TextLine ID="eSc_line_120ff367"
                    BASELINE="456 116 528 117" 
                    HPOS="456"
                    VPOS="116"
                    WIDTH="72"
                    HEIGHT="1">
	    <String CONTENT=""
                    HPOS="456"
                    VPOS="116"
                    WIDTH="72"
                    HEIGHT="1"></String>
          </TextLine>
        </TextBlock>
        <TextBlock HPOS="108"
                   VPOS="606"
                   WIDTH="423"
                   HEIGHT="81"
                   ID="region_1718620865627_90"
                   TAGREFS="BT3758">
          <Shape><Polygon POINTS="112 687 529 684 531 610 108 606"/></Shape>
          <TextLine ID="eSc_line_af1bd47c"
                    BASELINE="112 626 529 632" 
                    HPOS="112"
                    VPOS="626"
                    WIDTH="417"
                    HEIGHT="6">
	    <String CONTENT=""
                    HPOS="112"
                    VPOS="626"
                    WIDTH="417"
                    HEIGHT="6"></String>
          </TextLine>
          <TextLine ID="eSc_line_1ebc9f8d"
                    BASELINE="114 654 526 657" 
                    HPOS="114"
                    VPOS="654"
                    WIDTH="412"
                    HEIGHT="3">
	    <String CONTENT=""
                    HPOS="114"
                    VPOS="654"
                    WIDTH="412"
                    HEIGHT="3"></String>
          </TextLine>
          <TextLine ID="eSc_line_9151058c"
                    BASELINE="192 681 251 684" 
                    HPOS="192"
                    VPOS="681"
                    WIDTH="59"
                    HEIGHT="3">
	    <String CONTENT=""
                    HPOS="192"
                    VPOS="681"
                    WIDTH="59"
                    HEIGHT="3"></String>
          </TextLine>
        </TextBlock>
        <TextBlock HPOS="93"
                   VPOS="691"
                   WIDTH="438"
                   HEIGHT="241"
                   ID="region_1718620868802_93"
                   TAGREFS="BT3758">
          <Shape><Polygon POINTS="93 926 116 925 181 931 266 932 324 932 524 928 531 691 94 691"/></Shape>
          <TextLine ID="eSc_line_5082616e"
                    BASELINE="108 714 527 718" 
                    HPOS="108"
                    VPOS="714"
                    WIDTH="419"
                    HEIGHT="4">
	    <String CONTENT=""
                    HPOS="108"
                    VPOS="714"
                    WIDTH="419"
                    HEIGHT="4"></String>
          </TextLine>
          <TextLine ID="eSc_line_3a215702"
                    BASELINE="97 740 525 745" 
                    HPOS="97"
                    VPOS="740"
                    WIDTH="428"
                    HEIGHT="5">
	    <String CONTENT=""
                    HPOS="97"
                    VPOS="740"
                    WIDTH="428"
                    HEIGHT="5"></String>
          </TextLine>
          <TextLine ID="eSc_line_dda50fed"
                    BASELINE="98 767 521 771" 
                    HPOS="98"
                    VPOS="767"
                    WIDTH="423"
                    HEIGHT="4">
	    <String CONTENT=""
                    HPOS="98"
                    VPOS="767"
                    WIDTH="423"
                    HEIGHT="4"></String>
          </TextLine>
          <TextLine ID="eSc_line_ecf407bb"
                    BASELINE="97 795 523 799" 
                    HPOS="97"
                    VPOS="795"
                    WIDTH="426"
                    HEIGHT="4">
	    <String CONTENT=""
                    HPOS="97"
                    VPOS="795"
                    WIDTH="426"
                    HEIGHT="4"></String>
          </TextLine>
          <TextLine ID="eSc_line_68d98523"
                    BASELINE="96 818 522 827" 
                    HPOS="96"
                    VPOS="818"
                    WIDTH="426"
                    HEIGHT="9">
	    <String CONTENT=""
                    HPOS="96"
                    VPOS="818"
                    WIDTH="426"
                    HEIGHT="9"></String>
          </TextLine>
          <TextLine ID="eSc_line_5be07780"
                    BASELINE="98 846 521 855" 
                    HPOS="98"
                    VPOS="846"
                    WIDTH="423"
                    HEIGHT="9">
	    <String CONTENT=""
                    HPOS="98"
                    VPOS="846"
                    WIDTH="423"
                    HEIGHT="9"></String>
          </TextLine>
          <TextLine ID="eSc_line_65b63e0b"
                    BASELINE="98 872 523 881" 
                    HPOS="98"
                    VPOS="872"
                    WIDTH="425"
                    HEIGHT="9">
	    <String CONTENT=""
                    HPOS="98"
                    VPOS="872"
                    WIDTH="425"
                    HEIGHT="9"></String>
          </TextLine>
          <TextLine ID="eSc_line_442bb382"
                    BASELINE="97 897 522 907" 
                    HPOS="97"
                    VPOS="897"
                    WIDTH="425"
                    HEIGHT="10">
	    <String CONTENT=""
                    HPOS="97"
                    VPOS="897"
                    WIDTH="425"
                    HEIGHT="10"></String>
          </TextLine>
          <TextLine ID="eSc_line_baa832bb"
                    BASELINE="99 923 326 931" 
                    HPOS="99"
                    VPOS="923"
                    WIDTH="227"
                    HEIGHT="8">
	    <String CONTENT=""
                    HPOS="99"
                    VPOS="923"
                    WIDTH="227"
                    HEIGHT="8"></String>
          </TextLine>
        </TextBlock>
        <TextBlock HPOS="480"
                   VPOS="575"
                   WIDTH="48"
                   HEIGHT="22"
                   ID="region_1718620848539_84"
                   TAGREFS="BT4126">
          <Shape><Polygon POINTS="528 597 483 597 480 581 507 577 524 575 528 581"/></Shape>
          <TextLine ID="eSc_line_2c876fdf"
                    BASELINE="486 594 524 594" 
                    HPOS="486"
                    VPOS="594"
                    WIDTH="38"
                    HEIGHT="0">
	    <String CONTENT=""
                    HPOS="486"
                    VPOS="594"
                    WIDTH="38"
                    HEIGHT="0"></String>
          </TextLine>
        </TextBlock>
        <TextBlock HPOS="96"
                   VPOS="929"
                   WIDTH="263"
                   HEIGHT="36"
                   ID="region_1718620872387_96"
                   TAGREFS="BT3756">
          <Shape><Polygon POINTS="102 962 359 965 356 939 269 940 261 938 175 935 113 929 96 932"/></Shape>
          <TextLine ID="eSc_line_2637cc7b"
                    BASELINE="105 957 354 960" 
                    HPOS="105"
                    VPOS="957"
                    WIDTH="249"
                    HEIGHT="3">
	    <String CONTENT=""
                    HPOS="105"
                    VPOS="957"
                    WIDTH="249"
                    HEIGHT="3"></String>
          </TextLine>
        </TextBlock>
      </PrintSpace>
    </Page>
  </Layout>
</alto>
