<?xml version="1.0" encoding="UTF-8"?>
<alto xmlns:xsi="http://www.w3.org/2001/XMLSchema-instance"
      xmlns="http://www.loc.gov/standards/alto/ns-v4#"
      xsi:schemaLocation="http://www.loc.gov/standards/alto/ns-v4# http://www.loc.gov/standards/alto/v4/alto-4-2.xsd">
  <Description>
    <MeasurementUnit>pixel</MeasurementUnit>
    <sourceImageInformation>
      <fileName>1775-Saemmtliche_Poetische_Werke_Schmieder_Bd_1_VD18_90914260_NEU-040.png</fileName>
      <fileIdentifier>mets//SchmiederZeilenUnb.zip/1775-Saemmtliche_Poetische_Werke_Schmieder_Bd_1_VD18_90914260_NEU-040.png</fileIdentifier>
    </sourceImageInformation>
  </Description>
  <Tags>
    <OtherTag ID="BT1" LABEL="Title" DESCRIPTION="block type Title"/><OtherTag ID="BT2" LABEL="Main" DESCRIPTION="block type Main"/><OtherTag ID="BT3" LABEL="Commentary" DESCRIPTION="block type Commentary"/><OtherTag ID="BT4" LABEL="Illustration" DESCRIPTION="block type Illustration"/><OtherTag ID="BT3755" LABEL="header" DESCRIPTION="block type header"/><OtherTag ID="BT3756" LABEL="paragraph" DESCRIPTION="block type paragraph"/><OtherTag ID="BT3757" LABEL="heading" DESCRIPTION="block type heading"/><OtherTag ID="BT3758" LABEL="footnote" DESCRIPTION="block type footnote"/><OtherTag ID="BT3759" LABEL="l-column" DESCRIPTION="block type l-column"/><OtherTag ID="BT3760" LABEL="r-column" DESCRIPTION="block type r-column"/><OtherTag ID="BT3761" LABEL="marginalia" DESCRIPTION="block type marginalia"/><OtherTag ID="BT4125" LABEL="drop-capital" DESCRIPTION="block type drop-capital"/><OtherTag ID="BT4126" LABEL="catch-word" DESCRIPTION="block type catch-word"/><OtherTag ID="BT4127" LABEL="page-number" DESCRIPTION="block type page-number"/><OtherTag ID="BT4128" LABEL="signature-mark" DESCRIPTION="block type signature-mark"/><OtherTag ID="BT4129" LABEL="poem_lg" DESCRIPTION="block type poem_lg"/><OtherTag ID="BT4130" LABEL="endnote" DESCRIPTION="block type endnote"/>
  </Tags>
  <Layout>
    <Page WIDTH="658"
          HEIGHT="1096"
          PHYSICAL_IMG_NR="76"
          ID="eSc_dummypage_">
      <PrintSpace HPOS="0"
                  VPOS="0"
                  WIDTH="658"
                  HEIGHT="1096">
        <TextBlock HPOS="119"
                   VPOS="93"
                   WIDTH="114"
                   HEIGHT="32"
                   ID="region_1719227230892_51"
                   TAGREFS="BT3756">
          <Shape><Polygon POINTS="233 125 119 125 119 93 233 93"/></Shape>
          <TextLine ID="eSc_line_881d01af"
                    BASELINE="120 122 226 118" 
                    HPOS="120"
                    VPOS="118"
                    WIDTH="106"
                    HEIGHT="4">
	    <String CONTENT=""
                    HPOS="120"
                    VPOS="118"
                    WIDTH="106"
                    HEIGHT="4"></String>
          </TextLine>
        </TextBlock>
        <TextBlock HPOS="115"
                   VPOS="134"
                   WIDTH="471"
                   HEIGHT="504"
                   ID="region_1719227246244_57"
                   TAGREFS="BT3756">
          <Shape><Polygon POINTS="115 638 584 620 586 134 115 134"/></Shape>
          <TextLine ID="eSc_line_7ba3db65"
                    BASELINE="120 170 576 160" 
                    HPOS="120"
                    VPOS="160"
                    WIDTH="456"
                    HEIGHT="10">
	    <String CONTENT=""
                    HPOS="120"
                    VPOS="160"
                    WIDTH="456"
                    HEIGHT="10"></String>
          </TextLine>
          <TextLine ID="eSc_line_c1a4bf29"
                    BASELINE="120 201 575 189" 
                    HPOS="120"
                    VPOS="189"
                    WIDTH="455"
                    HEIGHT="12">
	    <String CONTENT=""
                    HPOS="120"
                    VPOS="189"
                    WIDTH="455"
                    HEIGHT="12"></String>
          </TextLine>
          <TextLine ID="eSc_line_e52330d6"
                    BASELINE="119 230 577 221" 
                    HPOS="119"
                    VPOS="221"
                    WIDTH="458"
                    HEIGHT="9">
	    <String CONTENT=""
                    HPOS="119"
                    VPOS="221"
                    WIDTH="458"
                    HEIGHT="9"></String>
          </TextLine>
          <TextLine ID="eSc_line_00ddea3f"
                    BASELINE="122 262 575 251" 
                    HPOS="122"
                    VPOS="251"
                    WIDTH="453"
                    HEIGHT="11">
	    <String CONTENT=""
                    HPOS="122"
                    VPOS="251"
                    WIDTH="453"
                    HEIGHT="11"></String>
          </TextLine>
          <TextLine ID="eSc_line_d486aecd"
                    BASELINE="123 293 581 285" 
                    HPOS="123"
                    VPOS="285"
                    WIDTH="458"
                    HEIGHT="8">
	    <String CONTENT=""
                    HPOS="123"
                    VPOS="285"
                    WIDTH="458"
                    HEIGHT="8"></String>
          </TextLine>
          <TextLine ID="eSc_line_89678760"
                    BASELINE="120 322 576 312" 
                    HPOS="120"
                    VPOS="312"
                    WIDTH="456"
                    HEIGHT="10">
	    <String CONTENT=""
                    HPOS="120"
                    VPOS="312"
                    WIDTH="456"
                    HEIGHT="10"></String>
          </TextLine>
          <TextLine ID="eSc_line_8390f71a"
                    BASELINE="121 354 581 346" 
                    HPOS="121"
                    VPOS="346"
                    WIDTH="460"
                    HEIGHT="8">
	    <String CONTENT=""
                    HPOS="121"
                    VPOS="346"
                    WIDTH="460"
                    HEIGHT="8"></String>
          </TextLine>
          <TextLine ID="eSc_line_df2f2638"
                    BASELINE="122 386 577 377" 
                    HPOS="122"
                    VPOS="377"
                    WIDTH="455"
                    HEIGHT="9">
	    <String CONTENT=""
                    HPOS="122"
                    VPOS="377"
                    WIDTH="455"
                    HEIGHT="9"></String>
          </TextLine>
          <TextLine ID="eSc_line_c95455a9"
                    BASELINE="118 417 578 408" 
                    HPOS="118"
                    VPOS="408"
                    WIDTH="460"
                    HEIGHT="9">
	    <String CONTENT=""
                    HPOS="118"
                    VPOS="408"
                    WIDTH="460"
                    HEIGHT="9"></String>
          </TextLine>
          <TextLine ID="eSc_line_d3d7c211"
                    BASELINE="124 450 578 439" 
                    HPOS="124"
                    VPOS="439"
                    WIDTH="454"
                    HEIGHT="11">
	    <String CONTENT=""
                    HPOS="124"
                    VPOS="439"
                    WIDTH="454"
                    HEIGHT="11"></String>
          </TextLine>
          <TextLine ID="eSc_line_43e12fb6"
                    BASELINE="125 480 580 469" 
                    HPOS="125"
                    VPOS="469"
                    WIDTH="455"
                    HEIGHT="11">
	    <String CONTENT=""
                    HPOS="125"
                    VPOS="469"
                    WIDTH="455"
                    HEIGHT="11"></String>
          </TextLine>
          <TextLine ID="eSc_line_25a9934c"
                    BASELINE="123 509 578 501" 
                    HPOS="123"
                    VPOS="501"
                    WIDTH="455"
                    HEIGHT="8">
	    <String CONTENT=""
                    HPOS="123"
                    VPOS="501"
                    WIDTH="455"
                    HEIGHT="8"></String>
          </TextLine>
          <TextLine ID="eSc_line_e7f4181d"
                    BASELINE="122 540 580 530" 
                    HPOS="122"
                    VPOS="530"
                    WIDTH="458"
                    HEIGHT="10">
	    <String CONTENT=""
                    HPOS="122"
                    VPOS="530"
                    WIDTH="458"
                    HEIGHT="10"></String>
          </TextLine>
          <TextLine ID="eSc_line_4cd8ebdb"
                    BASELINE="127 571 580 565" 
                    HPOS="127"
                    VPOS="565"
                    WIDTH="453"
                    HEIGHT="6">
	    <String CONTENT=""
                    HPOS="127"
                    VPOS="565"
                    WIDTH="453"
                    HEIGHT="6"></String>
          </TextLine>
          <TextLine ID="eSc_line_1a540229"
                    BASELINE="126 598 581 587" 
                    HPOS="126"
                    VPOS="587"
                    WIDTH="455"
                    HEIGHT="11">
	    <String CONTENT=""
                    HPOS="126"
                    VPOS="587"
                    WIDTH="455"
                    HEIGHT="11"></String>
          </TextLine>
          <TextLine ID="eSc_line_bceb108c"
                    BASELINE="126 631 496 617" 
                    HPOS="126"
                    VPOS="617"
                    WIDTH="370"
                    HEIGHT="14">
	    <String CONTENT=""
                    HPOS="126"
                    VPOS="617"
                    WIDTH="370"
                    HEIGHT="14"></String>
          </TextLine>
        </TextBlock>
        <TextBlock HPOS="284"
                   VPOS="87"
                   WIDTH="130"
                   HEIGHT="36"
                   ID="region_1719227235331_54"
                   TAGREFS="BT3756">
          <Shape><Polygon POINTS="414 123 284 123 284 87 414 87"/></Shape>
          <TextLine ID="eSc_line_1bcd127e"
                    BASELINE="289 118 408 117" 
                    HPOS="289"
                    VPOS="117"
                    WIDTH="119"
                    HEIGHT="1">
	    <String CONTENT=""
                    HPOS="289"
                    VPOS="117"
                    WIDTH="119"
                    HEIGHT="1"></String>
          </TextLine>
        </TextBlock>
        <TextBlock HPOS="185"
                   VPOS="633"
                   WIDTH="314"
                   HEIGHT="115"
                   ID="region_1719227253428_60"
                   TAGREFS="BT3756">
          <Shape><Polygon POINTS="185 748 499 741 489 633 189 643"/></Shape>
          <TextLine ID="eSc_line_0eb9c975"
                    BASELINE="192 663 473 655" 
                    HPOS="192"
                    VPOS="655"
                    WIDTH="281"
                    HEIGHT="8">
	    <String CONTENT=""
                    HPOS="192"
                    VPOS="655"
                    WIDTH="281"
                    HEIGHT="8"></String>
          </TextLine>
          <TextLine ID="eSc_line_1d44fca0"
                    BASELINE="190 693 467 682" 
                    HPOS="190"
                    VPOS="682"
                    WIDTH="277"
                    HEIGHT="11">
	    <String CONTENT=""
                    HPOS="190"
                    VPOS="682"
                    WIDTH="277"
                    HEIGHT="11"></String>
          </TextLine>
          <TextLine ID="eSc_line_4c597787"
                    BASELINE="192 718 483 707" 
                    HPOS="192"
                    VPOS="707"
                    WIDTH="291"
                    HEIGHT="11">
	    <String CONTENT=""
                    HPOS="192"
                    VPOS="707"
                    WIDTH="291"
                    HEIGHT="11"></String>
          </TextLine>
          <TextLine ID="eSc_line_91885900"
                    BASELINE="190 743 485 737" 
                    HPOS="190"
                    VPOS="737"
                    WIDTH="295"
                    HEIGHT="6">
	    <String CONTENT=""
                    HPOS="190"
                    VPOS="737"
                    WIDTH="295"
                    HEIGHT="6"></String>
          </TextLine>
        </TextBlock>
        <TextBlock HPOS="125"
                   VPOS="748"
                   WIDTH="490"
                   HEIGHT="162"
                   ID="region_1719227257060_63"
                   TAGREFS="BT3756">
          <Shape><Polygon POINTS="129 861 400 865 430 910 611 908 615 748 125 757"/></Shape>
          <TextLine ID="eSc_line_08be0bda"
                    BASELINE="170 778 584 772" 
                    HPOS="170"
                    VPOS="772"
                    WIDTH="414"
                    HEIGHT="6">
	    <String CONTENT=""
                    HPOS="170"
                    VPOS="772"
                    WIDTH="414"
                    HEIGHT="6"></String>
          </TextLine>
          <TextLine ID="eSc_line_33788572"
                    BASELINE="131 808 244 804" 
                    HPOS="131"
                    VPOS="804"
                    WIDTH="113"
                    HEIGHT="4">
	    <String CONTENT=""
                    HPOS="131"
                    VPOS="804"
                    WIDTH="113"
                    HEIGHT="4"></String>
          </TextLine>
          <TextLine ID="eSc_line_3f0e621f"
                    BASELINE="184 851 448 845" 
                    HPOS="184"
                    VPOS="845"
                    WIDTH="264"
                    HEIGHT="6">
	    <String CONTENT=""
                    HPOS="184"
                    VPOS="845"
                    WIDTH="264"
                    HEIGHT="6"></String>
          </TextLine>
          <TextLine ID="eSc_line_39f07cab"
                    BASELINE="419 874 590 872" 
                    HPOS="419"
                    VPOS="872"
                    WIDTH="171"
                    HEIGHT="2">
	    <String CONTENT=""
                    HPOS="419"
                    VPOS="872"
                    WIDTH="171"
                    HEIGHT="2"></String>
          </TextLine>
          <TextLine ID="eSc_line_7a6f05c0"
                    BASELINE="436 903 550 905" 
                    HPOS="436"
                    VPOS="903"
                    WIDTH="114"
                    HEIGHT="2">
	    <String CONTENT=""
                    HPOS="436"
                    VPOS="903"
                    WIDTH="114"
                    HEIGHT="2"></String>
          </TextLine>
        </TextBlock>
        <TextBlock HPOS="150"
                   VPOS="915"
                   WIDTH="442"
                   HEIGHT="65"
                   ID="region_1719227265644_66"
                   TAGREFS="BT3758">
          <Shape><Polygon POINTS="156 980 589 970 592 915 150 923"/></Shape>
          <TextLine ID="eSc_line_f74cf58d"
                    BASELINE="176 945 581 936" 
                    HPOS="176"
                    VPOS="936"
                    WIDTH="405"
                    HEIGHT="9">
	    <String CONTENT=""
                    HPOS="176"
                    VPOS="936"
                    WIDTH="405"
                    HEIGHT="9"></String>
          </TextLine>
          <TextLine ID="eSc_line_0cf3a7d1"
                    BASELINE="156 973 454 966" 
                    HPOS="156"
                    VPOS="966"
                    WIDTH="298"
                    HEIGHT="7">
	    <String CONTENT=""
                    HPOS="156"
                    VPOS="966"
                    WIDTH="298"
                    HEIGHT="7"></String>
          </TextLine>
        </TextBlock>
      </PrintSpace>
    </Page>
  </Layout>
</alto>
