<?xml version="1.0" encoding="UTF-8"?>
<alto xmlns:xsi="http://www.w3.org/2001/XMLSchema-instance"
      xmlns="http://www.loc.gov/standards/alto/ns-v4#"
      xsi:schemaLocation="http://www.loc.gov/standards/alto/ns-v4# http://www.loc.gov/standards/alto/v4/alto-4-2.xsd">
  <Description>
    <MeasurementUnit>pixel</MeasurementUnit>
    <sourceImageInformation>
      <fileName>1775-Saemmtliche_Poetische_Werke_Schmieder_Bd_2_VD18_90914287_NEU-302.png</fileName>
      <fileIdentifier>mets//SchmiederZeilenUnb.zip/1775-Saemmtliche_Poetische_Werke_Schmieder_Bd_2_VD18_90914287_NEU-302.png</fileIdentifier>
    </sourceImageInformation>
  </Description>
  <Tags>
    <OtherTag ID="BT1" LABEL="Title" DESCRIPTION="block type Title"/><OtherTag ID="BT2" LABEL="Main" DESCRIPTION="block type Main"/><OtherTag ID="BT3" LABEL="Commentary" DESCRIPTION="block type Commentary"/><OtherTag ID="BT4" LABEL="Illustration" DESCRIPTION="block type Illustration"/><OtherTag ID="BT3755" LABEL="header" DESCRIPTION="block type header"/><OtherTag ID="BT3756" LABEL="paragraph" DESCRIPTION="block type paragraph"/><OtherTag ID="BT3757" LABEL="heading" DESCRIPTION="block type heading"/><OtherTag ID="BT3758" LABEL="footnote" DESCRIPTION="block type footnote"/><OtherTag ID="BT3759" LABEL="l-column" DESCRIPTION="block type l-column"/><OtherTag ID="BT3760" LABEL="r-column" DESCRIPTION="block type r-column"/><OtherTag ID="BT3761" LABEL="marginalia" DESCRIPTION="block type marginalia"/><OtherTag ID="BT4125" LABEL="drop-capital" DESCRIPTION="block type drop-capital"/><OtherTag ID="BT4126" LABEL="catch-word" DESCRIPTION="block type catch-word"/><OtherTag ID="BT4127" LABEL="page-number" DESCRIPTION="block type page-number"/><OtherTag ID="BT4128" LABEL="signature-mark" DESCRIPTION="block type signature-mark"/><OtherTag ID="BT4129" LABEL="poem_lg" DESCRIPTION="block type poem_lg"/><OtherTag ID="BT4130" LABEL="endnote" DESCRIPTION="block type endnote"/>
  </Tags>
  <Layout>
    <Page WIDTH="657"
          HEIGHT="1097"
          PHYSICAL_IMG_NR="93"
          ID="eSc_dummypage_">
      <PrintSpace HPOS="0"
                  VPOS="0"
                  WIDTH="657"
                  HEIGHT="1097">
        <TextBlock HPOS="56"
                   VPOS="136"
                   WIDTH="464"
                   HEIGHT="121"
                   ID="region_1720033385352_12"
                   TAGREFS="BT3756">
          <Shape><Polygon POINTS="59 250 56 136 520 145 513 257 339 254 317 253 311 250 243 251 201 255"/></Shape>
          <TextLine ID="eSc_line_7c7b60ac"
                    BASELINE="66 169 504 168" 
                    HPOS="66"
                    VPOS="168"
                    WIDTH="438"
                    HEIGHT="1">
	    <String CONTENT=""
                    HPOS="66"
                    VPOS="168"
                    WIDTH="438"
                    HEIGHT="1"></String>
          </TextLine>
          <TextLine ID="eSc_line_5864588e"
                    BASELINE="63 190 475 194" 
                    HPOS="63"
                    VPOS="190"
                    WIDTH="412"
                    HEIGHT="4">
	    <String CONTENT=""
                    HPOS="63"
                    VPOS="190"
                    WIDTH="412"
                    HEIGHT="4"></String>
          </TextLine>
          <TextLine ID="eSc_line_69f736b7"
                    BASELINE="65 218 402 219" 
                    HPOS="65"
                    VPOS="218"
                    WIDTH="337"
                    HEIGHT="1">
	    <String CONTENT=""
                    HPOS="65"
                    VPOS="218"
                    WIDTH="337"
                    HEIGHT="1"></String>
          </TextLine>
          <TextLine ID="eSc_line_fab932b6"
                    BASELINE="66 248 438 248" 
                    HPOS="66"
                    VPOS="248"
                    WIDTH="372"
                    HEIGHT="0">
	    <String CONTENT=""
                    HPOS="66"
                    VPOS="248"
                    WIDTH="372"
                    HEIGHT="0"></String>
          </TextLine>
        </TextBlock>
        <TextBlock HPOS="197"
                   VPOS="98"
                   WIDTH="171"
                   HEIGHT="37"
                   ID="region_1720033364692_6"
                   TAGREFS="BT3756">
          <Shape><Polygon POINTS="197 135 197 102 367 98 368 130"/></Shape>
          <TextLine ID="eSc_line_53c14693"
                    BASELINE="204 127 361 123" 
                    HPOS="204"
                    VPOS="123"
                    WIDTH="157"
                    HEIGHT="4">
	    <String CONTENT=""
                    HPOS="204"
                    VPOS="123"
                    WIDTH="157"
                    HEIGHT="4"></String>
          </TextLine>
        </TextBlock>
        <TextBlock HPOS="60"
                   VPOS="272"
                   WIDTH="174"
                   HEIGHT="35"
                   ID="region_1720033398744_18"
                   TAGREFS="BT3756">
          <Shape><Polygon POINTS="234 301 231 277 61 272 60 307"/></Shape>
          <TextLine ID="eSc_line_0201d163"
                    BASELINE="63 296 229 296" 
                    HPOS="63"
                    VPOS="296"
                    WIDTH="166"
                    HEIGHT="0">
	    <String CONTENT=""
                    HPOS="63"
                    VPOS="296"
                    WIDTH="166"
                    HEIGHT="0"></String>
          </TextLine>
        </TextBlock>
        <TextBlock HPOS="57"
                   VPOS="317"
                   WIDTH="457"
                   HEIGHT="56"
                   ID="region_1720033413916_24"
                   TAGREFS="BT3756">
          <Shape><Polygon POINTS="514 373 508 317 312 319 302 337 60 343 57 370"/></Shape>
          <TextLine ID="eSc_line_93a6d75e"
                    BASELINE="317 342 502 343" 
                    HPOS="317"
                    VPOS="342"
                    WIDTH="185"
                    HEIGHT="1">
	    <String CONTENT=""
                    HPOS="317"
                    VPOS="342"
                    WIDTH="185"
                    HEIGHT="1"></String>
          </TextLine>
          <TextLine ID="eSc_line_b26192d8"
                    BASELINE="61 363 464 368" 
                    HPOS="61"
                    VPOS="363"
                    WIDTH="403"
                    HEIGHT="5">
	    <String CONTENT=""
                    HPOS="61"
                    VPOS="363"
                    WIDTH="403"
                    HEIGHT="5"></String>
          </TextLine>
        </TextBlock>
        <TextBlock HPOS="242"
                   VPOS="255"
                   WIDTH="81"
                   HEIGHT="27"
                   ID="region_1720033393654_15"
                   TAGREFS="BT3757">
          <Shape><Polygon POINTS="242 280 246 255 313 255 323 282"/></Shape>
          <TextLine ID="eSc_line_f4fffef4"
                    BASELINE="248 276 315 277" 
                    HPOS="248"
                    VPOS="276"
                    WIDTH="67"
                    HEIGHT="1">
	    <String CONTENT=""
                    HPOS="248"
                    VPOS="276"
                    WIDTH="67"
                    HEIGHT="1"></String>
          </TextLine>
        </TextBlock>
        <TextBlock HPOS="233"
                   VPOS="294"
                   WIDTH="82"
                   HEIGHT="29"
                   ID="region_1720033403955_21"
                   TAGREFS="BT3757">
          <Shape><Polygon POINTS="305 321 293 323 267 322 233 320 238 294 313 295 315 316"/></Shape>
          <TextLine ID="eSc_line_e0ecc99e"
                    BASELINE="241 318 317 317" 
                    HPOS="241"
                    VPOS="317"
                    WIDTH="76"
                    HEIGHT="1">
	    <String CONTENT=""
                    HPOS="241"
                    VPOS="317"
                    WIDTH="76"
                    HEIGHT="1"></String>
          </TextLine>
        </TextBlock>
        <TextBlock HPOS="54"
                   VPOS="395"
                   WIDTH="419"
                   HEIGHT="168"
                   ID="region_1720033431414_30"
                   TAGREFS="BT3756">
          <Shape><Polygon POINTS="468 563 473 403 373 398 319 401 268 401 239 401 54 395 64 559"/></Shape>
          <TextLine ID="eSc_line_caadd6ff"
                    BASELINE="67 419 462 421" 
                    HPOS="67"
                    VPOS="419"
                    WIDTH="395"
                    HEIGHT="2">
	    <String CONTENT=""
                    HPOS="67"
                    VPOS="419"
                    WIDTH="395"
                    HEIGHT="2"></String>
          </TextLine>
          <TextLine ID="eSc_line_d2a7af0b"
                    BASELINE="63 450 423 444" 
                    HPOS="63"
                    VPOS="444"
                    WIDTH="360"
                    HEIGHT="6">
	    <String CONTENT=""
                    HPOS="63"
                    VPOS="444"
                    WIDTH="360"
                    HEIGHT="6"></String>
          </TextLine>
          <TextLine ID="eSc_line_85bf7a9d"
                    BASELINE="67 473 442 476" 
                    HPOS="67"
                    VPOS="473"
                    WIDTH="375"
                    HEIGHT="3">
	    <String CONTENT=""
                    HPOS="67"
                    VPOS="473"
                    WIDTH="375"
                    HEIGHT="3"></String>
          </TextLine>
          <TextLine ID="eSc_line_c480d1f8"
                    BASELINE="65 501 453 502" 
                    HPOS="65"
                    VPOS="501"
                    WIDTH="388"
                    HEIGHT="1">
	    <String CONTENT=""
                    HPOS="65"
                    VPOS="501"
                    WIDTH="388"
                    HEIGHT="1"></String>
          </TextLine>
          <TextLine ID="eSc_line_5dc6175a"
                    BASELINE="64 525 423 526" 
                    HPOS="64"
                    VPOS="525"
                    WIDTH="359"
                    HEIGHT="1">
	    <String CONTENT=""
                    HPOS="64"
                    VPOS="525"
                    WIDTH="359"
                    HEIGHT="1"></String>
          </TextLine>
          <TextLine ID="eSc_line_1b71f0d0"
                    BASELINE="69 553 458 557" 
                    HPOS="69"
                    VPOS="553"
                    WIDTH="389"
                    HEIGHT="4">
	    <String CONTENT=""
                    HPOS="69"
                    VPOS="553"
                    WIDTH="389"
                    HEIGHT="4"></String>
          </TextLine>
        </TextBlock>
        <TextBlock HPOS="238"
                   VPOS="374"
                   WIDTH="90"
                   HEIGHT="24"
                   ID="region_1720033423486_27"
                   TAGREFS="BT3757">
          <Shape><Polygon POINTS="242 398 238 374 325 374 328 398"/></Shape>
          <TextLine ID="eSc_line_7bef0684"
                    BASELINE="246 397 321 397" 
                    HPOS="246"
                    VPOS="397"
                    WIDTH="75"
                    HEIGHT="0">
	    <String CONTENT=""
                    HPOS="246"
                    VPOS="397"
                    WIDTH="75"
                    HEIGHT="0"></String>
          </TextLine>
        </TextBlock>
        <TextBlock HPOS="455"
                   VPOS="106"
                   WIDTH="51"
                   HEIGHT="30"
                   ID="region_1720033370919_9"
                   TAGREFS="BT3756">
          <Shape><Polygon POINTS="455 130 456 110 504 106 506 136"/></Shape>
          <TextLine ID="eSc_line_4d7311dc"
                    BASELINE="458 126 498 126" 
                    HPOS="458"
                    VPOS="126"
                    WIDTH="40"
                    HEIGHT="0">
	    <String CONTENT=""
                    HPOS="458"
                    VPOS="126"
                    WIDTH="40"
                    HEIGHT="0"></String>
          </TextLine>
        </TextBlock>
        <TextBlock HPOS="190"
                   VPOS="591"
                   WIDTH="213"
                   HEIGHT="33"
                   ID="region_1720033449015_36"
                   TAGREFS="BT3756">
          <Shape><Polygon POINTS="190 615 195 591 403 596 399 624"/></Shape>
          <TextLine ID="eSc_line_6c02a6fd"
                    BASELINE="194 612 391 617" 
                    HPOS="194"
                    VPOS="612"
                    WIDTH="197"
                    HEIGHT="5">
	    <String CONTENT=""
                    HPOS="194"
                    VPOS="612"
                    WIDTH="197"
                    HEIGHT="5"></String>
          </TextLine>
        </TextBlock>
        <TextBlock HPOS="69"
                   VPOS="629"
                   WIDTH="458"
                   HEIGHT="339"
                   ID="region_1720033493221_42"
                   TAGREFS="BT3756">
          <Shape><Polygon POINTS="105 653 107 642 129 636 469 629 484 739 527 756 525 829 486 958 415 968 71 960 69 656 94 662"/></Shape>
          <TextLine ID="eSc_line_c1b8cc19"
                    BASELINE="72 686 437 686" 
                    HPOS="72"
                    VPOS="686"
                    WIDTH="365"
                    HEIGHT="0">
	    <String CONTENT=""
                    HPOS="72"
                    VPOS="686"
                    WIDTH="365"
                    HEIGHT="0"></String>
          </TextLine>
          <TextLine ID="eSc_line_e840351a"
                    BASELINE="73 714 402 713" 
                    HPOS="73"
                    VPOS="713"
                    WIDTH="329"
                    HEIGHT="1">
	    <String CONTENT=""
                    HPOS="73"
                    VPOS="713"
                    WIDTH="329"
                    HEIGHT="1"></String>
          </TextLine>
          <TextLine ID="eSc_line_234b87a9"
                    BASELINE="73 739 456 743" 
                    HPOS="73"
                    VPOS="739"
                    WIDTH="383"
                    HEIGHT="4">
	    <String CONTENT=""
                    HPOS="73"
                    VPOS="739"
                    WIDTH="383"
                    HEIGHT="4"></String>
          </TextLine>
          <TextLine ID="eSc_line_2b9893da"
                    BASELINE="72 763 492 771" 
                    HPOS="72"
                    VPOS="763"
                    WIDTH="420"
                    HEIGHT="8">
	    <String CONTENT=""
                    HPOS="72"
                    VPOS="763"
                    WIDTH="420"
                    HEIGHT="8"></String>
          </TextLine>
          <TextLine ID="eSc_line_fdaa4782"
                    BASELINE="76 789 509 799" 
                    HPOS="76"
                    VPOS="789"
                    WIDTH="433"
                    HEIGHT="10">
	    <String CONTENT=""
                    HPOS="76"
                    VPOS="789"
                    WIDTH="433"
                    HEIGHT="10"></String>
          </TextLine>
          <TextLine ID="eSc_line_706361cb"
                    BASELINE="79 819 440 821" 
                    HPOS="79"
                    VPOS="819"
                    WIDTH="361"
                    HEIGHT="2">
	    <String CONTENT=""
                    HPOS="79"
                    VPOS="819"
                    WIDTH="361"
                    HEIGHT="2"></String>
          </TextLine>
          <TextLine ID="eSc_line_bafbf60e"
                    BASELINE="80 848 463 849" 
                    HPOS="80"
                    VPOS="848"
                    WIDTH="383"
                    HEIGHT="1">
	    <String CONTENT=""
                    HPOS="80"
                    VPOS="848"
                    WIDTH="383"
                    HEIGHT="1"></String>
          </TextLine>
          <TextLine ID="eSc_line_57f0c51a"
                    BASELINE="108 876 501 877" 
                    HPOS="108"
                    VPOS="876"
                    WIDTH="393"
                    HEIGHT="1">
	    <String CONTENT=""
                    HPOS="108"
                    VPOS="876"
                    WIDTH="393"
                    HEIGHT="1"></String>
          </TextLine>
          <TextLine ID="eSc_line_3ccc0362"
                    BASELINE="76 899 499 908" 
                    HPOS="76"
                    VPOS="899"
                    WIDTH="423"
                    HEIGHT="9">
	    <String CONTENT=""
                    HPOS="76"
                    VPOS="899"
                    WIDTH="423"
                    HEIGHT="9"></String>
          </TextLine>
          <TextLine ID="eSc_line_56db882f"
                    BASELINE="77 932 429 933" 
                    HPOS="77"
                    VPOS="932"
                    WIDTH="352"
                    HEIGHT="1">
	    <String CONTENT=""
                    HPOS="77"
                    VPOS="932"
                    WIDTH="352"
                    HEIGHT="1"></String>
          </TextLine>
          <TextLine ID="eSc_line_8a4ae606"
                    BASELINE="78 955 466 954" 
                    HPOS="78"
                    VPOS="954"
                    WIDTH="388"
                    HEIGHT="1">
	    <String CONTENT=""
                    HPOS="78"
                    VPOS="954"
                    WIDTH="388"
                    HEIGHT="1"></String>
          </TextLine>
        </TextBlock>
        <TextBlock HPOS="65"
                   VPOS="612"
                   WIDTH="47"
                   HEIGHT="45"
                   ID="region_1720033462766_39"
                   TAGREFS="BT3756">
          <Shape><Polygon POINTS="65 646 69 612 112 615 110 633 103 651 89 657"/></Shape>
        </TextBlock>
        <TextBlock HPOS="472"
                   VPOS="959"
                   WIDTH="47"
                   HEIGHT="26"
                   ID="region_1720033505090_45"
                   TAGREFS="BT3756">
          <Shape><Polygon POINTS="472 984 473 961 498 959 519 964 518 985"/></Shape>
        </TextBlock>
        <TextBlock ID="eSc_dummyblock_">
          <TextLine ID="eSc_line_8797c1d2"
                    BASELINE="70 651 115 661 430 657" 
                    HPOS="70"
                    VPOS="651"
                    WIDTH="360"
                    HEIGHT="10">
	    <String CONTENT=""
                    HPOS="70"
                    VPOS="651"
                    WIDTH="360"
                    HEIGHT="10"></String>
          </TextLine>
          <TextLine ID="eSc_line_aeeed34a"
                    BASELINE="472 981 513 979" 
                    HPOS="472"
                    VPOS="979"
                    WIDTH="41"
                    HEIGHT="2">
	    <String CONTENT=""
                    HPOS="472"
                    VPOS="979"
                    WIDTH="41"
                    HEIGHT="2"></String>
          </TextLine>
        </TextBlock>
      </PrintSpace>
    </Page>
  </Layout>
</alto>
