<?xml version="1.0" encoding="UTF-8"?>
<alto xmlns:xsi="http://www.w3.org/2001/XMLSchema-instance"
      xmlns="http://www.loc.gov/standards/alto/ns-v4#"
      xsi:schemaLocation="http://www.loc.gov/standards/alto/ns-v4# http://www.loc.gov/standards/alto/v4/alto-4-2.xsd">
  <Description>
    <MeasurementUnit>pixel</MeasurementUnit>
    <sourceImageInformation>
      <fileName>1775-Saemmtliche_Poetische_Werke_Schmieder_Bd_1_VD18_90914260_NEU-170.png</fileName>
      <fileIdentifier>mets//SchmiederZeilenUnb.zip/1775-Saemmtliche_Poetische_Werke_Schmieder_Bd_1_VD18_90914260_NEU-170.png</fileIdentifier>
    </sourceImageInformation>
  </Description>
  <Tags>
    <OtherTag ID="BT1" LABEL="Title" DESCRIPTION="block type Title"/><OtherTag ID="BT2" LABEL="Main" DESCRIPTION="block type Main"/><OtherTag ID="BT3" LABEL="Commentary" DESCRIPTION="block type Commentary"/><OtherTag ID="BT4" LABEL="Illustration" DESCRIPTION="block type Illustration"/><OtherTag ID="BT3755" LABEL="header" DESCRIPTION="block type header"/><OtherTag ID="BT3756" LABEL="paragraph" DESCRIPTION="block type paragraph"/><OtherTag ID="BT3757" LABEL="heading" DESCRIPTION="block type heading"/><OtherTag ID="BT3758" LABEL="footnote" DESCRIPTION="block type footnote"/><OtherTag ID="BT3759" LABEL="l-column" DESCRIPTION="block type l-column"/><OtherTag ID="BT3760" LABEL="r-column" DESCRIPTION="block type r-column"/><OtherTag ID="BT3761" LABEL="marginalia" DESCRIPTION="block type marginalia"/><OtherTag ID="BT4125" LABEL="drop-capital" DESCRIPTION="block type drop-capital"/><OtherTag ID="BT4126" LABEL="catch-word" DESCRIPTION="block type catch-word"/><OtherTag ID="BT4127" LABEL="page-number" DESCRIPTION="block type page-number"/><OtherTag ID="BT4128" LABEL="signature-mark" DESCRIPTION="block type signature-mark"/><OtherTag ID="BT4129" LABEL="poem_lg" DESCRIPTION="block type poem_lg"/><OtherTag ID="BT4130" LABEL="endnote" DESCRIPTION="block type endnote"/>
  </Tags>
  <Layout>
    <Page WIDTH="658"
          HEIGHT="1096"
          PHYSICAL_IMG_NR="83"
          ID="eSc_dummypage_">
      <PrintSpace HPOS="0"
                  VPOS="0"
                  WIDTH="658"
                  HEIGHT="1096">
        <TextBlock HPOS="136"
                   VPOS="102"
                   WIDTH="50"
                   HEIGHT="28"
                   ID="region_1719336961453_1025"
                   TAGREFS="BT3756">
          <Shape><Polygon POINTS="136 126 137 102 186 102 184 130"/></Shape>
          <TextLine ID="eSc_line_36e0c0c6"
                    BASELINE="143 120 181 122" 
                    HPOS="143"
                    VPOS="120"
                    WIDTH="38"
                    HEIGHT="2">
	    <String CONTENT=""
                    HPOS="143"
                    VPOS="120"
                    WIDTH="38"
                    HEIGHT="2"></String>
          </TextLine>
        </TextBlock>
        <TextBlock HPOS="138"
                   VPOS="137"
                   WIDTH="470"
                   HEIGHT="112"
                   ID="region_1719336983548_1031"
                   TAGREFS="BT3756">
          <Shape><Polygon POINTS="138 249 138 143 190 137 608 137 600 247"/></Shape>
          <TextLine ID="eSc_line_e9b899e1"
                    BASELINE="161 163 597 160" 
                    HPOS="161"
                    VPOS="160"
                    WIDTH="436"
                    HEIGHT="3">
	    <String CONTENT=""
                    HPOS="161"
                    VPOS="160"
                    WIDTH="436"
                    HEIGHT="3"></String>
          </TextLine>
          <TextLine ID="eSc_line_ffc9b0f7"
                    BASELINE="143 189 594 188" 
                    HPOS="143"
                    VPOS="188"
                    WIDTH="451"
                    HEIGHT="1">
	    <String CONTENT=""
                    HPOS="143"
                    VPOS="188"
                    WIDTH="451"
                    HEIGHT="1"></String>
          </TextLine>
          <TextLine ID="eSc_line_a3d48964"
                    BASELINE="143 216 504 214" 
                    HPOS="143"
                    VPOS="214"
                    WIDTH="361"
                    HEIGHT="2">
	    <String CONTENT=""
                    HPOS="143"
                    VPOS="214"
                    WIDTH="361"
                    HEIGHT="2"></String>
          </TextLine>
          <TextLine ID="eSc_line_8f3016ca"
                    BASELINE="142 244 504 242" 
                    HPOS="142"
                    VPOS="242"
                    WIDTH="362"
                    HEIGHT="2">
	    <String CONTENT=""
                    HPOS="142"
                    VPOS="242"
                    WIDTH="362"
                    HEIGHT="2"></String>
          </TextLine>
        </TextBlock>
        <TextBlock HPOS="264"
                   VPOS="96"
                   WIDTH="231"
                   HEIGHT="31"
                   ID="region_1719336973818_1028"
                   TAGREFS="BT3756">
          <Shape><Polygon POINTS="264 123 266 96 495 98 494 127"/></Shape>
          <TextLine ID="eSc_line_c681eb12"
                    BASELINE="272 122 491 124" 
                    HPOS="272"
                    VPOS="122"
                    WIDTH="219"
                    HEIGHT="2">
	    <String CONTENT=""
                    HPOS="272"
                    VPOS="122"
                    WIDTH="219"
                    HEIGHT="2"></String>
          </TextLine>
        </TextBlock>
        <TextBlock HPOS="147"
                   VPOS="294"
                   WIDTH="456"
                   HEIGHT="442"
                   ID="region_1719337114343_1046"
                   TAGREFS="BT3758">
          <Shape><Polygon POINTS="147 736 150 300 603 294 600 733"/></Shape>
          <TextLine ID="eSc_line_428f2200"
                    BASELINE="157 319 596 321" 
                    HPOS="157"
                    VPOS="319"
                    WIDTH="439"
                    HEIGHT="2">
	    <String CONTENT=""
                    HPOS="157"
                    VPOS="319"
                    WIDTH="439"
                    HEIGHT="2"></String>
          </TextLine>
          <TextLine ID="eSc_line_9e94ef5b"
                    BASELINE="161 346 321 348" 
                    HPOS="161"
                    VPOS="346"
                    WIDTH="160"
                    HEIGHT="2">
	    <String CONTENT=""
                    HPOS="161"
                    VPOS="346"
                    WIDTH="160"
                    HEIGHT="2"></String>
          </TextLine>
          <TextLine ID="eSc_line_0e49e8c7"
                    BASELINE="171 384 551 380" 
                    HPOS="171"
                    VPOS="380"
                    WIDTH="380"
                    HEIGHT="4">
	    <String CONTENT=""
                    HPOS="171"
                    VPOS="380"
                    WIDTH="380"
                    HEIGHT="4"></String>
          </TextLine>
          <TextLine ID="eSc_line_70d3c7db"
                    BASELINE="174 409 558 406" 
                    HPOS="174"
                    VPOS="406"
                    WIDTH="384"
                    HEIGHT="3">
	    <String CONTENT=""
                    HPOS="174"
                    VPOS="406"
                    WIDTH="384"
                    HEIGHT="3"></String>
          </TextLine>
          <TextLine ID="eSc_line_2abfbb3b"
                    BASELINE="351 440 402 441" 
                    HPOS="351"
                    VPOS="440"
                    WIDTH="51"
                    HEIGHT="1">
	    <String CONTENT=""
                    HPOS="351"
                    VPOS="440"
                    WIDTH="51"
                    HEIGHT="1"></String>
          </TextLine>
          <TextLine ID="eSc_line_c72284b3"
                    BASELINE="171 478 533 474" 
                    HPOS="171"
                    VPOS="474"
                    WIDTH="362"
                    HEIGHT="4">
	    <String CONTENT=""
                    HPOS="171"
                    VPOS="474"
                    WIDTH="362"
                    HEIGHT="4"></String>
          </TextLine>
          <TextLine ID="eSc_line_c1065953"
                    BASELINE="153 503 594 499" 
                    HPOS="153"
                    VPOS="499"
                    WIDTH="441"
                    HEIGHT="4">
	    <String CONTENT=""
                    HPOS="153"
                    VPOS="499"
                    WIDTH="441"
                    HEIGHT="4"></String>
          </TextLine>
          <TextLine ID="eSc_line_c9cfd94a"
                    BASELINE="160 527 596 523" 
                    HPOS="160"
                    VPOS="523"
                    WIDTH="436"
                    HEIGHT="4">
	    <String CONTENT=""
                    HPOS="160"
                    VPOS="523"
                    WIDTH="436"
                    HEIGHT="4"></String>
          </TextLine>
          <TextLine ID="eSc_line_678155af"
                    BASELINE="154 549 595 551" 
                    HPOS="154"
                    VPOS="549"
                    WIDTH="441"
                    HEIGHT="2">
	    <String CONTENT=""
                    HPOS="154"
                    VPOS="549"
                    WIDTH="441"
                    HEIGHT="2"></String>
          </TextLine>
          <TextLine ID="eSc_line_cf29cf51"
                    BASELINE="153 572 594 572" 
                    HPOS="153"
                    VPOS="572"
                    WIDTH="441"
                    HEIGHT="0">
	    <String CONTENT=""
                    HPOS="153"
                    VPOS="572"
                    WIDTH="441"
                    HEIGHT="0"></String>
          </TextLine>
          <TextLine ID="eSc_line_1f51a6ad"
                    BASELINE="157 595 593 598" 
                    HPOS="157"
                    VPOS="595"
                    WIDTH="436"
                    HEIGHT="3">
	    <String CONTENT=""
                    HPOS="157"
                    VPOS="595"
                    WIDTH="436"
                    HEIGHT="3"></String>
          </TextLine>
          <TextLine ID="eSc_line_271dcb42"
                    BASELINE="153 623 595 622" 
                    HPOS="153"
                    VPOS="622"
                    WIDTH="442"
                    HEIGHT="1">
	    <String CONTENT=""
                    HPOS="153"
                    VPOS="622"
                    WIDTH="442"
                    HEIGHT="1"></String>
          </TextLine>
          <TextLine ID="eSc_line_d5de7873"
                    BASELINE="157 648 596 647" 
                    HPOS="157"
                    VPOS="647"
                    WIDTH="439"
                    HEIGHT="1">
	    <String CONTENT=""
                    HPOS="157"
                    VPOS="647"
                    WIDTH="439"
                    HEIGHT="1"></String>
          </TextLine>
          <TextLine ID="eSc_line_673c6945"
                    BASELINE="156 672 596 673" 
                    HPOS="156"
                    VPOS="672"
                    WIDTH="440"
                    HEIGHT="1">
	    <String CONTENT=""
                    HPOS="156"
                    VPOS="672"
                    WIDTH="440"
                    HEIGHT="1"></String>
          </TextLine>
          <TextLine ID="eSc_line_704d1819"
                    BASELINE="158 699 593 700" 
                    HPOS="158"
                    VPOS="699"
                    WIDTH="435"
                    HEIGHT="1">
	    <String CONTENT=""
                    HPOS="158"
                    VPOS="699"
                    WIDTH="435"
                    HEIGHT="1"></String>
          </TextLine>
          <TextLine ID="eSc_line_c29c4296"
                    BASELINE="160 725 280 727" 
                    HPOS="160"
                    VPOS="725"
                    WIDTH="120"
                    HEIGHT="2">
	    <String CONTENT=""
                    HPOS="160"
                    VPOS="725"
                    WIDTH="120"
                    HEIGHT="2"></String>
          </TextLine>
        </TextBlock>
        <TextBlock HPOS="556"
                   VPOS="254"
                   WIDTH="47"
                   HEIGHT="25"
                   ID="region_1719336989169_1034"
                   TAGREFS="BT3756">
          <Shape><Polygon POINTS="556 279 556 254 603 255 601 279"/></Shape>
          <TextLine ID="eSc_line_a032302e"
                    BASELINE="560 277 595 276" 
                    HPOS="560"
                    VPOS="276"
                    WIDTH="35"
                    HEIGHT="1">
	    <String CONTENT=""
                    HPOS="560"
                    VPOS="276"
                    WIDTH="35"
                    HEIGHT="1"></String>
          </TextLine>
        </TextBlock>
        <TextBlock HPOS="210"
                   VPOS="741"
                   WIDTH="183"
                   HEIGHT="30"
                   ID="region_1719337070457_1043"
                   TAGREFS="BT3758">
          <Shape><Polygon POINTS="213 769 210 741 388 745 393 771"/></Shape>
          <TextLine ID="eSc_line_ce0a00e1"
                    BASELINE="219 763 390 765" 
                    HPOS="219"
                    VPOS="763"
                    WIDTH="171"
                    HEIGHT="2">
	    <String CONTENT=""
                    HPOS="219"
                    VPOS="763"
                    WIDTH="171"
                    HEIGHT="2"></String>
          </TextLine>
        </TextBlock>
        <TextBlock HPOS="153"
                   VPOS="777"
                   WIDTH="448"
                   HEIGHT="205"
                   ID="region_1719337061014_1040"
                   TAGREFS="BT3758">
          <Shape><Polygon POINTS="153 785 155 972 601 982 591 777"/></Shape>
          <TextLine ID="eSc_line_45ee9b81"
                    BASELINE="156 805 579 806" 
                    HPOS="156"
                    VPOS="805"
                    WIDTH="423"
                    HEIGHT="1">
	    <String CONTENT=""
                    HPOS="156"
                    VPOS="805"
                    WIDTH="423"
                    HEIGHT="1"></String>
          </TextLine>
          <TextLine ID="eSc_line_ef661916"
                    BASELINE="173 828 573 828" 
                    HPOS="173"
                    VPOS="828"
                    WIDTH="400"
                    HEIGHT="0">
	    <String CONTENT=""
                    HPOS="173"
                    VPOS="828"
                    WIDTH="400"
                    HEIGHT="0"></String>
          </TextLine>
          <TextLine ID="eSc_line_58a3b656"
                    BASELINE="399 859 578 863" 
                    HPOS="399"
                    VPOS="859"
                    WIDTH="179"
                    HEIGHT="4">
	    <String CONTENT=""
                    HPOS="399"
                    VPOS="859"
                    WIDTH="179"
                    HEIGHT="4"></String>
          </TextLine>
          <TextLine ID="eSc_line_c1c08b83"
                    BASELINE="211 886 496 886" 
                    HPOS="211"
                    VPOS="886"
                    WIDTH="285"
                    HEIGHT="0">
	    <String CONTENT=""
                    HPOS="211"
                    VPOS="886"
                    WIDTH="285"
                    HEIGHT="0"></String>
          </TextLine>
          <TextLine ID="eSc_line_09dfb6e0"
                    BASELINE="533 888 584 888" 
                    HPOS="533"
                    VPOS="888"
                    WIDTH="51"
                    HEIGHT="0">
	    <String CONTENT=""
                    HPOS="533"
                    VPOS="888"
                    WIDTH="51"
                    HEIGHT="0"></String>
          </TextLine>
          <TextLine ID="eSc_line_84b1a4c2"
                    BASELINE="173 912 588 912" 
                    HPOS="173"
                    VPOS="912"
                    WIDTH="415"
                    HEIGHT="0">
	    <String CONTENT=""
                    HPOS="173"
                    VPOS="912"
                    WIDTH="415"
                    HEIGHT="0"></String>
          </TextLine>
          <TextLine ID="eSc_line_958b89c9"
                    BASELINE="169 940 515 937" 
                    HPOS="169"
                    VPOS="937"
                    WIDTH="346"
                    HEIGHT="3">
	    <String CONTENT=""
                    HPOS="169"
                    VPOS="937"
                    WIDTH="346"
                    HEIGHT="3"></String>
          </TextLine>
          <TextLine ID="eSc_line_78368a9f"
                    BASELINE="178 964 399 968" 
                    HPOS="178"
                    VPOS="964"
                    WIDTH="221"
                    HEIGHT="4">
	    <String CONTENT=""
                    HPOS="178"
                    VPOS="964"
                    WIDTH="221"
                    HEIGHT="4"></String>
          </TextLine>
          <TextLine ID="eSc_line_0041b309"
                    BASELINE="527 969 578 971" 
                    HPOS="527"
                    VPOS="969"
                    WIDTH="51"
                    HEIGHT="2">
	    <String CONTENT=""
                    HPOS="527"
                    VPOS="969"
                    WIDTH="51"
                    HEIGHT="2"></String>
          </TextLine>
        </TextBlock>
      </PrintSpace>
    </Page>
  </Layout>
</alto>
