<?xml version="1.0" encoding="UTF-8"?>
<alto xmlns:xsi="http://www.w3.org/2001/XMLSchema-instance"
      xmlns="http://www.loc.gov/standards/alto/ns-v4#"
      xsi:schemaLocation="http://www.loc.gov/standards/alto/ns-v4# http://www.loc.gov/standards/alto/v4/alto-4-2.xsd">
  <Description>
    <MeasurementUnit>pixel</MeasurementUnit>
    <sourceImageInformation>
      <fileName>1775-Saemmtliche_Poetische_Werke_Schmieder_Bd_1_VD18_90914260_NEU-144.png</fileName>
      <fileIdentifier>mets//SchmiederZeilenUnb.zip/1775-Saemmtliche_Poetische_Werke_Schmieder_Bd_1_VD18_90914260_NEU-144.png</fileIdentifier>
    </sourceImageInformation>
  </Description>
  <Tags>
    <OtherTag ID="BT1" LABEL="Title" DESCRIPTION="block type Title"/><OtherTag ID="BT2" LABEL="Main" DESCRIPTION="block type Main"/><OtherTag ID="BT3" LABEL="Commentary" DESCRIPTION="block type Commentary"/><OtherTag ID="BT4" LABEL="Illustration" DESCRIPTION="block type Illustration"/><OtherTag ID="BT3755" LABEL="header" DESCRIPTION="block type header"/><OtherTag ID="BT3756" LABEL="paragraph" DESCRIPTION="block type paragraph"/><OtherTag ID="BT3757" LABEL="heading" DESCRIPTION="block type heading"/><OtherTag ID="BT3758" LABEL="footnote" DESCRIPTION="block type footnote"/><OtherTag ID="BT3759" LABEL="l-column" DESCRIPTION="block type l-column"/><OtherTag ID="BT3760" LABEL="r-column" DESCRIPTION="block type r-column"/><OtherTag ID="BT3761" LABEL="marginalia" DESCRIPTION="block type marginalia"/><OtherTag ID="BT4125" LABEL="drop-capital" DESCRIPTION="block type drop-capital"/><OtherTag ID="BT4126" LABEL="catch-word" DESCRIPTION="block type catch-word"/><OtherTag ID="BT4127" LABEL="page-number" DESCRIPTION="block type page-number"/><OtherTag ID="BT4128" LABEL="signature-mark" DESCRIPTION="block type signature-mark"/><OtherTag ID="BT4129" LABEL="poem_lg" DESCRIPTION="block type poem_lg"/><OtherTag ID="BT4130" LABEL="endnote" DESCRIPTION="block type endnote"/>
  </Tags>
  <Layout>
    <Page WIDTH="658"
          HEIGHT="1096"
          PHYSICAL_IMG_NR="80"
          ID="eSc_dummypage_">
      <PrintSpace HPOS="0"
                  VPOS="0"
                  WIDTH="658"
                  HEIGHT="1096">
        <TextBlock HPOS="121"
                   VPOS="86"
                   WIDTH="54"
                   HEIGHT="28"
                   ID="region_1718621452805_227"
                   TAGREFS="BT3756">
          <Shape><Polygon POINTS="121 114 175 114 175 86 121 86"/></Shape>
          <TextLine ID="eSc_line_40ef4931"
                    BASELINE="129 107 169 108" 
                    HPOS="129"
                    VPOS="107"
                    WIDTH="40"
                    HEIGHT="1">
	    <String CONTENT=""
                    HPOS="129"
                    VPOS="107"
                    WIDTH="40"
                    HEIGHT="1"></String>
          </TextLine>
        </TextBlock>
        <TextBlock HPOS="144"
                   VPOS="125"
                   WIDTH="446"
                   HEIGHT="65"
                   ID="region_1718621463573_233"
                   TAGREFS="BT3756">
          <Shape><Polygon POINTS="144 190 590 190 590 125 144 125"/></Shape>
          <TextLine ID="eSc_line_c3fce0bb"
                    BASELINE="150 150 583 152" 
                    HPOS="150"
                    VPOS="150"
                    WIDTH="433"
                    HEIGHT="2">
	    <String CONTENT=""
                    HPOS="150"
                    VPOS="150"
                    WIDTH="433"
                    HEIGHT="2"></String>
          </TextLine>
          <TextLine ID="eSc_line_1024e6dc"
                    BASELINE="155 179 546 179" 
                    HPOS="155"
                    VPOS="179"
                    WIDTH="391"
                    HEIGHT="0">
	    <String CONTENT=""
                    HPOS="155"
                    VPOS="179"
                    WIDTH="391"
                    HEIGHT="0"></String>
          </TextLine>
        </TextBlock>
        <TextBlock HPOS="247"
                   VPOS="79"
                   WIDTH="231"
                   HEIGHT="37"
                   ID="region_1718621457853_230"
                   TAGREFS="BT3756">
          <Shape><Polygon POINTS="247 116 478 116 478 79 247 79"/></Shape>
          <TextLine ID="eSc_line_1f57d8f1"
                    BASELINE="255 109 472 108" 
                    HPOS="255"
                    VPOS="108"
                    WIDTH="217"
                    HEIGHT="1">
	    <String CONTENT=""
                    HPOS="255"
                    VPOS="108"
                    WIDTH="217"
                    HEIGHT="1"></String>
          </TextLine>
        </TextBlock>
        <TextBlock HPOS="176"
                   VPOS="219"
                   WIDTH="30"
                   HEIGHT="28"
                   ID="region_1718621473685_239"
                   TAGREFS="BT3756">
          <Shape><Polygon POINTS="203 247 176 247 179 219 206 219"/></Shape>
          <TextLine ID="eSc_line_3ff842c7"
                    BASELINE="177 245 589 255" 
                    HPOS="177"
                    VPOS="245"
                    WIDTH="412"
                    HEIGHT="10">
	    <String CONTENT=""
                    HPOS="177"
                    VPOS="245"
                    WIDTH="412"
                    HEIGHT="10"></String>
          </TextLine>
        </TextBlock>
        <TextBlock HPOS="134"
                   VPOS="213"
                   WIDTH="468"
                   HEIGHT="213"
                   ID="region_1718621469877_236"
                   TAGREFS="BT3756">
          <Shape><Polygon POINTS="207 221 204 262 150 271 134 426 602 426 602 213"/></Shape>
          <TextLine ID="eSc_line_551c8160"
                    BASELINE="419 278 485 277" 
                    HPOS="419"
                    VPOS="277"
                    WIDTH="66"
                    HEIGHT="1">
	    <String CONTENT=""
                    HPOS="419"
                    VPOS="277"
                    WIDTH="66"
                    HEIGHT="1"></String>
          </TextLine>
          <TextLine ID="eSc_line_0960d2e1"
                    BASELINE="153 303 551 302" 
                    HPOS="153"
                    VPOS="302"
                    WIDTH="398"
                    HEIGHT="1">
	    <String CONTENT=""
                    HPOS="153"
                    VPOS="302"
                    WIDTH="398"
                    HEIGHT="1"></String>
          </TextLine>
          <TextLine ID="eSc_line_c8f0e893"
                    BASELINE="150 328 530 331" 
                    HPOS="150"
                    VPOS="328"
                    WIDTH="380"
                    HEIGHT="3">
	    <String CONTENT=""
                    HPOS="150"
                    VPOS="328"
                    WIDTH="380"
                    HEIGHT="3"></String>
          </TextLine>
          <TextLine ID="eSc_line_53c09bb4"
                    BASELINE="152 356 537 360" 
                    HPOS="152"
                    VPOS="356"
                    WIDTH="385"
                    HEIGHT="4">
	    <String CONTENT=""
                    HPOS="152"
                    VPOS="356"
                    WIDTH="385"
                    HEIGHT="4"></String>
          </TextLine>
          <TextLine ID="eSc_line_39352af8"
                    BASELINE="147 384 475 388" 
                    HPOS="147"
                    VPOS="384"
                    WIDTH="328"
                    HEIGHT="4">
	    <String CONTENT=""
                    HPOS="147"
                    VPOS="384"
                    WIDTH="328"
                    HEIGHT="4"></String>
          </TextLine>
          <TextLine ID="eSc_line_d04e7aff"
                    BASELINE="145 411 561 415" 
                    HPOS="145"
                    VPOS="411"
                    WIDTH="416"
                    HEIGHT="4">
	    <String CONTENT=""
                    HPOS="145"
                    VPOS="411"
                    WIDTH="416"
                    HEIGHT="4"></String>
          </TextLine>
        </TextBlock>
        <TextBlock HPOS="145"
                   VPOS="500"
                   WIDTH="450"
                   HEIGHT="169"
                   ID="region_1718621759544_272"
                   TAGREFS="BT3758">
          <Shape><Polygon POINTS="145 669 595 669 595 500 145 500"/></Shape>
          <TextLine ID="eSc_line_879cfe12"
                    BASELINE="171 526 590 533" 
                    HPOS="171"
                    VPOS="526"
                    WIDTH="419"
                    HEIGHT="7">
	    <String CONTENT=""
                    HPOS="171"
                    VPOS="526"
                    WIDTH="419"
                    HEIGHT="7"></String>
          </TextLine>
          <TextLine ID="eSc_line_9fa5121d"
                    BASELINE="154 575 588 584" 
                    HPOS="154"
                    VPOS="575"
                    WIDTH="434"
                    HEIGHT="9">
	    <String CONTENT=""
                    HPOS="154"
                    VPOS="575"
                    WIDTH="434"
                    HEIGHT="9"></String>
          </TextLine>
          <TextLine ID="eSc_line_5afea249"
                    BASELINE="152 605 590 612" 
                    HPOS="152"
                    VPOS="605"
                    WIDTH="438"
                    HEIGHT="7">
	    <String CONTENT=""
                    HPOS="152"
                    VPOS="605"
                    WIDTH="438"
                    HEIGHT="7"></String>
          </TextLine>
          <TextLine ID="eSc_line_c7ca7dca"
                    BASELINE="153 631 586 639" 
                    HPOS="153"
                    VPOS="631"
                    WIDTH="433"
                    HEIGHT="8">
	    <String CONTENT=""
                    HPOS="153"
                    VPOS="631"
                    WIDTH="433"
                    HEIGHT="8"></String>
          </TextLine>
          <TextLine ID="eSc_line_40032e89"
                    BASELINE="153 659 509 666" 
                    HPOS="153"
                    VPOS="659"
                    WIDTH="356"
                    HEIGHT="7">
	    <String CONTENT=""
                    HPOS="153"
                    VPOS="659"
                    WIDTH="356"
                    HEIGHT="7"></String>
          </TextLine>
        </TextBlock>
        <TextBlock HPOS="149"
                   VPOS="684"
                   WIDTH="447"
                   HEIGHT="164"
                   ID="region_1718621765087_275"
                   TAGREFS="BT3758">
          <Shape><Polygon POINTS="149 848 596 848 596 684 150 684"/></Shape>
          <TextLine ID="eSc_line_9c12f521"
                    BASELINE="155 705 591 715" 
                    HPOS="155"
                    VPOS="705"
                    WIDTH="436"
                    HEIGHT="10">
	    <String CONTENT=""
                    HPOS="155"
                    VPOS="705"
                    WIDTH="436"
                    HEIGHT="10"></String>
          </TextLine>
          <TextLine ID="eSc_line_f649db9e"
                    BASELINE="151 732 589 739" 
                    HPOS="151"
                    VPOS="732"
                    WIDTH="438"
                    HEIGHT="7">
	    <String CONTENT=""
                    HPOS="151"
                    VPOS="732"
                    WIDTH="438"
                    HEIGHT="7"></String>
          </TextLine>
          <TextLine ID="eSc_line_d594be70"
                    BASELINE="152 759 592 766" 
                    HPOS="152"
                    VPOS="759"
                    WIDTH="440"
                    HEIGHT="7">
	    <String CONTENT=""
                    HPOS="152"
                    VPOS="759"
                    WIDTH="440"
                    HEIGHT="7"></String>
          </TextLine>
          <TextLine ID="eSc_line_d9f5088d"
                    BASELINE="154 780 592 790" 
                    HPOS="154"
                    VPOS="780"
                    WIDTH="438"
                    HEIGHT="10">
	    <String CONTENT=""
                    HPOS="154"
                    VPOS="780"
                    WIDTH="438"
                    HEIGHT="10"></String>
          </TextLine>
          <TextLine ID="eSc_line_258a100d"
                    BASELINE="156 808 591 819" 
                    HPOS="156"
                    VPOS="808"
                    WIDTH="435"
                    HEIGHT="11">
	    <String CONTENT=""
                    HPOS="156"
                    VPOS="808"
                    WIDTH="435"
                    HEIGHT="11"></String>
          </TextLine>
          <TextLine ID="eSc_line_c30310de"
                    BASELINE="159 838 498 843" 
                    HPOS="159"
                    VPOS="838"
                    WIDTH="339"
                    HEIGHT="5">
	    <String CONTENT=""
                    HPOS="159"
                    VPOS="838"
                    WIDTH="339"
                    HEIGHT="5"></String>
          </TextLine>
        </TextBlock>
        <TextBlock HPOS="543"
                   VPOS="444"
                   WIDTH="52"
                   HEIGHT="32"
                   ID="region_1718621740309_266"
                   TAGREFS="BT3756">
          <Shape><Polygon POINTS="543 476 595 476 595 444 543 444"/></Shape>
          <TextLine ID="eSc_line_791d4603"
                    BASELINE="544 469 591 471" 
                    HPOS="544"
                    VPOS="469"
                    WIDTH="47"
                    HEIGHT="2">
	    <String CONTENT=""
                    HPOS="544"
                    VPOS="469"
                    WIDTH="47"
                    HEIGHT="2"></String>
          </TextLine>
        </TextBlock>
        <TextBlock HPOS="148"
                   VPOS="863"
                   WIDTH="447"
                   HEIGHT="90"
                   ID="region_1718621770447_278"
                   TAGREFS="BT3758">
          <Shape><Polygon POINTS="148 943 595 953 595 863 148 863"/></Shape>
          <TextLine ID="eSc_line_7088e0b6"
                    BASELINE="160 885 589 898" 
                    HPOS="160"
                    VPOS="885"
                    WIDTH="429"
                    HEIGHT="13">
	    <String CONTENT=""
                    HPOS="160"
                    VPOS="885"
                    WIDTH="429"
                    HEIGHT="13"></String>
          </TextLine>
          <TextLine ID="eSc_line_b675cf95"
                    BASELINE="153 911 590 925" 
                    HPOS="153"
                    VPOS="911"
                    WIDTH="437"
                    HEIGHT="14">
	    <String CONTENT=""
                    HPOS="153"
                    VPOS="911"
                    WIDTH="437"
                    HEIGHT="14"></String>
          </TextLine>
          <TextLine ID="eSc_line_387d68d3"
                    BASELINE="152 934 588 947" 
                    HPOS="152"
                    VPOS="934"
                    WIDTH="436"
                    HEIGHT="13">
	    <String CONTENT=""
                    HPOS="152"
                    VPOS="934"
                    WIDTH="436"
                    HEIGHT="13"></String>
          </TextLine>
        </TextBlock>
      </PrintSpace>
    </Page>
  </Layout>
</alto>
