<?xml version="1.0" encoding="UTF-8"?>
<alto xmlns:xsi="http://www.w3.org/2001/XMLSchema-instance"
      xmlns="http://www.loc.gov/standards/alto/ns-v4#"
      xsi:schemaLocation="http://www.loc.gov/standards/alto/ns-v4# http://www.loc.gov/standards/alto/v4/alto-4-2.xsd">
  <Description>
    <MeasurementUnit>pixel</MeasurementUnit>
    <sourceImageInformation>
      <fileName>1775-Saemmtliche_Poetische_Werke_Schmieder_Bd_1_VD18_90914260_NEU-048.png</fileName>
      <fileIdentifier>mets//SchmiederZeilenUnb.zip/1775-Saemmtliche_Poetische_Werke_Schmieder_Bd_1_VD18_90914260_NEU-048.png</fileIdentifier>
    </sourceImageInformation>
  </Description>
  <Tags>
    <OtherTag ID="BT1" LABEL="Title" DESCRIPTION="block type Title"/><OtherTag ID="BT2" LABEL="Main" DESCRIPTION="block type Main"/><OtherTag ID="BT3" LABEL="Commentary" DESCRIPTION="block type Commentary"/><OtherTag ID="BT4" LABEL="Illustration" DESCRIPTION="block type Illustration"/><OtherTag ID="BT3755" LABEL="header" DESCRIPTION="block type header"/><OtherTag ID="BT3756" LABEL="paragraph" DESCRIPTION="block type paragraph"/><OtherTag ID="BT3757" LABEL="heading" DESCRIPTION="block type heading"/><OtherTag ID="BT3758" LABEL="footnote" DESCRIPTION="block type footnote"/><OtherTag ID="BT3759" LABEL="l-column" DESCRIPTION="block type l-column"/><OtherTag ID="BT3760" LABEL="r-column" DESCRIPTION="block type r-column"/><OtherTag ID="BT3761" LABEL="marginalia" DESCRIPTION="block type marginalia"/><OtherTag ID="BT4125" LABEL="drop-capital" DESCRIPTION="block type drop-capital"/><OtherTag ID="BT4126" LABEL="catch-word" DESCRIPTION="block type catch-word"/><OtherTag ID="BT4127" LABEL="page-number" DESCRIPTION="block type page-number"/><OtherTag ID="BT4128" LABEL="signature-mark" DESCRIPTION="block type signature-mark"/><OtherTag ID="BT4129" LABEL="poem_lg" DESCRIPTION="block type poem_lg"/><OtherTag ID="BT4130" LABEL="endnote" DESCRIPTION="block type endnote"/>
  </Tags>
  <Layout>
    <Page WIDTH="658"
          HEIGHT="1096"
          PHYSICAL_IMG_NR="78"
          ID="eSc_dummypage_">
      <PrintSpace HPOS="0"
                  VPOS="0"
                  WIDTH="658"
                  HEIGHT="1096">
        <TextBlock HPOS="111"
                   VPOS="78"
                   WIDTH="29"
                   HEIGHT="36"
                   ID="region_1718647435017_144"
                   TAGREFS="BT3756">
          <Shape><Polygon POINTS="140 114 111 114 111 78 140 78"/></Shape>
          <TextLine ID="eSc_line_54b37f05"
                    BASELINE="115 103 134 103" 
                    HPOS="115"
                    VPOS="103"
                    WIDTH="19"
                    HEIGHT="0">
	    <String CONTENT=""
                    HPOS="115"
                    VPOS="103"
                    WIDTH="19"
                    HEIGHT="0"></String>
          </TextLine>
        </TextBlock>
        <TextBlock HPOS="145"
                   VPOS="71"
                   WIDTH="413"
                   HEIGHT="50"
                   ID="TextRegion_1718647508709_168"
                   TAGREFS="BT3756">
          <Shape><Polygon POINTS="145 71 558 71 558 121 148 117"/></Shape>
          <TextLine ID="eSc_line_daf8afd7"
                    BASELINE="227 106 460 109" 
                    HPOS="227"
                    VPOS="106"
                    WIDTH="233"
                    HEIGHT="3">
	    <String CONTENT=""
                    HPOS="227"
                    VPOS="106"
                    WIDTH="233"
                    HEIGHT="3"></String>
          </TextLine>
        </TextBlock>
        <TextBlock HPOS="145"
                   VPOS="121"
                   WIDTH="417"
                   HEIGHT="161"
                   ID="TextRegion_1718647508707_167"
                   TAGREFS="BT3757">
          <Shape><Polygon POINTS="145 121 562 128 558 282 145 282"/></Shape>
          <TextLine ID="eSc_line_9bc78ca7"
                    BASELINE="166 154 530 156" 
                    HPOS="166"
                    VPOS="154"
                    WIDTH="364"
                    HEIGHT="2">
	    <String CONTENT=""
                    HPOS="166"
                    VPOS="154"
                    WIDTH="364"
                    HEIGHT="2"></String>
          </TextLine>
          <TextLine ID="eSc_line_544d1680"
                    BASELINE="313 205 382 203" 
                    HPOS="313"
                    VPOS="203"
                    WIDTH="69"
                    HEIGHT="2">
	    <String CONTENT=""
                    HPOS="313"
                    VPOS="203"
                    WIDTH="69"
                    HEIGHT="2"></String>
          </TextLine>
          <TextLine ID="eSc_line_5fb162ad"
                    BASELINE="149 268 547 270" 
                    HPOS="149"
                    VPOS="268"
                    WIDTH="398"
                    HEIGHT="2">
	    <String CONTENT=""
                    HPOS="149"
                    VPOS="268"
                    WIDTH="398"
                    HEIGHT="2"></String>
          </TextLine>
        </TextBlock>
        <TextBlock HPOS="118"
                   VPOS="301"
                   WIDTH="35"
                   HEIGHT="59"
                   ID="TextRegion_1718647607907_183"
                   TAGREFS="BT3756">
          <Shape><Polygon POINTS="118 307 149 301 150 317 153 341 152 354 131 359 119 360 119 358"/></Shape>
          <TextLine ID="eSc_line_d3fbdec6"
                    BASELINE="122 342 150 341 153 326 432 328 445 329" 
                    HPOS="122"
                    VPOS="326"
                    WIDTH="323"
                    HEIGHT="16">
	    <String CONTENT=""
                    HPOS="122"
                    VPOS="326"
                    WIDTH="323"
                    HEIGHT="16"></String>
          </TextLine>
        </TextBlock>
        <TextBlock HPOS="149"
                   VPOS="301"
                   WIDTH="381"
                   HEIGHT="177"
                   ID="TextRegion_1718647607907_182"
                   TAGREFS="BT3756">
          <Shape><Polygon POINTS="155 309 158 302 530 301 530 478 152 478 149 388 157 373 159 355 159 338 151 317"/></Shape>
          <TextLine ID="eSc_line_a377ade9"
                    BASELINE="167 354 476 358" 
                    HPOS="167"
                    VPOS="354"
                    WIDTH="309"
                    HEIGHT="4">
	    <String CONTENT=""
                    HPOS="167"
                    VPOS="354"
                    WIDTH="309"
                    HEIGHT="4"></String>
          </TextLine>
          <TextLine ID="eSc_line_b554435e"
                    BASELINE="163 379 436 382" 
                    HPOS="163"
                    VPOS="379"
                    WIDTH="273"
                    HEIGHT="3">
	    <String CONTENT=""
                    HPOS="163"
                    VPOS="379"
                    WIDTH="273"
                    HEIGHT="3"></String>
          </TextLine>
          <TextLine ID="eSc_line_af810d46"
                    BASELINE="162 409 440 408" 
                    HPOS="162"
                    VPOS="408"
                    WIDTH="278"
                    HEIGHT="1">
	    <String CONTENT=""
                    HPOS="162"
                    VPOS="408"
                    WIDTH="278"
                    HEIGHT="1"></String>
          </TextLine>
          <TextLine ID="eSc_line_668dadfe"
                    BASELINE="158 435 520 438" 
                    HPOS="158"
                    VPOS="435"
                    WIDTH="362"
                    HEIGHT="3">
	    <String CONTENT=""
                    HPOS="158"
                    VPOS="435"
                    WIDTH="362"
                    HEIGHT="3"></String>
          </TextLine>
          <TextLine ID="eSc_line_4f90b6ce"
                    BASELINE="161 465 446 463" 
                    HPOS="161"
                    VPOS="463"
                    WIDTH="285"
                    HEIGHT="2">
	    <String CONTENT=""
                    HPOS="161"
                    VPOS="463"
                    WIDTH="285"
                    HEIGHT="2"></String>
          </TextLine>
        </TextBlock>
        <TextBlock HPOS="130"
                   VPOS="513"
                   WIDTH="467"
                   HEIGHT="454"
                   ID="region_1718647465690_159"
                   TAGREFS="BT3758">
          <Shape><Polygon POINTS="597 967 130 962 130 513 595 513"/></Shape>
          <TextLine ID="eSc_line_5906e549"
                    BASELINE="158 539 581 544" 
                    HPOS="158"
                    VPOS="539"
                    WIDTH="423"
                    HEIGHT="5">
	    <String CONTENT=""
                    HPOS="158"
                    VPOS="539"
                    WIDTH="423"
                    HEIGHT="5"></String>
          </TextLine>
          <TextLine ID="eSc_line_cf1ed429"
                    BASELINE="143 566 577 569" 
                    HPOS="143"
                    VPOS="566"
                    WIDTH="434"
                    HEIGHT="3">
	    <String CONTENT=""
                    HPOS="143"
                    VPOS="566"
                    WIDTH="434"
                    HEIGHT="3"></String>
          </TextLine>
          <TextLine ID="eSc_line_8a2fea7d"
                    BASELINE="138 590 582 592" 
                    HPOS="138"
                    VPOS="590"
                    WIDTH="444"
                    HEIGHT="2">
	    <String CONTENT=""
                    HPOS="138"
                    VPOS="590"
                    WIDTH="444"
                    HEIGHT="2"></String>
          </TextLine>
          <TextLine ID="eSc_line_be1d89dc"
                    BASELINE="138 613 585 618" 
                    HPOS="138"
                    VPOS="613"
                    WIDTH="447"
                    HEIGHT="5">
	    <String CONTENT=""
                    HPOS="138"
                    VPOS="613"
                    WIDTH="447"
                    HEIGHT="5"></String>
          </TextLine>
          <TextLine ID="eSc_line_24460d96"
                    BASELINE="138 639 581 643" 
                    HPOS="138"
                    VPOS="639"
                    WIDTH="443"
                    HEIGHT="4">
	    <String CONTENT=""
                    HPOS="138"
                    VPOS="639"
                    WIDTH="443"
                    HEIGHT="4"></String>
          </TextLine>
          <TextLine ID="eSc_line_8f85d91b"
                    BASELINE="137 665 582 664" 
                    HPOS="137"
                    VPOS="664"
                    WIDTH="445"
                    HEIGHT="1">
	    <String CONTENT=""
                    HPOS="137"
                    VPOS="664"
                    WIDTH="445"
                    HEIGHT="1"></String>
          </TextLine>
          <TextLine ID="eSc_line_573930b4"
                    BASELINE="137 687 577 691" 
                    HPOS="137"
                    VPOS="687"
                    WIDTH="440"
                    HEIGHT="4">
	    <String CONTENT=""
                    HPOS="137"
                    VPOS="687"
                    WIDTH="440"
                    HEIGHT="4"></String>
          </TextLine>
          <TextLine ID="eSc_line_03bd809a"
                    BASELINE="137 711 583 714" 
                    HPOS="137"
                    VPOS="711"
                    WIDTH="446"
                    HEIGHT="3">
	    <String CONTENT=""
                    HPOS="137"
                    VPOS="711"
                    WIDTH="446"
                    HEIGHT="3"></String>
          </TextLine>
          <TextLine ID="eSc_line_5533aa85"
                    BASELINE="138 737 581 739" 
                    HPOS="138"
                    VPOS="737"
                    WIDTH="443"
                    HEIGHT="2">
	    <String CONTENT=""
                    HPOS="138"
                    VPOS="737"
                    WIDTH="443"
                    HEIGHT="2"></String>
          </TextLine>
          <TextLine ID="eSc_line_0d9df51a"
                    BASELINE="136 760 584 764" 
                    HPOS="136"
                    VPOS="760"
                    WIDTH="448"
                    HEIGHT="4">
	    <String CONTENT=""
                    HPOS="136"
                    VPOS="760"
                    WIDTH="448"
                    HEIGHT="4"></String>
          </TextLine>
          <TextLine ID="eSc_line_84a9b2b7"
                    BASELINE="138 785 580 791" 
                    HPOS="138"
                    VPOS="785"
                    WIDTH="442"
                    HEIGHT="6">
	    <String CONTENT=""
                    HPOS="138"
                    VPOS="785"
                    WIDTH="442"
                    HEIGHT="6"></String>
          </TextLine>
          <TextLine ID="eSc_line_55cf0547"
                    BASELINE="137 809 584 813" 
                    HPOS="137"
                    VPOS="809"
                    WIDTH="447"
                    HEIGHT="4">
	    <String CONTENT=""
                    HPOS="137"
                    VPOS="809"
                    WIDTH="447"
                    HEIGHT="4"></String>
          </TextLine>
          <TextLine ID="eSc_line_dd2c54e7"
                    BASELINE="135 832 583 838" 
                    HPOS="135"
                    VPOS="832"
                    WIDTH="448"
                    HEIGHT="6">
	    <String CONTENT=""
                    HPOS="135"
                    VPOS="832"
                    WIDTH="448"
                    HEIGHT="6"></String>
          </TextLine>
          <TextLine ID="eSc_line_80aae252"
                    BASELINE="137 859 585 863" 
                    HPOS="137"
                    VPOS="859"
                    WIDTH="448"
                    HEIGHT="4">
	    <String CONTENT=""
                    HPOS="137"
                    VPOS="859"
                    WIDTH="448"
                    HEIGHT="4"></String>
          </TextLine>
          <TextLine ID="eSc_line_d3f82561"
                    BASELINE="140 881 583 887" 
                    HPOS="140"
                    VPOS="881"
                    WIDTH="443"
                    HEIGHT="6">
	    <String CONTENT=""
                    HPOS="140"
                    VPOS="881"
                    WIDTH="443"
                    HEIGHT="6"></String>
          </TextLine>
          <TextLine ID="eSc_line_9efd2b87"
                    BASELINE="136 906 580 910" 
                    HPOS="136"
                    VPOS="906"
                    WIDTH="444"
                    HEIGHT="4">
	    <String CONTENT=""
                    HPOS="136"
                    VPOS="906"
                    WIDTH="444"
                    HEIGHT="4"></String>
          </TextLine>
          <TextLine ID="eSc_line_dfa19213"
                    BASELINE="137 935 583 934" 
                    HPOS="137"
                    VPOS="934"
                    WIDTH="446"
                    HEIGHT="1">
	    <String CONTENT=""
                    HPOS="137"
                    VPOS="934"
                    WIDTH="446"
                    HEIGHT="1"></String>
          </TextLine>
          <TextLine ID="eSc_line_8735178a"
                    BASELINE="135 956 217 958" 
                    HPOS="135"
                    VPOS="956"
                    WIDTH="82"
                    HEIGHT="2">
	    <String CONTENT=""
                    HPOS="135"
                    VPOS="956"
                    WIDTH="82"
                    HEIGHT="2"></String>
          </TextLine>
        </TextBlock>
        <TextBlock HPOS="540"
                   VPOS="458"
                   WIDTH="43"
                   HEIGHT="41"
                   ID="region_1718647457466_156"
                   TAGREFS="BT4126">
          <Shape><Polygon POINTS="540 499 583 499 583 458 540 458"/></Shape>
          <TextLine ID="eSc_line_a36dcf78"
                    BASELINE="544 490 579 491" 
                    HPOS="544"
                    VPOS="490"
                    WIDTH="35"
                    HEIGHT="1">
	    <String CONTENT=""
                    HPOS="544"
                    VPOS="490"
                    WIDTH="35"
                    HEIGHT="1"></String>
          </TextLine>
        </TextBlock>
      </PrintSpace>
    </Page>
  </Layout>
</alto>
