<?xml version="1.0" encoding="UTF-8"?>
<alto xmlns:xsi="http://www.w3.org/2001/XMLSchema-instance"
      xmlns="http://www.loc.gov/standards/alto/ns-v4#"
      xsi:schemaLocation="http://www.loc.gov/standards/alto/ns-v4# http://www.loc.gov/standards/alto/v4/alto-4-2.xsd">
  <Description>
    <MeasurementUnit>pixel</MeasurementUnit>
    <sourceImageInformation>
      <fileName>1775-Saemmtliche_Poetische_Werke_Schmieder_Bd_2_VD18_90914287_NEU-069.png</fileName>
      <fileIdentifier>mets//SchmiederZeilenUnb.zip/1775-Saemmtliche_Poetische_Werke_Schmieder_Bd_2_VD18_90914287_NEU-069.png</fileIdentifier>
    </sourceImageInformation>
  </Description>
  <Tags>
    <OtherTag ID="BT1" LABEL="Title" DESCRIPTION="block type Title"/><OtherTag ID="BT2" LABEL="Main" DESCRIPTION="block type Main"/><OtherTag ID="BT3" LABEL="Commentary" DESCRIPTION="block type Commentary"/><OtherTag ID="BT4" LABEL="Illustration" DESCRIPTION="block type Illustration"/><OtherTag ID="BT3755" LABEL="header" DESCRIPTION="block type header"/><OtherTag ID="BT3756" LABEL="paragraph" DESCRIPTION="block type paragraph"/><OtherTag ID="BT3757" LABEL="heading" DESCRIPTION="block type heading"/><OtherTag ID="BT3758" LABEL="footnote" DESCRIPTION="block type footnote"/><OtherTag ID="BT3759" LABEL="l-column" DESCRIPTION="block type l-column"/><OtherTag ID="BT3760" LABEL="r-column" DESCRIPTION="block type r-column"/><OtherTag ID="BT3761" LABEL="marginalia" DESCRIPTION="block type marginalia"/><OtherTag ID="BT4125" LABEL="drop-capital" DESCRIPTION="block type drop-capital"/><OtherTag ID="BT4126" LABEL="catch-word" DESCRIPTION="block type catch-word"/><OtherTag ID="BT4127" LABEL="page-number" DESCRIPTION="block type page-number"/><OtherTag ID="BT4128" LABEL="signature-mark" DESCRIPTION="block type signature-mark"/><OtherTag ID="BT4129" LABEL="poem_lg" DESCRIPTION="block type poem_lg"/><OtherTag ID="BT4130" LABEL="endnote" DESCRIPTION="block type endnote"/>
  </Tags>
  <Layout>
    <Page WIDTH="657"
          HEIGHT="1095"
          PHYSICAL_IMG_NR="89"
          ID="eSc_dummypage_">
      <PrintSpace HPOS="0"
                  VPOS="0"
                  WIDTH="657"
                  HEIGHT="1095">
        <TextBlock HPOS="143"
                   VPOS="99"
                   WIDTH="43"
                   HEIGHT="32"
                   ID="region_1720036321107_556"
                   TAGREFS="BT3756">
          <Shape><Polygon POINTS="147 128 143 101 186 99 186 131"/></Shape>
          <TextLine ID="eSc_line_28e7752d"
                    BASELINE="153 124 179 124" 
                    HPOS="153"
                    VPOS="124"
                    WIDTH="26"
                    HEIGHT="0">
	    <String CONTENT=""
                    HPOS="153"
                    VPOS="124"
                    WIDTH="26"
                    HEIGHT="0"></String>
          </TextLine>
        </TextBlock>
        <TextBlock HPOS="146"
                   VPOS="138"
                   WIDTH="459"
                   HEIGHT="183"
                   ID="region_1720036372116_562"
                   TAGREFS="BT3756">
          <Shape><Polygon POINTS="147 145 146 308 225 321 565 321 605 287 595 138 449 141 232 141 157 139"/></Shape>
          <TextLine ID="eSc_line_f2aa4d4f"
                    BASELINE="149 167 591 165" 
                    HPOS="149"
                    VPOS="165"
                    WIDTH="442"
                    HEIGHT="2">
	    <String CONTENT=""
                    HPOS="149"
                    VPOS="165"
                    WIDTH="442"
                    HEIGHT="2"></String>
          </TextLine>
          <TextLine ID="eSc_line_26cadd34"
                    BASELINE="386 195 443 194" 
                    HPOS="386"
                    VPOS="194"
                    WIDTH="57"
                    HEIGHT="1">
	    <String CONTENT=""
                    HPOS="386"
                    VPOS="194"
                    WIDTH="57"
                    HEIGHT="1"></String>
          </TextLine>
          <TextLine ID="eSc_line_1aff3c77"
                    BASELINE="151 219 590 220" 
                    HPOS="151"
                    VPOS="219"
                    WIDTH="439"
                    HEIGHT="1">
	    <String CONTENT=""
                    HPOS="151"
                    VPOS="219"
                    WIDTH="439"
                    HEIGHT="1"></String>
          </TextLine>
          <TextLine ID="eSc_line_3164b672"
                    BASELINE="385 250 504 252" 
                    HPOS="385"
                    VPOS="250"
                    WIDTH="119"
                    HEIGHT="2">
	    <String CONTENT=""
                    HPOS="385"
                    VPOS="250"
                    WIDTH="119"
                    HEIGHT="2"></String>
          </TextLine>
          <TextLine ID="eSc_line_60ddd941"
                    BASELINE="148 272 591 276" 
                    HPOS="148"
                    VPOS="272"
                    WIDTH="443"
                    HEIGHT="4">
	    <String CONTENT=""
                    HPOS="148"
                    VPOS="272"
                    WIDTH="443"
                    HEIGHT="4"></String>
          </TextLine>
          <TextLine ID="eSc_line_778254ad"
                    BASELINE="213 304 553 305" 
                    HPOS="213"
                    VPOS="304"
                    WIDTH="340"
                    HEIGHT="1">
	    <String CONTENT=""
                    HPOS="213"
                    VPOS="304"
                    WIDTH="340"
                    HEIGHT="1"></String>
          </TextLine>
        </TextBlock>
        <TextBlock HPOS="235"
                   VPOS="99"
                   WIDTH="275"
                   HEIGHT="37"
                   ID="region_1720036352111_559"
                   TAGREFS="BT3756">
          <Shape><Polygon POINTS="237 130 235 99 510 103 507 131 465 136 366 133 258 133"/></Shape>
          <TextLine ID="eSc_line_d940a59e"
                    BASELINE="241 127 498 129" 
                    HPOS="241"
                    VPOS="127"
                    WIDTH="257"
                    HEIGHT="2">
	    <String CONTENT=""
                    HPOS="241"
                    VPOS="127"
                    WIDTH="257"
                    HEIGHT="2"></String>
          </TextLine>
        </TextBlock>
        <TextBlock HPOS="142"
                   VPOS="345"
                   WIDTH="469"
                   HEIGHT="208"
                   ID="region_1720036386211_565"
                   TAGREFS="BT3756">
          <Shape><Polygon POINTS="143 353 142 500 202 553 551 548 611 486 601 345 186 345"/></Shape>
          <TextLine ID="eSc_line_7b84622b"
                    BASELINE="149 376 594 375" 
                    HPOS="149"
                    VPOS="375"
                    WIDTH="445"
                    HEIGHT="1">
	    <String CONTENT=""
                    HPOS="149"
                    VPOS="375"
                    WIDTH="445"
                    HEIGHT="1"></String>
          </TextLine>
          <TextLine ID="eSc_line_f064d0c8"
                    BASELINE="388 404 459 403" 
                    HPOS="388"
                    VPOS="403"
                    WIDTH="71"
                    HEIGHT="1">
	    <String CONTENT=""
                    HPOS="388"
                    VPOS="403"
                    WIDTH="71"
                    HEIGHT="1"></String>
          </TextLine>
          <TextLine ID="eSc_line_926ee183"
                    BASELINE="148 427 598 428" 
                    HPOS="148"
                    VPOS="427"
                    WIDTH="450"
                    HEIGHT="1">
	    <String CONTENT=""
                    HPOS="148"
                    VPOS="427"
                    WIDTH="450"
                    HEIGHT="1"></String>
          </TextLine>
          <TextLine ID="eSc_line_32562661"
                    BASELINE="381 461 496 458" 
                    HPOS="381"
                    VPOS="458"
                    WIDTH="115"
                    HEIGHT="3">
	    <String CONTENT=""
                    HPOS="381"
                    VPOS="458"
                    WIDTH="115"
                    HEIGHT="3"></String>
          </TextLine>
          <TextLine ID="eSc_line_9bcf5022"
                    BASELINE="151 487 594 484" 
                    HPOS="151"
                    VPOS="484"
                    WIDTH="443"
                    HEIGHT="3">
	    <String CONTENT=""
                    HPOS="151"
                    VPOS="484"
                    WIDTH="443"
                    HEIGHT="3"></String>
          </TextLine>
          <TextLine ID="eSc_line_2ead475f"
                    BASELINE="385 512 456 513" 
                    HPOS="385"
                    VPOS="512"
                    WIDTH="71"
                    HEIGHT="1">
	    <String CONTENT=""
                    HPOS="385"
                    VPOS="512"
                    WIDTH="71"
                    HEIGHT="1"></String>
          </TextLine>
          <TextLine ID="eSc_line_dd87ff7c"
                    BASELINE="210 540 511 543" 
                    HPOS="210"
                    VPOS="540"
                    WIDTH="301"
                    HEIGHT="3">
	    <String CONTENT=""
                    HPOS="210"
                    VPOS="540"
                    WIDTH="301"
                    HEIGHT="3"></String>
          </TextLine>
        </TextBlock>
        <TextBlock HPOS="139"
                   VPOS="571"
                   WIDTH="467"
                   HEIGHT="157"
                   ID="region_1720036399088_568"
                   TAGREFS="BT3756">
          <Shape><Polygon POINTS="139 591 140 691 216 728 514 726 606 665 603 571 165 576"/></Shape>
          <TextLine ID="eSc_line_f2a61051"
                    BASELINE="149 609 590 608" 
                    HPOS="149"
                    VPOS="608"
                    WIDTH="441"
                    HEIGHT="1">
	    <String CONTENT=""
                    HPOS="149"
                    VPOS="608"
                    WIDTH="441"
                    HEIGHT="1"></String>
          </TextLine>
          <TextLine ID="eSc_line_53527f0f"
                    BASELINE="151 636 589 637" 
                    HPOS="151"
                    VPOS="636"
                    WIDTH="438"
                    HEIGHT="1">
	    <String CONTENT=""
                    HPOS="151"
                    VPOS="636"
                    WIDTH="438"
                    HEIGHT="1"></String>
          </TextLine>
          <TextLine ID="eSc_line_aed29bf5"
                    BASELINE="150 666 588 662" 
                    HPOS="150"
                    VPOS="662"
                    WIDTH="438"
                    HEIGHT="4">
	    <String CONTENT=""
                    HPOS="150"
                    VPOS="662"
                    WIDTH="438"
                    HEIGHT="4"></String>
          </TextLine>
          <TextLine ID="eSc_line_0c981265"
                    BASELINE="392 690 455 693" 
                    HPOS="392"
                    VPOS="690"
                    WIDTH="63"
                    HEIGHT="3">
	    <String CONTENT=""
                    HPOS="392"
                    VPOS="690"
                    WIDTH="63"
                    HEIGHT="3"></String>
          </TextLine>
          <TextLine ID="eSc_line_9aef92f8"
                    BASELINE="209 718 514 720" 
                    HPOS="209"
                    VPOS="718"
                    WIDTH="305"
                    HEIGHT="2">
	    <String CONTENT=""
                    HPOS="209"
                    VPOS="718"
                    WIDTH="305"
                    HEIGHT="2"></String>
          </TextLine>
        </TextBlock>
        <TextBlock HPOS="141"
                   VPOS="755"
                   WIDTH="475"
                   HEIGHT="187"
                   ID="region_1720036412035_571"
                   TAGREFS="BT3756">
          <Shape><Polygon POINTS="141 767 141 888 209 940 506 942 616 868 597 755 167 761"/></Shape>
          <TextLine ID="eSc_line_0c05cc10"
                    BASELINE="149 791 595 791" 
                    HPOS="149"
                    VPOS="791"
                    WIDTH="446"
                    HEIGHT="0">
	    <String CONTENT=""
                    HPOS="149"
                    VPOS="791"
                    WIDTH="446"
                    HEIGHT="0"></String>
          </TextLine>
          <TextLine ID="eSc_line_22d9934d"
                    BASELINE="382 818 438 821" 
                    HPOS="382"
                    VPOS="818"
                    WIDTH="56"
                    HEIGHT="3">
	    <String CONTENT=""
                    HPOS="382"
                    VPOS="818"
                    WIDTH="56"
                    HEIGHT="3"></String>
          </TextLine>
          <TextLine ID="eSc_line_5df43fba"
                    BASELINE="145 846 539 846" 
                    HPOS="145"
                    VPOS="846"
                    WIDTH="394"
                    HEIGHT="0">
	    <String CONTENT=""
                    HPOS="145"
                    VPOS="846"
                    WIDTH="394"
                    HEIGHT="0"></String>
          </TextLine>
          <TextLine ID="eSc_line_32db9096"
                    BASELINE="147 871 595 871" 
                    HPOS="147"
                    VPOS="871"
                    WIDTH="448"
                    HEIGHT="0">
	    <String CONTENT=""
                    HPOS="147"
                    VPOS="871"
                    WIDTH="448"
                    HEIGHT="0"></String>
          </TextLine>
          <TextLine ID="eSc_line_65ed187a"
                    BASELINE="382 901 477 906" 
                    HPOS="382"
                    VPOS="901"
                    WIDTH="95"
                    HEIGHT="5">
	    <String CONTENT=""
                    HPOS="382"
                    VPOS="901"
                    WIDTH="95"
                    HEIGHT="5"></String>
          </TextLine>
          <TextLine ID="eSc_line_a4785059"
                    BASELINE="210 929 494 929" 
                    HPOS="210"
                    VPOS="929"
                    WIDTH="284"
                    HEIGHT="0">
	    <String CONTENT=""
                    HPOS="210"
                    VPOS="929"
                    WIDTH="284"
                    HEIGHT="0"></String>
          </TextLine>
        </TextBlock>
        <TextBlock HPOS="554"
                   VPOS="943"
                   WIDTH="44"
                   HEIGHT="36"
                   ID="region_1720036417027_574"
                   TAGREFS="BT3756">
          <Shape><Polygon POINTS="554 975 554 943 598 945 594 979"/></Shape>
          <TextLine ID="eSc_line_0dcf672f"
                    BASELINE="568 973 594 967" 
                    HPOS="568"
                    VPOS="967"
                    WIDTH="26"
                    HEIGHT="6">
	    <String CONTENT=""
                    HPOS="568"
                    VPOS="967"
                    WIDTH="26"
                    HEIGHT="6"></String>
          </TextLine>
        </TextBlock>
      </PrintSpace>
    </Page>
  </Layout>
</alto>
