<?xml version="1.0" encoding="UTF-8"?>
<alto xmlns:xsi="http://www.w3.org/2001/XMLSchema-instance"
      xmlns="http://www.loc.gov/standards/alto/ns-v4#"
      xsi:schemaLocation="http://www.loc.gov/standards/alto/ns-v4# http://www.loc.gov/standards/alto/v4/alto-4-2.xsd">
  <Description>
    <MeasurementUnit>pixel</MeasurementUnit>
    <sourceImageInformation>
      <fileName>1775-Saemmtliche_Poetische_Werke_Schmieder_Bd_3_VD18_90914295_NEU-006.png</fileName>
      <fileIdentifier>mets//SchmiederZeilenUnb.zip/1775-Saemmtliche_Poetische_Werke_Schmieder_Bd_3_VD18_90914295_NEU-006.png</fileIdentifier>
    </sourceImageInformation>
  </Description>
  <Tags>
    <OtherTag ID="BT1" LABEL="Title" DESCRIPTION="block type Title"/><OtherTag ID="BT2" LABEL="Main" DESCRIPTION="block type Main"/><OtherTag ID="BT3" LABEL="Commentary" DESCRIPTION="block type Commentary"/><OtherTag ID="BT4" LABEL="Illustration" DESCRIPTION="block type Illustration"/><OtherTag ID="BT3755" LABEL="header" DESCRIPTION="block type header"/><OtherTag ID="BT3756" LABEL="paragraph" DESCRIPTION="block type paragraph"/><OtherTag ID="BT3757" LABEL="heading" DESCRIPTION="block type heading"/><OtherTag ID="BT3758" LABEL="footnote" DESCRIPTION="block type footnote"/><OtherTag ID="BT3759" LABEL="l-column" DESCRIPTION="block type l-column"/><OtherTag ID="BT3760" LABEL="r-column" DESCRIPTION="block type r-column"/><OtherTag ID="BT3761" LABEL="marginalia" DESCRIPTION="block type marginalia"/><OtherTag ID="BT4125" LABEL="drop-capital" DESCRIPTION="block type drop-capital"/><OtherTag ID="BT4126" LABEL="catch-word" DESCRIPTION="block type catch-word"/><OtherTag ID="BT4127" LABEL="page-number" DESCRIPTION="block type page-number"/><OtherTag ID="BT4128" LABEL="signature-mark" DESCRIPTION="block type signature-mark"/><OtherTag ID="BT4129" LABEL="poem_lg" DESCRIPTION="block type poem_lg"/><OtherTag ID="BT4130" LABEL="endnote" DESCRIPTION="block type endnote"/>
  </Tags>
  <Layout>
    <Page WIDTH="649"
          HEIGHT="1102"
          PHYSICAL_IMG_NR="95"
          ID="eSc_dummypage_">
      <PrintSpace HPOS="0"
                  VPOS="0"
                  WIDTH="649"
                  HEIGHT="1102">
        <TextBlock HPOS="96"
                   VPOS="132"
                   WIDTH="429"
                   HEIGHT="42"
                   ID="region_1719906885833_42"
                   TAGREFS="BT3756">
          <Shape><Polygon POINTS="525 156 523 136 409 132 96 137 99 174"/></Shape>
          <TextLine ID="eSc_line_4ddb01b4"
                    BASELINE="103 167 518 155" 
                    HPOS="103"
                    VPOS="155"
                    WIDTH="415"
                    HEIGHT="12">
	    <String CONTENT=""
                    HPOS="103"
                    VPOS="155"
                    WIDTH="415"
                    HEIGHT="12"></String>
          </TextLine>
        </TextBlock>
        <TextBlock HPOS="82"
                   VPOS="190"
                   WIDTH="452"
                   HEIGHT="423"
                   ID="region_1719906938894_51"
                   TAGREFS="BT3758">
          <Shape><Polygon POINTS="82 204 148 198 527 190 534 592 383 591 371 610 88 613"/></Shape>
          <TextLine ID="eSc_line_47331f95"
                    BASELINE="85 222 520 208" 
                    HPOS="85"
                    VPOS="208"
                    WIDTH="435"
                    HEIGHT="14">
	    <String CONTENT=""
                    HPOS="85"
                    VPOS="208"
                    WIDTH="435"
                    HEIGHT="14"></String>
          </TextLine>
          <TextLine ID="eSc_line_a243054c"
                    BASELINE="86 243 524 230" 
                    HPOS="86"
                    VPOS="230"
                    WIDTH="438"
                    HEIGHT="13">
	    <String CONTENT=""
                    HPOS="86"
                    VPOS="230"
                    WIDTH="438"
                    HEIGHT="13"></String>
          </TextLine>
          <TextLine ID="eSc_line_3f4dd14f"
                    BASELINE="88 264 524 248" 
                    HPOS="88"
                    VPOS="248"
                    WIDTH="436"
                    HEIGHT="16">
	    <String CONTENT=""
                    HPOS="88"
                    VPOS="248"
                    WIDTH="436"
                    HEIGHT="16"></String>
          </TextLine>
          <TextLine ID="eSc_line_667637e8"
                    BASELINE="86 283 524 270" 
                    HPOS="86"
                    VPOS="270"
                    WIDTH="438"
                    HEIGHT="13">
	    <String CONTENT=""
                    HPOS="86"
                    VPOS="270"
                    WIDTH="438"
                    HEIGHT="13"></String>
          </TextLine>
          <TextLine ID="eSc_line_cae4a005"
                    BASELINE="86 302 524 289" 
                    HPOS="86"
                    VPOS="289"
                    WIDTH="438"
                    HEIGHT="13">
	    <String CONTENT=""
                    HPOS="86"
                    VPOS="289"
                    WIDTH="438"
                    HEIGHT="13"></String>
          </TextLine>
          <TextLine ID="eSc_line_17e840d8"
                    BASELINE="87 323 526 311" 
                    HPOS="87"
                    VPOS="311"
                    WIDTH="439"
                    HEIGHT="12">
	    <String CONTENT=""
                    HPOS="87"
                    VPOS="311"
                    WIDTH="439"
                    HEIGHT="12"></String>
          </TextLine>
          <TextLine ID="eSc_line_06191714"
                    BASELINE="86 342 527 331" 
                    HPOS="86"
                    VPOS="331"
                    WIDTH="441"
                    HEIGHT="11">
	    <String CONTENT=""
                    HPOS="86"
                    VPOS="331"
                    WIDTH="441"
                    HEIGHT="11"></String>
          </TextLine>
          <TextLine ID="eSc_line_4b1a53d5"
                    BASELINE="87 362 526 352" 
                    HPOS="87"
                    VPOS="352"
                    WIDTH="439"
                    HEIGHT="10">
	    <String CONTENT=""
                    HPOS="87"
                    VPOS="352"
                    WIDTH="439"
                    HEIGHT="10"></String>
          </TextLine>
          <TextLine ID="eSc_line_dfc7dbdd"
                    BASELINE="93 384 527 375" 
                    HPOS="93"
                    VPOS="375"
                    WIDTH="434"
                    HEIGHT="9">
	    <String CONTENT=""
                    HPOS="93"
                    VPOS="375"
                    WIDTH="434"
                    HEIGHT="9"></String>
          </TextLine>
          <TextLine ID="eSc_line_a8ec2c5e"
                    BASELINE="89 406 528 392" 
                    HPOS="89"
                    VPOS="392"
                    WIDTH="439"
                    HEIGHT="14">
	    <String CONTENT=""
                    HPOS="89"
                    VPOS="392"
                    WIDTH="439"
                    HEIGHT="14"></String>
          </TextLine>
          <TextLine ID="eSc_line_238c916f"
                    BASELINE="90 424 526 413" 
                    HPOS="90"
                    VPOS="413"
                    WIDTH="436"
                    HEIGHT="11">
	    <String CONTENT=""
                    HPOS="90"
                    VPOS="413"
                    WIDTH="436"
                    HEIGHT="11"></String>
          </TextLine>
          <TextLine ID="eSc_line_2fb7f6dc"
                    BASELINE="90 445 528 433" 
                    HPOS="90"
                    VPOS="433"
                    WIDTH="438"
                    HEIGHT="12">
	    <String CONTENT=""
                    HPOS="90"
                    VPOS="433"
                    WIDTH="438"
                    HEIGHT="12"></String>
          </TextLine>
          <TextLine ID="eSc_line_a3a50923"
                    BASELINE="91 465 526 454" 
                    HPOS="91"
                    VPOS="454"
                    WIDTH="435"
                    HEIGHT="11">
	    <String CONTENT=""
                    HPOS="91"
                    VPOS="454"
                    WIDTH="435"
                    HEIGHT="11"></String>
          </TextLine>
          <TextLine ID="eSc_line_55246251"
                    BASELINE="92 486 526 475" 
                    HPOS="92"
                    VPOS="475"
                    WIDTH="434"
                    HEIGHT="11">
	    <String CONTENT=""
                    HPOS="92"
                    VPOS="475"
                    WIDTH="434"
                    HEIGHT="11"></String>
          </TextLine>
          <TextLine ID="eSc_line_91a6cf09"
                    BASELINE="91 507 528 496" 
                    HPOS="91"
                    VPOS="496"
                    WIDTH="437"
                    HEIGHT="11">
	    <String CONTENT=""
                    HPOS="91"
                    VPOS="496"
                    WIDTH="437"
                    HEIGHT="11"></String>
          </TextLine>
          <TextLine ID="eSc_line_f2e1bdb0"
                    BASELINE="92 528 529 513" 
                    HPOS="92"
                    VPOS="513"
                    WIDTH="437"
                    HEIGHT="15">
	    <String CONTENT=""
                    HPOS="92"
                    VPOS="513"
                    WIDTH="437"
                    HEIGHT="15"></String>
          </TextLine>
          <TextLine ID="eSc_line_cc9765bf"
                    BASELINE="90 548 527 533" 
                    HPOS="90"
                    VPOS="533"
                    WIDTH="437"
                    HEIGHT="15">
	    <String CONTENT=""
                    HPOS="90"
                    VPOS="533"
                    WIDTH="437"
                    HEIGHT="15"></String>
          </TextLine>
          <TextLine ID="eSc_line_b781eef2"
                    BASELINE="94 566 525 554" 
                    HPOS="94"
                    VPOS="554"
                    WIDTH="431"
                    HEIGHT="12">
	    <String CONTENT=""
                    HPOS="94"
                    VPOS="554"
                    WIDTH="431"
                    HEIGHT="12"></String>
          </TextLine>
          <TextLine ID="eSc_line_c8e85eb7"
                    BASELINE="90 587 527 577" 
                    HPOS="90"
                    VPOS="577"
                    WIDTH="437"
                    HEIGHT="10">
	    <String CONTENT=""
                    HPOS="90"
                    VPOS="577"
                    WIDTH="437"
                    HEIGHT="10"></String>
          </TextLine>
          <TextLine ID="eSc_line_6b7e9a5d"
                    BASELINE="96 609 367 601" 
                    HPOS="96"
                    VPOS="601"
                    WIDTH="271"
                    HEIGHT="8">
	    <String CONTENT=""
                    HPOS="96"
                    VPOS="601"
                    WIDTH="271"
                    HEIGHT="8"></String>
          </TextLine>
        </TextBlock>
        <TextBlock HPOS="242"
                   VPOS="89"
                   WIDTH="132"
                   HEIGHT="39"
                   ID="region_1719906862941_36"
                   TAGREFS="BT3756">
          <Shape><Polygon POINTS="248 128 242 93 367 89 374 118"/></Shape>
          <TextLine ID="eSc_line_d6e9f0c5"
                    BASELINE="255 121 368 117" 
                    HPOS="255"
                    VPOS="117"
                    WIDTH="113"
                    HEIGHT="4">
	    <String CONTENT=""
                    HPOS="255"
                    VPOS="117"
                    WIDTH="113"
                    HEIGHT="4"></String>
          </TextLine>
        </TextBlock>
        <TextBlock HPOS="308"
                   VPOS="165"
                   WIDTH="45"
                   HEIGHT="22"
                   ID="region_1719906895329_45"
                   TAGREFS="BT3756">
          <Shape><Polygon POINTS="309 187 308 168 353 165 349 187"/></Shape>
          <TextLine ID="eSc_line_f11cb1a9"
                    BASELINE="313 186 521 178" 
                    HPOS="313"
                    VPOS="178"
                    WIDTH="208"
                    HEIGHT="8">
	    <String CONTENT=""
                    HPOS="313"
                    VPOS="178"
                    WIDTH="208"
                    HEIGHT="8"></String>
          </TextLine>
        </TextBlock>
        <TextBlock HPOS="489"
                   VPOS="91"
                   WIDTH="38"
                   HEIGHT="24"
                   ID="region_1719906869706_39"
                   TAGREFS="BT3756">
          <Shape><Polygon POINTS="493 115 489 93 527 91 523 115"/></Shape>
          <TextLine ID="eSc_line_fe41d9f4"
                    BASELINE="498 113 517 114" 
                    HPOS="498"
                    VPOS="113"
                    WIDTH="19"
                    HEIGHT="1">
	    <String CONTENT=""
                    HPOS="498"
                    VPOS="113"
                    WIDTH="19"
                    HEIGHT="1"></String>
          </TextLine>
        </TextBlock>
        <TextBlock HPOS="86"
                   VPOS="610"
                   WIDTH="452"
                   HEIGHT="330"
                   ID="region_1719906956652_54"
                   TAGREFS="BT3758">
          <Shape><Polygon POINTS="86 628 535 610 538 920 96 940"/></Shape>
          <TextLine ID="eSc_line_8623c4d7"
                    BASELINE="109 647 531 634" 
                    HPOS="109"
                    VPOS="634"
                    WIDTH="422"
                    HEIGHT="13">
	    <String CONTENT=""
                    HPOS="109"
                    VPOS="634"
                    WIDTH="422"
                    HEIGHT="13"></String>
          </TextLine>
          <TextLine ID="eSc_line_be1cfc75"
                    BASELINE="94 667 532 655" 
                    HPOS="94"
                    VPOS="655"
                    WIDTH="438"
                    HEIGHT="12">
	    <String CONTENT=""
                    HPOS="94"
                    VPOS="655"
                    WIDTH="438"
                    HEIGHT="12"></String>
          </TextLine>
          <TextLine ID="eSc_line_31b35ae2"
                    BASELINE="97 689 528 677" 
                    HPOS="97"
                    VPOS="677"
                    WIDTH="431"
                    HEIGHT="12">
	    <String CONTENT=""
                    HPOS="97"
                    VPOS="677"
                    WIDTH="431"
                    HEIGHT="12"></String>
          </TextLine>
          <TextLine ID="eSc_line_e5b76364"
                    BASELINE="96 712 528 696" 
                    HPOS="96"
                    VPOS="696"
                    WIDTH="432"
                    HEIGHT="16">
	    <String CONTENT=""
                    HPOS="96"
                    VPOS="696"
                    WIDTH="432"
                    HEIGHT="16"></String>
          </TextLine>
          <TextLine ID="eSc_line_75dd0b00"
                    BASELINE="94 728 531 717" 
                    HPOS="94"
                    VPOS="717"
                    WIDTH="437"
                    HEIGHT="11">
	    <String CONTENT=""
                    HPOS="94"
                    VPOS="717"
                    WIDTH="437"
                    HEIGHT="11"></String>
          </TextLine>
          <TextLine ID="eSc_line_eafe4627"
                    BASELINE="96 748 532 736" 
                    HPOS="96"
                    VPOS="736"
                    WIDTH="436"
                    HEIGHT="12">
	    <String CONTENT=""
                    HPOS="96"
                    VPOS="736"
                    WIDTH="436"
                    HEIGHT="12"></String>
          </TextLine>
          <TextLine ID="eSc_line_f99b188c"
                    BASELINE="97 769 533 758" 
                    HPOS="97"
                    VPOS="758"
                    WIDTH="436"
                    HEIGHT="11">
	    <String CONTENT=""
                    HPOS="97"
                    VPOS="758"
                    WIDTH="436"
                    HEIGHT="11"></String>
          </TextLine>
          <TextLine ID="eSc_line_f25a8ef1"
                    BASELINE="97 788 529 780" 
                    HPOS="97"
                    VPOS="780"
                    WIDTH="432"
                    HEIGHT="8">
	    <String CONTENT=""
                    HPOS="97"
                    VPOS="780"
                    WIDTH="432"
                    HEIGHT="8"></String>
          </TextLine>
          <TextLine ID="eSc_line_2872c38b"
                    BASELINE="96 807 536 798" 
                    HPOS="96"
                    VPOS="798"
                    WIDTH="440"
                    HEIGHT="9">
	    <String CONTENT=""
                    HPOS="96"
                    VPOS="798"
                    WIDTH="440"
                    HEIGHT="9"></String>
          </TextLine>
          <TextLine ID="eSc_line_91fa6d93"
                    BASELINE="96 829 533 820" 
                    HPOS="96"
                    VPOS="820"
                    WIDTH="437"
                    HEIGHT="9">
	    <String CONTENT=""
                    HPOS="96"
                    VPOS="820"
                    WIDTH="437"
                    HEIGHT="9"></String>
          </TextLine>
          <TextLine ID="eSc_line_6f86e410"
                    BASELINE="102 850 533 838" 
                    HPOS="102"
                    VPOS="838"
                    WIDTH="431"
                    HEIGHT="12">
	    <String CONTENT=""
                    HPOS="102"
                    VPOS="838"
                    WIDTH="431"
                    HEIGHT="12"></String>
          </TextLine>
          <TextLine ID="eSc_line_6143a13e"
                    BASELINE="99 870 533 860" 
                    HPOS="99"
                    VPOS="860"
                    WIDTH="434"
                    HEIGHT="10">
	    <String CONTENT=""
                    HPOS="99"
                    VPOS="860"
                    WIDTH="434"
                    HEIGHT="10"></String>
          </TextLine>
          <TextLine ID="eSc_line_20750717"
                    BASELINE="101 890 533 879" 
                    HPOS="101"
                    VPOS="879"
                    WIDTH="432"
                    HEIGHT="11">
	    <String CONTENT=""
                    HPOS="101"
                    VPOS="879"
                    WIDTH="432"
                    HEIGHT="11"></String>
          </TextLine>
          <TextLine ID="eSc_line_1648b00d"
                    BASELINE="98 910 531 901" 
                    HPOS="98"
                    VPOS="901"
                    WIDTH="433"
                    HEIGHT="9">
	    <String CONTENT=""
                    HPOS="98"
                    VPOS="901"
                    WIDTH="433"
                    HEIGHT="9"></String>
          </TextLine>
          <TextLine ID="eSc_line_4441c738"
                    BASELINE="103 932 535 916" 
                    HPOS="103"
                    VPOS="916"
                    WIDTH="432"
                    HEIGHT="16">
	    <String CONTENT=""
                    HPOS="103"
                    VPOS="916"
                    WIDTH="432"
                    HEIGHT="16"></String>
          </TextLine>
        </TextBlock>
        <TextBlock HPOS="514"
                   VPOS="924"
                   WIDTH="28"
                   HEIGHT="22"
                   ID="region_1719906965773_57"
                   TAGREFS="BT3756">
          <Shape><Polygon POINTS="514 946 515 926 524 924 542 928 540 941"/></Shape>
          <TextLine ID="eSc_line_215bb774"
                    BASELINE="520 941 538 936" 
                    HPOS="520"
                    VPOS="936"
                    WIDTH="18"
                    HEIGHT="5">
	    <String CONTENT=""
                    HPOS="520"
                    VPOS="936"
                    WIDTH="18"
                    HEIGHT="5"></String>
          </TextLine>
        </TextBlock>
        <TextBlock HPOS="489"
                   VPOS="158"
                   WIDTH="38"
                   HEIGHT="23"
                   ID="region_1719906902333_48"
                   TAGREFS="BT3756">
          <Shape><Polygon POINTS="489 181 490 158 527 160 526 179"/></Shape>
        </TextBlock>
      </PrintSpace>
    </Page>
  </Layout>
</alto>
