<?xml version="1.0" encoding="UTF-8"?>
<alto xmlns:xsi="http://www.w3.org/2001/XMLSchema-instance"
      xmlns="http://www.loc.gov/standards/alto/ns-v4#"
      xsi:schemaLocation="http://www.loc.gov/standards/alto/ns-v4# http://www.loc.gov/standards/alto/v4/alto-4-2.xsd">
  <Description>
    <MeasurementUnit>pixel</MeasurementUnit>
    <sourceImageInformation>
      <fileName>1775-Saemmtliche_Poetische_Werke_Schmieder_Bd_3_VD18_90914295_NEU-173.png</fileName>
      <fileIdentifier>mets//SchmiederZeilenUnb.zip/1775-Saemmtliche_Poetische_Werke_Schmieder_Bd_3_VD18_90914295_NEU-173.png</fileIdentifier>
    </sourceImageInformation>
  </Description>
  <Tags>
    <OtherTag ID="BT1" LABEL="Title" DESCRIPTION="block type Title"/><OtherTag ID="BT2" LABEL="Main" DESCRIPTION="block type Main"/><OtherTag ID="BT3" LABEL="Commentary" DESCRIPTION="block type Commentary"/><OtherTag ID="BT4" LABEL="Illustration" DESCRIPTION="block type Illustration"/><OtherTag ID="BT3755" LABEL="header" DESCRIPTION="block type header"/><OtherTag ID="BT3756" LABEL="paragraph" DESCRIPTION="block type paragraph"/><OtherTag ID="BT3757" LABEL="heading" DESCRIPTION="block type heading"/><OtherTag ID="BT3758" LABEL="footnote" DESCRIPTION="block type footnote"/><OtherTag ID="BT3759" LABEL="l-column" DESCRIPTION="block type l-column"/><OtherTag ID="BT3760" LABEL="r-column" DESCRIPTION="block type r-column"/><OtherTag ID="BT3761" LABEL="marginalia" DESCRIPTION="block type marginalia"/><OtherTag ID="BT4125" LABEL="drop-capital" DESCRIPTION="block type drop-capital"/><OtherTag ID="BT4126" LABEL="catch-word" DESCRIPTION="block type catch-word"/><OtherTag ID="BT4127" LABEL="page-number" DESCRIPTION="block type page-number"/><OtherTag ID="BT4128" LABEL="signature-mark" DESCRIPTION="block type signature-mark"/><OtherTag ID="BT4129" LABEL="poem_lg" DESCRIPTION="block type poem_lg"/><OtherTag ID="BT4130" LABEL="endnote" DESCRIPTION="block type endnote"/>
  </Tags>
  <Layout>
    <Page WIDTH="650"
          HEIGHT="1102"
          PHYSICAL_IMG_NR="98"
          ID="eSc_dummypage_">
      <PrintSpace HPOS="0"
                  VPOS="0"
                  WIDTH="650"
                  HEIGHT="1102">
        <TextBlock HPOS="141"
                   VPOS="95"
                   WIDTH="44"
                   HEIGHT="35"
                   ID="region_1720089114676_606"
                   TAGREFS="BT3756">
          <Shape><Polygon POINTS="141 98 142 126 185 130 185 95"/></Shape>
          <TextLine ID="eSc_line_ad85d876"
                    BASELINE="147 119 183 121" 
                    HPOS="147"
                    VPOS="119"
                    WIDTH="36"
                    HEIGHT="2">
	    <String CONTENT=""
                    HPOS="147"
                    VPOS="119"
                    WIDTH="36"
                    HEIGHT="2"></String>
          </TextLine>
        </TextBlock>
        <TextBlock HPOS="132"
                   VPOS="136"
                   WIDTH="415"
                   HEIGHT="116"
                   ID="region_1720089144206_612"
                   TAGREFS="BT3756">
          <Shape><Polygon POINTS="135 138 132 251 547 252 535 136"/></Shape>
          <TextLine ID="eSc_line_63501f8b"
                    BASELINE="145 161 483 163" 
                    HPOS="145"
                    VPOS="161"
                    WIDTH="338"
                    HEIGHT="2">
	    <String CONTENT=""
                    HPOS="145"
                    VPOS="161"
                    WIDTH="338"
                    HEIGHT="2"></String>
          </TextLine>
          <TextLine ID="eSc_line_55167d49"
                    BASELINE="141 189 539 192" 
                    HPOS="141"
                    VPOS="189"
                    WIDTH="398"
                    HEIGHT="3">
	    <String CONTENT=""
                    HPOS="141"
                    VPOS="189"
                    WIDTH="398"
                    HEIGHT="3"></String>
          </TextLine>
          <TextLine ID="eSc_line_b9df9fdb"
                    BASELINE="143 218 484 217" 
                    HPOS="143"
                    VPOS="217"
                    WIDTH="341"
                    HEIGHT="1">
	    <String CONTENT=""
                    HPOS="143"
                    VPOS="217"
                    WIDTH="341"
                    HEIGHT="1"></String>
          </TextLine>
          <TextLine ID="eSc_line_4d4796d9"
                    BASELINE="141 242 478 244" 
                    HPOS="141"
                    VPOS="242"
                    WIDTH="337"
                    HEIGHT="2">
	    <String CONTENT=""
                    HPOS="141"
                    VPOS="242"
                    WIDTH="337"
                    HEIGHT="2"></String>
          </TextLine>
        </TextBlock>
        <TextBlock HPOS="274"
                   VPOS="94"
                   WIDTH="199"
                   HEIGHT="35"
                   ID="region_1720089126622_609"
                   TAGREFS="BT3756">
          <Shape><Polygon POINTS="274 94 275 125 473 129 459 95"/></Shape>
          <TextLine ID="eSc_line_cc973662"
                    BASELINE="278 120 458 126" 
                    HPOS="278"
                    VPOS="120"
                    WIDTH="180"
                    HEIGHT="6">
	    <String CONTENT=""
                    HPOS="278"
                    VPOS="120"
                    WIDTH="180"
                    HEIGHT="6"></String>
          </TextLine>
        </TextBlock>
        <TextBlock HPOS="133"
                   VPOS="263"
                   WIDTH="408"
                   HEIGHT="218"
                   ID="region_1720089169275_615"
                   TAGREFS="BT3756">
          <Shape><Polygon POINTS="133 263 133 473 150 477 541 481 527 265 261 263"/></Shape>
          <TextLine ID="eSc_line_0e5b53a6"
                    BASELINE="187 287 467 291" 
                    HPOS="187"
                    VPOS="287"
                    WIDTH="280"
                    HEIGHT="4">
	    <String CONTENT=""
                    HPOS="187"
                    VPOS="287"
                    WIDTH="280"
                    HEIGHT="4"></String>
          </TextLine>
          <TextLine ID="eSc_line_7c46bd60"
                    BASELINE="140 316 468 315" 
                    HPOS="140"
                    VPOS="315"
                    WIDTH="328"
                    HEIGHT="1">
	    <String CONTENT=""
                    HPOS="140"
                    VPOS="315"
                    WIDTH="328"
                    HEIGHT="1"></String>
          </TextLine>
          <TextLine ID="eSc_line_723b4aa3"
                    BASELINE="144 341 514 343" 
                    HPOS="144"
                    VPOS="341"
                    WIDTH="370"
                    HEIGHT="2">
	    <String CONTENT=""
                    HPOS="144"
                    VPOS="341"
                    WIDTH="370"
                    HEIGHT="2"></String>
          </TextLine>
          <TextLine ID="eSc_line_0476c757"
                    BASELINE="136 368 460 369" 
                    HPOS="136"
                    VPOS="368"
                    WIDTH="324"
                    HEIGHT="1">
	    <String CONTENT=""
                    HPOS="136"
                    VPOS="368"
                    WIDTH="324"
                    HEIGHT="1"></String>
          </TextLine>
          <TextLine ID="eSc_line_cf2c7ec7"
                    BASELINE="140 392 469 393" 
                    HPOS="140"
                    VPOS="392"
                    WIDTH="329"
                    HEIGHT="1">
	    <String CONTENT=""
                    HPOS="140"
                    VPOS="392"
                    WIDTH="329"
                    HEIGHT="1"></String>
          </TextLine>
          <TextLine ID="eSc_line_711883de"
                    BASELINE="139 420 497 427" 
                    HPOS="139"
                    VPOS="420"
                    WIDTH="358"
                    HEIGHT="7">
	    <String CONTENT=""
                    HPOS="139"
                    VPOS="420"
                    WIDTH="358"
                    HEIGHT="7"></String>
          </TextLine>
          <TextLine ID="eSc_line_84dc4a70"
                    BASELINE="139 445 470 446" 
                    HPOS="139"
                    VPOS="445"
                    WIDTH="331"
                    HEIGHT="1">
	    <String CONTENT=""
                    HPOS="139"
                    VPOS="445"
                    WIDTH="331"
                    HEIGHT="1"></String>
          </TextLine>
          <TextLine ID="eSc_line_f03c0952"
                    BASELINE="141 469 530 474" 
                    HPOS="141"
                    VPOS="469"
                    WIDTH="389"
                    HEIGHT="5">
	    <String CONTENT=""
                    HPOS="141"
                    VPOS="469"
                    WIDTH="389"
                    HEIGHT="5"></String>
          </TextLine>
        </TextBlock>
        <TextBlock HPOS="135"
                   VPOS="512"
                   WIDTH="443"
                   HEIGHT="36"
                   ID="region_1720089232842_624"
                   TAGREFS="BT3758">
          <Shape><Polygon POINTS="137 515 135 537 218 535 268 536 302 538 578 548 576 522 309 517 199 512"/></Shape>
          <TextLine ID="eSc_line_64751829"
                    BASELINE="140 532 576 544" 
                    HPOS="140"
                    VPOS="532"
                    WIDTH="436"
                    HEIGHT="12">
	    <String CONTENT=""
                    HPOS="140"
                    VPOS="532"
                    WIDTH="436"
                    HEIGHT="12"></String>
          </TextLine>
        </TextBlock>
        <TextBlock HPOS="135"
                   VPOS="541"
                   WIDTH="452"
                   HEIGHT="106"
                   ID="region_1720089272221_627"
                   TAGREFS="BT3758">
          <Shape><Polygon POINTS="137 544 135 640 408 641 587 647 584 550 490 549 447 548 376 548 333 545 269 544 258 541 180 541"/></Shape>
          <TextLine ID="eSc_line_ca2cf073"
                    BASELINE="141 566 577 569" 
                    HPOS="141"
                    VPOS="566"
                    WIDTH="436"
                    HEIGHT="3">
	    <String CONTENT=""
                    HPOS="141"
                    VPOS="566"
                    WIDTH="436"
                    HEIGHT="3"></String>
          </TextLine>
          <TextLine ID="eSc_line_25d2a257"
                    BASELINE="154 588 578 591" 
                    HPOS="154"
                    VPOS="588"
                    WIDTH="424"
                    HEIGHT="3">
	    <String CONTENT=""
                    HPOS="154"
                    VPOS="588"
                    WIDTH="424"
                    HEIGHT="3"></String>
          </TextLine>
          <TextLine ID="eSc_line_f6099b7c"
                    BASELINE="156 611 576 621" 
                    HPOS="156"
                    VPOS="611"
                    WIDTH="420"
                    HEIGHT="10">
	    <String CONTENT=""
                    HPOS="156"
                    VPOS="611"
                    WIDTH="420"
                    HEIGHT="10"></String>
          </TextLine>
          <TextLine ID="eSc_line_ab741f00"
                    BASELINE="156 635 487 641" 
                    HPOS="156"
                    VPOS="635"
                    WIDTH="331"
                    HEIGHT="6">
	    <String CONTENT=""
                    HPOS="156"
                    VPOS="635"
                    WIDTH="331"
                    HEIGHT="6"></String>
          </TextLine>
        </TextBlock>
        <TextBlock HPOS="172"
                   VPOS="644"
                   WIDTH="406"
                   HEIGHT="110"
                   ID="region_1720089375425_632"
                   TAGREFS="BT3758">
          <Shape><Polygon POINTS="172 646 172 668 211 670 213 742 395 743 406 752 578 754 557 656 348 648 261 644"/></Shape>
          <TextLine ID="eSc_line_4b614898"
                    BASELINE="175 663 378 670" 
                    HPOS="175"
                    VPOS="663"
                    WIDTH="203"
                    HEIGHT="7">
	    <String CONTENT=""
                    HPOS="175"
                    VPOS="663"
                    WIDTH="203"
                    HEIGHT="7"></String>
          </TextLine>
          <TextLine ID="eSc_line_6694931b"
                    BASELINE="219 692 419 692" 
                    HPOS="219"
                    VPOS="692"
                    WIDTH="200"
                    HEIGHT="0">
	    <String CONTENT=""
                    HPOS="219"
                    VPOS="692"
                    WIDTH="200"
                    HEIGHT="0"></String>
          </TextLine>
          <TextLine ID="eSc_line_76325f43"
                    BASELINE="225 715 495 722" 
                    HPOS="225"
                    VPOS="715"
                    WIDTH="270"
                    HEIGHT="7">
	    <String CONTENT=""
                    HPOS="225"
                    VPOS="715"
                    WIDTH="270"
                    HEIGHT="7"></String>
          </TextLine>
          <TextLine ID="eSc_line_715f499a"
                    BASELINE="403 748 571 749" 
                    HPOS="403"
                    VPOS="748"
                    WIDTH="168"
                    HEIGHT="1">
	    <String CONTENT=""
                    HPOS="403"
                    VPOS="748"
                    WIDTH="168"
                    HEIGHT="1"></String>
          </TextLine>
        </TextBlock>
        <TextBlock HPOS="535"
                   VPOS="480"
                   WIDTH="46"
                   HEIGHT="33"
                   ID="region_1720089180394_618"
                   TAGREFS="BT3756">
          <Shape><Polygon POINTS="536 485 535 511 581 513 577 484 551 480"/></Shape>
          <TextLine ID="eSc_line_d8c14cc3"
                    BASELINE="538 505 575 506" 
                    HPOS="538"
                    VPOS="505"
                    WIDTH="37"
                    HEIGHT="1">
	    <String CONTENT=""
                    HPOS="538"
                    VPOS="505"
                    WIDTH="37"
                    HEIGHT="1"></String>
          </TextLine>
        </TextBlock>
        <TextBlock HPOS="155"
                   VPOS="747"
                   WIDTH="423"
                   HEIGHT="71"
                   ID="region_1720089404239_635"
                   TAGREFS="BT3758">
          <Shape><Polygon POINTS="158 750 155 818 241 818 244 797 576 804 578 756 326 755 248 747 165 747"/></Shape>
          <TextLine ID="eSc_line_4baec7c0"
                    BASELINE="163 770 572 775" 
                    HPOS="163"
                    VPOS="770"
                    WIDTH="409"
                    HEIGHT="5">
	    <String CONTENT=""
                    HPOS="163"
                    VPOS="770"
                    WIDTH="409"
                    HEIGHT="5"></String>
          </TextLine>
          <TextLine ID="eSc_line_bab5cf5a"
                    BASELINE="160 792 571 798" 
                    HPOS="160"
                    VPOS="792"
                    WIDTH="411"
                    HEIGHT="6">
	    <String CONTENT=""
                    HPOS="160"
                    VPOS="792"
                    WIDTH="411"
                    HEIGHT="6"></String>
          </TextLine>
          <TextLine ID="eSc_line_e78c62d2"
                    BASELINE="160 812 238 812" 
                    HPOS="160"
                    VPOS="812"
                    WIDTH="78"
                    HEIGHT="0">
	    <String CONTENT=""
                    HPOS="160"
                    VPOS="812"
                    WIDTH="78"
                    HEIGHT="0"></String>
          </TextLine>
        </TextBlock>
        <TextBlock HPOS="169"
                   VPOS="820"
                   WIDTH="415"
                   HEIGHT="136"
                   ID="region_1720089425477_638"
                   TAGREFS="BT3758">
          <Shape><Polygon POINTS="169 823 171 923 340 934 364 954 584 956 576 829 410 825 264 820 217 822 185 822"/></Shape>
          <TextLine ID="eSc_line_6fedf674"
                    BASELINE="173 843 498 846" 
                    HPOS="173"
                    VPOS="843"
                    WIDTH="325"
                    HEIGHT="3">
	    <String CONTENT=""
                    HPOS="173"
                    VPOS="843"
                    WIDTH="325"
                    HEIGHT="3"></String>
          </TextLine>
          <TextLine ID="eSc_line_d1973ec4"
                    BASELINE="174 864 488 873" 
                    HPOS="174"
                    VPOS="864"
                    WIDTH="314"
                    HEIGHT="9">
	    <String CONTENT=""
                    HPOS="174"
                    VPOS="864"
                    WIDTH="314"
                    HEIGHT="9"></String>
          </TextLine>
          <TextLine ID="eSc_line_bc275927"
                    BASELINE="172 891 563 900" 
                    HPOS="172"
                    VPOS="891"
                    WIDTH="391"
                    HEIGHT="9">
	    <String CONTENT=""
                    HPOS="172"
                    VPOS="891"
                    WIDTH="391"
                    HEIGHT="9"></String>
          </TextLine>
          <TextLine ID="eSc_line_5989e649"
                    BASELINE="175 918 339 925" 
                    HPOS="175"
                    VPOS="918"
                    WIDTH="164"
                    HEIGHT="7">
	    <String CONTENT=""
                    HPOS="175"
                    VPOS="918"
                    WIDTH="164"
                    HEIGHT="7"></String>
          </TextLine>
          <TextLine ID="eSc_line_b30adc38"
                    BASELINE="367 948 576 953" 
                    HPOS="367"
                    VPOS="948"
                    WIDTH="209"
                    HEIGHT="5">
	    <String CONTENT=""
                    HPOS="367"
                    VPOS="948"
                    WIDTH="209"
                    HEIGHT="5"></String>
          </TextLine>
        </TextBlock>
      </PrintSpace>
    </Page>
  </Layout>
</alto>
