<?xml version="1.0" encoding="UTF-8"?>
<alto xmlns:xsi="http://www.w3.org/2001/XMLSchema-instance"
      xmlns="http://www.loc.gov/standards/alto/ns-v4#"
      xsi:schemaLocation="http://www.loc.gov/standards/alto/ns-v4# http://www.loc.gov/standards/alto/v4/alto-4-2.xsd">
  <Description>
    <MeasurementUnit>pixel</MeasurementUnit>
    <sourceImageInformation>
      <fileName>1775-Saemmtliche_Poetische_Werke_Schmieder_Bd_1_VD18_90914260_NEU-161.png</fileName>
      <fileIdentifier>mets//SchmiederZeilenUnb.zip/1775-Saemmtliche_Poetische_Werke_Schmieder_Bd_1_VD18_90914260_NEU-161.png</fileIdentifier>
    </sourceImageInformation>
  </Description>
  <Tags>
    <OtherTag ID="BT1" LABEL="Title" DESCRIPTION="block type Title"/><OtherTag ID="BT2" LABEL="Main" DESCRIPTION="block type Main"/><OtherTag ID="BT3" LABEL="Commentary" DESCRIPTION="block type Commentary"/><OtherTag ID="BT4" LABEL="Illustration" DESCRIPTION="block type Illustration"/><OtherTag ID="BT3755" LABEL="header" DESCRIPTION="block type header"/><OtherTag ID="BT3756" LABEL="paragraph" DESCRIPTION="block type paragraph"/><OtherTag ID="BT3757" LABEL="heading" DESCRIPTION="block type heading"/><OtherTag ID="BT3758" LABEL="footnote" DESCRIPTION="block type footnote"/><OtherTag ID="BT3759" LABEL="l-column" DESCRIPTION="block type l-column"/><OtherTag ID="BT3760" LABEL="r-column" DESCRIPTION="block type r-column"/><OtherTag ID="BT3761" LABEL="marginalia" DESCRIPTION="block type marginalia"/><OtherTag ID="BT4125" LABEL="drop-capital" DESCRIPTION="block type drop-capital"/><OtherTag ID="BT4126" LABEL="catch-word" DESCRIPTION="block type catch-word"/><OtherTag ID="BT4127" LABEL="page-number" DESCRIPTION="block type page-number"/><OtherTag ID="BT4128" LABEL="signature-mark" DESCRIPTION="block type signature-mark"/><OtherTag ID="BT4129" LABEL="poem_lg" DESCRIPTION="block type poem_lg"/><OtherTag ID="BT4130" LABEL="endnote" DESCRIPTION="block type endnote"/>
  </Tags>
  <Layout>
    <Page WIDTH="658"
          HEIGHT="1096"
          PHYSICAL_IMG_NR="82"
          ID="eSc_dummypage_">
      <PrintSpace HPOS="0"
                  VPOS="0"
                  WIDTH="658"
                  HEIGHT="1096">
        <TextBlock HPOS="49"
                   VPOS="126"
                   WIDTH="438"
                   HEIGHT="117"
                   ID="region_1719328451959_956"
                   TAGREFS="BT3756">
          <Shape><Polygon POINTS="49 243 49 126 487 129 487 239"/></Shape>
          <TextLine ID="eSc_line_f03a768c"
                    BASELINE="57 150 472 151" 
                    HPOS="57"
                    VPOS="150"
                    WIDTH="415"
                    HEIGHT="1">
	    <String CONTENT=""
                    HPOS="57"
                    VPOS="150"
                    WIDTH="415"
                    HEIGHT="1"></String>
          </TextLine>
          <TextLine ID="eSc_line_8e678f8c"
                    BASELINE="60 178 405 178" 
                    HPOS="60"
                    VPOS="178"
                    WIDTH="345"
                    HEIGHT="0">
	    <String CONTENT=""
                    HPOS="60"
                    VPOS="178"
                    WIDTH="345"
                    HEIGHT="0"></String>
          </TextLine>
          <TextLine ID="eSc_line_8b6043ec"
                    BASELINE="61 204 482 205" 
                    HPOS="61"
                    VPOS="204"
                    WIDTH="421"
                    HEIGHT="1">
	    <String CONTENT=""
                    HPOS="61"
                    VPOS="204"
                    WIDTH="421"
                    HEIGHT="1"></String>
          </TextLine>
          <TextLine ID="eSc_line_48f502ec"
                    BASELINE="59 230 469 231" 
                    HPOS="59"
                    VPOS="230"
                    WIDTH="410"
                    HEIGHT="1">
	    <String CONTENT=""
                    HPOS="59"
                    VPOS="230"
                    WIDTH="410"
                    HEIGHT="1"></String>
          </TextLine>
        </TextBlock>
        <TextBlock HPOS="152"
                   VPOS="83"
                   WIDTH="238"
                   HEIGHT="36"
                   ID="region_1719328433859_950"
                   TAGREFS="BT3756">
          <Shape><Polygon POINTS="152 119 152 85 390 83 389 116"/></Shape>
          <TextLine ID="eSc_line_dbea866a"
                    BASELINE="160 111 383 109" 
                    HPOS="160"
                    VPOS="109"
                    WIDTH="223"
                    HEIGHT="2">
	    <String CONTENT=""
                    HPOS="160"
                    VPOS="109"
                    WIDTH="223"
                    HEIGHT="2"></String>
          </TextLine>
        </TextBlock>
        <TextBlock HPOS="50"
                   VPOS="248"
                   WIDTH="478"
                   HEIGHT="112"
                   ID="region_1719328462184_959"
                   TAGREFS="BT3756">
          <Shape><Polygon POINTS="53 360 50 252 112 248 515 248 528 354"/></Shape>
          <TextLine ID="eSc_line_7435d534"
                    BASELINE="81 270 497 271" 
                    HPOS="81"
                    VPOS="270"
                    WIDTH="416"
                    HEIGHT="1">
	    <String CONTENT=""
                    HPOS="81"
                    VPOS="270"
                    WIDTH="416"
                    HEIGHT="1"></String>
          </TextLine>
          <TextLine ID="eSc_line_d0db6130"
                    BASELINE="61 297 485 296" 
                    HPOS="61"
                    VPOS="296"
                    WIDTH="424"
                    HEIGHT="1">
	    <String CONTENT=""
                    HPOS="61"
                    VPOS="296"
                    WIDTH="424"
                    HEIGHT="1"></String>
          </TextLine>
          <TextLine ID="eSc_line_cf27b0f6"
                    BASELINE="62 322 507 323" 
                    HPOS="62"
                    VPOS="322"
                    WIDTH="445"
                    HEIGHT="1">
	    <String CONTENT=""
                    HPOS="62"
                    VPOS="322"
                    WIDTH="445"
                    HEIGHT="1"></String>
          </TextLine>
          <TextLine ID="eSc_line_48376881"
                    BASELINE="63 353 518 348" 
                    HPOS="63"
                    VPOS="348"
                    WIDTH="455"
                    HEIGHT="5">
	    <String CONTENT=""
                    HPOS="63"
                    VPOS="348"
                    WIDTH="455"
                    HEIGHT="5"></String>
          </TextLine>
        </TextBlock>
        <TextBlock HPOS="89"
                   VPOS="387"
                   WIDTH="435"
                   HEIGHT="111"
                   ID="region_1719328602740_977"
                   TAGREFS="BT3758">
          <Shape><Polygon POINTS="89 492 90 394 120 389 250 391 267 398 296 398 322 397 338 392 415 387 524 396 523 495 422 498 370 498 238 496"/></Shape>
          <TextLine ID="eSc_line_e5569de1"
                    BASELINE="103 412 518 413" 
                    HPOS="103"
                    VPOS="412"
                    WIDTH="415"
                    HEIGHT="1">
	    <String CONTENT=""
                    HPOS="103"
                    VPOS="412"
                    WIDTH="415"
                    HEIGHT="1"></String>
          </TextLine>
          <TextLine ID="eSc_line_0291007d"
                    BASELINE="140 439 356 441" 
                    HPOS="140"
                    VPOS="439"
                    WIDTH="216"
                    HEIGHT="2">
	    <String CONTENT=""
                    HPOS="140"
                    VPOS="439"
                    WIDTH="216"
                    HEIGHT="2"></String>
          </TextLine>
          <TextLine ID="eSc_line_3662789a"
                    BASELINE="138 464 310 466" 
                    HPOS="138"
                    VPOS="464"
                    WIDTH="172"
                    HEIGHT="2">
	    <String CONTENT=""
                    HPOS="138"
                    VPOS="464"
                    WIDTH="172"
                    HEIGHT="2"></String>
          </TextLine>
          <TextLine ID="eSc_line_0c85539f"
                    BASELINE="102 490 413 491" 
                    HPOS="102"
                    VPOS="490"
                    WIDTH="311"
                    HEIGHT="1">
	    <String CONTENT=""
                    HPOS="102"
                    VPOS="490"
                    WIDTH="311"
                    HEIGHT="1"></String>
          </TextLine>
        </TextBlock>
        <TextBlock HPOS="261"
                   VPOS="359"
                   WIDTH="53"
                   HEIGHT="31"
                   ID="region_1719328474846_962"
                   TAGREFS="BT3756">
          <Shape><Polygon POINTS="261 386 261 359 314 362 309 390"/></Shape>
          <TextLine ID="eSc_line_681b0587"
                    BASELINE="263 380 518 378" 
                    HPOS="263"
                    VPOS="378"
                    WIDTH="255"
                    HEIGHT="2">
	    <String CONTENT=""
                    HPOS="263"
                    VPOS="378"
                    WIDTH="255"
                    HEIGHT="2"></String>
          </TextLine>
        </TextBlock>
        <TextBlock HPOS="471"
                   VPOS="87"
                   WIDTH="51"
                   HEIGHT="29"
                   ID="region_1719328439943_953"
                   TAGREFS="BT3756">
          <Shape><Polygon POINTS="473 116 471 89 521 87 522 115"/></Shape>
          <TextLine ID="eSc_line_195bcaeb"
                    BASELINE="476 110 516 110" 
                    HPOS="476"
                    VPOS="110"
                    WIDTH="40"
                    HEIGHT="0">
	    <String CONTENT=""
                    HPOS="476"
                    VPOS="110"
                    WIDTH="40"
                    HEIGHT="0"></String>
          </TextLine>
        </TextBlock>
        <TextBlock HPOS="66"
                   VPOS="502"
                   WIDTH="465"
                   HEIGHT="380"
                   ID="region_1719328577008_974"
                   TAGREFS="BT3758">
          <Shape><Polygon POINTS="530 877 441 882 395 881 355 882 271 879 66 866 67 502 394 502 531 507"/></Shape>
          <TextLine ID="eSc_line_0c593a5b"
                    BASELINE="82 532 516 534" 
                    HPOS="82"
                    VPOS="532"
                    WIDTH="434"
                    HEIGHT="2">
	    <String CONTENT=""
                    HPOS="82"
                    VPOS="532"
                    WIDTH="434"
                    HEIGHT="2"></String>
          </TextLine>
          <TextLine ID="eSc_line_98a84c5e"
                    BASELINE="136 558 214 559" 
                    HPOS="136"
                    VPOS="558"
                    WIDTH="78"
                    HEIGHT="1">
	    <String CONTENT=""
                    HPOS="136"
                    VPOS="558"
                    WIDTH="78"
                    HEIGHT="1"></String>
          </TextLine>
          <TextLine ID="eSc_line_271ac2b4"
                    BASELINE="92 586 517 588" 
                    HPOS="92"
                    VPOS="586"
                    WIDTH="425"
                    HEIGHT="2">
	    <String CONTENT=""
                    HPOS="92"
                    VPOS="586"
                    WIDTH="425"
                    HEIGHT="2"></String>
          </TextLine>
          <TextLine ID="eSc_line_f1c18cb4"
                    BASELINE="135 612 236 615" 
                    HPOS="135"
                    VPOS="612"
                    WIDTH="101"
                    HEIGHT="3">
	    <String CONTENT=""
                    HPOS="135"
                    VPOS="612"
                    WIDTH="101"
                    HEIGHT="3"></String>
          </TextLine>
          <TextLine ID="eSc_line_fd734652"
                    BASELINE="96 640 457 638" 
                    HPOS="96"
                    VPOS="638"
                    WIDTH="361"
                    HEIGHT="2">
	    <String CONTENT=""
                    HPOS="96"
                    VPOS="638"
                    WIDTH="361"
                    HEIGHT="2"></String>
          </TextLine>
          <TextLine ID="eSc_line_4e6f0096"
                    BASELINE="95 693 517 692" 
                    HPOS="95"
                    VPOS="692"
                    WIDTH="422"
                    HEIGHT="1">
	    <String CONTENT=""
                    HPOS="95"
                    VPOS="692"
                    WIDTH="422"
                    HEIGHT="1"></String>
          </TextLine>
          <TextLine ID="eSc_line_76b82403"
                    BASELINE="279 668 468 666" 
                    HPOS="279"
                    VPOS="666"
                    WIDTH="189"
                    HEIGHT="2">
	    <String CONTENT=""
                    HPOS="279"
                    VPOS="666"
                    WIDTH="189"
                    HEIGHT="2"></String>
          </TextLine>
          <TextLine ID="eSc_line_5f17a593"
                    BASELINE="74 720 459 721" 
                    HPOS="74"
                    VPOS="720"
                    WIDTH="385"
                    HEIGHT="1">
	    <String CONTENT=""
                    HPOS="74"
                    VPOS="720"
                    WIDTH="385"
                    HEIGHT="1"></String>
          </TextLine>
          <TextLine ID="eSc_line_426f4438"
                    BASELINE="98 745 388 743" 
                    HPOS="98"
                    VPOS="743"
                    WIDTH="290"
                    HEIGHT="2">
	    <String CONTENT=""
                    HPOS="98"
                    VPOS="743"
                    WIDTH="290"
                    HEIGHT="2"></String>
          </TextLine>
          <TextLine ID="eSc_line_247ae273"
                    BASELINE="92 798 515 799" 
                    HPOS="92"
                    VPOS="798"
                    WIDTH="423"
                    HEIGHT="1">
	    <String CONTENT=""
                    HPOS="92"
                    VPOS="798"
                    WIDTH="423"
                    HEIGHT="1"></String>
          </TextLine>
          <TextLine ID="eSc_line_8899f515"
                    BASELINE="266 770 463 772" 
                    HPOS="266"
                    VPOS="770"
                    WIDTH="197"
                    HEIGHT="2">
	    <String CONTENT=""
                    HPOS="266"
                    VPOS="770"
                    WIDTH="197"
                    HEIGHT="2"></String>
          </TextLine>
          <TextLine ID="eSc_line_e171d8d8"
                    BASELINE="131 855 380 853" 
                    HPOS="131"
                    VPOS="853"
                    WIDTH="249"
                    HEIGHT="2">
	    <String CONTENT=""
                    HPOS="131"
                    VPOS="853"
                    WIDTH="249"
                    HEIGHT="2"></String>
          </TextLine>
          <TextLine ID="eSc_line_857c74be"
                    BASELINE="273 826 457 825" 
                    HPOS="273"
                    VPOS="825"
                    WIDTH="184"
                    HEIGHT="1">
	    <String CONTENT=""
                    HPOS="273"
                    VPOS="825"
                    WIDTH="184"
                    HEIGHT="1"></String>
          </TextLine>
          <TextLine ID="eSc_line_d95f8a25"
                    BASELINE="283 878 461 876" 
                    HPOS="283"
                    VPOS="876"
                    WIDTH="178"
                    HEIGHT="2">
	    <String CONTENT=""
                    HPOS="283"
                    VPOS="876"
                    WIDTH="178"
                    HEIGHT="2"></String>
          </TextLine>
        </TextBlock>
        <TextBlock HPOS="66"
                   VPOS="883"
                   WIDTH="468"
                   HEIGHT="98"
                   ID="region_1719328539863_971"
                   TAGREFS="BT3758">
          <Shape><Polygon POINTS="73 981 66 883 282 884 522 886 534 975"/></Shape>
          <TextLine ID="eSc_line_50b347e5"
                    BASELINE="73 912 519 911" 
                    HPOS="73"
                    VPOS="911"
                    WIDTH="446"
                    HEIGHT="1">
	    <String CONTENT=""
                    HPOS="73"
                    VPOS="911"
                    WIDTH="446"
                    HEIGHT="1"></String>
          </TextLine>
          <TextLine ID="eSc_line_73907c2e"
                    BASELINE="119 942 284 937" 
                    HPOS="119"
                    VPOS="937"
                    WIDTH="165"
                    HEIGHT="5">
	    <String CONTENT=""
                    HPOS="119"
                    VPOS="937"
                    WIDTH="165"
                    HEIGHT="5"></String>
          </TextLine>
          <TextLine ID="eSc_line_0d54b41e"
                    BASELINE="289 963 479 961" 
                    HPOS="289"
                    VPOS="961"
                    WIDTH="190"
                    HEIGHT="2">
	    <String CONTENT=""
                    HPOS="289"
                    VPOS="961"
                    WIDTH="190"
                    HEIGHT="2"></String>
          </TextLine>
        </TextBlock>
        <TextBlock HPOS="463"
                   VPOS="358"
                   WIDTH="62"
                   HEIGHT="26"
                   ID="region_1719328482515_965"
                   TAGREFS="BT4126">
          <Shape><Polygon POINTS="466 382 463 359 493 358 525 360 523 384"/></Shape>
        </TextBlock>
      </PrintSpace>
    </Page>
  </Layout>
</alto>
