<?xml version="1.0" encoding="UTF-8"?>
<alto xmlns:xsi="http://www.w3.org/2001/XMLSchema-instance"
      xmlns="http://www.loc.gov/standards/alto/ns-v4#"
      xsi:schemaLocation="http://www.loc.gov/standards/alto/ns-v4# http://www.loc.gov/standards/alto/v4/alto-4-2.xsd">
  <Description>
    <MeasurementUnit>pixel</MeasurementUnit>
    <sourceImageInformation>
      <fileName>1775-Saemmtliche_Poetische_Werke_Schmieder_Bd_3_VD18_90914295_NEU-012.png</fileName>
      <fileIdentifier>mets//SchmiederZeilenUnb.zip/1775-Saemmtliche_Poetische_Werke_Schmieder_Bd_3_VD18_90914295_NEU-012.png</fileIdentifier>
    </sourceImageInformation>
  </Description>
  <Tags>
    <OtherTag ID="BT1" LABEL="Title" DESCRIPTION="block type Title"/><OtherTag ID="BT2" LABEL="Main" DESCRIPTION="block type Main"/><OtherTag ID="BT3" LABEL="Commentary" DESCRIPTION="block type Commentary"/><OtherTag ID="BT4" LABEL="Illustration" DESCRIPTION="block type Illustration"/><OtherTag ID="BT3755" LABEL="header" DESCRIPTION="block type header"/><OtherTag ID="BT3756" LABEL="paragraph" DESCRIPTION="block type paragraph"/><OtherTag ID="BT3757" LABEL="heading" DESCRIPTION="block type heading"/><OtherTag ID="BT3758" LABEL="footnote" DESCRIPTION="block type footnote"/><OtherTag ID="BT3759" LABEL="l-column" DESCRIPTION="block type l-column"/><OtherTag ID="BT3760" LABEL="r-column" DESCRIPTION="block type r-column"/><OtherTag ID="BT3761" LABEL="marginalia" DESCRIPTION="block type marginalia"/><OtherTag ID="BT4125" LABEL="drop-capital" DESCRIPTION="block type drop-capital"/><OtherTag ID="BT4126" LABEL="catch-word" DESCRIPTION="block type catch-word"/><OtherTag ID="BT4127" LABEL="page-number" DESCRIPTION="block type page-number"/><OtherTag ID="BT4128" LABEL="signature-mark" DESCRIPTION="block type signature-mark"/><OtherTag ID="BT4129" LABEL="poem_lg" DESCRIPTION="block type poem_lg"/><OtherTag ID="BT4130" LABEL="endnote" DESCRIPTION="block type endnote"/>
  </Tags>
  <Layout>
    <Page WIDTH="649"
          HEIGHT="1102"
          PHYSICAL_IMG_NR="96"
          ID="eSc_dummypage_">
      <PrintSpace HPOS="0"
                  VPOS="0"
                  WIDTH="649"
                  HEIGHT="1102">
        <TextBlock HPOS="66"
                   VPOS="139"
                   WIDTH="460"
                   HEIGHT="275"
                   ID="region_1719907099636_75"
                   TAGREFS="BT3756">
          <Shape><Polygon POINTS="68 144 523 139 526 399 66 414"/></Shape>
          <TextLine ID="eSc_line_961b19fc"
                    BASELINE="70 173 516 162" 
                    HPOS="70"
                    VPOS="162"
                    WIDTH="446"
                    HEIGHT="11">
	    <String CONTENT=""
                    HPOS="70"
                    VPOS="162"
                    WIDTH="446"
                    HEIGHT="11"></String>
          </TextLine>
          <TextLine ID="eSc_line_32005ecd"
                    BASELINE="77 199 515 188" 
                    HPOS="77"
                    VPOS="188"
                    WIDTH="438"
                    HEIGHT="11">
	    <String CONTENT=""
                    HPOS="77"
                    VPOS="188"
                    WIDTH="438"
                    HEIGHT="11"></String>
          </TextLine>
          <TextLine ID="eSc_line_e291406b"
                    BASELINE="74 227 516 213" 
                    HPOS="74"
                    VPOS="213"
                    WIDTH="442"
                    HEIGHT="14">
	    <String CONTENT=""
                    HPOS="74"
                    VPOS="213"
                    WIDTH="442"
                    HEIGHT="14"></String>
          </TextLine>
          <TextLine ID="eSc_line_fc952b3a"
                    BASELINE="71 248 145 249" 
                    HPOS="71"
                    VPOS="248"
                    WIDTH="74"
                    HEIGHT="1">
	    <String CONTENT=""
                    HPOS="71"
                    VPOS="248"
                    WIDTH="74"
                    HEIGHT="1"></String>
          </TextLine>
          <TextLine ID="eSc_line_fa2b9852"
                    BASELINE="96 283 517 270" 
                    HPOS="96"
                    VPOS="270"
                    WIDTH="421"
                    HEIGHT="13">
	    <String CONTENT=""
                    HPOS="96"
                    VPOS="270"
                    WIDTH="421"
                    HEIGHT="13"></String>
          </TextLine>
          <TextLine ID="eSc_line_cc6f4f48"
                    BASELINE="74 307 516 297" 
                    HPOS="74"
                    VPOS="297"
                    WIDTH="442"
                    HEIGHT="10">
	    <String CONTENT=""
                    HPOS="74"
                    VPOS="297"
                    WIDTH="442"
                    HEIGHT="10"></String>
          </TextLine>
          <TextLine ID="eSc_line_a23c64db"
                    BASELINE="76 331 516 323" 
                    HPOS="76"
                    VPOS="323"
                    WIDTH="440"
                    HEIGHT="8">
	    <String CONTENT=""
                    HPOS="76"
                    VPOS="323"
                    WIDTH="440"
                    HEIGHT="8"></String>
          </TextLine>
          <TextLine ID="eSc_line_0937f71a"
                    BASELINE="70 357 518 348" 
                    HPOS="70"
                    VPOS="348"
                    WIDTH="448"
                    HEIGHT="9">
	    <String CONTENT=""
                    HPOS="70"
                    VPOS="348"
                    WIDTH="448"
                    HEIGHT="9"></String>
          </TextLine>
          <TextLine ID="eSc_line_d29754de"
                    BASELINE="74 381 518 370" 
                    HPOS="74"
                    VPOS="370"
                    WIDTH="444"
                    HEIGHT="11">
	    <String CONTENT=""
                    HPOS="74"
                    VPOS="370"
                    WIDTH="444"
                    HEIGHT="11"></String>
          </TextLine>
          <TextLine ID="eSc_line_57a44ed4"
                    BASELINE="76 412 517 392" 
                    HPOS="76"
                    VPOS="392"
                    WIDTH="441"
                    HEIGHT="20">
	    <String CONTENT=""
                    HPOS="76"
                    VPOS="392"
                    WIDTH="441"
                    HEIGHT="20"></String>
          </TextLine>
        </TextBlock>
        <TextBlock HPOS="217"
                   VPOS="102"
                   WIDTH="129"
                   HEIGHT="31"
                   ID="region_1719907086224_72"
                   TAGREFS="BT3756">
          <Shape><Polygon POINTS="346 130 343 102 217 103 234 133"/></Shape>
          <TextLine ID="eSc_line_bdc954ac"
                    BASELINE="239 127 340 130" 
                    HPOS="239"
                    VPOS="127"
                    WIDTH="101"
                    HEIGHT="3">
	    <String CONTENT=""
                    HPOS="239"
                    VPOS="127"
                    WIDTH="101"
                    HEIGHT="3"></String>
          </TextLine>
        </TextBlock>
        <TextBlock HPOS="69"
                   VPOS="429"
                   WIDTH="454"
                   HEIGHT="220"
                   ID="region_1719907170487_93"
                   TAGREFS="BT3758">
          <Shape><Polygon POINTS="523 635 520 429 70 437 69 630 69 649"/></Shape>
          <TextLine ID="eSc_line_277d47e6"
                    BASELINE="77 459 517 450" 
                    HPOS="77"
                    VPOS="450"
                    WIDTH="440"
                    HEIGHT="9">
	    <String CONTENT=""
                    HPOS="77"
                    VPOS="450"
                    WIDTH="440"
                    HEIGHT="9"></String>
          </TextLine>
          <TextLine ID="eSc_line_0bfe17c3"
                    BASELINE="74 480 517 468" 
                    HPOS="74"
                    VPOS="468"
                    WIDTH="443"
                    HEIGHT="12">
	    <String CONTENT=""
                    HPOS="74"
                    VPOS="468"
                    WIDTH="443"
                    HEIGHT="12"></String>
          </TextLine>
          <TextLine ID="eSc_line_1c560a82"
                    BASELINE="76 500 520 490" 
                    HPOS="76"
                    VPOS="490"
                    WIDTH="444"
                    HEIGHT="10">
	    <String CONTENT=""
                    HPOS="76"
                    VPOS="490"
                    WIDTH="444"
                    HEIGHT="10"></String>
          </TextLine>
          <TextLine ID="eSc_line_775aa69a"
                    BASELINE="76 521 518 511" 
                    HPOS="76"
                    VPOS="511"
                    WIDTH="442"
                    HEIGHT="10">
	    <String CONTENT=""
                    HPOS="76"
                    VPOS="511"
                    WIDTH="442"
                    HEIGHT="10"></String>
          </TextLine>
          <TextLine ID="eSc_line_cec15c28"
                    BASELINE="76 538 516 533" 
                    HPOS="76"
                    VPOS="533"
                    WIDTH="440"
                    HEIGHT="5">
	    <String CONTENT=""
                    HPOS="76"
                    VPOS="533"
                    WIDTH="440"
                    HEIGHT="5"></String>
          </TextLine>
          <TextLine ID="eSc_line_6081fa8e"
                    BASELINE="73 563 517 554" 
                    HPOS="73"
                    VPOS="554"
                    WIDTH="444"
                    HEIGHT="9">
	    <String CONTENT=""
                    HPOS="73"
                    VPOS="554"
                    WIDTH="444"
                    HEIGHT="9"></String>
          </TextLine>
          <TextLine ID="eSc_line_2b9d20fd"
                    BASELINE="79 582 516 574" 
                    HPOS="79"
                    VPOS="574"
                    WIDTH="437"
                    HEIGHT="8">
	    <String CONTENT=""
                    HPOS="79"
                    VPOS="574"
                    WIDTH="437"
                    HEIGHT="8"></String>
          </TextLine>
          <TextLine ID="eSc_line_fb4bddb1"
                    BASELINE="77 600 517 593" 
                    HPOS="77"
                    VPOS="593"
                    WIDTH="440"
                    HEIGHT="7">
	    <String CONTENT=""
                    HPOS="77"
                    VPOS="593"
                    WIDTH="440"
                    HEIGHT="7"></String>
          </TextLine>
          <TextLine ID="eSc_line_28978290"
                    BASELINE="77 620 516 614" 
                    HPOS="77"
                    VPOS="614"
                    WIDTH="439"
                    HEIGHT="6">
	    <String CONTENT=""
                    HPOS="77"
                    VPOS="614"
                    WIDTH="439"
                    HEIGHT="6"></String>
          </TextLine>
          <TextLine ID="eSc_line_435c194f"
                    BASELINE="78 642 297 637" 
                    HPOS="78"
                    VPOS="637"
                    WIDTH="219"
                    HEIGHT="5">
	    <String CONTENT=""
                    HPOS="78"
                    VPOS="637"
                    WIDTH="219"
                    HEIGHT="5"></String>
          </TextLine>
        </TextBlock>
        <TextBlock HPOS="469"
                   VPOS="103"
                   WIDTH="48"
                   HEIGHT="23"
                   ID="region_1719907073058_69"
                   TAGREFS="BT3756">
          <Shape><Polygon POINTS="474 126 469 103 517 103 514 124"/></Shape>
          <TextLine ID="eSc_line_79b12af5"
                    BASELINE="481 122 508 122" 
                    HPOS="481"
                    VPOS="122"
                    WIDTH="27"
                    HEIGHT="0">
	    <String CONTENT=""
                    HPOS="481"
                    VPOS="122"
                    WIDTH="27"
                    HEIGHT="0"></String>
          </TextLine>
        </TextBlock>
        <TextBlock HPOS="456"
                   VPOS="401"
                   WIDTH="60"
                   HEIGHT="20"
                   ID="region_1719907111057_78"
                   TAGREFS="BT3756">
          <Shape><Polygon POINTS="456 419 461 405 514 401 516 421"/></Shape>
          <TextLine ID="eSc_line_d8f3c796"
                    BASELINE="463 418 513 418" 
                    HPOS="463"
                    VPOS="418"
                    WIDTH="50"
                    HEIGHT="0">
	    <String CONTENT=""
                    HPOS="463"
                    VPOS="418"
                    WIDTH="50"
                    HEIGHT="0"></String>
          </TextLine>
        </TextBlock>
        <TextBlock HPOS="72"
                   VPOS="634"
                   WIDTH="462"
                   HEIGHT="161"
                   ID="region_1719907161064_90"
                   TAGREFS="BT3758">
          <Shape><Polygon POINTS="74 795 72 652 522 634 534 784"/></Shape>
          <TextLine ID="eSc_line_801012a5"
                    BASELINE="99 673 518 659" 
                    HPOS="99"
                    VPOS="659"
                    WIDTH="419"
                    HEIGHT="14">
	    <String CONTENT=""
                    HPOS="99"
                    VPOS="659"
                    WIDTH="419"
                    HEIGHT="14"></String>
          </TextLine>
          <TextLine ID="eSc_line_4d235f87"
                    BASELINE="78 693 522 679" 
                    HPOS="78"
                    VPOS="679"
                    WIDTH="444"
                    HEIGHT="14">
	    <String CONTENT=""
                    HPOS="78"
                    VPOS="679"
                    WIDTH="444"
                    HEIGHT="14"></String>
          </TextLine>
          <TextLine ID="eSc_line_a7d64f17"
                    BASELINE="80 711 525 698" 
                    HPOS="80"
                    VPOS="698"
                    WIDTH="445"
                    HEIGHT="13">
	    <String CONTENT=""
                    HPOS="80"
                    VPOS="698"
                    WIDTH="445"
                    HEIGHT="13"></String>
          </TextLine>
          <TextLine ID="eSc_line_32c9e085"
                    BASELINE="79 729 523 718" 
                    HPOS="79"
                    VPOS="718"
                    WIDTH="444"
                    HEIGHT="11">
	    <String CONTENT=""
                    HPOS="79"
                    VPOS="718"
                    WIDTH="444"
                    HEIGHT="11"></String>
          </TextLine>
          <TextLine ID="eSc_line_2f72d42b"
                    BASELINE="81 749 523 739" 
                    HPOS="81"
                    VPOS="739"
                    WIDTH="442"
                    HEIGHT="10">
	    <String CONTENT=""
                    HPOS="81"
                    VPOS="739"
                    WIDTH="442"
                    HEIGHT="10"></String>
          </TextLine>
          <TextLine ID="eSc_line_1e8a2b63"
                    BASELINE="82 773 524 759" 
                    HPOS="82"
                    VPOS="759"
                    WIDTH="442"
                    HEIGHT="14">
	    <String CONTENT=""
                    HPOS="82"
                    VPOS="759"
                    WIDTH="442"
                    HEIGHT="14"></String>
          </TextLine>
          <TextLine ID="eSc_line_a08d4e96"
                    BASELINE="84 791 150 790" 
                    HPOS="84"
                    VPOS="790"
                    WIDTH="66"
                    HEIGHT="1">
	    <String CONTENT=""
                    HPOS="84"
                    VPOS="790"
                    WIDTH="66"
                    HEIGHT="1"></String>
          </TextLine>
        </TextBlock>
        <TextBlock HPOS="69"
                   VPOS="788"
                   WIDTH="455"
                   HEIGHT="63"
                   ID="region_1719907151123_87"
                   TAGREFS="BT3758">
          <Shape><Polygon POINTS="524 821 516 788 99 799 69 851"/></Shape>
          <TextLine ID="eSc_line_2e4db9ce"
                    BASELINE="105 823 516 811" 
                    HPOS="105"
                    VPOS="811"
                    WIDTH="411"
                    HEIGHT="12">
	    <String CONTENT=""
                    HPOS="105"
                    VPOS="811"
                    WIDTH="411"
                    HEIGHT="12"></String>
          </TextLine>
          <TextLine ID="eSc_line_fe871847"
                    BASELINE="87 841 156 841" 
                    HPOS="87"
                    VPOS="841"
                    WIDTH="69"
                    HEIGHT="0">
	    <String CONTENT=""
                    HPOS="87"
                    VPOS="841"
                    WIDTH="69"
                    HEIGHT="0"></String>
          </TextLine>
        </TextBlock>
        <TextBlock HPOS="92"
                   VPOS="832"
                   WIDTH="441"
                   HEIGHT="115"
                   ID="region_1719907142033_84"
                   TAGREFS="BT3758">
          <Shape><Polygon POINTS="92 947 100 853 521 832 533 947"/></Shape>
          <TextLine ID="eSc_line_131bb372"
                    BASELINE="108 874 473 855" 
                    HPOS="108"
                    VPOS="855"
                    WIDTH="365"
                    HEIGHT="19">
	    <String CONTENT=""
                    HPOS="108"
                    VPOS="855"
                    WIDTH="365"
                    HEIGHT="19"></String>
          </TextLine>
          <TextLine ID="eSc_line_e16d2d07"
                    BASELINE="124 889 478 876" 
                    HPOS="124"
                    VPOS="876"
                    WIDTH="354"
                    HEIGHT="13">
	    <String CONTENT=""
                    HPOS="124"
                    VPOS="876"
                    WIDTH="354"
                    HEIGHT="13"></String>
          </TextLine>
          <TextLine ID="eSc_line_b0c5b6af"
                    BASELINE="123 913 516 898" 
                    HPOS="123"
                    VPOS="898"
                    WIDTH="393"
                    HEIGHT="15">
	    <String CONTENT=""
                    HPOS="123"
                    VPOS="898"
                    WIDTH="393"
                    HEIGHT="15"></String>
          </TextLine>
          <TextLine ID="eSc_line_a4652842"
                    BASELINE="115 931 425 916" 
                    HPOS="115"
                    VPOS="916"
                    WIDTH="310"
                    HEIGHT="15">
	    <String CONTENT=""
                    HPOS="115"
                    VPOS="916"
                    WIDTH="310"
                    HEIGHT="15"></String>
          </TextLine>
          <TextLine ID="eSc_line_93d61e0a"
                    BASELINE="390 942 472 942" 
                    HPOS="390"
                    VPOS="942"
                    WIDTH="82"
                    HEIGHT="0">
	    <String CONTENT=""
                    HPOS="390"
                    VPOS="942"
                    WIDTH="82"
                    HEIGHT="0"></String>
          </TextLine>
        </TextBlock>
      </PrintSpace>
    </Page>
  </Layout>
</alto>
