<?xml version="1.0" encoding="UTF-8"?>
<alto xmlns:xsi="http://www.w3.org/2001/XMLSchema-instance"
      xmlns="http://www.loc.gov/standards/alto/ns-v4#"
      xsi:schemaLocation="http://www.loc.gov/standards/alto/ns-v4# http://www.loc.gov/standards/alto/v4/alto-4-2.xsd">
  <Description>
    <MeasurementUnit>pixel</MeasurementUnit>
    <sourceImageInformation>
      <fileName>1775-Saemmtliche_Poetische_Werke_Schmieder_Bd_3_VD18_90914295_NEU-170.png</fileName>
      <fileIdentifier>mets//SchmiederZeilenUnb.zip/1775-Saemmtliche_Poetische_Werke_Schmieder_Bd_3_VD18_90914295_NEU-170.png</fileIdentifier>
    </sourceImageInformation>
  </Description>
  <Tags>
    <OtherTag ID="BT1" LABEL="Title" DESCRIPTION="block type Title"/><OtherTag ID="BT2" LABEL="Main" DESCRIPTION="block type Main"/><OtherTag ID="BT3" LABEL="Commentary" DESCRIPTION="block type Commentary"/><OtherTag ID="BT4" LABEL="Illustration" DESCRIPTION="block type Illustration"/><OtherTag ID="BT3755" LABEL="header" DESCRIPTION="block type header"/><OtherTag ID="BT3756" LABEL="paragraph" DESCRIPTION="block type paragraph"/><OtherTag ID="BT3757" LABEL="heading" DESCRIPTION="block type heading"/><OtherTag ID="BT3758" LABEL="footnote" DESCRIPTION="block type footnote"/><OtherTag ID="BT3759" LABEL="l-column" DESCRIPTION="block type l-column"/><OtherTag ID="BT3760" LABEL="r-column" DESCRIPTION="block type r-column"/><OtherTag ID="BT3761" LABEL="marginalia" DESCRIPTION="block type marginalia"/><OtherTag ID="BT4125" LABEL="drop-capital" DESCRIPTION="block type drop-capital"/><OtherTag ID="BT4126" LABEL="catch-word" DESCRIPTION="block type catch-word"/><OtherTag ID="BT4127" LABEL="page-number" DESCRIPTION="block type page-number"/><OtherTag ID="BT4128" LABEL="signature-mark" DESCRIPTION="block type signature-mark"/><OtherTag ID="BT4129" LABEL="poem_lg" DESCRIPTION="block type poem_lg"/><OtherTag ID="BT4130" LABEL="endnote" DESCRIPTION="block type endnote"/>
  </Tags>
  <Layout>
    <Page WIDTH="649"
          HEIGHT="1102"
          PHYSICAL_IMG_NR="97"
          ID="eSc_dummypage_">
      <PrintSpace HPOS="0"
                  VPOS="0"
                  WIDTH="649"
                  HEIGHT="1102">
        <TextBlock HPOS="61"
                   VPOS="131"
                   WIDTH="350"
                   HEIGHT="128"
                   ID="region_1720087648292_454"
                   TAGREFS="BT3756">
          <Shape><Polygon POINTS="61 153 67 259 411 243 389 131 73 146"/></Shape>
          <TextLine ID="eSc_line_c4b2c137"
                    BASELINE="67 171 389 160" 
                    HPOS="67"
                    VPOS="160"
                    WIDTH="322"
                    HEIGHT="11">
	    <String CONTENT=""
                    HPOS="67"
                    VPOS="160"
                    WIDTH="322"
                    HEIGHT="11"></String>
          </TextLine>
          <TextLine ID="eSc_line_9f9377fe"
                    BASELINE="67 197 373 188" 
                    HPOS="67"
                    VPOS="188"
                    WIDTH="306"
                    HEIGHT="9">
	    <String CONTENT=""
                    HPOS="67"
                    VPOS="188"
                    WIDTH="306"
                    HEIGHT="9"></String>
          </TextLine>
          <TextLine ID="eSc_line_e812d0e7"
                    BASELINE="67 222 303 212" 
                    HPOS="67"
                    VPOS="212"
                    WIDTH="236"
                    HEIGHT="10">
	    <String CONTENT=""
                    HPOS="67"
                    VPOS="212"
                    WIDTH="236"
                    HEIGHT="10"></String>
          </TextLine>
          <TextLine ID="eSc_line_640994ab"
                    BASELINE="71 252 402 238" 
                    HPOS="71"
                    VPOS="238"
                    WIDTH="331"
                    HEIGHT="14">
	    <String CONTENT=""
                    HPOS="71"
                    VPOS="238"
                    WIDTH="331"
                    HEIGHT="14"></String>
          </TextLine>
        </TextBlock>
        <TextBlock HPOS="199"
                   VPOS="95"
                   WIDTH="161"
                   HEIGHT="37"
                   ID="region_1720087624355_448"
                   TAGREFS="BT3756">
          <Shape><Polygon POINTS="199 103 200 132 359 128 360 95 223 98"/></Shape>
          <TextLine ID="eSc_line_a9616c5c"
                    BASELINE="205 128 349 124" 
                    HPOS="205"
                    VPOS="124"
                    WIDTH="144"
                    HEIGHT="4">
	    <String CONTENT=""
                    HPOS="205"
                    VPOS="124"
                    WIDTH="144"
                    HEIGHT="4"></String>
          </TextLine>
        </TextBlock>
        <TextBlock HPOS="62"
                   VPOS="249"
                   WIDTH="393"
                   HEIGHT="279"
                   ID="region_1720087693522_457"
                   TAGREFS="BT3756">
          <Shape><Polygon POINTS="62 266 64 528 455 512 404 249 286 253 240 254 189 257 148 260 134 258 101 261"/></Shape>
          <TextLine ID="eSc_line_9f0b3742"
                    BASELINE="105 278 399 275" 
                    HPOS="105"
                    VPOS="275"
                    WIDTH="294"
                    HEIGHT="3">
	    <String CONTENT=""
                    HPOS="105"
                    VPOS="275"
                    WIDTH="294"
                    HEIGHT="3"></String>
          </TextLine>
          <TextLine ID="eSc_line_c14fc997"
                    BASELINE="65 308 379 298" 
                    HPOS="65"
                    VPOS="298"
                    WIDTH="314"
                    HEIGHT="10">
	    <String CONTENT=""
                    HPOS="65"
                    VPOS="298"
                    WIDTH="314"
                    HEIGHT="10"></String>
          </TextLine>
          <TextLine ID="eSc_line_79fde49b"
                    BASELINE="67 334 380 327" 
                    HPOS="67"
                    VPOS="327"
                    WIDTH="313"
                    HEIGHT="7">
	    <String CONTENT=""
                    HPOS="67"
                    VPOS="327"
                    WIDTH="313"
                    HEIGHT="7"></String>
          </TextLine>
          <TextLine ID="eSc_line_7f0751c1"
                    BASELINE="68 362 403 353" 
                    HPOS="68"
                    VPOS="353"
                    WIDTH="335"
                    HEIGHT="9">
	    <String CONTENT=""
                    HPOS="68"
                    VPOS="353"
                    WIDTH="335"
                    HEIGHT="9"></String>
          </TextLine>
          <TextLine ID="eSc_line_f17824fe"
                    BASELINE="70 388 412 379" 
                    HPOS="70"
                    VPOS="379"
                    WIDTH="342"
                    HEIGHT="9">
	    <String CONTENT=""
                    HPOS="70"
                    VPOS="379"
                    WIDTH="342"
                    HEIGHT="9"></String>
          </TextLine>
          <TextLine ID="eSc_line_3626dab5"
                    BASELINE="69 415 316 405" 
                    HPOS="69"
                    VPOS="405"
                    WIDTH="247"
                    HEIGHT="10">
	    <String CONTENT=""
                    HPOS="69"
                    VPOS="405"
                    WIDTH="247"
                    HEIGHT="10"></String>
          </TextLine>
          <TextLine ID="eSc_line_ea4b5157"
                    BASELINE="69 440 428 432" 
                    HPOS="69"
                    VPOS="432"
                    WIDTH="359"
                    HEIGHT="8">
	    <String CONTENT=""
                    HPOS="69"
                    VPOS="432"
                    WIDTH="359"
                    HEIGHT="8"></String>
          </TextLine>
          <TextLine ID="eSc_line_fae1f52c"
                    BASELINE="71 469 376 456" 
                    HPOS="71"
                    VPOS="456"
                    WIDTH="305"
                    HEIGHT="13">
	    <String CONTENT=""
                    HPOS="71"
                    VPOS="456"
                    WIDTH="305"
                    HEIGHT="13"></String>
          </TextLine>
          <TextLine ID="eSc_line_9fd7fce1"
                    BASELINE="69 493 348 479" 
                    HPOS="69"
                    VPOS="479"
                    WIDTH="279"
                    HEIGHT="14">
	    <String CONTENT=""
                    HPOS="69"
                    VPOS="479"
                    WIDTH="279"
                    HEIGHT="14"></String>
          </TextLine>
          <TextLine ID="eSc_line_027def8b"
                    BASELINE="74 523 437 509" 
                    HPOS="74"
                    VPOS="509"
                    WIDTH="363"
                    HEIGHT="14">
	    <String CONTENT=""
                    HPOS="74"
                    VPOS="509"
                    WIDTH="363"
                    HEIGHT="14"></String>
          </TextLine>
        </TextBlock>
        <TextBlock HPOS="457"
                   VPOS="96"
                   WIDTH="50"
                   HEIGHT="29"
                   ID="region_1720087632633_451"
                   TAGREFS="BT3756">
          <Shape><Polygon POINTS="459 100 457 125 507 120 502 96"/></Shape>
          <TextLine ID="eSc_line_101266b9"
                    BASELINE="462 120 500 120" 
                    HPOS="462"
                    VPOS="120"
                    WIDTH="38"
                    HEIGHT="0">
	    <String CONTENT=""
                    HPOS="462"
                    VPOS="120"
                    WIDTH="38"
                    HEIGHT="0"></String>
          </TextLine>
        </TextBlock>
        <TextBlock HPOS="65"
                   VPOS="519"
                   WIDTH="375"
                   HEIGHT="123"
                   ID="region_1720087716355_460"
                   TAGREFS="BT3756">
          <Shape><Polygon POINTS="66 544 65 642 440 630 434 520 384 519 250 525 171 526 106 530"/></Shape>
          <TextLine ID="eSc_line_e459f26b"
                    BASELINE="108 554 421 544" 
                    HPOS="108"
                    VPOS="544"
                    WIDTH="313"
                    HEIGHT="10">
	    <String CONTENT=""
                    HPOS="108"
                    VPOS="544"
                    WIDTH="313"
                    HEIGHT="10"></String>
          </TextLine>
          <TextLine ID="eSc_line_00ccb9cc"
                    BASELINE="72 578 371 571" 
                    HPOS="72"
                    VPOS="571"
                    WIDTH="299"
                    HEIGHT="7">
	    <String CONTENT=""
                    HPOS="72"
                    VPOS="571"
                    WIDTH="299"
                    HEIGHT="7"></String>
          </TextLine>
          <TextLine ID="eSc_line_4951bdae"
                    BASELINE="73 606 382 596" 
                    HPOS="73"
                    VPOS="596"
                    WIDTH="309"
                    HEIGHT="10">
	    <String CONTENT=""
                    HPOS="73"
                    VPOS="596"
                    WIDTH="309"
                    HEIGHT="10"></String>
          </TextLine>
          <TextLine ID="eSc_line_d247dd68"
                    BASELINE="71 630 429 622" 
                    HPOS="71"
                    VPOS="622"
                    WIDTH="358"
                    HEIGHT="8">
	    <String CONTENT=""
                    HPOS="71"
                    VPOS="622"
                    WIDTH="358"
                    HEIGHT="8"></String>
          </TextLine>
        </TextBlock>
        <TextBlock HPOS="74"
                   VPOS="659"
                   WIDTH="450"
                   HEIGHT="113"
                   ID="region_1720087830270_469"
                   TAGREFS="BT3758">
          <Shape><Polygon POINTS="74 674 77 770 113 772 146 766 146 747 521 738 524 659 476 659 383 659 310 660 215 664 110 667"/></Shape>
          <TextLine ID="eSc_line_6940e495"
                    BASELINE="79 691 515 677" 
                    HPOS="79"
                    VPOS="677"
                    WIDTH="436"
                    HEIGHT="14">
	    <String CONTENT=""
                    HPOS="79"
                    VPOS="677"
                    WIDTH="436"
                    HEIGHT="14"></String>
          </TextLine>
          <TextLine ID="eSc_line_59c37673"
                    BASELINE="90 716 516 703" 
                    HPOS="90"
                    VPOS="703"
                    WIDTH="426"
                    HEIGHT="13">
	    <String CONTENT=""
                    HPOS="90"
                    VPOS="703"
                    WIDTH="426"
                    HEIGHT="13"></String>
          </TextLine>
          <TextLine ID="eSc_line_24d57d82"
                    BASELINE="92 743 516 732" 
                    HPOS="92"
                    VPOS="732"
                    WIDTH="424"
                    HEIGHT="11">
	    <String CONTENT=""
                    HPOS="92"
                    VPOS="732"
                    WIDTH="424"
                    HEIGHT="11"></String>
          </TextLine>
          <TextLine ID="eSc_line_ed29b444"
                    BASELINE="98 768 131 765" 
                    HPOS="98"
                    VPOS="765"
                    WIDTH="33"
                    HEIGHT="3">
	    <String CONTENT=""
                    HPOS="98"
                    VPOS="765"
                    WIDTH="33"
                    HEIGHT="3"></String>
          </TextLine>
        </TextBlock>
        <TextBlock HPOS="456"
                   VPOS="625"
                   WIDTH="54"
                   HEIGHT="25"
                   ID="region_1720087594822_445"
                   TAGREFS="BT3756">
          <Shape><Polygon POINTS="456 626 458 650 510 649 509 625"/></Shape>
          <TextLine ID="eSc_line_d7d94062"
                    BASELINE="461 646 508 644" 
                    HPOS="461"
                    VPOS="644"
                    WIDTH="47"
                    HEIGHT="2">
	    <String CONTENT=""
                    HPOS="461"
                    VPOS="644"
                    WIDTH="47"
                    HEIGHT="2"></String>
          </TextLine>
        </TextBlock>
        <TextBlock HPOS="77"
                   VPOS="768"
                   WIDTH="354"
                   HEIGHT="38"
                   ID="region_1720087803592_466"
                   TAGREFS="BT3758">
          <Shape><Polygon POINTS="431 792 431 768 77 777 77 806"/></Shape>
          <TextLine ID="eSc_line_3abb1bbd"
                    BASELINE="84 801 429 786" 
                    HPOS="84"
                    VPOS="786"
                    WIDTH="345"
                    HEIGHT="15">
	    <String CONTENT=""
                    HPOS="84"
                    VPOS="786"
                    WIDTH="345"
                    HEIGHT="15"></String>
          </TextLine>
        </TextBlock>
        <TextBlock HPOS="80"
                   VPOS="799"
                   WIDTH="456"
                   HEIGHT="135"
                   ID="region_1720087790441_463"
                   TAGREFS="BT3758">
          <Shape><Polygon POINTS="80 817 89 929 375 934 536 931 524 893 425 799 179 809 102 815"/></Shape>
          <TextLine ID="eSc_line_42e58437"
                    BASELINE="86 839 398 823" 
                    HPOS="86"
                    VPOS="823"
                    WIDTH="312"
                    HEIGHT="16">
	    <String CONTENT=""
                    HPOS="86"
                    VPOS="823"
                    WIDTH="312"
                    HEIGHT="16"></String>
          </TextLine>
          <TextLine ID="eSc_line_2bc751a6"
                    BASELINE="112 865 374 847" 
                    HPOS="112"
                    VPOS="847"
                    WIDTH="262"
                    HEIGHT="18">
	    <String CONTENT=""
                    HPOS="112"
                    VPOS="847"
                    WIDTH="262"
                    HEIGHT="18"></String>
          </TextLine>
          <TextLine ID="eSc_line_5c11024b"
                    BASELINE="137 889 331 873" 
                    HPOS="137"
                    VPOS="873"
                    WIDTH="194"
                    HEIGHT="16">
	    <String CONTENT=""
                    HPOS="137"
                    VPOS="873"
                    WIDTH="194"
                    HEIGHT="16"></String>
          </TextLine>
          <TextLine ID="eSc_line_24957cbb"
                    BASELINE="169 917 398 898" 
                    HPOS="169"
                    VPOS="898"
                    WIDTH="229"
                    HEIGHT="19">
	    <String CONTENT=""
                    HPOS="169"
                    VPOS="898"
                    WIDTH="229"
                    HEIGHT="19"></String>
          </TextLine>
          <TextLine ID="eSc_line_0c8fb9fb"
                    BASELINE="368 927 527 926" 
                    HPOS="368"
                    VPOS="926"
                    WIDTH="159"
                    HEIGHT="1">
	    <String CONTENT=""
                    HPOS="368"
                    VPOS="926"
                    WIDTH="159"
                    HEIGHT="1"></String>
          </TextLine>
        </TextBlock>
      </PrintSpace>
    </Page>
  </Layout>
</alto>
