<?xml version="1.0" encoding="UTF-8"?>
<alto xmlns:xsi="http://www.w3.org/2001/XMLSchema-instance"
      xmlns="http://www.loc.gov/standards/alto/ns-v4#"
      xsi:schemaLocation="http://www.loc.gov/standards/alto/ns-v4# http://www.loc.gov/standards/alto/v4/alto-4-2.xsd">
  <Description>
    <MeasurementUnit>pixel</MeasurementUnit>
    <sourceImageInformation>
      <fileName>1775-Saemmtliche_Poetische_Werke_Schmieder_Bd_3_VD18_90914295_NEU-197.png</fileName>
      <fileIdentifier>mets//SchmiederZeilenUnb.zip/1775-Saemmtliche_Poetische_Werke_Schmieder_Bd_3_VD18_90914295_NEU-197.png</fileIdentifier>
    </sourceImageInformation>
  </Description>
  <Tags>
    <OtherTag ID="BT1" LABEL="Title" DESCRIPTION="block type Title"/><OtherTag ID="BT2" LABEL="Main" DESCRIPTION="block type Main"/><OtherTag ID="BT3" LABEL="Commentary" DESCRIPTION="block type Commentary"/><OtherTag ID="BT4" LABEL="Illustration" DESCRIPTION="block type Illustration"/><OtherTag ID="BT3755" LABEL="header" DESCRIPTION="block type header"/><OtherTag ID="BT3756" LABEL="paragraph" DESCRIPTION="block type paragraph"/><OtherTag ID="BT3757" LABEL="heading" DESCRIPTION="block type heading"/><OtherTag ID="BT3758" LABEL="footnote" DESCRIPTION="block type footnote"/><OtherTag ID="BT3759" LABEL="l-column" DESCRIPTION="block type l-column"/><OtherTag ID="BT3760" LABEL="r-column" DESCRIPTION="block type r-column"/><OtherTag ID="BT3761" LABEL="marginalia" DESCRIPTION="block type marginalia"/><OtherTag ID="BT4125" LABEL="drop-capital" DESCRIPTION="block type drop-capital"/><OtherTag ID="BT4126" LABEL="catch-word" DESCRIPTION="block type catch-word"/><OtherTag ID="BT4127" LABEL="page-number" DESCRIPTION="block type page-number"/><OtherTag ID="BT4128" LABEL="signature-mark" DESCRIPTION="block type signature-mark"/><OtherTag ID="BT4129" LABEL="poem_lg" DESCRIPTION="block type poem_lg"/><OtherTag ID="BT4130" LABEL="endnote" DESCRIPTION="block type endnote"/>
  </Tags>
  <Layout>
    <Page WIDTH="650"
          HEIGHT="1102"
          PHYSICAL_IMG_NR="99"
          ID="eSc_dummypage_">
      <PrintSpace HPOS="0"
                  VPOS="0"
                  WIDTH="650"
                  HEIGHT="1102">
        <TextBlock HPOS="124"
                   VPOS="93"
                   WIDTH="52"
                   HEIGHT="33"
                   ID="region_1720088214449_540"
                   TAGREFS="BT3756">
          <Shape><Polygon POINTS="124 99 126 124 170 126 176 96 146 93"/></Shape>
          <TextLine ID="eSc_line_efe63ddc"
                    BASELINE="129 118 169 121" 
                    HPOS="129"
                    VPOS="118"
                    WIDTH="40"
                    HEIGHT="3">
	    <String CONTENT=""
                    HPOS="129"
                    VPOS="118"
                    WIDTH="40"
                    HEIGHT="3"></String>
          </TextLine>
        </TextBlock>
        <TextBlock HPOS="194"
                   VPOS="89"
                   WIDTH="325"
                   HEIGHT="43"
                   ID="region_1720088254013_543"
                   TAGREFS="BT3756">
          <Shape><Polygon POINTS="194 95 194 123 517 132 519 96 218 89"/></Shape>
          <TextLine ID="eSc_line_762e3eaf"
                    BASELINE="197 118 514 126" 
                    HPOS="197"
                    VPOS="118"
                    WIDTH="317"
                    HEIGHT="8">
	    <String CONTENT=""
                    HPOS="197"
                    VPOS="118"
                    WIDTH="317"
                    HEIGHT="8"></String>
          </TextLine>
        </TextBlock>
        <TextBlock HPOS="170"
                   VPOS="136"
                   WIDTH="320"
                   HEIGHT="114"
                   ID="region_1720088265332_546"
                   TAGREFS="BT3756">
          <Shape><Polygon POINTS="173 136 170 245 428 250 433 229 490 169 419 139"/></Shape>
          <TextLine ID="eSc_line_683ef4af"
                    BASELINE="177 161 373 162" 
                    HPOS="177"
                    VPOS="161"
                    WIDTH="196"
                    HEIGHT="1">
	    <String CONTENT=""
                    HPOS="177"
                    VPOS="161"
                    WIDTH="196"
                    HEIGHT="1"></String>
          </TextLine>
          <TextLine ID="eSc_line_c610856b"
                    BASELINE="181 187 461 192" 
                    HPOS="181"
                    VPOS="187"
                    WIDTH="280"
                    HEIGHT="5">
	    <String CONTENT=""
                    HPOS="181"
                    VPOS="187"
                    WIDTH="280"
                    HEIGHT="5"></String>
          </TextLine>
          <TextLine ID="eSc_line_74b428c0"
                    BASELINE="179 213 433 217" 
                    HPOS="179"
                    VPOS="213"
                    WIDTH="254"
                    HEIGHT="4">
	    <String CONTENT=""
                    HPOS="179"
                    VPOS="213"
                    WIDTH="254"
                    HEIGHT="4"></String>
          </TextLine>
          <TextLine ID="eSc_line_a1260751"
                    BASELINE="178 239 421 243" 
                    HPOS="178"
                    VPOS="239"
                    WIDTH="243"
                    HEIGHT="4">
	    <String CONTENT=""
                    HPOS="178"
                    VPOS="239"
                    WIDTH="243"
                    HEIGHT="4"></String>
          </TextLine>
        </TextBlock>
        <TextBlock HPOS="100"
                   VPOS="251"
                   WIDTH="472"
                   HEIGHT="336"
                   ID="region_1720088285289_549"
                   TAGREFS="BT3756">
          <Shape><Polygon POINTS="114 251 571 259 572 575 482 587 100 581"/></Shape>
          <TextLine ID="eSc_line_5390d5d6"
                    BASELINE="150 279 562 288" 
                    HPOS="150"
                    VPOS="279"
                    WIDTH="412"
                    HEIGHT="9">
	    <String CONTENT=""
                    HPOS="150"
                    VPOS="279"
                    WIDTH="412"
                    HEIGHT="9"></String>
          </TextLine>
          <TextLine ID="eSc_line_ca54519a"
                    BASELINE="119 308 564 313" 
                    HPOS="119"
                    VPOS="308"
                    WIDTH="445"
                    HEIGHT="5">
	    <String CONTENT=""
                    HPOS="119"
                    VPOS="308"
                    WIDTH="445"
                    HEIGHT="5"></String>
          </TextLine>
          <TextLine ID="eSc_line_e3f29dbf"
                    BASELINE="123 334 564 342" 
                    HPOS="123"
                    VPOS="334"
                    WIDTH="441"
                    HEIGHT="8">
	    <String CONTENT=""
                    HPOS="123"
                    VPOS="334"
                    WIDTH="441"
                    HEIGHT="8"></String>
          </TextLine>
          <TextLine ID="eSc_line_12d1c63a"
                    BASELINE="121 362 562 367" 
                    HPOS="121"
                    VPOS="362"
                    WIDTH="441"
                    HEIGHT="5">
	    <String CONTENT=""
                    HPOS="121"
                    VPOS="362"
                    WIDTH="441"
                    HEIGHT="5"></String>
          </TextLine>
          <TextLine ID="eSc_line_ed9a754e"
                    BASELINE="121 386 562 393" 
                    HPOS="121"
                    VPOS="386"
                    WIDTH="441"
                    HEIGHT="7">
	    <String CONTENT=""
                    HPOS="121"
                    VPOS="386"
                    WIDTH="441"
                    HEIGHT="7"></String>
          </TextLine>
          <TextLine ID="eSc_line_30b8d23b"
                    BASELINE="120 412 564 420" 
                    HPOS="120"
                    VPOS="412"
                    WIDTH="444"
                    HEIGHT="8">
	    <String CONTENT=""
                    HPOS="120"
                    VPOS="412"
                    WIDTH="444"
                    HEIGHT="8"></String>
          </TextLine>
          <TextLine ID="eSc_line_890b3d50"
                    BASELINE="114 441 564 446" 
                    HPOS="114"
                    VPOS="441"
                    WIDTH="450"
                    HEIGHT="5">
	    <String CONTENT=""
                    HPOS="114"
                    VPOS="441"
                    WIDTH="450"
                    HEIGHT="5"></String>
          </TextLine>
          <TextLine ID="eSc_line_26111357"
                    BASELINE="115 467 562 474" 
                    HPOS="115"
                    VPOS="467"
                    WIDTH="447"
                    HEIGHT="7">
	    <String CONTENT=""
                    HPOS="115"
                    VPOS="467"
                    WIDTH="447"
                    HEIGHT="7"></String>
          </TextLine>
          <TextLine ID="eSc_line_8da441e8"
                    BASELINE="118 491 565 500" 
                    HPOS="118"
                    VPOS="491"
                    WIDTH="447"
                    HEIGHT="9">
	    <String CONTENT=""
                    HPOS="118"
                    VPOS="491"
                    WIDTH="447"
                    HEIGHT="9"></String>
          </TextLine>
          <TextLine ID="eSc_line_17ff39ff"
                    BASELINE="114 518 563 524" 
                    HPOS="114"
                    VPOS="518"
                    WIDTH="449"
                    HEIGHT="6">
	    <String CONTENT=""
                    HPOS="114"
                    VPOS="518"
                    WIDTH="449"
                    HEIGHT="6"></String>
          </TextLine>
          <TextLine ID="eSc_line_2a08064a"
                    BASELINE="114 543 564 552" 
                    HPOS="114"
                    VPOS="543"
                    WIDTH="450"
                    HEIGHT="9">
	    <String CONTENT=""
                    HPOS="114"
                    VPOS="543"
                    WIDTH="450"
                    HEIGHT="9"></String>
          </TextLine>
          <TextLine ID="eSc_line_a4171c6e"
                    BASELINE="119 572 480 575" 
                    HPOS="119"
                    VPOS="572"
                    WIDTH="361"
                    HEIGHT="3">
	    <String CONTENT=""
                    HPOS="119"
                    VPOS="572"
                    WIDTH="361"
                    HEIGHT="3"></String>
          </TextLine>
        </TextBlock>
        <TextBlock HPOS="110"
                   VPOS="588"
                   WIDTH="462"
                   HEIGHT="62"
                   ID="region_1720088315092_552"
                   TAGREFS="BT3756">
          <Shape><Polygon POINTS="123 591 110 649 572 650 567 591 282 588"/></Shape>
          <TextLine ID="eSc_line_4ecf7b55"
                    BASELINE="146 613 560 620" 
                    HPOS="146"
                    VPOS="613"
                    WIDTH="414"
                    HEIGHT="7">
	    <String CONTENT=""
                    HPOS="146"
                    VPOS="613"
                    WIDTH="414"
                    HEIGHT="7"></String>
          </TextLine>
          <TextLine ID="eSc_line_57248fab"
                    BASELINE="117 643 559 645" 
                    HPOS="117"
                    VPOS="643"
                    WIDTH="442"
                    HEIGHT="2">
	    <String CONTENT=""
                    HPOS="117"
                    VPOS="643"
                    WIDTH="442"
                    HEIGHT="2"></String>
          </TextLine>
        </TextBlock>
        <TextBlock HPOS="138"
                   VPOS="686"
                   WIDTH="425"
                   HEIGHT="83"
                   ID="region_1720088365623_561"
                   TAGREFS="BT3758">
          <Shape><Polygon POINTS="142 690 138 763 558 769 563 689 333 690 184 686"/></Shape>
          <TextLine ID="eSc_line_f490361f"
                    BASELINE="149 709 558 713" 
                    HPOS="149"
                    VPOS="709"
                    WIDTH="409"
                    HEIGHT="4">
	    <String CONTENT=""
                    HPOS="149"
                    VPOS="709"
                    WIDTH="409"
                    HEIGHT="4"></String>
          </TextLine>
          <TextLine ID="eSc_line_10942f77"
                    BASELINE="148 733 558 736" 
                    HPOS="148"
                    VPOS="733"
                    WIDTH="410"
                    HEIGHT="3">
	    <String CONTENT=""
                    HPOS="148"
                    VPOS="733"
                    WIDTH="410"
                    HEIGHT="3"></String>
          </TextLine>
          <TextLine ID="eSc_line_410a75cc"
                    BASELINE="147 758 511 761" 
                    HPOS="147"
                    VPOS="758"
                    WIDTH="364"
                    HEIGHT="3">
	    <String CONTENT=""
                    HPOS="147"
                    VPOS="758"
                    WIDTH="364"
                    HEIGHT="3"></String>
          </TextLine>
        </TextBlock>
        <TextBlock HPOS="133"
                   VPOS="769"
                   WIDTH="298"
                   HEIGHT="30"
                   ID="region_1720088376312_564"
                   TAGREFS="BT3758">
          <Shape><Polygon POINTS="134 774 133 799 431 797 424 773 184 769"/></Shape>
          <TextLine ID="eSc_line_722ba794"
                    BASELINE="136 794 410 794" 
                    HPOS="136"
                    VPOS="794"
                    WIDTH="274"
                    HEIGHT="0">
	    <String CONTENT=""
                    HPOS="136"
                    VPOS="794"
                    WIDTH="274"
                    HEIGHT="0"></String>
          </TextLine>
        </TextBlock>
        <TextBlock HPOS="133"
                   VPOS="800"
                   WIDTH="429"
                   HEIGHT="52"
                   ID="region_1720088399210_567"
                   TAGREFS="BT3758">
          <Shape><Polygon POINTS="133 805 141 852 242 848 250 827 562 825 558 800 305 802 265 800 173 802"/></Shape>
          <TextLine ID="eSc_line_159caff5"
                    BASELINE="138 822 554 823" 
                    HPOS="138"
                    VPOS="822"
                    WIDTH="416"
                    HEIGHT="1">
	    <String CONTENT=""
                    HPOS="138"
                    VPOS="822"
                    WIDTH="416"
                    HEIGHT="1"></String>
          </TextLine>
          <TextLine ID="eSc_line_ba05e231"
                    BASELINE="153 845 217 846" 
                    HPOS="153"
                    VPOS="845"
                    WIDTH="64"
                    HEIGHT="1">
	    <String CONTENT=""
                    HPOS="153"
                    VPOS="845"
                    WIDTH="64"
                    HEIGHT="1"></String>
          </TextLine>
        </TextBlock>
        <TextBlock HPOS="518"
                   VPOS="652"
                   WIDTH="44"
                   HEIGHT="24"
                   ID="region_1720088330668_555"
                   TAGREFS="BT3756">
          <Shape><Polygon POINTS="521 654 518 674 562 676 558 654 527 652"/></Shape>
          <TextLine ID="eSc_line_f4fe7125"
                    BASELINE="525 672 557 673" 
                    HPOS="525"
                    VPOS="672"
                    WIDTH="32"
                    HEIGHT="1">
	    <String CONTENT=""
                    HPOS="525"
                    VPOS="672"
                    WIDTH="32"
                    HEIGHT="1"></String>
          </TextLine>
        </TextBlock>
        <TextBlock HPOS="133"
                   VPOS="853"
                   WIDTH="185"
                   HEIGHT="24"
                   ID="region_1720088416935_570"
                   TAGREFS="BT3758">
          <Shape><Polygon POINTS="135 856 133 877 318 876 308 853 160 854"/></Shape>
          <TextLine ID="eSc_line_b4896e25"
                    BASELINE="137 872 311 871" 
                    HPOS="137"
                    VPOS="871"
                    WIDTH="174"
                    HEIGHT="1">
	    <String CONTENT=""
                    HPOS="137"
                    VPOS="871"
                    WIDTH="174"
                    HEIGHT="1"></String>
          </TextLine>
        </TextBlock>
        <TextBlock HPOS="133"
                   VPOS="880"
                   WIDTH="161"
                   HEIGHT="24"
                   ID="region_1720088436968_576"
                   TAGREFS="BT3758">
          <Shape><Polygon POINTS="133 883 133 904 294 902 287 881 170 880"/></Shape>
          <TextLine ID="eSc_line_8dc2e36a"
                    BASELINE="136 900 287 900" 
                    HPOS="136"
                    VPOS="900"
                    WIDTH="151"
                    HEIGHT="0">
	    <String CONTENT=""
                    HPOS="136"
                    VPOS="900"
                    WIDTH="151"
                    HEIGHT="0"></String>
          </TextLine>
        </TextBlock>
        <TextBlock HPOS="130"
                   VPOS="906"
                   WIDTH="262"
                   HEIGHT="25"
                   ID="region_1720088462057_581"
                   TAGREFS="BT3758">
          <Shape><Polygon POINTS="133 910 130 930 392 931 383 908 235 907 168 906"/></Shape>
          <TextLine ID="eSc_line_5826764b"
                    BASELINE="135 926 384 926" 
                    HPOS="135"
                    VPOS="926"
                    WIDTH="249"
                    HEIGHT="0">
	    <String CONTENT=""
                    HPOS="135"
                    VPOS="926"
                    WIDTH="249"
                    HEIGHT="0"></String>
          </TextLine>
        </TextBlock>
        <TextBlock HPOS="128"
                   VPOS="932"
                   WIDTH="224"
                   HEIGHT="29"
                   ID="region_1720088479354_584"
                   TAGREFS="BT3758">
          <Shape><Polygon POINTS="131 937 128 961 352 959 350 937 285 935 203 934 186 932"/></Shape>
          <TextLine ID="eSc_line_568b5bc7"
                    BASELINE="132 956 346 955" 
                    HPOS="132"
                    VPOS="955"
                    WIDTH="214"
                    HEIGHT="1">
	    <String CONTENT=""
                    HPOS="132"
                    VPOS="955"
                    WIDTH="214"
                    HEIGHT="1"></String>
          </TextLine>
        </TextBlock>
      </PrintSpace>
    </Page>
  </Layout>
</alto>
