<mets xmlns="http://www.loc.gov/METS/" xmlns:xlink="http://www.w3.org/1999/xlink">
  <fileSec>
    
    <fileGrp USE="export">
      
        <file ID="export1">
          <FLocat xlink:href="1775-Saemmtliche_Poetische_Werke_Schmieder_Bd_1_VD18_90914260_NEU-013.xml"/>
        </file>
      
        <file ID="export2">
          <FLocat xlink:href="1775-Saemmtliche_Poetische_Werke_Schmieder_Bd_1_VD18_90914260_NEU-023.xml"/>
        </file>
      
        <file ID="export3">
          <FLocat xlink:href="1775-Saemmtliche_Poetische_Werke_Schmieder_Bd_1_VD18_90914260_NEU-033.xml"/>
        </file>
      
        <file ID="export4">
          <FLocat xlink:href="1775-Saemmtliche_Poetische_Werke_Schmieder_Bd_1_VD18_90914260_NEU-040.xml"/>
        </file>
      
        <file ID="export5">
          <FLocat xlink:href="1775-Saemmtliche_Poetische_Werke_Schmieder_Bd_1_VD18_90914260_NEU-045.xml"/>
        </file>
      
        <file ID="export6">
          <FLocat xlink:href="1775-Saemmtliche_Poetische_Werke_Schmieder_Bd_1_VD18_90914260_NEU-048.xml"/>
        </file>
      
        <file ID="export7">
          <FLocat xlink:href="1775-Saemmtliche_Poetische_Werke_Schmieder_Bd_1_VD18_90914260_NEU-089.xml"/>
        </file>
      
        <file ID="export8">
          <FLocat xlink:href="1775-Saemmtliche_Poetische_Werke_Schmieder_Bd_1_VD18_90914260_NEU-144.xml"/>
        </file>
      
        <file ID="export9">
          <FLocat xlink:href="1775-Saemmtliche_Poetische_Werke_Schmieder_Bd_1_VD18_90914260_NEU-160.xml"/>
        </file>
      
        <file ID="export10">
          <FLocat xlink:href="1775-Saemmtliche_Poetische_Werke_Schmieder_Bd_1_VD18_90914260_NEU-161.xml"/>
        </file>
      
        <file ID="export11">
          <FLocat xlink:href="1775-Saemmtliche_Poetische_Werke_Schmieder_Bd_1_VD18_90914260_NEU-170.xml"/>
        </file>
      
        <file ID="export12">
          <FLocat xlink:href="1775-Saemmtliche_Poetische_Werke_Schmieder_Bd_1_VD18_90914260_NEU-187.xml"/>
        </file>
      
        <file ID="export13">
          <FLocat xlink:href="1775-Saemmtliche_Poetische_Werke_Schmieder_Bd_1_VD18_90914260_NEU-190.xml"/>
        </file>
      
        <file ID="export14">
          <FLocat xlink:href="1775-Saemmtliche_Poetische_Werke_Schmieder_Bd_1_VD18_90914260_NEU-194.xml"/>
        </file>
      
        <file ID="export15">
          <FLocat xlink:href="1775-Saemmtliche_Poetische_Werke_Schmieder_Bd_1_VD18_90914260_NEU-196.xml"/>
        </file>
      
        <file ID="export16">
          <FLocat xlink:href="1775-Saemmtliche_Poetische_Werke_Schmieder_Bd_2_VD18_90914287_NEU-047.xml"/>
        </file>
      
        <file ID="export17">
          <FLocat xlink:href="1775-Saemmtliche_Poetische_Werke_Schmieder_Bd_2_VD18_90914287_NEU-069.xml"/>
        </file>
      
        <file ID="export18">
          <FLocat xlink:href="1775-Saemmtliche_Poetische_Werke_Schmieder_Bd_2_VD18_90914287_NEU-181.xml"/>
        </file>
      
        <file ID="export19">
          <FLocat xlink:href="1775-Saemmtliche_Poetische_Werke_Schmieder_Bd_2_VD18_90914287_NEU-228.xml"/>
        </file>
      
        <file ID="export20">
          <FLocat xlink:href="1775-Saemmtliche_Poetische_Werke_Schmieder_Bd_2_VD18_90914287_NEU-281.xml"/>
        </file>
      
        <file ID="export21">
          <FLocat xlink:href="1775-Saemmtliche_Poetische_Werke_Schmieder_Bd_2_VD18_90914287_NEU-302.xml"/>
        </file>
      
        <file ID="export22">
          <FLocat xlink:href="1775-Saemmtliche_Poetische_Werke_Schmieder_Bd_3_VD18_90914295_NEU-004.xml"/>
        </file>
      
        <file ID="export23">
          <FLocat xlink:href="1775-Saemmtliche_Poetische_Werke_Schmieder_Bd_3_VD18_90914295_NEU-006.xml"/>
        </file>
      
        <file ID="export24">
          <FLocat xlink:href="1775-Saemmtliche_Poetische_Werke_Schmieder_Bd_3_VD18_90914295_NEU-012.xml"/>
        </file>
      
        <file ID="export25">
          <FLocat xlink:href="1775-Saemmtliche_Poetische_Werke_Schmieder_Bd_3_VD18_90914295_NEU-170.xml"/>
        </file>
      
        <file ID="export26">
          <FLocat xlink:href="1775-Saemmtliche_Poetische_Werke_Schmieder_Bd_3_VD18_90914295_NEU-173.xml"/>
        </file>
      
        <file ID="export27">
          <FLocat xlink:href="1775-Saemmtliche_Poetische_Werke_Schmieder_Bd_3_VD18_90914295_NEU-197.xml"/>
        </file>
      
    </fileGrp>
  </fileSec>
  <structMap TYPE="physical">
    <div TYPE="document">
      
      <div TYPE="page">
        
        <fptr FILEID="export1"/>
      </div>
      
      <div TYPE="page">
        
        <fptr FILEID="export2"/>
      </div>
      
      <div TYPE="page">
        
        <fptr FILEID="export3"/>
      </div>
      
      <div TYPE="page">
        
        <fptr FILEID="export4"/>
      </div>
      
      <div TYPE="page">
        
        <fptr FILEID="export5"/>
      </div>
      
      <div TYPE="page">
        
        <fptr FILEID="export6"/>
      </div>
      
      <div TYPE="page">
        
        <fptr FILEID="export7"/>
      </div>
      
      <div TYPE="page">
        
        <fptr FILEID="export8"/>
      </div>
      
      <div TYPE="page">
        
        <fptr FILEID="export9"/>
      </div>
      
      <div TYPE="page">
        
        <fptr FILEID="export10"/>
      </div>
      
      <div TYPE="page">
        
        <fptr FILEID="export11"/>
      </div>
      
      <div TYPE="page">
        
        <fptr FILEID="export12"/>
      </div>
      
      <div TYPE="page">
        
        <fptr FILEID="export13"/>
      </div>
      
      <div TYPE="page">
        
        <fptr FILEID="export14"/>
      </div>
      
      <div TYPE="page">
        
        <fptr FILEID="export15"/>
      </div>
      
      <div TYPE="page">
        
        <fptr FILEID="export16"/>
      </div>
      
      <div TYPE="page">
        
        <fptr FILEID="export17"/>
      </div>
      
      <div TYPE="page">
        
        <fptr FILEID="export18"/>
      </div>
      
      <div TYPE="page">
        
        <fptr FILEID="export19"/>
      </div>
      
      <div TYPE="page">
        
        <fptr FILEID="export20"/>
      </div>
      
      <div TYPE="page">
        
        <fptr FILEID="export21"/>
      </div>
      
      <div TYPE="page">
        
        <fptr FILEID="export22"/>
      </div>
      
      <div TYPE="page">
        
        <fptr FILEID="export23"/>
      </div>
      
      <div TYPE="page">
        
        <fptr FILEID="export24"/>
      </div>
      
      <div TYPE="page">
        
        <fptr FILEID="export25"/>
      </div>
      
      <div TYPE="page">
        
        <fptr FILEID="export26"/>
      </div>
      
      <div TYPE="page">
        
        <fptr FILEID="export27"/>
      </div>
      
    </div>
  </structMap>
</mets>
