<?xml version="1.0" encoding="UTF-8"  standalone="yes"?>
<PcGts xmlns="http://schema.primaresearch.org/PAGE/gts/pagecontent/2019-07-15" xmlns:xsi="http://www.w3.org/2001/XMLSchema-instance" xsi:schemaLocation="http://schema.primaresearch.org/PAGE/gts/pagecontent/2019-07-15 http://schema.primaresearch.org/PAGE/gts/pagecontent/2019-07-15/pagecontent.xsd">
  <Metadata>
	<Creator>escriptorium</Creator>
	<Created>2025-04-28T08:09:10.390575+00:00</Created>
        <LastChange>2025-04-28T08:09:10.390596+00:00</LastChange>
  </Metadata>
  <Page imageFilename="1789,_Saemmtliche_Poetische_Werke,_Baumeister,_Bd._2,_VD18_80391567-001_Seite_151_Bild_0001.jpg" imageWidth="887" imageHeight="1518">
    <TextRegion id="region_1737731992842_766"  custom="structure {type:paragraph;}">
      <Coords points="157,95 231,90 229,126 161,130"/>
    </TextRegion>
    <TextRegion id="region_1737732013986_771"  custom="structure {type:paragraph;}">
      <Coords points="150,142 727,138 733,170 806,183 788,652 145,650"/>
    </TextRegion>
    <TextRegion id="region_1737732029526_774"  custom="structure {type:footnote;}">
      <Coords points="192,677 780,676 790,896 244,896"/>
    </TextRegion>
    <TextRegion id="region_1737732037686_777"  custom="structure {type:heading;}">
      <Coords points="148,942 792,943 785,996 569,1000 566,1043 369,1045 369,998 148,994"/>
    </TextRegion>
    <TextRegion id="region_1737732077141_783"  custom="structure {type:paragraph;}">
      <Coords points="201,1117 202,1124 203,1136 200,1142 351,1164 149,1179 152,1303 785,1310 766,1285 717,1249 779,1220 761,1193 617,1166 782,1141 779,1101 209,1103"/>
    </TextRegion>
    <TextRegion id="region_1737732051020_780"  custom="structure {type:paragraph;}">
      <Coords points="201,1125 183,1079 158,1099 152,1140 192,1138 201,1136"/>
    </TextRegion>
  </Page>
</PcGts>
