<?xml version="1.0" encoding="UTF-8"  standalone="yes"?>
<PcGts xmlns="http://schema.primaresearch.org/PAGE/gts/pagecontent/2019-07-15" xmlns:xsi="http://www.w3.org/2001/XMLSchema-instance" xsi:schemaLocation="http://schema.primaresearch.org/PAGE/gts/pagecontent/2019-07-15 http://schema.primaresearch.org/PAGE/gts/pagecontent/2019-07-15/pagecontent.xsd">
  <Metadata>
	<Creator>escriptorium</Creator>
	<Created>2025-04-28T08:09:10.225980+00:00</Created>
        <LastChange>2025-04-28T08:09:10.226016+00:00</LastChange>
  </Metadata>
  <Page imageFilename="1789,_Saemmtliche_Poetische_Werke,_Baumeister,_Bd._1,_VD18_80391559-001_Seite_035_Bild_0001.jpg" imageWidth="884" imageHeight="1509">
    <TextRegion id="region_1737727506925_141"  custom="structure {type:paragraph;}">
      <Coords points="150,98 262,95 262,131 151,135"/>
    </TextRegion>
    <TextRegion id="region_1737727519587_144"  custom="structure {type:paragraph;}">
      <Coords points="149,156 148,280 299,288 781,280 775,158"/>
    </TextRegion>
    <TextRegion id="region_1737727550603_147"  custom="structure {type:paragraph;}">
      <Coords points="128,915 773,912 780,356 185,362 180,392 140,406"/>
    </TextRegion>
    <TextRegion id="region_1737727563747_150"  custom="structure {type:footnote;}">
      <Coords points="180,995 178,1034 219,1042 217,1116 453,1115 449,1084 770,1073 771,984 221,988"/>
    </TextRegion>
    <TextRegion id="region_1737727576348_153"  custom="structure {type:footnote;}">
      <Coords points="158,1161 157,1199 217,1199 222,1322 385,1334 569,1315 569,1283 781,1280 780,1153 174,1151"/>
    </TextRegion>
  </Page>
</PcGts>
