<?xml version="1.0" encoding="UTF-8"  standalone="yes"?>
<PcGts xmlns="http://schema.primaresearch.org/PAGE/gts/pagecontent/2019-07-15" xmlns:xsi="http://www.w3.org/2001/XMLSchema-instance" xsi:schemaLocation="http://schema.primaresearch.org/PAGE/gts/pagecontent/2019-07-15 http://schema.primaresearch.org/PAGE/gts/pagecontent/2019-07-15/pagecontent.xsd">
  <Metadata>
	<Creator>escriptorium</Creator>
	<Created>2025-04-28T08:09:10.238625+00:00</Created>
        <LastChange>2025-04-28T08:09:10.238651+00:00</LastChange>
  </Metadata>
  <Page imageFilename="1789,_Saemmtliche_Poetische_Werke,_Baumeister,_Bd._1,_VD18_80391559-001_Seite_042_Bild_0001.jpg" imageWidth="862" imageHeight="1488">
    <TextRegion id="region_1737727703953_184"  custom="structure {type:heading;}">
      <Coords points="282,263 296,329 350,336 351,379 176,405 182,462 664,448 626,397 498,380 491,342 542,308 540,262"/>
      <TextLine id="eSc_line_fcde6c6a" >
        <Baseline points="299,314 531,307"/>
        <TextEquiv>
          <Unicode></Unicode>
        </TextEquiv>
      </TextLine>
      <TextLine id="eSc_line_e85dee9a" >
        <Baseline points="361,381 481,379"/>
        <TextEquiv>
          <Unicode></Unicode>
        </TextEquiv>
      </TextLine>
      <TextLine id="eSc_line_cfb58510" >
        <Baseline points="188,441 639,439"/>
        <TextEquiv>
          <Unicode></Unicode>
        </TextEquiv>
      </TextLine>
    </TextRegion>
    <TextRegion id="region_1737727718505_187"  custom="structure {type:paragraph;}">
      <Coords points="101,574 144,556 151,525 721,510 725,883 258,883 254,925 76,932"/>
      <TextLine id="eSc_line_e7988724" >
        <Baseline points="150,559 714,549"/>
        <TextEquiv>
          <Unicode></Unicode>
        </TextEquiv>
      </TextLine>
      <TextLine id="eSc_line_f8fc5f9b" >
        <Baseline points="102,605 712,609"/>
        <TextEquiv>
          <Unicode></Unicode>
        </TextEquiv>
      </TextLine>
      <TextLine id="eSc_line_055d7441" >
        <Baseline points="106,653 712,655"/>
        <TextEquiv>
          <Unicode></Unicode>
        </TextEquiv>
      </TextLine>
      <TextLine id="eSc_line_0993b645" >
        <Baseline points="102,710 716,713"/>
        <TextEquiv>
          <Unicode></Unicode>
        </TextEquiv>
      </TextLine>
      <TextLine id="eSc_line_3ce52804" >
        <Baseline points="94,761 712,766"/>
        <TextEquiv>
          <Unicode></Unicode>
        </TextEquiv>
      </TextLine>
      <TextLine id="eSc_line_c4efcb79" >
        <Baseline points="94,818 716,816"/>
        <TextEquiv>
          <Unicode></Unicode>
        </TextEquiv>
      </TextLine>
      <TextLine id="eSc_line_afcf6e52" >
        <Baseline points="97,866 716,876"/>
        <TextEquiv>
          <Unicode></Unicode>
        </TextEquiv>
      </TextLine>
      <TextLine id="eSc_line_af9ca731" >
        <Baseline points="85,924 255,924"/>
        <TextEquiv>
          <Unicode></Unicode>
        </TextEquiv>
      </TextLine>
    </TextRegion>
    <TextRegion id="region_1737727876526_190"  custom="structure {type:paragraph;}">
      <Coords points="130,1021 134,982 739,982 711,1303 69,1308 86,1034"/>
      <TextLine id="eSc_line_eb6b4fae" >
        <Baseline points="138,1027 719,1022"/>
        <TextEquiv>
          <Unicode></Unicode>
        </TextEquiv>
      </TextLine>
      <TextLine id="eSc_line_d7c71ec9" >
        <Baseline points="90,1077 715,1081"/>
        <TextEquiv>
          <Unicode></Unicode>
        </TextEquiv>
      </TextLine>
      <TextLine id="eSc_line_efc5af13" >
        <Baseline points="90,1133 711,1131"/>
        <TextEquiv>
          <Unicode></Unicode>
        </TextEquiv>
      </TextLine>
      <TextLine id="eSc_line_f4ccb39f" >
        <Baseline points="92,1181 713,1183"/>
        <TextEquiv>
          <Unicode></Unicode>
        </TextEquiv>
      </TextLine>
      <TextLine id="eSc_line_90524092" >
        <Baseline points="85,1235 711,1237"/>
        <TextEquiv>
          <Unicode></Unicode>
        </TextEquiv>
      </TextLine>
      <TextLine id="eSc_line_7dd1fcd0" >
        <Baseline points="85,1279 702,1287"/>
        <TextEquiv>
          <Unicode></Unicode>
        </TextEquiv>
      </TextLine>
    </TextRegion>
    <TextRegion id="region_1737729112729_680"  custom="structure {type:paragraph;}">
      <Coords points="108,511 152,510 148,529 141,555 98,555"/>
    </TextRegion>
    <TextRegion id="region_1737727885189_193"  custom="structure {type:paragraph;}">
      <Coords points="350,1312 450,1314 448,1360 348,1348"/>
    </TextRegion>
  </Page>
</PcGts>
