<?xml version="1.0" encoding="UTF-8"  standalone="yes"?>
<PcGts xmlns="http://schema.primaresearch.org/PAGE/gts/pagecontent/2019-07-15" xmlns:xsi="http://www.w3.org/2001/XMLSchema-instance" xsi:schemaLocation="http://schema.primaresearch.org/PAGE/gts/pagecontent/2019-07-15 http://schema.primaresearch.org/PAGE/gts/pagecontent/2019-07-15/pagecontent.xsd">
  <Metadata>
	<Creator>escriptorium</Creator>
	<Created>2025-04-28T08:09:10.253956+00:00</Created>
        <LastChange>2025-04-28T08:09:10.253983+00:00</LastChange>
  </Metadata>
  <Page imageFilename="1789,_Saemmtliche_Poetische_Werke,_Baumeister,_Bd._1,_VD18_80391559-001_Seite_047_Bild_0001.jpg" imageWidth="888" imageHeight="1510">
    <TextRegion id="region_1719307695690_245"  custom="structure {type:paragraph;}">
      <Coords points="99,96 285,95 276,139 99,139"/>
    </TextRegion>
    <TextRegion id="region_1719307713447_251"  custom="structure {type:paragraph;}">
      <Coords points="81,170 737,168 744,533 95,532"/>
    </TextRegion>
    <TextRegion id="TextRegion_1720167160937_296"  custom="structure {type:paragraph;}">
      <Coords points="126,572 733,572 741,906 134,906"/>
    </TextRegion>
    <TextRegion id="TextRegion_1720167160937_295"  custom="structure {type:paragraph;}">
      <Coords points="126,944 567,940 564,1054 126,1055"/>
    </TextRegion>
    <TextRegion id="region_1719307732181_257"  custom="structure {type:footnote;}">
      <Coords points="108,1326 743,1326 743,1187 120,1190"/>
    </TextRegion>
  </Page>
</PcGts>
