<?xml version="1.0" encoding="UTF-8"  standalone="yes"?>
<PcGts xmlns="http://schema.primaresearch.org/PAGE/gts/pagecontent/2019-07-15" xmlns:xsi="http://www.w3.org/2001/XMLSchema-instance" xsi:schemaLocation="http://schema.primaresearch.org/PAGE/gts/pagecontent/2019-07-15 http://schema.primaresearch.org/PAGE/gts/pagecontent/2019-07-15/pagecontent.xsd">
  <Metadata>
	<Creator>escriptorium</Creator>
	<Created>2025-04-28T08:09:10.335994+00:00</Created>
        <LastChange>2025-04-28T08:09:10.336021+00:00</LastChange>
  </Metadata>
  <Page imageFilename="1789,_Saemmtliche_Poetische_Werke,_Baumeister,_Bd._1,_VD18_80391559-001_Seite_181_Bild_0001.jpg" imageWidth="863" imageHeight="1510">
    <TextRegion id="region_1719308262687_355"  custom="structure {type:paragraph;}">
      <Coords points="122,68 195,68 198,111 122,110"/>
    </TextRegion>
    <TextRegion id="region_1719308271823_358"  custom="structure {type:footnote;}">
      <Coords points="115,118 763,118 751,259 115,261"/>
    </TextRegion>
    <TextRegion id="region_1719308277786_361"  custom="structure {type:footnote;}">
      <Coords points="154,290 760,288 760,542 161,538"/>
    </TextRegion>
    <TextRegion id="region_1719308291599_364"  custom="structure {type:footnote;}">
      <Coords points="112,544 759,544 740,748 112,751"/>
    </TextRegion>
    <TextRegion id="region_1719308305266_367"  custom="structure {type:footnote;}">
      <Coords points="157,754 752,751 752,1296 184,1294"/>
    </TextRegion>
  </Page>
</PcGts>
