<?xml version="1.0" encoding="UTF-8"  standalone="yes"?>
<PcGts xmlns="http://schema.primaresearch.org/PAGE/gts/pagecontent/2019-07-15" xmlns:xsi="http://www.w3.org/2001/XMLSchema-instance" xsi:schemaLocation="http://schema.primaresearch.org/PAGE/gts/pagecontent/2019-07-15 http://schema.primaresearch.org/PAGE/gts/pagecontent/2019-07-15/pagecontent.xsd">
  <Metadata>
	<Creator>escriptorium</Creator>
	<Created>2025-04-28T08:09:10.399411+00:00</Created>
        <LastChange>2025-04-28T08:09:10.399432+00:00</LastChange>
  </Metadata>
  <Page imageFilename="1789,_Saemmtliche_Poetische_Werke,_Baumeister,_Bd._2,_VD18_80391567-001_Seite_243_Bild_0001.jpg" imageWidth="901" imageHeight="1509">
    <TextRegion id="region_1737732334598_868"  custom="structure {type:paragraph;}">
      <Coords points="134,101 205,101 204,139 138,133"/>
    </TextRegion>
    <TextRegion id="region_1737732197116_829"  custom="structure {type:footnote;}">
      <Coords points="136,154 759,153 768,615 735,623 758,687 720,694 596,692 587,656 506,649 495,613 171,618"/>
    </TextRegion>
    <TextRegion id="region_1737732213522_833"  custom="structure {type:heading;}">
      <Coords points="149,721 765,726 767,777 564,779 550,827 364,823 351,784 147,771"/>
    </TextRegion>
    <TextRegion id="region_1737732234098_836"  custom="structure {type:paragraph;}">
      <Coords points="194,847 778,852 781,1146 616,1153 601,1191 428,1190 430,1151 270,1142 262,1077 186,1066"/>
    </TextRegion>
    <TextRegion id="region_1737732246561_839"  custom="structure {type:paragraph;}">
      <Coords points="164,1255 219,1253 215,1239 217,1215 218,1207 198,1200 158,1205"/>
    </TextRegion>
    <TextRegion id="region_1737732262961_842"  custom="structure {type:paragraph;}">
      <Coords points="218,1243 221,1227 298,1206 790,1219 776,1273 585,1266 589,1309 394,1307 392,1268 222,1256"/>
    </TextRegion>
  </Page>
</PcGts>
