<?xml version="1.0" encoding="UTF-8"  standalone="yes"?>
<PcGts xmlns="http://schema.primaresearch.org/PAGE/gts/pagecontent/2019-07-15" xmlns:xsi="http://www.w3.org/2001/XMLSchema-instance" xsi:schemaLocation="http://schema.primaresearch.org/PAGE/gts/pagecontent/2019-07-15 http://schema.primaresearch.org/PAGE/gts/pagecontent/2019-07-15/pagecontent.xsd">
  <Metadata>
	<Creator>escriptorium</Creator>
	<Created>2025-04-28T08:09:10.417358+00:00</Created>
        <LastChange>2025-04-28T08:09:10.417379+00:00</LastChange>
  </Metadata>
  <Page imageFilename="1789,_Saemmtliche_Poetische_Werke,_Baumeister,_Bd._2,_VD18_80391567-001_Seite_289_Bild_0001.jpg" imageWidth="891" imageHeight="1503">
    <TextRegion id="region_1737732606348_907"  custom="structure {type:paragraph;}">
      <Coords points="153,145 221,144 218,110 147,109"/>
    </TextRegion>
    <TextRegion id="region_1737732622026_910"  custom="structure {type:paragraph;}">
      <Coords points="142,166 782,161 790,540 147,540"/>
    </TextRegion>
    <TextRegion id="region_1737732638523_913"  custom="structure {type:footnote;}">
      <Coords points="198,572 783,568 809,1330 147,1329 149,620 192,615"/>
    </TextRegion>
  </Page>
</PcGts>
