<?xml version="1.0" encoding="UTF-8"  standalone="yes"?>
<PcGts xmlns="http://schema.primaresearch.org/PAGE/gts/pagecontent/2019-07-15" xmlns:xsi="http://www.w3.org/2001/XMLSchema-instance" xsi:schemaLocation="http://schema.primaresearch.org/PAGE/gts/pagecontent/2019-07-15 http://schema.primaresearch.org/PAGE/gts/pagecontent/2019-07-15/pagecontent.xsd">
  <Metadata>
	<Creator>escriptorium</Creator>
	<Created>2025-04-28T08:09:10.290754+00:00</Created>
        <LastChange>2025-04-28T08:09:10.290780+00:00</LastChange>
  </Metadata>
  <Page imageFilename="1789,_Saemmtliche_Poetische_Werke,_Baumeister,_Bd._1,_VD18_80391559-001_Seite_098_Bild_0001.jpg" imageWidth="904" imageHeight="1505">
    <TextRegion id="region_1737728439287_487"  custom="structure {type:heading;}">
      <Coords points="157,209 727,204 722,259 500,310 765,364 771,391 759,403 136,425 153,354 369,317 146,269"/>
      <TextLine id="eSc_line_620464fa" >
        <Baseline points="171,261 710,250"/>
        <TextEquiv>
          <Unicode></Unicode>
        </TextEquiv>
      </TextLine>
      <TextLine id="eSc_line_4b24b78f" >
        <Baseline points="404,321 479,321"/>
        <TextEquiv>
          <Unicode></Unicode>
        </TextEquiv>
      </TextLine>
      <TextLine id="eSc_line_9481baec" >
        <Baseline points="149,403 741,394"/>
        <TextEquiv>
          <Unicode></Unicode>
        </TextEquiv>
      </TextLine>
    </TextRegion>
    <TextRegion id="region_1737728485819_493"  custom="structure {type:paragraph;}">
      <Coords points="186,644 180,631 183,615 254,607 679,605 751,676 759,1021 124,1025 131,650"/>
      <TextLine id="eSc_line_040c556d" >
        <Baseline points="190,640 682,640"/>
        <TextEquiv>
          <Unicode></Unicode>
        </TextEquiv>
      </TextLine>
      <TextLine id="eSc_line_e940b8d6" >
        <Baseline points="140,681 726,673"/>
        <TextEquiv>
          <Unicode></Unicode>
        </TextEquiv>
      </TextLine>
      <TextLine id="eSc_line_6a0ad3e1" >
        <Baseline points="136,719 651,719"/>
        <TextEquiv>
          <Unicode></Unicode>
        </TextEquiv>
      </TextLine>
      <TextLine id="eSc_line_603b47d8" >
        <Baseline points="140,764 684,762"/>
        <TextEquiv>
          <Unicode></Unicode>
        </TextEquiv>
      </TextLine>
      <TextLine id="eSc_line_efa50e4b" >
        <Baseline points="142,806 751,804"/>
        <TextEquiv>
          <Unicode></Unicode>
        </TextEquiv>
      </TextLine>
      <TextLine id="eSc_line_f97621ad" >
        <Baseline points="142,848 664,848"/>
        <TextEquiv>
          <Unicode></Unicode>
        </TextEquiv>
      </TextLine>
      <TextLine id="eSc_line_82c9d686" >
        <Baseline points="136,887 751,889"/>
        <TextEquiv>
          <Unicode></Unicode>
        </TextEquiv>
      </TextLine>
      <TextLine id="eSc_line_27b2fcec" >
        <Baseline points="136,931 747,924"/>
        <TextEquiv>
          <Unicode></Unicode>
        </TextEquiv>
      </TextLine>
      <TextLine id="eSc_line_5f0d0fb2" >
        <Baseline points="134,974 751,972"/>
        <TextEquiv>
          <Unicode></Unicode>
        </TextEquiv>
      </TextLine>
      <TextLine id="eSc_line_de946feb" >
        <Baseline points="138,1014 747,1005"/>
        <TextEquiv>
          <Unicode></Unicode>
        </TextEquiv>
      </TextLine>
    </TextRegion>
    <TextRegion id="region_1737728504096_496"  custom="structure {type:paragraph;}">
      <Coords points="172,1059 767,1059 765,1098 640,1117 761,1135 751,1286 674,1310 108,1327 121,1138 490,1118 162,1101"/>
      <TextLine id="eSc_line_c240c469" >
        <Baseline points="179,1089 751,1091"/>
        <TextEquiv>
          <Unicode></Unicode>
        </TextEquiv>
      </TextLine>
      <TextLine id="eSc_line_239a231e" >
        <Baseline points="516,1130 624,1134"/>
        <TextEquiv>
          <Unicode></Unicode>
        </TextEquiv>
      </TextLine>
      <TextLine id="eSc_line_fd081b8c" >
        <Baseline points="132,1180 747,1174"/>
        <TextEquiv>
          <Unicode></Unicode>
        </TextEquiv>
      </TextLine>
      <TextLine id="eSc_line_ae0271f7" >
        <Baseline points="130,1213 747,1211"/>
        <TextEquiv>
          <Unicode></Unicode>
        </TextEquiv>
      </TextLine>
      <TextLine id="eSc_line_bcccb7c7" >
        <Baseline points="127,1259 736,1257"/>
        <TextEquiv>
          <Unicode></Unicode>
        </TextEquiv>
      </TextLine>
      <TextLine id="eSc_line_2b888b32" >
        <Baseline points="130,1301 668,1303"/>
        <TextEquiv>
          <Unicode></Unicode>
        </TextEquiv>
      </TextLine>
    </TextRegion>
    <TextRegion id="region_1737728422292_484"  custom="structure {type:paragraph;}">
      <Coords points="692,99 688,150 769,138 760,101"/>
    </TextRegion>
    <TextRegion id="region_1737728463251_490"  custom="structure {type:paragraph;}">
      <Coords points="136,642 183,643 178,634 177,603 183,600 182,594 132,593"/>
    </TextRegion>
  </Page>
</PcGts>
