<?xml version="1.0" encoding="UTF-8"  standalone="yes"?>
<PcGts xmlns="http://schema.primaresearch.org/PAGE/gts/pagecontent/2019-07-15" xmlns:xsi="http://www.w3.org/2001/XMLSchema-instance" xsi:schemaLocation="http://schema.primaresearch.org/PAGE/gts/pagecontent/2019-07-15 http://schema.primaresearch.org/PAGE/gts/pagecontent/2019-07-15/pagecontent.xsd">
  <Metadata>
	<Creator>escriptorium</Creator>
	<Created>2025-04-28T08:09:10.382041+00:00</Created>
        <LastChange>2025-04-28T08:09:10.382061+00:00</LastChange>
  </Metadata>
  <Page imageFilename="1789,_Saemmtliche_Poetische_Werke,_Baumeister,_Bd._2,_VD18_80391567-001_Seite_059_Bild_0001.jpg" imageWidth="887" imageHeight="1509">
    <TextRegion id="region_1719311434746_52"  custom="structure {type:paragraph;}">
      <Coords points="154,101 206,101 206,139 152,145"/>
    </TextRegion>
    <TextRegion id="region_1719311439386_55"  custom="structure {type:paragraph;}">
      <Coords points="131,154 775,154 768,532 131,531"/>
    </TextRegion>
    <TextRegion id="region_1719311445418_58"  custom="structure {type:paragraph;}">
      <Coords points="171,649 763,649 767,873 181,867"/>
    </TextRegion>
    <TextRegion id="region_1719311448927_61"  custom="structure {type:heading;}">
      <Coords points="195,928 707,928 706,979 202,976"/>
    </TextRegion>
    <TextRegion id="region_1719311465841_67"  custom="structure {type:paragraph;}">
      <Coords points="140,1006 190,1005 190,1072 137,1072"/>
    </TextRegion>
    <TextRegion id="region_1719311461608_64"  custom="structure {type:paragraph;}">
      <Coords points="143,1079 192,1078 192,1030 774,1025 767,1327 143,1327"/>
    </TextRegion>
  </Page>
</PcGts>
