<?xml version="1.0" encoding="UTF-8"  standalone="yes"?>
<PcGts xmlns="http://schema.primaresearch.org/PAGE/gts/pagecontent/2019-07-15" xmlns:xsi="http://www.w3.org/2001/XMLSchema-instance" xsi:schemaLocation="http://schema.primaresearch.org/PAGE/gts/pagecontent/2019-07-15 http://schema.primaresearch.org/PAGE/gts/pagecontent/2019-07-15/pagecontent.xsd">
  <Metadata>
	<Creator>escriptorium</Creator>
	<Created>2025-04-28T08:09:10.367957+00:00</Created>
        <LastChange>2025-04-28T08:09:10.367978+00:00</LastChange>
  </Metadata>
  <Page imageFilename="1789,_Saemmtliche_Poetische_Werke,_Baumeister,_Bd._2,_VD18_80391567-001_Seite_049_Bild_0001.jpg" imageWidth="895" imageHeight="1508">
    <TextRegion id="TextRegion_1721132769075_1262"  custom="structure {type:footnote;}">
      <Coords points="129,151 770,151 767,229 547,223 281,225 279,241 157,239 156,246 129,248"/>
      <TextLine id="eSc_line_ec1c1d9c" >
        <Baseline points="150,194 763,194"/>
        <TextEquiv>
          <Unicode></Unicode>
        </TextEquiv>
      </TextLine>
      <TextLine id="eSc_line_93108af7" >
        <Baseline points="141,236 260,234"/>
        <TextEquiv>
          <Unicode></Unicode>
        </TextEquiv>
      </TextLine>
    </TextRegion>
    <TextRegion id="TextRegion_1721132859590_1272"  custom="structure {type:footnote;}">
      <Coords points="129,281 131,282 188,283 188,252 188,248 770,248 770,414 131,417"/>
      <TextLine id="eSc_line_61ac7a59" >
        <Baseline points="192,277 767,279"/>
        <TextEquiv>
          <Unicode></Unicode>
        </TextEquiv>
      </TextLine>
      <TextLine id="eSc_line_8cdbe8b5" >
        <Baseline points="145,317 760,315"/>
        <TextEquiv>
          <Unicode></Unicode>
        </TextEquiv>
      </TextLine>
      <TextLine id="eSc_line_f7f34814" >
        <Baseline points="150,362 763,365"/>
        <TextEquiv>
          <Unicode></Unicode>
        </TextEquiv>
      </TextLine>
      <TextLine id="eSc_line_38542203" >
        <Baseline points="141,401 763,401"/>
        <TextEquiv>
          <Unicode></Unicode>
        </TextEquiv>
      </TextLine>
    </TextRegion>
    <TextRegion id="region_1719311343472_24"  custom="structure {type:heading;}">
      <Coords points="283,437 619,437 620,501 283,497"/>
      <TextLine id="eSc_line_ed0074ae" >
        <Baseline points="296,491 615,489"/>
        <TextEquiv>
          <Unicode></Unicode>
        </TextEquiv>
      </TextLine>
    </TextRegion>
    <TextRegion id="region_1719311347610_27"  custom="structure {type:heading;}">
      <Coords points="225,549 688,549 694,612 225,609"/>
      <TextLine id="eSc_line_6d6c3da8" >
        <Baseline points="235,595 684,595"/>
        <TextEquiv>
          <Unicode></Unicode>
        </TextEquiv>
      </TextLine>
    </TextRegion>
    <TextRegion id="TextRegion_1721132634367_1228"  custom="structure {type:paragraph;}">
      <Coords points="195,635 774,632 774,950 139,955 144,698 192,697 199,657"/>
      <TextLine id="eSc_line_9d42cf42" >
        <Baseline points="201,687 715,687"/>
        <TextEquiv>
          <Unicode></Unicode>
        </TextEquiv>
      </TextLine>
      <TextLine id="eSc_line_d3dc5173" >
        <Baseline points="147,730 758,726"/>
        <TextEquiv>
          <Unicode></Unicode>
        </TextEquiv>
      </TextLine>
      <TextLine id="eSc_line_af7fd6c6" >
        <Baseline points="145,771 655,766"/>
        <TextEquiv>
          <Unicode></Unicode>
        </TextEquiv>
      </TextLine>
      <TextLine id="eSc_line_6d0e37b3" >
        <Baseline points="156,811 758,807"/>
        <TextEquiv>
          <Unicode></Unicode>
        </TextEquiv>
      </TextLine>
      <TextLine id="eSc_line_c33a9253" >
        <Baseline points="346,854 551,847"/>
        <TextEquiv>
          <Unicode></Unicode>
        </TextEquiv>
      </TextLine>
      <TextLine id="eSc_line_4753df9f" >
        <Baseline points="150,892 668,897"/>
        <TextEquiv>
          <Unicode></Unicode>
        </TextEquiv>
      </TextLine>
      <TextLine id="eSc_line_f4f66d7b" >
        <Baseline points="145,937 702,940"/>
        <TextEquiv>
          <Unicode></Unicode>
        </TextEquiv>
      </TextLine>
    </TextRegion>
    <TextRegion id="region_1719311376283_33"  custom="structure {type:paragraph;}">
      <Coords points="140,983 783,984 769,1330 140,1330"/>
      <TextLine id="eSc_line_a38c384e" >
        <Baseline points="154,1023 763,1023"/>
        <TextEquiv>
          <Unicode></Unicode>
        </TextEquiv>
      </TextLine>
      <TextLine id="eSc_line_7a973972" >
        <Baseline points="152,1064 765,1057"/>
        <TextEquiv>
          <Unicode></Unicode>
        </TextEquiv>
      </TextLine>
      <TextLine id="eSc_line_541d2f93" >
        <Baseline points="443,1104 567,1102"/>
        <TextEquiv>
          <Unicode></Unicode>
        </TextEquiv>
      </TextLine>
      <TextLine id="eSc_line_80687e8d" >
        <Baseline points="154,1154 763,1152"/>
        <TextEquiv>
          <Unicode></Unicode>
        </TextEquiv>
      </TextLine>
      <TextLine id="eSc_line_982d964d" >
        <Baseline points="154,1188 763,1189"/>
        <TextEquiv>
          <Unicode></Unicode>
        </TextEquiv>
      </TextLine>
      <TextLine id="eSc_line_d56d5bbc" >
        <Baseline points="444,1225 722,1229"/>
        <TextEquiv>
          <Unicode></Unicode>
        </TextEquiv>
      </TextLine>
      <TextLine id="eSc_line_086690e8" >
        <Baseline points="157,1267 750,1271"/>
        <TextEquiv>
          <Unicode></Unicode>
        </TextEquiv>
      </TextLine>
      <TextLine id="eSc_line_645a6375" >
        <Baseline points="159,1312 597,1314"/>
        <TextEquiv>
          <Unicode></Unicode>
        </TextEquiv>
      </TextLine>
    </TextRegion>
    <TextRegion id="TextRegion_1721132634367_1229"  custom="structure {type:paragraph;}">
      <Coords points="143,632 183,632 196,660 190,693 143,693"/>
    </TextRegion>
    <TextRegion id="region_1719311332527_18"  custom="structure {type:paragraph;}">
      <Coords points="140,106 189,106 189,144 139,145"/>
    </TextRegion>
  </Page>
</PcGts>
