<?xml version="1.0" encoding="UTF-8"  standalone="yes"?>
<PcGts xmlns="http://schema.primaresearch.org/PAGE/gts/pagecontent/2019-07-15" xmlns:xsi="http://www.w3.org/2001/XMLSchema-instance" xsi:schemaLocation="http://schema.primaresearch.org/PAGE/gts/pagecontent/2019-07-15 http://schema.primaresearch.org/PAGE/gts/pagecontent/2019-07-15/pagecontent.xsd">
  <Metadata>
	<Creator>escriptorium</Creator>
	<Created>2025-04-28T08:09:10.346283+00:00</Created>
        <LastChange>2025-04-28T08:09:10.346307+00:00</LastChange>
  </Metadata>
  <Page imageFilename="1789,_Saemmtliche_Poetische_Werke,_Baumeister,_Bd._1,_VD18_80391559-001_Seite_377_Bild_0001.jpg" imageWidth="869" imageHeight="1492">
    <TextRegion id="region_1737728768346_590"  custom="structure {type:footnote;}">
      <Coords points="104,119 757,125 741,982 90,970"/>
      <TextLine id="eSc_line_71af197d" >
        <Baseline points="122,167 749,167"/>
        <TextEquiv>
          <Unicode></Unicode>
        </TextEquiv>
      </TextLine>
      <TextLine id="eSc_line_6ede48bb" >
        <Baseline points="122,201 751,205"/>
        <TextEquiv>
          <Unicode></Unicode>
        </TextEquiv>
      </TextLine>
      <TextLine id="eSc_line_9ab3d8f2" >
        <Baseline points="119,249 746,249"/>
        <TextEquiv>
          <Unicode></Unicode>
        </TextEquiv>
      </TextLine>
      <TextLine id="eSc_line_59b869e2" >
        <Baseline points="129,288 746,292"/>
        <TextEquiv>
          <Unicode></Unicode>
        </TextEquiv>
      </TextLine>
      <TextLine id="eSc_line_10d57a09" >
        <Baseline points="122,329 746,336"/>
        <TextEquiv>
          <Unicode></Unicode>
        </TextEquiv>
      </TextLine>
      <TextLine id="eSc_line_ba0a2736" >
        <Baseline points="119,368 744,375"/>
        <TextEquiv>
          <Unicode></Unicode>
        </TextEquiv>
      </TextLine>
      <TextLine id="eSc_line_b5555c2d" >
        <Baseline points="115,414 744,418"/>
        <TextEquiv>
          <Unicode></Unicode>
        </TextEquiv>
      </TextLine>
      <TextLine id="eSc_line_f579c7d1" >
        <Baseline points="110,452 744,462"/>
        <TextEquiv>
          <Unicode></Unicode>
        </TextEquiv>
      </TextLine>
      <TextLine id="eSc_line_0386d891" >
        <Baseline points="117,498 742,498"/>
        <TextEquiv>
          <Unicode></Unicode>
        </TextEquiv>
      </TextLine>
      <TextLine id="eSc_line_154bb835" >
        <Baseline points="115,535 737,537"/>
        <TextEquiv>
          <Unicode></Unicode>
        </TextEquiv>
      </TextLine>
      <TextLine id="eSc_line_99286aad" >
        <Baseline points="107,581 734,581"/>
        <TextEquiv>
          <Unicode></Unicode>
        </TextEquiv>
      </TextLine>
      <TextLine id="eSc_line_b5410801" >
        <Baseline points="107,622 737,629"/>
        <TextEquiv>
          <Unicode></Unicode>
        </TextEquiv>
      </TextLine>
      <TextLine id="eSc_line_fd180301" >
        <Baseline points="107,660 732,670"/>
        <TextEquiv>
          <Unicode></Unicode>
        </TextEquiv>
      </TextLine>
      <TextLine id="eSc_line_a165920b" >
        <Baseline points="161,704 732,704"/>
        <TextEquiv>
          <Unicode></Unicode>
        </TextEquiv>
      </TextLine>
      <TextLine id="eSc_line_d453ac42" >
        <Baseline points="107,745 737,748"/>
        <TextEquiv>
          <Unicode></Unicode>
        </TextEquiv>
      </TextLine>
      <TextLine id="eSc_line_27c9e908" >
        <Baseline points="110,781 734,789"/>
        <TextEquiv>
          <Unicode></Unicode>
        </TextEquiv>
      </TextLine>
      <TextLine id="eSc_line_9612506d" >
        <Baseline points="105,823 739,830"/>
        <TextEquiv>
          <Unicode></Unicode>
        </TextEquiv>
      </TextLine>
      <TextLine id="eSc_line_53ae787d" >
        <Baseline points="102,873 732,873"/>
        <TextEquiv>
          <Unicode></Unicode>
        </TextEquiv>
      </TextLine>
      <TextLine id="eSc_line_1ac21efc" >
        <Baseline points="100,912 729,917"/>
        <TextEquiv>
          <Unicode></Unicode>
        </TextEquiv>
      </TextLine>
      <TextLine id="eSc_line_9b16bd96" >
        <Baseline points="105,958 734,961"/>
        <TextEquiv>
          <Unicode></Unicode>
        </TextEquiv>
      </TextLine>
    </TextRegion>
    <TextRegion id="region_1737728864906_593"  custom="structure {type:heading;}">
      <Coords points="295,999 530,997 530,1050 697,1059 692,1104 484,1140 295,1139 115,1096 125,1044 278,1044"/>
      <TextLine id="eSc_line_b5ff5236" >
        <Baseline points="290,1037 527,1041"/>
        <TextEquiv>
          <Unicode></Unicode>
        </TextEquiv>
      </TextLine>
      <TextLine id="eSc_line_65fe4b9c" >
        <Baseline points="129,1090 680,1094"/>
        <TextEquiv>
          <Unicode></Unicode>
        </TextEquiv>
      </TextLine>
      <TextLine id="eSc_line_29531ea1" >
        <Baseline points="313,1128 503,1128"/>
        <TextEquiv>
          <Unicode></Unicode>
        </TextEquiv>
      </TextLine>
    </TextRegion>
    <TextRegion id="region_1737728898454_599"  custom="structure {type:paragraph;}">
      <Coords points="142,1183 144,1203 296,1228 98,1242 88,1297 310,1303 338,1345 635,1343 641,1302 714,1294 722,1256 443,1243 440,1220 735,1213 732,1162 151,1168"/>
      <TextLine id="eSc_line_f26259d0" >
        <Baseline points="153,1199 713,1203"/>
        <TextEquiv>
          <Unicode></Unicode>
        </TextEquiv>
      </TextLine>
      <TextLine id="eSc_line_76285f77" >
        <Baseline points="321,1241 430,1239"/>
        <TextEquiv>
          <Unicode></Unicode>
        </TextEquiv>
      </TextLine>
      <TextLine id="eSc_line_9349f494" >
        <Baseline points="96,1286 709,1282"/>
        <TextEquiv>
          <Unicode></Unicode>
        </TextEquiv>
      </TextLine>
      <TextLine id="eSc_line_947461e5" >
        <Baseline points="335,1326 630,1328"/>
        <TextEquiv>
          <Unicode></Unicode>
        </TextEquiv>
      </TextLine>
    </TextRegion>
    <TextRegion id="region_1737728755939_587"  custom="structure {type:paragraph;}">
      <Coords points="118,108 123,73 198,66 190,107 129,113"/>
    </TextRegion>
    <TextRegion id="region_1737728879530_596"  custom="structure {type:paragraph;}">
      <Coords points="138,1193 142,1184 143,1168 137,1154 99,1154 99,1203 132,1202"/>
    </TextRegion>
  </Page>
</PcGts>
