<?xml version="1.0" encoding="UTF-8"  standalone="yes"?>
<PcGts xmlns="http://schema.primaresearch.org/PAGE/gts/pagecontent/2019-07-15" xmlns:xsi="http://www.w3.org/2001/XMLSchema-instance" xsi:schemaLocation="http://schema.primaresearch.org/PAGE/gts/pagecontent/2019-07-15 http://schema.primaresearch.org/PAGE/gts/pagecontent/2019-07-15/pagecontent.xsd">
  <Metadata>
	<Creator>escriptorium</Creator>
	<Created>2025-04-28T08:09:10.359751+00:00</Created>
        <LastChange>2025-04-28T08:09:10.359771+00:00</LastChange>
  </Metadata>
  <Page imageFilename="1789,_Saemmtliche_Poetische_Werke,_Baumeister,_Bd._1,_VD18_80391559-001_Seite_402_Bild_0001.jpg" imageWidth="1003" imageHeight="1474">
    <TextRegion id="region_1737728948669_619"  custom="structure {type:paragraph;}">
      <Coords points="659,75 664,119 739,119 736,77"/>
    </TextRegion>
    <TextRegion id="region_1737728953866_622"  custom="structure {type:heading;}">
      <Coords points="326,133 332,184 530,182 534,135"/>
    </TextRegion>
    <TextRegion id="region_1737728969179_625"  custom="structure {type:paragraph;}">
      <Coords points="168,252 165,248 166,212 175,206 104,209 113,256 159,254 171,257"/>
    </TextRegion>
    <TextRegion id="region_1737728995263_628"  custom="structure {type:paragraph;}">
      <Coords points="174,258 167,246 171,231 219,218 685,219 747,254 756,895 652,889 650,935 301,939 299,891 115,895 109,262"/>
    </TextRegion>
    <TextRegion id="region_1737729010094_631"  custom="structure {type:footnote;}">
      <Coords points="157,961 749,967 745,1304 405,1310 113,1310 111,1009 153,1009"/>
    </TextRegion>
  </Page>
</PcGts>
