<?xml version="1.0" encoding="UTF-8"  standalone="yes"?>
<PcGts xmlns="http://schema.primaresearch.org/PAGE/gts/pagecontent/2019-07-15" xmlns:xsi="http://www.w3.org/2001/XMLSchema-instance" xsi:schemaLocation="http://schema.primaresearch.org/PAGE/gts/pagecontent/2019-07-15 http://schema.primaresearch.org/PAGE/gts/pagecontent/2019-07-15/pagecontent.xsd">
  <Metadata>
	<Creator>escriptorium</Creator>
	<Created>2025-04-28T08:09:10.408175+00:00</Created>
        <LastChange>2025-04-28T08:09:10.408196+00:00</LastChange>
  </Metadata>
  <Page imageFilename="1789,_Saemmtliche_Poetische_Werke,_Baumeister,_Bd._2,_VD18_80391567-001_Seite_273_Bild_0001.jpg" imageWidth="882" imageHeight="1508">
    <TextRegion id="region_1719311598376_96"  custom="structure {type:paragraph;}">
      <Coords points="134,83 202,82 202,125 128,125"/>
    </TextRegion>
    <TextRegion id="region_1719311603644_99"  custom="structure {type:paragraph;}">
      <Coords points="130,138 759,138 759,426 120,431"/>
    </TextRegion>
    <TextRegion id="region_1719311608709_102"  custom="structure {type:footnote;}">
      <Coords points="130,457 767,457 758,634 130,635"/>
    </TextRegion>
    <TextRegion id="region_1719311614412_105"  custom="structure {type:heading;}">
      <Coords points="186,666 704,662 707,717 186,717"/>
    </TextRegion>
    <TextRegion id="region_1719311695358_125"  custom="structure {type:paragraph;}">
      <Coords points="166,734 221,737 222,792 171,793"/>
    </TextRegion>
    <TextRegion id="region_1719311627005_108"  custom="structure {type:paragraph;}">
      <Coords points="170,795 224,794 223,729 649,742 639,1006 170,1006"/>
    </TextRegion>
    <TextRegion id="region_1719311631624_111"  custom="structure {type:paragraph;}">
      <Coords points="170,1035 713,1035 692,1293 164,1295"/>
    </TextRegion>
  </Page>
</PcGts>
