<?xml version="1.0" encoding="UTF-8"  standalone="yes"?>
<PcGts xmlns="http://schema.primaresearch.org/PAGE/gts/pagecontent/2019-07-15" xmlns:xsi="http://www.w3.org/2001/XMLSchema-instance" xsi:schemaLocation="http://schema.primaresearch.org/PAGE/gts/pagecontent/2019-07-15 http://schema.primaresearch.org/PAGE/gts/pagecontent/2019-07-15/pagecontent.xsd">
  <Metadata>
	<Creator>escriptorium</Creator>
	<Created>2025-04-28T08:09:10.278578+00:00</Created>
        <LastChange>2025-04-28T08:09:10.278604+00:00</LastChange>
  </Metadata>
  <Page imageFilename="1789,_Saemmtliche_Poetische_Werke,_Baumeister,_Bd._1,_VD18_80391559-001_Seite_083_Bild_0001.jpg" imageWidth="852" imageHeight="1505">
    <TextRegion id="region_1737728308754_436"  custom="structure {type:paragraph;}">
      <Coords points="89,77 90,119 161,117 155,73"/>
    </TextRegion>
    <TextRegion id="region_1737728319185_439"  custom="structure {type:paragraph;}">
      <Coords points="92,153 736,149 740,505 342,515 343,557 98,568"/>
    </TextRegion>
    <TextRegion id="region_1737728330817_442"  custom="structure {type:paragraph;}">
      <Coords points="128,614 136,816 718,813 667,612"/>
    </TextRegion>
    <TextRegion id="region_1737728339816_445"  custom="structure {type:paragraph;}">
      <Coords points="140,872 731,871 728,920 479,925 470,974 104,978 105,925 144,916"/>
    </TextRegion>
    <TextRegion id="region_1737728344436_448"  custom="structure {type:paragraph;}">
      <Coords points="173,1019 552,1015 549,1079 167,1080"/>
    </TextRegion>
    <TextRegion id="region_1737728353616_451"  custom="structure {type:paragraph;}">
      <Coords points="422,1131 744,1120 745,1166 665,1178 673,1217 481,1230 474,1183 417,1188"/>
    </TextRegion>
    <TextRegion id="region_1737728357284_454"  custom="structure {type:paragraph;}">
      <Coords points="611,1238 699,1239 690,1298 605,1290"/>
    </TextRegion>
  </Page>
</PcGts>
