<?xml version="1.0" encoding="UTF-8"  standalone="yes"?>
<PcGts xmlns="http://schema.primaresearch.org/PAGE/gts/pagecontent/2019-07-15" xmlns:xsi="http://www.w3.org/2001/XMLSchema-instance" xsi:schemaLocation="http://schema.primaresearch.org/PAGE/gts/pagecontent/2019-07-15 http://schema.primaresearch.org/PAGE/gts/pagecontent/2019-07-15/pagecontent.xsd">
  <Metadata>
	<Creator>escriptorium</Creator>
	<Created>2025-04-28T08:09:10.316910+00:00</Created>
        <LastChange>2025-04-28T08:09:10.316936+00:00</LastChange>
  </Metadata>
  <Page imageFilename="1789,_Saemmtliche_Poetische_Werke,_Baumeister,_Bd._1,_VD18_80391559-001_Seite_148_Bild_0001.jpg" imageWidth="896" imageHeight="1506">
    <TextRegion id="region_1719307871587_274"  custom="structure {type:footnote;}">
      <Coords points="121,149 747,149 747,367 109,369"/>
      <TextLine id="eSc_line_cb635c09" >
        <Baseline points="126,182 739,193"/>
        <TextEquiv>
          <Unicode></Unicode>
        </TextEquiv>
      </TextLine>
      <TextLine id="eSc_line_42da0e55" >
        <Baseline points="126,230 744,239"/>
        <TextEquiv>
          <Unicode></Unicode>
        </TextEquiv>
      </TextLine>
      <TextLine id="eSc_line_eb8d97c5" >
        <Baseline points="122,273 739,275"/>
        <TextEquiv>
          <Unicode></Unicode>
        </TextEquiv>
      </TextLine>
      <TextLine id="eSc_line_b3d7e495" >
        <Baseline points="119,317 742,326"/>
        <TextEquiv>
          <Unicode></Unicode>
        </TextEquiv>
      </TextLine>
      <TextLine id="eSc_line_98cae875" >
        <Baseline points="122,360 468,360"/>
        <TextEquiv>
          <Unicode></Unicode>
        </TextEquiv>
      </TextLine>
    </TextRegion>
    <TextRegion id="region_1719307897838_277"  custom="structure {type:footnote;}">
      <Coords points="743,402 161,402 161,705 756,714"/>
      <TextLine id="eSc_line_95c8ba05" >
        <Baseline points="172,440 737,440"/>
        <TextEquiv>
          <Unicode></Unicode>
        </TextEquiv>
      </TextLine>
      <TextLine id="eSc_line_9634c3da" >
        <Baseline points="409,478 502,481"/>
        <TextEquiv>
          <Unicode></Unicode>
        </TextEquiv>
      </TextLine>
      <TextLine id="eSc_line_247c42d9" >
        <Baseline points="181,522 737,526"/>
        <TextEquiv>
          <Unicode></Unicode>
        </TextEquiv>
      </TextLine>
      <TextLine id="eSc_line_041c5934" >
        <Baseline points="423,563 632,567"/>
        <TextEquiv>
          <Unicode></Unicode>
        </TextEquiv>
      </TextLine>
      <TextLine id="eSc_line_a3f51020" >
        <Baseline points="263,608 744,608"/>
        <TextEquiv>
          <Unicode></Unicode>
        </TextEquiv>
      </TextLine>
      <TextLine id="eSc_line_f317a0a3" >
        <Baseline points="318,640 742,645"/>
        <TextEquiv>
          <Unicode></Unicode>
        </TextEquiv>
      </TextLine>
      <TextLine id="eSc_line_3a3451c8" >
        <Baseline points="315,686 477,690"/>
        <TextEquiv>
          <Unicode></Unicode>
        </TextEquiv>
      </TextLine>
    </TextRegion>
    <TextRegion id="TextRegion_1721132416673_1175"  custom="structure {type:footnote;}">
      <Coords points="134,734 743,734 752,1290 461,1291 461,1319 134,1319"/>
      <TextLine id="eSc_line_80ad9079" >
        <Baseline points="139,772 733,777"/>
        <TextEquiv>
          <Unicode></Unicode>
        </TextEquiv>
      </TextLine>
      <TextLine id="eSc_line_86bfedfb" >
        <Baseline points="205,858 738,863"/>
        <TextEquiv>
          <Unicode></Unicode>
        </TextEquiv>
      </TextLine>
      <TextLine id="eSc_line_e241702d" >
        <Baseline points="409,810 539,818"/>
        <TextEquiv>
          <Unicode></Unicode>
        </TextEquiv>
      </TextLine>
      <TextLine id="eSc_line_1476d502" >
        <Baseline points="205,933 741,943"/>
        <TextEquiv>
          <Unicode></Unicode>
        </TextEquiv>
      </TextLine>
      <TextLine id="eSc_line_f3e4d072" >
        <Baseline points="411,901 560,903"/>
        <TextEquiv>
          <Unicode></Unicode>
        </TextEquiv>
      </TextLine>
      <TextLine id="eSc_line_e9812c35" >
        <Baseline points="197,1019 738,1029"/>
        <TextEquiv>
          <Unicode></Unicode>
        </TextEquiv>
      </TextLine>
      <TextLine id="eSc_line_2711ab3b" >
        <Baseline points="406,979 524,981"/>
        <TextEquiv>
          <Unicode></Unicode>
        </TextEquiv>
      </TextLine>
      <TextLine id="eSc_line_f497efac" >
        <Baseline points="202,1059 733,1069"/>
        <TextEquiv>
          <Unicode></Unicode>
        </TextEquiv>
      </TextLine>
      <TextLine id="eSc_line_565b8bd9" >
        <Baseline points="197,1145 736,1150"/>
        <TextEquiv>
          <Unicode></Unicode>
        </TextEquiv>
      </TextLine>
      <TextLine id="eSc_line_d628af40" >
        <Baseline points="409,1104 595,1110"/>
        <TextEquiv>
          <Unicode></Unicode>
        </TextEquiv>
      </TextLine>
      <TextLine id="eSc_line_df9c41ad" >
        <Baseline points="205,1230 701,1235"/>
        <TextEquiv>
          <Unicode></Unicode>
        </TextEquiv>
      </TextLine>
      <TextLine id="eSc_line_d55205c2" >
        <Baseline points="406,1190 570,1190"/>
        <TextEquiv>
          <Unicode></Unicode>
        </TextEquiv>
      </TextLine>
      <TextLine id="eSc_line_3eb586fb" >
        <Baseline points="298,1271 733,1276"/>
        <TextEquiv>
          <Unicode></Unicode>
        </TextEquiv>
      </TextLine>
      <TextLine id="eSc_line_f349869c" >
        <Baseline points="346,1312 441,1314"/>
        <TextEquiv>
          <Unicode></Unicode>
        </TextEquiv>
      </TextLine>
    </TextRegion>
    <TextRegion id="region_1719307866826_271"  custom="structure {type:paragraph;}">
      <Coords points="695,106 749,106 749,144 695,140"/>
    </TextRegion>
    <TextRegion id="TextRegion_1721132416672_1174"  custom="structure {type:paragraph;}">
      <Coords points="136,1322 649,1324 646,1361 136,1361"/>
    </TextRegion>
  </Page>
</PcGts>
