<?xml version="1.0" encoding="UTF-8"  standalone="yes"?>
<PcGts xmlns="http://schema.primaresearch.org/PAGE/gts/pagecontent/2019-07-15" xmlns:xsi="http://www.w3.org/2001/XMLSchema-instance" xsi:schemaLocation="http://schema.primaresearch.org/PAGE/gts/pagecontent/2019-07-15 http://schema.primaresearch.org/PAGE/gts/pagecontent/2019-07-15/pagecontent.xsd">
  <Metadata>
	<Creator>escriptorium</Creator>
	<Created>2025-04-28T08:09:10.264410+00:00</Created>
        <LastChange>2025-04-28T08:09:10.264436+00:00</LastChange>
  </Metadata>
  <Page imageFilename="1789,_Saemmtliche_Poetische_Werke,_Baumeister,_Bd._1,_VD18_80391559-001_Seite_064_Bild_0001.jpg" imageWidth="889" imageHeight="1502">
    <TextRegion id="region_1737727935202_214"  custom="structure {type:paragraph;}">
      <Coords points="162,134 796,145 790,608 289,608 288,648 161,648"/>
      <TextLine id="eSc_line_759b1932" >
        <Baseline points="173,184 784,193"/>
        <TextEquiv>
          <Unicode></Unicode>
        </TextEquiv>
      </TextLine>
      <TextLine id="eSc_line_5ef34403" >
        <Baseline points="176,232 784,232"/>
        <TextEquiv>
          <Unicode></Unicode>
        </TextEquiv>
      </TextLine>
      <TextLine id="eSc_line_b3deda98" >
        <Baseline points="173,278 790,287"/>
        <TextEquiv>
          <Unicode></Unicode>
        </TextEquiv>
      </TextLine>
      <TextLine id="eSc_line_5e3ed66b" >
        <Baseline points="167,326 778,338"/>
        <TextEquiv>
          <Unicode></Unicode>
        </TextEquiv>
      </TextLine>
      <TextLine id="eSc_line_4c715f2d" >
        <Baseline points="173,387 793,393"/>
        <TextEquiv>
          <Unicode></Unicode>
        </TextEquiv>
      </TextLine>
      <TextLine id="eSc_line_eed918a4" >
        <Baseline points="179,435 781,447"/>
        <TextEquiv>
          <Unicode></Unicode>
        </TextEquiv>
      </TextLine>
      <TextLine id="eSc_line_b3a5b75d" >
        <Baseline points="167,486 784,495"/>
        <TextEquiv>
          <Unicode></Unicode>
        </TextEquiv>
      </TextLine>
      <TextLine id="eSc_line_0c71211a" >
        <Baseline points="173,538 784,553"/>
        <TextEquiv>
          <Unicode></Unicode>
        </TextEquiv>
      </TextLine>
      <TextLine id="eSc_line_1f0bf5d3" >
        <Baseline points="170,589 778,598"/>
        <TextEquiv>
          <Unicode></Unicode>
        </TextEquiv>
      </TextLine>
      <TextLine id="eSc_line_fc27333f" >
        <Baseline points="167,641 291,641"/>
        <TextEquiv>
          <Unicode></Unicode>
        </TextEquiv>
      </TextLine>
    </TextRegion>
    <TextRegion id="region_1737727997863_255"  custom="structure {type:paragraph;}">
      <Coords points="207,655 793,670 781,1336 184,1329"/>
      <TextLine id="eSc_line_c89bfa5c" >
        <Baseline points="216,695 787,707"/>
        <TextEquiv>
          <Unicode></Unicode>
        </TextEquiv>
      </TextLine>
      <TextLine id="eSc_line_082422e2" >
        <Baseline points="452,749 681,755"/>
        <TextEquiv>
          <Unicode></Unicode>
        </TextEquiv>
      </TextLine>
      <TextLine id="eSc_line_832cca01" >
        <Baseline points="210,804 787,810"/>
        <TextEquiv>
          <Unicode></Unicode>
        </TextEquiv>
      </TextLine>
      <TextLine id="eSc_line_516cfead" >
        <Baseline points="455,855 642,855"/>
        <TextEquiv>
          <Unicode></Unicode>
        </TextEquiv>
      </TextLine>
      <TextLine id="eSc_line_9f44932c" >
        <Baseline points="210,907 781,913"/>
        <TextEquiv>
          <Unicode></Unicode>
        </TextEquiv>
      </TextLine>
      <TextLine id="eSc_line_3b1d43fd" >
        <Baseline points="455,958 675,955"/>
        <TextEquiv>
          <Unicode></Unicode>
        </TextEquiv>
      </TextLine>
      <TextLine id="eSc_line_f829ed5e" >
        <Baseline points="204,1006 772,1015"/>
        <TextEquiv>
          <Unicode></Unicode>
        </TextEquiv>
      </TextLine>
      <TextLine id="eSc_line_070fff5a" >
        <Baseline points="449,1058 672,1064"/>
        <TextEquiv>
          <Unicode></Unicode>
        </TextEquiv>
      </TextLine>
      <TextLine id="eSc_line_c14fc04d" >
        <Baseline points="207,1109 778,1115"/>
        <TextEquiv>
          <Unicode></Unicode>
        </TextEquiv>
      </TextLine>
      <TextLine id="eSc_line_24f39f49" >
        <Baseline points="446,1167 730,1173"/>
        <TextEquiv>
          <Unicode></Unicode>
        </TextEquiv>
      </TextLine>
      <TextLine id="eSc_line_5ac38706" >
        <Baseline points="204,1212 766,1221"/>
        <TextEquiv>
          <Unicode></Unicode>
        </TextEquiv>
      </TextLine>
      <TextLine id="eSc_line_0722f353" >
        <Baseline points="442,1269 585,1273"/>
        <TextEquiv>
          <Unicode></Unicode>
        </TextEquiv>
      </TextLine>
      <TextLine id="eSc_line_0f7e2522" >
        <Baseline points="255,1321 772,1330"/>
        <TextEquiv>
          <Unicode></Unicode>
        </TextEquiv>
      </TextLine>
    </TextRegion>
    <TextRegion id="region_1737727939630_217"  custom="structure {type:paragraph;}">
      <Coords points="741,79 793,82 795,128 735,119"/>
    </TextRegion>
  </Page>
</PcGts>
