<?xml version="1.0" encoding="UTF-8"?>
<alto xmlns:xsi="http://www.w3.org/2001/XMLSchema-instance"
      xmlns="http://www.loc.gov/standards/alto/ns-v4#"
      xsi:schemaLocation="http://www.loc.gov/standards/alto/ns-v4# http://www.loc.gov/standards/alto/v4/alto-4-2.xsd">
  <Description>
    <MeasurementUnit>pixel</MeasurementUnit>
    <sourceImageInformation>
      <fileName>1800,_Poetische_Werke,_Bohn,_Bd._2,_VD18_80461441_Seite_225_Bild_0001.jpg</fileName>
    </sourceImageInformation>
  </Description>
  <Tags>
    <OtherTag ID="BT1" LABEL="Title" DESCRIPTION="block type Title"/><OtherTag ID="BT2" LABEL="Main" DESCRIPTION="block type Main"/><OtherTag ID="BT3" LABEL="Commentary" DESCRIPTION="block type Commentary"/><OtherTag ID="BT4" LABEL="Illustration" DESCRIPTION="block type Illustration"/><OtherTag ID="BT3664" LABEL="paragraph" DESCRIPTION="block type paragraph"/><OtherTag ID="BT3665" LABEL="heading" DESCRIPTION="block type heading"/><OtherTag ID="BT3666" LABEL="footnote" DESCRIPTION="block type footnote"/>
    <OtherTag ID="LT2231" LABEL="default" DESCRIPTION="line type default"/>
  </Tags>
  <Layout>
    <Page WIDTH="1866"
          HEIGHT="2730"
          PHYSICAL_IMG_NR="8"
          ID="eSc_dummypage_">
      <PrintSpace HPOS="0"
                  VPOS="0"
                  WIDTH="1866"
                  HEIGHT="2730">
        <TextBlock HPOS="295.0"
                   VPOS="498.0"
                   WIDTH="817.0"
                   HEIGHT="810.0"
                   ID="region_1720777599798_9"
                   TAGREFS="BT3664">
          <Shape><Polygon POINTS="1112 1308 304 1308 295 498 1065 498"/></Shape>
          <TextLine ID="eSc_line_1002a87c"
                    BASELINE="333 574 946 567" 
                    HPOS="333.0"
                    VPOS="567.0"
                    WIDTH="613.0"
                    HEIGHT="7.0">
	    <String CONTENT=""
                    HPOS="333.0"
                    VPOS="567.0"
                    WIDTH="613.0"
                    HEIGHT="7.0"></String>
          </TextLine>
          <TextLine ID="eSc_line_10ac9d0c"
                    BASELINE="324 643 995 631" 
                    HPOS="324.0"
                    VPOS="631.0"
                    WIDTH="671.0"
                    HEIGHT="12.0">
	    <String CONTENT=""
                    HPOS="324.0"
                    VPOS="631.0"
                    WIDTH="671.0"
                    HEIGHT="12.0"></String>
          </TextLine>
          <TextLine ID="eSc_line_b492e080"
                    BASELINE="319 700 876 686" 
                    HPOS="319.0"
                    VPOS="686.0"
                    WIDTH="557.0"
                    HEIGHT="14.0">
	    <String CONTENT=""
                    HPOS="319.0"
                    VPOS="686.0"
                    WIDTH="557.0"
                    HEIGHT="14.0"></String>
          </TextLine>
          <TextLine ID="eSc_line_cd16f9ea"
                    BASELINE="324 758 917 749" 
                    HPOS="324.0"
                    VPOS="749.0"
                    WIDTH="593.0"
                    HEIGHT="9.0">
	    <String CONTENT=""
                    HPOS="324.0"
                    VPOS="749.0"
                    WIDTH="593.0"
                    HEIGHT="9.0"></String>
          </TextLine>
          <TextLine ID="eSc_line_3722f7e9"
                    BASELINE="324 816 988 807" 
                    HPOS="324.0"
                    VPOS="807.0"
                    WIDTH="664.0"
                    HEIGHT="9.0">
	    <String CONTENT=""
                    HPOS="324.0"
                    VPOS="807.0"
                    WIDTH="664.0"
                    HEIGHT="9.0"></String>
          </TextLine>
          <TextLine ID="eSc_line_1e1c60dc"
                    BASELINE="320 883 1003 862" 
                    HPOS="320.0"
                    VPOS="862.0"
                    WIDTH="683.0"
                    HEIGHT="21.0">
	    <String CONTENT=""
                    HPOS="320.0"
                    VPOS="862.0"
                    WIDTH="683.0"
                    HEIGHT="21.0"></String>
          </TextLine>
          <TextLine ID="eSc_line_e8a12b29"
                    BASELINE="320 935 1024 928" 
                    HPOS="320.0"
                    VPOS="928.0"
                    WIDTH="704.0"
                    HEIGHT="7.0">
	    <String CONTENT=""
                    HPOS="320.0"
                    VPOS="928.0"
                    WIDTH="704.0"
                    HEIGHT="7.0"></String>
          </TextLine>
          <TextLine ID="eSc_line_549a113a"
                    BASELINE="321 996 1018 986" 
                    HPOS="321.0"
                    VPOS="986.0"
                    WIDTH="697.0"
                    HEIGHT="10.0">
	    <String CONTENT=""
                    HPOS="321.0"
                    VPOS="986.0"
                    WIDTH="697.0"
                    HEIGHT="10.0"></String>
          </TextLine>
          <TextLine ID="eSc_line_3ba729f9"
                    BASELINE="383 1112 977 1111" 
                    HPOS="383.0"
                    VPOS="1111.0"
                    WIDTH="594.0"
                    HEIGHT="1.0">
	    <String CONTENT=""
                    HPOS="383.0"
                    VPOS="1111.0"
                    WIDTH="594.0"
                    HEIGHT="1.0"></String>
          </TextLine>
          <TextLine ID="eSc_line_a4a64230"
                    BASELINE="326 1180 926 1178" 
                    HPOS="326.0"
                    VPOS="1178.0"
                    WIDTH="600.0"
                    HEIGHT="2.0">
	    <String CONTENT=""
                    HPOS="326.0"
                    VPOS="1178.0"
                    WIDTH="600.0"
                    HEIGHT="2.0"></String>
          </TextLine>
          <TextLine ID="eSc_line_c095c024"
                    BASELINE="327 1241 939 1236" 
                    HPOS="327.0"
                    VPOS="1236.0"
                    WIDTH="612.0"
                    HEIGHT="5.0">
	    <String CONTENT=""
                    HPOS="327.0"
                    VPOS="1236.0"
                    WIDTH="612.0"
                    HEIGHT="5.0"></String>
          </TextLine>
          <TextLine ID="eSc_line_6f50d152"
                    BASELINE="324 1299 898 1291" 
                    HPOS="324.0"
                    VPOS="1291.0"
                    WIDTH="574.0"
                    HEIGHT="8.0">
	    <String CONTENT=""
                    HPOS="324.0"
                    VPOS="1291.0"
                    WIDTH="574.0"
                    HEIGHT="8.0"></String>
          </TextLine>
        </TextBlock>
        <TextBlock HPOS="585.0"
                   VPOS="420.0"
                   WIDTH="401.0"
                   HEIGHT="64.0"
                   ID="region_1720777595264_6"
                   TAGREFS="BT3665">
          <Shape><Polygon POINTS="958 484 586 484 585 420 986 421"/></Shape>
          <TextLine ID="eSc_line_8253bd79"
                    BASELINE="597 477 955 476" 
                    HPOS="597.0"
                    VPOS="476.0"
                    WIDTH="358.0"
                    HEIGHT="1.0">
	    <String CONTENT=""
                    HPOS="597.0"
                    VPOS="476.0"
                    WIDTH="358.0"
                    HEIGHT="1.0"></String>
          </TextLine>
        </TextBlock>
        <TextBlock HPOS="708"
                   VPOS="303"
                   WIDTH="118"
                   HEIGHT="102"
                   ID="region_1720777590452_3"
                   TAGREFS="BT3664">
          <Shape><Polygon POINTS="826 393 708 405 708 315 826 303"/></Shape>
          <TextLine ID="eSc_line_6347fd67"
                    BASELINE="714 381 812 380" 
                    HPOS="714.0"
                    VPOS="380.0"
                    WIDTH="98.0"
                    HEIGHT="1.0">
	    <String CONTENT=""
                    HPOS="714.0"
                    VPOS="380.0"
                    WIDTH="98.0"
                    HEIGHT="1.0"></String>
          </TextLine>
        </TextBlock>
        <TextBlock HPOS="277.0"
                   VPOS="1430.0"
                   WIDTH="1024.0"
                   HEIGHT="288.0"
                   ID="region_1720777610258_15"
                   TAGREFS="BT3665">
          <Shape><Polygon POINTS="1301 1718 277 1718 277 1430 1301 1430"/></Shape>
          <TextLine ID="eSc_line_8d355429"
                    BASELINE="292 1523 1277 1505" 
                    HPOS="292.0"
                    VPOS="1505.0"
                    WIDTH="985.0"
                    HEIGHT="18.0">
	    <String CONTENT=""
                    HPOS="292.0"
                    VPOS="1505.0"
                    WIDTH="985.0"
                    HEIGHT="18.0"></String>
          </TextLine>
          <TextLine ID="eSc_line_9e2ae0ee"
                    BASELINE="503 1589 1059 1590" 
                    HPOS="503.0"
                    VPOS="1589.0"
                    WIDTH="556.0"
                    HEIGHT="1.0">
	    <String CONTENT=""
                    HPOS="503.0"
                    VPOS="1589.0"
                    WIDTH="556.0"
                    HEIGHT="1.0"></String>
          </TextLine>
          <TextLine ID="eSc_line_4c6db89e"
                    BASELINE="351 1668 1202 1657" 
                    HPOS="351.0"
                    VPOS="1657.0"
                    WIDTH="851.0"
                    HEIGHT="11.0">
	    <String CONTENT=""
                    HPOS="351.0"
                    VPOS="1657.0"
                    WIDTH="851.0"
                    HEIGHT="11.0"></String>
          </TextLine>
          <TextLine ID="eSc_line_7a8ee058"
                    BASELINE="549 1709 1000 1708" 
                    HPOS="549.0"
                    VPOS="1708.0"
                    WIDTH="451.0"
                    HEIGHT="1.0">
	    <String CONTENT=""
                    HPOS="549.0"
                    VPOS="1708.0"
                    WIDTH="451.0"
                    HEIGHT="1.0"></String>
          </TextLine>
        </TextBlock>
        <TextBlock HPOS="208.0"
                   VPOS="1744.0"
                   WIDTH="1127.0"
                   HEIGHT="579.0"
                   ID="region_1720777618653_21"
                   TAGREFS="BT3664">
          <Shape><Polygon POINTS="1335 2320 208 2323 208 1744 1312 1744"/></Shape>
          <TextLine ID="eSc_line_dc22860c"
                    BASELINE="253 1814 887 1805" 
                    HPOS="253.0"
                    VPOS="1805.0"
                    WIDTH="634.0"
                    HEIGHT="9.0">
	    <String CONTENT=""
                    HPOS="253.0"
                    VPOS="1805.0"
                    WIDTH="634.0"
                    HEIGHT="9.0"></String>
          </TextLine>
          <TextLine ID="eSc_line_76f532b3"
                    BASELINE="253 1875 847 1867" 
                    HPOS="253.0"
                    VPOS="1867.0"
                    WIDTH="594.0"
                    HEIGHT="8.0">
	    <String CONTENT=""
                    HPOS="253.0"
                    VPOS="1867.0"
                    WIDTH="594.0"
                    HEIGHT="8.0"></String>
          </TextLine>
          <TextLine ID="eSc_line_246f9c41"
                    BASELINE="252 1940 1300 1923" 
                    HPOS="252.0"
                    VPOS="1923.0"
                    WIDTH="1048.0"
                    HEIGHT="17.0">
	    <String CONTENT=""
                    HPOS="252.0"
                    VPOS="1923.0"
                    WIDTH="1048.0"
                    HEIGHT="17.0"></String>
          </TextLine>
          <TextLine ID="eSc_line_c8c33a3a"
                    BASELINE="253 2000 1301 1982" 
                    HPOS="253.0"
                    VPOS="1982.0"
                    WIDTH="1048.0"
                    HEIGHT="18.0">
	    <String CONTENT=""
                    HPOS="253.0"
                    VPOS="1982.0"
                    WIDTH="1048.0"
                    HEIGHT="18.0"></String>
          </TextLine>
          <TextLine ID="eSc_line_5a29b8b9"
                    BASELINE="248 2055 1311 2042" 
                    HPOS="248.0"
                    VPOS="2042.0"
                    WIDTH="1063.0"
                    HEIGHT="13.0">
	    <String CONTENT=""
                    HPOS="248.0"
                    VPOS="2042.0"
                    WIDTH="1063.0"
                    HEIGHT="13.0"></String>
          </TextLine>
          <TextLine ID="eSc_line_061ff566"
                    BASELINE="252 2116 1092 2110" 
                    HPOS="252.0"
                    VPOS="2110.0"
                    WIDTH="840.0"
                    HEIGHT="6.0">
	    <String CONTENT=""
                    HPOS="252.0"
                    VPOS="2110.0"
                    WIDTH="840.0"
                    HEIGHT="6.0"></String>
          </TextLine>
          <TextLine ID="eSc_line_a1a0da32"
                    BASELINE="257 2178 1222 2173" 
                    HPOS="257.0"
                    VPOS="2173.0"
                    WIDTH="965.0"
                    HEIGHT="5.0">
	    <String CONTENT=""
                    HPOS="257.0"
                    VPOS="2173.0"
                    WIDTH="965.0"
                    HEIGHT="5.0"></String>
          </TextLine>
          <TextLine ID="eSc_line_9ed90d5c"
                    BASELINE="255 2241 1305 2233" 
                    HPOS="255.0"
                    VPOS="2233.0"
                    WIDTH="1050.0"
                    HEIGHT="8.0">
	    <String CONTENT=""
                    HPOS="255.0"
                    VPOS="2233.0"
                    WIDTH="1050.0"
                    HEIGHT="8.0"></String>
          </TextLine>
          <TextLine ID="eSc_line_3dafe725"
                    BASELINE="263 2292 1005 2291" 
                    HPOS="263.0"
                    VPOS="2291.0"
                    WIDTH="742.0"
                    HEIGHT="1.0">
	    <String CONTENT=""
                    HPOS="263.0"
                    VPOS="2291.0"
                    WIDTH="742.0"
                    HEIGHT="1.0"></String>
          </TextLine>
        </TextBlock>
      </PrintSpace>
    </Page>
  </Layout>
</alto>
