<?xml version="1.0" encoding="UTF-8"?>
<alto xmlns:xsi="http://www.w3.org/2001/XMLSchema-instance"
      xmlns="http://www.loc.gov/standards/alto/ns-v4#"
      xsi:schemaLocation="http://www.loc.gov/standards/alto/ns-v4# http://www.loc.gov/standards/alto/v4/alto-4-2.xsd">
  <Description>
    <MeasurementUnit>pixel</MeasurementUnit>
    <sourceImageInformation>
      <fileName>1800,_Poetische_Werke,_Bohn,_Bd._2,_VD18_80461441_Seite_008_Bild_0001.jpg</fileName>
    </sourceImageInformation>
  </Description>
  <Tags>
    <OtherTag ID="BT1" LABEL="Title" DESCRIPTION="block type Title"/><OtherTag ID="BT2" LABEL="Main" DESCRIPTION="block type Main"/><OtherTag ID="BT3" LABEL="Commentary" DESCRIPTION="block type Commentary"/><OtherTag ID="BT4" LABEL="Illustration" DESCRIPTION="block type Illustration"/><OtherTag ID="BT3664" LABEL="paragraph" DESCRIPTION="block type paragraph"/><OtherTag ID="BT3665" LABEL="heading" DESCRIPTION="block type heading"/><OtherTag ID="BT3666" LABEL="footnote" DESCRIPTION="block type footnote"/>
    <OtherTag ID="LT2231" LABEL="default" DESCRIPTION="line type default"/>
  </Tags>
  <Layout>
    <Page WIDTH="1866"
          HEIGHT="2730"
          PHYSICAL_IMG_NR="3"
          ID="eSc_dummypage_">
      <PrintSpace HPOS="0"
                  VPOS="0"
                  WIDTH="1866"
                  HEIGHT="2730">
        <TextBlock HPOS="628.0"
                   VPOS="413.0"
                   WIDTH="1105.0"
                   HEIGHT="1690.0"
                   ID="region_1718901200578_21"
                   TAGREFS="BT3664">
          <Shape><Polygon POINTS="1733 2095 628 2103 631 413 1721 413"/></Shape>
          <TextLine ID="eSc_line_84a00b7c"
                    BASELINE="656 500 1703 490" 
                    HPOS="656.0"
                    VPOS="490.0"
                    WIDTH="1047.0"
                    HEIGHT="10.0">
	    <String CONTENT=""
                    HPOS="656.0"
                    VPOS="490.0"
                    WIDTH="1047.0"
                    HEIGHT="10.0"></String>
          </TextLine>
          <TextLine ID="eSc_line_3a4e9455"
                    BASELINE="654 581 1696 575" 
                    HPOS="654.0"
                    VPOS="575.0"
                    WIDTH="1042.0"
                    HEIGHT="6.0">
	    <String CONTENT=""
                    HPOS="654.0"
                    VPOS="575.0"
                    WIDTH="1042.0"
                    HEIGHT="6.0"></String>
          </TextLine>
          <TextLine ID="eSc_line_03081f51"
                    BASELINE="652 663 1706 659" 
                    HPOS="652.0"
                    VPOS="659.0"
                    WIDTH="1054.0"
                    HEIGHT="4.0">
	    <String CONTENT=""
                    HPOS="652.0"
                    VPOS="659.0"
                    WIDTH="1054.0"
                    HEIGHT="4.0"></String>
          </TextLine>
          <TextLine ID="eSc_line_504cc4ac"
                    BASELINE="639 744 1700 731" 
                    HPOS="639.0"
                    VPOS="731.0"
                    WIDTH="1061.0"
                    HEIGHT="13.0">
	    <String CONTENT=""
                    HPOS="639.0"
                    VPOS="731.0"
                    WIDTH="1061.0"
                    HEIGHT="13.0"></String>
          </TextLine>
          <TextLine ID="eSc_line_0b57bbc9"
                    BASELINE="656 826 1704 810" 
                    HPOS="656.0"
                    VPOS="810.0"
                    WIDTH="1048.0"
                    HEIGHT="16.0">
	    <String CONTENT=""
                    HPOS="656.0"
                    VPOS="810.0"
                    WIDTH="1048.0"
                    HEIGHT="16.0"></String>
          </TextLine>
          <TextLine ID="eSc_line_d780c9c6"
                    BASELINE="652 898 1711 892" 
                    HPOS="652.0"
                    VPOS="892.0"
                    WIDTH="1059.0"
                    HEIGHT="6.0">
	    <String CONTENT=""
                    HPOS="652.0"
                    VPOS="892.0"
                    WIDTH="1059.0"
                    HEIGHT="6.0"></String>
          </TextLine>
          <TextLine ID="eSc_line_88fa42ea"
                    BASELINE="656 976 1657 972" 
                    HPOS="656.0"
                    VPOS="972.0"
                    WIDTH="1001.0"
                    HEIGHT="4.0">
	    <String CONTENT=""
                    HPOS="656.0"
                    VPOS="972.0"
                    WIDTH="1001.0"
                    HEIGHT="4.0"></String>
          </TextLine>
          <TextLine ID="eSc_line_da6dfea6"
                    BASELINE="748 1138 1704 1131" 
                    HPOS="748.0"
                    VPOS="1131.0"
                    WIDTH="956.0"
                    HEIGHT="7.0">
	    <String CONTENT=""
                    HPOS="748.0"
                    VPOS="1131.0"
                    WIDTH="956.0"
                    HEIGHT="7.0"></String>
          </TextLine>
          <TextLine ID="eSc_line_df236bcf"
                    BASELINE="663 1221 1708 1213" 
                    HPOS="663.0"
                    VPOS="1213.0"
                    WIDTH="1045.0"
                    HEIGHT="8.0">
	    <String CONTENT=""
                    HPOS="663.0"
                    VPOS="1213.0"
                    WIDTH="1045.0"
                    HEIGHT="8.0"></String>
          </TextLine>
          <TextLine ID="eSc_line_15f47721"
                    BASELINE="657 1299 1716 1287" 
                    HPOS="657.0"
                    VPOS="1287.0"
                    WIDTH="1059.0"
                    HEIGHT="12.0">
	    <String CONTENT=""
                    HPOS="657.0"
                    VPOS="1287.0"
                    WIDTH="1059.0"
                    HEIGHT="12.0"></String>
          </TextLine>
          <TextLine ID="eSc_line_55d52372"
                    BASELINE="659 1378 1710 1365" 
                    HPOS="659.0"
                    VPOS="1365.0"
                    WIDTH="1051.0"
                    HEIGHT="13.0">
	    <String CONTENT=""
                    HPOS="659.0"
                    VPOS="1365.0"
                    WIDTH="1051.0"
                    HEIGHT="13.0"></String>
          </TextLine>
          <TextLine ID="eSc_line_eaa934c4"
                    BASELINE="661 1460 1712 1444" 
                    HPOS="661.0"
                    VPOS="1444.0"
                    WIDTH="1051.0"
                    HEIGHT="16.0">
	    <String CONTENT=""
                    HPOS="661.0"
                    VPOS="1444.0"
                    WIDTH="1051.0"
                    HEIGHT="16.0"></String>
          </TextLine>
          <TextLine ID="eSc_line_fbd241ec"
                    BASELINE="652 1531 1720 1530" 
                    HPOS="652.0"
                    VPOS="1530.0"
                    WIDTH="1068.0"
                    HEIGHT="1.0">
	    <String CONTENT=""
                    HPOS="652.0"
                    VPOS="1530.0"
                    WIDTH="1068.0"
                    HEIGHT="1.0"></String>
          </TextLine>
          <TextLine ID="eSc_line_06ec65ed"
                    BASELINE="647 1615 1723 1605" 
                    HPOS="647.0"
                    VPOS="1605.0"
                    WIDTH="1076.0"
                    HEIGHT="10.0">
	    <String CONTENT=""
                    HPOS="647.0"
                    VPOS="1605.0"
                    WIDTH="1076.0"
                    HEIGHT="10.0"></String>
          </TextLine>
          <TextLine ID="eSc_line_e56c14fe"
                    BASELINE="660 1692 1719 1683" 
                    HPOS="660.0"
                    VPOS="1683.0"
                    WIDTH="1059.0"
                    HEIGHT="9.0">
	    <String CONTENT=""
                    HPOS="660.0"
                    VPOS="1683.0"
                    WIDTH="1059.0"
                    HEIGHT="9.0"></String>
          </TextLine>
          <TextLine ID="eSc_line_cade901d"
                    BASELINE="650 1770 1729 1765" 
                    HPOS="650.0"
                    VPOS="1765.0"
                    WIDTH="1079.0"
                    HEIGHT="5.0">
	    <String CONTENT=""
                    HPOS="650.0"
                    VPOS="1765.0"
                    WIDTH="1079.0"
                    HEIGHT="5.0"></String>
          </TextLine>
          <TextLine ID="eSc_line_bb30e8e7"
                    BASELINE="656 1853 1691 1846" 
                    HPOS="656.0"
                    VPOS="1846.0"
                    WIDTH="1035.0"
                    HEIGHT="7.0">
	    <String CONTENT=""
                    HPOS="656.0"
                    VPOS="1846.0"
                    WIDTH="1035.0"
                    HEIGHT="7.0"></String>
          </TextLine>
          <TextLine ID="eSc_line_331b5076"
                    BASELINE="759 2007 1722 1996" 
                    HPOS="759.0"
                    VPOS="1996.0"
                    WIDTH="963.0"
                    HEIGHT="11.0">
	    <String CONTENT=""
                    HPOS="759.0"
                    VPOS="1996.0"
                    WIDTH="963.0"
                    HEIGHT="11.0"></String>
          </TextLine>
          <TextLine ID="eSc_line_f40a209a"
                    BASELINE="655 2084 1714 2077" 
                    HPOS="655.0"
                    VPOS="2077.0"
                    WIDTH="1059.0"
                    HEIGHT="7.0">
	    <String CONTENT=""
                    HPOS="655.0"
                    VPOS="2077.0"
                    WIDTH="1059.0"
                    HEIGHT="7.0"></String>
          </TextLine>
        </TextBlock>
        <TextBlock HPOS="1115"
                   VPOS="325"
                   WIDTH="133"
                   HEIGHT="74"
                   ID="region_1718901195308_18"
                   TAGREFS="BT3664">
          <Shape><Polygon POINTS="1209 399 1115 399 1115 331 1248 325"/></Shape>
          <TextLine ID="eSc_line_0e24f2b1"
                    BASELINE="1133 395 1204 392" 
                    HPOS="1133.0"
                    VPOS="392.0"
                    WIDTH="71.0"
                    HEIGHT="3.0">
	    <String CONTENT=""
                    HPOS="1133.0"
                    VPOS="392.0"
                    WIDTH="71.0"
                    HEIGHT="3.0"></String>
          </TextLine>
        </TextBlock>
        <TextBlock HPOS="715.0"
                   VPOS="2177.0"
                   WIDTH="672.0"
                   HEIGHT="71.0"
                   ID="region_1718901232795_31"
                   TAGREFS="BT3666">
          <Shape><Polygon POINTS="1371 2248 715 2248 715 2177 1387 2177"/></Shape>
          <TextLine ID="eSc_line_33b97f08"
                    BASELINE="733 2237 1357 2234" 
                    HPOS="733.0"
                    VPOS="2234.0"
                    WIDTH="624.0"
                    HEIGHT="3.0">
	    <String CONTENT=""
                    HPOS="733.0"
                    VPOS="2234.0"
                    WIDTH="624.0"
                    HEIGHT="3.0"></String>
          </TextLine>
        </TextBlock>
        <TextBlock HPOS="714.0"
                   VPOS="2257.0"
                   WIDTH="965.0"
                   HEIGHT="62.0"
                   ID="region_1718901237071_34"
                   TAGREFS="BT3666">
          <Shape><Polygon POINTS="1662 2319 714 2319 714 2257 1679 2258"/></Shape>
          <TextLine ID="eSc_line_dcda3d6f"
                    BASELINE="733 2311 1645 2311" 
                    HPOS="733.0"
                    VPOS="2311.0"
                    WIDTH="912.0"
                    HEIGHT="0.0">
	    <String CONTENT=""
                    HPOS="733.0"
                    VPOS="2311.0"
                    WIDTH="912.0"
                    HEIGHT="0.0"></String>
          </TextLine>
        </TextBlock>
      </PrintSpace>
    </Page>
  </Layout>
</alto>
