<?xml version="1.0" encoding="UTF-8"?>
<alto xmlns:xsi="http://www.w3.org/2001/XMLSchema-instance"
      xmlns="http://www.loc.gov/standards/alto/ns-v4#"
      xsi:schemaLocation="http://www.loc.gov/standards/alto/ns-v4# http://www.loc.gov/standards/alto/v4/alto-4-2.xsd">
  <Description>
    <MeasurementUnit>pixel</MeasurementUnit>
    <sourceImageInformation>
      <fileName>1800,_Poetische_Werke,_Bohn,_Bd._2,_VD18_80461441_Seite_259_Bild_0001.jpg</fileName>
    </sourceImageInformation>
  </Description>
  <Tags>
    <OtherTag ID="BT1" LABEL="Title" DESCRIPTION="block type Title"/><OtherTag ID="BT2" LABEL="Main" DESCRIPTION="block type Main"/><OtherTag ID="BT3" LABEL="Commentary" DESCRIPTION="block type Commentary"/><OtherTag ID="BT4" LABEL="Illustration" DESCRIPTION="block type Illustration"/><OtherTag ID="BT3664" LABEL="paragraph" DESCRIPTION="block type paragraph"/><OtherTag ID="BT3665" LABEL="heading" DESCRIPTION="block type heading"/><OtherTag ID="BT3666" LABEL="footnote" DESCRIPTION="block type footnote"/>
    <OtherTag ID="LT2231" LABEL="default" DESCRIPTION="line type default"/>
  </Tags>
  <Layout>
    <Page WIDTH="1866"
          HEIGHT="2730"
          PHYSICAL_IMG_NR="10"
          ID="eSc_dummypage_">
      <PrintSpace HPOS="0"
                  VPOS="0"
                  WIDTH="1866"
                  HEIGHT="2730">
        <TextBlock HPOS="189.0"
                   VPOS="442.0"
                   WIDTH="1135.0"
                   HEIGHT="1601.0"
                   ID="region_1720778451612_117"
                   TAGREFS="BT3664">
          <Shape><Polygon POINTS="1272 2043 189 2043 189 442 1324 443"/></Shape>
          <TextLine ID="eSc_line_ada569b4"
                    BASELINE="227 514 940 508" 
                    HPOS="227.0"
                    VPOS="508.0"
                    WIDTH="713.0"
                    HEIGHT="6.0">
	    <String CONTENT=""
                    HPOS="227.0"
                    VPOS="508.0"
                    WIDTH="713.0"
                    HEIGHT="6.0"></String>
          </TextLine>
          <TextLine ID="eSc_line_ecd6c47c"
                    BASELINE="213 589 1154 575" 
                    HPOS="213.0"
                    VPOS="575.0"
                    WIDTH="941.0"
                    HEIGHT="14.0">
	    <String CONTENT=""
                    HPOS="213.0"
                    VPOS="575.0"
                    WIDTH="941.0"
                    HEIGHT="14.0"></String>
          </TextLine>
          <TextLine ID="eSc_line_d93bab68"
                    BASELINE="209 659 1149 644" 
                    HPOS="209.0"
                    VPOS="644.0"
                    WIDTH="940.0"
                    HEIGHT="15.0">
	    <String CONTENT=""
                    HPOS="209.0"
                    VPOS="644.0"
                    WIDTH="940.0"
                    HEIGHT="15.0"></String>
          </TextLine>
          <TextLine ID="eSc_line_06e1a7f2"
                    BASELINE="209 728 1014 717" 
                    HPOS="209.0"
                    VPOS="717.0"
                    WIDTH="805.0"
                    HEIGHT="11.0">
	    <String CONTENT=""
                    HPOS="209.0"
                    VPOS="717.0"
                    WIDTH="805.0"
                    HEIGHT="11.0"></String>
          </TextLine>
          <TextLine ID="eSc_line_cb4df7ec"
                    BASELINE="213 791 1103 790" 
                    HPOS="213.0"
                    VPOS="790.0"
                    WIDTH="890.0"
                    HEIGHT="1.0">
	    <String CONTENT=""
                    HPOS="213.0"
                    VPOS="790.0"
                    WIDTH="890.0"
                    HEIGHT="1.0"></String>
          </TextLine>
          <TextLine ID="eSc_line_c78e02b1"
                    BASELINE="216 863 1069 855" 
                    HPOS="216.0"
                    VPOS="855.0"
                    WIDTH="853.0"
                    HEIGHT="8.0">
	    <String CONTENT=""
                    HPOS="216.0"
                    VPOS="855.0"
                    WIDTH="853.0"
                    HEIGHT="8.0"></String>
          </TextLine>
          <TextLine ID="eSc_line_666f1472"
                    BASELINE="221 929 932 927" 
                    HPOS="221.0"
                    VPOS="927.0"
                    WIDTH="711.0"
                    HEIGHT="2.0">
	    <String CONTENT=""
                    HPOS="221.0"
                    VPOS="927.0"
                    WIDTH="711.0"
                    HEIGHT="2.0"></String>
          </TextLine>
          <TextLine ID="eSc_line_239f1908"
                    BASELINE="218 1014 1133 996" 
                    HPOS="218.0"
                    VPOS="996.0"
                    WIDTH="915.0"
                    HEIGHT="18.0">
	    <String CONTENT=""
                    HPOS="218.0"
                    VPOS="996.0"
                    WIDTH="915.0"
                    HEIGHT="18.0"></String>
          </TextLine>
          <TextLine ID="eSc_line_517b04b8"
                    BASELINE="213 1079 1054 1071" 
                    HPOS="213.0"
                    VPOS="1071.0"
                    WIDTH="841.0"
                    HEIGHT="8.0">
	    <String CONTENT=""
                    HPOS="213.0"
                    VPOS="1071.0"
                    WIDTH="841.0"
                    HEIGHT="8.0"></String>
          </TextLine>
          <TextLine ID="eSc_line_52e71b76"
                    BASELINE="213 1136 1176 1128" 
                    HPOS="213.0"
                    VPOS="1128.0"
                    WIDTH="963.0"
                    HEIGHT="8.0">
	    <String CONTENT=""
                    HPOS="213.0"
                    VPOS="1128.0"
                    WIDTH="963.0"
                    HEIGHT="8.0"></String>
          </TextLine>
          <TextLine ID="eSc_line_0499a056"
                    BASELINE="210 1220 1080 1204" 
                    HPOS="210.0"
                    VPOS="1204.0"
                    WIDTH="870.0"
                    HEIGHT="16.0">
	    <String CONTENT=""
                    HPOS="210.0"
                    VPOS="1204.0"
                    WIDTH="870.0"
                    HEIGHT="16.0"></String>
          </TextLine>
          <TextLine ID="eSc_line_679fb5df"
                    BASELINE="227 1287 1085 1275" 
                    HPOS="227.0"
                    VPOS="1275.0"
                    WIDTH="858.0"
                    HEIGHT="12.0">
	    <String CONTENT=""
                    HPOS="227.0"
                    VPOS="1275.0"
                    WIDTH="858.0"
                    HEIGHT="12.0"></String>
          </TextLine>
          <TextLine ID="eSc_line_52ad9f30"
                    BASELINE="212 1355 1115 1352" 
                    HPOS="212.0"
                    VPOS="1352.0"
                    WIDTH="903.0"
                    HEIGHT="3.0">
	    <String CONTENT=""
                    HPOS="212.0"
                    VPOS="1352.0"
                    WIDTH="903.0"
                    HEIGHT="3.0"></String>
          </TextLine>
          <TextLine ID="eSc_line_3d5595bf"
                    BASELINE="219 1426 1118 1420" 
                    HPOS="219.0"
                    VPOS="1420.0"
                    WIDTH="899.0"
                    HEIGHT="6.0">
	    <String CONTENT=""
                    HPOS="219.0"
                    VPOS="1420.0"
                    WIDTH="899.0"
                    HEIGHT="6.0"></String>
          </TextLine>
          <TextLine ID="eSc_line_5620692a"
                    BASELINE="211 1500 1124 1488" 
                    HPOS="211.0"
                    VPOS="1488.0"
                    WIDTH="913.0"
                    HEIGHT="12.0">
	    <String CONTENT=""
                    HPOS="211.0"
                    VPOS="1488.0"
                    WIDTH="913.0"
                    HEIGHT="12.0"></String>
          </TextLine>
          <TextLine ID="eSc_line_6c1a5ce4"
                    BASELINE="214 1562 1031 1550" 
                    HPOS="214.0"
                    VPOS="1550.0"
                    WIDTH="817.0"
                    HEIGHT="12.0">
	    <String CONTENT=""
                    HPOS="214.0"
                    VPOS="1550.0"
                    WIDTH="817.0"
                    HEIGHT="12.0"></String>
          </TextLine>
          <TextLine ID="eSc_line_3c578fb8"
                    BASELINE="200 1634 1219 1626" 
                    HPOS="200.0"
                    VPOS="1626.0"
                    WIDTH="1019.0"
                    HEIGHT="8.0">
	    <String CONTENT=""
                    HPOS="200.0"
                    VPOS="1626.0"
                    WIDTH="1019.0"
                    HEIGHT="8.0"></String>
          </TextLine>
          <TextLine ID="eSc_line_75032708"
                    BASELINE="219 1701 1118 1698" 
                    HPOS="219.0"
                    VPOS="1698.0"
                    WIDTH="899.0"
                    HEIGHT="3.0">
	    <String CONTENT=""
                    HPOS="219.0"
                    VPOS="1698.0"
                    WIDTH="899.0"
                    HEIGHT="3.0"></String>
          </TextLine>
          <TextLine ID="eSc_line_11d924ae"
                    BASELINE="225 1779 1157 1775" 
                    HPOS="225.0"
                    VPOS="1775.0"
                    WIDTH="932.0"
                    HEIGHT="4.0">
	    <String CONTENT=""
                    HPOS="225.0"
                    VPOS="1775.0"
                    WIDTH="932.0"
                    HEIGHT="4.0"></String>
          </TextLine>
          <TextLine ID="eSc_line_ce16e3fe"
                    BASELINE="221 1845 1205 1841" 
                    HPOS="221.0"
                    VPOS="1841.0"
                    WIDTH="984.0"
                    HEIGHT="4.0">
	    <String CONTENT=""
                    HPOS="221.0"
                    VPOS="1841.0"
                    WIDTH="984.0"
                    HEIGHT="4.0"></String>
          </TextLine>
          <TextLine ID="eSc_line_12c70e9b"
                    BASELINE="231 1915 997 1910" 
                    HPOS="231.0"
                    VPOS="1910.0"
                    WIDTH="766.0"
                    HEIGHT="5.0">
	    <String CONTENT=""
                    HPOS="231.0"
                    VPOS="1910.0"
                    WIDTH="766.0"
                    HEIGHT="5.0"></String>
          </TextLine>
          <TextLine ID="eSc_line_4da45636"
                    BASELINE="230 1988 1032 1987" 
                    HPOS="230.0"
                    VPOS="1987.0"
                    WIDTH="802.0"
                    HEIGHT="1.0">
	    <String CONTENT=""
                    HPOS="230.0"
                    VPOS="1987.0"
                    WIDTH="802.0"
                    HEIGHT="1.0"></String>
          </TextLine>
        </TextBlock>
        <TextBlock HPOS="668"
                   VPOS="337"
                   WIDTH="140"
                   HEIGHT="77"
                   ID="region_1720778446064_114"
                   TAGREFS="BT3664">
          <Shape><Polygon POINTS="803 391 668 414 668 337 808 337"/></Shape>
          <TextLine ID="eSc_line_e80898fe"
                    BASELINE="690 392 797 390" 
                    HPOS="690.0"
                    VPOS="390.0"
                    WIDTH="107.0"
                    HEIGHT="2.0">
	    <String CONTENT=""
                    HPOS="690.0"
                    VPOS="390.0"
                    WIDTH="107.0"
                    HEIGHT="2.0"></String>
          </TextLine>
        </TextBlock>
        <TextBlock HPOS="201.0"
                   VPOS="2195.0"
                   WIDTH="1112.0"
                   HEIGHT="143.0"
                   ID="region_1720778467437_126"
                   TAGREFS="BT3666">
          <Shape><Polygon POINTS="1313 2338 201 2338 223 2212 1308 2195"/></Shape>
          <TextLine ID="eSc_line_5260ed6e"
                    BASELINE="270 2282 1284 2278" 
                    HPOS="270.0"
                    VPOS="2278.0"
                    WIDTH="1014.0"
                    HEIGHT="4.0">
	    <String CONTENT=""
                    HPOS="270.0"
                    VPOS="2278.0"
                    WIDTH="1014.0"
                    HEIGHT="4.0"></String>
          </TextLine>
          <TextLine ID="eSc_line_7ee6a846"
                    BASELINE="233 2326 1138 2324" 
                    HPOS="233.0"
                    VPOS="2324.0"
                    WIDTH="905.0"
                    HEIGHT="2.0">
	    <String CONTENT=""
                    HPOS="233.0"
                    VPOS="2324.0"
                    WIDTH="905.0"
                    HEIGHT="2.0"></String>
          </TextLine>
        </TextBlock>
        <TextBlock HPOS="271"
                   VPOS="2345"
                   WIDTH="94"
                   HEIGHT="55"
                   ID="region_1720778458777_120"
                   TAGREFS="BT3664">
          <Shape><Polygon POINTS="271 2345 345 2345 365 2400 271 2398"/></Shape>
          <TextLine ID="eSc_line_18024178"
                    BASELINE="279 2389 333 2389" 
                    HPOS="279.0"
                    VPOS="2389.0"
                    WIDTH="54.0"
                    HEIGHT="0.0">
	    <String CONTENT=""
                    HPOS="279.0"
                    VPOS="2389.0"
                    WIDTH="54.0"
                    HEIGHT="0.0"></String>
          </TextLine>
        </TextBlock>
        <TextBlock HPOS="759"
                   VPOS="2346"
                   WIDTH="81"
                   HEIGHT="50"
                   ID="region_1720778462629_123"
                   TAGREFS="BT3664">
          <Shape><Polygon POINTS="840 2393 759 2396 759 2346 824 2346"/></Shape>
          <TextLine ID="eSc_line_354cf3dd"
                    BASELINE="770 2384 817 2386" 
                    HPOS="770.0"
                    VPOS="2384.0"
                    WIDTH="47.0"
                    HEIGHT="2.0">
	    <String CONTENT=""
                    HPOS="770.0"
                    VPOS="2384.0"
                    WIDTH="47.0"
                    HEIGHT="2.0"></String>
          </TextLine>
        </TextBlock>
      </PrintSpace>
    </Page>
  </Layout>
</alto>
