<?xml version="1.0" encoding="UTF-8"?>
<alto xmlns:xsi="http://www.w3.org/2001/XMLSchema-instance"
      xmlns="http://www.loc.gov/standards/alto/ns-v4#"
      xsi:schemaLocation="http://www.loc.gov/standards/alto/ns-v4# http://www.loc.gov/standards/alto/v4/alto-4-2.xsd">
  <Description>
    <MeasurementUnit>pixel</MeasurementUnit>
    <sourceImageInformation>
      <fileName>1800,_Poetische_Werke,_Bohn,_Bd._5,_VD18_80461476_Seite_244_Bild_0001.jpg</fileName>
    </sourceImageInformation>
  </Description>
  <Tags>
    <OtherTag ID="BT1" LABEL="Title" DESCRIPTION="block type Title"/><OtherTag ID="BT2" LABEL="Main" DESCRIPTION="block type Main"/><OtherTag ID="BT3" LABEL="Commentary" DESCRIPTION="block type Commentary"/><OtherTag ID="BT4" LABEL="Illustration" DESCRIPTION="block type Illustration"/><OtherTag ID="BT3664" LABEL="paragraph" DESCRIPTION="block type paragraph"/><OtherTag ID="BT3665" LABEL="heading" DESCRIPTION="block type heading"/><OtherTag ID="BT3666" LABEL="footnote" DESCRIPTION="block type footnote"/>
    <OtherTag ID="LT2231" LABEL="default" DESCRIPTION="line type default"/>
  </Tags>
  <Layout>
    <Page WIDTH="1872"
          HEIGHT="2838"
          PHYSICAL_IMG_NR="18"
          ID="eSc_dummypage_">
      <PrintSpace HPOS="0"
                  VPOS="0"
                  WIDTH="1872"
                  HEIGHT="2838">
        <TextBlock HPOS="553.0"
                   VPOS="470.0"
                   WIDTH="1119.0"
                   HEIGHT="1036.0"
                   ID="region_1720167594268_752"
                   TAGREFS="BT3664">
          <Shape><Polygon POINTS="1672 1506 578 1506 553 922 574 470 1668 470"/></Shape>
          <TextLine ID="eSc_line_a3564dbd"
                    BASELINE="609 542 1655 544" 
                    HPOS="609.0"
                    VPOS="542.0"
                    WIDTH="1046.0"
                    HEIGHT="2.0">
	    <String CONTENT=""
                    HPOS="609.0"
                    VPOS="542.0"
                    WIDTH="1046.0"
                    HEIGHT="2.0"></String>
          </TextLine>
          <TextLine ID="eSc_line_40656924"
                    BASELINE="608 604 1184 604" 
                    HPOS="608.0"
                    VPOS="604.0"
                    WIDTH="576.0"
                    HEIGHT="0.0">
	    <String CONTENT=""
                    HPOS="608.0"
                    VPOS="604.0"
                    WIDTH="576.0"
                    HEIGHT="0.0"></String>
          </TextLine>
          <TextLine ID="eSc_line_4fad692b"
                    BASELINE="764 697 1491 694" 
                    HPOS="764.0"
                    VPOS="694.0"
                    WIDTH="727.0"
                    HEIGHT="3.0">
	    <String CONTENT=""
                    HPOS="764.0"
                    VPOS="694.0"
                    WIDTH="727.0"
                    HEIGHT="3.0"></String>
          </TextLine>
          <TextLine ID="eSc_line_a9eef7c2"
                    BASELINE="749 751 1578 754" 
                    HPOS="749.0"
                    VPOS="751.0"
                    WIDTH="829.0"
                    HEIGHT="3.0">
	    <String CONTENT=""
                    HPOS="749.0"
                    VPOS="751.0"
                    WIDTH="829.0"
                    HEIGHT="3.0"></String>
          </TextLine>
          <TextLine ID="eSc_line_f2fffd3e"
                    BASELINE="752 812 1563 822" 
                    HPOS="752.0"
                    VPOS="812.0"
                    WIDTH="811.0"
                    HEIGHT="10.0">
	    <String CONTENT=""
                    HPOS="752.0"
                    VPOS="812.0"
                    WIDTH="811.0"
                    HEIGHT="10.0"></String>
          </TextLine>
          <TextLine ID="eSc_line_b1a8e6d1"
                    BASELINE="748 873 1478 880" 
                    HPOS="748.0"
                    VPOS="873.0"
                    WIDTH="730.0"
                    HEIGHT="7.0">
	    <String CONTENT=""
                    HPOS="748.0"
                    VPOS="873.0"
                    WIDTH="730.0"
                    HEIGHT="7.0"></String>
          </TextLine>
          <TextLine ID="eSc_line_5e312ad4"
                    BASELINE="753 927 1574 934" 
                    HPOS="753.0"
                    VPOS="927.0"
                    WIDTH="821.0"
                    HEIGHT="7.0">
	    <String CONTENT=""
                    HPOS="753.0"
                    VPOS="927.0"
                    WIDTH="821.0"
                    HEIGHT="7.0"></String>
          </TextLine>
          <TextLine ID="eSc_line_91d52821"
                    BASELINE="766 990 1575 1000" 
                    HPOS="766.0"
                    VPOS="990.0"
                    WIDTH="809.0"
                    HEIGHT="10.0">
	    <String CONTENT=""
                    HPOS="766.0"
                    VPOS="990.0"
                    WIDTH="809.0"
                    HEIGHT="10.0"></String>
          </TextLine>
          <TextLine ID="eSc_line_162c76a9"
                    BASELINE="697 1077 1651 1086" 
                    HPOS="697.0"
                    VPOS="1077.0"
                    WIDTH="954.0"
                    HEIGHT="9.0">
	    <String CONTENT=""
                    HPOS="697.0"
                    VPOS="1077.0"
                    WIDTH="954.0"
                    HEIGHT="9.0"></String>
          </TextLine>
          <TextLine ID="eSc_line_39b6eaf7"
                    BASELINE="606 1136 1652 1149" 
                    HPOS="606.0"
                    VPOS="1136.0"
                    WIDTH="1046.0"
                    HEIGHT="13.0">
	    <String CONTENT=""
                    HPOS="606.0"
                    VPOS="1136.0"
                    WIDTH="1046.0"
                    HEIGHT="13.0"></String>
          </TextLine>
          <TextLine ID="eSc_line_332651d1"
                    BASELINE="597 1201 1643 1208" 
                    HPOS="597.0"
                    VPOS="1201.0"
                    WIDTH="1046.0"
                    HEIGHT="7.0">
	    <String CONTENT=""
                    HPOS="597.0"
                    VPOS="1201.0"
                    WIDTH="1046.0"
                    HEIGHT="7.0"></String>
          </TextLine>
          <TextLine ID="eSc_line_0ebc160d"
                    BASELINE="604 1252 1657 1255" 
                    HPOS="604.0"
                    VPOS="1252.0"
                    WIDTH="1053.0"
                    HEIGHT="3.0">
	    <String CONTENT=""
                    HPOS="604.0"
                    VPOS="1252.0"
                    WIDTH="1053.0"
                    HEIGHT="3.0"></String>
          </TextLine>
          <TextLine ID="eSc_line_ee54e48d"
                    BASELINE="601 1308 1663 1328" 
                    HPOS="601.0"
                    VPOS="1308.0"
                    WIDTH="1062.0"
                    HEIGHT="20.0">
	    <String CONTENT=""
                    HPOS="601.0"
                    VPOS="1308.0"
                    WIDTH="1062.0"
                    HEIGHT="20.0"></String>
          </TextLine>
          <TextLine ID="eSc_line_330f1fac"
                    BASELINE="590 1377 1671 1390" 
                    HPOS="590.0"
                    VPOS="1377.0"
                    WIDTH="1081.0"
                    HEIGHT="13.0">
	    <String CONTENT=""
                    HPOS="590.0"
                    VPOS="1377.0"
                    WIDTH="1081.0"
                    HEIGHT="13.0"></String>
          </TextLine>
          <TextLine ID="eSc_line_0260b59b"
                    BASELINE="595 1439 1647 1452" 
                    HPOS="595.0"
                    VPOS="1439.0"
                    WIDTH="1052.0"
                    HEIGHT="13.0">
	    <String CONTENT=""
                    HPOS="595.0"
                    VPOS="1439.0"
                    WIDTH="1052.0"
                    HEIGHT="13.0"></String>
          </TextLine>
          <TextLine ID="eSc_line_91d89e74"
                    BASELINE="597 1499 1019 1505" 
                    HPOS="597.0"
                    VPOS="1499.0"
                    WIDTH="422.0"
                    HEIGHT="6.0">
	    <String CONTENT=""
                    HPOS="597.0"
                    VPOS="1499.0"
                    WIDTH="422.0"
                    HEIGHT="6.0"></String>
          </TextLine>
        </TextBlock>
        <TextBlock HPOS="1049"
                   VPOS="370"
                   WIDTH="142"
                   HEIGHT="80"
                   ID="region_1720167587995_749"
                   TAGREFS="BT3664">
          <Shape><Polygon POINTS="1191 450 1051 450 1049 391 1140 370 1189 391"/></Shape>
          <TextLine ID="eSc_line_2a254793"
                    BASELINE="1078 443 1190 448" 
                    HPOS="1078.0"
                    VPOS="443.0"
                    WIDTH="112.0"
                    HEIGHT="5.0">
	    <String CONTENT=""
                    HPOS="1078.0"
                    VPOS="443.0"
                    WIDTH="112.0"
                    HEIGHT="5.0"></String>
          </TextLine>
        </TextBlock>
        <TextBlock HPOS="551.0"
                   VPOS="1788.0"
                   WIDTH="1105.0"
                   HEIGHT="612.0"
                   ID="region_1720167618898_767"
                   TAGREFS="BT3664">
          <Shape><Polygon POINTS="1656 2400 570 2400 551 2122 568 1788 1654 1788"/></Shape>
          <TextLine ID="eSc_line_83104534"
                    BASELINE="668 1862 1640 1861" 
                    HPOS="668.0"
                    VPOS="1861.0"
                    WIDTH="972.0"
                    HEIGHT="1.0">
	    <String CONTENT=""
                    HPOS="668.0"
                    VPOS="1861.0"
                    WIDTH="972.0"
                    HEIGHT="1.0"></String>
          </TextLine>
          <TextLine ID="eSc_line_40e30a6a"
                    BASELINE="583 1910 1637 1915" 
                    HPOS="583.0"
                    VPOS="1910.0"
                    WIDTH="1054.0"
                    HEIGHT="5.0">
	    <String CONTENT=""
                    HPOS="583.0"
                    VPOS="1910.0"
                    WIDTH="1054.0"
                    HEIGHT="5.0"></String>
          </TextLine>
          <TextLine ID="eSc_line_809d6b83"
                    BASELINE="588 1981 1649 1983" 
                    HPOS="588.0"
                    VPOS="1981.0"
                    WIDTH="1061.0"
                    HEIGHT="2.0">
	    <String CONTENT=""
                    HPOS="588.0"
                    VPOS="1981.0"
                    WIDTH="1061.0"
                    HEIGHT="2.0"></String>
          </TextLine>
          <TextLine ID="eSc_line_f2d9c971"
                    BASELINE="581 2035 1642 2042" 
                    HPOS="581.0"
                    VPOS="2035.0"
                    WIDTH="1061.0"
                    HEIGHT="7.0">
	    <String CONTENT=""
                    HPOS="581.0"
                    VPOS="2035.0"
                    WIDTH="1061.0"
                    HEIGHT="7.0"></String>
          </TextLine>
          <TextLine ID="eSc_line_58ce1d7f"
                    BASELINE="570 2102 1647 2105" 
                    HPOS="570.0"
                    VPOS="2102.0"
                    WIDTH="1077.0"
                    HEIGHT="3.0">
	    <String CONTENT=""
                    HPOS="570.0"
                    VPOS="2102.0"
                    WIDTH="1077.0"
                    HEIGHT="3.0"></String>
          </TextLine>
          <TextLine ID="eSc_line_973f3dd2"
                    BASELINE="587 2166 1589 2158" 
                    HPOS="587.0"
                    VPOS="2158.0"
                    WIDTH="1002.0"
                    HEIGHT="8.0">
	    <String CONTENT=""
                    HPOS="587.0"
                    VPOS="2158.0"
                    WIDTH="1002.0"
                    HEIGHT="8.0"></String>
          </TextLine>
          <TextLine ID="eSc_line_b1560548"
                    BASELINE="654 2245 1630 2256" 
                    HPOS="654.0"
                    VPOS="2245.0"
                    WIDTH="976.0"
                    HEIGHT="11.0">
	    <String CONTENT=""
                    HPOS="654.0"
                    VPOS="2245.0"
                    WIDTH="976.0"
                    HEIGHT="11.0"></String>
          </TextLine>
          <TextLine ID="eSc_line_71d2c867"
                    BASELINE="574 2309 1642 2312" 
                    HPOS="574.0"
                    VPOS="2309.0"
                    WIDTH="1068.0"
                    HEIGHT="3.0">
	    <String CONTENT=""
                    HPOS="574.0"
                    VPOS="2309.0"
                    WIDTH="1068.0"
                    HEIGHT="3.0"></String>
          </TextLine>
          <TextLine ID="eSc_line_e97b7885"
                    BASELINE="574 2374 1650 2375" 
                    HPOS="574.0"
                    VPOS="2374.0"
                    WIDTH="1076.0"
                    HEIGHT="1.0">
	    <String CONTENT=""
                    HPOS="574.0"
                    VPOS="2374.0"
                    WIDTH="1076.0"
                    HEIGHT="1.0"></String>
          </TextLine>
        </TextBlock>
        <TextBlock HPOS="1066.0"
                   VPOS="1595.0"
                   WIDTH="82.0"
                   HEIGHT="85.0"
                   ID="region_1720167610327_761"
                   TAGREFS="BT3665">
          <Shape><Polygon POINTS="1148 1680 1066 1680 1066 1609 1108 1595 1148 1609"/></Shape>
          <TextLine ID="eSc_line_ba6c4039"
                    BASELINE="1094 1672 1143 1674" 
                    HPOS="1094.0"
                    VPOS="1672.0"
                    WIDTH="49.0"
                    HEIGHT="2.0">
	    <String CONTENT=""
                    HPOS="1094.0"
                    VPOS="1672.0"
                    WIDTH="49.0"
                    HEIGHT="2.0"></String>
          </TextLine>
        </TextBlock>
        <TextBlock HPOS="974.0"
                   VPOS="1696.0"
                   WIDTH="659.0"
                   HEIGHT="84.0"
                   ID="region_1720167614316_764"
                   TAGREFS="BT3664">
          <Shape><Polygon POINTS="1633 1780 974 1780 974 1706 1271 1696 1633 1706"/></Shape>
          <TextLine ID="eSc_line_e2778e66"
                    BASELINE="986 1770 1613 1774" 
                    HPOS="986.0"
                    VPOS="1770.0"
                    WIDTH="627.0"
                    HEIGHT="4.0">
	    <String CONTENT=""
                    HPOS="986.0"
                    VPOS="1770.0"
                    WIDTH="627.0"
                    HEIGHT="4.0"></String>
          </TextLine>
        </TextBlock>
      </PrintSpace>
    </Page>
  </Layout>
</alto>
