<?xml version="1.0" encoding="UTF-8"?>
<alto xmlns:xsi="http://www.w3.org/2001/XMLSchema-instance"
      xmlns="http://www.loc.gov/standards/alto/ns-v4#"
      xsi:schemaLocation="http://www.loc.gov/standards/alto/ns-v4# http://www.loc.gov/standards/alto/v4/alto-4-2.xsd">
  <Description>
    <MeasurementUnit>pixel</MeasurementUnit>
    <sourceImageInformation>
      <fileName>1800,_Poetische_Werke,_Bohn,_Bd._5,_VD18_80461476_Seite_054_Bild_0001.jpg</fileName>
    </sourceImageInformation>
  </Description>
  <Tags>
    <OtherTag ID="BT1" LABEL="Title" DESCRIPTION="block type Title"/><OtherTag ID="BT2" LABEL="Main" DESCRIPTION="block type Main"/><OtherTag ID="BT3" LABEL="Commentary" DESCRIPTION="block type Commentary"/><OtherTag ID="BT4" LABEL="Illustration" DESCRIPTION="block type Illustration"/><OtherTag ID="BT3664" LABEL="paragraph" DESCRIPTION="block type paragraph"/><OtherTag ID="BT3665" LABEL="heading" DESCRIPTION="block type heading"/><OtherTag ID="BT3666" LABEL="footnote" DESCRIPTION="block type footnote"/>
    <OtherTag ID="LT2231" LABEL="default" DESCRIPTION="line type default"/>
  </Tags>
  <Layout>
    <Page WIDTH="1872"
          HEIGHT="2837"
          PHYSICAL_IMG_NR="17"
          ID="eSc_dummypage_">
      <PrintSpace HPOS="0"
                  VPOS="0"
                  WIDTH="1872"
                  HEIGHT="2837">
        <TextBlock HPOS="668.0"
                   VPOS="890.0"
                   WIDTH="923.0"
                   HEIGHT="199.0"
                   ID="region_1724840797578_696"
                   TAGREFS="BT3665">
          <Shape><Polygon POINTS="1591 1081 668 1089 668 890 1566 890"/></Shape>
          <TextLine ID="eSc_line_e211848a"
                    BASELINE="1108 955 1217 958" 
                    HPOS="1108.0"
                    VPOS="955.0"
                    WIDTH="109.0"
                    HEIGHT="3.0">
	    <String CONTENT=""
                    HPOS="1108.0"
                    VPOS="955.0"
                    WIDTH="109.0"
                    HEIGHT="3.0"></String>
          </TextLine>
          <TextLine ID="eSc_line_810b2a0b"
                    BASELINE="762 1075 1533 1070" 
                    HPOS="762.0"
                    VPOS="1070.0"
                    WIDTH="771.0"
                    HEIGHT="5.0">
	    <String CONTENT=""
                    HPOS="762.0"
                    VPOS="1070.0"
                    WIDTH="771.0"
                    HEIGHT="5.0"></String>
          </TextLine>
        </TextBlock>
        <TextBlock HPOS="1072"
                   VPOS="365"
                   WIDTH="174"
                   HEIGHT="88"
                   ID="region_1724840794398_693"
                   TAGREFS="BT3664">
          <Shape><Polygon POINTS="1246 453 1072 452 1074 365 1217 365"/></Shape>
          <TextLine ID="eSc_line_c1172cb9"
                    BASELINE="1093 439 1200 441" 
                    HPOS="1093.0"
                    VPOS="439.0"
                    WIDTH="107.0"
                    HEIGHT="2.0">
	    <String CONTENT=""
                    HPOS="1093.0"
                    VPOS="439.0"
                    WIDTH="107.0"
                    HEIGHT="2.0"></String>
          </TextLine>
        </TextBlock>
        <TextBlock HPOS="580.0"
                   VPOS="1282.0"
                   WIDTH="1174.0"
                   HEIGHT="1138.0"
                   ID="region_1724840814694_708"
                   TAGREFS="BT3664">
          <Shape><Polygon POINTS="1754 2417 580 2420 580 1282 1739 1282"/></Shape>
          <TextLine ID="eSc_line_cc258caf"
                    BASELINE="607 1362 1687 1363" 
                    HPOS="607.0"
                    VPOS="1362.0"
                    WIDTH="1080.0"
                    HEIGHT="1.0">
	    <String CONTENT=""
                    HPOS="607.0"
                    VPOS="1362.0"
                    WIDTH="1080.0"
                    HEIGHT="1.0"></String>
          </TextLine>
          <TextLine ID="eSc_line_7b55005d"
                    BASELINE="619 1427 1689 1427" 
                    HPOS="619.0"
                    VPOS="1427.0"
                    WIDTH="1070.0"
                    HEIGHT="0.0">
	    <String CONTENT=""
                    HPOS="619.0"
                    VPOS="1427.0"
                    WIDTH="1070.0"
                    HEIGHT="0.0"></String>
          </TextLine>
          <TextLine ID="eSc_line_a55a2d26"
                    BASELINE="617 1490 1339 1488" 
                    HPOS="617.0"
                    VPOS="1488.0"
                    WIDTH="722.0"
                    HEIGHT="2.0">
	    <String CONTENT=""
                    HPOS="617.0"
                    VPOS="1488.0"
                    WIDTH="722.0"
                    HEIGHT="2.0"></String>
          </TextLine>
          <TextLine ID="eSc_line_06b54bdf"
                    BASELINE="716 1586 1685 1574" 
                    HPOS="716.0"
                    VPOS="1574.0"
                    WIDTH="969.0"
                    HEIGHT="12.0">
	    <String CONTENT=""
                    HPOS="716.0"
                    VPOS="1574.0"
                    WIDTH="969.0"
                    HEIGHT="12.0"></String>
          </TextLine>
          <TextLine ID="eSc_line_c902e09e"
                    BASELINE="604 1708 1705 1700" 
                    HPOS="604.0"
                    VPOS="1700.0"
                    WIDTH="1101.0"
                    HEIGHT="8.0">
	    <String CONTENT=""
                    HPOS="604.0"
                    VPOS="1700.0"
                    WIDTH="1101.0"
                    HEIGHT="8.0"></String>
          </TextLine>
          <TextLine ID="eSc_line_e8857275"
                    BASELINE="1237 1637 1369 1638" 
                    HPOS="1237.0"
                    VPOS="1637.0"
                    WIDTH="132.0"
                    HEIGHT="1.0">
	    <String CONTENT=""
                    HPOS="1237.0"
                    VPOS="1637.0"
                    WIDTH="132.0"
                    HEIGHT="1.0"></String>
          </TextLine>
          <TextLine ID="eSc_line_1afcc619"
                    BASELINE="1222 1765 1370 1763" 
                    HPOS="1222.0"
                    VPOS="1763.0"
                    WIDTH="148.0"
                    HEIGHT="2.0">
	    <String CONTENT=""
                    HPOS="1222.0"
                    VPOS="1763.0"
                    WIDTH="148.0"
                    HEIGHT="2.0"></String>
          </TextLine>
          <TextLine ID="eSc_line_87ab4377"
                    BASELINE="686 1856 1684 1859" 
                    HPOS="686.0"
                    VPOS="1856.0"
                    WIDTH="998.0"
                    HEIGHT="3.0">
	    <String CONTENT=""
                    HPOS="686.0"
                    VPOS="1856.0"
                    WIDTH="998.0"
                    HEIGHT="3.0"></String>
          </TextLine>
          <TextLine ID="eSc_line_2628faee"
                    BASELINE="613 1920 1688 1924" 
                    HPOS="613.0"
                    VPOS="1920.0"
                    WIDTH="1075.0"
                    HEIGHT="4.0">
	    <String CONTENT=""
                    HPOS="613.0"
                    VPOS="1920.0"
                    WIDTH="1075.0"
                    HEIGHT="4.0"></String>
          </TextLine>
          <TextLine ID="eSc_line_d9ed1fa6"
                    BASELINE="605 1982 1681 1978" 
                    HPOS="605.0"
                    VPOS="1978.0"
                    WIDTH="1076.0"
                    HEIGHT="4.0">
	    <String CONTENT=""
                    HPOS="605.0"
                    VPOS="1978.0"
                    WIDTH="1076.0"
                    HEIGHT="4.0"></String>
          </TextLine>
          <TextLine ID="eSc_line_0c589e9d"
                    BASELINE="602 2047 1689 2044" 
                    HPOS="602.0"
                    VPOS="2044.0"
                    WIDTH="1087.0"
                    HEIGHT="3.0">
	    <String CONTENT=""
                    HPOS="602.0"
                    VPOS="2044.0"
                    WIDTH="1087.0"
                    HEIGHT="3.0"></String>
          </TextLine>
          <TextLine ID="eSc_line_5d4f5b27"
                    BASELINE="606 2102 1679 2104" 
                    HPOS="606.0"
                    VPOS="2102.0"
                    WIDTH="1073.0"
                    HEIGHT="2.0">
	    <String CONTENT=""
                    HPOS="606.0"
                    VPOS="2102.0"
                    WIDTH="1073.0"
                    HEIGHT="2.0"></String>
          </TextLine>
          <TextLine ID="eSc_line_0b775a4f"
                    BASELINE="590 2174 1688 2168" 
                    HPOS="590.0"
                    VPOS="2168.0"
                    WIDTH="1098.0"
                    HEIGHT="6.0">
	    <String CONTENT=""
                    HPOS="590.0"
                    VPOS="2168.0"
                    WIDTH="1098.0"
                    HEIGHT="6.0"></String>
          </TextLine>
          <TextLine ID="eSc_line_9b5f0239"
                    BASELINE="618 2233 1492 2235" 
                    HPOS="618.0"
                    VPOS="2233.0"
                    WIDTH="874.0"
                    HEIGHT="2.0">
	    <String CONTENT=""
                    HPOS="618.0"
                    VPOS="2233.0"
                    WIDTH="874.0"
                    HEIGHT="2.0"></String>
          </TextLine>
          <TextLine ID="eSc_line_fc191d7d"
                    BASELINE="690 2330 1675 2319" 
                    HPOS="690.0"
                    VPOS="2319.0"
                    WIDTH="985.0"
                    HEIGHT="11.0">
	    <String CONTENT=""
                    HPOS="690.0"
                    VPOS="2319.0"
                    WIDTH="985.0"
                    HEIGHT="11.0"></String>
          </TextLine>
          <TextLine ID="eSc_line_76a5cab6"
                    BASELINE="598 2393 1686 2385" 
                    HPOS="598.0"
                    VPOS="2385.0"
                    WIDTH="1088.0"
                    HEIGHT="8.0">
	    <String CONTENT=""
                    HPOS="598.0"
                    VPOS="2385.0"
                    WIDTH="1088.0"
                    HEIGHT="8.0"></String>
          </TextLine>
        </TextBlock>
        <TextBlock HPOS="890.0"
                   VPOS="1206.0"
                   WIDTH="537.0"
                   HEIGHT="55.0"
                   ID="region_1724840800479_699"
                   TAGREFS="BT3665">
          <Shape><Polygon POINTS="1427 1261 890 1261 890 1206 1392 1206"/></Shape>
        </TextBlock>
        <TextBlock ID="eSc_dummyblock_">
          <TextLine ID="eSc_line_9f4f6f57"
                    BASELINE="915 1262 1389 1253" 
                    HPOS="915.0"
                    VPOS="1253.0"
                    WIDTH="474.0"
                    HEIGHT="9.0">
	    <String CONTENT=""
                    HPOS="915.0"
                    VPOS="1253.0"
                    WIDTH="474.0"
                    HEIGHT="9.0"></String>
          </TextLine>
        </TextBlock>
      </PrintSpace>
    </Page>
  </Layout>
</alto>
