<?xml version="1.0" encoding="UTF-8"?>
<alto xmlns:xsi="http://www.w3.org/2001/XMLSchema-instance"
      xmlns="http://www.loc.gov/standards/alto/ns-v4#"
      xsi:schemaLocation="http://www.loc.gov/standards/alto/ns-v4# http://www.loc.gov/standards/alto/v4/alto-4-2.xsd">
  <Description>
    <MeasurementUnit>pixel</MeasurementUnit>
    <sourceImageInformation>
      <fileName>1800,_Poetische_Werke,_Bohn,_Bd._4,_VD18_80461468_Seite_179_Bild_0001.jpg</fileName>
    </sourceImageInformation>
  </Description>
  <Tags>
    <OtherTag ID="BT1" LABEL="Title" DESCRIPTION="block type Title"/><OtherTag ID="BT2" LABEL="Main" DESCRIPTION="block type Main"/><OtherTag ID="BT3" LABEL="Commentary" DESCRIPTION="block type Commentary"/><OtherTag ID="BT4" LABEL="Illustration" DESCRIPTION="block type Illustration"/><OtherTag ID="BT3664" LABEL="paragraph" DESCRIPTION="block type paragraph"/><OtherTag ID="BT3665" LABEL="heading" DESCRIPTION="block type heading"/><OtherTag ID="BT3666" LABEL="footnote" DESCRIPTION="block type footnote"/>
    <OtherTag ID="LT2231" LABEL="default" DESCRIPTION="line type default"/>
  </Tags>
  <Layout>
    <Page WIDTH="1839"
          HEIGHT="2753"
          PHYSICAL_IMG_NR="12"
          ID="eSc_dummypage_">
      <PrintSpace HPOS="0"
                  VPOS="0"
                  WIDTH="1839"
                  HEIGHT="2753">
        <TextBlock HPOS="163.0"
                   VPOS="433.0"
                   WIDTH="1149.0"
                   HEIGHT="118.0"
                   ID="region_1720166204193_438"
                   TAGREFS="BT3664">
          <Shape><Polygon POINTS="1312 550 163 551 163 433 1245 433"/></Shape>
          <TextLine ID="eSc_line_d3fde87f"
                    BASELINE="257 496 1236 491" 
                    HPOS="257.0"
                    VPOS="491.0"
                    WIDTH="979.0"
                    HEIGHT="5.0">
	    <String CONTENT=""
                    HPOS="257.0"
                    VPOS="491.0"
                    WIDTH="979.0"
                    HEIGHT="5.0"></String>
          </TextLine>
          <TextLine ID="eSc_line_2093cba3"
                    BASELINE="178 547 301 546" 
                    HPOS="178.0"
                    VPOS="546.0"
                    WIDTH="123.0"
                    HEIGHT="1.0">
	    <String CONTENT=""
                    HPOS="178.0"
                    VPOS="546.0"
                    WIDTH="123.0"
                    HEIGHT="1.0"></String>
          </TextLine>
        </TextBlock>
        <TextBlock HPOS="161.0"
                   VPOS="663.0"
                   WIDTH="75.0"
                   HEIGHT="82.0"
                   ID="region_1720166191381_432"
                   TAGREFS="BT3664">
          <Shape><Polygon POINTS="236 744 177 745 161 663 236 665"/></Shape>
          <TextLine ID="eSc_line_7bc54352"
                    BASELINE="232 739 1222 741" 
                    HPOS="232.0"
                    VPOS="739.0"
                    WIDTH="990.0"
                    HEIGHT="2.0">
	    <String CONTENT=""
                    HPOS="232.0"
                    VPOS="739.0"
                    WIDTH="990.0"
                    HEIGHT="2.0"></String>
          </TextLine>
        </TextBlock>
        <TextBlock HPOS="403.0"
                   VPOS="574.0"
                   WIDTH="599.0"
                   HEIGHT="67.0"
                   ID="region_1720166196353_435"
                   TAGREFS="BT3665">
          <Shape><Polygon POINTS="1002 641 407 641 403 574 998 574"/></Shape>
          <TextLine ID="eSc_line_4519b068"
                    BASELINE="418 634 990 636" 
                    HPOS="418.0"
                    VPOS="634.0"
                    WIDTH="572.0"
                    HEIGHT="2.0">
	    <String CONTENT=""
                    HPOS="418.0"
                    VPOS="634.0"
                    WIDTH="572.0"
                    HEIGHT="2.0"></String>
          </TextLine>
        </TextBlock>
        <TextBlock HPOS="177.0"
                   VPOS="655.0"
                   WIDTH="1140.0"
                   HEIGHT="1331.0"
                   ID="region_1720166219061_441"
                   TAGREFS="BT3664">
          <Shape><Polygon POINTS="1221 753 1317 1986 190 1897 177 749 241 750 240 668 1226 655"/></Shape>
          <TextLine ID="eSc_line_323c0377"
                    BASELINE="797 791 921 789" 
                    HPOS="797.0"
                    VPOS="789.0"
                    WIDTH="124.0"
                    HEIGHT="2.0">
	    <String CONTENT=""
                    HPOS="797.0"
                    VPOS="789.0"
                    WIDTH="124.0"
                    HEIGHT="2.0"></String>
          </TextLine>
          <TextLine ID="eSc_line_1c937d1c"
                    BASELINE="182 926 701 910" 
                    HPOS="182.0"
                    VPOS="910.0"
                    WIDTH="519.0"
                    HEIGHT="16.0">
	    <String CONTENT=""
                    HPOS="182.0"
                    VPOS="910.0"
                    WIDTH="519.0"
                    HEIGHT="16.0"></String>
          </TextLine>
          <TextLine ID="eSc_line_1a37ce3a"
                    BASELINE="187 979 1141 980" 
                    HPOS="187.0"
                    VPOS="979.0"
                    WIDTH="954.0"
                    HEIGHT="1.0">
	    <String CONTENT=""
                    HPOS="187.0"
                    VPOS="979.0"
                    WIDTH="954.0"
                    HEIGHT="1.0"></String>
          </TextLine>
          <TextLine ID="eSc_line_d34b3207"
                    BASELINE="181 1043 581 1032" 
                    HPOS="181.0"
                    VPOS="1032.0"
                    WIDTH="400.0"
                    HEIGHT="11.0">
	    <String CONTENT=""
                    HPOS="181.0"
                    VPOS="1032.0"
                    WIDTH="400.0"
                    HEIGHT="11.0"></String>
          </TextLine>
          <TextLine ID="eSc_line_0237e83a"
                    BASELINE="185 1097 1229 1104" 
                    HPOS="185.0"
                    VPOS="1097.0"
                    WIDTH="1044.0"
                    HEIGHT="7.0">
	    <String CONTENT=""
                    HPOS="185.0"
                    VPOS="1097.0"
                    WIDTH="1044.0"
                    HEIGHT="7.0"></String>
          </TextLine>
          <TextLine ID="eSc_line_0c5fb3fd"
                    BASELINE="806 1163 933 1158" 
                    HPOS="806.0"
                    VPOS="1158.0"
                    WIDTH="127.0"
                    HEIGHT="5.0">
	    <String CONTENT=""
                    HPOS="806.0"
                    VPOS="1158.0"
                    WIDTH="127.0"
                    HEIGHT="5.0"></String>
          </TextLine>
          <TextLine ID="eSc_line_b817b4d8"
                    BASELINE="188 1289 1241 1283" 
                    HPOS="188.0"
                    VPOS="1283.0"
                    WIDTH="1053.0"
                    HEIGHT="6.0">
	    <String CONTENT=""
                    HPOS="188.0"
                    VPOS="1283.0"
                    WIDTH="1053.0"
                    HEIGHT="6.0"></String>
          </TextLine>
          <TextLine ID="eSc_line_80f816eb"
                    BASELINE="185 1414 1233 1410" 
                    HPOS="185.0"
                    VPOS="1410.0"
                    WIDTH="1048.0"
                    HEIGHT="4.0">
	    <String CONTENT=""
                    HPOS="185.0"
                    VPOS="1410.0"
                    WIDTH="1048.0"
                    HEIGHT="4.0"></String>
          </TextLine>
          <TextLine ID="eSc_line_b19b22bf"
                    BASELINE="188 1523 1235 1530" 
                    HPOS="188.0"
                    VPOS="1523.0"
                    WIDTH="1047.0"
                    HEIGHT="7.0">
	    <String CONTENT=""
                    HPOS="188.0"
                    VPOS="1523.0"
                    WIDTH="1047.0"
                    HEIGHT="7.0"></String>
          </TextLine>
          <TextLine ID="eSc_line_0bd0e590"
                    BASELINE="780 1470 965 1461" 
                    HPOS="780.0"
                    VPOS="1461.0"
                    WIDTH="185.0"
                    HEIGHT="9.0">
	    <String CONTENT=""
                    HPOS="780.0"
                    VPOS="1461.0"
                    WIDTH="185.0"
                    HEIGHT="9.0"></String>
          </TextLine>
          <TextLine ID="eSc_line_fb8eae92"
                    BASELINE="189 1654 1150 1646" 
                    HPOS="189.0"
                    VPOS="1646.0"
                    WIDTH="961.0"
                    HEIGHT="8.0">
	    <String CONTENT=""
                    HPOS="189.0"
                    VPOS="1646.0"
                    WIDTH="961.0"
                    HEIGHT="8.0"></String>
          </TextLine>
          <TextLine ID="eSc_line_40a2520a"
                    BASELINE="800 1584 939 1583" 
                    HPOS="800.0"
                    VPOS="1583.0"
                    WIDTH="139.0"
                    HEIGHT="1.0">
	    <String CONTENT=""
                    HPOS="800.0"
                    VPOS="1583.0"
                    WIDTH="139.0"
                    HEIGHT="1.0"></String>
          </TextLine>
          <TextLine ID="eSc_line_2bb2c386"
                    BASELINE="196 1773 1231 1778" 
                    HPOS="196.0"
                    VPOS="1773.0"
                    WIDTH="1035.0"
                    HEIGHT="5.0">
	    <String CONTENT=""
                    HPOS="196.0"
                    VPOS="1773.0"
                    WIDTH="1035.0"
                    HEIGHT="5.0"></String>
          </TextLine>
          <TextLine ID="eSc_line_72c88b65"
                    BASELINE="190 1832 583 1830" 
                    HPOS="190.0"
                    VPOS="1830.0"
                    WIDTH="393.0"
                    HEIGHT="2.0">
	    <String CONTENT=""
                    HPOS="190.0"
                    VPOS="1830.0"
                    WIDTH="393.0"
                    HEIGHT="2.0"></String>
          </TextLine>
          <TextLine ID="eSc_line_77cbbd9c"
                    BASELINE="191 1890 1265 1895" 
                    HPOS="191.0"
                    VPOS="1890.0"
                    WIDTH="1074.0"
                    HEIGHT="5.0">
	    <String CONTENT=""
                    HPOS="191.0"
                    VPOS="1890.0"
                    WIDTH="1074.0"
                    HEIGHT="5.0"></String>
          </TextLine>
          <TextLine ID="eSc_line_5f3209c0"
                    BASELINE="801 1941 937 1950" 
                    HPOS="801.0"
                    VPOS="1941.0"
                    WIDTH="136.0"
                    HEIGHT="9.0">
	    <String CONTENT=""
                    HPOS="801.0"
                    VPOS="1941.0"
                    WIDTH="136.0"
                    HEIGHT="9.0"></String>
          </TextLine>
        </TextBlock>
        <TextBlock HPOS="635"
                   VPOS="357"
                   WIDTH="157"
                   HEIGHT="45"
                   ID="region_1720166187173_429"
                   TAGREFS="BT3664">
          <Shape><Polygon POINTS="792 399 635 402 635 357 761 357"/></Shape>
          <TextLine ID="eSc_line_7b558aad"
                    BASELINE="646 393 754 388" 
                    HPOS="646.0"
                    VPOS="388.0"
                    WIDTH="108.0"
                    HEIGHT="5.0">
	    <String CONTENT=""
                    HPOS="646.0"
                    VPOS="388.0"
                    WIDTH="108.0"
                    HEIGHT="5.0"></String>
          </TextLine>
        </TextBlock>
        <TextBlock HPOS="177.0"
                   VPOS="2072.0"
                   WIDTH="1085.0"
                   HEIGHT="193.0"
                   ID="region_1720166335573_456"
                   TAGREFS="BT3664">
          <Shape><Polygon POINTS="1262 2265 177 2265 181 2072 1233 2073"/></Shape>
          <TextLine ID="eSc_line_83f9c4f1"
                    BASELINE="661 2110 746 2125" 
                    HPOS="661.0"
                    VPOS="2110.0"
                    WIDTH="85.0"
                    HEIGHT="15.0">
	    <String CONTENT=""
                    HPOS="661.0"
                    VPOS="2110.0"
                    WIDTH="85.0"
                    HEIGHT="15.0"></String>
          </TextLine>
          <TextLine ID="eSc_line_4b528367"
                    BASELINE="260 2201 1244 2196" 
                    HPOS="260.0"
                    VPOS="2196.0"
                    WIDTH="984.0"
                    HEIGHT="5.0">
	    <String CONTENT=""
                    HPOS="260.0"
                    VPOS="2196.0"
                    WIDTH="984.0"
                    HEIGHT="5.0"></String>
          </TextLine>
          <TextLine ID="eSc_line_e5f3110b"
                    BASELINE="189 2260 1246 2256" 
                    HPOS="189.0"
                    VPOS="2256.0"
                    WIDTH="1057.0"
                    HEIGHT="4.0">
	    <String CONTENT=""
                    HPOS="189.0"
                    VPOS="2256.0"
                    WIDTH="1057.0"
                    HEIGHT="4.0"></String>
          </TextLine>
        </TextBlock>
        <TextBlock HPOS="212.0"
                   VPOS="2313.0"
                   WIDTH="388.0"
                   HEIGHT="142.0"
                   ID="region_1720166601089_496"
                   TAGREFS="BT3666">
          <Shape><Polygon POINTS="600 2433 212 2455 212 2313 600 2313"/></Shape>
          <TextLine ID="eSc_line_f3c39c87"
                    BASELINE="246 2386 583 2384" 
                    HPOS="246.0"
                    VPOS="2384.0"
                    WIDTH="337.0"
                    HEIGHT="2.0">
	    <String CONTENT=""
                    HPOS="246.0"
                    VPOS="2384.0"
                    WIDTH="337.0"
                    HEIGHT="2.0"></String>
          </TextLine>
          <TextLine ID="eSc_line_60c89196"
                    BASELINE="228 2436 338 2437" 
                    HPOS="228.0"
                    VPOS="2436.0"
                    WIDTH="110.0"
                    HEIGHT="1.0">
	    <String CONTENT=""
                    HPOS="228.0"
                    VPOS="2436.0"
                    WIDTH="110.0"
                    HEIGHT="1.0"></String>
          </TextLine>
        </TextBlock>
        <TextBlock HPOS="748"
                   VPOS="2366"
                   WIDTH="168"
                   HEIGHT="96"
                   ID="region_1720166344593_462"
                   TAGREFS="BT3664">
          <Shape><Polygon POINTS="859 2462 748 2462 748 2371 916 2366"/></Shape>
          <TextLine ID="eSc_line_5c59b638"
                    BASELINE="769 2444 843 2443" 
                    HPOS="769.0"
                    VPOS="2443.0"
                    WIDTH="74.0"
                    HEIGHT="1.0">
	    <String CONTENT=""
                    HPOS="769.0"
                    VPOS="2443.0"
                    WIDTH="74.0"
                    HEIGHT="1.0"></String>
          </TextLine>
        </TextBlock>
        <TextBlock ID="eSc_dummyblock_">
          <TextLine ID="eSc_line_a64d0d6b"
                    BASELINE="178 862 698 855" 
                    HPOS="178.0"
                    VPOS="855.0"
                    WIDTH="520.0"
                    HEIGHT="7.0">
	    <String CONTENT=""
                    HPOS="178.0"
                    VPOS="855.0"
                    WIDTH="520.0"
                    HEIGHT="7.0"></String>
          </TextLine>
          <TextLine ID="eSc_line_e220efb9"
                    BASELINE="181 1227 594 1216" 
                    HPOS="181.0"
                    VPOS="1216.0"
                    WIDTH="413.0"
                    HEIGHT="11.0">
	    <String CONTENT=""
                    HPOS="181.0"
                    VPOS="1216.0"
                    WIDTH="413.0"
                    HEIGHT="11.0"></String>
          </TextLine>
          <TextLine ID="eSc_line_6efecd81"
                    BASELINE="184 1350 623 1339" 
                    HPOS="184.0"
                    VPOS="1339.0"
                    WIDTH="439.0"
                    HEIGHT="11.0">
	    <String CONTENT=""
                    HPOS="184.0"
                    VPOS="1339.0"
                    WIDTH="439.0"
                    HEIGHT="11.0"></String>
          </TextLine>
          <TextLine ID="eSc_line_02413867"
                    BASELINE="185 1710 827 1707" 
                    HPOS="185.0"
                    VPOS="1707.0"
                    WIDTH="642.0"
                    HEIGHT="3.0">
	    <String CONTENT=""
                    HPOS="185.0"
                    VPOS="1707.0"
                    WIDTH="642.0"
                    HEIGHT="3.0"></String>
          </TextLine>
        </TextBlock>
      </PrintSpace>
    </Page>
  </Layout>
</alto>
