<?xml version="1.0" encoding="UTF-8"?>
<alto xmlns:xsi="http://www.w3.org/2001/XMLSchema-instance"
      xmlns="http://www.loc.gov/standards/alto/ns-v4#"
      xsi:schemaLocation="http://www.loc.gov/standards/alto/ns-v4# http://www.loc.gov/standards/alto/v4/alto-4-2.xsd">
  <Description>
    <MeasurementUnit>pixel</MeasurementUnit>
    <sourceImageInformation>
      <fileName>1800,_Poetische_Werke,_Bohn,_Bd._3,_VD18_8046145X_Seite_251_Bild_0001.jpg</fileName>
    </sourceImageInformation>
  </Description>
  <Tags>
    <OtherTag ID="BT1" LABEL="Title" DESCRIPTION="block type Title"/><OtherTag ID="BT2" LABEL="Main" DESCRIPTION="block type Main"/><OtherTag ID="BT3" LABEL="Commentary" DESCRIPTION="block type Commentary"/><OtherTag ID="BT4" LABEL="Illustration" DESCRIPTION="block type Illustration"/><OtherTag ID="BT3664" LABEL="paragraph" DESCRIPTION="block type paragraph"/><OtherTag ID="BT3665" LABEL="heading" DESCRIPTION="block type heading"/><OtherTag ID="BT3666" LABEL="footnote" DESCRIPTION="block type footnote"/>
    <OtherTag ID="LT2231" LABEL="default" DESCRIPTION="line type default"/>
  </Tags>
  <Layout>
    <Page WIDTH="1763"
          HEIGHT="2767"
          PHYSICAL_IMG_NR="21"
          ID="eSc_dummypage_">
      <PrintSpace HPOS="0"
                  VPOS="0"
                  WIDTH="1763"
                  HEIGHT="2767">
        <TextBlock HPOS="184.0"
                   VPOS="448.0"
                   WIDTH="1138.0"
                   HEIGHT="1575.0"
                   ID="region_1720167124097_671"
                   TAGREFS="BT3664">
          <Shape><Polygon POINTS="1322 1143 1271 2023 184 2023 192 448 1279 448"/></Shape>
          <TextLine ID="eSc_line_9b744918"
                    BASELINE="227 525 1253 520" 
                    HPOS="227.0"
                    VPOS="520.0"
                    WIDTH="1026.0"
                    HEIGHT="5.0">
	    <String CONTENT=""
                    HPOS="227.0"
                    VPOS="520.0"
                    WIDTH="1026.0"
                    HEIGHT="5.0"></String>
          </TextLine>
          <TextLine ID="eSc_line_00257eaf"
                    BASELINE="201 588 648 588" 
                    HPOS="201.0"
                    VPOS="588.0"
                    WIDTH="447.0"
                    HEIGHT="0.0">
	    <String CONTENT=""
                    HPOS="201.0"
                    VPOS="588.0"
                    WIDTH="447.0"
                    HEIGHT="0.0"></String>
          </TextLine>
          <TextLine ID="eSc_line_d8aedd5e"
                    BASELINE="363 680 812 678" 
                    HPOS="363.0"
                    VPOS="678.0"
                    WIDTH="449.0"
                    HEIGHT="2.0">
	    <String CONTENT=""
                    HPOS="363.0"
                    VPOS="678.0"
                    WIDTH="449.0"
                    HEIGHT="2.0"></String>
          </TextLine>
          <TextLine ID="eSc_line_dc63581f"
                    BASELINE="274 748 654 743" 
                    HPOS="274.0"
                    VPOS="743.0"
                    WIDTH="380.0"
                    HEIGHT="5.0">
	    <String CONTENT=""
                    HPOS="274.0"
                    VPOS="743.0"
                    WIDTH="380.0"
                    HEIGHT="5.0"></String>
          </TextLine>
          <TextLine ID="eSc_line_044552b3"
                    BASELINE="287 808 932 801" 
                    HPOS="287.0"
                    VPOS="801.0"
                    WIDTH="645.0"
                    HEIGHT="7.0">
	    <String CONTENT=""
                    HPOS="287.0"
                    VPOS="801.0"
                    WIDTH="645.0"
                    HEIGHT="7.0"></String>
          </TextLine>
          <TextLine ID="eSc_line_f68ab356"
                    BASELINE="278 871 686 863" 
                    HPOS="278.0"
                    VPOS="863.0"
                    WIDTH="408.0"
                    HEIGHT="8.0">
	    <String CONTENT=""
                    HPOS="278.0"
                    VPOS="863.0"
                    WIDTH="408.0"
                    HEIGHT="8.0"></String>
          </TextLine>
          <TextLine ID="eSc_line_a0626715"
                    BASELINE="289 935 785 928" 
                    HPOS="289.0"
                    VPOS="928.0"
                    WIDTH="496.0"
                    HEIGHT="7.0">
	    <String CONTENT=""
                    HPOS="289.0"
                    VPOS="928.0"
                    WIDTH="496.0"
                    HEIGHT="7.0"></String>
          </TextLine>
          <TextLine ID="eSc_line_a2476f2f"
                    BASELINE="293 990 755 987" 
                    HPOS="293.0"
                    VPOS="987.0"
                    WIDTH="462.0"
                    HEIGHT="3.0">
	    <String CONTENT=""
                    HPOS="293.0"
                    VPOS="987.0"
                    WIDTH="462.0"
                    HEIGHT="3.0"></String>
          </TextLine>
          <TextLine ID="eSc_line_f77c3281"
                    BASELINE="293 1049 762 1043" 
                    HPOS="293.0"
                    VPOS="1043.0"
                    WIDTH="469.0"
                    HEIGHT="6.0">
	    <String CONTENT=""
                    HPOS="293.0"
                    VPOS="1043.0"
                    WIDTH="469.0"
                    HEIGHT="6.0"></String>
          </TextLine>
          <TextLine ID="eSc_line_b718ef48"
                    BASELINE="286 1116 746 1108" 
                    HPOS="286.0"
                    VPOS="1108.0"
                    WIDTH="460.0"
                    HEIGHT="8.0">
	    <String CONTENT=""
                    HPOS="286.0"
                    VPOS="1108.0"
                    WIDTH="460.0"
                    HEIGHT="8.0"></String>
          </TextLine>
          <TextLine ID="eSc_line_eb73e904"
                    BASELINE="238 1212 1261 1211" 
                    HPOS="238.0"
                    VPOS="1211.0"
                    WIDTH="1023.0"
                    HEIGHT="1.0">
	    <String CONTENT=""
                    HPOS="238.0"
                    VPOS="1211.0"
                    WIDTH="1023.0"
                    HEIGHT="1.0"></String>
          </TextLine>
          <TextLine ID="eSc_line_ab2cc178"
                    BASELINE="206 1265 663 1265" 
                    HPOS="206.0"
                    VPOS="1265.0"
                    WIDTH="457.0"
                    HEIGHT="0.0">
	    <String CONTENT=""
                    HPOS="206.0"
                    VPOS="1265.0"
                    WIDTH="457.0"
                    HEIGHT="0.0"></String>
          </TextLine>
          <TextLine ID="eSc_line_56d70462"
                    BASELINE="255 1369 647 1366" 
                    HPOS="255.0"
                    VPOS="1366.0"
                    WIDTH="392.0"
                    HEIGHT="3.0">
	    <String CONTENT=""
                    HPOS="255.0"
                    VPOS="1366.0"
                    WIDTH="392.0"
                    HEIGHT="3.0"></String>
          </TextLine>
          <TextLine ID="eSc_line_42990e39"
                    BASELINE="413 1465 1087 1469" 
                    HPOS="413.0"
                    VPOS="1465.0"
                    WIDTH="674.0"
                    HEIGHT="4.0">
	    <String CONTENT=""
                    HPOS="413.0"
                    VPOS="1465.0"
                    WIDTH="674.0"
                    HEIGHT="4.0"></String>
          </TextLine>
          <TextLine ID="eSc_line_41253108"
                    BASELINE="415 1524 1002 1526" 
                    HPOS="415.0"
                    VPOS="1524.0"
                    WIDTH="587.0"
                    HEIGHT="2.0">
	    <String CONTENT=""
                    HPOS="415.0"
                    VPOS="1524.0"
                    WIDTH="587.0"
                    HEIGHT="2.0"></String>
          </TextLine>
          <TextLine ID="eSc_line_5734d34f"
                    BASELINE="262 1621 1119 1624" 
                    HPOS="262.0"
                    VPOS="1621.0"
                    WIDTH="857.0"
                    HEIGHT="3.0">
	    <String CONTENT=""
                    HPOS="262.0"
                    VPOS="1621.0"
                    WIDTH="857.0"
                    HEIGHT="3.0"></String>
          </TextLine>
          <TextLine ID="eSc_line_664abc36"
                    BASELINE="362 1715 1268 1723" 
                    HPOS="362.0"
                    VPOS="1715.0"
                    WIDTH="906.0"
                    HEIGHT="8.0">
	    <String CONTENT=""
                    HPOS="362.0"
                    VPOS="1715.0"
                    WIDTH="906.0"
                    HEIGHT="8.0"></String>
          </TextLine>
          <TextLine ID="eSc_line_80abddbf"
                    BASELINE="258 1819 885 1827" 
                    HPOS="258.0"
                    VPOS="1819.0"
                    WIDTH="627.0"
                    HEIGHT="8.0">
	    <String CONTENT=""
                    HPOS="258.0"
                    VPOS="1819.0"
                    WIDTH="627.0"
                    HEIGHT="8.0"></String>
          </TextLine>
          <TextLine ID="eSc_line_96605079"
                    BASELINE="366 1908 1032 1916" 
                    HPOS="366.0"
                    VPOS="1908.0"
                    WIDTH="666.0"
                    HEIGHT="8.0">
	    <String CONTENT=""
                    HPOS="366.0"
                    VPOS="1908.0"
                    WIDTH="666.0"
                    HEIGHT="8.0"></String>
          </TextLine>
          <TextLine ID="eSc_line_75304d70"
                    BASELINE="289 1980 888 1984" 
                    HPOS="289.0"
                    VPOS="1980.0"
                    WIDTH="599.0"
                    HEIGHT="4.0">
	    <String CONTENT=""
                    HPOS="289.0"
                    VPOS="1980.0"
                    WIDTH="599.0"
                    HEIGHT="4.0"></String>
          </TextLine>
        </TextBlock>
        <TextBlock HPOS="675"
                   VPOS="374"
                   WIDTH="112"
                   HEIGHT="62"
                   ID="region_1720167119837_668"
                   TAGREFS="BT3664">
          <Shape><Polygon POINTS="787 436 675 436 675 374 787 374"/></Shape>
          <TextLine ID="eSc_line_16d79198"
                    BASELINE="681 426 770 427" 
                    HPOS="681.0"
                    VPOS="426.0"
                    WIDTH="89.0"
                    HEIGHT="1.0">
	    <String CONTENT=""
                    HPOS="681.0"
                    VPOS="426.0"
                    WIDTH="89.0"
                    HEIGHT="1.0"></String>
          </TextLine>
        </TextBlock>
        <TextBlock HPOS="261.0"
                   VPOS="2163.0"
                   WIDTH="446.0"
                   HEIGHT="66.0"
                   ID="region_1724226844203_283"
                   TAGREFS="BT3666">
          <Shape><Polygon POINTS="707 2229 261 2229 261 2176 478 2163 707 2176"/></Shape>
          <TextLine ID="eSc_line_5341f8e6"
                    BASELINE="274 2228 699 2225" 
                    HPOS="274.0"
                    VPOS="2225.0"
                    WIDTH="425.0"
                    HEIGHT="3.0">
	    <String CONTENT=""
                    HPOS="274.0"
                    VPOS="2225.0"
                    WIDTH="425.0"
                    HEIGHT="3.0"></String>
          </TextLine>
        </TextBlock>
        <TextBlock HPOS="261.0"
                   VPOS="2246.0"
                   WIDTH="508.0"
                   HEIGHT="62.0"
                   ID="region_1720167162689_689"
                   TAGREFS="BT3666">
          <Shape><Polygon POINTS="769 2282 739 2308 261 2308 261 2246 739 2246"/></Shape>
          <TextLine ID="eSc_line_5e71079d"
                    BASELINE="274 2301 732 2300" 
                    HPOS="274.0"
                    VPOS="2300.0"
                    WIDTH="458.0"
                    HEIGHT="1.0">
	    <String CONTENT=""
                    HPOS="274.0"
                    VPOS="2300.0"
                    WIDTH="458.0"
                    HEIGHT="1.0"></String>
          </TextLine>
        </TextBlock>
        <TextBlock HPOS="263.0"
                   VPOS="2317.0"
                   WIDTH="412.0"
                   HEIGHT="69.0"
                   ID="region_1720167166200_692"
                   TAGREFS="BT3666">
          <Shape><Polygon POINTS="675 2346 647 2386 263 2386 263 2317 647 2317"/></Shape>
          <TextLine ID="eSc_line_b463c58c"
                    BASELINE="277 2374 639 2375" 
                    HPOS="277.0"
                    VPOS="2374.0"
                    WIDTH="362.0"
                    HEIGHT="1.0">
	    <String CONTENT=""
                    HPOS="277.0"
                    VPOS="2374.0"
                    WIDTH="362.0"
                    HEIGHT="1.0"></String>
          </TextLine>
        </TextBlock>
      </PrintSpace>
    </Page>
  </Layout>
</alto>
