<?xml version="1.0" encoding="UTF-8"?>
<alto xmlns:xsi="http://www.w3.org/2001/XMLSchema-instance"
      xmlns="http://www.loc.gov/standards/alto/ns-v4#"
      xsi:schemaLocation="http://www.loc.gov/standards/alto/ns-v4# http://www.loc.gov/standards/alto/v4/alto-4-2.xsd">
  <Description>
    <MeasurementUnit>pixel</MeasurementUnit>
    <sourceImageInformation>
      <fileName>1800,_Poetische_Werke,_Bohn,_Bd._1,_VD18_80461433_Seite_034_Bild_0001.jpg</fileName>
    </sourceImageInformation>
  </Description>
  <Tags>
    <OtherTag ID="BT1" LABEL="Title" DESCRIPTION="block type Title"/><OtherTag ID="BT2" LABEL="Main" DESCRIPTION="block type Main"/><OtherTag ID="BT3" LABEL="Commentary" DESCRIPTION="block type Commentary"/><OtherTag ID="BT4" LABEL="Illustration" DESCRIPTION="block type Illustration"/><OtherTag ID="BT3664" LABEL="paragraph" DESCRIPTION="block type paragraph"/><OtherTag ID="BT3665" LABEL="heading" DESCRIPTION="block type heading"/><OtherTag ID="BT3666" LABEL="footnote" DESCRIPTION="block type footnote"/>
    <OtherTag ID="LT2231" LABEL="default" DESCRIPTION="line type default"/>
  </Tags>
  <Layout>
    <Page WIDTH="1862"
          HEIGHT="2742"
          PHYSICAL_IMG_NR="1"
          ID="eSc_dummypage_">
      <PrintSpace HPOS="0"
                  VPOS="0"
                  WIDTH="1862"
                  HEIGHT="2742">
        <TextBlock HPOS="624.0"
                   VPOS="403.0"
                   WIDTH="1108.0"
                   HEIGHT="1954.0"
                   ID="region_1718802241629_192"
                   TAGREFS="BT3664">
          <Shape><Polygon POINTS="1732 2357 624 2357 625 417 1709 403"/></Shape>
          <TextLine ID="eSc_line_ad5ebdde"
                    BASELINE="687 466 1712 482" 
                    HPOS="687"
                    VPOS="466"
                    WIDTH="1025"
                    HEIGHT="16">
	    <String CONTENT=""
                    HPOS="687"
                    VPOS="466"
                    WIDTH="1025"
                    HEIGHT="16"></String>
          </TextLine>
          <TextLine ID="eSc_line_956d1226"
                    BASELINE="684 529 1706 542" 
                    HPOS="684"
                    VPOS="529"
                    WIDTH="1022"
                    HEIGHT="13">
	    <String CONTENT=""
                    HPOS="684"
                    VPOS="529"
                    WIDTH="1022"
                    HEIGHT="13"></String>
          </TextLine>
          <TextLine ID="eSc_line_94885994"
                    BASELINE="677 598 1712 604" 
                    HPOS="677"
                    VPOS="598"
                    WIDTH="1035"
                    HEIGHT="6">
	    <String CONTENT=""
                    HPOS="677"
                    VPOS="598"
                    WIDTH="1035"
                    HEIGHT="6"></String>
          </TextLine>
          <TextLine ID="eSc_line_56d5592e"
                    BASELINE="677 652 1709 661" 
                    HPOS="677"
                    VPOS="652"
                    WIDTH="1032"
                    HEIGHT="9">
	    <String CONTENT=""
                    HPOS="677"
                    VPOS="652"
                    WIDTH="1032"
                    HEIGHT="9"></String>
          </TextLine>
          <TextLine ID="eSc_line_02cad7e1"
                    BASELINE="680 715 1709 730" 
                    HPOS="680"
                    VPOS="715"
                    WIDTH="1029"
                    HEIGHT="15">
	    <String CONTENT=""
                    HPOS="680"
                    VPOS="715"
                    WIDTH="1029"
                    HEIGHT="15"></String>
          </TextLine>
          <TextLine ID="eSc_line_666b0245"
                    BASELINE="680 774 1712 781" 
                    HPOS="680"
                    VPOS="774"
                    WIDTH="1032"
                    HEIGHT="7">
	    <String CONTENT=""
                    HPOS="680"
                    VPOS="774"
                    WIDTH="1032"
                    HEIGHT="7"></String>
          </TextLine>
          <TextLine ID="eSc_line_ca1d52ff"
                    BASELINE="680 843 1709 850" 
                    HPOS="680"
                    VPOS="843"
                    WIDTH="1029"
                    HEIGHT="7">
	    <String CONTENT=""
                    HPOS="680"
                    VPOS="843"
                    WIDTH="1029"
                    HEIGHT="7"></String>
          </TextLine>
          <TextLine ID="eSc_line_91be0583"
                    BASELINE="677 903 1709 906" 
                    HPOS="677"
                    VPOS="903"
                    WIDTH="1032"
                    HEIGHT="3">
	    <String CONTENT=""
                    HPOS="677"
                    VPOS="903"
                    WIDTH="1032"
                    HEIGHT="3"></String>
          </TextLine>
          <TextLine ID="eSc_line_51b850bb"
                    BASELINE="680 963 1712 976" 
                    HPOS="680"
                    VPOS="963"
                    WIDTH="1032"
                    HEIGHT="13">
	    <String CONTENT=""
                    HPOS="680"
                    VPOS="963"
                    WIDTH="1032"
                    HEIGHT="13"></String>
          </TextLine>
          <TextLine ID="eSc_line_5735565c"
                    BASELINE="680 1020 1486 1032" 
                    HPOS="680"
                    VPOS="1020"
                    WIDTH="806"
                    HEIGHT="12">
	    <String CONTENT=""
                    HPOS="680"
                    VPOS="1020"
                    WIDTH="806"
                    HEIGHT="12"></String>
          </TextLine>
          <TextLine ID="eSc_line_fe556cd0"
                    BASELINE="762 1143 1714 1157" 
                    HPOS="762"
                    VPOS="1143"
                    WIDTH="952"
                    HEIGHT="14">
	    <String CONTENT=""
                    HPOS="762"
                    VPOS="1143"
                    WIDTH="952"
                    HEIGHT="14"></String>
          </TextLine>
          <TextLine ID="eSc_line_239980d2"
                    BASELINE="675 1206 1717 1220" 
                    HPOS="675"
                    VPOS="1206"
                    WIDTH="1042"
                    HEIGHT="14">
	    <String CONTENT=""
                    HPOS="675"
                    VPOS="1206"
                    WIDTH="1042"
                    HEIGHT="14"></String>
          </TextLine>
          <TextLine ID="eSc_line_ba4b9896"
                    BASELINE="668 1269 1717 1286" 
                    HPOS="668"
                    VPOS="1269"
                    WIDTH="1049"
                    HEIGHT="17">
	    <String CONTENT=""
                    HPOS="668"
                    VPOS="1269"
                    WIDTH="1049"
                    HEIGHT="17"></String>
          </TextLine>
          <TextLine ID="eSc_line_7109e81f"
                    BASELINE="668 1328 1710 1341" 
                    HPOS="668"
                    VPOS="1328"
                    WIDTH="1042"
                    HEIGHT="13">
	    <String CONTENT=""
                    HPOS="668"
                    VPOS="1328"
                    WIDTH="1042"
                    HEIGHT="13"></String>
          </TextLine>
          <TextLine ID="eSc_line_8ebcbaff"
                    BASELINE="672 1394 1710 1401" 
                    HPOS="672"
                    VPOS="1394"
                    WIDTH="1038"
                    HEIGHT="7">
	    <String CONTENT=""
                    HPOS="672"
                    VPOS="1394"
                    WIDTH="1038"
                    HEIGHT="7"></String>
          </TextLine>
          <TextLine ID="eSc_line_96149339"
                    BASELINE="672 1456 1710 1470" 
                    HPOS="672"
                    VPOS="1456"
                    WIDTH="1038"
                    HEIGHT="14">
	    <String CONTENT=""
                    HPOS="672"
                    VPOS="1456"
                    WIDTH="1038"
                    HEIGHT="14"></String>
          </TextLine>
          <TextLine ID="eSc_line_c2cd1aea"
                    BASELINE="672 1512 1710 1526" 
                    HPOS="672"
                    VPOS="1512"
                    WIDTH="1038"
                    HEIGHT="14">
	    <String CONTENT=""
                    HPOS="672"
                    VPOS="1512"
                    WIDTH="1038"
                    HEIGHT="14"></String>
          </TextLine>
          <TextLine ID="eSc_line_d939dc46"
                    BASELINE="668 1574 1710 1585" 
                    HPOS="668"
                    VPOS="1574"
                    WIDTH="1042"
                    HEIGHT="11">
	    <String CONTENT=""
                    HPOS="668"
                    VPOS="1574"
                    WIDTH="1042"
                    HEIGHT="11"></String>
          </TextLine>
          <TextLine ID="eSc_line_cb34e63c"
                    BASELINE="665 1639 1703 1655" 
                    HPOS="665"
                    VPOS="1639"
                    WIDTH="1038"
                    HEIGHT="16">
	    <String CONTENT=""
                    HPOS="665"
                    VPOS="1639"
                    WIDTH="1038"
                    HEIGHT="16"></String>
          </TextLine>
          <TextLine ID="eSc_line_f2835b58"
                    BASELINE="662 1702 1699 1708" 
                    HPOS="662"
                    VPOS="1702"
                    WIDTH="1037"
                    HEIGHT="6">
	    <String CONTENT=""
                    HPOS="662"
                    VPOS="1702"
                    WIDTH="1037"
                    HEIGHT="6"></String>
          </TextLine>
          <TextLine ID="eSc_line_e576f377"
                    BASELINE="665 1765 1699 1774" 
                    HPOS="665"
                    VPOS="1765"
                    WIDTH="1034"
                    HEIGHT="9">
	    <String CONTENT=""
                    HPOS="665"
                    VPOS="1765"
                    WIDTH="1034"
                    HEIGHT="9"></String>
          </TextLine>
          <TextLine ID="eSc_line_2002c777"
                    BASELINE="662 1828 1696 1834" 
                    HPOS="662"
                    VPOS="1828"
                    WIDTH="1034"
                    HEIGHT="6">
	    <String CONTENT=""
                    HPOS="662"
                    VPOS="1828"
                    WIDTH="1034"
                    HEIGHT="6"></String>
          </TextLine>
          <TextLine ID="eSc_line_99515b28"
                    BASELINE="658 1885 1699 1891" 
                    HPOS="658"
                    VPOS="1885"
                    WIDTH="1041"
                    HEIGHT="6">
	    <String CONTENT=""
                    HPOS="658"
                    VPOS="1885"
                    WIDTH="1041"
                    HEIGHT="6"></String>
          </TextLine>
          <TextLine ID="eSc_line_e4b224bd"
                    BASELINE="662 1944 1693 1951" 
                    HPOS="662"
                    VPOS="1944"
                    WIDTH="1031"
                    HEIGHT="7">
	    <String CONTENT=""
                    HPOS="662"
                    VPOS="1944"
                    WIDTH="1031"
                    HEIGHT="7"></String>
          </TextLine>
          <TextLine ID="eSc_line_45ce91ff"
                    BASELINE="655 2004 860 2004" 
                    HPOS="655"
                    VPOS="2004"
                    WIDTH="205"
                    HEIGHT="0">
	    <String CONTENT=""
                    HPOS="655"
                    VPOS="2004"
                    WIDTH="205"
                    HEIGHT="0"></String>
          </TextLine>
          <TextLine ID="eSc_line_677520f1"
                    BASELINE="752 2084 1475 2091" 
                    HPOS="752"
                    VPOS="2084"
                    WIDTH="723"
                    HEIGHT="7">
	    <String CONTENT=""
                    HPOS="752"
                    VPOS="2084"
                    WIDTH="723"
                    HEIGHT="7"></String>
          </TextLine>
          <TextLine ID="eSc_line_8f8620fe"
                    BASELINE="760 2138 1449 2143" 
                    HPOS="760"
                    VPOS="2138"
                    WIDTH="689"
                    HEIGHT="5">
	    <String CONTENT=""
                    HPOS="760"
                    VPOS="2138"
                    WIDTH="689"
                    HEIGHT="5"></String>
          </TextLine>
          <TextLine ID="eSc_line_6041fb4d"
                    BASELINE="757 2189 1582 2195" 
                    HPOS="757"
                    VPOS="2189"
                    WIDTH="825"
                    HEIGHT="6">
	    <String CONTENT=""
                    HPOS="757"
                    VPOS="2189"
                    WIDTH="825"
                    HEIGHT="6"></String>
          </TextLine>
          <TextLine ID="eSc_line_504b966f"
                    BASELINE="756 2246 1357 2249" 
                    HPOS="756"
                    VPOS="2246"
                    WIDTH="601"
                    HEIGHT="3">
	    <String CONTENT=""
                    HPOS="756"
                    VPOS="2246"
                    WIDTH="601"
                    HEIGHT="3"></String>
          </TextLine>
          <TextLine ID="eSc_line_8f2b6052"
                    BASELINE="1143 2309 1690 2312" 
                    HPOS="1143"
                    VPOS="2309"
                    WIDTH="547"
                    HEIGHT="3">
	    <String CONTENT=""
                    HPOS="1143"
                    VPOS="2309"
                    WIDTH="547"
                    HEIGHT="3"></String>
          </TextLine>
        </TextBlock>
        <TextBlock HPOS="1044"
                   VPOS="320"
                   WIDTH="346"
                   HEIGHT="79"
                   ID="region_1718802223017_186"
                   TAGREFS="BT3664">
          <Shape><Polygon POINTS="1322 399 1044 399 1044 321 1390 320"/></Shape>
          <TextLine ID="eSc_line_a6f35314"
                    BASELINE="1096 382 1290 382" 
                    HPOS="1096"
                    VPOS="382"
                    WIDTH="194"
                    HEIGHT="0">
	    <String CONTENT=""
                    HPOS="1096"
                    VPOS="382"
                    WIDTH="194"
                    HEIGHT="0"></String>
          </TextLine>
        </TextBlock>
      </PrintSpace>
    </Page>
  </Layout>
</alto>
