<?xml version="1.0" encoding="UTF-8"?>
<alto xmlns:xsi="http://www.w3.org/2001/XMLSchema-instance"
      xmlns="http://www.loc.gov/standards/alto/ns-v4#"
      xsi:schemaLocation="http://www.loc.gov/standards/alto/ns-v4# http://www.loc.gov/standards/alto/v4/alto-4-2.xsd">
  <Description>
    <MeasurementUnit>pixel</MeasurementUnit>
    <sourceImageInformation>
      <fileName>1800,_Poetische_Werke,_Bohn,_Bd._3,_VD18_8046145X_Seite_055_Bild_0001.jpg</fileName>
    </sourceImageInformation>
  </Description>
  <Tags>
    <OtherTag ID="BT1" LABEL="Title" DESCRIPTION="block type Title"/><OtherTag ID="BT2" LABEL="Main" DESCRIPTION="block type Main"/><OtherTag ID="BT3" LABEL="Commentary" DESCRIPTION="block type Commentary"/><OtherTag ID="BT4" LABEL="Illustration" DESCRIPTION="block type Illustration"/><OtherTag ID="BT3664" LABEL="paragraph" DESCRIPTION="block type paragraph"/><OtherTag ID="BT3665" LABEL="heading" DESCRIPTION="block type heading"/><OtherTag ID="BT3666" LABEL="footnote" DESCRIPTION="block type footnote"/>
    <OtherTag ID="LT2231" LABEL="default" DESCRIPTION="line type default"/>
  </Tags>
  <Layout>
    <Page WIDTH="1769"
          HEIGHT="2776"
          PHYSICAL_IMG_NR="14"
          ID="eSc_dummypage_">
      <PrintSpace HPOS="0"
                  VPOS="0"
                  WIDTH="1769"
                  HEIGHT="2776">
        <TextBlock HPOS="186.0"
                   VPOS="484.0"
                   WIDTH="1133.0"
                   HEIGHT="171.0"
                   ID="region_1724840555738_627"
                   TAGREFS="BT3665">
          <Shape><Polygon POINTS="1319 655 233 653 186 484 1272 486"/></Shape>
          <TextLine ID="eSc_line_1f9b238b"
                    BASELINE="225 583 1275 583" 
                    HPOS="225.0"
                    VPOS="583.0"
                    WIDTH="1050.0"
                    HEIGHT="0.0">
	    <String CONTENT=""
                    HPOS="225.0"
                    VPOS="583.0"
                    WIDTH="1050.0"
                    HEIGHT="0.0"></String>
          </TextLine>
          <TextLine ID="eSc_line_edc3cdad"
                    BASELINE="548 649 953 651" 
                    HPOS="548.0"
                    VPOS="649.0"
                    WIDTH="405.0"
                    HEIGHT="2.0">
	    <String CONTENT=""
                    HPOS="548.0"
                    VPOS="649.0"
                    WIDTH="405.0"
                    HEIGHT="2.0"></String>
          </TextLine>
        </TextBlock>
        <TextBlock HPOS="206.0"
                   VPOS="663.0"
                   WIDTH="1145.0"
                   HEIGHT="1119.0"
                   ID="region_1724840570462_635"
                   TAGREFS="BT3664">
          <Shape><Polygon POINTS="1351 1781 206 1782 206 663 1332 663"/></Shape>
          <TextLine ID="eSc_line_f0254721"
                    BASELINE="215 740 844 741" 
                    HPOS="215.0"
                    VPOS="740.0"
                    WIDTH="629.0"
                    HEIGHT="1.0">
	    <String CONTENT=""
                    HPOS="215.0"
                    VPOS="740.0"
                    WIDTH="629.0"
                    HEIGHT="1.0"></String>
          </TextLine>
          <TextLine ID="eSc_line_aa64baf9"
                    BASELINE="213 796 1272 806" 
                    HPOS="213.0"
                    VPOS="796.0"
                    WIDTH="1059.0"
                    HEIGHT="10.0">
	    <String CONTENT=""
                    HPOS="213.0"
                    VPOS="796.0"
                    WIDTH="1059.0"
                    HEIGHT="10.0"></String>
          </TextLine>
          <TextLine ID="eSc_line_81767fa3"
                    BASELINE="217 854 770 861" 
                    HPOS="217.0"
                    VPOS="854.0"
                    WIDTH="553.0"
                    HEIGHT="7.0">
	    <String CONTENT=""
                    HPOS="217.0"
                    VPOS="854.0"
                    WIDTH="553.0"
                    HEIGHT="7.0"></String>
          </TextLine>
          <TextLine ID="eSc_line_5bfd1c00"
                    BASELINE="215 915 1278 933" 
                    HPOS="215.0"
                    VPOS="915.0"
                    WIDTH="1063.0"
                    HEIGHT="18.0">
	    <String CONTENT=""
                    HPOS="215.0"
                    VPOS="915.0"
                    WIDTH="1063.0"
                    HEIGHT="18.0"></String>
          </TextLine>
          <TextLine ID="eSc_line_4a213780"
                    BASELINE="215 973 884 977" 
                    HPOS="215.0"
                    VPOS="973.0"
                    WIDTH="669.0"
                    HEIGHT="4.0">
	    <String CONTENT=""
                    HPOS="215.0"
                    VPOS="973.0"
                    WIDTH="669.0"
                    HEIGHT="4.0"></String>
          </TextLine>
          <TextLine ID="eSc_line_da45623c"
                    BASELINE="218 1034 893 1044" 
                    HPOS="218.0"
                    VPOS="1034.0"
                    WIDTH="675.0"
                    HEIGHT="10.0">
	    <String CONTENT=""
                    HPOS="218.0"
                    VPOS="1034.0"
                    WIDTH="675.0"
                    HEIGHT="10.0"></String>
          </TextLine>
          <TextLine ID="eSc_line_d04c16ac"
                    BASELINE="217 1094 1018 1108" 
                    HPOS="217.0"
                    VPOS="1094.0"
                    WIDTH="801.0"
                    HEIGHT="14.0">
	    <String CONTENT=""
                    HPOS="217.0"
                    VPOS="1094.0"
                    WIDTH="801.0"
                    HEIGHT="14.0"></String>
          </TextLine>
          <TextLine ID="eSc_line_b35fb0eb"
                    BASELINE="214 1165 865 1169" 
                    HPOS="214.0"
                    VPOS="1165.0"
                    WIDTH="651.0"
                    HEIGHT="4.0">
	    <String CONTENT=""
                    HPOS="214.0"
                    VPOS="1165.0"
                    WIDTH="651.0"
                    HEIGHT="4.0"></String>
          </TextLine>
          <TextLine ID="eSc_line_036fed85"
                    BASELINE="215 1225 1097 1236" 
                    HPOS="215.0"
                    VPOS="1225.0"
                    WIDTH="882.0"
                    HEIGHT="11.0">
	    <String CONTENT=""
                    HPOS="215.0"
                    VPOS="1225.0"
                    WIDTH="882.0"
                    HEIGHT="11.0"></String>
          </TextLine>
          <TextLine ID="eSc_line_8d1b18d2"
                    BASELINE="213 1289 1211 1296" 
                    HPOS="213.0"
                    VPOS="1289.0"
                    WIDTH="998.0"
                    HEIGHT="7.0">
	    <String CONTENT=""
                    HPOS="213.0"
                    VPOS="1289.0"
                    WIDTH="998.0"
                    HEIGHT="7.0"></String>
          </TextLine>
          <TextLine ID="eSc_line_498ea1c3"
                    BASELINE="210 1354 732 1361" 
                    HPOS="210.0"
                    VPOS="1354.0"
                    WIDTH="522.0"
                    HEIGHT="7.0">
	    <String CONTENT=""
                    HPOS="210.0"
                    VPOS="1354.0"
                    WIDTH="522.0"
                    HEIGHT="7.0"></String>
          </TextLine>
          <TextLine ID="eSc_line_1ffde81c"
                    BASELINE="272 1476 895 1470" 
                    HPOS="272.0"
                    VPOS="1470.0"
                    WIDTH="623.0"
                    HEIGHT="6.0">
	    <String CONTENT=""
                    HPOS="272.0"
                    VPOS="1470.0"
                    WIDTH="623.0"
                    HEIGHT="6.0"></String>
          </TextLine>
          <TextLine ID="eSc_line_0cb5e345"
                    BASELINE="214 1523 759 1524" 
                    HPOS="214.0"
                    VPOS="1523.0"
                    WIDTH="545.0"
                    HEIGHT="1.0">
	    <String CONTENT=""
                    HPOS="214.0"
                    VPOS="1523.0"
                    WIDTH="545.0"
                    HEIGHT="1.0"></String>
          </TextLine>
          <TextLine ID="eSc_line_31cb393a"
                    BASELINE="217 1585 1026 1596" 
                    HPOS="217.0"
                    VPOS="1585.0"
                    WIDTH="809.0"
                    HEIGHT="11.0">
	    <String CONTENT=""
                    HPOS="217.0"
                    VPOS="1585.0"
                    WIDTH="809.0"
                    HEIGHT="11.0"></String>
          </TextLine>
          <TextLine ID="eSc_line_cb7a869c"
                    BASELINE="225 1657 1253 1659" 
                    HPOS="225.0"
                    VPOS="1657.0"
                    WIDTH="1028.0"
                    HEIGHT="2.0">
	    <String CONTENT=""
                    HPOS="225.0"
                    VPOS="1657.0"
                    WIDTH="1028.0"
                    HEIGHT="2.0"></String>
          </TextLine>
          <TextLine ID="eSc_line_491c63c9"
                    BASELINE="218 1717 1092 1717" 
                    HPOS="218.0"
                    VPOS="1717.0"
                    WIDTH="874.0"
                    HEIGHT="0.0">
	    <String CONTENT=""
                    HPOS="218.0"
                    VPOS="1717.0"
                    WIDTH="874.0"
                    HEIGHT="0.0"></String>
          </TextLine>
        </TextBlock>
        <TextBlock HPOS="247.0"
                   VPOS="1882.0"
                   WIDTH="987.0"
                   HEIGHT="573.0"
                   ID="region_1724840577626_638"
                   TAGREFS="BT3664">
          <Shape><Polygon POINTS="1200 2455 247 2455 247 1882 1234 1883"/></Shape>
          <TextLine ID="eSc_line_ee620180"
                    BASELINE="294 1964 847 1972" 
                    HPOS="294.0"
                    VPOS="1964.0"
                    WIDTH="553.0"
                    HEIGHT="8.0">
	    <String CONTENT=""
                    HPOS="294.0"
                    VPOS="1964.0"
                    WIDTH="553.0"
                    HEIGHT="8.0"></String>
          </TextLine>
          <TextLine ID="eSc_line_8e8d3f70"
                    BASELINE="351 2030 1061 2034" 
                    HPOS="351.0"
                    VPOS="2030.0"
                    WIDTH="710.0"
                    HEIGHT="4.0">
	    <String CONTENT=""
                    HPOS="351.0"
                    VPOS="2030.0"
                    WIDTH="710.0"
                    HEIGHT="4.0"></String>
          </TextLine>
          <TextLine ID="eSc_line_d4d2415f"
                    BASELINE="293 2086 769 2093" 
                    HPOS="293.0"
                    VPOS="2086.0"
                    WIDTH="476.0"
                    HEIGHT="7.0">
	    <String CONTENT=""
                    HPOS="293.0"
                    VPOS="2086.0"
                    WIDTH="476.0"
                    HEIGHT="7.0"></String>
          </TextLine>
          <TextLine ID="eSc_line_9cda6634"
                    BASELINE="346 2149 981 2153" 
                    HPOS="346.0"
                    VPOS="2149.0"
                    WIDTH="635.0"
                    HEIGHT="4.0">
	    <String CONTENT=""
                    HPOS="346.0"
                    VPOS="2149.0"
                    WIDTH="635.0"
                    HEIGHT="4.0"></String>
          </TextLine>
          <TextLine ID="eSc_line_9bbf0964"
                    BASELINE="300 2212 812 2220" 
                    HPOS="300.0"
                    VPOS="2212.0"
                    WIDTH="512.0"
                    HEIGHT="8.0">
	    <String CONTENT=""
                    HPOS="300.0"
                    VPOS="2212.0"
                    WIDTH="512.0"
                    HEIGHT="8.0"></String>
          </TextLine>
          <TextLine ID="eSc_line_130a5d29"
                    BASELINE="330 2278 1134 2279" 
                    HPOS="330.0"
                    VPOS="2278.0"
                    WIDTH="804.0"
                    HEIGHT="1.0">
	    <String CONTENT=""
                    HPOS="330.0"
                    VPOS="2278.0"
                    WIDTH="804.0"
                    HEIGHT="1.0"></String>
          </TextLine>
          <TextLine ID="eSc_line_3f24f723"
                    BASELINE="302 2336 979 2337" 
                    HPOS="302.0"
                    VPOS="2336.0"
                    WIDTH="677.0"
                    HEIGHT="1.0">
	    <String CONTENT=""
                    HPOS="302.0"
                    VPOS="2336.0"
                    WIDTH="677.0"
                    HEIGHT="1.0"></String>
          </TextLine>
          <TextLine ID="eSc_line_671d54cf"
                    BASELINE="340 2397 1005 2407" 
                    HPOS="340.0"
                    VPOS="2397.0"
                    WIDTH="665.0"
                    HEIGHT="10.0">
	    <String CONTENT=""
                    HPOS="340.0"
                    VPOS="2397.0"
                    WIDTH="665.0"
                    HEIGHT="10.0"></String>
          </TextLine>
        </TextBlock>
        <TextBlock HPOS="694"
                   VPOS="429"
                   WIDTH="84"
                   HEIGHT="49"
                   ID="region_1724840551714_624"
                   TAGREFS="BT3664">
          <Shape><Polygon POINTS="778 470 694 478 698 429 775 429"/></Shape>
        </TextBlock>
        <TextBlock ID="eSc_dummyblock_">
          <TextLine ID="eSc_line_227965eb"
                    BASELINE="697 479 783 470" 
                    HPOS="697.0"
                    VPOS="470.0"
                    WIDTH="86.0"
                    HEIGHT="9.0">
	    <String CONTENT=""
                    HPOS="697.0"
                    VPOS="470.0"
                    WIDTH="86.0"
                    HEIGHT="9.0"></String>
          </TextLine>
        </TextBlock>
      </PrintSpace>
    </Page>
  </Layout>
</alto>
