<?xml version="1.0" encoding="UTF-8"?>
<alto xmlns:xsi="http://www.w3.org/2001/XMLSchema-instance"
      xmlns="http://www.loc.gov/standards/alto/ns-v4#"
      xsi:schemaLocation="http://www.loc.gov/standards/alto/ns-v4# http://www.loc.gov/standards/alto/v4/alto-4-2.xsd">
  <Description>
    <MeasurementUnit>pixel</MeasurementUnit>
    <sourceImageInformation>
      <fileName>1800,_Poetische_Werke,_Bohn,_Bd._4,_VD18_80461468_Seite_152_Bild_0001.jpg</fileName>
    </sourceImageInformation>
  </Description>
  <Tags>
    <OtherTag ID="BT1" LABEL="Title" DESCRIPTION="block type Title"/><OtherTag ID="BT2" LABEL="Main" DESCRIPTION="block type Main"/><OtherTag ID="BT3" LABEL="Commentary" DESCRIPTION="block type Commentary"/><OtherTag ID="BT4" LABEL="Illustration" DESCRIPTION="block type Illustration"/><OtherTag ID="BT3664" LABEL="paragraph" DESCRIPTION="block type paragraph"/><OtherTag ID="BT3665" LABEL="heading" DESCRIPTION="block type heading"/><OtherTag ID="BT3666" LABEL="footnote" DESCRIPTION="block type footnote"/>
    <OtherTag ID="LT2231" LABEL="default" DESCRIPTION="line type default"/>
  </Tags>
  <Layout>
    <Page WIDTH="1834"
          HEIGHT="2744"
          PHYSICAL_IMG_NR="11"
          ID="eSc_dummypage_">
      <PrintSpace HPOS="0"
                  VPOS="0"
                  WIDTH="1834"
                  HEIGHT="2744">
        <TextBlock HPOS="496.0"
                   VPOS="450.0"
                   WIDTH="1124.0"
                   HEIGHT="1801.0"
                   ID="region_1720165872854_361"
                   TAGREFS="BT3664">
          <Shape><Polygon POINTS="1620 2251 496 2236 506 450 1599 465"/></Shape>
          <TextLine ID="eSc_line_e06d5337"
                    BASELINE="1048 495 1145 500" 
                    HPOS="1048.0"
                    VPOS="495.0"
                    WIDTH="97.0"
                    HEIGHT="5.0">
	    <String CONTENT=""
                    HPOS="1048.0"
                    VPOS="495.0"
                    WIDTH="97.0"
                    HEIGHT="5.0"></String>
          </TextLine>
          <TextLine ID="eSc_line_35e5e5f0"
                    BASELINE="692 587 1542 585" 
                    HPOS="692.0"
                    VPOS="585.0"
                    WIDTH="850.0"
                    HEIGHT="2.0">
	    <String CONTENT=""
                    HPOS="692.0"
                    VPOS="585.0"
                    WIDTH="850.0"
                    HEIGHT="2.0"></String>
          </TextLine>
          <TextLine ID="eSc_line_f9984007"
                    BASELINE="698 643 1234 648" 
                    HPOS="698.0"
                    VPOS="643.0"
                    WIDTH="536.0"
                    HEIGHT="5.0">
	    <String CONTENT=""
                    HPOS="698.0"
                    VPOS="643.0"
                    WIDTH="536.0"
                    HEIGHT="5.0"></String>
          </TextLine>
          <TextLine ID="eSc_line_777a34f0"
                    BASELINE="683 704 1219 707" 
                    HPOS="683.0"
                    VPOS="704.0"
                    WIDTH="536.0"
                    HEIGHT="3.0">
	    <String CONTENT=""
                    HPOS="683.0"
                    VPOS="704.0"
                    WIDTH="536.0"
                    HEIGHT="3.0"></String>
          </TextLine>
          <TextLine ID="eSc_line_fc7d1b41"
                    BASELINE="1048 795 1112 798" 
                    HPOS="1048.0"
                    VPOS="795.0"
                    WIDTH="64.0"
                    HEIGHT="3.0">
	    <String CONTENT=""
                    HPOS="1048.0"
                    VPOS="795.0"
                    WIDTH="64.0"
                    HEIGHT="3.0"></String>
          </TextLine>
          <TextLine ID="eSc_line_b3417212"
                    BASELINE="591 873 1525 873" 
                    HPOS="591.0"
                    VPOS="873.0"
                    WIDTH="934.0"
                    HEIGHT="0.0">
	    <String CONTENT=""
                    HPOS="591.0"
                    VPOS="873.0"
                    WIDTH="934.0"
                    HEIGHT="0.0"></String>
          </TextLine>
          <TextLine ID="eSc_line_0e0784e8"
                    BASELINE="560 936 1599 938" 
                    HPOS="560.0"
                    VPOS="936.0"
                    WIDTH="1039.0"
                    HEIGHT="2.0">
	    <String CONTENT=""
                    HPOS="560.0"
                    VPOS="936.0"
                    WIDTH="1039.0"
                    HEIGHT="2.0"></String>
          </TextLine>
          <TextLine ID="eSc_line_accd5750"
                    BASELINE="1045 1038 1120 1036" 
                    HPOS="1045.0"
                    VPOS="1036.0"
                    WIDTH="75.0"
                    HEIGHT="2.0">
	    <String CONTENT=""
                    HPOS="1045.0"
                    VPOS="1036.0"
                    WIDTH="75.0"
                    HEIGHT="2.0"></String>
          </TextLine>
          <TextLine ID="eSc_line_1b311798"
                    BASELINE="809 1101 1225 1100" 
                    HPOS="809.0"
                    VPOS="1100.0"
                    WIDTH="416.0"
                    HEIGHT="1.0">
	    <String CONTENT=""
                    HPOS="809.0"
                    VPOS="1100.0"
                    WIDTH="416.0"
                    HEIGHT="1.0"></String>
          </TextLine>
          <TextLine ID="eSc_line_8c7d7100"
                    BASELINE="805 1164 1190 1159" 
                    HPOS="805.0"
                    VPOS="1159.0"
                    WIDTH="385.0"
                    HEIGHT="5.0">
	    <String CONTENT=""
                    HPOS="805.0"
                    VPOS="1159.0"
                    WIDTH="385.0"
                    HEIGHT="5.0"></String>
          </TextLine>
          <TextLine ID="eSc_line_e5118714"
                    BASELINE="813 1222 1233 1222" 
                    HPOS="813.0"
                    VPOS="1222.0"
                    WIDTH="420.0"
                    HEIGHT="0.0">
	    <String CONTENT=""
                    HPOS="813.0"
                    VPOS="1222.0"
                    WIDTH="420.0"
                    HEIGHT="0.0"></String>
          </TextLine>
          <TextLine ID="eSc_line_ed0bc4c0"
                    BASELINE="1053 1327 1132 1330" 
                    HPOS="1053.0"
                    VPOS="1327.0"
                    WIDTH="79.0"
                    HEIGHT="3.0">
	    <String CONTENT=""
                    HPOS="1053.0"
                    VPOS="1327.0"
                    WIDTH="79.0"
                    HEIGHT="3.0"></String>
          </TextLine>
          <TextLine ID="eSc_line_c8761861"
                    BASELINE="818 1391 1292 1394" 
                    HPOS="818.0"
                    VPOS="1391.0"
                    WIDTH="474.0"
                    HEIGHT="3.0">
	    <String CONTENT=""
                    HPOS="818.0"
                    VPOS="1391.0"
                    WIDTH="474.0"
                    HEIGHT="3.0"></String>
          </TextLine>
          <TextLine ID="eSc_line_233b353e"
                    BASELINE="807 1463 1304 1448" 
                    HPOS="807.0"
                    VPOS="1448.0"
                    WIDTH="497.0"
                    HEIGHT="15.0">
	    <String CONTENT=""
                    HPOS="807.0"
                    VPOS="1448.0"
                    WIDTH="497.0"
                    HEIGHT="15.0"></String>
          </TextLine>
          <TextLine ID="eSc_line_f78e6b73"
                    BASELINE="1053 1548 1124 1547" 
                    HPOS="1053.0"
                    VPOS="1547.0"
                    WIDTH="71.0"
                    HEIGHT="1.0">
	    <String CONTENT=""
                    HPOS="1053.0"
                    VPOS="1547.0"
                    WIDTH="71.0"
                    HEIGHT="1.0"></String>
          </TextLine>
          <TextLine ID="eSc_line_caff76f1"
                    BASELINE="760 1626 1410 1616" 
                    HPOS="760.0"
                    VPOS="1616.0"
                    WIDTH="650.0"
                    HEIGHT="10.0">
	    <String CONTENT=""
                    HPOS="760.0"
                    VPOS="1616.0"
                    WIDTH="650.0"
                    HEIGHT="10.0"></String>
          </TextLine>
          <TextLine ID="eSc_line_221462b8"
                    BASELINE="756 1690 1468 1686" 
                    HPOS="756.0"
                    VPOS="1686.0"
                    WIDTH="712.0"
                    HEIGHT="4.0">
	    <String CONTENT=""
                    HPOS="756.0"
                    VPOS="1686.0"
                    WIDTH="712.0"
                    HEIGHT="4.0"></String>
          </TextLine>
          <TextLine ID="eSc_line_cdbd7fcd"
                    BASELINE="1048 1782 1108 1786" 
                    HPOS="1048.0"
                    VPOS="1782.0"
                    WIDTH="60.0"
                    HEIGHT="4.0">
	    <String CONTENT=""
                    HPOS="1048.0"
                    VPOS="1782.0"
                    WIDTH="60.0"
                    HEIGHT="4.0"></String>
          </TextLine>
          <TextLine ID="eSc_line_0f305fe7"
                    BASELINE="714 1843 1416 1845" 
                    HPOS="714.0"
                    VPOS="1843.0"
                    WIDTH="702.0"
                    HEIGHT="2.0">
	    <String CONTENT=""
                    HPOS="714.0"
                    VPOS="1843.0"
                    WIDTH="702.0"
                    HEIGHT="2.0"></String>
          </TextLine>
          <TextLine ID="eSc_line_9f9fd8d2"
                    BASELINE="711 1906 1343 1900" 
                    HPOS="711.0"
                    VPOS="1900.0"
                    WIDTH="632.0"
                    HEIGHT="6.0">
	    <String CONTENT=""
                    HPOS="711.0"
                    VPOS="1900.0"
                    WIDTH="632.0"
                    HEIGHT="6.0"></String>
          </TextLine>
          <TextLine ID="eSc_line_41075e47"
                    BASELINE="1041 2001 1107 2003" 
                    HPOS="1041.0"
                    VPOS="2001.0"
                    WIDTH="66.0"
                    HEIGHT="2.0">
	    <String CONTENT=""
                    HPOS="1041.0"
                    VPOS="2001.0"
                    WIDTH="66.0"
                    HEIGHT="2.0"></String>
          </TextLine>
          <TextLine ID="eSc_line_ffd03e5c"
                    BASELINE="693 2068 1321 2072" 
                    HPOS="693.0"
                    VPOS="2068.0"
                    WIDTH="628.0"
                    HEIGHT="4.0">
	    <String CONTENT=""
                    HPOS="693.0"
                    VPOS="2068.0"
                    WIDTH="628.0"
                    HEIGHT="4.0"></String>
          </TextLine>
          <TextLine ID="eSc_line_ecc0eb73"
                    BASELINE="686 2136 1348 2128" 
                    HPOS="686.0"
                    VPOS="2128.0"
                    WIDTH="662.0"
                    HEIGHT="8.0">
	    <String CONTENT=""
                    HPOS="686.0"
                    VPOS="2128.0"
                    WIDTH="662.0"
                    HEIGHT="8.0"></String>
          </TextLine>
          <TextLine ID="eSc_line_98538b54"
                    BASELINE="695 2192 1375 2187" 
                    HPOS="695.0"
                    VPOS="2187.0"
                    WIDTH="680.0"
                    HEIGHT="5.0">
	    <String CONTENT=""
                    HPOS="695.0"
                    VPOS="2187.0"
                    WIDTH="680.0"
                    HEIGHT="5.0"></String>
          </TextLine>
        </TextBlock>
        <TextBlock HPOS="1029"
                   VPOS="345"
                   WIDTH="156"
                   HEIGHT="90"
                   ID="region_1720165866806_358"
                   TAGREFS="BT3664">
          <Shape><Polygon POINTS="1185 422 1029 435 1029 345 1169 345"/></Shape>
          <TextLine ID="eSc_line_868df7de"
                    BASELINE="1042 409 1154 411" 
                    HPOS="1042.0"
                    VPOS="409.0"
                    WIDTH="112.0"
                    HEIGHT="2.0">
	    <String CONTENT=""
                    HPOS="1042.0"
                    VPOS="409.0"
                    WIDTH="112.0"
                    HEIGHT="2.0"></String>
          </TextLine>
        </TextBlock>
        <TextBlock ID="eSc_dummyblock_">
          <TextLine ID="eSc_line_7ef55aab"
                    BASELINE="700 2244 1388 2245" 
                    HPOS="700.0"
                    VPOS="2244.0"
                    WIDTH="688.0"
                    HEIGHT="1.0">
	    <String CONTENT=""
                    HPOS="700.0"
                    VPOS="2244.0"
                    WIDTH="688.0"
                    HEIGHT="1.0"></String>
          </TextLine>
        </TextBlock>
      </PrintSpace>
    </Page>
  </Layout>
</alto>
