<?xml version="1.0" encoding="UTF-8"?>
<alto xmlns:xsi="http://www.w3.org/2001/XMLSchema-instance"
      xmlns="http://www.loc.gov/standards/alto/ns-v4#"
      xsi:schemaLocation="http://www.loc.gov/standards/alto/ns-v4# http://www.loc.gov/standards/alto/v4/alto-4-2.xsd">
  <Description>
    <MeasurementUnit>pixel</MeasurementUnit>
    <sourceImageInformation>
      <fileName>1800,_Poetische_Werke,_Bohn,_Bd._3,_VD18_8046145X_Seite_012_Bild_0001.jpg</fileName>
    </sourceImageInformation>
  </Description>
  <Tags>
    <OtherTag ID="BT1" LABEL="Title" DESCRIPTION="block type Title"/><OtherTag ID="BT2" LABEL="Main" DESCRIPTION="block type Main"/><OtherTag ID="BT3" LABEL="Commentary" DESCRIPTION="block type Commentary"/><OtherTag ID="BT4" LABEL="Illustration" DESCRIPTION="block type Illustration"/><OtherTag ID="BT3664" LABEL="paragraph" DESCRIPTION="block type paragraph"/><OtherTag ID="BT3665" LABEL="heading" DESCRIPTION="block type heading"/><OtherTag ID="BT3666" LABEL="footnote" DESCRIPTION="block type footnote"/>
    <OtherTag ID="LT2231" LABEL="default" DESCRIPTION="line type default"/>
  </Tags>
  <Layout>
    <Page WIDTH="1769"
          HEIGHT="2776"
          PHYSICAL_IMG_NR="13"
          ID="eSc_dummypage_">
      <PrintSpace HPOS="0"
                  VPOS="0"
                  WIDTH="1769"
                  HEIGHT="2776">
        <TextBlock HPOS="476.0"
                   VPOS="459.0"
                   WIDTH="1153.0"
                   HEIGHT="1579.0"
                   ID="region_1724840365186_599"
                   TAGREFS="BT3664">
          <Shape><Polygon POINTS="1629 2005 476 2038 496 459 1580 459"/></Shape>
          <TextLine ID="eSc_line_096bc3e0"
                    BASELINE="514 529 1578 563" 
                    HPOS="514.0"
                    VPOS="529.0"
                    WIDTH="1064.0"
                    HEIGHT="34.0">
	    <String CONTENT=""
                    HPOS="514.0"
                    VPOS="529.0"
                    WIDTH="1064.0"
                    HEIGHT="34.0"></String>
          </TextLine>
          <TextLine ID="eSc_line_59cc8600"
                    BASELINE="516 603 1575 646" 
                    HPOS="516.0"
                    VPOS="603.0"
                    WIDTH="1059.0"
                    HEIGHT="43.0">
	    <String CONTENT=""
                    HPOS="516.0"
                    VPOS="603.0"
                    WIDTH="1059.0"
                    HEIGHT="43.0"></String>
          </TextLine>
          <TextLine ID="eSc_line_ba84eabc"
                    BASELINE="518 674 1581 706" 
                    HPOS="518.0"
                    VPOS="674.0"
                    WIDTH="1063.0"
                    HEIGHT="32.0">
	    <String CONTENT=""
                    HPOS="518.0"
                    VPOS="674.0"
                    WIDTH="1063.0"
                    HEIGHT="32.0"></String>
          </TextLine>
          <TextLine ID="eSc_line_802596f0"
                    BASELINE="519 744 1585 781" 
                    HPOS="519.0"
                    VPOS="744.0"
                    WIDTH="1066.0"
                    HEIGHT="37.0">
	    <String CONTENT=""
                    HPOS="519.0"
                    VPOS="744.0"
                    WIDTH="1066.0"
                    HEIGHT="37.0"></String>
          </TextLine>
          <TextLine ID="eSc_line_667e1e52"
                    BASELINE="506 811 1586 851" 
                    HPOS="506.0"
                    VPOS="811.0"
                    WIDTH="1080.0"
                    HEIGHT="40.0">
	    <String CONTENT=""
                    HPOS="506.0"
                    VPOS="811.0"
                    WIDTH="1080.0"
                    HEIGHT="40.0"></String>
          </TextLine>
          <TextLine ID="eSc_line_0afa5ed5"
                    BASELINE="503 886 1586 925" 
                    HPOS="503.0"
                    VPOS="886.0"
                    WIDTH="1083.0"
                    HEIGHT="39.0">
	    <String CONTENT=""
                    HPOS="503.0"
                    VPOS="886.0"
                    WIDTH="1083.0"
                    HEIGHT="39.0"></String>
          </TextLine>
          <TextLine ID="eSc_line_77822cc5"
                    BASELINE="502 956 1584 990" 
                    HPOS="502.0"
                    VPOS="956.0"
                    WIDTH="1082.0"
                    HEIGHT="34.0">
	    <String CONTENT=""
                    HPOS="502.0"
                    VPOS="956.0"
                    WIDTH="1082.0"
                    HEIGHT="34.0"></String>
          </TextLine>
          <TextLine ID="eSc_line_12c02ce0"
                    BASELINE="499 1147 1573 1178" 
                    HPOS="499.0"
                    VPOS="1147.0"
                    WIDTH="1074.0"
                    HEIGHT="31.0">
	    <String CONTENT=""
                    HPOS="499.0"
                    VPOS="1147.0"
                    WIDTH="1074.0"
                    HEIGHT="31.0"></String>
          </TextLine>
          <TextLine ID="eSc_line_29b6b68b"
                    BASELINE="499 1199 1578 1232" 
                    HPOS="499.0"
                    VPOS="1199.0"
                    WIDTH="1079.0"
                    HEIGHT="33.0">
	    <String CONTENT=""
                    HPOS="499.0"
                    VPOS="1199.0"
                    WIDTH="1079.0"
                    HEIGHT="33.0"></String>
          </TextLine>
          <TextLine ID="eSc_line_9acf929f"
                    BASELINE="514 1258 1341 1270" 
                    HPOS="514.0"
                    VPOS="1258.0"
                    WIDTH="827.0"
                    HEIGHT="12.0">
	    <String CONTENT=""
                    HPOS="514.0"
                    VPOS="1258.0"
                    WIDTH="827.0"
                    HEIGHT="12.0"></String>
          </TextLine>
          <TextLine ID="eSc_line_93cecbaa"
                    BASELINE="568 1356 1573 1388" 
                    HPOS="568.0"
                    VPOS="1356.0"
                    WIDTH="1005.0"
                    HEIGHT="32.0">
	    <String CONTENT=""
                    HPOS="568.0"
                    VPOS="1356.0"
                    WIDTH="1005.0"
                    HEIGHT="32.0"></String>
          </TextLine>
          <TextLine ID="eSc_line_6c7e4494"
                    BASELINE="502 1412 1567 1443" 
                    HPOS="502.0"
                    VPOS="1412.0"
                    WIDTH="1065.0"
                    HEIGHT="31.0">
	    <String CONTENT=""
                    HPOS="502.0"
                    VPOS="1412.0"
                    WIDTH="1065.0"
                    HEIGHT="31.0"></String>
          </TextLine>
          <TextLine ID="eSc_line_fe52c48a"
                    BASELINE="508 1465 1558 1494" 
                    HPOS="508.0"
                    VPOS="1465.0"
                    WIDTH="1050.0"
                    HEIGHT="29.0">
	    <String CONTENT=""
                    HPOS="508.0"
                    VPOS="1465.0"
                    WIDTH="1050.0"
                    HEIGHT="29.0"></String>
          </TextLine>
          <TextLine ID="eSc_line_84d7045f"
                    BASELINE="501 1519 1564 1545" 
                    HPOS="501.0"
                    VPOS="1519.0"
                    WIDTH="1063.0"
                    HEIGHT="26.0">
	    <String CONTENT=""
                    HPOS="501.0"
                    VPOS="1519.0"
                    WIDTH="1063.0"
                    HEIGHT="26.0"></String>
          </TextLine>
          <TextLine ID="eSc_line_85f946ff"
                    BASELINE="499 1568 1579 1598" 
                    HPOS="499.0"
                    VPOS="1568.0"
                    WIDTH="1080.0"
                    HEIGHT="30.0">
	    <String CONTENT=""
                    HPOS="499.0"
                    VPOS="1568.0"
                    WIDTH="1080.0"
                    HEIGHT="30.0"></String>
          </TextLine>
          <TextLine ID="eSc_line_c4c7f454"
                    BASELINE="497 1619 1571 1651" 
                    HPOS="497.0"
                    VPOS="1619.0"
                    WIDTH="1074.0"
                    HEIGHT="32.0">
	    <String CONTENT=""
                    HPOS="497.0"
                    VPOS="1619.0"
                    WIDTH="1074.0"
                    HEIGHT="32.0"></String>
          </TextLine>
          <TextLine ID="eSc_line_6314cfca"
                    BASELINE="500 1674 1561 1700" 
                    HPOS="500.0"
                    VPOS="1674.0"
                    WIDTH="1061.0"
                    HEIGHT="26.0">
	    <String CONTENT=""
                    HPOS="500.0"
                    VPOS="1674.0"
                    WIDTH="1061.0"
                    HEIGHT="26.0"></String>
          </TextLine>
          <TextLine ID="eSc_line_7b837c96"
                    BASELINE="496 1723 1560 1762" 
                    HPOS="496.0"
                    VPOS="1723.0"
                    WIDTH="1064.0"
                    HEIGHT="39.0">
	    <String CONTENT=""
                    HPOS="496.0"
                    VPOS="1723.0"
                    WIDTH="1064.0"
                    HEIGHT="39.0"></String>
          </TextLine>
          <TextLine ID="eSc_line_6d949abb"
                    BASELINE="502 1782 1556 1813" 
                    HPOS="502.0"
                    VPOS="1782.0"
                    WIDTH="1054.0"
                    HEIGHT="31.0">
	    <String CONTENT=""
                    HPOS="502.0"
                    VPOS="1782.0"
                    WIDTH="1054.0"
                    HEIGHT="31.0"></String>
          </TextLine>
          <TextLine ID="eSc_line_4c6d836b"
                    BASELINE="494 1831 1551 1863" 
                    HPOS="494.0"
                    VPOS="1831.0"
                    WIDTH="1057.0"
                    HEIGHT="32.0">
	    <String CONTENT=""
                    HPOS="494.0"
                    VPOS="1831.0"
                    WIDTH="1057.0"
                    HEIGHT="32.0"></String>
          </TextLine>
          <TextLine ID="eSc_line_a3d3ddb1"
                    BASELINE="494 1885 1544 1913" 
                    HPOS="494.0"
                    VPOS="1885.0"
                    WIDTH="1050.0"
                    HEIGHT="28.0">
	    <String CONTENT=""
                    HPOS="494.0"
                    VPOS="1885.0"
                    WIDTH="1050.0"
                    HEIGHT="28.0"></String>
          </TextLine>
          <TextLine ID="eSc_line_d75b9f47"
                    BASELINE="483 1929 1540 1965" 
                    HPOS="483.0"
                    VPOS="1929.0"
                    WIDTH="1057.0"
                    HEIGHT="36.0">
	    <String CONTENT=""
                    HPOS="483.0"
                    VPOS="1929.0"
                    WIDTH="1057.0"
                    HEIGHT="36.0"></String>
          </TextLine>
          <TextLine ID="eSc_line_ae214875"
                    BASELINE="489 1972 1553 2007" 
                    HPOS="489.0"
                    VPOS="1972.0"
                    WIDTH="1064.0"
                    HEIGHT="35.0">
	    <String CONTENT=""
                    HPOS="489.0"
                    VPOS="1972.0"
                    WIDTH="1064.0"
                    HEIGHT="35.0"></String>
          </TextLine>
          <TextLine ID="eSc_line_f180d98d"
                    BASELINE="485 2015 599 2025" 
                    HPOS="485.0"
                    VPOS="2015.0"
                    WIDTH="114.0"
                    HEIGHT="10.0">
	    <String CONTENT=""
                    HPOS="485.0"
                    VPOS="2015.0"
                    WIDTH="114.0"
                    HEIGHT="10.0"></String>
          </TextLine>
        </TextBlock>
        <TextBlock HPOS="1024"
                   VPOS="404"
                   WIDTH="70"
                   HEIGHT="40"
                   ID="region_1724840355174_596"
                   TAGREFS="BT3664">
          <Shape><Polygon POINTS="1094 444 1024 444 1024 404 1082 404"/></Shape>
          <TextLine ID="eSc_line_ac02a73a"
                    BASELINE="1025 441 1089 440" 
                    HPOS="1025.0"
                    VPOS="440.0"
                    WIDTH="64.0"
                    HEIGHT="1.0">
	    <String CONTENT=""
                    HPOS="1025.0"
                    VPOS="440.0"
                    WIDTH="64.0"
                    HEIGHT="1.0"></String>
          </TextLine>
        </TextBlock>
        <TextBlock HPOS="458.0"
                   VPOS="2081.0"
                   WIDTH="1140.0"
                   HEIGHT="304.0"
                   ID="region_1724840372994_602"
                   TAGREFS="BT3666">
          <Shape><Polygon POINTS="1574 2385 458 2385 458 2081 1598 2088"/></Shape>
          <TextLine ID="eSc_line_144bae2a"
                    BASELINE="542 2133 1554 2163" 
                    HPOS="542.0"
                    VPOS="2133.0"
                    WIDTH="1012.0"
                    HEIGHT="30.0">
	    <String CONTENT=""
                    HPOS="542.0"
                    VPOS="2133.0"
                    WIDTH="1012.0"
                    HEIGHT="30.0"></String>
          </TextLine>
          <TextLine ID="eSc_line_7a171831"
                    BASELINE="486 2179 1558 2213" 
                    HPOS="486.0"
                    VPOS="2179.0"
                    WIDTH="1072.0"
                    HEIGHT="34.0">
	    <String CONTENT=""
                    HPOS="486.0"
                    VPOS="2179.0"
                    WIDTH="1072.0"
                    HEIGHT="34.0"></String>
          </TextLine>
          <TextLine ID="eSc_line_69732087"
                    BASELINE="478 2233 1557 2269" 
                    HPOS="478.0"
                    VPOS="2233.0"
                    WIDTH="1079.0"
                    HEIGHT="36.0">
	    <String CONTENT=""
                    HPOS="478.0"
                    VPOS="2233.0"
                    WIDTH="1079.0"
                    HEIGHT="36.0"></String>
          </TextLine>
          <TextLine ID="eSc_line_fdd712ce"
                    BASELINE="481 2287 1552 2320" 
                    HPOS="481.0"
                    VPOS="2287.0"
                    WIDTH="1071.0"
                    HEIGHT="33.0">
	    <String CONTENT=""
                    HPOS="481.0"
                    VPOS="2287.0"
                    WIDTH="1071.0"
                    HEIGHT="33.0"></String>
          </TextLine>
          <TextLine ID="eSc_line_ab5d2585"
                    BASELINE="466 2331 1555 2368" 
                    HPOS="466.0"
                    VPOS="2331.0"
                    WIDTH="1089.0"
                    HEIGHT="37.0">
	    <String CONTENT=""
                    HPOS="466.0"
                    VPOS="2331.0"
                    WIDTH="1089.0"
                    HEIGHT="37.0"></String>
          </TextLine>
        </TextBlock>
        <TextBlock ID="eSc_dummyblock_">
          <TextLine ID="eSc_line_e63d8bac"
                    BASELINE="488 1031 1594 1052" 
                    HPOS="488.0"
                    VPOS="1031.0"
                    WIDTH="1106.0"
                    HEIGHT="21.0">
	    <String CONTENT=""
                    HPOS="488.0"
                    VPOS="1031.0"
                    WIDTH="1106.0"
                    HEIGHT="21.0"></String>
          </TextLine>
        </TextBlock>
      </PrintSpace>
    </Page>
  </Layout>
</alto>
