<?xml version="1.0" encoding="UTF-8"?>
<alto xmlns:xsi="http://www.w3.org/2001/XMLSchema-instance"
      xmlns="http://www.loc.gov/standards/alto/ns-v4#"
      xsi:schemaLocation="http://www.loc.gov/standards/alto/ns-v4# http://www.loc.gov/standards/alto/v4/alto-4-2.xsd">
  <Description>
    <MeasurementUnit>pixel</MeasurementUnit>
    <sourceImageInformation>
      <fileName>1800,_Poetische_Werke,_Bohn,_Bd._2,_VD18_80461441_Seite_262_Bild_0001.jpg</fileName>
    </sourceImageInformation>
  </Description>
  <Tags>
    <OtherTag ID="BT1" LABEL="Title" DESCRIPTION="block type Title"/><OtherTag ID="BT2" LABEL="Main" DESCRIPTION="block type Main"/><OtherTag ID="BT3" LABEL="Commentary" DESCRIPTION="block type Commentary"/><OtherTag ID="BT4" LABEL="Illustration" DESCRIPTION="block type Illustration"/><OtherTag ID="BT3664" LABEL="paragraph" DESCRIPTION="block type paragraph"/><OtherTag ID="BT3665" LABEL="heading" DESCRIPTION="block type heading"/><OtherTag ID="BT3666" LABEL="footnote" DESCRIPTION="block type footnote"/>
    <OtherTag ID="LT2231" LABEL="default" DESCRIPTION="line type default"/>
  </Tags>
  <Layout>
    <Page WIDTH="1866"
          HEIGHT="2730"
          PHYSICAL_IMG_NR="4"
          ID="eSc_dummypage_">
      <PrintSpace HPOS="0"
                  VPOS="0"
                  WIDTH="1866"
                  HEIGHT="2730">
        <TextBlock HPOS="554.0"
                   VPOS="440.0"
                   WIDTH="1124.0"
                   HEIGHT="1964.0"
                   ID="region_1718901407272_104"
                   TAGREFS="BT3664">
          <Shape><Polygon POINTS="1673 2366 554 2404 566 440 1678 446"/></Shape>
          <TextLine ID="eSc_line_14247896"
                    BASELINE="618 520 1467 517" 
                    HPOS="618.0"
                    VPOS="517.0"
                    WIDTH="849.0"
                    HEIGHT="3.0">
	    <String CONTENT=""
                    HPOS="618.0"
                    VPOS="517.0"
                    WIDTH="849.0"
                    HEIGHT="3.0"></String>
          </TextLine>
          <TextLine ID="eSc_line_580ca7cb"
                    BASELINE="616 582 1486 582" 
                    HPOS="616.0"
                    VPOS="582.0"
                    WIDTH="870.0"
                    HEIGHT="0.0">
	    <String CONTENT=""
                    HPOS="616.0"
                    VPOS="582.0"
                    WIDTH="870.0"
                    HEIGHT="0.0"></String>
          </TextLine>
          <TextLine ID="eSc_line_8e48d2a4"
                    BASELINE="622 653 1530 656" 
                    HPOS="622.0"
                    VPOS="653.0"
                    WIDTH="908.0"
                    HEIGHT="3.0">
	    <String CONTENT=""
                    HPOS="622.0"
                    VPOS="653.0"
                    WIDTH="908.0"
                    HEIGHT="3.0"></String>
          </TextLine>
          <TextLine ID="eSc_line_caa5b348"
                    BASELINE="622 725 1445 728" 
                    HPOS="622.0"
                    VPOS="725.0"
                    WIDTH="823.0"
                    HEIGHT="3.0">
	    <String CONTENT=""
                    HPOS="622.0"
                    VPOS="725.0"
                    WIDTH="823.0"
                    HEIGHT="3.0"></String>
          </TextLine>
          <TextLine ID="eSc_line_967d166b"
                    BASELINE="614 798 1418 795" 
                    HPOS="614.0"
                    VPOS="795.0"
                    WIDTH="804.0"
                    HEIGHT="3.0">
	    <String CONTENT=""
                    HPOS="614.0"
                    VPOS="795.0"
                    WIDTH="804.0"
                    HEIGHT="3.0"></String>
          </TextLine>
          <TextLine ID="eSc_line_c43e99af"
                    BASELINE="612 872 1433 875" 
                    HPOS="612.0"
                    VPOS="872.0"
                    WIDTH="821.0"
                    HEIGHT="3.0">
	    <String CONTENT=""
                    HPOS="612.0"
                    VPOS="872.0"
                    WIDTH="821.0"
                    HEIGHT="3.0"></String>
          </TextLine>
          <TextLine ID="eSc_line_b988c223"
                    BASELINE="611 931 1564 939" 
                    HPOS="611.0"
                    VPOS="931.0"
                    WIDTH="953.0"
                    HEIGHT="8.0">
	    <String CONTENT=""
                    HPOS="611.0"
                    VPOS="931.0"
                    WIDTH="953.0"
                    HEIGHT="8.0"></String>
          </TextLine>
          <TextLine ID="eSc_line_dce3c8ee"
                    BASELINE="612 1008 1434 1008" 
                    HPOS="612.0"
                    VPOS="1008.0"
                    WIDTH="822.0"
                    HEIGHT="0.0">
	    <String CONTENT=""
                    HPOS="612.0"
                    VPOS="1008.0"
                    WIDTH="822.0"
                    HEIGHT="0.0"></String>
          </TextLine>
          <TextLine ID="eSc_line_0e2d1739"
                    BASELINE="618 1074 1476 1078" 
                    HPOS="618.0"
                    VPOS="1074.0"
                    WIDTH="858.0"
                    HEIGHT="4.0">
	    <String CONTENT=""
                    HPOS="618.0"
                    VPOS="1074.0"
                    WIDTH="858.0"
                    HEIGHT="4.0"></String>
          </TextLine>
          <TextLine ID="eSc_line_8715966d"
                    BASELINE="617 1144 1521 1141" 
                    HPOS="617.0"
                    VPOS="1141.0"
                    WIDTH="904.0"
                    HEIGHT="3.0">
	    <String CONTENT=""
                    HPOS="617.0"
                    VPOS="1141.0"
                    WIDTH="904.0"
                    HEIGHT="3.0"></String>
          </TextLine>
          <TextLine ID="eSc_line_bc649258"
                    BASELINE="679 1353 1506 1356" 
                    HPOS="679.0"
                    VPOS="1353.0"
                    WIDTH="827.0"
                    HEIGHT="3.0">
	    <String CONTENT=""
                    HPOS="679.0"
                    VPOS="1353.0"
                    WIDTH="827.0"
                    HEIGHT="3.0"></String>
          </TextLine>
          <TextLine ID="eSc_line_89411d2d"
                    BASELINE="621 1431 1516 1433" 
                    HPOS="621.0"
                    VPOS="1431.0"
                    WIDTH="895.0"
                    HEIGHT="2.0">
	    <String CONTENT=""
                    HPOS="621.0"
                    VPOS="1431.0"
                    WIDTH="895.0"
                    HEIGHT="2.0"></String>
          </TextLine>
          <TextLine ID="eSc_line_dd4fbc23"
                    BASELINE="611 1496 1349 1498" 
                    HPOS="611.0"
                    VPOS="1496.0"
                    WIDTH="738.0"
                    HEIGHT="2.0">
	    <String CONTENT=""
                    HPOS="611.0"
                    VPOS="1496.0"
                    WIDTH="738.0"
                    HEIGHT="2.0"></String>
          </TextLine>
          <TextLine ID="eSc_line_077f2369"
                    BASELINE="617 1566 1480 1569" 
                    HPOS="617.0"
                    VPOS="1566.0"
                    WIDTH="863.0"
                    HEIGHT="3.0">
	    <String CONTENT=""
                    HPOS="617.0"
                    VPOS="1566.0"
                    WIDTH="863.0"
                    HEIGHT="3.0"></String>
          </TextLine>
          <TextLine ID="eSc_line_e84ad0d3"
                    BASELINE="624 1641 1420 1638" 
                    HPOS="624.0"
                    VPOS="1638.0"
                    WIDTH="796.0"
                    HEIGHT="3.0">
	    <String CONTENT=""
                    HPOS="624.0"
                    VPOS="1638.0"
                    WIDTH="796.0"
                    HEIGHT="3.0"></String>
          </TextLine>
          <TextLine ID="eSc_line_0216bd06"
                    BASELINE="630 1708 1422 1713" 
                    HPOS="630.0"
                    VPOS="1708.0"
                    WIDTH="792.0"
                    HEIGHT="5.0">
	    <String CONTENT=""
                    HPOS="630.0"
                    VPOS="1708.0"
                    WIDTH="792.0"
                    HEIGHT="5.0"></String>
          </TextLine>
          <TextLine ID="eSc_line_fb4f4afd"
                    BASELINE="621 1775 1405 1769" 
                    HPOS="621.0"
                    VPOS="1769.0"
                    WIDTH="784.0"
                    HEIGHT="6.0">
	    <String CONTENT=""
                    HPOS="621.0"
                    VPOS="1769.0"
                    WIDTH="784.0"
                    HEIGHT="6.0"></String>
          </TextLine>
          <TextLine ID="eSc_line_08c3865c"
                    BASELINE="633 1849 1436 1844" 
                    HPOS="633.0"
                    VPOS="1844.0"
                    WIDTH="803.0"
                    HEIGHT="5.0">
	    <String CONTENT=""
                    HPOS="633.0"
                    VPOS="1844.0"
                    WIDTH="803.0"
                    HEIGHT="5.0"></String>
          </TextLine>
          <TextLine ID="eSc_line_ca800130"
                    BASELINE="644 1925 1623 1916" 
                    HPOS="644.0"
                    VPOS="1916.0"
                    WIDTH="979.0"
                    HEIGHT="9.0">
	    <String CONTENT=""
                    HPOS="644.0"
                    VPOS="1916.0"
                    WIDTH="979.0"
                    HEIGHT="9.0"></String>
          </TextLine>
          <TextLine ID="eSc_line_871c0ff2"
                    BASELINE="638 1984 1675 1989" 
                    HPOS="638.0"
                    VPOS="1984.0"
                    WIDTH="1037.0"
                    HEIGHT="5.0">
	    <String CONTENT=""
                    HPOS="638.0"
                    VPOS="1984.0"
                    WIDTH="1037.0"
                    HEIGHT="5.0"></String>
          </TextLine>
          <TextLine ID="eSc_line_8c285e70"
                    BASELINE="1240 2054 1349 2054" 
                    HPOS="1240.0"
                    VPOS="2054.0"
                    WIDTH="109.0"
                    HEIGHT="0.0">
	    <String CONTENT=""
                    HPOS="1240.0"
                    VPOS="2054.0"
                    WIDTH="109.0"
                    HEIGHT="0.0"></String>
          </TextLine>
          <TextLine ID="eSc_line_0f03bf79"
                    BASELINE="620 2127 1492 2126" 
                    HPOS="620.0"
                    VPOS="2126.0"
                    WIDTH="872.0"
                    HEIGHT="1.0">
	    <String CONTENT=""
                    HPOS="620.0"
                    VPOS="2126.0"
                    WIDTH="872.0"
                    HEIGHT="1.0"></String>
          </TextLine>
          <TextLine ID="eSc_line_f1d9aa3d"
                    BASELINE="647 2196 1536 2196" 
                    HPOS="647.0"
                    VPOS="2196.0"
                    WIDTH="889.0"
                    HEIGHT="0.0">
	    <String CONTENT=""
                    HPOS="647.0"
                    VPOS="2196.0"
                    WIDTH="889.0"
                    HEIGHT="0.0"></String>
          </TextLine>
          <TextLine ID="eSc_line_c8bf4643"
                    BASELINE="636 2276 1320 2261" 
                    HPOS="636.0"
                    VPOS="2261.0"
                    WIDTH="684.0"
                    HEIGHT="15.0">
	    <String CONTENT=""
                    HPOS="636.0"
                    VPOS="2261.0"
                    WIDTH="684.0"
                    HEIGHT="15.0"></String>
          </TextLine>
          <TextLine ID="eSc_line_a2d6c4fe"
                    BASELINE="639 2350 1479 2333" 
                    HPOS="639.0"
                    VPOS="2333.0"
                    WIDTH="840.0"
                    HEIGHT="17.0">
	    <String CONTENT=""
                    HPOS="639.0"
                    VPOS="2333.0"
                    WIDTH="840.0"
                    HEIGHT="17.0"></String>
          </TextLine>
        </TextBlock>
        <TextBlock HPOS="1059"
                   VPOS="333"
                   WIDTH="202"
                   HEIGHT="86"
                   ID="region_1718901403520_101"
                   TAGREFS="BT3664">
          <Shape><Polygon POINTS="1225 419 1059 419 1059 335 1261 333"/></Shape>
          <TextLine ID="eSc_line_f4633fea"
                    BASELINE="1090 411 1196 411" 
                    HPOS="1090.0"
                    VPOS="411.0"
                    WIDTH="106.0"
                    HEIGHT="0.0">
	    <String CONTENT=""
                    HPOS="1090.0"
                    VPOS="411.0"
                    WIDTH="106.0"
                    HEIGHT="0.0"></String>
          </TextLine>
        </TextBlock>
      </PrintSpace>
    </Page>
  </Layout>
</alto>
