<?xml version="1.0" encoding="UTF-8"?>
<alto xmlns:xsi="http://www.w3.org/2001/XMLSchema-instance"
      xmlns="http://www.loc.gov/standards/alto/ns-v4#"
      xsi:schemaLocation="http://www.loc.gov/standards/alto/ns-v4# http://www.loc.gov/standards/alto/v4/alto-4-2.xsd">
  <Description>
    <MeasurementUnit>pixel</MeasurementUnit>
    <sourceImageInformation>
      <fileName>1766-71,_Poetische_Werke,_Walthard,_Bd._5_Seite_195_Bild_0001.jpg</fileName>
    </sourceImageInformation>
  </Description>
  <Tags>
    <OtherTag ID="BT1" LABEL="Title" DESCRIPTION="block type Title"/><OtherTag ID="BT2" LABEL="Main" DESCRIPTION="block type Main"/><OtherTag ID="BT3" LABEL="Commentary" DESCRIPTION="block type Commentary"/><OtherTag ID="BT4" LABEL="Illustration" DESCRIPTION="block type Illustration"/><OtherTag ID="BT3920" LABEL="heading" DESCRIPTION="block type heading"/><OtherTag ID="BT3921" LABEL="paragraph" DESCRIPTION="block type paragraph"/><OtherTag ID="BT3922" LABEL="footnote" DESCRIPTION="block type footnote"/><OtherTag ID="BT3923" LABEL="l-column" DESCRIPTION="block type l-column"/><OtherTag ID="BT3924" LABEL="r-column" DESCRIPTION="block type r-column"/>
  </Tags>
  <Layout>
    <Page WIDTH="570"
          HEIGHT="915"
          PHYSICAL_IMG_NR="11"
          ID="eSc_dummypage_">
      <PrintSpace HPOS="0"
                  VPOS="0"
                  WIDTH="570"
                  HEIGHT="915">
        <TextBlock HPOS="111"
                   VPOS="91"
                   WIDTH="30"
                   HEIGHT="17"
                   ID="region_1719318457735_975"
                   TAGREFS="BT3921">
          <Shape><Polygon POINTS="114 92 141 91 141 108 111 108"/></Shape>
        </TextBlock>
        <TextBlock HPOS="176"
                   VPOS="86"
                   WIDTH="284"
                   HEIGHT="24"
                   ID="region_1719318454229_972"
                   TAGREFS="BT3921">
          <Shape><Polygon POINTS="176 86 454 86 460 110 176 110"/></Shape>
        </TextBlock>
        <TextBlock HPOS="107"
                   VPOS="126"
                   WIDTH="430"
                   HEIGHT="153"
                   ID="region_1719318464593_978"
                   TAGREFS="BT3921">
          <Shape><Polygon POINTS="107 126 537 128 534 277 107 279"/></Shape>
        </TextBlock>
        <TextBlock HPOS="124"
                   VPOS="299"
                   WIDTH="409"
                   HEIGHT="452"
                   ID="region_1719318472030_981"
                   TAGREFS="BT3922">
          <Shape><Polygon POINTS="124 299 533 299 533 751 144 750"/></Shape>
        </TextBlock>
      </PrintSpace>
    </Page>
  </Layout>
</alto>
