<?xml version="1.0" encoding="UTF-8"?>
<alto xmlns:xsi="http://www.w3.org/2001/XMLSchema-instance"
      xmlns="http://www.loc.gov/standards/alto/ns-v4#"
      xsi:schemaLocation="http://www.loc.gov/standards/alto/ns-v4# http://www.loc.gov/standards/alto/v4/alto-4-2.xsd">
  <Description>
    <MeasurementUnit>pixel</MeasurementUnit>
    <sourceImageInformation>
      <fileName>1766-71,_Poetische_Werke,_Walthard,_Bd._2_Seite_034_Bild_0001.jpg</fileName>
    </sourceImageInformation>
  </Description>
  <Tags>
    <OtherTag ID="BT1" LABEL="Title" DESCRIPTION="block type Title"/><OtherTag ID="BT2" LABEL="Main" DESCRIPTION="block type Main"/><OtherTag ID="BT3" LABEL="Commentary" DESCRIPTION="block type Commentary"/><OtherTag ID="BT4" LABEL="Illustration" DESCRIPTION="block type Illustration"/><OtherTag ID="BT3920" LABEL="heading" DESCRIPTION="block type heading"/><OtherTag ID="BT3921" LABEL="paragraph" DESCRIPTION="block type paragraph"/><OtherTag ID="BT3922" LABEL="footnote" DESCRIPTION="block type footnote"/><OtherTag ID="BT3923" LABEL="l-column" DESCRIPTION="block type l-column"/><OtherTag ID="BT3924" LABEL="r-column" DESCRIPTION="block type r-column"/>
  </Tags>
  <Layout>
    <Page WIDTH="578"
          HEIGHT="915"
          PHYSICAL_IMG_NR="2"
          ID="eSc_dummypage_">
      <PrintSpace HPOS="0"
                  VPOS="0"
                  WIDTH="578"
                  HEIGHT="915">
        <TextBlock HPOS="215"
                   VPOS="106"
                   WIDTH="130"
                   HEIGHT="22"
                   ID="region_1718564722093_751"
                   TAGREFS="BT3921">
          <Shape><Polygon POINTS="215 106 345 106 344 128 215 128"/></Shape>
        </TextBlock>
        <TextBlock HPOS="453"
                   VPOS="109"
                   WIDTH="25"
                   HEIGHT="21"
                   ID="region_1718564725476_754"
                   TAGREFS="BT3921">
          <Shape><Polygon POINTS="453 109 478 109 474 130 453 130"/></Shape>
        </TextBlock>
        <TextBlock HPOS="64"
                   VPOS="147"
                   WIDTH="420"
                   HEIGHT="112"
                   ID="region_1718564754110_760"
                   TAGREFS="BT3921">
          <Shape><Polygon POINTS="64 257 484 259 475 147 64 147"/></Shape>
        </TextBlock>
        <TextBlock HPOS="98"
                   VPOS="324"
                   WIDTH="332"
                   HEIGHT="112"
                   ID="region_1718564807612_766"
                   TAGREFS="BT3921">
          <Shape><Polygon POINTS="98 324 430 324 421 436 98 436"/></Shape>
        </TextBlock>
        <TextBlock HPOS="66"
                   VPOS="515"
                   WIDTH="422"
                   HEIGHT="163"
                   ID="region_1718564842325_772"
                   TAGREFS="BT3922">
          <Shape><Polygon POINTS="66 515 488 515 488 678 71 675"/></Shape>
        </TextBlock>
        <TextBlock HPOS="68"
                   VPOS="701"
                   WIDTH="420"
                   HEIGHT="56"
                   ID="region_1718564859460_775"
                   TAGREFS="BT3922">
          <Shape><Polygon POINTS="68 701 488 701 488 757 74 756"/></Shape>
        </TextBlock>
        <TextBlock HPOS="353"
                   VPOS="768"
                   WIDTH="38"
                   HEIGHT="28"
                   ID="region_1718564864041_778"
                   TAGREFS="BT3921">
          <Shape><Polygon POINTS="353 768 391 768 391 796 357 794"/></Shape>
        </TextBlock>
      </PrintSpace>
    </Page>
  </Layout>
</alto>
