<?xml version="1.0" encoding="UTF-8"?>
<alto xmlns:xsi="http://www.w3.org/2001/XMLSchema-instance"
      xmlns="http://www.loc.gov/standards/alto/ns-v4#"
      xsi:schemaLocation="http://www.loc.gov/standards/alto/ns-v4# http://www.loc.gov/standards/alto/v4/alto-4-2.xsd">
  <Description>
    <MeasurementUnit>pixel</MeasurementUnit>
    <sourceImageInformation>
      <fileName>1766-71,_Poetische_Werke,_Walthard,_Bd._4_Seite_269_Bild_0001.jpg</fileName>
    </sourceImageInformation>
  </Description>
  <Tags>
    <OtherTag ID="BT1" LABEL="Title" DESCRIPTION="block type Title"/><OtherTag ID="BT2" LABEL="Main" DESCRIPTION="block type Main"/><OtherTag ID="BT3" LABEL="Commentary" DESCRIPTION="block type Commentary"/><OtherTag ID="BT4" LABEL="Illustration" DESCRIPTION="block type Illustration"/><OtherTag ID="BT3920" LABEL="heading" DESCRIPTION="block type heading"/><OtherTag ID="BT3921" LABEL="paragraph" DESCRIPTION="block type paragraph"/><OtherTag ID="BT3922" LABEL="footnote" DESCRIPTION="block type footnote"/><OtherTag ID="BT3923" LABEL="l-column" DESCRIPTION="block type l-column"/><OtherTag ID="BT3924" LABEL="r-column" DESCRIPTION="block type r-column"/>
  </Tags>
  <Layout>
    <Page WIDTH="583"
          HEIGHT="915"
          PHYSICAL_IMG_NR="7"
          ID="eSc_dummypage_">
      <PrintSpace HPOS="0"
                  VPOS="0"
                  WIDTH="583"
                  HEIGHT="915">
        <TextBlock HPOS="104"
                   VPOS="111"
                   WIDTH="31"
                   HEIGHT="19"
                   ID="region_1719259076286_204"
                   TAGREFS="BT3921">
          <Shape><Polygon POINTS="135 127 104 130 106 111 135 111"/></Shape>
        </TextBlock>
        <TextBlock HPOS="225"
                   VPOS="101"
                   WIDTH="174"
                   HEIGHT="23"
                   ID="region_1719259084756_207"
                   TAGREFS="BT3921">
          <Shape><Polygon POINTS="225 124 399 124 399 101 225 106"/></Shape>
        </TextBlock>
        <TextBlock HPOS="121"
                   VPOS="146"
                   WIDTH="404"
                   HEIGHT="38"
                   ID="region_1719259142803_221"
                   TAGREFS="BT3922">
          <Shape><Polygon POINTS="121 146 521 146 525 178 121 184"/></Shape>
        </TextBlock>
        <TextBlock HPOS="116"
                   VPOS="195"
                   WIDTH="408"
                   HEIGHT="96"
                   ID="TextRegion_1720863169430_215"
                   TAGREFS="BT3922">
          <Shape><Polygon POINTS="116 198 524 195 524 291 121 291"/></Shape>
        </TextBlock>
        <TextBlock HPOS="188"
                   VPOS="296"
                   WIDTH="302"
                   HEIGHT="74"
                   ID="TextRegion_1720863193302_220"
                   TAGREFS="BT3921">
          <Shape><Polygon POINTS="188 296 432 297 490 370 188 370"/></Shape>
        </TextBlock>
        <TextBlock HPOS="131"
                   VPOS="373"
                   WIDTH="393"
                   HEIGHT="66"
                   ID="TextRegion_1720863200611_225"
                   TAGREFS="BT3922">
          <Shape><Polygon POINTS="133 376 524 373 524 439 131 436"/></Shape>
        </TextBlock>
        <TextBlock HPOS="144"
                   VPOS="441"
                   WIDTH="356"
                   HEIGHT="98"
                   ID="TextRegion_1720863200611_224"
                   TAGREFS="BT3921">
          <Shape><Polygon POINTS="145 441 500 443 500 539 144 530"/></Shape>
        </TextBlock>
      </PrintSpace>
    </Page>
  </Layout>
</alto>
