<?xml version="1.0" encoding="UTF-8"?>
<alto xmlns:xsi="http://www.w3.org/2001/XMLSchema-instance"
      xmlns="http://www.loc.gov/standards/alto/ns-v4#"
      xsi:schemaLocation="http://www.loc.gov/standards/alto/ns-v4# http://www.loc.gov/standards/alto/v4/alto-4-2.xsd">
  <Description>
    <MeasurementUnit>pixel</MeasurementUnit>
    <sourceImageInformation>
      <fileName>1766-71,_Poetische_Werke,_Walthard,_Bd._3_Seite_019_Bild_0001.jpg</fileName>
    </sourceImageInformation>
  </Description>
  <Tags>
    <OtherTag ID="BT1" LABEL="Title" DESCRIPTION="block type Title"/><OtherTag ID="BT2" LABEL="Main" DESCRIPTION="block type Main"/><OtherTag ID="BT3" LABEL="Commentary" DESCRIPTION="block type Commentary"/><OtherTag ID="BT4" LABEL="Illustration" DESCRIPTION="block type Illustration"/><OtherTag ID="BT3920" LABEL="heading" DESCRIPTION="block type heading"/><OtherTag ID="BT3921" LABEL="paragraph" DESCRIPTION="block type paragraph"/><OtherTag ID="BT3922" LABEL="footnote" DESCRIPTION="block type footnote"/><OtherTag ID="BT3923" LABEL="l-column" DESCRIPTION="block type l-column"/><OtherTag ID="BT3924" LABEL="r-column" DESCRIPTION="block type r-column"/>
  </Tags>
  <Layout>
    <Page WIDTH="587"
          HEIGHT="920"
          PHYSICAL_IMG_NR="3"
          ID="eSc_dummypage_">
      <PrintSpace HPOS="0"
                  VPOS="0"
                  WIDTH="587"
                  HEIGHT="920">
        <TextBlock HPOS="95"
                   VPOS="117"
                   WIDTH="28"
                   HEIGHT="18"
                   ID="region_1718567730776_92"
                   TAGREFS="BT3921">
          <Shape><Polygon POINTS="95 117 119 118 123 135 95 135"/></Shape>
        </TextBlock>
        <TextBlock HPOS="177"
                   VPOS="112"
                   WIDTH="278"
                   HEIGHT="25"
                   ID="region_1718567743043_95"
                   TAGREFS="BT3921">
          <Shape><Polygon POINTS="177 137 455 134 455 112 182 112"/></Shape>
        </TextBlock>
        <TextBlock HPOS="123"
                   VPOS="175"
                   WIDTH="359"
                   HEIGHT="41"
                   ID="region_1718567824959_114"
                   TAGREFS="BT3920">
          <Shape><Polygon POINTS="482 175 123 175 123 216 479 215"/></Shape>
        </TextBlock>
        <TextBlock HPOS="129"
                   VPOS="233"
                   WIDTH="384"
                   HEIGHT="124"
                   ID="region_1718567836738_117"
                   TAGREFS="BT3921">
          <Shape><Polygon POINTS="129 237 505 233 513 357 129 357"/></Shape>
        </TextBlock>
        <TextBlock HPOS="95"
                   VPOS="366"
                   WIDTH="32"
                   HEIGHT="43"
                   ID="region_1718567852118_120"
                   TAGREFS="BT3921">
          <Shape><Polygon POINTS="100 366 125 366 127 386 122 407 95 409"/></Shape>
        </TextBlock>
        <TextBlock HPOS="96"
                   VPOS="381"
                   WIDTH="316"
                   HEIGHT="235"
                   ID="region_1718567868169_123"
                   TAGREFS="BT3921">
          <Shape><Polygon POINTS="96 413 96 616 412 616 412 381 131 384 127 393 126 412"/></Shape>
        </TextBlock>
        <TextBlock HPOS="96"
                   VPOS="634"
                   WIDTH="336"
                   HEIGHT="140"
                   ID="region_1718567882961_126"
                   TAGREFS="BT3921">
          <Shape><Polygon POINTS="96 774 424 773 432 634 96 634"/></Shape>
        </TextBlock>
      </PrintSpace>
    </Page>
  </Layout>
</alto>
