<?xml version="1.0" encoding="UTF-8"?>
<alto xmlns:xsi="http://www.w3.org/2001/XMLSchema-instance"
      xmlns="http://www.loc.gov/standards/alto/ns-v4#"
      xsi:schemaLocation="http://www.loc.gov/standards/alto/ns-v4# http://www.loc.gov/standards/alto/v4/alto-4-2.xsd">
  <Description>
    <MeasurementUnit>pixel</MeasurementUnit>
    <sourceImageInformation>
      <fileName>1766-71,_Poetische_Werke,_Walthard,_Bd._5_Seite_173_Bild_0001.jpg</fileName>
    </sourceImageInformation>
  </Description>
  <Tags>
    <OtherTag ID="BT1" LABEL="Title" DESCRIPTION="block type Title"/><OtherTag ID="BT2" LABEL="Main" DESCRIPTION="block type Main"/><OtherTag ID="BT3" LABEL="Commentary" DESCRIPTION="block type Commentary"/><OtherTag ID="BT4" LABEL="Illustration" DESCRIPTION="block type Illustration"/><OtherTag ID="BT3920" LABEL="heading" DESCRIPTION="block type heading"/><OtherTag ID="BT3921" LABEL="paragraph" DESCRIPTION="block type paragraph"/><OtherTag ID="BT3922" LABEL="footnote" DESCRIPTION="block type footnote"/><OtherTag ID="BT3923" LABEL="l-column" DESCRIPTION="block type l-column"/><OtherTag ID="BT3924" LABEL="r-column" DESCRIPTION="block type r-column"/>
  </Tags>
  <Layout>
    <Page WIDTH="556"
          HEIGHT="914"
          PHYSICAL_IMG_NR="9"
          ID="eSc_dummypage_">
      <PrintSpace HPOS="0"
                  VPOS="0"
                  WIDTH="556"
                  HEIGHT="914">
        <TextBlock HPOS="95"
                   VPOS="106"
                   WIDTH="33"
                   HEIGHT="17"
                   ID="region_1719316783596_751"
                   TAGREFS="BT3921">
          <Shape><Polygon POINTS="95 106 128 106 128 123 97 122"/></Shape>
        </TextBlock>
        <TextBlock HPOS="100"
                   VPOS="697"
                   WIDTH="71"
                   HEIGHT="27"
                   ID="region_1737552857480_913"
                   TAGREFS="BT3921">
          <Shape><Polygon POINTS="100 697 171 701 169 724 100 722"/></Shape>
        </TextBlock>
        <TextBlock HPOS="170"
                   VPOS="95"
                   WIDTH="273"
                   HEIGHT="26"
                   ID="region_1719316793617_754"
                   TAGREFS="BT3921">
          <Shape><Polygon POINTS="170 121 443 119 443 95 172 101"/></Shape>
        </TextBlock>
        <TextBlock HPOS="114"
                   VPOS="141"
                   WIDTH="355"
                   HEIGHT="206"
                   ID="region_1719316816806_760"
                   TAGREFS="BT3922">
          <Shape><Polygon POINTS="114 141 469 141 449 344 114 347"/></Shape>
        </TextBlock>
        <TextBlock HPOS="221"
                   VPOS="368"
                   WIDTH="166"
                   HEIGHT="36"
                   ID="region_1719316838614_767"
                   TAGREFS="BT3920">
          <Shape><Polygon POINTS="221 368 387 368 381 404 221 404"/></Shape>
        </TextBlock>
        <TextBlock HPOS="95"
                   VPOS="422"
                   WIDTH="37"
                   HEIGHT="38"
                   ID="region_1719316852583_773"
                   TAGREFS="BT3921">
          <Shape><Polygon POINTS="99 425 132 422 132 460 95 460"/></Shape>
        </TextBlock>
        <TextBlock HPOS="97"
                   VPOS="436"
                   WIDTH="402"
                   HEIGHT="118"
                   ID="region_1719316857304_776"
                   TAGREFS="BT3921">
          <Shape><Polygon POINTS="97 463 101 554 499 554 499 437 134 436 134 463"/></Shape>
        </TextBlock>
        <TextBlock HPOS="115"
                   VPOS="574"
                   WIDTH="246"
                   HEIGHT="27"
                   ID="region_1719316846211_770"
                   TAGREFS="BT3922">
          <Shape><Polygon POINTS="115 574 361 574 361 601 120 600"/></Shape>
        </TextBlock>
        <TextBlock HPOS="160"
                   VPOS="629"
                   WIDTH="292"
                   HEIGHT="34"
                   ID="region_1719316862469_779"
                   TAGREFS="BT3920">
          <Shape><Polygon POINTS="160 629 452 629 452 663 165 662"/></Shape>
        </TextBlock>
        <TextBlock HPOS="180"
                   VPOS="693"
                   WIDTH="286"
                   HEIGHT="62"
                   ID="TextRegion_1737552804206_897"
                   TAGREFS="BT3921">
          <Shape><Polygon POINTS="208 699 464 693 466 755 180 755 181 731 208 725"/></Shape>
        </TextBlock>
        <TextBlock HPOS="183"
                   VPOS="686"
                   WIDTH="24"
                   HEIGHT="36"
                   ID="region_1719316872007_782"
                   TAGREFS="BT3921">
          <Shape><Polygon POINTS="183 686 207 686 207 722 183 719"/></Shape>
        </TextBlock>
      </PrintSpace>
    </Page>
  </Layout>
</alto>
