<?xml version="1.0" encoding="UTF-8"?>
<alto xmlns:xsi="http://www.w3.org/2001/XMLSchema-instance"
      xmlns="http://www.loc.gov/standards/alto/ns-v4#"
      xsi:schemaLocation="http://www.loc.gov/standards/alto/ns-v4# http://www.loc.gov/standards/alto/v4/alto-4-2.xsd">
  <Description>
    <MeasurementUnit>pixel</MeasurementUnit>
    <sourceImageInformation>
      <fileName>1766-71,_Poetische_Werke,_Walthard,_Bd._2_Seite_030_Bild_0001.jpg</fileName>
    </sourceImageInformation>
  </Description>
  <Tags>
    <OtherTag ID="BT1" LABEL="Title" DESCRIPTION="block type Title"/><OtherTag ID="BT2" LABEL="Main" DESCRIPTION="block type Main"/><OtherTag ID="BT3" LABEL="Commentary" DESCRIPTION="block type Commentary"/><OtherTag ID="BT4" LABEL="Illustration" DESCRIPTION="block type Illustration"/><OtherTag ID="BT3920" LABEL="heading" DESCRIPTION="block type heading"/><OtherTag ID="BT3921" LABEL="paragraph" DESCRIPTION="block type paragraph"/><OtherTag ID="BT3922" LABEL="footnote" DESCRIPTION="block type footnote"/><OtherTag ID="BT3923" LABEL="l-column" DESCRIPTION="block type l-column"/><OtherTag ID="BT3924" LABEL="r-column" DESCRIPTION="block type r-column"/>
  </Tags>
  <Layout>
    <Page WIDTH="584"
          HEIGHT="915"
          PHYSICAL_IMG_NR="1"
          ID="eSc_dummypage_">
      <PrintSpace HPOS="0"
                  VPOS="0"
                  WIDTH="584"
                  HEIGHT="915">
        <TextBlock HPOS="209"
                   VPOS="111"
                   WIDTH="130"
                   HEIGHT="23"
                   ID="region_1718562513837_466"
                   TAGREFS="BT3921">
          <Shape><Polygon POINTS="209 111 339 114 337 134 209 134"/></Shape>
        </TextBlock>
        <TextBlock HPOS="461"
                   VPOS="116"
                   WIDTH="24"
                   HEIGHT="18"
                   ID="region_1718562521256_469"
                   TAGREFS="BT3921">
          <Shape><Polygon POINTS="461 116 482 116 485 134 461 132"/></Shape>
        </TextBlock>
        <TextBlock HPOS="67"
                   VPOS="181"
                   WIDTH="415"
                   HEIGHT="38"
                   ID="region_1718562534493_472"
                   TAGREFS="BT3920">
          <Shape><Polygon POINTS="67 181 482 181 481 219 67 219"/></Shape>
        </TextBlock>
        <TextBlock HPOS="104"
                   VPOS="236"
                   WIDTH="346"
                   HEIGHT="52"
                   ID="region_1718562543272_475"
                   TAGREFS="BT3921">
          <Shape><Polygon POINTS="104 236 450 236 450 288 109 285"/></Shape>
        </TextBlock>
        <TextBlock HPOS="70"
                   VPOS="310"
                   WIDTH="26"
                   HEIGHT="34"
                   ID="region_1718562578966_478"
                   TAGREFS="BT3921">
          <Shape><Polygon POINTS="72 311 96 310 96 344 70 344"/></Shape>
        </TextBlock>
        <TextBlock HPOS="68"
                   VPOS="325"
                   WIDTH="400"
                   HEIGHT="118"
                   ID="region_1718562706709_491"
                   TAGREFS="BT3921">
          <Shape><Polygon POINTS="468 443 68 437 69 347 97 347 98 328 464 325"/></Shape>
        </TextBlock>
        <TextBlock HPOS="66"
                   VPOS="458"
                   WIDTH="414"
                   HEIGHT="173"
                   ID="region_1718562720643_494"
                   TAGREFS="BT3921">
          <Shape><Polygon POINTS="66 629 467 631 480 458 66 458"/></Shape>
        </TextBlock>
        <TextBlock HPOS="67"
                   VPOS="649"
                   WIDTH="413"
                   HEIGHT="112"
                   ID="region_1718562725816_497"
                   TAGREFS="BT3921">
          <Shape><Polygon POINTS="67 760 475 761 480 649 67 649"/></Shape>
        </TextBlock>
        <TextBlock HPOS="332"
                   VPOS="764"
                   WIDTH="35"
                   HEIGHT="20"
                   ID="region_1718562731240_500"
                   TAGREFS="BT3921">
          <Shape><Polygon POINTS="332 784 367 784 364 768 332 764"/></Shape>
        </TextBlock>
      </PrintSpace>
    </Page>
  </Layout>
</alto>
