<?xml version="1.0" encoding="UTF-8"?>
<alto xmlns:xsi="http://www.w3.org/2001/XMLSchema-instance"
      xmlns="http://www.loc.gov/standards/alto/ns-v4#"
      xsi:schemaLocation="http://www.loc.gov/standards/alto/ns-v4# http://www.loc.gov/standards/alto/v4/alto-4-2.xsd">
  <Description>
    <MeasurementUnit>pixel</MeasurementUnit>
    <sourceImageInformation>
      <fileName>1766-71,_Poetische_Werke,_Walthard,_Bd._3_Seite_030_Bild_0001.jpg</fileName>
    </sourceImageInformation>
  </Description>
  <Tags>
    <OtherTag ID="BT1" LABEL="Title" DESCRIPTION="block type Title"/><OtherTag ID="BT2" LABEL="Main" DESCRIPTION="block type Main"/><OtherTag ID="BT3" LABEL="Commentary" DESCRIPTION="block type Commentary"/><OtherTag ID="BT4" LABEL="Illustration" DESCRIPTION="block type Illustration"/><OtherTag ID="BT3920" LABEL="heading" DESCRIPTION="block type heading"/><OtherTag ID="BT3921" LABEL="paragraph" DESCRIPTION="block type paragraph"/><OtherTag ID="BT3922" LABEL="footnote" DESCRIPTION="block type footnote"/><OtherTag ID="BT3923" LABEL="l-column" DESCRIPTION="block type l-column"/><OtherTag ID="BT3924" LABEL="r-column" DESCRIPTION="block type r-column"/>
  </Tags>
  <Layout>
    <Page WIDTH="586"
          HEIGHT="918"
          PHYSICAL_IMG_NR="4"
          ID="eSc_dummypage_">
      <PrintSpace HPOS="0"
                  VPOS="0"
                  WIDTH="586"
                  HEIGHT="918">
        <TextBlock HPOS="177"
                   VPOS="116"
                   WIDTH="133"
                   HEIGHT="22"
                   ID="region_1718570574099_200"
                   TAGREFS="BT3921">
          <Shape><Polygon POINTS="177 116 305 116 310 138 177 138"/></Shape>
        </TextBlock>
        <TextBlock HPOS="443"
                   VPOS="121"
                   WIDTH="21"
                   HEIGHT="17"
                   ID="region_1718570577694_203"
                   TAGREFS="BT3921">
          <Shape><Polygon POINTS="443 121 464 121 464 138 443 138"/></Shape>
        </TextBlock>
        <TextBlock HPOS="69"
                   VPOS="151"
                   WIDTH="405"
                   HEIGHT="284"
                   ID="region_1718570613073_209"
                   TAGREFS="BT3922">
          <Shape><Polygon POINTS="468 157 465 153 462 151 456 156 69 157 69 434 474 435"/></Shape>
        </TextBlock>
        <TextBlock HPOS="49"
                   VPOS="453"
                   WIDTH="381"
                   HEIGHT="86"
                   ID="region_1718570628220_212"
                   TAGREFS="BT3922">
          <Shape><Polygon POINTS="49 453 429 453 430 539 54 514"/></Shape>
        </TextBlock>
        <TextBlock HPOS="47"
                   VPOS="553"
                   WIDTH="376"
                   HEIGHT="74"
                   ID="region_1718570634826_215"
                   TAGREFS="BT3922">
          <Shape><Polygon POINTS="47 553 423 553 423 626 56 627"/></Shape>
        </TextBlock>
        <TextBlock HPOS="51"
                   VPOS="644"
                   WIDTH="412"
                   HEIGHT="126"
                   ID="region_1718570642824_218"
                   TAGREFS="BT3922">
          <Shape><Polygon POINTS="51 644 434 645 463 770 51 770"/></Shape>
        </TextBlock>
        <TextBlock HPOS="260"
                   VPOS="771"
                   WIDTH="47"
                   HEIGHT="20"
                   ID="region_1718570651286_221"
                   TAGREFS="BT3921">
          <Shape><Polygon POINTS="260 788 307 791 304 771 260 771"/></Shape>
        </TextBlock>
      </PrintSpace>
    </Page>
  </Layout>
</alto>
