<?xml version="1.0" encoding="UTF-8"?>
<alto xmlns:xsi="http://www.w3.org/2001/XMLSchema-instance"
      xmlns="http://www.loc.gov/standards/alto/ns-v4#"
      xsi:schemaLocation="http://www.loc.gov/standards/alto/ns-v4# http://www.loc.gov/standards/alto/v4/alto-4-2.xsd">
  <Description>
    <MeasurementUnit>pixel</MeasurementUnit>
    <sourceImageInformation>
      <fileName>1766-71,_Poetische_Werke,_Walthard,_Bd._5_Seite_044_Bild_0001.jpg</fileName>
    </sourceImageInformation>
  </Description>
  <Tags>
    <OtherTag ID="BT1" LABEL="Title" DESCRIPTION="block type Title"/><OtherTag ID="BT2" LABEL="Main" DESCRIPTION="block type Main"/><OtherTag ID="BT3" LABEL="Commentary" DESCRIPTION="block type Commentary"/><OtherTag ID="BT4" LABEL="Illustration" DESCRIPTION="block type Illustration"/><OtherTag ID="BT3920" LABEL="heading" DESCRIPTION="block type heading"/><OtherTag ID="BT3921" LABEL="paragraph" DESCRIPTION="block type paragraph"/><OtherTag ID="BT3922" LABEL="footnote" DESCRIPTION="block type footnote"/><OtherTag ID="BT3923" LABEL="l-column" DESCRIPTION="block type l-column"/><OtherTag ID="BT3924" LABEL="r-column" DESCRIPTION="block type r-column"/>
  </Tags>
  <Layout>
    <Page WIDTH="573"
          HEIGHT="915"
          PHYSICAL_IMG_NR="8"
          ID="eSc_dummypage_">
      <PrintSpace HPOS="0"
                  VPOS="0"
                  WIDTH="573"
                  HEIGHT="915">
        <TextBlock HPOS="168"
                   VPOS="97"
                   WIDTH="193"
                   HEIGHT="23"
                   ID="region_1719316330431_612"
                   TAGREFS="BT3921">
          <Shape><Polygon POINTS="168 98 361 97 359 120 168 120"/></Shape>
        </TextBlock>
        <TextBlock HPOS="448"
                   VPOS="103"
                   WIDTH="24"
                   HEIGHT="19"
                   ID="region_1719316334043_615"
                   TAGREFS="BT3921">
          <Shape><Polygon POINTS="448 103 472 103 471 120 448 122"/></Shape>
        </TextBlock>
        <TextBlock HPOS="55"
                   VPOS="137"
                   WIDTH="421"
                   HEIGHT="117"
                   ID="TextRegion_1720863689423_323"
                   TAGREFS="BT3921">
          <Shape><Polygon POINTS="55 137 476 137 476 254 60 252"/></Shape>
        </TextBlock>
        <TextBlock HPOS="55"
                   VPOS="261"
                   WIDTH="421"
                   HEIGHT="98"
                   ID="TextRegion_1720863689422_322"
                   TAGREFS="BT3921">
          <Shape><Polygon POINTS="59 270 476 261 476 359 55 359"/></Shape>
        </TextBlock>
        <TextBlock HPOS="104"
                   VPOS="370"
                   WIDTH="290"
                   HEIGHT="120"
                   ID="region_1719316350487_621"
                   TAGREFS="BT3921">
          <Shape><Polygon POINTS="104 370 394 370 385 488 104 490"/></Shape>
        </TextBlock>
        <TextBlock HPOS="55"
                   VPOS="504"
                   WIDTH="424"
                   HEIGHT="247"
                   ID="region_1719316358144_624"
                   TAGREFS="BT3921">
          <Shape><Polygon POINTS="55 751 479 751 479 504 58 512"/></Shape>
        </TextBlock>
      </PrintSpace>
    </Page>
  </Layout>
</alto>
