<?xml version="1.0" encoding="UTF-8"?>
<alto xmlns:xsi="http://www.w3.org/2001/XMLSchema-instance"
      xmlns="http://www.loc.gov/standards/alto/ns-v4#"
      xsi:schemaLocation="http://www.loc.gov/standards/alto/ns-v4# http://www.loc.gov/standards/alto/v4/alto-4-2.xsd">
  <Description>
    <MeasurementUnit>pixel</MeasurementUnit>
    <sourceImageInformation>
      <fileName>1766-71,_Poetische_Werke,_Walthard,_Bd._3_Seite_066_Bild_0001.jpg</fileName>
    </sourceImageInformation>
  </Description>
  <Tags>
    <OtherTag ID="BT1" LABEL="Title" DESCRIPTION="block type Title"/><OtherTag ID="BT2" LABEL="Main" DESCRIPTION="block type Main"/><OtherTag ID="BT3" LABEL="Commentary" DESCRIPTION="block type Commentary"/><OtherTag ID="BT4" LABEL="Illustration" DESCRIPTION="block type Illustration"/><OtherTag ID="BT3920" LABEL="heading" DESCRIPTION="block type heading"/><OtherTag ID="BT3921" LABEL="paragraph" DESCRIPTION="block type paragraph"/><OtherTag ID="BT3922" LABEL="footnote" DESCRIPTION="block type footnote"/><OtherTag ID="BT3923" LABEL="l-column" DESCRIPTION="block type l-column"/><OtherTag ID="BT3924" LABEL="r-column" DESCRIPTION="block type r-column"/>
  </Tags>
  <Layout>
    <Page WIDTH="576"
          HEIGHT="922"
          PHYSICAL_IMG_NR="5"
          ID="eSc_dummypage_">
      <PrintSpace HPOS="0"
                  VPOS="0"
                  WIDTH="576"
                  HEIGHT="922">
        <TextBlock HPOS="176"
                   VPOS="108"
                   WIDTH="160"
                   HEIGHT="21"
                   ID="region_1718570837929_261"
                   TAGREFS="BT3921">
          <Shape><Polygon POINTS="176 108 332 109 336 129 176 129"/></Shape>
        </TextBlock>
        <TextBlock HPOS="450"
                   VPOS="114"
                   WIDTH="24"
                   HEIGHT="16"
                   ID="region_1718570841356_264"
                   TAGREFS="BT3921">
          <Shape><Polygon POINTS="450 114 474 114 473 130 450 130"/></Shape>
        </TextBlock>
        <TextBlock HPOS="81"
                   VPOS="148"
                   WIDTH="394"
                   HEIGHT="179"
                   ID="region_1718570864896_270"
                   TAGREFS="BT3922">
          <Shape><Polygon POINTS="81 148 475 148 475 319 82 327"/></Shape>
        </TextBlock>
        <TextBlock HPOS="97"
                   VPOS="332"
                   WIDTH="383"
                   HEIGHT="151"
                   ID="region_1718570873062_273"
                   TAGREFS="BT3921">
          <Shape><Polygon POINTS="97 339 480 332 479 483 97 483"/></Shape>
        </TextBlock>
        <TextBlock HPOS="85"
                   VPOS="492"
                   WIDTH="395"
                   HEIGHT="150"
                   ID="region_1718570879771_276"
                   TAGREFS="BT3922">
          <Shape><Polygon POINTS="85 498 480 492 479 642 85 642"/></Shape>
        </TextBlock>
        <TextBlock HPOS="379"
                   VPOS="739"
                   WIDTH="45"
                   HEIGHT="31"
                   ID="region_1718570890955_282"
                   TAGREFS="BT3921">
          <Shape><Polygon POINTS="379 739 424 739 424 770 381 766"/></Shape>
        </TextBlock>
      </PrintSpace>
    </Page>
  </Layout>
</alto>
