<?xml version="1.0" encoding="UTF-8"?>
<alto xmlns:xsi="http://www.w3.org/2001/XMLSchema-instance"
      xmlns="http://www.loc.gov/standards/alto/ns-v4#"
      xsi:schemaLocation="http://www.loc.gov/standards/alto/ns-v4# http://www.loc.gov/standards/alto/v4/alto-4-2.xsd">
  <Description>
    <MeasurementUnit>pixel</MeasurementUnit>
    <sourceImageInformation>
      <fileName>1766-71,_Poetische_Werke,_Walthard,_Bd._4_Seite_267_Bild_0001.jpg</fileName>
    </sourceImageInformation>
  </Description>
  <Tags>
    <OtherTag ID="BT1" LABEL="Title" DESCRIPTION="block type Title"/><OtherTag ID="BT2" LABEL="Main" DESCRIPTION="block type Main"/><OtherTag ID="BT3" LABEL="Commentary" DESCRIPTION="block type Commentary"/><OtherTag ID="BT4" LABEL="Illustration" DESCRIPTION="block type Illustration"/><OtherTag ID="BT3920" LABEL="heading" DESCRIPTION="block type heading"/><OtherTag ID="BT3921" LABEL="paragraph" DESCRIPTION="block type paragraph"/><OtherTag ID="BT3922" LABEL="footnote" DESCRIPTION="block type footnote"/><OtherTag ID="BT3923" LABEL="l-column" DESCRIPTION="block type l-column"/><OtherTag ID="BT3924" LABEL="r-column" DESCRIPTION="block type r-column"/>
  </Tags>
  <Layout>
    <Page WIDTH="569"
          HEIGHT="917"
          PHYSICAL_IMG_NR="6"
          ID="eSc_dummypage_">
      <PrintSpace HPOS="0"
                  VPOS="0"
                  WIDTH="569"
                  HEIGHT="917">
        <TextBlock HPOS="109"
                   VPOS="102"
                   WIDTH="34"
                   HEIGHT="18"
                   ID="region_1719258772312_137"
                   TAGREFS="BT3921">
          <Shape><Polygon POINTS="109 105 143 102 143 119 110 120"/></Shape>
        </TextBlock>
        <TextBlock HPOS="225"
                   VPOS="92"
                   WIDTH="189"
                   HEIGHT="26"
                   ID="region_1719258777947_140"
                   TAGREFS="BT3921">
          <Shape><Polygon POINTS="225 92 408 93 414 118 225 118"/></Shape>
        </TextBlock>
        <TextBlock HPOS="147"
                   VPOS="136"
                   WIDTH="388"
                   HEIGHT="43"
                   ID="region_1719258798681_146"
                   TAGREFS="BT3922">
          <Shape><Polygon POINTS="147 179 535 174 533 136 147 136"/></Shape>
        </TextBlock>
        <TextBlock HPOS="132"
                   VPOS="187"
                   WIDTH="385"
                   HEIGHT="29"
                   ID="region_1719258805427_149"
                   TAGREFS="BT3922">
          <Shape><Polygon POINTS="133 193 517 187 516 216 132 216"/></Shape>
        </TextBlock>
        <TextBlock HPOS="131"
                   VPOS="228"
                   WIDTH="411"
                   HEIGHT="421"
                   ID="region_1719258811574_152"
                   TAGREFS="BT3922">
          <Shape><Polygon POINTS="131 228 541 228 542 643 148 649"/></Shape>
        </TextBlock>
        <TextBlock HPOS="139"
                   VPOS="663"
                   WIDTH="401"
                   HEIGHT="58"
                   ID="region_1719258819355_155"
                   TAGREFS="BT3922">
          <Shape><Polygon POINTS="540 663 139 664 145 721 540 721"/></Shape>
        </TextBlock>
        <TextBlock HPOS="139"
                   VPOS="739"
                   WIDTH="85"
                   HEIGHT="23"
                   ID="region_1719258824874_158"
                   TAGREFS="BT3922">
          <Shape><Polygon POINTS="224 759 139 762 139 739 224 739"/></Shape>
        </TextBlock>
      </PrintSpace>
    </Page>
  </Layout>
</alto>
