<?xml version="1.0" encoding="UTF-8"?>
<alto xmlns:xsi="http://www.w3.org/2001/XMLSchema-instance"
      xmlns="http://www.loc.gov/standards/alto/ns-v4#"
      xsi:schemaLocation="http://www.loc.gov/standards/alto/ns-v4# http://www.loc.gov/standards/alto/v4/alto-4-2.xsd">
  <Description>
    <MeasurementUnit>pixel</MeasurementUnit>
    <sourceImageInformation>
      <fileName>1766-71,_Poetische_Werke,_Walthard,_Bd._5_Seite_188_Bild_0001.jpg</fileName>
    </sourceImageInformation>
  </Description>
  <Tags>
    <OtherTag ID="BT1" LABEL="Title" DESCRIPTION="block type Title"/><OtherTag ID="BT2" LABEL="Main" DESCRIPTION="block type Main"/><OtherTag ID="BT3" LABEL="Commentary" DESCRIPTION="block type Commentary"/><OtherTag ID="BT4" LABEL="Illustration" DESCRIPTION="block type Illustration"/><OtherTag ID="BT3920" LABEL="heading" DESCRIPTION="block type heading"/><OtherTag ID="BT3921" LABEL="paragraph" DESCRIPTION="block type paragraph"/><OtherTag ID="BT3922" LABEL="footnote" DESCRIPTION="block type footnote"/><OtherTag ID="BT3923" LABEL="l-column" DESCRIPTION="block type l-column"/><OtherTag ID="BT3924" LABEL="r-column" DESCRIPTION="block type r-column"/>
  </Tags>
  <Layout>
    <Page WIDTH="569"
          HEIGHT="916"
          PHYSICAL_IMG_NR="10"
          ID="eSc_dummypage_">
      <PrintSpace HPOS="0"
                  VPOS="0"
                  WIDTH="569"
                  HEIGHT="916">
        <TextBlock HPOS="117"
                   VPOS="104"
                   WIDTH="282"
                   HEIGHT="23"
                   ID="region_1719317743396_895"
                   TAGREFS="BT3921">
          <Shape><Polygon POINTS="398 127 117 123 117 104 399 104"/></Shape>
        </TextBlock>
        <TextBlock HPOS="434"
                   VPOS="106"
                   WIDTH="30"
                   HEIGHT="20"
                   ID="region_1719317759589_903"
                   TAGREFS="BT3921">
          <Shape><Polygon POINTS="434 108 464 106 464 126 434 126"/></Shape>
        </TextBlock>
        <TextBlock HPOS="50"
                   VPOS="143"
                   WIDTH="266"
                   HEIGHT="54"
                   ID="region_1719317689277_868"
                   TAGREFS="BT3921">
          <Shape><Polygon POINTS="50 143 305 144 316 197 50 197"/></Shape>
        </TextBlock>
        <TextBlock HPOS="69"
                   VPOS="212"
                   WIDTH="149"
                   HEIGHT="22"
                   ID="region_1719317692552_871"
                   TAGREFS="BT3922">
          <Shape><Polygon POINTS="69 212 213 213 218 234 69 234"/></Shape>
        </TextBlock>
        <TextBlock HPOS="118"
                   VPOS="257"
                   WIDTH="285"
                   HEIGHT="34"
                   ID="region_1719317696261_874"
                   TAGREFS="BT3920">
          <Shape><Polygon POINTS="118 257 397 257 403 291 118 291"/></Shape>
        </TextBlock>
        <TextBlock HPOS="49"
                   VPOS="304"
                   WIDTH="31"
                   HEIGHT="35"
                   ID="region_1719317700957_877"
                   TAGREFS="BT3921">
          <Shape><Polygon POINTS="49 304 80 304 80 339 55 336"/></Shape>
        </TextBlock>
        <TextBlock HPOS="53"
                   VPOS="318"
                   WIDTH="365"
                   HEIGHT="112"
                   ID="region_1719317707275_880"
                   TAGREFS="BT3921">
          <Shape><Polygon POINTS="53 342 53 429 403 430 418 319 82 318 82 342"/></Shape>
        </TextBlock>
        <TextBlock HPOS="83"
                   VPOS="455"
                   WIDTH="358"
                   HEIGHT="31"
                   ID="region_1719317713188_883"
                   TAGREFS="BT3920">
          <Shape><Polygon POINTS="83 455 437 455 441 485 83 486"/></Shape>
        </TextBlock>
        <TextBlock HPOS="56"
                   VPOS="500"
                   WIDTH="43"
                   HEIGHT="36"
                   ID="region_1719317720713_886"
                   TAGREFS="BT3921">
          <Shape><Polygon POINTS="56 500 98 500 99 536 57 536"/></Shape>
        </TextBlock>
        <TextBlock HPOS="56"
                   VPOS="518"
                   WIDTH="414"
                   HEIGHT="172"
                   ID="region_1719317727197_889"
                   TAGREFS="BT3921">
          <Shape><Polygon POINTS="56 538 56 690 470 690 470 518 100 518 101 537"/></Shape>
        </TextBlock>
        <TextBlock HPOS="79"
                   VPOS="705"
                   WIDTH="262"
                   HEIGHT="25"
                   ID="region_1719317731824_892"
                   TAGREFS="BT3922">
          <Shape><Polygon POINTS="79 705 341 705 341 730 82 730"/></Shape>
        </TextBlock>
      </PrintSpace>
    </Page>
  </Layout>
</alto>
