<?xml version="1.0" encoding="UTF-8"?>
<alto xmlns:xsi="http://www.w3.org/2001/XMLSchema-instance"
      xmlns="http://www.loc.gov/standards/alto/ns-v4#"
      xsi:schemaLocation="http://www.loc.gov/standards/alto/ns-v4# http://www.loc.gov/standards/alto/v4/alto-4-2.xsd">
  <Description>
    <MeasurementUnit>pixel</MeasurementUnit>
    <sourceImageInformation>
      <fileName>1766-71,_Poetische_Werke,_Walthard,_Bd._2_Seite_016_Bild_0001.jpg</fileName>
    </sourceImageInformation>
  </Description>
  <Tags>
    <OtherTag ID="BT1" LABEL="Title" DESCRIPTION="block type Title"/><OtherTag ID="BT2" LABEL="Main" DESCRIPTION="block type Main"/><OtherTag ID="BT3" LABEL="Commentary" DESCRIPTION="block type Commentary"/><OtherTag ID="BT4" LABEL="Illustration" DESCRIPTION="block type Illustration"/><OtherTag ID="BT3920" LABEL="heading" DESCRIPTION="block type heading"/><OtherTag ID="BT3921" LABEL="paragraph" DESCRIPTION="block type paragraph"/><OtherTag ID="BT3922" LABEL="footnote" DESCRIPTION="block type footnote"/><OtherTag ID="BT3923" LABEL="l-column" DESCRIPTION="block type l-column"/><OtherTag ID="BT3924" LABEL="r-column" DESCRIPTION="block type r-column"/>
  </Tags>
  <Layout>
    <Page WIDTH="583"
          HEIGHT="915"
          PHYSICAL_IMG_NR="0"
          ID="eSc_dummypage_">
      <PrintSpace HPOS="0"
                  VPOS="0"
                  WIDTH="583"
                  HEIGHT="915">
        <TextBlock HPOS="209"
                   VPOS="114"
                   WIDTH="134"
                   HEIGHT="24"
                   ID="region_1718562317036_423"
                   TAGREFS="BT3921">
          <Shape><Polygon POINTS="209 114 338 115 343 138 209 138"/></Shape>
        </TextBlock>
        <TextBlock HPOS="471"
                   VPOS="121"
                   WIDTH="18"
                   HEIGHT="23"
                   ID="region_1718562307763_420"
                   TAGREFS="BT3921">
          <Shape><Polygon POINTS="471 121 489 121 489 144 471 144"/></Shape>
        </TextBlock>
        <TextBlock HPOS="67"
                   VPOS="147"
                   WIDTH="422"
                   HEIGHT="94"
                   ID="region_1718562330117_426"
                   TAGREFS="BT3921">
          <Shape><Polygon POINTS="67 147 489 147 483 239 67 241"/></Shape>
        </TextBlock>
        <TextBlock HPOS="67"
                   VPOS="263"
                   WIDTH="417"
                   HEIGHT="133"
                   ID="region_1718562342350_429"
                   TAGREFS="BT3921">
          <Shape><Polygon POINTS="484 263 67 267 69 396 484 396"/></Shape>
        </TextBlock>
        <TextBlock HPOS="83"
                   VPOS="416"
                   WIDTH="406"
                   HEIGHT="340"
                   ID="region_1718562367026_432"
                   TAGREFS="BT3922">
          <Shape><Polygon POINTS="83 416 487 416 489 756 83 751"/></Shape>
        </TextBlock>
        <TextBlock HPOS="63"
                   VPOS="758"
                   WIDTH="397"
                   HEIGHT="36"
                   ID="region_1718562373418_435"
                   TAGREFS="BT3922">
          <Shape><Polygon POINTS="63 758 458 769 460 794 63 794"/></Shape>
        </TextBlock>
      </PrintSpace>
    </Page>
  </Layout>
</alto>
