<?xml version="1.0" encoding="UTF-8"?>
<alto xmlns:xsi="http://www.w3.org/2001/XMLSchema-instance"
      xmlns="http://www.loc.gov/standards/alto/ns-v4#"
      xsi:schemaLocation="http://www.loc.gov/standards/alto/ns-v4# http://www.loc.gov/standards/alto/v4/alto-4-2.xsd">
  <Description>
    <MeasurementUnit>pixel</MeasurementUnit>
    <sourceImageInformation>
      <fileName>1772f.,_Poetische_Werke,_Walthard,_Bd._5,_VD18_90660129_Seite_044_Bild_0001.jpg</fileName>
    </sourceImageInformation>
  </Description>
  <Tags>
    <OtherTag ID="BT1" LABEL="Title" DESCRIPTION="block type Title"/><OtherTag ID="BT2" LABEL="Main" DESCRIPTION="block type Main"/><OtherTag ID="BT3" LABEL="Commentary" DESCRIPTION="block type Commentary"/><OtherTag ID="BT4" LABEL="Illustration" DESCRIPTION="block type Illustration"/><OtherTag ID="BT3920" LABEL="heading" DESCRIPTION="block type heading"/><OtherTag ID="BT3921" LABEL="paragraph" DESCRIPTION="block type paragraph"/><OtherTag ID="BT3922" LABEL="footnote" DESCRIPTION="block type footnote"/><OtherTag ID="BT3923" LABEL="l-column" DESCRIPTION="block type l-column"/><OtherTag ID="BT3924" LABEL="r-column" DESCRIPTION="block type r-column"/>
  </Tags>
  <Layout>
    <Page WIDTH="800"
          HEIGHT="1458"
          PHYSICAL_IMG_NR="17"
          ID="eSc_dummypage_">
      <PrintSpace HPOS="0"
                  VPOS="0"
                  WIDTH="800"
                  HEIGHT="1458">
        <TextBlock HPOS="170"
                   VPOS="154"
                   WIDTH="50"
                   HEIGHT="57"
                   ID="region_1740325241519_1179"
                   TAGREFS="BT3921">
          <Shape><Polygon POINTS="170 154 218 154 220 202 173 211"/></Shape>
        </TextBlock>
        <TextBlock HPOS="251"
                   VPOS="161"
                   WIDTH="430"
                   HEIGHT="39"
                   ID="region_1740325245158_1182"
                   TAGREFS="BT3921">
          <Shape><Polygon POINTS="273 162 681 161 675 199 251 200"/></Shape>
        </TextBlock>
        <TextBlock HPOS="176"
                   VPOS="224"
                   WIDTH="597"
                   HEIGHT="68"
                   ID="region_1740325250439_1185"
                   TAGREFS="BT3921">
          <Shape><Polygon POINTS="177 224 773 226 765 264 538 292 176 290"/></Shape>
        </TextBlock>
        <TextBlock HPOS="171"
                   VPOS="315"
                   WIDTH="602"
                   HEIGHT="99"
                   ID="region_1740325256815_1188"
                   TAGREFS="BT3921">
          <Shape><Polygon POINTS="259 315 773 316 767 386 518 395 502 414 171 414 173 346 236 346"/></Shape>
        </TextBlock>
        <TextBlock HPOS="252"
                   VPOS="431"
                   WIDTH="515"
                   HEIGHT="239"
                   ID="region_1740325268741_1191"
                   TAGREFS="BT3921">
          <Shape><Polygon POINTS="309 431 767 431 760 642 365 642 359 661 252 670 256 459 307 466"/></Shape>
        </TextBlock>
        <TextBlock HPOS="162"
                   VPOS="674"
                   WIDTH="598"
                   HEIGHT="409"
                   ID="region_1740325288727_1194"
                   TAGREFS="BT3921">
          <Shape><Polygon POINTS="254 674 760 680 753 1073 429 1080 162 1083 166 714 241 684"/></Shape>
        </TextBlock>
        <TextBlock HPOS="681"
                   VPOS="1080"
                   WIDTH="88"
                   HEIGHT="36"
                   ID="region_1740325294214_1197"
                   TAGREFS="BT3921">
          <Shape><Polygon POINTS="690 1080 769 1080 752 1116 681 1109"/></Shape>
        </TextBlock>
        <TextBlock HPOS="193"
                   VPOS="1124"
                   WIDTH="263"
                   HEIGHT="42"
                   ID="region_1740325299765_1200"
                   TAGREFS="BT3923">
          <Shape><Polygon POINTS="198 1129 456 1124 454 1166 193 1166"/></Shape>
        </TextBlock>
        <TextBlock HPOS="456"
                   VPOS="1115"
                   WIDTH="300"
                   HEIGHT="77"
                   ID="region_1740325306716_1203"
                   TAGREFS="BT3924">
          <Shape><Polygon POINTS="456 1186 466 1143 487 1145 499 1115 756 1127 750 1163 676 1166 675 1192"/></Shape>
        </TextBlock>
      </PrintSpace>
    </Page>
  </Layout>
</alto>
