<?xml version="1.0" encoding="UTF-8"?>
<alto xmlns:xsi="http://www.w3.org/2001/XMLSchema-instance"
      xmlns="http://www.loc.gov/standards/alto/ns-v4#"
      xsi:schemaLocation="http://www.loc.gov/standards/alto/ns-v4# http://www.loc.gov/standards/alto/v4/alto-4-2.xsd">
  <Description>
    <MeasurementUnit>pixel</MeasurementUnit>
    <sourceImageInformation>
      <fileName>1772f.,_Poetische_Werke,_Walthard,_Bd._5,_VD18_90660129_Seite_052_Bild_0001.jpg</fileName>
    </sourceImageInformation>
  </Description>
  <Tags>
    <OtherTag ID="BT1" LABEL="Title" DESCRIPTION="block type Title"/><OtherTag ID="BT2" LABEL="Main" DESCRIPTION="block type Main"/><OtherTag ID="BT3" LABEL="Commentary" DESCRIPTION="block type Commentary"/><OtherTag ID="BT4" LABEL="Illustration" DESCRIPTION="block type Illustration"/><OtherTag ID="BT3920" LABEL="heading" DESCRIPTION="block type heading"/><OtherTag ID="BT3921" LABEL="paragraph" DESCRIPTION="block type paragraph"/><OtherTag ID="BT3922" LABEL="footnote" DESCRIPTION="block type footnote"/><OtherTag ID="BT3923" LABEL="l-column" DESCRIPTION="block type l-column"/><OtherTag ID="BT3924" LABEL="r-column" DESCRIPTION="block type r-column"/>
  </Tags>
  <Layout>
    <Page WIDTH="800"
          HEIGHT="1458"
          PHYSICAL_IMG_NR="18"
          ID="eSc_dummypage_">
      <PrintSpace HPOS="0"
                  VPOS="0"
                  WIDTH="800"
                  HEIGHT="1458">
        <TextBlock HPOS="184"
                   VPOS="179"
                   WIDTH="52"
                   HEIGHT="40"
                   ID="region_1740324159944_764"
                   TAGREFS="BT3921">
          <Shape><Polygon POINTS="190 179 236 182 231 219 184 215"/></Shape>
        </TextBlock>
        <TextBlock HPOS="272"
                   VPOS="167"
                   WIDTH="429"
                   HEIGHT="44"
                   ID="region_1740324164706_767"
                   TAGREFS="BT3921">
          <Shape><Polygon POINTS="287 168 701 167 690 209 272 211"/></Shape>
        </TextBlock>
        <TextBlock HPOS="313"
                   VPOS="233"
                   WIDTH="389"
                   HEIGHT="140"
                   ID="region_1740324182818_770"
                   TAGREFS="BT3921">
          <Shape><Polygon POINTS="313 233 702 236 699 273 532 285 544 332 664 340 661 369 313 373 321 298"/></Shape>
        </TextBlock>
        <TextBlock HPOS="165"
                   VPOS="381"
                   WIDTH="619"
                   HEIGHT="244"
                   ID="region_1740324197092_773"
                   TAGREFS="BT3921">
          <Shape><Polygon POINTS="244 382 784 381 776 592 303 590 291 619 165 625 178 415 219 417"/></Shape>
        </TextBlock>
        <TextBlock HPOS="168"
                   VPOS="632"
                   WIDTH="607"
                   HEIGHT="308"
                   ID="region_1740324220218_776"
                   TAGREFS="BT3921">
          <Shape><Polygon POINTS="243 634 775 632 764 926 477 931 444 940 168 938 169 670 240 672"/></Shape>
        </TextBlock>
        <TextBlock HPOS="679"
                   VPOS="932"
                   WIDTH="89"
                   HEIGHT="33"
                   ID="region_1740324227517_779"
                   TAGREFS="BT3921">
          <Shape><Polygon POINTS="692 932 768 934 764 965 679 964"/></Shape>
        </TextBlock>
        <TextBlock HPOS="204"
                   VPOS="986"
                   WIDTH="130"
                   HEIGHT="27"
                   ID="region_1740324287077_799"
                   TAGREFS="BT3923">
          <Shape><Polygon POINTS="204 986 334 986 334 1012 204 1013"/></Shape>
        </TextBlock>
        <TextBlock HPOS="208"
                   VPOS="1011"
                   WIDTH="255"
                   HEIGHT="32"
                   ID="region_1740324315767_802"
                   TAGREFS="BT3923">
          <Shape><Polygon POINTS="211 1014 318 1014 428 1011 463 1015 460 1035 439 1038 410 1039 404 1038 239 1037 223 1043 216 1039 208 1038"/></Shape>
        </TextBlock>
        <TextBlock HPOS="201"
                   VPOS="1039"
                   WIDTH="259"
                   HEIGHT="27"
                   ID="region_1740324335746_805"
                   TAGREFS="BT3923">
          <Shape><Polygon POINTS="208 1042 223 1047 241 1044 252 1039 403 1039 422 1041 460 1041 459 1064 444 1066 201 1065 202 1057"/></Shape>
        </TextBlock>
        <TextBlock HPOS="170"
                   VPOS="1070"
                   WIDTH="296"
                   HEIGHT="98"
                   ID="region_1740324257886_785"
                   TAGREFS="BT3923">
          <Shape><Polygon POINTS="191 1070 463 1070 466 1165 170 1168 172 1097 187 1093"/></Shape>
        </TextBlock>
        <TextBlock HPOS="472"
                   VPOS="980"
                   WIDTH="296"
                   HEIGHT="176"
                   ID="region_1740324359810_808"
                   TAGREFS="BT3924">
          <Shape><Polygon POINTS="475 1156 627 1152 712 1151 757 1151 768 980 472 982"/></Shape>
        </TextBlock>
        <TextBlock HPOS="689"
                   VPOS="1153"
                   WIDTH="70"
                   HEIGHT="28"
                   ID="region_1740324371879_811"
                   TAGREFS="BT3921">
          <Shape><Polygon POINTS="689 1159 709 1153 754 1156 759 1161 757 1178 689 1181 691 1167"/></Shape>
        </TextBlock>
      </PrintSpace>
    </Page>
  </Layout>
</alto>
