<?xml version="1.0" encoding="UTF-8"?>
<alto xmlns:xsi="http://www.w3.org/2001/XMLSchema-instance"
      xmlns="http://www.loc.gov/standards/alto/ns-v4#"
      xsi:schemaLocation="http://www.loc.gov/standards/alto/ns-v4# http://www.loc.gov/standards/alto/v4/alto-4-2.xsd">
  <Description>
    <MeasurementUnit>pixel</MeasurementUnit>
    <sourceImageInformation>
      <fileName>1772f.,_Poetische_Werke,_Walthard,_Bd._1,_VD18_90660072_Seite_048_Bild_0001.jpg</fileName>
    </sourceImageInformation>
  </Description>
  <Tags>
    <OtherTag ID="BT1" LABEL="Title" DESCRIPTION="block type Title"/><OtherTag ID="BT2" LABEL="Main" DESCRIPTION="block type Main"/><OtherTag ID="BT3" LABEL="Commentary" DESCRIPTION="block type Commentary"/><OtherTag ID="BT4" LABEL="Illustration" DESCRIPTION="block type Illustration"/><OtherTag ID="BT3920" LABEL="heading" DESCRIPTION="block type heading"/><OtherTag ID="BT3921" LABEL="paragraph" DESCRIPTION="block type paragraph"/><OtherTag ID="BT3922" LABEL="footnote" DESCRIPTION="block type footnote"/><OtherTag ID="BT3923" LABEL="l-column" DESCRIPTION="block type l-column"/><OtherTag ID="BT3924" LABEL="r-column" DESCRIPTION="block type r-column"/>
  </Tags>
  <Layout>
    <Page WIDTH="800"
          HEIGHT="1447"
          PHYSICAL_IMG_NR="14"
          ID="eSc_dummypage_">
      <PrintSpace HPOS="0"
                  VPOS="0"
                  WIDTH="800"
                  HEIGHT="1447">
        <TextBlock HPOS="147"
                   VPOS="147"
                   WIDTH="54"
                   HEIGHT="35"
                   ID="region_1719319251980_1111"
                   TAGREFS="BT3921">
          <Shape><Polygon POINTS="155 149 201 147 201 182 147 182"/></Shape>
        </TextBlock>
        <TextBlock HPOS="311"
                   VPOS="135"
                   WIDTH="277"
                   HEIGHT="46"
                   ID="region_1719319257107_1114"
                   TAGREFS="BT3921">
          <Shape><Polygon POINTS="588 171 311 181 323 135 588 136"/></Shape>
        </TextBlock>
        <TextBlock HPOS="152"
                   VPOS="197"
                   WIDTH="602"
                   HEIGHT="273"
                   ID="region_1719319270759_1118"
                   TAGREFS="BT3921">
          <Shape><Polygon POINTS="152 199 754 197 754 470 160 468"/></Shape>
        </TextBlock>
        <TextBlock HPOS="147"
                   VPOS="506"
                   WIDTH="616"
                   HEIGHT="354"
                   ID="TextRegion_1720986586438_122"
                   TAGREFS="BT3921">
          <Shape><Polygon POINTS="147 515 754 506 763 815 634 815 634 858 634 860 168 857"/></Shape>
        </TextBlock>
        <TextBlock HPOS="643"
                   VPOS="824"
                   WIDTH="129"
                   HEIGHT="45"
                   ID="TextRegion_1720986586437_121"
                   TAGREFS="BT3921">
          <Shape><Polygon POINTS="643 824 772 824 763 855 643 869 643 867"/></Shape>
        </TextBlock>
        <TextBlock HPOS="250"
                   VPOS="901"
                   WIDTH="403"
                   HEIGHT="101"
                   ID="region_1719319288456_1124"
                   TAGREFS="BT3922">
          <Shape><Polygon POINTS="250 901 653 901 643 998 250 1002"/></Shape>
        </TextBlock>
        <TextBlock HPOS="244"
                   VPOS="1021"
                   WIDTH="399"
                   HEIGHT="107"
                   ID="TextRegion_1720986620506_131"
                   TAGREFS="BT3922">
          <Shape><Polygon POINTS="246 1021 623 1024 643 1092 611 1109 591 1127 244 1128"/></Shape>
        </TextBlock>
        <TextBlock HPOS="687"
                   VPOS="1134"
                   WIDTH="83"
                   HEIGHT="30"
                   ID="TextRegion_1720986620506_130"
                   TAGREFS="BT3921">
          <Shape><Polygon POINTS="696 1134 770 1135 770 1164 703 1164 687 1158"/></Shape>
        </TextBlock>
      </PrintSpace>
    </Page>
  </Layout>
</alto>
