<?xml version="1.0" encoding="UTF-8"?>
<alto xmlns:xsi="http://www.w3.org/2001/XMLSchema-instance"
      xmlns="http://www.loc.gov/standards/alto/ns-v4#"
      xsi:schemaLocation="http://www.loc.gov/standards/alto/ns-v4# http://www.loc.gov/standards/alto/v4/alto-4-2.xsd">
  <Description>
    <MeasurementUnit>pixel</MeasurementUnit>
    <sourceImageInformation>
      <fileName>1772f.,_Poetische_Werke,_Walthard,_Bd._1,_VD18_90660072_Seite_016_Bild_0001.jpg</fileName>
    </sourceImageInformation>
  </Description>
  <Tags>
    <OtherTag ID="BT1" LABEL="Title" DESCRIPTION="block type Title"/><OtherTag ID="BT2" LABEL="Main" DESCRIPTION="block type Main"/><OtherTag ID="BT3" LABEL="Commentary" DESCRIPTION="block type Commentary"/><OtherTag ID="BT4" LABEL="Illustration" DESCRIPTION="block type Illustration"/><OtherTag ID="BT3920" LABEL="heading" DESCRIPTION="block type heading"/><OtherTag ID="BT3921" LABEL="paragraph" DESCRIPTION="block type paragraph"/><OtherTag ID="BT3922" LABEL="footnote" DESCRIPTION="block type footnote"/><OtherTag ID="BT3923" LABEL="l-column" DESCRIPTION="block type l-column"/><OtherTag ID="BT3924" LABEL="r-column" DESCRIPTION="block type r-column"/>
  </Tags>
  <Layout>
    <Page WIDTH="800"
          HEIGHT="1447"
          PHYSICAL_IMG_NR="13"
          ID="eSc_dummypage_">
      <PrintSpace HPOS="0"
                  VPOS="0"
                  WIDTH="800"
                  HEIGHT="1447">
        <TextBlock HPOS="182"
                   VPOS="139"
                   WIDTH="28"
                   HEIGHT="29"
                   ID="region_1719318818471_1052"
                   TAGREFS="BT3921">
          <Shape><Polygon POINTS="182 139 210 139 208 167 182 168"/></Shape>
        </TextBlock>
        <TextBlock HPOS="395"
                   VPOS="130"
                   WIDTH="163"
                   HEIGHT="40"
                   ID="region_1719318822246_1055"
                   TAGREFS="BT3921">
          <Shape><Polygon POINTS="395 130 546 132 558 170 406 170"/></Shape>
        </TextBlock>
        <TextBlock HPOS="179"
                   VPOS="193"
                   WIDTH="604"
                   HEIGHT="177"
                   ID="region_1719318829256_1058"
                   TAGREFS="BT3921">
          <Shape><Polygon POINTS="179 193 779 193 783 357 179 370"/></Shape>
        </TextBlock>
        <TextBlock HPOS="180"
                   VPOS="396"
                   WIDTH="600"
                   HEIGHT="210"
                   ID="region_1719318836352_1061"
                   TAGREFS="BT3921">
          <Shape><Polygon POINTS="186 402 745 396 780 606 180 606"/></Shape>
        </TextBlock>
        <TextBlock HPOS="230"
                   VPOS="660"
                   WIDTH="427"
                   HEIGHT="45"
                   ID="region_1719318854406_1066"
                   TAGREFS="BT3921">
          <Shape><Polygon POINTS="233 660 657 660 657 705 230 701"/></Shape>
        </TextBlock>
        <TextBlock HPOS="605"
                   VPOS="1103"
                   WIDTH="163"
                   HEIGHT="51"
                   ID="region_1719318933651_1085"
                   TAGREFS="BT3921">
          <Shape><Polygon POINTS="605 1103 753 1103 768 1154 605 1154"/></Shape>
        </TextBlock>
      </PrintSpace>
    </Page>
  </Layout>
</alto>
