<?xml version="1.0" encoding="UTF-8"?>
<alto xmlns:xsi="http://www.w3.org/2001/XMLSchema-instance"
      xmlns="http://www.loc.gov/standards/alto/ns-v4#"
      xsi:schemaLocation="http://www.loc.gov/standards/alto/ns-v4# http://www.loc.gov/standards/alto/v4/alto-4-2.xsd">
  <Description>
    <MeasurementUnit>pixel</MeasurementUnit>
    <sourceImageInformation>
      <fileName>1772f.,_Poetische_Werke,_Walthard,_Bd._4,_VD18_90660110_Seite_147_Bild_0001.jpg</fileName>
    </sourceImageInformation>
  </Description>
  <Tags>
    <OtherTag ID="BT1" LABEL="Title" DESCRIPTION="block type Title"/><OtherTag ID="BT2" LABEL="Main" DESCRIPTION="block type Main"/><OtherTag ID="BT3" LABEL="Commentary" DESCRIPTION="block type Commentary"/><OtherTag ID="BT4" LABEL="Illustration" DESCRIPTION="block type Illustration"/><OtherTag ID="BT3920" LABEL="heading" DESCRIPTION="block type heading"/><OtherTag ID="BT3921" LABEL="paragraph" DESCRIPTION="block type paragraph"/><OtherTag ID="BT3922" LABEL="footnote" DESCRIPTION="block type footnote"/><OtherTag ID="BT3923" LABEL="l-column" DESCRIPTION="block type l-column"/><OtherTag ID="BT3924" LABEL="r-column" DESCRIPTION="block type r-column"/>
  </Tags>
  <Layout>
    <Page WIDTH="800"
          HEIGHT="1420"
          PHYSICAL_IMG_NR="15"
          ID="eSc_dummypage_">
      <PrintSpace HPOS="0"
                  VPOS="0"
                  WIDTH="800"
                  HEIGHT="1420">
        <TextBlock HPOS="238"
                   VPOS="160"
                   WIDTH="196"
                   HEIGHT="47"
                   ID="region_1740323426683_583"
                   TAGREFS="BT3921">
          <Shape><Polygon POINTS="249 160 434 162 432 207 238 201"/></Shape>
        </TextBlock>
        <TextBlock HPOS="550"
                   VPOS="167"
                   WIDTH="76"
                   HEIGHT="41"
                   ID="region_1740323430869_586"
                   TAGREFS="BT3921">
          <Shape><Polygon POINTS="550 167 626 168 617 208 553 202"/></Shape>
        </TextBlock>
        <TextBlock HPOS="53"
                   VPOS="215"
                   WIDTH="577"
                   HEIGHT="182"
                   ID="region_1740323444736_589"
                   TAGREFS="BT3921">
          <Shape><Polygon POINTS="112 259 320 215 614 261 630 351 565 381 57 397 53 281"/></Shape>
        </TextBlock>
        <TextBlock HPOS="55"
                   VPOS="392"
                   WIDTH="590"
                   HEIGHT="190"
                   ID="region_1740323460024_592"
                   TAGREFS="BT3921">
          <Shape><Polygon POINTS="283 392 399 392 645 421 503 578 55 582 57 475 118 410"/></Shape>
        </TextBlock>
        <TextBlock HPOS="53"
                   VPOS="585"
                   WIDTH="587"
                   HEIGHT="190"
                   ID="region_1740323479950_595"
                   TAGREFS="BT3921">
          <Shape><Polygon POINTS="289 587 390 585 623 620 622 664 491 662 619 695 640 742 602 775 53 773 61 683 115 659 122 616 263 606"/></Shape>
        </TextBlock>
        <TextBlock HPOS="193"
                   VPOS="808"
                   WIDTH="284"
                   HEIGHT="83"
                   ID="region_1740323517773_601"
                   TAGREFS="BT3920">
          <Shape><Polygon POINTS="204 808 477 814 468 850 434 859 426 891 245 891 246 852 193 843"/></Shape>
        </TextBlock>
        <TextBlock HPOS="66"
                   VPOS="892"
                   WIDTH="62"
                   HEIGHT="54"
                   ID="region_1740323537169_604"
                   TAGREFS="BT3921">
          <Shape><Polygon POINTS="118 902 126 901 128 893 69 892 66 903 71 918 67 945 127 946 126 940 119 932"/></Shape>
        </TextBlock>
        <TextBlock HPOS="67"
                   VPOS="888"
                   WIDTH="434"
                   HEIGHT="272"
                   ID="region_1740323565198_607"
                   TAGREFS="BT3921">
          <Shape><Polygon POINTS="132 901 134 888 266 895 440 898 501 934 473 994 458 1096 406 1160 67 1154 68 955 142 962 121 928 120 905"/></Shape>
        </TextBlock>
        <TextBlock HPOS="531"
                   VPOS="1147"
                   WIDTH="100"
                   HEIGHT="37"
                   ID="region_1740323572082_610"
                   TAGREFS="BT3921">
          <Shape><Polygon POINTS="533 1147 631 1149 631 1184 531 1180"/></Shape>
        </TextBlock>
      </PrintSpace>
    </Page>
  </Layout>
</alto>
