<?xml version="1.0" encoding="UTF-8"?>
<alto xmlns:xsi="http://www.w3.org/2001/XMLSchema-instance"
      xmlns="http://www.loc.gov/standards/alto/ns-v4#"
      xsi:schemaLocation="http://www.loc.gov/standards/alto/ns-v4# http://www.loc.gov/standards/alto/v4/alto-4-2.xsd">
  <Description>
    <MeasurementUnit>pixel</MeasurementUnit>
    <sourceImageInformation>
      <fileName>1772f.,_Poetische_Werke,_Walthard,_Bd._4,_VD18_90660110_Seite_076_Bild_0001.jpg</fileName>
    </sourceImageInformation>
  </Description>
  <Tags>
    <OtherTag ID="BT1" LABEL="Title" DESCRIPTION="block type Title"/><OtherTag ID="BT2" LABEL="Main" DESCRIPTION="block type Main"/><OtherTag ID="BT3" LABEL="Commentary" DESCRIPTION="block type Commentary"/><OtherTag ID="BT4" LABEL="Illustration" DESCRIPTION="block type Illustration"/><OtherTag ID="BT3920" LABEL="heading" DESCRIPTION="block type heading"/><OtherTag ID="BT3921" LABEL="paragraph" DESCRIPTION="block type paragraph"/><OtherTag ID="BT3922" LABEL="footnote" DESCRIPTION="block type footnote"/><OtherTag ID="BT3923" LABEL="l-column" DESCRIPTION="block type l-column"/><OtherTag ID="BT3924" LABEL="r-column" DESCRIPTION="block type r-column"/>
  </Tags>
  <Layout>
    <Page WIDTH="800"
          HEIGHT="1420"
          PHYSICAL_IMG_NR="23"
          ID="eSc_dummypage_">
      <PrintSpace HPOS="0"
                  VPOS="0"
                  WIDTH="800"
                  HEIGHT="1420">
        <TextBlock HPOS="198"
                   VPOS="141"
                   WIDTH="57"
                   HEIGHT="41"
                   ID="region_1740323025052_386"
                   TAGREFS="BT3921">
          <Shape><Polygon POINTS="204 141 255 143 246 182 198 178"/></Shape>
        </TextBlock>
        <TextBlock HPOS="363"
                   VPOS="144"
                   WIDTH="243"
                   HEIGHT="43"
                   ID="region_1740323030208_389"
                   TAGREFS="BT3921">
          <Shape><Polygon POINTS="397 144 606 145 602 187 363 180 367 144"/></Shape>
        </TextBlock>
        <TextBlock HPOS="188"
                   VPOS="200"
                   WIDTH="526"
                   HEIGHT="201"
                   ID="region_1740323038525_392"
                   TAGREFS="BT3921">
          <Shape><Polygon POINTS="258 200 714 203 701 284 642 401 189 401 188 231 252 230"/></Shape>
        </TextBlock>
        <TextBlock HPOS="182"
                   VPOS="434"
                   WIDTH="530"
                   HEIGHT="209"
                   ID="region_1740323083882_409"
                   TAGREFS="BT3921">
          <Shape><Polygon POINTS="263 434 712 438 655 643 182 639 187 461 246 460"/></Shape>
        </TextBlock>
        <TextBlock HPOS="268"
                   VPOS="737"
                   WIDTH="404"
                   HEIGHT="49"
                   ID="region_1740323126524_415"
                   TAGREFS="BT3920">
          <Shape><Polygon POINTS="295 737 672 740 659 786 268 780"/></Shape>
        </TextBlock>
        <TextBlock HPOS="189"
                   VPOS="809"
                   WIDTH="28"
                   HEIGHT="54"
                   ID="region_1740323149038_418"
                   TAGREFS="BT3921">
          <Shape><Polygon POINTS="212 815 216 815 217 810 191 809 189 863 216 863 217 853 211 830"/></Shape>
        </TextBlock>
        <TextBlock HPOS="180"
                   VPOS="805"
                   WIDTH="529"
                   HEIGHT="271"
                   ID="region_1740323189410_425"
                   TAGREFS="BT3921">
          <Shape><Polygon POINTS="217 816 221 813 238 805 556 810 709 845 702 895 640 971 696 1047 664 1073 180 1076 185 876 200 875 226 871 217 843 214 825"/></Shape>
        </TextBlock>
        <TextBlock HPOS="690"
                   VPOS="1096"
                   WIDTH="63"
                   HEIGHT="39"
                   ID="region_1740323283278_465"
                   TAGREFS="BT3921">
          <Shape><Polygon POINTS="691 1096 753 1105 748 1135 690 1131"/></Shape>
        </TextBlock>
      </PrintSpace>
    </Page>
  </Layout>
</alto>
