<?xml version="1.0" encoding="UTF-8"?>
<alto xmlns:xsi="http://www.w3.org/2001/XMLSchema-instance"
      xmlns="http://www.loc.gov/standards/alto/ns-v4#"
      xsi:schemaLocation="http://www.loc.gov/standards/alto/ns-v4# http://www.loc.gov/standards/alto/v4/alto-4-2.xsd">
  <Description>
    <MeasurementUnit>pixel</MeasurementUnit>
    <sourceImageInformation>
      <fileName>1772f.,_Poetische_Werke,_Walthard,_Bd._2,_VD18_90660080_Seite_046_Bild_0001.jpg</fileName>
    </sourceImageInformation>
  </Description>
  <Tags>
    <OtherTag ID="BT1" LABEL="Title" DESCRIPTION="block type Title"/><OtherTag ID="BT2" LABEL="Main" DESCRIPTION="block type Main"/><OtherTag ID="BT3" LABEL="Commentary" DESCRIPTION="block type Commentary"/><OtherTag ID="BT4" LABEL="Illustration" DESCRIPTION="block type Illustration"/><OtherTag ID="BT3920" LABEL="heading" DESCRIPTION="block type heading"/><OtherTag ID="BT3921" LABEL="paragraph" DESCRIPTION="block type paragraph"/><OtherTag ID="BT3922" LABEL="footnote" DESCRIPTION="block type footnote"/><OtherTag ID="BT3923" LABEL="l-column" DESCRIPTION="block type l-column"/><OtherTag ID="BT3924" LABEL="r-column" DESCRIPTION="block type r-column"/>
  </Tags>
  <Layout>
    <Page WIDTH="800"
          HEIGHT="1446"
          PHYSICAL_IMG_NR="20"
          ID="eSc_dummypage_">
      <PrintSpace HPOS="0"
                  VPOS="0"
                  WIDTH="800"
                  HEIGHT="1446">
        <TextBlock HPOS="185"
                   VPOS="147"
                   WIDTH="46"
                   HEIGHT="34"
                   ID="region_1740321870018_63"
                   TAGREFS="BT3921">
          <Shape><Polygon POINTS="188 147 230 147 231 181 185 179"/></Shape>
        </TextBlock>
        <TextBlock HPOS="303"
                   VPOS="137"
                   WIDTH="337"
                   HEIGHT="44"
                   ID="region_1740321880108_66"
                   TAGREFS="BT3921">
          <Shape><Polygon POINTS="313 137 640 138 633 181 303 175"/></Shape>
        </TextBlock>
        <TextBlock HPOS="181"
                   VPOS="200"
                   WIDTH="580"
                   HEIGHT="101"
                   ID="region_1740321894653_69"
                   TAGREFS="BT3921">
          <Shape><Polygon POINTS="187 200 761 200 755 246 733 267 607 299 181 301"/></Shape>
        </TextBlock>
        <TextBlock HPOS="176"
                   VPOS="316"
                   WIDTH="586"
                   HEIGHT="234"
                   ID="region_1740321912587_72"
                   TAGREFS="BT3921">
          <Shape><Polygon POINTS="245 316 725 326 707 365 607 400 762 416 757 449 632 468 662 496 630 546 176 550 176 343 234 339"/></Shape>
        </TextBlock>
        <TextBlock HPOS="171"
                   VPOS="561"
                   WIDTH="589"
                   HEIGHT="199"
                   ID="region_1740321938552_77"
                   TAGREFS="BT3921">
          <Shape><Polygon POINTS="240 561 718 561 716 593 596 650 760 661 751 697 551 760 174 755 171 596 234 589"/></Shape>
        </TextBlock>
        <TextBlock HPOS="682"
                   VPOS="753"
                   WIDTH="72"
                   HEIGHT="43"
                   ID="region_1740321943860_80"
                   TAGREFS="BT3921">
          <Shape><Polygon POINTS="685 753 754 756 744 796 682 789"/></Shape>
        </TextBlock>
        <TextBlock HPOS="164"
                   VPOS="790"
                   WIDTH="295"
                   HEIGHT="72"
                   ID="TextRegion_1740324521902_903"
                   TAGREFS="BT3923">
          <Shape><Polygon POINTS="164 790 459 791 458 852 321 852 288 859 239 859 183 862 164 861"/></Shape>
        </TextBlock>
        <TextBlock HPOS="163"
                   VPOS="854"
                   WIDTH="295"
                   HEIGHT="316"
                   ID="TextRegion_1740324521901_902"
                   TAGREFS="BT3923">
          <Shape><Polygon POINTS="163 866 180 865 240 861 296 862 321 854 458 854 456 1170 163 1170"/></Shape>
        </TextBlock>
        <TextBlock HPOS="466"
                   VPOS="786"
                   WIDTH="289"
                   HEIGHT="354"
                   ID="region_1740322080652_87"
                   TAGREFS="BT3924">
          <Shape><Polygon POINTS="467 786 755 799 742 1129 615 1140 466 1133"/></Shape>
        </TextBlock>
        <TextBlock HPOS="711"
                   VPOS="1147"
                   WIDTH="39"
                   HEIGHT="32"
                   ID="region_1740322087238_90"
                   TAGREFS="BT3921">
          <Shape><Polygon POINTS="715 1147 750 1148 743 1179 711 1174"/></Shape>
        </TextBlock>
      </PrintSpace>
    </Page>
  </Layout>
</alto>
