<?xml version="1.0" encoding="UTF-8" standalone="yes"?>
<ns3:mets xmlns:ns2="http://www.w3.org/1999/xlink" xmlns:ns3="http://www.loc.gov/METS/" xmlns:xsi="http://www.w3.org/2001/XMLSchema-instance" OBJID="2986766" LABEL="Walthard" PROFILE="TRP_V1" xsi:schemaLocation="http://www.loc.gov/METS/ http://www.loc.gov/standards/mets/mets.xsd">
    <ns3:metsHdr CREATEDATE="2024-06-25T17:23:35.828+02:00" LASTMODDATE="2024-06-25T17:23:35.828+02:00" RECORDSTATUS="SUBMITTED">
        <ns3:agent ROLE="CREATOR" TYPE="ORGANIZATION">
            <ns3:name>UIBK</ns3:name>
            <ns3:note>This METS file was generated by Transkribus</ns3:note>
        </ns3:agent>
    </ns3:metsHdr>
    <ns3:amdSec ID="SOURCE">
        <ns3:sourceMD ID="MD_ORIG">
            <ns3:mdWrap ID="TRP_DOC_MD" MDTYPE="OTHER">
                <ns3:xmlData>
                    <trpDocMetadata>
                        <docId>2986766</docId>
                        <title>Walthard</title>
                        <uploadTimestamp>1719324382759</uploadTimestamp>
                        <uploader>st162871@stud.uni-stuttgart.de</uploader>
                        <uploaderId>241044</uploaderId>
                        <nrOfPages>28</nrOfPages>
                        <pageId>73470075</pageId>
                        <url>https://files.transkribus.eu/Get?fileType=view&amp;id=CAYWIXZREBYDKXWCNMSFWLZP</url>
                        <thumbUrl>https://files.transkribus.eu/Get?fileType=thumb&amp;id=CAYWIXZREBYDKXWCNMSFWLZP</thumbUrl>
                        <externalId>NA</externalId>
                        <authority>NA</authority>
                        <status>0</status>
                        <fimgStoreColl>TrpDoc_DEA_2986766</fimgStoreColl>
                        <localFolder>/mnt/transkribus/export/TRP_EXPORT_1883618895044843176/2986766/Walthard</localFolder>
                        <origDocId>0</origDocId>
                        <collectionList>
                            <colList>
<colId>362530</colId>
<colName>st162871@stud.uni-stuttgart.de Collection</colName>
<description>st162871@stud.uni-stuttgart.de</description>
<crowdsourcing>false</crowdsourcing>
<elearning>false</elearning>
<nrOfDocuments>0</nrOfDocuments>
                            </colList>
                        </collectionList>
                        <mainColId>362530</mainColId>
                    </trpDocMetadata>
                </ns3:xmlData>
            </ns3:mdWrap>
        </ns3:sourceMD>
    </ns3:amdSec>
    <ns3:fileSec>
        <ns3:fileGrp ID="MASTER">
            <ns3:fileGrp ID="IMG">
                <ns3:file ID="IMG_1" SEQ="1" MIMETYPE="image/jpeg" CREATED="2024-06-25T16:06:22.870+02:00" CHECKSUM="0e3536f1c9c501c48a3a557c5760ba72" CHECKSUMTYPE="MD5">
                    <ns3:FLocat LOCTYPE="OTHER" OTHERLOCTYPE="FILE" ns2:type="simple" ns2:href="1766-71,_Poetische_Werke,_Walthard,_Bd._2_Seite_010_Bild_0001.jpg"/>
                </ns3:file>
                <ns3:file ID="IMG_2" SEQ="2" MIMETYPE="image/jpeg" CREATED="2024-06-25T16:06:23.212+02:00" CHECKSUM="1fa40574d0e404445873ece7bc06f361" CHECKSUMTYPE="MD5">
                    <ns3:FLocat LOCTYPE="OTHER" OTHERLOCTYPE="FILE" ns2:type="simple" ns2:href="1766-71,_Poetische_Werke,_Walthard,_Bd._2_Seite_015_Bild_0001.jpg"/>
                </ns3:file>
                <ns3:file ID="IMG_3" SEQ="3" MIMETYPE="image/jpeg" CREATED="2024-06-25T16:06:23.546+02:00" CHECKSUM="36067c7096783d5b98042d1f42492981" CHECKSUMTYPE="MD5">
                    <ns3:FLocat LOCTYPE="OTHER" OTHERLOCTYPE="FILE" ns2:type="simple" ns2:href="1766-71,_Poetische_Werke,_Walthard,_Bd._2_Seite_016_Bild_0001.jpg"/>
                </ns3:file>
                <ns3:file ID="IMG_4" SEQ="4" MIMETYPE="image/jpeg" CREATED="2024-06-25T16:06:23.861+02:00" CHECKSUM="8589f8e746a6c23d5a54ab3bf584d84a" CHECKSUMTYPE="MD5">
                    <ns3:FLocat LOCTYPE="OTHER" OTHERLOCTYPE="FILE" ns2:type="simple" ns2:href="1766-71,_Poetische_Werke,_Walthard,_Bd._2_Seite_030_Bild_0001.jpg"/>
                </ns3:file>
                <ns3:file ID="IMG_5" SEQ="5" MIMETYPE="image/jpeg" CREATED="2024-06-25T16:06:24.194+02:00" CHECKSUM="3aff47a4c404f74cf28e90a0cbcf5047" CHECKSUMTYPE="MD5">
                    <ns3:FLocat LOCTYPE="OTHER" OTHERLOCTYPE="FILE" ns2:type="simple" ns2:href="1766-71,_Poetische_Werke,_Walthard,_Bd._2_Seite_034_Bild_0001.jpg"/>
                </ns3:file>
                <ns3:file ID="IMG_6" SEQ="6" MIMETYPE="image/jpeg" CREATED="2024-06-25T16:06:24.497+02:00" CHECKSUM="3c445cdabed8788926d3e9d9935a9a17" CHECKSUMTYPE="MD5">
                    <ns3:FLocat LOCTYPE="OTHER" OTHERLOCTYPE="FILE" ns2:type="simple" ns2:href="1766-71,_Poetische_Werke,_Walthard,_Bd._3_Seite_012_Bild_0001.jpg"/>
                </ns3:file>
                <ns3:file ID="IMG_7" SEQ="7" MIMETYPE="image/jpeg" CREATED="2024-06-25T16:06:24.814+02:00" CHECKSUM="d50d353392b4eb18f31a23857fe75ddb" CHECKSUMTYPE="MD5">
                    <ns3:FLocat LOCTYPE="OTHER" OTHERLOCTYPE="FILE" ns2:type="simple" ns2:href="1766-71,_Poetische_Werke,_Walthard,_Bd._3_Seite_019_Bild_0001.jpg"/>
                </ns3:file>
                <ns3:file ID="IMG_8" SEQ="8" MIMETYPE="image/jpeg" CREATED="2024-06-25T16:06:25.115+02:00" CHECKSUM="bb1225a059899c2adcbe9ade15c6794b" CHECKSUMTYPE="MD5">
                    <ns3:FLocat LOCTYPE="OTHER" OTHERLOCTYPE="FILE" ns2:type="simple" ns2:href="1766-71,_Poetische_Werke,_Walthard,_Bd._3_Seite_030_Bild_0001.jpg"/>
                </ns3:file>
                <ns3:file ID="IMG_9" SEQ="9" MIMETYPE="image/jpeg" CREATED="2024-06-25T16:06:25.417+02:00" CHECKSUM="44cdac44564237b39749fc7710e038f5" CHECKSUMTYPE="MD5">
                    <ns3:FLocat LOCTYPE="OTHER" OTHERLOCTYPE="FILE" ns2:type="simple" ns2:href="1766-71,_Poetische_Werke,_Walthard,_Bd._3_Seite_066_Bild_0001.jpg"/>
                </ns3:file>
                <ns3:file ID="IMG_10" SEQ="10" MIMETYPE="image/jpeg" CREATED="2024-06-25T16:06:25.713+02:00" CHECKSUM="edb7a2157ee3f8cfde9ed494a6e02c73" CHECKSUMTYPE="MD5">
                    <ns3:FLocat LOCTYPE="OTHER" OTHERLOCTYPE="FILE" ns2:type="simple" ns2:href="1766-71,_Poetische_Werke,_Walthard,_Bd._3_Seite_074_Bild_0001.jpg"/>
                </ns3:file>
                <ns3:file ID="IMG_11" SEQ="11" MIMETYPE="image/jpeg" CREATED="2024-06-25T16:06:26.021+02:00" CHECKSUM="2e6b2fd721178f6014f77cb6084aaaf4" CHECKSUMTYPE="MD5">
                    <ns3:FLocat LOCTYPE="OTHER" OTHERLOCTYPE="FILE" ns2:type="simple" ns2:href="1766-71,_Poetische_Werke,_Walthard,_Bd._4_Seite_267_Bild_0001.jpg"/>
                </ns3:file>
                <ns3:file ID="IMG_12" SEQ="12" MIMETYPE="image/jpeg" CREATED="2024-06-25T16:06:26.330+02:00" CHECKSUM="faacf0f900f57fc458a760b31c578c67" CHECKSUMTYPE="MD5">
                    <ns3:FLocat LOCTYPE="OTHER" OTHERLOCTYPE="FILE" ns2:type="simple" ns2:href="1766-71,_Poetische_Werke,_Walthard,_Bd._4_Seite_269_Bild_0001.jpg"/>
                </ns3:file>
                <ns3:file ID="IMG_13" SEQ="13" MIMETYPE="image/jpeg" CREATED="2024-06-25T16:06:26.653+02:00" CHECKSUM="5b813f7c0005be91d8a9c8bd990515f6" CHECKSUMTYPE="MD5">
                    <ns3:FLocat LOCTYPE="OTHER" OTHERLOCTYPE="FILE" ns2:type="simple" ns2:href="1766-71,_Poetische_Werke,_Walthard,_Bd._4_Seite_270_Bild_0001.jpg"/>
                </ns3:file>
                <ns3:file ID="IMG_14" SEQ="14" MIMETYPE="image/jpeg" CREATED="2024-06-25T16:06:26.974+02:00" CHECKSUM="8db97aea9e45c826932dd85ea4333e86" CHECKSUMTYPE="MD5">
                    <ns3:FLocat LOCTYPE="OTHER" OTHERLOCTYPE="FILE" ns2:type="simple" ns2:href="1766-71,_Poetische_Werke,_Walthard,_Bd._4_Seite_274_Bild_0001.jpg"/>
                </ns3:file>
                <ns3:file ID="IMG_15" SEQ="15" MIMETYPE="image/jpeg" CREATED="2024-06-25T16:06:27.287+02:00" CHECKSUM="bb96856fbd1b273db27908bacf4409d9" CHECKSUMTYPE="MD5">
                    <ns3:FLocat LOCTYPE="OTHER" OTHERLOCTYPE="FILE" ns2:type="simple" ns2:href="1766-71,_Poetische_Werke,_Walthard,_Bd._5_Seite_043_Bild_0001.jpg"/>
                </ns3:file>
                <ns3:file ID="IMG_16" SEQ="16" MIMETYPE="image/jpeg" CREATED="2024-06-25T16:06:27.584+02:00" CHECKSUM="580e2ab382cca5cdb223073d2f4d4aa5" CHECKSUMTYPE="MD5">
                    <ns3:FLocat LOCTYPE="OTHER" OTHERLOCTYPE="FILE" ns2:type="simple" ns2:href="1766-71,_Poetische_Werke,_Walthard,_Bd._5_Seite_044_Bild_0001.jpg"/>
                </ns3:file>
                <ns3:file ID="IMG_17" SEQ="17" MIMETYPE="image/jpeg" CREATED="2024-06-25T16:06:27.887+02:00" CHECKSUM="6ff5e2e5a2a92f036569d396cbe8c26b" CHECKSUMTYPE="MD5">
                    <ns3:FLocat LOCTYPE="OTHER" OTHERLOCTYPE="FILE" ns2:type="simple" ns2:href="1766-71,_Poetische_Werke,_Walthard,_Bd._5_Seite_083_Bild_0001.jpg"/>
                </ns3:file>
                <ns3:file ID="IMG_18" SEQ="18" MIMETYPE="image/jpeg" CREATED="2024-06-25T16:06:28.206+02:00" CHECKSUM="bf23eed2a9c8087b4e2d14e604e4db1e" CHECKSUMTYPE="MD5">
                    <ns3:FLocat LOCTYPE="OTHER" OTHERLOCTYPE="FILE" ns2:type="simple" ns2:href="1766-71,_Poetische_Werke,_Walthard,_Bd._5_Seite_103_Bild_0001.jpg"/>
                </ns3:file>
                <ns3:file ID="IMG_19" SEQ="19" MIMETYPE="image/jpeg" CREATED="2024-06-25T16:06:28.514+02:00" CHECKSUM="35742e75c3301d23586a012ba52f7b33" CHECKSUMTYPE="MD5">
                    <ns3:FLocat LOCTYPE="OTHER" OTHERLOCTYPE="FILE" ns2:type="simple" ns2:href="1766-71,_Poetische_Werke,_Walthard,_Bd._5_Seite_173_Bild_0001.jpg"/>
                </ns3:file>
                <ns3:file ID="IMG_20" SEQ="20" MIMETYPE="image/jpeg" CREATED="2024-06-25T16:06:28.993+02:00" CHECKSUM="2067fa93628fd9cc493cef296e815edd" CHECKSUMTYPE="MD5">
                    <ns3:FLocat LOCTYPE="OTHER" OTHERLOCTYPE="FILE" ns2:type="simple" ns2:href="1766-71,_Poetische_Werke,_Walthard,_Bd._5_Seite_188_Bild_0001.jpg"/>
                </ns3:file>
                <ns3:file ID="IMG_21" SEQ="21" MIMETYPE="image/jpeg" CREATED="2024-06-25T16:06:29.297+02:00" CHECKSUM="1ab5557e719d8181b781a2121e89bbcf" CHECKSUMTYPE="MD5">
                    <ns3:FLocat LOCTYPE="OTHER" OTHERLOCTYPE="FILE" ns2:type="simple" ns2:href="1766-71,_Poetische_Werke,_Walthard,_Bd._5_Seite_195_Bild_0001.jpg"/>
                </ns3:file>
                <ns3:file ID="IMG_22" SEQ="22" MIMETYPE="image/jpeg" CREATED="2024-06-25T16:06:29.607+02:00" CHECKSUM="d720c8d3e95a30fb69e465cae3f52831" CHECKSUMTYPE="MD5">
                    <ns3:FLocat LOCTYPE="OTHER" OTHERLOCTYPE="FILE" ns2:type="simple" ns2:href="1772f.,_Poetische_Werke,_Walthard,_Bd._1,_VD18_90660072_Seite_012_Bild_0001.jpg"/>
                </ns3:file>
                <ns3:file ID="IMG_23" SEQ="23" MIMETYPE="image/jpeg" CREATED="2024-06-25T16:06:29.902+02:00" CHECKSUM="b4c6053a98752f89876c4d86c9a7d6ff" CHECKSUMTYPE="MD5">
                    <ns3:FLocat LOCTYPE="OTHER" OTHERLOCTYPE="FILE" ns2:type="simple" ns2:href="1772f.,_Poetische_Werke,_Walthard,_Bd._1,_VD18_90660072_Seite_016_Bild_0001.jpg"/>
                </ns3:file>
                <ns3:file ID="IMG_24" SEQ="24" MIMETYPE="image/jpeg" CREATED="2024-06-25T16:06:30.227+02:00" CHECKSUM="3f68bac3eaeea9966a1dfa87a0bb2965" CHECKSUMTYPE="MD5">
                    <ns3:FLocat LOCTYPE="OTHER" OTHERLOCTYPE="FILE" ns2:type="simple" ns2:href="1772f.,_Poetische_Werke,_Walthard,_Bd._1,_VD18_90660072_Seite_048_Bild_0001.jpg"/>
                </ns3:file>
                <ns3:file ID="IMG_25" SEQ="25" MIMETYPE="image/jpeg" CREATED="2024-06-25T16:06:30.540+02:00" CHECKSUM="754d499370575984c8dbc484fceb23d3" CHECKSUMTYPE="MD5">
                    <ns3:FLocat LOCTYPE="OTHER" OTHERLOCTYPE="FILE" ns2:type="simple" ns2:href="1772f.,_Poetische_Werke,_Walthard,_Bd._1,_VD18_90660072_Seite_052_Bild_0001.jpg"/>
                </ns3:file>
                <ns3:file ID="IMG_26" SEQ="26" MIMETYPE="image/jpeg" CREATED="2024-06-25T16:06:30.865+02:00" CHECKSUM="e3bbfa7a18c7875882eab2851cc7175b" CHECKSUMTYPE="MD5">
                    <ns3:FLocat LOCTYPE="OTHER" OTHERLOCTYPE="FILE" ns2:type="simple" ns2:href="1772f.,_Poetische_Werke,_Walthard,_Bd._1,_VD18_90660072_Seite_068_Bild_0001.jpg"/>
                </ns3:file>
                <ns3:file ID="IMG_27" SEQ="27" MIMETYPE="image/jpeg" CREATED="2024-06-25T16:06:31.183+02:00" CHECKSUM="df17a11451297405940a0f342844ee64" CHECKSUMTYPE="MD5">
                    <ns3:FLocat LOCTYPE="OTHER" OTHERLOCTYPE="FILE" ns2:type="simple" ns2:href="1772f.,_Poetische_Werke,_Walthard,_Bd._1,_VD18_90660072_Seite_122_Bild_0001.jpg"/>
                </ns3:file>
                <ns3:file ID="IMG_28" SEQ="28" MIMETYPE="image/jpeg" CREATED="2024-06-25T16:06:31.502+02:00" CHECKSUM="8c08c272b51a2908b473856a06d63fa4" CHECKSUMTYPE="MD5">
                    <ns3:FLocat LOCTYPE="OTHER" OTHERLOCTYPE="FILE" ns2:type="simple" ns2:href="1772f.,_Poetische_Werke,_Walthard,_Bd._1,_VD18_90660072_Seite_178_Bild_0001.jpg"/>
                </ns3:file>
            </ns3:fileGrp>
            <ns3:fileGrp ID="PAGEXML">
                <ns3:file ID="PAGEXML_1" SEQ="1" MIMETYPE="application/xml" CREATED="2024-06-25T17:23:22.907+02:00" CHECKSUM="5dc905ca1f004fe03271b8d4de3bd15b" CHECKSUMTYPE="MD5">
                    <ns3:FLocat LOCTYPE="OTHER" OTHERLOCTYPE="FILE" ns2:type="simple" ns2:href="page/1766-71,_Poetische_Werke,_Walthard,_Bd._2_Seite_010_Bild_0001.xml"/>
                </ns3:file>
                <ns3:file ID="PAGEXML_2" SEQ="2" MIMETYPE="application/xml" CREATED="2024-06-25T17:23:23.811+02:00" CHECKSUM="9b911b657912bac612af08516cd6c3bc" CHECKSUMTYPE="MD5">
                    <ns3:FLocat LOCTYPE="OTHER" OTHERLOCTYPE="FILE" ns2:type="simple" ns2:href="page/1766-71,_Poetische_Werke,_Walthard,_Bd._2_Seite_015_Bild_0001.xml"/>
                </ns3:file>
                <ns3:file ID="PAGEXML_3" SEQ="3" MIMETYPE="application/xml" CREATED="2024-06-25T17:23:24.495+02:00" CHECKSUM="ccab82289455ba80fe72635f61d79f70" CHECKSUMTYPE="MD5">
                    <ns3:FLocat LOCTYPE="OTHER" OTHERLOCTYPE="FILE" ns2:type="simple" ns2:href="page/1766-71,_Poetische_Werke,_Walthard,_Bd._2_Seite_016_Bild_0001.xml"/>
                </ns3:file>
                <ns3:file ID="PAGEXML_4" SEQ="4" MIMETYPE="application/xml" CREATED="2024-06-25T17:23:24.995+02:00" CHECKSUM="7a9586f99a92bca661c80236ad6d7b19" CHECKSUMTYPE="MD5">
                    <ns3:FLocat LOCTYPE="OTHER" OTHERLOCTYPE="FILE" ns2:type="simple" ns2:href="page/1766-71,_Poetische_Werke,_Walthard,_Bd._2_Seite_030_Bild_0001.xml"/>
                </ns3:file>
                <ns3:file ID="PAGEXML_5" SEQ="5" MIMETYPE="application/xml" CREATED="2024-06-25T17:23:25.263+02:00" CHECKSUM="c045bd335770e78f22af5b5e58b807a2" CHECKSUMTYPE="MD5">
                    <ns3:FLocat LOCTYPE="OTHER" OTHERLOCTYPE="FILE" ns2:type="simple" ns2:href="page/1766-71,_Poetische_Werke,_Walthard,_Bd._2_Seite_034_Bild_0001.xml"/>
                </ns3:file>
                <ns3:file ID="PAGEXML_6" SEQ="6" MIMETYPE="application/xml" CREATED="2024-06-25T17:23:26.143+02:00" CHECKSUM="47c460ed31cf467c811fce3d7e9a5648" CHECKSUMTYPE="MD5">
                    <ns3:FLocat LOCTYPE="OTHER" OTHERLOCTYPE="FILE" ns2:type="simple" ns2:href="page/1766-71,_Poetische_Werke,_Walthard,_Bd._3_Seite_012_Bild_0001.xml"/>
                </ns3:file>
                <ns3:file ID="PAGEXML_7" SEQ="7" MIMETYPE="application/xml" CREATED="2024-06-25T17:23:26.559+02:00" CHECKSUM="3271e63182b9ae72d8128471b489f0f0" CHECKSUMTYPE="MD5">
                    <ns3:FLocat LOCTYPE="OTHER" OTHERLOCTYPE="FILE" ns2:type="simple" ns2:href="page/1766-71,_Poetische_Werke,_Walthard,_Bd._3_Seite_019_Bild_0001.xml"/>
                </ns3:file>
                <ns3:file ID="PAGEXML_8" SEQ="8" MIMETYPE="application/xml" CREATED="2024-06-25T17:23:27.115+02:00" CHECKSUM="3ed8745b7ee6d1da2f0293e221a44b21" CHECKSUMTYPE="MD5">
                    <ns3:FLocat LOCTYPE="OTHER" OTHERLOCTYPE="FILE" ns2:type="simple" ns2:href="page/1766-71,_Poetische_Werke,_Walthard,_Bd._3_Seite_030_Bild_0001.xml"/>
                </ns3:file>
                <ns3:file ID="PAGEXML_9" SEQ="9" MIMETYPE="application/xml" CREATED="2024-06-25T17:23:27.395+02:00" CHECKSUM="3c7a436578c65577c2b9fa5015912cda" CHECKSUMTYPE="MD5">
                    <ns3:FLocat LOCTYPE="OTHER" OTHERLOCTYPE="FILE" ns2:type="simple" ns2:href="page/1766-71,_Poetische_Werke,_Walthard,_Bd._3_Seite_066_Bild_0001.xml"/>
                </ns3:file>
                <ns3:file ID="PAGEXML_10" SEQ="10" MIMETYPE="application/xml" CREATED="2024-06-25T17:23:27.863+02:00" CHECKSUM="d8b96f0301da4f1ae22bdcd0265e847b" CHECKSUMTYPE="MD5">
                    <ns3:FLocat LOCTYPE="OTHER" OTHERLOCTYPE="FILE" ns2:type="simple" ns2:href="page/1766-71,_Poetische_Werke,_Walthard,_Bd._3_Seite_074_Bild_0001.xml"/>
                </ns3:file>
                <ns3:file ID="PAGEXML_11" SEQ="11" MIMETYPE="application/xml" CREATED="2024-06-25T17:23:28.295+02:00" CHECKSUM="494da598b0db550e999fdaac1d80a04c" CHECKSUMTYPE="MD5">
                    <ns3:FLocat LOCTYPE="OTHER" OTHERLOCTYPE="FILE" ns2:type="simple" ns2:href="page/1766-71,_Poetische_Werke,_Walthard,_Bd._4_Seite_267_Bild_0001.xml"/>
                </ns3:file>
                <ns3:file ID="PAGEXML_12" SEQ="12" MIMETYPE="application/xml" CREATED="2024-06-25T17:23:28.591+02:00" CHECKSUM="b18d2ce3670fce4e233500e549aac8ca" CHECKSUMTYPE="MD5">
                    <ns3:FLocat LOCTYPE="OTHER" OTHERLOCTYPE="FILE" ns2:type="simple" ns2:href="page/1766-71,_Poetische_Werke,_Walthard,_Bd._4_Seite_269_Bild_0001.xml"/>
                </ns3:file>
                <ns3:file ID="PAGEXML_13" SEQ="13" MIMETYPE="application/xml" CREATED="2024-06-25T17:23:29.115+02:00" CHECKSUM="5c810302094fc62db2cf876976319c2b" CHECKSUMTYPE="MD5">
                    <ns3:FLocat LOCTYPE="OTHER" OTHERLOCTYPE="FILE" ns2:type="simple" ns2:href="page/1766-71,_Poetische_Werke,_Walthard,_Bd._4_Seite_270_Bild_0001.xml"/>
                </ns3:file>
                <ns3:file ID="PAGEXML_14" SEQ="14" MIMETYPE="application/xml" CREATED="2024-06-25T17:23:29.395+02:00" CHECKSUM="4ded9fd9e01286b495f538b5ac3d5488" CHECKSUMTYPE="MD5">
                    <ns3:FLocat LOCTYPE="OTHER" OTHERLOCTYPE="FILE" ns2:type="simple" ns2:href="page/1766-71,_Poetische_Werke,_Walthard,_Bd._4_Seite_274_Bild_0001.xml"/>
                </ns3:file>
                <ns3:file ID="PAGEXML_15" SEQ="15" MIMETYPE="application/xml" CREATED="2024-06-25T17:23:30.170+02:00" CHECKSUM="72e5d6a5aa274b269ee979eacd73b4a3" CHECKSUMTYPE="MD5">
                    <ns3:FLocat LOCTYPE="OTHER" OTHERLOCTYPE="FILE" ns2:type="simple" ns2:href="page/1766-71,_Poetische_Werke,_Walthard,_Bd._5_Seite_043_Bild_0001.xml"/>
                </ns3:file>
                <ns3:file ID="PAGEXML_16" SEQ="16" MIMETYPE="application/xml" CREATED="2024-06-25T17:23:30.446+02:00" CHECKSUM="6adb85053aefee54332de3ef2c56fc71" CHECKSUMTYPE="MD5">
                    <ns3:FLocat LOCTYPE="OTHER" OTHERLOCTYPE="FILE" ns2:type="simple" ns2:href="page/1766-71,_Poetische_Werke,_Walthard,_Bd._5_Seite_044_Bild_0001.xml"/>
                </ns3:file>
                <ns3:file ID="PAGEXML_17" SEQ="17" MIMETYPE="application/xml" CREATED="2024-06-25T17:23:30.698+02:00" CHECKSUM="ea56c8d3bad57082c7b3408385c8c31b" CHECKSUMTYPE="MD5">
                    <ns3:FLocat LOCTYPE="OTHER" OTHERLOCTYPE="FILE" ns2:type="simple" ns2:href="page/1766-71,_Poetische_Werke,_Walthard,_Bd._5_Seite_083_Bild_0001.xml"/>
                </ns3:file>
                <ns3:file ID="PAGEXML_18" SEQ="18" MIMETYPE="application/xml" CREATED="2024-06-25T17:23:31.550+02:00" CHECKSUM="0825e9323578a9b359a859dc20ce4823" CHECKSUMTYPE="MD5">
                    <ns3:FLocat LOCTYPE="OTHER" OTHERLOCTYPE="FILE" ns2:type="simple" ns2:href="page/1766-71,_Poetische_Werke,_Walthard,_Bd._5_Seite_103_Bild_0001.xml"/>
                </ns3:file>
                <ns3:file ID="PAGEXML_19" SEQ="19" MIMETYPE="application/xml" CREATED="2024-06-25T17:23:31.790+02:00" CHECKSUM="0f7f6b045936ed8efa994f9ffee9117a" CHECKSUMTYPE="MD5">
                    <ns3:FLocat LOCTYPE="OTHER" OTHERLOCTYPE="FILE" ns2:type="simple" ns2:href="page/1766-71,_Poetische_Werke,_Walthard,_Bd._5_Seite_173_Bild_0001.xml"/>
                </ns3:file>
                <ns3:file ID="PAGEXML_20" SEQ="20" MIMETYPE="application/xml" CREATED="2024-06-25T17:23:32.514+02:00" CHECKSUM="66ec0bf7442162683a5acd602412ff7d" CHECKSUMTYPE="MD5">
                    <ns3:FLocat LOCTYPE="OTHER" OTHERLOCTYPE="FILE" ns2:type="simple" ns2:href="page/1766-71,_Poetische_Werke,_Walthard,_Bd._5_Seite_188_Bild_0001.xml"/>
                </ns3:file>
                <ns3:file ID="PAGEXML_21" SEQ="21" MIMETYPE="application/xml" CREATED="2024-06-25T17:23:32.702+02:00" CHECKSUM="d9990c844e31e10e7e5ed616079b74c4" CHECKSUMTYPE="MD5">
                    <ns3:FLocat LOCTYPE="OTHER" OTHERLOCTYPE="FILE" ns2:type="simple" ns2:href="page/1766-71,_Poetische_Werke,_Walthard,_Bd._5_Seite_195_Bild_0001.xml"/>
                </ns3:file>
                <ns3:file ID="PAGEXML_22" SEQ="22" MIMETYPE="application/xml" CREATED="2024-06-25T17:23:33.030+02:00" CHECKSUM="255b7a64e29e99e699964431b1350b04" CHECKSUMTYPE="MD5">
                    <ns3:FLocat LOCTYPE="OTHER" OTHERLOCTYPE="FILE" ns2:type="simple" ns2:href="page/1772f.,_Poetische_Werke,_Walthard,_Bd._1,_VD18_90660072_Seite_012_Bild_0001.xml"/>
                </ns3:file>
                <ns3:file ID="PAGEXML_23" SEQ="23" MIMETYPE="application/xml" CREATED="2024-06-25T17:23:33.842+02:00" CHECKSUM="105a706043dcea00467d1b761242e9af" CHECKSUMTYPE="MD5">
                    <ns3:FLocat LOCTYPE="OTHER" OTHERLOCTYPE="FILE" ns2:type="simple" ns2:href="page/1772f.,_Poetische_Werke,_Walthard,_Bd._1,_VD18_90660072_Seite_016_Bild_0001.xml"/>
                </ns3:file>
                <ns3:file ID="PAGEXML_24" SEQ="24" MIMETYPE="application/xml" CREATED="2024-06-25T17:23:34.066+02:00" CHECKSUM="1e0fb8fc6f1b38dfa514bbb03baf6d60" CHECKSUMTYPE="MD5">
                    <ns3:FLocat LOCTYPE="OTHER" OTHERLOCTYPE="FILE" ns2:type="simple" ns2:href="page/1772f.,_Poetische_Werke,_Walthard,_Bd._1,_VD18_90660072_Seite_048_Bild_0001.xml"/>
                </ns3:file>
                <ns3:file ID="PAGEXML_25" SEQ="25" MIMETYPE="application/xml" CREATED="2024-06-25T17:23:34.642+02:00" CHECKSUM="928affe0b22d55114897c8fe161f79f2" CHECKSUMTYPE="MD5">
                    <ns3:FLocat LOCTYPE="OTHER" OTHERLOCTYPE="FILE" ns2:type="simple" ns2:href="page/1772f.,_Poetische_Werke,_Walthard,_Bd._1,_VD18_90660072_Seite_052_Bild_0001.xml"/>
                </ns3:file>
                <ns3:file ID="PAGEXML_26" SEQ="26" MIMETYPE="application/xml" CREATED="2024-06-25T17:23:34.994+02:00" CHECKSUM="301779d71e3952efd66fac296c7e1bf6" CHECKSUMTYPE="MD5">
                    <ns3:FLocat LOCTYPE="OTHER" OTHERLOCTYPE="FILE" ns2:type="simple" ns2:href="page/1772f.,_Poetische_Werke,_Walthard,_Bd._1,_VD18_90660072_Seite_068_Bild_0001.xml"/>
                </ns3:file>
                <ns3:file ID="PAGEXML_27" SEQ="27" MIMETYPE="application/xml" CREATED="2024-06-25T17:23:35.574+02:00" CHECKSUM="68512ff5af5eda59a3c6f2bf1a9ecbd1" CHECKSUMTYPE="MD5">
                    <ns3:FLocat LOCTYPE="OTHER" OTHERLOCTYPE="FILE" ns2:type="simple" ns2:href="page/1772f.,_Poetische_Werke,_Walthard,_Bd._1,_VD18_90660072_Seite_122_Bild_0001.xml"/>
                </ns3:file>
                <ns3:file ID="PAGEXML_28" SEQ="28" MIMETYPE="application/xml" CREATED="2024-06-25T17:23:35.734+02:00" CHECKSUM="3bb2362536f24e42681a0497be34c0ea" CHECKSUMTYPE="MD5">
                    <ns3:FLocat LOCTYPE="OTHER" OTHERLOCTYPE="FILE" ns2:type="simple" ns2:href="page/1772f.,_Poetische_Werke,_Walthard,_Bd._1,_VD18_90660072_Seite_178_Bild_0001.xml"/>
                </ns3:file>
            </ns3:fileGrp>
            <ns3:fileGrp ID="ALTO">
                <ns3:file ID="ALTO_1" SEQ="1" MIMETYPE="application/xml" CREATED="2024-06-25T17:23:23.663+02:00" CHECKSUM="" CHECKSUMTYPE="MD5">
                    <ns3:FLocat LOCTYPE="OTHER" OTHERLOCTYPE="FILE" ns2:type="simple" ns2:href="alto/1766-71,_Poetische_Werke,_Walthard,_Bd._2_Seite_010_Bild_0001.xml"/>
                </ns3:file>
                <ns3:file ID="ALTO_2" SEQ="2" MIMETYPE="application/xml" CREATED="2024-06-25T17:23:24.075+02:00" CHECKSUM="" CHECKSUMTYPE="MD5">
                    <ns3:FLocat LOCTYPE="OTHER" OTHERLOCTYPE="FILE" ns2:type="simple" ns2:href="alto/1766-71,_Poetische_Werke,_Walthard,_Bd._2_Seite_015_Bild_0001.xml"/>
                </ns3:file>
                <ns3:file ID="ALTO_3" SEQ="3" MIMETYPE="application/xml" CREATED="2024-06-25T17:23:24.615+02:00" CHECKSUM="" CHECKSUMTYPE="MD5">
                    <ns3:FLocat LOCTYPE="OTHER" OTHERLOCTYPE="FILE" ns2:type="simple" ns2:href="alto/1766-71,_Poetische_Werke,_Walthard,_Bd._2_Seite_016_Bild_0001.xml"/>
                </ns3:file>
                <ns3:file ID="ALTO_4" SEQ="4" MIMETYPE="application/xml" CREATED="2024-06-25T17:23:25.099+02:00" CHECKSUM="" CHECKSUMTYPE="MD5">
                    <ns3:FLocat LOCTYPE="OTHER" OTHERLOCTYPE="FILE" ns2:type="simple" ns2:href="alto/1766-71,_Poetische_Werke,_Walthard,_Bd._2_Seite_030_Bild_0001.xml"/>
                </ns3:file>
                <ns3:file ID="ALTO_5" SEQ="5" MIMETYPE="application/xml" CREATED="2024-06-25T17:23:25.351+02:00" CHECKSUM="" CHECKSUMTYPE="MD5">
                    <ns3:FLocat LOCTYPE="OTHER" OTHERLOCTYPE="FILE" ns2:type="simple" ns2:href="alto/1766-71,_Poetische_Werke,_Walthard,_Bd._2_Seite_034_Bild_0001.xml"/>
                </ns3:file>
                <ns3:file ID="ALTO_6" SEQ="6" MIMETYPE="application/xml" CREATED="2024-06-25T17:23:26.247+02:00" CHECKSUM="" CHECKSUMTYPE="MD5">
                    <ns3:FLocat LOCTYPE="OTHER" OTHERLOCTYPE="FILE" ns2:type="simple" ns2:href="alto/1766-71,_Poetische_Werke,_Walthard,_Bd._3_Seite_012_Bild_0001.xml"/>
                </ns3:file>
                <ns3:file ID="ALTO_7" SEQ="7" MIMETYPE="application/xml" CREATED="2024-06-25T17:23:26.627+02:00" CHECKSUM="" CHECKSUMTYPE="MD5">
                    <ns3:FLocat LOCTYPE="OTHER" OTHERLOCTYPE="FILE" ns2:type="simple" ns2:href="alto/1766-71,_Poetische_Werke,_Walthard,_Bd._3_Seite_019_Bild_0001.xml"/>
                </ns3:file>
                <ns3:file ID="ALTO_8" SEQ="8" MIMETYPE="application/xml" CREATED="2024-06-25T17:23:27.199+02:00" CHECKSUM="" CHECKSUMTYPE="MD5">
                    <ns3:FLocat LOCTYPE="OTHER" OTHERLOCTYPE="FILE" ns2:type="simple" ns2:href="alto/1766-71,_Poetische_Werke,_Walthard,_Bd._3_Seite_030_Bild_0001.xml"/>
                </ns3:file>
                <ns3:file ID="ALTO_9" SEQ="9" MIMETYPE="application/xml" CREATED="2024-06-25T17:23:27.503+02:00" CHECKSUM="" CHECKSUMTYPE="MD5">
                    <ns3:FLocat LOCTYPE="OTHER" OTHERLOCTYPE="FILE" ns2:type="simple" ns2:href="alto/1766-71,_Poetische_Werke,_Walthard,_Bd._3_Seite_066_Bild_0001.xml"/>
                </ns3:file>
                <ns3:file ID="ALTO_10" SEQ="10" MIMETYPE="application/xml" CREATED="2024-06-25T17:23:27.927+02:00" CHECKSUM="" CHECKSUMTYPE="MD5">
                    <ns3:FLocat LOCTYPE="OTHER" OTHERLOCTYPE="FILE" ns2:type="simple" ns2:href="alto/1766-71,_Poetische_Werke,_Walthard,_Bd._3_Seite_074_Bild_0001.xml"/>
                </ns3:file>
                <ns3:file ID="ALTO_11" SEQ="11" MIMETYPE="application/xml" CREATED="2024-06-25T17:23:28.435+02:00" CHECKSUM="" CHECKSUMTYPE="MD5">
                    <ns3:FLocat LOCTYPE="OTHER" OTHERLOCTYPE="FILE" ns2:type="simple" ns2:href="alto/1766-71,_Poetische_Werke,_Walthard,_Bd._4_Seite_267_Bild_0001.xml"/>
                </ns3:file>
                <ns3:file ID="ALTO_12" SEQ="12" MIMETYPE="application/xml" CREATED="2024-06-25T17:23:28.679+02:00" CHECKSUM="" CHECKSUMTYPE="MD5">
                    <ns3:FLocat LOCTYPE="OTHER" OTHERLOCTYPE="FILE" ns2:type="simple" ns2:href="alto/1766-71,_Poetische_Werke,_Walthard,_Bd._4_Seite_269_Bild_0001.xml"/>
                </ns3:file>
                <ns3:file ID="ALTO_13" SEQ="13" MIMETYPE="application/xml" CREATED="2024-06-25T17:23:29.191+02:00" CHECKSUM="" CHECKSUMTYPE="MD5">
                    <ns3:FLocat LOCTYPE="OTHER" OTHERLOCTYPE="FILE" ns2:type="simple" ns2:href="alto/1766-71,_Poetische_Werke,_Walthard,_Bd._4_Seite_270_Bild_0001.xml"/>
                </ns3:file>
                <ns3:file ID="ALTO_14" SEQ="14" MIMETYPE="application/xml" CREATED="2024-06-25T17:23:29.655+02:00" CHECKSUM="" CHECKSUMTYPE="MD5">
                    <ns3:FLocat LOCTYPE="OTHER" OTHERLOCTYPE="FILE" ns2:type="simple" ns2:href="alto/1766-71,_Poetische_Werke,_Walthard,_Bd._4_Seite_274_Bild_0001.xml"/>
                </ns3:file>
                <ns3:file ID="ALTO_15" SEQ="15" MIMETYPE="application/xml" CREATED="2024-06-25T17:23:30.266+02:00" CHECKSUM="" CHECKSUMTYPE="MD5">
                    <ns3:FLocat LOCTYPE="OTHER" OTHERLOCTYPE="FILE" ns2:type="simple" ns2:href="alto/1766-71,_Poetische_Werke,_Walthard,_Bd._5_Seite_043_Bild_0001.xml"/>
                </ns3:file>
                <ns3:file ID="ALTO_16" SEQ="16" MIMETYPE="application/xml" CREATED="2024-06-25T17:23:30.502+02:00" CHECKSUM="" CHECKSUMTYPE="MD5">
                    <ns3:FLocat LOCTYPE="OTHER" OTHERLOCTYPE="FILE" ns2:type="simple" ns2:href="alto/1766-71,_Poetische_Werke,_Walthard,_Bd._5_Seite_044_Bild_0001.xml"/>
                </ns3:file>
                <ns3:file ID="ALTO_17" SEQ="17" MIMETYPE="application/xml" CREATED="2024-06-25T17:23:30.930+02:00" CHECKSUM="" CHECKSUMTYPE="MD5">
                    <ns3:FLocat LOCTYPE="OTHER" OTHERLOCTYPE="FILE" ns2:type="simple" ns2:href="alto/1766-71,_Poetische_Werke,_Walthard,_Bd._5_Seite_083_Bild_0001.xml"/>
                </ns3:file>
                <ns3:file ID="ALTO_18" SEQ="18" MIMETYPE="application/xml" CREATED="2024-06-25T17:23:31.614+02:00" CHECKSUM="" CHECKSUMTYPE="MD5">
                    <ns3:FLocat LOCTYPE="OTHER" OTHERLOCTYPE="FILE" ns2:type="simple" ns2:href="alto/1766-71,_Poetische_Werke,_Walthard,_Bd._5_Seite_103_Bild_0001.xml"/>
                </ns3:file>
                <ns3:file ID="ALTO_19" SEQ="19" MIMETYPE="application/xml" CREATED="2024-06-25T17:23:31.874+02:00" CHECKSUM="" CHECKSUMTYPE="MD5">
                    <ns3:FLocat LOCTYPE="OTHER" OTHERLOCTYPE="FILE" ns2:type="simple" ns2:href="alto/1766-71,_Poetische_Werke,_Walthard,_Bd._5_Seite_173_Bild_0001.xml"/>
                </ns3:file>
                <ns3:file ID="ALTO_20" SEQ="20" MIMETYPE="application/xml" CREATED="2024-06-25T17:23:32.562+02:00" CHECKSUM="" CHECKSUMTYPE="MD5">
                    <ns3:FLocat LOCTYPE="OTHER" OTHERLOCTYPE="FILE" ns2:type="simple" ns2:href="alto/1766-71,_Poetische_Werke,_Walthard,_Bd._5_Seite_188_Bild_0001.xml"/>
                </ns3:file>
                <ns3:file ID="ALTO_21" SEQ="21" MIMETYPE="application/xml" CREATED="2024-06-25T17:23:32.890+02:00" CHECKSUM="" CHECKSUMTYPE="MD5">
                    <ns3:FLocat LOCTYPE="OTHER" OTHERLOCTYPE="FILE" ns2:type="simple" ns2:href="alto/1766-71,_Poetische_Werke,_Walthard,_Bd._5_Seite_195_Bild_0001.xml"/>
                </ns3:file>
                <ns3:file ID="ALTO_22" SEQ="22" MIMETYPE="application/xml" CREATED="2024-06-25T17:23:33.090+02:00" CHECKSUM="" CHECKSUMTYPE="MD5">
                    <ns3:FLocat LOCTYPE="OTHER" OTHERLOCTYPE="FILE" ns2:type="simple" ns2:href="alto/1772f.,_Poetische_Werke,_Walthard,_Bd._1,_VD18_90660072_Seite_012_Bild_0001.xml"/>
                </ns3:file>
                <ns3:file ID="ALTO_23" SEQ="23" MIMETYPE="application/xml" CREATED="2024-06-25T17:23:33.886+02:00" CHECKSUM="" CHECKSUMTYPE="MD5">
                    <ns3:FLocat LOCTYPE="OTHER" OTHERLOCTYPE="FILE" ns2:type="simple" ns2:href="alto/1772f.,_Poetische_Werke,_Walthard,_Bd._1,_VD18_90660072_Seite_016_Bild_0001.xml"/>
                </ns3:file>
                <ns3:file ID="ALTO_24" SEQ="24" MIMETYPE="application/xml" CREATED="2024-06-25T17:23:34.346+02:00" CHECKSUM="" CHECKSUMTYPE="MD5">
                    <ns3:FLocat LOCTYPE="OTHER" OTHERLOCTYPE="FILE" ns2:type="simple" ns2:href="alto/1772f.,_Poetische_Werke,_Walthard,_Bd._1,_VD18_90660072_Seite_048_Bild_0001.xml"/>
                </ns3:file>
                <ns3:file ID="ALTO_25" SEQ="25" MIMETYPE="application/xml" CREATED="2024-06-25T17:23:34.694+02:00" CHECKSUM="" CHECKSUMTYPE="MD5">
                    <ns3:FLocat LOCTYPE="OTHER" OTHERLOCTYPE="FILE" ns2:type="simple" ns2:href="alto/1772f.,_Poetische_Werke,_Walthard,_Bd._1,_VD18_90660072_Seite_052_Bild_0001.xml"/>
                </ns3:file>
                <ns3:file ID="ALTO_26" SEQ="26" MIMETYPE="application/xml" CREATED="2024-06-25T17:23:35.134+02:00" CHECKSUM="" CHECKSUMTYPE="MD5">
                    <ns3:FLocat LOCTYPE="OTHER" OTHERLOCTYPE="FILE" ns2:type="simple" ns2:href="alto/1772f.,_Poetische_Werke,_Walthard,_Bd._1,_VD18_90660072_Seite_068_Bild_0001.xml"/>
                </ns3:file>
                <ns3:file ID="ALTO_27" SEQ="27" MIMETYPE="application/xml" CREATED="2024-06-25T17:23:35.610+02:00" CHECKSUM="" CHECKSUMTYPE="MD5">
                    <ns3:FLocat LOCTYPE="OTHER" OTHERLOCTYPE="FILE" ns2:type="simple" ns2:href="alto/1772f.,_Poetische_Werke,_Walthard,_Bd._1,_VD18_90660072_Seite_122_Bild_0001.xml"/>
                </ns3:file>
                <ns3:file ID="ALTO_28" SEQ="28" MIMETYPE="application/xml" CREATED="2024-06-25T17:23:35.786+02:00" CHECKSUM="" CHECKSUMTYPE="MD5">
                    <ns3:FLocat LOCTYPE="OTHER" OTHERLOCTYPE="FILE" ns2:type="simple" ns2:href="alto/1772f.,_Poetische_Werke,_Walthard,_Bd._1,_VD18_90660072_Seite_178_Bild_0001.xml"/>
                </ns3:file>
            </ns3:fileGrp>
        </ns3:fileGrp>
    </ns3:fileSec>
    <ns3:structMap ID="TRP_STRUCTMAP" TYPE="MANUSCRIPT">
        <ns3:div ID="TRP_DOC_DIV" ADMID="MD_ORIG">
            <ns3:div ID="PAGE_1" ORDER="1" TYPE="SINGLE_PAGE">
                <ns3:fptr>
                    <ns3:area FILEID="IMG_1"/>
                </ns3:fptr>
                <ns3:fptr>
                    <ns3:area FILEID="PAGEXML_1"/>
                </ns3:fptr>
                <ns3:fptr>
                    <ns3:area FILEID="ALTO_1"/>
                </ns3:fptr>
            </ns3:div>
            <ns3:div ID="PAGE_2" ORDER="2" TYPE="SINGLE_PAGE">
                <ns3:fptr>
                    <ns3:area FILEID="IMG_2"/>
                </ns3:fptr>
                <ns3:fptr>
                    <ns3:area FILEID="PAGEXML_2"/>
                </ns3:fptr>
                <ns3:fptr>
                    <ns3:area FILEID="ALTO_2"/>
                </ns3:fptr>
            </ns3:div>
            <ns3:div ID="PAGE_3" ORDER="3" TYPE="SINGLE_PAGE">
                <ns3:fptr>
                    <ns3:area FILEID="IMG_3"/>
                </ns3:fptr>
                <ns3:fptr>
                    <ns3:area FILEID="PAGEXML_3"/>
                </ns3:fptr>
                <ns3:fptr>
                    <ns3:area FILEID="ALTO_3"/>
                </ns3:fptr>
            </ns3:div>
            <ns3:div ID="PAGE_4" ORDER="4" TYPE="SINGLE_PAGE">
                <ns3:fptr>
                    <ns3:area FILEID="IMG_4"/>
                </ns3:fptr>
                <ns3:fptr>
                    <ns3:area FILEID="PAGEXML_4"/>
                </ns3:fptr>
                <ns3:fptr>
                    <ns3:area FILEID="ALTO_4"/>
                </ns3:fptr>
            </ns3:div>
            <ns3:div ID="PAGE_5" ORDER="5" TYPE="SINGLE_PAGE">
                <ns3:fptr>
                    <ns3:area FILEID="IMG_5"/>
                </ns3:fptr>
                <ns3:fptr>
                    <ns3:area FILEID="PAGEXML_5"/>
                </ns3:fptr>
                <ns3:fptr>
                    <ns3:area FILEID="ALTO_5"/>
                </ns3:fptr>
            </ns3:div>
            <ns3:div ID="PAGE_6" ORDER="6" TYPE="SINGLE_PAGE">
                <ns3:fptr>
                    <ns3:area FILEID="IMG_6"/>
                </ns3:fptr>
                <ns3:fptr>
                    <ns3:area FILEID="PAGEXML_6"/>
                </ns3:fptr>
                <ns3:fptr>
                    <ns3:area FILEID="ALTO_6"/>
                </ns3:fptr>
            </ns3:div>
            <ns3:div ID="PAGE_7" ORDER="7" TYPE="SINGLE_PAGE">
                <ns3:fptr>
                    <ns3:area FILEID="IMG_7"/>
                </ns3:fptr>
                <ns3:fptr>
                    <ns3:area FILEID="PAGEXML_7"/>
                </ns3:fptr>
                <ns3:fptr>
                    <ns3:area FILEID="ALTO_7"/>
                </ns3:fptr>
            </ns3:div>
            <ns3:div ID="PAGE_8" ORDER="8" TYPE="SINGLE_PAGE">
                <ns3:fptr>
                    <ns3:area FILEID="IMG_8"/>
                </ns3:fptr>
                <ns3:fptr>
                    <ns3:area FILEID="PAGEXML_8"/>
                </ns3:fptr>
                <ns3:fptr>
                    <ns3:area FILEID="ALTO_8"/>
                </ns3:fptr>
            </ns3:div>
            <ns3:div ID="PAGE_9" ORDER="9" TYPE="SINGLE_PAGE">
                <ns3:fptr>
                    <ns3:area FILEID="IMG_9"/>
                </ns3:fptr>
                <ns3:fptr>
                    <ns3:area FILEID="PAGEXML_9"/>
                </ns3:fptr>
                <ns3:fptr>
                    <ns3:area FILEID="ALTO_9"/>
                </ns3:fptr>
            </ns3:div>
            <ns3:div ID="PAGE_10" ORDER="10" TYPE="SINGLE_PAGE">
                <ns3:fptr>
                    <ns3:area FILEID="IMG_10"/>
                </ns3:fptr>
                <ns3:fptr>
                    <ns3:area FILEID="PAGEXML_10"/>
                </ns3:fptr>
                <ns3:fptr>
                    <ns3:area FILEID="ALTO_10"/>
                </ns3:fptr>
            </ns3:div>
            <ns3:div ID="PAGE_11" ORDER="11" TYPE="SINGLE_PAGE">
                <ns3:fptr>
                    <ns3:area FILEID="IMG_11"/>
                </ns3:fptr>
                <ns3:fptr>
                    <ns3:area FILEID="PAGEXML_11"/>
                </ns3:fptr>
                <ns3:fptr>
                    <ns3:area FILEID="ALTO_11"/>
                </ns3:fptr>
            </ns3:div>
            <ns3:div ID="PAGE_12" ORDER="12" TYPE="SINGLE_PAGE">
                <ns3:fptr>
                    <ns3:area FILEID="IMG_12"/>
                </ns3:fptr>
                <ns3:fptr>
                    <ns3:area FILEID="PAGEXML_12"/>
                </ns3:fptr>
                <ns3:fptr>
                    <ns3:area FILEID="ALTO_12"/>
                </ns3:fptr>
            </ns3:div>
            <ns3:div ID="PAGE_13" ORDER="13" TYPE="SINGLE_PAGE">
                <ns3:fptr>
                    <ns3:area FILEID="IMG_13"/>
                </ns3:fptr>
                <ns3:fptr>
                    <ns3:area FILEID="PAGEXML_13"/>
                </ns3:fptr>
                <ns3:fptr>
                    <ns3:area FILEID="ALTO_13"/>
                </ns3:fptr>
            </ns3:div>
            <ns3:div ID="PAGE_14" ORDER="14" TYPE="SINGLE_PAGE">
                <ns3:fptr>
                    <ns3:area FILEID="IMG_14"/>
                </ns3:fptr>
                <ns3:fptr>
                    <ns3:area FILEID="PAGEXML_14"/>
                </ns3:fptr>
                <ns3:fptr>
                    <ns3:area FILEID="ALTO_14"/>
                </ns3:fptr>
            </ns3:div>
            <ns3:div ID="PAGE_15" ORDER="15" TYPE="SINGLE_PAGE">
                <ns3:fptr>
                    <ns3:area FILEID="IMG_15"/>
                </ns3:fptr>
                <ns3:fptr>
                    <ns3:area FILEID="PAGEXML_15"/>
                </ns3:fptr>
                <ns3:fptr>
                    <ns3:area FILEID="ALTO_15"/>
                </ns3:fptr>
            </ns3:div>
            <ns3:div ID="PAGE_16" ORDER="16" TYPE="SINGLE_PAGE">
                <ns3:fptr>
                    <ns3:area FILEID="IMG_16"/>
                </ns3:fptr>
                <ns3:fptr>
                    <ns3:area FILEID="PAGEXML_16"/>
                </ns3:fptr>
                <ns3:fptr>
                    <ns3:area FILEID="ALTO_16"/>
                </ns3:fptr>
            </ns3:div>
            <ns3:div ID="PAGE_17" ORDER="17" TYPE="SINGLE_PAGE">
                <ns3:fptr>
                    <ns3:area FILEID="IMG_17"/>
                </ns3:fptr>
                <ns3:fptr>
                    <ns3:area FILEID="PAGEXML_17"/>
                </ns3:fptr>
                <ns3:fptr>
                    <ns3:area FILEID="ALTO_17"/>
                </ns3:fptr>
            </ns3:div>
            <ns3:div ID="PAGE_18" ORDER="18" TYPE="SINGLE_PAGE">
                <ns3:fptr>
                    <ns3:area FILEID="IMG_18"/>
                </ns3:fptr>
                <ns3:fptr>
                    <ns3:area FILEID="PAGEXML_18"/>
                </ns3:fptr>
                <ns3:fptr>
                    <ns3:area FILEID="ALTO_18"/>
                </ns3:fptr>
            </ns3:div>
            <ns3:div ID="PAGE_19" ORDER="19" TYPE="SINGLE_PAGE">
                <ns3:fptr>
                    <ns3:area FILEID="IMG_19"/>
                </ns3:fptr>
                <ns3:fptr>
                    <ns3:area FILEID="PAGEXML_19"/>
                </ns3:fptr>
                <ns3:fptr>
                    <ns3:area FILEID="ALTO_19"/>
                </ns3:fptr>
            </ns3:div>
            <ns3:div ID="PAGE_20" ORDER="20" TYPE="SINGLE_PAGE">
                <ns3:fptr>
                    <ns3:area FILEID="IMG_20"/>
                </ns3:fptr>
                <ns3:fptr>
                    <ns3:area FILEID="PAGEXML_20"/>
                </ns3:fptr>
                <ns3:fptr>
                    <ns3:area FILEID="ALTO_20"/>
                </ns3:fptr>
            </ns3:div>
            <ns3:div ID="PAGE_21" ORDER="21" TYPE="SINGLE_PAGE">
                <ns3:fptr>
                    <ns3:area FILEID="IMG_21"/>
                </ns3:fptr>
                <ns3:fptr>
                    <ns3:area FILEID="PAGEXML_21"/>
                </ns3:fptr>
                <ns3:fptr>
                    <ns3:area FILEID="ALTO_21"/>
                </ns3:fptr>
            </ns3:div>
            <ns3:div ID="PAGE_22" ORDER="22" TYPE="SINGLE_PAGE">
                <ns3:fptr>
                    <ns3:area FILEID="IMG_22"/>
                </ns3:fptr>
                <ns3:fptr>
                    <ns3:area FILEID="PAGEXML_22"/>
                </ns3:fptr>
                <ns3:fptr>
                    <ns3:area FILEID="ALTO_22"/>
                </ns3:fptr>
            </ns3:div>
            <ns3:div ID="PAGE_23" ORDER="23" TYPE="SINGLE_PAGE">
                <ns3:fptr>
                    <ns3:area FILEID="IMG_23"/>
                </ns3:fptr>
                <ns3:fptr>
                    <ns3:area FILEID="PAGEXML_23"/>
                </ns3:fptr>
                <ns3:fptr>
                    <ns3:area FILEID="ALTO_23"/>
                </ns3:fptr>
            </ns3:div>
            <ns3:div ID="PAGE_24" ORDER="24" TYPE="SINGLE_PAGE">
                <ns3:fptr>
                    <ns3:area FILEID="IMG_24"/>
                </ns3:fptr>
                <ns3:fptr>
                    <ns3:area FILEID="PAGEXML_24"/>
                </ns3:fptr>
                <ns3:fptr>
                    <ns3:area FILEID="ALTO_24"/>
                </ns3:fptr>
            </ns3:div>
            <ns3:div ID="PAGE_25" ORDER="25" TYPE="SINGLE_PAGE">
                <ns3:fptr>
                    <ns3:area FILEID="IMG_25"/>
                </ns3:fptr>
                <ns3:fptr>
                    <ns3:area FILEID="PAGEXML_25"/>
                </ns3:fptr>
                <ns3:fptr>
                    <ns3:area FILEID="ALTO_25"/>
                </ns3:fptr>
            </ns3:div>
            <ns3:div ID="PAGE_26" ORDER="26" TYPE="SINGLE_PAGE">
                <ns3:fptr>
                    <ns3:area FILEID="IMG_26"/>
                </ns3:fptr>
                <ns3:fptr>
                    <ns3:area FILEID="PAGEXML_26"/>
                </ns3:fptr>
                <ns3:fptr>
                    <ns3:area FILEID="ALTO_26"/>
                </ns3:fptr>
            </ns3:div>
            <ns3:div ID="PAGE_27" ORDER="27" TYPE="SINGLE_PAGE">
                <ns3:fptr>
                    <ns3:area FILEID="IMG_27"/>
                </ns3:fptr>
                <ns3:fptr>
                    <ns3:area FILEID="PAGEXML_27"/>
                </ns3:fptr>
                <ns3:fptr>
                    <ns3:area FILEID="ALTO_27"/>
                </ns3:fptr>
            </ns3:div>
            <ns3:div ID="PAGE_28" ORDER="28" TYPE="SINGLE_PAGE">
                <ns3:fptr>
                    <ns3:area FILEID="IMG_28"/>
                </ns3:fptr>
                <ns3:fptr>
                    <ns3:area FILEID="PAGEXML_28"/>
                </ns3:fptr>
                <ns3:fptr>
                    <ns3:area FILEID="ALTO_28"/>
                </ns3:fptr>
            </ns3:div>
        </ns3:div>
    </ns3:structMap>
</ns3:mets>
