<?xml version="1.0" encoding="UTF-8"  standalone="yes"?>
<PcGts xmlns="http://schema.primaresearch.org/PAGE/gts/pagecontent/2019-07-15" xmlns:xsi="http://www.w3.org/2001/XMLSchema-instance" xsi:schemaLocation="http://schema.primaresearch.org/PAGE/gts/pagecontent/2019-07-15 http://schema.primaresearch.org/PAGE/gts/pagecontent/2019-07-15/pagecontent.xsd">
  <Metadata>
	<Creator>escriptorium</Creator>
	<Created>2024-07-13T11:02:30.874654+00:00</Created>
        <LastChange>2024-07-13T11:02:30.874736+00:00</LastChange>
  </Metadata>
  <Page imageFilename="1782,_Poetische_Werke,_Fleischhauer,_Bd._3,_VD18_89276881-001_Seite_283_Bild_0001.jpg" imageWidth="1177" imageHeight="2029">
    <TextRegion id="region_1720085821838_77"  custom="structure {type:page-number;}">
      <Coords points="200,134 209,196 305,189 300,119"/>
    </TextRegion>
    <TextRegion id="region_1720085829280_80"  custom="structure {type:header;}">
      <Coords points="356,110 353,185 970,171 967,109"/>
    </TextRegion>
    <TextRegion id="region_1720085845800_83"  custom="structure {type:paragraph;}">
      <Coords points="192,213 1102,201 1096,619 181,623"/>
    </TextRegion>
    <TextRegion id="region_1720085857988_86"  custom="structure {type:paragraph;}">
      <Coords points="168,706 1097,696 1090,1414 166,1428"/>
    </TextRegion>
    <TextRegion id="region_1720085866641_89"  custom="structure {type:catch-word;}">
      <Coords points="978,1434 977,1483 1065,1482 1065,1429"/>
    </TextRegion>
    <TextRegion id="region_1720085889433_92"  custom="structure {type:footnote;}">
      <Coords points="130,1536 115,1886 952,1900 908,1519 200,1510"/>
    </TextRegion>
  </Page>
</PcGts>
