<?xml version="1.0" encoding="UTF-8"  standalone="yes"?>
<PcGts xmlns="http://schema.primaresearch.org/PAGE/gts/pagecontent/2019-07-15" xmlns:xsi="http://www.w3.org/2001/XMLSchema-instance" xsi:schemaLocation="http://schema.primaresearch.org/PAGE/gts/pagecontent/2019-07-15 http://schema.primaresearch.org/PAGE/gts/pagecontent/2019-07-15/pagecontent.xsd">
  <Metadata>
	<Creator>escriptorium</Creator>
	<Created>2024-07-13T11:02:30.196917+00:00</Created>
        <LastChange>2024-07-13T11:02:30.196935+00:00</LastChange>
  </Metadata>
  <Page imageFilename="1782,_Poetische_Werke,_Fleischhauer,_Bd._3,_VD18_89276881-001_Seite_123_Bild_0001.jpg" imageWidth="1160" imageHeight="2025">
    <TextRegion id="region_1720086400293_180"  custom="structure {type:page-number;}">
      <Coords points="169,127 174,194 255,173 248,115 194,117"/>
    </TextRegion>
    <TextRegion id="region_1720086412314_183"  custom="structure {type:header;}">
      <Coords points="422,105 422,167 816,168 798,103"/>
    </TextRegion>
    <TextRegion id="region_1720086425482_186"  custom="structure {type:poem_lg;}">
      <Coords points="174,210 174,322 1001,320 992,202 224,204"/>
    </TextRegion>
    <TextRegion id="region_1720086433411_189"  custom="structure {type:heading;}">
      <Coords points="474,405 480,463 769,463 756,402 511,392"/>
    </TextRegion>
    <TextRegion id="region_1720086447414_192"  custom="structure {type:poem_lg;}">
      <Coords points="174,514 179,739 980,738 1082,656 1046,488 241,496"/>
    </TextRegion>
    <TextRegion id="region_1720086464293_195"  custom="structure {type:heading;}">
      <Coords points="468,813 472,882 805,882 798,809"/>
    </TextRegion>
    <TextRegion id="region_1720086472875_198"  custom="structure {type:poem_lg;}">
      <Coords points="176,918 174,1168 1120,1163 1098,924"/>
    </TextRegion>
    <TextRegion id="region_1720086528663_215"  custom="structure {type:catch-word;}">
      <Coords points="1023,1746 1023,1832 1115,1831 1121,1756"/>
    </TextRegion>
  </Page>
</PcGts>
