<?xml version="1.0" encoding="UTF-8"?>
<alto xmlns:xsi="http://www.w3.org/2001/XMLSchema-instance"
      xmlns="http://www.loc.gov/standards/alto/ns-v4#"
      xsi:schemaLocation="http://www.loc.gov/standards/alto/ns-v4# http://www.loc.gov/standards/alto/v4/alto-4-2.xsd">
  <Description>
    <MeasurementUnit>pixel</MeasurementUnit>
    <sourceImageInformation>
      <fileName>1800,_Poetische_Werke,_Bohn,_Bd._5,_VD18_80461476_Seite_040_Bild_0001.jpg</fileName>
    </sourceImageInformation>
  </Description>
  <Tags>
    <OtherTag ID="BT1" LABEL="Title" DESCRIPTION="block type Title"/><OtherTag ID="BT2" LABEL="Main" DESCRIPTION="block type Main"/><OtherTag ID="BT3" LABEL="Commentary" DESCRIPTION="block type Commentary"/><OtherTag ID="BT4" LABEL="Illustration" DESCRIPTION="block type Illustration"/><OtherTag ID="BT4028" LABEL="heading" DESCRIPTION="block type heading"/><OtherTag ID="BT4029" LABEL="paragraph" DESCRIPTION="block type paragraph"/><OtherTag ID="BT4030" LABEL="footnote" DESCRIPTION="block type footnote"/><OtherTag ID="BT4031" LABEL="l-column" DESCRIPTION="block type l-column"/><OtherTag ID="BT4032" LABEL="r-column" DESCRIPTION="block type r-column"/><OtherTag ID="BT4147" LABEL="page-number" DESCRIPTION="block type page-number"/><OtherTag ID="BT4148" LABEL="poem_lg" DESCRIPTION="block type poem_lg"/><OtherTag ID="BT4149" LABEL="endnote" DESCRIPTION="block type endnote"/><OtherTag ID="BT4150" LABEL="drop-capital" DESCRIPTION="block type drop-capital"/><OtherTag ID="BT4151" LABEL="signature-mark" DESCRIPTION="block type signature-mark"/><OtherTag ID="BT4152" LABEL="header" DESCRIPTION="block type header"/><OtherTag ID="BT4153" LABEL="catch-word" DESCRIPTION="block type catch-word"/>
  </Tags>
  <Layout>
    <Page WIDTH="1872"
          HEIGHT="2837"
          PHYSICAL_IMG_NR="33"
          ID="eSc_dummypage_">
      <PrintSpace HPOS="0"
                  VPOS="0"
                  WIDTH="1872"
                  HEIGHT="2837">
        <TextBlock HPOS="579.0"
                   VPOS="460.0"
                   WIDTH="1168.0"
                   HEIGHT="888.0"
                   ID="region_1724840723654_665"
                   TAGREFS="BT4029">
          <Shape><Polygon POINTS="1713 1348 579 1348 579 467 1747 460"/></Shape>
          <TextLine ID="eSc_line_dc1a4d6f"
                    BASELINE="640 539 1698 543" 
                    HPOS="640.0"
                    VPOS="539.0"
                    WIDTH="1058.0"
                    HEIGHT="4.0">
	    <String CONTENT=""
                    HPOS="640.0"
                    VPOS="539.0"
                    WIDTH="1058.0"
                    HEIGHT="4.0"></String>
          </TextLine>
          <TextLine ID="eSc_line_de0d8aac"
                    BASELINE="638 603 1696 611" 
                    HPOS="638.0"
                    VPOS="603.0"
                    WIDTH="1058.0"
                    HEIGHT="8.0">
	    <String CONTENT=""
                    HPOS="638.0"
                    VPOS="603.0"
                    WIDTH="1058.0"
                    HEIGHT="8.0"></String>
          </TextLine>
          <TextLine ID="eSc_line_e421a213"
                    BASELINE="630 670 1711 667" 
                    HPOS="630.0"
                    VPOS="667.0"
                    WIDTH="1081.0"
                    HEIGHT="3.0">
	    <String CONTENT=""
                    HPOS="630.0"
                    VPOS="667.0"
                    WIDTH="1081.0"
                    HEIGHT="3.0"></String>
          </TextLine>
          <TextLine ID="eSc_line_a4580af1"
                    BASELINE="630 729 1701 728" 
                    HPOS="630.0"
                    VPOS="728.0"
                    WIDTH="1071.0"
                    HEIGHT="1.0">
	    <String CONTENT=""
                    HPOS="630.0"
                    VPOS="728.0"
                    WIDTH="1071.0"
                    HEIGHT="1.0"></String>
          </TextLine>
          <TextLine ID="eSc_line_bbbee4f4"
                    BASELINE="624 792 1706 790" 
                    HPOS="624.0"
                    VPOS="790.0"
                    WIDTH="1082.0"
                    HEIGHT="2.0">
	    <String CONTENT=""
                    HPOS="624.0"
                    VPOS="790.0"
                    WIDTH="1082.0"
                    HEIGHT="2.0"></String>
          </TextLine>
          <TextLine ID="eSc_line_ba5389f4"
                    BASELINE="629 849 1716 856" 
                    HPOS="629.0"
                    VPOS="849.0"
                    WIDTH="1087.0"
                    HEIGHT="7.0">
	    <String CONTENT=""
                    HPOS="629.0"
                    VPOS="849.0"
                    WIDTH="1087.0"
                    HEIGHT="7.0"></String>
          </TextLine>
          <TextLine ID="eSc_line_1f228bc0"
                    BASELINE="618 919 1269 916" 
                    HPOS="618.0"
                    VPOS="916.0"
                    WIDTH="651.0"
                    HEIGHT="3.0">
	    <String CONTENT=""
                    HPOS="618.0"
                    VPOS="916.0"
                    WIDTH="651.0"
                    HEIGHT="3.0"></String>
          </TextLine>
          <TextLine ID="eSc_line_39809d61"
                    BASELINE="716 977 1703 972" 
                    HPOS="716.0"
                    VPOS="972.0"
                    WIDTH="987.0"
                    HEIGHT="5.0">
	    <String CONTENT=""
                    HPOS="716.0"
                    VPOS="972.0"
                    WIDTH="987.0"
                    HEIGHT="5.0"></String>
          </TextLine>
          <TextLine ID="eSc_line_6fa23ed7"
                    BASELINE="637 1042 1698 1042" 
                    HPOS="637.0"
                    VPOS="1042.0"
                    WIDTH="1061.0"
                    HEIGHT="0.0">
	    <String CONTENT=""
                    HPOS="637.0"
                    VPOS="1042.0"
                    WIDTH="1061.0"
                    HEIGHT="0.0"></String>
          </TextLine>
          <TextLine ID="eSc_line_218d76cc"
                    BASELINE="640 1094 1700 1094" 
                    HPOS="640.0"
                    VPOS="1094.0"
                    WIDTH="1060.0"
                    HEIGHT="0.0">
	    <String CONTENT=""
                    HPOS="640.0"
                    VPOS="1094.0"
                    WIDTH="1060.0"
                    HEIGHT="0.0"></String>
          </TextLine>
          <TextLine ID="eSc_line_7dc2947d"
                    BASELINE="624 1161 1704 1162" 
                    HPOS="624.0"
                    VPOS="1161.0"
                    WIDTH="1080.0"
                    HEIGHT="1.0">
	    <String CONTENT=""
                    HPOS="624.0"
                    VPOS="1161.0"
                    WIDTH="1080.0"
                    HEIGHT="1.0"></String>
          </TextLine>
          <TextLine ID="eSc_line_5573d002"
                    BASELINE="614 1218 1700 1220" 
                    HPOS="614.0"
                    VPOS="1218.0"
                    WIDTH="1086.0"
                    HEIGHT="2.0">
	    <String CONTENT=""
                    HPOS="614.0"
                    VPOS="1218.0"
                    WIDTH="1086.0"
                    HEIGHT="2.0"></String>
          </TextLine>
          <TextLine ID="eSc_line_59c5c098"
                    BASELINE="604 1280 1698 1284" 
                    HPOS="604.0"
                    VPOS="1280.0"
                    WIDTH="1094.0"
                    HEIGHT="4.0">
	    <String CONTENT=""
                    HPOS="604.0"
                    VPOS="1280.0"
                    WIDTH="1094.0"
                    HEIGHT="4.0"></String>
          </TextLine>
          <TextLine ID="eSc_line_2ecdf5e5"
                    BASELINE="620 1334 1453 1337" 
                    HPOS="620.0"
                    VPOS="1334.0"
                    WIDTH="833.0"
                    HEIGHT="3.0">
	    <String CONTENT=""
                    HPOS="620.0"
                    VPOS="1334.0"
                    WIDTH="833.0"
                    HEIGHT="3.0"></String>
          </TextLine>
        </TextBlock>
        <TextBlock HPOS="1097.0"
                   VPOS="386.0"
                   WIDTH="121.0"
                   HEIGHT="69.0"
                   ID="region_1724840719286_662"
                   TAGREFS="BT4029">
          <Shape><Polygon POINTS="1207 455 1097 455 1097 386 1218 389"/></Shape>
          <TextLine ID="eSc_line_f8706989"
                    BASELINE="1129 450 1202 449" 
                    HPOS="1129.0"
                    VPOS="449.0"
                    WIDTH="73.0"
                    HEIGHT="1.0">
	    <String CONTENT=""
                    HPOS="1129.0"
                    VPOS="449.0"
                    WIDTH="73.0"
                    HEIGHT="1.0"></String>
          </TextLine>
        </TextBlock>
        <TextBlock HPOS="876.0"
                   VPOS="1509.0"
                   WIDTH="615.0"
                   HEIGHT="113.0"
                   ID="region_1724840726694_668"
                   TAGREFS="BT4028">
          <Shape><Polygon POINTS="1467 1622 876 1622 876 1518 1491 1509"/></Shape>
          <TextLine ID="eSc_line_173265c0"
                    BASELINE="893 1610 1465 1603" 
                    HPOS="893.0"
                    VPOS="1603.0"
                    WIDTH="572.0"
                    HEIGHT="7.0">
	    <String CONTENT=""
                    HPOS="893.0"
                    VPOS="1603.0"
                    WIDTH="572.0"
                    HEIGHT="7.0"></String>
          </TextLine>
        </TextBlock>
        <TextBlock HPOS="641.0"
                   VPOS="1711.0"
                   WIDTH="1041.0"
                   HEIGHT="537.0"
                   ID="region_1724840736528_672"
                   TAGREFS="BT4028">
          <Shape><Polygon POINTS="1682 2248 641 2248 641 1711 1682 1722"/></Shape>
          <TextLine ID="eSc_line_ddff1b61"
                    BASELINE="1119 1797 1201 1799" 
                    HPOS="1119.0"
                    VPOS="1797.0"
                    WIDTH="82.0"
                    HEIGHT="2.0">
	    <String CONTENT=""
                    HPOS="1119.0"
                    VPOS="1797.0"
                    WIDTH="82.0"
                    HEIGHT="2.0"></String>
          </TextLine>
          <TextLine ID="eSc_line_7994fb94"
                    BASELINE="957 1915 1392 1911" 
                    HPOS="957.0"
                    VPOS="1911.0"
                    WIDTH="435.0"
                    HEIGHT="4.0">
	    <String CONTENT=""
                    HPOS="957.0"
                    VPOS="1911.0"
                    WIDTH="435.0"
                    HEIGHT="4.0"></String>
          </TextLine>
          <TextLine ID="eSc_line_dc3f5467"
                    BASELINE="1132 2005 1196 2008" 
                    HPOS="1132.0"
                    VPOS="2005.0"
                    WIDTH="64.0"
                    HEIGHT="3.0">
	    <String CONTENT=""
                    HPOS="1132.0"
                    VPOS="2005.0"
                    WIDTH="64.0"
                    HEIGHT="3.0"></String>
          </TextLine>
          <TextLine ID="eSc_line_36fb6baa"
                    BASELINE="733 2118 1616 2113" 
                    HPOS="733.0"
                    VPOS="2113.0"
                    WIDTH="883.0"
                    HEIGHT="5.0">
	    <String CONTENT=""
                    HPOS="733.0"
                    VPOS="2113.0"
                    WIDTH="883.0"
                    HEIGHT="5.0"></String>
          </TextLine>
          <TextLine ID="eSc_line_c46561fc"
                    BASELINE="1069 2207 1259 2214" 
                    HPOS="1069.0"
                    VPOS="2207.0"
                    WIDTH="190.0"
                    HEIGHT="7.0">
	    <String CONTENT=""
                    HPOS="1069.0"
                    VPOS="2207.0"
                    WIDTH="190.0"
                    HEIGHT="7.0"></String>
          </TextLine>
        </TextBlock>
        <TextBlock HPOS="767.0"
                   VPOS="2261.0"
                   WIDTH="714.0"
                   HEIGHT="138.0"
                   ID="region_1724840739198_675"
                   TAGREFS="BT4029">
          <Shape><Polygon POINTS="1456 2399 767 2399 767 2261 1481 2262"/></Shape>
          <TextLine ID="eSc_line_8f2e3770"
                    BASELINE="782 2323 1454 2326" 
                    HPOS="782.0"
                    VPOS="2323.0"
                    WIDTH="672.0"
                    HEIGHT="3.0">
	    <String CONTENT=""
                    HPOS="782.0"
                    VPOS="2323.0"
                    WIDTH="672.0"
                    HEIGHT="3.0"></String>
          </TextLine>
          <TextLine ID="eSc_line_303cff49"
                    BASELINE="856 2390 1438 2386" 
                    HPOS="856.0"
                    VPOS="2386.0"
                    WIDTH="582.0"
                    HEIGHT="4.0">
	    <String CONTENT=""
                    HPOS="856.0"
                    VPOS="2386.0"
                    WIDTH="582.0"
                    HEIGHT="4.0"></String>
          </TextLine>
        </TextBlock>
      </PrintSpace>
    </Page>
  </Layout>
</alto>
