<?xml version="1.0" encoding="UTF-8" standalone="yes"?>
<PcGts xmlns="http://schema.primaresearch.org/PAGE/gts/pagecontent/2013-07-15" xmlns:xsi="http://www.w3.org/2001/XMLSchema-instance" xsi:schemaLocation="http://schema.primaresearch.org/PAGE/gts/pagecontent/2013-07-15 http://schema.primaresearch.org/PAGE/gts/pagecontent/2013-07-15/pagecontent.xsd">
    <Metadata>
        <Creator>Transkribus</Creator>
        <Created>2024-06-25T13:49:07.134+02:00</Created>
        <LastChange>2024-06-25T17:19:47.830+02:00</LastChange>
        <TranskribusMetadata docId="2986766" pageId="73470047" pageNr="20" tsid="174067893" status="IN_PROGRESS" userId="241044" imgUrl="https://files.transkribus.eu/Get?id=XTILTCRMBIQWKQSFVDZZIALU&amp;fileType=view" xmlUrl="https://files.transkribus.eu/Get?id=UEDYKUABCAEJHZQYJEBAMUWX" imageId="59329224"/>
    </Metadata>
    <Page imageFilename="1766-71,_Poetische_Werke,_Walthard,_Bd._5_Seite_195_Bild_0001.jpg" imageWidth="570" imageHeight="915" type="content">
        <ReadingOrder>
            <OrderedGroup id="ro_1721037687998" caption="Regions reading order">
                <RegionRefIndexed index="0" regionRef="region_1719318457735_975"/>
                <RegionRefIndexed index="1" regionRef="region_1719318454229_972"/>
                <RegionRefIndexed index="3" regionRef="region_1719318464593_978"/>
                <RegionRefIndexed index="4" regionRef="region_1719318472030_981"/>
            </OrderedGroup>
        </ReadingOrder>
        <TextRegion type="page-number" id="region_1719318457735_975" custom="readingOrder {index:0;} structure {type:page-number;}">
            <Coords points="105,91 135,91 135,108 105,108"/>
        </TextRegion>
        <TextRegion type="header" id="region_1719318454229_972" custom="readingOrder {index:1;} structure {type:header;}">
            <Coords points="176,86 460,86 460,110 176,110"/>
        </TextRegion>
        <SeparatorRegion id="Separator_1719318489475_984" custom="readingOrder {index:2;}">
            <Coords points="107,124 536,124 536,112 107,112"/>
        </SeparatorRegion>
        <TextRegion id="region_1719318464593_978" custom="readingOrder {index:3;} structure {type:poem_lg;}">
            <Coords points="107,127 539,127 539,279 107,279"/>
        </TextRegion>
        <TextRegion type="footnote" id="region_1719318472030_981" custom="readingOrder {index:4;} structure {type:footnote;}">
            <Coords points="124,299 533,299 533,751 124,751"/>
        </TextRegion>
    </Page>
</PcGts>
