<?xml version="1.0" encoding="UTF-8" standalone="yes"?>
<PcGts xmlns="http://schema.primaresearch.org/PAGE/gts/pagecontent/2013-07-15" xmlns:xsi="http://www.w3.org/2001/XMLSchema-instance" xsi:schemaLocation="http://schema.primaresearch.org/PAGE/gts/pagecontent/2013-07-15 http://schema.primaresearch.org/PAGE/gts/pagecontent/2013-07-15/pagecontent.xsd">
    <Metadata>
        <Creator>Transkribus</Creator>
        <Created>2024-06-25T13:49:07.056+02:00</Created>
        <LastChange>2024-07-14T21:27:42.567+02:00</LastChange>
        <TranskribusMetadata docId="2986766" pageId="73470149" pageNr="18" tsid="177720492" status="IN_PROGRESS" userId="241044" imgUrl="https://files.transkribus.eu/Get?id=HXJBWTGIOPIUNPRZHCFRCWQQ&amp;fileType=view" xmlUrl="https://files.transkribus.eu/Get?id=VYRDHSPLGZLQDTEIPPZFUCWJ" imageId="59329270"/>
    </Metadata>
    <Page imageFilename="1766-71,_Poetische_Werke,_Walthard,_Bd._5_Seite_173_Bild_0001.jpg" imageWidth="556" imageHeight="914" type="content">
        <ReadingOrder>
            <OrderedGroup id="ro_1721037687753" caption="Regions reading order">
                <RegionRefIndexed index="0" regionRef="region_1719316783596_751"/>
                <RegionRefIndexed index="1" regionRef="region_1719316793617_754"/>
                <RegionRefIndexed index="3" regionRef="region_1719316816806_760"/>
                <RegionRefIndexed index="4" regionRef="region_1719316838614_767"/>
                <RegionRefIndexed index="5" regionRef="region_1719316852583_773"/>
                <RegionRefIndexed index="6" regionRef="region_1719316857304_776"/>
                <RegionRefIndexed index="7" regionRef="region_1719316846211_770"/>
                <RegionRefIndexed index="8" regionRef="region_1719316862469_779"/>
                <RegionRefIndexed index="9" regionRef="region_1719316875705_785"/>
                <RegionRefIndexed index="10" regionRef="region_1719316872007_782"/>
            </OrderedGroup>
        </ReadingOrder>
        <Relations>
            <Relation type="link">
                <RegionRef regionRef="region_1719316857304_776"/>
                <RegionRef regionRef="region_1719316852583_773"/>
            </Relation>
            <Relation type="link">
                <RegionRef regionRef="region_1719316872007_782"/>
                <RegionRef regionRef="region_1719316875705_785"/>
            </Relation>
        </Relations>
        <TextRegion type="page-number" id="region_1719316783596_751" custom="readingOrder {index:0;} structure {type:page-number;}">
            <Coords points="95,106 128,106 128,123 95,123"/>
        </TextRegion>
        <TextRegion type="header" id="region_1719316793617_754" custom="readingOrder {index:1;} structure {type:header;}">
            <Coords points="170,121 443,121 443,98 170,98"/>
        </TextRegion>
        <SeparatorRegion id="Separator_1719316749611_740" custom="readingOrder {index:2;}">
            <Coords points="505,122 133,127 100,127 101,139 505,139"/>
        </SeparatorRegion>
        <TextRegion type="endnote" id="region_1719316816806_760" custom="readingOrder {index:3;} structure {type:endnote;}">
            <Coords points="114,141 469,141 469,347 114,347"/>
        </TextRegion>
        <TextRegion type="heading" id="region_1719316838614_767" custom="readingOrder {index:4;} structure {type:heading;}">
            <Coords points="221,368 381,368 381,404 221,404"/>
        </TextRegion>
        <TextRegion type="drop-capital" id="region_1719316852583_773" custom="readingOrder {index:5;} structure {type:drop-capital;}">
            <Coords points="95,422 132,422 132,460 95,460"/>
        </TextRegion>
        <TextRegion id="region_1719316857304_776" custom="readingOrder {index:6;} structure {type:poem_lg;}">
            <Coords points="97,463 97,554 499,554 499,437 134,436 134,463"/>
        </TextRegion>
        <TextRegion type="endnote" id="region_1719316846211_770" custom="readingOrder {index:7;} structure {type:endnote;}">
            <Coords points="115,574 361,574 361,601 115,601"/>
        </TextRegion>
        <TextRegion type="heading" id="region_1719316862469_779" custom="readingOrder {index:8;} structure {type:heading;}">
            <Coords points="160,629 452,629 452,663 160,663"/>
        </TextRegion>
        <TextRegion id="region_1719316875705_785" custom="readingOrder {index:9;} structure {type:poem_lg;}">
            <Coords points="98,697 170,696 171,725 209,725 208,696 466,697 466,755 98,755"/>
        </TextRegion>
        <TextRegion type="drop-capital" id="region_1719316872007_782" custom="readingOrder {index:10;} structure {type:drop-capital;}">
            <Coords points="183,686 207,686 207,722 183,722"/>
        </TextRegion>
    </Page>
</PcGts>
