<?xml version="1.0" encoding="UTF-8" standalone="yes"?>
<PcGts xmlns="http://schema.primaresearch.org/PAGE/gts/pagecontent/2013-07-15" xmlns:xsi="http://www.w3.org/2001/XMLSchema-instance" xsi:schemaLocation="http://schema.primaresearch.org/PAGE/gts/pagecontent/2013-07-15 http://schema.primaresearch.org/PAGE/gts/pagecontent/2013-07-15/pagecontent.xsd">
    <Metadata>
        <Creator>Transkribus</Creator>
        <Created>2024-06-16T20:01:11.769+02:00</Created>
        <LastChange>2024-07-13T11:19:15.018+02:00</LastChange>
        <TranskribusMetadata docId="2986766" pageId="73470036" pageNr="6" tsid="177573110" status="IN_PROGRESS" userId="241044" imgUrl="https://files.transkribus.eu/Get?id=EIQBUFJGLWIPHLQGJPADKMQO&amp;fileType=view" xmlUrl="https://files.transkribus.eu/Get?id=XDMYPFRQZKILVDRJNTRPXEFD" imageId="59329213"/>
    </Metadata>
    <Page imageFilename="1766-71,_Poetische_Werke,_Walthard,_Bd._3_Seite_019_Bild_0001.jpg" imageWidth="587" imageHeight="920" type="content">
        <ReadingOrder>
            <OrderedGroup id="ro_1721037685908" caption="Regions reading order">
                <RegionRefIndexed index="0" regionRef="region_1718567730776_92"/>
                <RegionRefIndexed index="1" regionRef="region_1718567743043_95"/>
                <RegionRefIndexed index="3" regionRef="region_1718567824959_114"/>
                <RegionRefIndexed index="4" regionRef="region_1718567836738_117"/>
                <RegionRefIndexed index="5" regionRef="region_1718567852118_120"/>
                <RegionRefIndexed index="6" regionRef="region_1718567868169_123"/>
                <RegionRefIndexed index="7" regionRef="region_1718567882961_126"/>
            </OrderedGroup>
        </ReadingOrder>
        <Relations>
            <Relation type="link">
                <RegionRef regionRef="region_1718567868169_123"/>
                <RegionRef regionRef="region_1718567852118_120"/>
            </Relation>
        </Relations>
        <TextRegion type="page-number" id="region_1718567730776_92" custom="readingOrder {index:0;} structure {type:page-number;}">
            <Coords points="95,117 123,117 123,135 95,135"/>
        </TextRegion>
        <TextRegion type="header" id="region_1718567743043_95" custom="readingOrder {index:1;} structure {type:header;}">
            <Coords points="182,134 455,134 455,112 182,112"/>
        </TextRegion>
        <SeparatorRegion id="Separator_1718567786316_106" custom="readingOrder {index:2;}">
            <Coords points="503,137 96,137 95,155 502,155"/>
        </SeparatorRegion>
        <TextRegion type="heading" id="region_1718567824959_114" custom="readingOrder {index:3;} structure {type:heading;}">
            <Coords points="482,175 123,175 123,217 482,217"/>
        </TextRegion>
        <TextRegion type="paragraph" id="region_1718567836738_117" custom="readingOrder {index:4;} structure {type:paragraph;}">
            <Coords points="129,237 513,237 513,357 129,357"/>
        </TextRegion>
        <TextRegion type="drop-capital" id="region_1718567852118_120" custom="readingOrder {index:5;} structure {type:drop-capital;}">
            <Coords points="95,365 126,365 126,409 95,409"/>
        </TextRegion>
        <TextRegion id="region_1718567868169_123" custom="readingOrder {index:6;} structure {type:poem_lg;}">
            <Coords points="96,410 96,616 412,616 412,381 127,382 127,410"/>
        </TextRegion>
        <TextRegion id="region_1718567882961_126" custom="readingOrder {index:7;} structure {type:poem_lg;}">
            <Coords points="96,774 432,774 432,634 96,634"/>
        </TextRegion>
    </Page>
</PcGts>
