<?xml version="1.0" encoding="UTF-8" standalone="yes"?>
<PcGts xmlns="http://schema.primaresearch.org/PAGE/gts/pagecontent/2013-07-15" xmlns:xsi="http://www.w3.org/2001/XMLSchema-instance" xsi:schemaLocation="http://schema.primaresearch.org/PAGE/gts/pagecontent/2013-07-15 http://schema.primaresearch.org/PAGE/gts/pagecontent/2013-07-15/pagecontent.xsd">
    <Metadata>
        <Creator>Transkribus</Creator>
        <Created>2024-06-25T13:49:07.243+02:00</Created>
        <LastChange>2024-07-14T21:51:43.881+02:00</LastChange>
        <TranskribusMetadata docId="2986766" pageId="73470156" pageNr="23" tsid="177721323" status="IN_PROGRESS" userId="241044" imgUrl="https://files.transkribus.eu/Get?id=PVKNUZQWCYLOUAAHYRZTQOKK&amp;fileType=view" xmlUrl="https://files.transkribus.eu/Get?id=NKNUNTSLXEOIJYKSNGANPTCQ" imageId="59329277"/>
    </Metadata>
    <Page imageFilename="1772f.,_Poetische_Werke,_Walthard,_Bd._1,_VD18_90660072_Seite_048_Bild_0001.jpg" imageWidth="800" imageHeight="1447" type="content">
        <ReadingOrder>
            <OrderedGroup id="ro_1721037688418" caption="Regions reading order">
                <RegionRefIndexed index="0" regionRef="region_1719319251980_1111"/>
                <RegionRefIndexed index="1" regionRef="region_1719319257107_1114"/>
                <RegionRefIndexed index="2" regionRef="region_1719319270759_1118"/>
                <RegionRefIndexed index="3" regionRef="TextRegion_1720986586438_122"/>
                <RegionRefIndexed index="4" regionRef="TextRegion_1720986586437_121"/>
                <RegionRefIndexed index="5" regionRef="region_1719319288456_1124"/>
                <RegionRefIndexed index="6" regionRef="TextRegion_1720986620506_131"/>
                <RegionRefIndexed index="7" regionRef="TextRegion_1720986620506_130"/>
            </OrderedGroup>
        </ReadingOrder>
        <TextRegion type="page-number" id="region_1719319251980_1111" custom="readingOrder {index:0;} structure {type:page-number;}">
            <Coords points="147,147 201,147 201,182 147,182"/>
        </TextRegion>
        <TextRegion type="header" id="region_1719319257107_1114" custom="readingOrder {index:1;} structure {type:header;}">
            <Coords points="588,178 308,178 308,136 588,136"/>
        </TextRegion>
        <TextRegion id="region_1719319270759_1118" custom="readingOrder {index:2;} structure {type:poem_lg;}">
            <Coords points="146,197 754,197 754,470 146,470"/>
        </TextRegion>
        <TextRegion id="TextRegion_1720986586438_122" custom="readingOrder {index:3;} structure {type:poem_lg;}">
            <Coords points="147,515 763,515 763,815 634,815 634,858 634,860 147,860"/>
        </TextRegion>
        <TextRegion type="catch-word" id="TextRegion_1720986586437_121" custom="readingOrder {index:4;} structure {type:catch-word;}">
            <Coords points="643,824 772,824 772,869 643,869 643,867"/>
        </TextRegion>
        <TextRegion type="footnote" id="region_1719319288456_1124" custom="readingOrder {index:5;} structure {type:footnote;}">
            <Coords points="250,901 653,901 653,1002 250,1002"/>
        </TextRegion>
        <TextRegion type="footnote" id="TextRegion_1720986620506_131" custom="readingOrder {index:6;} structure {type:footnote;}">
            <Coords points="246,1021 765,1021 765,1130 687,1130 687,1158 687,1159 246,1159"/>
        </TextRegion>
        <TextRegion type="catch-word" id="TextRegion_1720986620506_130" custom="readingOrder {index:7;} structure {type:catch-word;}">
            <Coords points="692,1135 770,1135 770,1164 692,1164 692,1163"/>
        </TextRegion>
    </Page>
</PcGts>
