<?xml version="1.0" encoding="UTF-8" standalone="yes"?>
<PcGts xmlns="http://schema.primaresearch.org/PAGE/gts/pagecontent/2013-07-15" xmlns:xsi="http://www.w3.org/2001/XMLSchema-instance" xsi:schemaLocation="http://schema.primaresearch.org/PAGE/gts/pagecontent/2013-07-15 http://schema.primaresearch.org/PAGE/gts/pagecontent/2013-07-15/pagecontent.xsd">
    <Metadata>
        <Creator>Transkribus</Creator>
        <Created>2024-06-25T13:49:07.360+02:00</Created>
        <LastChange>2024-07-14T21:58:09.448+02:00</LastChange>
        <TranskribusMetadata docId="2986766" pageId="73470158" pageNr="27" tsid="177721587" status="IN_PROGRESS" userId="241044" imgUrl="https://files.transkribus.eu/Get?id=XFJKWFPHJXMJAXEXCYVDZJGD&amp;fileType=view" xmlUrl="https://files.transkribus.eu/Get?id=NIKIIYPISSUMLPNSHYBOYDPN" imageId="59329279"/>
    </Metadata>
    <Page imageFilename="1772f.,_Poetische_Werke,_Walthard,_Bd._1,_VD18_90660072_Seite_178_Bild_0001.jpg" imageWidth="800" imageHeight="1447" type="content">
        <ReadingOrder>
            <OrderedGroup id="ro_1721037688953" caption="Regions reading order">
                <RegionRefIndexed index="0" regionRef="region_1719320365917_1426"/>
                <RegionRefIndexed index="1" regionRef="region_1719320369529_1429"/>
                <RegionRefIndexed index="2" regionRef="region_1719320373864_1432"/>
                <RegionRefIndexed index="3" regionRef="region_1719320380692_1435"/>
                <RegionRefIndexed index="4" regionRef="region_1719320405443_1441"/>
                <RegionRefIndexed index="5" regionRef="region_1719320401204_1438"/>
                <RegionRefIndexed index="6" regionRef="region_1719320410290_1444"/>
            </OrderedGroup>
        </ReadingOrder>
        <TextRegion type="page-number" id="region_1719320365917_1426" custom="readingOrder {index:0;} structure {type:page-number;}">
            <Coords points="188,130 250,130 250,169 188,169"/>
        </TextRegion>
        <TextRegion type="header" id="region_1719320369529_1429" custom="readingOrder {index:1;} structure {type:header;}">
            <Coords points="352,171 626,171 626,122 352,122"/>
        </TextRegion>
        <TextRegion id="region_1719320373864_1432" custom="readingOrder {index:2;} structure {type:poem_lg;}">
            <Coords points="186,184 780,184 780,452 186,452"/>
        </TextRegion>
        <TextRegion id="region_1719320380692_1435" custom="readingOrder {index:3;} structure {type:poem_lg;}">
            <Coords points="187,509 779,509 779,786 187,786"/>
        </TextRegion>
        <TextRegion type="catch-word" id="region_1719320405443_1441" custom="readingOrder {index:4;} structure {type:catch-word;}">
            <Coords points="737,804 788,804 788,843 737,843"/>
        </TextRegion>
        <TextRegion type="footnote" id="region_1719320401204_1438" custom="readingOrder {index:5;} structure {type:footnote;}">
            <Coords points="193,870 784,870 784,1076 784,1108 677,1107 193,1108"/>
        </TextRegion>
        <TextRegion type="catch-word" id="region_1719320410290_1444" custom="readingOrder {index:6;} structure {type:catch-word;}">
            <Coords points="666,1133 781,1133 781,1108 666,1108"/>
        </TextRegion>
    </Page>
</PcGts>
