<?xml version="1.0" encoding="UTF-8" standalone="yes"?>
<PcGts xmlns="http://schema.primaresearch.org/PAGE/gts/pagecontent/2013-07-15" xmlns:xsi="http://www.w3.org/2001/XMLSchema-instance" xsi:schemaLocation="http://schema.primaresearch.org/PAGE/gts/pagecontent/2013-07-15 http://schema.primaresearch.org/PAGE/gts/pagecontent/2013-07-15/pagecontent.xsd">
    <Metadata>
        <Creator>Transkribus</Creator>
        <Created>2024-06-25T13:49:07.275+02:00</Created>
        <LastChange>2024-07-14T21:52:54.516+02:00</LastChange>
        <TranskribusMetadata docId="2986766" pageId="73470169" pageNr="24" tsid="177721325" status="IN_PROGRESS" userId="241044" imgUrl="https://files.transkribus.eu/Get?id=JFDIJIFLLVMLFRJBRJBKLNVS&amp;fileType=view" xmlUrl="https://files.transkribus.eu/Get?id=MGYQPUIXSUIGLQJDNZOBDJBW" imageId="59329306"/>
    </Metadata>
    <Page imageFilename="1772f.,_Poetische_Werke,_Walthard,_Bd._1,_VD18_90660072_Seite_052_Bild_0001.jpg" imageWidth="800" imageHeight="1447" type="content">
        <ReadingOrder>
            <OrderedGroup id="ro_1721037688542" caption="Regions reading order">
                <RegionRefIndexed index="0" regionRef="region_1719319378925_1146"/>
                <RegionRefIndexed index="1" regionRef="region_1719319390578_1149"/>
                <RegionRefIndexed index="2" regionRef="region_1719319403496_1153"/>
                <RegionRefIndexed index="4" regionRef="region_1719319436408_1160"/>
                <RegionRefIndexed index="5" regionRef="region_1719319441719_1163"/>
                <RegionRefIndexed index="6" regionRef="region_1719319447531_1166"/>
                <RegionRefIndexed index="7" regionRef="region_1719319452435_1169"/>
                <RegionRefIndexed index="8" regionRef="region_1719319456375_1172"/>
            </OrderedGroup>
        </ReadingOrder>
        <Relations>
            <Relation type="link">
                <RegionRef regionRef="region_1719319441719_1163"/>
                <RegionRef regionRef="region_1719319447531_1166"/>
            </Relation>
        </Relations>
        <TextRegion type="page-number" id="region_1719319378925_1146" custom="readingOrder {index:0;} structure {type:page-number;}">
            <Coords points="159,166 209,166 209,195 159,195"/>
        </TextRegion>
        <TextRegion type="header" id="region_1719319390578_1149" custom="readingOrder {index:1;} structure {type:header;}">
            <Coords points="603,198 322,198 322,156 603,156"/>
        </TextRegion>
        <TextRegion type="footnote" id="region_1719319403496_1153" custom="readingOrder {index:2;} structure {type:footnote;}">
            <Coords points="157,215 751,215 751,427 157,427"/>
        </TextRegion>
        <SeparatorRegion id="Separator_1719319420044_1157" custom="readingOrder {index:3;}">
            <Coords points="159,457 751,457 751,491 159,491"/>
        </SeparatorRegion>
        <TextRegion type="heading" id="region_1719319436408_1160" custom="readingOrder {index:4;} structure {type:heading;}">
            <Coords points="168,651 756,651 756,508 168,508"/>
        </TextRegion>
        <TextRegion type="drop-capital" id="region_1719319441719_1163" custom="readingOrder {index:5;} structure {type:drop-capital;}">
            <Coords points="167,662 227,662 227,721 167,721"/>
        </TextRegion>
        <TextRegion id="region_1719319447531_1166" custom="readingOrder {index:6;} structure {type:poem_lg;}">
            <Coords points="166,728 166,995 677,995 677,659 231,659 231,728"/>
        </TextRegion>
        <TextRegion id="region_1719319452435_1169" custom="readingOrder {index:7;} structure {type:poem_lg;}">
            <Coords points="170,1149 744,1149 743,1009 169,1009"/>
        </TextRegion>
        <TextRegion type="catch-word" id="region_1719319456375_1172" custom="readingOrder {index:8;} structure {type:catch-word;}">
            <Coords points="716,1178 756,1178 756,1151 716,1151"/>
        </TextRegion>
    </Page>
</PcGts>
