<?xml version="1.0" encoding="UTF-8"?>
<alto xmlns:xsi="http://www.w3.org/2001/XMLSchema-instance"
      xmlns="http://www.loc.gov/standards/alto/ns-v4#"
      xsi:schemaLocation="http://www.loc.gov/standards/alto/ns-v4# http://www.loc.gov/standards/alto/v4/alto-4-2.xsd">
  <Description>
    <MeasurementUnit>pixel</MeasurementUnit>
    <sourceImageInformation>
      <fileName>1757,_Saemtliche_Poetische_Werke,_Bohn,_1._Aufl.,_Bd._3,_VD18_9039674X_Seite_163_Bild_0001.jpg</fileName>
    </sourceImageInformation>
  </Description>
  <Tags>
    <OtherTag ID="BT1" LABEL="Title" DESCRIPTION="block type Title"/><OtherTag ID="BT2" LABEL="Main" DESCRIPTION="block type Main"/><OtherTag ID="BT3" LABEL="Commentary" DESCRIPTION="block type Commentary"/><OtherTag ID="BT4" LABEL="Illustration" DESCRIPTION="block type Illustration"/><OtherTag ID="BT3614" LABEL="header" DESCRIPTION="block type header"/><OtherTag ID="BT3615" LABEL="paragraph" DESCRIPTION="block type paragraph"/><OtherTag ID="BT3616" LABEL="heading" DESCRIPTION="block type heading"/><OtherTag ID="BT3617" LABEL="footnote" DESCRIPTION="block type footnote"/><OtherTag ID="BT3618" LABEL="l-column" DESCRIPTION="block type l-column"/><OtherTag ID="BT3619" LABEL="r-column" DESCRIPTION="block type r-column"/><OtherTag ID="BT3620" LABEL="marginalia" DESCRIPTION="block type marginalia"/>
  </Tags>
  <Layout>
    <Page WIDTH="1138"
          HEIGHT="1909"
          PHYSICAL_IMG_NR="12"
          ID="eSc_dummypage_">
      <PrintSpace HPOS="0"
                  VPOS="0"
                  WIDTH="1138"
                  HEIGHT="1909">
        <TextBlock HPOS="105.0"
                   VPOS="6.0"
                   WIDTH="77.0"
                   HEIGHT="51.0"
                   ID="region_1720345477607_95"
                   TAGREFS="BT3616">
          <Shape><Polygon POINTS="182 57 105 57 105 6 182 6"/></Shape>
        </TextBlock>
        <TextBlock HPOS="277.0"
                   VPOS="4.0"
                   WIDTH="645.0"
                   HEIGHT="54.0"
                   ID="region_1720345482895_98"
                   TAGREFS="BT3614">
          <Shape><Polygon POINTS="896 58 277 58 277 4 922 8"/></Shape>
        </TextBlock>
        <TextBlock HPOS="93.0"
                   VPOS="78.0"
                   WIDTH="1001.0"
                   HEIGHT="1546.0"
                   ID="region_1720345491203_101"
                   TAGREFS="BT3615">
          <Shape><Polygon POINTS="1094 1540 673 1624 93 1610 109 78 1094 78"/></Shape>
        </TextBlock>
        <TextBlock HPOS="952.0"
                   VPOS="1617.0"
                   WIDTH="147.0"
                   HEIGHT="63.0"
                   ID="region_1720345577215_133"
                   TAGREFS="BT3616">
          <Shape><Polygon POINTS="1099 1680 956 1680 952 1617 1095 1617"/></Shape>
        </TextBlock>
        <TextBlock HPOS="91.0"
                   VPOS="1670.0"
                   WIDTH="371.0"
                   HEIGHT="53.0"
                   ID="region_1720345580881_136"
                   TAGREFS="BT3617">
          <Shape><Polygon POINTS="458 1723 269 1709 91 1706 100 1670 462 1679"/></Shape>
        </TextBlock>
        <TextBlock HPOS="103.0"
                   VPOS="1713.0"
                   WIDTH="170.0"
                   HEIGHT="27.0"
                   ID="region_1721040914036_185"
                   TAGREFS="BT3617">
          <Shape><Polygon POINTS="273 1740 103 1740 103 1713 273 1713"/></Shape>
        </TextBlock>
        <TextBlock HPOS="97.0"
                   VPOS="1744.0"
                   WIDTH="391.0"
                   HEIGHT="52.0"
                   ID="region_1721040917784_188"
                   TAGREFS="BT3617">
          <Shape><Polygon POINTS="488 1796 97 1796 97 1744 488 1744"/></Shape>
        </TextBlock>
      </PrintSpace>
    </Page>
  </Layout>
</alto>
