<?xml version="1.0" encoding="UTF-8"?>
<alto xmlns:xsi="http://www.w3.org/2001/XMLSchema-instance"
      xmlns="http://www.loc.gov/standards/alto/ns-v4#"
      xsi:schemaLocation="http://www.loc.gov/standards/alto/ns-v4# http://www.loc.gov/standards/alto/v4/alto-4-2.xsd">
  <Description>
    <MeasurementUnit>pixel</MeasurementUnit>
    <sourceImageInformation>
      <fileName>1769,_Saemtliche_Poetische_Werke,_Bohn,_4._Aufl.,_Bd._2,_VD18_90481100_Seite_291_Bild_0001.jpg</fileName>
    </sourceImageInformation>
  </Description>
  <Tags>
    <OtherTag ID="BT1" LABEL="Title" DESCRIPTION="block type Title"/><OtherTag ID="BT2" LABEL="Main" DESCRIPTION="block type Main"/><OtherTag ID="BT3" LABEL="Commentary" DESCRIPTION="block type Commentary"/><OtherTag ID="BT4" LABEL="Illustration" DESCRIPTION="block type Illustration"/><OtherTag ID="BT3614" LABEL="header" DESCRIPTION="block type header"/><OtherTag ID="BT3615" LABEL="paragraph" DESCRIPTION="block type paragraph"/><OtherTag ID="BT3616" LABEL="heading" DESCRIPTION="block type heading"/><OtherTag ID="BT3617" LABEL="footnote" DESCRIPTION="block type footnote"/><OtherTag ID="BT3618" LABEL="l-column" DESCRIPTION="block type l-column"/><OtherTag ID="BT3619" LABEL="r-column" DESCRIPTION="block type r-column"/><OtherTag ID="BT3620" LABEL="marginalia" DESCRIPTION="block type marginalia"/>
  </Tags>
  <Layout>
    <Page WIDTH="1873"
          HEIGHT="2869"
          PHYSICAL_IMG_NR="50"
          ID="eSc_dummypage_">
      <PrintSpace HPOS="0"
                  VPOS="0"
                  WIDTH="1873"
                  HEIGHT="2869">
        <TextBlock HPOS="133.0"
                   VPOS="1385.0"
                   WIDTH="573.0"
                   HEIGHT="959.0"
                   ID="region_1724839240694_293"
                   TAGREFS="BT3618">
          <Shape><Polygon POINTS="706 2344 144 2343 133 1385 704 1385"/></Shape>
        </TextBlock>
        <TextBlock HPOS="252.0"
                   VPOS="2349.0"
                   WIDTH="185.0"
                   HEIGHT="63.0"
                   ID="region_1724839249138_299"
                   TAGREFS="BT3616">
          <Shape><Polygon POINTS="422 2412 252 2412 252 2349 437 2353"/></Shape>
        </TextBlock>
        <TextBlock HPOS="531.0"
                   VPOS="528.0"
                   WIDTH="397.0"
                   HEIGHT="63.0"
                   ID="region_1724839220226_281"
                   TAGREFS="BT3614">
          <Shape><Polygon POINTS="873 591 531 591 531 528 928 528"/></Shape>
        </TextBlock>
        <TextBlock HPOS="154.0"
                   VPOS="635.0"
                   WIDTH="930.0"
                   HEIGHT="665.0"
                   ID="region_1724839227622_287"
                   TAGREFS="BT3615">
          <Shape><Polygon POINTS="1056 1300 154 1300 154 635 1084 638"/></Shape>
        </TextBlock>
        <TextBlock HPOS="724.0"
                   VPOS="2345.0"
                   WIDTH="107.0"
                   HEIGHT="50.0"
                   ID="region_1724839255214_305"
                   TAGREFS="BT3616">
          <Shape><Polygon POINTS="813 2395 724 2395 725 2345 831 2350"/></Shape>
        </TextBlock>
        <TextBlock HPOS="1105.0"
                   VPOS="528.0"
                   WIDTH="137.0"
                   HEIGHT="69.0"
                   ID="region_1724839222042_284"
                   TAGREFS="BT3616">
          <Shape><Polygon POINTS="1218 597 1105 597 1105 528 1242 536"/></Shape>
        </TextBlock>
        <TextBlock HPOS="1108.0"
                   VPOS="1300.0"
                   WIDTH="170.0"
                   HEIGHT="65.0"
                   ID="region_1724839229906_290"
                   TAGREFS="BT3616">
          <Shape><Polygon POINTS="1237 1365 1108 1365 1108 1300 1278 1300"/></Shape>
        </TextBlock>
        <TextBlock HPOS="722.0"
                   VPOS="1390.0"
                   WIDTH="530.0"
                   HEIGHT="948.0"
                   ID="region_1724839244618_296"
                   TAGREFS="BT3619">
          <Shape><Polygon POINTS="1243 2337 722 2338 722 1394 1252 1390"/></Shape>
        </TextBlock>
        <TextBlock HPOS="1120.0"
                   VPOS="2341.0"
                   WIDTH="150.0"
                   HEIGHT="52.0"
                   ID="region_1724839252558_302"
                   TAGREFS="BT3616">
          <Shape><Polygon POINTS="1247 2393 1120 2393 1120 2342 1270 2341"/></Shape>
        </TextBlock>
      </PrintSpace>
    </Page>
  </Layout>
</alto>
