<?xml version="1.0" encoding="UTF-8"?>
<alto xmlns:xsi="http://www.w3.org/2001/XMLSchema-instance"
      xmlns="http://www.loc.gov/standards/alto/ns-v4#"
      xsi:schemaLocation="http://www.loc.gov/standards/alto/ns-v4# http://www.loc.gov/standards/alto/v4/alto-4-2.xsd">
  <Description>
    <MeasurementUnit>pixel</MeasurementUnit>
    <sourceImageInformation>
      <fileName>1769,_Saemtliche_Poetische_Werke,_Bohn,_4._Aufl.,_Bd._1,_VD18_90481097_Seite_137_Bild_0001.jpg</fileName>
    </sourceImageInformation>
  </Description>
  <Tags>
    <OtherTag ID="BT1" LABEL="Title" DESCRIPTION="block type Title"/><OtherTag ID="BT2" LABEL="Main" DESCRIPTION="block type Main"/><OtherTag ID="BT3" LABEL="Commentary" DESCRIPTION="block type Commentary"/><OtherTag ID="BT4" LABEL="Illustration" DESCRIPTION="block type Illustration"/><OtherTag ID="BT3614" LABEL="header" DESCRIPTION="block type header"/><OtherTag ID="BT3615" LABEL="paragraph" DESCRIPTION="block type paragraph"/><OtherTag ID="BT3616" LABEL="heading" DESCRIPTION="block type heading"/><OtherTag ID="BT3617" LABEL="footnote" DESCRIPTION="block type footnote"/><OtherTag ID="BT3618" LABEL="l-column" DESCRIPTION="block type l-column"/><OtherTag ID="BT3619" LABEL="r-column" DESCRIPTION="block type r-column"/><OtherTag ID="BT3620" LABEL="marginalia" DESCRIPTION="block type marginalia"/>
  </Tags>
  <Layout>
    <Page WIDTH="1857"
          HEIGHT="2881"
          PHYSICAL_IMG_NR="28"
          ID="eSc_dummypage_">
      <PrintSpace HPOS="0"
                  VPOS="0"
                  WIDTH="1857"
                  HEIGHT="2881">
        <TextBlock HPOS="464.0"
                   VPOS="548.0"
                   WIDTH="462.0"
                   HEIGHT="91.0"
                   ID="region_1719563193701_386"
                   TAGREFS="BT3614">
          <Shape><Polygon POINTS="895 639 464 639 464 567 926 548"/></Shape>
        </TextBlock>
        <TextBlock HPOS="1115.0"
                   VPOS="562.0"
                   WIDTH="147.0"
                   HEIGHT="70.0"
                   ID="region_1719563197553_389"
                   TAGREFS="BT3616">
          <Shape><Polygon POINTS="1221 632 1115 632 1115 573 1262 562"/></Shape>
        </TextBlock>
        <TextBlock HPOS="417.0"
                   VPOS="646.0"
                   WIDTH="579.0"
                   HEIGHT="179.0"
                   ID="region_1719563202228_392"
                   TAGREFS="BT3616">
          <Shape><Polygon POINTS="940 825 417 825 417 653 996 646"/></Shape>
        </TextBlock>
        <TextBlock HPOS="164.0"
                   VPOS="833.0"
                   WIDTH="101.0"
                   HEIGHT="136.0"
                   ID="region_1719563205433_395"
                   TAGREFS="BT3615">
          <Shape><Polygon POINTS="265 968 186 969 164 833 264 842"/></Shape>
        </TextBlock>
        <TextBlock HPOS="175.0"
                   VPOS="830.0"
                   WIDTH="1058.0"
                   HEIGHT="792.0"
                   ID="region_1719563211237_398"
                   TAGREFS="BT3615">
          <Shape><Polygon POINTS="1231 1622 175 1622 183 1042 186 967 265 965 266 842 1233 830"/></Shape>
        </TextBlock>
        <TextBlock HPOS="712.0"
                   VPOS="1627.0"
                   WIDTH="134.0"
                   HEIGHT="76.0"
                   ID="region_1719563214943_401"
                   TAGREFS="BT3616">
          <Shape><Polygon POINTS="828 1682 712 1703 712 1627 846 1627"/></Shape>
        </TextBlock>
        <TextBlock HPOS="1115.0"
                   VPOS="1627.0"
                   WIDTH="153.0"
                   HEIGHT="62.0"
                   ID="region_1719563217901_404"
                   TAGREFS="BT3616">
          <Shape><Polygon POINTS="1242 1689 1115 1689 1115 1632 1268 1627"/></Shape>
        </TextBlock>
        <TextBlock HPOS="304.0"
                   VPOS="1726.0"
                   WIDTH="808.0"
                   HEIGHT="165.0"
                   ID="region_1719563232736_407"
                   TAGREFS="BT3616">
          <Shape><Polygon POINTS="1091 1891 304 1891 304 1729 1112 1726"/></Shape>
        </TextBlock>
        <TextBlock HPOS="205.0"
                   VPOS="1903.0"
                   WIDTH="38.0"
                   HEIGHT="86.0"
                   ID="region_1719563235390_410"
                   TAGREFS="BT3615">
          <Shape><Polygon POINTS="243 1987 205 1989 205 1905 243 1903"/></Shape>
        </TextBlock>
        <TextBlock HPOS="194.0"
                   VPOS="1902.0"
                   WIDTH="1061.0"
                   HEIGHT="476.0"
                   ID="region_1719563240823_413"
                   TAGREFS="BT3615">
          <Shape><Polygon POINTS="1255 2360 194 2378 197 2030 204 1997 246 1997 245 1902 1255 1908"/></Shape>
        </TextBlock>
        <TextBlock HPOS="1137.0"
                   VPOS="2365.0"
                   WIDTH="123.0"
                   HEIGHT="61.0"
                   ID="region_1719563245541_416"
                   TAGREFS="BT3616">
          <Shape><Polygon POINTS="1260 2426 1137 2419 1137 2365 1226 2365"/></Shape>
        </TextBlock>
      </PrintSpace>
    </Page>
  </Layout>
</alto>
