<?xml version="1.0" encoding="UTF-8"?>
<alto xmlns:xsi="http://www.w3.org/2001/XMLSchema-instance"
      xmlns="http://www.loc.gov/standards/alto/ns-v4#"
      xsi:schemaLocation="http://www.loc.gov/standards/alto/ns-v4# http://www.loc.gov/standards/alto/v4/alto-4-2.xsd">
  <Description>
    <MeasurementUnit>pixel</MeasurementUnit>
    <sourceImageInformation>
      <fileName>1769,_Saemtliche_Poetische_Werke,_Bohn,_4._Aufl.,_Bd._2,_VD18_90481100_Seite_093_Bild_0001.jpg</fileName>
    </sourceImageInformation>
  </Description>
  <Tags>
    <OtherTag ID="BT1" LABEL="Title" DESCRIPTION="block type Title"/><OtherTag ID="BT2" LABEL="Main" DESCRIPTION="block type Main"/><OtherTag ID="BT3" LABEL="Commentary" DESCRIPTION="block type Commentary"/><OtherTag ID="BT4" LABEL="Illustration" DESCRIPTION="block type Illustration"/><OtherTag ID="BT3614" LABEL="header" DESCRIPTION="block type header"/><OtherTag ID="BT3615" LABEL="paragraph" DESCRIPTION="block type paragraph"/><OtherTag ID="BT3616" LABEL="heading" DESCRIPTION="block type heading"/><OtherTag ID="BT3617" LABEL="footnote" DESCRIPTION="block type footnote"/><OtherTag ID="BT3618" LABEL="l-column" DESCRIPTION="block type l-column"/><OtherTag ID="BT3619" LABEL="r-column" DESCRIPTION="block type r-column"/><OtherTag ID="BT3620" LABEL="marginalia" DESCRIPTION="block type marginalia"/>
  </Tags>
  <Layout>
    <Page WIDTH="1873"
          HEIGHT="2869"
          PHYSICAL_IMG_NR="31"
          ID="eSc_dummypage_">
      <PrintSpace HPOS="0"
                  VPOS="0"
                  WIDTH="1873"
                  HEIGHT="2869">
        <TextBlock HPOS="537.0"
                   VPOS="488.0"
                   WIDTH="337.0"
                   HEIGHT="89.0"
                   ID="region_1719567039338_258"
                   TAGREFS="BT3614">
          <Shape><Polygon POINTS="854 577 537 577 537 498 874 488"/></Shape>
        </TextBlock>
        <TextBlock HPOS="1151.0"
                   VPOS="514.0"
                   WIDTH="123.0"
                   HEIGHT="79.0"
                   ID="region_1719567041764_261"
                   TAGREFS="BT3616">
          <Shape><Polygon POINTS="1230 593 1151 593 1151 516 1274 514"/></Shape>
        </TextBlock>
        <TextBlock HPOS="267.0"
                   VPOS="603.0"
                   WIDTH="907.0"
                   HEIGHT="104.0"
                   ID="region_1719567046706_264"
                   TAGREFS="BT3616">
          <Shape><Polygon POINTS="1174 696 267 707 271 603 1168 603"/></Shape>
        </TextBlock>
        <TextBlock HPOS="283.0"
                   VPOS="729.0"
                   WIDTH="129.0"
                   HEIGHT="110.0"
                   ID="region_1719567051738_267"
                   TAGREFS="BT3615">
          <Shape><Polygon POINTS="412 839 283 830 310 729 412 731"/></Shape>
        </TextBlock>
        <TextBlock HPOS="307.0"
                   VPOS="722.0"
                   WIDTH="837.0"
                   HEIGHT="1127.0"
                   ID="region_1719567135322_275"
                   TAGREFS="BT3615">
          <Shape><Polygon POINTS="1144 1848 319 1849 308 905 307 843 413 847 414 723 1128 722"/></Shape>
        </TextBlock>
        <TextBlock HPOS="1178.0"
                   VPOS="1845.0"
                   WIDTH="90.0"
                   HEIGHT="68.0"
                   ID="region_1719567154666_284"
                   TAGREFS="BT3616">
          <Shape><Polygon POINTS="1239 1913 1178 1913 1178 1865 1268 1845"/></Shape>
        </TextBlock>
        <TextBlock HPOS="182.0"
                   VPOS="1950.0"
                   WIDTH="554.0"
                   HEIGHT="421.0"
                   ID="region_1719567175062_290"
                   TAGREFS="BT3618">
          <Shape><Polygon POINTS="736 2369 182 2371 211 1950 736 1950"/></Shape>
        </TextBlock>
        <TextBlock HPOS="746.0"
                   VPOS="1950.0"
                   WIDTH="572.0"
                   HEIGHT="415.0"
                   ID="region_1719567181242_293"
                   TAGREFS="BT3619">
          <Shape><Polygon POINTS="1318 2365 746 2363 746 1950 1263 1950"/></Shape>
        </TextBlock>
      </PrintSpace>
    </Page>
  </Layout>
</alto>
