<?xml version="1.0" encoding="UTF-8"?>
<alto xmlns:xsi="http://www.w3.org/2001/XMLSchema-instance"
      xmlns="http://www.loc.gov/standards/alto/ns-v4#"
      xsi:schemaLocation="http://www.loc.gov/standards/alto/ns-v4# http://www.loc.gov/standards/alto/v4/alto-4-2.xsd">
  <Description>
    <MeasurementUnit>pixel</MeasurementUnit>
    <sourceImageInformation>
      <fileName>1769,_Saemtliche_Poetische_Werke,_Bohn,_4._Aufl.,_Bd._1,_VD18_90481097_Seite_131_Bild_0001.jpg</fileName>
    </sourceImageInformation>
  </Description>
  <Tags>
    <OtherTag ID="BT1" LABEL="Title" DESCRIPTION="block type Title"/><OtherTag ID="BT2" LABEL="Main" DESCRIPTION="block type Main"/><OtherTag ID="BT3" LABEL="Commentary" DESCRIPTION="block type Commentary"/><OtherTag ID="BT4" LABEL="Illustration" DESCRIPTION="block type Illustration"/><OtherTag ID="BT3614" LABEL="header" DESCRIPTION="block type header"/><OtherTag ID="BT3615" LABEL="paragraph" DESCRIPTION="block type paragraph"/><OtherTag ID="BT3616" LABEL="heading" DESCRIPTION="block type heading"/><OtherTag ID="BT3617" LABEL="footnote" DESCRIPTION="block type footnote"/><OtherTag ID="BT3618" LABEL="l-column" DESCRIPTION="block type l-column"/><OtherTag ID="BT3619" LABEL="r-column" DESCRIPTION="block type r-column"/><OtherTag ID="BT3620" LABEL="marginalia" DESCRIPTION="block type marginalia"/>
  </Tags>
  <Layout>
    <Page WIDTH="1857"
          HEIGHT="2881"
          PHYSICAL_IMG_NR="27"
          ID="eSc_dummypage_">
      <PrintSpace HPOS="0"
                  VPOS="0"
                  WIDTH="1857"
                  HEIGHT="2881">
        <TextBlock HPOS="461.0"
                   VPOS="547.0"
                   WIDTH="511.0"
                   HEIGHT="107.0"
                   ID="region_1719562615946_275"
                   TAGREFS="BT3614">
          <Shape><Polygon POINTS="903 654 461 654 461 560 972 547"/></Shape>
        </TextBlock>
        <TextBlock HPOS="1121.0"
                   VPOS="567.0"
                   WIDTH="115.0"
                   HEIGHT="81.0"
                   ID="region_1719562620306_278"
                   TAGREFS="BT3616">
          <Shape><Polygon POINTS="1216 648 1121 648 1121 569 1236 567"/></Shape>
        </TextBlock>
        <TextBlock HPOS="476.0"
                   VPOS="672.0"
                   WIDTH="461.0"
                   HEIGHT="76.0"
                   ID="region_1719562623838_281"
                   TAGREFS="BT3616">
          <Shape><Polygon POINTS="902 748 482 748 476 672 937 672"/></Shape>
        </TextBlock>
        <TextBlock HPOS="156.0"
                   VPOS="756.0"
                   WIDTH="124.0"
                   HEIGHT="126.0"
                   ID="region_1719562627801_284"
                   TAGREFS="BT3615">
          <Shape><Polygon POINTS="280 882 171 882 156 756 280 764"/></Shape>
        </TextBlock>
        <TextBlock HPOS="163.0"
                   VPOS="763.0"
                   WIDTH="997.0"
                   HEIGHT="1396.0"
                   ID="region_1719562631718_287"
                   TAGREFS="BT3615">
          <Shape><Polygon POINTS="1160 2159 178 2159 163 963 164 883 283 885 286 769 1143 763"/></Shape>
        </TextBlock>
        <TextBlock HPOS="669.0"
                   VPOS="2169.0"
                   WIDTH="168.0"
                   HEIGHT="67.0"
                   ID="region_1719562649061_299"
                   TAGREFS="BT3616">
          <Shape><Polygon POINTS="837 2236 669 2233 669 2169 797 2169"/></Shape>
        </TextBlock>
        <TextBlock HPOS="1102.0"
                   VPOS="2166.0"
                   WIDTH="152.0"
                   HEIGHT="65.0"
                   ID="region_1719562651586_302"
                   TAGREFS="BT3616">
          <Shape><Polygon POINTS="1229 2231 1102 2231 1102 2171 1254 2166"/></Shape>
        </TextBlock>
        <TextBlock HPOS="185.0"
                   VPOS="2257.0"
                   WIDTH="1055.0"
                   HEIGHT="178.0"
                   ID="region_1719562670134_305"
                   TAGREFS="BT3615">
          <Shape><Polygon POINTS="1206 2416 185 2435 185 2257 1240 2262"/></Shape>
        </TextBlock>
      </PrintSpace>
    </Page>
  </Layout>
</alto>
