<?xml version="1.0" encoding="UTF-8"?>
<alto xmlns:xsi="http://www.w3.org/2001/XMLSchema-instance"
      xmlns="http://www.loc.gov/standards/alto/ns-v4#"
      xsi:schemaLocation="http://www.loc.gov/standards/alto/ns-v4# http://www.loc.gov/standards/alto/v4/alto-4-2.xsd">
  <Description>
    <MeasurementUnit>pixel</MeasurementUnit>
    <sourceImageInformation>
      <fileName>1771,_Saemtliche_Poetische_Werke,_Bohn,_5._Aufl.,_Bd._3,_VD18_90396774_Seite_067_Bild_0001.jpg</fileName>
    </sourceImageInformation>
  </Description>
  <Tags>
    <OtherTag ID="BT1" LABEL="Title" DESCRIPTION="block type Title"/><OtherTag ID="BT2" LABEL="Main" DESCRIPTION="block type Main"/><OtherTag ID="BT3" LABEL="Commentary" DESCRIPTION="block type Commentary"/><OtherTag ID="BT4" LABEL="Illustration" DESCRIPTION="block type Illustration"/><OtherTag ID="BT3614" LABEL="header" DESCRIPTION="block type header"/><OtherTag ID="BT3615" LABEL="paragraph" DESCRIPTION="block type paragraph"/><OtherTag ID="BT3616" LABEL="heading" DESCRIPTION="block type heading"/><OtherTag ID="BT3617" LABEL="footnote" DESCRIPTION="block type footnote"/><OtherTag ID="BT3618" LABEL="l-column" DESCRIPTION="block type l-column"/><OtherTag ID="BT3619" LABEL="r-column" DESCRIPTION="block type r-column"/><OtherTag ID="BT3620" LABEL="marginalia" DESCRIPTION="block type marginalia"/>
  </Tags>
  <Layout>
    <Page WIDTH="1122"
          HEIGHT="2082"
          PHYSICAL_IMG_NR="47"
          ID="eSc_dummypage_">
      <PrintSpace HPOS="0"
                  VPOS="0"
                  WIDTH="1122"
                  HEIGHT="2082">
        <TextBlock HPOS="114.0"
                   VPOS="73.0"
                   WIDTH="107.0"
                   HEIGHT="64.0"
                   ID="region_1719492639529_321"
                   TAGREFS="BT3616">
          <Shape><Polygon POINTS="221 137 114 128 114 73 194 73"/></Shape>
        </TextBlock>
        <TextBlock HPOS="418.0"
                   VPOS="67.0"
                   WIDTH="396.0"
                   HEIGHT="73.0"
                   ID="region_1719492642532_324"
                   TAGREFS="BT3614">
          <Shape><Polygon POINTS="814 133 418 140 418 67 788 67"/></Shape>
        </TextBlock>
        <TextBlock HPOS="471.0"
                   VPOS="154.0"
                   WIDTH="319.0"
                   HEIGHT="76.0"
                   ID="region_1719492646087_327"
                   TAGREFS="BT3616">
          <Shape><Polygon POINTS="790 228 471 230 471 154 771 154"/></Shape>
        </TextBlock>
        <TextBlock HPOS="297.0"
                   VPOS="245.0"
                   WIDTH="75.0"
                   HEIGHT="102.0"
                   ID="region_1719492652479_330"
                   TAGREFS="BT3615">
          <Shape><Polygon POINTS="372 347 297 341 297 247 364 245"/></Shape>
        </TextBlock>
        <TextBlock HPOS="270.0"
                   VPOS="249.0"
                   WIDTH="608.0"
                   HEIGHT="1537.0"
                   ID="region_1719492659299_333"
                   TAGREFS="BT3615">
          <Shape><Polygon POINTS="864 1786 270 1786 290 432 281 347 374 352 364 254 878 249"/></Shape>
        </TextBlock>
        <TextBlock HPOS="986.0"
                   VPOS="1745.0"
                   WIDTH="74.0"
                   HEIGHT="45.0"
                   ID="region_1719492670376_336"
                   TAGREFS="BT3616">
          <Shape><Polygon POINTS="1060 1790 987 1790 986 1745 1059 1745"/></Shape>
        </TextBlock>
        <TextBlock HPOS="117.0"
                   VPOS="1806.0"
                   WIDTH="476.0"
                   HEIGHT="145.0"
                   ID="region_1719492835409_367"
                   TAGREFS="BT3618">
          <Shape><Polygon POINTS="593 1951 117 1949 117 1806 593 1808"/></Shape>
        </TextBlock>
        <TextBlock HPOS="604.0"
                   VPOS="1802.0"
                   WIDTH="463.0"
                   HEIGHT="163.0"
                   ID="region_1719492842804_370"
                   TAGREFS="BT3619">
          <Shape><Polygon POINTS="1067 1915 834 1965 604 1952 612 1803 1062 1802"/></Shape>
        </TextBlock>
        <TextBlock HPOS="1004.0"
                   VPOS="1924.0"
                   WIDTH="74.0"
                   HEIGHT="50.0"
                   ID="region_1719492678216_342"
                   TAGREFS="BT3616">
          <Shape><Polygon POINTS="1078 1950 1020 1974 1004 1936 1063 1924"/></Shape>
        </TextBlock>
      </PrintSpace>
    </Page>
  </Layout>
</alto>
