<?xml version="1.0" encoding="UTF-8"?>
<alto xmlns:xsi="http://www.w3.org/2001/XMLSchema-instance"
      xmlns="http://www.loc.gov/standards/alto/ns-v4#"
      xsi:schemaLocation="http://www.loc.gov/standards/alto/ns-v4# http://www.loc.gov/standards/alto/v4/alto-4-2.xsd">
  <Description>
    <MeasurementUnit>pixel</MeasurementUnit>
    <sourceImageInformation>
      <fileName>1771,_Saemtliche_Poetische_Werke,_Bohn,_5._Aufl.,_Bd._3,_VD18_90396774_Seite_025_Bild_0001.jpg</fileName>
    </sourceImageInformation>
  </Description>
  <Tags>
    <OtherTag ID="BT1" LABEL="Title" DESCRIPTION="block type Title"/><OtherTag ID="BT2" LABEL="Main" DESCRIPTION="block type Main"/><OtherTag ID="BT3" LABEL="Commentary" DESCRIPTION="block type Commentary"/><OtherTag ID="BT4" LABEL="Illustration" DESCRIPTION="block type Illustration"/><OtherTag ID="BT3614" LABEL="header" DESCRIPTION="block type header"/><OtherTag ID="BT3615" LABEL="paragraph" DESCRIPTION="block type paragraph"/><OtherTag ID="BT3616" LABEL="heading" DESCRIPTION="block type heading"/><OtherTag ID="BT3617" LABEL="footnote" DESCRIPTION="block type footnote"/><OtherTag ID="BT3618" LABEL="l-column" DESCRIPTION="block type l-column"/><OtherTag ID="BT3619" LABEL="r-column" DESCRIPTION="block type r-column"/><OtherTag ID="BT3620" LABEL="marginalia" DESCRIPTION="block type marginalia"/>
  </Tags>
  <Layout>
    <Page WIDTH="1158"
          HEIGHT="2047"
          PHYSICAL_IMG_NR="45"
          ID="eSc_dummypage_">
      <PrintSpace HPOS="0"
                  VPOS="0"
                  WIDTH="1158"
                  HEIGHT="2047">
        <TextBlock HPOS="123.0"
                   VPOS="58.0"
                   WIDTH="84.0"
                   HEIGHT="77.0"
                   ID="region_1719491470943_21"
                   TAGREFS="BT3616">
          <Shape><Polygon POINTS="207 135 123 135 123 68 183 58 207 68"/></Shape>
        </TextBlock>
        <TextBlock HPOS="420.0"
                   VPOS="35.0"
                   WIDTH="385.0"
                   HEIGHT="100.0"
                   ID="region_1719491476262_24"
                   TAGREFS="BT3614">
          <Shape><Polygon POINTS="805 135 420 135 420 56 630 35 805 56"/></Shape>
        </TextBlock>
        <TextBlock HPOS="116.0"
                   VPOS="145.0"
                   WIDTH="1021.0"
                   HEIGHT="145.0"
                   ID="region_1719491480586_27"
                   TAGREFS="BT3616">
          <Shape><Polygon POINTS="1137 249 1114 290 119 290 116 145 1111 145"/></Shape>
        </TextBlock>
        <TextBlock HPOS="142.0"
                   VPOS="311.0"
                   WIDTH="104.0"
                   HEIGHT="89.0"
                   ID="region_1719491484855_30"
                   TAGREFS="BT3615">
          <Shape><Polygon POINTS="246 398 145 400 142 313 243 311"/></Shape>
        </TextBlock>
        <TextBlock HPOS="135.0"
                   VPOS="312.0"
                   WIDTH="874.0"
                   HEIGHT="922.0"
                   ID="region_1719491488855_33"
                   TAGREFS="BT3615">
          <Shape><Polygon POINTS="998 1234 135 1223 136 473 146 404 248 401 246 314 1009 312"/></Shape>
        </TextBlock>
        <TextBlock HPOS="1018.0"
                   VPOS="1220.0"
                   WIDTH="107.0"
                   HEIGHT="85.0"
                   ID="region_1719491499371_42"
                   TAGREFS="BT3616">
          <Shape><Polygon POINTS="1125 1305 1064 1282 1018 1305 1018 1220 1125 1220"/></Shape>
        </TextBlock>
        <TextBlock HPOS="288.0"
                   VPOS="1271.0"
                   WIDTH="85.0"
                   HEIGHT="77.0"
                   ID="region_1719491502763_45"
                   TAGREFS="BT3615">
          <Shape><Polygon POINTS="349 1325 373 1348 297 1339 288 1271 350 1276"/></Shape>
        </TextBlock>
        <TextBlock HPOS="269.0"
                   VPOS="1268.0"
                   WIDTH="650.0"
                   HEIGHT="666.0"
                   ID="region_1719491506519_48"
                   TAGREFS="BT3615">
          <Shape><Polygon POINTS="919 1918 269 1934 294 1426 295 1340 356 1348 360 1274 902 1268"/></Shape>
        </TextBlock>
        <TextBlock HPOS="1008.0"
                   VPOS="1877.0"
                   WIDTH="124.0"
                   HEIGHT="91.0"
                   ID="region_1719491528085_60"
                   TAGREFS="BT3616">
          <Shape><Polygon POINTS="1132 1968 1075 1951 1008 1968 1008 1877 1132 1877"/></Shape>
        </TextBlock>
      </PrintSpace>
    </Page>
  </Layout>
</alto>
