<mets xmlns="http://www.loc.gov/METS/" xmlns:xlink="http://www.w3.org/1999/xlink">
  <fileSec>
    
    <fileGrp USE="export">
      
        <file ID="export1">
          <FLocat xlink:href="1757, Poetische Werke, Bohn, Bd. 1, VD18 9033213X_NEU-0015.xml"/>
        </file>
      
        <file ID="export2">
          <FLocat xlink:href="1757, Poetische Werke, Bohn, Bd. 1, VD18 9033213X_NEU-0016.xml"/>
        </file>
      
        <file ID="export3">
          <FLocat xlink:href="1757, Poetische Werke, Bohn, Bd. 1, VD18 9033213X_NEU-0017.xml"/>
        </file>
      
        <file ID="export4">
          <FLocat xlink:href="1757, Poetische Werke, Bohn, Bd. 1, VD18 9033213X_NEU-0018.xml"/>
        </file>
      
        <file ID="export5">
          <FLocat xlink:href="1757, Poetische Werke, Bohn, Bd. 1, VD18 9033213X_NEU-0027.xml"/>
        </file>
      
        <file ID="export6">
          <FLocat xlink:href="1757, Poetische Werke, Bohn, Bd. 2, VD18 90332148_NEU-0018.xml"/>
        </file>
      
        <file ID="export7">
          <FLocat xlink:href="1757, Poetische Werke, Bohn, Bd. 2, VD18 90332148_NEU-0023.xml"/>
        </file>
      
        <file ID="export8">
          <FLocat xlink:href="1757, Poetische Werke, Bohn, Bd. 2, VD18 90332148_NEU-0298.xml"/>
        </file>
      
        <file ID="export9">
          <FLocat xlink:href="0014.xml"/>
        </file>
      
        <file ID="export10">
          <FLocat xlink:href="0053.xml"/>
        </file>
      
        <file ID="export11">
          <FLocat xlink:href="0314.xml"/>
        </file>
      
        <file ID="export12">
          <FLocat xlink:href="1757,_Saemtliche_Poetische_Werke,_Bohn,_1._Aufl.,_Bd._2,_VD18_90396731_Seite_171_Bild_0001.xml"/>
        </file>
      
        <file ID="export13">
          <FLocat xlink:href="1757,_Saemtliche_Poetische_Werke,_Bohn,_1._Aufl.,_Bd._3,_VD18_9039674X_Seite_163_Bild_0001.xml"/>
        </file>
      
        <file ID="export14">
          <FLocat xlink:href="1757,_Saemtliche_Poetische_Werke,_Bohn,_1._Aufl.,_Bd._3,_VD18_9039674X_Seite_174_Bild_0001.xml"/>
        </file>
      
        <file ID="export15">
          <FLocat xlink:href="0012.xml"/>
        </file>
      
        <file ID="export16">
          <FLocat xlink:href="0018.xml"/>
        </file>
      
        <file ID="export17">
          <FLocat xlink:href="0057.xml"/>
        </file>
      
        <file ID="export18">
          <FLocat xlink:href="0036.xml"/>
        </file>
      
        <file ID="export19">
          <FLocat xlink:href="0044.xml"/>
        </file>
      
        <file ID="export20">
          <FLocat xlink:href="0049.xml"/>
        </file>
      
        <file ID="export21">
          <FLocat xlink:href="1764,_Saemtliche_Poetische_Werke,_Bohn,_3._Aufl.,_Bd._3,_VD18_80365043_Seite_171_Bild_0001.xml"/>
        </file>
      
        <file ID="export22">
          <FLocat xlink:href="1764,_Saemtliche_Poetische_Werke,_Bohn,_3._Aufl.,_Bd._3,_VD18_80365043_Seite_181_Bild_0001.xml"/>
        </file>
      
        <file ID="export23">
          <FLocat xlink:href="1764,_Saemtliche_Poetische_Werke,_Bohn,_3._Aufl.,_Bd._1,_VD18_80365027_Seite_157_Bild_0001.xml"/>
        </file>
      
        <file ID="export24">
          <FLocat xlink:href="1764,_Saemtliche_Poetische_Werke,_Bohn,_3._Aufl.,_Bd._1,_VD18_80365027_Seite_158_Bild_0001.xml"/>
        </file>
      
        <file ID="export25">
          <FLocat xlink:href="1757,_Saemtliche_Poetische_Werke,_Bohn,_1._Aufl.,_Bd._2,_VD18_90396731_Seite_045_Bild_0001.xml"/>
        </file>
      
        <file ID="export26">
          <FLocat xlink:href="1769,_Saemtliche_Poetische_Werke,_Bohn,_4._Aufl.,_Bd._1,_VD18_90481097_Seite_049_Bild_0001.xml"/>
        </file>
      
        <file ID="export27">
          <FLocat xlink:href="1769,_Saemtliche_Poetische_Werke,_Bohn,_4._Aufl.,_Bd._1,_VD18_90481097_Seite_073_Bild_0001.xml"/>
        </file>
      
        <file ID="export28">
          <FLocat xlink:href="1769,_Saemtliche_Poetische_Werke,_Bohn,_4._Aufl.,_Bd._1,_VD18_90481097_Seite_131_Bild_0001.xml"/>
        </file>
      
        <file ID="export29">
          <FLocat xlink:href="1769,_Saemtliche_Poetische_Werke,_Bohn,_4._Aufl.,_Bd._1,_VD18_90481097_Seite_137_Bild_0001.xml"/>
        </file>
      
        <file ID="export30">
          <FLocat xlink:href="1769,_Saemtliche_Poetische_Werke,_Bohn,_4._Aufl.,_Bd._2,_VD18_90481100_Seite_027_Bild_0001.xml"/>
        </file>
      
        <file ID="export31">
          <FLocat xlink:href="1769,_Saemtliche_Poetische_Werke,_Bohn,_4._Aufl.,_Bd._2,_VD18_90481100_Seite_042_Bild_0001.xml"/>
        </file>
      
        <file ID="export32">
          <FLocat xlink:href="1769,_Saemtliche_Poetische_Werke,_Bohn,_4._Aufl.,_Bd._2,_VD18_90481100_Seite_093_Bild_0001.xml"/>
        </file>
      
        <file ID="export33">
          <FLocat xlink:href="1769,_Saemtliche_Poetische_Werke,_Bohn,_4._Aufl.,_Bd._3,_VD18_90481127_Seite_008_Bild_0001.xml"/>
        </file>
      
        <file ID="export34">
          <FLocat xlink:href="1769,_Saemtliche_Poetische_Werke,_Bohn,_4._Aufl.,_Bd._3,_VD18_90481127_Seite_031_Bild_0001.xml"/>
        </file>
      
        <file ID="export35">
          <FLocat xlink:href="1769,_Saemtliche_Poetische_Werke,_Bohn,_4._Aufl.,_Bd._3,_VD18_90481127_Seite_052_Bild_0001.xml"/>
        </file>
      
        <file ID="export36">
          <FLocat xlink:href="1769,_Saemtliche_Poetische_Werke,_Bohn,_4._Aufl.,_Bd._3,_VD18_90481127_Seite_100_Bild_0001.xml"/>
        </file>
      
        <file ID="export37">
          <FLocat xlink:href="1769,_Saemtliche_Poetische_Werke,_Bohn,_4._Aufl.,_Bd._3,_VD18_90481127_Seite_240_Bild_0001.xml"/>
        </file>
      
        <file ID="export38">
          <FLocat xlink:href="1771,_Saemtliche_Poetische_Werke,_Bohn,_5._Aufl.,_Bd._1,_VD18_90396758_Seite_031_Bild_0001.xml"/>
        </file>
      
        <file ID="export39">
          <FLocat xlink:href="1771,_Saemtliche_Poetische_Werke,_Bohn,_5._Aufl.,_Bd._1,_VD18_90396758_Seite_032_Bild_0001.xml"/>
        </file>
      
        <file ID="export40">
          <FLocat xlink:href="1771,_Saemtliche_Poetische_Werke,_Bohn,_5._Aufl.,_Bd._1,_VD18_90396758_Seite_114_Bild_0001.xml"/>
        </file>
      
        <file ID="export41">
          <FLocat xlink:href="1771,_Saemtliche_Poetische_Werke,_Bohn,_5._Aufl.,_Bd._1,_VD18_90396758_Seite_143_Bild_0001.xml"/>
        </file>
      
        <file ID="export42">
          <FLocat xlink:href="1771,_Saemtliche_Poetische_Werke,_Bohn,_5._Aufl.,_Bd._1,_VD18_90396758_Seite_156_Bild_0001.xml"/>
        </file>
      
        <file ID="export43">
          <FLocat xlink:href="1771,_Saemtliche_Poetische_Werke,_Bohn,_5._Aufl.,_Bd._2,_VD18_90396766_Seite_032_Bild_0001.xml"/>
        </file>
      
        <file ID="export44">
          <FLocat xlink:href="1771,_Saemtliche_Poetische_Werke,_Bohn,_5._Aufl.,_Bd._2,_VD18_90396766_Seite_065_Bild_0001.xml"/>
        </file>
      
        <file ID="export45">
          <FLocat xlink:href="1771,_Saemtliche_Poetische_Werke,_Bohn,_5._Aufl.,_Bd._2,_VD18_90396766_Seite_088_Bild_0001.xml"/>
        </file>
      
        <file ID="export46">
          <FLocat xlink:href="1771,_Saemtliche_Poetische_Werke,_Bohn,_5._Aufl.,_Bd._3,_VD18_90396774_Seite_025_Bild_0001.xml"/>
        </file>
      
        <file ID="export47">
          <FLocat xlink:href="1771,_Saemtliche_Poetische_Werke,_Bohn,_5._Aufl.,_Bd._3,_VD18_90396774_Seite_047_Bild_0001.xml"/>
        </file>
      
        <file ID="export48">
          <FLocat xlink:href="1771,_Saemtliche_Poetische_Werke,_Bohn,_5._Aufl.,_Bd._3,_VD18_90396774_Seite_067_Bild_0001.xml"/>
        </file>
      
        <file ID="export49">
          <FLocat xlink:href="1769,_Saemtliche_Poetische_Werke,_Bohn,_4._Aufl.,_Bd._2,_VD18_90481100_Seite_260_Bild_0001.xml"/>
        </file>
      
        <file ID="export50">
          <FLocat xlink:href="1769,_Saemtliche_Poetische_Werke,_Bohn,_4._Aufl.,_Bd._2,_VD18_90481100_Seite_282_Bild_0001.xml"/>
        </file>
      
        <file ID="export51">
          <FLocat xlink:href="1769,_Saemtliche_Poetische_Werke,_Bohn,_4._Aufl.,_Bd._2,_VD18_90481100_Seite_291_Bild_0001.xml"/>
        </file>
      
    </fileGrp>
  </fileSec>
  <structMap TYPE="physical">
    <div TYPE="document">
      
      <div TYPE="page">
        
        <fptr FILEID="export1"/>
      </div>
      
      <div TYPE="page">
        
        <fptr FILEID="export2"/>
      </div>
      
      <div TYPE="page">
        
        <fptr FILEID="export3"/>
      </div>
      
      <div TYPE="page">
        
        <fptr FILEID="export4"/>
      </div>
      
      <div TYPE="page">
        
        <fptr FILEID="export5"/>
      </div>
      
      <div TYPE="page">
        
        <fptr FILEID="export6"/>
      </div>
      
      <div TYPE="page">
        
        <fptr FILEID="export7"/>
      </div>
      
      <div TYPE="page">
        
        <fptr FILEID="export8"/>
      </div>
      
      <div TYPE="page">
        
        <fptr FILEID="export9"/>
      </div>
      
      <div TYPE="page">
        
        <fptr FILEID="export10"/>
      </div>
      
      <div TYPE="page">
        
        <fptr FILEID="export11"/>
      </div>
      
      <div TYPE="page">
        
        <fptr FILEID="export12"/>
      </div>
      
      <div TYPE="page">
        
        <fptr FILEID="export13"/>
      </div>
      
      <div TYPE="page">
        
        <fptr FILEID="export14"/>
      </div>
      
      <div TYPE="page">
        
        <fptr FILEID="export15"/>
      </div>
      
      <div TYPE="page">
        
        <fptr FILEID="export16"/>
      </div>
      
      <div TYPE="page">
        
        <fptr FILEID="export17"/>
      </div>
      
      <div TYPE="page">
        
        <fptr FILEID="export18"/>
      </div>
      
      <div TYPE="page">
        
        <fptr FILEID="export19"/>
      </div>
      
      <div TYPE="page">
        
        <fptr FILEID="export20"/>
      </div>
      
      <div TYPE="page">
        
        <fptr FILEID="export21"/>
      </div>
      
      <div TYPE="page">
        
        <fptr FILEID="export22"/>
      </div>
      
      <div TYPE="page">
        
        <fptr FILEID="export23"/>
      </div>
      
      <div TYPE="page">
        
        <fptr FILEID="export24"/>
      </div>
      
      <div TYPE="page">
        
        <fptr FILEID="export25"/>
      </div>
      
      <div TYPE="page">
        
        <fptr FILEID="export26"/>
      </div>
      
      <div TYPE="page">
        
        <fptr FILEID="export27"/>
      </div>
      
      <div TYPE="page">
        
        <fptr FILEID="export28"/>
      </div>
      
      <div TYPE="page">
        
        <fptr FILEID="export29"/>
      </div>
      
      <div TYPE="page">
        
        <fptr FILEID="export30"/>
      </div>
      
      <div TYPE="page">
        
        <fptr FILEID="export31"/>
      </div>
      
      <div TYPE="page">
        
        <fptr FILEID="export32"/>
      </div>
      
      <div TYPE="page">
        
        <fptr FILEID="export33"/>
      </div>
      
      <div TYPE="page">
        
        <fptr FILEID="export34"/>
      </div>
      
      <div TYPE="page">
        
        <fptr FILEID="export35"/>
      </div>
      
      <div TYPE="page">
        
        <fptr FILEID="export36"/>
      </div>
      
      <div TYPE="page">
        
        <fptr FILEID="export37"/>
      </div>
      
      <div TYPE="page">
        
        <fptr FILEID="export38"/>
      </div>
      
      <div TYPE="page">
        
        <fptr FILEID="export39"/>
      </div>
      
      <div TYPE="page">
        
        <fptr FILEID="export40"/>
      </div>
      
      <div TYPE="page">
        
        <fptr FILEID="export41"/>
      </div>
      
      <div TYPE="page">
        
        <fptr FILEID="export42"/>
      </div>
      
      <div TYPE="page">
        
        <fptr FILEID="export43"/>
      </div>
      
      <div TYPE="page">
        
        <fptr FILEID="export44"/>
      </div>
      
      <div TYPE="page">
        
        <fptr FILEID="export45"/>
      </div>
      
      <div TYPE="page">
        
        <fptr FILEID="export46"/>
      </div>
      
      <div TYPE="page">
        
        <fptr FILEID="export47"/>
      </div>
      
      <div TYPE="page">
        
        <fptr FILEID="export48"/>
      </div>
      
      <div TYPE="page">
        
        <fptr FILEID="export49"/>
      </div>
      
      <div TYPE="page">
        
        <fptr FILEID="export50"/>
      </div>
      
      <div TYPE="page">
        
        <fptr FILEID="export51"/>
      </div>
      
    </div>
  </structMap>
</mets>
