<?xml version="1.0" encoding="UTF-8"?>
<alto xmlns:xsi="http://www.w3.org/2001/XMLSchema-instance"
      xmlns="http://www.loc.gov/standards/alto/ns-v4#"
      xsi:schemaLocation="http://www.loc.gov/standards/alto/ns-v4# http://www.loc.gov/standards/alto/v4/alto-4-2.xsd">
  <Description>
    <MeasurementUnit>pixel</MeasurementUnit>
    <sourceImageInformation>
      <fileName>1782,_Poetische_Werke,_Fleischhauer,_Bd._2,_VD18_89276873-001_Seite_145_Bild_0001.jpg</fileName>
      <fileIdentifier>mets//export_doc3108_lena_alto_202503291248.zip/1782,_Poetische_Werke,_Fleischhauer,_Bd._2,_VD18_89276873-001_Seite_145_Bild_0001.jpg</fileIdentifier>
    </sourceImageInformation>
  </Description>
  <Tags>
    <OtherTag ID="BT1" LABEL="Title" DESCRIPTION="block type Title"/><OtherTag ID="BT2" LABEL="Main" DESCRIPTION="block type Main"/><OtherTag ID="BT3" LABEL="Commentary" DESCRIPTION="block type Commentary"/><OtherTag ID="BT4" LABEL="Illustration" DESCRIPTION="block type Illustration"/><OtherTag ID="BT4244" LABEL="paragraph" DESCRIPTION="block type paragraph"/><OtherTag ID="BT4245" LABEL="footnote" DESCRIPTION="block type footnote"/><OtherTag ID="BT4246" LABEL="heading" DESCRIPTION="block type heading"/><OtherTag ID="BT4247" LABEL="l-column" DESCRIPTION="block type l-column"/><OtherTag ID="BT4248" LABEL="r-column" DESCRIPTION="block type r-column"/><OtherTag ID="BT4249" LABEL="marginalia" DESCRIPTION="block type marginalia"/><OtherTag ID="BT4250" LABEL="signature-mark" DESCRIPTION="block type signature-mark"/><OtherTag ID="BT4251" LABEL="catch-word" DESCRIPTION="block type catch-word"/><OtherTag ID="BT4252" LABEL="endnote" DESCRIPTION="block type endnote"/>
  </Tags>
  <Layout>
    <Page WIDTH="1219"
          HEIGHT="2032"
          PHYSICAL_IMG_NR="140"
          ID="eSc_dummypage_">
      <PrintSpace HPOS="0"
                  VPOS="0"
                  WIDTH="1219"
                  HEIGHT="2032">
        <TextBlock HPOS="192.0"
                   VPOS="127.0"
                   WIDTH="122.0"
                   HEIGHT="74.0"
                   ID="region_1719325633749_622"
                   TAGREFS="BT4244">
          <Shape><Polygon POINTS="197 201 192 137 314 127 312 190"/></Shape>
        </TextBlock>
        <TextBlock HPOS="355.0"
                   VPOS="110.0"
                   WIDTH="544.0"
                   HEIGHT="89.0"
                   ID="region_1719325651895_625"
                   TAGREFS="BT4244">
          <Shape><Polygon POINTS="355 195 359 132 402 122 899 110 878 199"/></Shape>
        </TextBlock>
        <TextBlock HPOS="182.0"
                   VPOS="210.0"
                   WIDTH="923.0"
                   HEIGHT="182.0"
                   ID="region_1719325674531_628"
                   TAGREFS="BT4244">
          <Shape><Polygon POINTS="192 354 182 232 352 210 876 222 1105 266 1072 342 892 349 890 382 642 392 574 363"/></Shape>
        </TextBlock>
        <TextBlock HPOS="177.0"
                   VPOS="451.0"
                   WIDTH="927.0"
                   HEIGHT="581.0"
                   ID="region_1719325685501_631"
                   TAGREFS="BT4244">
          <Shape><Polygon POINTS="179 1032 177 480 270 451 1104 456 1101 1012"/></Shape>
        </TextBlock>
        <TextBlock HPOS="260.0"
                   VPOS="1251.0"
                   WIDTH="81.0"
                   HEIGHT="87.0"
                   ID="TextRegion_1719325858174_652"
                   TAGREFS="BT4244">
          <Shape><Polygon POINTS="306 1251 341 1267 337 1275 322 1303 323 1321 320 1332 296 1338 260 1327 265 1268"/></Shape>
        </TextBlock>
        <TextBlock HPOS="179.0"
                   VPOS="1267.0"
                   WIDTH="909.0"
                   HEIGHT="272.0"
                   ID="TextRegion_1719325858173_651"
                   TAGREFS="BT4244">
          <Shape><Polygon POINTS="341 1267 347 1270 1076 1268 1088 1514 191 1539 179 1330 260 1338 260 1327 296 1338 320 1332 323 1321 322 1303 337 1275"/></Shape>
        </TextBlock>
        <TextBlock HPOS="171.0"
                   VPOS="1609.0"
                   WIDTH="926.0"
                   HEIGHT="220.0"
                   ID="region_1719325726217_637"
                   TAGREFS="BT4245">
          <Shape><Polygon POINTS="202 1818 171 1609 1097 1616 1087 1784 387 1829"/></Shape>
        </TextBlock>
        <TextBlock HPOS="998.0"
                   VPOS="1798.0"
                   WIDTH="84.0"
                   HEIGHT="51.0"
                   ID="region_1719325738151_640"
                   TAGREFS="BT4244">
          <Shape><Polygon POINTS="998 1849 998 1803 1082 1798 1081 1842"/></Shape>
        </TextBlock>
      </PrintSpace>
    </Page>
  </Layout>
</alto>
