<?xml version="1.0" encoding="UTF-8"?>
<alto xmlns:xsi="http://www.w3.org/2001/XMLSchema-instance"
      xmlns="http://www.loc.gov/standards/alto/ns-v4#"
      xsi:schemaLocation="http://www.loc.gov/standards/alto/ns-v4# http://www.loc.gov/standards/alto/v4/alto-4-2.xsd">
  <Description>
    <MeasurementUnit>pixel</MeasurementUnit>
    <sourceImageInformation>
      <fileName>1782,_Poetische_Werke,_Fleischhauer,_Bd._2,_VD18_89276873-001_Seite_284_Bild_0001.jpg</fileName>
      <fileIdentifier>mets//export_doc3108_lena_alto_202503291248.zip/1782,_Poetische_Werke,_Fleischhauer,_Bd._2,_VD18_89276873-001_Seite_284_Bild_0001.jpg</fileIdentifier>
    </sourceImageInformation>
  </Description>
  <Tags>
    <OtherTag ID="BT1" LABEL="Title" DESCRIPTION="block type Title"/><OtherTag ID="BT2" LABEL="Main" DESCRIPTION="block type Main"/><OtherTag ID="BT3" LABEL="Commentary" DESCRIPTION="block type Commentary"/><OtherTag ID="BT4" LABEL="Illustration" DESCRIPTION="block type Illustration"/><OtherTag ID="BT4244" LABEL="paragraph" DESCRIPTION="block type paragraph"/><OtherTag ID="BT4245" LABEL="footnote" DESCRIPTION="block type footnote"/><OtherTag ID="BT4246" LABEL="heading" DESCRIPTION="block type heading"/><OtherTag ID="BT4247" LABEL="l-column" DESCRIPTION="block type l-column"/><OtherTag ID="BT4248" LABEL="r-column" DESCRIPTION="block type r-column"/><OtherTag ID="BT4249" LABEL="marginalia" DESCRIPTION="block type marginalia"/><OtherTag ID="BT4250" LABEL="signature-mark" DESCRIPTION="block type signature-mark"/><OtherTag ID="BT4251" LABEL="catch-word" DESCRIPTION="block type catch-word"/><OtherTag ID="BT4252" LABEL="endnote" DESCRIPTION="block type endnote"/>
  </Tags>
  <Layout>
    <Page WIDTH="1208"
          HEIGHT="2037"
          PHYSICAL_IMG_NR="142"
          ID="eSc_dummypage_">
      <PrintSpace HPOS="0"
                  VPOS="0"
                  WIDTH="1208"
                  HEIGHT="2037">
        <TextBlock HPOS="419.0"
                   VPOS="100.0"
                   WIDTH="334.0"
                   HEIGHT="79.0"
                   ID="region_1719326356177_715"
                   TAGREFS="BT4244">
          <Shape><Polygon POINTS="419 179 420 111 751 100 753 174"/></Shape>
        </TextBlock>
        <TextBlock HPOS="132.0"
                   VPOS="203.0"
                   WIDTH="844.0"
                   HEIGHT="126.0"
                   ID="region_1719923961550_193"
                   TAGREFS="BT4245">
          <Shape><Polygon POINTS="171 324 132 212 976 203 967 329"/></Shape>
        </TextBlock>
        <TextBlock HPOS="208.0"
                   VPOS="1217.0"
                   WIDTH="702.0"
                   HEIGHT="61.0"
                   ID="region_1719923988265_200"
                   TAGREFS="BT4244">
          <Shape><Polygon POINTS="208 1278 211 1217 901 1221 910 1271"/></Shape>
        </TextBlock>
        <TextBlock HPOS="933.0"
                   VPOS="102.0"
                   WIDTH="113.0"
                   HEIGHT="76.0"
                   ID="region_1719326363764_718"
                   TAGREFS="BT4244">
          <Shape><Polygon POINTS="935 173 933 102 1046 111 1032 178"/></Shape>
        </TextBlock>
        <TextBlock HPOS="163.0"
                   VPOS="351.0"
                   WIDTH="870.0"
                   HEIGHT="837.0"
                   ID="region_1719923973259_196"
                   TAGREFS="BT4244">
          <Shape><Polygon POINTS="1033 1188 1028 351 163 360 163 1188"/></Shape>
        </TextBlock>
        <TextBlock HPOS="176.0"
                   VPOS="1308.0"
                   WIDTH="866.0"
                   HEIGHT="429.0"
                   ID="region_1719924004531_203"
                   TAGREFS="BT4244">
          <Shape><Polygon POINTS="176 1334 179 1728 841 1737 1042 1669 1040 1308 201 1319"/></Shape>
        </TextBlock>
        <TextBlock HPOS="549.0"
                   VPOS="1782.0"
                   WIDTH="112.0"
                   HEIGHT="72.0"
                   ID="region_1719326405667_724"
                   TAGREFS="BT4244">
          <Shape><Polygon POINTS="551 1853 549 1783 661 1782 660 1854"/></Shape>
        </TextBlock>
        <TextBlock HPOS="929.0"
                   VPOS="1774.0"
                   WIDTH="110.0"
                   HEIGHT="67.0"
                   ID="region_1719326412019_727"
                   TAGREFS="BT4244">
          <Shape><Polygon POINTS="929 1835 930 1774 1039 1774 1032 1841"/></Shape>
        </TextBlock>
      </PrintSpace>
    </Page>
  </Layout>
</alto>
