<?xml version="1.0" encoding="UTF-8"?>
<alto xmlns:xsi="http://www.w3.org/2001/XMLSchema-instance"
      xmlns="http://www.loc.gov/standards/alto/ns-v4#"
      xsi:schemaLocation="http://www.loc.gov/standards/alto/ns-v4# http://www.loc.gov/standards/alto/v4/alto-4-2.xsd">
  <Description>
    <MeasurementUnit>pixel</MeasurementUnit>
    <sourceImageInformation>
      <fileName>1782,_Poetische_Werke,_Fleischhauer,_Bd._1,_VD18_89276865-001_Seite_060_Bild_0001.jpg</fileName>
      <fileIdentifier>mets//export_doc3108_lena_alto_202503291248.zip/1782,_Poetische_Werke,_Fleischhauer,_Bd._1,_VD18_89276865-001_Seite_060_Bild_0001.jpg</fileIdentifier>
    </sourceImageInformation>
  </Description>
  <Tags>
    <OtherTag ID="BT1" LABEL="Title" DESCRIPTION="block type Title"/><OtherTag ID="BT2" LABEL="Main" DESCRIPTION="block type Main"/><OtherTag ID="BT3" LABEL="Commentary" DESCRIPTION="block type Commentary"/><OtherTag ID="BT4" LABEL="Illustration" DESCRIPTION="block type Illustration"/><OtherTag ID="BT4244" LABEL="paragraph" DESCRIPTION="block type paragraph"/><OtherTag ID="BT4245" LABEL="footnote" DESCRIPTION="block type footnote"/><OtherTag ID="BT4246" LABEL="heading" DESCRIPTION="block type heading"/><OtherTag ID="BT4247" LABEL="l-column" DESCRIPTION="block type l-column"/><OtherTag ID="BT4248" LABEL="r-column" DESCRIPTION="block type r-column"/><OtherTag ID="BT4249" LABEL="marginalia" DESCRIPTION="block type marginalia"/><OtherTag ID="BT4250" LABEL="signature-mark" DESCRIPTION="block type signature-mark"/><OtherTag ID="BT4251" LABEL="catch-word" DESCRIPTION="block type catch-word"/><OtherTag ID="BT4252" LABEL="endnote" DESCRIPTION="block type endnote"/>
  </Tags>
  <Layout>
    <Page WIDTH="1182"
          HEIGHT="2037"
          PHYSICAL_IMG_NR="130"
          ID="eSc_dummypage_">
      <PrintSpace HPOS="0"
                  VPOS="0"
                  WIDTH="1182"
                  HEIGHT="2037">
        <TextBlock HPOS="375.0"
                   VPOS="86.0"
                   WIDTH="437.0"
                   HEIGHT="71.0"
                   ID="region_1721149523982_276"
                   TAGREFS="BT4244">
          <Shape><Polygon POINTS="375 92 382 157 812 147 786 86"/></Shape>
        </TextBlock>
        <TextBlock HPOS="948.0"
                   VPOS="89.0"
                   WIDTH="103.0"
                   HEIGHT="66.0"
                   ID="region_1721149510829_273"
                   TAGREFS="BT4244">
          <Shape><Polygon POINTS="953 89 948 132 1041 155 1051 92"/></Shape>
        </TextBlock>
        <TextBlock HPOS="119.0"
                   VPOS="165.0"
                   WIDTH="862.0"
                   HEIGHT="93.0"
                   ID="region_1721149493324_264"
                   TAGREFS="BT4245">
          <Shape><Polygon POINTS="119 192 124 258 981 236 981 165"/></Shape>
        </TextBlock>
        <TextBlock HPOS="129.0"
                   VPOS="250.0"
                   WIDTH="895.0"
                   HEIGHT="192.0"
                   ID="region_1721149499890_267"
                   TAGREFS="BT4245">
          <Shape><Polygon POINTS="129 281 137 442 1006 371 1024 250"/></Shape>
        </TextBlock>
        <TextBlock HPOS="127.0"
                   VPOS="407.0"
                   WIDTH="919.0"
                   HEIGHT="526.0"
                   ID="region_1721149506280_270"
                   TAGREFS="BT4245">
          <Shape><Polygon POINTS="127 448 147 933 1046 917 1044 407"/></Shape>
        </TextBlock>
        <TextBlock HPOS="539.0"
                   VPOS="1749.0"
                   WIDTH="142.0"
                   HEIGHT="82.0"
                   ID="region_1721149477461_258"
                   TAGREFS="BT4250">
          <Shape><Polygon POINTS="545 1749 539 1825 681 1831 680 1764"/></Shape>
        </TextBlock>
        <TextBlock HPOS="930.0"
                   VPOS="1734.0"
                   WIDTH="125.0"
                   HEIGHT="85.0"
                   ID="region_1721149482544_261"
                   TAGREFS="BT4251">
          <Shape><Polygon POINTS="941 1734 930 1819 1055 1809 1052 1740"/></Shape>
        </TextBlock>
      </PrintSpace>
    </Page>
  </Layout>
</alto>
