<?xml version="1.0" encoding="UTF-8"?>
<alto xmlns:xsi="http://www.w3.org/2001/XMLSchema-instance"
      xmlns="http://www.loc.gov/standards/alto/ns-v4#"
      xsi:schemaLocation="http://www.loc.gov/standards/alto/ns-v4# http://www.loc.gov/standards/alto/v4/alto-4-2.xsd">
  <Description>
    <MeasurementUnit>pixel</MeasurementUnit>
    <sourceImageInformation>
      <fileName>1782,_Poetische_Werke,_Fleischhauer,_Bd._1,_VD18_89276865-001_Seite_227_Bild_0001.jpg</fileName>
      <fileIdentifier>mets//export_doc3108_lena_alto_202503291248.zip/1782,_Poetische_Werke,_Fleischhauer,_Bd._1,_VD18_89276865-001_Seite_227_Bild_0001.jpg</fileIdentifier>
    </sourceImageInformation>
  </Description>
  <Tags>
    <OtherTag ID="BT1" LABEL="Title" DESCRIPTION="block type Title"/><OtherTag ID="BT2" LABEL="Main" DESCRIPTION="block type Main"/><OtherTag ID="BT3" LABEL="Commentary" DESCRIPTION="block type Commentary"/><OtherTag ID="BT4" LABEL="Illustration" DESCRIPTION="block type Illustration"/><OtherTag ID="BT4244" LABEL="paragraph" DESCRIPTION="block type paragraph"/><OtherTag ID="BT4245" LABEL="footnote" DESCRIPTION="block type footnote"/><OtherTag ID="BT4246" LABEL="heading" DESCRIPTION="block type heading"/><OtherTag ID="BT4247" LABEL="l-column" DESCRIPTION="block type l-column"/><OtherTag ID="BT4248" LABEL="r-column" DESCRIPTION="block type r-column"/><OtherTag ID="BT4249" LABEL="marginalia" DESCRIPTION="block type marginalia"/><OtherTag ID="BT4250" LABEL="signature-mark" DESCRIPTION="block type signature-mark"/><OtherTag ID="BT4251" LABEL="catch-word" DESCRIPTION="block type catch-word"/><OtherTag ID="BT4252" LABEL="endnote" DESCRIPTION="block type endnote"/>
  </Tags>
  <Layout>
    <Page WIDTH="1148"
          HEIGHT="2036"
          PHYSICAL_IMG_NR="133"
          ID="eSc_dummypage_">
      <PrintSpace HPOS="0"
                  VPOS="0"
                  WIDTH="1148"
                  HEIGHT="2036">
        <TextBlock HPOS="172.0"
                   VPOS="124.0"
                   WIDTH="109.0"
                   HEIGHT="53.0"
                   ID="region_1721150211123_402"
                   TAGREFS="BT4244">
          <Shape><Polygon POINTS="172 126 176 177 281 177 271 124"/></Shape>
        </TextBlock>
        <TextBlock HPOS="386.0"
                   VPOS="99.0"
                   WIDTH="468.0"
                   HEIGHT="78.0"
                   ID="region_1721150216678_405"
                   TAGREFS="BT4244">
          <Shape><Polygon POINTS="386 99 389 177 854 171 836 103"/></Shape>
        </TextBlock>
        <TextBlock HPOS="187.0"
                   VPOS="192.0"
                   WIDTH="901.0"
                   HEIGHT="467.0"
                   ID="region_1721150206070_399"
                   TAGREFS="BT4252">
          <Shape><Polygon POINTS="187 208 188 659 839 650 849 604 1079 604 1088 192"/></Shape>
        </TextBlock>
        <TextBlock HPOS="357.0"
                   VPOS="787.0"
                   WIDTH="518.0"
                   HEIGHT="103.0"
                   ID="region_1721150193140_396"
                   TAGREFS="BT4246">
          <Shape><Polygon POINTS="357 792 367 890 875 881 875 787"/></Shape>
        </TextBlock>
        <TextBlock HPOS="169.0"
                   VPOS="904.0"
                   WIDTH="115.0"
                   HEIGHT="97.0"
                   ID="region_1721150145951_387"
                   TAGREFS="BT4244">
          <Shape><Polygon POINTS="284 927 276 996 169 1001 200 904"/></Shape>
        </TextBlock>
        <TextBlock HPOS="186.0"
                   VPOS="931.0"
                   WIDTH="669.0"
                   HEIGHT="243.0"
                   ID="region_1721150177588_390"
                   TAGREFS="BT4244">
          <Shape><Polygon POINTS="288 946 280 972 281 1003 253 1002 194 1006 186 1174 818 1147 855 931"/></Shape>
        </TextBlock>
        <TextBlock HPOS="245.0"
                   VPOS="1172.0"
                   WIDTH="604.0"
                   HEIGHT="61.0"
                   ID="region_1721150185783_393"
                   TAGREFS="BT4244">
          <Shape><Polygon POINTS="252 1181 245 1233 849 1229 843 1172"/></Shape>
        </TextBlock>
        <TextBlock HPOS="214.0"
                   VPOS="1372.0"
                   WIDTH="857.0"
                   HEIGHT="201.0"
                   ID="region_1721150013932_367"
                   TAGREFS="BT4246">
          <Shape><Polygon POINTS="433 1379 214 1491 248 1573 1071 1558 1016 1469 816 1372"/></Shape>
        </TextBlock>
        <TextBlock HPOS="196.0"
                   VPOS="1590.0"
                   WIDTH="83.0"
                   HEIGHT="89.0"
                   ID="region_1721150025427_370"
                   TAGREFS="BT4244">
          <Shape><Polygon POINTS="279 1598 275 1636 267 1644 271 1660 269 1674 216 1679 196 1590"/></Shape>
        </TextBlock>
        <TextBlock HPOS="199.0"
                   VPOS="1612.0"
                   WIDTH="895.0"
                   HEIGHT="173.0"
                   ID="region_1721150064849_375"
                   TAGREFS="BT4244">
          <Shape><Polygon POINTS="1036 1613 289 1617 281 1630 271 1647 276 1671 271 1684 234 1684 202 1681 199 1785 898 1785 934 1705 1094 1670 1084 1612"/></Shape>
        </TextBlock>
        <TextBlock HPOS="999.0"
                   VPOS="1761.0"
                   WIDTH="100.0"
                   HEIGHT="83.0"
                   ID="region_1721150124760_384"
                   TAGREFS="BT4244">
          <Shape><Polygon POINTS="999 1767 999 1844 1099 1833 1092 1761"/></Shape>
        </TextBlock>
      </PrintSpace>
    </Page>
  </Layout>
</alto>
