<?xml version="1.0" encoding="UTF-8"?>
<alto xmlns:xsi="http://www.w3.org/2001/XMLSchema-instance"
      xmlns="http://www.loc.gov/standards/alto/ns-v4#"
      xsi:schemaLocation="http://www.loc.gov/standards/alto/ns-v4# http://www.loc.gov/standards/alto/v4/alto-4-2.xsd">
  <Description>
    <MeasurementUnit>pixel</MeasurementUnit>
    <sourceImageInformation>
      <fileName>1782,_Poetische_Werke,_Fleischhauer,_Bd._2,_VD18_89276873-001_Seite_319_Bild_0001.jpg</fileName>
      <fileIdentifier>mets//export_doc3108_lena_alto_202503291248.zip/1782,_Poetische_Werke,_Fleischhauer,_Bd._2,_VD18_89276873-001_Seite_319_Bild_0001.jpg</fileIdentifier>
    </sourceImageInformation>
  </Description>
  <Tags>
    <OtherTag ID="BT1" LABEL="Title" DESCRIPTION="block type Title"/><OtherTag ID="BT2" LABEL="Main" DESCRIPTION="block type Main"/><OtherTag ID="BT3" LABEL="Commentary" DESCRIPTION="block type Commentary"/><OtherTag ID="BT4" LABEL="Illustration" DESCRIPTION="block type Illustration"/><OtherTag ID="BT4244" LABEL="paragraph" DESCRIPTION="block type paragraph"/><OtherTag ID="BT4245" LABEL="footnote" DESCRIPTION="block type footnote"/><OtherTag ID="BT4246" LABEL="heading" DESCRIPTION="block type heading"/><OtherTag ID="BT4247" LABEL="l-column" DESCRIPTION="block type l-column"/><OtherTag ID="BT4248" LABEL="r-column" DESCRIPTION="block type r-column"/><OtherTag ID="BT4249" LABEL="marginalia" DESCRIPTION="block type marginalia"/><OtherTag ID="BT4250" LABEL="signature-mark" DESCRIPTION="block type signature-mark"/><OtherTag ID="BT4251" LABEL="catch-word" DESCRIPTION="block type catch-word"/><OtherTag ID="BT4252" LABEL="endnote" DESCRIPTION="block type endnote"/>
  </Tags>
  <Layout>
    <Page WIDTH="1174"
          HEIGHT="2033"
          PHYSICAL_IMG_NR="144"
          ID="eSc_dummypage_">
      <PrintSpace HPOS="0"
                  VPOS="0"
                  WIDTH="1174"
                  HEIGHT="2033">
        <TextBlock HPOS="194.0"
                   VPOS="118.0"
                   WIDTH="111.0"
                   HEIGHT="67.0"
                   ID="region_1719326643434_762"
                   TAGREFS="BT4244">
          <Shape><Polygon POINTS="198 185 194 133 299 118 305 181"/></Shape>
        </TextBlock>
        <TextBlock HPOS="370.0"
                   VPOS="103.0"
                   WIDTH="550.0"
                   HEIGHT="87.0"
                   ID="region_1719326648983_765"
                   TAGREFS="BT4244">
          <Shape><Polygon POINTS="370 187 377 103 920 121 920 190"/></Shape>
        </TextBlock>
        <TextBlock HPOS="182.0"
                   VPOS="204.0"
                   WIDTH="879.0"
                   HEIGHT="191.0"
                   ID="region_1719326656014_768"
                   TAGREFS="BT4244">
          <Shape><Polygon POINTS="182 385 189 204 1061 222 1016 395"/></Shape>
        </TextBlock>
        <TextBlock HPOS="176.0"
                   VPOS="449.0"
                   WIDTH="895.0"
                   HEIGHT="715.0"
                   ID="region_1719326668015_771"
                   TAGREFS="BT4244">
          <Shape><Polygon POINTS="176 1164 178 456 1071 449 1062 1164"/></Shape>
        </TextBlock>
        <TextBlock HPOS="507.0"
                   VPOS="1188.0"
                   WIDTH="232.0"
                   HEIGHT="70.0"
                   ID="region_1719326674440_774"
                   TAGREFS="BT4246">
          <Shape><Polygon POINTS="739 1249 736 1188 508 1190 507 1258"/></Shape>
        </TextBlock>
        <TextBlock HPOS="158.0"
                   VPOS="1283.0"
                   WIDTH="920.0"
                   HEIGHT="248.0"
                   ID="region_1719326687063_777"
                   TAGREFS="BT4244">
          <Shape><Polygon POINTS="167 1526 158 1283 1026 1297 1078 1431 1069 1531"/></Shape>
        </TextBlock>
        <TextBlock HPOS="472.0"
                   VPOS="1570.0"
                   WIDTH="280.0"
                   HEIGHT="74.0"
                   ID="region_1719326692649_780"
                   TAGREFS="BT4246">
          <Shape><Polygon POINTS="474 1642 472 1570 749 1571 752 1644"/></Shape>
        </TextBlock>
        <TextBlock HPOS="161.0"
                   VPOS="1667.0"
                   WIDTH="810.0"
                   HEIGHT="148.0"
                   ID="region_1719326698951_783"
                   TAGREFS="BT4244">
          <Shape><Polygon POINTS="161 1815 176 1667 971 1676 949 1799"/></Shape>
        </TextBlock>
        <TextBlock HPOS="958.0"
                   VPOS="1782.0"
                   WIDTH="108.0"
                   HEIGHT="69.0"
                   ID="region_1719326707830_786"
                   TAGREFS="BT4244">
          <Shape><Polygon POINTS="961 1851 958 1798 980 1782 1066 1796 1061 1848"/></Shape>
        </TextBlock>
      </PrintSpace>
    </Page>
  </Layout>
</alto>
