<?xml version="1.0" encoding="UTF-8"?>
<alto xmlns:xsi="http://www.w3.org/2001/XMLSchema-instance"
      xmlns="http://www.loc.gov/standards/alto/ns-v4#"
      xsi:schemaLocation="http://www.loc.gov/standards/alto/ns-v4# http://www.loc.gov/standards/alto/v4/alto-4-2.xsd">
  <Description>
    <MeasurementUnit>pixel</MeasurementUnit>
    <sourceImageInformation>
      <fileName>1782,_Poetische_Werke,_Fleischhauer,_Bd._3,_VD18_89276881-001_Seite_283_Bild_0001.jpg</fileName>
      <fileIdentifier>mets//export_doc3108_lena_alto_202503291248.zip/1782,_Poetische_Werke,_Fleischhauer,_Bd._3,_VD18_89276881-001_Seite_283_Bild_0001.jpg</fileIdentifier>
    </sourceImageInformation>
  </Description>
  <Tags>
    <OtherTag ID="BT1" LABEL="Title" DESCRIPTION="block type Title"/><OtherTag ID="BT2" LABEL="Main" DESCRIPTION="block type Main"/><OtherTag ID="BT3" LABEL="Commentary" DESCRIPTION="block type Commentary"/><OtherTag ID="BT4" LABEL="Illustration" DESCRIPTION="block type Illustration"/><OtherTag ID="BT4244" LABEL="paragraph" DESCRIPTION="block type paragraph"/><OtherTag ID="BT4245" LABEL="footnote" DESCRIPTION="block type footnote"/><OtherTag ID="BT4246" LABEL="heading" DESCRIPTION="block type heading"/><OtherTag ID="BT4247" LABEL="l-column" DESCRIPTION="block type l-column"/><OtherTag ID="BT4248" LABEL="r-column" DESCRIPTION="block type r-column"/><OtherTag ID="BT4249" LABEL="marginalia" DESCRIPTION="block type marginalia"/><OtherTag ID="BT4250" LABEL="signature-mark" DESCRIPTION="block type signature-mark"/><OtherTag ID="BT4251" LABEL="catch-word" DESCRIPTION="block type catch-word"/><OtherTag ID="BT4252" LABEL="endnote" DESCRIPTION="block type endnote"/>
  </Tags>
  <Layout>
    <Page WIDTH="1177"
          HEIGHT="2029"
          PHYSICAL_IMG_NR="150"
          ID="eSc_dummypage_">
      <PrintSpace HPOS="0"
                  VPOS="0"
                  WIDTH="1177"
                  HEIGHT="2029">
        <TextBlock HPOS="200.0"
                   VPOS="119.0"
                   WIDTH="105.0"
                   HEIGHT="77.0"
                   ID="region_1720085821838_77"
                   TAGREFS="BT4244">
          <Shape><Polygon POINTS="200 134 209 196 305 189 300 119"/></Shape>
        </TextBlock>
        <TextBlock HPOS="353.0"
                   VPOS="109.0"
                   WIDTH="617.0"
                   HEIGHT="76.0"
                   ID="region_1720085829280_80"
                   TAGREFS="BT4244">
          <Shape><Polygon POINTS="356 110 353 185 970 171 967 109"/></Shape>
        </TextBlock>
        <TextBlock HPOS="181.0"
                   VPOS="201.0"
                   WIDTH="921.0"
                   HEIGHT="422.0"
                   ID="region_1720085845800_83"
                   TAGREFS="BT4244">
          <Shape><Polygon POINTS="192 213 1102 201 1096 619 181 623"/></Shape>
        </TextBlock>
        <TextBlock HPOS="166.0"
                   VPOS="696.0"
                   WIDTH="931.0"
                   HEIGHT="732.0"
                   ID="region_1720085857988_86"
                   TAGREFS="BT4244">
          <Shape><Polygon POINTS="168 706 1097 696 1090 1414 166 1428"/></Shape>
        </TextBlock>
        <TextBlock HPOS="977.0"
                   VPOS="1429.0"
                   WIDTH="88.0"
                   HEIGHT="54.0"
                   ID="region_1720085866641_89"
                   TAGREFS="BT4244">
          <Shape><Polygon POINTS="978 1434 977 1483 1065 1482 1065 1429"/></Shape>
        </TextBlock>
        <TextBlock HPOS="185.0"
                   VPOS="1558.0"
                   WIDTH="584.0"
                   HEIGHT="51.0"
                   ID="region_1720085904241_95"
                   TAGREFS="BT4245">
          <Shape><Polygon POINTS="185 1564 190 1609 769 1602 763 1558"/></Shape>
        </TextBlock>
        <TextBlock HPOS="190.0"
                   VPOS="1608.0"
                   WIDTH="332.0"
                   HEIGHT="44.0"
                   ID="region_1720085919845_98"
                   TAGREFS="BT4245">
          <Shape><Polygon POINTS="190 1618 196 1652 522 1645 511 1608 223 1614"/></Shape>
        </TextBlock>
        <TextBlock HPOS="192.0"
                   VPOS="1646.0"
                   WIDTH="653.0"
                   HEIGHT="50.0"
                   ID="region_1720085952420_101"
                   TAGREFS="BT4245">
          <Shape><Polygon POINTS="192 1666 192 1696 845 1689 840 1646 224 1657"/></Shape>
        </TextBlock>
        <TextBlock HPOS="194.0"
                   VPOS="1700.0"
                   WIDTH="423.0"
                   HEIGHT="47.0"
                   ID="region_1720085966250_104"
                   TAGREFS="BT4245">
          <Shape><Polygon POINTS="194 1709 195 1747 617 1742 617 1704 338 1700 243 1703"/></Shape>
        </TextBlock>
        <TextBlock HPOS="184.0"
                   VPOS="1741.0"
                   WIDTH="571.0"
                   HEIGHT="65.0"
                   ID="region_1720085984685_107"
                   TAGREFS="BT4245">
          <Shape><Polygon POINTS="184 1767 188 1806 232 1804 755 1798 755 1741 582 1749 473 1748 385 1751 223 1756"/></Shape>
        </TextBlock>
        <TextBlock HPOS="183.0"
                   VPOS="1805.0"
                   WIDTH="317.0"
                   HEIGHT="49.0"
                   ID="region_1720086004398_110"
                   TAGREFS="BT4245">
          <Shape><Polygon POINTS="191 1813 183 1854 500 1848 493 1806 370 1806 296 1805 222 1807"/></Shape>
        </TextBlock>
      </PrintSpace>
    </Page>
  </Layout>
</alto>
