<?xml version="1.0" encoding="UTF-8"?>
<alto xmlns:xsi="http://www.w3.org/2001/XMLSchema-instance"
      xmlns="http://www.loc.gov/standards/alto/ns-v4#"
      xsi:schemaLocation="http://www.loc.gov/standards/alto/ns-v4# http://www.loc.gov/standards/alto/v4/alto-4-2.xsd">
  <Description>
    <MeasurementUnit>pixel</MeasurementUnit>
    <sourceImageInformation>
      <fileName>1782,_Poetische_Werke,_Fleischhauer,_Bd._2,_VD18_89276873-001_Seite_343_Bild_0001.jpg</fileName>
      <fileIdentifier>mets//export_doc3108_lena_alto_202503291248.zip/1782,_Poetische_Werke,_Fleischhauer,_Bd._2,_VD18_89276873-001_Seite_343_Bild_0001.jpg</fileIdentifier>
    </sourceImageInformation>
  </Description>
  <Tags>
    <OtherTag ID="BT1" LABEL="Title" DESCRIPTION="block type Title"/><OtherTag ID="BT2" LABEL="Main" DESCRIPTION="block type Main"/><OtherTag ID="BT3" LABEL="Commentary" DESCRIPTION="block type Commentary"/><OtherTag ID="BT4" LABEL="Illustration" DESCRIPTION="block type Illustration"/><OtherTag ID="BT4244" LABEL="paragraph" DESCRIPTION="block type paragraph"/><OtherTag ID="BT4245" LABEL="footnote" DESCRIPTION="block type footnote"/><OtherTag ID="BT4246" LABEL="heading" DESCRIPTION="block type heading"/><OtherTag ID="BT4247" LABEL="l-column" DESCRIPTION="block type l-column"/><OtherTag ID="BT4248" LABEL="r-column" DESCRIPTION="block type r-column"/><OtherTag ID="BT4249" LABEL="marginalia" DESCRIPTION="block type marginalia"/><OtherTag ID="BT4250" LABEL="signature-mark" DESCRIPTION="block type signature-mark"/><OtherTag ID="BT4251" LABEL="catch-word" DESCRIPTION="block type catch-word"/><OtherTag ID="BT4252" LABEL="endnote" DESCRIPTION="block type endnote"/>
  </Tags>
  <Layout>
    <Page WIDTH="1214"
          HEIGHT="2058"
          PHYSICAL_IMG_NR="146"
          ID="eSc_dummypage_">
      <PrintSpace HPOS="0"
                  VPOS="0"
                  WIDTH="1214"
                  HEIGHT="2058">
        <TextBlock HPOS="199.0"
                   VPOS="98.0"
                   WIDTH="121.0"
                   HEIGHT="79.0"
                   ID="region_1719326924883_838"
                   TAGREFS="BT4244">
          <Shape><Polygon POINTS="204 174 199 111 320 98 317 177"/></Shape>
        </TextBlock>
        <TextBlock HPOS="385.0"
                   VPOS="100.0"
                   WIDTH="551.0"
                   HEIGHT="80.0"
                   ID="region_1719326936052_841"
                   TAGREFS="BT4244">
          <Shape><Polygon POINTS="385 179 385 109 457 100 930 104 936 180"/></Shape>
        </TextBlock>
        <TextBlock HPOS="195.0"
                   VPOS="193.0"
                   WIDTH="931.0"
                   HEIGHT="234.0"
                   ID="region_1719326946547_844"
                   TAGREFS="BT4244">
          <Shape><Polygon POINTS="195 427 204 204 548 193 1077 205 1126 317 1082 427"/></Shape>
        </TextBlock>
        <TextBlock HPOS="153.0"
                   VPOS="538.0"
                   WIDTH="997.0"
                   HEIGHT="1269.0"
                   ID="region_1719326971086_847"
                   TAGREFS="BT4244">
          <Shape><Polygon POINTS="201 541 1100 538 1150 1177 1110 1749 991 1776 844 1788 153 1807 174 884"/></Shape>
        </TextBlock>
        <TextBlock HPOS="990.0"
                   VPOS="1778.0"
                   WIDTH="86.0"
                   HEIGHT="53.0"
                   ID="region_1719326997310_851"
                   TAGREFS="BT4244">
          <Shape><Polygon POINTS="990 1826 991 1783 1032 1778 1076 1793 1076 1831"/></Shape>
        </TextBlock>
      </PrintSpace>
    </Page>
  </Layout>
</alto>
