<?xml version="1.0" encoding="UTF-8"?>
<alto xmlns:xsi="http://www.w3.org/2001/XMLSchema-instance"
      xmlns="http://www.loc.gov/standards/alto/ns-v4#"
      xsi:schemaLocation="http://www.loc.gov/standards/alto/ns-v4# http://www.loc.gov/standards/alto/v4/alto-4-2.xsd">
  <Description>
    <MeasurementUnit>pixel</MeasurementUnit>
    <sourceImageInformation>
      <fileName>1782,_Poetische_Werke,_Fleischhauer,_Bd._2,_VD18_89276873-001_Seite_118_Bild_0001.jpg</fileName>
      <fileIdentifier>mets//export_doc3108_lena_alto_202503291248.zip/1782,_Poetische_Werke,_Fleischhauer,_Bd._2,_VD18_89276873-001_Seite_118_Bild_0001.jpg</fileIdentifier>
    </sourceImageInformation>
  </Description>
  <Tags>
    <OtherTag ID="BT1" LABEL="Title" DESCRIPTION="block type Title"/><OtherTag ID="BT2" LABEL="Main" DESCRIPTION="block type Main"/><OtherTag ID="BT3" LABEL="Commentary" DESCRIPTION="block type Commentary"/><OtherTag ID="BT4" LABEL="Illustration" DESCRIPTION="block type Illustration"/><OtherTag ID="BT4244" LABEL="paragraph" DESCRIPTION="block type paragraph"/><OtherTag ID="BT4245" LABEL="footnote" DESCRIPTION="block type footnote"/><OtherTag ID="BT4246" LABEL="heading" DESCRIPTION="block type heading"/><OtherTag ID="BT4247" LABEL="l-column" DESCRIPTION="block type l-column"/><OtherTag ID="BT4248" LABEL="r-column" DESCRIPTION="block type r-column"/><OtherTag ID="BT4249" LABEL="marginalia" DESCRIPTION="block type marginalia"/><OtherTag ID="BT4250" LABEL="signature-mark" DESCRIPTION="block type signature-mark"/><OtherTag ID="BT4251" LABEL="catch-word" DESCRIPTION="block type catch-word"/><OtherTag ID="BT4252" LABEL="endnote" DESCRIPTION="block type endnote"/>
  </Tags>
  <Layout>
    <Page WIDTH="1191"
          HEIGHT="2021"
          PHYSICAL_IMG_NR="139"
          ID="eSc_dummypage_">
      <PrintSpace HPOS="0"
                  VPOS="0"
                  WIDTH="1191"
                  HEIGHT="2021">
        <TextBlock HPOS="411.0"
                   VPOS="106.0"
                   WIDTH="321.0"
                   HEIGHT="85.0"
                   ID="region_1719325258865_553"
                   TAGREFS="BT4244">
          <Shape><Polygon POINTS="411 191 412 106 729 111 732 189"/></Shape>
        </TextBlock>
        <TextBlock HPOS="911.0"
                   VPOS="122.0"
                   WIDTH="128.0"
                   HEIGHT="71.0"
                   ID="region_1719325264159_556"
                   TAGREFS="BT4244">
          <Shape><Polygon POINTS="911 183 913 122 1039 126 1031 193"/></Shape>
        </TextBlock>
        <TextBlock HPOS="108.0"
                   VPOS="206.0"
                   WIDTH="920.0"
                   HEIGHT="345.0"
                   ID="region_1719325278596_559"
                   TAGREFS="BT4244">
          <Shape><Polygon POINTS="108 551 115 206 1000 207 1028 538"/></Shape>
        </TextBlock>
        <TextBlock HPOS="117.0"
                   VPOS="616.0"
                   WIDTH="916.0"
                   HEIGHT="248.0"
                   ID="region_1719325287418_562"
                   TAGREFS="BT4244">
          <Shape><Polygon POINTS="118 864 117 665 196 616 1033 633 1033 854"/></Shape>
        </TextBlock>
        <TextBlock HPOS="123.0"
                   VPOS="1005.0"
                   WIDTH="917.0"
                   HEIGHT="460.0"
                   ID="region_1719325383147_587"
                   TAGREFS="BT4245">
          <Shape><Polygon POINTS="152 1465 153 1101 123 1025 175 1005 1040 1022 1030 1455"/></Shape>
        </TextBlock>
        <TextBlock HPOS="224.0"
                   VPOS="1521.0"
                   WIDTH="644.0"
                   HEIGHT="203.0"
                   ID="region_1719325370336_584"
                   TAGREFS="BT4245">
          <Shape><Polygon POINTS="224 1537 225 1700 273 1704 323 1724 868 1718 860 1521 251 1531"/></Shape>
        </TextBlock>
        <TextBlock HPOS="131.0"
                   VPOS="1776.0"
                   WIDTH="666.0"
                   HEIGHT="78.0"
                   ID="TextRegion_1719325333640_578"
                   TAGREFS="BT4244">
          <Shape><Polygon POINTS="164 1777 797 1776 777 1851 137 1854 131 1788"/></Shape>
        </TextBlock>
        <TextBlock HPOS="943.0"
                   VPOS="1750.0"
                   WIDTH="101.0"
                   HEIGHT="89.0"
                   ID="region_1719325324600_574"
                   TAGREFS="BT4244">
          <Shape><Polygon POINTS="969 1839 943 1801 970 1750 1044 1780 1025 1824"/></Shape>
        </TextBlock>
      </PrintSpace>
    </Page>
  </Layout>
</alto>
