<mets xmlns="http://www.loc.gov/METS/" xmlns:xlink="http://www.w3.org/1999/xlink">
  <fileSec>
    
    <fileGrp USE="export">
      
        <file ID="export1">
          <FLocat xlink:href="1782,_Poetische_Werke,_Fleischhauer,_Bd._1,_VD18_89276865-001_Seite_025_Bild_0001.xml"/>
        </file>
      
        <file ID="export2">
          <FLocat xlink:href="1782,_Poetische_Werke,_Fleischhauer,_Bd._1,_VD18_89276865-001_Seite_060_Bild_0001.xml"/>
        </file>
      
        <file ID="export3">
          <FLocat xlink:href="1782,_Poetische_Werke,_Fleischhauer,_Bd._1,_VD18_89276865-001_Seite_161_Bild_0001.xml"/>
        </file>
      
        <file ID="export4">
          <FLocat xlink:href="1782,_Poetische_Werke,_Fleischhauer,_Bd._1,_VD18_89276865-001_Seite_184_Bild_0001.xml"/>
        </file>
      
        <file ID="export5">
          <FLocat xlink:href="1782,_Poetische_Werke,_Fleischhauer,_Bd._1,_VD18_89276865-001_Seite_227_Bild_0001.xml"/>
        </file>
      
        <file ID="export6">
          <FLocat xlink:href="1782,_Poetische_Werke,_Fleischhauer,_Bd._2,_VD18_89276873-001_Seite_028_Bild_0001.xml"/>
        </file>
      
        <file ID="export7">
          <FLocat xlink:href="1782,_Poetische_Werke,_Fleischhauer,_Bd._2,_VD18_89276873-001_Seite_029_Bild_0001.xml"/>
        </file>
      
        <file ID="export8">
          <FLocat xlink:href="1782,_Poetische_Werke,_Fleischhauer,_Bd._2,_VD18_89276873-001_Seite_047_Bild_0001.xml"/>
        </file>
      
        <file ID="export9">
          <FLocat xlink:href="1782,_Poetische_Werke,_Fleischhauer,_Bd._2,_VD18_89276873-001_Seite_070_Bild_0001.xml"/>
        </file>
      
        <file ID="export10">
          <FLocat xlink:href="1782,_Poetische_Werke,_Fleischhauer,_Bd._2,_VD18_89276873-001_Seite_094_Bild_0001.xml"/>
        </file>
      
        <file ID="export11">
          <FLocat xlink:href="1782,_Poetische_Werke,_Fleischhauer,_Bd._2,_VD18_89276873-001_Seite_118_Bild_0001.xml"/>
        </file>
      
        <file ID="export12">
          <FLocat xlink:href="1782,_Poetische_Werke,_Fleischhauer,_Bd._2,_VD18_89276873-001_Seite_145_Bild_0001.xml"/>
        </file>
      
        <file ID="export13">
          <FLocat xlink:href="1782,_Poetische_Werke,_Fleischhauer,_Bd._2,_VD18_89276873-001_Seite_214_Bild_0001.xml"/>
        </file>
      
        <file ID="export14">
          <FLocat xlink:href="1782,_Poetische_Werke,_Fleischhauer,_Bd._2,_VD18_89276873-001_Seite_284_Bild_0001.xml"/>
        </file>
      
        <file ID="export15">
          <FLocat xlink:href="1782,_Poetische_Werke,_Fleischhauer,_Bd._2,_VD18_89276873-001_Seite_299_Bild_0001.xml"/>
        </file>
      
        <file ID="export16">
          <FLocat xlink:href="1782,_Poetische_Werke,_Fleischhauer,_Bd._2,_VD18_89276873-001_Seite_319_Bild_0001.xml"/>
        </file>
      
        <file ID="export17">
          <FLocat xlink:href="1782,_Poetische_Werke,_Fleischhauer,_Bd._2,_VD18_89276873-001_Seite_328_Bild_0001.xml"/>
        </file>
      
        <file ID="export18">
          <FLocat xlink:href="1782,_Poetische_Werke,_Fleischhauer,_Bd._2,_VD18_89276873-001_Seite_343_Bild_0001.xml"/>
        </file>
      
        <file ID="export19">
          <FLocat xlink:href="1782,_Poetische_Werke,_Fleischhauer,_Bd._3,_VD18_89276881-001_Seite_015_Bild_0001.xml"/>
        </file>
      
        <file ID="export20">
          <FLocat xlink:href="1782,_Poetische_Werke,_Fleischhauer,_Bd._3,_VD18_89276881-001_Seite_123_Bild_0001.xml"/>
        </file>
      
        <file ID="export21">
          <FLocat xlink:href="1782,_Poetische_Werke,_Fleischhauer,_Bd._3,_VD18_89276881-001_Seite_247_Bild_0001.xml"/>
        </file>
      
        <file ID="export22">
          <FLocat xlink:href="1782,_Poetische_Werke,_Fleischhauer,_Bd._3,_VD18_89276881-001_Seite_283_Bild_0001.xml"/>
        </file>
      
        <file ID="export23">
          <FLocat xlink:href="1782,_Poetische_Werke,_Fleischhauer,_Bd._3,_VD18_89276881-001_Seite_297_Bild_0001.xml"/>
        </file>
      
    </fileGrp>
  </fileSec>
  <structMap TYPE="physical">
    <div TYPE="document">
      
      <div TYPE="page">
        
        <fptr FILEID="export1"/>
      </div>
      
      <div TYPE="page">
        
        <fptr FILEID="export2"/>
      </div>
      
      <div TYPE="page">
        
        <fptr FILEID="export3"/>
      </div>
      
      <div TYPE="page">
        
        <fptr FILEID="export4"/>
      </div>
      
      <div TYPE="page">
        
        <fptr FILEID="export5"/>
      </div>
      
      <div TYPE="page">
        
        <fptr FILEID="export6"/>
      </div>
      
      <div TYPE="page">
        
        <fptr FILEID="export7"/>
      </div>
      
      <div TYPE="page">
        
        <fptr FILEID="export8"/>
      </div>
      
      <div TYPE="page">
        
        <fptr FILEID="export9"/>
      </div>
      
      <div TYPE="page">
        
        <fptr FILEID="export10"/>
      </div>
      
      <div TYPE="page">
        
        <fptr FILEID="export11"/>
      </div>
      
      <div TYPE="page">
        
        <fptr FILEID="export12"/>
      </div>
      
      <div TYPE="page">
        
        <fptr FILEID="export13"/>
      </div>
      
      <div TYPE="page">
        
        <fptr FILEID="export14"/>
      </div>
      
      <div TYPE="page">
        
        <fptr FILEID="export15"/>
      </div>
      
      <div TYPE="page">
        
        <fptr FILEID="export16"/>
      </div>
      
      <div TYPE="page">
        
        <fptr FILEID="export17"/>
      </div>
      
      <div TYPE="page">
        
        <fptr FILEID="export18"/>
      </div>
      
      <div TYPE="page">
        
        <fptr FILEID="export19"/>
      </div>
      
      <div TYPE="page">
        
        <fptr FILEID="export20"/>
      </div>
      
      <div TYPE="page">
        
        <fptr FILEID="export21"/>
      </div>
      
      <div TYPE="page">
        
        <fptr FILEID="export22"/>
      </div>
      
      <div TYPE="page">
        
        <fptr FILEID="export23"/>
      </div>
      
    </div>
  </structMap>
</mets>
