<?xml version="1.0" encoding="UTF-8"  standalone="yes"?>
<PcGts xmlns="http://schema.primaresearch.org/PAGE/gts/pagecontent/2019-07-15" xmlns:xsi="http://www.w3.org/2001/XMLSchema-instance" xsi:schemaLocation="http://schema.primaresearch.org/PAGE/gts/pagecontent/2019-07-15 http://schema.primaresearch.org/PAGE/gts/pagecontent/2019-07-15/pagecontent.xsd">
  <Metadata>
	<Creator>escriptorium</Creator>
	<Created>2025-04-28T19:14:12.699332+00:00</Created>
        <LastChange>2025-04-28T19:14:12.699368+00:00</LastChange>
  </Metadata>
  <Page imageFilename="0012.jpg" imageWidth="682" imageHeight="1079">
    <TextRegion id="region_1718377882694_37"  custom="structure {type:paragraph;}">
      <Coords points="171,134 129,134 115,98 171,100"/>
    </TextRegion>
    <TextRegion id="region_1718377886093_40"  custom="structure {type:paragraph;}">
      <Coords points="454,129 315,129 315,94 476,95"/>
    </TextRegion>
    <TextRegion id="region_1718377893837_43"  custom="structure {type:paragraph;}">
      <Coords points="636,765 136,772 125,141 624,141"/>
    </TextRegion>
    <TextRegion id="region_1718377915452_55"  custom="structure {type:paragraph;}">
      <Coords points="640,804 544,804 547,770 643,770"/>
    </TextRegion>
    <TextRegion id="region_1718451336772_49"  custom="structure {type:l-column;}">
      <Coords points="383,966 144,972 138,824 383,824"/>
    </TextRegion>
    <TextRegion id="region_1718451343720_52"  custom="structure {type:r-column;}">
      <Coords points="639,965 387,965 387,820 648,818"/>
    </TextRegion>
    <TextRegion id="region_1718451306956_45"  custom="structure {type:paragraph;}">
      <Coords points="628,989 575,986 566,966 628,966"/>
    </TextRegion>
  </Page>
</PcGts>
