<?xml version="1.0" encoding="UTF-8"  standalone="yes"?>
<PcGts xmlns="http://schema.primaresearch.org/PAGE/gts/pagecontent/2019-07-15" xmlns:xsi="http://www.w3.org/2001/XMLSchema-instance" xsi:schemaLocation="http://schema.primaresearch.org/PAGE/gts/pagecontent/2019-07-15 http://schema.primaresearch.org/PAGE/gts/pagecontent/2019-07-15/pagecontent.xsd">
  <Metadata>
	<Creator>escriptorium</Creator>
	<Created>2025-04-28T19:14:12.714903+00:00</Created>
        <LastChange>2025-04-28T19:14:12.714931+00:00</LastChange>
  </Metadata>
  <Page imageFilename="0044.jpg" imageWidth="682" imageHeight="1079">
    <TextRegion id="region_1718639319211_139"  custom="structure {type:paragraph;}">
      <Coords points="180,137 126,137 126,104 194,104"/>
    </TextRegion>
    <TextRegion id="region_1718639316472_136"  custom="structure {type:paragraph;}">
      <Coords points="459,137 288,137 288,98 495,97"/>
    </TextRegion>
    <TextRegion id="region_1718639322599_142"  custom="structure {type:heading;}">
      <Coords points="541,208 205,208 205,146 604,144"/>
    </TextRegion>
    <TextRegion id="region_1718639338883_148"  custom="structure {type:heading;}">
      <Coords points="481,306 273,306 273,265 502,262"/>
    </TextRegion>
    <TextRegion id="region_1718639344691_151"  custom="structure {type:paragraph;}">
      <Coords points="275,394 201,394 190,299 275,301"/>
    </TextRegion>
    <TextRegion id="region_1718639350947_154"  custom="structure {type:paragraph;}">
      <Coords points="536,827 189,829 199,396 231,395 275,396 279,306 537,306"/>
    </TextRegion>
    <TextRegion id="region_1718639384801_166"  custom="structure {type:paragraph;}">
      <Coords points="615,862 566,862 566,830 631,825"/>
    </TextRegion>
    <TextRegion id="region_1718639398436_169"  custom="structure {type:l-column;}">
      <Coords points="373,1006 121,1006 110,866 373,867"/>
    </TextRegion>
    <TextRegion id="region_1718639403744_172"  custom="structure {type:r-column;}">
      <Coords points="627,1005 380,1005 379,871 639,868"/>
    </TextRegion>
  </Page>
</PcGts>
