<?xml version="1.0" encoding="UTF-8"  standalone="yes"?>
<PcGts xmlns="http://schema.primaresearch.org/PAGE/gts/pagecontent/2019-07-15" xmlns:xsi="http://www.w3.org/2001/XMLSchema-instance" xsi:schemaLocation="http://schema.primaresearch.org/PAGE/gts/pagecontent/2019-07-15 http://schema.primaresearch.org/PAGE/gts/pagecontent/2019-07-15/pagecontent.xsd">
  <Metadata>
	<Creator>escriptorium</Creator>
	<Created>2025-04-28T19:14:12.767398+00:00</Created>
        <LastChange>2025-04-28T19:14:12.767424+00:00</LastChange>
  </Metadata>
  <Page imageFilename="1764,_Saemtliche_Poetische_Werke,_Bohn,_3._Aufl.,_Bd._3,_VD18_80365043_Seite_181_Bild_0001.jpg" imageWidth="949" imageHeight="1500">
    <TextRegion id="region_1720346214158_333"  custom="structure {type:paragraph;}">
      <Coords points="602,174 334,174 334,130 595,127"/>
    </TextRegion>
    <TextRegion id="region_1720346216518_336"  custom="structure {type:paragraph;}">
      <Coords points="784,169 700,174 700,133 780,133"/>
    </TextRegion>
    <TextRegion id="region_1720346223262_339"  custom="structure {type:paragraph;}">
      <Coords points="791,1172 72,1188 72,188 787,188"/>
    </TextRegion>
    <TextRegion id="region_1720346227613_342"  custom="structure {type:paragraph;}">
      <Coords points="533,1219 452,1219 454,1188 533,1187"/>
    </TextRegion>
    <TextRegion id="region_1720346231834_345"  custom="structure {type:paragraph;}">
      <Coords points="776,1223 653,1223 652,1180 775,1180"/>
    </TextRegion>
    <TextRegion id="region_1720346241985_351"  custom="structure {type:l-column;}">
      <Coords points="392,1266 128,1270 133,1241 372,1237"/>
    </TextRegion>
    <TextRegion id="region_1721040269957_75"  custom="structure {type:l-column;}">
      <Coords points="341,1287 140,1292 141,1276 191,1275 343,1271"/>
    </TextRegion>
    <TextRegion id="region_1721040274733_78"  custom="structure {type:l-column;}">
      <Coords points="442,1341 123,1341 123,1293 447,1288"/>
    </TextRegion>
    <TextRegion id="region_1720346246569_354"  custom="structure {type:r-column;}">
      <Coords points="771,1278 452,1282 455,1238 774,1234"/>
    </TextRegion>
    <TextRegion id="region_1721040302801_89"  custom="structure {type:r-column;}">
      <Coords points="699,1312 478,1312 478,1286 699,1285"/>
    </TextRegion>
  </Page>
</PcGts>
