<?xml version="1.0" encoding="UTF-8"  standalone="yes"?>
<PcGts xmlns="http://schema.primaresearch.org/PAGE/gts/pagecontent/2019-07-15" xmlns:xsi="http://www.w3.org/2001/XMLSchema-instance" xsi:schemaLocation="http://schema.primaresearch.org/PAGE/gts/pagecontent/2019-07-15 http://schema.primaresearch.org/PAGE/gts/pagecontent/2019-07-15/pagecontent.xsd">
  <Metadata>
	<Creator>escriptorium</Creator>
	<Created>2025-04-28T19:14:12.748092+00:00</Created>
        <LastChange>2025-04-28T19:14:12.748119+00:00</LastChange>
  </Metadata>
  <Page imageFilename="1764,_Saemtliche_Poetische_Werke,_Bohn,_3._Aufl.,_Bd._3,_VD18_80365043_Seite_171_Bild_0001.jpg" imageWidth="949" imageHeight="1500">
    <TextRegion id="region_1720345939258_248"  custom="structure {type:paragraph;}">
      <Coords points="552,158 285,162 285,131 554,125"/>
    </TextRegion>
    <TextRegion id="region_1720345942178_251"  custom="structure {type:paragraph;}">
      <Coords points="762,162 693,162 693,100 762,100"/>
    </TextRegion>
    <TextRegion id="region_1720345946766_254"  custom="structure {type:paragraph;}">
      <Coords points="795,1060 677,1098 605,1146 163,1165 118,1128 80,811 74,192 764,177"/>
    </TextRegion>
    <TextRegion id="region_1720345965502_269"  custom="structure {type:paragraph;}">
      <Coords points="519,1188 451,1188 451,1155 518,1155"/>
    </TextRegion>
    <TextRegion id="region_1720345967895_272"  custom="structure {type:paragraph;}">
      <Coords points="803,1190 721,1190 721,1130 803,1130"/>
    </TextRegion>
    <TextRegion id="region_1720345999326_278"  custom="structure {type:l-column;}">
      <Coords points="434,1244 142,1256 151,1222 430,1214"/>
    </TextRegion>
    <TextRegion id="region_1721039929843_30"  custom="structure {type:l-column;}">
      <Coords points="447,1286 122,1304 123,1259 459,1247"/>
    </TextRegion>
    <TextRegion id="region_1721039989914_35"  custom="structure {type:l-column;}">
      <Coords points="400,1338 136,1347 136,1309 416,1309"/>
    </TextRegion>
    <TextRegion id="region_1720346008534_281"  custom="structure {type:r-column;}">
      <Coords points="796,1250 470,1257 467,1202 793,1202"/>
    </TextRegion>
    <TextRegion id="region_1721040033866_43"  custom="structure {type:r-column;}">
      <Coords points="736,1277 486,1277 486,1256 736,1256"/>
    </TextRegion>
    <TextRegion id="region_1721040038582_46"  custom="structure {type:r-column;}">
      <Coords points="794,1295 486,1302 489,1279 787,1279"/>
    </TextRegion>
    <TextRegion id="region_1721040041114_49"  custom="structure {type:r-column;}">
      <Coords points="736,1328 489,1328 489,1303 739,1300"/>
    </TextRegion>
  </Page>
</PcGts>
