<?xml version="1.0" encoding="UTF-8"  standalone="yes"?>
<PcGts xmlns="http://schema.primaresearch.org/PAGE/gts/pagecontent/2019-07-15" xmlns:xsi="http://www.w3.org/2001/XMLSchema-instance" xsi:schemaLocation="http://schema.primaresearch.org/PAGE/gts/pagecontent/2019-07-15 http://schema.primaresearch.org/PAGE/gts/pagecontent/2019-07-15/pagecontent.xsd">
  <Metadata>
	<Creator>escriptorium</Creator>
	<Created>2025-04-28T19:14:12.730996+00:00</Created>
        <LastChange>2025-04-28T19:14:12.731022+00:00</LastChange>
  </Metadata>
  <Page imageFilename="1764,_Saemtliche_Poetische_Werke,_Bohn,_3._Aufl.,_Bd._1,_VD18_80365027_Seite_158_Bild_0001.jpg" imageWidth="949" imageHeight="1500">
    <TextRegion id="region_1720165372287_261"  custom="structure {type:paragraph;}">
      <Coords points="268,151 202,151 190,98 268,106"/>
    </TextRegion>
    <TextRegion id="region_1720165368276_258"  custom="structure {type:paragraph;}">
      <Coords points="729,156 362,158 362,98 728,98"/>
    </TextRegion>
    <TextRegion id="region_1720165377287_264"  custom="structure {type:paragraph;}">
      <Coords points="787,356 227,356 228,164 796,164"/>
    </TextRegion>
    <TextRegion id="region_1720165389571_267"  custom="structure {type:heading;}">
      <Coords points="722,466 372,470 372,410 707,410"/>
    </TextRegion>
    <TextRegion id="region_1720165394251_270"  custom="structure {type:paragraph;}">
      <Coords points="276,544 204,544 188,478 276,483"/>
    </TextRegion>
    <TextRegion id="region_1720165400743_273"  custom="structure {type:paragraph;}">
      <Coords points="857,872 202,872 202,598 201,553 274,552 273,483 857,487"/>
    </TextRegion>
    <TextRegion id="region_1720165405751_276"  custom="structure {type:paragraph;}">
      <Coords points="858,1038 756,1038 756,993 877,985"/>
    </TextRegion>
    <TextRegion id="region_1720165416763_282"  custom="structure {type:l-column;}">
      <Coords points="516,1324 188,1324 188,1059 516,1059"/>
    </TextRegion>
    <TextRegion id="region_1720165422846_285"  custom="structure {type:r-column;}">
      <Coords points="858,1319 528,1319 527,1063 857,1063"/>
    </TextRegion>
    <TextRegion id="eSc_textblock_24bb54a5"  >
      <Coords points="35,7 35,0 0,0 0,7"/>
    </TextRegion>
  </Page>
</PcGts>
