<?xml version="1.0" encoding="UTF-8"  standalone="yes"?>
<PcGts xmlns="http://schema.primaresearch.org/PAGE/gts/pagecontent/2019-07-15" xmlns:xsi="http://www.w3.org/2001/XMLSchema-instance" xsi:schemaLocation="http://schema.primaresearch.org/PAGE/gts/pagecontent/2019-07-15 http://schema.primaresearch.org/PAGE/gts/pagecontent/2019-07-15/pagecontent.xsd">
  <Metadata>
	<Creator>escriptorium</Creator>
	<Created>2025-04-28T19:14:13.092673+00:00</Created>
        <LastChange>2025-04-28T19:14:13.092697+00:00</LastChange>
  </Metadata>
  <Page imageFilename="1764,_Saemtliche_Poetische_Werke,_Bohn,_3._Aufl.,_Bd._1,_VD18_80365027_Seite_157_Bild_0001.jpg" imageWidth="949" imageHeight="1500">
    <TextRegion id="region_1720164402790_30"  custom="structure {type:paragraph;}">
      <Coords points="620,141 267,141 267,92 637,93"/>
    </TextRegion>
    <TextRegion id="region_1720164415745_39"  custom="structure {type:paragraph;}">
      <Coords points="779,151 709,151 709,94 805,95"/>
    </TextRegion>
    <TextRegion id="region_1720164406584_33"  custom="structure {type:heading;}">
      <Coords points="569,211 315,211 315,163 608,159"/>
    </TextRegion>
    <TextRegion id="region_1720164412104_36"  custom="structure {type:paragraph;}">
      <Coords points="167,281 112,280 113,226 168,227"/>
    </TextRegion>
    <TextRegion id="region_1720164449409_54"  custom="structure {type:paragraph;}">
      <Coords points="775,483 109,487 107,332 105,281 169,283 168,220 775,218"/>
    </TextRegion>
    <TextRegion id="region_1720164428637_42"  custom="structure {type:heading;}">
      <Coords points="646,609 240,609 241,566 677,567"/>
    </TextRegion>
    <TextRegion id="region_1720164431937_45"  custom="structure {type:heading;}">
      <Coords points="516,654 365,654 365,616 540,619"/>
    </TextRegion>
    <TextRegion id="region_1720164434625_48"  custom="structure {type:paragraph;}">
      <Coords points="203,724 147,725 131,666 203,667"/>
    </TextRegion>
    <TextRegion id="region_1720164438941_51"  custom="structure {type:paragraph;}">
      <Coords points="710,1021 143,1024 145,773 146,728 204,727 203,667 710,665"/>
    </TextRegion>
    <TextRegion id="region_1720164456169_57"  custom="structure {type:heading;}">
      <Coords points="564,1124 329,1129 332,1079 561,1079"/>
    </TextRegion>
    <TextRegion id="region_1720164459448_60"  custom="structure {type:paragraph;}">
      <Coords points="208,1204 148,1207 149,1150 209,1147"/>
    </TextRegion>
    <TextRegion id="region_1720164463813_63"  custom="structure {type:paragraph;}">
      <Coords points="739,1224 199,1249 146,1244 147,1208 207,1204 210,1135 746,1133"/>
    </TextRegion>
    <TextRegion id="region_1720164467051_66"  custom="structure {type:paragraph;}">
      <Coords points="790,1266 705,1266 702,1228 773,1230"/>
    </TextRegion>
    <TextRegion id="region_1720164873840_120"  custom="structure {type:l-column;}">
      <Coords points="466,1323 141,1323 141,1286 466,1286"/>
    </TextRegion>
    <TextRegion id="region_1720164886584_123"  custom="structure {type:r-column;}">
      <Coords points="717,1319 492,1319 492,1286 717,1286"/>
    </TextRegion>
  </Page>
</PcGts>
