<?xml version="1.0" encoding="UTF-8"  standalone="yes"?>
<PcGts xmlns="http://schema.primaresearch.org/PAGE/gts/pagecontent/2019-07-15" xmlns:xsi="http://www.w3.org/2001/XMLSchema-instance" xsi:schemaLocation="http://schema.primaresearch.org/PAGE/gts/pagecontent/2019-07-15 http://schema.primaresearch.org/PAGE/gts/pagecontent/2019-07-15/pagecontent.xsd">
  <Metadata>
	<Creator>escriptorium</Creator>
	<Created>2025-04-28T19:14:12.857600+00:00</Created>
        <LastChange>2025-04-28T19:14:12.857621+00:00</LastChange>
  </Metadata>
  <Page imageFilename="1769,_Saemtliche_Poetische_Werke,_Bohn,_4._Aufl.,_Bd._3,_VD18_90481127_Seite_008_Bild_0001.jpg" imageWidth="1971" imageHeight="2897">
    <TextRegion id="region_1724839489978_342"  custom="structure {type:paragraph;}">
      <Coords points="838,554 766,554 766,506 848,504"/>
    </TextRegion>
    <TextRegion id="region_1724839526542_360"  custom="structure {type:l-column;}">
      <Coords points="1260,2371 709,2373 729,1396 1260,1396"/>
    </TextRegion>
    <TextRegion id="region_1724839492854_345"  custom="structure {type:paragraph;}">
      <Coords points="1431,573 1116,573 1116,486 1446,487"/>
    </TextRegion>
    <TextRegion id="region_1724839499406_348"  custom="structure {type:paragraph;}">
      <Coords points="1793,664 784,664 785,586 1794,586"/>
    </TextRegion>
    <TextRegion id="region_1724839504142_351"  custom="structure {type:paragraph;}">
      <Coords points="1817,1034 758,1034 758,676 1833,677"/>
    </TextRegion>
    <TextRegion id="region_1724839506590_354"  custom="structure {type:paragraph;}">
      <Coords points="1800,1104 1688,1104 1688,1047 1816,1049"/>
    </TextRegion>
    <TextRegion id="region_1724839510790_357"  custom="structure {type:paragraph;}">
      <Coords points="1798,1375 779,1375 779,1129 1825,1130"/>
    </TextRegion>
    <TextRegion id="region_1724839531038_363"  custom="structure {type:r-column;}">
      <Coords points="1812,2350 1286,2359 1285,1392 1812,1392"/>
    </TextRegion>
    <TextRegion id="region_1724839533758_366"  custom="structure {type:paragraph;}">
      <Coords points="1791,2403 1666,2403 1655,2360 1791,2356"/>
    </TextRegion>
  </Page>
</PcGts>
