<?xml version="1.0" encoding="UTF-8"  standalone="yes"?>
<PcGts xmlns="http://schema.primaresearch.org/PAGE/gts/pagecontent/2019-07-15" xmlns:xsi="http://www.w3.org/2001/XMLSchema-instance" xsi:schemaLocation="http://schema.primaresearch.org/PAGE/gts/pagecontent/2019-07-15 http://schema.primaresearch.org/PAGE/gts/pagecontent/2019-07-15/pagecontent.xsd">
  <Metadata>
	<Creator>escriptorium</Creator>
	<Created>2025-04-28T19:14:12.832676+00:00</Created>
        <LastChange>2025-04-28T19:14:12.832698+00:00</LastChange>
  </Metadata>
  <Page imageFilename="1769,_Saemtliche_Poetische_Werke,_Bohn,_4._Aufl.,_Bd._2,_VD18_90481100_Seite_260_Bild_0001.jpg" imageWidth="1873" imageHeight="2869">
    <TextRegion id="region_1724838838146_175"  custom="structure {type:paragraph;}">
      <Coords points="751,588 647,588 647,520 761,517"/>
    </TextRegion>
    <TextRegion id="region_1724838867657_187"  custom="structure {type:l-column;}">
      <Coords points="1181,2269 627,2275 653,2142 1181,2142"/>
    </TextRegion>
    <TextRegion id="region_1724838993402_218"  custom="structure {type:l-column;}">
      <Coords points="1165,2328 652,2326 690,2276 1165,2276"/>
    </TextRegion>
    <TextRegion id="region_1724838841849_178"  custom="structure {type:paragraph;}">
      <Coords points="1434,578 933,578 933,508 1483,509"/>
    </TextRegion>
    <TextRegion id="region_1724838849053_181"  custom="structure {type:paragraph;}">
      <Coords points="1683,2056 629,2055 640,610 1683,610"/>
    </TextRegion>
    <TextRegion id="region_1724838852178_184"  custom="structure {type:paragraph;}">
      <Coords points="1705,2102 1581,2102 1583,2062 1723,2062"/>
    </TextRegion>
    <TextRegion id="region_1724838871769_190"  custom="structure {type:r-column;}">
      <Coords points="1705,2321 1189,2321 1188,2142 1731,2145"/>
    </TextRegion>
    <TextRegion id="region_1724838877157_193"  custom="structure {type:paragraph;}">
      <Coords points="1726,2363 1568,2364 1568,2327 1697,2327"/>
    </TextRegion>
  </Page>
</PcGts>
