<?xml version="1.0" encoding="UTF-8"  standalone="yes"?>
<PcGts xmlns="http://schema.primaresearch.org/PAGE/gts/pagecontent/2019-07-15" xmlns:xsi="http://www.w3.org/2001/XMLSchema-instance" xsi:schemaLocation="http://schema.primaresearch.org/PAGE/gts/pagecontent/2019-07-15 http://schema.primaresearch.org/PAGE/gts/pagecontent/2019-07-15/pagecontent.xsd">
  <Metadata>
	<Creator>escriptorium</Creator>
	<Created>2025-04-28T19:14:12.809707+00:00</Created>
        <LastChange>2025-04-28T19:14:12.809728+00:00</LastChange>
  </Metadata>
  <Page imageFilename="1769,_Saemtliche_Poetische_Werke,_Bohn,_4._Aufl.,_Bd._2,_VD18_90481100_Seite_042_Bild_0001.jpg" imageWidth="1873" imageHeight="2869">
    <TextRegion id="region_1719566179450_159"  custom="structure {type:paragraph;}">
      <Coords points="690,584 610,584 610,529 723,519"/>
    </TextRegion>
    <TextRegion id="region_1719566182853_162"  custom="structure {type:paragraph;}">
      <Coords points="1384,586 860,586 860,515 1408,504"/>
    </TextRegion>
    <TextRegion id="region_1719566188712_165"  custom="structure {type:paragraph;}">
      <Coords points="1648,1624 593,1622 582,614 1625,614"/>
    </TextRegion>
    <TextRegion id="region_1719566198612_174"  custom="structure {type:paragraph;}">
      <Coords points="1660,1734 1554,1734 1554,1657 1673,1644"/>
    </TextRegion>
    <TextRegion id="region_1719566209957_180"  custom="structure {type:l-column;}">
      <Coords points="1108,2372 579,2371 609,1757 1108,1757"/>
    </TextRegion>
    <TextRegion id="region_1719566215993_183"  custom="structure {type:r-column;}">
      <Coords points="1656,2358 1115,2366 1123,1772 1679,1769"/>
    </TextRegion>
    <TextRegion id="region_1719566307629_195"  custom="structure {type:paragraph;}">
      <Coords points="1624,2407 1528,2400 1528,2365 1619,2365"/>
    </TextRegion>
  </Page>
</PcGts>
