<?xml version="1.0" encoding="UTF-8"  standalone="yes"?>
<PcGts xmlns="http://schema.primaresearch.org/PAGE/gts/pagecontent/2019-07-15" xmlns:xsi="http://www.w3.org/2001/XMLSchema-instance" xsi:schemaLocation="http://schema.primaresearch.org/PAGE/gts/pagecontent/2019-07-15 http://schema.primaresearch.org/PAGE/gts/pagecontent/2019-07-15/pagecontent.xsd">
  <Metadata>
	<Creator>escriptorium</Creator>
	<Created>2025-04-28T19:14:12.785987+00:00</Created>
        <LastChange>2025-04-28T19:14:12.786014+00:00</LastChange>
  </Metadata>
  <Page imageFilename="1769,_Saemtliche_Poetische_Werke,_Bohn,_4._Aufl.,_Bd._1,_VD18_90481097_Seite_073_Bild_0001.jpg" imageWidth="1857" imageHeight="2881">
    <TextRegion id="region_1719559077824_133"  custom="structure {type:paragraph;}">
      <Coords points="901,649 469,626 481,562 901,562"/>
    </TextRegion>
    <TextRegion id="region_1719559080004_136"  custom="structure {type:paragraph;}">
      <Coords points="1199,647 1118,647 1118,571 1199,569"/>
    </TextRegion>
    <TextRegion id="region_1719559089280_139"  custom="structure {type:paragraph;}">
      <Coords points="1238,1197 187,1197 185,649 1236,649"/>
    </TextRegion>
    <TextRegion id="region_1719559091960_142"  custom="structure {type:paragraph;}">
      <Coords points="791,1278 656,1278 648,1211 783,1211"/>
    </TextRegion>
    <TextRegion id="region_1719559094319_145"  custom="structure {type:paragraph;}">
      <Coords points="1232,1291 1081,1291 1083,1219 1269,1222"/>
    </TextRegion>
    <TextRegion id="region_1719559117084_151"  custom="structure {type:l-column;}">
      <Coords points="697,2447 187,2447 173,1385 697,1394"/>
    </TextRegion>
    <TextRegion id="region_1719559124752_154"  custom="structure {type:r-column;}">
      <Coords points="1235,2455 708,2452 700,1395 1270,1367"/>
    </TextRegion>
  </Page>
</PcGts>
