<?xml version="1.0" encoding="UTF-8"  standalone="yes"?>
<PcGts xmlns="http://schema.primaresearch.org/PAGE/gts/pagecontent/2019-07-15" xmlns:xsi="http://www.w3.org/2001/XMLSchema-instance" xsi:schemaLocation="http://schema.primaresearch.org/PAGE/gts/pagecontent/2019-07-15 http://schema.primaresearch.org/PAGE/gts/pagecontent/2019-07-15/pagecontent.xsd">
  <Metadata>
	<Creator>escriptorium</Creator>
	<Created>2025-04-28T19:14:12.881356+00:00</Created>
        <LastChange>2025-04-28T19:14:12.881377+00:00</LastChange>
  </Metadata>
  <Page imageFilename="1769,_Saemtliche_Poetische_Werke,_Bohn,_4._Aufl.,_Bd._3,_VD18_90481127_Seite_240_Bild_0001.jpg" imageWidth="1971" imageHeight="2897">
    <TextRegion id="region_1724840129059_539"  custom="structure {type:paragraph;}">
      <Coords points="912,643 812,660 812,589 912,589"/>
    </TextRegion>
    <TextRegion id="region_1724840152682_551"  custom="structure {type:l-column;}">
      <Coords points="1297,2409 765,2408 775,2092 1297,2092"/>
    </TextRegion>
    <TextRegion id="region_1724840131398_542"  custom="structure {type:paragraph;}">
      <Coords points="1534,648 1142,648 1142,573 1562,574"/>
    </TextRegion>
    <TextRegion id="region_1724840138059_545"  custom="structure {type:paragraph;}">
      <Coords points="1633,1975 781,1979 781,675 1617,675"/>
    </TextRegion>
    <TextRegion id="region_1724840145553_548"  custom="structure {type:paragraph;}">
      <Coords points="1814,2061 1700,2064 1700,2014 1834,2016"/>
    </TextRegion>
    <TextRegion id="region_1724840157118_554"  custom="structure {type:r-column;}">
      <Coords points="1858,2397 1308,2387 1308,2092 1838,2092"/>
    </TextRegion>
  </Page>
</PcGts>
