<?xml version="1.0" encoding="UTF-8"  standalone="yes"?>
<PcGts xmlns="http://schema.primaresearch.org/PAGE/gts/pagecontent/2019-07-15" xmlns:xsi="http://www.w3.org/2001/XMLSchema-instance" xsi:schemaLocation="http://schema.primaresearch.org/PAGE/gts/pagecontent/2019-07-15 http://schema.primaresearch.org/PAGE/gts/pagecontent/2019-07-15/pagecontent.xsd">
  <Metadata>
	<Creator>escriptorium</Creator>
	<Created>2025-04-28T19:14:12.870430+00:00</Created>
        <LastChange>2025-04-28T19:14:12.870453+00:00</LastChange>
  </Metadata>
  <Page imageFilename="1769,_Saemtliche_Poetische_Werke,_Bohn,_4._Aufl.,_Bd._3,_VD18_90481127_Seite_031_Bild_0001.jpg" imageWidth="1971" imageHeight="2897">
    <TextRegion id="region_1724839651786_392"  custom="structure {type:paragraph;}">
      <Coords points="879,596 569,596 569,530 892,535"/>
    </TextRegion>
    <TextRegion id="region_1724839668974_404"  custom="structure {type:l-column;}">
      <Coords points="732,2371 189,2379 201,1603 732,1602"/>
    </TextRegion>
    <TextRegion id="region_1724839654017_395"  custom="structure {type:paragraph;}">
      <Coords points="1257,599 1098,599 1098,550 1244,549"/>
    </TextRegion>
    <TextRegion id="region_1724839657406_398"  custom="structure {type:paragraph;}">
      <Coords points="1307,1442 199,1462 199,630 1306,630"/>
    </TextRegion>
    <TextRegion id="region_1724839659705_401"  custom="structure {type:paragraph;}">
      <Coords points="1257,1540 1149,1532 1150,1471 1274,1471"/>
    </TextRegion>
    <TextRegion id="region_1724839672334_407"  custom="structure {type:r-column;}">
      <Coords points="1309,2372 754,2375 754,1590 1283,1590"/>
    </TextRegion>
  </Page>
</PcGts>
