<?xml version="1.0" encoding="UTF-8"  standalone="yes"?>
<PcGts xmlns="http://schema.primaresearch.org/PAGE/gts/pagecontent/2019-07-15" xmlns:xsi="http://www.w3.org/2001/XMLSchema-instance" xsi:schemaLocation="http://schema.primaresearch.org/PAGE/gts/pagecontent/2019-07-15 http://schema.primaresearch.org/PAGE/gts/pagecontent/2019-07-15/pagecontent.xsd">
  <Metadata>
	<Creator>escriptorium</Creator>
	<Created>2025-04-28T19:14:12.844821+00:00</Created>
        <LastChange>2025-04-28T19:14:12.844840+00:00</LastChange>
  </Metadata>
  <Page imageFilename="1769,_Saemtliche_Poetische_Werke,_Bohn,_4._Aufl.,_Bd._2,_VD18_90481100_Seite_291_Bild_0001.jpg" imageWidth="1873" imageHeight="2869">
    <TextRegion id="region_1724839240694_293"  custom="structure {type:l-column;}">
      <Coords points="706,2344 144,2343 133,1385 704,1385"/>
    </TextRegion>
    <TextRegion id="region_1724839249138_299"  custom="structure {type:paragraph;}">
      <Coords points="422,2412 252,2412 252,2349 437,2353"/>
    </TextRegion>
    <TextRegion id="region_1724839220226_281"  custom="structure {type:paragraph;}">
      <Coords points="873,591 531,591 531,528 928,528"/>
    </TextRegion>
    <TextRegion id="region_1724839227622_287"  custom="structure {type:paragraph;}">
      <Coords points="1056,1300 154,1300 154,635 1084,638"/>
    </TextRegion>
    <TextRegion id="region_1724839255214_305"  custom="structure {type:paragraph;}">
      <Coords points="813,2395 724,2395 725,2345 831,2350"/>
    </TextRegion>
    <TextRegion id="region_1724839222042_284"  custom="structure {type:paragraph;}">
      <Coords points="1218,597 1105,597 1105,528 1242,536"/>
    </TextRegion>
    <TextRegion id="region_1724839229906_290"  custom="structure {type:paragraph;}">
      <Coords points="1237,1365 1108,1365 1108,1300 1278,1300"/>
    </TextRegion>
    <TextRegion id="region_1724839244618_296"  custom="structure {type:r-column;}">
      <Coords points="1243,2337 722,2338 722,1394 1252,1390"/>
    </TextRegion>
    <TextRegion id="region_1724839252558_302"  custom="structure {type:paragraph;}">
      <Coords points="1247,2393 1120,2393 1120,2342 1270,2341"/>
    </TextRegion>
  </Page>
</PcGts>
