<?xml version="1.0" encoding="UTF-8"  standalone="yes"?>
<PcGts xmlns="http://schema.primaresearch.org/PAGE/gts/pagecontent/2019-07-15" xmlns:xsi="http://www.w3.org/2001/XMLSchema-instance" xsi:schemaLocation="http://schema.primaresearch.org/PAGE/gts/pagecontent/2019-07-15 http://schema.primaresearch.org/PAGE/gts/pagecontent/2019-07-15/pagecontent.xsd">
  <Metadata>
	<Creator>escriptorium</Creator>
	<Created>2025-04-28T19:14:12.821086+00:00</Created>
        <LastChange>2025-04-28T19:14:12.821105+00:00</LastChange>
  </Metadata>
  <Page imageFilename="1769,_Saemtliche_Poetische_Werke,_Bohn,_4._Aufl.,_Bd._2,_VD18_90481100_Seite_093_Bild_0001.jpg" imageWidth="1873" imageHeight="2869">
    <TextRegion id="region_1719567039338_258"  custom="structure {type:paragraph;}">
      <Coords points="854,577 537,577 537,498 874,488"/>
    </TextRegion>
    <TextRegion id="region_1719567041764_261"  custom="structure {type:paragraph;}">
      <Coords points="1230,593 1151,593 1151,516 1274,514"/>
    </TextRegion>
    <TextRegion id="region_1719567046706_264"  custom="structure {type:heading;}">
      <Coords points="1174,696 267,707 271,603 1168,603"/>
    </TextRegion>
    <TextRegion id="region_1719567051738_267"  custom="structure {type:paragraph;}">
      <Coords points="412,839 283,830 310,729 412,731"/>
    </TextRegion>
    <TextRegion id="region_1719567135322_275"  custom="structure {type:paragraph;}">
      <Coords points="1144,1848 319,1849 308,905 307,843 413,847 414,723 1128,722"/>
    </TextRegion>
    <TextRegion id="region_1719567154666_284"  custom="structure {type:paragraph;}">
      <Coords points="1239,1913 1178,1913 1178,1865 1268,1845"/>
    </TextRegion>
    <TextRegion id="region_1719567175062_290"  custom="structure {type:l-column;}">
      <Coords points="736,2369 182,2371 211,1950 736,1950"/>
    </TextRegion>
    <TextRegion id="region_1719567181242_293"  custom="structure {type:r-column;}">
      <Coords points="1318,2365 746,2363 746,1950 1263,1950"/>
    </TextRegion>
  </Page>
</PcGts>
