<?xml version="1.0" encoding="UTF-8"  standalone="yes"?>
<PcGts xmlns="http://schema.primaresearch.org/PAGE/gts/pagecontent/2019-07-15" xmlns:xsi="http://www.w3.org/2001/XMLSchema-instance" xsi:schemaLocation="http://schema.primaresearch.org/PAGE/gts/pagecontent/2019-07-15 http://schema.primaresearch.org/PAGE/gts/pagecontent/2019-07-15/pagecontent.xsd">
  <Metadata>
	<Creator>escriptorium</Creator>
	<Created>2025-04-28T19:14:13.104508+00:00</Created>
        <LastChange>2025-04-28T19:14:13.104522+00:00</LastChange>
  </Metadata>
  <Page imageFilename="1769,_Saemtliche_Poetische_Werke,_Bohn,_4._Aufl.,_Bd._3,_VD18_90481127_Seite_100_Bild_0001.jpg" imageWidth="1971" imageHeight="2897">
    <TextRegion id="region_1724839911438_475"  custom="structure {type:paragraph;}">
      <Coords points="781,587 696,601 696,529 786,529"/>
    </TextRegion>
    <TextRegion id="region_1724839937302_487"  custom="structure {type:paragraph;}">
      <Coords points="1486,2170 771,2170 791,910 778,875 901,873 896,747 1486,743"/>
    </TextRegion>
    <TextRegion id="region_1724839925642_484"  custom="structure {type:paragraph;}">
      <Coords points="895,863 813,863 810,740 892,740"/>
    </TextRegion>
    <TextRegion id="region_1724839914006_478"  custom="structure {type:paragraph;}">
      <Coords points="1411,600 1018,600 1018,525 1430,525"/>
    </TextRegion>
    <TextRegion id="region_1724839917685_481"  custom="structure {type:heading;}">
      <Coords points="1392,713 1046,713 1046,625 1424,624"/>
    </TextRegion>
    <TextRegion id="region_1724839949525_493"  custom="structure {type:paragraph;}">
      <Coords points="1701,2197 1599,2197 1599,2149 1724,2148"/>
    </TextRegion>
    <TextRegion id="region_1724839947342_490"  custom="structure {type:footnote;}">
      <Coords points="1734,2390 650,2390 650,2237 1771,2231"/>
    </TextRegion>
  </Page>
</PcGts>
