<?xml version="1.0" encoding="UTF-8"  standalone="yes"?>
<PcGts xmlns="http://schema.primaresearch.org/PAGE/gts/pagecontent/2019-07-15" xmlns:xsi="http://www.w3.org/2001/XMLSchema-instance" xsi:schemaLocation="http://schema.primaresearch.org/PAGE/gts/pagecontent/2019-07-15 http://schema.primaresearch.org/PAGE/gts/pagecontent/2019-07-15/pagecontent.xsd">
  <Metadata>
	<Creator>escriptorium</Creator>
	<Created>2025-04-28T19:14:12.797516+00:00</Created>
        <LastChange>2025-04-28T19:14:12.797544+00:00</LastChange>
  </Metadata>
  <Page imageFilename="1769,_Saemtliche_Poetische_Werke,_Bohn,_4._Aufl.,_Bd._2,_VD18_90481100_Seite_027_Bild_0001.jpg" imageWidth="1873" imageHeight="2869">
    <TextRegion id="region_1719563715697_511"  custom="structure {type:paragraph;}">
      <Coords points="861,591 574,591 572,510 896,511"/>
    </TextRegion>
    <TextRegion id="region_1719563721597_514"  custom="structure {type:paragraph;}">
      <Coords points="1248,594 1165,598 1165,511 1232,511"/>
    </TextRegion>
    <TextRegion id="region_1719563725801_517"  custom="structure {type:heading;}">
      <Coords points="1083,702 354,702 354,615 1108,621"/>
    </TextRegion>
    <TextRegion id="region_1719563729729_520"  custom="structure {type:paragraph;}">
      <Coords points="302,872 210,874 194,745 302,742"/>
    </TextRegion>
    <TextRegion id="region_1719563737385_523"  custom="structure {type:paragraph;}">
      <Coords points="1276,2181 212,2181 213,934 209,882 305,882 302,741 1277,722"/>
    </TextRegion>
    <TextRegion id="region_1719563741353_526"  custom="structure {type:paragraph;}">
      <Coords points="885,2244 725,2249 695,2194 822,2196"/>
    </TextRegion>
    <TextRegion id="region_1719563743797_529"  custom="structure {type:paragraph;}">
      <Coords points="1272,2251 1170,2250 1170,2191 1303,2199"/>
    </TextRegion>
    <TextRegion id="region_1719563755921_535"  custom="structure {type:l-column;}">
      <Coords points="755,2425 195,2439 224,2282 755,2282"/>
    </TextRegion>
    <TextRegion id="region_1719563759729_538"  custom="structure {type:r-column;}">
      <Coords points="1286,2413 760,2409 760,2274 1286,2278"/>
    </TextRegion>
  </Page>
</PcGts>
