<?xml version="1.0" encoding="UTF-8"  standalone="yes"?>
<PcGts xmlns="http://schema.primaresearch.org/PAGE/gts/pagecontent/2019-07-15" xmlns:xsi="http://www.w3.org/2001/XMLSchema-instance" xsi:schemaLocation="http://schema.primaresearch.org/PAGE/gts/pagecontent/2019-07-15 http://schema.primaresearch.org/PAGE/gts/pagecontent/2019-07-15/pagecontent.xsd">
  <Metadata>
	<Creator>escriptorium</Creator>
	<Created>2025-04-28T19:14:13.118137+00:00</Created>
        <LastChange>2025-04-28T19:14:13.118150+00:00</LastChange>
  </Metadata>
  <Page imageFilename="1771,_Saemtliche_Poetische_Werke,_Bohn,_5._Aufl.,_Bd._1,_VD18_90396758_Seite_032_Bild_0001.jpg" imageWidth="1187" imageHeight="2055">
    <TextRegion id="region_1719251603515_69"  custom="structure {type:heading;}">
      <Coords points="939,240 311,232 258,199 259,63 937,63"/>
    </TextRegion>
    <TextRegion id="region_1719251606771_72"  custom="structure {type:paragraph;}">
      <Coords points="279,461 86,461 81,221 280,221"/>
    </TextRegion>
    <TextRegion id="region_1719251614879_75"  custom="structure {type:paragraph;}">
      <Coords points="1117,1152 87,1152 80,460 122,463 281,465 280,254 1112,260"/>
    </TextRegion>
    <TextRegion id="region_1719251620043_78"  custom="structure {type:paragraph;}">
      <Coords points="1102,1210 986,1210 984,1155 1100,1155"/>
    </TextRegion>
    <TextRegion id="region_1719251631155_81"  custom="structure {type:heading;}">
      <Coords points="1074,1389 180,1342 92,1389 92,1225 1074,1225"/>
    </TextRegion>
    <TextRegion id="region_1719251633747_84"  custom="structure {type:paragraph;}">
      <Coords points="257,1476 190,1477 191,1354 264,1354"/>
    </TextRegion>
    <TextRegion id="region_1719251639271_87"  custom="structure {type:paragraph;}">
      <Coords points="840,1891 185,1889 178,1479 262,1476 267,1387 307,1393 840,1383"/>
    </TextRegion>
    <TextRegion id="region_1719251648676_96"  custom="structure {type:paragraph;}">
      <Coords points="354,1977 72,1971 73,1894 352,1894"/>
    </TextRegion>
    <TextRegion id="region_1719251645684_93"  custom="structure {type:paragraph;}">
      <Coords points="773,1959 689,1952 689,1894 758,1894"/>
    </TextRegion>
    <TextRegion id="region_1719251641727_90"  custom="structure {type:paragraph;}">
      <Coords points="1114,1973 986,1948 986,1888 1091,1888"/>
    </TextRegion>
  </Page>
</PcGts>
