<?xml version="1.0" encoding="UTF-8"  standalone="yes"?>
<PcGts xmlns="http://schema.primaresearch.org/PAGE/gts/pagecontent/2019-07-15" xmlns:xsi="http://www.w3.org/2001/XMLSchema-instance" xsi:schemaLocation="http://schema.primaresearch.org/PAGE/gts/pagecontent/2019-07-15 http://schema.primaresearch.org/PAGE/gts/pagecontent/2019-07-15/pagecontent.xsd">
  <Metadata>
	<Creator>escriptorium</Creator>
	<Created>2025-04-28T19:14:13.142601+00:00</Created>
        <LastChange>2025-04-28T19:14:13.142613+00:00</LastChange>
  </Metadata>
  <Page imageFilename="1771,_Saemtliche_Poetische_Werke,_Bohn,_5._Aufl.,_Bd._3,_VD18_90396774_Seite_025_Bild_0001.jpg" imageWidth="1158" imageHeight="2047">
    <TextRegion id="region_1719491470943_21"  custom="structure {type:paragraph;}">
      <Coords points="207,135 123,135 123,68 183,58 207,68"/>
    </TextRegion>
    <TextRegion id="region_1719491476262_24"  custom="structure {type:paragraph;}">
      <Coords points="805,135 420,135 420,56 630,35 805,56"/>
    </TextRegion>
    <TextRegion id="region_1719491480586_27"  custom="structure {type:heading;}">
      <Coords points="1137,249 1114,290 119,290 116,145 1111,145"/>
    </TextRegion>
    <TextRegion id="region_1719491484855_30"  custom="structure {type:paragraph;}">
      <Coords points="246,398 145,400 142,313 243,311"/>
    </TextRegion>
    <TextRegion id="region_1719491488855_33"  custom="structure {type:paragraph;}">
      <Coords points="998,1234 135,1223 136,473 146,404 248,401 246,314 1009,312"/>
    </TextRegion>
    <TextRegion id="region_1719491499371_42"  custom="structure {type:paragraph;}">
      <Coords points="1125,1305 1064,1282 1018,1305 1018,1220 1125,1220"/>
    </TextRegion>
    <TextRegion id="region_1719491502763_45"  custom="structure {type:paragraph;}">
      <Coords points="349,1325 373,1348 297,1339 288,1271 350,1276"/>
    </TextRegion>
    <TextRegion id="region_1719491506519_48"  custom="structure {type:paragraph;}">
      <Coords points="919,1918 269,1934 294,1426 295,1340 356,1348 360,1274 902,1268"/>
    </TextRegion>
    <TextRegion id="region_1719491528085_60"  custom="structure {type:paragraph;}">
      <Coords points="1132,1968 1075,1951 1008,1968 1004,1876 1132,1877"/>
    </TextRegion>
  </Page>
</PcGts>
