<?xml version="1.0" encoding="UTF-8"  standalone="yes"?>
<PcGts xmlns="http://schema.primaresearch.org/PAGE/gts/pagecontent/2019-07-15" xmlns:xsi="http://www.w3.org/2001/XMLSchema-instance" xsi:schemaLocation="http://schema.primaresearch.org/PAGE/gts/pagecontent/2019-07-15 http://schema.primaresearch.org/PAGE/gts/pagecontent/2019-07-15/pagecontent.xsd">
  <Metadata>
	<Creator>escriptorium</Creator>
	<Created>2025-04-28T19:14:13.111230+00:00</Created>
        <LastChange>2025-04-28T19:14:13.111242+00:00</LastChange>
  </Metadata>
  <Page imageFilename="1771,_Saemtliche_Poetische_Werke,_Bohn,_5._Aufl.,_Bd._1,_VD18_90396758_Seite_031_Bild_0001.jpg" imageWidth="1218" imageHeight="2050">
    <TextRegion id="region_1719251190438_3"  custom="structure {type:paragraph;}">
      <Coords points="300,128 114,128 114,46 287,44"/>
    </TextRegion>
    <TextRegion id="region_1719251197069_6"  custom="structure {type:paragraph;}">
      <Coords points="1002,123 353,123 353,42 990,42"/>
    </TextRegion>
    <TextRegion id="region_1719251208869_9"  custom="structure {type:paragraph;}">
      <Coords points="1149,1440 80,1456 80,144 1120,141"/>
    </TextRegion>
    <TextRegion id="region_1719251228385_18"  custom="structure {type:heading;}">
      <Coords points="786,1572 215,1572 221,1473 786,1461"/>
    </TextRegion>
    <TextRegion id="region_1719251233409_21"  custom="structure {type:heading;}">
      <Coords points="1126,1677 778,1694 798,1560 1104,1560"/>
    </TextRegion>
    <TextRegion id="region_1719251308273_35"  custom="structure {type:l-column;}">
      <Coords points="585,1899 69,1899 69,1707 585,1707"/>
    </TextRegion>
    <TextRegion id="region_1719251320862_38"  custom="structure {type:r-column;}">
      <Coords points="1117,1884 603,1884 608,1704 1122,1704"/>
    </TextRegion>
    <TextRegion id="region_1719251280461_31"  custom="structure {type:paragraph;}">
      <Coords points="1111,1989 941,1970 941,1897 1114,1897"/>
    </TextRegion>
  </Page>
</PcGts>
