<?xml version="1.0" encoding="UTF-8"  standalone="yes"?>
<PcGts xmlns="http://schema.primaresearch.org/PAGE/gts/pagecontent/2019-07-15" xmlns:xsi="http://www.w3.org/2001/XMLSchema-instance" xsi:schemaLocation="http://schema.primaresearch.org/PAGE/gts/pagecontent/2019-07-15 http://schema.primaresearch.org/PAGE/gts/pagecontent/2019-07-15/pagecontent.xsd">
  <Metadata>
	<Creator>escriptorium</Creator>
	<Created>2025-04-28T19:14:13.021018+00:00</Created>
        <LastChange>2025-04-28T19:14:13.021039+00:00</LastChange>
  </Metadata>
  <Page imageFilename="1771,_Saemtliche_Poetische_Werke,_Bohn,_5._Aufl.,_Bd._3,_VD18_90396774_Seite_047_Bild_0001.jpg" imageWidth="1134" imageHeight="2065">
    <TextRegion id="region_1719492029148_159"  custom="structure {type:paragraph;}">
      <Coords points="213,121 123,127 123,58 200,58"/>
    </TextRegion>
    <TextRegion id="region_1719492031988_162"  custom="structure {type:paragraph;}">
      <Coords points="804,122 422,122 417,41 799,41"/>
    </TextRegion>
    <TextRegion id="region_1719492083156_183"  custom="structure {type:heading;}">
      <Coords points="895,234 367,235 367,143 882,143"/>
    </TextRegion>
    <TextRegion id="region_1719492085863_186"  custom="structure {type:paragraph;}">
      <Coords points="239,347 139,347 139,261 239,261"/>
    </TextRegion>
    <TextRegion id="region_1719492091688_189"  custom="structure {type:paragraph;}">
      <Coords points="1090,1244 123,1244 124,417 135,348 245,351 243,258 1070,252"/>
    </TextRegion>
    <TextRegion id="region_1719492107372_201"  custom="structure {type:heading;}">
      <Coords points="953,1430 280,1430 280,1346 975,1350"/>
    </TextRegion>
    <TextRegion id="region_1719492145639_204"  custom="structure {type:paragraph;}">
      <Coords points="219,1561 131,1562 131,1460 219,1459"/>
    </TextRegion>
    <TextRegion id="region_1719492149315_207"  custom="structure {type:paragraph;}">
      <Coords points="1005,1888 122,1891 123,1672 129,1561 222,1563 215,1440 1051,1433"/>
    </TextRegion>
    <TextRegion id="region_1719492161556_213"  custom="structure {type:heading;}">
      <Coords points="1093,1932 1037,1932 1037,1856 1093,1856"/>
    </TextRegion>
  </Page>
</PcGts>
