<?xml version="1.0" encoding="UTF-8"  standalone="yes"?>
<PcGts xmlns="http://schema.primaresearch.org/PAGE/gts/pagecontent/2019-07-15" xmlns:xsi="http://www.w3.org/2001/XMLSchema-instance" xsi:schemaLocation="http://schema.primaresearch.org/PAGE/gts/pagecontent/2019-07-15 http://schema.primaresearch.org/PAGE/gts/pagecontent/2019-07-15/pagecontent.xsd">
  <Metadata>
	<Creator>escriptorium</Creator>
	<Created>2025-04-28T19:14:12.943652+00:00</Created>
        <LastChange>2025-04-28T19:14:12.943672+00:00</LastChange>
  </Metadata>
  <Page imageFilename="1771,_Saemtliche_Poetische_Werke,_Bohn,_5._Aufl.,_Bd._3,_VD18_90396774_Seite_067_Bild_0001.jpg" imageWidth="1122" imageHeight="2082">
    <TextRegion id="region_1719492639529_321"  custom="structure {type:paragraph;}">
      <Coords points="221,137 114,128 114,73 193,73"/>
    </TextRegion>
    <TextRegion id="region_1719492642532_324"  custom="structure {type:paragraph;}">
      <Coords points="814,133 418,140 418,67 788,67"/>
    </TextRegion>
    <TextRegion id="region_1719492646087_327"  custom="structure {type:heading;}">
      <Coords points="790,228 471,230 471,154 771,154"/>
    </TextRegion>
    <TextRegion id="region_1719492652479_330"  custom="structure {type:paragraph;}">
      <Coords points="372,347 297,341 297,247 364,245"/>
    </TextRegion>
    <TextRegion id="region_1719492659299_333"  custom="structure {type:paragraph;}">
      <Coords points="864,1786 270,1786 290,432 281,347 374,352 364,254 878,249"/>
    </TextRegion>
    <TextRegion id="region_1719492670376_336"  custom="structure {type:paragraph;}">
      <Coords points="1060,1790 987,1790 986,1745 1059,1745"/>
    </TextRegion>
    <TextRegion id="region_1719492835409_367"  custom="structure {type:l-column;}">
      <Coords points="593,1951 117,1949 117,1806 593,1808"/>
    </TextRegion>
    <TextRegion id="region_1719492842804_370"  custom="structure {type:r-column;}">
      <Coords points="1067,1915 834,1965 604,1952 612,1803 1062,1802"/>
    </TextRegion>
    <TextRegion id="region_1719492678216_342"  custom="structure {type:paragraph;}">
      <Coords points="1078,1950 1020,1974 1004,1936 1063,1924"/>
    </TextRegion>
  </Page>
</PcGts>
