<?xml version="1.0" encoding="UTF-8"  standalone="yes"?>
<PcGts xmlns="http://schema.primaresearch.org/PAGE/gts/pagecontent/2019-07-15" xmlns:xsi="http://www.w3.org/2001/XMLSchema-instance" xsi:schemaLocation="http://schema.primaresearch.org/PAGE/gts/pagecontent/2019-07-15 http://schema.primaresearch.org/PAGE/gts/pagecontent/2019-07-15/pagecontent.xsd">
  <Metadata>
	<Creator>escriptorium</Creator>
	<Created>2025-04-28T19:14:12.931151+00:00</Created>
        <LastChange>2025-04-28T19:14:12.931172+00:00</LastChange>
  </Metadata>
  <Page imageFilename="1771,_Saemtliche_Poetische_Werke,_Bohn,_5._Aufl.,_Bd._2,_VD18_90396766_Seite_088_Bild_0001.jpg" imageWidth="1157" imageHeight="2058">
    <TextRegion id="region_1719482233445_148"  custom="structure {type:paragraph;}">
      <Coords points="690,138 386,138 386,73 672,73"/>
    </TextRegion>
    <TextRegion id="region_1719482236124_151"  custom="structure {type:paragraph;}">
      <Coords points="1051,163 993,158 977,82 1051,82"/>
    </TextRegion>
    <TextRegion id="region_1719482247597_154"  custom="structure {type:paragraph;}">
      <Coords points="948,1165 115,1172 109,160 897,160"/>
    </TextRegion>
    <TextRegion id="region_1719482253481_157"  custom="structure {type:paragraph;}">
      <Coords points="757,1319 130,1319 154,1217 781,1217"/>
    </TextRegion>
    <TextRegion id="region_1719482258261_160"  custom="structure {type:heading;}">
      <Coords points="1014,1538 93,1547 88,1372 992,1372"/>
    </TextRegion>
    <TextRegion id="region_1719482261101_163"  custom="structure {type:paragraph;}">
      <Coords points="286,1648 211,1645 212,1553 287,1556"/>
    </TextRegion>
    <TextRegion id="region_1719482264200_166"  custom="structure {type:paragraph;}">
      <Coords points="758,1700 313,1703 211,1700 211,1647 290,1652 287,1552 758,1555"/>
    </TextRegion>
    <TextRegion id="region_1719482266444_169"  custom="structure {type:paragraph;}">
      <Coords points="617,1741 542,1741 536,1698 628,1705"/>
    </TextRegion>
    <TextRegion id="region_1719482269644_172"  custom="structure {type:paragraph;}">
      <Coords points="1051,1734 951,1734 948,1674 1048,1674"/>
    </TextRegion>
    <TextRegion id="region_1719482294340_183"  custom="structure {type:l-column;}">
      <Coords points="552,1970 100,1982 94,1749 552,1749"/>
    </TextRegion>
    <TextRegion id="region_1719482297872_186"  custom="structure {type:r-column;}">
      <Coords points="1041,1972 561,1972 561,1755 1041,1755"/>
    </TextRegion>
  </Page>
</PcGts>
