<?xml version="1.0" encoding="UTF-8"  standalone="yes"?>
<PcGts xmlns="http://schema.primaresearch.org/PAGE/gts/pagecontent/2019-07-15" xmlns:xsi="http://www.w3.org/2001/XMLSchema-instance" xsi:schemaLocation="http://schema.primaresearch.org/PAGE/gts/pagecontent/2019-07-15 http://schema.primaresearch.org/PAGE/gts/pagecontent/2019-07-15/pagecontent.xsd">
  <Metadata>
	<Creator>escriptorium</Creator>
	<Created>2025-04-28T19:14:12.919353+00:00</Created>
        <LastChange>2025-04-28T19:14:12.919374+00:00</LastChange>
  </Metadata>
  <Page imageFilename="1771,_Saemtliche_Poetische_Werke,_Bohn,_5._Aufl.,_Bd._2,_VD18_90396766_Seite_065_Bild_0001.jpg" imageWidth="1147" imageHeight="2055">
    <TextRegion id="region_1719481428106_6"  custom="structure {type:paragraph;}">
      <Coords points="190,141 109,141 116,77 191,70"/>
    </TextRegion>
    <TextRegion id="region_1719481431323_9"  custom="structure {type:paragraph;}">
      <Coords points="882,134 365,134 365,38 882,38"/>
    </TextRegion>
    <TextRegion id="region_1719481436419_12"  custom="structure {type:paragraph;}">
      <Coords points="965,511 100,511 90,156 965,153"/>
    </TextRegion>
    <TextRegion id="region_1719481442707_15"  custom="structure {type:heading;}">
      <Coords points="1112,779 85,779 106,625 1112,613"/>
    </TextRegion>
    <TextRegion id="region_1719481446515_18"  custom="structure {type:paragraph;}">
      <Coords points="197,888 119,888 119,794 197,794"/>
    </TextRegion>
    <TextRegion id="region_1719481452811_21"  custom="structure {type:paragraph;}">
      <Coords points="1113,1415 111,1414 118,954 117,896 199,889 197,795 1114,790"/>
    </TextRegion>
    <TextRegion id="region_1719481459639_24"  custom="structure {type:paragraph;}">
      <Coords points="960,1624 100,1636 101,1453 1007,1449"/>
    </TextRegion>
    <TextRegion id="region_1719481462167_27"  custom="structure {type:paragraph;}">
      <Coords points="1103,1680 1016,1679 1016,1596 1103,1597"/>
    </TextRegion>
    <TextRegion id="region_1719481483311_33"  custom="structure {type:l-column;}">
      <Coords points="615,1962 122,1951 122,1731 617,1731"/>
    </TextRegion>
    <TextRegion id="region_1719481488171_36"  custom="structure {type:r-column;}">
      <Coords points="1108,1961 628,1957 628,1720 1108,1724"/>
    </TextRegion>
  </Page>
</PcGts>
