<?xml version="1.0" encoding="UTF-8"  standalone="yes"?>
<PcGts xmlns="http://schema.primaresearch.org/PAGE/gts/pagecontent/2019-07-15" xmlns:xsi="http://www.w3.org/2001/XMLSchema-instance" xsi:schemaLocation="http://schema.primaresearch.org/PAGE/gts/pagecontent/2019-07-15 http://schema.primaresearch.org/PAGE/gts/pagecontent/2019-07-15/pagecontent.xsd">
  <Metadata>
	<Creator>escriptorium</Creator>
	<Created>2025-04-28T19:14:13.134723+00:00</Created>
        <LastChange>2025-04-28T19:14:13.134735+00:00</LastChange>
  </Metadata>
  <Page imageFilename="1771,_Saemtliche_Poetische_Werke,_Bohn,_5._Aufl.,_Bd._2,_VD18_90396766_Seite_032_Bild_0001.jpg" imageWidth="1130" imageHeight="2055">
    <TextRegion id="r1"  custom="structure {type:paragraph;}">
      <Coords points="685,140 394,140 394,58 697,59"/>
    </TextRegion>
    <TextRegion id="r2"  custom="structure {type:paragraph;}">
      <Coords points="1031,144 959,154 959,81 1030,81"/>
    </TextRegion>
    <TextRegion id="r3"  custom="structure {type:paragraph;}">
      <Coords points="714,348 34,348 34,155 741,162"/>
    </TextRegion>
    <TextRegion id="r4"  custom="structure {type:heading;}">
      <Coords points="881,517 174,517 174,420 896,424"/>
    </TextRegion>
    <TextRegion id="r5"  custom="structure {type:paragraph;}">
      <Coords points="183,636 112,636 123,544 183,531"/>
    </TextRegion>
    <TextRegion id="r6"  custom="structure {type:paragraph;}">
      <Coords points="746,1024 116,1024 109,640 113,637 187,641 184,532 746,534"/>
    </TextRegion>
    <TextRegion id="r7"  custom="structure {type:heading;}">
      <Coords points="1032,1175 47,1181 47,1099 1036,1099"/>
    </TextRegion>
    <TextRegion id="r8"  custom="structure {type:paragraph;}">
      <Coords points="204,1290 134,1291 134,1209 204,1208"/>
    </TextRegion>
    <TextRegion id="r9"  custom="structure {type:paragraph;}">
      <Coords points="827,1740 121,1740 126,1330 125,1294 200,1295 202,1204 827,1203"/>
    </TextRegion>
    <TextRegion id="r10"  custom="structure {type:paragraph;}">
      <Coords points="1062,1881 927,1881 925,1785 1060,1785"/>
    </TextRegion>
    <TextRegion id="r11"  custom="structure {type:footnote;}">
      <Coords points="960,1965 59,1965 59,1896 954,1904"/>
    </TextRegion>
  </Page>
</PcGts>
