<?xml version="1.0" encoding="UTF-8"  standalone="yes"?>
<PcGts xmlns="http://schema.primaresearch.org/PAGE/gts/pagecontent/2019-07-15" xmlns:xsi="http://www.w3.org/2001/XMLSchema-instance" xsi:schemaLocation="http://schema.primaresearch.org/PAGE/gts/pagecontent/2019-07-15 http://schema.primaresearch.org/PAGE/gts/pagecontent/2019-07-15/pagecontent.xsd">
  <Metadata>
	<Creator>escriptorium</Creator>
	<Created>2025-04-28T19:14:12.891227+00:00</Created>
        <LastChange>2025-04-28T19:14:12.891248+00:00</LastChange>
  </Metadata>
  <Page imageFilename="1771,_Saemtliche_Poetische_Werke,_Bohn,_5._Aufl.,_Bd._1,_VD18_90396758_Seite_143_Bild_0001.jpg" imageWidth="1194" imageHeight="2044">
    <TextRegion id="region_1719331634818_232"  custom="structure {type:paragraph;}">
      <Coords points="209,123 121,114 107,51 209,51"/>
    </TextRegion>
    <TextRegion id="region_1719331673481_244"  custom="structure {type:paragraph;}">
      <Coords points="946,115 349,115 347,23 907,33"/>
    </TextRegion>
    <TextRegion id="region_1719331679701_247"  custom="structure {type:heading;}">
      <Coords points="734,210 518,205 518,144 756,149"/>
    </TextRegion>
    <TextRegion id="region_1719331640581_235"  custom="structure {type:paragraph;}">
      <Coords points="213,319 129,319 115,227 213,225"/>
    </TextRegion>
    <TextRegion id="region_1719331685181_250"  custom="structure {type:paragraph;}">
      <Coords points="1110,580 94,580 101,375 97,323 220,323 219,215 1110,226"/>
    </TextRegion>
    <TextRegion id="region_1719331689141_253"  custom="structure {type:heading;}">
      <Coords points="839,734 391,734 391,640 861,655"/>
    </TextRegion>
    <TextRegion id="region_1719331643837_238"  custom="structure {type:paragraph;}">
      <Coords points="195,839 118,839 96,743 195,747"/>
    </TextRegion>
    <TextRegion id="region_1719331693425_256"  custom="structure {type:paragraph;}">
      <Coords points="1107,960 108,960 111,846 139,842 192,845 193,739 1110,743"/>
    </TextRegion>
    <TextRegion id="region_1719331698877_259"  custom="structure {type:paragraph;}">
      <Coords points="1117,1132 90,1132 94,997 1121,997"/>
    </TextRegion>
    <TextRegion id="region_1719331646949_241"  custom="structure {type:paragraph;}">
      <Coords points="204,1245 104,1245 96,1155 204,1155"/>
    </TextRegion>
    <TextRegion id="region_1719331702597_262"  custom="structure {type:paragraph;}">
      <Coords points="1081,1353 108,1353 105,1307 102,1246 210,1249 211,1151 1081,1139"/>
    </TextRegion>
    <TextRegion id="region_1719331704961_265"  custom="structure {type:paragraph;}">
      <Coords points="1120,1458 969,1458 970,1391 1142,1382"/>
    </TextRegion>
    <TextRegion id="region_1719331723365_271"  custom="structure {type:l-column;}">
      <Coords points="588,1913 108,1913 108,1468 601,1478"/>
    </TextRegion>
    <TextRegion id="region_1719331727397_274"  custom="structure {type:r-column;}">
      <Coords points="1140,1898 615,1898 613,1473 1138,1473"/>
    </TextRegion>
    <TextRegion id="region_1719331729569_277"  custom="structure {type:paragraph;}">
      <Coords points="1110,1951 959,1959 959,1893 1118,1893"/>
    </TextRegion>
  </Page>
</PcGts>
