<?xml version="1.0" encoding="UTF-8"  standalone="yes"?>
<PcGts xmlns="http://schema.primaresearch.org/PAGE/gts/pagecontent/2019-07-15" xmlns:xsi="http://www.w3.org/2001/XMLSchema-instance" xsi:schemaLocation="http://schema.primaresearch.org/PAGE/gts/pagecontent/2019-07-15 http://schema.primaresearch.org/PAGE/gts/pagecontent/2019-07-15/pagecontent.xsd">
  <Metadata>
	<Creator>escriptorium</Creator>
	<Created>2025-04-28T19:14:12.906016+00:00</Created>
        <LastChange>2025-04-28T19:14:12.906037+00:00</LastChange>
  </Metadata>
  <Page imageFilename="1771,_Saemtliche_Poetische_Werke,_Bohn,_5._Aufl.,_Bd._1,_VD18_90396758_Seite_156_Bild_0001.jpg" imageWidth="1137" imageHeight="2136">
    <TextRegion id="region_1719413452512_15"  custom="structure {type:paragraph;}">
      <Coords points="773,219 228,219 228,146 773,146"/>
    </TextRegion>
    <TextRegion id="region_1719413456847_18"  custom="structure {type:paragraph;}">
      <Coords points="1057,222 945,225 945,156 1035,156"/>
    </TextRegion>
    <TextRegion id="region_1719413462199_21"  custom="structure {type:paragraph;}">
      <Coords points="842,516 56,521 56,239 860,230"/>
    </TextRegion>
    <TextRegion id="region_1719413472119_27"  custom="structure {type:heading;}">
      <Coords points="1046,853 52,853 74,621 1046,608"/>
    </TextRegion>
    <TextRegion id="region_1719413476323_30"  custom="structure {type:paragraph;}">
      <Coords points="140,958 57,958 57,869 140,869"/>
    </TextRegion>
    <TextRegion id="region_1719413481111_33"  custom="structure {type:paragraph;}">
      <Coords points="1018,1078 39,1078 34,1033 32,960 145,961 137,864 1018,862"/>
    </TextRegion>
    <TextRegion id="region_1719413495140_36"  custom="structure {type:heading;}">
      <Coords points="922,1251 163,1251 163,1146 942,1146"/>
    </TextRegion>
    <TextRegion id="region_1719413500704_39"  custom="structure {type:paragraph;}">
      <Coords points="249,1375 172,1375 170,1276 247,1276"/>
    </TextRegion>
    <TextRegion id="region_1719413507736_42"  custom="structure {type:paragraph;}">
      <Coords points="961,1465 154,1465 155,1372 188,1375 246,1376 242,1269 961,1274"/>
    </TextRegion>
    <TextRegion id="region_1719413511192_45"  custom="structure {type:paragraph;}">
      <Coords points="1055,1522 964,1522 964,1433 1079,1434"/>
    </TextRegion>
    <TextRegion id="region_1719413518328_48"  custom="structure {type:l-column;}">
      <Coords points="564,2054 40,2061 51,1536 564,1537"/>
    </TextRegion>
    <TextRegion id="region_1719413527556_51"  custom="structure {type:r-column;}">
      <Coords points="1083,2051 571,2059 571,1539 1071,1531"/>
    </TextRegion>
  </Page>
</PcGts>
