<?xml version="1.0" encoding="UTF-8"  standalone="yes"?>
<PcGts xmlns="http://schema.primaresearch.org/PAGE/gts/pagecontent/2019-07-15" xmlns:xsi="http://www.w3.org/2001/XMLSchema-instance" xsi:schemaLocation="http://schema.primaresearch.org/PAGE/gts/pagecontent/2019-07-15 http://schema.primaresearch.org/PAGE/gts/pagecontent/2019-07-15/pagecontent.xsd">
  <Metadata>
	<Creator>escriptorium</Creator>
	<Created>2025-04-28T19:14:13.125659+00:00</Created>
        <LastChange>2025-04-28T19:14:13.125671+00:00</LastChange>
  </Metadata>
  <Page imageFilename="1771,_Saemtliche_Poetische_Werke,_Bohn,_5._Aufl.,_Bd._1,_VD18_90396758_Seite_114_Bild_0001.jpg" imageWidth="1146" imageHeight="2055">
    <TextRegion id="region_1719330794468_13"  custom="structure {type:paragraph;}">
      <Coords points="1058,177 976,177 970,95 1052,95"/>
    </TextRegion>
    <TextRegion id="region_1719330799194_16"  custom="structure {type:paragraph;}">
      <Coords points="968,287 118,280 109,142 962,142"/>
    </TextRegion>
    <TextRegion id="region_1719330807069_22"  custom="structure {type:heading;}">
      <Coords points="777,440 285,440 295,352 787,352"/>
    </TextRegion>
    <TextRegion id="region_1719330812610_25"  custom="structure {type:paragraph;}">
      <Coords points="1045,609 99,609 97,445 1043,445"/>
    </TextRegion>
    <TextRegion id="region_1719330815419_28"  custom="structure {type:paragraph;}">
      <Coords points="203,789 46,789 55,637 203,628"/>
    </TextRegion>
    <TextRegion id="region_1719330839230_39"  custom="structure {type:paragraph;}">
      <Coords points="1047,908 238,896 31,896 32,793 210,799 210,615 1047,621"/>
    </TextRegion>
    <TextRegion id="region_1719330843158_42"  custom="structure {type:heading;}">
      <Coords points="729,1044 335,1044 337,955 724,971"/>
    </TextRegion>
    <TextRegion id="region_1719330916105_69"  custom="structure {type:paragraph;}">
      <Coords points="156,1163 48,1163 57,1072 156,1067"/>
    </TextRegion>
    <TextRegion id="region_1719330848322_45"  custom="structure {type:paragraph;}">
      <Coords points="1077,1435 38,1433 34,1283 33,1162 155,1170 154,1055 977,1048"/>
    </TextRegion>
    <TextRegion id="region_1719330883742_49"  custom="structure {type:heading;}">
      <Coords points="893,1587 187,1587 198,1496 891,1485"/>
    </TextRegion>
    <TextRegion id="region_1719330885810_52"  custom="structure {type:paragraph;}">
      <Coords points="256,1684 162,1683 162,1594 256,1595"/>
    </TextRegion>
    <TextRegion id="region_1719330889114_55"  custom="structure {type:paragraph;}">
      <Coords points="845,1883 165,1883 156,1687 261,1691 258,1632 263,1587 845,1588"/>
    </TextRegion>
    <TextRegion id="region_1719330891482_58"  custom="structure {type:paragraph;}">
      <Coords points="582,1968 503,1977 503,1918 593,1918"/>
    </TextRegion>
    <TextRegion id="region_1719330893534_61"  custom="structure {type:paragraph;}">
      <Coords points="1062,1990 908,1990 923,1898 1062,1884"/>
    </TextRegion>
  </Page>
</PcGts>
