<?xml version="1.0" encoding="UTF-8"  standalone="yes"?>
<PcGts xmlns="http://schema.primaresearch.org/PAGE/gts/pagecontent/2019-07-15" xmlns:xsi="http://www.w3.org/2001/XMLSchema-instance" xsi:schemaLocation="http://schema.primaresearch.org/PAGE/gts/pagecontent/2019-07-15 http://schema.primaresearch.org/PAGE/gts/pagecontent/2019-07-15/pagecontent.xsd">
  <Metadata>
	<Creator>escriptorium</Creator>
	<Created>2025-04-28T19:14:12.964324+00:00</Created>
        <LastChange>2025-04-28T19:14:12.964344+00:00</LastChange>
  </Metadata>
  <Page imageFilename="1772f.,_Poetische_Werke,_Walthard,_Bd._2,_VD18_90660080_Seite_046_Bild_0001.jpg" imageWidth="800" imageHeight="1446">
    <TextRegion id="region_1740321870018_63"  custom="structure {type:paragraph;}">
      <Coords points="188,147 230,147 231,181 185,179"/>
    </TextRegion>
    <TextRegion id="region_1740321880108_66"  custom="structure {type:paragraph;}">
      <Coords points="313,137 640,138 633,181 303,175"/>
    </TextRegion>
    <TextRegion id="region_1740321894653_69"  custom="structure {type:paragraph;}">
      <Coords points="187,200 761,200 755,246 733,267 607,299 181,301"/>
    </TextRegion>
    <TextRegion id="region_1740321912587_72"  custom="structure {type:paragraph;}">
      <Coords points="245,316 725,326 707,365 607,400 762,416 757,449 632,468 662,496 630,546 176,550 176,343 234,339"/>
    </TextRegion>
    <TextRegion id="region_1740321938552_77"  custom="structure {type:paragraph;}">
      <Coords points="240,561 718,561 716,593 596,650 760,661 751,697 551,760 174,755 171,596 234,589"/>
    </TextRegion>
    <TextRegion id="region_1740321943860_80"  custom="structure {type:paragraph;}">
      <Coords points="685,753 754,756 744,796 682,789"/>
    </TextRegion>
    <TextRegion id="TextRegion_1740324521902_903"  custom="structure {type:l-column;}">
      <Coords points="164,790 459,791 458,852 321,852 288,859 239,859 183,862 164,861"/>
    </TextRegion>
    <TextRegion id="TextRegion_1740324521901_902"  custom="structure {type:l-column;}">
      <Coords points="163,866 180,865 240,861 296,862 321,854 458,854 456,1170 163,1170"/>
    </TextRegion>
    <TextRegion id="region_1740322080652_87"  custom="structure {type:r-column;}">
      <Coords points="467,786 755,799 742,1129 615,1140 466,1133"/>
    </TextRegion>
    <TextRegion id="region_1740322087238_90"  custom="structure {type:paragraph;}">
      <Coords points="715,1147 750,1148 743,1179 711,1174"/>
    </TextRegion>
  </Page>
</PcGts>
