<?xml version="1.0" encoding="UTF-8"  standalone="yes"?>
<PcGts xmlns="http://schema.primaresearch.org/PAGE/gts/pagecontent/2019-07-15" xmlns:xsi="http://www.w3.org/2001/XMLSchema-instance" xsi:schemaLocation="http://schema.primaresearch.org/PAGE/gts/pagecontent/2019-07-15 http://schema.primaresearch.org/PAGE/gts/pagecontent/2019-07-15/pagecontent.xsd">
  <Metadata>
	<Creator>escriptorium</Creator>
	<Created>2025-04-28T19:14:13.069469+00:00</Created>
        <LastChange>2025-04-28T19:14:13.069490+00:00</LastChange>
  </Metadata>
  <Page imageFilename="1772f.,_Poetische_Werke,_Walthard,_Bd._4,_VD18_90660110_Seite_147_Bild_0001.jpg" imageWidth="800" imageHeight="1420">
    <TextRegion id="region_1740323426683_583"  custom="structure {type:paragraph;}">
      <Coords points="249,160 434,162 432,207 238,201"/>
    </TextRegion>
    <TextRegion id="region_1740323430869_586"  custom="structure {type:paragraph;}">
      <Coords points="550,167 626,168 617,208 553,202"/>
    </TextRegion>
    <TextRegion id="region_1740323444736_589"  custom="structure {type:paragraph;}">
      <Coords points="112,259 320,215 614,261 630,351 565,381 57,397 53,281"/>
    </TextRegion>
    <TextRegion id="region_1740323460024_592"  custom="structure {type:paragraph;}">
      <Coords points="283,392 399,392 645,421 503,578 55,582 57,475 118,410"/>
    </TextRegion>
    <TextRegion id="region_1740323479950_595"  custom="structure {type:paragraph;}">
      <Coords points="289,587 390,585 623,620 622,664 491,662 619,695 640,742 602,775 53,773 61,683 115,659 122,616 263,606"/>
    </TextRegion>
    <TextRegion id="region_1740323517773_601"  custom="structure {type:heading;}">
      <Coords points="204,808 477,814 468,850 434,859 426,891 245,891 246,852 193,843"/>
    </TextRegion>
    <TextRegion id="region_1740323537169_604"  custom="structure {type:paragraph;}">
      <Coords points="118,902 126,901 128,893 69,892 66,903 71,918 67,945 127,946 126,940 119,932"/>
    </TextRegion>
    <TextRegion id="region_1740323565198_607"  custom="structure {type:paragraph;}">
      <Coords points="132,901 134,888 266,895 440,898 501,934 473,994 458,1096 406,1160 67,1154 68,955 142,962 121,928 120,905"/>
    </TextRegion>
    <TextRegion id="region_1740323572082_610"  custom="structure {type:paragraph;}">
      <Coords points="533,1147 631,1149 631,1184 531,1180"/>
    </TextRegion>
  </Page>
</PcGts>
