<?xml version="1.0" encoding="UTF-8"  standalone="yes"?>
<PcGts xmlns="http://schema.primaresearch.org/PAGE/gts/pagecontent/2019-07-15" xmlns:xsi="http://www.w3.org/2001/XMLSchema-instance" xsi:schemaLocation="http://schema.primaresearch.org/PAGE/gts/pagecontent/2019-07-15 http://schema.primaresearch.org/PAGE/gts/pagecontent/2019-07-15/pagecontent.xsd">
  <Metadata>
	<Creator>escriptorium</Creator>
	<Created>2025-04-28T19:14:12.986030+00:00</Created>
        <LastChange>2025-04-28T19:14:12.986051+00:00</LastChange>
  </Metadata>
  <Page imageFilename="1772f.,_Poetische_Werke,_Walthard,_Bd._4,_VD18_90660110_Seite_179_Bild_0001.jpg" imageWidth="800" imageHeight="1420">
    <TextRegion id="region_1740323704809_668"  custom="structure {type:heading;}">
      <Coords points="100,291 126,258 555,260 544,306 112,304"/>
    </TextRegion>
    <TextRegion id="region_1740323715925_671"  custom="structure {type:paragraph;}">
      <Coords points="105,337 118,333 108,321 39,327 47,341 64,386 95,386"/>
    </TextRegion>
    <TextRegion id="region_1740323732827_674"  custom="structure {type:paragraph;}">
      <Coords points="111,337 181,324 490,332 495,359 576,364 566,407 489,410 491,464 37,463 40,393 98,392"/>
    </TextRegion>
    <TextRegion id="region_1740323738557_677"  custom="structure {type:paragraph;}">
      <Coords points="557,462 608,460 608,496 553,492"/>
    </TextRegion>
    <TextRegion id="region_1740323770339_680"  custom="structure {type:l-column;}">
      <Coords points="65,507 320,506 332,1089 51,1083 46,530 65,525"/>
    </TextRegion>
    <TextRegion id="region_1740323862114_692"  custom="structure {type:r-column;}">
      <Coords points="563,1092 627,1092 615,509 329,510 342,1089"/>
    </TextRegion>
    <TextRegion id="region_1740323836755_686"  custom="structure {type:paragraph;}">
      <Coords points="563,1093 623,1096 622,1115 553,1114 555,1096"/>
    </TextRegion>
    <TextRegion id="region_1740323881935_701"  custom="structure {type:heading;}">
      <Coords points="75,1101 476,1111 468,1152 73,1145"/>
    </TextRegion>
  </Page>
</PcGts>
