<?xml version="1.0" encoding="UTF-8"  standalone="yes"?>
<PcGts xmlns="http://schema.primaresearch.org/PAGE/gts/pagecontent/2019-07-15" xmlns:xsi="http://www.w3.org/2001/XMLSchema-instance" xsi:schemaLocation="http://schema.primaresearch.org/PAGE/gts/pagecontent/2019-07-15 http://schema.primaresearch.org/PAGE/gts/pagecontent/2019-07-15/pagecontent.xsd">
  <Metadata>
	<Creator>escriptorium</Creator>
	<Created>2025-04-28T19:14:13.031427+00:00</Created>
        <LastChange>2025-04-28T19:14:13.031448+00:00</LastChange>
  </Metadata>
  <Page imageFilename="1772f.,_Poetische_Werke,_Walthard,_Bd._1,_VD18_90660072_Seite_016_Bild_0001.jpg" imageWidth="800" imageHeight="1447">
    <TextRegion id="region_1719318818471_1052"  custom="structure {type:paragraph;}">
      <Coords points="182,139 210,139 208,167 182,168"/>
    </TextRegion>
    <TextRegion id="region_1719318822246_1055"  custom="structure {type:paragraph;}">
      <Coords points="395,130 546,132 558,170 406,170"/>
    </TextRegion>
    <TextRegion id="region_1719318829256_1058"  custom="structure {type:paragraph;}">
      <Coords points="179,193 779,193 783,357 179,370"/>
    </TextRegion>
    <TextRegion id="region_1719318836352_1061"  custom="structure {type:paragraph;}">
      <Coords points="186,402 745,396 780,606 180,606"/>
    </TextRegion>
    <TextRegion id="region_1719318854406_1066"  custom="structure {type:paragraph;}">
      <Coords points="233,660 657,660 657,705 230,701"/>
    </TextRegion>
    <TextRegion id="region_1719318933651_1085"  custom="structure {type:paragraph;}">
      <Coords points="605,1103 753,1103 768,1154 605,1154"/>
    </TextRegion>
  </Page>
</PcGts>
