<?xml version="1.0" encoding="UTF-8"  standalone="yes"?>
<PcGts xmlns="http://schema.primaresearch.org/PAGE/gts/pagecontent/2019-07-15" xmlns:xsi="http://www.w3.org/2001/XMLSchema-instance" xsi:schemaLocation="http://schema.primaresearch.org/PAGE/gts/pagecontent/2019-07-15 http://schema.primaresearch.org/PAGE/gts/pagecontent/2019-07-15/pagecontent.xsd">
  <Metadata>
	<Creator>escriptorium</Creator>
	<Created>2025-04-28T19:14:13.060104+00:00</Created>
        <LastChange>2025-04-28T19:14:13.060124+00:00</LastChange>
  </Metadata>
  <Page imageFilename="1772f.,_Poetische_Werke,_Walthard,_Bd._4,_VD18_90660110_Seite_076_Bild_0001.jpg" imageWidth="800" imageHeight="1420">
    <TextRegion id="region_1740323025052_386"  custom="structure {type:paragraph;}">
      <Coords points="204,141 255,143 246,182 198,178"/>
    </TextRegion>
    <TextRegion id="region_1740323030208_389"  custom="structure {type:paragraph;}">
      <Coords points="397,144 606,145 602,187 363,180 367,144"/>
    </TextRegion>
    <TextRegion id="region_1740323038525_392"  custom="structure {type:paragraph;}">
      <Coords points="258,200 714,203 701,284 642,401 189,401 188,231 252,230"/>
    </TextRegion>
    <TextRegion id="region_1740323083882_409"  custom="structure {type:paragraph;}">
      <Coords points="263,434 712,438 655,643 182,639 187,461 246,460"/>
    </TextRegion>
    <TextRegion id="region_1740323126524_415"  custom="structure {type:heading;}">
      <Coords points="295,737 672,740 659,786 268,780"/>
    </TextRegion>
    <TextRegion id="region_1740323149038_418"  custom="structure {type:paragraph;}">
      <Coords points="212,815 216,815 217,810 191,809 189,863 216,863 217,853 211,830"/>
    </TextRegion>
    <TextRegion id="region_1740323189410_425"  custom="structure {type:paragraph;}">
      <Coords points="217,816 221,813 238,805 556,810 709,845 702,895 640,971 696,1047 664,1073 180,1076 185,876 200,875 226,871 217,843 214,825"/>
    </TextRegion>
    <TextRegion id="region_1740323283278_465"  custom="structure {type:paragraph;}">
      <Coords points="691,1096 753,1105 748,1135 690,1131"/>
    </TextRegion>
  </Page>
</PcGts>
