<?xml version="1.0" encoding="UTF-8"  standalone="yes"?>
<PcGts xmlns="http://schema.primaresearch.org/PAGE/gts/pagecontent/2019-07-15" xmlns:xsi="http://www.w3.org/2001/XMLSchema-instance" xsi:schemaLocation="http://schema.primaresearch.org/PAGE/gts/pagecontent/2019-07-15 http://schema.primaresearch.org/PAGE/gts/pagecontent/2019-07-15/pagecontent.xsd">
  <Metadata>
	<Creator>escriptorium</Creator>
	<Created>2025-04-28T19:14:13.039655+00:00</Created>
        <LastChange>2025-04-28T19:14:13.039676+00:00</LastChange>
  </Metadata>
  <Page imageFilename="1772f.,_Poetische_Werke,_Walthard,_Bd._1,_VD18_90660072_Seite_048_Bild_0001.jpg" imageWidth="800" imageHeight="1447">
    <TextRegion id="region_1719319251980_1111"  custom="structure {type:paragraph;}">
      <Coords points="155,149 201,147 201,182 147,182"/>
    </TextRegion>
    <TextRegion id="region_1719319257107_1114"  custom="structure {type:paragraph;}">
      <Coords points="588,171 311,181 323,135 588,136"/>
    </TextRegion>
    <TextRegion id="region_1719319270759_1118"  custom="structure {type:paragraph;}">
      <Coords points="152,199 754,197 754,470 160,468"/>
    </TextRegion>
    <TextRegion id="TextRegion_1720986586438_122"  custom="structure {type:paragraph;}">
      <Coords points="147,515 754,506 763,815 634,815 634,858 634,860 168,857"/>
    </TextRegion>
    <TextRegion id="TextRegion_1720986586437_121"  custom="structure {type:paragraph;}">
      <Coords points="643,824 772,824 763,855 643,869 643,867"/>
    </TextRegion>
    <TextRegion id="region_1719319288456_1124"  custom="structure {type:footnote;}">
      <Coords points="250,901 653,901 643,998 250,1002"/>
    </TextRegion>
    <TextRegion id="TextRegion_1720986620506_131"  custom="structure {type:footnote;}">
      <Coords points="246,1021 623,1024 643,1092 611,1109 591,1127 244,1128"/>
    </TextRegion>
    <TextRegion id="TextRegion_1720986620506_130"  custom="structure {type:paragraph;}">
      <Coords points="696,1134 770,1135 770,1164 703,1164 687,1158"/>
    </TextRegion>
  </Page>
</PcGts>
