<?xml version="1.0" encoding="UTF-8"  standalone="yes"?>
<PcGts xmlns="http://schema.primaresearch.org/PAGE/gts/pagecontent/2019-07-15" xmlns:xsi="http://www.w3.org/2001/XMLSchema-instance" xsi:schemaLocation="http://schema.primaresearch.org/PAGE/gts/pagecontent/2019-07-15 http://schema.primaresearch.org/PAGE/gts/pagecontent/2019-07-15/pagecontent.xsd">
  <Metadata>
	<Creator>escriptorium</Creator>
	<Created>2025-04-28T19:14:12.995901+00:00</Created>
        <LastChange>2025-04-28T19:14:12.995922+00:00</LastChange>
  </Metadata>
  <Page imageFilename="1772f.,_Poetische_Werke,_Walthard,_Bd._5,_VD18_90660129_Seite_052_Bild_0001.jpg" imageWidth="800" imageHeight="1458">
    <TextRegion id="region_1740324159944_764"  custom="structure {type:paragraph;}">
      <Coords points="190,179 236,182 231,219 184,215"/>
    </TextRegion>
    <TextRegion id="region_1740324164706_767"  custom="structure {type:paragraph;}">
      <Coords points="287,168 701,167 690,209 272,211"/>
    </TextRegion>
    <TextRegion id="region_1740324182818_770"  custom="structure {type:paragraph;}">
      <Coords points="313,233 702,236 699,273 532,285 544,332 664,340 661,369 313,373 321,298"/>
    </TextRegion>
    <TextRegion id="region_1740324197092_773"  custom="structure {type:paragraph;}">
      <Coords points="244,382 784,381 776,592 303,590 291,619 165,625 178,415 219,417"/>
    </TextRegion>
    <TextRegion id="region_1740324220218_776"  custom="structure {type:paragraph;}">
      <Coords points="243,634 775,632 764,926 477,931 444,940 168,938 169,670 240,672"/>
    </TextRegion>
    <TextRegion id="region_1740324227517_779"  custom="structure {type:paragraph;}">
      <Coords points="692,932 768,934 764,965 679,964"/>
    </TextRegion>
    <TextRegion id="region_1740324287077_799"  custom="structure {type:l-column;}">
      <Coords points="204,986 334,986 334,1012 204,1013"/>
    </TextRegion>
    <TextRegion id="region_1740324315767_802"  custom="structure {type:l-column;}">
      <Coords points="211,1014 318,1014 428,1011 463,1015 460,1035 439,1038 410,1039 404,1038 239,1037 223,1043 216,1039 208,1038"/>
    </TextRegion>
    <TextRegion id="region_1740324335746_805"  custom="structure {type:l-column;}">
      <Coords points="208,1042 223,1047 241,1044 252,1039 403,1039 422,1041 460,1041 459,1064 444,1066 201,1065 202,1057"/>
    </TextRegion>
    <TextRegion id="region_1740324257886_785"  custom="structure {type:l-column;}">
      <Coords points="191,1070 463,1070 466,1165 170,1168 172,1097 187,1093"/>
    </TextRegion>
    <TextRegion id="region_1740324359810_808"  custom="structure {type:r-column;}">
      <Coords points="475,1156 627,1152 712,1151 757,1151 768,980 472,982"/>
    </TextRegion>
    <TextRegion id="region_1740324371879_811"  custom="structure {type:paragraph;}">
      <Coords points="689,1159 709,1153 754,1156 759,1161 757,1178 689,1181 691,1167"/>
    </TextRegion>
  </Page>
</PcGts>
