<mets xmlns="http://www.loc.gov/METS/" xmlns:xlink="http://www.w3.org/1999/xlink">
  <fileSec>
    
    <fileGrp USE="image">
      
        <file ID="image1">
          <FLocat xlink:href="0012.jpg"/>
        </file>
      
        <file ID="image2">
          <FLocat xlink:href="0044.jpg"/>
        </file>
      
        <file ID="image3">
          <FLocat xlink:href="1764,_Saemtliche_Poetische_Werke,_Bohn,_3._Aufl.,_Bd._1,_VD18_80365027_Seite_158_Bild_0001.jpg"/>
        </file>
      
        <file ID="image4">
          <FLocat xlink:href="1764,_Saemtliche_Poetische_Werke,_Bohn,_3._Aufl.,_Bd._3,_VD18_80365043_Seite_171_Bild_0001.jpg"/>
        </file>
      
        <file ID="image5">
          <FLocat xlink:href="1764,_Saemtliche_Poetische_Werke,_Bohn,_3._Aufl.,_Bd._3,_VD18_80365043_Seite_181_Bild_0001.jpg"/>
        </file>
      
        <file ID="image6">
          <FLocat xlink:href="1769,_Saemtliche_Poetische_Werke,_Bohn,_4._Aufl.,_Bd._1,_VD18_90481097_Seite_073_Bild_0001.jpg"/>
        </file>
      
        <file ID="image7">
          <FLocat xlink:href="1769,_Saemtliche_Poetische_Werke,_Bohn,_4._Aufl.,_Bd._2,_VD18_90481100_Seite_027_Bild_0001.jpg"/>
        </file>
      
        <file ID="image8">
          <FLocat xlink:href="1769,_Saemtliche_Poetische_Werke,_Bohn,_4._Aufl.,_Bd._2,_VD18_90481100_Seite_042_Bild_0001.jpg"/>
        </file>
      
        <file ID="image9">
          <FLocat xlink:href="1769,_Saemtliche_Poetische_Werke,_Bohn,_4._Aufl.,_Bd._2,_VD18_90481100_Seite_093_Bild_0001.jpg"/>
        </file>
      
        <file ID="image10">
          <FLocat xlink:href="1769,_Saemtliche_Poetische_Werke,_Bohn,_4._Aufl.,_Bd._2,_VD18_90481100_Seite_260_Bild_0001.jpg"/>
        </file>
      
        <file ID="image11">
          <FLocat xlink:href="1769,_Saemtliche_Poetische_Werke,_Bohn,_4._Aufl.,_Bd._2,_VD18_90481100_Seite_291_Bild_0001.jpg"/>
        </file>
      
        <file ID="image12">
          <FLocat xlink:href="1769,_Saemtliche_Poetische_Werke,_Bohn,_4._Aufl.,_Bd._3,_VD18_90481127_Seite_008_Bild_0001.jpg"/>
        </file>
      
        <file ID="image13">
          <FLocat xlink:href="1769,_Saemtliche_Poetische_Werke,_Bohn,_4._Aufl.,_Bd._3,_VD18_90481127_Seite_031_Bild_0001.jpg"/>
        </file>
      
        <file ID="image14">
          <FLocat xlink:href="1769,_Saemtliche_Poetische_Werke,_Bohn,_4._Aufl.,_Bd._3,_VD18_90481127_Seite_240_Bild_0001.jpg"/>
        </file>
      
        <file ID="image15">
          <FLocat xlink:href="1771,_Saemtliche_Poetische_Werke,_Bohn,_5._Aufl.,_Bd._1,_VD18_90396758_Seite_143_Bild_0001.jpg"/>
        </file>
      
        <file ID="image16">
          <FLocat xlink:href="1771,_Saemtliche_Poetische_Werke,_Bohn,_5._Aufl.,_Bd._1,_VD18_90396758_Seite_156_Bild_0001.jpg"/>
        </file>
      
        <file ID="image17">
          <FLocat xlink:href="1771,_Saemtliche_Poetische_Werke,_Bohn,_5._Aufl.,_Bd._2,_VD18_90396766_Seite_065_Bild_0001.jpg"/>
        </file>
      
        <file ID="image18">
          <FLocat xlink:href="1771,_Saemtliche_Poetische_Werke,_Bohn,_5._Aufl.,_Bd._2,_VD18_90396766_Seite_088_Bild_0001.jpg"/>
        </file>
      
        <file ID="image19">
          <FLocat xlink:href="1771,_Saemtliche_Poetische_Werke,_Bohn,_5._Aufl.,_Bd._3,_VD18_90396774_Seite_067_Bild_0001.jpg"/>
        </file>
      
        <file ID="image20">
          <FLocat xlink:href="1772f.,_Poetische_Werke,_Walthard,_Bd._1,_VD18_90660072_Seite_012_Bild_0001.jpg"/>
        </file>
      
        <file ID="image21">
          <FLocat xlink:href="1772f.,_Poetische_Werke,_Walthard,_Bd._2,_VD18_90660080_Seite_046_Bild_0001.jpg"/>
        </file>
      
        <file ID="image22">
          <FLocat xlink:href="1772f.,_Poetische_Werke,_Walthard,_Bd._2,_VD18_90660080_Seite_134_Bild_0001.jpg"/>
        </file>
      
        <file ID="image23">
          <FLocat xlink:href="1772f.,_Poetische_Werke,_Walthard,_Bd._4,_VD18_90660110_Seite_179_Bild_0001.jpg"/>
        </file>
      
        <file ID="image24">
          <FLocat xlink:href="1772f.,_Poetische_Werke,_Walthard,_Bd._5,_VD18_90660129_Seite_052_Bild_0001.jpg"/>
        </file>
      
        <file ID="image25">
          <FLocat xlink:href="1772f.,_Poetische_Werke,_Walthard,_Bd._5,_VD18_90660129_Seite_107_Bild_0001.jpg"/>
        </file>
      
        <file ID="image26">
          <FLocat xlink:href="1771,_Saemtliche_Poetische_Werke,_Bohn,_5._Aufl.,_Bd._3,_VD18_90396774_Seite_047_Bild_0001.jpg"/>
        </file>
      
        <file ID="image27">
          <FLocat xlink:href="1772f.,_Poetische_Werke,_Walthard,_Bd._1,_VD18_90660072_Seite_016_Bild_0001.jpg"/>
        </file>
      
        <file ID="image28">
          <FLocat xlink:href="1772f.,_Poetische_Werke,_Walthard,_Bd._1,_VD18_90660072_Seite_048_Bild_0001.jpg"/>
        </file>
      
        <file ID="image29">
          <FLocat xlink:href="1772f.,_Poetische_Werke,_Walthard,_Bd._2,_VD18_90660080_Seite_156_Bild_0001.jpg"/>
        </file>
      
        <file ID="image30">
          <FLocat xlink:href="1772f.,_Poetische_Werke,_Walthard,_Bd._4,_VD18_90660110_Seite_076_Bild_0001.jpg"/>
        </file>
      
        <file ID="image31">
          <FLocat xlink:href="1772f.,_Poetische_Werke,_Walthard,_Bd._4,_VD18_90660110_Seite_147_Bild_0001.jpg"/>
        </file>
      
        <file ID="image32">
          <FLocat xlink:href="1772f.,_Poetische_Werke,_Walthard,_Bd._5,_VD18_90660129_Seite_044_Bild_0001.jpg"/>
        </file>
      
        <file ID="image33">
          <FLocat xlink:href="1764,_Saemtliche_Poetische_Werke,_Bohn,_3._Aufl.,_Bd._1,_VD18_80365027_Seite_157_Bild_0001.jpg"/>
        </file>
      
        <file ID="image34">
          <FLocat xlink:href="1769,_Saemtliche_Poetische_Werke,_Bohn,_4._Aufl.,_Bd._3,_VD18_90481127_Seite_100_Bild_0001.jpg"/>
        </file>
      
        <file ID="image35">
          <FLocat xlink:href="1771,_Saemtliche_Poetische_Werke,_Bohn,_5._Aufl.,_Bd._1,_VD18_90396758_Seite_031_Bild_0001.jpg"/>
        </file>
      
        <file ID="image36">
          <FLocat xlink:href="1771,_Saemtliche_Poetische_Werke,_Bohn,_5._Aufl.,_Bd._1,_VD18_90396758_Seite_032_Bild_0001.jpg"/>
        </file>
      
        <file ID="image37">
          <FLocat xlink:href="1771,_Saemtliche_Poetische_Werke,_Bohn,_5._Aufl.,_Bd._1,_VD18_90396758_Seite_114_Bild_0001.jpg"/>
        </file>
      
        <file ID="image38">
          <FLocat xlink:href="1771,_Saemtliche_Poetische_Werke,_Bohn,_5._Aufl.,_Bd._2,_VD18_90396766_Seite_032_Bild_0001.jpg"/>
        </file>
      
        <file ID="image39">
          <FLocat xlink:href="1771,_Saemtliche_Poetische_Werke,_Bohn,_5._Aufl.,_Bd._3,_VD18_90396774_Seite_025_Bild_0001.jpg"/>
        </file>
      
    </fileGrp>
    
    <fileGrp USE="export">
      
        <file ID="export1">
          <FLocat xlink:href="0012.xml"/>
        </file>
      
        <file ID="export2">
          <FLocat xlink:href="0044.xml"/>
        </file>
      
        <file ID="export3">
          <FLocat xlink:href="1764,_Saemtliche_Poetische_Werke,_Bohn,_3._Aufl.,_Bd._1,_VD18_80365027_Seite_158_Bild_0001.xml"/>
        </file>
      
        <file ID="export4">
          <FLocat xlink:href="1764,_Saemtliche_Poetische_Werke,_Bohn,_3._Aufl.,_Bd._3,_VD18_80365043_Seite_171_Bild_0001.xml"/>
        </file>
      
        <file ID="export5">
          <FLocat xlink:href="1764,_Saemtliche_Poetische_Werke,_Bohn,_3._Aufl.,_Bd._3,_VD18_80365043_Seite_181_Bild_0001.xml"/>
        </file>
      
        <file ID="export6">
          <FLocat xlink:href="1769,_Saemtliche_Poetische_Werke,_Bohn,_4._Aufl.,_Bd._1,_VD18_90481097_Seite_073_Bild_0001.xml"/>
        </file>
      
        <file ID="export7">
          <FLocat xlink:href="1769,_Saemtliche_Poetische_Werke,_Bohn,_4._Aufl.,_Bd._2,_VD18_90481100_Seite_027_Bild_0001.xml"/>
        </file>
      
        <file ID="export8">
          <FLocat xlink:href="1769,_Saemtliche_Poetische_Werke,_Bohn,_4._Aufl.,_Bd._2,_VD18_90481100_Seite_042_Bild_0001.xml"/>
        </file>
      
        <file ID="export9">
          <FLocat xlink:href="1769,_Saemtliche_Poetische_Werke,_Bohn,_4._Aufl.,_Bd._2,_VD18_90481100_Seite_093_Bild_0001.xml"/>
        </file>
      
        <file ID="export10">
          <FLocat xlink:href="1769,_Saemtliche_Poetische_Werke,_Bohn,_4._Aufl.,_Bd._2,_VD18_90481100_Seite_260_Bild_0001.xml"/>
        </file>
      
        <file ID="export11">
          <FLocat xlink:href="1769,_Saemtliche_Poetische_Werke,_Bohn,_4._Aufl.,_Bd._2,_VD18_90481100_Seite_291_Bild_0001.xml"/>
        </file>
      
        <file ID="export12">
          <FLocat xlink:href="1769,_Saemtliche_Poetische_Werke,_Bohn,_4._Aufl.,_Bd._3,_VD18_90481127_Seite_008_Bild_0001.xml"/>
        </file>
      
        <file ID="export13">
          <FLocat xlink:href="1769,_Saemtliche_Poetische_Werke,_Bohn,_4._Aufl.,_Bd._3,_VD18_90481127_Seite_031_Bild_0001.xml"/>
        </file>
      
        <file ID="export14">
          <FLocat xlink:href="1769,_Saemtliche_Poetische_Werke,_Bohn,_4._Aufl.,_Bd._3,_VD18_90481127_Seite_240_Bild_0001.xml"/>
        </file>
      
        <file ID="export15">
          <FLocat xlink:href="1771,_Saemtliche_Poetische_Werke,_Bohn,_5._Aufl.,_Bd._1,_VD18_90396758_Seite_143_Bild_0001.xml"/>
        </file>
      
        <file ID="export16">
          <FLocat xlink:href="1771,_Saemtliche_Poetische_Werke,_Bohn,_5._Aufl.,_Bd._1,_VD18_90396758_Seite_156_Bild_0001.xml"/>
        </file>
      
        <file ID="export17">
          <FLocat xlink:href="1771,_Saemtliche_Poetische_Werke,_Bohn,_5._Aufl.,_Bd._2,_VD18_90396766_Seite_065_Bild_0001.xml"/>
        </file>
      
        <file ID="export18">
          <FLocat xlink:href="1771,_Saemtliche_Poetische_Werke,_Bohn,_5._Aufl.,_Bd._2,_VD18_90396766_Seite_088_Bild_0001.xml"/>
        </file>
      
        <file ID="export19">
          <FLocat xlink:href="1771,_Saemtliche_Poetische_Werke,_Bohn,_5._Aufl.,_Bd._3,_VD18_90396774_Seite_067_Bild_0001.xml"/>
        </file>
      
        <file ID="export20">
          <FLocat xlink:href="1772f.,_Poetische_Werke,_Walthard,_Bd._1,_VD18_90660072_Seite_012_Bild_0001.xml"/>
        </file>
      
        <file ID="export21">
          <FLocat xlink:href="1772f.,_Poetische_Werke,_Walthard,_Bd._2,_VD18_90660080_Seite_046_Bild_0001.xml"/>
        </file>
      
        <file ID="export22">
          <FLocat xlink:href="1772f.,_Poetische_Werke,_Walthard,_Bd._2,_VD18_90660080_Seite_134_Bild_0001.xml"/>
        </file>
      
        <file ID="export23">
          <FLocat xlink:href="1772f.,_Poetische_Werke,_Walthard,_Bd._4,_VD18_90660110_Seite_179_Bild_0001.xml"/>
        </file>
      
        <file ID="export24">
          <FLocat xlink:href="1772f.,_Poetische_Werke,_Walthard,_Bd._5,_VD18_90660129_Seite_052_Bild_0001.xml"/>
        </file>
      
        <file ID="export25">
          <FLocat xlink:href="1772f.,_Poetische_Werke,_Walthard,_Bd._5,_VD18_90660129_Seite_107_Bild_0001.xml"/>
        </file>
      
        <file ID="export26">
          <FLocat xlink:href="1771,_Saemtliche_Poetische_Werke,_Bohn,_5._Aufl.,_Bd._3,_VD18_90396774_Seite_047_Bild_0001.xml"/>
        </file>
      
        <file ID="export27">
          <FLocat xlink:href="1772f.,_Poetische_Werke,_Walthard,_Bd._1,_VD18_90660072_Seite_016_Bild_0001.xml"/>
        </file>
      
        <file ID="export28">
          <FLocat xlink:href="1772f.,_Poetische_Werke,_Walthard,_Bd._1,_VD18_90660072_Seite_048_Bild_0001.xml"/>
        </file>
      
        <file ID="export29">
          <FLocat xlink:href="1772f.,_Poetische_Werke,_Walthard,_Bd._2,_VD18_90660080_Seite_156_Bild_0001.xml"/>
        </file>
      
        <file ID="export30">
          <FLocat xlink:href="1772f.,_Poetische_Werke,_Walthard,_Bd._4,_VD18_90660110_Seite_076_Bild_0001.xml"/>
        </file>
      
        <file ID="export31">
          <FLocat xlink:href="1772f.,_Poetische_Werke,_Walthard,_Bd._4,_VD18_90660110_Seite_147_Bild_0001.xml"/>
        </file>
      
        <file ID="export32">
          <FLocat xlink:href="1772f.,_Poetische_Werke,_Walthard,_Bd._5,_VD18_90660129_Seite_044_Bild_0001.xml"/>
        </file>
      
        <file ID="export33">
          <FLocat xlink:href="1764,_Saemtliche_Poetische_Werke,_Bohn,_3._Aufl.,_Bd._1,_VD18_80365027_Seite_157_Bild_0001.xml"/>
        </file>
      
        <file ID="export34">
          <FLocat xlink:href="1769,_Saemtliche_Poetische_Werke,_Bohn,_4._Aufl.,_Bd._3,_VD18_90481127_Seite_100_Bild_0001.xml"/>
        </file>
      
        <file ID="export35">
          <FLocat xlink:href="1771,_Saemtliche_Poetische_Werke,_Bohn,_5._Aufl.,_Bd._1,_VD18_90396758_Seite_031_Bild_0001.xml"/>
        </file>
      
        <file ID="export36">
          <FLocat xlink:href="1771,_Saemtliche_Poetische_Werke,_Bohn,_5._Aufl.,_Bd._1,_VD18_90396758_Seite_032_Bild_0001.xml"/>
        </file>
      
        <file ID="export37">
          <FLocat xlink:href="1771,_Saemtliche_Poetische_Werke,_Bohn,_5._Aufl.,_Bd._1,_VD18_90396758_Seite_114_Bild_0001.xml"/>
        </file>
      
        <file ID="export38">
          <FLocat xlink:href="1771,_Saemtliche_Poetische_Werke,_Bohn,_5._Aufl.,_Bd._2,_VD18_90396766_Seite_032_Bild_0001.xml"/>
        </file>
      
        <file ID="export39">
          <FLocat xlink:href="1771,_Saemtliche_Poetische_Werke,_Bohn,_5._Aufl.,_Bd._3,_VD18_90396774_Seite_025_Bild_0001.xml"/>
        </file>
      
    </fileGrp>
  </fileSec>
  <structMap TYPE="physical">
    <div TYPE="document">
      
      <div TYPE="page">
        <fptr FILEID="image1"/>
        <fptr FILEID="export1"/>
      </div>
      
      <div TYPE="page">
        <fptr FILEID="image2"/>
        <fptr FILEID="export2"/>
      </div>
      
      <div TYPE="page">
        <fptr FILEID="image3"/>
        <fptr FILEID="export3"/>
      </div>
      
      <div TYPE="page">
        <fptr FILEID="image4"/>
        <fptr FILEID="export4"/>
      </div>
      
      <div TYPE="page">
        <fptr FILEID="image5"/>
        <fptr FILEID="export5"/>
      </div>
      
      <div TYPE="page">
        <fptr FILEID="image6"/>
        <fptr FILEID="export6"/>
      </div>
      
      <div TYPE="page">
        <fptr FILEID="image7"/>
        <fptr FILEID="export7"/>
      </div>
      
      <div TYPE="page">
        <fptr FILEID="image8"/>
        <fptr FILEID="export8"/>
      </div>
      
      <div TYPE="page">
        <fptr FILEID="image9"/>
        <fptr FILEID="export9"/>
      </div>
      
      <div TYPE="page">
        <fptr FILEID="image10"/>
        <fptr FILEID="export10"/>
      </div>
      
      <div TYPE="page">
        <fptr FILEID="image11"/>
        <fptr FILEID="export11"/>
      </div>
      
      <div TYPE="page">
        <fptr FILEID="image12"/>
        <fptr FILEID="export12"/>
      </div>
      
      <div TYPE="page">
        <fptr FILEID="image13"/>
        <fptr FILEID="export13"/>
      </div>
      
      <div TYPE="page">
        <fptr FILEID="image14"/>
        <fptr FILEID="export14"/>
      </div>
      
      <div TYPE="page">
        <fptr FILEID="image15"/>
        <fptr FILEID="export15"/>
      </div>
      
      <div TYPE="page">
        <fptr FILEID="image16"/>
        <fptr FILEID="export16"/>
      </div>
      
      <div TYPE="page">
        <fptr FILEID="image17"/>
        <fptr FILEID="export17"/>
      </div>
      
      <div TYPE="page">
        <fptr FILEID="image18"/>
        <fptr FILEID="export18"/>
      </div>
      
      <div TYPE="page">
        <fptr FILEID="image19"/>
        <fptr FILEID="export19"/>
      </div>
      
      <div TYPE="page">
        <fptr FILEID="image20"/>
        <fptr FILEID="export20"/>
      </div>
      
      <div TYPE="page">
        <fptr FILEID="image21"/>
        <fptr FILEID="export21"/>
      </div>
      
      <div TYPE="page">
        <fptr FILEID="image22"/>
        <fptr FILEID="export22"/>
      </div>
      
      <div TYPE="page">
        <fptr FILEID="image23"/>
        <fptr FILEID="export23"/>
      </div>
      
      <div TYPE="page">
        <fptr FILEID="image24"/>
        <fptr FILEID="export24"/>
      </div>
      
      <div TYPE="page">
        <fptr FILEID="image25"/>
        <fptr FILEID="export25"/>
      </div>
      
      <div TYPE="page">
        <fptr FILEID="image26"/>
        <fptr FILEID="export26"/>
      </div>
      
      <div TYPE="page">
        <fptr FILEID="image27"/>
        <fptr FILEID="export27"/>
      </div>
      
      <div TYPE="page">
        <fptr FILEID="image28"/>
        <fptr FILEID="export28"/>
      </div>
      
      <div TYPE="page">
        <fptr FILEID="image29"/>
        <fptr FILEID="export29"/>
      </div>
      
      <div TYPE="page">
        <fptr FILEID="image30"/>
        <fptr FILEID="export30"/>
      </div>
      
      <div TYPE="page">
        <fptr FILEID="image31"/>
        <fptr FILEID="export31"/>
      </div>
      
      <div TYPE="page">
        <fptr FILEID="image32"/>
        <fptr FILEID="export32"/>
      </div>
      
      <div TYPE="page">
        <fptr FILEID="image33"/>
        <fptr FILEID="export33"/>
      </div>
      
      <div TYPE="page">
        <fptr FILEID="image34"/>
        <fptr FILEID="export34"/>
      </div>
      
      <div TYPE="page">
        <fptr FILEID="image35"/>
        <fptr FILEID="export35"/>
      </div>
      
      <div TYPE="page">
        <fptr FILEID="image36"/>
        <fptr FILEID="export36"/>
      </div>
      
      <div TYPE="page">
        <fptr FILEID="image37"/>
        <fptr FILEID="export37"/>
      </div>
      
      <div TYPE="page">
        <fptr FILEID="image38"/>
        <fptr FILEID="export38"/>
      </div>
      
      <div TYPE="page">
        <fptr FILEID="image39"/>
        <fptr FILEID="export39"/>
      </div>
      
    </div>
  </structMap>
</mets>
