<?xml version="1.0" encoding="UTF-8"  standalone="yes"?>
<PcGts xmlns="http://schema.primaresearch.org/PAGE/gts/pagecontent/2019-07-15" xmlns:xsi="http://www.w3.org/2001/XMLSchema-instance" xsi:schemaLocation="http://schema.primaresearch.org/PAGE/gts/pagecontent/2019-07-15 http://schema.primaresearch.org/PAGE/gts/pagecontent/2019-07-15/pagecontent.xsd">
  <Metadata>
	<Creator>escriptorium</Creator>
	<Created>2024-07-13T11:19:38.432063+00:00</Created>
        <LastChange>2024-07-13T11:19:38.432083+00:00</LastChange>
  </Metadata>
  <Page imageFilename="1775-Saemmtliche_Poetische_Werke_Schmieder_Bd_3_VD18_90914295_NEU-004.png" imageWidth="649" imageHeight="1102">
    <TextRegion id="region_1719906681932_8"  custom="structure {type:heading;}">
      <Coords points="198,296 193,252 395,241 398,286"/>
    </TextRegion>
    <TextRegion id="region_1719906718847_11"  custom="structure {type:drop-capital;}">
      <Coords points="81,315 84,393 125,401 152,387 153,356 140,343 148,319 133,310"/>
    </TextRegion>
    <TextRegion id="region_1719906753945_14"  custom="structure {type:paragraph;}">
      <Coords points="151,322 143,339 159,363 158,390 125,405 78,399 77,808 538,785 525,306 272,317"/>
    </TextRegion>
    <TextRegion id="region_1719906809492_24"  custom="structure {type:signature-mark;}">
      <Coords points="291,819 289,802 343,801 342,820"/>
    </TextRegion>
    <TextRegion id="region_1719906817944_27"  custom="structure {type:catch-word;}">
      <Coords points="486,810 492,787 534,788 529,810"/>
    </TextRegion>
    <TextRegion id="region_1720087038450_334"  custom="structure {type:footnote;}">
      <Coords points="79,828 275,825 569,814 564,965 80,961"/>
    </TextRegion>
  </Page>
</PcGts>
