<?xml version="1.0" encoding="UTF-8"  standalone="yes"?>
<PcGts xmlns="http://schema.primaresearch.org/PAGE/gts/pagecontent/2019-07-15" xmlns:xsi="http://www.w3.org/2001/XMLSchema-instance" xsi:schemaLocation="http://schema.primaresearch.org/PAGE/gts/pagecontent/2019-07-15 http://schema.primaresearch.org/PAGE/gts/pagecontent/2019-07-15/pagecontent.xsd">
  <Metadata>
	<Creator>escriptorium</Creator>
	<Created>2024-07-13T11:19:39.516655+00:00</Created>
        <LastChange>2024-07-13T11:19:39.516693+00:00</LastChange>
  </Metadata>
  <Page imageFilename="1775-Saemmtliche_Poetische_Werke_Schmieder_Bd_3_VD18_90914295_NEU-170.png" imageWidth="649" imageHeight="1102">
    <TextRegion id="region_1720087624355_448"  custom="structure {type:header;}">
      <Coords points="199,103 200,132 359,128 360,95 223,98"/>
    </TextRegion>
    <TextRegion id="region_1720087632633_451"  custom="structure {type:page-number;}">
      <Coords points="459,100 457,125 507,120 502,96"/>
    </TextRegion>
    <TextRegion id="region_1720087648292_454"  custom="structure {type:paragraph;}">
      <Coords points="61,153 67,259 411,243 389,131 73,146"/>
    </TextRegion>
    <TextRegion id="region_1720087693522_457"  custom="structure {type:paragraph;}">
      <Coords points="62,266 64,528 455,512 404,249 286,253 240,254 189,257 148,260 134,258 101,261"/>
    </TextRegion>
    <TextRegion id="region_1720087716355_460"  custom="structure {type:paragraph;}">
      <Coords points="66,544 65,642 440,630 434,520 384,519 250,525 171,526 106,530"/>
    </TextRegion>
    <TextRegion id="region_1720087594822_445"  custom="structure {type:catch-word;}">
      <Coords points="456,626 458,650 510,649 509,625"/>
    </TextRegion>
    <TextRegion id="region_1720087587436_442"  custom="structure {type:footnote;}">
      <Coords points="55,667 56,940 552,946 545,654 93,659"/>
    </TextRegion>
  </Page>
</PcGts>
