<?xml version="1.0" encoding="UTF-8"  standalone="yes"?>
<PcGts xmlns="http://schema.primaresearch.org/PAGE/gts/pagecontent/2019-07-15" xmlns:xsi="http://www.w3.org/2001/XMLSchema-instance" xsi:schemaLocation="http://schema.primaresearch.org/PAGE/gts/pagecontent/2019-07-15 http://schema.primaresearch.org/PAGE/gts/pagecontent/2019-07-15/pagecontent.xsd">
  <Metadata>
	<Creator>escriptorium</Creator>
	<Created>2024-07-13T11:19:40.276934+00:00</Created>
        <LastChange>2024-07-13T11:19:40.276959+00:00</LastChange>
  </Metadata>
  <Page imageFilename="1775-Saemmtliche_Poetische_Werke_Schmieder_Bd_3_VD18_90914295_NEU-197.png" imageWidth="650" imageHeight="1102">
    <TextRegion id="region_1720088214449_540"  custom="structure {type:page-number;}">
      <Coords points="124,99 126,124 170,126 176,96 146,93"/>
    </TextRegion>
    <TextRegion id="region_1720088254013_543"  custom="structure {type:header;}">
      <Coords points="194,95 194,123 517,132 519,96 218,89"/>
    </TextRegion>
    <TextRegion id="region_1720088265332_546"  custom="structure {type:poem_lg;}">
      <Coords points="173,136 170,245 428,250 433,229 490,169 419,139"/>
    </TextRegion>
    <TextRegion id="region_1720088285289_549"  custom="structure {type:paragraph;}">
      <Coords points="114,251 571,259 572,575 482,587 100,581"/>
    </TextRegion>
    <TextRegion id="region_1720088315092_552"  custom="structure {type:paragraph;}">
      <Coords points="123,591 110,649 572,650 567,591 282,588"/>
    </TextRegion>
    <TextRegion id="region_1720088330668_555"  custom="structure {type:catch-word;}">
      <Coords points="521,654 518,674 562,676 558,654 527,652"/>
    </TextRegion>
    <TextRegion id="region_1720088343999_558"  custom="structure {type:footnote;}">
      <Coords points="105,681 578,682 588,979 98,978"/>
    </TextRegion>
  </Page>
</PcGts>
