<?xml version="1.0" encoding="UTF-8"  standalone="yes"?>
<PcGts xmlns="http://schema.primaresearch.org/PAGE/gts/pagecontent/2019-07-15" xmlns:xsi="http://www.w3.org/2001/XMLSchema-instance" xsi:schemaLocation="http://schema.primaresearch.org/PAGE/gts/pagecontent/2019-07-15 http://schema.primaresearch.org/PAGE/gts/pagecontent/2019-07-15/pagecontent.xsd">
  <Metadata>
	<Creator>escriptorium</Creator>
	<Created>2024-07-13T11:19:38.713229+00:00</Created>
        <LastChange>2024-07-13T11:19:38.713249+00:00</LastChange>
  </Metadata>
  <Page imageFilename="1775-Saemmtliche_Poetische_Werke_Schmieder_Bd_3_VD18_90914295_NEU-006.png" imageWidth="649" imageHeight="1102">
    <TextRegion id="region_1719906862941_36"  custom="structure {type:header;}">
      <Coords points="248,128 242,93 367,89 374,119"/>
    </TextRegion>
    <TextRegion id="region_1719906869706_39"  custom="structure {type:page-number;}">
      <Coords points="493,115 489,93 527,91 524,114"/>
    </TextRegion>
    <TextRegion id="region_1719906885833_42"  custom="structure {type:paragraph;}">
      <Coords points="525,156 523,136 409,132 96,137 99,174"/>
    </TextRegion>
    <TextRegion id="region_1719906895329_45"  custom="structure {type:signature-mark;}">
      <Coords points="309,187 308,168 353,165 349,187"/>
    </TextRegion>
    <TextRegion id="region_1719906902333_48"  custom="structure {type:catch-word;}">
      <Coords points="489,181 490,158 527,160 526,179"/>
    </TextRegion>
    <TextRegion id="region_1719906993836_60"  custom="structure {type:footnote;}">
      <Coords points="75,197 541,183 564,921 88,949"/>
    </TextRegion>
    <TextRegion id="region_1719906965773_57"  custom="structure {type:catch-word;}">
      <Coords points="514,946 515,926 524,924 542,928 540,941"/>
    </TextRegion>
  </Page>
</PcGts>
