<?xml version="1.0" encoding="UTF-8"  standalone="yes"?>
<PcGts xmlns="http://schema.primaresearch.org/PAGE/gts/pagecontent/2019-07-15" xmlns:xsi="http://www.w3.org/2001/XMLSchema-instance" xsi:schemaLocation="http://schema.primaresearch.org/PAGE/gts/pagecontent/2019-07-15 http://schema.primaresearch.org/PAGE/gts/pagecontent/2019-07-15/pagecontent.xsd">
  <Metadata>
	<Creator>escriptorium</Creator>
	<Created>2024-07-13T11:19:39.119957+00:00</Created>
        <LastChange>2024-07-13T11:19:39.119977+00:00</LastChange>
  </Metadata>
  <Page imageFilename="1775-Saemmtliche_Poetische_Werke_Schmieder_Bd_3_VD18_90914295_NEU-012.png" imageWidth="649" imageHeight="1102">
    <TextRegion id="region_1719907086224_72"  custom="structure {type:paragraph;}">
      <Coords points="346,130 343,102 217,103 234,133"/>
    </TextRegion>
    <TextRegion id="region_1719907073058_69"  custom="structure {type:paragraph;}">
      <Coords points="474,126 469,103 517,103 514,124"/>
    </TextRegion>
    <TextRegion id="region_1719907099636_75"  custom="structure {type:paragraph;}">
      <Coords points="68,144 523,139 523,402 66,414"/>
    </TextRegion>
    <TextRegion id="region_1719907111057_78"  custom="structure {type:paragraph;}">
      <Coords points="456,419 460,405 516,402 516,421"/>
    </TextRegion>
    <TextRegion id="region_1719907124871_81"  custom="structure {type:footnote;}">
      <Coords points="67,433 533,423 556,981 56,958"/>
    </TextRegion>
    <TextRegion id="eSc_textblock_b10dafbe"  >
      <Coords points="519,398 522,398 517,398 517,403"/>
    </TextRegion>
  </Page>
</PcGts>
