<?xml version="1.0" encoding="UTF-8"  standalone="yes"?>
<PcGts xmlns="http://schema.primaresearch.org/PAGE/gts/pagecontent/2019-07-15" xmlns:xsi="http://www.w3.org/2001/XMLSchema-instance" xsi:schemaLocation="http://schema.primaresearch.org/PAGE/gts/pagecontent/2019-07-15 http://schema.primaresearch.org/PAGE/gts/pagecontent/2019-07-15/pagecontent.xsd">
  <Metadata>
	<Creator>escriptorium</Creator>
	<Created>2024-07-13T11:19:39.855860+00:00</Created>
        <LastChange>2024-07-13T11:19:39.855907+00:00</LastChange>
  </Metadata>
  <Page imageFilename="1775-Saemmtliche_Poetische_Werke_Schmieder_Bd_3_VD18_90914295_NEU-173.png" imageWidth="650" imageHeight="1102">
    <TextRegion id="region_1720089114676_606"  custom="structure {type:page-number;}">
      <Coords points="141,98 142,126 185,130 185,95"/>
    </TextRegion>
    <TextRegion id="region_1720089126622_609"  custom="structure {type:header;}">
      <Coords points="274,94 275,125 473,129 459,95"/>
    </TextRegion>
    <TextRegion id="region_1720089144206_612"  custom="structure {type:poem_lg;}">
      <Coords points="135,138 132,251 547,252 535,136"/>
    </TextRegion>
    <TextRegion id="region_1720089169275_615"  custom="structure {type:poem_lg;}">
      <Coords points="133,263 133,473 150,477 541,481 527,265 261,263"/>
    </TextRegion>
    <TextRegion id="region_1720089180394_618"  custom="structure {type:catch-word;}">
      <Coords points="536,485 535,511 581,513 577,484 551,480"/>
    </TextRegion>
    <TextRegion id="region_1720089202387_621"  custom="structure {type:footnote;}">
      <Coords points="122,505 120,949 607,982 594,517 328,506"/>
    </TextRegion>
  </Page>
</PcGts>
