<?xml version="1.0" encoding="UTF-8"?>
<alto xmlns:xsi="http://www.w3.org/2001/XMLSchema-instance"
      xmlns="http://www.loc.gov/standards/alto/ns-v4#"
      xsi:schemaLocation="http://www.loc.gov/standards/alto/ns-v4# http://www.loc.gov/standards/alto/v4/alto-4-2.xsd">
  <Description>
    <MeasurementUnit>pixel</MeasurementUnit>
    <sourceImageInformation>
      <fileName>1770,_Saemmtliche_Poetische_Werke,_Trattner,_VD18_12002895_Seite_215_Bild_0001.jpg</fileName>
    </sourceImageInformation>
  </Description>
  <Tags>
    <OtherTag ID="BT1" LABEL="Title" DESCRIPTION="block type Title"/><OtherTag ID="BT2" LABEL="Main" DESCRIPTION="block type Main"/><OtherTag ID="BT3" LABEL="Commentary" DESCRIPTION="block type Commentary"/><OtherTag ID="BT4" LABEL="Illustration" DESCRIPTION="block type Illustration"/><OtherTag ID="BT3925" LABEL="heading" DESCRIPTION="block type heading"/><OtherTag ID="BT3926" LABEL="paragraph" DESCRIPTION="block type paragraph"/><OtherTag ID="BT3927" LABEL="footnote" DESCRIPTION="block type footnote"/>
  </Tags>
  <Layout>
    <Page WIDTH="1031"
          HEIGHT="1741"
          PHYSICAL_IMG_NR="4"
          ID="eSc_dummypage_">
      <PrintSpace HPOS="0"
                  VPOS="0"
                  WIDTH="1031"
                  HEIGHT="1741">
        <TextBlock HPOS="118"
                   VPOS="162"
                   WIDTH="446"
                   HEIGHT="61"
                   ID="region_1719312311056_220"
                   TAGREFS="BT3926">
          <Shape><Polygon POINTS="121 162 564 162 564 217 118 223"/></Shape>
        </TextBlock>
        <TextBlock HPOS="607"
                   VPOS="166"
                   WIDTH="70"
                   HEIGHT="52"
                   ID="region_1719312314507_223"
                   TAGREFS="BT3926">
          <Shape><Polygon POINTS="612 170 677 166 677 218 607 218"/></Shape>
        </TextBlock>
        <TextBlock HPOS="141"
                   VPOS="243"
                   WIDTH="426"
                   HEIGHT="65"
                   ID="region_1719312318934_226"
                   TAGREFS="BT3925">
          <Shape><Polygon POINTS="141 243 564 245 567 308 141 308"/></Shape>
        </TextBlock>
        <TextBlock HPOS="12"
                   VPOS="295"
                   WIDTH="69"
                   HEIGHT="68"
                   ID="region_1719312459235_265"
                   TAGREFS="BT3926">
          <Shape><Polygon POINTS="18 295 81 295 80 363 12 363"/></Shape>
        </TextBlock>
        <TextBlock HPOS="15"
                   VPOS="319"
                   WIDTH="682"
                   HEIGHT="456"
                   ID="region_1719312334851_229"
                   TAGREFS="BT3926">
          <Shape><Polygon POINTS="15 369 15 775 697 775 691 321 83 319 82 367"/></Shape>
        </TextBlock>
        <TextBlock HPOS="120"
                   VPOS="881"
                   WIDTH="458"
                   HEIGHT="74"
                   ID="region_1719312378443_235"
                   TAGREFS="BT3925">
          <Shape><Polygon POINTS="127 881 578 884 578 955 120 955"/></Shape>
        </TextBlock>
        <TextBlock HPOS="22"
                   VPOS="945"
                   WIDTH="69"
                   HEIGHT="68"
                   ID="region_1719312468453_268"
                   TAGREFS="BT3926">
          <Shape><Polygon POINTS="25 946 91 945 91 1013 22 1013"/></Shape>
        </TextBlock>
        <TextBlock HPOS="29"
                   VPOS="975"
                   WIDTH="660"
                   HEIGHT="162"
                   ID="region_1719312388899_238"
                   TAGREFS="BT3926">
          <Shape><Polygon POINTS="29 1020 92 1019 95 975 689 975 687 1132 29 1137"/></Shape>
        </TextBlock>
        <TextBlock HPOS="592"
                   VPOS="1137"
                   WIDTH="61"
                   HEIGHT="39"
                   ID="region_1719312393122_241"
                   TAGREFS="BT3926">
          <Shape><Polygon POINTS="592 1137 651 1141 653 1176 592 1176"/></Shape>
        </TextBlock>
        <TextBlock HPOS="64"
                   VPOS="1179"
                   WIDTH="634"
                   HEIGHT="197"
                   ID="region_1721130943942_717"
                   TAGREFS="BT3927">
          <Shape><Polygon POINTS="64 1179 690 1184 698 1376 68 1373"/></Shape>
        </TextBlock>
        <TextBlock HPOS="68"
                   VPOS="1375"
                   WIDTH="575"
                   HEIGHT="32"
                   ID="region_1721131001736_720"
                   TAGREFS="BT3927">
          <Shape><Polygon POINTS="68 1375 636 1379 643 1406 68 1407"/></Shape>
        </TextBlock>
        <TextBlock HPOS="70"
                   VPOS="1409"
                   WIDTH="627"
                   HEIGHT="96"
                   ID="region_1721131085117_731"
                   TAGREFS="BT3927">
          <Shape><Polygon POINTS="70 1409 697 1409 697 1476 265 1478 265 1505 76 1505"/></Shape>
        </TextBlock>
      </PrintSpace>
    </Page>
  </Layout>
</alto>
