<?xml version="1.0" encoding="UTF-8"?>
<alto xmlns:xsi="http://www.w3.org/2001/XMLSchema-instance"
      xmlns="http://www.loc.gov/standards/alto/ns-v4#"
      xsi:schemaLocation="http://www.loc.gov/standards/alto/ns-v4# http://www.loc.gov/standards/alto/v4/alto-4-2.xsd">
  <Description>
    <MeasurementUnit>pixel</MeasurementUnit>
    <sourceImageInformation>
      <fileName>1770,_Saemmtliche_Poetische_Werke,_Trattner,_VD18_12002895_Seite_154_Bild_0001.jpg</fileName>
    </sourceImageInformation>
  </Description>
  <Tags>
    <OtherTag ID="BT1" LABEL="Title" DESCRIPTION="block type Title"/><OtherTag ID="BT2" LABEL="Main" DESCRIPTION="block type Main"/><OtherTag ID="BT3" LABEL="Commentary" DESCRIPTION="block type Commentary"/><OtherTag ID="BT4" LABEL="Illustration" DESCRIPTION="block type Illustration"/><OtherTag ID="BT3925" LABEL="heading" DESCRIPTION="block type heading"/><OtherTag ID="BT3926" LABEL="paragraph" DESCRIPTION="block type paragraph"/><OtherTag ID="BT3927" LABEL="footnote" DESCRIPTION="block type footnote"/>
  </Tags>
  <Layout>
    <Page WIDTH="1004"
          HEIGHT="1738"
          PHYSICAL_IMG_NR="3"
          ID="eSc_dummypage_">
      <PrintSpace HPOS="0"
                  VPOS="0"
                  WIDTH="1004"
                  HEIGHT="1738">
        <TextBlock HPOS="257"
                   VPOS="159"
                   WIDTH="69"
                   HEIGHT="30"
                   ID="region_1719311758707_156"
                   TAGREFS="BT3926">
          <Shape><Polygon POINTS="257 159 326 159 326 189 257 189"/></Shape>
        </TextBlock>
        <TextBlock HPOS="411"
                   VPOS="149"
                   WIDTH="347"
                   HEIGHT="60"
                   ID="region_1719311764671_159"
                   TAGREFS="BT3926">
          <Shape><Polygon POINTS="416 208 758 209 758 149 411 149"/></Shape>
        </TextBlock>
        <TextBlock HPOS="234"
                   VPOS="222"
                   WIDTH="694"
                   HEIGHT="421"
                   ID="region_1719311780406_162"
                   TAGREFS="BT3926">
          <Shape><Polygon POINTS="246 223 926 222 928 643 234 643"/></Shape>
        </TextBlock>
        <TextBlock HPOS="279"
                   VPOS="668"
                   WIDTH="645"
                   HEIGHT="96"
                   ID="region_1719311788804_165"
                   TAGREFS="BT3926">
          <Shape><Polygon POINTS="281 672 924 668 922 760 279 764"/></Shape>
        </TextBlock>
        <TextBlock HPOS="785"
                   VPOS="766"
                   WIDTH="99"
                   HEIGHT="40"
                   ID="region_1719311794380_168"
                   TAGREFS="BT3926">
          <Shape><Polygon POINTS="785 806 884 806 884 766 785 766"/></Shape>
        </TextBlock>
        <TextBlock HPOS="310"
                   VPOS="838"
                   WIDTH="615"
                   HEIGHT="262"
                   ID="region_1719311832049_177"
                   TAGREFS="BT3927">
          <Shape><Polygon POINTS="310 1100 925 1099 925 839 315 838"/></Shape>
        </TextBlock>
        <TextBlock HPOS="272"
                   VPOS="1103"
                   WIDTH="641"
                   HEIGHT="395"
                   ID="region_1719311836745_180"
                   TAGREFS="BT3927">
          <Shape><Polygon POINTS="272 1103 913 1103 909 1492 272 1498"/></Shape>
        </TextBlock>
      </PrintSpace>
    </Page>
  </Layout>
</alto>
