<?xml version="1.0" encoding="UTF-8"?>
<alto xmlns:xsi="http://www.w3.org/2001/XMLSchema-instance"
      xmlns="http://www.loc.gov/standards/alto/ns-v4#"
      xsi:schemaLocation="http://www.loc.gov/standards/alto/ns-v4# http://www.loc.gov/standards/alto/v4/alto-4-2.xsd">
  <Description>
    <MeasurementUnit>pixel</MeasurementUnit>
    <sourceImageInformation>
      <fileName>1770,_Saemmtliche_Poetische_Werke,_Trattner,_VD18_12002895_Seite_512_Bild_0001.jpg</fileName>
    </sourceImageInformation>
  </Description>
  <Tags>
    <OtherTag ID="BT1" LABEL="Title" DESCRIPTION="block type Title"/><OtherTag ID="BT2" LABEL="Main" DESCRIPTION="block type Main"/><OtherTag ID="BT3" LABEL="Commentary" DESCRIPTION="block type Commentary"/><OtherTag ID="BT4" LABEL="Illustration" DESCRIPTION="block type Illustration"/><OtherTag ID="BT3925" LABEL="heading" DESCRIPTION="block type heading"/><OtherTag ID="BT3926" LABEL="paragraph" DESCRIPTION="block type paragraph"/><OtherTag ID="BT3927" LABEL="footnote" DESCRIPTION="block type footnote"/>
  </Tags>
  <Layout>
    <Page WIDTH="1130"
          HEIGHT="1745"
          PHYSICAL_IMG_NR="8"
          ID="eSc_dummypage_">
      <PrintSpace HPOS="0"
                  VPOS="0"
                  WIDTH="1130"
                  HEIGHT="1745">
        <TextBlock HPOS="438"
                   VPOS="178"
                   WIDTH="79"
                   HEIGHT="36"
                   ID="region_1737733556302_1148"
                   TAGREFS="BT3926">
          <Shape><Polygon POINTS="440 178 517 181 514 214 438 212"/></Shape>
        </TextBlock>
        <TextBlock HPOS="584"
                   VPOS="169"
                   WIDTH="417"
                   HEIGHT="58"
                   ID="region_1737733567551_1151"
                   TAGREFS="BT3926">
          <Shape><Polygon POINTS="588 169 1001 172 1001 221 940 227 584 224"/></Shape>
        </TextBlock>
        <TextBlock HPOS="407"
                   VPOS="239"
                   WIDTH="699"
                   HEIGHT="470"
                   ID="region_1737733604223_1157"
                   TAGREFS="BT3926">
          <Shape><Polygon POINTS="442 239 1103 247 1103 293 872 313 903 399 973 406 1015 440 1106 460 1105 582 923 593 1101 622 1071 709 407 705 427 601 435 274"/></Shape>
        </TextBlock>
        <TextBlock HPOS="430"
                   VPOS="773"
                   WIDTH="676"
                   HEIGHT="141"
                   ID="region_1737733637737_1161"
                   TAGREFS="BT3926">
          <Shape><Polygon POINTS="474 809 476 773 1106 778 1104 819 769 830 805 854 920 853 911 914 430 906 436 859 660 851 659 826 490 824"/></Shape>
        </TextBlock>
        <TextBlock HPOS="481"
                   VPOS="998"
                   WIDTH="576"
                   HEIGHT="68"
                   ID="region_1737733661515_1169"
                   TAGREFS="BT3925">
          <Shape><Polygon POINTS="490 998 1057 1013 1045 1066 481 1065"/></Shape>
        </TextBlock>
        <TextBlock HPOS="422"
                   VPOS="1093"
                   WIDTH="80"
                   HEIGHT="68"
                   ID="region_1737733675451_1172"
                   TAGREFS="BT3926">
          <Shape><Polygon POINTS="494 1143 489 1125 502 1111 491 1093 422 1098 428 1161 479 1159 487 1155"/></Shape>
        </TextBlock>
        <TextBlock HPOS="422"
                   VPOS="1116"
                   WIDTH="680"
                   HEIGHT="171"
                   ID="region_1737733694319_1175"
                   TAGREFS="BT3926">
          <Shape><Polygon POINTS="496 1142 496 1121 573 1117 1102 1116 1094 1167 840 1171 852 1204 890 1207 871 1287 422 1287 424 1192 494 1177"/></Shape>
        </TextBlock>
        <TextBlock HPOS="464"
                   VPOS="1307"
                   WIDTH="636"
                   HEIGHT="187"
                   ID="region_1737733717820_1182"
                   TAGREFS="BT3927">
          <Shape><Polygon POINTS="467 1308 895 1307 1097 1313 1100 1450 765 1448 763 1494 484 1476 495 1346 464 1336"/></Shape>
        </TextBlock>
        <TextBlock HPOS="990"
                   VPOS="1472"
                   WIDTH="76"
                   HEIGHT="48"
                   ID="region_1737733731621_1185"
                   TAGREFS="BT3926">
          <Shape><Polygon POINTS="992 1473 1066 1472 1059 1520 990 1516"/></Shape>
        </TextBlock>
      </PrintSpace>
    </Page>
  </Layout>
</alto>
