<?xml version="1.0" encoding="UTF-8"?>
<alto xmlns:xsi="http://www.w3.org/2001/XMLSchema-instance"
      xmlns="http://www.loc.gov/standards/alto/ns-v4#"
      xsi:schemaLocation="http://www.loc.gov/standards/alto/ns-v4# http://www.loc.gov/standards/alto/v4/alto-4-2.xsd">
  <Description>
    <MeasurementUnit>pixel</MeasurementUnit>
    <sourceImageInformation>
      <fileName>1770,_Saemmtliche_Poetische_Werke,_Trattner,_VD18_12002895_Seite_035_Bild_0001.jpg</fileName>
    </sourceImageInformation>
  </Description>
  <Tags>
    <OtherTag ID="BT1" LABEL="Title" DESCRIPTION="block type Title"/><OtherTag ID="BT2" LABEL="Main" DESCRIPTION="block type Main"/><OtherTag ID="BT3" LABEL="Commentary" DESCRIPTION="block type Commentary"/><OtherTag ID="BT4" LABEL="Illustration" DESCRIPTION="block type Illustration"/><OtherTag ID="BT3925" LABEL="heading" DESCRIPTION="block type heading"/><OtherTag ID="BT3926" LABEL="paragraph" DESCRIPTION="block type paragraph"/><OtherTag ID="BT3927" LABEL="footnote" DESCRIPTION="block type footnote"/>
  </Tags>
  <Layout>
    <Page WIDTH="1074"
          HEIGHT="1744"
          PHYSICAL_IMG_NR="2"
          ID="eSc_dummypage_">
      <PrintSpace HPOS="0"
                  VPOS="0"
                  WIDTH="1074"
                  HEIGHT="1744">
        <TextBlock HPOS="243"
                   VPOS="161"
                   WIDTH="287"
                   HEIGHT="49"
                   ID="region_1719303680838_117"
                   TAGREFS="BT3926">
          <Shape><Polygon POINTS="243 161 530 161 529 210 243 208"/></Shape>
        </TextBlock>
        <TextBlock HPOS="47"
                   VPOS="234"
                   WIDTH="679"
                   HEIGHT="195"
                   ID="region_1719303696263_120"
                   TAGREFS="BT3926">
          <Shape><Polygon POINTS="47 234 718 234 726 418 47 429"/></Shape>
        </TextBlock>
        <TextBlock HPOS="43"
                   VPOS="433"
                   WIDTH="684"
                   HEIGHT="146"
                   ID="region_1719303703022_123"
                   TAGREFS="BT3926">
          <Shape><Polygon POINTS="48 433 727 433 727 579 43 579"/></Shape>
        </TextBlock>
        <TextBlock HPOS="46"
                   VPOS="591"
                   WIDTH="680"
                   HEIGHT="467"
                   ID="region_1719303719715_126"
                   TAGREFS="BT3926">
          <Shape><Polygon POINTS="46 1053 726 1058 724 591 46 591"/></Shape>
        </TextBlock>
        <TextBlock HPOS="337"
                   VPOS="1057"
                   WIDTH="84"
                   HEIGHT="42"
                   ID="region_1719303728772_132"
                   TAGREFS="BT3926">
          <Shape><Polygon POINTS="337 1057 421 1059 421 1099 337 1099"/></Shape>
        </TextBlock>
        <TextBlock HPOS="605"
                   VPOS="1059"
                   WIDTH="70"
                   HEIGHT="50"
                   ID="region_1719303723455_129"
                   TAGREFS="BT3926">
          <Shape><Polygon POINTS="608 1059 673 1059 675 1109 605 1109"/></Shape>
        </TextBlock>
        <TextBlock HPOS="38"
                   VPOS="1116"
                   WIDTH="696"
                   HEIGHT="175"
                   ID="region_1719303762428_135"
                   TAGREFS="BT3927">
          <Shape><Polygon POINTS="38 1116 721 1118 734 1291 38 1291"/></Shape>
        </TextBlock>
        <TextBlock HPOS="38"
                   VPOS="1300"
                   WIDTH="699"
                   HEIGHT="229"
                   ID="region_1719304014086_153"
                   TAGREFS="BT3926">
          <Shape><Polygon POINTS="38 1300 737 1300 720 1522 38 1529"/></Shape>
        </TextBlock>
      </PrintSpace>
    </Page>
  </Layout>
</alto>
