<?xml version="1.0" encoding="UTF-8"?>
<alto xmlns:xsi="http://www.w3.org/2001/XMLSchema-instance"
      xmlns="http://www.loc.gov/standards/alto/ns-v4#"
      xsi:schemaLocation="http://www.loc.gov/standards/alto/ns-v4# http://www.loc.gov/standards/alto/v4/alto-4-2.xsd">
  <Description>
    <MeasurementUnit>pixel</MeasurementUnit>
    <sourceImageInformation>
      <fileName>1770,_Saemmtliche_Poetische_Werke,_Trattner,_VD18_12002895_Seite_889_Bild_0001.jpg</fileName>
    </sourceImageInformation>
  </Description>
  <Tags>
    <OtherTag ID="BT1" LABEL="Title" DESCRIPTION="block type Title"/><OtherTag ID="BT2" LABEL="Main" DESCRIPTION="block type Main"/><OtherTag ID="BT3" LABEL="Commentary" DESCRIPTION="block type Commentary"/><OtherTag ID="BT4" LABEL="Illustration" DESCRIPTION="block type Illustration"/><OtherTag ID="BT3925" LABEL="heading" DESCRIPTION="block type heading"/><OtherTag ID="BT3926" LABEL="paragraph" DESCRIPTION="block type paragraph"/><OtherTag ID="BT3927" LABEL="footnote" DESCRIPTION="block type footnote"/>
  </Tags>
  <Layout>
    <Page WIDTH="978"
          HEIGHT="1733"
          PHYSICAL_IMG_NR="10"
          ID="eSc_dummypage_">
      <PrintSpace HPOS="0"
                  VPOS="0"
                  WIDTH="978"
                  HEIGHT="1733">
        <TextBlock HPOS="254"
                   VPOS="157"
                   WIDTH="314"
                   HEIGHT="53"
                   ID="region_1737734052942_1329"
                   TAGREFS="BT3926">
          <Shape><Polygon POINTS="258 163 566 157 568 210 254 208"/></Shape>
        </TextBlock>
        <TextBlock HPOS="683"
                   VPOS="155"
                   WIDTH="94"
                   HEIGHT="52"
                   ID="region_1737734056978_1332"
                   TAGREFS="BT3926">
          <Shape><Polygon POINTS="685 162 748 155 777 188 763 207 683 203"/></Shape>
        </TextBlock>
        <TextBlock HPOS="87"
                   VPOS="288"
                   WIDTH="687"
                   HEIGHT="230"
                   ID="region_1737734076469_1335"
                   TAGREFS="BT3925">
          <Shape><Polygon POINTS="218 291 649 288 650 360 769 376 774 471 683 467 677 509 440 518 210 516 188 511 184 477 87 466 92 364 224 369"/></Shape>
        </TextBlock>
        <TextBlock HPOS="88"
                   VPOS="565"
                   WIDTH="64"
                   HEIGHT="64"
                   ID="region_1737734088576_1338"
                   TAGREFS="BT3926">
          <Shape><Polygon POINTS="144 614 141 600 152 591 151 565 88 566 96 625 131 629 143 622"/></Shape>
        </TextBlock>
        <TextBlock HPOS="88"
                   VPOS="583"
                   WIDTH="695"
                   HEIGHT="896"
                   ID="region_1737734130272_1346"
                   TAGREFS="BT3926">
          <Shape><Polygon POINTS="146 617 144 600 192 590 771 583 783 1471 735 1474 448 1475 404 1470 371 1476 104 1479 90 1068 88 641 121 632 144 634"/></Shape>
        </TextBlock>
        <TextBlock HPOS="380"
                   VPOS="1474"
                   WIDTH="83"
                   HEIGHT="46"
                   ID="region_1737734143029_1351"
                   TAGREFS="BT3926">
          <Shape><Polygon POINTS="384 1516 462 1520 463 1481 423 1476 407 1474 382 1476 380 1497"/></Shape>
        </TextBlock>
        <TextBlock HPOS="662"
                   VPOS="1477"
                   WIDTH="83"
                   HEIGHT="37"
                   ID="region_1737734151737_1355"
                   TAGREFS="BT3926">
          <Shape><Polygon POINTS="669 1477 745 1482 745 1514 662 1510"/></Shape>
        </TextBlock>
      </PrintSpace>
    </Page>
  </Layout>
</alto>
