<?xml version="1.0" encoding="UTF-8"?>
<alto xmlns:xsi="http://www.w3.org/2001/XMLSchema-instance"
      xmlns="http://www.loc.gov/standards/alto/ns-v4#"
      xsi:schemaLocation="http://www.loc.gov/standards/alto/ns-v4# http://www.loc.gov/standards/alto/v4/alto-4-2.xsd">
  <Description>
    <MeasurementUnit>pixel</MeasurementUnit>
    <sourceImageInformation>
      <fileName>1770,_Saemmtliche_Poetische_Werke,_Trattner,_VD18_12002895_Seite_909_Bild_0001.jpg</fileName>
    </sourceImageInformation>
  </Description>
  <Tags>
    <OtherTag ID="BT1" LABEL="Title" DESCRIPTION="block type Title"/><OtherTag ID="BT2" LABEL="Main" DESCRIPTION="block type Main"/><OtherTag ID="BT3" LABEL="Commentary" DESCRIPTION="block type Commentary"/><OtherTag ID="BT4" LABEL="Illustration" DESCRIPTION="block type Illustration"/><OtherTag ID="BT3925" LABEL="heading" DESCRIPTION="block type heading"/><OtherTag ID="BT3926" LABEL="paragraph" DESCRIPTION="block type paragraph"/><OtherTag ID="BT3927" LABEL="footnote" DESCRIPTION="block type footnote"/>
  </Tags>
  <Layout>
    <Page WIDTH="978"
          HEIGHT="1733"
          PHYSICAL_IMG_NR="12"
          ID="eSc_dummypage_">
      <PrintSpace HPOS="0"
                  VPOS="0"
                  WIDTH="978"
                  HEIGHT="1733">
        <TextBlock HPOS="262"
                   VPOS="111"
                   WIDTH="308"
                   HEIGHT="54"
                   ID="region_1737734500694_1497"
                   TAGREFS="BT3926">
          <Shape><Polygon POINTS="262 164 521 165 570 160 570 117 450 111 265 119"/></Shape>
        </TextBlock>
        <TextBlock HPOS="673"
                   VPOS="110"
                   WIDTH="87"
                   HEIGHT="53"
                   ID="region_1737734505425_1500"
                   TAGREFS="BT3926">
          <Shape><Polygon POINTS="677 157 760 163 752 118 705 110 673 114"/></Shape>
        </TextBlock>
        <TextBlock HPOS="78"
                   VPOS="185"
                   WIDTH="676"
                   HEIGHT="1073"
                   ID="region_1737734527715_1504"
                   TAGREFS="BT3926">
          <Shape><Polygon POINTS="84 201 451 185 754 185 746 1254 691 1249 78 1258"/></Shape>
        </TextBlock>
        <TextBlock HPOS="640"
                   VPOS="1253"
                   WIDTH="75"
                   HEIGHT="40"
                   ID="region_1737734536276_1508"
                   TAGREFS="BT3926">
          <Shape><Polygon POINTS="644 1256 693 1253 715 1271 709 1293 640 1289"/></Shape>
        </TextBlock>
        <TextBlock HPOS="124"
                   VPOS="1296"
                   WIDTH="342"
                   HEIGHT="36"
                   ID="region_1737734554554_1513"
                   TAGREFS="BT3927">
          <Shape><Polygon POINTS="124 1296 466 1298 463 1332 346 1324 311 1327 252 1326 125 1328"/></Shape>
        </TextBlock>
        <TextBlock HPOS="124"
                   VPOS="1331"
                   WIDTH="386"
                   HEIGHT="31"
                   ID="region_1737734569912_1516"
                   TAGREFS="BT3927">
          <Shape><Polygon POINTS="127 1334 190 1331 316 1331 405 1332 465 1336 510 1334 506 1362 383 1358 278 1356 173 1357 124 1360"/></Shape>
        </TextBlock>
        <TextBlock HPOS="126"
                   VPOS="1362"
                   WIDTH="502"
                   HEIGHT="38"
                   ID="region_1737734588943_1519"
                   TAGREFS="BT3927">
          <Shape><Polygon POINTS="126 1367 193 1362 278 1363 359 1366 405 1364 458 1365 628 1366 628 1400 527 1396 507 1389 376 1391 293 1388 226 1391 166 1390 128 1394"/></Shape>
        </TextBlock>
        <TextBlock HPOS="88"
                   VPOS="1392"
                   WIDTH="402"
                   HEIGHT="44"
                   ID="region_1737734602339_1522"
                   TAGREFS="BT3926">
          <Shape><Polygon POINTS="90 1399 108 1392 125 1400 265 1395 366 1394 490 1394 490 1431 205 1433 88 1436"/></Shape>
        </TextBlock>
      </PrintSpace>
    </Page>
  </Layout>
</alto>
