<?xml version="1.0" encoding="UTF-8"?>
<alto xmlns:xsi="http://www.w3.org/2001/XMLSchema-instance"
      xmlns="http://www.loc.gov/standards/alto/ns-v4#"
      xsi:schemaLocation="http://www.loc.gov/standards/alto/ns-v4# http://www.loc.gov/standards/alto/v4/alto-4-2.xsd">
  <Description>
    <MeasurementUnit>pixel</MeasurementUnit>
    <sourceImageInformation>
      <fileName>1770,_Saemmtliche_Poetische_Werke,_Trattner,_VD18_12002895_Seite_901_Bild_0001.jpg</fileName>
    </sourceImageInformation>
  </Description>
  <Tags>
    <OtherTag ID="BT1" LABEL="Title" DESCRIPTION="block type Title"/><OtherTag ID="BT2" LABEL="Main" DESCRIPTION="block type Main"/><OtherTag ID="BT3" LABEL="Commentary" DESCRIPTION="block type Commentary"/><OtherTag ID="BT4" LABEL="Illustration" DESCRIPTION="block type Illustration"/><OtherTag ID="BT3925" LABEL="heading" DESCRIPTION="block type heading"/><OtherTag ID="BT3926" LABEL="paragraph" DESCRIPTION="block type paragraph"/><OtherTag ID="BT3927" LABEL="footnote" DESCRIPTION="block type footnote"/>
  </Tags>
  <Layout>
    <Page WIDTH="978"
          HEIGHT="1733"
          PHYSICAL_IMG_NR="11"
          ID="eSc_dummypage_">
      <PrintSpace HPOS="0"
                  VPOS="0"
                  WIDTH="978"
                  HEIGHT="1733">
        <TextBlock HPOS="253"
                   VPOS="157"
                   WIDTH="318"
                   HEIGHT="51"
                   ID="region_1737734263220_1410"
                   TAGREFS="BT3926">
          <Shape><Polygon POINTS="273 157 566 160 571 208 253 207 253 158"/></Shape>
        </TextBlock>
        <TextBlock HPOS="672"
                   VPOS="161"
                   WIDTH="79"
                   HEIGHT="52"
                   ID="region_1737734268670_1413"
                   TAGREFS="BT3926">
          <Shape><Polygon POINTS="672 199 672 161 750 163 751 213"/></Shape>
        </TextBlock>
        <TextBlock HPOS="64"
                   VPOS="226"
                   WIDTH="691"
                   HEIGHT="149"
                   ID="region_1737734280360_1416"
                   TAGREFS="BT3926">
          <Shape><Polygon POINTS="71 226 754 237 755 325 308 327 302 375 64 370"/></Shape>
        </TextBlock>
        <TextBlock HPOS="74"
                   VPOS="395"
                   WIDTH="692"
                   HEIGHT="216"
                   ID="region_1737734298700_1422"
                   TAGREFS="BT3926">
          <Shape><Polygon POINTS="117 395 766 397 754 569 353 571 357 610 74 611 79 433 120 434"/></Shape>
        </TextBlock>
        <TextBlock HPOS="77"
                   VPOS="647"
                   WIDTH="487"
                   HEIGHT="182"
                   ID="region_1737734309654_1425"
                   TAGREFS="BT3926">
          <Shape><Polygon POINTS="139 647 507 648 501 700 464 714 554 772 564 816 89 829 77 690 122 683 120 652"/></Shape>
        </TextBlock>
        <TextBlock HPOS="76"
                   VPOS="849"
                   WIDTH="447"
                   HEIGHT="190"
                   ID="region_1737734330186_1429"
                   TAGREFS="BT3926">
          <Shape><Polygon POINTS="118 849 523 851 506 904 453 922 523 947 519 983 429 999 432 1039 76 1038 84 896 124 887"/></Shape>
        </TextBlock>
        <TextBlock HPOS="71"
                   VPOS="1054"
                   WIDTH="700"
                   HEIGHT="137"
                   ID="region_1737734339040_1432"
                   TAGREFS="BT3926">
          <Shape><Polygon POINTS="130 1054 771 1064 763 1146 441 1154 433 1185 71 1191 74 1100 120 1097"/></Shape>
        </TextBlock>
        <TextBlock HPOS="77"
                   VPOS="1216"
                   WIDTH="696"
                   HEIGHT="142"
                   ID="region_1737734357124_1435"
                   TAGREFS="BT3926">
          <Shape><Polygon POINTS="88 1216 773 1225 765 1273 552 1277 542 1309 434 1318 438 1358 80 1345 91 1297 364 1297 360 1271 77 1268"/></Shape>
        </TextBlock>
        <TextBlock HPOS="637"
                   VPOS="1345"
                   WIDTH="104"
                   HEIGHT="52"
                   ID="region_1737734360455_1438"
                   TAGREFS="BT3926">
          <Shape><Polygon POINTS="639 1345 741 1348 731 1397 637 1392"/></Shape>
        </TextBlock>
        <TextBlock HPOS="124"
                   VPOS="1392"
                   WIDTH="454"
                   HEIGHT="38"
                   ID="region_1737734375585_1441"
                   TAGREFS="BT3927">
          <Shape><Polygon POINTS="132 1396 209 1392 444 1392 578 1398 578 1430 410 1426 373 1421 182 1422 132 1426 124 1410"/></Shape>
        </TextBlock>
        <TextBlock HPOS="128"
                   VPOS="1428"
                   WIDTH="332"
                   HEIGHT="32"
                   ID="region_1737734396498_1444"
                   TAGREFS="BT3927">
          <Shape><Polygon POINTS="130 1434 183 1428 326 1429 372 1428 403 1430 460 1438 455 1458 437 1460 403 1456 359 1460 334 1455 183 1455 128 1460"/></Shape>
        </TextBlock>
        <TextBlock HPOS="127"
                   VPOS="1460"
                   WIDTH="362"
                   HEIGHT="37"
                   ID="region_1737734415428_1447"
                   TAGREFS="BT3927">
          <Shape><Polygon POINTS="130 1466 175 1462 240 1460 322 1460 369 1463 414 1460 452 1463 489 1465 487 1496 355 1489 337 1497 306 1490 169 1494 127 1493"/></Shape>
        </TextBlock>
      </PrintSpace>
    </Page>
  </Layout>
</alto>
