<?xml version="1.0" encoding="UTF-8"?>
<alto xmlns:xsi="http://www.w3.org/2001/XMLSchema-instance"
      xmlns="http://www.loc.gov/standards/alto/ns-v4#"
      xsi:schemaLocation="http://www.loc.gov/standards/alto/ns-v4# http://www.loc.gov/standards/alto/v4/alto-4-2.xsd">
  <Description>
    <MeasurementUnit>pixel</MeasurementUnit>
    <sourceImageInformation>
      <fileName>1770,_Saemmtliche_Poetische_Werke,_Trattner,_VD18_12002895_Seite_019_Bild_0001.jpg</fileName>
    </sourceImageInformation>
  </Description>
  <Tags>
    <OtherTag ID="BT1" LABEL="Title" DESCRIPTION="block type Title"/><OtherTag ID="BT2" LABEL="Main" DESCRIPTION="block type Main"/><OtherTag ID="BT3" LABEL="Commentary" DESCRIPTION="block type Commentary"/><OtherTag ID="BT4" LABEL="Illustration" DESCRIPTION="block type Illustration"/><OtherTag ID="BT3925" LABEL="heading" DESCRIPTION="block type heading"/><OtherTag ID="BT3926" LABEL="paragraph" DESCRIPTION="block type paragraph"/><OtherTag ID="BT3927" LABEL="footnote" DESCRIPTION="block type footnote"/>
  </Tags>
  <Layout>
    <Page WIDTH="1096"
          HEIGHT="1745"
          PHYSICAL_IMG_NR="1"
          ID="eSc_dummypage_">
      <PrintSpace HPOS="0"
                  VPOS="0"
                  WIDTH="1096"
                  HEIGHT="1745">
        <TextBlock HPOS="122"
                   VPOS="164"
                   WIDTH="482"
                   HEIGHT="56"
                   ID="region_1719303017878_50"
                   TAGREFS="BT3926">
          <Shape><Polygon POINTS="122 164 595 165 604 220 122 220"/></Shape>
        </TextBlock>
        <TextBlock HPOS="36"
                   VPOS="247"
                   WIDTH="679"
                   HEIGHT="189"
                   ID="region_1719303023624_53"
                   TAGREFS="BT3926">
          <Shape><Polygon POINTS="36 249 709 247 715 390 456 390 457 433 36 436"/></Shape>
        </TextBlock>
        <TextBlock HPOS="545"
                   VPOS="426"
                   WIDTH="125"
                   HEIGHT="54"
                   ID="region_1719303031808_56"
                   TAGREFS="BT3926">
          <Shape><Polygon POINTS="545 480 670 480 664 430 545 426"/></Shape>
        </TextBlock>
        <TextBlock HPOS="77"
                   VPOS="504"
                   WIDTH="641"
                   HEIGHT="176"
                   ID="region_1719303040224_59"
                   TAGREFS="BT3927">
          <Shape><Polygon POINTS="77 504 718 504 715 667 77 680"/></Shape>
        </TextBlock>
        <TextBlock HPOS="76"
                   VPOS="700"
                   WIDTH="663"
                   HEIGHT="787"
                   ID="region_1719303060179_62"
                   TAGREFS="BT3927">
          <Shape><Polygon POINTS="731 700 76 701 76 1485 739 1487"/></Shape>
        </TextBlock>
        <TextBlock HPOS="661"
                   VPOS="1490"
                   WIDTH="38"
                   HEIGHT="35"
                   ID="region_1719303068682_65"
                   TAGREFS="BT3926">
          <Shape><Polygon POINTS="661 1490 699 1490 699 1525 664 1522"/></Shape>
        </TextBlock>
      </PrintSpace>
    </Page>
  </Layout>
</alto>
