<?xml version="1.0" encoding="UTF-8"?>
<alto xmlns:xsi="http://www.w3.org/2001/XMLSchema-instance"
      xmlns="http://www.loc.gov/standards/alto/ns-v4#"
      xsi:schemaLocation="http://www.loc.gov/standards/alto/ns-v4# http://www.loc.gov/standards/alto/v4/alto-4-2.xsd">
  <Description>
    <MeasurementUnit>pixel</MeasurementUnit>
    <sourceImageInformation>
      <fileName>1770,_Saemmtliche_Poetische_Werke,_Trattner,_VD18_12002895_Seite_378_Bild_0001.jpg</fileName>
    </sourceImageInformation>
  </Description>
  <Tags>
    <OtherTag ID="BT1" LABEL="Title" DESCRIPTION="block type Title"/><OtherTag ID="BT2" LABEL="Main" DESCRIPTION="block type Main"/><OtherTag ID="BT3" LABEL="Commentary" DESCRIPTION="block type Commentary"/><OtherTag ID="BT4" LABEL="Illustration" DESCRIPTION="block type Illustration"/><OtherTag ID="BT3925" LABEL="heading" DESCRIPTION="block type heading"/><OtherTag ID="BT3926" LABEL="paragraph" DESCRIPTION="block type paragraph"/><OtherTag ID="BT3927" LABEL="footnote" DESCRIPTION="block type footnote"/>
  </Tags>
  <Layout>
    <Page WIDTH="1093"
          HEIGHT="1745"
          PHYSICAL_IMG_NR="6"
          ID="eSc_dummypage_">
      <PrintSpace HPOS="0"
                  VPOS="0"
                  WIDTH="1093"
                  HEIGHT="1745">
        <TextBlock HPOS="369"
                   VPOS="190"
                   WIDTH="55"
                   HEIGHT="49"
                   ID="region_1719312796316_365"
                   TAGREFS="BT3926">
          <Shape><Polygon POINTS="369 190 424 190 424 239 369 239"/></Shape>
        </TextBlock>
        <TextBlock HPOS="487"
                   VPOS="181"
                   WIDTH="432"
                   HEIGHT="58"
                   ID="region_1719312804183_368"
                   TAGREFS="BT3926">
          <Shape><Polygon POINTS="487 239 919 237 919 181 487 183"/></Shape>
        </TextBlock>
        <TextBlock HPOS="363"
                   VPOS="251"
                   WIDTH="678"
                   HEIGHT="293"
                   ID="region_1719312811141_371"
                   TAGREFS="BT3926">
          <Shape><Polygon POINTS="372 254 1041 251 1041 544 363 544"/></Shape>
        </TextBlock>
        <TextBlock HPOS="364"
                   VPOS="618"
                   WIDTH="685"
                   HEIGHT="290"
                   ID="region_1719312840751_377"
                   TAGREFS="BT3926">
          <Shape><Polygon POINTS="364 624 1049 618 1045 908 364 908"/></Shape>
        </TextBlock>
        <TextBlock HPOS="375"
                   VPOS="1015"
                   WIDTH="676"
                   HEIGHT="112"
                   ID="region_1719312862366_383"
                   TAGREFS="BT3925">
          <Shape><Polygon POINTS="375 1016 1051 1015 1042 1127 375 1126"/></Shape>
        </TextBlock>
        <TextBlock HPOS="370"
                   VPOS="1161"
                   WIDTH="58"
                   HEIGHT="66"
                   ID="region_1719312868753_386"
                   TAGREFS="BT3926">
          <Shape><Polygon POINTS="376 1161 428 1161 428 1227 370 1227"/></Shape>
        </TextBlock>
        <TextBlock HPOS="365"
                   VPOS="1185"
                   WIDTH="689"
                   HEIGHT="123"
                   ID="region_1719312872936_389"
                   TAGREFS="BT3926">
          <Shape><Polygon POINTS="365 1230 430 1230 430 1186 1054 1185 1041 1308 365 1307"/></Shape>
        </TextBlock>
        <TextBlock HPOS="922"
                   VPOS="1337"
                   WIDTH="87"
                   HEIGHT="48"
                   ID="region_1719312879554_392"
                   TAGREFS="BT3926">
          <Shape><Polygon POINTS="922 1338 1009 1337 1003 1385 922 1385"/></Shape>
        </TextBlock>
        <TextBlock HPOS="438"
                   VPOS="1419"
                   WIDTH="611"
                   HEIGHT="110"
                   ID="region_1719312885264_395"
                   TAGREFS="BT3927">
          <Shape><Polygon POINTS="438 1419 1049 1419 1044 1526 438 1529"/></Shape>
        </TextBlock>
      </PrintSpace>
    </Page>
  </Layout>
</alto>
