<?xml version="1.0" encoding="UTF-8"?>
<alto xmlns:xsi="http://www.w3.org/2001/XMLSchema-instance"
      xmlns="http://www.loc.gov/standards/alto/ns-v4#"
      xsi:schemaLocation="http://www.loc.gov/standards/alto/ns-v4# http://www.loc.gov/standards/alto/v4/alto-4-2.xsd">
  <Description>
    <MeasurementUnit>pixel</MeasurementUnit>
    <sourceImageInformation>
      <fileName>1770,_Saemmtliche_Poetische_Werke,_Trattner,_VD18_12002895_Seite_011_Bild_0001.jpg</fileName>
    </sourceImageInformation>
  </Description>
  <Tags>
    <OtherTag ID="BT1" LABEL="Title" DESCRIPTION="block type Title"/><OtherTag ID="BT2" LABEL="Main" DESCRIPTION="block type Main"/><OtherTag ID="BT3" LABEL="Commentary" DESCRIPTION="block type Commentary"/><OtherTag ID="BT4" LABEL="Illustration" DESCRIPTION="block type Illustration"/><OtherTag ID="BT3925" LABEL="heading" DESCRIPTION="block type heading"/><OtherTag ID="BT3926" LABEL="paragraph" DESCRIPTION="block type paragraph"/><OtherTag ID="BT3927" LABEL="footnote" DESCRIPTION="block type footnote"/>
  </Tags>
  <Layout>
    <Page WIDTH="1136"
          HEIGHT="1747"
          PHYSICAL_IMG_NR="0"
          ID="eSc_dummypage_">
      <PrintSpace HPOS="0"
                  VPOS="0"
                  WIDTH="1136"
                  HEIGHT="1747">
        <TextBlock HPOS="95"
                   VPOS="521"
                   WIDTH="675"
                   HEIGHT="94"
                   ID="region_1719302830194_12"
                   TAGREFS="BT3925">
          <Shape><Polygon POINTS="100 531 768 521 770 613 95 615"/></Shape>
        </TextBlock>
        <TextBlock HPOS="93"
                   VPOS="702"
                   WIDTH="112"
                   HEIGHT="113"
                   ID="region_1719302836213_15"
                   TAGREFS="BT3926">
          <Shape><Polygon POINTS="93 702 205 702 205 815 101 814"/></Shape>
        </TextBlock>
        <TextBlock HPOS="93"
                   VPOS="687"
                   WIDTH="691"
                   HEIGHT="730"
                   ID="region_1719302846994_18"
                   TAGREFS="BT3926">
          <Shape><Polygon POINTS="768 691 210 687 211 822 93 823 93 1417 784 1417"/></Shape>
        </TextBlock>
        <TextBlock HPOS="363"
                   VPOS="1425"
                   WIDTH="94"
                   HEIGHT="59"
                   ID="region_1719302851243_21"
                   TAGREFS="BT3926">
          <Shape><Polygon POINTS="363 1425 449 1427 457 1484 363 1484"/></Shape>
        </TextBlock>
        <TextBlock HPOS="610"
                   VPOS="1421"
                   WIDTH="106"
                   HEIGHT="66"
                   ID="region_1719302858171_24"
                   TAGREFS="BT3926">
          <Shape><Polygon POINTS="610 1424 716 1421 713 1481 613 1487"/></Shape>
        </TextBlock>
      </PrintSpace>
    </Page>
  </Layout>
</alto>
