<?xml version="1.0" encoding="UTF-8"?>
<alto xmlns:xsi="http://www.w3.org/2001/XMLSchema-instance"
      xmlns="http://www.loc.gov/standards/alto/ns-v4#"
      xsi:schemaLocation="http://www.loc.gov/standards/alto/ns-v4# http://www.loc.gov/standards/alto/v4/alto-4-2.xsd">
  <Description>
    <MeasurementUnit>pixel</MeasurementUnit>
    <sourceImageInformation>
      <fileName>1770,_Saemmtliche_Poetische_Werke,_Trattner,_VD18_12002895_Seite_490_Bild_0001.jpg</fileName>
    </sourceImageInformation>
  </Description>
  <Tags>
    <OtherTag ID="BT1" LABEL="Title" DESCRIPTION="block type Title"/><OtherTag ID="BT2" LABEL="Main" DESCRIPTION="block type Main"/><OtherTag ID="BT3" LABEL="Commentary" DESCRIPTION="block type Commentary"/><OtherTag ID="BT4" LABEL="Illustration" DESCRIPTION="block type Illustration"/><OtherTag ID="BT3925" LABEL="heading" DESCRIPTION="block type heading"/><OtherTag ID="BT3926" LABEL="paragraph" DESCRIPTION="block type paragraph"/><OtherTag ID="BT3927" LABEL="footnote" DESCRIPTION="block type footnote"/>
  </Tags>
  <Layout>
    <Page WIDTH="1104"
          HEIGHT="1763"
          PHYSICAL_IMG_NR="7"
          ID="eSc_dummypage_">
      <PrintSpace HPOS="0"
                  VPOS="0"
                  WIDTH="1104"
                  HEIGHT="1763">
        <TextBlock HPOS="408"
                   VPOS="175"
                   WIDTH="75"
                   HEIGHT="37"
                   ID="region_1737733455120_1112"
                   TAGREFS="BT3926">
          <Shape><Polygon POINTS="481 176 408 175 408 212 483 212"/></Shape>
        </TextBlock>
        <TextBlock HPOS="496"
                   VPOS="159"
                   WIDTH="570"
                   HEIGHT="60"
                   ID="region_1737733467344_1115"
                   TAGREFS="BT3926">
          <Shape><Polygon POINTS="498 164 1066 159 1064 214 496 219"/></Shape>
        </TextBlock>
        <TextBlock HPOS="397"
                   VPOS="235"
                   WIDTH="690"
                   HEIGHT="459"
                   ID="region_1737733491293_1118"
                   TAGREFS="BT3926">
          <Shape><Polygon POINTS="411 235 1026 237 1033 287 1087 366 1071 434 1019 428 1068 584 1001 588 980 638 1066 654 1074 693 406 694 397 424"/></Shape>
        </TextBlock>
        <TextBlock HPOS="924"
                   VPOS="1409"
                   WIDTH="94"
                   HEIGHT="74"
                   ID="region_1737733500570_1121"
                   TAGREFS="BT3926">
          <Shape><Polygon POINTS="935 1409 1018 1411 1010 1483 924 1473"/></Shape>
        </TextBlock>
      </PrintSpace>
    </Page>
  </Layout>
</alto>
