<?xml version="1.0" encoding="UTF-8"?>
<alto xmlns:xsi="http://www.w3.org/2001/XMLSchema-instance"
      xmlns="http://www.loc.gov/standards/alto/ns-v4#"
      xsi:schemaLocation="http://www.loc.gov/standards/alto/ns-v4# http://www.loc.gov/standards/alto/v4/alto-4-2.xsd">
  <Description>
    <MeasurementUnit>pixel</MeasurementUnit>
    <sourceImageInformation>
      <fileName>0049.jpg</fileName>
      <fileIdentifier>mets//export_doc2824_bohn_mit_zeilen_alto_202504271215.zip/0049.jpg</fileIdentifier>
    </sourceImageInformation>
  </Description>
  <Tags>
    <OtherTag ID="BT1" LABEL="Title" DESCRIPTION="block type Title"/><OtherTag ID="BT2" LABEL="Main" DESCRIPTION="block type Main"/><OtherTag ID="BT3" LABEL="Commentary" DESCRIPTION="block type Commentary"/><OtherTag ID="BT4" LABEL="Illustration" DESCRIPTION="block type Illustration"/><OtherTag ID="BT4427" LABEL="paragraph" DESCRIPTION="block type paragraph"/><OtherTag ID="BT4428" LABEL="footnote" DESCRIPTION="block type footnote"/><OtherTag ID="BT4429" LABEL="l-column" DESCRIPTION="block type l-column"/><OtherTag ID="BT4430" LABEL="r-column" DESCRIPTION="block type r-column"/><OtherTag ID="BT4431" LABEL="heading" DESCRIPTION="block type heading"/><OtherTag ID="BT4442" LABEL="text" DESCRIPTION="block type text"/>
    <OtherTag ID="LT2326" LABEL="default" DESCRIPTION="line type default"/>
  </Tags>
  <Layout>
    <Page WIDTH="682"
          HEIGHT="1079"
          PHYSICAL_IMG_NR="2"
          ID="eSc_dummypage_">
      <PrintSpace HPOS="0"
                  VPOS="0"
                  WIDTH="682"
                  HEIGHT="1079">
        <TextBlock HPOS="61.0"
                   VPOS="147.0"
                   WIDTH="338.0"
                   HEIGHT="64.0"
                   ID="region_1718640056301_322"
                   TAGREFS="BT4427">
          <Shape><Polygon POINTS="388 211 61 211 61 148 399 147"/></Shape>
          <TextLine ID="eSc_line_89b82957"
                    BASELINE="73 173 315 169" 
                    HPOS="73.0"
                    VPOS="169.0"
                    WIDTH="242.0"
                    HEIGHT="4.0">
	    <String CONTENT="So schaeme dich der Zuege nicht:"
                    HPOS="73.0"
                    VPOS="169.0"
                    WIDTH="242.0"
                    HEIGHT="4.0"></String>
          </TextLine>
          <TextLine ID="eSc_line_79d6c120"
                    BASELINE="72 193 333 186" 
                    HPOS="72.0"
                    VPOS="186.0"
                    WIDTH="261.0"
                    HEIGHT="7.0">
	    <String CONTENT="du weißt, was Anacharsis spricht,"
                    HPOS="72.0"
                    VPOS="186.0"
                    WIDTH="261.0"
                    HEIGHT="7.0"></String>
          </TextLine>
          <TextLine ID="eSc_line_37e6ccef"
                    BASELINE="72 211 378 207" 
                    HPOS="72.0"
                    VPOS="207.0"
                    WIDTH="306.0"
                    HEIGHT="4.0">
	    <String CONTENT="Und was er spricht, ist was dich schuetzt."
                    HPOS="72.0"
                    VPOS="207.0"
                    WIDTH="306.0"
                    HEIGHT="4.0"></String>
          </TextLine>
        </TextBlock>
        <TextBlock HPOS="68.0"
                   VPOS="219.0"
                   WIDTH="241.0"
                   HEIGHT="87.0"
                   ID="region_1718640063937_328"
                   TAGREFS="BT4429">
          <Shape><Polygon POINTS="309 306 68 306 68 220 68 259 99 260 99 219 309 220"/></Shape>
          <TextLine ID="eSc_line_887b1553"
                    BASELINE="100 241 301 236" 
                    HPOS="100.0"
                    VPOS="236.0"
                    WIDTH="201.0"
                    HEIGHT="5.0">
	    <String CONTENT="nachariis Sytha apud Periaa-"
                    HPOS="100.0"
                    VPOS="236.0"
                    WIDTH="201.0"
                    HEIGHT="5.0"></String>
          </TextLine>
          <TextLine ID="eSc_line_57313774"
                    BASELINE="106 255 302 253" 
                    HPOS="106.0"
                    VPOS="253.0"
                    WIDTH="196.0"
                    HEIGHT="2.0">
	    <String CONTENT="drum de bibendo præmio"
                    HPOS="106.0"
                    VPOS="253.0"
                    WIDTH="196.0"
                    HEIGHT="2.0"></String>
          </TextLine>
          <TextLine ID="eSc_line_9104c0f7"
                    BASELINE="73 273 304 269" 
                    HPOS="73.0"
                    VPOS="269.0"
                    WIDTH="231.0"
                    HEIGHT="4.0">
	    <String CONTENT="constituto, tanquam vicisset. id"
                    HPOS="73.0"
                    VPOS="269.0"
                    WIDTH="231.0"
                    HEIGHT="4.0"></String>
          </TextLine>
          <TextLine ID="eSc_line_af8e50cb"
                    BASELINE="70 292 303 286" 
                    HPOS="70.0"
                    VPOS="286.0"
                    WIDTH="233.0"
                    HEIGHT="6.0">
	    <String CONTENT="sibis dari postulavit, quoniam pri-"
                    HPOS="70.0"
                    VPOS="286.0"
                    WIDTH="233.0"
                    HEIGHT="6.0"></String>
          </TextLine>
          <TextLine ID="eSc_line_3c6bdf29"
                    BASELINE="73 305 301 302" 
                    HPOS="73.0"
                    VPOS="302.0"
                    WIDTH="228.0"
                    HEIGHT="3.0">
	    <String CONTENT="mus ominum esser inebriatus:"
                    HPOS="73.0"
                    VPOS="302.0"
                    WIDTH="228.0"
                    HEIGHT="3.0"></String>
          </TextLine>
        </TextBlock>
        <TextBlock HPOS="236.0"
                   VPOS="95.0"
                   WIDTH="161.0"
                   HEIGHT="36.0"
                   ID="region_1718640049665_316"
                   TAGREFS="BT4427">
          <Shape><Polygon POINTS="386 131 236 131 236 96 397 95"/></Shape>
          <TextLine ID="eSc_line_3e98a670"
                    BASELINE="239 129 382 129" 
                    HPOS="239.0"
                    VPOS="129.0"
                    WIDTH="143.0"
                    HEIGHT="0.0">
	    <String CONTENT="Zweytes Buch."
                    HPOS="239.0"
                    VPOS="129.0"
                    WIDTH="143.0"
                    HEIGHT="0.0"></String>
          </TextLine>
        </TextBlock>
        <TextBlock HPOS="308.0"
                   VPOS="219.0"
                   WIDTH="242.0"
                   HEIGHT="85.0"
                   ID="region_1718640068425_331"
                   TAGREFS="BT4430">
          <Shape><Polygon POINTS="550 304 308 304 308 219 550 219"/></Shape>
          <TextLine ID="eSc_line_b2f5befe"
                    BASELINE="315 238 547 232" 
                    HPOS="315.0"
                    VPOS="232.0"
                    WIDTH="232.0"
                    HEIGHT="6.0">
	    <String CONTENT="eum namque finem esse victoriæ"
                    HPOS="315.0"
                    VPOS="232.0"
                    WIDTH="232.0"
                    HEIGHT="6.0"></String>
          </TextLine>
          <TextLine ID="eSc_line_66eaff2b"
                    BASELINE="313 255 546 249" 
                    HPOS="313.0"
                    VPOS="249.0"
                    WIDTH="233.0"
                    HEIGHT="6.0">
	    <String CONTENT="quam bibendo quærerent, velut"
                    HPOS="313.0"
                    VPOS="249.0"
                    WIDTH="233.0"
                    HEIGHT="6.0"></String>
          </TextLine>
          <TextLine ID="eSc_line_e9f037be"
                    BASELINE="314 271 546 264" 
                    HPOS="314.0"
                    VPOS="264.0"
                    WIDTH="232.0"
                    HEIGHT="7.0">
	    <String CONTENT="&amp; currendi cum metam attige-"
                    HPOS="314.0"
                    VPOS="264.0"
                    WIDTH="232.0"
                    HEIGHT="7.0"></String>
          </TextLine>
          <TextLine ID="eSc_line_8520db50"
                    BASELINE="315 284 546 283" 
                    HPOS="315.0"
                    VPOS="283.0"
                    WIDTH="231.0"
                    HEIGHT="1.0">
	    <String CONTENT="runt. ATHENÆVS Vasauboni,"
                    HPOS="315.0"
                    VPOS="283.0"
                    WIDTH="231.0"
                    HEIGHT="1.0"></String>
          </TextLine>
          <TextLine ID="eSc_line_859e5779"
                    BASELINE="316 303 514 302" 
                    HPOS="316.0"
                    VPOS="302.0"
                    WIDTH="198.0"
                    HEIGHT="1.0">
	    <String CONTENT="Lib. X. cap. XI. p. 437.438."
                    HPOS="316.0"
                    VPOS="302.0"
                    WIDTH="198.0"
                    HEIGHT="1.0"></String>
          </TextLine>
        </TextBlock>
        <TextBlock HPOS="210.0"
                   VPOS="332.0"
                   WIDTH="208.0"
                   HEIGHT="47.0"
                   ID="region_1718640084609_337"
                   TAGREFS="BT4431">
          <Shape><Polygon POINTS="408 378 210 379 210 336 418 332"/></Shape>
          <TextLine ID="eSc_line_4900d62e"
                    BASELINE="224 377 406 375" 
                    HPOS="224.0"
                    VPOS="375.0"
                    WIDTH="182.0"
                    HEIGHT="2.0">
	    <String CONTENT="Das Daseyn"
                    HPOS="224.0"
                    VPOS="375.0"
                    WIDTH="182.0"
                    HEIGHT="2.0"></String>
          </TextLine>
        </TextBlock>
        <TextBlock HPOS="63.0"
                   VPOS="384.0"
                   WIDTH="487.0"
                   HEIGHT="172.0"
                   ID="region_1718640092513_343"
                   TAGREFS="BT4427">
          <Shape><Polygon POINTS="550 556 67 554 63 433 83 433 115 432 109 384 545 388"/></Shape>
          <TextLine ID="eSc_line_e0396c5b"
                    BASELINE="114 410 419 404" 
                    HPOS="114.0"
                    VPOS="404.0"
                    WIDTH="305.0"
                    HEIGHT="6.0">
	    <String CONTENT="in dunkler Feind erheiternder Getraenke,"
                    HPOS="114.0"
                    VPOS="404.0"
                    WIDTH="305.0"
                    HEIGHT="6.0"></String>
          </TextLine>
          <TextLine ID="eSc_line_2b4457d1"
                    BASELINE="120 432 386 423" 
                    HPOS="120.0"
                    VPOS="423.0"
                    WIDTH="266.0"
                    HEIGHT="9.0">
	    <String CONTENT="Ein Philosoph, trat neulich hin"
                    HPOS="120.0"
                    VPOS="423.0"
                    WIDTH="266.0"
                    HEIGHT="9.0"></String>
          </TextLine>
          <TextLine ID="eSc_line_4e6e3aa2"
                    BASELINE="78 452 412 440" 
                    HPOS="78.0"
                    VPOS="440.0"
                    WIDTH="334.0"
                    HEIGHT="12.0">
	    <String CONTENT="Und sprach : Ihr Herren, wisst, ich bin."
                    HPOS="78.0"
                    VPOS="440.0"
                    WIDTH="334.0"
                    HEIGHT="12.0"></String>
          </TextLine>
          <TextLine ID="eSc_line_73e29a41"
                    BASELINE="79 472 541 463" 
                    HPOS="79.0"
                    VPOS="463.0"
                    WIDTH="462.0"
                    HEIGHT="9.0">
	    <String CONTENT="Glaubt mir, ich bin. Ja, ja! Warum? Weil ich gedenke."
                    HPOS="79.0"
                    VPOS="463.0"
                    WIDTH="462.0"
                    HEIGHT="9.0"></String>
          </TextLine>
          <TextLine ID="eSc_line_dac84ea7"
                    BASELINE="110 498 461 495" 
                    HPOS="110.0"
                    VPOS="495.0"
                    WIDTH="351.0"
                    HEIGHT="3.0">
	    <String CONTENT="Ein Saeufer kam und taumelt&#x27; ihm entgegen,"
                    HPOS="110.0"
                    VPOS="495.0"
                    WIDTH="351.0"
                    HEIGHT="3.0"></String>
          </TextLine>
          <TextLine ID="eSc_line_213bf031"
                    BASELINE="84 519 398 515" 
                    HPOS="84.0"
                    VPOS="515.0"
                    WIDTH="314.0"
                    HEIGHT="4.0">
	    <String CONTENT="Und schwurbey seinem Wirth und Wein:"
                    HPOS="84.0"
                    VPOS="515.0"
                    WIDTH="314.0"
                    HEIGHT="4.0"></String>
          </TextLine>
          <TextLine ID="eSc_line_4131bffd"
                    BASELINE="88 540 348 537" 
                    HPOS="88.0"
                    VPOS="537.0"
                    WIDTH="260.0"
                    HEIGHT="3.0">
	    <String CONTENT="Ich trink; o darum muß ich seyn."
                    HPOS="88.0"
                    VPOS="537.0"
                    WIDTH="260.0"
                    HEIGHT="3.0"></String>
          </TextLine>
        </TextBlock>
        <TextBlock HPOS="504.0"
                   VPOS="88.0"
                   WIDTH="58.0"
                   HEIGHT="51.0"
                   ID="region_1718640052001_319"
                   TAGREFS="BT4427">
          <Shape><Polygon POINTS="543 139 504 139 504 88 562 95"/></Shape>
          <TextLine ID="eSc_line_d1d9a2e2"
                    BASELINE="513 127 541 127" 
                    HPOS="513.0"
                    VPOS="127.0"
                    WIDTH="28.0"
                    HEIGHT="0.0">
	    <String CONTENT="47"
                    HPOS="513.0"
                    VPOS="127.0"
                    WIDTH="28.0"
                    HEIGHT="0.0"></String>
          </TextLine>
        </TextBlock>
        <TextBlock HPOS="152.0"
                   VPOS="582.0"
                   WIDTH="355.0"
                   HEIGHT="39.0"
                   ID="region_1718640107120_349"
                   TAGREFS="BT4431">
          <Shape><Polygon POINTS="482 621 152 621 152 587 507 582"/></Shape>
          <TextLine ID="eSc_line_e6155475"
                    BASELINE="161 620 483 619" 
                    HPOS="161.0"
                    VPOS="619.0"
                    WIDTH="322.0"
                    HEIGHT="1.0">
	    <String CONTENT="Die Ursache der Kriege."
                    HPOS="161.0"
                    VPOS="619.0"
                    WIDTH="322.0"
                    HEIGHT="1.0"></String>
          </TextLine>
        </TextBlock>
        <TextBlock HPOS="72.0"
                   VPOS="626.0"
                   WIDTH="441.0"
                   HEIGHT="132.0"
                   ID="region_1718640113813_355"
                   TAGREFS="BT4427">
          <Shape><Polygon POINTS="513 758 72 758 72 678 135 676 136 681 135 629 513 626"/></Shape>
          <TextLine ID="eSc_line_a932ad6d"
                    BASELINE="136 657 472 651" 
                    HPOS="136.0"
                    VPOS="651.0"
                    WIDTH="336.0"
                    HEIGHT="6.0">
	    <String CONTENT="ein! sage mir, warum die Fuersten fechten?"
                    HPOS="136.0"
                    VPOS="651.0"
                    WIDTH="336.0"
                    HEIGHT="6.0"></String>
          </TextLine>
          <TextLine ID="eSc_line_ff231aae"
                    BASELINE="141 678 401 673" 
                    HPOS="141.0"
                    VPOS="673.0"
                    WIDTH="260.0"
                    HEIGHT="5.0">
	    <String CONTENT="Fragt Goergel den Gevatter Hein."
                    HPOS="141.0"
                    VPOS="673.0"
                    WIDTH="260.0"
                    HEIGHT="5.0"></String>
          </TextLine>
          <TextLine ID="eSc_line_f266aa0d"
                    BASELINE="85 700 502 691" 
                    HPOS="85.0"
                    VPOS="691.0"
                    WIDTH="417.0"
                    HEIGHT="9.0">
	    <String CONTENT="Der lacht und spricht: Wenn sie, wie wir gedächten;"
                    HPOS="85.0"
                    VPOS="691.0"
                    WIDTH="417.0"
                    HEIGHT="9.0"></String>
          </TextLine>
          <TextLine ID="eSc_line_ca4c14d8"
                    BASELINE="89 717 318 714" 
                    HPOS="89.0"
                    VPOS="714.0"
                    WIDTH="229.0"
                    HEIGHT="3.0">
	    <String CONTENT="Sie stellten alle Haendel ein."
                    HPOS="89.0"
                    VPOS="714.0"
                    WIDTH="229.0"
                    HEIGHT="3.0"></String>
          </TextLine>
          <TextLine ID="eSc_line_69935b15"
                    BASELINE="88 740 452 736" 
                    HPOS="88.0"
                    VPOS="736.0"
                    WIDTH="364.0"
                    HEIGHT="4.0">
	    <String CONTENT="Wenn sie, wie wir, nur oft zusammen zechten;"
                    HPOS="88.0"
                    VPOS="736.0"
                    WIDTH="364.0"
                    HEIGHT="4.0"></String>
          </TextLine>
          <TextLine ID="eSc_line_16be3cf5"
                    BASELINE="91 756 383 758" 
                    HPOS="91.0"
                    VPOS="756.0"
                    WIDTH="292.0"
                    HEIGHT="2.0">
	    <String CONTENT="Sie würden Freund und Brueder seyn."
                    HPOS="91.0"
                    VPOS="756.0"
                    WIDTH="292.0"
                    HEIGHT="2.0"></String>
          </TextLine>
        </TextBlock>
        <TextBlock HPOS="145.0"
                   VPOS="791.0"
                   WIDTH="367.0"
                   HEIGHT="46.0"
                   ID="region_1718640139793_361"
                   TAGREFS="BT4431">
          <Shape><Polygon POINTS="512 828 145 837 145 791 509 791"/></Shape>
          <TextLine ID="eSc_line_11a20018"
                    BASELINE="158 832 502 827" 
                    HPOS="158.0"
                    VPOS="827.0"
                    WIDTH="344.0"
                    HEIGHT="5.0">
	    <String CONTENT="Der ordentliche Hausstand."
                    HPOS="158.0"
                    VPOS="827.0"
                    WIDTH="344.0"
                    HEIGHT="5.0"></String>
          </TextLine>
        </TextBlock>
        <TextBlock HPOS="121.0"
                   VPOS="836.0"
                   WIDTH="48.0"
                   HEIGHT="49.0"
                   ID="region_1718640142392_364"
                   TAGREFS="BT4427">
          <Shape><Polygon POINTS="169 884 125 885 121 837 166 836"/></Shape>
          <TextLine ID="eSc_line_733418e7"
                    BASELINE="167 864 424 861" 
                    HPOS="167.0"
                    VPOS="861.0"
                    WIDTH="257.0"
                    HEIGHT="3.0">
	    <String CONTENT="rispin geht stets berauscht zu Bette,"
                    HPOS="167.0"
                    VPOS="861.0"
                    WIDTH="257.0"
                    HEIGHT="3.0"></String>
          </TextLine>
        </TextBlock>
        <TextBlock HPOS="120.0"
                   VPOS="835.0"
                   WIDTH="370.0"
                   HEIGHT="139.0"
                   ID="region_1718640145668_367"
                   TAGREFS="BT4427">
          <Shape><Polygon POINTS="490 974 120 974 120 914 120 888 169 886 166 835 490 836"/></Shape>
          <TextLine ID="eSc_line_226f5910"
                    BASELINE="138 906 407 902" 
                    HPOS="138.0"
                    VPOS="902.0"
                    WIDTH="269.0"
                    HEIGHT="4.0">
	    <String CONTENT="Und oefters, wann der Tag schon graut."
                    HPOS="138.0"
                    VPOS="902.0"
                    WIDTH="269.0"
                    HEIGHT="4.0"></String>
          </TextLine>
          <TextLine ID="eSc_line_926721b4"
                    BASELINE="136 928 432 921" 
                    HPOS="136.0"
                    VPOS="921.0"
                    WIDTH="296.0"
                    HEIGHT="7.0">
	    <String CONTENT="Sein Weib, die laechelnde Finette,"
                    HPOS="136.0"
                    VPOS="921.0"
                    WIDTH="296.0"
                    HEIGHT="7.0"></String>
          </TextLine>
          <TextLine ID="eSc_line_cf19588a"
                    BASELINE="135 949 454 943" 
                    HPOS="135.0"
                    VPOS="943.0"
                    WIDTH="319.0"
                    HEIGHT="6.0">
	    <String CONTENT="Lebt mit dem Nachbar recht vertraut."
                    HPOS="135.0"
                    VPOS="943.0"
                    WIDTH="319.0"
                    HEIGHT="6.0"></String>
          </TextLine>
          <TextLine ID="eSc_line_137c1261"
                    BASELINE="133 970 370 966" 
                    HPOS="133.0"
                    VPOS="966.0"
                    WIDTH="237.0"
                    HEIGHT="4.0">
	    <String CONTENT="Ihr ganzes Haus- und Wirtschaftswesen"
                    HPOS="133.0"
                    VPOS="966.0"
                    WIDTH="237.0"
                    HEIGHT="4.0"></String>
          </TextLine>
        </TextBlock>
        <TextBlock HPOS="509.0"
                   VPOS="950.0"
                   WIDTH="84.0"
                   HEIGHT="35.0"
                   ID="region_1718640148360_370"
                   TAGREFS="BT4427">
          <Shape><Polygon POINTS="571 985 509 985 509 950 593 967"/></Shape>
          <TextLine ID="eSc_line_a45adfed"
                    BASELINE="521 982 572 980" 
                    HPOS="521.0"
                    VPOS="980.0"
                    WIDTH="51.0"
                    HEIGHT="2.0">
	    <String CONTENT="Ist ordentlich und auserlesen."
                    HPOS="521.0"
                    VPOS="980.0"
                    WIDTH="51.0"
                    HEIGHT="2.0"></String>
          </TextLine>
        </TextBlock>
        <TextBlock HPOS="75.0"
                   VPOS="630.0"
                   WIDTH="59.0"
                   HEIGHT="47.0"
                   ID="region_1718640110105_352"
                   TAGREFS="BT4427">
          <Shape><Polygon POINTS="134 677 75 677 75 630 134 630"/></Shape>
        </TextBlock>
        <TextBlock HPOS="69.0"
                   VPOS="378.0"
                   WIDTH="44.0"
                   HEIGHT="54.0"
                   ID="region_1718640087133_340"
                   TAGREFS="BT4427">
          <Shape><Polygon POINTS="113 432 69 432 69 378 113 378"/></Shape>
        </TextBlock>
        <TextBlock HPOS="67.0"
                   VPOS="224.0"
                   WIDTH="34.0"
                   HEIGHT="32.0"
                   ID="region_1718640059953_325"
                   TAGREFS="BT4427">
          <Shape><Polygon POINTS="101 256 67 256 67 224 101 224"/></Shape>
        </TextBlock>
        <TextBlock ID="eSc_dummyblock_">
          <TextLine ID="eSc_line_14e983f1"
                    BASELINE="84 557 536 552" 
                    HPOS="84.0"
                    VPOS="552.0"
                    WIDTH="452.0"
                    HEIGHT="5.0">
	    <String CONTENT="Glaubt mir, ich trink: ich bin. Wer kann mich wiederlegen?"
                    HPOS="84.0"
                    VPOS="552.0"
                    WIDTH="452.0"
                    HEIGHT="5.0"></String>
          </TextLine>
          <TextLine ID="eSc_line_af42f10f"
                    BASELINE="168 886 472 882" 
                    HPOS="168.0"
                    VPOS="882.0"
                    WIDTH="304.0"
                    HEIGHT="4.0">
	    <String CONTENT="Kaum"
                    HPOS="168.0"
                    VPOS="882.0"
                    WIDTH="304.0"
                    HEIGHT="4.0"></String>
          </TextLine>
        </TextBlock>
      </PrintSpace>
    </Page>
  </Layout>
</alto>
