<?xml version="1.0" encoding="UTF-8"  standalone="yes"?>
<PcGts xmlns="http://schema.primaresearch.org/PAGE/gts/pagecontent/2019-07-15" xmlns:xsi="http://www.w3.org/2001/XMLSchema-instance" xsi:schemaLocation="http://schema.primaresearch.org/PAGE/gts/pagecontent/2019-07-15 http://schema.primaresearch.org/PAGE/gts/pagecontent/2019-07-15/pagecontent.xsd">
  <Metadata>
	<Creator>escriptorium</Creator>
	<Created>2024-07-13T11:02:29.896967+00:00</Created>
        <LastChange>2024-07-13T11:02:29.896991+00:00</LastChange>
  </Metadata>
  <Page imageFilename="1782,_Poetische_Werke,_Fleischhauer,_Bd._3,_VD18_89276881-001_Seite_015_Bild_0001.jpg" imageWidth="1187" imageHeight="2038">
    <TextRegion id="region_1720085356423_7"  custom="structure {type:page-number;}">
      <Coords points="217,168 218,134 264,133 258,172"/>
    </TextRegion>
    <TextRegion id="region_1720085365477_10"  custom="structure {type:header;}">
      <Coords points="497,181 497,115 817,116 815,181"/>
    </TextRegion>
    <TextRegion id="region_1720085396013_13"  custom="structure {type:paragraph;}">
      <Coords points="194,208 1111,204 1096,1780 161,1780"/>
    </TextRegion>
    <TextRegion id="region_1720085408199_16"  custom="structure {type:catch-word;}">
      <Coords points="976,1794 978,1840 1081,1836 1073,1786 1010,1787"/>
    </TextRegion>
  </Page>
</PcGts>
