<?xml version="1.0" encoding="UTF-8"  standalone="yes"?>
<PcGts xmlns="http://schema.primaresearch.org/PAGE/gts/pagecontent/2019-07-15" xmlns:xsi="http://www.w3.org/2001/XMLSchema-instance" xsi:schemaLocation="http://schema.primaresearch.org/PAGE/gts/pagecontent/2019-07-15 http://schema.primaresearch.org/PAGE/gts/pagecontent/2019-07-15/pagecontent.xsd">
  <Metadata>
	<Creator>escriptorium</Creator>
	<Created>2024-07-13T11:02:30.527195+00:00</Created>
        <LastChange>2024-07-13T11:02:30.527221+00:00</LastChange>
  </Metadata>
  <Page imageFilename="1782,_Poetische_Werke,_Fleischhauer,_Bd._3,_VD18_89276881-001_Seite_247_Bild_0001.jpg" imageWidth="1156" imageHeight="2033">
    <TextRegion id="region_1720086070408_123"  custom="structure {type:page-number;}">
      <Coords points="181,143 188,187 281,177 271,123"/>
    </TextRegion>
    <TextRegion id="region_1720086079636_126"  custom="structure {type:header;}">
      <Coords points="449,118 438,177 810,172 804,112"/>
    </TextRegion>
    <TextRegion id="region_1720086109187_129"  custom="structure {type:endnote;}">
      <Coords points="161,201 1112,180 1133,1681 58,1680 63,214"/>
    </TextRegion>
    <TextRegion id="region_1720086278615_163"  custom="structure {type:catch-word;}">
      <Coords points="886,1767 888,1858 1089,1845 1084,1767"/>
    </TextRegion>
  </Page>
</PcGts>
