<mets xmlns="http://www.loc.gov/METS/" xmlns:xlink="http://www.w3.org/1999/xlink">
  <fileSec>
    
    <fileGrp USE="image">
      
        <file ID="image1">
          <FLocat xlink:href="1782,_Poetische_Werke,_Fleischhauer,_Bd._3,_VD18_89276881-001_Seite_015_Bild_0001.jpg"/>
        </file>
      
        <file ID="image2">
          <FLocat xlink:href="1782,_Poetische_Werke,_Fleischhauer,_Bd._3,_VD18_89276881-001_Seite_123_Bild_0001.jpg"/>
        </file>
      
        <file ID="image3">
          <FLocat xlink:href="1782,_Poetische_Werke,_Fleischhauer,_Bd._3,_VD18_89276881-001_Seite_247_Bild_0001.jpg"/>
        </file>
      
        <file ID="image4">
          <FLocat xlink:href="1782,_Poetische_Werke,_Fleischhauer,_Bd._3,_VD18_89276881-001_Seite_283_Bild_0001.jpg"/>
        </file>
      
        <file ID="image5">
          <FLocat xlink:href="1782,_Poetische_Werke,_Fleischhauer,_Bd._3,_VD18_89276881-001_Seite_297_Bild_0001.jpg"/>
        </file>
      
    </fileGrp>
    
    <fileGrp USE="export">
      
        <file ID="export1">
          <FLocat xlink:href="1782,_Poetische_Werke,_Fleischhauer,_Bd._3,_VD18_89276881-001_Seite_015_Bild_0001.xml"/>
        </file>
      
        <file ID="export2">
          <FLocat xlink:href="1782,_Poetische_Werke,_Fleischhauer,_Bd._3,_VD18_89276881-001_Seite_123_Bild_0001.xml"/>
        </file>
      
        <file ID="export3">
          <FLocat xlink:href="1782,_Poetische_Werke,_Fleischhauer,_Bd._3,_VD18_89276881-001_Seite_247_Bild_0001.xml"/>
        </file>
      
        <file ID="export4">
          <FLocat xlink:href="1782,_Poetische_Werke,_Fleischhauer,_Bd._3,_VD18_89276881-001_Seite_283_Bild_0001.xml"/>
        </file>
      
        <file ID="export5">
          <FLocat xlink:href="1782,_Poetische_Werke,_Fleischhauer,_Bd._3,_VD18_89276881-001_Seite_297_Bild_0001.xml"/>
        </file>
      
    </fileGrp>
  </fileSec>
  <structMap TYPE="physical">
    <div TYPE="document">
      
      <div TYPE="page">
        <fptr FILEID="image1"/>
        <fptr FILEID="export1"/>
      </div>
      
      <div TYPE="page">
        <fptr FILEID="image2"/>
        <fptr FILEID="export2"/>
      </div>
      
      <div TYPE="page">
        <fptr FILEID="image3"/>
        <fptr FILEID="export3"/>
      </div>
      
      <div TYPE="page">
        <fptr FILEID="image4"/>
        <fptr FILEID="export4"/>
      </div>
      
      <div TYPE="page">
        <fptr FILEID="image5"/>
        <fptr FILEID="export5"/>
      </div>
      
    </div>
  </structMap>
</mets>
