<?xml version="1.0" encoding="UTF-8"  standalone="yes"?>
<PcGts xmlns="http://schema.primaresearch.org/PAGE/gts/pagecontent/2019-07-15" xmlns:xsi="http://www.w3.org/2001/XMLSchema-instance" xsi:schemaLocation="http://schema.primaresearch.org/PAGE/gts/pagecontent/2019-07-15 http://schema.primaresearch.org/PAGE/gts/pagecontent/2019-07-15/pagecontent.xsd">
  <Metadata>
	<Creator>escriptorium</Creator>
	<Created>2024-07-12T13:57:20.059834+00:00</Created>
        <LastChange>2024-07-12T13:57:20.059867+00:00</LastChange>
  </Metadata>
  <Page imageFilename="1775-Saemmtliche_Poetische_Werke_Schmieder_Bd_1_VD18_90914260_NEU-187.png" imageWidth="658" imageHeight="1096">
    <TextRegion id="region_1719337361989_1085"  custom="structure {type:header;}">
      <Coords points="140,129 141,91 444,93 443,129"/>
    </TextRegion>
    <TextRegion id="region_1719337367865_1088"  custom="structure {type:page-number;}">
      <Coords points="484,124 484,95 549,92 538,134"/>
    </TextRegion>
    <TextRegion id="region_1719337376975_1091"  custom="structure {type:heading;}">
      <Coords points="415,182 408,143 298,136 210,137 217,184"/>
    </TextRegion>
    <TextRegion id="TextRegion_1719337415422_1099"  custom="structure {type:drop-capital;}">
      <Coords points="99,193 155,193 157,222 165,228 162,249 99,247"/>
    </TextRegion>
    <TextRegion id="TextRegion_1719337415422_1098"  custom="structure {type:poem_lg;}">
      <Coords points="155,193 534,199 513,363 100,367 99,247 162,249 165,228 157,222"/>
    </TextRegion>
    <TextRegion id="region_1719337478380_1110"  custom="structure {type:heading;}">
      <Coords points="74,451 82,409 271,411 350,405 550,411 550,452"/>
    </TextRegion>
    <TextRegion id="TextRegion_1719337596363_1133"  custom="structure {type:drop-capital;}">
      <Coords points="80,465 122,464 125,474 132,491 130,509 105,515 80,513"/>
    </TextRegion>
    <TextRegion id="TextRegion_1719337596363_1134"  custom="structure {type:poem_lg;}">
      <Coords points="122,464 564,458 559,635 80,623 80,513 105,515 130,509 132,491 125,474"/>
    </TextRegion>
    <TextRegion id="region_1719337500446_1116"  custom="structure {type:signature-mark;}">
      <Coords points="347,670 348,643 287,639 282,671"/>
    </TextRegion>
    <TextRegion id="region_1719337508815_1119"  custom="structure {type:catch-word;}">
      <Coords points="477,671 478,642 561,645 558,676"/>
    </TextRegion>
    <TextRegion id="region_1719337521405_1122"  custom="structure {type:footnote;}">
      <Coords points="75,990 89,706 560,700 584,986"/>
    </TextRegion>
  </Page>
</PcGts>
