<?xml version="1.0" encoding="UTF-8"  standalone="yes"?>
<PcGts xmlns="http://schema.primaresearch.org/PAGE/gts/pagecontent/2019-07-15" xmlns:xsi="http://www.w3.org/2001/XMLSchema-instance" xsi:schemaLocation="http://schema.primaresearch.org/PAGE/gts/pagecontent/2019-07-15 http://schema.primaresearch.org/PAGE/gts/pagecontent/2019-07-15/pagecontent.xsd">
  <Metadata>
	<Creator>escriptorium</Creator>
	<Created>2024-07-12T13:57:17.554907+00:00</Created>
        <LastChange>2024-07-12T13:57:17.554944+00:00</LastChange>
  </Metadata>
  <Page imageFilename="1775-Saemmtliche_Poetische_Werke_Schmieder_Bd_1_VD18_90914260_NEU-144.png" imageWidth="658" imageHeight="1096">
    <TextRegion id="region_1718621452805_227"  custom="structure {type:page-number;}">
      <Coords points="121,114 175,114 175,86 121,86"/>
    </TextRegion>
    <TextRegion id="region_1718621457853_230"  custom="structure {type:header;}">
      <Coords points="247,116 478,116 478,79 247,79"/>
    </TextRegion>
    <TextRegion id="region_1718621463573_233"  custom="structure {type:paragraph;}">
      <Coords points="144,190 590,190 590,125 144,125"/>
    </TextRegion>
    <TextRegion id="region_1718621473685_239"  custom="structure {type:drop-capital;}">
      <Coords points="203,247 176,247 179,219 206,219"/>
    </TextRegion>
    <TextRegion id="region_1718621469877_236"  custom="structure {type:poem_lg;}">
      <Coords points="207,221 204,262 150,271 134,426 602,426 602,213"/>
    </TextRegion>
    <TextRegion id="region_1718621740309_266"  custom="structure {type:catch-word;}">
      <Coords points="543,476 595,476 595,444 543,444"/>
    </TextRegion>
    <TextRegion id="eSc_textblock_c9fc842b"  custom="structure {type:footnote;}">
      <Coords points="119,964 607,964 607,491 119,491"/>
    </TextRegion>
  </Page>
</PcGts>
