<?xml version="1.0" encoding="UTF-8"  standalone="yes"?>
<PcGts xmlns="http://schema.primaresearch.org/PAGE/gts/pagecontent/2019-07-15" xmlns:xsi="http://www.w3.org/2001/XMLSchema-instance" xsi:schemaLocation="http://schema.primaresearch.org/PAGE/gts/pagecontent/2019-07-15 http://schema.primaresearch.org/PAGE/gts/pagecontent/2019-07-15/pagecontent.xsd">
  <Metadata>
	<Creator>escriptorium</Creator>
	<Created>2024-07-12T13:57:18.947605+00:00</Created>
        <LastChange>2024-07-12T13:57:18.947641+00:00</LastChange>
  </Metadata>
  <Page imageFilename="1775-Saemmtliche_Poetische_Werke_Schmieder_Bd_1_VD18_90914260_NEU-161.png" imageWidth="658" imageHeight="1096">
    <TextRegion id="region_1719328433859_950"  custom="structure {type:header;}">
      <Coords points="152,119 152,85 390,83 389,116"/>
    </TextRegion>
    <TextRegion id="region_1719328439943_953"  custom="structure {type:page-number;}">
      <Coords points="473,116 471,89 521,87 522,115"/>
    </TextRegion>
    <TextRegion id="region_1719328451959_956"  custom="structure {type:poem_lg;}">
      <Coords points="49,243 49,127 487,129 487,239"/>
    </TextRegion>
    <TextRegion id="region_1719328462184_959"  custom="structure {type:poem_lg;}">
      <Coords points="53,360 50,252 112,248 515,248 528,354"/>
    </TextRegion>
    <TextRegion id="region_1719328474846_962"  custom="structure {type:signature-mark;}">
      <Coords points="261,386 261,359 314,362 309,390"/>
    </TextRegion>
    <TextRegion id="region_1719328482515_965"  custom="structure {type:catch-word;}">
      <Coords points="466,382 463,359 493,358 525,360 523,384"/>
    </TextRegion>
    <TextRegion id="region_1719328524144_968"  custom="structure {type:endnote;}">
      <Coords points="57,1014 50,383 250,385 263,393 313,395 329,376 531,389 557,998"/>
    </TextRegion>
  </Page>
</PcGts>
