<?xml version="1.0" encoding="UTF-8"  standalone="yes"?>
<PcGts xmlns="http://schema.primaresearch.org/PAGE/gts/pagecontent/2019-07-15" xmlns:xsi="http://www.w3.org/2001/XMLSchema-instance" xsi:schemaLocation="http://schema.primaresearch.org/PAGE/gts/pagecontent/2019-07-15 http://schema.primaresearch.org/PAGE/gts/pagecontent/2019-07-15/pagecontent.xsd">
  <Metadata>
	<Creator>escriptorium</Creator>
	<Created>2024-07-12T13:57:18.348874+00:00</Created>
        <LastChange>2024-07-12T13:57:18.348929+00:00</LastChange>
  </Metadata>
  <Page imageFilename="1775-Saemmtliche_Poetische_Werke_Schmieder_Bd_1_VD18_90914260_NEU-160.png" imageWidth="658" imageHeight="1096">
    <TextRegion id="region_1718626919115_657"  custom="structure {type:page-number;}">
      <Coords points="125,99 182,99 182,71 125,71"/>
    </TextRegion>
    <TextRegion id="region_1718626930354_660"  custom="structure {type:header;}">
      <Coords points="248,107 490,107 490,71 248,71"/>
    </TextRegion>
    <TextRegion id="region_1718626937563_663"  custom="structure {type:paragraph;}">
      <Coords points="113,444 602,444 602,113 113,113"/>
    </TextRegion>
    <TextRegion id="region_1718626942555_666"  custom="structure {type:paragraph;}">
      <Coords points="118,568 594,560 577,457 123,449"/>
    </TextRegion>
    <TextRegion id="region_1718626944633_669"  custom="structure {type:catch-word;}">
      <Coords points="532,591 585,591 581,567 533,567"/>
    </TextRegion>
    <TextRegion id="region_1718626950993_672"  custom="structure {type:footnote;}">
      <Coords points="97,965 482,959 491,942 585,943 617,920 621,603 100,603"/>
    </TextRegion>
    <TextRegion id="region_1718626955130_675"  custom="structure {type:catch-word;}">
      <Coords points="515,969 573,966 566,944 507,944"/>
    </TextRegion>
  </Page>
</PcGts>
