<?xml version="1.0" encoding="UTF-8"  standalone="yes"?>
<PcGts xmlns="http://schema.primaresearch.org/PAGE/gts/pagecontent/2019-07-15" xmlns:xsi="http://www.w3.org/2001/XMLSchema-instance" xsi:schemaLocation="http://schema.primaresearch.org/PAGE/gts/pagecontent/2019-07-15 http://schema.primaresearch.org/PAGE/gts/pagecontent/2019-07-15/pagecontent.xsd">
  <Metadata>
	<Creator>escriptorium</Creator>
	<Created>2024-07-12T13:57:21.886521+00:00</Created>
        <LastChange>2024-07-12T13:57:21.886550+00:00</LastChange>
  </Metadata>
  <Page imageFilename="1775-Saemmtliche_Poetische_Werke_Schmieder_Bd_1_VD18_90914260_NEU-196.png" imageWidth="658" imageHeight="1096">
    <TextRegion id="region_1718624191268_515"  custom="structure {type:catch-word;}">
      <Coords points="557,377 599,377 599,351 557,351"/>
    </TextRegion>
    <TextRegion id="region_1718624185044_509"  custom="structure {type:poem_lg;}">
      <Coords points="185,211 192,229 187,247 137,252 124,347 611,347 611,186 186,201"/>
    </TextRegion>
    <TextRegion id="region_1718624170844_500"  custom="structure {type:page-number;}">
      <Coords points="141,129 191,129 191,91 141,91"/>
    </TextRegion>
    <TextRegion id="region_1718624179900_506"  custom="structure {type:heading;}">
      <Coords points="183,185 561,185 561,134 183,134"/>
    </TextRegion>
    <TextRegion id="region_1718624188892_512"  custom="structure {type:drop-capital;}">
      <Coords points="186,223 181,243 144,243 141,197 181,199"/>
    </TextRegion>
    <TextRegion id="region_1718624217130_527"  custom="structure {type:footnote;}">
      <Coords points="620,995 131,995 131,394 620,394"/>
    </TextRegion>
    <TextRegion id="region_1718624176244_503"  custom="structure {type:header;}">
      <Coords points="241,123 529,123 529,93 241,93"/>
    </TextRegion>
  </Page>
</PcGts>
