<?xml version="1.0" encoding="UTF-8"  standalone="yes"?>
<PcGts xmlns="http://schema.primaresearch.org/PAGE/gts/pagecontent/2019-07-15" xmlns:xsi="http://www.w3.org/2001/XMLSchema-instance" xsi:schemaLocation="http://schema.primaresearch.org/PAGE/gts/pagecontent/2019-07-15 http://schema.primaresearch.org/PAGE/gts/pagecontent/2019-07-15/pagecontent.xsd">
  <Metadata>
	<Creator>escriptorium</Creator>
	<Created>2024-07-12T13:57:14.524965+00:00</Created>
        <LastChange>2024-07-12T13:57:14.524988+00:00</LastChange>
  </Metadata>
  <Page imageFilename="1775-Saemmtliche_Poetische_Werke_Schmieder_Bd_1_VD18_90914260_NEU-013.png" imageWidth="658" imageHeight="1096">
    <TextRegion id="TextRegion_1718626849852_645"  custom="structure {type:heading;}">
      <Coords points="72,77 540,77 540,137 364,177 253,177 72,137"/>
    </TextRegion>
    <TextRegion id="region_1718626661562_595"  custom="structure {type:heading;}">
      <Coords points="517,230 105,230 105,181 517,181"/>
    </TextRegion>
    <TextRegion id="region_1718626668563_598"  custom="structure {type:drop-capital;}">
      <Coords points="139,347 78,347 77,253 137,254"/>
    </TextRegion>
    <TextRegion id="region_1718626683291_601"  custom="structure {type:paragraph;}">
      <Coords points="76,350 145,350 142,290 138,264 143,255 540,258 542,942 59,950"/>
    </TextRegion>
    <TextRegion id="region_1718626685883_604"  custom="structure {type:catch-word;}">
      <Coords points="533,974 475,978 473,946 527,949"/>
    </TextRegion>
  </Page>
</PcGts>
