<?xml version="1.0" encoding="UTF-8"  standalone="yes"?>
<PcGts xmlns="http://schema.primaresearch.org/PAGE/gts/pagecontent/2019-07-15" xmlns:xsi="http://www.w3.org/2001/XMLSchema-instance" xsi:schemaLocation="http://schema.primaresearch.org/PAGE/gts/pagecontent/2019-07-15 http://schema.primaresearch.org/PAGE/gts/pagecontent/2019-07-15/pagecontent.xsd">
  <Metadata>
	<Creator>escriptorium</Creator>
	<Created>2024-07-12T13:57:17.236839+00:00</Created>
        <LastChange>2024-07-12T13:57:17.236866+00:00</LastChange>
  </Metadata>
  <Page imageFilename="1775-Saemmtliche_Poetische_Werke_Schmieder_Bd_1_VD18_90914260_NEU-089.png" imageWidth="658" imageHeight="1096">
    <TextRegion id="region_1718627434756_774"  custom="structure {type:header;}">
      <Coords points="406,114 174,114 174,79 406,79"/>
    </TextRegion>
    <TextRegion id="region_1718627437644_777"  custom="structure {type:page-number;}">
      <Coords points="533,115 486,115 486,84 533,84"/>
    </TextRegion>
    <TextRegion id="region_1718627445436_780"  custom="structure {type:poem_lg;}">
      <Coords points="71,122 535,122 538,484 71,490"/>
    </TextRegion>
    <TextRegion id="region_1718627462587_785"  custom="structure {type:catch-word;}">
      <Coords points="486,514 533,514 533,491 486,491"/>
    </TextRegion>
    <TextRegion id="region_1718627482067_790"  custom="structure {type:footnote;}">
      <Coords points="87,931 163,931 180,937 196,933 214,935 254,937 277,937 289,934 314,933 561,931 562,524 81,524"/>
    </TextRegion>
    <TextRegion id="region_1718627487980_796"  custom="structure {type:signature-mark;}">
      <Coords points="348,966 90,961 96,935 103,933 116,936 160,936 188,939 192,937 224,938 252,947 292,948 323,934 341,935"/>
    </TextRegion>
    <TextRegion id="region_1718627485235_793"  custom="structure {type:catch-word;}">
      <Coords points="492,960 537,960 530,938 503,934"/>
    </TextRegion>
  </Page>
</PcGts>
