<mets xmlns="http://www.loc.gov/METS/" xmlns:xlink="http://www.w3.org/1999/xlink">
  <fileSec>
    
    <fileGrp USE="image">
      
        <file ID="image1">
          <FLocat xlink:href="1775-Saemmtliche_Poetische_Werke_Schmieder_Bd_1_VD18_90914260_NEU-013.png"/>
        </file>
      
        <file ID="image2">
          <FLocat xlink:href="1775-Saemmtliche_Poetische_Werke_Schmieder_Bd_1_VD18_90914260_NEU-023.png"/>
        </file>
      
        <file ID="image3">
          <FLocat xlink:href="1775-Saemmtliche_Poetische_Werke_Schmieder_Bd_1_VD18_90914260_NEU-033.png"/>
        </file>
      
        <file ID="image4">
          <FLocat xlink:href="1775-Saemmtliche_Poetische_Werke_Schmieder_Bd_1_VD18_90914260_NEU-040.png"/>
        </file>
      
        <file ID="image5">
          <FLocat xlink:href="1775-Saemmtliche_Poetische_Werke_Schmieder_Bd_1_VD18_90914260_NEU-045.png"/>
        </file>
      
        <file ID="image6">
          <FLocat xlink:href="1775-Saemmtliche_Poetische_Werke_Schmieder_Bd_1_VD18_90914260_NEU-048.png"/>
        </file>
      
        <file ID="image7">
          <FLocat xlink:href="1775-Saemmtliche_Poetische_Werke_Schmieder_Bd_1_VD18_90914260_NEU-089.png"/>
        </file>
      
        <file ID="image8">
          <FLocat xlink:href="1775-Saemmtliche_Poetische_Werke_Schmieder_Bd_1_VD18_90914260_NEU-144.png"/>
        </file>
      
        <file ID="image9">
          <FLocat xlink:href="1775-Saemmtliche_Poetische_Werke_Schmieder_Bd_1_VD18_90914260_NEU-160.png"/>
        </file>
      
        <file ID="image10">
          <FLocat xlink:href="1775-Saemmtliche_Poetische_Werke_Schmieder_Bd_1_VD18_90914260_NEU-161.png"/>
        </file>
      
        <file ID="image11">
          <FLocat xlink:href="1775-Saemmtliche_Poetische_Werke_Schmieder_Bd_1_VD18_90914260_NEU-170.png"/>
        </file>
      
        <file ID="image12">
          <FLocat xlink:href="1775-Saemmtliche_Poetische_Werke_Schmieder_Bd_1_VD18_90914260_NEU-187.png"/>
        </file>
      
        <file ID="image13">
          <FLocat xlink:href="1775-Saemmtliche_Poetische_Werke_Schmieder_Bd_1_VD18_90914260_NEU-190.png"/>
        </file>
      
        <file ID="image14">
          <FLocat xlink:href="1775-Saemmtliche_Poetische_Werke_Schmieder_Bd_1_VD18_90914260_NEU-194.png"/>
        </file>
      
        <file ID="image15">
          <FLocat xlink:href="1775-Saemmtliche_Poetische_Werke_Schmieder_Bd_1_VD18_90914260_NEU-196.png"/>
        </file>
      
    </fileGrp>
    
    <fileGrp USE="export">
      
        <file ID="export1">
          <FLocat xlink:href="1775-Saemmtliche_Poetische_Werke_Schmieder_Bd_1_VD18_90914260_NEU-013.xml"/>
        </file>
      
        <file ID="export2">
          <FLocat xlink:href="1775-Saemmtliche_Poetische_Werke_Schmieder_Bd_1_VD18_90914260_NEU-023.xml"/>
        </file>
      
        <file ID="export3">
          <FLocat xlink:href="1775-Saemmtliche_Poetische_Werke_Schmieder_Bd_1_VD18_90914260_NEU-033.xml"/>
        </file>
      
        <file ID="export4">
          <FLocat xlink:href="1775-Saemmtliche_Poetische_Werke_Schmieder_Bd_1_VD18_90914260_NEU-040.xml"/>
        </file>
      
        <file ID="export5">
          <FLocat xlink:href="1775-Saemmtliche_Poetische_Werke_Schmieder_Bd_1_VD18_90914260_NEU-045.xml"/>
        </file>
      
        <file ID="export6">
          <FLocat xlink:href="1775-Saemmtliche_Poetische_Werke_Schmieder_Bd_1_VD18_90914260_NEU-048.xml"/>
        </file>
      
        <file ID="export7">
          <FLocat xlink:href="1775-Saemmtliche_Poetische_Werke_Schmieder_Bd_1_VD18_90914260_NEU-089.xml"/>
        </file>
      
        <file ID="export8">
          <FLocat xlink:href="1775-Saemmtliche_Poetische_Werke_Schmieder_Bd_1_VD18_90914260_NEU-144.xml"/>
        </file>
      
        <file ID="export9">
          <FLocat xlink:href="1775-Saemmtliche_Poetische_Werke_Schmieder_Bd_1_VD18_90914260_NEU-160.xml"/>
        </file>
      
        <file ID="export10">
          <FLocat xlink:href="1775-Saemmtliche_Poetische_Werke_Schmieder_Bd_1_VD18_90914260_NEU-161.xml"/>
        </file>
      
        <file ID="export11">
          <FLocat xlink:href="1775-Saemmtliche_Poetische_Werke_Schmieder_Bd_1_VD18_90914260_NEU-170.xml"/>
        </file>
      
        <file ID="export12">
          <FLocat xlink:href="1775-Saemmtliche_Poetische_Werke_Schmieder_Bd_1_VD18_90914260_NEU-187.xml"/>
        </file>
      
        <file ID="export13">
          <FLocat xlink:href="1775-Saemmtliche_Poetische_Werke_Schmieder_Bd_1_VD18_90914260_NEU-190.xml"/>
        </file>
      
        <file ID="export14">
          <FLocat xlink:href="1775-Saemmtliche_Poetische_Werke_Schmieder_Bd_1_VD18_90914260_NEU-194.xml"/>
        </file>
      
        <file ID="export15">
          <FLocat xlink:href="1775-Saemmtliche_Poetische_Werke_Schmieder_Bd_1_VD18_90914260_NEU-196.xml"/>
        </file>
      
    </fileGrp>
  </fileSec>
  <structMap TYPE="physical">
    <div TYPE="document">
      
      <div TYPE="page">
        <fptr FILEID="image1"/>
        <fptr FILEID="export1"/>
      </div>
      
      <div TYPE="page">
        <fptr FILEID="image2"/>
        <fptr FILEID="export2"/>
      </div>
      
      <div TYPE="page">
        <fptr FILEID="image3"/>
        <fptr FILEID="export3"/>
      </div>
      
      <div TYPE="page">
        <fptr FILEID="image4"/>
        <fptr FILEID="export4"/>
      </div>
      
      <div TYPE="page">
        <fptr FILEID="image5"/>
        <fptr FILEID="export5"/>
      </div>
      
      <div TYPE="page">
        <fptr FILEID="image6"/>
        <fptr FILEID="export6"/>
      </div>
      
      <div TYPE="page">
        <fptr FILEID="image7"/>
        <fptr FILEID="export7"/>
      </div>
      
      <div TYPE="page">
        <fptr FILEID="image8"/>
        <fptr FILEID="export8"/>
      </div>
      
      <div TYPE="page">
        <fptr FILEID="image9"/>
        <fptr FILEID="export9"/>
      </div>
      
      <div TYPE="page">
        <fptr FILEID="image10"/>
        <fptr FILEID="export10"/>
      </div>
      
      <div TYPE="page">
        <fptr FILEID="image11"/>
        <fptr FILEID="export11"/>
      </div>
      
      <div TYPE="page">
        <fptr FILEID="image12"/>
        <fptr FILEID="export12"/>
      </div>
      
      <div TYPE="page">
        <fptr FILEID="image13"/>
        <fptr FILEID="export13"/>
      </div>
      
      <div TYPE="page">
        <fptr FILEID="image14"/>
        <fptr FILEID="export14"/>
      </div>
      
      <div TYPE="page">
        <fptr FILEID="image15"/>
        <fptr FILEID="export15"/>
      </div>
      
    </div>
  </structMap>
</mets>
