<?xml version="1.0" encoding="UTF-8"?>
<alto xmlns:xsi="http://www.w3.org/2001/XMLSchema-instance"
      xmlns="http://www.loc.gov/standards/alto/ns-v4#"
      xsi:schemaLocation="http://www.loc.gov/standards/alto/ns-v4# http://www.loc.gov/standards/alto/v4/alto-4-2.xsd">
  <Description>
    <MeasurementUnit>pixel</MeasurementUnit>
    <sourceImageInformation>
      <fileName>1800,_Poetische_Werke,_Bohn,_Bd._2,_VD18_80461441_Seite_225_Bild_0001.jpg</fileName>
    </sourceImageInformation>
  </Description>
  <Tags>
    <OtherTag ID="BT1" LABEL="Title" DESCRIPTION="block type Title"/><OtherTag ID="BT2" LABEL="Main" DESCRIPTION="block type Main"/><OtherTag ID="BT3" LABEL="Commentary" DESCRIPTION="block type Commentary"/><OtherTag ID="BT4" LABEL="Illustration" DESCRIPTION="block type Illustration"/><OtherTag ID="BT4023" LABEL="paragraph" DESCRIPTION="block type paragraph"/><OtherTag ID="BT4024" LABEL="footnote" DESCRIPTION="block type footnote"/><OtherTag ID="BT4025" LABEL="heading" DESCRIPTION="block type heading"/><OtherTag ID="BT4026" LABEL="l-column" DESCRIPTION="block type l-column"/><OtherTag ID="BT4027" LABEL="r-column" DESCRIPTION="block type r-column"/><OtherTag ID="BT4167" LABEL="page-number" DESCRIPTION="block type page-number"/><OtherTag ID="BT4168" LABEL="header" DESCRIPTION="block type header"/><OtherTag ID="BT4169" LABEL="poem_lg" DESCRIPTION="block type poem_lg"/><OtherTag ID="BT4170" LABEL="catch-word" DESCRIPTION="block type catch-word"/><OtherTag ID="BT4171" LABEL="endnote" DESCRIPTION="block type endnote"/><OtherTag ID="BT4172" LABEL="signature-mark" DESCRIPTION="block type signature-mark"/><OtherTag ID="BT4173" LABEL="drop-capital" DESCRIPTION="block type drop-capital"/>
  </Tags>
  <Layout>
    <Page WIDTH="1866"
          HEIGHT="2730"
          PHYSICAL_IMG_NR="25"
          ID="eSc_dummypage_">
      <PrintSpace HPOS="0"
                  VPOS="0"
                  WIDTH="1866"
                  HEIGHT="2730">
        <TextBlock HPOS="708.0"
                   VPOS="303.0"
                   WIDTH="118.0"
                   HEIGHT="102.0"
                   ID="region_1720777590452_3"
                   TAGREFS="BT4023">
          <Shape><Polygon POINTS="826 393 708 405 708 315 826 303"/></Shape>
        </TextBlock>
        <TextBlock HPOS="585.0"
                   VPOS="420.0"
                   WIDTH="401.0"
                   HEIGHT="64.0"
                   ID="region_1720777595264_6"
                   TAGREFS="BT4025">
          <Shape><Polygon POINTS="958 484 586 484 585 420 986 421"/></Shape>
        </TextBlock>
        <TextBlock HPOS="295.0"
                   VPOS="498.0"
                   WIDTH="817.0"
                   HEIGHT="810.0"
                   ID="region_1720777599798_9"
                   TAGREFS="BT4023">
          <Shape><Polygon POINTS="1112 1308 304 1308 295 498 1065 498"/></Shape>
        </TextBlock>
        <TextBlock HPOS="277.0"
                   VPOS="1430.0"
                   WIDTH="1024.0"
                   HEIGHT="288.0"
                   ID="region_1720777610258_15"
                   TAGREFS="BT4025">
          <Shape><Polygon POINTS="1301 1718 277 1718 277 1430 1301 1430"/></Shape>
        </TextBlock>
        <TextBlock HPOS="208.0"
                   VPOS="1744.0"
                   WIDTH="1127.0"
                   HEIGHT="579.0"
                   ID="region_1720777618653_21"
                   TAGREFS="BT4023">
          <Shape><Polygon POINTS="1335 2320 208 2323 208 1744 1312 1744"/></Shape>
        </TextBlock>
      </PrintSpace>
    </Page>
  </Layout>
</alto>
