<?xml version="1.0" encoding="UTF-8"?>
<alto xmlns:xsi="http://www.w3.org/2001/XMLSchema-instance"
      xmlns="http://www.loc.gov/standards/alto/ns-v4#"
      xsi:schemaLocation="http://www.loc.gov/standards/alto/ns-v4# http://www.loc.gov/standards/alto/v4/alto-4-2.xsd">
  <Description>
    <MeasurementUnit>pixel</MeasurementUnit>
    <sourceImageInformation>
      <fileName>1800,_Poetische_Werke,_Bohn,_Bd._1,_VD18_80461433_Seite_176_Bild_0001.jpg</fileName>
    </sourceImageInformation>
  </Description>
  <Tags>
    <OtherTag ID="BT1" LABEL="Title" DESCRIPTION="block type Title"/><OtherTag ID="BT2" LABEL="Main" DESCRIPTION="block type Main"/><OtherTag ID="BT3" LABEL="Commentary" DESCRIPTION="block type Commentary"/><OtherTag ID="BT4" LABEL="Illustration" DESCRIPTION="block type Illustration"/><OtherTag ID="BT4023" LABEL="paragraph" DESCRIPTION="block type paragraph"/><OtherTag ID="BT4024" LABEL="footnote" DESCRIPTION="block type footnote"/><OtherTag ID="BT4025" LABEL="heading" DESCRIPTION="block type heading"/><OtherTag ID="BT4026" LABEL="l-column" DESCRIPTION="block type l-column"/><OtherTag ID="BT4027" LABEL="r-column" DESCRIPTION="block type r-column"/><OtherTag ID="BT4167" LABEL="page-number" DESCRIPTION="block type page-number"/><OtherTag ID="BT4168" LABEL="header" DESCRIPTION="block type header"/><OtherTag ID="BT4169" LABEL="poem_lg" DESCRIPTION="block type poem_lg"/><OtherTag ID="BT4170" LABEL="catch-word" DESCRIPTION="block type catch-word"/><OtherTag ID="BT4171" LABEL="endnote" DESCRIPTION="block type endnote"/><OtherTag ID="BT4172" LABEL="signature-mark" DESCRIPTION="block type signature-mark"/><OtherTag ID="BT4173" LABEL="drop-capital" DESCRIPTION="block type drop-capital"/>
  </Tags>
  <Layout>
    <Page WIDTH="1869"
          HEIGHT="2751"
          PHYSICAL_IMG_NR="22"
          ID="eSc_dummypage_">
      <PrintSpace HPOS="0"
                  VPOS="0"
                  WIDTH="1869"
                  HEIGHT="2751">
        <TextBlock HPOS="685.0"
                   VPOS="526.0"
                   WIDTH="1043.0"
                   HEIGHT="272.0"
                   ID="region_1720346412645_402"
                   TAGREFS="BT4023">
          <Shape><Polygon POINTS="1728 798 685 797 688 610 759 612 761 531 1728 526"/></Shape>
        </TextBlock>
        <TextBlock HPOS="688.0"
                   VPOS="531.0"
                   WIDTH="69.0"
                   HEIGHT="73.0"
                   ID="region_1720346408669_399"
                   TAGREFS="BT4023">
          <Shape><Polygon POINTS="757 604 688 604 688 531 757 531"/></Shape>
        </TextBlock>
        <TextBlock HPOS="661.0"
                   VPOS="1039.0"
                   WIDTH="1065.0"
                   HEIGHT="523.0"
                   ID="region_1720346423117_411"
                   TAGREFS="BT4023">
          <Shape><Polygon POINTS="1726 1561 661 1562 670 1107 739 1107 739 1044 1726 1039"/></Shape>
        </TextBlock>
        <TextBlock HPOS="684.0"
                   VPOS="1030.0"
                   WIDTH="52.0"
                   HEIGHT="68.0"
                   ID="region_1720346418577_408"
                   TAGREFS="BT4023">
          <Shape><Polygon POINTS="736 1098 686 1098 684 1030 734 1030"/></Shape>
        </TextBlock>
        <TextBlock HPOS="668.0"
                   VPOS="1767.0"
                   WIDTH="940.0"
                   HEIGHT="243.0"
                   ID="region_1720346454475_420"
                   TAGREFS="BT4023">
          <Shape><Polygon POINTS="1608 2010 676 1999 668 1844 733 1843 735 1776 1608 1767"/></Shape>
        </TextBlock>
        <TextBlock HPOS="671.0"
                   VPOS="1773.0"
                   WIDTH="58.0"
                   HEIGHT="63.0"
                   ID="region_1720346451456_417"
                   TAGREFS="BT4023">
          <Shape><Polygon POINTS="725 1836 671 1836 672 1773 729 1774"/></Shape>
        </TextBlock>
        <TextBlock HPOS="1161.0"
                   VPOS="358.0"
                   WIDTH="96.0"
                   HEIGHT="76.0"
                   ID="region_1720346399493_393"
                   TAGREFS="BT4023">
          <Shape><Polygon POINTS="1257 434 1161 434 1161 358 1247 363"/></Shape>
        </TextBlock>
        <TextBlock HPOS="1002.0"
                   VPOS="456.0"
                   WIDTH="391.0"
                   HEIGHT="60.0"
                   ID="region_1720346405033_396"
                   TAGREFS="BT4025">
          <Shape><Polygon POINTS="1390 516 1002 516 1013 456 1393 456"/></Shape>
        </TextBlock>
        <TextBlock HPOS="870.0"
                   VPOS="944.0"
                   WIDTH="667.0"
                   HEIGHT="82.0"
                   ID="region_1720346416149_405"
                   TAGREFS="BT4025">
          <Shape><Polygon POINTS="1537 1026 870 1026 870 944 1517 947"/></Shape>
        </TextBlock>
        <TextBlock HPOS="879.0"
                   VPOS="1681.0"
                   WIDTH="640.0"
                   HEIGHT="74.0"
                   ID="region_1720346448361_414"
                   TAGREFS="BT4025">
          <Shape><Polygon POINTS="1507 1755 879 1755 879 1684 1519 1681"/></Shape>
        </TextBlock>
        <TextBlock HPOS="628.0"
                   VPOS="2078.0"
                   WIDTH="1101.0"
                   HEIGHT="296.0"
                   ID="region_1720346459325_423"
                   TAGREFS="BT4024">
          <Shape><Polygon POINTS="1711 2373 628 2374 628 2078 1729 2078"/></Shape>
        </TextBlock>
      </PrintSpace>
    </Page>
  </Layout>
</alto>
