<?xml version="1.0" encoding="UTF-8"?>
<alto xmlns:xsi="http://www.w3.org/2001/XMLSchema-instance"
      xmlns="http://www.loc.gov/standards/alto/ns-v4#"
      xsi:schemaLocation="http://www.loc.gov/standards/alto/ns-v4# http://www.loc.gov/standards/alto/v4/alto-4-2.xsd">
  <Description>
    <MeasurementUnit>pixel</MeasurementUnit>
    <sourceImageInformation>
      <fileName>1800,_Poetische_Werke,_Bohn,_Bd._3,_VD18_8046145X_Seite_202_Bild_0001.jpg</fileName>
    </sourceImageInformation>
  </Description>
  <Tags>
    <OtherTag ID="BT1" LABEL="Title" DESCRIPTION="block type Title"/><OtherTag ID="BT2" LABEL="Main" DESCRIPTION="block type Main"/><OtherTag ID="BT3" LABEL="Commentary" DESCRIPTION="block type Commentary"/><OtherTag ID="BT4" LABEL="Illustration" DESCRIPTION="block type Illustration"/><OtherTag ID="BT4023" LABEL="paragraph" DESCRIPTION="block type paragraph"/><OtherTag ID="BT4024" LABEL="footnote" DESCRIPTION="block type footnote"/><OtherTag ID="BT4025" LABEL="heading" DESCRIPTION="block type heading"/><OtherTag ID="BT4026" LABEL="l-column" DESCRIPTION="block type l-column"/><OtherTag ID="BT4027" LABEL="r-column" DESCRIPTION="block type r-column"/><OtherTag ID="BT4167" LABEL="page-number" DESCRIPTION="block type page-number"/><OtherTag ID="BT4168" LABEL="header" DESCRIPTION="block type header"/><OtherTag ID="BT4169" LABEL="poem_lg" DESCRIPTION="block type poem_lg"/><OtherTag ID="BT4170" LABEL="catch-word" DESCRIPTION="block type catch-word"/><OtherTag ID="BT4171" LABEL="endnote" DESCRIPTION="block type endnote"/><OtherTag ID="BT4172" LABEL="signature-mark" DESCRIPTION="block type signature-mark"/><OtherTag ID="BT4173" LABEL="drop-capital" DESCRIPTION="block type drop-capital"/>
  </Tags>
  <Layout>
    <Page WIDTH="1763"
          HEIGHT="2767"
          PHYSICAL_IMG_NR="29"
          ID="eSc_dummypage_">
      <PrintSpace HPOS="0"
                  VPOS="0"
                  WIDTH="1763"
                  HEIGHT="2767">
        <TextBlock HPOS="972.0"
                   VPOS="369.0"
                   WIDTH="135.0"
                   HEIGHT="72.0"
                   ID="region_1720166825624_587"
                   TAGREFS="BT4023">
          <Shape><Polygon POINTS="1107 441 989 441 972 403 988 369 1106 369"/></Shape>
        </TextBlock>
        <TextBlock HPOS="522.0"
                   VPOS="448.0"
                   WIDTH="919.0"
                   HEIGHT="840.0"
                   ID="region_1724226397064_146"
                   TAGREFS="BT4023">
          <Shape><Polygon POINTS="1441 990 1434 1288 522 1288 522 448 1434 448"/></Shape>
        </TextBlock>
        <TextBlock HPOS="545.0"
                   VPOS="1520.0"
                   WIDTH="1001.0"
                   HEIGHT="82.0"
                   ID="region_1720166875649_603"
                   TAGREFS="BT4024">
          <Shape><Polygon POINTS="1546 1602 545 1602 545 1538 1202 1520 1546 1538"/></Shape>
        </TextBlock>
        <TextBlock HPOS="469.0"
                   VPOS="1621.0"
                   WIDTH="1121.0"
                   HEIGHT="785.0"
                   ID="region_1720166881913_606"
                   TAGREFS="BT4024">
          <Shape><Polygon POINTS="1590 1980 1570 2406 471 2406 469 1621 1568 1621"/></Shape>
        </TextBlock>
      </PrintSpace>
    </Page>
  </Layout>
</alto>
