<?xml version="1.0" encoding="UTF-8"?>
<alto xmlns:xsi="http://www.w3.org/2001/XMLSchema-instance"
      xmlns="http://www.loc.gov/standards/alto/ns-v4#"
      xsi:schemaLocation="http://www.loc.gov/standards/alto/ns-v4# http://www.loc.gov/standards/alto/v4/alto-4-2.xsd">
  <Description>
    <MeasurementUnit>pixel</MeasurementUnit>
    <sourceImageInformation>
      <fileName>1800,_Poetische_Werke,_Bohn,_Bd._1,_VD18_80461433_Seite_207_Bild_0001.jpg</fileName>
    </sourceImageInformation>
  </Description>
  <Tags>
    <OtherTag ID="BT1" LABEL="Title" DESCRIPTION="block type Title"/><OtherTag ID="BT2" LABEL="Main" DESCRIPTION="block type Main"/><OtherTag ID="BT3" LABEL="Commentary" DESCRIPTION="block type Commentary"/><OtherTag ID="BT4" LABEL="Illustration" DESCRIPTION="block type Illustration"/><OtherTag ID="BT4023" LABEL="paragraph" DESCRIPTION="block type paragraph"/><OtherTag ID="BT4024" LABEL="footnote" DESCRIPTION="block type footnote"/><OtherTag ID="BT4025" LABEL="heading" DESCRIPTION="block type heading"/><OtherTag ID="BT4026" LABEL="l-column" DESCRIPTION="block type l-column"/><OtherTag ID="BT4027" LABEL="r-column" DESCRIPTION="block type r-column"/><OtherTag ID="BT4167" LABEL="page-number" DESCRIPTION="block type page-number"/><OtherTag ID="BT4168" LABEL="header" DESCRIPTION="block type header"/><OtherTag ID="BT4169" LABEL="poem_lg" DESCRIPTION="block type poem_lg"/><OtherTag ID="BT4170" LABEL="catch-word" DESCRIPTION="block type catch-word"/><OtherTag ID="BT4171" LABEL="endnote" DESCRIPTION="block type endnote"/><OtherTag ID="BT4172" LABEL="signature-mark" DESCRIPTION="block type signature-mark"/><OtherTag ID="BT4173" LABEL="drop-capital" DESCRIPTION="block type drop-capital"/>
  </Tags>
  <Layout>
    <Page WIDTH="1869"
          HEIGHT="2751"
          PHYSICAL_IMG_NR="23"
          ID="eSc_dummypage_">
      <PrintSpace HPOS="0"
                  VPOS="0"
                  WIDTH="1869"
                  HEIGHT="2751">
        <TextBlock HPOS="627.0"
                   VPOS="384.0"
                   WIDTH="112.0"
                   HEIGHT="57.0"
                   ID="region_1720346703284_465"
                   TAGREFS="BT4023">
          <Shape><Polygon POINTS="739 435 627 441 627 384 735 384"/></Shape>
        </TextBlock>
        <TextBlock HPOS="431.0"
                   VPOS="461.0"
                   WIDTH="509.0"
                   HEIGHT="72.0"
                   ID="region_1720346707076_468"
                   TAGREFS="BT4025">
          <Shape><Polygon POINTS="940 528 435 533 431 461 940 461"/></Shape>
        </TextBlock>
        <TextBlock HPOS="182.0"
                   VPOS="536.0"
                   WIDTH="63.0"
                   HEIGHT="67.0"
                   ID="region_1720346711288_471"
                   TAGREFS="BT4023">
          <Shape><Polygon POINTS="245 603 182 603 182 536 245 536"/></Shape>
        </TextBlock>
        <TextBlock HPOS="174.0"
                   VPOS="541.0"
                   WIDTH="883.0"
                   HEIGHT="134.0"
                   ID="region_1720346716048_474"
                   TAGREFS="BT4023">
          <Shape><Polygon POINTS="1057 675 174 675 175 604 244 606 252 541 1057 542"/></Shape>
        </TextBlock>
        <TextBlock HPOS="492.0"
                   VPOS="810.0"
                   WIDTH="406.0"
                   HEIGHT="72.0"
                   ID="region_1720346720096_477"
                   TAGREFS="BT4025">
          <Shape><Polygon POINTS="898 869 492 882 496 810 895 810"/></Shape>
        </TextBlock>
        <TextBlock HPOS="185.0"
                   VPOS="889.0"
                   WIDTH="49.0"
                   HEIGHT="57.0"
                   ID="region_1720346723480_480"
                   TAGREFS="BT4023">
          <Shape><Polygon POINTS="234 946 185 945 185 889 234 890"/></Shape>
        </TextBlock>
        <TextBlock HPOS="183.0"
                   VPOS="890.0"
                   WIDTH="1024.0"
                   HEIGHT="128.0"
                   ID="region_1720346728347_483"
                   TAGREFS="BT4023">
          <Shape><Polygon POINTS="1207 1018 183 1015 183 954 236 951 242 895 1207 890"/></Shape>
        </TextBlock>
        <TextBlock HPOS="498.0"
                   VPOS="1164.0"
                   WIDTH="403.0"
                   HEIGHT="64.0"
                   ID="region_1720346731856_486"
                   TAGREFS="BT4025">
          <Shape><Polygon POINTS="901 1228 498 1228 498 1164 883 1164"/></Shape>
        </TextBlock>
        <TextBlock HPOS="191.0"
                   VPOS="1237.0"
                   WIDTH="48.0"
                   HEIGHT="68.0"
                   ID="region_1720346735412_489"
                   TAGREFS="BT4023">
          <Shape><Polygon POINTS="239 1305 191 1305 191 1237 239 1237"/></Shape>
        </TextBlock>
        <TextBlock HPOS="182.0"
                   VPOS="1238.0"
                   WIDTH="1069.0"
                   HEIGHT="273.0"
                   ID="region_1720346738680_492"
                   TAGREFS="BT4023">
          <Shape><Polygon POINTS="1248 1511 182 1509 183 1311 243 1307 246 1241 1251 1238"/></Shape>
        </TextBlock>
        <TextBlock HPOS="153.0"
                   VPOS="1575.0"
                   WIDTH="1165.0"
                   HEIGHT="835.0"
                   ID="region_1720346751144_495"
                   TAGREFS="BT4024">
          <Shape><Polygon POINTS="1318 2410 153 2410 153 1575 1275 1602"/></Shape>
        </TextBlock>
      </PrintSpace>
    </Page>
  </Layout>
</alto>
