<?xml version="1.0" encoding="UTF-8"?>
<alto xmlns:xsi="http://www.w3.org/2001/XMLSchema-instance"
      xmlns="http://www.loc.gov/standards/alto/ns-v4#"
      xsi:schemaLocation="http://www.loc.gov/standards/alto/ns-v4# http://www.loc.gov/standards/alto/v4/alto-4-2.xsd">
  <Description>
    <MeasurementUnit>pixel</MeasurementUnit>
    <sourceImageInformation>
      <fileName>1800,_Poetische_Werke,_Bohn,_Bd._2,_VD18_80461441_Seite_229_Bild_0001.jpg</fileName>
    </sourceImageInformation>
  </Description>
  <Tags>
    <OtherTag ID="BT1" LABEL="Title" DESCRIPTION="block type Title"/><OtherTag ID="BT2" LABEL="Main" DESCRIPTION="block type Main"/><OtherTag ID="BT3" LABEL="Commentary" DESCRIPTION="block type Commentary"/><OtherTag ID="BT4" LABEL="Illustration" DESCRIPTION="block type Illustration"/><OtherTag ID="BT4023" LABEL="paragraph" DESCRIPTION="block type paragraph"/><OtherTag ID="BT4024" LABEL="footnote" DESCRIPTION="block type footnote"/><OtherTag ID="BT4025" LABEL="heading" DESCRIPTION="block type heading"/><OtherTag ID="BT4026" LABEL="l-column" DESCRIPTION="block type l-column"/><OtherTag ID="BT4027" LABEL="r-column" DESCRIPTION="block type r-column"/><OtherTag ID="BT4167" LABEL="page-number" DESCRIPTION="block type page-number"/><OtherTag ID="BT4168" LABEL="header" DESCRIPTION="block type header"/><OtherTag ID="BT4169" LABEL="poem_lg" DESCRIPTION="block type poem_lg"/><OtherTag ID="BT4170" LABEL="catch-word" DESCRIPTION="block type catch-word"/><OtherTag ID="BT4171" LABEL="endnote" DESCRIPTION="block type endnote"/><OtherTag ID="BT4172" LABEL="signature-mark" DESCRIPTION="block type signature-mark"/><OtherTag ID="BT4173" LABEL="drop-capital" DESCRIPTION="block type drop-capital"/>
  </Tags>
  <Layout>
    <Page WIDTH="1866"
          HEIGHT="2730"
          PHYSICAL_IMG_NR="26"
          ID="eSc_dummypage_">
      <PrintSpace HPOS="0"
                  VPOS="0"
                  WIDTH="1866"
                  HEIGHT="2730">
        <TextBlock HPOS="697.0"
                   VPOS="312.0"
                   WIDTH="144.0"
                   HEIGHT="61.0"
                   ID="region_1720778268665_55"
                   TAGREFS="BT4023">
          <Shape><Polygon POINTS="841 369 697 373 697 312 812 312"/></Shape>
        </TextBlock>
        <TextBlock HPOS="184.0"
                   VPOS="383.0"
                   WIDTH="1142.0"
                   HEIGHT="518.0"
                   ID="region_1720778272473_58"
                   TAGREFS="BT4023">
          <Shape><Polygon POINTS="1326 899 184 901 188 383 1315 383"/></Shape>
        </TextBlock>
        <TextBlock HPOS="551.0"
                   VPOS="1029.0"
                   WIDTH="367.0"
                   HEIGHT="71.0"
                   ID="region_1720778275832_61"
                   TAGREFS="BT4025">
          <Shape><Polygon POINTS="901 1100 554 1100 551 1029 918 1029"/></Shape>
        </TextBlock>
        <TextBlock HPOS="178.0"
                   VPOS="1115.0"
                   WIDTH="1143.0"
                   HEIGHT="906.0"
                   ID="region_1720778279849_64"
                   TAGREFS="BT4023">
          <Shape><Polygon POINTS="1287 2021 199 2021 178 1115 1321 1118"/></Shape>
        </TextBlock>
        <TextBlock HPOS="184.0"
                   VPOS="2138.0"
                   WIDTH="1116.0"
                   HEIGHT="159.0"
                   ID="region_1720778291749_70"
                   TAGREFS="BT4024">
          <Shape><Polygon POINTS="1300 2297 194 2297 184 2138 1290 2138"/></Shape>
        </TextBlock>
        <TextBlock HPOS="641.0"
                   VPOS="2309.0"
                   WIDTH="194.0"
                   HEIGHT="69.0"
                   ID="region_1720778294529_73"
                   TAGREFS="BT4023">
          <Shape><Polygon POINTS="813 2362 641 2378 643 2309 835 2309"/></Shape>
        </TextBlock>
      </PrintSpace>
    </Page>
  </Layout>
</alto>
