<?xml version="1.0" encoding="UTF-8"?>
<alto xmlns:xsi="http://www.w3.org/2001/XMLSchema-instance"
      xmlns="http://www.loc.gov/standards/alto/ns-v4#"
      xsi:schemaLocation="http://www.loc.gov/standards/alto/ns-v4# http://www.loc.gov/standards/alto/v4/alto-4-2.xsd">
  <Description>
    <MeasurementUnit>pixel</MeasurementUnit>
    <sourceImageInformation>
      <fileName>1800,_Poetische_Werke,_Bohn,_Bd._5,_VD18_80461476_Seite_054_Bild_0001.jpg</fileName>
    </sourceImageInformation>
  </Description>
  <Tags>
    <OtherTag ID="BT1" LABEL="Title" DESCRIPTION="block type Title"/><OtherTag ID="BT2" LABEL="Main" DESCRIPTION="block type Main"/><OtherTag ID="BT3" LABEL="Commentary" DESCRIPTION="block type Commentary"/><OtherTag ID="BT4" LABEL="Illustration" DESCRIPTION="block type Illustration"/><OtherTag ID="BT4023" LABEL="paragraph" DESCRIPTION="block type paragraph"/><OtherTag ID="BT4024" LABEL="footnote" DESCRIPTION="block type footnote"/><OtherTag ID="BT4025" LABEL="heading" DESCRIPTION="block type heading"/><OtherTag ID="BT4026" LABEL="l-column" DESCRIPTION="block type l-column"/><OtherTag ID="BT4027" LABEL="r-column" DESCRIPTION="block type r-column"/><OtherTag ID="BT4167" LABEL="page-number" DESCRIPTION="block type page-number"/><OtherTag ID="BT4168" LABEL="header" DESCRIPTION="block type header"/><OtherTag ID="BT4169" LABEL="poem_lg" DESCRIPTION="block type poem_lg"/><OtherTag ID="BT4170" LABEL="catch-word" DESCRIPTION="block type catch-word"/><OtherTag ID="BT4171" LABEL="endnote" DESCRIPTION="block type endnote"/><OtherTag ID="BT4172" LABEL="signature-mark" DESCRIPTION="block type signature-mark"/><OtherTag ID="BT4173" LABEL="drop-capital" DESCRIPTION="block type drop-capital"/>
  </Tags>
  <Layout>
    <Page WIDTH="1872"
          HEIGHT="2837"
          PHYSICAL_IMG_NR="34"
          ID="eSc_dummypage_">
      <PrintSpace HPOS="0"
                  VPOS="0"
                  WIDTH="1872"
                  HEIGHT="2837">
        <TextBlock HPOS="1072.0"
                   VPOS="365.0"
                   WIDTH="174.0"
                   HEIGHT="88.0"
                   ID="region_1724840794398_693"
                   TAGREFS="BT4023">
          <Shape><Polygon POINTS="1246 453 1072 452 1074 365 1217 365"/></Shape>
        </TextBlock>
        <TextBlock HPOS="668.0"
                   VPOS="890.0"
                   WIDTH="923.0"
                   HEIGHT="199.0"
                   ID="region_1724840797578_696"
                   TAGREFS="BT4025">
          <Shape><Polygon POINTS="1591 1081 668 1089 668 890 1566 890"/></Shape>
        </TextBlock>
        <TextBlock HPOS="890.0"
                   VPOS="1206.0"
                   WIDTH="537.0"
                   HEIGHT="55.0"
                   ID="region_1724840800479_699"
                   TAGREFS="BT4025">
          <Shape><Polygon POINTS="1427 1261 890 1261 890 1206 1392 1206"/></Shape>
        </TextBlock>
        <TextBlock HPOS="580.0"
                   VPOS="1282.0"
                   WIDTH="1174.0"
                   HEIGHT="1138.0"
                   ID="region_1724840814694_708"
                   TAGREFS="BT4023">
          <Shape><Polygon POINTS="1754 2417 580 2420 580 1282 1739 1282"/></Shape>
        </TextBlock>
      </PrintSpace>
    </Page>
  </Layout>
</alto>
