<?xml version="1.0" encoding="UTF-8"?>
<alto xmlns:xsi="http://www.w3.org/2001/XMLSchema-instance"
      xmlns="http://www.loc.gov/standards/alto/ns-v4#"
      xsi:schemaLocation="http://www.loc.gov/standards/alto/ns-v4# http://www.loc.gov/standards/alto/v4/alto-4-2.xsd">
  <Description>
    <MeasurementUnit>pixel</MeasurementUnit>
    <sourceImageInformation>
      <fileName>1800,_Poetische_Werke,_Bohn,_Bd._4,_VD18_80461468_Seite_097_Bild_0001.jpg</fileName>
    </sourceImageInformation>
  </Description>
  <Tags>
    <OtherTag ID="BT1" LABEL="Title" DESCRIPTION="block type Title"/><OtherTag ID="BT2" LABEL="Main" DESCRIPTION="block type Main"/><OtherTag ID="BT3" LABEL="Commentary" DESCRIPTION="block type Commentary"/><OtherTag ID="BT4" LABEL="Illustration" DESCRIPTION="block type Illustration"/><OtherTag ID="BT4023" LABEL="paragraph" DESCRIPTION="block type paragraph"/><OtherTag ID="BT4024" LABEL="footnote" DESCRIPTION="block type footnote"/><OtherTag ID="BT4025" LABEL="heading" DESCRIPTION="block type heading"/><OtherTag ID="BT4026" LABEL="l-column" DESCRIPTION="block type l-column"/><OtherTag ID="BT4027" LABEL="r-column" DESCRIPTION="block type r-column"/><OtherTag ID="BT4167" LABEL="page-number" DESCRIPTION="block type page-number"/><OtherTag ID="BT4168" LABEL="header" DESCRIPTION="block type header"/><OtherTag ID="BT4169" LABEL="poem_lg" DESCRIPTION="block type poem_lg"/><OtherTag ID="BT4170" LABEL="catch-word" DESCRIPTION="block type catch-word"/><OtherTag ID="BT4171" LABEL="endnote" DESCRIPTION="block type endnote"/><OtherTag ID="BT4172" LABEL="signature-mark" DESCRIPTION="block type signature-mark"/><OtherTag ID="BT4173" LABEL="drop-capital" DESCRIPTION="block type drop-capital"/>
  </Tags>
  <Layout>
    <Page WIDTH="1839"
          HEIGHT="2753"
          PHYSICAL_IMG_NR="31"
          ID="eSc_dummypage_">
      <PrintSpace HPOS="0"
                  VPOS="0"
                  WIDTH="1839"
                  HEIGHT="2753">
        <TextBlock HPOS="689.0"
                   VPOS="353.0"
                   WIDTH="125.0"
                   HEIGHT="85.0"
                   ID="region_1724841188798_744"
                   TAGREFS="BT4023">
          <Shape><Polygon POINTS="788 438 689 437 691 353 814 355"/></Shape>
        </TextBlock>
        <TextBlock HPOS="178.0"
                   VPOS="444.0"
                   WIDTH="1196.0"
                   HEIGHT="1968.0"
                   ID="region_1724841200102_747"
                   TAGREFS="BT4023">
          <Shape><Polygon POINTS="178 450 1374 444 1343 2412 178 2412"/></Shape>
        </TextBlock>
      </PrintSpace>
    </Page>
  </Layout>
</alto>
