<?xml version="1.0" encoding="UTF-8"?>
<alto xmlns:xsi="http://www.w3.org/2001/XMLSchema-instance"
      xmlns="http://www.loc.gov/standards/alto/ns-v4#"
      xsi:schemaLocation="http://www.loc.gov/standards/alto/ns-v4# http://www.loc.gov/standards/alto/v4/alto-4-2.xsd">
  <Description>
    <MeasurementUnit>pixel</MeasurementUnit>
    <sourceImageInformation>
      <fileName>1757,_Saemtliche_Poetische_Werke,_Bohn,_1._Aufl.,_Bd._2,_VD18_90396731_Seite_045_Bild_0001.jpg</fileName>
      <fileIdentifier>mets//Bohn_blanciert_2.zip/1757,_Saemtliche_Poetische_Werke,_Bohn,_1._Aufl.,_Bd._2,_VD18_90396731_Seite_045_Bild_0001.jpg</fileIdentifier>
    </sourceImageInformation>
  </Description>
  <Tags>
    <OtherTag ID="BT1" LABEL="Title" DESCRIPTION="block type Title"/><OtherTag ID="BT2" LABEL="Main" DESCRIPTION="block type Main"/><OtherTag ID="BT3" LABEL="Commentary" DESCRIPTION="block type Commentary"/><OtherTag ID="BT4" LABEL="Illustration" DESCRIPTION="block type Illustration"/><OtherTag ID="BT4450" LABEL="paragraph" DESCRIPTION="block type paragraph"/><OtherTag ID="BT4451" LABEL="l-column" DESCRIPTION="block type l-column"/><OtherTag ID="BT4452" LABEL="r-column" DESCRIPTION="block type r-column"/><OtherTag ID="BT4453" LABEL="heading" DESCRIPTION="block type heading"/><OtherTag ID="BT4454" LABEL="footnote" DESCRIPTION="block type footnote"/>
  </Tags>
  <Layout>
    <Page WIDTH="1135"
          HEIGHT="1918"
          PHYSICAL_IMG_NR="6"
          ID="eSc_dummypage_">
      <PrintSpace HPOS="0"
                  VPOS="0"
                  WIDTH="1135"
                  HEIGHT="1918">
        <TextBlock HPOS="118.0"
                   VPOS="12.0"
                   WIDTH="93.0"
                   HEIGHT="56.0"
                   ID="region_1724838087802_79"
                   TAGREFS="BT4450">
          <Shape><Polygon POINTS="211 59 118 68 118 12 197 12"/></Shape>
        </TextBlock>
        <TextBlock HPOS="118.0"
                   VPOS="563.0"
                   WIDTH="72.0"
                   HEIGHT="98.0"
                   ID="region_1724838105738_91"
                   TAGREFS="BT4450">
          <Shape><Polygon POINTS="190 658 128 661 118 563 190 563"/></Shape>
        </TextBlock>
        <TextBlock HPOS="112.0"
                   VPOS="982.0"
                   WIDTH="70.0"
                   HEIGHT="85.0"
                   ID="region_1724838136254_103"
                   TAGREFS="BT4450">
          <Shape><Polygon POINTS="182 1067 114 1067 112 984 182 982"/></Shape>
        </TextBlock>
        <TextBlock HPOS="12.0"
                   VPOS="1426.0"
                   WIDTH="1059.0"
                   HEIGHT="393.0"
                   ID="region_1724838149166_112"
                   TAGREFS="BT4450">
          <Shape><Polygon POINTS="1071 1758 959 1792 12 1819 86 1628 90 1570 98 1492 221 1498 220 1428 1046 1426"/></Shape>
        </TextBlock>
        <TextBlock HPOS="162.0"
                   VPOS="1428.0"
                   WIDTH="58.0"
                   HEIGHT="61.0"
                   ID="region_1724838143902_109"
                   TAGREFS="BT4450">
          <Shape><Polygon POINTS="220 1488 169 1489 162 1428 220 1428"/></Shape>
        </TextBlock>
        <TextBlock HPOS="366.0"
                   VPOS="0.0"
                   WIDTH="536.0"
                   HEIGHT="64.0"
                   ID="region_1724838092334_82"
                   TAGREFS="BT4450">
          <Shape><Polygon POINTS="902 64 366 60 366 0 879 0"/></Shape>
        </TextBlock>
        <TextBlock HPOS="98.0"
                   VPOS="122.0"
                   WIDTH="994.0"
                   HEIGHT="295.0"
                   ID="region_1724838096541_85"
                   TAGREFS="BT4450">
          <Shape><Polygon POINTS="1069 417 98 417 98 122 1092 141"/></Shape>
        </TextBlock>
        <TextBlock HPOS="96.0"
                   VPOS="448.0"
                   WIDTH="996.0"
                   HEIGHT="97.0"
                   ID="region_1724838100706_88"
                   TAGREFS="BT4453">
          <Shape><Polygon POINTS="1092 545 101 538 96 453 1089 448"/></Shape>
        </TextBlock>
        <TextBlock HPOS="194.0"
                   VPOS="566.0"
                   WIDTH="909.0"
                   HEIGHT="99.0"
                   ID="region_1724838115050_94"
                   TAGREFS="BT4450">
          <Shape><Polygon POINTS="1103 665 194 665 194 566 1093 566"/></Shape>
        </TextBlock>
        <TextBlock HPOS="113.0"
                   VPOS="713.0"
                   WIDTH="1008.0"
                   HEIGHT="104.0"
                   ID="region_1724838128182_97"
                   TAGREFS="BT4450">
          <Shape><Polygon POINTS="1071 817 113 817 113 713 1121 720"/></Shape>
        </TextBlock>
        <TextBlock HPOS="108.0"
                   VPOS="887.0"
                   WIDTH="997.0"
                   HEIGHT="84.0"
                   ID="region_1724838132253_100"
                   TAGREFS="BT4453">
          <Shape><Polygon POINTS="1105 971 108 971 108 887 1082 887"/></Shape>
        </TextBlock>
        <TextBlock HPOS="86.0"
                   VPOS="985.0"
                   WIDTH="945.0"
                   HEIGHT="440.0"
                   ID="region_1724838139562_106"
                   TAGREFS="BT4450">
          <Shape><Polygon POINTS="1031 1425 94 1425 86 1119 98 1068 182 1070 186 985 1031 986"/></Shape>
        </TextBlock>
        <TextBlock HPOS="982.0"
                   VPOS="1792.0"
                   WIDTH="98.0"
                   HEIGHT="49.0"
                   ID="region_1724838151110_115"
                   TAGREFS="BT4450">
          <Shape><Polygon POINTS="1064 1834 982 1841 984 1792 1080 1792"/></Shape>
        </TextBlock>
      </PrintSpace>
    </Page>
  </Layout>
</alto>
