<?xml version="1.0" encoding="UTF-8"?>
<alto xmlns:xsi="http://www.w3.org/2001/XMLSchema-instance"
      xmlns="http://www.loc.gov/standards/alto/ns-v4#"
      xsi:schemaLocation="http://www.loc.gov/standards/alto/ns-v4# http://www.loc.gov/standards/alto/v4/alto-4-2.xsd">
  <Description>
    <MeasurementUnit>pixel</MeasurementUnit>
    <sourceImageInformation>
      <fileName>1757, Poetische Werke, Bohn, Bd. 1, VD18 9033213X_NEU-0017.jpeg</fileName>
      <fileIdentifier>mets//Bohn_blanciert_2.zip/1757, Poetische Werke, Bohn, Bd. 1, VD18 9033213X_NEU-0017.jpeg</fileIdentifier>
    </sourceImageInformation>
  </Description>
  <Tags>
    <OtherTag ID="BT1" LABEL="Title" DESCRIPTION="block type Title"/><OtherTag ID="BT2" LABEL="Main" DESCRIPTION="block type Main"/><OtherTag ID="BT3" LABEL="Commentary" DESCRIPTION="block type Commentary"/><OtherTag ID="BT4" LABEL="Illustration" DESCRIPTION="block type Illustration"/><OtherTag ID="BT4450" LABEL="paragraph" DESCRIPTION="block type paragraph"/><OtherTag ID="BT4451" LABEL="l-column" DESCRIPTION="block type l-column"/><OtherTag ID="BT4452" LABEL="r-column" DESCRIPTION="block type r-column"/><OtherTag ID="BT4453" LABEL="heading" DESCRIPTION="block type heading"/><OtherTag ID="BT4454" LABEL="footnote" DESCRIPTION="block type footnote"/>
  </Tags>
  <Layout>
    <Page WIDTH="1505"
          HEIGHT="2338"
          PHYSICAL_IMG_NR="2"
          ID="eSc_dummypage_">
      <PrintSpace HPOS="0"
                  VPOS="0"
                  WIDTH="1505"
                  HEIGHT="2338">
        <TextBlock HPOS="523.0"
                   VPOS="276.0"
                   WIDTH="295.0"
                   HEIGHT="78.0"
                   ID="region_1718284128900_249"
                   TAGREFS="BT4450">
          <Shape><Polygon POINTS="798 354 523 354 523 278 818 276"/></Shape>
        </TextBlock>
        <TextBlock HPOS="1048.0"
                   VPOS="282.0"
                   WIDTH="113.0"
                   HEIGHT="78.0"
                   ID="region_1718284131876_252"
                   TAGREFS="BT4450">
          <Shape><Polygon POINTS="1161 354 1048 360 1048 288 1161 282"/></Shape>
        </TextBlock>
        <TextBlock HPOS="164.0"
                   VPOS="389.0"
                   WIDTH="1017.0"
                   HEIGHT="1287.0"
                   ID="region_1718284207532_262"
                   TAGREFS="BT4450">
          <Shape><Polygon POINTS="1165 1541 1181 1611 1018 1606 1000 1668 164 1676 164 389 1171 389"/></Shape>
        </TextBlock>
        <TextBlock HPOS="1039.0"
                   VPOS="1619.0"
                   WIDTH="143.0"
                   HEIGHT="73.0"
                   ID="region_1718284250975_267"
                   TAGREFS="BT4450">
          <Shape><Polygon POINTS="1155 1692 1039 1692 1039 1619 1182 1620"/></Shape>
        </TextBlock>
        <TextBlock HPOS="176.0"
                   VPOS="1731.0"
                   WIDTH="1031.0"
                   HEIGHT="137.0"
                   ID="region_1718284261896_270"
                   TAGREFS="BT4454">
          <Shape><Polygon POINTS="1207 1868 176 1868 176 1731 1207 1731"/></Shape>
        </TextBlock>
        <TextBlock HPOS="192.0"
                   VPOS="1889.0"
                   WIDTH="976.0"
                   HEIGHT="154.0"
                   ID="region_1718284317427_276"
                   TAGREFS="BT4450">
          <Shape><Polygon POINTS="1168 2043 192 2041 211 1889 1168 1889"/></Shape>
        </TextBlock>
        <TextBlock HPOS="1024.0"
                   VPOS="2043.0"
                   WIDTH="160.0"
                   HEIGHT="43.0"
                   ID="region_1718284320989_279"
                   TAGREFS="BT4450">
          <Shape><Polygon POINTS="1174 2086 1024 2086 1024 2043 1184 2051"/></Shape>
        </TextBlock>
      </PrintSpace>
    </Page>
  </Layout>
</alto>
