<?xml version="1.0" encoding="UTF-8"?>
<alto xmlns:xsi="http://www.w3.org/2001/XMLSchema-instance"
      xmlns="http://www.loc.gov/standards/alto/ns-v4#"
      xsi:schemaLocation="http://www.loc.gov/standards/alto/ns-v4# http://www.loc.gov/standards/alto/v4/alto-4-2.xsd">
  <Description>
    <MeasurementUnit>pixel</MeasurementUnit>
    <sourceImageInformation>
      <fileName>1757, Poetische Werke, Bohn, Bd. 2, VD18 90332148_NEU-0298.jpeg</fileName>
      <fileIdentifier>mets//Bohn_blanciert_2.zip/1757, Poetische Werke, Bohn, Bd. 2, VD18 90332148_NEU-0298.jpeg</fileIdentifier>
    </sourceImageInformation>
  </Description>
  <Tags>
    <OtherTag ID="BT1" LABEL="Title" DESCRIPTION="block type Title"/><OtherTag ID="BT2" LABEL="Main" DESCRIPTION="block type Main"/><OtherTag ID="BT3" LABEL="Commentary" DESCRIPTION="block type Commentary"/><OtherTag ID="BT4" LABEL="Illustration" DESCRIPTION="block type Illustration"/><OtherTag ID="BT4450" LABEL="paragraph" DESCRIPTION="block type paragraph"/><OtherTag ID="BT4451" LABEL="l-column" DESCRIPTION="block type l-column"/><OtherTag ID="BT4452" LABEL="r-column" DESCRIPTION="block type r-column"/><OtherTag ID="BT4453" LABEL="heading" DESCRIPTION="block type heading"/><OtherTag ID="BT4454" LABEL="footnote" DESCRIPTION="block type footnote"/>
  </Tags>
  <Layout>
    <Page WIDTH="1575"
          HEIGHT="2338"
          PHYSICAL_IMG_NR="5"
          ID="eSc_dummypage_">
      <PrintSpace HPOS="0"
                  VPOS="0"
                  WIDTH="1575"
                  HEIGHT="2338">
        <TextBlock HPOS="481.0"
                   VPOS="284.0"
                   WIDTH="121.0"
                   HEIGHT="73.0"
                   ID="region_1719932759241_99"
                   TAGREFS="BT4450">
          <Shape><Polygon POINTS="602 357 513 357 481 284 602 291"/></Shape>
        </TextBlock>
        <TextBlock HPOS="749.0"
                   VPOS="273.0"
                   WIDTH="586.0"
                   HEIGHT="91.0"
                   ID="region_1719932756150_96"
                   TAGREFS="BT4450">
          <Shape><Polygon POINTS="1246 364 749 364 749 275 1335 273"/></Shape>
        </TextBlock>
        <TextBlock HPOS="464.0"
                   VPOS="379.0"
                   WIDTH="1004.0"
                   HEIGHT="1189.0"
                   ID="region_1719932835333_105"
                   TAGREFS="BT4450">
          <Shape><Polygon POINTS="1468 1566 466 1568 464 381 1466 379"/></Shape>
        </TextBlock>
        <TextBlock HPOS="1343.0"
                   VPOS="1570.0"
                   WIDTH="118.0"
                   HEIGHT="89.0"
                   ID="region_1719933172077_115"
                   TAGREFS="BT4450">
          <Shape><Polygon POINTS="1461 1635 1343 1659 1367 1570 1460 1570"/></Shape>
        </TextBlock>
        <TextBlock HPOS="493.0"
                   VPOS="1731.0"
                   WIDTH="987.0"
                   HEIGHT="211.0"
                   ID="region_1719933189298_121"
                   TAGREFS="BT4454">
          <Shape><Polygon POINTS="1468 1934 498 1942 493 1731 1480 1731"/></Shape>
        </TextBlock>
        <TextBlock HPOS="503.0"
                   VPOS="1960.0"
                   WIDTH="923.0"
                   HEIGHT="138.0"
                   ID="region_1719933193062_124"
                   TAGREFS="BT4454">
          <Shape><Polygon POINTS="1338 2098 503 2098 503 1960 1426 1961"/></Shape>
        </TextBlock>
      </PrintSpace>
    </Page>
  </Layout>
</alto>
