<?xml version="1.0" encoding="UTF-8"?>
<alto xmlns:xsi="http://www.w3.org/2001/XMLSchema-instance"
      xmlns="http://www.loc.gov/standards/alto/ns-v4#"
      xsi:schemaLocation="http://www.loc.gov/standards/alto/ns-v4# http://www.loc.gov/standards/alto/v4/alto-4-2.xsd">
  <Description>
    <MeasurementUnit>pixel</MeasurementUnit>
    <sourceImageInformation>
      <fileName>1764,_Saemtliche_Poetische_Werke,_Bohn,_3._Aufl.,_Bd._1,_VD18_80365027_Seite_158_Bild_0001.jpg</fileName>
      <fileIdentifier>mets//Bohn_blanciert_2.zip/1764,_Saemtliche_Poetische_Werke,_Bohn,_3._Aufl.,_Bd._1,_VD18_80365027_Seite_158_Bild_0001.jpg</fileIdentifier>
    </sourceImageInformation>
  </Description>
  <Tags>
    <OtherTag ID="BT1" LABEL="Title" DESCRIPTION="block type Title"/><OtherTag ID="BT2" LABEL="Main" DESCRIPTION="block type Main"/><OtherTag ID="BT3" LABEL="Commentary" DESCRIPTION="block type Commentary"/><OtherTag ID="BT4" LABEL="Illustration" DESCRIPTION="block type Illustration"/><OtherTag ID="BT4450" LABEL="paragraph" DESCRIPTION="block type paragraph"/><OtherTag ID="BT4451" LABEL="l-column" DESCRIPTION="block type l-column"/><OtherTag ID="BT4452" LABEL="r-column" DESCRIPTION="block type r-column"/><OtherTag ID="BT4453" LABEL="heading" DESCRIPTION="block type heading"/><OtherTag ID="BT4454" LABEL="footnote" DESCRIPTION="block type footnote"/>
  </Tags>
  <Layout>
    <Page WIDTH="949"
          HEIGHT="1500"
          PHYSICAL_IMG_NR="9"
          ID="eSc_dummypage_">
      <PrintSpace HPOS="0"
                  VPOS="0"
                  WIDTH="949"
                  HEIGHT="1500">
        <TextBlock HPOS="190.0"
                   VPOS="98.0"
                   WIDTH="78.0"
                   HEIGHT="53.0"
                   ID="region_1720165372287_261"
                   TAGREFS="BT4450">
          <Shape><Polygon POINTS="268 151 202 151 190 98 268 105"/></Shape>
        </TextBlock>
        <TextBlock HPOS="362.0"
                   VPOS="98.0"
                   WIDTH="367.0"
                   HEIGHT="60.0"
                   ID="region_1720165368276_258"
                   TAGREFS="BT4450">
          <Shape><Polygon POINTS="729 156 362 158 362 98 728 98"/></Shape>
        </TextBlock>
        <TextBlock HPOS="227.0"
                   VPOS="164.0"
                   WIDTH="569.0"
                   HEIGHT="192.0"
                   ID="region_1720165377287_264"
                   TAGREFS="BT4450">
          <Shape><Polygon POINTS="787 356 227 356 228 164 796 164"/></Shape>
        </TextBlock>
        <TextBlock HPOS="372.0"
                   VPOS="410.0"
                   WIDTH="350.0"
                   HEIGHT="60.0"
                   ID="region_1720165389571_267"
                   TAGREFS="BT4453">
          <Shape><Polygon POINTS="722 466 372 470 372 410 707 410"/></Shape>
        </TextBlock>
        <TextBlock HPOS="188.0"
                   VPOS="478.0"
                   WIDTH="88.0"
                   HEIGHT="66.0"
                   ID="region_1720165394251_270"
                   TAGREFS="BT4450">
          <Shape><Polygon POINTS="276 544 204 544 188 478 276 483"/></Shape>
        </TextBlock>
        <TextBlock HPOS="201.0"
                   VPOS="483.0"
                   WIDTH="656.0"
                   HEIGHT="389.0"
                   ID="region_1720165400743_273"
                   TAGREFS="BT4450">
          <Shape><Polygon POINTS="857 872 202 872 202 598 201 553 274 552 273 483 857 487"/></Shape>
        </TextBlock>
        <TextBlock HPOS="756.0"
                   VPOS="985.0"
                   WIDTH="121.0"
                   HEIGHT="53.0"
                   ID="region_1720165405751_276"
                   TAGREFS="BT4450">
          <Shape><Polygon POINTS="858 1038 756 1038 756 993 877 985"/></Shape>
        </TextBlock>
        <TextBlock HPOS="188.0"
                   VPOS="1059.0"
                   WIDTH="328.0"
                   HEIGHT="265.0"
                   ID="region_1720165416763_282"
                   TAGREFS="BT4451">
          <Shape><Polygon POINTS="516 1324 188 1324 188 1059 516 1059"/></Shape>
        </TextBlock>
        <TextBlock HPOS="527.0"
                   VPOS="1063.0"
                   WIDTH="331.0"
                   HEIGHT="256.0"
                   ID="region_1720165422846_285"
                   TAGREFS="BT4452">
          <Shape><Polygon POINTS="858 1319 528 1319 527 1063 857 1063"/></Shape>
        </TextBlock>
      </PrintSpace>
    </Page>
  </Layout>
</alto>
