<mets xmlns="http://www.loc.gov/METS/" xmlns:xlink="http://www.w3.org/1999/xlink">
  <fileSec>
    
    <fileGrp USE="export">
      
        <file ID="export1">
          <FLocat xlink:href="0049.xml"/>
        </file>
      
        <file ID="export2">
          <FLocat xlink:href="1757, Poetische Werke, Bohn, Bd. 1, VD18 9033213X_NEU-0015.xml"/>
        </file>
      
        <file ID="export3">
          <FLocat xlink:href="1757, Poetische Werke, Bohn, Bd. 1, VD18 9033213X_NEU-0017.xml"/>
        </file>
      
        <file ID="export4">
          <FLocat xlink:href="1757, Poetische Werke, Bohn, Bd. 1, VD18 9033213X_NEU-0027.xml"/>
        </file>
      
        <file ID="export5">
          <FLocat xlink:href="1757, Poetische Werke, Bohn, Bd. 2, VD18 90332148_NEU-0018.xml"/>
        </file>
      
        <file ID="export6">
          <FLocat xlink:href="1757, Poetische Werke, Bohn, Bd. 2, VD18 90332148_NEU-0298.xml"/>
        </file>
      
        <file ID="export7">
          <FLocat xlink:href="1757,_Saemtliche_Poetische_Werke,_Bohn,_1._Aufl.,_Bd._2,_VD18_90396731_Seite_045_Bild_0001.xml"/>
        </file>
      
        <file ID="export8">
          <FLocat xlink:href="1757,_Saemtliche_Poetische_Werke,_Bohn,_1._Aufl.,_Bd._2,_VD18_90396731_Seite_171_Bild_0001.xml"/>
        </file>
      
        <file ID="export9">
          <FLocat xlink:href="1764,_Saemtliche_Poetische_Werke,_Bohn,_3._Aufl.,_Bd._1,_VD18_80365027_Seite_157_Bild_0001.xml"/>
        </file>
      
        <file ID="export10">
          <FLocat xlink:href="1764,_Saemtliche_Poetische_Werke,_Bohn,_3._Aufl.,_Bd._1,_VD18_80365027_Seite_158_Bild_0001.xml"/>
        </file>
      
        <file ID="export11">
          <FLocat xlink:href="1764,_Saemtliche_Poetische_Werke,_Bohn,_3._Aufl.,_Bd._3,_VD18_80365043_Seite_171_Bild_0001.xml"/>
        </file>
      
        <file ID="export12">
          <FLocat xlink:href="1769,_Saemtliche_Poetische_Werke,_Bohn,_4._Aufl.,_Bd._1,_VD18_90481097_Seite_049_Bild_0001.xml"/>
        </file>
      
        <file ID="export13">
          <FLocat xlink:href="1769,_Saemtliche_Poetische_Werke,_Bohn,_4._Aufl.,_Bd._1,_VD18_90481097_Seite_073_Bild_0001.xml"/>
        </file>
      
        <file ID="export14">
          <FLocat xlink:href="1769,_Saemtliche_Poetische_Werke,_Bohn,_4._Aufl.,_Bd._1,_VD18_90481097_Seite_131_Bild_0001.xml"/>
        </file>
      
        <file ID="export15">
          <FLocat xlink:href="1769,_Saemtliche_Poetische_Werke,_Bohn,_4._Aufl.,_Bd._2,_VD18_90481100_Seite_027_Bild_0001.xml"/>
        </file>
      
        <file ID="export16">
          <FLocat xlink:href="1769,_Saemtliche_Poetische_Werke,_Bohn,_4._Aufl.,_Bd._2,_VD18_90481100_Seite_042_Bild_0001.xml"/>
        </file>
      
        <file ID="export17">
          <FLocat xlink:href="1769,_Saemtliche_Poetische_Werke,_Bohn,_4._Aufl.,_Bd._2,_VD18_90481100_Seite_093_Bild_0001.xml"/>
        </file>
      
        <file ID="export18">
          <FLocat xlink:href="1769,_Saemtliche_Poetische_Werke,_Bohn,_4._Aufl.,_Bd._2,_VD18_90481100_Seite_291_Bild_0001.xml"/>
        </file>
      
        <file ID="export19">
          <FLocat xlink:href="1769,_Saemtliche_Poetische_Werke,_Bohn,_4._Aufl.,_Bd._3,_VD18_90481127_Seite_008_Bild_0001.xml"/>
        </file>
      
        <file ID="export20">
          <FLocat xlink:href="1769,_Saemtliche_Poetische_Werke,_Bohn,_4._Aufl.,_Bd._3,_VD18_90481127_Seite_031_Bild_0001.xml"/>
        </file>
      
        <file ID="export21">
          <FLocat xlink:href="1769,_Saemtliche_Poetische_Werke,_Bohn,_4._Aufl.,_Bd._3,_VD18_90481127_Seite_052_Bild_0001.xml"/>
        </file>
      
        <file ID="export22">
          <FLocat xlink:href="1769,_Saemtliche_Poetische_Werke,_Bohn,_4._Aufl.,_Bd._3,_VD18_90481127_Seite_240_Bild_0001.xml"/>
        </file>
      
    </fileGrp>
  </fileSec>
  <structMap TYPE="physical">
    <div TYPE="document">
      
      <div TYPE="page">
        
        <fptr FILEID="export1"/>
      </div>
      
      <div TYPE="page">
        
        <fptr FILEID="export2"/>
      </div>
      
      <div TYPE="page">
        
        <fptr FILEID="export3"/>
      </div>
      
      <div TYPE="page">
        
        <fptr FILEID="export4"/>
      </div>
      
      <div TYPE="page">
        
        <fptr FILEID="export5"/>
      </div>
      
      <div TYPE="page">
        
        <fptr FILEID="export6"/>
      </div>
      
      <div TYPE="page">
        
        <fptr FILEID="export7"/>
      </div>
      
      <div TYPE="page">
        
        <fptr FILEID="export8"/>
      </div>
      
      <div TYPE="page">
        
        <fptr FILEID="export9"/>
      </div>
      
      <div TYPE="page">
        
        <fptr FILEID="export10"/>
      </div>
      
      <div TYPE="page">
        
        <fptr FILEID="export11"/>
      </div>
      
      <div TYPE="page">
        
        <fptr FILEID="export12"/>
      </div>
      
      <div TYPE="page">
        
        <fptr FILEID="export13"/>
      </div>
      
      <div TYPE="page">
        
        <fptr FILEID="export14"/>
      </div>
      
      <div TYPE="page">
        
        <fptr FILEID="export15"/>
      </div>
      
      <div TYPE="page">
        
        <fptr FILEID="export16"/>
      </div>
      
      <div TYPE="page">
        
        <fptr FILEID="export17"/>
      </div>
      
      <div TYPE="page">
        
        <fptr FILEID="export18"/>
      </div>
      
      <div TYPE="page">
        
        <fptr FILEID="export19"/>
      </div>
      
      <div TYPE="page">
        
        <fptr FILEID="export20"/>
      </div>
      
      <div TYPE="page">
        
        <fptr FILEID="export21"/>
      </div>
      
      <div TYPE="page">
        
        <fptr FILEID="export22"/>
      </div>
      
    </div>
  </structMap>
</mets>
