<?xml version="1.0" encoding="UTF-8" standalone="yes"?>
<PcGts xmlns="http://schema.primaresearch.org/PAGE/gts/pagecontent/2013-07-15" xmlns:xsi="http://www.w3.org/2001/XMLSchema-instance" xsi:schemaLocation="http://schema.primaresearch.org/PAGE/gts/pagecontent/2013-07-15 http://schema.primaresearch.org/PAGE/gts/pagecontent/2013-07-15/pagecontent.xsd">
    <Metadata>
        <Creator>Transkribus</Creator>
        <Created>2024-06-25T10:06:51.001+02:00</Created>
        <LastChange>2024-06-25T10:21:05.922+02:00</LastChange>
        <TranskribusMetadata docId="2986983" pageId="73470895" pageNr="2" tsid="174038012" status="IN_PROGRESS" userId="241044" imgUrl="https://files.transkribus.eu/Get?id=ZGZESHZZXPSDQVLPURGFLFYE&amp;fileType=view" xmlUrl="https://files.transkribus.eu/Get?id=EEGZUUKSCXRFQEBKYWGEKEWE" imageId="59330046"/>
    </Metadata>
    <Page imageFilename="1770,_Saemmtliche_Poetische_Werke,_Trattner,_VD18_12002895_Seite_019_Bild_0001.jpg" imageWidth="1096" imageHeight="1745" type="content">
        <ReadingOrder>
            <OrderedGroup id="ro_1719329242168" caption="Regions reading order">
                <RegionRefIndexed index="0" regionRef="region_1719303017878_50"/>
                <RegionRefIndexed index="1" regionRef="region_1719303023624_53"/>
                <RegionRefIndexed index="2" regionRef="region_1719303031808_56"/>
                <RegionRefIndexed index="3" regionRef="region_1719303553289_81"/>
                <RegionRefIndexed index="4" regionRef="region_1719303040224_59"/>
                <RegionRefIndexed index="5" regionRef="region_1719303060179_62"/>
                <RegionRefIndexed index="6" regionRef="region_1719303068682_65"/>
            </OrderedGroup>
        </ReadingOrder>
        <TextRegion type="header" id="region_1719303017878_50" custom="readingOrder {index:0;} structure {type:header;}">
            <Coords points="122,170 604,170 604,220 122,220"/>
        </TextRegion>
        <TextRegion type="paragraph" id="region_1719303023624_53" custom="readingOrder {index:1;} structure {type:paragraph;}">
            <Coords points="36,249 715,249 715,390 456,390 457,433 36,436"/>
        </TextRegion>
        <TextRegion type="catch-word" id="region_1719303031808_56" custom="readingOrder {index:2;} structure {type:catch-word;}">
            <Coords points="545,480 670,480 670,426 545,426"/>
        </TextRegion>
        <TextRegion type="footnote" id="region_1719303553289_81" custom="readingOrder {index:3;} structure {type:footnote;}">
            <Coords points="63,1484 732,1484 732,495 63,495"/>
        </TextRegion>
        <TextRegion type="paragraph" id="region_1719303040224_59" custom="readingOrder {index:4;} structure {type:paragraph;}">
            <Coords points="77,504 718,504 718,680 77,680"/>
        </TextRegion>
        <TextRegion type="paragraph" id="region_1719303060179_62" custom="readingOrder {index:5;} structure {type:paragraph;}">
            <Coords points="724,703 76,701 76,1485 724,1487"/>
        </TextRegion>
        <TextRegion type="catch-word" id="region_1719303068682_65" custom="readingOrder {index:6;} structure {type:catch-word;}">
            <Coords points="661,1490 699,1490 699,1525 661,1525"/>
        </TextRegion>
    </Page>
</PcGts>
