<?xml version="1.0" encoding="UTF-8" standalone="yes"?>
<PcGts xmlns="http://schema.primaresearch.org/PAGE/gts/pagecontent/2013-07-15" xmlns:xsi="http://www.w3.org/2001/XMLSchema-instance" xsi:schemaLocation="http://schema.primaresearch.org/PAGE/gts/pagecontent/2013-07-15 http://schema.primaresearch.org/PAGE/gts/pagecontent/2013-07-15/pagecontent.xsd">
    <Metadata>
        <Creator>Transkribus</Creator>
        <Created>2024-06-25T10:06:51.086+02:00</Created>
        <LastChange>2024-06-25T11:27:44.241+02:00</LastChange>
        <TranskribusMetadata docId="2986983" pageId="73470896" pageNr="3" tsid="174037897" status="IN_PROGRESS" userId="241044" imgUrl="https://files.transkribus.eu/Get?id=QYXABDHCCIKELDFLNSEFAMCT&amp;fileType=view" xmlUrl="https://files.transkribus.eu/Get?id=YUSQJVDTDTPMHLUSAOCHTTPO" imageId="59330047"/>
    </Metadata>
    <Page imageFilename="1770,_Saemmtliche_Poetische_Werke,_Trattner,_VD18_12002895_Seite_035_Bild_0001.jpg" imageWidth="1074" imageHeight="1744" type="content">
        <ReadingOrder>
            <OrderedGroup id="ro_1719329242454" caption="Regions reading order">
                <RegionRefIndexed index="0" regionRef="region_1719303680838_117"/>
                <RegionRefIndexed index="1" regionRef="region_1719303696263_120"/>
                <RegionRefIndexed index="2" regionRef="region_1719303703022_123"/>
                <RegionRefIndexed index="3" regionRef="region_1719303719715_126"/>
                <RegionRefIndexed index="4" regionRef="region_1719303728772_132"/>
                <RegionRefIndexed index="5" regionRef="region_1719303723455_129"/>
                <RegionRefIndexed index="6" regionRef="region_1719304031634_159"/>
                <RegionRefIndexed index="7" regionRef="region_1719303762428_135"/>
                <RegionRefIndexed index="8" regionRef="region_1719304014086_153"/>
            </OrderedGroup>
        </ReadingOrder>
        <TextRegion type="header" id="region_1719303680838_117" custom="readingOrder {index:0;} structure {type:header;}">
            <Coords points="243,161 530,161 530,208 243,208"/>
        </TextRegion>
        <TextRegion type="paragraph" id="region_1719303696263_120" custom="readingOrder {index:1;} structure {type:paragraph;}">
            <Coords points="47,234 718,234 718,429 47,429"/>
        </TextRegion>
        <TextRegion type="paragraph" id="region_1719303703022_123" custom="readingOrder {index:2;} structure {type:paragraph;}">
            <Coords points="48,433 727,433 727,579 48,579"/>
        </TextRegion>
        <TextRegion type="paragraph" id="region_1719303719715_126" custom="readingOrder {index:3;} structure {type:paragraph;}">
            <Coords points="46,1053 716,1053 716,591 46,591"/>
        </TextRegion>
        <TextRegion type="signature-mark" id="region_1719303728772_132" custom="readingOrder {index:4;} structure {type:signature-mark;}">
            <Coords points="337,1054 421,1054 421,1100 337,1100"/>
        </TextRegion>
        <TextRegion type="catch-word" id="region_1719303723455_129" custom="readingOrder {index:5;} structure {type:catch-word;}">
            <Coords points="605,1054 675,1054 675,1109 605,1109"/>
        </TextRegion>
        <TextRegion type="footnote" id="region_1719304031634_159" custom="readingOrder {index:6;} structure {type:footnote;}">
            <Coords points="27,1101 745,1101 745,1543 27,1543"/>
        </TextRegion>
        <TextRegion type="paragraph" id="region_1719303762428_135" custom="readingOrder {index:7;} structure {type:paragraph;}">
            <Coords points="38,1116 734,1116 734,1291 38,1291"/>
        </TextRegion>
        <TextRegion type="paragraph" id="region_1719304014086_153" custom="readingOrder {index:8;} structure {type:paragraph;}">
            <Coords points="38,1300 737,1300 737,1529 38,1529"/>
        </TextRegion>
    </Page>
</PcGts>
