<?xml version="1.0" encoding="UTF-8" standalone="yes"?>
<PcGts xmlns="http://schema.primaresearch.org/PAGE/gts/pagecontent/2013-07-15" xmlns:xsi="http://www.w3.org/2001/XMLSchema-instance" xsi:schemaLocation="http://schema.primaresearch.org/PAGE/gts/pagecontent/2013-07-15 http://schema.primaresearch.org/PAGE/gts/pagecontent/2013-07-15/pagecontent.xsd">
    <Metadata>
        <Creator>Transkribus</Creator>
        <Created>2024-06-25T12:35:39.553+02:00</Created>
        <LastChange>2024-06-25T17:07:36.819+02:00</LastChange>
        <TranskribusMetadata docId="2986983" pageId="73470899" pageNr="6" tsid="174060918" status="IN_PROGRESS" userId="241044" imgUrl="https://files.transkribus.eu/Get?id=HNMDLJLLDFRDZYNEGZUXOJDD&amp;fileType=view" xmlUrl="https://files.transkribus.eu/Get?id=VTNAZDRWAWGCXTMYRSCQCNYQ" imageId="59330051"/>
    </Metadata>
    <Page imageFilename="1770,_Saemmtliche_Poetische_Werke,_Trattner,_VD18_12002895_Seite_378_Bild_0001.jpg" imageWidth="1093" imageHeight="1745" type="content">
        <ReadingOrder>
            <OrderedGroup id="ro_1719329243307" caption="Regions reading order">
                <RegionRefIndexed index="0" regionRef="region_1719312796316_365"/>
                <RegionRefIndexed index="1" regionRef="region_1719312804183_368"/>
                <RegionRefIndexed index="2" regionRef="region_1719312811141_371"/>
                <RegionRefIndexed index="4" regionRef="region_1719312840751_377"/>
                <RegionRefIndexed index="6" regionRef="region_1719312862366_383"/>
                <RegionRefIndexed index="7" regionRef="region_1719312868753_386"/>
                <RegionRefIndexed index="8" regionRef="region_1719312872936_389"/>
                <RegionRefIndexed index="9" regionRef="region_1719312879554_392"/>
                <RegionRefIndexed index="10" regionRef="region_1719312885264_395"/>
            </OrderedGroup>
        </ReadingOrder>
        <Relations>
            <Relation type="link">
                <RegionRef regionRef="region_1719312868753_386"/>
                <RegionRef regionRef="region_1719312872936_389"/>
            </Relation>
        </Relations>
        <TextRegion type="page-number" id="region_1719312796316_365" custom="readingOrder {index:0;} structure {type:page-number;}">
            <Coords points="369,190 424,190 424,239 369,239"/>
        </TextRegion>
        <TextRegion type="header" id="region_1719312804183_368" custom="readingOrder {index:1;} structure {type:header;}">
            <Coords points="487,239 921,239 921,183 487,183"/>
        </TextRegion>
        <TextRegion id="region_1719312811141_371" custom="readingOrder {index:2;} structure {type:poem_lg;}">
            <Coords points="363,251 1041,251 1041,544 363,544"/>
        </TextRegion>
        <GraphicRegion id="Graphic_1719312825289_374" custom="readingOrder {index:3;}">
            <Coords points="678,558 734,558 734,616 678,616"/>
        </GraphicRegion>
        <TextRegion id="region_1719312840751_377" custom="readingOrder {index:4;} structure {type:poem_lg;}">
            <Coords points="364,624 1045,624 1045,908 364,908"/>
        </TextRegion>
        <SeparatorRegion id="Separator_1719312852366_380" custom="readingOrder {index:5;}">
            <Coords points="367,943 1037,943 1037,994 367,994"/>
        </SeparatorRegion>
        <TextRegion type="header" id="region_1719312862366_383" custom="readingOrder {index:6;} structure {type:header;}">
            <Coords points="375,1016 1045,1016 1045,1126 375,1126"/>
        </TextRegion>
        <TextRegion type="drop-capital" id="region_1719312868753_386" custom="readingOrder {index:7;} structure {type:drop-capital;}">
            <Coords points="370,1161 428,1161 428,1227 370,1227"/>
        </TextRegion>
        <TextRegion id="region_1719312872936_389" custom="readingOrder {index:8;} structure {type:poem_lg;}">
            <Coords points="365,1230 430,1230 430,1186 1054,1185 1054,1307 365,1307"/>
        </TextRegion>
        <TextRegion type="catch-word" id="region_1719312879554_392" custom="readingOrder {index:9;} structure {type:catch-word;}">
            <Coords points="922,1338 1003,1338 1003,1385 922,1385"/>
        </TextRegion>
        <TextRegion type="footnote" id="region_1719312885264_395" custom="readingOrder {index:10;} structure {type:footnote;}">
            <Coords points="438,1419 1049,1419 1049,1529 438,1529"/>
        </TextRegion>
    </Page>
</PcGts>
