<?xml version="1.0" encoding="UTF-8" standalone="yes"?>
<PcGts xmlns="http://schema.primaresearch.org/PAGE/gts/pagecontent/2013-07-15" xmlns:xsi="http://www.w3.org/2001/XMLSchema-instance" xsi:schemaLocation="http://schema.primaresearch.org/PAGE/gts/pagecontent/2013-07-15 http://schema.primaresearch.org/PAGE/gts/pagecontent/2013-07-15/pagecontent.xsd">
    <Metadata>
        <Creator>Transkribus</Creator>
        <Created>2024-06-25T10:06:50.897+02:00</Created>
        <LastChange>2024-06-25T11:27:13.137+02:00</LastChange>
        <TranskribusMetadata docId="2986983" pageId="73470799" pageNr="1" tsid="174038011" status="IN_PROGRESS" userId="241044" imgUrl="https://files.transkribus.eu/Get?id=PXNXSVFCFQSGAWNNURXJUJFI&amp;fileType=view" xmlUrl="https://files.transkribus.eu/Get?id=LXXIKZGDEFUZLPSWVQRTIKSU" imageId="59329991"/>
    </Metadata>
    <Page imageFilename="1770,_Saemmtliche_Poetische_Werke,_Trattner,_VD18_12002895_Seite_011_Bild_0001.jpg" imageWidth="1136" imageHeight="1747" type="content">
        <ReadingOrder>
            <OrderedGroup id="ro_1719329240992" caption="Regions reading order">
                <RegionRefIndexed index="1" regionRef="region_1719302830194_12"/>
                <RegionRefIndexed index="2" regionRef="region_1719302836213_15"/>
                <RegionRefIndexed index="3" regionRef="region_1719302846994_18"/>
                <RegionRefIndexed index="4" regionRef="region_1719302851243_21"/>
                <RegionRefIndexed index="5" regionRef="region_1719302858171_24"/>
            </OrderedGroup>
        </ReadingOrder>
        <Relations>
            <Relation type="link">
                <RegionRef regionRef="region_1719302836213_15"/>
                <RegionRef regionRef="region_1719302846994_18"/>
            </Relation>
        </Relations>
        <GraphicRegion id="Graphic_1719302908165_30" custom="readingOrder {index:0;}">
            <Coords points="72,415 790,415 790,160 72,160"/>
        </GraphicRegion>
        <TextRegion type="header" id="region_1719302830194_12" custom="readingOrder {index:1;} structure {type:header;}">
            <Coords points="96,524 768,524 768,606 96,606"/>
        </TextRegion>
        <TextRegion type="drop-capital" id="region_1719302836213_15" custom="readingOrder {index:2;} structure {type:drop-capital;}">
            <Coords points="93,702 205,702 205,815 93,815"/>
        </TextRegion>
        <TextRegion type="paragraph" id="region_1719302846994_18" custom="readingOrder {index:3;} structure {type:paragraph;}">
            <Coords points="766,683 210,687 211,822 93,823 93,1417 766,1417"/>
        </TextRegion>
        <TextRegion type="signature-mark" id="region_1719302851243_21" custom="readingOrder {index:4;} structure {type:signature-mark;}">
            <Coords points="363,1425 457,1425 457,1484 363,1484"/>
        </TextRegion>
        <TextRegion type="catch-word" id="region_1719302858171_24" custom="readingOrder {index:5;} structure {type:catch-word;}">
            <Coords points="613,1421 716,1421 716,1487 613,1487"/>
        </TextRegion>
    </Page>
</PcGts>
