<?xml version="1.0" encoding="UTF-8" standalone="yes"?>
<PcGts xmlns="http://schema.primaresearch.org/PAGE/gts/pagecontent/2013-07-15" xmlns:xsi="http://www.w3.org/2001/XMLSchema-instance" xsi:schemaLocation="http://schema.primaresearch.org/PAGE/gts/pagecontent/2013-07-15 http://schema.primaresearch.org/PAGE/gts/pagecontent/2013-07-15/pagecontent.xsd">
    <Metadata>
        <Creator>Transkribus</Creator>
        <Created>2024-06-25T12:35:39.495+02:00</Created>
        <LastChange>2024-06-25T17:07:04.541+02:00</LastChange>
        <TranskribusMetadata docId="2986983" pageId="73470824" pageNr="5" tsid="174060996" status="IN_PROGRESS" userId="241044" imgUrl="https://files.transkribus.eu/Get?id=MRLVXJHICYWKUPBIEYLWSKMY&amp;fileType=view" xmlUrl="https://files.transkribus.eu/Get?id=PGVCAWOSJNRWKLCWPYDKBMJN" imageId="59330049"/>
    </Metadata>
    <Page imageFilename="1770,_Saemmtliche_Poetische_Werke,_Trattner,_VD18_12002895_Seite_215_Bild_0001.jpg" imageWidth="1031" imageHeight="1741" type="content">
        <ReadingOrder>
            <OrderedGroup id="ro_1719329243008" caption="Regions reading order">
                <RegionRefIndexed index="0" regionRef="region_1719312311056_220"/>
                <RegionRefIndexed index="1" regionRef="region_1719312314507_223"/>
                <RegionRefIndexed index="2" regionRef="region_1719312318934_226"/>
                <RegionRefIndexed index="3" regionRef="region_1719312459235_265"/>
                <RegionRefIndexed index="4" regionRef="region_1719312334851_229"/>
                <RegionRefIndexed index="6" regionRef="region_1719312378443_235"/>
                <RegionRefIndexed index="7" regionRef="region_1719312468453_268"/>
                <RegionRefIndexed index="8" regionRef="region_1719312388899_238"/>
                <RegionRefIndexed index="9" regionRef="region_1719312393122_241"/>
                <RegionRefIndexed index="10" regionRef="region_1719312401335_244"/>
                <RegionRefIndexed index="11" regionRef="region_1719312407674_247"/>
                <RegionRefIndexed index="12" regionRef="region_1719312417878_250"/>
                <RegionRefIndexed index="13" regionRef="region_1719312424419_253"/>
            </OrderedGroup>
        </ReadingOrder>
        <Relations>
            <Relation type="link">
                <RegionRef regionRef="region_1719312388899_238"/>
                <RegionRef regionRef="region_1719312468453_268"/>
            </Relation>
            <Relation type="link">
                <RegionRef regionRef="region_1719312459235_265"/>
                <RegionRef regionRef="region_1719312334851_229"/>
            </Relation>
        </Relations>
        <TextRegion type="heading" id="region_1719312311056_220" custom="readingOrder {index:0;} structure {type:heading;}">
            <Coords points="121,162 564,162 564,217 121,217"/>
        </TextRegion>
        <TextRegion type="page-number" id="region_1719312314507_223" custom="readingOrder {index:1;} structure {type:page-number;}">
            <Coords points="607,166 677,166 677,218 607,218"/>
        </TextRegion>
        <TextRegion type="header" id="region_1719312318934_226" custom="readingOrder {index:2;} structure {type:header;}">
            <Coords points="141,243 567,243 567,308 141,308"/>
        </TextRegion>
        <TextRegion type="drop-capital" id="region_1719312459235_265" custom="readingOrder {index:3;} structure {type:drop-capital;}">
            <Coords points="18,295 81,295 80,363 12,363"/>
        </TextRegion>
        <TextRegion id="region_1719312334851_229" custom="readingOrder {index:4;} structure {type:poem_lg;}">
            <Coords points="15,369 15,775 697,775 697,319 83,319 82,367"/>
        </TextRegion>
        <SeparatorRegion id="Separator_1719312372781_232" custom="readingOrder {index:5;}">
            <Coords points="19,794 688,794 688,846 19,846"/>
        </SeparatorRegion>
        <TextRegion type="header" id="region_1719312378443_235" custom="readingOrder {index:6;} structure {type:header;}">
            <Coords points="118,881 576,881 576,952 118,952"/>
        </TextRegion>
        <TextRegion type="drop-capital" id="region_1719312468453_268" custom="readingOrder {index:7;} structure {type:drop-capital;}">
            <Coords points="22,945 91,945 91,1013 22,1013"/>
        </TextRegion>
        <TextRegion id="region_1719312388899_238" custom="readingOrder {index:8;} structure {type:poem_lg;}">
            <Coords points="29,1020 92,1019 95,975 689,975 689,1137 29,1137"/>
        </TextRegion>
        <TextRegion type="catch-word" id="region_1719312393122_241" custom="readingOrder {index:9;} structure {type:catch-word;}">
            <Coords points="589,1136 650,1136 650,1175 589,1175"/>
        </TextRegion>
        <TextRegion type="footnote" id="region_1719312401335_244" custom="readingOrder {index:10;} structure {type:footnote;}">
            <Coords points="51,1175 716,1175 716,1517 51,1517"/>
        </TextRegion>
        <TextRegion type="paragraph" id="region_1719312407674_247" custom="readingOrder {index:11;} structure {type:paragraph;}">
            <Coords points="64,1179 704,1179 704,1372 64,1372"/>
        </TextRegion>
        <TextRegion type="paragraph" id="region_1719312417878_250" custom="readingOrder {index:12;} structure {type:paragraph;}">
            <Coords points="66,1373 647,1373 647,1406 66,1406"/>
        </TextRegion>
        <TextRegion type="paragraph" id="region_1719312424419_253" custom="readingOrder {index:13;} structure {type:paragraph;}">
            <Coords points="71,1404 698,1404 698,1505 71,1505"/>
        </TextRegion>
    </Page>
</PcGts>
