<?xml version="1.0" encoding="UTF-8"  standalone="yes"?>
<PcGts xmlns="http://schema.primaresearch.org/PAGE/gts/pagecontent/2019-07-15" xmlns:xsi="http://www.w3.org/2001/XMLSchema-instance" xsi:schemaLocation="http://schema.primaresearch.org/PAGE/gts/pagecontent/2019-07-15 http://schema.primaresearch.org/PAGE/gts/pagecontent/2019-07-15/pagecontent.xsd">
  <Metadata>
	<Creator>escriptorium</Creator>
	<Created>2025-04-28T08:10:20.313523+00:00</Created>
        <LastChange>2025-04-28T08:10:20.313551+00:00</LastChange>
  </Metadata>
  <Page imageFilename="1766-71,_Poetische_Werke,_Walthard,_Bd._4_Seite_267_Bild_0001.jpg" imageWidth="569" imageHeight="917">
    <TextRegion id="region_1719258772312_137"  custom="structure {type:paragraph;}">
      <Coords points="109,105 143,102 143,119 110,120"/>
    </TextRegion>
    <TextRegion id="region_1719258777947_140"  custom="structure {type:paragraph;}">
      <Coords points="225,92 408,93 414,118 225,118"/>
    </TextRegion>
    <TextRegion id="region_1719258798681_146"  custom="structure {type:footnote;}">
      <Coords points="147,179 535,174 533,136 147,136"/>
    </TextRegion>
    <TextRegion id="region_1719258805427_149"  custom="structure {type:footnote;}">
      <Coords points="133,193 517,187 516,216 132,216"/>
    </TextRegion>
    <TextRegion id="region_1719258811574_152"  custom="structure {type:footnote;}">
      <Coords points="131,228 541,228 542,643 148,649"/>
    </TextRegion>
    <TextRegion id="region_1719258819355_155"  custom="structure {type:footnote;}">
      <Coords points="540,663 139,664 145,721 540,721"/>
    </TextRegion>
    <TextRegion id="region_1719258824874_158"  custom="structure {type:footnote;}">
      <Coords points="224,759 139,762 139,739 224,739"/>
    </TextRegion>
  </Page>
</PcGts>
