<?xml version="1.0" encoding="UTF-8"  standalone="yes"?>
<PcGts xmlns="http://schema.primaresearch.org/PAGE/gts/pagecontent/2019-07-15" xmlns:xsi="http://www.w3.org/2001/XMLSchema-instance" xsi:schemaLocation="http://schema.primaresearch.org/PAGE/gts/pagecontent/2019-07-15 http://schema.primaresearch.org/PAGE/gts/pagecontent/2019-07-15/pagecontent.xsd">
  <Metadata>
	<Creator>escriptorium</Creator>
	<Created>2025-04-28T08:10:20.360062+00:00</Created>
        <LastChange>2025-04-28T08:10:20.360083+00:00</LastChange>
  </Metadata>
  <Page imageFilename="1766-71,_Poetische_Werke,_Walthard,_Bd._5_Seite_188_Bild_0001.jpg" imageWidth="569" imageHeight="916">
    <TextRegion id="region_1719317743396_895"  custom="structure {type:paragraph;}">
      <Coords points="398,127 117,123 117,104 399,104"/>
    </TextRegion>
    <TextRegion id="region_1719317759589_903"  custom="structure {type:paragraph;}">
      <Coords points="434,108 464,106 464,126 434,126"/>
    </TextRegion>
    <TextRegion id="region_1719317689277_868"  custom="structure {type:paragraph;}">
      <Coords points="50,143 305,144 316,197 50,197"/>
    </TextRegion>
    <TextRegion id="region_1719317692552_871"  custom="structure {type:footnote;}">
      <Coords points="69,212 213,213 218,234 69,234"/>
    </TextRegion>
    <TextRegion id="region_1719317696261_874"  custom="structure {type:heading;}">
      <Coords points="118,257 397,257 403,291 118,291"/>
    </TextRegion>
    <TextRegion id="region_1719317700957_877"  custom="structure {type:paragraph;}">
      <Coords points="49,304 80,304 80,339 55,336"/>
    </TextRegion>
    <TextRegion id="region_1719317707275_880"  custom="structure {type:paragraph;}">
      <Coords points="53,342 53,429 403,430 418,319 82,318 82,342"/>
    </TextRegion>
    <TextRegion id="region_1719317713188_883"  custom="structure {type:heading;}">
      <Coords points="83,455 437,455 441,485 83,486"/>
    </TextRegion>
    <TextRegion id="region_1719317720713_886"  custom="structure {type:paragraph;}">
      <Coords points="56,500 98,500 99,536 57,536"/>
    </TextRegion>
    <TextRegion id="region_1719317727197_889"  custom="structure {type:paragraph;}">
      <Coords points="56,538 56,690 470,690 470,518 100,518 101,537"/>
    </TextRegion>
    <TextRegion id="region_1719317731824_892"  custom="structure {type:footnote;}">
      <Coords points="79,705 341,705 341,730 82,730"/>
    </TextRegion>
  </Page>
</PcGts>
