<?xml version="1.0" encoding="UTF-8"  standalone="yes"?>
<PcGts xmlns="http://schema.primaresearch.org/PAGE/gts/pagecontent/2019-07-15" xmlns:xsi="http://www.w3.org/2001/XMLSchema-instance" xsi:schemaLocation="http://schema.primaresearch.org/PAGE/gts/pagecontent/2019-07-15 http://schema.primaresearch.org/PAGE/gts/pagecontent/2019-07-15/pagecontent.xsd">
  <Metadata>
	<Creator>escriptorium</Creator>
	<Created>2025-04-28T08:10:20.370999+00:00</Created>
        <LastChange>2025-04-28T08:10:20.371019+00:00</LastChange>
  </Metadata>
  <Page imageFilename="1766-71,_Poetische_Werke,_Walthard,_Bd._5_Seite_195_Bild_0001.jpg" imageWidth="570" imageHeight="915">
    <TextRegion id="region_1719318464593_978"  custom="structure {type:paragraph;}">
      <Coords points="107,126 537,128 534,277 107,279"/>
      <TextLine id="eSc_line_603af3aa" >
        <Baseline points="112,146 534,150"/>
        <TextEquiv>
          <Unicode>Epigrammatiſche Gedichte.</Unicode>
        </TextEquiv>
      </TextLine>
      <TextLine id="eSc_line_8a21cd27" >
        <Baseline points="316,172 390,173"/>
        <TextEquiv>
          <Unicode>Den Frühling, wie den Herbſt, lebt mäszig wie</Unicode>
        </TextEquiv>
      </TextLine>
      <TextLine id="eSc_line_dba1cc45" >
        <Baseline points="110,205 531,210"/>
        <TextEquiv>
          <Unicode>Cornar,</Unicode>
        </TextEquiv>
      </TextLine>
      <TextLine id="eSc_line_782f65b7" >
        <Baseline points="315,232 348,230"/>
        <TextEquiv>
          <Unicode>Auch eh ihm noch der Arzt die Hungercur empfieh-</Unicode>
        </TextEquiv>
      </TextLine>
      <TextLine id="eSc_line_60b02e40" >
        <Baseline points="116,264 534,270"/>
        <TextEquiv>
          <Unicode>let:</Unicode>
        </TextEquiv>
      </TextLine>
    </TextRegion>
    <TextRegion id="region_1719318454229_972"  custom="structure {type:paragraph;}">
      <Coords points="176,86 454,86 460,110 176,110"/>
      <TextLine id="eSc_line_0c4f373f" >
        <Baseline points="183,106 461,107"/>
        <TextEquiv>
          <Unicode>Bis ihn des Todes Geitz dem ſchönen Gelde ſtiehlet. *</Unicode>
        </TextEquiv>
      </TextLine>
    </TextRegion>
    <TextRegion id="region_1719318472030_981"  custom="structure {type:footnote;}">
      <Coords points="124,299 533,299 533,751 144,750"/>
      <TextLine id="eSc_line_a3f90b69" >
        <Baseline points="132,321 535,328"/>
        <TextEquiv>
          <Unicode>* Es geſchieht aus bloszer Güte, wenn man unter</Unicode>
        </TextEquiv>
      </TextLine>
      <TextLine id="eSc_line_462c906b" >
        <Baseline points="153,342 532,347"/>
        <TextEquiv>
          <Unicode>dieſen epigrammatiſchen Gedichten, auch den</Unicode>
        </TextEquiv>
      </TextLine>
      <TextLine id="eSc_line_3d0eafd2" >
        <Baseline points="151,358 537,367"/>
        <TextEquiv>
          <Unicode>Jüngling, den Mann, den Alten, die</Unicode>
        </TextEquiv>
      </TextLine>
      <TextLine id="eSc_line_edde3cab" >
        <Baseline points="153,377 532,381"/>
        <TextEquiv>
          <Unicode>Vergleichung, und gewiſſe andere duldet.</Unicode>
        </TextEquiv>
      </TextLine>
      <TextLine id="eSc_line_1ab74df2" >
        <Baseline points="152,393 534,397"/>
        <TextEquiv>
          <Unicode>Es herrſchet ja darinn nicht der unerwartete</Unicode>
        </TextEquiv>
      </TextLine>
      <TextLine id="eSc_line_27c15f68" >
        <Baseline points="152,409 529,413"/>
        <TextEquiv>
          <Unicode>Schlusz, die Schärfe, die vis epigrammatica,</Unicode>
        </TextEquiv>
      </TextLine>
      <TextLine id="eSc_line_736867ac" >
        <Baseline points="154,427 531,432"/>
        <TextEquiv>
          <Unicode>oder die mala lingua, die Maſtial, der doch ſelbst</Unicode>
        </TextEquiv>
      </TextLine>
      <TextLine id="eSc_line_06e18221" >
        <Baseline points="152,444 531,451"/>
        <TextEquiv>
          <Unicode>ſo oft ſchmeichelt, und nicht ſelten moraliſiret, zum</Unicode>
        </TextEquiv>
      </TextLine>
      <TextLine id="eSc_line_e6730890" >
        <Baseline points="152,461 531,468"/>
        <TextEquiv>
          <Unicode>Charakter der Ueberſchriften machet. Dergleichen</Unicode>
        </TextEquiv>
      </TextLine>
      <TextLine id="eSc_line_560544cb" >
        <Baseline points="151,481 530,485"/>
        <TextEquiv>
          <Unicode>Kleinigkeiten ſind vielmehr denen ähnlich, die man</Unicode>
        </TextEquiv>
      </TextLine>
      <TextLine id="eSc_line_71b15b9f" >
        <Baseline points="152,494 532,501"/>
        <TextEquiv>
          <Unicode>in der Anthologie, mit ſo ungleichem Beyfall, findt.</Unicode>
        </TextEquiv>
      </TextLine>
      <TextLine id="eSc_line_97e451ef" >
        <Baseline points="151,513 531,518"/>
        <TextEquiv>
          <Unicode>Man weisz, wie unſchmackhaft die Ueberſchriften</Unicode>
        </TextEquiv>
      </TextLine>
      <TextLine id="eSc_line_6e1ec400" >
        <Baseline points="152,532 534,537"/>
        <TextEquiv>
          <Unicode>und Brühen à la greque für einen Racan waren.</Unicode>
        </TextEquiv>
      </TextLine>
      <TextLine id="eSc_line_66819c00" >
        <Baseline points="152,549 529,554"/>
        <TextEquiv>
          <Unicode>Es heiſſet: jedes rechtſchaffene Epigramma musz,</Unicode>
        </TextEquiv>
      </TextLine>
      <TextLine id="eSc_line_fb8f3015" >
        <Baseline points="151,565 534,570"/>
        <TextEquiv>
          <Unicode>wie eine Biene, immer mit einem Stachel verſe-</Unicode>
        </TextEquiv>
      </TextLine>
      <TextLine id="eSc_line_2587c073" >
        <Baseline points="151,582 532,587"/>
        <TextEquiv>
          <Unicode>hen ſeyn. Dieſer gute Unterricht, dieſe bekannte</Unicode>
        </TextEquiv>
      </TextLine>
      <TextLine id="eSc_line_db685abb" >
        <Baseline points="154,601 531,606"/>
        <TextEquiv>
          <Unicode>Vergleichung werden täglich zugleich wiederholet,</Unicode>
        </TextEquiv>
      </TextLine>
      <TextLine id="eSc_line_52c9e06c" >
        <Baseline points="152,617 534,622"/>
        <TextEquiv>
          <Unicode>und, nach beyden, wären viele zarte Gedanken und</Unicode>
        </TextEquiv>
      </TextLine>
      <TextLine id="eSc_line_ca562d50" >
        <Baseline points="151,634 532,637"/>
        <TextEquiv>
          <Unicode>Epigrammata der Griechen, und die meiſten des</Unicode>
        </TextEquiv>
      </TextLine>
      <TextLine id="eSc_line_314f1aae" >
        <Baseline points="150,652 532,657"/>
        <TextEquiv>
          <Unicode>Vavaſſors, nur ſchöne Fliegen oder Schmetterlinge.</Unicode>
        </TextEquiv>
      </TextLine>
      <TextLine id="eSc_line_7908ff75" >
        <Baseline points="154,668 531,675"/>
        <TextEquiv>
          <Unicode>Aber jene gute Regel gilt, wie ſo mancher bejahr-</Unicode>
        </TextEquiv>
      </TextLine>
      <TextLine id="eSc_line_96da918e" >
        <Baseline points="156,687 531,691"/>
        <TextEquiv>
          <Unicode>ter Lehrſatz, nicht ohne Auſnahme. Dieſes ſtehet aus häufigen Exempeln zu beweiſen.Also flieſſen</Unicode>
        </TextEquiv>
      </TextLine>
      <TextLine id="eSc_line_047e80a3" >
        <Baseline points="154,703 532,708"/>
        <TextEquiv>
          <Unicode>Ueberſchriften oder Sinngedichte, wie</Unicode>
        </TextEquiv>
      </TextLine>
      <TextLine id="eSc_line_3ae30233" >
        <Baseline points="152,720 530,725"/>
        <TextEquiv>
          <Unicode>der Leſer ſie zu nennen beliebet, ſo glücklich aus</Unicode>
        </TextEquiv>
      </TextLine>
      <TextLine id="eSc_line_94cd5259" >
        <Baseline points="151,739 531,741"/>
        <TextEquiv>
          <Unicode></Unicode>
        </TextEquiv>
      </TextLine>
    </TextRegion>
    <TextRegion id="region_1719318457735_975"  custom="structure {type:paragraph;}">
      <Coords points="114,92 141,91 141,108 111,108"/>
    </TextRegion>
  </Page>
</PcGts>
