<?xml version="1.0" encoding="UTF-8"  standalone="yes"?>
<PcGts xmlns="http://schema.primaresearch.org/PAGE/gts/pagecontent/2019-07-15" xmlns:xsi="http://www.w3.org/2001/XMLSchema-instance" xsi:schemaLocation="http://schema.primaresearch.org/PAGE/gts/pagecontent/2019-07-15 http://schema.primaresearch.org/PAGE/gts/pagecontent/2019-07-15/pagecontent.xsd">
  <Metadata>
	<Creator>escriptorium</Creator>
	<Created>2025-04-28T08:10:20.224035+00:00</Created>
        <LastChange>2025-04-28T08:10:20.224071+00:00</LastChange>
  </Metadata>
  <Page imageFilename="1766-71,_Poetische_Werke,_Walthard,_Bd._2_Seite_016_Bild_0001.jpg" imageWidth="583" imageHeight="915">
    <TextRegion id="region_1718562317036_423"  custom="structure {type:paragraph;}">
      <Coords points="209,114 338,115 343,138 209,138"/>
    </TextRegion>
    <TextRegion id="region_1718562307763_420"  custom="structure {type:paragraph;}">
      <Coords points="471,121 489,121 489,144 471,144"/>
    </TextRegion>
    <TextRegion id="region_1718562330117_426"  custom="structure {type:paragraph;}">
      <Coords points="67,147 489,147 483,239 67,241"/>
    </TextRegion>
    <TextRegion id="region_1718562342350_429"  custom="structure {type:paragraph;}">
      <Coords points="484,263 67,267 69,396 484,396"/>
    </TextRegion>
    <TextRegion id="region_1718562367026_432"  custom="structure {type:footnote;}">
      <Coords points="83,416 487,416 489,756 83,751"/>
    </TextRegion>
    <TextRegion id="region_1718562373418_435"  custom="structure {type:footnote;}">
      <Coords points="63,758 458,769 460,794 63,794"/>
    </TextRegion>
  </Page>
</PcGts>
