<?xml version="1.0" encoding="UTF-8"  standalone="yes"?>
<PcGts xmlns="http://schema.primaresearch.org/PAGE/gts/pagecontent/2019-07-15" xmlns:xsi="http://www.w3.org/2001/XMLSchema-instance" xsi:schemaLocation="http://schema.primaresearch.org/PAGE/gts/pagecontent/2019-07-15 http://schema.primaresearch.org/PAGE/gts/pagecontent/2019-07-15/pagecontent.xsd">
  <Metadata>
	<Creator>escriptorium</Creator>
	<Created>2025-04-28T08:10:20.336212+00:00</Created>
        <LastChange>2025-04-28T08:10:20.336233+00:00</LastChange>
  </Metadata>
  <Page imageFilename="1766-71,_Poetische_Werke,_Walthard,_Bd._5_Seite_044_Bild_0001.jpg" imageWidth="573" imageHeight="915">
    <TextRegion id="region_1719316330431_612"  custom="structure {type:paragraph;}">
      <Coords points="168,98 361,97 359,120 168,120"/>
    </TextRegion>
    <TextRegion id="region_1719316334043_615"  custom="structure {type:paragraph;}">
      <Coords points="448,103 472,103 471,120 448,122"/>
    </TextRegion>
    <TextRegion id="TextRegion_1720863689423_323"  custom="structure {type:paragraph;}">
      <Coords points="55,137 476,137 476,254 60,252"/>
    </TextRegion>
    <TextRegion id="TextRegion_1720863689422_322"  custom="structure {type:paragraph;}">
      <Coords points="59,270 476,261 476,359 55,359"/>
    </TextRegion>
    <TextRegion id="region_1719316350487_621"  custom="structure {type:paragraph;}">
      <Coords points="104,370 394,370 385,488 104,490"/>
    </TextRegion>
    <TextRegion id="region_1719316358144_624"  custom="structure {type:paragraph;}">
      <Coords points="55,751 479,751 479,504 58,512"/>
    </TextRegion>
  </Page>
</PcGts>
