<?xml version="1.0" encoding="UTF-8"  standalone="yes"?>
<PcGts xmlns="http://schema.primaresearch.org/PAGE/gts/pagecontent/2019-07-15" xmlns:xsi="http://www.w3.org/2001/XMLSchema-instance" xsi:schemaLocation="http://schema.primaresearch.org/PAGE/gts/pagecontent/2019-07-15 http://schema.primaresearch.org/PAGE/gts/pagecontent/2019-07-15/pagecontent.xsd">
  <Metadata>
	<Creator>escriptorium</Creator>
	<Created>2025-04-28T08:10:20.255305+00:00</Created>
        <LastChange>2025-04-28T08:10:20.255332+00:00</LastChange>
  </Metadata>
  <Page imageFilename="1766-71,_Poetische_Werke,_Walthard,_Bd._2_Seite_034_Bild_0001.jpg" imageWidth="578" imageHeight="915">
    <TextRegion id="region_1718564722093_751"  custom="structure {type:paragraph;}">
      <Coords points="215,106 345,106 344,128 215,128"/>
    </TextRegion>
    <TextRegion id="region_1718564725476_754"  custom="structure {type:paragraph;}">
      <Coords points="453,109 478,109 474,130 453,130"/>
    </TextRegion>
    <TextRegion id="region_1718564754110_760"  custom="structure {type:paragraph;}">
      <Coords points="64,257 484,259 475,147 64,147"/>
    </TextRegion>
    <TextRegion id="region_1718564807612_766"  custom="structure {type:paragraph;}">
      <Coords points="98,324 430,324 421,436 98,436"/>
    </TextRegion>
    <TextRegion id="region_1718564842325_772"  custom="structure {type:footnote;}">
      <Coords points="66,515 488,515 488,678 71,675"/>
    </TextRegion>
    <TextRegion id="region_1718564859460_775"  custom="structure {type:footnote;}">
      <Coords points="68,701 488,701 488,757 74,756"/>
    </TextRegion>
    <TextRegion id="region_1718564864041_778"  custom="structure {type:paragraph;}">
      <Coords points="353,768 391,768 391,796 357,794"/>
    </TextRegion>
  </Page>
</PcGts>
