<?xml version="1.0" encoding="UTF-8"  standalone="yes"?>
<PcGts xmlns="http://schema.primaresearch.org/PAGE/gts/pagecontent/2019-07-15" xmlns:xsi="http://www.w3.org/2001/XMLSchema-instance" xsi:schemaLocation="http://schema.primaresearch.org/PAGE/gts/pagecontent/2019-07-15 http://schema.primaresearch.org/PAGE/gts/pagecontent/2019-07-15/pagecontent.xsd">
  <Metadata>
	<Creator>escriptorium</Creator>
	<Created>2025-04-28T08:10:20.238048+00:00</Created>
        <LastChange>2025-04-28T08:10:20.238076+00:00</LastChange>
  </Metadata>
  <Page imageFilename="1766-71,_Poetische_Werke,_Walthard,_Bd._2_Seite_030_Bild_0001.jpg" imageWidth="584" imageHeight="915">
    <TextRegion id="region_1718562534493_472"  custom="structure {type:heading;}">
      <Coords points="67,181 482,181 481,219 67,219"/>
      <TextLine id="eSc_line_2da77a80" >
        <Baseline points="73,211 474,214"/>
        <TextEquiv>
          <Unicode></Unicode>
        </TextEquiv>
      </TextLine>
    </TextRegion>
    <TextRegion id="region_1718562513837_466"  custom="structure {type:paragraph;}">
      <Coords points="209,111 339,114 337,134 209,134"/>
      <TextLine id="eSc_line_b11217ee" >
        <Baseline points="212,132 333,132"/>
        <TextEquiv>
          <Unicode></Unicode>
        </TextEquiv>
      </TextLine>
    </TextRegion>
    <TextRegion id="region_1718562543272_475"  custom="structure {type:paragraph;}">
      <Coords points="104,236 450,236 450,288 109,285"/>
      <TextLine id="eSc_line_e413cc88" >
        <Baseline points="106,255 447,258"/>
        <TextEquiv>
          <Unicode></Unicode>
        </TextEquiv>
      </TextLine>
      <TextLine id="eSc_line_7162b837" >
        <Baseline points="288,281 409,284"/>
        <TextEquiv>
          <Unicode></Unicode>
        </TextEquiv>
      </TextLine>
    </TextRegion>
    <TextRegion id="region_1718562706709_491"  custom="structure {type:paragraph;}">
      <Coords points="468,443 68,437 69,347 97,347 98,328 464,325"/>
      <TextLine id="eSc_line_bfdf38a8" >
        <Baseline points="98,345 459,348"/>
        <TextEquiv>
          <Unicode></Unicode>
        </TextEquiv>
      </TextLine>
      <TextLine id="eSc_line_e7b9f6bd" >
        <Baseline points="74,372 458,376"/>
        <TextEquiv>
          <Unicode></Unicode>
        </TextEquiv>
      </TextLine>
      <TextLine id="eSc_line_402f2a13" >
        <Baseline points="70,404 456,408"/>
        <TextEquiv>
          <Unicode></Unicode>
        </TextEquiv>
      </TextLine>
      <TextLine id="eSc_line_09a9df59" >
        <Baseline points="73,432 462,434"/>
        <TextEquiv>
          <Unicode></Unicode>
        </TextEquiv>
      </TextLine>
    </TextRegion>
    <TextRegion id="region_1718562720643_494"  custom="structure {type:paragraph;}">
      <Coords points="66,629 467,631 480,458 66,458"/>
      <TextLine id="eSc_line_2487386a" >
        <Baseline points="105,478 476,479"/>
        <TextEquiv>
          <Unicode></Unicode>
        </TextEquiv>
      </TextLine>
      <TextLine id="eSc_line_200f3ac0" >
        <Baseline points="74,506 377,508"/>
        <TextEquiv>
          <Unicode></Unicode>
        </TextEquiv>
      </TextLine>
      <TextLine id="eSc_line_20b1a14e" >
        <Baseline points="73,535 466,540"/>
        <TextEquiv>
          <Unicode></Unicode>
        </TextEquiv>
      </TextLine>
      <TextLine id="eSc_line_ccf787d6" >
        <Baseline points="73,569 470,569"/>
        <TextEquiv>
          <Unicode></Unicode>
        </TextEquiv>
      </TextLine>
      <TextLine id="eSc_line_59554726" >
        <Baseline points="70,594 462,596"/>
        <TextEquiv>
          <Unicode></Unicode>
        </TextEquiv>
      </TextLine>
      <TextLine id="eSc_line_6f9e8d2e" >
        <Baseline points="68,624 438,626"/>
        <TextEquiv>
          <Unicode></Unicode>
        </TextEquiv>
      </TextLine>
    </TextRegion>
    <TextRegion id="region_1718562725816_497"  custom="structure {type:paragraph;}">
      <Coords points="67,760 475,761 480,649 67,649"/>
      <TextLine id="eSc_line_88dfaddf" >
        <Baseline points="101,671 476,673"/>
        <TextEquiv>
          <Unicode></Unicode>
        </TextEquiv>
      </TextLine>
      <TextLine id="eSc_line_12717964" >
        <Baseline points="72,697 421,698"/>
        <TextEquiv>
          <Unicode></Unicode>
        </TextEquiv>
      </TextLine>
      <TextLine id="eSc_line_5becc3c0" >
        <Baseline points="73,725 423,727"/>
        <TextEquiv>
          <Unicode></Unicode>
        </TextEquiv>
      </TextLine>
      <TextLine id="eSc_line_b7261c55" >
        <Baseline points="72,755 379,752"/>
        <TextEquiv>
          <Unicode></Unicode>
        </TextEquiv>
      </TextLine>
    </TextRegion>
    <TextRegion id="region_1718562731240_500"  custom="structure {type:paragraph;}">
      <Coords points="332,784 367,784 364,768 336,765"/>
    </TextRegion>
    <TextRegion id="region_1718562521256_469"  >
      <Coords points="461,116 482,116 485,134 461,132"/>
    </TextRegion>
    <TextRegion id="region_1718562578966_478"  custom="structure {type:paragraph;}">
      <Coords points="72,311 96,310 96,344 70,344"/>
    </TextRegion>
  </Page>
</PcGts>
