<?xml version="1.0" encoding="UTF-8"  standalone="yes"?>
<PcGts xmlns="http://schema.primaresearch.org/PAGE/gts/pagecontent/2019-07-15" xmlns:xsi="http://www.w3.org/2001/XMLSchema-instance" xsi:schemaLocation="http://schema.primaresearch.org/PAGE/gts/pagecontent/2019-07-15 http://schema.primaresearch.org/PAGE/gts/pagecontent/2019-07-15/pagecontent.xsd">
  <Metadata>
	<Creator>escriptorium</Creator>
	<Created>2025-04-28T08:10:20.284643+00:00</Created>
        <LastChange>2025-04-28T08:10:20.284669+00:00</LastChange>
  </Metadata>
  <Page imageFilename="1766-71,_Poetische_Werke,_Walthard,_Bd._3_Seite_030_Bild_0001.jpg" imageWidth="586" imageHeight="918">
    <TextRegion id="region_1718570574099_200"  custom="structure {type:paragraph;}">
      <Coords points="177,116 305,116 310,138 177,138"/>
    </TextRegion>
    <TextRegion id="region_1718570577694_203"  custom="structure {type:paragraph;}">
      <Coords points="443,121 464,121 464,138 443,138"/>
    </TextRegion>
    <TextRegion id="region_1718570613073_209"  custom="structure {type:footnote;}">
      <Coords points="468,157 465,153 462,151 456,156 69,157 69,434 474,435"/>
    </TextRegion>
    <TextRegion id="region_1718570628220_212"  custom="structure {type:footnote;}">
      <Coords points="49,453 429,453 430,539 54,514"/>
    </TextRegion>
    <TextRegion id="region_1718570634826_215"  custom="structure {type:footnote;}">
      <Coords points="47,553 423,553 423,626 56,627"/>
    </TextRegion>
    <TextRegion id="region_1718570642824_218"  custom="structure {type:footnote;}">
      <Coords points="51,644 434,645 463,770 51,770"/>
    </TextRegion>
    <TextRegion id="region_1718570651286_221"  custom="structure {type:paragraph;}">
      <Coords points="260,788 307,791 304,771 260,771"/>
    </TextRegion>
  </Page>
</PcGts>
