<?xml version="1.0" encoding="UTF-8"  standalone="yes"?>
<PcGts xmlns="http://schema.primaresearch.org/PAGE/gts/pagecontent/2019-07-15" xmlns:xsi="http://www.w3.org/2001/XMLSchema-instance" xsi:schemaLocation="http://schema.primaresearch.org/PAGE/gts/pagecontent/2019-07-15 http://schema.primaresearch.org/PAGE/gts/pagecontent/2019-07-15/pagecontent.xsd">
  <Metadata>
	<Creator>escriptorium</Creator>
	<Created>2025-04-28T08:10:20.295697+00:00</Created>
        <LastChange>2025-04-28T08:10:20.295724+00:00</LastChange>
  </Metadata>
  <Page imageFilename="1766-71,_Poetische_Werke,_Walthard,_Bd._3_Seite_066_Bild_0001.jpg" imageWidth="576" imageHeight="922">
    <TextRegion id="region_1718570864896_270"  custom="structure {type:footnote;}">
      <Coords points="81,148 475,148 475,319 82,327"/>
      <TextLine id="eSc_line_0cb88723" >
        <Baseline points="85,163 468,161"/>
        <TextEquiv>
          <Unicode></Unicode>
        </TextEquiv>
      </TextLine>
      <TextLine id="eSc_line_d5e95813" >
        <Baseline points="85,182 474,182"/>
        <TextEquiv>
          <Unicode></Unicode>
        </TextEquiv>
      </TextLine>
      <TextLine id="eSc_line_1c105017" >
        <Baseline points="86,199 471,199"/>
        <TextEquiv>
          <Unicode></Unicode>
        </TextEquiv>
      </TextLine>
      <TextLine id="eSc_line_06cbf371" >
        <Baseline points="84,215 474,215"/>
        <TextEquiv>
          <Unicode></Unicode>
        </TextEquiv>
      </TextLine>
      <TextLine id="eSc_line_36829823" >
        <Baseline points="85,234 474,232"/>
        <TextEquiv>
          <Unicode></Unicode>
        </TextEquiv>
      </TextLine>
      <TextLine id="eSc_line_a640a09d" >
        <Baseline points="84,248 475,248"/>
        <TextEquiv>
          <Unicode></Unicode>
        </TextEquiv>
      </TextLine>
      <TextLine id="eSc_line_71c7226a" >
        <Baseline points="84,264 473,264"/>
        <TextEquiv>
          <Unicode></Unicode>
        </TextEquiv>
      </TextLine>
      <TextLine id="eSc_line_4b203252" >
        <Baseline points="84,282 475,282"/>
        <TextEquiv>
          <Unicode></Unicode>
        </TextEquiv>
      </TextLine>
      <TextLine id="eSc_line_336cd722" >
        <Baseline points="84,298 473,299"/>
        <TextEquiv>
          <Unicode></Unicode>
        </TextEquiv>
      </TextLine>
      <TextLine id="eSc_line_0db29768" >
        <Baseline points="86,317 359,317"/>
        <TextEquiv>
          <Unicode></Unicode>
        </TextEquiv>
      </TextLine>
    </TextRegion>
    <TextRegion id="region_1718570837929_261"  custom="structure {type:paragraph;}">
      <Coords points="176,108 332,109 336,129 176,129"/>
      <TextLine id="eSc_line_9f5457e1" >
        <Baseline points="179,127 335,127"/>
        <TextEquiv>
          <Unicode></Unicode>
        </TextEquiv>
      </TextLine>
    </TextRegion>
    <TextRegion id="region_1718570873062_273"  custom="structure {type:paragraph;}">
      <Coords points="97,339 480,332 479,483 97,483"/>
      <TextLine id="eSc_line_8649cc7b" >
        <Baseline points="101,358 473,357"/>
        <TextEquiv>
          <Unicode></Unicode>
        </TextEquiv>
      </TextLine>
      <TextLine id="eSc_line_7b653f0a" >
        <Baseline points="104,378 478,382"/>
        <TextEquiv>
          <Unicode></Unicode>
        </TextEquiv>
      </TextLine>
      <TextLine id="eSc_line_f17069c4" >
        <Baseline points="104,404 473,406"/>
        <TextEquiv>
          <Unicode></Unicode>
        </TextEquiv>
      </TextLine>
      <TextLine id="eSc_line_6de0424d" >
        <Baseline points="107,431 477,432"/>
        <TextEquiv>
          <Unicode></Unicode>
        </TextEquiv>
      </TextLine>
      <TextLine id="eSc_line_2f66ca88" >
        <Baseline points="105,454 419,453"/>
        <TextEquiv>
          <Unicode></Unicode>
        </TextEquiv>
      </TextLine>
      <TextLine id="eSc_line_ec6ed924" >
        <Baseline points="107,475 229,479"/>
        <TextEquiv>
          <Unicode></Unicode>
        </TextEquiv>
      </TextLine>
      <TextLine id="eSc_line_b7f32225" >
        <Baseline points="399,477 477,478"/>
        <TextEquiv>
          <Unicode></Unicode>
        </TextEquiv>
      </TextLine>
    </TextRegion>
    <TextRegion id="region_1718570879771_276"  custom="structure {type:footnote;}">
      <Coords points="85,498 480,492 479,642 85,642"/>
      <TextLine id="eSc_line_fff93a0e" >
        <Baseline points="89,533 477,533"/>
        <TextEquiv>
          <Unicode></Unicode>
        </TextEquiv>
      </TextLine>
      <TextLine id="eSc_line_7f1ba5aa" >
        <Baseline points="91,551 474,549"/>
        <TextEquiv>
          <Unicode></Unicode>
        </TextEquiv>
      </TextLine>
      <TextLine id="eSc_line_a73e2e6d" >
        <Baseline points="89,568 477,568"/>
        <TextEquiv>
          <Unicode></Unicode>
        </TextEquiv>
      </TextLine>
      <TextLine id="eSc_line_5cddb976" >
        <Baseline points="88,587 479,587"/>
        <TextEquiv>
          <Unicode></Unicode>
        </TextEquiv>
      </TextLine>
      <TextLine id="eSc_line_5ad03a08" >
        <Baseline points="89,601 477,604"/>
        <TextEquiv>
          <Unicode></Unicode>
        </TextEquiv>
      </TextLine>
      <TextLine id="eSc_line_bfd334e6" >
        <Baseline points="88,619 474,620"/>
        <TextEquiv>
          <Unicode></Unicode>
        </TextEquiv>
      </TextLine>
      <TextLine id="eSc_line_19d60cfe" >
        <Baseline points="89,638 328,639"/>
        <TextEquiv>
          <Unicode></Unicode>
        </TextEquiv>
      </TextLine>
    </TextRegion>
    <TextRegion id="region_1718570841356_264"  custom="structure {type:paragraph;}">
      <Coords points="450,114 474,114 473,130 450,130"/>
    </TextRegion>
    <TextRegion id="region_1718570890955_282"  custom="structure {type:paragraph;}">
      <Coords points="379,739 424,739 424,770 381,766"/>
    </TextRegion>
    <TextRegion id="eSc_dummyblock_">
      <Coords points="0,0 0,0"/>
      <TextLine id="eSc_line_a3379561" >
        <Baseline points="85,517 475,514"/>
        <TextEquiv>
          <Unicode></Unicode>
        </TextEquiv>
      </TextLine>
    </TextRegion>
  </Page>
</PcGts>
