<?xml version="1.0" encoding="UTF-8"  standalone="yes"?>
<PcGts xmlns="http://schema.primaresearch.org/PAGE/gts/pagecontent/2019-07-15" xmlns:xsi="http://www.w3.org/2001/XMLSchema-instance" xsi:schemaLocation="http://schema.primaresearch.org/PAGE/gts/pagecontent/2019-07-15 http://schema.primaresearch.org/PAGE/gts/pagecontent/2019-07-15/pagecontent.xsd">
  <Metadata>
	<Creator>escriptorium</Creator>
	<Created>2025-04-28T08:10:20.267758+00:00</Created>
        <LastChange>2025-04-28T08:10:20.267785+00:00</LastChange>
  </Metadata>
  <Page imageFilename="1766-71,_Poetische_Werke,_Walthard,_Bd._3_Seite_019_Bild_0001.jpg" imageWidth="587" imageHeight="920">
    <TextRegion id="region_1718567743043_95"  custom="structure {type:paragraph;}">
      <Coords points="177,137 455,134 455,112 182,112"/>
      <TextLine id="eSc_line_50337134" >
        <Baseline points="187,133 449,131"/>
        <TextEquiv>
          <Unicode>Fabeln und Erzehlungen.</Unicode>
        </TextEquiv>
      </TextLine>
    </TextRegion>
    <TextRegion id="region_1718567824959_114"  custom="structure {type:heading;}">
      <Coords points="482,175 123,175 123,216 479,215"/>
      <TextLine id="eSc_line_08d84772" >
        <Baseline points="131,213 481,210"/>
        <TextEquiv>
          <Unicode>Philemon und Baucis</Unicode>
        </TextEquiv>
      </TextLine>
    </TextRegion>
    <TextRegion id="region_1718567836738_117"  custom="structure {type:paragraph;}">
      <Coords points="129,237 505,233 513,357 129,357"/>
      <TextLine id="eSc_line_eb727541" >
        <Baseline points="132,256 458,253"/>
        <TextEquiv>
          <Unicode>Præſentes namque ante domos inviſere caſtas</Unicode>
        </TextEquiv>
      </TextLine>
      <TextLine id="eSc_line_13ad4554" >
        <Baseline points="135,282 460,285"/>
        <TextEquiv>
          <Unicode>Sæpius, (1) &amp; ſesſ mortali oſtendere eœtu</Unicode>
        </TextEquiv>
      </TextLine>
      <TextLine id="eSc_line_7bbf6a91" >
        <Baseline points="135,315 491,315"/>
        <TextEquiv>
          <Unicode>Cœlicolæ, nondum ſpreta pietate, ſolebant.</Unicode>
        </TextEquiv>
      </TextLine>
      <TextLine id="eSc_line_c51ceb21" >
        <Baseline points="181,350 505,351"/>
        <TextEquiv>
          <Unicode>CATULL. de Nuptiis Pelei. &amp; Thetid. v. 384.</Unicode>
        </TextEquiv>
      </TextLine>
    </TextRegion>
    <TextRegion id="region_1718567868169_123"  custom="structure {type:paragraph;}">
      <Coords points="96,413 96,616 412,616 412,381 131,384 127,393 126,412"/>
      <TextLine id="eSc_line_540d3eed" >
        <Baseline points="130,402 350,401"/>
        <TextEquiv>
          <Unicode>Poeten wiſſen tausend Sachen,</Unicode>
        </TextEquiv>
      </TextLine>
      <TextLine id="eSc_line_363d6371" >
        <Baseline points="102,430 377,430"/>
        <TextEquiv>
          <Unicode>Die in dem groben Theil der Welt</Unicode>
        </TextEquiv>
      </TextLine>
      <TextLine id="eSc_line_7f35de02" >
        <Baseline points="101,463 354,464"/>
        <TextEquiv>
          <Unicode>Der Wahn und Aberwitz belachen,</Unicode>
        </TextEquiv>
      </TextLine>
      <TextLine id="eSc_line_65a52fad" >
        <Baseline points="103,488 350,489"/>
        <TextEquiv>
          <Unicode>Und Einfalt für unmöglich hält.</Unicode>
        </TextEquiv>
      </TextLine>
      <TextLine id="eSc_line_d900b6d5" >
        <Baseline points="102,522 389,522"/>
        <TextEquiv>
          <Unicode>Wir ſingen: Boreas musz ſschweigen;</Unicode>
        </TextEquiv>
      </TextLine>
      <TextLine id="eSc_line_c4e3054d" >
        <Baseline points="102,553 411,551"/>
        <TextEquiv>
          <Unicode>Der Wald erſtaunt; es horcht das Meer</Unicode>
        </TextEquiv>
      </TextLine>
      <TextLine id="eSc_line_24f7977e" >
        <Baseline points="102,582 395,581"/>
        <TextEquiv>
          <Unicode>Und wenn wir uns recht mild erzeigen,</Unicode>
        </TextEquiv>
      </TextLine>
      <TextLine id="eSc_line_8075f689" >
        <Baseline points="103,613 377,611"/>
        <TextEquiv>
          <Unicode>So kömmt der Mond gehorſam her.</Unicode>
        </TextEquiv>
      </TextLine>
    </TextRegion>
    <TextRegion id="region_1718567882961_126"  custom="structure {type:paragraph;}">
      <Coords points="96,774 424,773 432,634 96,634"/>
      <TextLine id="eSc_line_7fbb718a" >
        <Baseline points="137,655 410,655"/>
        <TextEquiv>
          <Unicode>Wer unterſteht ſich, uns zu ſchimpfen,</Unicode>
        </TextEquiv>
      </TextLine>
      <TextLine id="eSc_line_4e3b59ac" >
        <Baseline points="103,686 368,686"/>
        <TextEquiv>
          <Unicode>Als der nicht Midas Strafe weisz?</Unicode>
        </TextEquiv>
      </TextLine>
      <TextLine id="eSc_line_efcaf1b4" >
        <Baseline points="102,716 426,716"/>
        <TextEquiv>
          <Unicode>Wer macht aus Schiffen schöne Nymphen,</Unicode>
        </TextEquiv>
      </TextLine>
      <TextLine id="eSc_line_8245e924" >
        <Baseline points="103,746 378,744"/>
        <TextEquiv>
          <Unicode>Aus Daphnens Haar ein Lorbeerreis,</Unicode>
        </TextEquiv>
      </TextLine>
      <TextLine id="eSc_line_8afdbec7" >
        <Baseline points="103,772 361,772"/>
        <TextEquiv>
          <Unicode>Aus Byblis zähren eine Quelle,</Unicode>
        </TextEquiv>
      </TextLine>
    </TextRegion>
    <TextRegion id="region_1718567730776_92"  custom="structure {type:paragraph;}">
      <Coords points="95,117 119,118 123,135 95,135"/>
    </TextRegion>
    <TextRegion id="region_1718567852118_120"  custom="structure {type:paragraph;}">
      <Coords points="100,366 125,366 127,386 122,407 95,409"/>
    </TextRegion>
  </Page>
</PcGts>
