<?xml version="1.0" encoding="UTF-8"  standalone="yes"?>
<PcGts xmlns="http://schema.primaresearch.org/PAGE/gts/pagecontent/2019-07-15" xmlns:xsi="http://www.w3.org/2001/XMLSchema-instance" xsi:schemaLocation="http://schema.primaresearch.org/PAGE/gts/pagecontent/2019-07-15 http://schema.primaresearch.org/PAGE/gts/pagecontent/2019-07-15/pagecontent.xsd">
  <Metadata>
	<Creator>escriptorium</Creator>
	<Created>2025-04-28T08:10:20.344328+00:00</Created>
        <LastChange>2025-04-28T08:10:20.344348+00:00</LastChange>
  </Metadata>
  <Page imageFilename="1766-71,_Poetische_Werke,_Walthard,_Bd._5_Seite_173_Bild_0001.jpg" imageWidth="556" imageHeight="914">
    <TextRegion id="region_1719316816806_760"  custom="structure {type:footnote;}">
      <Coords points="114,141 469,141 449,344 114,347"/>
      <TextLine id="eSc_line_6898602b" >
        <Baseline points="120,156 464,153"/>
        <TextEquiv>
          <Unicode></Unicode>
        </TextEquiv>
      </TextLine>
      <TextLine id="eSc_line_f8149ac6" >
        <Baseline points="120,172 457,167"/>
        <TextEquiv>
          <Unicode></Unicode>
        </TextEquiv>
      </TextLine>
      <TextLine id="eSc_line_c3f008fc" >
        <Baseline points="136,192 388,187"/>
        <TextEquiv>
          <Unicode></Unicode>
        </TextEquiv>
      </TextLine>
      <TextLine id="eSc_line_fea5c5d5" >
        <Baseline points="118,208 456,205"/>
        <TextEquiv>
          <Unicode></Unicode>
        </TextEquiv>
      </TextLine>
      <TextLine id="eSc_line_4a2a184e" >
        <Baseline points="141,224 386,220"/>
        <TextEquiv>
          <Unicode></Unicode>
        </TextEquiv>
      </TextLine>
      <TextLine id="eSc_line_7b5a209c" >
        <Baseline points="120,243 418,237"/>
        <TextEquiv>
          <Unicode></Unicode>
        </TextEquiv>
      </TextLine>
      <TextLine id="eSc_line_1fa014cd" >
        <Baseline points="134,259 402,255"/>
        <TextEquiv>
          <Unicode></Unicode>
        </TextEquiv>
      </TextLine>
      <TextLine id="eSc_line_b5e9b7b1" >
        <Baseline points="117,275 450,271"/>
        <TextEquiv>
          <Unicode></Unicode>
        </TextEquiv>
      </TextLine>
      <TextLine id="eSc_line_34366b73" >
        <Baseline points="136,292 397,290"/>
        <TextEquiv>
          <Unicode></Unicode>
        </TextEquiv>
      </TextLine>
      <TextLine id="eSc_line_d5382935" >
        <Baseline points="117,313 439,307"/>
        <TextEquiv>
          <Unicode></Unicode>
        </TextEquiv>
      </TextLine>
      <TextLine id="eSc_line_7c840394" >
        <Baseline points="135,327 380,324"/>
        <TextEquiv>
          <Unicode></Unicode>
        </TextEquiv>
      </TextLine>
      <TextLine id="eSc_line_b6f92965" >
        <Baseline points="181,343 293,342"/>
        <TextEquiv>
          <Unicode></Unicode>
        </TextEquiv>
      </TextLine>
    </TextRegion>
    <TextRegion id="region_1719316793617_754"  custom="structure {type:paragraph;}">
      <Coords points="170,121 443,119 443,95 172,101"/>
      <TextLine id="eSc_line_9866e811" >
        <Baseline points="176,119 443,115"/>
        <TextEquiv>
          <Unicode></Unicode>
        </TextEquiv>
      </TextLine>
    </TextRegion>
    <TextRegion id="region_1719316838614_767"  custom="structure {type:heading;}">
      <Coords points="221,368 387,368 381,404 221,404"/>
      <TextLine id="eSc_line_9e7cee24" >
        <Baseline points="227,401 377,399"/>
        <TextEquiv>
          <Unicode></Unicode>
        </TextEquiv>
      </TextLine>
    </TextRegion>
    <TextRegion id="region_1719316857304_776"  custom="structure {type:paragraph;}">
      <Coords points="97,463 101,554 499,554 499,437 134,436 134,463"/>
      <TextLine id="eSc_line_ef88e129" >
        <Baseline points="137,460 382,457"/>
        <TextEquiv>
          <Unicode></Unicode>
        </TextEquiv>
      </TextLine>
      <TextLine id="eSc_line_87f93761" >
        <Baseline points="103,490 498,485"/>
        <TextEquiv>
          <Unicode></Unicode>
        </TextEquiv>
      </TextLine>
      <TextLine id="eSc_line_2c667f3b" >
        <Baseline points="103,518 485,518"/>
        <TextEquiv>
          <Unicode></Unicode>
        </TextEquiv>
      </TextLine>
      <TextLine id="eSc_line_a34d0767" >
        <Baseline points="103,549 322,546"/>
        <TextEquiv>
          <Unicode></Unicode>
        </TextEquiv>
      </TextLine>
    </TextRegion>
    <TextRegion id="region_1719316846211_770"  custom="structure {type:footnote;}">
      <Coords points="115,574 361,574 361,601 120,600"/>
      <TextLine id="eSc_line_55ac35ac" >
        <Baseline points="121,595 360,595"/>
        <TextEquiv>
          <Unicode></Unicode>
        </TextEquiv>
      </TextLine>
    </TextRegion>
    <TextRegion id="region_1719316862469_779"  custom="structure {type:heading;}">
      <Coords points="160,629 452,629 452,663 165,662"/>
      <TextLine id="eSc_line_c0ae4635" >
        <Baseline points="168,658 450,656"/>
        <TextEquiv>
          <Unicode></Unicode>
        </TextEquiv>
      </TextLine>
    </TextRegion>
    <TextRegion id="region_1737552857480_913"  custom="structure {type:paragraph;}">
      <Coords points="100,697 171,701 169,724 100,722"/>
      <TextLine id="eSc_line_7657653c" >
        <Baseline points="102,720 166,721"/>
        <TextEquiv>
          <Unicode></Unicode>
        </TextEquiv>
      </TextLine>
    </TextRegion>
    <TextRegion id="TextRegion_1737552804206_897"  custom="structure {type:paragraph;}">
      <Coords points="208,699 464,693 466,755 180,755 181,731 208,725"/>
      <TextLine id="eSc_line_9d35a2f7" >
        <Baseline points="210,720 463,718"/>
        <TextEquiv>
          <Unicode></Unicode>
        </TextEquiv>
      </TextLine>
      <TextLine id="eSc_line_26ee16a4" >
        <Baseline points="182,753 464,750"/>
        <TextEquiv>
          <Unicode></Unicode>
        </TextEquiv>
      </TextLine>
    </TextRegion>
    <TextRegion id="region_1719316872007_782"  custom="structure {type:paragraph;}">
      <Coords points="183,686 207,686 207,722 183,719"/>
    </TextRegion>
    <TextRegion id="region_1719316852583_773"  custom="structure {type:paragraph;}">
      <Coords points="99,425 132,422 132,460 95,460"/>
    </TextRegion>
    <TextRegion id="region_1719316783596_751"  custom="structure {type:paragraph;}">
      <Coords points="95,106 128,106 128,123 97,122"/>
    </TextRegion>
  </Page>
</PcGts>
