<?xml version="1.0" encoding="UTF-8"  standalone="yes"?>
<PcGts xmlns="http://schema.primaresearch.org/PAGE/gts/pagecontent/2019-07-15" xmlns:xsi="http://www.w3.org/2001/XMLSchema-instance" xsi:schemaLocation="http://schema.primaresearch.org/PAGE/gts/pagecontent/2019-07-15 http://schema.primaresearch.org/PAGE/gts/pagecontent/2019-07-15/pagecontent.xsd">
  <Metadata>
	<Creator>escriptorium</Creator>
	<Created>2025-04-28T08:10:20.322483+00:00</Created>
        <LastChange>2025-04-28T08:10:20.322503+00:00</LastChange>
  </Metadata>
  <Page imageFilename="1766-71,_Poetische_Werke,_Walthard,_Bd._4_Seite_269_Bild_0001.jpg" imageWidth="583" imageHeight="915">
    <TextRegion id="region_1719259142803_221"  custom="structure {type:footnote;}">
      <Coords points="121,146 521,146 525,178 121,184"/>
      <TextLine id="eSc_line_bbe896da" >
        <Baseline points="124,164 517,162"/>
        <TextEquiv>
          <Unicode>Oden und Lieder.</Unicode>
        </TextEquiv>
      </TextLine>
      <TextLine id="eSc_line_25648328" >
        <Baseline points="143,178 218,178"/>
        <TextEquiv>
          <Unicode>18 Das Horn eines Stiers. ſ. Montfaucon p. 244.</Unicode>
        </TextEquiv>
      </TextLine>
    </TextRegion>
    <TextRegion id="TextRegion_1720863169430_215"  custom="structure {type:footnote;}">
      <Coords points="116,198 524,195 524,291 121,291"/>
      <TextLine id="eSc_line_f00c5e84" >
        <Baseline points="125,216 523,218"/>
        <TextEquiv>
          <Unicode>255. §. 3.</Unicode>
        </TextEquiv>
      </TextLine>
      <TextLine id="eSc_line_3cf23a91" >
        <Baseline points="143,234 522,234"/>
        <TextEquiv>
          <Unicode>19. Aegle, Naïadum pulcherrima, war eine Bekann-</Unicode>
        </TextEquiv>
      </TextLine>
      <TextLine id="eSc_line_765e141e" >
        <Baseline points="143,248 522,248"/>
        <TextEquiv>
          <Unicode>tinn und Feldnachbarinn des Silenus. ſ. Virgil.</Unicode>
        </TextEquiv>
      </TextLine>
      <TextLine id="eSc_line_3ed5935e" >
        <Baseline points="143,269 522,269"/>
        <TextEquiv>
          <Unicode>Ecl. VI. v. 26. Die Nymphen der Quellen und</Unicode>
        </TextEquiv>
      </TextLine>
      <TextLine id="eSc_line_35555adf" >
        <Baseline points="143,285 240,284"/>
        <TextEquiv>
          <Unicode>Brunnen waren unter einer gewiſſen Gottmäszigkeit</Unicode>
        </TextEquiv>
      </TextLine>
    </TextRegion>
    <TextRegion id="region_1719259084756_207"  custom="structure {type:paragraph;}">
      <Coords points="225,124 399,124 399,101 225,106"/>
      <TextLine id="eSc_line_ab838e7b" >
        <Baseline points="229,120 397,120"/>
        <TextEquiv>
          <Unicode>des Bacchus.</Unicode>
        </TextEquiv>
      </TextLine>
    </TextRegion>
    <TextRegion id="TextRegion_1720863193302_220"  custom="structure {type:paragraph;}">
      <Coords points="188,296 432,297 490,370 188,370"/>
      <TextLine id="eSc_line_db871769" >
        <Baseline points="193,312 375,312"/>
        <TextEquiv>
          <Unicode>- - - O Naïadum potens</Unicode>
        </TextEquiv>
      </TextLine>
      <TextLine id="eSc_line_8e2a4b6d" >
        <Baseline points="193,331 383,332"/>
        <TextEquiv>
          <Unicode>Baccharumque valentium</Unicode>
        </TextEquiv>
      </TextLine>
      <TextLine id="eSc_line_b4b8b687" >
        <Baseline points="191,346 447,347"/>
        <TextEquiv>
          <Unicode>Proceras manibus vertere fraxinos.</Unicode>
        </TextEquiv>
      </TextLine>
      <TextLine id="eSc_line_b84fe6d6" >
        <Baseline points="323,365 484,367"/>
        <TextEquiv>
          <Unicode>Horat. Carm. III. 25.</Unicode>
        </TextEquiv>
      </TextLine>
    </TextRegion>
    <TextRegion id="TextRegion_1720863200611_225"  custom="structure {type:footnote;}">
      <Coords points="133,376 524,373 524,439 131,436"/>
      <TextLine id="eSc_line_3e2e59cd" >
        <Baseline points="142,398 522,393"/>
        <TextEquiv>
          <Unicode>Sollte wohl das groſſe Anſehen, in welchem er bey</Unicode>
        </TextEquiv>
      </TextLine>
      <TextLine id="eSc_line_03744783" >
        <Baseline points="142,413 522,414"/>
        <TextEquiv>
          <Unicode>den Najaden ſtand, die Folge ſeiner ewigen Ju-</Unicode>
        </TextEquiv>
      </TextLine>
      <TextLine id="eSc_line_331b27f8" >
        <Baseline points="137,431 289,429"/>
        <TextEquiv>
          <Unicode>gend geweſen ſeyn?</Unicode>
        </TextEquiv>
      </TextLine>
    </TextRegion>
    <TextRegion id="TextRegion_1720863200611_224"  custom="structure {type:paragraph;}">
      <Coords points="145,441 500,443 500,539 144,530"/>
      <TextLine id="eSc_line_17dabdd9" >
        <Baseline points="149,457 440,459"/>
        <TextEquiv>
          <Unicode>- - - Tibi enim inconſumta juventus.</Unicode>
        </TextEquiv>
      </TextLine>
      <TextLine id="eSc_line_589170fe" >
        <Baseline points="154,474 445,475"/>
        <TextEquiv>
          <Unicode>Tu puer æternus: tu formoſiſſimus alto</Unicode>
        </TextEquiv>
      </TextLine>
      <TextLine id="eSc_line_b7aa5469" >
        <Baseline points="152,492 498,494"/>
        <TextEquiv>
          <Unicode>Conſpiceris cœlo: tibi, cum fine cornibus adſtas,</Unicode>
        </TextEquiv>
      </TextLine>
      <TextLine id="eSc_line_91241dd0" >
        <Baseline points="153,511 305,509"/>
        <TextEquiv>
          <Unicode>Virgineum caput eſt.</Unicode>
        </TextEquiv>
      </TextLine>
      <TextLine id="eSc_line_36e2d2bd" >
        <Baseline points="288,526 474,530"/>
        <TextEquiv>
          <Unicode>Ovid. Metam. IV. 17. 20.</Unicode>
        </TextEquiv>
      </TextLine>
    </TextRegion>
    <TextRegion id="region_1719259076286_204"  custom="structure {type:paragraph;}">
      <Coords points="135,127 104,130 106,111 135,111"/>
    </TextRegion>
  </Page>
</PcGts>
