<?xml version="1.0" encoding="UTF-8"  standalone="yes"?>
<PcGts xmlns="http://schema.primaresearch.org/PAGE/gts/pagecontent/2019-07-15" xmlns:xsi="http://www.w3.org/2001/XMLSchema-instance" xsi:schemaLocation="http://schema.primaresearch.org/PAGE/gts/pagecontent/2019-07-15 http://schema.primaresearch.org/PAGE/gts/pagecontent/2019-07-15/pagecontent.xsd">
  <Metadata>
	<Creator>escriptorium</Creator>
	<Created>2025-04-28T08:10:20.492403+00:00</Created>
        <LastChange>2025-04-28T08:10:20.492423+00:00</LastChange>
  </Metadata>
  <Page imageFilename="1772f.,_Poetische_Werke,_Walthard,_Bd._5,_VD18_90660129_Seite_107_Bild_0001.jpg" imageWidth="800" imageHeight="1458">
    <TextRegion id="region_1740324628792_976"  custom="structure {type:paragraph;}">
      <Coords points="161,170 505,172 494,213 147,208"/>
    </TextRegion>
    <TextRegion id="region_1740324639046_982"  custom="structure {type:paragraph;}">
      <Coords points="585,179 628,182 617,222 578,218"/>
    </TextRegion>
    <TextRegion id="region_1740324655371_988"  custom="structure {type:heading;}">
      <Coords points="273,282 410,282 408,323 268,325"/>
    </TextRegion>
    <TextRegion id="region_1740324666533_991"  custom="structure {type:paragraph;}">
      <Coords points="53,340 122,341 121,348 116,352 106,399 66,396 51,347"/>
    </TextRegion>
    <TextRegion id="region_1740324698318_994"  custom="structure {type:paragraph;}">
      <Coords points="122,349 135,342 634,346 630,676 492,676 491,715 396,709 399,674 54,672 50,409 109,409"/>
    </TextRegion>
    <TextRegion id="region_1740324744929_1012"  custom="structure {type:paragraph;}">
      <Coords points="577,703 634,711 632,741 560,739 563,709"/>
    </TextRegion>
    <TextRegion id="region_1740324737008_1009"  custom="structure {type:l-column;}">
      <Coords points="53,748 337,754 340,1124 58,1120"/>
    </TextRegion>
    <TextRegion id="region_1740324766336_1015"  custom="structure {type:r-column;}">
      <Coords points="345,752 627,758 633,1106 616,1104 599,1102 564,1101 541,1102 462,1108 409,1111 348,1107"/>
    </TextRegion>
    <TextRegion id="region_1740324785550_1021"  custom="structure {type:paragraph;}">
      <Coords points="550,1104 599,1104 635,1110 632,1126 545,1124"/>
    </TextRegion>
    <TextRegion id="region_1740324776719_1018"  custom="structure {type:heading;}">
      <Coords points="93,1126 469,1127 471,1164 86,1160"/>
    </TextRegion>
  </Page>
</PcGts>
