<?xml version="1.0" encoding="UTF-8"  standalone="yes"?>
<PcGts xmlns="http://schema.primaresearch.org/PAGE/gts/pagecontent/2019-07-15" xmlns:xsi="http://www.w3.org/2001/XMLSchema-instance" xsi:schemaLocation="http://schema.primaresearch.org/PAGE/gts/pagecontent/2019-07-15 http://schema.primaresearch.org/PAGE/gts/pagecontent/2019-07-15/pagecontent.xsd">
  <Metadata>
	<Creator>escriptorium</Creator>
	<Created>2025-04-28T08:10:20.522991+00:00</Created>
        <LastChange>2025-04-28T08:10:20.523011+00:00</LastChange>
  </Metadata>
  <Page imageFilename="1772f.,_Poetische_Werke,_Walthard,_Bd._2,_VD18_90660080_Seite_156_Bild_0001.jpg" imageWidth="800" imageHeight="1446">
    <TextRegion id="region_1740322695404_306"  custom="structure {type:paragraph;}">
      <Coords points="197,184 255,185 253,220 196,217"/>
    </TextRegion>
    <TextRegion id="region_1740322704195_309"  custom="structure {type:paragraph;}">
      <Coords points="312,176 643,171 638,209 586,212 314,211"/>
    </TextRegion>
    <TextRegion id="region_1740322727016_315"  custom="structure {type:heading;}">
      <Coords points="407,314 560,313 558,358 399,361"/>
    </TextRegion>
    <TextRegion id="region_1740322738238_318"  custom="structure {type:paragraph;}">
      <Coords points="200,438 225,436 225,430 221,421 221,393 229,390 230,382 195,382 191,425"/>
    </TextRegion>
    <TextRegion id="region_1740322777946_321"  custom="structure {type:paragraph;}">
      <Coords points="225,396 264,384 474,383 700,379 704,411 770,408 769,448 739,451 685,490 712,525 778,535 779,577 709,586 752,630 462,637 194,647 195,452 226,449 229,432 225,417"/>
    </TextRegion>
    <TextRegion id="region_1740322800874_324"  custom="structure {type:paragraph;}">
      <Coords points="425,669 528,666 529,704 422,704"/>
    </TextRegion>
    <TextRegion id="region_1740322807496_327"  custom="structure {type:paragraph;}">
      <Coords points="254,721 778,719 759,790 190,793 194,755 255,752"/>
    </TextRegion>
    <TextRegion id="region_1740322811907_330"  custom="structure {type:paragraph;}">
      <Coords points="437,812 536,815 535,850 440,846"/>
    </TextRegion>
    <TextRegion id="region_1740322873529_333"  custom="structure {type:paragraph;}">
      <Coords points="262,869 777,865 776,940 671,945 778,985 776,1093 196,1107 195,904 262,907"/>
    </TextRegion>
    <TextRegion id="region_1740322882031_336"  custom="structure {type:paragraph;}">
      <Coords points="680,1129 772,1124 773,1165 667,1162 669,1129"/>
    </TextRegion>
  </Page>
</PcGts>
