<?xml version="1.0" encoding="UTF-8"  standalone="yes"?>
<PcGts xmlns="http://schema.primaresearch.org/PAGE/gts/pagecontent/2019-07-15" xmlns:xsi="http://www.w3.org/2001/XMLSchema-instance" xsi:schemaLocation="http://schema.primaresearch.org/PAGE/gts/pagecontent/2019-07-15 http://schema.primaresearch.org/PAGE/gts/pagecontent/2019-07-15/pagecontent.xsd">
  <Metadata>
	<Creator>escriptorium</Creator>
	<Created>2025-04-28T08:10:20.461631+00:00</Created>
        <LastChange>2025-04-28T08:10:20.461652+00:00</LastChange>
  </Metadata>
  <Page imageFilename="1772f.,_Poetische_Werke,_Walthard,_Bd._5,_VD18_90660129_Seite_044_Bild_0001.jpg" imageWidth="800" imageHeight="1458">
    <TextRegion id="region_1740325241519_1179"  custom="structure {type:paragraph;}">
      <Coords points="170,154 218,154 220,202 173,211"/>
    </TextRegion>
    <TextRegion id="region_1740325245158_1182"  custom="structure {type:paragraph;}">
      <Coords points="273,162 681,161 675,199 251,200"/>
    </TextRegion>
    <TextRegion id="region_1740325250439_1185"  custom="structure {type:paragraph;}">
      <Coords points="177,224 773,226 765,264 538,292 176,290"/>
    </TextRegion>
    <TextRegion id="region_1740325256815_1188"  custom="structure {type:paragraph;}">
      <Coords points="259,315 773,316 767,386 518,395 502,414 171,414 173,346 236,346"/>
    </TextRegion>
    <TextRegion id="region_1740325268741_1191"  custom="structure {type:paragraph;}">
      <Coords points="309,431 767,431 760,642 365,642 359,661 252,670 256,459 307,466"/>
    </TextRegion>
    <TextRegion id="region_1740325288727_1194"  custom="structure {type:paragraph;}">
      <Coords points="254,674 760,680 753,1073 429,1080 162,1083 166,714 241,684"/>
    </TextRegion>
    <TextRegion id="region_1740325294214_1197"  custom="structure {type:paragraph;}">
      <Coords points="690,1080 769,1080 752,1116 681,1109"/>
    </TextRegion>
    <TextRegion id="region_1740325299765_1200"  custom="structure {type:l-column;}">
      <Coords points="198,1129 456,1124 454,1166 193,1166"/>
    </TextRegion>
    <TextRegion id="region_1740325306716_1203"  custom="structure {type:r-column;}">
      <Coords points="456,1186 466,1143 487,1145 499,1115 756,1127 750,1163 676,1166 675,1192"/>
    </TextRegion>
  </Page>
</PcGts>
