<?xml version="1.0" encoding="UTF-8"  standalone="yes"?>
<PcGts xmlns="http://schema.primaresearch.org/PAGE/gts/pagecontent/2019-07-15" xmlns:xsi="http://www.w3.org/2001/XMLSchema-instance" xsi:schemaLocation="http://schema.primaresearch.org/PAGE/gts/pagecontent/2019-07-15 http://schema.primaresearch.org/PAGE/gts/pagecontent/2019-07-15/pagecontent.xsd">
  <Metadata>
	<Creator>escriptorium</Creator>
	<Created>2025-04-28T08:10:20.386118+00:00</Created>
        <LastChange>2025-04-28T08:10:20.386136+00:00</LastChange>
  </Metadata>
  <Page imageFilename="1772f.,_Poetische_Werke,_Walthard,_Bd._1,_VD18_90660072_Seite_012_Bild_0001.jpg" imageWidth="800" imageHeight="1447">
    <TextRegion id="region_1719318596598_1003"  custom="structure {type:paragraph;}">
      <Coords points="191,150 220,146 224,179 189,178"/>
    </TextRegion>
    <TextRegion id="region_1719318599795_1006"  custom="structure {type:paragraph;}">
      <Coords points="405,133 560,134 576,174 408,172"/>
    </TextRegion>
    <TextRegion id="region_1719318605001_1009"  custom="structure {type:paragraph;}">
      <Coords points="190,199 783,199 783,297 188,302"/>
    </TextRegion>
    <TextRegion id="region_1719318607782_1012"  custom="structure {type:paragraph;}">
      <Coords points="712,300 787,300 784,336 709,336"/>
    </TextRegion>
    <TextRegion id="TextRegion_1720985413742_92"  custom="structure {type:l-column;}">
      <Coords points="184,356 482,356 483,707 184,715"/>
    </TextRegion>
    <TextRegion id="TextRegion_1720985413741_91"  custom="structure {type:l-column;}">
      <Coords points="185,719 483,719 482,1150 191,1157"/>
    </TextRegion>
    <TextRegion id="region_1719318632013_1018"  custom="structure {type:r-column;}">
      <Coords points="489,1144 723,1143 725,1122 784,1120 783,358 489,358"/>
    </TextRegion>
    <TextRegion id="region_1719318590369_1000"  custom="structure {type:paragraph;}">
      <Coords points="735,1139 778,1139 780,1165 735,1165"/>
    </TextRegion>
  </Page>
</PcGts>
