<?xml version="1.0" encoding="UTF-8"  standalone="yes"?>
<PcGts xmlns="http://schema.primaresearch.org/PAGE/gts/pagecontent/2019-07-15" xmlns:xsi="http://www.w3.org/2001/XMLSchema-instance" xsi:schemaLocation="http://schema.primaresearch.org/PAGE/gts/pagecontent/2019-07-15 http://schema.primaresearch.org/PAGE/gts/pagecontent/2019-07-15/pagecontent.xsd">
  <Metadata>
	<Creator>escriptorium</Creator>
	<Created>2025-04-28T08:10:20.513405+00:00</Created>
        <LastChange>2025-04-28T08:10:20.513423+00:00</LastChange>
  </Metadata>
  <Page imageFilename="1772f.,_Poetische_Werke,_Walthard,_Bd._2,_VD18_90660080_Seite_134_Bild_0001.jpg" imageWidth="800" imageHeight="1446">
    <TextRegion id="region_1740322296656_120"  >
      <Coords points="184,187 249,186 246,222 184,220"/>
    </TextRegion>
    <TextRegion id="region_1740322302656_123"  >
      <Coords points="304,212 623,211 631,198 625,173 296,178"/>
    </TextRegion>
    <TextRegion id="region_1740322314085_126"  custom="structure {type:paragraph;}">
      <Coords points="181,240 765,228 752,567 180,567"/>
    </TextRegion>
    <TextRegion id="region_1740322323894_129"  custom="structure {type:heading;}">
      <Coords points="285,631 662,626 663,676 273,685"/>
    </TextRegion>
    <TextRegion id="region_1740322338774_132"  custom="structure {type:paragraph;}">
      <Coords points="189,695 225,695 222,703 214,706 213,758 203,767 197,767 192,766 189,765"/>
    </TextRegion>
    <TextRegion id="region_1740322360093_135"  custom="structure {type:paragraph;}">
      <Coords points="188,766 194,768 207,768 215,763 218,710 229,698 626,685 597,754 612,802 739,817 731,848 676,862 624,948 181,969"/>
    </TextRegion>
    <TextRegion id="region_1740322467290_179"  custom="structure {type:paragraph;}">
      <Coords points="686,946 768,947 763,982 675,975"/>
    </TextRegion>
    <TextRegion id="region_1740322483492_185"  custom="structure {type:l-column;}">
      <Coords points="205,1002 469,994 467,1157 178,1160 186,1031"/>
    </TextRegion>
    <TextRegion id="region_1740322495050_188"  custom="structure {type:r-column;}">
      <Coords points="479,994 768,989 760,1137 712,1137 712,1148 473,1157"/>
    </TextRegion>
    <TextRegion id="region_1740322474113_182"  custom="structure {type:paragraph;}">
      <Coords points="723,1138 758,1138 763,1158 715,1161"/>
    </TextRegion>
  </Page>
</PcGts>
