<?xml version="1.0" encoding="UTF-8"  standalone="yes"?>
<PcGts xmlns="http://schema.primaresearch.org/PAGE/gts/pagecontent/2019-07-15" xmlns:xsi="http://www.w3.org/2001/XMLSchema-instance" xsi:schemaLocation="http://schema.primaresearch.org/PAGE/gts/pagecontent/2019-07-15 http://schema.primaresearch.org/PAGE/gts/pagecontent/2019-07-15/pagecontent.xsd">
  <Metadata>
	<Creator>escriptorium</Creator>
	<Created>2025-04-28T08:10:20.471911+00:00</Created>
        <LastChange>2025-04-28T08:10:20.471932+00:00</LastChange>
  </Metadata>
  <Page imageFilename="1772f.,_Poetische_Werke,_Walthard,_Bd._5,_VD18_90660129_Seite_052_Bild_0001.jpg" imageWidth="800" imageHeight="1458">
    <TextRegion id="region_1740324164706_767"  custom="structure {type:paragraph;}">
      <Coords points="287,168 701,167 690,209 272,211"/>
      <TextLine id="eSc_line_2d38b79a" >
        <Baseline points="278,203 690,199"/>
        <TextEquiv>
          <Unicode>Abhandlungen von den Liedern.</Unicode>
        </TextEquiv>
      </TextLine>
    </TextRegion>
    <TextRegion id="region_1740324182818_770"  custom="structure {type:paragraph;}">
      <Coords points="313,233 702,236 699,273 532,285 544,332 664,340 661,369 313,373 321,298"/>
      <TextLine id="eSc_line_df2b9b97" >
        <Baseline points="320,261 690,265"/>
        <TextEquiv>
          <Unicode>Geld, Theſſalier, und Leben</Unicode>
        </TextEquiv>
      </TextLine>
      <TextLine id="eSc_line_795dd88f" >
        <Baseline points="356,295 517,295"/>
        <TextEquiv>
          <Unicode>Müſſet ihr,</Unicode>
        </TextEquiv>
      </TextLine>
      <TextLine id="eSc_line_16530e7c" >
        <Baseline points="353,325 527,328"/>
        <TextEquiv>
          <Unicode>Götter, mir</Unicode>
        </TextEquiv>
      </TextLine>
      <TextLine id="eSc_line_173dd213" >
        <Baseline points="322,361 650,361"/>
        <TextEquiv>
          <Unicode>Mir und Clitagoren geben.</Unicode>
        </TextEquiv>
      </TextLine>
    </TextRegion>
    <TextRegion id="region_1740324197092_773"  custom="structure {type:paragraph;}">
      <Coords points="244,382 784,381 776,592 303,590 291,619 165,625 178,415 219,417"/>
      <TextLine id="eSc_line_efc658aa" >
        <Baseline points="254,418 766,410"/>
        <TextEquiv>
          <Unicode>Clitagora war, wie eben dieſer Scholiaſt mel-</Unicode>
        </TextEquiv>
      </TextLine>
      <TextLine id="eSc_line_9e6deac9" >
        <Baseline points="184,448 768,443"/>
        <TextEquiv>
          <Unicode>det,  ¹⁸ eine Frau aus Theſſalien, welche ſich auf</Unicode>
        </TextEquiv>
      </TextLine>
      <TextLine id="eSc_line_5f5b9bfc" >
        <Baseline points="187,477 769,481"/>
        <TextEquiv>
          <Unicode>die Poeſie legte. Suidas ¹⁹ redet von einer Cli-</Unicode>
        </TextEquiv>
      </TextLine>
      <TextLine id="eSc_line_a1e813f0" >
        <Baseline points="185,513 765,513"/>
        <TextEquiv>
          <Unicode>tagora aus Lacedämon, welche ebenfalls die Poeſie</Unicode>
        </TextEquiv>
      </TextLine>
      <TextLine id="eSc_line_cd65ca30" >
        <Baseline points="181,544 774,546"/>
        <TextEquiv>
          <Unicode>trieb, und er ſagt, daß Ariſtophanes in den Da-</Unicode>
        </TextEquiv>
      </TextLine>
      <TextLine id="eSc_line_83d06a9f" >
        <Baseline points="181,576 771,578"/>
        <TextEquiv>
          <Unicode>naiden, welche wir nicht mehr haben, derſelben</Unicode>
        </TextEquiv>
      </TextLine>
      <TextLine id="eSc_line_01a35c0f" >
        <Baseline points="179,611 282,611"/>
        <TextEquiv>
          <Unicode>erwähne.</Unicode>
        </TextEquiv>
      </TextLine>
    </TextRegion>
    <TextRegion id="region_1740324220218_776"  custom="structure {type:paragraph;}">
      <Coords points="243,634 775,632 764,926 477,931 444,940 168,938 169,670 240,672"/>
      <TextLine id="eSc_line_c3d0d2b6" >
        <Baseline points="253,662 768,662"/>
        <TextEquiv>
          <Unicode>Athenäus ²⁰ hat uns eine Scolie hinterlaſ-</Unicode>
        </TextEquiv>
      </TextLine>
      <TextLine id="eSc_line_1a06e6a5" >
        <Baseline points="181,695 764,695"/>
        <TextEquiv>
          <Unicode>ſen, welche Pindarus bey Gelegenheit des Preiſes,</Unicode>
        </TextEquiv>
      </TextLine>
      <TextLine id="eSc_line_9e526b17" >
        <Baseline points="186,729 760,725"/>
        <TextEquiv>
          <Unicode>der in den olympiſchen Spielen dem Ueberwinder</Unicode>
        </TextEquiv>
      </TextLine>
      <TextLine id="eSc_line_34ff73f7" >
        <Baseline points="179,760 760,760"/>
        <TextEquiv>
          <Unicode>gegeben ward, verfertigt hatte. Xenophon aus</Unicode>
        </TextEquiv>
      </TextLine>
      <TextLine id="eSc_line_e0a41822" >
        <Baseline points="186,791 756,789"/>
        <TextEquiv>
          <Unicode>Corinth hatte ſich anheiſchig gemacht, wenn er</Unicode>
        </TextEquiv>
      </TextLine>
      <TextLine id="eSc_line_7a0a21fb" >
        <Baseline points="175,828 764,828"/>
        <TextEquiv>
          <Unicode>Sieger würde, der Venus in ihren Tempel eine ge-</Unicode>
        </TextEquiv>
      </TextLine>
      <TextLine id="eSc_line_4a482212" >
        <Baseline points="179,859 762,859"/>
        <TextEquiv>
          <Unicode>wiſſe Anzahl von Frauensperſonen zum Dienſte</Unicode>
        </TextEquiv>
      </TextLine>
      <TextLine id="eSc_line_01131b9a" >
        <Baseline points="175,892 760,894"/>
        <TextEquiv>
          <Unicode>des gemeinen Weſens zu ſchenken. Er trug</Unicode>
        </TextEquiv>
      </TextLine>
      <TextLine id="eSc_line_bf0fc581" >
        <Baseline points="178,925 758,922"/>
        <TextEquiv>
          <Unicode>auch den Preis davon, und nachdem Pindarus</Unicode>
        </TextEquiv>
      </TextLine>
    </TextRegion>
    <TextRegion id="region_1740324287077_799"  custom="structure {type:l-column;}">
      <Coords points="204,986 334,986 334,1012 204,1013"/>
      <TextLine id="eSc_line_b3c58086" >
        <Baseline points="212,1008 330,1007"/>
        <TextEquiv>
          <Unicode>18. Ibidem.</Unicode>
        </TextEquiv>
      </TextLine>
    </TextRegion>
    <TextRegion id="region_1740324315767_802"  custom="structure {type:l-column;}">
      <Coords points="211,1014 318,1014 428,1011 463,1015 460,1035 439,1038 410,1039 404,1038 239,1037 223,1043 216,1039 208,1038"/>
      <TextLine id="eSc_line_ede1c775" >
        <Baseline points="217,1034 455,1031"/>
        <TextEquiv>
          <Unicode>19. SVID. in Κλειταγόρα.</Unicode>
        </TextEquiv>
      </TextLine>
    </TextRegion>
    <TextRegion id="region_1740324335746_805"  custom="structure {type:l-column;}">
      <Coords points="208,1042 223,1047 241,1044 252,1039 403,1039 422,1041 460,1041 459,1064 444,1066 201,1065 202,1057"/>
      <TextLine id="eSc_line_5d16c0da" >
        <Baseline points="208,1061 459,1059"/>
        <TextEquiv>
          <Unicode>20. ATH. L. XIII. c. 4.</Unicode>
        </TextEquiv>
      </TextLine>
    </TextRegion>
    <TextRegion id="region_1740324257886_785"  custom="structure {type:l-column;}">
      <Coords points="191,1070 463,1070 466,1165 170,1168 172,1097 187,1093"/>
      <TextLine id="eSc_line_1717468a" >
        <Baseline points="193,1093 457,1096"/>
        <TextEquiv>
          <Unicode>* Caſaubonus hat ſie alſo ü-</Unicode>
        </TextEquiv>
      </TextLine>
      <TextLine id="eSc_line_052341f3" >
        <Baseline points="174,1117 459,1120"/>
        <TextEquiv>
          <Unicode>berſetzet: O regina Cypri in</Unicode>
        </TextEquiv>
      </TextLine>
      <TextLine id="eSc_line_4856219c" >
        <Baseline points="172,1136 463,1139"/>
        <TextEquiv>
          <Unicode>tuum iſtud nemus puella-</Unicode>
        </TextEquiv>
      </TextLine>
      <TextLine id="eSc_line_0d3dd4fb" >
        <Baseline points="175,1159 460,1157"/>
        <TextEquiv>
          <Unicode>rum XXV. laſcivarum gre-</Unicode>
        </TextEquiv>
      </TextLine>
    </TextRegion>
    <TextRegion id="region_1740324359810_808"  custom="structure {type:r-column;}">
      <Coords points="475,1156 621,1152 712,1151 757,1151 768,980 472,982"/>
      <TextLine id="eSc_line_589822cc" >
        <Baseline points="480,1004 758,1002"/>
        <TextEquiv>
          <Unicode>gem adduxit, votum lae-</Unicode>
        </TextEquiv>
      </TextLine>
      <TextLine id="eSc_line_7c7b7510" >
        <Baseline points="478,1025 761,1025"/>
        <TextEquiv>
          <Unicode>tus ut exſolueret. Peregri-</Unicode>
        </TextEquiv>
      </TextLine>
      <TextLine id="eSc_line_bfd0c988" >
        <Baseline points="478,1046 760,1046"/>
        <TextEquiv>
          <Unicode>nae et hoſpitales iuuencu-</Unicode>
        </TextEquiv>
      </TextLine>
      <TextLine id="eSc_line_50574aef" >
        <Baseline points="478,1070 761,1071"/>
        <TextEquiv>
          <Unicode>lae, miniſtrae ſacrorum in</Unicode>
        </TextEquiv>
      </TextLine>
      <TextLine id="eSc_line_800e290d" >
        <Baseline points="475,1091 767,1087"/>
        <TextEquiv>
          <Unicode>opulenta Corintho flavas</Unicode>
        </TextEquiv>
      </TextLine>
      <TextLine id="eSc_line_f6e37fef" >
        <Baseline points="479,1112 755,1109"/>
        <TextEquiv>
          <Unicode>manibus thuris lacrymas</Unicode>
        </TextEquiv>
      </TextLine>
      <TextLine id="eSc_line_45c7f55b" >
        <Baseline points="478,1131 755,1129"/>
        <TextEquiv>
          <Unicode>tenentes, ſaepius nobis</Unicode>
        </TextEquiv>
      </TextLine>
      <TextLine id="eSc_line_7669a032" >
        <Baseline points="479,1153 754,1148"/>
        <TextEquiv>
          <Unicode>amorum coeleſtem matrem</Unicode>
        </TextEquiv>
      </TextLine>
    </TextRegion>
    <TextRegion id="region_1740324371879_811"  custom="structure {type:paragraph;}">
      <Coords points="689,1159 709,1153 754,1156 759,1161 757,1178 689,1181 691,1167"/>
    </TextRegion>
    <TextRegion id="region_1740324227517_779"  custom="structure {type:paragraph;}">
      <Coords points="692,932 768,934 764,965 679,964"/>
    </TextRegion>
    <TextRegion id="region_1740324159944_764"  custom="structure {type:paragraph;}">
      <Coords points="190,179 236,182 231,219 184,215"/>
    </TextRegion>
  </Page>
</PcGts>
