<?xml version="1.0" encoding="UTF-8"  standalone="yes"?>
<PcGts xmlns="http://schema.primaresearch.org/PAGE/gts/pagecontent/2019-07-15" xmlns:xsi="http://www.w3.org/2001/XMLSchema-instance" xsi:schemaLocation="http://schema.primaresearch.org/PAGE/gts/pagecontent/2019-07-15 http://schema.primaresearch.org/PAGE/gts/pagecontent/2019-07-15/pagecontent.xsd">
  <Metadata>
	<Creator>escriptorium</Creator>
	<Created>2025-04-28T08:10:20.395356+00:00</Created>
        <LastChange>2025-04-28T08:10:20.395377+00:00</LastChange>
  </Metadata>
  <Page imageFilename="1772f.,_Poetische_Werke,_Walthard,_Bd._1,_VD18_90660072_Seite_016_Bild_0001.jpg" imageWidth="800" imageHeight="1447">
    <TextRegion id="region_1719318829256_1058"  custom="structure {type:paragraph;}">
      <Coords points="179,193 779,193 783,357 179,370"/>
      <TextLine id="eSc_line_1d81c650" >
        <Baseline points="186,220 776,222"/>
        <TextEquiv>
          <Unicode></Unicode>
        </TextEquiv>
      </TextLine>
      <TextLine id="eSc_line_b4dc5bd8" >
        <Baseline points="190,255 780,257"/>
        <TextEquiv>
          <Unicode></Unicode>
        </TextEquiv>
      </TextLine>
      <TextLine id="eSc_line_b7abf6c3" >
        <Baseline points="188,291 776,291"/>
        <TextEquiv>
          <Unicode></Unicode>
        </TextEquiv>
      </TextLine>
      <TextLine id="eSc_line_9c546652" >
        <Baseline points="190,318 774,324"/>
        <TextEquiv>
          <Unicode></Unicode>
        </TextEquiv>
      </TextLine>
      <TextLine id="eSc_line_815fd96e" >
        <Baseline points="190,355 563,357"/>
        <TextEquiv>
          <Unicode></Unicode>
        </TextEquiv>
      </TextLine>
    </TextRegion>
    <TextRegion id="region_1719318822246_1055"  custom="structure {type:paragraph;}">
      <Coords points="395,130 546,132 558,170 406,170"/>
      <TextLine id="eSc_line_3fd82f8b" >
        <Baseline points="409,164 560,164"/>
        <TextEquiv>
          <Unicode></Unicode>
        </TextEquiv>
      </TextLine>
    </TextRegion>
    <TextRegion id="region_1719318836352_1061"  custom="structure {type:paragraph;}">
      <Coords points="186,402 745,396 780,606 180,606"/>
      <TextLine id="eSc_line_fe1443fb" >
        <Baseline points="449,430 587,430"/>
        <TextEquiv>
          <Unicode></Unicode>
        </TextEquiv>
      </TextLine>
      <TextLine id="eSc_line_f8e6c0fe" >
        <Baseline points="190,469 524,471"/>
        <TextEquiv>
          <Unicode></Unicode>
        </TextEquiv>
      </TextLine>
      <TextLine id="eSc_line_d2a6924c" >
        <Baseline points="186,511 556,513"/>
        <TextEquiv>
          <Unicode></Unicode>
        </TextEquiv>
      </TextLine>
      <TextLine id="eSc_line_53b07675" >
        <Baseline points="186,552 768,558"/>
        <TextEquiv>
          <Unicode></Unicode>
        </TextEquiv>
      </TextLine>
      <TextLine id="eSc_line_914d9b0e" >
        <Baseline points="186,593 662,595"/>
        <TextEquiv>
          <Unicode></Unicode>
        </TextEquiv>
      </TextLine>
    </TextRegion>
    <TextRegion id="region_1719318854406_1066"  custom="structure {type:paragraph;}">
      <Coords points="233,660 657,660 657,705 230,701"/>
      <TextLine id="eSc_line_c0bc1d6d" >
        <Baseline points="236,692 648,694"/>
        <TextEquiv>
          <Unicode></Unicode>
        </TextEquiv>
      </TextLine>
    </TextRegion>
    <TextRegion id="region_1719318818471_1052"  custom="structure {type:paragraph;}">
      <Coords points="182,139 210,139 208,167 182,168"/>
    </TextRegion>
    <TextRegion id="region_1719318933651_1085"  custom="structure {type:paragraph;}">
      <Coords points="605,1103 753,1103 768,1154 605,1154"/>
    </TextRegion>
  </Page>
</PcGts>
