<?xml version="1.0" encoding="UTF-8"  standalone="yes"?>
<PcGts xmlns="http://schema.primaresearch.org/PAGE/gts/pagecontent/2019-07-15" xmlns:xsi="http://www.w3.org/2001/XMLSchema-instance" xsi:schemaLocation="http://schema.primaresearch.org/PAGE/gts/pagecontent/2019-07-15 http://schema.primaresearch.org/PAGE/gts/pagecontent/2019-07-15/pagecontent.xsd">
  <Metadata>
	<Creator>escriptorium</Creator>
	<Created>2025-04-28T08:10:20.440219+00:00</Created>
        <LastChange>2025-04-28T08:10:20.440240+00:00</LastChange>
  </Metadata>
  <Page imageFilename="1772f.,_Poetische_Werke,_Walthard,_Bd._4,_VD18_90660110_Seite_179_Bild_0001.jpg" imageWidth="800" imageHeight="1420">
    <TextRegion id="region_1740323704809_668"  custom="structure {type:heading;}">
      <Coords points="100,291 126,258 555,260 544,306 112,304"/>
      <TextLine id="eSc_line_f368d6c8" >
        <Baseline points="111,291 544,296"/>
        <TextEquiv>
          <Unicode></Unicode>
        </TextEquiv>
      </TextLine>
    </TextRegion>
    <TextRegion id="region_1740323732827_674"  custom="structure {type:paragraph;}">
      <Coords points="111,337 181,324 490,332 495,359 576,364 566,407 489,410 491,464 37,463 40,393 98,392"/>
      <TextLine id="eSc_line_c212f47d" >
        <Baseline points="113,355 485,361"/>
        <TextEquiv>
          <Unicode></Unicode>
        </TextEquiv>
      </TextLine>
      <TextLine id="eSc_line_675eff3b" >
        <Baseline points="127,381 563,391"/>
        <TextEquiv>
          <Unicode></Unicode>
        </TextEquiv>
      </TextLine>
      <TextLine id="eSc_line_9d093b73" >
        <Baseline points="54,418 473,422"/>
        <TextEquiv>
          <Unicode></Unicode>
        </TextEquiv>
      </TextLine>
      <TextLine id="eSc_line_5f7e08f7" >
        <Baseline points="50,446 485,456"/>
        <TextEquiv>
          <Unicode></Unicode>
        </TextEquiv>
      </TextLine>
    </TextRegion>
    <TextRegion id="region_1740323770339_680"  custom="structure {type:l-column;}">
      <Coords points="65,507 320,506 332,1089 51,1083 46,530 65,525"/>
      <TextLine id="eSc_line_8058b1b2" >
        <Baseline points="68,529 315,531"/>
        <TextEquiv>
          <Unicode></Unicode>
        </TextEquiv>
      </TextLine>
      <TextLine id="eSc_line_49ceb18b" >
        <Baseline points="56,552 317,558"/>
        <TextEquiv>
          <Unicode></Unicode>
        </TextEquiv>
      </TextLine>
      <TextLine id="eSc_line_a81824f5" >
        <Baseline points="56,570 317,576"/>
        <TextEquiv>
          <Unicode></Unicode>
        </TextEquiv>
      </TextLine>
      <TextLine id="eSc_line_f33e76bc" >
        <Baseline points="56,588 320,597"/>
        <TextEquiv>
          <Unicode></Unicode>
        </TextEquiv>
      </TextLine>
      <TextLine id="eSc_line_2166196b" >
        <Baseline points="56,613 320,613"/>
        <TextEquiv>
          <Unicode></Unicode>
        </TextEquiv>
      </TextLine>
      <TextLine id="eSc_line_7b14ad0d" >
        <Baseline points="56,630 318,635"/>
        <TextEquiv>
          <Unicode></Unicode>
        </TextEquiv>
      </TextLine>
      <TextLine id="eSc_line_3734ccb1" >
        <Baseline points="55,651 318,657"/>
        <TextEquiv>
          <Unicode></Unicode>
        </TextEquiv>
      </TextLine>
      <TextLine id="eSc_line_3c4e8fa8" >
        <Baseline points="56,675 320,678"/>
        <TextEquiv>
          <Unicode></Unicode>
        </TextEquiv>
      </TextLine>
      <TextLine id="eSc_line_98eb5821" >
        <Baseline points="56,693 317,695"/>
        <TextEquiv>
          <Unicode></Unicode>
        </TextEquiv>
      </TextLine>
      <TextLine id="eSc_line_be04c09b" >
        <Baseline points="59,713 315,714"/>
        <TextEquiv>
          <Unicode></Unicode>
        </TextEquiv>
      </TextLine>
      <TextLine id="eSc_line_568315b1" >
        <Baseline points="53,732 318,732"/>
        <TextEquiv>
          <Unicode></Unicode>
        </TextEquiv>
      </TextLine>
      <TextLine id="eSc_line_797d7be9" >
        <Baseline points="56,751 320,757"/>
        <TextEquiv>
          <Unicode></Unicode>
        </TextEquiv>
      </TextLine>
      <TextLine id="eSc_line_015b7ef9" >
        <Baseline points="61,774 321,777"/>
        <TextEquiv>
          <Unicode></Unicode>
        </TextEquiv>
      </TextLine>
      <TextLine id="eSc_line_4e7db057" >
        <Baseline points="58,793 324,800"/>
        <TextEquiv>
          <Unicode></Unicode>
        </TextEquiv>
      </TextLine>
      <TextLine id="eSc_line_1ecbd452" >
        <Baseline points="56,815 323,816"/>
        <TextEquiv>
          <Unicode></Unicode>
        </TextEquiv>
      </TextLine>
      <TextLine id="eSc_line_4c30ea0d" >
        <Baseline points="60,835 323,836"/>
        <TextEquiv>
          <Unicode></Unicode>
        </TextEquiv>
      </TextLine>
      <TextLine id="eSc_line_0af1f6ec" >
        <Baseline points="326,858 58,857"/>
        <TextEquiv>
          <Unicode></Unicode>
        </TextEquiv>
      </TextLine>
      <TextLine id="eSc_line_d3508754" >
        <Baseline points="325,876 61,874"/>
        <TextEquiv>
          <Unicode></Unicode>
        </TextEquiv>
      </TextLine>
      <TextLine id="eSc_line_c88a1db8" >
        <Baseline points="58,895 328,895"/>
        <TextEquiv>
          <Unicode></Unicode>
        </TextEquiv>
      </TextLine>
      <TextLine id="eSc_line_d869e6df" >
        <Baseline points="61,913 325,915"/>
        <TextEquiv>
          <Unicode></Unicode>
        </TextEquiv>
      </TextLine>
      <TextLine id="eSc_line_56f21033" >
        <Baseline points="61,934 328,937"/>
        <TextEquiv>
          <Unicode></Unicode>
        </TextEquiv>
      </TextLine>
      <TextLine id="eSc_line_3ed35ba9" >
        <Baseline points="61,956 330,959"/>
        <TextEquiv>
          <Unicode></Unicode>
        </TextEquiv>
      </TextLine>
      <TextLine id="eSc_line_80aa6038" >
        <Baseline points="60,976 329,982"/>
        <TextEquiv>
          <Unicode></Unicode>
        </TextEquiv>
      </TextLine>
      <TextLine id="eSc_line_afcc3c5d" >
        <Baseline points="61,994 329,1001"/>
        <TextEquiv>
          <Unicode></Unicode>
        </TextEquiv>
      </TextLine>
      <TextLine id="eSc_line_b9a7ee5c" >
        <Baseline points="61,1015 328,1021"/>
        <TextEquiv>
          <Unicode></Unicode>
        </TextEquiv>
      </TextLine>
      <TextLine id="eSc_line_1aa2a7e2" >
        <Baseline points="65,1035 329,1041"/>
        <TextEquiv>
          <Unicode></Unicode>
        </TextEquiv>
      </TextLine>
      <TextLine id="eSc_line_e057b994" >
        <Baseline points="63,1057 328,1067"/>
        <TextEquiv>
          <Unicode></Unicode>
        </TextEquiv>
      </TextLine>
      <TextLine id="eSc_line_983e1466" >
        <Baseline points="63,1076 333,1082"/>
        <TextEquiv>
          <Unicode></Unicode>
        </TextEquiv>
      </TextLine>
    </TextRegion>
    <TextRegion id="region_1740323862114_692"  custom="structure {type:r-column;}">
      <Coords points="563,1092 627,1092 615,509 329,510 342,1089"/>
      <TextLine id="eSc_line_4ce83901" >
        <Baseline points="334,535 612,535"/>
        <TextEquiv>
          <Unicode></Unicode>
        </TextEquiv>
      </TextLine>
      <TextLine id="eSc_line_9b39df2d" >
        <Baseline points="334,552 612,559"/>
        <TextEquiv>
          <Unicode></Unicode>
        </TextEquiv>
      </TextLine>
      <TextLine id="eSc_line_6ff96d58" >
        <Baseline points="334,574 614,575"/>
        <TextEquiv>
          <Unicode></Unicode>
        </TextEquiv>
      </TextLine>
      <TextLine id="eSc_line_e0d5159c" >
        <Baseline points="337,594 611,599"/>
        <TextEquiv>
          <Unicode></Unicode>
        </TextEquiv>
      </TextLine>
      <TextLine id="eSc_line_5b45fb3f" >
        <Baseline points="336,614 607,619"/>
        <TextEquiv>
          <Unicode></Unicode>
        </TextEquiv>
      </TextLine>
      <TextLine id="eSc_line_efcc5a04" >
        <Baseline points="336,637 611,639"/>
        <TextEquiv>
          <Unicode></Unicode>
        </TextEquiv>
      </TextLine>
      <TextLine id="eSc_line_2c9ad796" >
        <Baseline points="339,655 617,662"/>
        <TextEquiv>
          <Unicode></Unicode>
        </TextEquiv>
      </TextLine>
      <TextLine id="eSc_line_d51925bc" >
        <Baseline points="341,674 604,679"/>
        <TextEquiv>
          <Unicode></Unicode>
        </TextEquiv>
      </TextLine>
      <TextLine id="eSc_line_bc41ae6c" >
        <Baseline points="341,694 611,700"/>
        <TextEquiv>
          <Unicode></Unicode>
        </TextEquiv>
      </TextLine>
      <TextLine id="eSc_line_36fe38d1" >
        <Baseline points="341,714 614,725"/>
        <TextEquiv>
          <Unicode></Unicode>
        </TextEquiv>
      </TextLine>
      <TextLine id="eSc_line_f2f1da64" >
        <Baseline points="341,739 619,740"/>
        <TextEquiv>
          <Unicode></Unicode>
        </TextEquiv>
      </TextLine>
      <TextLine id="eSc_line_89d5add8" >
        <Baseline points="341,757 614,760"/>
        <TextEquiv>
          <Unicode></Unicode>
        </TextEquiv>
      </TextLine>
      <TextLine id="eSc_line_17cc45de" >
        <Baseline points="344,779 617,785"/>
        <TextEquiv>
          <Unicode></Unicode>
        </TextEquiv>
      </TextLine>
      <TextLine id="eSc_line_f4521b42" >
        <Baseline points="342,799 612,807"/>
        <TextEquiv>
          <Unicode></Unicode>
        </TextEquiv>
      </TextLine>
      <TextLine id="eSc_line_14e5b86c" >
        <Baseline points="344,820 621,827"/>
        <TextEquiv>
          <Unicode></Unicode>
        </TextEquiv>
      </TextLine>
      <TextLine id="eSc_line_8cf4bbf5" >
        <Baseline points="344,839 614,845"/>
        <TextEquiv>
          <Unicode></Unicode>
        </TextEquiv>
      </TextLine>
      <TextLine id="eSc_line_3450b3e5" >
        <Baseline points="342,859 613,863"/>
        <TextEquiv>
          <Unicode></Unicode>
        </TextEquiv>
      </TextLine>
      <TextLine id="eSc_line_c1926958" >
        <Baseline points="344,876 617,881"/>
        <TextEquiv>
          <Unicode></Unicode>
        </TextEquiv>
      </TextLine>
      <TextLine id="eSc_line_59e44584" >
        <Baseline points="346,896 613,902"/>
        <TextEquiv>
          <Unicode></Unicode>
        </TextEquiv>
      </TextLine>
      <TextLine id="eSc_line_613d02bf" >
        <Baseline points="345,916 617,923"/>
        <TextEquiv>
          <Unicode></Unicode>
        </TextEquiv>
      </TextLine>
      <TextLine id="eSc_line_dfb95b45" >
        <Baseline points="346,937 612,943"/>
        <TextEquiv>
          <Unicode></Unicode>
        </TextEquiv>
      </TextLine>
      <TextLine id="eSc_line_217358ef" >
        <Baseline points="345,959 616,965"/>
        <TextEquiv>
          <Unicode></Unicode>
        </TextEquiv>
      </TextLine>
      <TextLine id="eSc_line_b0523290" >
        <Baseline points="348,976 619,983"/>
        <TextEquiv>
          <Unicode></Unicode>
        </TextEquiv>
      </TextLine>
      <TextLine id="eSc_line_d970e2f2" >
        <Baseline points="346,999 616,1004"/>
        <TextEquiv>
          <Unicode></Unicode>
        </TextEquiv>
      </TextLine>
      <TextLine id="eSc_line_770c9ff7" >
        <Baseline points="345,1020 621,1028"/>
        <TextEquiv>
          <Unicode></Unicode>
        </TextEquiv>
      </TextLine>
      <TextLine id="eSc_line_a41de04c" >
        <Baseline points="345,1041 623,1050"/>
        <TextEquiv>
          <Unicode></Unicode>
        </TextEquiv>
      </TextLine>
      <TextLine id="eSc_line_d4f690d2" >
        <Baseline points="346,1064 621,1070"/>
        <TextEquiv>
          <Unicode></Unicode>
        </TextEquiv>
      </TextLine>
      <TextLine id="eSc_line_6e88093b" >
        <Baseline points="348,1084 619,1089"/>
        <TextEquiv>
          <Unicode></Unicode>
        </TextEquiv>
      </TextLine>
    </TextRegion>
    <TextRegion id="region_1740323738557_677"  custom="structure {type:paragraph;}">
      <Coords points="557,462 608,460 608,496 553,492"/>
    </TextRegion>
    <TextRegion id="region_1740323715925_671"  custom="structure {type:paragraph;}">
      <Coords points="105,337 118,333 108,321 39,327 47,341 64,386 95,386"/>
    </TextRegion>
    <TextRegion id="region_1740323836755_686"  custom="structure {type:paragraph;}">
      <Coords points="563,1093 623,1096 622,1115 553,1114 555,1096"/>
    </TextRegion>
    <TextRegion id="region_1740323881935_701"  custom="structure {type:paragraph;}">
      <Coords points="75,1101 476,1111 468,1152 73,1145"/>
    </TextRegion>
  </Page>
</PcGts>
