<?xml version="1.0" encoding="UTF-8"  standalone="yes"?>
<PcGts xmlns="http://schema.primaresearch.org/PAGE/gts/pagecontent/2019-07-15" xmlns:xsi="http://www.w3.org/2001/XMLSchema-instance" xsi:schemaLocation="http://schema.primaresearch.org/PAGE/gts/pagecontent/2019-07-15 http://schema.primaresearch.org/PAGE/gts/pagecontent/2019-07-15/pagecontent.xsd">
  <Metadata>
	<Creator>escriptorium</Creator>
	<Created>2025-04-28T08:10:20.415787+00:00</Created>
        <LastChange>2025-04-28T08:10:20.415806+00:00</LastChange>
  </Metadata>
  <Page imageFilename="1772f.,_Poetische_Werke,_Walthard,_Bd._4,_VD18_90660110_Seite_076_Bild_0001.jpg" imageWidth="800" imageHeight="1420">
    <TextRegion id="region_1740323038525_392"  custom="structure {type:paragraph;}">
      <Coords points="258,200 714,203 701,284 642,401 189,401 188,231 252,230"/>
      <TextLine id="eSc_line_16cfed80" >
        <Baseline points="269,230 701,238"/>
        <TextEquiv>
          <Unicode>Oden und Lieder.</Unicode>
        </TextEquiv>
      </TextLine>
      <TextLine id="eSc_line_e5261fc9" >
        <Baseline points="657,267 210,267"/>
        <TextEquiv>
          <Unicode>Ich hab ihm jüngſt ein grünes band</Unicode>
        </TextEquiv>
      </TextLine>
      <TextLine id="eSc_line_30d0ab17" >
        <Baseline points="208,291 661,296"/>
        <TextEquiv>
          <Unicode>Um hut und ſtab und arm gebunden.</Unicode>
        </TextEquiv>
      </TextLine>
      <TextLine id="eSc_line_e9fdaa64" >
        <Baseline points="613,328 203,328"/>
        <TextEquiv>
          <Unicode>Wie ſehr er dieſe gunſt empfunden,</Unicode>
        </TextEquiv>
      </TextLine>
      <TextLine id="eSc_line_f5bc7a6f" >
        <Baseline points="205,359 574,361"/>
        <TextEquiv>
          <Unicode>Iſt mir nicht gänzlich unbekannt.</Unicode>
        </TextEquiv>
      </TextLine>
      <TextLine id="eSc_line_1cbf58f4" >
        <Baseline points="633,392 207,388"/>
        <TextEquiv>
          <Unicode>Er aber hat es nicht erfahren.</Unicode>
        </TextEquiv>
      </TextLine>
    </TextRegion>
    <TextRegion id="region_1740323030208_389"  custom="structure {type:paragraph;}">
      <Coords points="397,144 606,145 602,187 363,180 367,144"/>
      <TextLine id="eSc_line_1eae463a" >
        <Baseline points="374,175 596,181"/>
        <TextEquiv>
          <Unicode>Warum? ich bat, es zu bewahren.</Unicode>
        </TextEquiv>
      </TextLine>
    </TextRegion>
    <TextRegion id="region_1740323083882_409"  custom="structure {type:paragraph;}">
      <Coords points="263,434 712,438 655,643 182,639 187,461 246,460"/>
      <TextLine id="eSc_line_698f7b1d" >
        <Baseline points="269,466 683,469"/>
        <TextEquiv>
          <Unicode>Um etwas, liebe, bitt ich dich:</Unicode>
        </TextEquiv>
      </TextLine>
      <TextLine id="eSc_line_bd6d21d8" >
        <Baseline points="681,499 201,495"/>
        <TextEquiv>
          <Unicode>Laſs ihn nicht dieſen buſch beſchreiten,</Unicode>
        </TextEquiv>
      </TextLine>
      <TextLine id="eSc_line_969e3485" >
        <Baseline points="201,526 655,532"/>
        <TextEquiv>
          <Unicode>Du möchteſt ihn vielleicht begleiten,</Unicode>
        </TextEquiv>
      </TextLine>
      <TextLine id="eSc_line_960a67db" >
        <Baseline points="670,559 197,558"/>
        <TextEquiv>
          <Unicode>Und wahrlich dann verrieth ich mich.</Unicode>
        </TextEquiv>
      </TextLine>
      <TextLine id="eSc_line_64ee54c8" >
        <Baseline points="199,587 659,591"/>
        <TextEquiv>
          <Unicode>Doch haſt du das dir vorgenommen:</Unicode>
        </TextEquiv>
      </TextLine>
      <TextLine id="eSc_line_27c70732" >
        <Baseline points="642,620 196,624"/>
        <TextEquiv>
          <Unicode>So laſs ihn ja nicht heute kommen.</Unicode>
        </TextEquiv>
      </TextLine>
    </TextRegion>
    <TextRegion id="region_1740323126524_415"  custom="structure {type:heading;}">
      <Coords points="295,737 672,740 659,786 268,780"/>
      <TextLine id="eSc_line_4b2dc53a" >
        <Baseline points="284,774 658,776"/>
        <TextEquiv>
          <Unicode>Die alte und neue Liebe</Unicode>
        </TextEquiv>
      </TextLine>
    </TextRegion>
    <TextRegion id="region_1740323189410_425"  custom="structure {type:paragraph;}">
      <Coords points="217,816 221,813 238,805 556,810 709,845 702,895 640,971 696,1047 664,1073 180,1076 185,876 200,875 226,871 217,843 214,825"/>
      <TextLine id="eSc_line_0d29f06b" >
        <Baseline points="536,839 223,839"/>
        <TextEquiv>
          <Unicode>hr Heiligen der alten zeit,</Unicode>
        </TextEquiv>
      </TextLine>
      <TextLine id="eSc_line_f6e1da0f" >
        <Baseline points="234,863 697,868"/>
        <TextEquiv>
          <Unicode>Treu, ehrfurcht und verſchwiegenheit,</Unicode>
        </TextEquiv>
      </TextLine>
      <TextLine id="eSc_line_e36bddbb" >
        <Baseline points="196,897 583,899"/>
        <TextEquiv>
          <Unicode>Und du, o wahre zärtlichkeit!</Unicode>
        </TextEquiv>
      </TextLine>
      <TextLine id="eSc_line_f1b14071" >
        <Baseline points="641,933 185,933"/>
        <TextEquiv>
          <Unicode>Ihr lehrtet uns dem liebreiz fröhnen.</Unicode>
        </TextEquiv>
      </TextLine>
      <TextLine id="eSc_line_aa3d6615" >
        <Baseline points="192,960 574,964"/>
        <TextEquiv>
          <Unicode>Nun iſt die treue nur verſtellt,</Unicode>
        </TextEquiv>
      </TextLine>
      <TextLine id="eSc_line_51d1d898" >
        <Baseline points="596,991 194,991"/>
        <TextEquiv>
          <Unicode>Und die verſchwiegenheit entfällt,</Unicode>
        </TextEquiv>
      </TextLine>
      <TextLine id="eSc_line_38f5eecf" >
        <Baseline points="192,1023 637,1025"/>
        <TextEquiv>
          <Unicode>Wenn ja die ehrfurcht gunſt erhält:</Unicode>
        </TextEquiv>
      </TextLine>
      <TextLine id="eSc_line_bf20a1c2" >
        <Baseline points="668,1054 183,1059"/>
        <TextEquiv>
          <Unicode>Wer liebt nicht ſich in ſeinen ſchönen?</Unicode>
        </TextEquiv>
      </TextLine>
    </TextRegion>
    <TextRegion id="region_1740323283278_465"  custom="structure {type:paragraph;}">
      <Coords points="691,1096 753,1105 748,1135 690,1131"/>
    </TextRegion>
    <TextRegion id="region_1740323149038_418"  custom="structure {type:paragraph;}">
      <Coords points="212,815 216,815 217,810 191,809 189,863 216,863 217,853 211,830"/>
    </TextRegion>
    <TextRegion id="region_1740323025052_386"  custom="structure {type:paragraph;}">
      <Coords points="204,141 255,143 246,182 198,178"/>
    </TextRegion>
  </Page>
</PcGts>
